enrolled_user,sequence_id,impostor_user,mechanism,params,length,transition_idx,recovery_idx,FAR,FRR,false_accept_frames,false_reject_frames,n_impostor_frames,n_genuine_frames,n_transitions,transition_rate_per_100,n_flip_events,mean_run_length_frames,median_run_length_frames,frac_frames_authenticated,detection_latency_frames,lockout_frames_during_genuine,lockout_fraction_during_genuine,recovery_latency_frames
098A72A5-E3E5-4F54-A152-BBDA0DF7B694,098A72A5_s0,B9724848-C7E2-45F4-9B3F-A1F38D864495,instantaneous,"{""theta"": 0.9116694749812573}",180,60,120,0.0,0.3916666666666666,0,47,60,120,17,9.497206703910615,14,10.0,1.5,0.4055555555555555,0.0,47,0.3916666666666666,0.0
098A72A5-E3E5-4F54-A152-BBDA0DF7B694,098A72A5_s0,B9724848-C7E2-45F4-9B3F-A1F38D864495,moving_average,"{""theta"": 0.9011474765994403, ""w"": 20}",180,60,120,0.0,0.55,0,66,60,120,9,5.027932960893855,6,18.0,3.0,0.3,0.0,66,0.55,18.0
098A72A5-E3E5-4F54-A152-BBDA0DF7B694,098A72A5_s0,B9724848-C7E2-45F4-9B3F-A1F38D864495,ewma,"{""theta"": 0.8850491556499083, ""alpha"": 0.1}",180,60,120,0.0,0.425,0,51,60,120,5,2.793296089385475,2,30.0,20.5,0.3833333333333333,0.0,51,0.425,19.0
098A72A5-E3E5-4F54-A152-BBDA0DF7B694,098A72A5_s0,B9724848-C7E2-45F4-9B3F-A1F38D864495,majority_vote,"{""theta"": 0.909840779696999, ""w"": 3, ""k"": 2}",180,60,120,0.0,0.3916666666666666,0,47,60,120,9,5.027932960893855,6,18.0,4.5,0.4055555555555555,0.0,47,0.3916666666666666,1.0
098A72A5-E3E5-4F54-A152-BBDA0DF7B694,098A72A5_s0,B9724848-C7E2-45F4-9B3F-A1F38D864495,debounce,"{""theta"": 0.9011474765994403, ""n"": 5}",180,60,120,0.0,0.3583333333333333,0,43,60,120,4,2.23463687150838,0,36.0,17.0,0.4277777777777777,0.0,43,0.3583333333333333,4.0
098A72A5-E3E5-4F54-A152-BBDA0DF7B694,098A72A5_s0,B9724848-C7E2-45F4-9B3F-A1F38D864495,margin_dual_threshold,"{""theta"": 0.8663113577149474, ""margin"": 0.2}",180,60,120,0.0,0.5,0,60,60,120,1,0.5586592178770949,0,90.0,90.0,0.3333333333333333,0.0,60,0.5,
098A72A5-E3E5-4F54-A152-BBDA0DF7B694,098A72A5_s0,B9724848-C7E2-45F4-9B3F-A1F38D864495,hysteresis,"{""theta"": 0.9011474765994403, ""margin"": 0.1, ""ttt_frames"": 3}",180,60,120,0.0333333333333333,0.5,2,60,60,120,1,0.5586592178770949,0,90.0,90.0,0.3444444444444444,2.0,60,0.5,
098A72A5-E3E5-4F54-A152-BBDA0DF7B694,098A72A5_s0,B9724848-C7E2-45F4-9B3F-A1F38D864495,trust_model,"{""theta"": 0.9108360364907697, ""gain"": 0.6, ""decay"": 0.0, ""tau_lo"": 0.4, ""tau_hi"": 0.6}",180,60,120,0.0,0.4416666666666666,0,53,60,120,2,1.11731843575419,0,60.0,50.0,0.3722222222222222,0.0,53,0.4416666666666666,43.0
098A72A5-E3E5-4F54-A152-BBDA0DF7B694,098A72A5_s0,B9724848-C7E2-45F4-9B3F-A1F38D864495,sprt,"{""A"": 16, ""B"": 1, ""mu_gen"": 0.9354700751605606, ""sd_gen"": 0.054936724117615285, ""mu_imp"": 0.6526158769982953, ""sd_imp"": 0.2212267131273918}",180,60,120,0.0,0.1416666666666666,0,17,60,120,4,2.23463687150838,0,36.0,49.0,0.5722222222222222,0.0,17,0.1416666666666666,7.0
098A72A5-E3E5-4F54-A152-BBDA0DF7B694,098A72A5_s1,00EABED2-271D-49D8-B599-1D4A09240601,instantaneous,"{""theta"": 0.9116694749812573}",180,60,120,0.0,0.35,0,42,60,120,15,8.379888268156424,11,11.25,3.5,0.4333333333333333,0.0,42,0.35,0.0
098A72A5-E3E5-4F54-A152-BBDA0DF7B694,098A72A5_s1,00EABED2-271D-49D8-B599-1D4A09240601,moving_average,"{""theta"": 0.9011474765994403, ""w"": 20}",180,60,120,0.0,0.5,0,60,60,120,1,0.5586592178770949,0,90.0,90.0,0.3333333333333333,0.0,60,0.5,
098A72A5-E3E5-4F54-A152-BBDA0DF7B694,098A72A5_s1,00EABED2-271D-49D8-B599-1D4A09240601,ewma,"{""theta"": 0.8850491556499083, ""alpha"": 0.1}",180,60,120,0.0,0.425,0,51,60,120,3,1.675977653631285,0,45.0,36.0,0.3833333333333333,0.0,51,0.425,39.0
098A72A5-E3E5-4F54-A152-BBDA0DF7B694,098A72A5_s1,00EABED2-271D-49D8-B599-1D4A09240601,majority_vote,"{""theta"": 0.909840779696999, ""w"": 3, ""k"": 2}",180,60,120,0.0166666666666666,0.325,1,39,60,120,7,3.910614525139665,2,22.5,14.0,0.4555555555555555,1.0,39,0.325,1.0
098A72A5-E3E5-4F54-A152-BBDA0DF7B694,098A72A5_s1,00EABED2-271D-49D8-B599-1D4A09240601,debounce,"{""theta"": 0.9011474765994403, ""n"": 5}",180,60,120,0.0666666666666666,0.3916666666666666,4,47,60,120,3,1.675977653631285,0,45.0,38.5,0.4277777777777777,4.0,47,0.3916666666666666,35.0
098A72A5-E3E5-4F54-A152-BBDA0DF7B694,098A72A5_s1,00EABED2-271D-49D8-B599-1D4A09240601,margin_dual_threshold,"{""theta"": 0.8663113577149474, ""margin"": 0.2}",180,60,120,0.0,0.5,0,60,60,120,1,0.5586592178770949,0,90.0,90.0,0.3333333333333333,0.0,60,0.5,
098A72A5-E3E5-4F54-A152-BBDA0DF7B694,098A72A5_s1,00EABED2-271D-49D8-B599-1D4A09240601,hysteresis,"{""theta"": 0.9011474765994403, ""margin"": 0.1, ""ttt_frames"": 3}",180,60,120,0.0333333333333333,0.5,2,60,60,120,1,0.5586592178770949,0,90.0,90.0,0.3444444444444444,2.0,60,0.5,
098A72A5-E3E5-4F54-A152-BBDA0DF7B694,098A72A5_s1,00EABED2-271D-49D8-B599-1D4A09240601,trust_model,"{""theta"": 0.9108360364907697, ""gain"": 0.6, ""decay"": 0.0, ""tau_lo"": 0.4, ""tau_hi"": 0.6}",180,60,120,0.0166666666666666,0.5,1,60,60,120,1,0.5586592178770949,0,90.0,90.0,0.3388888888888889,1.0,60,0.5,
098A72A5-E3E5-4F54-A152-BBDA0DF7B694,098A72A5_s1,00EABED2-271D-49D8-B599-1D4A09240601,sprt,"{""A"": 16, ""B"": 1, ""mu_gen"": 0.9354700751605606, ""sd_gen"": 0.054936724117615285, ""mu_imp"": 0.6526158769982953, ""sd_imp"": 0.2212267131273918}",180,60,120,0.0,0.3,0,36,60,120,5,2.793296089385475,0,30.0,13.5,0.4666666666666667,0.0,36,0.3,19.0
098A72A5-E3E5-4F54-A152-BBDA0DF7B694,098A72A5_s2,665514DE-49DC-421F-8DCB-145D0B2609AD,instantaneous,"{""theta"": 0.9116694749812573}",180,60,120,0.0,0.2583333333333333,0,31,60,120,23,12.849162011173185,19,7.5,2.5,0.4944444444444444,0.0,31,0.2583333333333333,0.0
098A72A5-E3E5-4F54-A152-BBDA0DF7B694,098A72A5_s2,665514DE-49DC-421F-8DCB-145D0B2609AD,moving_average,"{""theta"": 0.9011474765994403, ""w"": 20}",180,60,120,0.0,0.4,0,48,60,120,2,1.11731843575419,0,60.0,42.0,0.4,0.0,48,0.4,18.0
098A72A5-E3E5-4F54-A152-BBDA0DF7B694,098A72A5_s2,665514DE-49DC-421F-8DCB-145D0B2609AD,ewma,"{""theta"": 0.8850491556499083, ""alpha"": 0.1}",180,60,120,0.0,0.3666666666666666,0,44,60,120,4,2.23463687150838,0,36.0,30.0,0.4222222222222222,0.0,44,0.3666666666666666,22.0
098A72A5-E3E5-4F54-A152-BBDA0DF7B694,098A72A5_s2,665514DE-49DC-421F-8DCB-145D0B2609AD,majority_vote,"{""theta"": 0.909840779696999, ""w"": 3, ""k"": 2}",180,60,120,0.0,0.225,0,27,60,120,10,5.58659217877095,6,16.363636363636363,14.0,0.5166666666666667,0.0,27,0.225,1.0
098A72A5-E3E5-4F54-A152-BBDA0DF7B694,098A72A5_s2,665514DE-49DC-421F-8DCB-145D0B2609AD,debounce,"{""theta"": 0.9011474765994403, ""n"": 5}",180,60,120,0.0666666666666666,0.2083333333333333,4,25,60,120,4,2.23463687150838,0,36.0,29.0,0.55,4.0,25,0.2083333333333333,4.0
098A72A5-E3E5-4F54-A152-BBDA0DF7B694,098A72A5_s2,665514DE-49DC-421F-8DCB-145D0B2609AD,margin_dual_threshold,"{""theta"": 0.8663113577149474, ""margin"": 0.2}",180,60,120,0.0,0.7583333333333333,0,91,60,120,1,0.5586592178770949,0,90.0,90.0,0.1611111111111111,0.0,91,0.7583333333333333,
098A72A5-E3E5-4F54-A152-BBDA0DF7B694,098A72A5_s2,665514DE-49DC-421F-8DCB-145D0B2609AD,hysteresis,"{""theta"": 0.9011474765994403, ""margin"": 0.1, ""ttt_frames"": 3}",180,60,120,0.0,0.7583333333333333,0,91,60,120,1,0.5586592178770949,0,90.0,90.0,0.1611111111111111,0.0,91,0.7583333333333333,
098A72A5-E3E5-4F54-A152-BBDA0DF7B694,098A72A5_s2,665514DE-49DC-421F-8DCB-145D0B2609AD,trust_model,"{""theta"": 0.9108360364907697, ""gain"": 0.6, ""decay"": 0.0, ""tau_lo"": 0.4, ""tau_hi"": 0.6}",180,60,120,0.0,0.7083333333333334,0,85,60,120,1,0.5586592178770949,0,90.0,90.0,0.1944444444444444,0.0,85,0.7083333333333334,
098A72A5-E3E5-4F54-A152-BBDA0DF7B694,098A72A5_s2,665514DE-49DC-421F-8DCB-145D0B2609AD,sprt,"{""A"": 16, ""B"": 1, ""mu_gen"": 0.9354700751605606, ""sd_gen"": 0.054936724117615285, ""mu_imp"": 0.6526158769982953, ""sd_imp"": 0.2212267131273918}",180,60,120,0.0,0.2333333333333333,0,28,60,120,4,2.23463687150838,0,36.0,29.0,0.5111111111111111,0.0,28,0.2333333333333333,7.0
098A72A5-E3E5-4F54-A152-BBDA0DF7B694,098A72A5_s3,8023FE1A-D3B0-4E2C-A57A-9321B7FC755F,instantaneous,"{""theta"": 0.9116694749812573}",180,60,120,0.0,0.25,0,30,60,120,14,7.82122905027933,10,12.0,4.0,0.5,0.0,30,0.25,0.0
098A72A5-E3E5-4F54-A152-BBDA0DF7B694,098A72A5_s3,8023FE1A-D3B0-4E2C-A57A-9321B7FC755F,moving_average,"{""theta"": 0.9011474765994403, ""w"": 20}",180,60,120,0.0,0.4666666666666667,0,56,60,120,2,1.11731843575419,0,60.0,43.0,0.3555555555555555,0.0,56,0.4666666666666667,17.0
098A72A5-E3E5-4F54-A152-BBDA0DF7B694,098A72A5_s3,8023FE1A-D3B0-4E2C-A57A-9321B7FC755F,ewma,"{""theta"": 0.8850491556499083, ""alpha"": 0.1}",180,60,120,0.0,0.375,0,45,60,120,8,4.46927374301676,5,20.0,8.0,0.4166666666666667,0.0,45,0.375,17.0
098A72A5-E3E5-4F54-A152-BBDA0DF7B694,098A72A5_s3,8023FE1A-D3B0-4E2C-A57A-9321B7FC755F,majority_vote,"{""theta"": 0.909840779696999, ""w"": 3, ""k"": 2}",180,60,120,0.0,0.225,0,27,60,120,6,3.35195530726257,0,25.714285714285715,14.0,0.5166666666666667,0.0,27,0.225,1.0
098A72A5-E3E5-4F54-A152-BBDA0DF7B694,098A72A5_s3,8023FE1A-D3B0-4E2C-A57A-9321B7FC755F,debounce,"{""theta"": 0.9011474765994403, ""n"": 5}",180,60,120,0.0,0.175,0,21,60,120,4,2.23463687150838,0,36.0,24.0,0.55,0.0,21,0.175,4.0
098A72A5-E3E5-4F54-A152-BBDA0DF7B694,098A72A5_s3,8023FE1A-D3B0-4E2C-A57A-9321B7FC755F,margin_dual_threshold,"{""theta"": 0.8663113577149474, ""margin"": 0.2}",180,60,120,0.0,0.7166666666666667,0,86,60,120,1,0.5586592178770949,0,90.0,90.0,0.1888888888888888,0.0,86,0.7166666666666667,
098A72A5-E3E5-4F54-A152-BBDA0DF7B694,098A72A5_s3,8023FE1A-D3B0-4E2C-A57A-9321B7FC755F,hysteresis,"{""theta"": 0.9011474765994403, ""margin"": 0.1, ""ttt_frames"": 3}",180,60,120,0.0,0.8583333333333333,0,103,60,120,1,0.5586592178770949,0,90.0,90.0,0.0944444444444444,0.0,103,0.8583333333333333,
098A72A5-E3E5-4F54-A152-BBDA0DF7B694,098A72A5_s3,8023FE1A-D3B0-4E2C-A57A-9321B7FC755F,trust_model,"{""theta"": 0.9108360364907697, ""gain"": 0.6, ""decay"": 0.0, ""tau_lo"": 0.4, ""tau_hi"": 0.6}",180,60,120,0.0,0.55,0,66,60,120,2,1.11731843575419,0,60.0,29.0,0.3,0.0,66,0.55,31.0
098A72A5-E3E5-4F54-A152-BBDA0DF7B694,098A72A5_s3,8023FE1A-D3B0-4E2C-A57A-9321B7FC755F,sprt,"{""A"": 16, ""B"": 1, ""mu_gen"": 0.9354700751605606, ""sd_gen"": 0.054936724117615285, ""mu_imp"": 0.6526158769982953, ""sd_imp"": 0.2212267131273918}",180,60,120,0.0,0.2416666666666666,0,29,60,120,4,2.23463687150838,0,36.0,34.0,0.5055555555555555,0.0,29,0.2416666666666666,7.0
098A72A5-E3E5-4F54-A152-BBDA0DF7B694,098A72A5_s4,8023FE1A-D3B0-4E2C-A57A-9321B7FC755F,instantaneous,"{""theta"": 0.9116694749812573}",180,60,120,0.0,0.3916666666666666,0,47,60,120,17,9.497206703910615,14,10.0,1.5,0.4055555555555555,0.0,47,0.3916666666666666,0.0
098A72A5-E3E5-4F54-A152-BBDA0DF7B694,098A72A5_s4,8023FE1A-D3B0-4E2C-A57A-9321B7FC755F,moving_average,"{""theta"": 0.9011474765994403, ""w"": 20}",180,60,120,0.0166666666666666,0.55,1,66,60,120,9,5.027932960893855,7,18.0,2.0,0.3055555555555556,1.0,66,0.55,15.0
098A72A5-E3E5-4F54-A152-BBDA0DF7B694,098A72A5_s4,8023FE1A-D3B0-4E2C-A57A-9321B7FC755F,ewma,"{""theta"": 0.8850491556499083, ""alpha"": 0.1}",180,60,120,0.0333333333333333,0.525,2,63,60,120,3,1.675977653631285,0,45.0,52.5,0.3277777777777778,2.0,63,0.525,9.0
098A72A5-E3E5-4F54-A152-BBDA0DF7B694,098A72A5_s4,8023FE1A-D3B0-4E2C-A57A-9321B7FC755F,majority_vote,"{""theta"": 0.909840779696999, ""w"": 3, ""k"": 2}",180,60,120,0.0166666666666666,0.4,1,48,60,120,9,5.027932960893855,6,18.0,4.5,0.4055555555555555,1.0,48,0.4,1.0
098A72A5-E3E5-4F54-A152-BBDA0DF7B694,098A72A5_s4,8023FE1A-D3B0-4E2C-A57A-9321B7FC755F,debounce,"{""theta"": 0.9011474765994403, ""n"": 5}",180,60,120,0.0666666666666666,0.3916666666666666,4,47,60,120,4,2.23463687150838,0,36.0,43.0,0.4277777777777777,4.0,47,0.3916666666666666,4.0
098A72A5-E3E5-4F54-A152-BBDA0DF7B694,098A72A5_s4,8023FE1A-D3B0-4E2C-A57A-9321B7FC755F,margin_dual_threshold,"{""theta"": 0.8663113577149474, ""margin"": 0.2}",180,60,120,0.0,1.0,0,120,60,120,0,0.0,0,180.0,180.0,0.0,0.0,120,1.0,
098A72A5-E3E5-4F54-A152-BBDA0DF7B694,098A72A5_s4,8023FE1A-D3B0-4E2C-A57A-9321B7FC755F,hysteresis,"{""theta"": 0.9011474765994403, ""margin"": 0.1, ""ttt_frames"": 3}",180,60,120,0.0,0.9833333333333332,0,118,60,120,1,0.5586592178770949,0,90.0,90.0,0.0111111111111111,0.0,118,0.9833333333333332,
098A72A5-E3E5-4F54-A152-BBDA0DF7B694,098A72A5_s4,8023FE1A-D3B0-4E2C-A57A-9321B7FC755F,trust_model,"{""theta"": 0.9108360364907697, ""gain"": 0.6, ""decay"": 0.0, ""tau_lo"": 0.4, ""tau_hi"": 0.6}",180,60,120,0.0,0.7416666666666667,0,89,60,120,2,1.11731843575419,0,60.0,29.0,0.1722222222222222,0.0,89,0.7416666666666667,31.0
098A72A5-E3E5-4F54-A152-BBDA0DF7B694,098A72A5_s4,8023FE1A-D3B0-4E2C-A57A-9321B7FC755F,sprt,"{""A"": 16, ""B"": 1, ""mu_gen"": 0.9354700751605606, ""sd_gen"": 0.054936724117615285, ""mu_imp"": 0.6526158769982953, ""sd_imp"": 0.2212267131273918}",180,60,120,0.0666666666666666,0.3666666666666666,4,44,60,120,3,1.675977653631285,0,45.0,45.0,0.4444444444444444,4.0,44,0.3666666666666666,7.0
098A72A5-E3E5-4F54-A152-BBDA0DF7B694,098A72A5_s5,11B5EC4D-4133-4289-B475-4E737182A406,instantaneous,"{""theta"": 0.9116694749812573}",180,60,120,0.05,0.225,3,27,60,120,22,12.29050279329609,18,7.826086956521739,1.0,0.5333333333333333,0.0,27,0.225,0.0
098A72A5-E3E5-4F54-A152-BBDA0DF7B694,098A72A5_s5,11B5EC4D-4133-4289-B475-4E737182A406,moving_average,"{""theta"": 0.9011474765994403, ""w"": 20}",180,60,120,0.0333333333333333,0.4166666666666667,2,50,60,120,6,3.35195530726257,0,25.714285714285715,16.0,0.4,2.0,50,0.4166666666666667,15.0
098A72A5-E3E5-4F54-A152-BBDA0DF7B694,098A72A5_s5,11B5EC4D-4133-4289-B475-4E737182A406,ewma,"{""theta"": 0.8850491556499083, ""alpha"": 0.1}",180,60,120,0.0166666666666666,0.2083333333333333,1,25,60,120,4,2.23463687150838,0,36.0,24.0,0.5333333333333333,1.0,25,0.2083333333333333,11.0
098A72A5-E3E5-4F54-A152-BBDA0DF7B694,098A72A5_s5,11B5EC4D-4133-4289-B475-4E737182A406,majority_vote,"{""theta"": 0.909840779696999, ""w"": 3, ""k"": 2}",180,60,120,0.0333333333333333,0.1833333333333333,2,22,60,120,10,5.58659217877095,3,16.363636363636363,11.0,0.5555555555555556,0.0,22,0.1833333333333333,0.0
098A72A5-E3E5-4F54-A152-BBDA0DF7B694,098A72A5_s5,11B5EC4D-4133-4289-B475-4E737182A406,debounce,"{""theta"": 0.9011474765994403, ""n"": 5}",180,60,120,0.0333333333333333,0.0916666666666666,2,11,60,120,4,2.23463687150838,0,36.0,26.0,0.6166666666666667,2.0,11,0.0916666666666666,1.0
098A72A5-E3E5-4F54-A152-BBDA0DF7B694,098A72A5_s5,11B5EC4D-4133-4289-B475-4E737182A406,margin_dual_threshold,"{""theta"": 0.8663113577149474, ""margin"": 0.2}",180,60,120,0.05,0.4583333333333333,3,55,60,120,2,1.11731843575419,0,60.0,63.0,0.3777777777777777,0.0,55,0.4583333333333333,0.0
098A72A5-E3E5-4F54-A152-BBDA0DF7B694,098A72A5_s5,11B5EC4D-4133-4289-B475-4E737182A406,hysteresis,"{""theta"": 0.9011474765994403, ""margin"": 0.1, ""ttt_frames"": 3}",180,60,120,0.0166666666666666,0.3,1,36,60,120,2,1.11731843575419,0,60.0,61.0,0.4722222222222222,0.0,36,0.3,0.0
098A72A5-E3E5-4F54-A152-BBDA0DF7B694,098A72A5_s5,11B5EC4D-4133-4289-B475-4E737182A406,trust_model,"{""theta"": 0.9108360364907697, ""gain"": 0.6, ""decay"": 0.0, ""tau_lo"": 0.4, ""tau_hi"": 0.6}",180,60,120,0.0,0.7,0,84,60,120,2,1.11731843575419,0,60.0,27.0,0.2,0.0,84,0.7,51.0
098A72A5-E3E5-4F54-A152-BBDA0DF7B694,098A72A5_s5,11B5EC4D-4133-4289-B475-4E737182A406,sprt,"{""A"": 16, ""B"": 1, ""mu_gen"": 0.9354700751605606, ""sd_gen"": 0.054936724117615285, ""mu_imp"": 0.6526158769982953, ""sd_imp"": 0.2212267131273918}",180,60,120,0.0,0.3,0,36,60,120,6,3.35195530726257,0,25.714285714285715,19.0,0.4666666666666667,0.0,36,0.3,4.0
0A986513-7828-4D53-AA1F-E02D6DF9561B,0A986513_s0,11B5EC4D-4133-4289-B475-4E737182A406,instantaneous,"{""theta"": 0.8711865258924083}",180,60,120,0.0,0.0,0,0,60,120,2,1.11731843575419,0,60.0,60.0,0.6666666666666666,0.0,0,0.0,0.0
0A986513-7828-4D53-AA1F-E02D6DF9561B,0A986513_s0,11B5EC4D-4133-4289-B475-4E737182A406,moving_average,"{""theta"": 0.8455332453494218, ""w"": 3}",180,60,120,0.0,0.0166666666666666,0,2,60,120,2,1.11731843575419,0,60.0,60.0,0.6555555555555556,0.0,2,0.0166666666666666,2.0
0A986513-7828-4D53-AA1F-E02D6DF9561B,0A986513_s0,11B5EC4D-4133-4289-B475-4E737182A406,ewma,"{""theta"": 0.8359783496732025, ""alpha"": 0.5}",180,60,120,0.0,0.0166666666666666,0,2,60,120,2,1.11731843575419,0,60.0,60.0,0.6555555555555556,0.0,2,0.0166666666666666,2.0
0A986513-7828-4D53-AA1F-E02D6DF9561B,0A986513_s0,11B5EC4D-4133-4289-B475-4E737182A406,majority_vote,"{""theta"": 0.8377960030165912, ""w"": 5, ""k"": 4}",180,60,120,0.0166666666666666,0.025,1,3,60,120,2,1.11731843575419,0,60.0,61.0,0.6555555555555556,1.0,3,0.025,3.0
0A986513-7828-4D53-AA1F-E02D6DF9561B,0A986513_s0,11B5EC4D-4133-4289-B475-4E737182A406,debounce,"{""theta"": 0.9507286458333333, ""n"": 10}",180,60,120,0.15,0.1583333333333333,9,19,60,120,2,1.11731843575419,0,60.0,69.0,0.6111111111111112,9.0,19,0.1583333333333333,19.0
0A986513-7828-4D53-AA1F-E02D6DF9561B,0A986513_s0,11B5EC4D-4133-4289-B475-4E737182A406,margin_dual_threshold,"{""theta"": 0.8441231460532932, ""margin"": 0.1}",180,60,120,0.0,0.0,0,0,60,120,2,1.11731843575419,0,60.0,60.0,0.6666666666666666,0.0,0,0.0,0.0
0A986513-7828-4D53-AA1F-E02D6DF9561B,0A986513_s0,11B5EC4D-4133-4289-B475-4E737182A406,hysteresis,"{""theta"": 0.9476102941176471, ""margin"": 0.05, ""ttt_frames"": 5}",180,60,120,0.0666666666666666,0.5,4,60,60,120,1,0.5586592178770949,0,90.0,90.0,0.3555555555555555,4.0,60,0.5,
0A986513-7828-4D53-AA1F-E02D6DF9561B,0A986513_s0,11B5EC4D-4133-4289-B475-4E737182A406,trust_model,"{""theta"": 0.8858906799899446, ""gain"": 0.3, ""decay"": 0.05, ""tau_lo"": 0.4, ""tau_hi"": 0.6}",180,60,120,0.0333333333333333,0.1583333333333333,2,19,60,120,2,1.11731843575419,0,60.0,62.0,0.5722222222222222,2.0,19,0.1583333333333333,19.0
0A986513-7828-4D53-AA1F-E02D6DF9561B,0A986513_s0,11B5EC4D-4133-4289-B475-4E737182A406,sprt,"{""A"": 1, ""B"": 16, ""mu_gen"": 0.9581692254448076, ""sd_gen"": 0.023032323437457924, ""mu_imp"": 0.40852963870733483, ""sd_imp"": 0.23713179747243304}",180,60,120,0.0,0.0,0,0,60,120,2,1.11731843575419,0,60.0,60.0,0.6666666666666666,0.0,0,0.0,0.0
0A986513-7828-4D53-AA1F-E02D6DF9561B,0A986513_s1,4E98F91F-4654-42EF-B908-A3389443F2E7,instantaneous,"{""theta"": 0.8711865258924083}",180,60,120,0.1833333333333333,0.0,11,0,60,120,16,8.938547486033519,16,10.588235294117649,1.0,0.7277777777777777,6.0,0,0.0,0.0
0A986513-7828-4D53-AA1F-E02D6DF9561B,0A986513_s1,4E98F91F-4654-42EF-B908-A3389443F2E7,moving_average,"{""theta"": 0.8455332453494218, ""w"": 3}",180,60,120,0.2,0.0,12,0,60,120,10,5.58659217877095,9,16.363636363636363,4.0,0.7333333333333333,6.0,0,0.0,0.0
0A986513-7828-4D53-AA1F-E02D6DF9561B,0A986513_s1,4E98F91F-4654-42EF-B908-A3389443F2E7,ewma,"{""theta"": 0.8359783496732025, ""alpha"": 0.5}",180,60,120,0.2833333333333333,0.0,17,0,60,120,18,10.05586592178771,18,9.473684210526317,2.0,0.7611111111111111,8.0,0,0.0,0.0
0A986513-7828-4D53-AA1F-E02D6DF9561B,0A986513_s1,4E98F91F-4654-42EF-B908-A3389443F2E7,majority_vote,"{""theta"": 0.8377960030165912, ""w"": 5, ""k"": 4}",180,60,120,0.15,0.0,9,0,60,120,4,2.23463687150838,2,36.0,34.0,0.7166666666666667,8.0,0,0.0,0.0
0A986513-7828-4D53-AA1F-E02D6DF9561B,0A986513_s1,4E98F91F-4654-42EF-B908-A3389443F2E7,debounce,"{""theta"": 0.9507286458333333, ""n"": 10}",180,60,120,0.0,0.5,0,60,60,120,2,1.11731843575419,0,60.0,51.0,0.3333333333333333,0.0,60,0.5,9.0
0A986513-7828-4D53-AA1F-E02D6DF9561B,0A986513_s1,4E98F91F-4654-42EF-B908-A3389443F2E7,margin_dual_threshold,"{""theta"": 0.8441231460532932, ""margin"": 0.1}",180,60,120,0.1,0.0,6,0,60,120,2,1.11731843575419,0,60.0,60.0,0.7,6.0,0,0.0,0.0
0A986513-7828-4D53-AA1F-E02D6DF9561B,0A986513_s1,4E98F91F-4654-42EF-B908-A3389443F2E7,hysteresis,"{""theta"": 0.9476102941176471, ""margin"": 0.05, ""ttt_frames"": 5}",180,60,120,0.0666666666666666,0.5,4,60,60,120,1,0.5586592178770949,0,90.0,90.0,0.3555555555555555,4.0,60,0.5,
0A986513-7828-4D53-AA1F-E02D6DF9561B,0A986513_s1,4E98F91F-4654-42EF-B908-A3389443F2E7,trust_model,"{""theta"": 0.8858906799899446, ""gain"": 0.3, ""decay"": 0.05, ""tau_lo"": 0.4, ""tau_hi"": 0.6}",180,60,120,0.2166666666666666,0.1416666666666666,13,17,60,120,2,1.11731843575419,0,60.0,64.0,0.6444444444444445,13.0,17,0.1416666666666666,17.0
0A986513-7828-4D53-AA1F-E02D6DF9561B,0A986513_s1,4E98F91F-4654-42EF-B908-A3389443F2E7,sprt,"{""A"": 1, ""B"": 16, ""mu_gen"": 0.9581692254448076, ""sd_gen"": 0.023032323437457924, ""mu_imp"": 0.40852963870733483, ""sd_imp"": 0.23713179747243304}",180,60,120,0.1,0.0,6,0,60,120,2,1.11731843575419,0,60.0,60.0,0.7,6.0,0,0.0,0.0
0A986513-7828-4D53-AA1F-E02D6DF9561B,0A986513_s2,FDAA70A1-42A3-4E3F-9AE3-3FDA412E03BF,instantaneous,"{""theta"": 0.8711865258924083}",180,60,120,0.0,0.0,0,0,60,120,2,1.11731843575419,0,60.0,60.0,0.6666666666666666,0.0,0,0.0,0.0
0A986513-7828-4D53-AA1F-E02D6DF9561B,0A986513_s2,FDAA70A1-42A3-4E3F-9AE3-3FDA412E03BF,moving_average,"{""theta"": 0.8455332453494218, ""w"": 3}",180,60,120,0.0,0.0166666666666666,0,2,60,120,2,1.11731843575419,0,60.0,60.0,0.6555555555555556,0.0,2,0.0166666666666666,2.0
0A986513-7828-4D53-AA1F-E02D6DF9561B,0A986513_s2,FDAA70A1-42A3-4E3F-9AE3-3FDA412E03BF,ewma,"{""theta"": 0.8359783496732025, ""alpha"": 0.5}",180,60,120,0.0,0.0166666666666666,0,2,60,120,2,1.11731843575419,0,60.0,60.0,0.6555555555555556,0.0,2,0.0166666666666666,2.0
0A986513-7828-4D53-AA1F-E02D6DF9561B,0A986513_s2,FDAA70A1-42A3-4E3F-9AE3-3FDA412E03BF,majority_vote,"{""theta"": 0.8377960030165912, ""w"": 5, ""k"": 4}",180,60,120,0.0166666666666666,0.025,1,3,60,120,2,1.11731843575419,0,60.0,61.0,0.6555555555555556,1.0,3,0.025,3.0
0A986513-7828-4D53-AA1F-E02D6DF9561B,0A986513_s2,FDAA70A1-42A3-4E3F-9AE3-3FDA412E03BF,debounce,"{""theta"": 0.9507286458333333, ""n"": 10}",180,60,120,0.0666666666666666,0.075,4,9,60,120,2,1.11731843575419,0,60.0,64.0,0.6388888888888888,4.0,9,0.075,9.0
0A986513-7828-4D53-AA1F-E02D6DF9561B,0A986513_s2,FDAA70A1-42A3-4E3F-9AE3-3FDA412E03BF,margin_dual_threshold,"{""theta"": 0.8441231460532932, ""margin"": 0.1}",180,60,120,0.0,0.0,0,0,60,120,2,1.11731843575419,0,60.0,60.0,0.6666666666666666,0.0,0,0.0,0.0
0A986513-7828-4D53-AA1F-E02D6DF9561B,0A986513_s2,FDAA70A1-42A3-4E3F-9AE3-3FDA412E03BF,hysteresis,"{""theta"": 0.9476102941176471, ""margin"": 0.05, ""ttt_frames"": 5}",180,60,120,0.0666666666666666,0.5,4,60,60,120,1,0.5586592178770949,0,90.0,90.0,0.3555555555555555,4.0,60,0.5,
0A986513-7828-4D53-AA1F-E02D6DF9561B,0A986513_s2,FDAA70A1-42A3-4E3F-9AE3-3FDA412E03BF,trust_model,"{""theta"": 0.8858906799899446, ""gain"": 0.3, ""decay"": 0.05, ""tau_lo"": 0.4, ""tau_hi"": 0.6}",180,60,120,0.05,0.1666666666666666,3,20,60,120,2,1.11731843575419,0,60.0,63.0,0.5722222222222222,3.0,20,0.1666666666666666,20.0
0A986513-7828-4D53-AA1F-E02D6DF9561B,0A986513_s2,FDAA70A1-42A3-4E3F-9AE3-3FDA412E03BF,sprt,"{""A"": 1, ""B"": 16, ""mu_gen"": 0.9581692254448076, ""sd_gen"": 0.023032323437457924, ""mu_imp"": 0.40852963870733483, ""sd_imp"": 0.23713179747243304}",180,60,120,0.0,0.0,0,0,60,120,2,1.11731843575419,0,60.0,60.0,0.6666666666666666,0.0,0,0.0,0.0
0A986513-7828-4D53-AA1F-E02D6DF9561B,0A986513_s3,33A85C34-CFE4-4732-9E73-0A7AC861B27A,instantaneous,"{""theta"": 0.8711865258924083}",180,60,120,0.0,0.0,0,0,60,120,2,1.11731843575419,0,60.0,60.0,0.6666666666666666,0.0,0,0.0,0.0
0A986513-7828-4D53-AA1F-E02D6DF9561B,0A986513_s3,33A85C34-CFE4-4732-9E73-0A7AC861B27A,moving_average,"{""theta"": 0.8455332453494218, ""w"": 3}",180,60,120,0.0,0.0166666666666666,0,2,60,120,2,1.11731843575419,0,60.0,60.0,0.6555555555555556,0.0,2,0.0166666666666666,2.0
0A986513-7828-4D53-AA1F-E02D6DF9561B,0A986513_s3,33A85C34-CFE4-4732-9E73-0A7AC861B27A,ewma,"{""theta"": 0.8359783496732025, ""alpha"": 0.5}",180,60,120,0.0,0.0083333333333333,0,1,60,120,2,1.11731843575419,0,60.0,60.0,0.6611111111111111,0.0,1,0.0083333333333333,1.0
0A986513-7828-4D53-AA1F-E02D6DF9561B,0A986513_s3,33A85C34-CFE4-4732-9E73-0A7AC861B27A,majority_vote,"{""theta"": 0.8377960030165912, ""w"": 5, ""k"": 4}",180,60,120,0.0166666666666666,0.025,1,3,60,120,2,1.11731843575419,0,60.0,61.0,0.6555555555555556,1.0,3,0.025,3.0
0A986513-7828-4D53-AA1F-E02D6DF9561B,0A986513_s3,33A85C34-CFE4-4732-9E73-0A7AC861B27A,debounce,"{""theta"": 0.9507286458333333, ""n"": 10}",180,60,120,0.15,0.2833333333333333,9,34,60,120,2,1.11731843575419,0,60.0,69.0,0.5277777777777778,9.0,34,0.2833333333333333,34.0
0A986513-7828-4D53-AA1F-E02D6DF9561B,0A986513_s3,33A85C34-CFE4-4732-9E73-0A7AC861B27A,margin_dual_threshold,"{""theta"": 0.8441231460532932, ""margin"": 0.1}",180,60,120,0.0,0.0,0,0,60,120,2,1.11731843575419,0,60.0,60.0,0.6666666666666666,0.0,0,0.0,0.0
0A986513-7828-4D53-AA1F-E02D6DF9561B,0A986513_s3,33A85C34-CFE4-4732-9E73-0A7AC861B27A,hysteresis,"{""theta"": 0.9476102941176471, ""margin"": 0.05, ""ttt_frames"": 5}",180,60,120,0.0666666666666666,0.5,4,60,60,120,1,0.5586592178770949,0,90.0,90.0,0.3555555555555555,4.0,60,0.5,
0A986513-7828-4D53-AA1F-E02D6DF9561B,0A986513_s3,33A85C34-CFE4-4732-9E73-0A7AC861B27A,trust_model,"{""theta"": 0.8858906799899446, ""gain"": 0.3, ""decay"": 0.05, ""tau_lo"": 0.4, ""tau_hi"": 0.6}",180,60,120,0.0833333333333333,0.1666666666666666,5,20,60,120,2,1.11731843575419,0,60.0,65.0,0.5833333333333334,5.0,20,0.1666666666666666,20.0
0A986513-7828-4D53-AA1F-E02D6DF9561B,0A986513_s3,33A85C34-CFE4-4732-9E73-0A7AC861B27A,sprt,"{""A"": 1, ""B"": 16, ""mu_gen"": 0.9581692254448076, ""sd_gen"": 0.023032323437457924, ""mu_imp"": 0.40852963870733483, ""sd_imp"": 0.23713179747243304}",180,60,120,0.0,0.0,0,0,60,120,2,1.11731843575419,0,60.0,60.0,0.6666666666666666,0.0,0,0.0,0.0
0A986513-7828-4D53-AA1F-E02D6DF9561B,0A986513_s4,00EABED2-271D-49D8-B599-1D4A09240601,instantaneous,"{""theta"": 0.8711865258924083}",180,60,120,0.3,0.0,18,0,60,120,14,7.82122905027933,12,12.0,2.0,0.7666666666666667,0.0,0,0.0,0.0
0A986513-7828-4D53-AA1F-E02D6DF9561B,0A986513_s4,00EABED2-271D-49D8-B599-1D4A09240601,moving_average,"{""theta"": 0.8455332453494218, ""w"": 3}",180,60,120,0.5,0.0,30,0,60,120,6,3.35195530726257,0,25.714285714285715,8.0,0.8333333333333334,2.0,0,0.0,0.0
0A986513-7828-4D53-AA1F-E02D6DF9561B,0A986513_s4,00EABED2-271D-49D8-B599-1D4A09240601,ewma,"{""theta"": 0.8359783496732025, ""alpha"": 0.5}",180,60,120,0.6333333333333333,0.0,38,0,60,120,14,7.82122905027933,13,12.0,2.0,0.8777777777777778,3.0,0,0.0,0.0
0A986513-7828-4D53-AA1F-E02D6DF9561B,0A986513_s4,00EABED2-271D-49D8-B599-1D4A09240601,majority_vote,"{""theta"": 0.8377960030165912, ""w"": 5, ""k"": 4}",180,60,120,0.4,0.0,24,0,60,120,4,2.23463687150838,0,36.0,20.0,0.8,1.0,0,0.0,0.0
0A986513-7828-4D53-AA1F-E02D6DF9561B,0A986513_s4,00EABED2-271D-49D8-B599-1D4A09240601,debounce,"{""theta"": 0.9507286458333333, ""n"": 10}",180,60,120,0.15,0.25,9,30,60,120,2,1.11731843575419,0,60.0,69.0,0.55,9.0,30,0.25,30.0
0A986513-7828-4D53-AA1F-E02D6DF9561B,0A986513_s4,00EABED2-271D-49D8-B599-1D4A09240601,margin_dual_threshold,"{""theta"": 0.8441231460532932, ""margin"": 0.1}",180,60,120,0.5333333333333333,0.0,32,0,60,120,4,2.23463687150838,0,36.0,24.0,0.8444444444444444,7.0,0,0.0,0.0
0A986513-7828-4D53-AA1F-E02D6DF9561B,0A986513_s4,00EABED2-271D-49D8-B599-1D4A09240601,hysteresis,"{""theta"": 0.9476102941176471, ""margin"": 0.05, ""ttt_frames"": 5}",180,60,120,0.0666666666666666,0.2083333333333333,4,25,60,120,2,1.11731843575419,0,60.0,64.0,0.55,4.0,25,0.2083333333333333,25.0
0A986513-7828-4D53-AA1F-E02D6DF9561B,0A986513_s4,00EABED2-271D-49D8-B599-1D4A09240601,trust_model,"{""theta"": 0.8858906799899446, ""gain"": 0.3, ""decay"": 0.05, ""tau_lo"": 0.4, ""tau_hi"": 0.6}",180,60,120,0.4666666666666667,0.0583333333333333,28,7,60,120,2,1.11731843575419,0,60.0,53.0,0.7833333333333333,28.0,7,0.0583333333333333,7.0
0A986513-7828-4D53-AA1F-E02D6DF9561B,0A986513_s4,00EABED2-271D-49D8-B599-1D4A09240601,sprt,"{""A"": 1, ""B"": 16, ""mu_gen"": 0.9581692254448076, ""sd_gen"": 0.023032323437457924, ""mu_imp"": 0.40852963870733483, ""sd_imp"": 0.23713179747243304}",180,60,120,0.3833333333333333,0.0,23,0,60,120,4,2.23463687150838,2,36.0,27.0,0.7944444444444444,1.0,0,0.0,0.0
0A986513-7828-4D53-AA1F-E02D6DF9561B,0A986513_s5,665514DE-49DC-421F-8DCB-145D0B2609AD,instantaneous,"{""theta"": 0.8711865258924083}",180,60,120,0.0,0.0,0,0,60,120,2,1.11731843575419,0,60.0,60.0,0.6666666666666666,0.0,0,0.0,0.0
0A986513-7828-4D53-AA1F-E02D6DF9561B,0A986513_s5,665514DE-49DC-421F-8DCB-145D0B2609AD,moving_average,"{""theta"": 0.8455332453494218, ""w"": 3}",180,60,120,0.0,0.0083333333333333,0,1,60,120,2,1.11731843575419,0,60.0,60.0,0.6611111111111111,0.0,1,0.0083333333333333,1.0
0A986513-7828-4D53-AA1F-E02D6DF9561B,0A986513_s5,665514DE-49DC-421F-8DCB-145D0B2609AD,ewma,"{""theta"": 0.8359783496732025, ""alpha"": 0.5}",180,60,120,0.0,0.0083333333333333,0,1,60,120,2,1.11731843575419,0,60.0,60.0,0.6611111111111111,0.0,1,0.0083333333333333,1.0
0A986513-7828-4D53-AA1F-E02D6DF9561B,0A986513_s5,665514DE-49DC-421F-8DCB-145D0B2609AD,majority_vote,"{""theta"": 0.8377960030165912, ""w"": 5, ""k"": 4}",180,60,120,0.0166666666666666,0.025,1,3,60,120,2,1.11731843575419,0,60.0,61.0,0.6555555555555556,1.0,3,0.025,3.0
0A986513-7828-4D53-AA1F-E02D6DF9561B,0A986513_s5,665514DE-49DC-421F-8DCB-145D0B2609AD,debounce,"{""theta"": 0.9507286458333333, ""n"": 10}",180,60,120,0.15,0.075,9,9,60,120,2,1.11731843575419,0,60.0,60.0,0.6666666666666666,9.0,9,0.075,9.0
0A986513-7828-4D53-AA1F-E02D6DF9561B,0A986513_s5,665514DE-49DC-421F-8DCB-145D0B2609AD,margin_dual_threshold,"{""theta"": 0.8441231460532932, ""margin"": 0.1}",180,60,120,0.0,0.0,0,0,60,120,2,1.11731843575419,0,60.0,60.0,0.6666666666666666,0.0,0,0.0,0.0
0A986513-7828-4D53-AA1F-E02D6DF9561B,0A986513_s5,665514DE-49DC-421F-8DCB-145D0B2609AD,hysteresis,"{""theta"": 0.9476102941176471, ""margin"": 0.05, ""ttt_frames"": 5}",180,60,120,0.0666666666666666,0.0916666666666666,4,11,60,120,2,1.11731843575419,0,60.0,64.0,0.6277777777777778,4.0,11,0.0916666666666666,11.0
0A986513-7828-4D53-AA1F-E02D6DF9561B,0A986513_s5,665514DE-49DC-421F-8DCB-145D0B2609AD,trust_model,"{""theta"": 0.8858906799899446, ""gain"": 0.3, ""decay"": 0.05, ""tau_lo"": 0.4, ""tau_hi"": 0.6}",180,60,120,0.05,0.125,3,15,60,120,2,1.11731843575419,0,60.0,63.0,0.6,3.0,15,0.125,15.0
0A986513-7828-4D53-AA1F-E02D6DF9561B,0A986513_s5,665514DE-49DC-421F-8DCB-145D0B2609AD,sprt,"{""A"": 1, ""B"": 16, ""mu_gen"": 0.9581692254448076, ""sd_gen"": 0.023032323437457924, ""mu_imp"": 0.40852963870733483, ""sd_imp"": 0.23713179747243304}",180,60,120,0.0,0.0,0,0,60,120,2,1.11731843575419,0,60.0,60.0,0.6666666666666666,0.0,0,0.0,0.0
136562B6-95B2-483D-88DC-065F28409FD2,136562B6_s0,7CE37510-56D0-4120-A1CF-0E23351428D2,instantaneous,"{""theta"": 0.8686570750608237}",180,60,120,0.0,0.0,0,0,60,120,2,1.11731843575419,0,60.0,60.0,0.6666666666666666,0.0,0,0.0,0.0
136562B6-95B2-483D-88DC-065F28409FD2,136562B6_s0,7CE37510-56D0-4120-A1CF-0E23351428D2,moving_average,"{""theta"": 0.8466102484005646, ""w"": 10}",180,60,120,0.0166666666666666,0.0583333333333333,1,7,60,120,2,1.11731843575419,0,60.0,61.0,0.6333333333333333,1.0,7,0.0583333333333333,7.0
136562B6-95B2-483D-88DC-065F28409FD2,136562B6_s0,7CE37510-56D0-4120-A1CF-0E23351428D2,ewma,"{""theta"": 0.8697353798095695, ""alpha"": 0.1}",180,60,120,0.0166666666666666,0.15,1,18,60,120,2,1.11731843575419,0,60.0,61.0,0.5722222222222222,1.0,18,0.15,18.0
136562B6-95B2-483D-88DC-065F28409FD2,136562B6_s0,7CE37510-56D0-4120-A1CF-0E23351428D2,majority_vote,"{""theta"": 0.8745429970264019, ""w"": 5, ""k"": 3}",180,60,120,0.0333333333333333,0.0166666666666666,2,2,60,120,2,1.11731843575419,0,60.0,60.0,0.6666666666666666,2.0,2,0.0166666666666666,2.0
136562B6-95B2-483D-88DC-065F28409FD2,136562B6_s0,7CE37510-56D0-4120-A1CF-0E23351428D2,debounce,"{""theta"": 0.8561427327065748, ""n"": 3}",180,60,120,0.0333333333333333,0.0166666666666666,2,2,60,120,2,1.11731843575419,0,60.0,60.0,0.6666666666666666,2.0,2,0.0166666666666666,2.0
136562B6-95B2-483D-88DC-065F28409FD2,136562B6_s0,7CE37510-56D0-4120-A1CF-0E23351428D2,margin_dual_threshold,"{""theta"": 0.8505466614603671, ""margin"": 0.05}",180,60,120,0.0,0.0,0,0,60,120,2,1.11731843575419,0,60.0,60.0,0.6666666666666666,0.0,0,0.0,0.0
136562B6-95B2-483D-88DC-065F28409FD2,136562B6_s0,7CE37510-56D0-4120-A1CF-0E23351428D2,hysteresis,"{""theta"": 0.8581375964917549, ""margin"": 0.05, ""ttt_frames"": 2}",180,60,120,0.0166666666666666,0.0083333333333333,1,1,60,120,2,1.11731843575419,0,60.0,60.0,0.6666666666666666,1.0,1,0.0083333333333333,1.0
136562B6-95B2-483D-88DC-065F28409FD2,136562B6_s0,7CE37510-56D0-4120-A1CF-0E23351428D2,trust_model,"{""theta"": 0.9094825068332683, ""gain"": 0.6, ""decay"": 0.05, ""tau_lo"": 0.4, ""tau_hi"": 0.6}",180,60,120,0.0166666666666666,0.1083333333333333,1,13,60,120,2,1.11731843575419,0,60.0,61.0,0.6,1.0,13,0.1083333333333333,13.0
136562B6-95B2-483D-88DC-065F28409FD2,136562B6_s0,7CE37510-56D0-4120-A1CF-0E23351428D2,sprt,"{""A"": 16, ""B"": 16, ""mu_gen"": 0.9373256431949326, ""sd_gen"": 0.04683634533917442, ""mu_imp"": 0.5104993709054623, ""sd_imp"": 0.30259174967565355}",180,60,120,0.0,0.05,0,6,60,120,2,1.11731843575419,0,60.0,60.0,0.6333333333333333,0.0,6,0.05,6.0
136562B6-95B2-483D-88DC-065F28409FD2,136562B6_s1,4E98F91F-4654-42EF-B908-A3389443F2E7,instantaneous,"{""theta"": 0.8686570750608237}",180,60,120,0.0,0.0,0,0,60,120,2,1.11731843575419,0,60.0,60.0,0.6666666666666666,0.0,0,0.0,0.0
136562B6-95B2-483D-88DC-065F28409FD2,136562B6_s1,4E98F91F-4654-42EF-B908-A3389443F2E7,moving_average,"{""theta"": 0.8466102484005646, ""w"": 10}",180,60,120,0.0333333333333333,0.0416666666666666,2,5,60,120,2,1.11731843575419,0,60.0,62.0,0.65,2.0,5,0.0416666666666666,5.0
136562B6-95B2-483D-88DC-065F28409FD2,136562B6_s1,4E98F91F-4654-42EF-B908-A3389443F2E7,ewma,"{""theta"": 0.8697353798095695, ""alpha"": 0.1}",180,60,120,0.0333333333333333,0.0833333333333333,2,10,60,120,2,1.11731843575419,0,60.0,62.0,0.6222222222222222,2.0,10,0.0833333333333333,10.0
136562B6-95B2-483D-88DC-065F28409FD2,136562B6_s1,4E98F91F-4654-42EF-B908-A3389443F2E7,majority_vote,"{""theta"": 0.8745429970264019, ""w"": 5, ""k"": 3}",180,60,120,0.0333333333333333,0.0166666666666666,2,2,60,120,2,1.11731843575419,0,60.0,60.0,0.6666666666666666,2.0,2,0.0166666666666666,2.0
136562B6-95B2-483D-88DC-065F28409FD2,136562B6_s1,4E98F91F-4654-42EF-B908-A3389443F2E7,debounce,"{""theta"": 0.8561427327065748, ""n"": 3}",180,60,120,0.0333333333333333,0.0166666666666666,2,2,60,120,2,1.11731843575419,0,60.0,60.0,0.6666666666666666,2.0,2,0.0166666666666666,2.0
136562B6-95B2-483D-88DC-065F28409FD2,136562B6_s1,4E98F91F-4654-42EF-B908-A3389443F2E7,margin_dual_threshold,"{""theta"": 0.8505466614603671, ""margin"": 0.05}",180,60,120,0.0,0.0,0,0,60,120,2,1.11731843575419,0,60.0,60.0,0.6666666666666666,0.0,0,0.0,0.0
136562B6-95B2-483D-88DC-065F28409FD2,136562B6_s1,4E98F91F-4654-42EF-B908-A3389443F2E7,hysteresis,"{""theta"": 0.8581375964917549, ""margin"": 0.05, ""ttt_frames"": 2}",180,60,120,0.0166666666666666,0.0083333333333333,1,1,60,120,2,1.11731843575419,0,60.0,60.0,0.6666666666666666,1.0,1,0.0083333333333333,1.0
136562B6-95B2-483D-88DC-065F28409FD2,136562B6_s1,4E98F91F-4654-42EF-B908-A3389443F2E7,trust_model,"{""theta"": 0.9094825068332683, ""gain"": 0.6, ""decay"": 0.05, ""tau_lo"": 0.4, ""tau_hi"": 0.6}",180,60,120,0.0333333333333333,0.0833333333333333,2,10,60,120,2,1.11731843575419,0,60.0,62.0,0.6222222222222222,2.0,10,0.0833333333333333,10.0
136562B6-95B2-483D-88DC-065F28409FD2,136562B6_s1,4E98F91F-4654-42EF-B908-A3389443F2E7,sprt,"{""A"": 16, ""B"": 16, ""mu_gen"": 0.9373256431949326, ""sd_gen"": 0.04683634533917442, ""mu_imp"": 0.5104993709054623, ""sd_imp"": 0.30259174967565355}",180,60,120,0.0,0.05,0,6,60,120,2,1.11731843575419,0,60.0,60.0,0.6333333333333333,0.0,6,0.05,6.0
136562B6-95B2-483D-88DC-065F28409FD2,136562B6_s2,7D9BB102-A612-4E2A-8E22-3159752F55D8,instantaneous,"{""theta"": 0.8686570750608237}",180,60,120,0.0,0.0,0,0,60,120,2,1.11731843575419,0,60.0,60.0,0.6666666666666666,0.0,0,0.0,0.0
136562B6-95B2-483D-88DC-065F28409FD2,136562B6_s2,7D9BB102-A612-4E2A-8E22-3159752F55D8,moving_average,"{""theta"": 0.8466102484005646, ""w"": 10}",180,60,120,0.0833333333333333,0.0333333333333333,5,4,60,120,2,1.11731843575419,0,60.0,59.0,0.6722222222222223,5.0,4,0.0333333333333333,4.0
136562B6-95B2-483D-88DC-065F28409FD2,136562B6_s2,7D9BB102-A612-4E2A-8E22-3159752F55D8,ewma,"{""theta"": 0.8697353798095695, ""alpha"": 0.1}",180,60,120,0.0833333333333333,0.05,5,6,60,120,2,1.11731843575419,0,60.0,61.0,0.6611111111111111,5.0,6,0.05,6.0
136562B6-95B2-483D-88DC-065F28409FD2,136562B6_s2,7D9BB102-A612-4E2A-8E22-3159752F55D8,majority_vote,"{""theta"": 0.8745429970264019, ""w"": 5, ""k"": 3}",180,60,120,0.0333333333333333,0.0166666666666666,2,2,60,120,2,1.11731843575419,0,60.0,60.0,0.6666666666666666,2.0,2,0.0166666666666666,2.0
136562B6-95B2-483D-88DC-065F28409FD2,136562B6_s2,7D9BB102-A612-4E2A-8E22-3159752F55D8,debounce,"{""theta"": 0.8561427327065748, ""n"": 3}",180,60,120,0.0333333333333333,0.0166666666666666,2,2,60,120,2,1.11731843575419,0,60.0,60.0,0.6666666666666666,2.0,2,0.0166666666666666,2.0
136562B6-95B2-483D-88DC-065F28409FD2,136562B6_s2,7D9BB102-A612-4E2A-8E22-3159752F55D8,margin_dual_threshold,"{""theta"": 0.8505466614603671, ""margin"": 0.05}",180,60,120,0.0,0.0,0,0,60,120,2,1.11731843575419,0,60.0,60.0,0.6666666666666666,0.0,0,0.0,0.0
136562B6-95B2-483D-88DC-065F28409FD2,136562B6_s2,7D9BB102-A612-4E2A-8E22-3159752F55D8,hysteresis,"{""theta"": 0.8581375964917549, ""margin"": 0.05, ""ttt_frames"": 2}",180,60,120,0.0166666666666666,0.0083333333333333,1,1,60,120,2,1.11731843575419,0,60.0,60.0,0.6666666666666666,1.0,1,0.0083333333333333,1.0
136562B6-95B2-483D-88DC-065F28409FD2,136562B6_s2,7D9BB102-A612-4E2A-8E22-3159752F55D8,trust_model,"{""theta"": 0.9094825068332683, ""gain"": 0.6, ""decay"": 0.05, ""tau_lo"": 0.4, ""tau_hi"": 0.6}",180,60,120,0.0833333333333333,0.075,5,9,60,120,2,1.11731843575419,0,60.0,64.0,0.6444444444444445,5.0,9,0.075,9.0
136562B6-95B2-483D-88DC-065F28409FD2,136562B6_s2,7D9BB102-A612-4E2A-8E22-3159752F55D8,sprt,"{""A"": 16, ""B"": 16, ""mu_gen"": 0.9373256431949326, ""sd_gen"": 0.04683634533917442, ""mu_imp"": 0.5104993709054623, ""sd_imp"": 0.30259174967565355}",180,60,120,0.05,0.0916666666666666,3,11,60,120,2,1.11731843575419,0,60.0,63.0,0.6222222222222222,3.0,11,0.0916666666666666,11.0
136562B6-95B2-483D-88DC-065F28409FD2,136562B6_s3,4E98F91F-4654-42EF-B908-A3389443F2E7,instantaneous,"{""theta"": 0.8686570750608237}",180,60,120,0.0,0.0416666666666666,0,5,60,120,4,2.23463687150838,0,36.0,28.0,0.6388888888888888,0.0,5,0.0416666666666666,0.0
136562B6-95B2-483D-88DC-065F28409FD2,136562B6_s3,4E98F91F-4654-42EF-B908-A3389443F2E7,moving_average,"{""theta"": 0.8466102484005646, ""w"": 10}",180,60,120,0.0166666666666666,0.0666666666666666,1,8,60,120,2,1.11731843575419,0,60.0,61.0,0.6277777777777778,1.0,8,0.0666666666666666,8.0
136562B6-95B2-483D-88DC-065F28409FD2,136562B6_s3,4E98F91F-4654-42EF-B908-A3389443F2E7,ewma,"{""theta"": 0.8697353798095695, ""alpha"": 0.1}",180,60,120,0.0166666666666666,0.15,1,18,60,120,4,2.23463687150838,2,36.0,28.0,0.5722222222222222,1.0,18,0.15,17.0
136562B6-95B2-483D-88DC-065F28409FD2,136562B6_s3,4E98F91F-4654-42EF-B908-A3389443F2E7,majority_vote,"{""theta"": 0.8745429970264019, ""w"": 5, ""k"": 3}",180,60,120,0.0333333333333333,0.0583333333333333,2,7,60,120,4,2.23463687150838,0,36.0,27.0,0.6388888888888888,2.0,7,0.0583333333333333,2.0
136562B6-95B2-483D-88DC-065F28409FD2,136562B6_s3,4E98F91F-4654-42EF-B908-A3389443F2E7,debounce,"{""theta"": 0.8561427327065748, ""n"": 3}",180,60,120,0.0333333333333333,0.0583333333333333,2,7,60,120,4,2.23463687150838,0,36.0,27.0,0.6388888888888888,2.0,7,0.0583333333333333,2.0
136562B6-95B2-483D-88DC-065F28409FD2,136562B6_s3,4E98F91F-4654-42EF-B908-A3389443F2E7,margin_dual_threshold,"{""theta"": 0.8505466614603671, ""margin"": 0.05}",180,60,120,0.0,0.0333333333333333,0,4,60,120,4,2.23463687150838,0,36.0,28.0,0.6444444444444445,0.0,4,0.0333333333333333,0.0
136562B6-95B2-483D-88DC-065F28409FD2,136562B6_s3,4E98F91F-4654-42EF-B908-A3389443F2E7,hysteresis,"{""theta"": 0.8581375964917549, ""margin"": 0.05, ""ttt_frames"": 2}",180,60,120,0.0166666666666666,0.0416666666666666,1,5,60,120,4,2.23463687150838,0,36.0,28.0,0.6444444444444445,1.0,5,0.0416666666666666,1.0
136562B6-95B2-483D-88DC-065F28409FD2,136562B6_s3,4E98F91F-4654-42EF-B908-A3389443F2E7,trust_model,"{""theta"": 0.9094825068332683, ""gain"": 0.6, ""decay"": 0.05, ""tau_lo"": 0.4, ""tau_hi"": 0.6}",180,60,120,0.0166666666666666,0.0833333333333333,1,10,60,120,2,1.11731843575419,0,60.0,61.0,0.6166666666666667,1.0,10,0.0833333333333333,10.0
136562B6-95B2-483D-88DC-065F28409FD2,136562B6_s3,4E98F91F-4654-42EF-B908-A3389443F2E7,sprt,"{""A"": 16, ""B"": 16, ""mu_gen"": 0.9373256431949326, ""sd_gen"": 0.04683634533917442, ""mu_imp"": 0.5104993709054623, ""sd_imp"": 0.30259174967565355}",180,60,120,0.0,0.05,0,6,60,120,2,1.11731843575419,0,60.0,60.0,0.6333333333333333,0.0,6,0.05,6.0
136562B6-95B2-483D-88DC-065F28409FD2,136562B6_s4,8023FE1A-D3B0-4E2C-A57A-9321B7FC755F,instantaneous,"{""theta"": 0.8686570750608237}",180,60,120,0.0,0.05,0,6,60,120,4,2.23463687150838,2,36.0,52.0,0.6333333333333333,0.0,6,0.05,0.0
136562B6-95B2-483D-88DC-065F28409FD2,136562B6_s4,8023FE1A-D3B0-4E2C-A57A-9321B7FC755F,moving_average,"{""theta"": 0.8466102484005646, ""w"": 10}",180,60,120,0.0,0.1333333333333333,0,16,60,120,2,1.11731843575419,0,60.0,52.0,0.5777777777777777,0.0,16,0.1333333333333333,8.0
136562B6-95B2-483D-88DC-065F28409FD2,136562B6_s4,8023FE1A-D3B0-4E2C-A57A-9321B7FC755F,ewma,"{""theta"": 0.8697353798095695, ""alpha"": 0.1}",180,60,120,0.0,0.2,0,24,60,120,2,1.11731843575419,0,60.0,52.0,0.5333333333333333,0.0,24,0.2,16.0
136562B6-95B2-483D-88DC-065F28409FD2,136562B6_s4,8023FE1A-D3B0-4E2C-A57A-9321B7FC755F,majority_vote,"{""theta"": 0.8745429970264019, ""w"": 5, ""k"": 3}",180,60,120,0.0,0.0666666666666666,0,8,60,120,2,1.11731843575419,0,60.0,58.0,0.6222222222222222,0.0,8,0.0666666666666666,2.0
136562B6-95B2-483D-88DC-065F28409FD2,136562B6_s4,8023FE1A-D3B0-4E2C-A57A-9321B7FC755F,debounce,"{""theta"": 0.8561427327065748, ""n"": 3}",180,60,120,0.0,0.0666666666666666,0,8,60,120,2,1.11731843575419,0,60.0,58.0,0.6222222222222222,0.0,8,0.0666666666666666,2.0
136562B6-95B2-483D-88DC-065F28409FD2,136562B6_s4,8023FE1A-D3B0-4E2C-A57A-9321B7FC755F,margin_dual_threshold,"{""theta"": 0.8505466614603671, ""margin"": 0.05}",180,60,120,0.0,0.05,0,6,60,120,4,2.23463687150838,2,36.0,52.0,0.6333333333333333,0.0,6,0.05,0.0
136562B6-95B2-483D-88DC-065F28409FD2,136562B6_s4,8023FE1A-D3B0-4E2C-A57A-9321B7FC755F,hysteresis,"{""theta"": 0.8581375964917549, ""margin"": 0.05, ""ttt_frames"": 2}",180,60,120,0.0166666666666666,0.0583333333333333,1,7,60,120,4,2.23463687150838,2,36.0,53.0,0.6333333333333333,1.0,7,0.0583333333333333,1.0
136562B6-95B2-483D-88DC-065F28409FD2,136562B6_s4,8023FE1A-D3B0-4E2C-A57A-9321B7FC755F,trust_model,"{""theta"": 0.9094825068332683, ""gain"": 0.6, ""decay"": 0.05, ""tau_lo"": 0.4, ""tau_hi"": 0.6}",180,60,120,0.0,0.15,0,18,60,120,2,1.11731843575419,0,60.0,52.0,0.5666666666666667,0.0,18,0.15,10.0
136562B6-95B2-483D-88DC-065F28409FD2,136562B6_s4,8023FE1A-D3B0-4E2C-A57A-9321B7FC755F,sprt,"{""A"": 16, ""B"": 16, ""mu_gen"": 0.9373256431949326, ""sd_gen"": 0.04683634533917442, ""mu_imp"": 0.5104993709054623, ""sd_imp"": 0.30259174967565355}",180,60,120,0.0,0.1166666666666666,0,14,60,120,2,1.11731843575419,0,60.0,54.0,0.5888888888888889,0.0,14,0.1166666666666666,6.0
136562B6-95B2-483D-88DC-065F28409FD2,136562B6_s5,ECECC2AB-D32F-4F90-B74C-E12A1C69BBE2,instantaneous,"{""theta"": 0.8686570750608237}",180,60,120,0.0,0.0083333333333333,0,1,60,120,4,2.23463687150838,2,36.0,41.0,0.6611111111111111,0.0,1,0.0083333333333333,0.0
136562B6-95B2-483D-88DC-065F28409FD2,136562B6_s5,ECECC2AB-D32F-4F90-B74C-E12A1C69BBE2,moving_average,"{""theta"": 0.8466102484005646, ""w"": 10}",180,60,120,0.0333333333333333,0.0666666666666666,2,8,60,120,2,1.11731843575419,0,60.0,62.0,0.6333333333333333,2.0,8,0.0666666666666666,8.0
136562B6-95B2-483D-88DC-065F28409FD2,136562B6_s5,ECECC2AB-D32F-4F90-B74C-E12A1C69BBE2,ewma,"{""theta"": 0.8697353798095695, ""alpha"": 0.1}",180,60,120,0.0333333333333333,0.15,2,18,60,120,2,1.11731843575419,0,60.0,62.0,0.5777777777777777,2.0,18,0.15,18.0
136562B6-95B2-483D-88DC-065F28409FD2,136562B6_s5,ECECC2AB-D32F-4F90-B74C-E12A1C69BBE2,majority_vote,"{""theta"": 0.8745429970264019, ""w"": 5, ""k"": 3}",180,60,120,0.0333333333333333,0.0166666666666666,2,2,60,120,2,1.11731843575419,0,60.0,60.0,0.6666666666666666,2.0,2,0.0166666666666666,2.0
136562B6-95B2-483D-88DC-065F28409FD2,136562B6_s5,ECECC2AB-D32F-4F90-B74C-E12A1C69BBE2,debounce,"{""theta"": 0.8561427327065748, ""n"": 3}",180,60,120,0.0333333333333333,0.0166666666666666,2,2,60,120,2,1.11731843575419,0,60.0,60.0,0.6666666666666666,2.0,2,0.0166666666666666,2.0
136562B6-95B2-483D-88DC-065F28409FD2,136562B6_s5,ECECC2AB-D32F-4F90-B74C-E12A1C69BBE2,margin_dual_threshold,"{""theta"": 0.8505466614603671, ""margin"": 0.05}",180,60,120,0.0,0.0,0,0,60,120,2,1.11731843575419,0,60.0,60.0,0.6666666666666666,0.0,0,0.0,0.0
136562B6-95B2-483D-88DC-065F28409FD2,136562B6_s5,ECECC2AB-D32F-4F90-B74C-E12A1C69BBE2,hysteresis,"{""theta"": 0.8581375964917549, ""margin"": 0.05, ""ttt_frames"": 2}",180,60,120,0.0166666666666666,0.0416666666666666,1,5,60,120,2,1.11731843575419,0,60.0,61.0,0.6444444444444445,1.0,5,0.0416666666666666,5.0
136562B6-95B2-483D-88DC-065F28409FD2,136562B6_s5,ECECC2AB-D32F-4F90-B74C-E12A1C69BBE2,trust_model,"{""theta"": 0.9094825068332683, ""gain"": 0.6, ""decay"": 0.05, ""tau_lo"": 0.4, ""tau_hi"": 0.6}",180,60,120,0.0333333333333333,0.2333333333333333,2,28,60,120,2,1.11731843575419,0,60.0,62.0,0.5222222222222223,2.0,28,0.2333333333333333,28.0
136562B6-95B2-483D-88DC-065F28409FD2,136562B6_s5,ECECC2AB-D32F-4F90-B74C-E12A1C69BBE2,sprt,"{""A"": 16, ""B"": 16, ""mu_gen"": 0.9373256431949326, ""sd_gen"": 0.04683634533917442, ""mu_imp"": 0.5104993709054623, ""sd_imp"": 0.30259174967565355}",180,60,120,0.0166666666666666,0.1083333333333333,1,13,60,120,2,1.11731843575419,0,60.0,61.0,0.6,1.0,13,0.1083333333333333,13.0
1538C99F-BA1E-4EFB-A949-6C7C47701B20,1538C99F_s0,806289BC-AD52-4CC1-806C-0CDB14D65EB6,instantaneous,"{""theta"": 0.867532641945833}",180,60,120,0.0,0.0,0,0,60,120,2,1.11731843575419,0,60.0,60.0,0.6666666666666666,0.0,0,0.0,0.0
1538C99F-BA1E-4EFB-A949-6C7C47701B20,1538C99F_s0,806289BC-AD52-4CC1-806C-0CDB14D65EB6,moving_average,"{""theta"": 0.8648709990300678, ""w"": 3}",180,60,120,0.0,0.0166666666666666,0,2,60,120,2,1.11731843575419,0,60.0,60.0,0.6555555555555556,0.0,2,0.0166666666666666,2.0
1538C99F-BA1E-4EFB-A949-6C7C47701B20,1538C99F_s0,806289BC-AD52-4CC1-806C-0CDB14D65EB6,ewma,"{""theta"": 0.8692350966201596, ""alpha"": 0.2}",180,60,120,0.0,0.0583333333333333,0,7,60,120,2,1.11731843575419,0,60.0,60.0,0.6277777777777778,0.0,7,0.0583333333333333,7.0
1538C99F-BA1E-4EFB-A949-6C7C47701B20,1538C99F_s0,806289BC-AD52-4CC1-806C-0CDB14D65EB6,majority_vote,"{""theta"": 0.869716929045736, ""w"": 3, ""k"": 2}",180,60,120,0.0166666666666666,0.0083333333333333,1,1,60,120,2,1.11731843575419,0,60.0,60.0,0.6666666666666666,1.0,1,0.0083333333333333,1.0
1538C99F-BA1E-4EFB-A949-6C7C47701B20,1538C99F_s0,806289BC-AD52-4CC1-806C-0CDB14D65EB6,debounce,"{""theta"": 0.8702818771916735, ""n"": 2}",180,60,120,0.0166666666666666,0.0083333333333333,1,1,60,120,2,1.11731843575419,0,60.0,60.0,0.6666666666666666,1.0,1,0.0083333333333333,1.0
1538C99F-BA1E-4EFB-A949-6C7C47701B20,1538C99F_s0,806289BC-AD52-4CC1-806C-0CDB14D65EB6,margin_dual_threshold,"{""theta"": 0.8557284190106693, ""margin"": 0.05}",180,60,120,0.0,0.0,0,0,60,120,2,1.11731843575419,0,60.0,60.0,0.6666666666666666,0.0,0,0.0,0.0
1538C99F-BA1E-4EFB-A949-6C7C47701B20,1538C99F_s0,806289BC-AD52-4CC1-806C-0CDB14D65EB6,hysteresis,"{""theta"": 0.8925222696411251, ""margin"": 0.05, ""ttt_frames"": 2}",180,60,120,0.0166666666666666,0.0083333333333333,1,1,60,120,2,1.11731843575419,0,60.0,60.0,0.6666666666666666,1.0,1,0.0083333333333333,1.0
1538C99F-BA1E-4EFB-A949-6C7C47701B20,1538C99F_s0,806289BC-AD52-4CC1-806C-0CDB14D65EB6,trust_model,"{""theta"": 0.9213984287099902, ""gain"": 0.3, ""decay"": 0.05, ""tau_lo"": 0.4, ""tau_hi"": 0.6}",180,60,120,0.0,0.1916666666666666,0,23,60,120,2,1.11731843575419,0,60.0,60.0,0.5388888888888889,0.0,23,0.1916666666666666,23.0
1538C99F-BA1E-4EFB-A949-6C7C47701B20,1538C99F_s0,806289BC-AD52-4CC1-806C-0CDB14D65EB6,sprt,"{""A"": 8, ""B"": 1, ""mu_gen"": 0.9259595592197434, ""sd_gen"": 0.03251697868706521, ""mu_imp"": 0.550189675611596, ""sd_imp"": 0.31638437221706395}",180,60,120,0.0,0.05,0,6,60,120,2,1.11731843575419,0,60.0,60.0,0.6333333333333333,0.0,6,0.05,6.0
1538C99F-BA1E-4EFB-A949-6C7C47701B20,1538C99F_s1,33A85C34-CFE4-4732-9E73-0A7AC861B27A,instantaneous,"{""theta"": 0.867532641945833}",180,60,120,0.0,0.0,0,0,60,120,2,1.11731843575419,0,60.0,60.0,0.6666666666666666,0.0,0,0.0,0.0
1538C99F-BA1E-4EFB-A949-6C7C47701B20,1538C99F_s1,33A85C34-CFE4-4732-9E73-0A7AC861B27A,moving_average,"{""theta"": 0.8648709990300678, ""w"": 3}",180,60,120,0.0,0.0166666666666666,0,2,60,120,2,1.11731843575419,0,60.0,60.0,0.6555555555555556,0.0,2,0.0166666666666666,2.0
1538C99F-BA1E-4EFB-A949-6C7C47701B20,1538C99F_s1,33A85C34-CFE4-4732-9E73-0A7AC861B27A,ewma,"{""theta"": 0.8692350966201596, ""alpha"": 0.2}",180,60,120,0.0,0.1,0,12,60,120,2,1.11731843575419,0,60.0,60.0,0.6,0.0,12,0.1,12.0
1538C99F-BA1E-4EFB-A949-6C7C47701B20,1538C99F_s1,33A85C34-CFE4-4732-9E73-0A7AC861B27A,majority_vote,"{""theta"": 0.869716929045736, ""w"": 3, ""k"": 2}",180,60,120,0.0166666666666666,0.0083333333333333,1,1,60,120,2,1.11731843575419,0,60.0,60.0,0.6666666666666666,1.0,1,0.0083333333333333,1.0
1538C99F-BA1E-4EFB-A949-6C7C47701B20,1538C99F_s1,33A85C34-CFE4-4732-9E73-0A7AC861B27A,debounce,"{""theta"": 0.8702818771916735, ""n"": 2}",180,60,120,0.0166666666666666,0.0083333333333333,1,1,60,120,2,1.11731843575419,0,60.0,60.0,0.6666666666666666,1.0,1,0.0083333333333333,1.0
1538C99F-BA1E-4EFB-A949-6C7C47701B20,1538C99F_s1,33A85C34-CFE4-4732-9E73-0A7AC861B27A,margin_dual_threshold,"{""theta"": 0.8557284190106693, ""margin"": 0.05}",180,60,120,0.0,0.0,0,0,60,120,2,1.11731843575419,0,60.0,60.0,0.6666666666666666,0.0,0,0.0,0.0
1538C99F-BA1E-4EFB-A949-6C7C47701B20,1538C99F_s1,33A85C34-CFE4-4732-9E73-0A7AC861B27A,hysteresis,"{""theta"": 0.8925222696411251, ""margin"": 0.05, ""ttt_frames"": 2}",180,60,120,0.0166666666666666,0.0666666666666666,1,8,60,120,2,1.11731843575419,0,60.0,61.0,0.6277777777777778,1.0,8,0.0666666666666666,8.0
1538C99F-BA1E-4EFB-A949-6C7C47701B20,1538C99F_s1,33A85C34-CFE4-4732-9E73-0A7AC861B27A,trust_model,"{""theta"": 0.9213984287099902, ""gain"": 0.3, ""decay"": 0.05, ""tau_lo"": 0.4, ""tau_hi"": 0.6}",180,60,120,0.0,0.5,0,60,60,120,1,0.5586592178770949,0,90.0,90.0,0.3333333333333333,0.0,60,0.5,
1538C99F-BA1E-4EFB-A949-6C7C47701B20,1538C99F_s1,33A85C34-CFE4-4732-9E73-0A7AC861B27A,sprt,"{""A"": 8, ""B"": 1, ""mu_gen"": 0.9259595592197434, ""sd_gen"": 0.03251697868706521, ""mu_imp"": 0.550189675611596, ""sd_imp"": 0.31638437221706395}",180,60,120,0.0,0.0166666666666666,0,2,60,120,2,1.11731843575419,0,60.0,60.0,0.6555555555555556,0.0,2,0.0166666666666666,2.0
1538C99F-BA1E-4EFB-A949-6C7C47701B20,1538C99F_s2,8023FE1A-D3B0-4E2C-A57A-9321B7FC755F,instantaneous,"{""theta"": 0.867532641945833}",180,60,120,0.0,0.0,0,0,60,120,2,1.11731843575419,0,60.0,60.0,0.6666666666666666,0.0,0,0.0,0.0
1538C99F-BA1E-4EFB-A949-6C7C47701B20,1538C99F_s2,8023FE1A-D3B0-4E2C-A57A-9321B7FC755F,moving_average,"{""theta"": 0.8648709990300678, ""w"": 3}",180,60,120,0.0166666666666666,0.0166666666666666,1,2,60,120,2,1.11731843575419,0,60.0,61.0,0.6611111111111111,1.0,2,0.0166666666666666,2.0
1538C99F-BA1E-4EFB-A949-6C7C47701B20,1538C99F_s2,8023FE1A-D3B0-4E2C-A57A-9321B7FC755F,ewma,"{""theta"": 0.8692350966201596, ""alpha"": 0.2}",180,60,120,0.0166666666666666,0.0583333333333333,1,7,60,120,2,1.11731843575419,0,60.0,61.0,0.6333333333333333,1.0,7,0.0583333333333333,7.0
1538C99F-BA1E-4EFB-A949-6C7C47701B20,1538C99F_s2,8023FE1A-D3B0-4E2C-A57A-9321B7FC755F,majority_vote,"{""theta"": 0.869716929045736, ""w"": 3, ""k"": 2}",180,60,120,0.0166666666666666,0.0083333333333333,1,1,60,120,2,1.11731843575419,0,60.0,60.0,0.6666666666666666,1.0,1,0.0083333333333333,1.0
1538C99F-BA1E-4EFB-A949-6C7C47701B20,1538C99F_s2,8023FE1A-D3B0-4E2C-A57A-9321B7FC755F,debounce,"{""theta"": 0.8702818771916735, ""n"": 2}",180,60,120,0.0166666666666666,0.0083333333333333,1,1,60,120,2,1.11731843575419,0,60.0,60.0,0.6666666666666666,1.0,1,0.0083333333333333,1.0
1538C99F-BA1E-4EFB-A949-6C7C47701B20,1538C99F_s2,8023FE1A-D3B0-4E2C-A57A-9321B7FC755F,margin_dual_threshold,"{""theta"": 0.8557284190106693, ""margin"": 0.05}",180,60,120,0.0,0.0,0,0,60,120,2,1.11731843575419,0,60.0,60.0,0.6666666666666666,0.0,0,0.0,0.0
1538C99F-BA1E-4EFB-A949-6C7C47701B20,1538C99F_s2,8023FE1A-D3B0-4E2C-A57A-9321B7FC755F,hysteresis,"{""theta"": 0.8925222696411251, ""margin"": 0.05, ""ttt_frames"": 2}",180,60,120,0.0166666666666666,0.0166666666666666,1,2,60,120,2,1.11731843575419,0,60.0,61.0,0.6611111111111111,1.0,2,0.0166666666666666,2.0
1538C99F-BA1E-4EFB-A949-6C7C47701B20,1538C99F_s2,8023FE1A-D3B0-4E2C-A57A-9321B7FC755F,trust_model,"{""theta"": 0.9213984287099902, ""gain"": 0.3, ""decay"": 0.05, ""tau_lo"": 0.4, ""tau_hi"": 0.6}",180,60,120,0.0666666666666666,0.5,4,60,60,120,1,0.5586592178770949,0,90.0,90.0,0.3555555555555555,4.0,60,0.5,
1538C99F-BA1E-4EFB-A949-6C7C47701B20,1538C99F_s2,8023FE1A-D3B0-4E2C-A57A-9321B7FC755F,sprt,"{""A"": 8, ""B"": 1, ""mu_gen"": 0.9259595592197434, ""sd_gen"": 0.03251697868706521, ""mu_imp"": 0.550189675611596, ""sd_imp"": 0.31638437221706395}",180,60,120,0.0,0.0166666666666666,0,2,60,120,2,1.11731843575419,0,60.0,60.0,0.6555555555555556,0.0,2,0.0166666666666666,2.0
1538C99F-BA1E-4EFB-A949-6C7C47701B20,1538C99F_s3,806289BC-AD52-4CC1-806C-0CDB14D65EB6,instantaneous,"{""theta"": 0.867532641945833}",180,60,120,0.0,0.0,0,0,60,120,2,1.11731843575419,0,60.0,60.0,0.6666666666666666,0.0,0,0.0,0.0
1538C99F-BA1E-4EFB-A949-6C7C47701B20,1538C99F_s3,806289BC-AD52-4CC1-806C-0CDB14D65EB6,moving_average,"{""theta"": 0.8648709990300678, ""w"": 3}",180,60,120,0.0,0.0166666666666666,0,2,60,120,2,1.11731843575419,0,60.0,60.0,0.6555555555555556,0.0,2,0.0166666666666666,2.0
1538C99F-BA1E-4EFB-A949-6C7C47701B20,1538C99F_s3,806289BC-AD52-4CC1-806C-0CDB14D65EB6,ewma,"{""theta"": 0.8692350966201596, ""alpha"": 0.2}",180,60,120,0.0,0.0916666666666666,0,11,60,120,2,1.11731843575419,0,60.0,60.0,0.6055555555555555,0.0,11,0.0916666666666666,11.0
1538C99F-BA1E-4EFB-A949-6C7C47701B20,1538C99F_s3,806289BC-AD52-4CC1-806C-0CDB14D65EB6,majority_vote,"{""theta"": 0.869716929045736, ""w"": 3, ""k"": 2}",180,60,120,0.0166666666666666,0.0083333333333333,1,1,60,120,2,1.11731843575419,0,60.0,60.0,0.6666666666666666,1.0,1,0.0083333333333333,1.0
1538C99F-BA1E-4EFB-A949-6C7C47701B20,1538C99F_s3,806289BC-AD52-4CC1-806C-0CDB14D65EB6,debounce,"{""theta"": 0.8702818771916735, ""n"": 2}",180,60,120,0.0166666666666666,0.0083333333333333,1,1,60,120,2,1.11731843575419,0,60.0,60.0,0.6666666666666666,1.0,1,0.0083333333333333,1.0
1538C99F-BA1E-4EFB-A949-6C7C47701B20,1538C99F_s3,806289BC-AD52-4CC1-806C-0CDB14D65EB6,margin_dual_threshold,"{""theta"": 0.8557284190106693, ""margin"": 0.05}",180,60,120,0.0,0.0,0,0,60,120,2,1.11731843575419,0,60.0,60.0,0.6666666666666666,0.0,0,0.0,0.0
1538C99F-BA1E-4EFB-A949-6C7C47701B20,1538C99F_s3,806289BC-AD52-4CC1-806C-0CDB14D65EB6,hysteresis,"{""theta"": 0.8925222696411251, ""margin"": 0.05, ""ttt_frames"": 2}",180,60,120,0.0166666666666666,0.175,1,21,60,120,2,1.11731843575419,0,60.0,61.0,0.5555555555555556,1.0,21,0.175,21.0
1538C99F-BA1E-4EFB-A949-6C7C47701B20,1538C99F_s3,806289BC-AD52-4CC1-806C-0CDB14D65EB6,trust_model,"{""theta"": 0.9213984287099902, ""gain"": 0.3, ""decay"": 0.05, ""tau_lo"": 0.4, ""tau_hi"": 0.6}",180,60,120,0.0,0.3833333333333333,0,46,60,120,2,1.11731843575419,0,60.0,60.0,0.4111111111111111,0.0,46,0.3833333333333333,46.0
1538C99F-BA1E-4EFB-A949-6C7C47701B20,1538C99F_s3,806289BC-AD52-4CC1-806C-0CDB14D65EB6,sprt,"{""A"": 8, ""B"": 1, ""mu_gen"": 0.9259595592197434, ""sd_gen"": 0.03251697868706521, ""mu_imp"": 0.550189675611596, ""sd_imp"": 0.31638437221706395}",180,60,120,0.0,0.0166666666666666,0,2,60,120,2,1.11731843575419,0,60.0,60.0,0.6555555555555556,0.0,2,0.0166666666666666,2.0
1538C99F-BA1E-4EFB-A949-6C7C47701B20,1538C99F_s4,CF722AA9-2533-4E51-9FEB-9EAC84EE9AAC,instantaneous,"{""theta"": 0.867532641945833}",180,60,120,0.0,0.0,0,0,60,120,2,1.11731843575419,0,60.0,60.0,0.6666666666666666,0.0,0,0.0,0.0
1538C99F-BA1E-4EFB-A949-6C7C47701B20,1538C99F_s4,CF722AA9-2533-4E51-9FEB-9EAC84EE9AAC,moving_average,"{""theta"": 0.8648709990300678, ""w"": 3}",180,60,120,0.0166666666666666,0.0083333333333333,1,1,60,120,2,1.11731843575419,0,60.0,60.0,0.6666666666666666,1.0,1,0.0083333333333333,1.0
1538C99F-BA1E-4EFB-A949-6C7C47701B20,1538C99F_s4,CF722AA9-2533-4E51-9FEB-9EAC84EE9AAC,ewma,"{""theta"": 0.8692350966201596, ""alpha"": 0.2}",180,60,120,0.0333333333333333,0.0416666666666666,2,5,60,120,2,1.11731843575419,0,60.0,62.0,0.65,2.0,5,0.0416666666666666,5.0
1538C99F-BA1E-4EFB-A949-6C7C47701B20,1538C99F_s4,CF722AA9-2533-4E51-9FEB-9EAC84EE9AAC,majority_vote,"{""theta"": 0.869716929045736, ""w"": 3, ""k"": 2}",180,60,120,0.0166666666666666,0.0083333333333333,1,1,60,120,2,1.11731843575419,0,60.0,60.0,0.6666666666666666,1.0,1,0.0083333333333333,1.0
1538C99F-BA1E-4EFB-A949-6C7C47701B20,1538C99F_s4,CF722AA9-2533-4E51-9FEB-9EAC84EE9AAC,debounce,"{""theta"": 0.8702818771916735, ""n"": 2}",180,60,120,0.0166666666666666,0.0083333333333333,1,1,60,120,2,1.11731843575419,0,60.0,60.0,0.6666666666666666,1.0,1,0.0083333333333333,1.0
1538C99F-BA1E-4EFB-A949-6C7C47701B20,1538C99F_s4,CF722AA9-2533-4E51-9FEB-9EAC84EE9AAC,margin_dual_threshold,"{""theta"": 0.8557284190106693, ""margin"": 0.05}",180,60,120,0.0,0.0,0,0,60,120,2,1.11731843575419,0,60.0,60.0,0.6666666666666666,0.0,0,0.0,0.0
1538C99F-BA1E-4EFB-A949-6C7C47701B20,1538C99F_s4,CF722AA9-2533-4E51-9FEB-9EAC84EE9AAC,hysteresis,"{""theta"": 0.8925222696411251, ""margin"": 0.05, ""ttt_frames"": 2}",180,60,120,0.0166666666666666,0.0083333333333333,1,1,60,120,2,1.11731843575419,0,60.0,60.0,0.6666666666666666,1.0,1,0.0083333333333333,1.0
1538C99F-BA1E-4EFB-A949-6C7C47701B20,1538C99F_s4,CF722AA9-2533-4E51-9FEB-9EAC84EE9AAC,trust_model,"{""theta"": 0.9213984287099902, ""gain"": 0.3, ""decay"": 0.05, ""tau_lo"": 0.4, ""tau_hi"": 0.6}",180,60,120,0.0666666666666666,0.25,4,30,60,120,2,1.11731843575419,0,60.0,64.0,0.5222222222222223,4.0,30,0.25,30.0
1538C99F-BA1E-4EFB-A949-6C7C47701B20,1538C99F_s4,CF722AA9-2533-4E51-9FEB-9EAC84EE9AAC,sprt,"{""A"": 8, ""B"": 1, ""mu_gen"": 0.9259595592197434, ""sd_gen"": 0.03251697868706521, ""mu_imp"": 0.550189675611596, ""sd_imp"": 0.31638437221706395}",180,60,120,0.0166666666666666,0.0166666666666666,1,2,60,120,2,1.11731843575419,0,60.0,61.0,0.6611111111111111,1.0,2,0.0166666666666666,2.0
24E40C4C-A349-4F9F-93AB-01D00FB994AF,24E40C4C_s0,A7599A50-24AE-46A6-8EA6-2576F1011D81,instantaneous,"{""theta"": 0.90382281572155}",180,60,120,0.0,0.0,0,0,60,120,2,1.11731843575419,0,60.0,60.0,0.6666666666666666,0.0,0,0.0,0.0
24E40C4C-A349-4F9F-93AB-01D00FB994AF,24E40C4C_s0,A7599A50-24AE-46A6-8EA6-2576F1011D81,moving_average,"{""theta"": 0.8932296255081064, ""w"": 20}",180,60,120,0.0333333333333333,0.15,2,18,60,120,2,1.11731843575419,0,60.0,62.0,0.5777777777777777,2.0,18,0.15,18.0
24E40C4C-A349-4F9F-93AB-01D00FB994AF,24E40C4C_s0,A7599A50-24AE-46A6-8EA6-2576F1011D81,ewma,"{""theta"": 0.8280465526035142, ""alpha"": 0.5}",180,60,120,0.0,0.0166666666666666,0,2,60,120,2,1.11731843575419,0,60.0,60.0,0.6555555555555556,0.0,2,0.0166666666666666,2.0
24E40C4C-A349-4F9F-93AB-01D00FB994AF,24E40C4C_s0,A7599A50-24AE-46A6-8EA6-2576F1011D81,majority_vote,"{""theta"": 0.9040657795088175, ""w"": 3, ""k"": 2}",180,60,120,0.0166666666666666,0.0083333333333333,1,1,60,120,2,1.11731843575419,0,60.0,60.0,0.6666666666666666,1.0,1,0.0083333333333333,1.0
24E40C4C-A349-4F9F-93AB-01D00FB994AF,24E40C4C_s0,A7599A50-24AE-46A6-8EA6-2576F1011D81,debounce,"{""theta"": 0.9041679417628785, ""n"": 2}",180,60,120,0.0166666666666666,0.0083333333333333,1,1,60,120,2,1.11731843575419,0,60.0,60.0,0.6666666666666666,1.0,1,0.0083333333333333,1.0
24E40C4C-A349-4F9F-93AB-01D00FB994AF,24E40C4C_s0,A7599A50-24AE-46A6-8EA6-2576F1011D81,margin_dual_threshold,"{""theta"": 0.8727185051235681, ""margin"": 0.05}",180,60,120,0.0,0.0,0,0,60,120,2,1.11731843575419,0,60.0,60.0,0.6666666666666666,0.0,0,0.0,0.0
24E40C4C-A349-4F9F-93AB-01D00FB994AF,24E40C4C_s0,A7599A50-24AE-46A6-8EA6-2576F1011D81,hysteresis,"{""theta"": 0.8727185051235681, ""margin"": 0.2, ""ttt_frames"": 3}",180,60,120,0.0333333333333333,0.5,2,60,60,120,1,0.5586592178770949,0,90.0,90.0,0.3444444444444444,2.0,60,0.5,
24E40C4C-A349-4F9F-93AB-01D00FB994AF,24E40C4C_s0,A7599A50-24AE-46A6-8EA6-2576F1011D81,trust_model,"{""theta"": 0.8089732770745429, ""gain"": 0.6, ""decay"": 0.2, ""tau_lo"": 0.4, ""tau_hi"": 0.6}",180,60,120,0.0166666666666666,0.0416666666666666,1,5,60,120,2,1.11731843575419,0,60.0,61.0,0.6444444444444445,1.0,5,0.0416666666666666,5.0
24E40C4C-A349-4F9F-93AB-01D00FB994AF,24E40C4C_s0,A7599A50-24AE-46A6-8EA6-2576F1011D81,sprt,"{""A"": 2, ""B"": 1, ""mu_gen"": 0.9508737414328132, ""sd_gen"": 0.027769326428955746, ""mu_imp"": 0.41774691358024696, ""sd_imp"": 0.27516664217617687}",180,60,120,0.0,0.0,0,0,60,120,2,1.11731843575419,0,60.0,60.0,0.6666666666666666,0.0,0,0.0,0.0
24E40C4C-A349-4F9F-93AB-01D00FB994AF,24E40C4C_s1,4E98F91F-4654-42EF-B908-A3389443F2E7,instantaneous,"{""theta"": 0.90382281572155}",180,60,120,0.0,0.0,0,0,60,120,2,1.11731843575419,0,60.0,60.0,0.6666666666666666,0.0,0,0.0,0.0
24E40C4C-A349-4F9F-93AB-01D00FB994AF,24E40C4C_s1,4E98F91F-4654-42EF-B908-A3389443F2E7,moving_average,"{""theta"": 0.8932296255081064, ""w"": 20}",180,60,120,0.0333333333333333,0.1416666666666666,2,17,60,120,2,1.11731843575419,0,60.0,62.0,0.5833333333333334,2.0,17,0.1416666666666666,17.0
24E40C4C-A349-4F9F-93AB-01D00FB994AF,24E40C4C_s1,4E98F91F-4654-42EF-B908-A3389443F2E7,ewma,"{""theta"": 0.8280465526035142, ""alpha"": 0.5}",180,60,120,0.0,0.0166666666666666,0,2,60,120,2,1.11731843575419,0,60.0,60.0,0.6555555555555556,0.0,2,0.0166666666666666,2.0
24E40C4C-A349-4F9F-93AB-01D00FB994AF,24E40C4C_s1,4E98F91F-4654-42EF-B908-A3389443F2E7,majority_vote,"{""theta"": 0.9040657795088175, ""w"": 3, ""k"": 2}",180,60,120,0.0166666666666666,0.0083333333333333,1,1,60,120,2,1.11731843575419,0,60.0,60.0,0.6666666666666666,1.0,1,0.0083333333333333,1.0
24E40C4C-A349-4F9F-93AB-01D00FB994AF,24E40C4C_s1,4E98F91F-4654-42EF-B908-A3389443F2E7,debounce,"{""theta"": 0.9041679417628785, ""n"": 2}",180,60,120,0.0166666666666666,0.0083333333333333,1,1,60,120,2,1.11731843575419,0,60.0,60.0,0.6666666666666666,1.0,1,0.0083333333333333,1.0
24E40C4C-A349-4F9F-93AB-01D00FB994AF,24E40C4C_s1,4E98F91F-4654-42EF-B908-A3389443F2E7,margin_dual_threshold,"{""theta"": 0.8727185051235681, ""margin"": 0.05}",180,60,120,0.0,0.0,0,0,60,120,2,1.11731843575419,0,60.0,60.0,0.6666666666666666,0.0,0,0.0,0.0
24E40C4C-A349-4F9F-93AB-01D00FB994AF,24E40C4C_s1,4E98F91F-4654-42EF-B908-A3389443F2E7,hysteresis,"{""theta"": 0.8727185051235681, ""margin"": 0.2, ""ttt_frames"": 3}",180,60,120,0.0333333333333333,0.0166666666666666,2,2,60,120,2,1.11731843575419,0,60.0,60.0,0.6666666666666666,2.0,2,0.0166666666666666,2.0
24E40C4C-A349-4F9F-93AB-01D00FB994AF,24E40C4C_s1,4E98F91F-4654-42EF-B908-A3389443F2E7,trust_model,"{""theta"": 0.8089732770745429, ""gain"": 0.6, ""decay"": 0.2, ""tau_lo"": 0.4, ""tau_hi"": 0.6}",180,60,120,0.0333333333333333,0.025,2,3,60,120,2,1.11731843575419,0,60.0,61.0,0.6611111111111111,2.0,3,0.025,3.0
24E40C4C-A349-4F9F-93AB-01D00FB994AF,24E40C4C_s1,4E98F91F-4654-42EF-B908-A3389443F2E7,sprt,"{""A"": 2, ""B"": 1, ""mu_gen"": 0.9508737414328132, ""sd_gen"": 0.027769326428955746, ""mu_imp"": 0.41774691358024696, ""sd_imp"": 0.27516664217617687}",180,60,120,0.0,0.0,0,0,60,120,2,1.11731843575419,0,60.0,60.0,0.6666666666666666,0.0,0,0.0,0.0
24E40C4C-A349-4F9F-93AB-01D00FB994AF,24E40C4C_s2,00EABED2-271D-49D8-B599-1D4A09240601,instantaneous,"{""theta"": 0.90382281572155}",180,60,120,0.0,0.0,0,0,60,120,2,1.11731843575419,0,60.0,60.0,0.6666666666666666,0.0,0,0.0,0.0
24E40C4C-A349-4F9F-93AB-01D00FB994AF,24E40C4C_s2,00EABED2-271D-49D8-B599-1D4A09240601,moving_average,"{""theta"": 0.8932296255081064, ""w"": 20}",180,60,120,0.1166666666666666,0.1416666666666666,7,17,60,120,2,1.11731843575419,0,60.0,67.0,0.6111111111111112,7.0,17,0.1416666666666666,17.0
24E40C4C-A349-4F9F-93AB-01D00FB994AF,24E40C4C_s2,00EABED2-271D-49D8-B599-1D4A09240601,ewma,"{""theta"": 0.8280465526035142, ""alpha"": 0.5}",180,60,120,0.0666666666666666,0.0083333333333333,4,1,60,120,4,2.23463687150838,2,36.0,52.0,0.6833333333333333,2.0,1,0.0083333333333333,1.0
24E40C4C-A349-4F9F-93AB-01D00FB994AF,24E40C4C_s2,00EABED2-271D-49D8-B599-1D4A09240601,majority_vote,"{""theta"": 0.9040657795088175, ""w"": 3, ""k"": 2}",180,60,120,0.0166666666666666,0.0083333333333333,1,1,60,120,2,1.11731843575419,0,60.0,60.0,0.6666666666666666,1.0,1,0.0083333333333333,1.0
24E40C4C-A349-4F9F-93AB-01D00FB994AF,24E40C4C_s2,00EABED2-271D-49D8-B599-1D4A09240601,debounce,"{""theta"": 0.9041679417628785, ""n"": 2}",180,60,120,0.0166666666666666,0.0083333333333333,1,1,60,120,2,1.11731843575419,0,60.0,60.0,0.6666666666666666,1.0,1,0.0083333333333333,1.0
24E40C4C-A349-4F9F-93AB-01D00FB994AF,24E40C4C_s2,00EABED2-271D-49D8-B599-1D4A09240601,margin_dual_threshold,"{""theta"": 0.8727185051235681, ""margin"": 0.05}",180,60,120,0.0,0.0,0,0,60,120,2,1.11731843575419,0,60.0,60.0,0.6666666666666666,0.0,0,0.0,0.0
24E40C4C-A349-4F9F-93AB-01D00FB994AF,24E40C4C_s2,00EABED2-271D-49D8-B599-1D4A09240601,hysteresis,"{""theta"": 0.8727185051235681, ""margin"": 0.2, ""ttt_frames"": 3}",180,60,120,0.4,0.4583333333333333,24,55,60,120,2,1.11731843575419,0,60.0,84.0,0.4944444444444444,24.0,55,0.4583333333333333,55.0
24E40C4C-A349-4F9F-93AB-01D00FB994AF,24E40C4C_s2,00EABED2-271D-49D8-B599-1D4A09240601,trust_model,"{""theta"": 0.8089732770745429, ""gain"": 0.6, ""decay"": 0.2, ""tau_lo"": 0.4, ""tau_hi"": 0.6}",180,60,120,0.3833333333333333,0.0333333333333333,23,4,60,120,2,1.11731843575419,0,60.0,56.0,0.7722222222222223,23.0,4,0.0333333333333333,4.0
24E40C4C-A349-4F9F-93AB-01D00FB994AF,24E40C4C_s2,00EABED2-271D-49D8-B599-1D4A09240601,sprt,"{""A"": 2, ""B"": 1, ""mu_gen"": 0.9508737414328132, ""sd_gen"": 0.027769326428955746, ""mu_imp"": 0.41774691358024696, ""sd_imp"": 0.27516664217617687}",180,60,120,0.0,0.0,0,0,60,120,2,1.11731843575419,0,60.0,60.0,0.6666666666666666,0.0,0,0.0,0.0
24E40C4C-A349-4F9F-93AB-01D00FB994AF,24E40C4C_s3,78A91A4E-4A51-4065-BDA7-94755F0BB3BB,instantaneous,"{""theta"": 0.90382281572155}",180,60,120,0.0,0.0,0,0,60,120,2,1.11731843575419,0,60.0,60.0,0.6666666666666666,0.0,0,0.0,0.0
24E40C4C-A349-4F9F-93AB-01D00FB994AF,24E40C4C_s3,78A91A4E-4A51-4065-BDA7-94755F0BB3BB,moving_average,"{""theta"": 0.8932296255081064, ""w"": 20}",180,60,120,0.0166666666666666,0.15,1,18,60,120,2,1.11731843575419,0,60.0,61.0,0.5722222222222222,1.0,18,0.15,18.0
24E40C4C-A349-4F9F-93AB-01D00FB994AF,24E40C4C_s3,78A91A4E-4A51-4065-BDA7-94755F0BB3BB,ewma,"{""theta"": 0.8280465526035142, ""alpha"": 0.5}",180,60,120,0.0,0.025,0,3,60,120,2,1.11731843575419,0,60.0,60.0,0.65,0.0,3,0.025,3.0
24E40C4C-A349-4F9F-93AB-01D00FB994AF,24E40C4C_s3,78A91A4E-4A51-4065-BDA7-94755F0BB3BB,majority_vote,"{""theta"": 0.9040657795088175, ""w"": 3, ""k"": 2}",180,60,120,0.0166666666666666,0.0083333333333333,1,1,60,120,2,1.11731843575419,0,60.0,60.0,0.6666666666666666,1.0,1,0.0083333333333333,1.0
24E40C4C-A349-4F9F-93AB-01D00FB994AF,24E40C4C_s3,78A91A4E-4A51-4065-BDA7-94755F0BB3BB,debounce,"{""theta"": 0.9041679417628785, ""n"": 2}",180,60,120,0.0166666666666666,0.0083333333333333,1,1,60,120,2,1.11731843575419,0,60.0,60.0,0.6666666666666666,1.0,1,0.0083333333333333,1.0
24E40C4C-A349-4F9F-93AB-01D00FB994AF,24E40C4C_s3,78A91A4E-4A51-4065-BDA7-94755F0BB3BB,margin_dual_threshold,"{""theta"": 0.8727185051235681, ""margin"": 0.05}",180,60,120,0.0,0.0,0,0,60,120,2,1.11731843575419,0,60.0,60.0,0.6666666666666666,0.0,0,0.0,0.0
24E40C4C-A349-4F9F-93AB-01D00FB994AF,24E40C4C_s3,78A91A4E-4A51-4065-BDA7-94755F0BB3BB,hysteresis,"{""theta"": 0.8727185051235681, ""margin"": 0.2, ""ttt_frames"": 3}",180,60,120,0.0333333333333333,0.4833333333333333,2,58,60,120,2,1.11731843575419,0,60.0,62.0,0.3555555555555555,2.0,58,0.4833333333333333,
24E40C4C-A349-4F9F-93AB-01D00FB994AF,24E40C4C_s3,78A91A4E-4A51-4065-BDA7-94755F0BB3BB,trust_model,"{""theta"": 0.8089732770745429, ""gain"": 0.6, ""decay"": 0.2, ""tau_lo"": 0.4, ""tau_hi"": 0.6}",180,60,120,0.0166666666666666,0.0416666666666666,1,5,60,120,2,1.11731843575419,0,60.0,61.0,0.6444444444444445,1.0,5,0.0416666666666666,5.0
24E40C4C-A349-4F9F-93AB-01D00FB994AF,24E40C4C_s3,78A91A4E-4A51-4065-BDA7-94755F0BB3BB,sprt,"{""A"": 2, ""B"": 1, ""mu_gen"": 0.9508737414328132, ""sd_gen"": 0.027769326428955746, ""mu_imp"": 0.41774691358024696, ""sd_imp"": 0.27516664217617687}",180,60,120,0.0,0.0,0,0,60,120,2,1.11731843575419,0,60.0,60.0,0.6666666666666666,0.0,0,0.0,0.0
24E40C4C-A349-4F9F-93AB-01D00FB994AF,24E40C4C_s4,78A91A4E-4A51-4065-BDA7-94755F0BB3BB,instantaneous,"{""theta"": 0.90382281572155}",180,60,120,0.0,0.0,0,0,60,120,2,1.11731843575419,0,60.0,60.0,0.6666666666666666,0.0,0,0.0,0.0
24E40C4C-A349-4F9F-93AB-01D00FB994AF,24E40C4C_s4,78A91A4E-4A51-4065-BDA7-94755F0BB3BB,moving_average,"{""theta"": 0.8932296255081064, ""w"": 20}",180,60,120,0.0333333333333333,0.15,2,18,60,120,2,1.11731843575419,0,60.0,62.0,0.5777777777777777,2.0,18,0.15,18.0
24E40C4C-A349-4F9F-93AB-01D00FB994AF,24E40C4C_s4,78A91A4E-4A51-4065-BDA7-94755F0BB3BB,ewma,"{""theta"": 0.8280465526035142, ""alpha"": 0.5}",180,60,120,0.0,0.0166666666666666,0,2,60,120,2,1.11731843575419,0,60.0,60.0,0.6555555555555556,0.0,2,0.0166666666666666,2.0
24E40C4C-A349-4F9F-93AB-01D00FB994AF,24E40C4C_s4,78A91A4E-4A51-4065-BDA7-94755F0BB3BB,majority_vote,"{""theta"": 0.9040657795088175, ""w"": 3, ""k"": 2}",180,60,120,0.0166666666666666,0.0083333333333333,1,1,60,120,2,1.11731843575419,0,60.0,60.0,0.6666666666666666,1.0,1,0.0083333333333333,1.0
24E40C4C-A349-4F9F-93AB-01D00FB994AF,24E40C4C_s4,78A91A4E-4A51-4065-BDA7-94755F0BB3BB,debounce,"{""theta"": 0.9041679417628785, ""n"": 2}",180,60,120,0.0166666666666666,0.0083333333333333,1,1,60,120,2,1.11731843575419,0,60.0,60.0,0.6666666666666666,1.0,1,0.0083333333333333,1.0
24E40C4C-A349-4F9F-93AB-01D00FB994AF,24E40C4C_s4,78A91A4E-4A51-4065-BDA7-94755F0BB3BB,margin_dual_threshold,"{""theta"": 0.8727185051235681, ""margin"": 0.05}",180,60,120,0.0,0.0,0,0,60,120,2,1.11731843575419,0,60.0,60.0,0.6666666666666666,0.0,0,0.0,0.0
24E40C4C-A349-4F9F-93AB-01D00FB994AF,24E40C4C_s4,78A91A4E-4A51-4065-BDA7-94755F0BB3BB,hysteresis,"{""theta"": 0.8727185051235681, ""margin"": 0.2, ""ttt_frames"": 3}",180,60,120,0.0333333333333333,0.025,2,3,60,120,2,1.11731843575419,0,60.0,61.0,0.6611111111111111,2.0,3,0.025,3.0
24E40C4C-A349-4F9F-93AB-01D00FB994AF,24E40C4C_s4,78A91A4E-4A51-4065-BDA7-94755F0BB3BB,trust_model,"{""theta"": 0.8089732770745429, ""gain"": 0.6, ""decay"": 0.2, ""tau_lo"": 0.4, ""tau_hi"": 0.6}",180,60,120,0.0166666666666666,0.0333333333333333,1,4,60,120,2,1.11731843575419,0,60.0,61.0,0.65,1.0,4,0.0333333333333333,4.0
24E40C4C-A349-4F9F-93AB-01D00FB994AF,24E40C4C_s4,78A91A4E-4A51-4065-BDA7-94755F0BB3BB,sprt,"{""A"": 2, ""B"": 1, ""mu_gen"": 0.9508737414328132, ""sd_gen"": 0.027769326428955746, ""mu_imp"": 0.41774691358024696, ""sd_imp"": 0.27516664217617687}",180,60,120,0.0,0.0,0,0,60,120,2,1.11731843575419,0,60.0,60.0,0.6666666666666666,0.0,0,0.0,0.0
24E40C4C-A349-4F9F-93AB-01D00FB994AF,24E40C4C_s5,098A72A5-E3E5-4F54-A152-BBDA0DF7B694,instantaneous,"{""theta"": 0.90382281572155}",180,60,120,0.0,0.0,0,0,60,120,2,1.11731843575419,0,60.0,60.0,0.6666666666666666,0.0,0,0.0,0.0
24E40C4C-A349-4F9F-93AB-01D00FB994AF,24E40C4C_s5,098A72A5-E3E5-4F54-A152-BBDA0DF7B694,moving_average,"{""theta"": 0.8932296255081064, ""w"": 20}",180,60,120,0.1,0.1,6,12,60,120,2,1.11731843575419,0,60.0,66.0,0.6333333333333333,6.0,12,0.1,12.0
24E40C4C-A349-4F9F-93AB-01D00FB994AF,24E40C4C_s5,098A72A5-E3E5-4F54-A152-BBDA0DF7B694,ewma,"{""theta"": 0.8280465526035142, ""alpha"": 0.5}",180,60,120,0.0833333333333333,0.0,5,0,60,120,8,4.46927374301676,7,20.0,6.0,0.6944444444444444,3.0,0,0.0,0.0
24E40C4C-A349-4F9F-93AB-01D00FB994AF,24E40C4C_s5,098A72A5-E3E5-4F54-A152-BBDA0DF7B694,majority_vote,"{""theta"": 0.9040657795088175, ""w"": 3, ""k"": 2}",180,60,120,0.0166666666666666,0.0083333333333333,1,1,60,120,2,1.11731843575419,0,60.0,60.0,0.6666666666666666,1.0,1,0.0083333333333333,1.0
24E40C4C-A349-4F9F-93AB-01D00FB994AF,24E40C4C_s5,098A72A5-E3E5-4F54-A152-BBDA0DF7B694,debounce,"{""theta"": 0.9041679417628785, ""n"": 2}",180,60,120,0.0166666666666666,0.0083333333333333,1,1,60,120,2,1.11731843575419,0,60.0,60.0,0.6666666666666666,1.0,1,0.0083333333333333,1.0
24E40C4C-A349-4F9F-93AB-01D00FB994AF,24E40C4C_s5,098A72A5-E3E5-4F54-A152-BBDA0DF7B694,margin_dual_threshold,"{""theta"": 0.8727185051235681, ""margin"": 0.05}",180,60,120,0.0,0.0,0,0,60,120,2,1.11731843575419,0,60.0,60.0,0.6666666666666666,0.0,0,0.0,0.0
24E40C4C-A349-4F9F-93AB-01D00FB994AF,24E40C4C_s5,098A72A5-E3E5-4F54-A152-BBDA0DF7B694,hysteresis,"{""theta"": 0.8727185051235681, ""margin"": 0.2, ""ttt_frames"": 3}",180,60,120,0.1333333333333333,0.225,8,27,60,120,2,1.11731843575419,0,60.0,68.0,0.5611111111111111,8.0,27,0.225,27.0
24E40C4C-A349-4F9F-93AB-01D00FB994AF,24E40C4C_s5,098A72A5-E3E5-4F54-A152-BBDA0DF7B694,trust_model,"{""theta"": 0.8089732770745429, ""gain"": 0.6, ""decay"": 0.2, ""tau_lo"": 0.4, ""tau_hi"": 0.6}",180,60,120,0.3,0.0083333333333333,18,1,60,120,2,1.11731843575419,0,60.0,59.0,0.7611111111111111,18.0,1,0.0083333333333333,1.0
24E40C4C-A349-4F9F-93AB-01D00FB994AF,24E40C4C_s5,098A72A5-E3E5-4F54-A152-BBDA0DF7B694,sprt,"{""A"": 2, ""B"": 1, ""mu_gen"": 0.9508737414328132, ""sd_gen"": 0.027769326428955746, ""mu_imp"": 0.41774691358024696, ""sd_imp"": 0.27516664217617687}",180,60,120,0.0,0.0,0,0,60,120,2,1.11731843575419,0,60.0,60.0,0.6666666666666666,0.0,0,0.0,0.0
2C32C23E-E30C-498A-8DD2-0EFB9150A02E,2C32C23E_s0,A7599A50-24AE-46A6-8EA6-2576F1011D81,instantaneous,"{""theta"": 0.839394706013411}",180,60,120,0.0,0.0,0,0,60,120,2,1.11731843575419,0,60.0,60.0,0.6666666666666666,0.0,0,0.0,0.0
2C32C23E-E30C-498A-8DD2-0EFB9150A02E,2C32C23E_s0,A7599A50-24AE-46A6-8EA6-2576F1011D81,moving_average,"{""theta"": 0.8527432495561992, ""w"": 10}",180,60,120,0.0166666666666666,0.2666666666666666,1,32,60,120,6,3.35195530726257,0,25.714285714285715,13.0,0.4944444444444444,1.0,32,0.2666666666666666,9.0
2C32C23E-E30C-498A-8DD2-0EFB9150A02E,2C32C23E_s0,A7599A50-24AE-46A6-8EA6-2576F1011D81,ewma,"{""theta"": 0.8392817254687759, ""alpha"": 0.5}",180,60,120,0.0,0.025,0,3,60,120,2,1.11731843575419,0,60.0,60.0,0.65,0.0,3,0.025,3.0
2C32C23E-E30C-498A-8DD2-0EFB9150A02E,2C32C23E_s0,A7599A50-24AE-46A6-8EA6-2576F1011D81,majority_vote,"{""theta"": 0.8686962440437261, ""w"": 10, ""k"": 6}",180,60,120,0.0666666666666666,0.4,4,48,60,120,3,1.675977653631285,0,45.0,48.0,0.4222222222222222,4.0,48,0.4,6.0
2C32C23E-E30C-498A-8DD2-0EFB9150A02E,2C32C23E_s0,A7599A50-24AE-46A6-8EA6-2576F1011D81,debounce,"{""theta"": 0.9291179108661123, ""n"": 10}",180,60,120,0.15,0.825,9,99,60,120,3,1.675977653631285,0,45.0,30.0,0.1666666666666666,9.0,99,0.825,
2C32C23E-E30C-498A-8DD2-0EFB9150A02E,2C32C23E_s0,A7599A50-24AE-46A6-8EA6-2576F1011D81,margin_dual_threshold,"{""theta"": 0.8868274128748949, ""margin"": 0.1}",180,60,120,0.0,0.0,0,0,60,120,2,1.11731843575419,0,60.0,60.0,0.6666666666666666,0.0,0,0.0,0.0
2C32C23E-E30C-498A-8DD2-0EFB9150A02E,2C32C23E_s0,A7599A50-24AE-46A6-8EA6-2576F1011D81,hysteresis,"{""theta"": 0.9544980846491637, ""margin"": 0.05, ""ttt_frames"": 10}",180,60,120,0.0,0.925,0,111,60,120,1,0.5586592178770949,0,90.0,90.0,0.05,0.0,111,0.925,
2C32C23E-E30C-498A-8DD2-0EFB9150A02E,2C32C23E_s0,A7599A50-24AE-46A6-8EA6-2576F1011D81,trust_model,"{""theta"": 0.8810280668971316, ""gain"": 0.6, ""decay"": 0.2, ""tau_lo"": 0.4, ""tau_hi"": 0.6}",180,60,120,0.0,0.3583333333333333,0,43,60,120,4,2.23463687150838,0,36.0,27.0,0.4277777777777777,0.0,43,0.3583333333333333,29.0
2C32C23E-E30C-498A-8DD2-0EFB9150A02E,2C32C23E_s0,A7599A50-24AE-46A6-8EA6-2576F1011D81,sprt,"{""A"": 4, ""B"": 1, ""mu_gen"": 0.9257841778525233, ""sd_gen"": 0.04442737009514505, ""mu_imp"": 0.46156451462206854, ""sd_imp"": 0.3026893190184544}",180,60,120,0.0,0.0083333333333333,0,1,60,120,2,1.11731843575419,0,60.0,60.0,0.6611111111111111,0.0,1,0.0083333333333333,1.0
2C32C23E-E30C-498A-8DD2-0EFB9150A02E,2C32C23E_s1,806289BC-AD52-4CC1-806C-0CDB14D65EB6,instantaneous,"{""theta"": 0.839394706013411}",180,60,120,0.0,0.0,0,0,60,120,2,1.11731843575419,0,60.0,60.0,0.6666666666666666,0.0,0,0.0,0.0
2C32C23E-E30C-498A-8DD2-0EFB9150A02E,2C32C23E_s1,806289BC-AD52-4CC1-806C-0CDB14D65EB6,moving_average,"{""theta"": 0.8527432495561992, ""w"": 10}",180,60,120,0.0,0.0666666666666666,0,8,60,120,2,1.11731843575419,0,60.0,60.0,0.6222222222222222,0.0,8,0.0666666666666666,8.0
2C32C23E-E30C-498A-8DD2-0EFB9150A02E,2C32C23E_s1,806289BC-AD52-4CC1-806C-0CDB14D65EB6,ewma,"{""theta"": 0.8392817254687759, ""alpha"": 0.5}",180,60,120,0.0,0.025,0,3,60,120,2,1.11731843575419,0,60.0,60.0,0.65,0.0,3,0.025,3.0
2C32C23E-E30C-498A-8DD2-0EFB9150A02E,2C32C23E_s1,806289BC-AD52-4CC1-806C-0CDB14D65EB6,majority_vote,"{""theta"": 0.8686962440437261, ""w"": 10, ""k"": 6}",180,60,120,0.0666666666666666,0.1666666666666666,4,20,60,120,3,1.675977653631285,0,45.0,52.0,0.5777777777777777,4.0,20,0.1666666666666666,5.0
2C32C23E-E30C-498A-8DD2-0EFB9150A02E,2C32C23E_s1,806289BC-AD52-4CC1-806C-0CDB14D65EB6,debounce,"{""theta"": 0.9291179108661123, ""n"": 10}",180,60,120,0.0,0.925,0,111,60,120,1,0.5586592178770949,0,90.0,90.0,0.05,0.0,111,0.925,
2C32C23E-E30C-498A-8DD2-0EFB9150A02E,2C32C23E_s1,806289BC-AD52-4CC1-806C-0CDB14D65EB6,margin_dual_threshold,"{""theta"": 0.8868274128748949, ""margin"": 0.1}",180,60,120,0.0,0.05,0,6,60,120,2,1.11731843575419,0,60.0,60.0,0.6333333333333333,0.0,6,0.05,6.0
2C32C23E-E30C-498A-8DD2-0EFB9150A02E,2C32C23E_s1,806289BC-AD52-4CC1-806C-0CDB14D65EB6,hysteresis,"{""theta"": 0.9544980846491637, ""margin"": 0.05, ""ttt_frames"": 10}",180,60,120,0.0,0.925,0,111,60,120,1,0.5586592178770949,0,90.0,90.0,0.05,0.0,111,0.925,
2C32C23E-E30C-498A-8DD2-0EFB9150A02E,2C32C23E_s1,806289BC-AD52-4CC1-806C-0CDB14D65EB6,trust_model,"{""theta"": 0.8810280668971316, ""gain"": 0.6, ""decay"": 0.2, ""tau_lo"": 0.4, ""tau_hi"": 0.6}",180,60,120,0.0,0.1166666666666666,0,14,60,120,2,1.11731843575419,0,60.0,60.0,0.5888888888888889,0.0,14,0.1166666666666666,14.0
2C32C23E-E30C-498A-8DD2-0EFB9150A02E,2C32C23E_s1,806289BC-AD52-4CC1-806C-0CDB14D65EB6,sprt,"{""A"": 4, ""B"": 1, ""mu_gen"": 0.9257841778525233, ""sd_gen"": 0.04442737009514505, ""mu_imp"": 0.46156451462206854, ""sd_imp"": 0.3026893190184544}",180,60,120,0.0,0.0083333333333333,0,1,60,120,2,1.11731843575419,0,60.0,60.0,0.6611111111111111,0.0,1,0.0083333333333333,1.0
2C32C23E-E30C-498A-8DD2-0EFB9150A02E,2C32C23E_s2,7CE37510-56D0-4120-A1CF-0E23351428D2,instantaneous,"{""theta"": 0.839394706013411}",180,60,120,0.0,0.0,0,0,60,120,2,1.11731843575419,0,60.0,60.0,0.6666666666666666,0.0,0,0.0,0.0
2C32C23E-E30C-498A-8DD2-0EFB9150A02E,2C32C23E_s2,7CE37510-56D0-4120-A1CF-0E23351428D2,moving_average,"{""theta"": 0.8527432495561992, ""w"": 10}",180,60,120,0.0,0.0583333333333333,0,7,60,120,3,1.675977653631285,0,45.0,56.5,0.6277777777777778,0.0,7,0.0583333333333333,6.0
2C32C23E-E30C-498A-8DD2-0EFB9150A02E,2C32C23E_s2,7CE37510-56D0-4120-A1CF-0E23351428D2,ewma,"{""theta"": 0.8392817254687759, ""alpha"": 0.5}",180,60,120,0.0,0.0083333333333333,0,1,60,120,2,1.11731843575419,0,60.0,60.0,0.6611111111111111,0.0,1,0.0083333333333333,1.0
2C32C23E-E30C-498A-8DD2-0EFB9150A02E,2C32C23E_s2,7CE37510-56D0-4120-A1CF-0E23351428D2,majority_vote,"{""theta"": 0.8686962440437261, ""w"": 10, ""k"": 6}",180,60,120,0.0666666666666666,0.0583333333333333,4,7,60,120,3,1.675977653631285,0,45.0,58.0,0.65,4.0,7,0.0583333333333333,5.0
2C32C23E-E30C-498A-8DD2-0EFB9150A02E,2C32C23E_s2,7CE37510-56D0-4120-A1CF-0E23351428D2,debounce,"{""theta"": 0.9291179108661123, ""n"": 10}",180,60,120,0.0,0.5666666666666667,0,68,60,120,3,1.675977653631285,0,45.0,26.0,0.2888888888888888,0.0,68,0.5666666666666667,9.0
2C32C23E-E30C-498A-8DD2-0EFB9150A02E,2C32C23E_s2,7CE37510-56D0-4120-A1CF-0E23351428D2,margin_dual_threshold,"{""theta"": 0.8868274128748949, ""margin"": 0.1}",180,60,120,0.0,0.0,0,0,60,120,2,1.11731843575419,0,60.0,60.0,0.6666666666666666,0.0,0,0.0,0.0
2C32C23E-E30C-498A-8DD2-0EFB9150A02E,2C32C23E_s2,7CE37510-56D0-4120-A1CF-0E23351428D2,hysteresis,"{""theta"": 0.9544980846491637, ""margin"": 0.05, ""ttt_frames"": 10}",180,60,120,0.0,0.925,0,111,60,120,1,0.5586592178770949,0,90.0,90.0,0.05,0.0,111,0.925,
2C32C23E-E30C-498A-8DD2-0EFB9150A02E,2C32C23E_s2,7CE37510-56D0-4120-A1CF-0E23351428D2,trust_model,"{""theta"": 0.8810280668971316, ""gain"": 0.6, ""decay"": 0.2, ""tau_lo"": 0.4, ""tau_hi"": 0.6}",180,60,120,0.0,0.05,0,6,60,120,2,1.11731843575419,0,60.0,60.0,0.6333333333333333,0.0,6,0.05,6.0
2C32C23E-E30C-498A-8DD2-0EFB9150A02E,2C32C23E_s2,7CE37510-56D0-4120-A1CF-0E23351428D2,sprt,"{""A"": 4, ""B"": 1, ""mu_gen"": 0.9257841778525233, ""sd_gen"": 0.04442737009514505, ""mu_imp"": 0.46156451462206854, ""sd_imp"": 0.3026893190184544}",180,60,120,0.0,0.0083333333333333,0,1,60,120,2,1.11731843575419,0,60.0,60.0,0.6611111111111111,0.0,1,0.0083333333333333,1.0
2C32C23E-E30C-498A-8DD2-0EFB9150A02E,2C32C23E_s3,098A72A5-E3E5-4F54-A152-BBDA0DF7B694,instantaneous,"{""theta"": 0.839394706013411}",180,60,120,0.0,0.0,0,0,60,120,2,1.11731843575419,0,60.0,60.0,0.6666666666666666,0.0,0,0.0,0.0
2C32C23E-E30C-498A-8DD2-0EFB9150A02E,2C32C23E_s3,098A72A5-E3E5-4F54-A152-BBDA0DF7B694,moving_average,"{""theta"": 0.8527432495561992, ""w"": 10}",180,60,120,0.0833333333333333,0.0333333333333333,5,4,60,120,2,1.11731843575419,0,60.0,59.0,0.6722222222222223,5.0,4,0.0333333333333333,4.0
2C32C23E-E30C-498A-8DD2-0EFB9150A02E,2C32C23E_s3,098A72A5-E3E5-4F54-A152-BBDA0DF7B694,ewma,"{""theta"": 0.8392817254687759, ""alpha"": 0.5}",180,60,120,0.0166666666666666,0.0,1,0,60,120,2,1.11731843575419,0,60.0,60.0,0.6722222222222223,1.0,0,0.0,0.0
2C32C23E-E30C-498A-8DD2-0EFB9150A02E,2C32C23E_s3,098A72A5-E3E5-4F54-A152-BBDA0DF7B694,majority_vote,"{""theta"": 0.8686962440437261, ""w"": 10, ""k"": 6}",180,60,120,0.0666666666666666,0.1666666666666666,4,20,60,120,6,3.35195530726257,2,25.714285714285715,24.0,0.5777777777777777,4.0,20,0.1666666666666666,5.0
2C32C23E-E30C-498A-8DD2-0EFB9150A02E,2C32C23E_s3,098A72A5-E3E5-4F54-A152-BBDA0DF7B694,debounce,"{""theta"": 0.9291179108661123, ""n"": 10}",180,60,120,0.15,0.3583333333333333,9,43,60,120,3,1.675977653631285,0,45.0,46.0,0.4777777777777778,9.0,43,0.3583333333333333,20.0
2C32C23E-E30C-498A-8DD2-0EFB9150A02E,2C32C23E_s3,098A72A5-E3E5-4F54-A152-BBDA0DF7B694,margin_dual_threshold,"{""theta"": 0.8868274128748949, ""margin"": 0.1}",180,60,120,0.0,0.0083333333333333,0,1,60,120,2,1.11731843575419,0,60.0,60.0,0.6611111111111111,0.0,1,0.0083333333333333,1.0
2C32C23E-E30C-498A-8DD2-0EFB9150A02E,2C32C23E_s3,098A72A5-E3E5-4F54-A152-BBDA0DF7B694,hysteresis,"{""theta"": 0.9544980846491637, ""margin"": 0.05, ""ttt_frames"": 10}",180,60,120,0.15,0.5,9,60,60,120,1,0.5586592178770949,0,90.0,90.0,0.3833333333333333,9.0,60,0.5,
2C32C23E-E30C-498A-8DD2-0EFB9150A02E,2C32C23E_s3,098A72A5-E3E5-4F54-A152-BBDA0DF7B694,trust_model,"{""theta"": 0.8810280668971316, ""gain"": 0.6, ""decay"": 0.2, ""tau_lo"": 0.4, ""tau_hi"": 0.6}",180,60,120,0.05,0.0416666666666666,3,5,60,120,2,1.11731843575419,0,60.0,62.0,0.6555555555555556,3.0,5,0.0416666666666666,5.0
2C32C23E-E30C-498A-8DD2-0EFB9150A02E,2C32C23E_s3,098A72A5-E3E5-4F54-A152-BBDA0DF7B694,sprt,"{""A"": 4, ""B"": 1, ""mu_gen"": 0.9257841778525233, ""sd_gen"": 0.04442737009514505, ""mu_imp"": 0.46156451462206854, ""sd_imp"": 0.3026893190184544}",180,60,120,0.0,0.0083333333333333,0,1,60,120,2,1.11731843575419,0,60.0,60.0,0.6611111111111111,0.0,1,0.0083333333333333,1.0
2C32C23E-E30C-498A-8DD2-0EFB9150A02E,2C32C23E_s4,098A72A5-E3E5-4F54-A152-BBDA0DF7B694,instantaneous,"{""theta"": 0.839394706013411}",180,60,120,0.0,0.0,0,0,60,120,2,1.11731843575419,0,60.0,60.0,0.6666666666666666,0.0,0,0.0,0.0
2C32C23E-E30C-498A-8DD2-0EFB9150A02E,2C32C23E_s4,098A72A5-E3E5-4F54-A152-BBDA0DF7B694,moving_average,"{""theta"": 0.8527432495561992, ""w"": 10}",180,60,120,0.05,0.0666666666666666,3,8,60,120,2,1.11731843575419,0,60.0,63.0,0.6388888888888888,3.0,8,0.0666666666666666,8.0
2C32C23E-E30C-498A-8DD2-0EFB9150A02E,2C32C23E_s4,098A72A5-E3E5-4F54-A152-BBDA0DF7B694,ewma,"{""theta"": 0.8392817254687759, ""alpha"": 0.5}",180,60,120,0.0,0.0166666666666666,0,2,60,120,2,1.11731843575419,0,60.0,60.0,0.6555555555555556,0.0,2,0.0166666666666666,2.0
2C32C23E-E30C-498A-8DD2-0EFB9150A02E,2C32C23E_s4,098A72A5-E3E5-4F54-A152-BBDA0DF7B694,majority_vote,"{""theta"": 0.8686962440437261, ""w"": 10, ""k"": 6}",180,60,120,0.0666666666666666,0.05,4,6,60,120,2,1.11731843575419,0,60.0,62.0,0.6555555555555556,4.0,6,0.05,6.0
2C32C23E-E30C-498A-8DD2-0EFB9150A02E,2C32C23E_s4,098A72A5-E3E5-4F54-A152-BBDA0DF7B694,debounce,"{""theta"": 0.9291179108661123, ""n"": 10}",180,60,120,0.15,0.5,9,60,60,120,1,0.5586592178770949,0,90.0,90.0,0.3833333333333333,9.0,60,0.5,
2C32C23E-E30C-498A-8DD2-0EFB9150A02E,2C32C23E_s4,098A72A5-E3E5-4F54-A152-BBDA0DF7B694,margin_dual_threshold,"{""theta"": 0.8868274128748949, ""margin"": 0.1}",180,60,120,0.0,0.0,0,0,60,120,2,1.11731843575419,0,60.0,60.0,0.6666666666666666,0.0,0,0.0,0.0
2C32C23E-E30C-498A-8DD2-0EFB9150A02E,2C32C23E_s4,098A72A5-E3E5-4F54-A152-BBDA0DF7B694,hysteresis,"{""theta"": 0.9544980846491637, ""margin"": 0.05, ""ttt_frames"": 10}",180,60,120,0.15,0.5,9,60,60,120,1,0.5586592178770949,0,90.0,90.0,0.3833333333333333,9.0,60,0.5,
2C32C23E-E30C-498A-8DD2-0EFB9150A02E,2C32C23E_s4,098A72A5-E3E5-4F54-A152-BBDA0DF7B694,trust_model,"{""theta"": 0.8810280668971316, ""gain"": 0.6, ""decay"": 0.2, ""tau_lo"": 0.4, ""tau_hi"": 0.6}",180,60,120,0.0166666666666666,0.1166666666666666,1,14,60,120,2,1.11731843575419,0,60.0,61.0,0.5944444444444444,1.0,14,0.1166666666666666,14.0
2C32C23E-E30C-498A-8DD2-0EFB9150A02E,2C32C23E_s4,098A72A5-E3E5-4F54-A152-BBDA0DF7B694,sprt,"{""A"": 4, ""B"": 1, ""mu_gen"": 0.9257841778525233, ""sd_gen"": 0.04442737009514505, ""mu_imp"": 0.46156451462206854, ""sd_imp"": 0.3026893190184544}",180,60,120,0.0,0.0083333333333333,0,1,60,120,2,1.11731843575419,0,60.0,60.0,0.6611111111111111,0.0,1,0.0083333333333333,1.0
2C32C23E-E30C-498A-8DD2-0EFB9150A02E,2C32C23E_s5,00EABED2-271D-49D8-B599-1D4A09240601,instantaneous,"{""theta"": 0.839394706013411}",180,60,120,0.0,0.0,0,0,60,120,2,1.11731843575419,0,60.0,60.0,0.6666666666666666,0.0,0,0.0,0.0
2C32C23E-E30C-498A-8DD2-0EFB9150A02E,2C32C23E_s5,00EABED2-271D-49D8-B599-1D4A09240601,moving_average,"{""theta"": 0.8527432495561992, ""w"": 10}",180,60,120,0.0,0.075,0,9,60,120,2,1.11731843575419,0,60.0,60.0,0.6166666666666667,0.0,9,0.075,9.0
2C32C23E-E30C-498A-8DD2-0EFB9150A02E,2C32C23E_s5,00EABED2-271D-49D8-B599-1D4A09240601,ewma,"{""theta"": 0.8392817254687759, ""alpha"": 0.5}",180,60,120,0.0,0.0333333333333333,0,4,60,120,2,1.11731843575419,0,60.0,60.0,0.6444444444444445,0.0,4,0.0333333333333333,4.0
2C32C23E-E30C-498A-8DD2-0EFB9150A02E,2C32C23E_s5,00EABED2-271D-49D8-B599-1D4A09240601,majority_vote,"{""theta"": 0.8686962440437261, ""w"": 10, ""k"": 6}",180,60,120,0.0666666666666666,0.0416666666666666,4,5,60,120,2,1.11731843575419,0,60.0,61.0,0.6611111111111111,4.0,5,0.0416666666666666,5.0
2C32C23E-E30C-498A-8DD2-0EFB9150A02E,2C32C23E_s5,00EABED2-271D-49D8-B599-1D4A09240601,debounce,"{""theta"": 0.9291179108661123, ""n"": 10}",180,60,120,0.15,0.5,9,60,60,120,1,0.5586592178770949,0,90.0,90.0,0.3833333333333333,9.0,60,0.5,
2C32C23E-E30C-498A-8DD2-0EFB9150A02E,2C32C23E_s5,00EABED2-271D-49D8-B599-1D4A09240601,margin_dual_threshold,"{""theta"": 0.8868274128748949, ""margin"": 0.1}",180,60,120,0.0,0.1,0,12,60,120,2,1.11731843575419,0,60.0,60.0,0.6,0.0,12,0.1,12.0
2C32C23E-E30C-498A-8DD2-0EFB9150A02E,2C32C23E_s5,00EABED2-271D-49D8-B599-1D4A09240601,hysteresis,"{""theta"": 0.9544980846491637, ""margin"": 0.05, ""ttt_frames"": 10}",180,60,120,0.15,0.5,9,60,60,120,1,0.5586592178770949,0,90.0,90.0,0.3833333333333333,9.0,60,0.5,
2C32C23E-E30C-498A-8DD2-0EFB9150A02E,2C32C23E_s5,00EABED2-271D-49D8-B599-1D4A09240601,trust_model,"{""theta"": 0.8810280668971316, ""gain"": 0.6, ""decay"": 0.2, ""tau_lo"": 0.4, ""tau_hi"": 0.6}",180,60,120,0.0,0.1333333333333333,0,16,60,120,2,1.11731843575419,0,60.0,60.0,0.5777777777777777,0.0,16,0.1333333333333333,16.0
2C32C23E-E30C-498A-8DD2-0EFB9150A02E,2C32C23E_s5,00EABED2-271D-49D8-B599-1D4A09240601,sprt,"{""A"": 4, ""B"": 1, ""mu_gen"": 0.9257841778525233, ""sd_gen"": 0.04442737009514505, ""mu_imp"": 0.46156451462206854, ""sd_imp"": 0.3026893190184544}",180,60,120,0.0,0.0083333333333333,0,1,60,120,2,1.11731843575419,0,60.0,60.0,0.6611111111111111,0.0,1,0.0083333333333333,1.0
3600D531-0C55-44A7-AE95-A7A38519464E,3600D531_s0,24E40C4C-A349-4F9F-93AB-01D00FB994AF,instantaneous,"{""theta"": 0.8917070779036719}",180,60,120,0.0,0.0,0,0,60,120,2,1.11731843575419,0,60.0,60.0,0.6666666666666666,0.0,0,0.0,0.0
3600D531-0C55-44A7-AE95-A7A38519464E,3600D531_s0,24E40C4C-A349-4F9F-93AB-01D00FB994AF,moving_average,"{""theta"": 0.8897215263573196, ""w"": 3}",180,60,120,0.0,0.0166666666666666,0,2,60,120,2,1.11731843575419,0,60.0,60.0,0.6555555555555556,0.0,2,0.0166666666666666,2.0
3600D531-0C55-44A7-AE95-A7A38519464E,3600D531_s0,24E40C4C-A349-4F9F-93AB-01D00FB994AF,ewma,"{""theta"": 0.8973006473458819, ""alpha"": 0.1}",180,60,120,0.0166666666666666,0.2166666666666666,1,26,60,120,2,1.11731843575419,0,60.0,61.0,0.5277777777777778,1.0,26,0.2166666666666666,26.0
3600D531-0C55-44A7-AE95-A7A38519464E,3600D531_s0,24E40C4C-A349-4F9F-93AB-01D00FB994AF,majority_vote,"{""theta"": 0.8879976710870048, ""w"": 5, ""k"": 4}",180,60,120,0.0166666666666666,0.025,1,3,60,120,2,1.11731843575419,0,60.0,61.0,0.6555555555555556,1.0,3,0.025,3.0
3600D531-0C55-44A7-AE95-A7A38519464E,3600D531_s0,24E40C4C-A349-4F9F-93AB-01D00FB994AF,debounce,"{""theta"": 0.892632514383336, ""n"": 2}",180,60,120,0.0166666666666666,0.0083333333333333,1,1,60,120,2,1.11731843575419,0,60.0,60.0,0.6666666666666666,1.0,1,0.0083333333333333,1.0
3600D531-0C55-44A7-AE95-A7A38519464E,3600D531_s0,24E40C4C-A349-4F9F-93AB-01D00FB994AF,margin_dual_threshold,"{""theta"": 0.8717155661786675, ""margin"": 0.05}",180,60,120,0.0,0.0,0,0,60,120,2,1.11731843575419,0,60.0,60.0,0.6666666666666666,0.0,0,0.0,0.0
3600D531-0C55-44A7-AE95-A7A38519464E,3600D531_s0,24E40C4C-A349-4F9F-93AB-01D00FB994AF,hysteresis,"{""theta"": 0.8717155661786675, ""margin"": 0.05, ""ttt_frames"": 2}",180,60,120,0.0166666666666666,0.0083333333333333,1,1,60,120,2,1.11731843575419,0,60.0,60.0,0.6666666666666666,1.0,1,0.0083333333333333,1.0
3600D531-0C55-44A7-AE95-A7A38519464E,3600D531_s0,24E40C4C-A349-4F9F-93AB-01D00FB994AF,trust_model,"{""theta"": 0.9281043123194901, ""gain"": 0.6, ""decay"": 0.05, ""tau_lo"": 0.4, ""tau_hi"": 0.6}",180,60,120,0.0333333333333333,0.35,2,42,60,120,2,1.11731843575419,0,60.0,62.0,0.4444444444444444,2.0,42,0.35,42.0
3600D531-0C55-44A7-AE95-A7A38519464E,3600D531_s0,24E40C4C-A349-4F9F-93AB-01D00FB994AF,sprt,"{""A"": 8, ""B"": 16, ""mu_gen"": 0.9530587092919032, ""sd_gen"": 0.030684789158837364, ""mu_imp"": 0.4563990417067799, ""sd_imp"": 0.33822403402214174}",180,60,120,0.0,0.025,0,3,60,120,2,1.11731843575419,0,60.0,60.0,0.65,0.0,3,0.025,3.0
3600D531-0C55-44A7-AE95-A7A38519464E,3600D531_s1,F50235E0-DD67-4F2A-B00B-1F31ADA998B9,instantaneous,"{""theta"": 0.8917070779036719}",180,60,120,0.0,0.0,0,0,60,120,2,1.11731843575419,0,60.0,60.0,0.6666666666666666,0.0,0,0.0,0.0
3600D531-0C55-44A7-AE95-A7A38519464E,3600D531_s1,F50235E0-DD67-4F2A-B00B-1F31ADA998B9,moving_average,"{""theta"": 0.8897215263573196, ""w"": 3}",180,60,120,0.0,0.0166666666666666,0,2,60,120,2,1.11731843575419,0,60.0,60.0,0.6555555555555556,0.0,2,0.0166666666666666,2.0
3600D531-0C55-44A7-AE95-A7A38519464E,3600D531_s1,F50235E0-DD67-4F2A-B00B-1F31ADA998B9,ewma,"{""theta"": 0.8973006473458819, ""alpha"": 0.1}",180,60,120,0.0,0.3916666666666666,0,47,60,120,2,1.11731843575419,0,60.0,60.0,0.4055555555555555,0.0,47,0.3916666666666666,47.0
3600D531-0C55-44A7-AE95-A7A38519464E,3600D531_s1,F50235E0-DD67-4F2A-B00B-1F31ADA998B9,majority_vote,"{""theta"": 0.8879976710870048, ""w"": 5, ""k"": 4}",180,60,120,0.0166666666666666,0.025,1,3,60,120,2,1.11731843575419,0,60.0,61.0,0.6555555555555556,1.0,3,0.025,3.0
3600D531-0C55-44A7-AE95-A7A38519464E,3600D531_s1,F50235E0-DD67-4F2A-B00B-1F31ADA998B9,debounce,"{""theta"": 0.892632514383336, ""n"": 2}",180,60,120,0.0166666666666666,0.0083333333333333,1,1,60,120,2,1.11731843575419,0,60.0,60.0,0.6666666666666666,1.0,1,0.0083333333333333,1.0
3600D531-0C55-44A7-AE95-A7A38519464E,3600D531_s1,F50235E0-DD67-4F2A-B00B-1F31ADA998B9,margin_dual_threshold,"{""theta"": 0.8717155661786675, ""margin"": 0.05}",180,60,120,0.0,0.0,0,0,60,120,2,1.11731843575419,0,60.0,60.0,0.6666666666666666,0.0,0,0.0,0.0
3600D531-0C55-44A7-AE95-A7A38519464E,3600D531_s1,F50235E0-DD67-4F2A-B00B-1F31ADA998B9,hysteresis,"{""theta"": 0.8717155661786675, ""margin"": 0.05, ""ttt_frames"": 2}",180,60,120,0.0166666666666666,0.0083333333333333,1,1,60,120,2,1.11731843575419,0,60.0,60.0,0.6666666666666666,1.0,1,0.0083333333333333,1.0
3600D531-0C55-44A7-AE95-A7A38519464E,3600D531_s1,F50235E0-DD67-4F2A-B00B-1F31ADA998B9,trust_model,"{""theta"": 0.9281043123194901, ""gain"": 0.6, ""decay"": 0.05, ""tau_lo"": 0.4, ""tau_hi"": 0.6}",180,60,120,0.0,0.5,0,60,60,120,1,0.5586592178770949,0,90.0,90.0,0.3333333333333333,0.0,60,0.5,
3600D531-0C55-44A7-AE95-A7A38519464E,3600D531_s1,F50235E0-DD67-4F2A-B00B-1F31ADA998B9,sprt,"{""A"": 8, ""B"": 16, ""mu_gen"": 0.9530587092919032, ""sd_gen"": 0.030684789158837364, ""mu_imp"": 0.4563990417067799, ""sd_imp"": 0.33822403402214174}",180,60,120,0.0,0.0333333333333333,0,4,60,120,2,1.11731843575419,0,60.0,60.0,0.6444444444444445,0.0,4,0.0333333333333333,4.0
3600D531-0C55-44A7-AE95-A7A38519464E,3600D531_s2,61359772-D8D8-480D-B623-7C636EAD0C81,instantaneous,"{""theta"": 0.8917070779036719}",180,60,120,0.0,0.0,0,0,60,120,2,1.11731843575419,0,60.0,60.0,0.6666666666666666,0.0,0,0.0,0.0
3600D531-0C55-44A7-AE95-A7A38519464E,3600D531_s2,61359772-D8D8-480D-B623-7C636EAD0C81,moving_average,"{""theta"": 0.8897215263573196, ""w"": 3}",180,60,120,0.0,0.0166666666666666,0,2,60,120,2,1.11731843575419,0,60.0,60.0,0.6555555555555556,0.0,2,0.0166666666666666,2.0
3600D531-0C55-44A7-AE95-A7A38519464E,3600D531_s2,61359772-D8D8-480D-B623-7C636EAD0C81,ewma,"{""theta"": 0.8973006473458819, ""alpha"": 0.1}",180,60,120,0.0166666666666666,0.1583333333333333,1,19,60,120,2,1.11731843575419,0,60.0,61.0,0.5666666666666667,1.0,19,0.1583333333333333,19.0
3600D531-0C55-44A7-AE95-A7A38519464E,3600D531_s2,61359772-D8D8-480D-B623-7C636EAD0C81,majority_vote,"{""theta"": 0.8879976710870048, ""w"": 5, ""k"": 4}",180,60,120,0.0166666666666666,0.025,1,3,60,120,2,1.11731843575419,0,60.0,61.0,0.6555555555555556,1.0,3,0.025,3.0
3600D531-0C55-44A7-AE95-A7A38519464E,3600D531_s2,61359772-D8D8-480D-B623-7C636EAD0C81,debounce,"{""theta"": 0.892632514383336, ""n"": 2}",180,60,120,0.0166666666666666,0.0083333333333333,1,1,60,120,2,1.11731843575419,0,60.0,60.0,0.6666666666666666,1.0,1,0.0083333333333333,1.0
3600D531-0C55-44A7-AE95-A7A38519464E,3600D531_s2,61359772-D8D8-480D-B623-7C636EAD0C81,margin_dual_threshold,"{""theta"": 0.8717155661786675, ""margin"": 0.05}",180,60,120,0.0,0.0,0,0,60,120,2,1.11731843575419,0,60.0,60.0,0.6666666666666666,0.0,0,0.0,0.0
3600D531-0C55-44A7-AE95-A7A38519464E,3600D531_s2,61359772-D8D8-480D-B623-7C636EAD0C81,hysteresis,"{""theta"": 0.8717155661786675, ""margin"": 0.05, ""ttt_frames"": 2}",180,60,120,0.0166666666666666,0.0083333333333333,1,1,60,120,2,1.11731843575419,0,60.0,60.0,0.6666666666666666,1.0,1,0.0083333333333333,1.0
3600D531-0C55-44A7-AE95-A7A38519464E,3600D531_s2,61359772-D8D8-480D-B623-7C636EAD0C81,trust_model,"{""theta"": 0.9281043123194901, ""gain"": 0.6, ""decay"": 0.05, ""tau_lo"": 0.4, ""tau_hi"": 0.6}",180,60,120,0.0166666666666666,0.1583333333333333,1,19,60,120,2,1.11731843575419,0,60.0,61.0,0.5666666666666667,1.0,19,0.1583333333333333,19.0
3600D531-0C55-44A7-AE95-A7A38519464E,3600D531_s2,61359772-D8D8-480D-B623-7C636EAD0C81,sprt,"{""A"": 8, ""B"": 16, ""mu_gen"": 0.9530587092919032, ""sd_gen"": 0.030684789158837364, ""mu_imp"": 0.4563990417067799, ""sd_imp"": 0.33822403402214174}",180,60,120,0.0,0.0166666666666666,0,2,60,120,2,1.11731843575419,0,60.0,60.0,0.6555555555555556,0.0,2,0.0166666666666666,2.0
3600D531-0C55-44A7-AE95-A7A38519464E,3600D531_s3,481F4DD2-7689-43B9-A2AA-C8772227162B,instantaneous,"{""theta"": 0.8917070779036719}",180,60,120,0.0,0.0,0,0,60,120,2,1.11731843575419,0,60.0,60.0,0.6666666666666666,0.0,0,0.0,0.0
3600D531-0C55-44A7-AE95-A7A38519464E,3600D531_s3,481F4DD2-7689-43B9-A2AA-C8772227162B,moving_average,"{""theta"": 0.8897215263573196, ""w"": 3}",180,60,120,0.0,0.0166666666666666,0,2,60,120,2,1.11731843575419,0,60.0,60.0,0.6555555555555556,0.0,2,0.0166666666666666,2.0
3600D531-0C55-44A7-AE95-A7A38519464E,3600D531_s3,481F4DD2-7689-43B9-A2AA-C8772227162B,ewma,"{""theta"": 0.8973006473458819, ""alpha"": 0.1}",180,60,120,0.0,0.25,0,30,60,120,2,1.11731843575419,0,60.0,60.0,0.5,0.0,30,0.25,30.0
3600D531-0C55-44A7-AE95-A7A38519464E,3600D531_s3,481F4DD2-7689-43B9-A2AA-C8772227162B,majority_vote,"{""theta"": 0.8879976710870048, ""w"": 5, ""k"": 4}",180,60,120,0.0166666666666666,0.025,1,3,60,120,2,1.11731843575419,0,60.0,61.0,0.6555555555555556,1.0,3,0.025,3.0
3600D531-0C55-44A7-AE95-A7A38519464E,3600D531_s3,481F4DD2-7689-43B9-A2AA-C8772227162B,debounce,"{""theta"": 0.892632514383336, ""n"": 2}",180,60,120,0.0166666666666666,0.0083333333333333,1,1,60,120,2,1.11731843575419,0,60.0,60.0,0.6666666666666666,1.0,1,0.0083333333333333,1.0
3600D531-0C55-44A7-AE95-A7A38519464E,3600D531_s3,481F4DD2-7689-43B9-A2AA-C8772227162B,margin_dual_threshold,"{""theta"": 0.8717155661786675, ""margin"": 0.05}",180,60,120,0.0,0.0,0,0,60,120,2,1.11731843575419,0,60.0,60.0,0.6666666666666666,0.0,0,0.0,0.0
3600D531-0C55-44A7-AE95-A7A38519464E,3600D531_s3,481F4DD2-7689-43B9-A2AA-C8772227162B,hysteresis,"{""theta"": 0.8717155661786675, ""margin"": 0.05, ""ttt_frames"": 2}",180,60,120,0.0166666666666666,0.0083333333333333,1,1,60,120,2,1.11731843575419,0,60.0,60.0,0.6666666666666666,1.0,1,0.0083333333333333,1.0
3600D531-0C55-44A7-AE95-A7A38519464E,3600D531_s3,481F4DD2-7689-43B9-A2AA-C8772227162B,trust_model,"{""theta"": 0.9281043123194901, ""gain"": 0.6, ""decay"": 0.05, ""tau_lo"": 0.4, ""tau_hi"": 0.6}",180,60,120,0.0166666666666666,0.3916666666666666,1,47,60,120,2,1.11731843575419,0,60.0,61.0,0.4111111111111111,1.0,47,0.3916666666666666,47.0
3600D531-0C55-44A7-AE95-A7A38519464E,3600D531_s3,481F4DD2-7689-43B9-A2AA-C8772227162B,sprt,"{""A"": 8, ""B"": 16, ""mu_gen"": 0.9530587092919032, ""sd_gen"": 0.030684789158837364, ""mu_imp"": 0.4563990417067799, ""sd_imp"": 0.33822403402214174}",180,60,120,0.0,0.0166666666666666,0,2,60,120,2,1.11731843575419,0,60.0,60.0,0.6555555555555556,0.0,2,0.0166666666666666,2.0
3600D531-0C55-44A7-AE95-A7A38519464E,3600D531_s5,A7599A50-24AE-46A6-8EA6-2576F1011D81,instantaneous,"{""theta"": 0.8917070779036719}",180,60,120,0.0,0.0,0,0,60,120,2,1.11731843575419,0,60.0,60.0,0.6666666666666666,0.0,0,0.0,0.0
3600D531-0C55-44A7-AE95-A7A38519464E,3600D531_s5,A7599A50-24AE-46A6-8EA6-2576F1011D81,moving_average,"{""theta"": 0.8897215263573196, ""w"": 3}",180,60,120,0.0,0.0166666666666666,0,2,60,120,2,1.11731843575419,0,60.0,60.0,0.6555555555555556,0.0,2,0.0166666666666666,2.0
3600D531-0C55-44A7-AE95-A7A38519464E,3600D531_s5,A7599A50-24AE-46A6-8EA6-2576F1011D81,ewma,"{""theta"": 0.8973006473458819, ""alpha"": 0.1}",180,60,120,0.0,0.2083333333333333,0,25,60,120,2,1.11731843575419,0,60.0,60.0,0.5277777777777778,0.0,25,0.2083333333333333,25.0
3600D531-0C55-44A7-AE95-A7A38519464E,3600D531_s5,A7599A50-24AE-46A6-8EA6-2576F1011D81,majority_vote,"{""theta"": 0.8879976710870048, ""w"": 5, ""k"": 4}",180,60,120,0.0166666666666666,0.025,1,3,60,120,2,1.11731843575419,0,60.0,61.0,0.6555555555555556,1.0,3,0.025,3.0
3600D531-0C55-44A7-AE95-A7A38519464E,3600D531_s5,A7599A50-24AE-46A6-8EA6-2576F1011D81,debounce,"{""theta"": 0.892632514383336, ""n"": 2}",180,60,120,0.0166666666666666,0.0083333333333333,1,1,60,120,2,1.11731843575419,0,60.0,60.0,0.6666666666666666,1.0,1,0.0083333333333333,1.0
3600D531-0C55-44A7-AE95-A7A38519464E,3600D531_s5,A7599A50-24AE-46A6-8EA6-2576F1011D81,margin_dual_threshold,"{""theta"": 0.8717155661786675, ""margin"": 0.05}",180,60,120,0.0,0.0,0,0,60,120,2,1.11731843575419,0,60.0,60.0,0.6666666666666666,0.0,0,0.0,0.0
3600D531-0C55-44A7-AE95-A7A38519464E,3600D531_s5,A7599A50-24AE-46A6-8EA6-2576F1011D81,hysteresis,"{""theta"": 0.8717155661786675, ""margin"": 0.05, ""ttt_frames"": 2}",180,60,120,0.0166666666666666,0.0083333333333333,1,1,60,120,2,1.11731843575419,0,60.0,60.0,0.6666666666666666,1.0,1,0.0083333333333333,1.0
3600D531-0C55-44A7-AE95-A7A38519464E,3600D531_s5,A7599A50-24AE-46A6-8EA6-2576F1011D81,trust_model,"{""theta"": 0.9281043123194901, ""gain"": 0.6, ""decay"": 0.05, ""tau_lo"": 0.4, ""tau_hi"": 0.6}",180,60,120,0.0166666666666666,0.2,1,24,60,120,2,1.11731843575419,0,60.0,61.0,0.5388888888888889,1.0,24,0.2,24.0
3600D531-0C55-44A7-AE95-A7A38519464E,3600D531_s5,A7599A50-24AE-46A6-8EA6-2576F1011D81,sprt,"{""A"": 8, ""B"": 16, ""mu_gen"": 0.9530587092919032, ""sd_gen"": 0.030684789158837364, ""mu_imp"": 0.4563990417067799, ""sd_imp"": 0.33822403402214174}",180,60,120,0.0,0.0166666666666666,0,2,60,120,2,1.11731843575419,0,60.0,60.0,0.6555555555555556,0.0,2,0.0166666666666666,2.0
4FC32141-E888-4BFF-8804-12559A491D8C,4FC32141_s1,61976C24-1C50-4355-9C49-AAE44A7D09F6,instantaneous,"{""theta"": 0.7683725798011513}",180,60,120,0.0,0.0,0,0,60,120,2,1.11731843575419,0,60.0,60.0,0.6666666666666666,0.0,0,0.0,0.0
4FC32141-E888-4BFF-8804-12559A491D8C,4FC32141_s1,61976C24-1C50-4355-9C49-AAE44A7D09F6,moving_average,"{""theta"": 0.769891956782713, ""w"": 3}",180,60,120,0.0333333333333333,0.0,2,0,60,120,2,1.11731843575419,0,60.0,60.0,0.6777777777777778,2.0,0,0.0,0.0
4FC32141-E888-4BFF-8804-12559A491D8C,4FC32141_s1,61976C24-1C50-4355-9C49-AAE44A7D09F6,ewma,"{""theta"": 0.769891956782713, ""alpha"": 0.5}",180,60,120,0.05,0.0,3,0,60,120,2,1.11731843575419,0,60.0,60.0,0.6833333333333333,3.0,0,0.0,0.0
4FC32141-E888-4BFF-8804-12559A491D8C,4FC32141_s1,61976C24-1C50-4355-9C49-AAE44A7D09F6,majority_vote,"{""theta"": 0.7695604395604395, ""w"": 3, ""k"": 2}",180,60,120,0.0166666666666666,0.0083333333333333,1,1,60,120,2,1.11731843575419,0,60.0,60.0,0.6666666666666666,1.0,1,0.0083333333333333,1.0
4FC32141-E888-4BFF-8804-12559A491D8C,4FC32141_s1,61976C24-1C50-4355-9C49-AAE44A7D09F6,debounce,"{""theta"": 0.8518464685874351, ""n"": 10}",180,60,120,0.15,0.075,9,9,60,120,2,1.11731843575419,0,60.0,60.0,0.6666666666666666,9.0,9,0.075,9.0
4FC32141-E888-4BFF-8804-12559A491D8C,4FC32141_s1,61976C24-1C50-4355-9C49-AAE44A7D09F6,margin_dual_threshold,"{""theta"": 0.8125505902360944, ""margin"": 0.1}",180,60,120,0.0,0.0,0,0,60,120,2,1.11731843575419,0,60.0,60.0,0.6666666666666666,0.0,0,0.0,0.0
4FC32141-E888-4BFF-8804-12559A491D8C,4FC32141_s1,61976C24-1C50-4355-9C49-AAE44A7D09F6,hysteresis,"{""theta"": 0.8759490996398559, ""margin"": 0.05, ""ttt_frames"": 10}",180,60,120,0.15,0.075,9,9,60,120,2,1.11731843575419,0,60.0,60.0,0.6666666666666666,9.0,9,0.075,9.0
4FC32141-E888-4BFF-8804-12559A491D8C,4FC32141_s1,61976C24-1C50-4355-9C49-AAE44A7D09F6,trust_model,"{""theta"": 0.84343737494998, ""gain"": 0.3, ""decay"": 0.2, ""tau_lo"": 0.4, ""tau_hi"": 0.6}",180,60,120,0.15,0.05,9,6,60,120,2,1.11731843575419,0,60.0,57.0,0.6833333333333333,9.0,6,0.05,6.0
4FC32141-E888-4BFF-8804-12559A491D8C,4FC32141_s1,61976C24-1C50-4355-9C49-AAE44A7D09F6,sprt,"{""A"": 1, ""B"": 1, ""mu_gen"": 0.8576891867858254, ""sd_gen"": 0.04479317533613049, ""mu_imp"": 0.5457716419901294, ""sd_imp"": 0.21060684218353087}",180,60,120,0.0,0.95,0,114,60,120,5,2.793296089385475,4,30.0,2.5,0.0333333333333333,0.0,114,0.95,
4FC32141-E888-4BFF-8804-12559A491D8C,4FC32141_s2,78A91A4E-4A51-4065-BDA7-94755F0BB3BB,instantaneous,"{""theta"": 0.7683725798011513}",180,60,120,0.0,0.0,0,0,60,120,2,1.11731843575419,0,60.0,60.0,0.6666666666666666,0.0,0,0.0,0.0
4FC32141-E888-4BFF-8804-12559A491D8C,4FC32141_s2,78A91A4E-4A51-4065-BDA7-94755F0BB3BB,moving_average,"{""theta"": 0.769891956782713, ""w"": 3}",180,60,120,0.0166666666666666,0.0083333333333333,1,1,60,120,2,1.11731843575419,0,60.0,60.0,0.6666666666666666,1.0,1,0.0083333333333333,1.0
4FC32141-E888-4BFF-8804-12559A491D8C,4FC32141_s2,78A91A4E-4A51-4065-BDA7-94755F0BB3BB,ewma,"{""theta"": 0.769891956782713, ""alpha"": 0.5}",180,60,120,0.0,0.0083333333333333,0,1,60,120,2,1.11731843575419,0,60.0,60.0,0.6611111111111111,0.0,1,0.0083333333333333,1.0
4FC32141-E888-4BFF-8804-12559A491D8C,4FC32141_s2,78A91A4E-4A51-4065-BDA7-94755F0BB3BB,majority_vote,"{""theta"": 0.7695604395604395, ""w"": 3, ""k"": 2}",180,60,120,0.0166666666666666,0.0083333333333333,1,1,60,120,2,1.11731843575419,0,60.0,60.0,0.6666666666666666,1.0,1,0.0083333333333333,1.0
4FC32141-E888-4BFF-8804-12559A491D8C,4FC32141_s2,78A91A4E-4A51-4065-BDA7-94755F0BB3BB,debounce,"{""theta"": 0.8518464685874351, ""n"": 10}",180,60,120,0.15,0.075,9,9,60,120,2,1.11731843575419,0,60.0,60.0,0.6666666666666666,9.0,9,0.075,9.0
4FC32141-E888-4BFF-8804-12559A491D8C,4FC32141_s2,78A91A4E-4A51-4065-BDA7-94755F0BB3BB,margin_dual_threshold,"{""theta"": 0.8125505902360944, ""margin"": 0.1}",180,60,120,0.0,0.0,0,0,60,120,2,1.11731843575419,0,60.0,60.0,0.6666666666666666,0.0,0,0.0,0.0
4FC32141-E888-4BFF-8804-12559A491D8C,4FC32141_s2,78A91A4E-4A51-4065-BDA7-94755F0BB3BB,hysteresis,"{""theta"": 0.8759490996398559, ""margin"": 0.05, ""ttt_frames"": 10}",180,60,120,0.15,0.075,9,9,60,120,2,1.11731843575419,0,60.0,60.0,0.6666666666666666,9.0,9,0.075,9.0
4FC32141-E888-4BFF-8804-12559A491D8C,4FC32141_s2,78A91A4E-4A51-4065-BDA7-94755F0BB3BB,trust_model,"{""theta"": 0.84343737494998, ""gain"": 0.3, ""decay"": 0.2, ""tau_lo"": 0.4, ""tau_hi"": 0.6}",180,60,120,0.0333333333333333,0.0666666666666666,2,8,60,120,2,1.11731843575419,0,60.0,62.0,0.6333333333333333,2.0,8,0.0666666666666666,8.0
4FC32141-E888-4BFF-8804-12559A491D8C,4FC32141_s2,78A91A4E-4A51-4065-BDA7-94755F0BB3BB,sprt,"{""A"": 1, ""B"": 1, ""mu_gen"": 0.8576891867858254, ""sd_gen"": 0.04479317533613049, ""mu_imp"": 0.5457716419901294, ""sd_imp"": 0.21060684218353087}",180,60,120,0.0,0.7916666666666666,0,95,60,120,1,0.5586592178770949,0,90.0,90.0,0.1388888888888889,0.0,95,0.7916666666666666,
4FC32141-E888-4BFF-8804-12559A491D8C,4FC32141_s3,61359772-D8D8-480D-B623-7C636EAD0C81,instantaneous,"{""theta"": 0.7683725798011513}",180,60,120,0.0,0.0,0,0,60,120,2,1.11731843575419,0,60.0,60.0,0.6666666666666666,0.0,0,0.0,0.0
4FC32141-E888-4BFF-8804-12559A491D8C,4FC32141_s3,61359772-D8D8-480D-B623-7C636EAD0C81,moving_average,"{""theta"": 0.769891956782713, ""w"": 3}",180,60,120,0.0166666666666666,0.0083333333333333,1,1,60,120,2,1.11731843575419,0,60.0,60.0,0.6666666666666666,1.0,1,0.0083333333333333,1.0
4FC32141-E888-4BFF-8804-12559A491D8C,4FC32141_s3,61359772-D8D8-480D-B623-7C636EAD0C81,ewma,"{""theta"": 0.769891956782713, ""alpha"": 0.5}",180,60,120,0.0,0.0083333333333333,0,1,60,120,2,1.11731843575419,0,60.0,60.0,0.6611111111111111,0.0,1,0.0083333333333333,1.0
4FC32141-E888-4BFF-8804-12559A491D8C,4FC32141_s3,61359772-D8D8-480D-B623-7C636EAD0C81,majority_vote,"{""theta"": 0.7695604395604395, ""w"": 3, ""k"": 2}",180,60,120,0.0166666666666666,0.0083333333333333,1,1,60,120,2,1.11731843575419,0,60.0,60.0,0.6666666666666666,1.0,1,0.0083333333333333,1.0
4FC32141-E888-4BFF-8804-12559A491D8C,4FC32141_s3,61359772-D8D8-480D-B623-7C636EAD0C81,debounce,"{""theta"": 0.8518464685874351, ""n"": 10}",180,60,120,0.15,0.075,9,9,60,120,2,1.11731843575419,0,60.0,60.0,0.6666666666666666,9.0,9,0.075,9.0
4FC32141-E888-4BFF-8804-12559A491D8C,4FC32141_s3,61359772-D8D8-480D-B623-7C636EAD0C81,margin_dual_threshold,"{""theta"": 0.8125505902360944, ""margin"": 0.1}",180,60,120,0.0,0.0,0,0,60,120,2,1.11731843575419,0,60.0,60.0,0.6666666666666666,0.0,0,0.0,0.0
4FC32141-E888-4BFF-8804-12559A491D8C,4FC32141_s3,61359772-D8D8-480D-B623-7C636EAD0C81,hysteresis,"{""theta"": 0.8759490996398559, ""margin"": 0.05, ""ttt_frames"": 10}",180,60,120,0.15,0.075,9,9,60,120,2,1.11731843575419,0,60.0,60.0,0.6666666666666666,9.0,9,0.075,9.0
4FC32141-E888-4BFF-8804-12559A491D8C,4FC32141_s3,61359772-D8D8-480D-B623-7C636EAD0C81,trust_model,"{""theta"": 0.84343737494998, ""gain"": 0.3, ""decay"": 0.2, ""tau_lo"": 0.4, ""tau_hi"": 0.6}",180,60,120,0.0166666666666666,0.0583333333333333,1,7,60,120,2,1.11731843575419,0,60.0,61.0,0.6333333333333333,1.0,7,0.0583333333333333,7.0
4FC32141-E888-4BFF-8804-12559A491D8C,4FC32141_s3,61359772-D8D8-480D-B623-7C636EAD0C81,sprt,"{""A"": 1, ""B"": 1, ""mu_gen"": 0.8576891867858254, ""sd_gen"": 0.04479317533613049, ""mu_imp"": 0.5457716419901294, ""sd_imp"": 0.21060684218353087}",180,60,120,0.0,0.8166666666666667,0,98,60,120,2,1.11731843575419,0,60.0,38.0,0.1222222222222222,0.0,98,0.8166666666666667,
4FC32141-E888-4BFF-8804-12559A491D8C,4FC32141_s4,806289BC-AD52-4CC1-806C-0CDB14D65EB6,instantaneous,"{""theta"": 0.7683725798011513}",180,60,120,0.0,0.0,0,0,60,120,2,1.11731843575419,0,60.0,60.0,0.6666666666666666,0.0,0,0.0,0.0
4FC32141-E888-4BFF-8804-12559A491D8C,4FC32141_s4,806289BC-AD52-4CC1-806C-0CDB14D65EB6,moving_average,"{""theta"": 0.769891956782713, ""w"": 3}",180,60,120,0.0,0.0166666666666666,0,2,60,120,2,1.11731843575419,0,60.0,60.0,0.6555555555555556,0.0,2,0.0166666666666666,2.0
4FC32141-E888-4BFF-8804-12559A491D8C,4FC32141_s4,806289BC-AD52-4CC1-806C-0CDB14D65EB6,ewma,"{""theta"": 0.769891956782713, ""alpha"": 0.5}",180,60,120,0.0,0.0166666666666666,0,2,60,120,2,1.11731843575419,0,60.0,60.0,0.6555555555555556,0.0,2,0.0166666666666666,2.0
4FC32141-E888-4BFF-8804-12559A491D8C,4FC32141_s4,806289BC-AD52-4CC1-806C-0CDB14D65EB6,majority_vote,"{""theta"": 0.7695604395604395, ""w"": 3, ""k"": 2}",180,60,120,0.0166666666666666,0.0083333333333333,1,1,60,120,2,1.11731843575419,0,60.0,60.0,0.6666666666666666,1.0,1,0.0083333333333333,1.0
4FC32141-E888-4BFF-8804-12559A491D8C,4FC32141_s4,806289BC-AD52-4CC1-806C-0CDB14D65EB6,debounce,"{""theta"": 0.8518464685874351, ""n"": 10}",180,60,120,0.15,0.075,9,9,60,120,2,1.11731843575419,0,60.0,60.0,0.6666666666666666,9.0,9,0.075,9.0
4FC32141-E888-4BFF-8804-12559A491D8C,4FC32141_s4,806289BC-AD52-4CC1-806C-0CDB14D65EB6,margin_dual_threshold,"{""theta"": 0.8125505902360944, ""margin"": 0.1}",180,60,120,0.0,0.0,0,0,60,120,2,1.11731843575419,0,60.0,60.0,0.6666666666666666,0.0,0,0.0,0.0
4FC32141-E888-4BFF-8804-12559A491D8C,4FC32141_s4,806289BC-AD52-4CC1-806C-0CDB14D65EB6,hysteresis,"{""theta"": 0.8759490996398559, ""margin"": 0.05, ""ttt_frames"": 10}",180,60,120,0.15,0.075,9,9,60,120,2,1.11731843575419,0,60.0,60.0,0.6666666666666666,9.0,9,0.075,9.0
4FC32141-E888-4BFF-8804-12559A491D8C,4FC32141_s4,806289BC-AD52-4CC1-806C-0CDB14D65EB6,trust_model,"{""theta"": 0.84343737494998, ""gain"": 0.3, ""decay"": 0.2, ""tau_lo"": 0.4, ""tau_hi"": 0.6}",180,60,120,0.0166666666666666,0.0666666666666666,1,8,60,120,2,1.11731843575419,0,60.0,61.0,0.6277777777777778,1.0,8,0.0666666666666666,8.0
4FC32141-E888-4BFF-8804-12559A491D8C,4FC32141_s4,806289BC-AD52-4CC1-806C-0CDB14D65EB6,sprt,"{""A"": 1, ""B"": 1, ""mu_gen"": 0.8576891867858254, ""sd_gen"": 0.04479317533613049, ""mu_imp"": 0.5457716419901294, ""sd_imp"": 0.21060684218353087}",180,60,120,0.0,0.9916666666666668,0,119,60,120,1,0.5586592178770949,0,90.0,90.0,0.0055555555555555,0.0,119,0.9916666666666668,
5119D0F8-FCA8-4184-A4EB-19421A40DE0D,5119D0F8_s0,B9724848-C7E2-45F4-9B3F-A1F38D864495,instantaneous,"{""theta"": 0.8725808687099009}",180,60,120,0.0,0.0083333333333333,0,1,60,120,4,2.23463687150838,2,36.0,50.0,0.6611111111111111,0.0,1,0.0083333333333333,0.0
5119D0F8-FCA8-4184-A4EB-19421A40DE0D,5119D0F8_s0,B9724848-C7E2-45F4-9B3F-A1F38D864495,moving_average,"{""theta"": 0.8725176789692919, ""w"": 10}",180,60,120,0.0333333333333333,0.0666666666666666,2,8,60,120,2,1.11731843575419,0,60.0,62.0,0.6333333333333333,2.0,8,0.0666666666666666,8.0
5119D0F8-FCA8-4184-A4EB-19421A40DE0D,5119D0F8_s0,B9724848-C7E2-45F4-9B3F-A1F38D864495,ewma,"{""theta"": 0.8725808687099009, ""alpha"": 0.5}",180,60,120,0.0,0.0166666666666666,0,2,60,120,2,1.11731843575419,0,60.0,60.0,0.6555555555555556,0.0,2,0.0166666666666666,2.0
5119D0F8-FCA8-4184-A4EB-19421A40DE0D,5119D0F8_s0,B9724848-C7E2-45F4-9B3F-A1F38D864495,majority_vote,"{""theta"": 0.8723465897659447, ""w"": 5, ""k"": 4}",180,60,120,0.0166666666666666,0.025,1,3,60,120,2,1.11731843575419,0,60.0,61.0,0.6555555555555556,1.0,3,0.025,3.0
5119D0F8-FCA8-4184-A4EB-19421A40DE0D,5119D0F8_s0,B9724848-C7E2-45F4-9B3F-A1F38D864495,debounce,"{""theta"": 0.9079552165068294, ""n"": 5}",180,60,120,0.0,0.1833333333333333,0,22,60,120,2,1.11731843575419,0,60.0,56.0,0.5444444444444444,0.0,22,0.1833333333333333,4.0
5119D0F8-FCA8-4184-A4EB-19421A40DE0D,5119D0F8_s0,B9724848-C7E2-45F4-9B3F-A1F38D864495,margin_dual_threshold,"{""theta"": 0.8702995640802093, ""margin"": 0.05}",180,60,120,0.0,0.0,0,0,60,120,2,1.11731843575419,0,60.0,60.0,0.6666666666666666,0.0,0,0.0,0.0
5119D0F8-FCA8-4184-A4EB-19421A40DE0D,5119D0F8_s0,B9724848-C7E2-45F4-9B3F-A1F38D864495,hysteresis,"{""theta"": 0.9320064031773709, ""margin"": 0.05, ""ttt_frames"": 5}",180,60,120,0.0,0.2,0,24,60,120,2,1.11731843575419,0,60.0,54.0,0.5333333333333333,0.0,24,0.2,6.0
5119D0F8-FCA8-4184-A4EB-19421A40DE0D,5119D0F8_s0,B9724848-C7E2-45F4-9B3F-A1F38D864495,trust_model,"{""theta"": 0.90300676160031, ""gain"": 0.3, ""decay"": 0.05, ""tau_lo"": 0.4, ""tau_hi"": 0.6}",180,60,120,0.05,0.1833333333333333,3,22,60,120,2,1.11731843575419,0,60.0,63.0,0.5611111111111111,3.0,22,0.1833333333333333,22.0
5119D0F8-FCA8-4184-A4EB-19421A40DE0D,5119D0F8_s0,B9724848-C7E2-45F4-9B3F-A1F38D864495,sprt,"{""A"": 16, ""B"": 4, ""mu_gen"": 0.9383203095568686, ""sd_gen"": 0.033397629969120525, ""mu_imp"": 0.4651065043538161, ""sd_imp"": 0.2802349370662641}",180,60,120,0.0,0.0416666666666666,0,5,60,120,2,1.11731843575419,0,60.0,60.0,0.6388888888888888,0.0,5,0.0416666666666666,5.0
5119D0F8-FCA8-4184-A4EB-19421A40DE0D,5119D0F8_s1,11B5EC4D-4133-4289-B475-4E737182A406,instantaneous,"{""theta"": 0.8725808687099009}",180,60,120,0.0,0.0,0,0,60,120,2,1.11731843575419,0,60.0,60.0,0.6666666666666666,0.0,0,0.0,0.0
5119D0F8-FCA8-4184-A4EB-19421A40DE0D,5119D0F8_s1,11B5EC4D-4133-4289-B475-4E737182A406,moving_average,"{""theta"": 0.8725176789692919, ""w"": 10}",180,60,120,0.0166666666666666,0.0666666666666666,1,8,60,120,2,1.11731843575419,0,60.0,61.0,0.6277777777777778,1.0,8,0.0666666666666666,8.0
5119D0F8-FCA8-4184-A4EB-19421A40DE0D,5119D0F8_s1,11B5EC4D-4133-4289-B475-4E737182A406,ewma,"{""theta"": 0.8725808687099009, ""alpha"": 0.5}",180,60,120,0.0,0.0166666666666666,0,2,60,120,2,1.11731843575419,0,60.0,60.0,0.6555555555555556,0.0,2,0.0166666666666666,2.0
5119D0F8-FCA8-4184-A4EB-19421A40DE0D,5119D0F8_s1,11B5EC4D-4133-4289-B475-4E737182A406,majority_vote,"{""theta"": 0.8723465897659447, ""w"": 5, ""k"": 4}",180,60,120,0.0166666666666666,0.025,1,3,60,120,2,1.11731843575419,0,60.0,61.0,0.6555555555555556,1.0,3,0.025,3.0
5119D0F8-FCA8-4184-A4EB-19421A40DE0D,5119D0F8_s1,11B5EC4D-4133-4289-B475-4E737182A406,debounce,"{""theta"": 0.9079552165068294, ""n"": 5}",180,60,120,0.0666666666666666,0.2333333333333333,4,28,60,120,5,2.793296089385475,0,30.0,21.5,0.5333333333333333,4.0,28,0.2333333333333333,4.0
5119D0F8-FCA8-4184-A4EB-19421A40DE0D,5119D0F8_s1,11B5EC4D-4133-4289-B475-4E737182A406,margin_dual_threshold,"{""theta"": 0.8702995640802093, ""margin"": 0.05}",180,60,120,0.0,0.0,0,0,60,120,2,1.11731843575419,0,60.0,60.0,0.6666666666666666,0.0,0,0.0,0.0
5119D0F8-FCA8-4184-A4EB-19421A40DE0D,5119D0F8_s1,11B5EC4D-4133-4289-B475-4E737182A406,hysteresis,"{""theta"": 0.9320064031773709, ""margin"": 0.05, ""ttt_frames"": 5}",180,60,120,0.0666666666666666,0.2666666666666666,4,32,60,120,5,2.793296089385475,0,30.0,19.5,0.5111111111111111,4.0,32,0.2666666666666666,4.0
5119D0F8-FCA8-4184-A4EB-19421A40DE0D,5119D0F8_s1,11B5EC4D-4133-4289-B475-4E737182A406,trust_model,"{""theta"": 0.90300676160031, ""gain"": 0.3, ""decay"": 0.05, ""tau_lo"": 0.4, ""tau_hi"": 0.6}",180,60,120,0.0333333333333333,0.2083333333333333,2,25,60,120,2,1.11731843575419,0,60.0,62.0,0.5388888888888889,2.0,25,0.2083333333333333,25.0
5119D0F8-FCA8-4184-A4EB-19421A40DE0D,5119D0F8_s1,11B5EC4D-4133-4289-B475-4E737182A406,sprt,"{""A"": 16, ""B"": 4, ""mu_gen"": 0.9383203095568686, ""sd_gen"": 0.033397629969120525, ""mu_imp"": 0.4651065043538161, ""sd_imp"": 0.2802349370662641}",180,60,120,0.0,0.0333333333333333,0,4,60,120,2,1.11731843575419,0,60.0,60.0,0.6444444444444445,0.0,4,0.0333333333333333,4.0
5119D0F8-FCA8-4184-A4EB-19421A40DE0D,5119D0F8_s2,00EABED2-271D-49D8-B599-1D4A09240601,instantaneous,"{""theta"": 0.8725808687099009}",180,60,120,0.0,0.0083333333333333,0,1,60,120,4,2.23463687150838,2,36.0,40.0,0.6611111111111111,0.0,1,0.0083333333333333,0.0
5119D0F8-FCA8-4184-A4EB-19421A40DE0D,5119D0F8_s2,00EABED2-271D-49D8-B599-1D4A09240601,moving_average,"{""theta"": 0.8725176789692919, ""w"": 10}",180,60,120,0.0166666666666666,0.0666666666666666,1,8,60,120,2,1.11731843575419,0,60.0,61.0,0.6277777777777778,1.0,8,0.0666666666666666,8.0
5119D0F8-FCA8-4184-A4EB-19421A40DE0D,5119D0F8_s2,00EABED2-271D-49D8-B599-1D4A09240601,ewma,"{""theta"": 0.8725808687099009, ""alpha"": 0.5}",180,60,120,0.0,0.0333333333333333,0,4,60,120,2,1.11731843575419,0,60.0,60.0,0.6444444444444445,0.0,4,0.0333333333333333,4.0
5119D0F8-FCA8-4184-A4EB-19421A40DE0D,5119D0F8_s2,00EABED2-271D-49D8-B599-1D4A09240601,majority_vote,"{""theta"": 0.8723465897659447, ""w"": 5, ""k"": 4}",180,60,120,0.0166666666666666,0.025,1,3,60,120,2,1.11731843575419,0,60.0,61.0,0.6555555555555556,1.0,3,0.025,3.0
5119D0F8-FCA8-4184-A4EB-19421A40DE0D,5119D0F8_s2,00EABED2-271D-49D8-B599-1D4A09240601,debounce,"{""theta"": 0.9079552165068294, ""n"": 5}",180,60,120,0.0666666666666666,0.3333333333333333,4,40,60,120,2,1.11731843575419,0,60.0,64.0,0.4666666666666667,4.0,40,0.3333333333333333,40.0
5119D0F8-FCA8-4184-A4EB-19421A40DE0D,5119D0F8_s2,00EABED2-271D-49D8-B599-1D4A09240601,margin_dual_threshold,"{""theta"": 0.8702995640802093, ""margin"": 0.05}",180,60,120,0.0,0.0,0,0,60,120,2,1.11731843575419,0,60.0,60.0,0.6666666666666666,0.0,0,0.0,0.0
5119D0F8-FCA8-4184-A4EB-19421A40DE0D,5119D0F8_s2,00EABED2-271D-49D8-B599-1D4A09240601,hysteresis,"{""theta"": 0.9320064031773709, ""margin"": 0.05, ""ttt_frames"": 5}",180,60,120,0.0666666666666666,0.5,4,60,60,120,1,0.5586592178770949,0,90.0,90.0,0.3555555555555555,4.0,60,0.5,
5119D0F8-FCA8-4184-A4EB-19421A40DE0D,5119D0F8_s2,00EABED2-271D-49D8-B599-1D4A09240601,trust_model,"{""theta"": 0.90300676160031, ""gain"": 0.3, ""decay"": 0.05, ""tau_lo"": 0.4, ""tau_hi"": 0.6}",180,60,120,0.0333333333333333,0.4416666666666666,2,53,60,120,2,1.11731843575419,0,60.0,62.0,0.3833333333333333,2.0,53,0.4416666666666666,53.0
5119D0F8-FCA8-4184-A4EB-19421A40DE0D,5119D0F8_s2,00EABED2-271D-49D8-B599-1D4A09240601,sprt,"{""A"": 16, ""B"": 4, ""mu_gen"": 0.9383203095568686, ""sd_gen"": 0.033397629969120525, ""mu_imp"": 0.4651065043538161, ""sd_imp"": 0.2802349370662641}",180,60,120,0.0,0.0416666666666666,0,5,60,120,2,1.11731843575419,0,60.0,60.0,0.6388888888888888,0.0,5,0.0416666666666666,5.0
5119D0F8-FCA8-4184-A4EB-19421A40DE0D,5119D0F8_s3,098A72A5-E3E5-4F54-A152-BBDA0DF7B694,instantaneous,"{""theta"": 0.8725808687099009}",180,60,120,0.0,0.0083333333333333,0,1,60,120,4,2.23463687150838,2,36.0,34.0,0.6611111111111111,0.0,1,0.0083333333333333,0.0
5119D0F8-FCA8-4184-A4EB-19421A40DE0D,5119D0F8_s3,098A72A5-E3E5-4F54-A152-BBDA0DF7B694,moving_average,"{""theta"": 0.8725176789692919, ""w"": 10}",180,60,120,0.0166666666666666,0.05,1,6,60,120,2,1.11731843575419,0,60.0,61.0,0.6388888888888888,1.0,6,0.05,6.0
5119D0F8-FCA8-4184-A4EB-19421A40DE0D,5119D0F8_s3,098A72A5-E3E5-4F54-A152-BBDA0DF7B694,ewma,"{""theta"": 0.8725808687099009, ""alpha"": 0.5}",180,60,120,0.0,0.0083333333333333,0,1,60,120,2,1.11731843575419,0,60.0,60.0,0.6611111111111111,0.0,1,0.0083333333333333,1.0
5119D0F8-FCA8-4184-A4EB-19421A40DE0D,5119D0F8_s3,098A72A5-E3E5-4F54-A152-BBDA0DF7B694,majority_vote,"{""theta"": 0.8723465897659447, ""w"": 5, ""k"": 4}",180,60,120,0.0166666666666666,0.025,1,3,60,120,2,1.11731843575419,0,60.0,61.0,0.6555555555555556,1.0,3,0.025,3.0
5119D0F8-FCA8-4184-A4EB-19421A40DE0D,5119D0F8_s3,098A72A5-E3E5-4F54-A152-BBDA0DF7B694,debounce,"{""theta"": 0.9079552165068294, ""n"": 5}",180,60,120,0.0666666666666666,0.5916666666666667,4,71,60,120,6,3.35195530726257,0,25.714285714285715,18.0,0.2944444444444444,4.0,71,0.5916666666666667,17.0
5119D0F8-FCA8-4184-A4EB-19421A40DE0D,5119D0F8_s3,098A72A5-E3E5-4F54-A152-BBDA0DF7B694,margin_dual_threshold,"{""theta"": 0.8702995640802093, ""margin"": 0.05}",180,60,120,0.0,0.0,0,0,60,120,2,1.11731843575419,0,60.0,60.0,0.6666666666666666,0.0,0,0.0,0.0
5119D0F8-FCA8-4184-A4EB-19421A40DE0D,5119D0F8_s3,098A72A5-E3E5-4F54-A152-BBDA0DF7B694,hysteresis,"{""theta"": 0.9320064031773709, ""margin"": 0.05, ""ttt_frames"": 5}",180,60,120,0.0,0.75,0,90,60,120,3,1.675977653631285,0,45.0,21.0,0.1666666666666666,0.0,90,0.75,18.0
5119D0F8-FCA8-4184-A4EB-19421A40DE0D,5119D0F8_s3,098A72A5-E3E5-4F54-A152-BBDA0DF7B694,trust_model,"{""theta"": 0.90300676160031, ""gain"": 0.3, ""decay"": 0.05, ""tau_lo"": 0.4, ""tau_hi"": 0.6}",180,60,120,0.05,0.1833333333333333,3,22,60,120,2,1.11731843575419,0,60.0,63.0,0.5611111111111111,3.0,22,0.1833333333333333,22.0
5119D0F8-FCA8-4184-A4EB-19421A40DE0D,5119D0F8_s3,098A72A5-E3E5-4F54-A152-BBDA0DF7B694,sprt,"{""A"": 16, ""B"": 4, ""mu_gen"": 0.9383203095568686, ""sd_gen"": 0.033397629969120525, ""mu_imp"": 0.4651065043538161, ""sd_imp"": 0.2802349370662641}",180,60,120,0.0166666666666666,0.0416666666666666,1,5,60,120,2,1.11731843575419,0,60.0,61.0,0.6444444444444445,1.0,5,0.0416666666666666,5.0
5119D0F8-FCA8-4184-A4EB-19421A40DE0D,5119D0F8_s4,A5CDF89D-02A2-4EC1-89F8-F534FDABDD96,instantaneous,"{""theta"": 0.8725808687099009}",180,60,120,0.0,0.0083333333333333,0,1,60,120,4,2.23463687150838,2,36.0,48.0,0.6611111111111111,0.0,1,0.0083333333333333,0.0
5119D0F8-FCA8-4184-A4EB-19421A40DE0D,5119D0F8_s4,A5CDF89D-02A2-4EC1-89F8-F534FDABDD96,moving_average,"{""theta"": 0.8725176789692919, ""w"": 10}",180,60,120,0.0166666666666666,0.05,1,6,60,120,2,1.11731843575419,0,60.0,61.0,0.6388888888888888,1.0,6,0.05,6.0
5119D0F8-FCA8-4184-A4EB-19421A40DE0D,5119D0F8_s4,A5CDF89D-02A2-4EC1-89F8-F534FDABDD96,ewma,"{""theta"": 0.8725808687099009, ""alpha"": 0.5}",180,60,120,0.0,0.0083333333333333,0,1,60,120,2,1.11731843575419,0,60.0,60.0,0.6611111111111111,0.0,1,0.0083333333333333,1.0
5119D0F8-FCA8-4184-A4EB-19421A40DE0D,5119D0F8_s4,A5CDF89D-02A2-4EC1-89F8-F534FDABDD96,majority_vote,"{""theta"": 0.8723465897659447, ""w"": 5, ""k"": 4}",180,60,120,0.0166666666666666,0.025,1,3,60,120,2,1.11731843575419,0,60.0,61.0,0.6555555555555556,1.0,3,0.025,3.0
5119D0F8-FCA8-4184-A4EB-19421A40DE0D,5119D0F8_s4,A5CDF89D-02A2-4EC1-89F8-F534FDABDD96,debounce,"{""theta"": 0.9079552165068294, ""n"": 5}",180,60,120,0.0,0.2833333333333333,0,34,60,120,4,2.23463687150838,0,36.0,36.0,0.4777777777777778,0.0,34,0.2833333333333333,4.0
5119D0F8-FCA8-4184-A4EB-19421A40DE0D,5119D0F8_s4,A5CDF89D-02A2-4EC1-89F8-F534FDABDD96,margin_dual_threshold,"{""theta"": 0.8702995640802093, ""margin"": 0.05}",180,60,120,0.0,0.0,0,0,60,120,2,1.11731843575419,0,60.0,60.0,0.6666666666666666,0.0,0,0.0,0.0
5119D0F8-FCA8-4184-A4EB-19421A40DE0D,5119D0F8_s4,A5CDF89D-02A2-4EC1-89F8-F534FDABDD96,hysteresis,"{""theta"": 0.9320064031773709, ""margin"": 0.05, ""ttt_frames"": 5}",180,60,120,0.0,0.375,0,45,60,120,2,1.11731843575419,0,60.0,39.0,0.4166666666666667,0.0,45,0.375,21.0
5119D0F8-FCA8-4184-A4EB-19421A40DE0D,5119D0F8_s4,A5CDF89D-02A2-4EC1-89F8-F534FDABDD96,trust_model,"{""theta"": 0.90300676160031, ""gain"": 0.3, ""decay"": 0.05, ""tau_lo"": 0.4, ""tau_hi"": 0.6}",180,60,120,0.1,0.2166666666666666,6,26,60,120,2,1.11731843575419,0,60.0,66.0,0.5555555555555556,6.0,26,0.2166666666666666,26.0
5119D0F8-FCA8-4184-A4EB-19421A40DE0D,5119D0F8_s4,A5CDF89D-02A2-4EC1-89F8-F534FDABDD96,sprt,"{""A"": 16, ""B"": 4, ""mu_gen"": 0.9383203095568686, ""sd_gen"": 0.033397629969120525, ""mu_imp"": 0.4651065043538161, ""sd_imp"": 0.2802349370662641}",180,60,120,0.0,0.0333333333333333,0,4,60,120,2,1.11731843575419,0,60.0,60.0,0.6444444444444445,0.0,4,0.0333333333333333,4.0
5119D0F8-FCA8-4184-A4EB-19421A40DE0D,5119D0F8_s5,098A72A5-E3E5-4F54-A152-BBDA0DF7B694,instantaneous,"{""theta"": 0.8725808687099009}",180,60,120,0.0,0.0083333333333333,0,1,60,120,4,2.23463687150838,3,36.0,56.0,0.6611111111111111,0.0,1,0.0083333333333333,0.0
5119D0F8-FCA8-4184-A4EB-19421A40DE0D,5119D0F8_s5,098A72A5-E3E5-4F54-A152-BBDA0DF7B694,moving_average,"{""theta"": 0.8725176789692919, ""w"": 10}",180,60,120,0.0666666666666666,0.0583333333333333,4,7,60,120,2,1.11731843575419,0,60.0,63.0,0.65,4.0,7,0.0583333333333333,7.0
5119D0F8-FCA8-4184-A4EB-19421A40DE0D,5119D0F8_s5,098A72A5-E3E5-4F54-A152-BBDA0DF7B694,ewma,"{""theta"": 0.8725808687099009, ""alpha"": 0.5}",180,60,120,0.0,0.0083333333333333,0,1,60,120,2,1.11731843575419,0,60.0,60.0,0.6611111111111111,0.0,1,0.0083333333333333,1.0
5119D0F8-FCA8-4184-A4EB-19421A40DE0D,5119D0F8_s5,098A72A5-E3E5-4F54-A152-BBDA0DF7B694,majority_vote,"{""theta"": 0.8723465897659447, ""w"": 5, ""k"": 4}",180,60,120,0.0166666666666666,0.0333333333333333,1,4,60,120,2,1.11731843575419,0,60.0,61.0,0.65,1.0,4,0.0333333333333333,4.0
5119D0F8-FCA8-4184-A4EB-19421A40DE0D,5119D0F8_s5,098A72A5-E3E5-4F54-A152-BBDA0DF7B694,debounce,"{""theta"": 0.9079552165068294, ""n"": 5}",180,60,120,0.0666666666666666,0.2333333333333333,4,28,60,120,2,1.11731843575419,0,60.0,64.0,0.5333333333333333,4.0,28,0.2333333333333333,28.0
5119D0F8-FCA8-4184-A4EB-19421A40DE0D,5119D0F8_s5,098A72A5-E3E5-4F54-A152-BBDA0DF7B694,margin_dual_threshold,"{""theta"": 0.8702995640802093, ""margin"": 0.05}",180,60,120,0.0,0.0,0,0,60,120,2,1.11731843575419,0,60.0,60.0,0.6666666666666666,0.0,0,0.0,0.0
5119D0F8-FCA8-4184-A4EB-19421A40DE0D,5119D0F8_s5,098A72A5-E3E5-4F54-A152-BBDA0DF7B694,hysteresis,"{""theta"": 0.9320064031773709, ""margin"": 0.05, ""ttt_frames"": 5}",180,60,120,0.0666666666666666,0.2833333333333333,4,34,60,120,2,1.11731843575419,0,60.0,64.0,0.5,4.0,34,0.2833333333333333,34.0
5119D0F8-FCA8-4184-A4EB-19421A40DE0D,5119D0F8_s5,098A72A5-E3E5-4F54-A152-BBDA0DF7B694,trust_model,"{""theta"": 0.90300676160031, ""gain"": 0.3, ""decay"": 0.05, ""tau_lo"": 0.4, ""tau_hi"": 0.6}",180,60,120,0.1166666666666666,0.3083333333333333,7,37,60,120,2,1.11731843575419,0,60.0,67.0,0.5,7.0,37,0.3083333333333333,37.0
5119D0F8-FCA8-4184-A4EB-19421A40DE0D,5119D0F8_s5,098A72A5-E3E5-4F54-A152-BBDA0DF7B694,sprt,"{""A"": 16, ""B"": 4, ""mu_gen"": 0.9383203095568686, ""sd_gen"": 0.033397629969120525, ""mu_imp"": 0.4651065043538161, ""sd_imp"": 0.2802349370662641}",180,60,120,0.05,0.05,3,6,60,120,2,1.11731843575419,0,60.0,63.0,0.65,3.0,6,0.05,6.0
5152A2DF-FAF3-4BA8-9CA9-E66B32671A53,5152A2DF_s0,806289BC-AD52-4CC1-806C-0CDB14D65EB6,instantaneous,"{""theta"": 0.8451979522947265}",180,60,120,0.0,0.0333333333333333,0,4,60,120,7,3.910614525139665,5,22.5,8.5,0.6444444444444445,0.0,4,0.0333333333333333,3.0
5152A2DF-FAF3-4BA8-9CA9-E66B32671A53,5152A2DF_s0,806289BC-AD52-4CC1-806C-0CDB14D65EB6,moving_average,"{""theta"": 0.8427901847256685, ""w"": 5}",180,60,120,0.0166666666666666,0.05,1,6,60,120,3,1.675977653631285,0,45.0,57.5,0.6388888888888888,1.0,6,0.05,5.0
5152A2DF-FAF3-4BA8-9CA9-E66B32671A53,5152A2DF_s0,806289BC-AD52-4CC1-806C-0CDB14D65EB6,ewma,"{""theta"": 0.8427901847256685, ""alpha"": 0.5}",180,60,120,0.0,0.0416666666666666,0,5,60,120,3,1.675977653631285,0,45.0,57.5,0.6388888888888888,0.0,5,0.0416666666666666,4.0
5152A2DF-FAF3-4BA8-9CA9-E66B32671A53,5152A2DF_s0,806289BC-AD52-4CC1-806C-0CDB14D65EB6,majority_vote,"{""theta"": 0.8476453624840721, ""w"": 3, ""k"": 2}",180,60,120,0.0166666666666666,0.05,1,6,60,120,3,1.675977653631285,0,45.0,57.5,0.6388888888888888,1.0,6,0.05,4.0
5152A2DF-FAF3-4BA8-9CA9-E66B32671A53,5152A2DF_s0,806289BC-AD52-4CC1-806C-0CDB14D65EB6,debounce,"{""theta"": 0.8476453624840721, ""n"": 2}",180,60,120,0.0166666666666666,0.0333333333333333,1,4,60,120,2,1.11731843575419,0,60.0,61.0,0.65,1.0,4,0.0333333333333333,4.0
5152A2DF-FAF3-4BA8-9CA9-E66B32671A53,5152A2DF_s0,806289BC-AD52-4CC1-806C-0CDB14D65EB6,margin_dual_threshold,"{""theta"": 0.8427901847256685, ""margin"": 0.05}",180,60,120,0.0,0.0166666666666666,0,2,60,120,4,2.23463687150838,3,36.0,57.0,0.6555555555555556,0.0,2,0.0166666666666666,3.0
5152A2DF-FAF3-4BA8-9CA9-E66B32671A53,5152A2DF_s0,806289BC-AD52-4CC1-806C-0CDB14D65EB6,hysteresis,"{""theta"": 0.9869908747457135, ""margin"": 0.05, ""ttt_frames"": 10}",180,60,120,0.0833333333333333,0.5,5,60,60,120,1,0.5586592178770949,0,90.0,90.0,0.3611111111111111,5.0,60,0.5,
5152A2DF-FAF3-4BA8-9CA9-E66B32671A53,5152A2DF_s0,806289BC-AD52-4CC1-806C-0CDB14D65EB6,trust_model,"{""theta"": 0.8444998844998846, ""gain"": 0.6, ""decay"": 0.2, ""tau_lo"": 0.4, ""tau_hi"": 0.6}",180,60,120,0.0333333333333333,0.0583333333333333,2,7,60,120,2,1.11731843575419,0,60.0,62.0,0.6388888888888888,2.0,7,0.0583333333333333,7.0
5152A2DF-FAF3-4BA8-9CA9-E66B32671A53,5152A2DF_s0,806289BC-AD52-4CC1-806C-0CDB14D65EB6,sprt,"{""A"": 1, ""B"": 16, ""mu_gen"": 0.9422511220898317, ""sd_gen"": 0.03577535100349242, ""mu_imp"": 0.5057353051976707, ""sd_imp"": 0.23544363183947623}",180,60,120,0.0,0.0416666666666666,0,5,60,120,4,2.23463687150838,2,36.0,54.0,0.6388888888888888,0.0,5,0.0416666666666666,6.0
5152A2DF-FAF3-4BA8-9CA9-E66B32671A53,5152A2DF_s1,8023FE1A-D3B0-4E2C-A57A-9321B7FC755F,instantaneous,"{""theta"": 0.8451979522947265}",180,60,120,0.0,0.0,0,0,60,120,2,1.11731843575419,0,60.0,60.0,0.6666666666666666,0.0,0,0.0,0.0
5152A2DF-FAF3-4BA8-9CA9-E66B32671A53,5152A2DF_s1,8023FE1A-D3B0-4E2C-A57A-9321B7FC755F,moving_average,"{""theta"": 0.8427901847256685, ""w"": 5}",180,60,120,0.0166666666666666,0.0333333333333333,1,4,60,120,2,1.11731843575419,0,60.0,61.0,0.65,1.0,4,0.0333333333333333,4.0
5152A2DF-FAF3-4BA8-9CA9-E66B32671A53,5152A2DF_s1,8023FE1A-D3B0-4E2C-A57A-9321B7FC755F,ewma,"{""theta"": 0.8427901847256685, ""alpha"": 0.5}",180,60,120,0.0,0.0166666666666666,0,2,60,120,2,1.11731843575419,0,60.0,60.0,0.6555555555555556,0.0,2,0.0166666666666666,2.0
5152A2DF-FAF3-4BA8-9CA9-E66B32671A53,5152A2DF_s1,8023FE1A-D3B0-4E2C-A57A-9321B7FC755F,majority_vote,"{""theta"": 0.8476453624840721, ""w"": 3, ""k"": 2}",180,60,120,0.0166666666666666,0.0083333333333333,1,1,60,120,2,1.11731843575419,0,60.0,60.0,0.6666666666666666,1.0,1,0.0083333333333333,1.0
5152A2DF-FAF3-4BA8-9CA9-E66B32671A53,5152A2DF_s1,8023FE1A-D3B0-4E2C-A57A-9321B7FC755F,debounce,"{""theta"": 0.8476453624840721, ""n"": 2}",180,60,120,0.0166666666666666,0.0083333333333333,1,1,60,120,2,1.11731843575419,0,60.0,60.0,0.6666666666666666,1.0,1,0.0083333333333333,1.0
5152A2DF-FAF3-4BA8-9CA9-E66B32671A53,5152A2DF_s1,8023FE1A-D3B0-4E2C-A57A-9321B7FC755F,margin_dual_threshold,"{""theta"": 0.8427901847256685, ""margin"": 0.05}",180,60,120,0.0,0.0,0,0,60,120,2,1.11731843575419,0,60.0,60.0,0.6666666666666666,0.0,0,0.0,0.0
5152A2DF-FAF3-4BA8-9CA9-E66B32671A53,5152A2DF_s1,8023FE1A-D3B0-4E2C-A57A-9321B7FC755F,hysteresis,"{""theta"": 0.9869908747457135, ""margin"": 0.05, ""ttt_frames"": 10}",180,60,120,0.0,0.925,0,111,60,120,1,0.5586592178770949,0,90.0,90.0,0.05,0.0,111,0.925,
5152A2DF-FAF3-4BA8-9CA9-E66B32671A53,5152A2DF_s1,8023FE1A-D3B0-4E2C-A57A-9321B7FC755F,trust_model,"{""theta"": 0.8444998844998846, ""gain"": 0.6, ""decay"": 0.2, ""tau_lo"": 0.4, ""tau_hi"": 0.6}",180,60,120,0.0333333333333333,0.1,2,12,60,120,2,1.11731843575419,0,60.0,62.0,0.6111111111111112,2.0,12,0.1,12.0
5152A2DF-FAF3-4BA8-9CA9-E66B32671A53,5152A2DF_s1,8023FE1A-D3B0-4E2C-A57A-9321B7FC755F,sprt,"{""A"": 1, ""B"": 16, ""mu_gen"": 0.9422511220898317, ""sd_gen"": 0.03577535100349242, ""mu_imp"": 0.5057353051976707, ""sd_imp"": 0.23544363183947623}",180,60,120,0.0,0.0,0,0,60,120,2,1.11731843575419,0,60.0,60.0,0.6666666666666666,0.0,0,0.0,0.0
5152A2DF-FAF3-4BA8-9CA9-E66B32671A53,5152A2DF_s2,61359772-D8D8-480D-B623-7C636EAD0C81,instantaneous,"{""theta"": 0.8451979522947265}",180,60,120,0.0,0.0,0,0,60,120,2,1.11731843575419,0,60.0,60.0,0.6666666666666666,0.0,0,0.0,0.0
5152A2DF-FAF3-4BA8-9CA9-E66B32671A53,5152A2DF_s2,61359772-D8D8-480D-B623-7C636EAD0C81,moving_average,"{""theta"": 0.8427901847256685, ""w"": 5}",180,60,120,0.0166666666666666,0.0333333333333333,1,4,60,120,2,1.11731843575419,0,60.0,61.0,0.65,1.0,4,0.0333333333333333,4.0
5152A2DF-FAF3-4BA8-9CA9-E66B32671A53,5152A2DF_s2,61359772-D8D8-480D-B623-7C636EAD0C81,ewma,"{""theta"": 0.8427901847256685, ""alpha"": 0.5}",180,60,120,0.0,0.025,0,3,60,120,2,1.11731843575419,0,60.0,60.0,0.65,0.0,3,0.025,3.0
5152A2DF-FAF3-4BA8-9CA9-E66B32671A53,5152A2DF_s2,61359772-D8D8-480D-B623-7C636EAD0C81,majority_vote,"{""theta"": 0.8476453624840721, ""w"": 3, ""k"": 2}",180,60,120,0.0166666666666666,0.0083333333333333,1,1,60,120,2,1.11731843575419,0,60.0,60.0,0.6666666666666666,1.0,1,0.0083333333333333,1.0
5152A2DF-FAF3-4BA8-9CA9-E66B32671A53,5152A2DF_s2,61359772-D8D8-480D-B623-7C636EAD0C81,debounce,"{""theta"": 0.8476453624840721, ""n"": 2}",180,60,120,0.0166666666666666,0.0083333333333333,1,1,60,120,2,1.11731843575419,0,60.0,60.0,0.6666666666666666,1.0,1,0.0083333333333333,1.0
5152A2DF-FAF3-4BA8-9CA9-E66B32671A53,5152A2DF_s2,61359772-D8D8-480D-B623-7C636EAD0C81,margin_dual_threshold,"{""theta"": 0.8427901847256685, ""margin"": 0.05}",180,60,120,0.0,0.0,0,0,60,120,2,1.11731843575419,0,60.0,60.0,0.6666666666666666,0.0,0,0.0,0.0
5152A2DF-FAF3-4BA8-9CA9-E66B32671A53,5152A2DF_s2,61359772-D8D8-480D-B623-7C636EAD0C81,hysteresis,"{""theta"": 0.9869908747457135, ""margin"": 0.05, ""ttt_frames"": 10}",180,60,120,0.15,0.5,9,60,60,120,1,0.5586592178770949,0,90.0,90.0,0.3833333333333333,9.0,60,0.5,
5152A2DF-FAF3-4BA8-9CA9-E66B32671A53,5152A2DF_s2,61359772-D8D8-480D-B623-7C636EAD0C81,trust_model,"{""theta"": 0.8444998844998846, ""gain"": 0.6, ""decay"": 0.2, ""tau_lo"": 0.4, ""tau_hi"": 0.6}",180,60,120,0.0166666666666666,0.0833333333333333,1,10,60,120,2,1.11731843575419,0,60.0,61.0,0.6166666666666667,1.0,10,0.0833333333333333,10.0
5152A2DF-FAF3-4BA8-9CA9-E66B32671A53,5152A2DF_s2,61359772-D8D8-480D-B623-7C636EAD0C81,sprt,"{""A"": 1, ""B"": 16, ""mu_gen"": 0.9422511220898317, ""sd_gen"": 0.03577535100349242, ""mu_imp"": 0.5057353051976707, ""sd_imp"": 0.23544363183947623}",180,60,120,0.0,0.0,0,0,60,120,2,1.11731843575419,0,60.0,60.0,0.6666666666666666,0.0,0,0.0,0.0
5152A2DF-FAF3-4BA8-9CA9-E66B32671A53,5152A2DF_s3,481F4DD2-7689-43B9-A2AA-C8772227162B,instantaneous,"{""theta"": 0.8451979522947265}",180,60,120,0.0,0.0083333333333333,0,1,60,120,4,2.23463687150838,2,36.0,53.0,0.6611111111111111,0.0,1,0.0083333333333333,0.0
5152A2DF-FAF3-4BA8-9CA9-E66B32671A53,5152A2DF_s3,481F4DD2-7689-43B9-A2AA-C8772227162B,moving_average,"{""theta"": 0.8427901847256685, ""w"": 5}",180,60,120,0.0166666666666666,0.0333333333333333,1,4,60,120,2,1.11731843575419,0,60.0,61.0,0.65,1.0,4,0.0333333333333333,4.0
5152A2DF-FAF3-4BA8-9CA9-E66B32671A53,5152A2DF_s3,481F4DD2-7689-43B9-A2AA-C8772227162B,ewma,"{""theta"": 0.8427901847256685, ""alpha"": 0.5}",180,60,120,0.0,0.0166666666666666,0,2,60,120,2,1.11731843575419,0,60.0,60.0,0.6555555555555556,0.0,2,0.0166666666666666,2.0
5152A2DF-FAF3-4BA8-9CA9-E66B32671A53,5152A2DF_s3,481F4DD2-7689-43B9-A2AA-C8772227162B,majority_vote,"{""theta"": 0.8476453624840721, ""w"": 3, ""k"": 2}",180,60,120,0.0166666666666666,0.025,1,3,60,120,4,2.23463687150838,2,36.0,53.0,0.6555555555555556,1.0,3,0.025,1.0
5152A2DF-FAF3-4BA8-9CA9-E66B32671A53,5152A2DF_s3,481F4DD2-7689-43B9-A2AA-C8772227162B,debounce,"{""theta"": 0.8476453624840721, ""n"": 2}",180,60,120,0.0166666666666666,0.025,1,3,60,120,4,2.23463687150838,2,36.0,53.0,0.6555555555555556,1.0,3,0.025,1.0
5152A2DF-FAF3-4BA8-9CA9-E66B32671A53,5152A2DF_s3,481F4DD2-7689-43B9-A2AA-C8772227162B,margin_dual_threshold,"{""theta"": 0.8427901847256685, ""margin"": 0.05}",180,60,120,0.0,0.0,0,0,60,120,2,1.11731843575419,0,60.0,60.0,0.6666666666666666,0.0,0,0.0,0.0
5152A2DF-FAF3-4BA8-9CA9-E66B32671A53,5152A2DF_s3,481F4DD2-7689-43B9-A2AA-C8772227162B,hysteresis,"{""theta"": 0.9869908747457135, ""margin"": 0.05, ""ttt_frames"": 10}",180,60,120,0.15,0.5,9,60,60,120,1,0.5586592178770949,0,90.0,90.0,0.3833333333333333,9.0,60,0.5,
5152A2DF-FAF3-4BA8-9CA9-E66B32671A53,5152A2DF_s3,481F4DD2-7689-43B9-A2AA-C8772227162B,trust_model,"{""theta"": 0.8444998844998846, ""gain"": 0.6, ""decay"": 0.2, ""tau_lo"": 0.4, ""tau_hi"": 0.6}",180,60,120,0.0166666666666666,0.0416666666666666,1,5,60,120,2,1.11731843575419,0,60.0,61.0,0.6444444444444445,1.0,5,0.0416666666666666,5.0
5152A2DF-FAF3-4BA8-9CA9-E66B32671A53,5152A2DF_s3,481F4DD2-7689-43B9-A2AA-C8772227162B,sprt,"{""A"": 1, ""B"": 16, ""mu_gen"": 0.9422511220898317, ""sd_gen"": 0.03577535100349242, ""mu_imp"": 0.5057353051976707, ""sd_imp"": 0.23544363183947623}",180,60,120,0.0,0.0,0,0,60,120,2,1.11731843575419,0,60.0,60.0,0.6666666666666666,0.0,0,0.0,0.0
5152A2DF-FAF3-4BA8-9CA9-E66B32671A53,5152A2DF_s4,0BFC35E2-4817-4865-BFA7-764742302A2D,instantaneous,"{""theta"": 0.8451979522947265}",180,60,120,0.0,0.0,0,0,60,120,2,1.11731843575419,0,60.0,60.0,0.6666666666666666,0.0,0,0.0,0.0
5152A2DF-FAF3-4BA8-9CA9-E66B32671A53,5152A2DF_s4,0BFC35E2-4817-4865-BFA7-764742302A2D,moving_average,"{""theta"": 0.8427901847256685, ""w"": 5}",180,60,120,0.0166666666666666,0.0333333333333333,1,4,60,120,2,1.11731843575419,0,60.0,61.0,0.65,1.0,4,0.0333333333333333,4.0
5152A2DF-FAF3-4BA8-9CA9-E66B32671A53,5152A2DF_s4,0BFC35E2-4817-4865-BFA7-764742302A2D,ewma,"{""theta"": 0.8427901847256685, ""alpha"": 0.5}",180,60,120,0.0,0.025,0,3,60,120,2,1.11731843575419,0,60.0,60.0,0.65,0.0,3,0.025,3.0
5152A2DF-FAF3-4BA8-9CA9-E66B32671A53,5152A2DF_s4,0BFC35E2-4817-4865-BFA7-764742302A2D,majority_vote,"{""theta"": 0.8476453624840721, ""w"": 3, ""k"": 2}",180,60,120,0.0166666666666666,0.0083333333333333,1,1,60,120,2,1.11731843575419,0,60.0,60.0,0.6666666666666666,1.0,1,0.0083333333333333,1.0
5152A2DF-FAF3-4BA8-9CA9-E66B32671A53,5152A2DF_s4,0BFC35E2-4817-4865-BFA7-764742302A2D,debounce,"{""theta"": 0.8476453624840721, ""n"": 2}",180,60,120,0.0166666666666666,0.0083333333333333,1,1,60,120,2,1.11731843575419,0,60.0,60.0,0.6666666666666666,1.0,1,0.0083333333333333,1.0
5152A2DF-FAF3-4BA8-9CA9-E66B32671A53,5152A2DF_s4,0BFC35E2-4817-4865-BFA7-764742302A2D,margin_dual_threshold,"{""theta"": 0.8427901847256685, ""margin"": 0.05}",180,60,120,0.0,0.0,0,0,60,120,2,1.11731843575419,0,60.0,60.0,0.6666666666666666,0.0,0,0.0,0.0
5152A2DF-FAF3-4BA8-9CA9-E66B32671A53,5152A2DF_s4,0BFC35E2-4817-4865-BFA7-764742302A2D,hysteresis,"{""theta"": 0.9869908747457135, ""margin"": 0.05, ""ttt_frames"": 10}",180,60,120,0.0,0.5,0,60,60,120,1,0.5586592178770949,0,90.0,90.0,0.3333333333333333,0.0,60,0.5,
5152A2DF-FAF3-4BA8-9CA9-E66B32671A53,5152A2DF_s4,0BFC35E2-4817-4865-BFA7-764742302A2D,trust_model,"{""theta"": 0.8444998844998846, ""gain"": 0.6, ""decay"": 0.2, ""tau_lo"": 0.4, ""tau_hi"": 0.6}",180,60,120,0.0166666666666666,0.0916666666666666,1,11,60,120,2,1.11731843575419,0,60.0,61.0,0.6111111111111112,1.0,11,0.0916666666666666,11.0
5152A2DF-FAF3-4BA8-9CA9-E66B32671A53,5152A2DF_s4,0BFC35E2-4817-4865-BFA7-764742302A2D,sprt,"{""A"": 1, ""B"": 16, ""mu_gen"": 0.9422511220898317, ""sd_gen"": 0.03577535100349242, ""mu_imp"": 0.5057353051976707, ""sd_imp"": 0.23544363183947623}",180,60,120,0.0,0.0,0,0,60,120,2,1.11731843575419,0,60.0,60.0,0.6666666666666666,0.0,0,0.0,0.0
5152A2DF-FAF3-4BA8-9CA9-E66B32671A53,5152A2DF_s5,4E98F91F-4654-42EF-B908-A3389443F2E7,instantaneous,"{""theta"": 0.8451979522947265}",180,60,120,0.0,0.0083333333333333,0,1,60,120,4,2.23463687150838,2,36.0,46.0,0.6611111111111111,0.0,1,0.0083333333333333,0.0
5152A2DF-FAF3-4BA8-9CA9-E66B32671A53,5152A2DF_s5,4E98F91F-4654-42EF-B908-A3389443F2E7,moving_average,"{""theta"": 0.8427901847256685, ""w"": 5}",180,60,120,0.0166666666666666,0.0333333333333333,1,4,60,120,2,1.11731843575419,0,60.0,61.0,0.65,1.0,4,0.0333333333333333,4.0
5152A2DF-FAF3-4BA8-9CA9-E66B32671A53,5152A2DF_s5,4E98F91F-4654-42EF-B908-A3389443F2E7,ewma,"{""theta"": 0.8427901847256685, ""alpha"": 0.5}",180,60,120,0.0,0.0166666666666666,0,2,60,120,2,1.11731843575419,0,60.0,60.0,0.6555555555555556,0.0,2,0.0166666666666666,2.0
5152A2DF-FAF3-4BA8-9CA9-E66B32671A53,5152A2DF_s5,4E98F91F-4654-42EF-B908-A3389443F2E7,majority_vote,"{""theta"": 0.8476453624840721, ""w"": 3, ""k"": 2}",180,60,120,0.0166666666666666,0.0083333333333333,1,1,60,120,2,1.11731843575419,0,60.0,60.0,0.6666666666666666,1.0,1,0.0083333333333333,1.0
5152A2DF-FAF3-4BA8-9CA9-E66B32671A53,5152A2DF_s5,4E98F91F-4654-42EF-B908-A3389443F2E7,debounce,"{""theta"": 0.8476453624840721, ""n"": 2}",180,60,120,0.0166666666666666,0.0083333333333333,1,1,60,120,2,1.11731843575419,0,60.0,60.0,0.6666666666666666,1.0,1,0.0083333333333333,1.0
5152A2DF-FAF3-4BA8-9CA9-E66B32671A53,5152A2DF_s5,4E98F91F-4654-42EF-B908-A3389443F2E7,margin_dual_threshold,"{""theta"": 0.8427901847256685, ""margin"": 0.05}",180,60,120,0.0,0.0,0,0,60,120,2,1.11731843575419,0,60.0,60.0,0.6666666666666666,0.0,0,0.0,0.0
5152A2DF-FAF3-4BA8-9CA9-E66B32671A53,5152A2DF_s5,4E98F91F-4654-42EF-B908-A3389443F2E7,hysteresis,"{""theta"": 0.9869908747457135, ""margin"": 0.05, ""ttt_frames"": 10}",180,60,120,0.15,0.5,9,60,60,120,1,0.5586592178770949,0,90.0,90.0,0.3833333333333333,9.0,60,0.5,
5152A2DF-FAF3-4BA8-9CA9-E66B32671A53,5152A2DF_s5,4E98F91F-4654-42EF-B908-A3389443F2E7,trust_model,"{""theta"": 0.8444998844998846, ""gain"": 0.6, ""decay"": 0.2, ""tau_lo"": 0.4, ""tau_hi"": 0.6}",180,60,120,0.0166666666666666,0.0416666666666666,1,5,60,120,2,1.11731843575419,0,60.0,61.0,0.6444444444444445,1.0,5,0.0416666666666666,5.0
5152A2DF-FAF3-4BA8-9CA9-E66B32671A53,5152A2DF_s5,4E98F91F-4654-42EF-B908-A3389443F2E7,sprt,"{""A"": 1, ""B"": 16, ""mu_gen"": 0.9422511220898317, ""sd_gen"": 0.03577535100349242, ""mu_imp"": 0.5057353051976707, ""sd_imp"": 0.23544363183947623}",180,60,120,0.0,0.0,0,0,60,120,2,1.11731843575419,0,60.0,60.0,0.6666666666666666,0.0,0,0.0,0.0
5EF64122-B513-46AE-BCF1-E62AAC285D2C,5EF64122_s0,8023FE1A-D3B0-4E2C-A57A-9321B7FC755F,instantaneous,"{""theta"": 0.8951159901231464}",180,60,120,0.0,0.0,0,0,60,120,2,1.11731843575419,0,60.0,60.0,0.6666666666666666,0.0,0,0.0,0.0
5EF64122-B513-46AE-BCF1-E62AAC285D2C,5EF64122_s0,8023FE1A-D3B0-4E2C-A57A-9321B7FC755F,moving_average,"{""theta"": 0.8258391393926053, ""w"": 3}",180,60,120,0.0,0.0166666666666666,0,2,60,120,2,1.11731843575419,0,60.0,60.0,0.6555555555555556,0.0,2,0.0166666666666666,2.0
5EF64122-B513-46AE-BCF1-E62AAC285D2C,5EF64122_s0,8023FE1A-D3B0-4E2C-A57A-9321B7FC755F,ewma,"{""theta"": 0.8066542943868645, ""alpha"": 0.5}",180,60,120,0.0,0.0083333333333333,0,1,60,120,2,1.11731843575419,0,60.0,60.0,0.6611111111111111,0.0,1,0.0083333333333333,1.0
5EF64122-B513-46AE-BCF1-E62AAC285D2C,5EF64122_s0,8023FE1A-D3B0-4E2C-A57A-9321B7FC755F,majority_vote,"{""theta"": 0.9025555573030527, ""w"": 3, ""k"": 2}",180,60,120,0.0166666666666666,0.0083333333333333,1,1,60,120,2,1.11731843575419,0,60.0,60.0,0.6666666666666666,1.0,1,0.0083333333333333,1.0
5EF64122-B513-46AE-BCF1-E62AAC285D2C,5EF64122_s0,8023FE1A-D3B0-4E2C-A57A-9321B7FC755F,debounce,"{""theta"": 0.9025555573030527, ""n"": 2}",180,60,120,0.0166666666666666,0.0083333333333333,1,1,60,120,2,1.11731843575419,0,60.0,60.0,0.6666666666666666,1.0,1,0.0083333333333333,1.0
5EF64122-B513-46AE-BCF1-E62AAC285D2C,5EF64122_s0,8023FE1A-D3B0-4E2C-A57A-9321B7FC755F,margin_dual_threshold,"{""theta"": 0.8712784863878706, ""margin"": 0.05}",180,60,120,0.0,0.0,0,0,60,120,2,1.11731843575419,0,60.0,60.0,0.6666666666666666,0.0,0,0.0,0.0
5EF64122-B513-46AE-BCF1-E62AAC285D2C,5EF64122_s0,8023FE1A-D3B0-4E2C-A57A-9321B7FC755F,hysteresis,"{""theta"": 0.809251529496878, ""margin"": 0.2, ""ttt_frames"": 2}",180,60,120,0.0166666666666666,0.0083333333333333,1,1,60,120,2,1.11731843575419,0,60.0,60.0,0.6666666666666666,1.0,1,0.0083333333333333,1.0
5EF64122-B513-46AE-BCF1-E62AAC285D2C,5EF64122_s0,8023FE1A-D3B0-4E2C-A57A-9321B7FC755F,trust_model,"{""theta"": 0.8066542943868645, ""gain"": 0.6, ""decay"": 0.2, ""tau_lo"": 0.4, ""tau_hi"": 0.6}",180,60,120,0.0166666666666666,0.0333333333333333,1,4,60,120,2,1.11731843575419,0,60.0,61.0,0.65,1.0,4,0.0333333333333333,4.0
5EF64122-B513-46AE-BCF1-E62AAC285D2C,5EF64122_s0,8023FE1A-D3B0-4E2C-A57A-9321B7FC755F,sprt,"{""A"": 1, ""B"": 1, ""mu_gen"": 0.9559144914695925, ""sd_gen"": 0.02226220199718443, ""mu_imp"": 0.3759399350280561, ""sd_imp"": 0.2714950511244311}",180,60,120,0.0,0.0,0,0,60,120,2,1.11731843575419,0,60.0,60.0,0.6666666666666666,0.0,0,0.0,0.0
5EF64122-B513-46AE-BCF1-E62AAC285D2C,5EF64122_s1,A7599A50-24AE-46A6-8EA6-2576F1011D81,instantaneous,"{""theta"": 0.8951159901231464}",180,60,120,0.0,0.0,0,0,60,120,2,1.11731843575419,0,60.0,60.0,0.6666666666666666,0.0,0,0.0,0.0
5EF64122-B513-46AE-BCF1-E62AAC285D2C,5EF64122_s1,A7599A50-24AE-46A6-8EA6-2576F1011D81,moving_average,"{""theta"": 0.8258391393926053, ""w"": 3}",180,60,120,0.0166666666666666,0.0083333333333333,1,1,60,120,2,1.11731843575419,0,60.0,60.0,0.6666666666666666,1.0,1,0.0083333333333333,1.0
5EF64122-B513-46AE-BCF1-E62AAC285D2C,5EF64122_s1,A7599A50-24AE-46A6-8EA6-2576F1011D81,ewma,"{""theta"": 0.8066542943868645, ""alpha"": 0.5}",180,60,120,0.0,0.0,0,0,60,120,2,1.11731843575419,0,60.0,60.0,0.6666666666666666,0.0,0,0.0,0.0
5EF64122-B513-46AE-BCF1-E62AAC285D2C,5EF64122_s1,A7599A50-24AE-46A6-8EA6-2576F1011D81,majority_vote,"{""theta"": 0.9025555573030527, ""w"": 3, ""k"": 2}",180,60,120,0.0166666666666666,0.0083333333333333,1,1,60,120,2,1.11731843575419,0,60.0,60.0,0.6666666666666666,1.0,1,0.0083333333333333,1.0
5EF64122-B513-46AE-BCF1-E62AAC285D2C,5EF64122_s1,A7599A50-24AE-46A6-8EA6-2576F1011D81,debounce,"{""theta"": 0.9025555573030527, ""n"": 2}",180,60,120,0.0166666666666666,0.0083333333333333,1,1,60,120,2,1.11731843575419,0,60.0,60.0,0.6666666666666666,1.0,1,0.0083333333333333,1.0
5EF64122-B513-46AE-BCF1-E62AAC285D2C,5EF64122_s1,A7599A50-24AE-46A6-8EA6-2576F1011D81,margin_dual_threshold,"{""theta"": 0.8712784863878706, ""margin"": 0.05}",180,60,120,0.0,0.0,0,0,60,120,2,1.11731843575419,0,60.0,60.0,0.6666666666666666,0.0,0,0.0,0.0
5EF64122-B513-46AE-BCF1-E62AAC285D2C,5EF64122_s1,A7599A50-24AE-46A6-8EA6-2576F1011D81,hysteresis,"{""theta"": 0.809251529496878, ""margin"": 0.2, ""ttt_frames"": 2}",180,60,120,0.0166666666666666,0.0083333333333333,1,1,60,120,2,1.11731843575419,0,60.0,60.0,0.6666666666666666,1.0,1,0.0083333333333333,1.0
5EF64122-B513-46AE-BCF1-E62AAC285D2C,5EF64122_s1,A7599A50-24AE-46A6-8EA6-2576F1011D81,trust_model,"{""theta"": 0.8066542943868645, ""gain"": 0.6, ""decay"": 0.2, ""tau_lo"": 0.4, ""tau_hi"": 0.6}",180,60,120,0.05,0.0333333333333333,3,4,60,120,2,1.11731843575419,0,60.0,61.0,0.6611111111111111,3.0,4,0.0333333333333333,4.0
5EF64122-B513-46AE-BCF1-E62AAC285D2C,5EF64122_s1,A7599A50-24AE-46A6-8EA6-2576F1011D81,sprt,"{""A"": 1, ""B"": 1, ""mu_gen"": 0.9559144914695925, ""sd_gen"": 0.02226220199718443, ""mu_imp"": 0.3759399350280561, ""sd_imp"": 0.2714950511244311}",180,60,120,0.0,0.0,0,0,60,120,2,1.11731843575419,0,60.0,60.0,0.6666666666666666,0.0,0,0.0,0.0
5EF64122-B513-46AE-BCF1-E62AAC285D2C,5EF64122_s2,ECECC2AB-D32F-4F90-B74C-E12A1C69BBE2,instantaneous,"{""theta"": 0.8951159901231464}",180,60,120,0.0,0.0,0,0,60,120,2,1.11731843575419,0,60.0,60.0,0.6666666666666666,0.0,0,0.0,0.0
5EF64122-B513-46AE-BCF1-E62AAC285D2C,5EF64122_s2,ECECC2AB-D32F-4F90-B74C-E12A1C69BBE2,moving_average,"{""theta"": 0.8258391393926053, ""w"": 3}",180,60,120,0.0,0.0166666666666666,0,2,60,120,2,1.11731843575419,0,60.0,60.0,0.6555555555555556,0.0,2,0.0166666666666666,2.0
5EF64122-B513-46AE-BCF1-E62AAC285D2C,5EF64122_s2,ECECC2AB-D32F-4F90-B74C-E12A1C69BBE2,ewma,"{""theta"": 0.8066542943868645, ""alpha"": 0.5}",180,60,120,0.0,0.0083333333333333,0,1,60,120,2,1.11731843575419,0,60.0,60.0,0.6611111111111111,0.0,1,0.0083333333333333,1.0
5EF64122-B513-46AE-BCF1-E62AAC285D2C,5EF64122_s2,ECECC2AB-D32F-4F90-B74C-E12A1C69BBE2,majority_vote,"{""theta"": 0.9025555573030527, ""w"": 3, ""k"": 2}",180,60,120,0.0166666666666666,0.0083333333333333,1,1,60,120,2,1.11731843575419,0,60.0,60.0,0.6666666666666666,1.0,1,0.0083333333333333,1.0
5EF64122-B513-46AE-BCF1-E62AAC285D2C,5EF64122_s2,ECECC2AB-D32F-4F90-B74C-E12A1C69BBE2,debounce,"{""theta"": 0.9025555573030527, ""n"": 2}",180,60,120,0.0166666666666666,0.0083333333333333,1,1,60,120,2,1.11731843575419,0,60.0,60.0,0.6666666666666666,1.0,1,0.0083333333333333,1.0
5EF64122-B513-46AE-BCF1-E62AAC285D2C,5EF64122_s2,ECECC2AB-D32F-4F90-B74C-E12A1C69BBE2,margin_dual_threshold,"{""theta"": 0.8712784863878706, ""margin"": 0.05}",180,60,120,0.0,0.0,0,0,60,120,2,1.11731843575419,0,60.0,60.0,0.6666666666666666,0.0,0,0.0,0.0
5EF64122-B513-46AE-BCF1-E62AAC285D2C,5EF64122_s2,ECECC2AB-D32F-4F90-B74C-E12A1C69BBE2,hysteresis,"{""theta"": 0.809251529496878, ""margin"": 0.2, ""ttt_frames"": 2}",180,60,120,0.0166666666666666,0.0083333333333333,1,1,60,120,2,1.11731843575419,0,60.0,60.0,0.6666666666666666,1.0,1,0.0083333333333333,1.0
5EF64122-B513-46AE-BCF1-E62AAC285D2C,5EF64122_s2,ECECC2AB-D32F-4F90-B74C-E12A1C69BBE2,trust_model,"{""theta"": 0.8066542943868645, ""gain"": 0.6, ""decay"": 0.2, ""tau_lo"": 0.4, ""tau_hi"": 0.6}",180,60,120,0.0333333333333333,0.0333333333333333,2,4,60,120,2,1.11731843575419,0,60.0,62.0,0.6555555555555556,2.0,4,0.0333333333333333,4.0
5EF64122-B513-46AE-BCF1-E62AAC285D2C,5EF64122_s2,ECECC2AB-D32F-4F90-B74C-E12A1C69BBE2,sprt,"{""A"": 1, ""B"": 1, ""mu_gen"": 0.9559144914695925, ""sd_gen"": 0.02226220199718443, ""mu_imp"": 0.3759399350280561, ""sd_imp"": 0.2714950511244311}",180,60,120,0.0,0.0,0,0,60,120,2,1.11731843575419,0,60.0,60.0,0.6666666666666666,0.0,0,0.0,0.0
5EF64122-B513-46AE-BCF1-E62AAC285D2C,5EF64122_s3,7D9BB102-A612-4E2A-8E22-3159752F55D8,instantaneous,"{""theta"": 0.8951159901231464}",180,60,120,0.0166666666666666,0.0,1,0,60,120,4,2.23463687150838,2,36.0,49.0,0.6722222222222223,0.0,0,0.0,0.0
5EF64122-B513-46AE-BCF1-E62AAC285D2C,5EF64122_s3,7D9BB102-A612-4E2A-8E22-3159752F55D8,moving_average,"{""theta"": 0.8258391393926053, ""w"": 3}",180,60,120,0.0166666666666666,0.0166666666666666,1,2,60,120,2,1.11731843575419,0,60.0,61.0,0.6611111111111111,1.0,2,0.0166666666666666,2.0
5EF64122-B513-46AE-BCF1-E62AAC285D2C,5EF64122_s3,7D9BB102-A612-4E2A-8E22-3159752F55D8,ewma,"{""theta"": 0.8066542943868645, ""alpha"": 0.5}",180,60,120,0.0,0.0166666666666666,0,2,60,120,2,1.11731843575419,0,60.0,60.0,0.6555555555555556,0.0,2,0.0166666666666666,2.0
5EF64122-B513-46AE-BCF1-E62AAC285D2C,5EF64122_s3,7D9BB102-A612-4E2A-8E22-3159752F55D8,majority_vote,"{""theta"": 0.9025555573030527, ""w"": 3, ""k"": 2}",180,60,120,0.0166666666666666,0.0083333333333333,1,1,60,120,2,1.11731843575419,0,60.0,60.0,0.6666666666666666,1.0,1,0.0083333333333333,1.0
5EF64122-B513-46AE-BCF1-E62AAC285D2C,5EF64122_s3,7D9BB102-A612-4E2A-8E22-3159752F55D8,debounce,"{""theta"": 0.9025555573030527, ""n"": 2}",180,60,120,0.0166666666666666,0.0083333333333333,1,1,60,120,2,1.11731843575419,0,60.0,60.0,0.6666666666666666,1.0,1,0.0083333333333333,1.0
5EF64122-B513-46AE-BCF1-E62AAC285D2C,5EF64122_s3,7D9BB102-A612-4E2A-8E22-3159752F55D8,margin_dual_threshold,"{""theta"": 0.8712784863878706, ""margin"": 0.05}",180,60,120,0.0166666666666666,0.0,1,0,60,120,4,2.23463687150838,2,36.0,49.0,0.6722222222222223,0.0,0,0.0,0.0
5EF64122-B513-46AE-BCF1-E62AAC285D2C,5EF64122_s3,7D9BB102-A612-4E2A-8E22-3159752F55D8,hysteresis,"{""theta"": 0.809251529496878, ""margin"": 0.2, ""ttt_frames"": 2}",180,60,120,0.0166666666666666,0.0083333333333333,1,1,60,120,2,1.11731843575419,0,60.0,60.0,0.6666666666666666,1.0,1,0.0083333333333333,1.0
5EF64122-B513-46AE-BCF1-E62AAC285D2C,5EF64122_s3,7D9BB102-A612-4E2A-8E22-3159752F55D8,trust_model,"{""theta"": 0.8066542943868645, ""gain"": 0.6, ""decay"": 0.2, ""tau_lo"": 0.4, ""tau_hi"": 0.6}",180,60,120,0.0333333333333333,0.0416666666666666,2,5,60,120,2,1.11731843575419,0,60.0,62.0,0.65,2.0,5,0.0416666666666666,5.0
5EF64122-B513-46AE-BCF1-E62AAC285D2C,5EF64122_s3,7D9BB102-A612-4E2A-8E22-3159752F55D8,sprt,"{""A"": 1, ""B"": 1, ""mu_gen"": 0.9559144914695925, ""sd_gen"": 0.02226220199718443, ""mu_imp"": 0.3759399350280561, ""sd_imp"": 0.2714950511244311}",180,60,120,0.0166666666666666,0.0,1,0,60,120,4,2.23463687150838,2,36.0,49.0,0.6722222222222223,0.0,0,0.0,0.0
5EF64122-B513-46AE-BCF1-E62AAC285D2C,5EF64122_s4,F50235E0-DD67-4F2A-B00B-1F31ADA998B9,instantaneous,"{""theta"": 0.8951159901231464}",180,60,120,0.0,0.0,0,0,60,120,2,1.11731843575419,0,60.0,60.0,0.6666666666666666,0.0,0,0.0,0.0
5EF64122-B513-46AE-BCF1-E62AAC285D2C,5EF64122_s4,F50235E0-DD67-4F2A-B00B-1F31ADA998B9,moving_average,"{""theta"": 0.8258391393926053, ""w"": 3}",180,60,120,0.0166666666666666,0.0083333333333333,1,1,60,120,2,1.11731843575419,0,60.0,60.0,0.6666666666666666,1.0,1,0.0083333333333333,1.0
5EF64122-B513-46AE-BCF1-E62AAC285D2C,5EF64122_s4,F50235E0-DD67-4F2A-B00B-1F31ADA998B9,ewma,"{""theta"": 0.8066542943868645, ""alpha"": 0.5}",180,60,120,0.0166666666666666,0.0,1,0,60,120,2,1.11731843575419,0,60.0,60.0,0.6722222222222223,1.0,0,0.0,0.0
5EF64122-B513-46AE-BCF1-E62AAC285D2C,5EF64122_s4,F50235E0-DD67-4F2A-B00B-1F31ADA998B9,majority_vote,"{""theta"": 0.9025555573030527, ""w"": 3, ""k"": 2}",180,60,120,0.0166666666666666,0.0083333333333333,1,1,60,120,2,1.11731843575419,0,60.0,60.0,0.6666666666666666,1.0,1,0.0083333333333333,1.0
5EF64122-B513-46AE-BCF1-E62AAC285D2C,5EF64122_s4,F50235E0-DD67-4F2A-B00B-1F31ADA998B9,debounce,"{""theta"": 0.9025555573030527, ""n"": 2}",180,60,120,0.0166666666666666,0.0083333333333333,1,1,60,120,2,1.11731843575419,0,60.0,60.0,0.6666666666666666,1.0,1,0.0083333333333333,1.0
5EF64122-B513-46AE-BCF1-E62AAC285D2C,5EF64122_s4,F50235E0-DD67-4F2A-B00B-1F31ADA998B9,margin_dual_threshold,"{""theta"": 0.8712784863878706, ""margin"": 0.05}",180,60,120,0.0,0.0,0,0,60,120,2,1.11731843575419,0,60.0,60.0,0.6666666666666666,0.0,0,0.0,0.0
5EF64122-B513-46AE-BCF1-E62AAC285D2C,5EF64122_s4,F50235E0-DD67-4F2A-B00B-1F31ADA998B9,hysteresis,"{""theta"": 0.809251529496878, ""margin"": 0.2, ""ttt_frames"": 2}",180,60,120,1.0,0.0,60,0,60,120,0,0.0,0,180.0,180.0,1.0,,0,0.0,0.0
5EF64122-B513-46AE-BCF1-E62AAC285D2C,5EF64122_s4,F50235E0-DD67-4F2A-B00B-1F31ADA998B9,trust_model,"{""theta"": 0.8066542943868645, ""gain"": 0.6, ""decay"": 0.2, ""tau_lo"": 0.4, ""tau_hi"": 0.6}",180,60,120,0.15,0.0166666666666666,9,2,60,120,2,1.11731843575419,0,60.0,58.0,0.7055555555555556,9.0,2,0.0166666666666666,2.0
5EF64122-B513-46AE-BCF1-E62AAC285D2C,5EF64122_s4,F50235E0-DD67-4F2A-B00B-1F31ADA998B9,sprt,"{""A"": 1, ""B"": 1, ""mu_gen"": 0.9559144914695925, ""sd_gen"": 0.02226220199718443, ""mu_imp"": 0.3759399350280561, ""sd_imp"": 0.2714950511244311}",180,60,120,0.0,0.0,0,0,60,120,2,1.11731843575419,0,60.0,60.0,0.6666666666666666,0.0,0,0.0,0.0
5EF64122-B513-46AE-BCF1-E62AAC285D2C,5EF64122_s5,00EABED2-271D-49D8-B599-1D4A09240601,instantaneous,"{""theta"": 0.8951159901231464}",180,60,120,0.0,0.0,0,0,60,120,2,1.11731843575419,0,60.0,60.0,0.6666666666666666,0.0,0,0.0,0.0
5EF64122-B513-46AE-BCF1-E62AAC285D2C,5EF64122_s5,00EABED2-271D-49D8-B599-1D4A09240601,moving_average,"{""theta"": 0.8258391393926053, ""w"": 3}",180,60,120,0.0,0.0166666666666666,0,2,60,120,2,1.11731843575419,0,60.0,60.0,0.6555555555555556,0.0,2,0.0166666666666666,2.0
5EF64122-B513-46AE-BCF1-E62AAC285D2C,5EF64122_s5,00EABED2-271D-49D8-B599-1D4A09240601,ewma,"{""theta"": 0.8066542943868645, ""alpha"": 0.5}",180,60,120,0.0,0.0166666666666666,0,2,60,120,2,1.11731843575419,0,60.0,60.0,0.6555555555555556,0.0,2,0.0166666666666666,2.0
5EF64122-B513-46AE-BCF1-E62AAC285D2C,5EF64122_s5,00EABED2-271D-49D8-B599-1D4A09240601,majority_vote,"{""theta"": 0.9025555573030527, ""w"": 3, ""k"": 2}",180,60,120,0.0166666666666666,0.0083333333333333,1,1,60,120,2,1.11731843575419,0,60.0,60.0,0.6666666666666666,1.0,1,0.0083333333333333,1.0
5EF64122-B513-46AE-BCF1-E62AAC285D2C,5EF64122_s5,00EABED2-271D-49D8-B599-1D4A09240601,debounce,"{""theta"": 0.9025555573030527, ""n"": 2}",180,60,120,0.0166666666666666,0.0083333333333333,1,1,60,120,2,1.11731843575419,0,60.0,60.0,0.6666666666666666,1.0,1,0.0083333333333333,1.0
5EF64122-B513-46AE-BCF1-E62AAC285D2C,5EF64122_s5,00EABED2-271D-49D8-B599-1D4A09240601,margin_dual_threshold,"{""theta"": 0.8712784863878706, ""margin"": 0.05}",180,60,120,0.0,0.0,0,0,60,120,2,1.11731843575419,0,60.0,60.0,0.6666666666666666,0.0,0,0.0,0.0
5EF64122-B513-46AE-BCF1-E62AAC285D2C,5EF64122_s5,00EABED2-271D-49D8-B599-1D4A09240601,hysteresis,"{""theta"": 0.809251529496878, ""margin"": 0.2, ""ttt_frames"": 2}",180,60,120,0.0166666666666666,0.0083333333333333,1,1,60,120,2,1.11731843575419,0,60.0,60.0,0.6666666666666666,1.0,1,0.0083333333333333,1.0
5EF64122-B513-46AE-BCF1-E62AAC285D2C,5EF64122_s5,00EABED2-271D-49D8-B599-1D4A09240601,trust_model,"{""theta"": 0.8066542943868645, ""gain"": 0.6, ""decay"": 0.2, ""tau_lo"": 0.4, ""tau_hi"": 0.6}",180,60,120,0.0,0.0333333333333333,0,4,60,120,2,1.11731843575419,0,60.0,60.0,0.6444444444444445,0.0,4,0.0333333333333333,4.0
5EF64122-B513-46AE-BCF1-E62AAC285D2C,5EF64122_s5,00EABED2-271D-49D8-B599-1D4A09240601,sprt,"{""A"": 1, ""B"": 1, ""mu_gen"": 0.9559144914695925, ""sd_gen"": 0.02226220199718443, ""mu_imp"": 0.3759399350280561, ""sd_imp"": 0.2714950511244311}",180,60,120,0.0,0.0,0,0,60,120,2,1.11731843575419,0,60.0,60.0,0.6666666666666666,0.0,0,0.0,0.0
61976C24-1C50-4355-9C49-AAE44A7D09F6,61976C24_s0,7D9BB102-A612-4E2A-8E22-3159752F55D8,instantaneous,"{""theta"": 0.8472860026628871}",180,60,120,0.0,0.1083333333333333,0,13,60,120,14,7.82122905027933,11,12.0,3.0,0.5944444444444444,0.0,13,0.1083333333333333,0.0
61976C24-1C50-4355-9C49-AAE44A7D09F6,61976C24_s0,7D9BB102-A612-4E2A-8E22-3159752F55D8,moving_average,"{""theta"": 0.8480643309138285, ""w"": 3}",180,60,120,0.0166666666666666,0.1166666666666666,1,14,60,120,12,6.70391061452514,10,13.846153846153848,3.0,0.5944444444444444,1.0,14,0.1166666666666666,2.0
61976C24-1C50-4355-9C49-AAE44A7D09F6,61976C24_s0,7D9BB102-A612-4E2A-8E22-3159752F55D8,ewma,"{""theta"": 0.8511620781972541, ""alpha"": 0.3}",180,60,120,0.0166666666666666,0.1916666666666666,1,23,60,120,12,6.70391061452514,9,13.846153846153848,5.0,0.5444444444444444,1.0,23,0.1916666666666666,10.0
61976C24-1C50-4355-9C49-AAE44A7D09F6,61976C24_s0,7D9BB102-A612-4E2A-8E22-3159752F55D8,majority_vote,"{""theta"": 0.8483205199788114, ""w"": 3, ""k"": 2}",180,60,120,0.0166666666666666,0.1166666666666666,1,14,60,120,8,4.46927374301676,4,20.0,14.0,0.5944444444444444,1.0,14,0.1166666666666666,1.0
61976C24-1C50-4355-9C49-AAE44A7D09F6,61976C24_s0,7D9BB102-A612-4E2A-8E22-3159752F55D8,debounce,"{""theta"": 0.8988028010422483, ""n"": 10}",180,60,120,0.0,0.6916666666666667,0,83,60,120,1,0.5586592178770949,0,90.0,90.0,0.2055555555555555,0.0,83,0.6916666666666667,
61976C24-1C50-4355-9C49-AAE44A7D09F6,61976C24_s0,7D9BB102-A612-4E2A-8E22-3159752F55D8,margin_dual_threshold,"{""theta"": 0.8552182565247892, ""margin"": 0.05}",180,60,120,0.0,0.3583333333333333,0,43,60,120,6,3.35195530726257,2,25.714285714285715,14.0,0.4277777777777777,0.0,43,0.3583333333333333,28.0
61976C24-1C50-4355-9C49-AAE44A7D09F6,61976C24_s0,7D9BB102-A612-4E2A-8E22-3159752F55D8,hysteresis,"{""theta"": 0.9266834356970035, ""margin"": 0.05, ""ttt_frames"": 10}",180,60,120,0.0,0.6916666666666667,0,83,60,120,1,0.5586592178770949,0,90.0,90.0,0.2055555555555555,0.0,83,0.6916666666666667,
61976C24-1C50-4355-9C49-AAE44A7D09F6,61976C24_s0,7D9BB102-A612-4E2A-8E22-3159752F55D8,trust_model,"{""theta"": 0.871859296482412, ""gain"": 0.6, ""decay"": 0.2, ""tau_lo"": 0.4, ""tau_hi"": 0.6}",180,60,120,0.0333333333333333,0.375,2,45,60,120,2,1.11731843575419,0,60.0,62.0,0.4277777777777777,2.0,45,0.375,45.0
61976C24-1C50-4355-9C49-AAE44A7D09F6,61976C24_s0,7D9BB102-A612-4E2A-8E22-3159752F55D8,sprt,"{""A"": 16, ""B"": 1, ""mu_gen"": 0.9157229046466904, ""sd_gen"": 0.04357861295492906, ""mu_imp"": 0.6478777633021073, ""sd_imp"": 0.25940831550123483}",180,60,120,0.0166666666666666,0.0916666666666666,1,11,60,120,2,1.11731843575419,0,60.0,61.0,0.6111111111111112,1.0,11,0.0916666666666666,11.0
61976C24-1C50-4355-9C49-AAE44A7D09F6,61976C24_s1,A7599A50-24AE-46A6-8EA6-2576F1011D81,instantaneous,"{""theta"": 0.8472860026628871}",180,60,120,0.0,0.075,0,9,60,120,8,4.46927374301676,5,20.0,4.0,0.6166666666666667,0.0,9,0.075,0.0
61976C24-1C50-4355-9C49-AAE44A7D09F6,61976C24_s1,A7599A50-24AE-46A6-8EA6-2576F1011D81,moving_average,"{""theta"": 0.8480643309138285, ""w"": 3}",180,60,120,0.0,0.0833333333333333,0,10,60,120,8,4.46927374301676,6,20.0,3.0,0.6111111111111112,0.0,10,0.0833333333333333,2.0
61976C24-1C50-4355-9C49-AAE44A7D09F6,61976C24_s1,A7599A50-24AE-46A6-8EA6-2576F1011D81,ewma,"{""theta"": 0.8511620781972541, ""alpha"": 0.3}",180,60,120,0.0,0.1583333333333333,0,19,60,120,6,3.35195530726257,2,25.714285714285715,8.0,0.5611111111111111,0.0,19,0.1583333333333333,6.0
61976C24-1C50-4355-9C49-AAE44A7D09F6,61976C24_s1,A7599A50-24AE-46A6-8EA6-2576F1011D81,majority_vote,"{""theta"": 0.8483205199788114, ""w"": 3, ""k"": 2}",180,60,120,0.0166666666666666,0.1,1,12,60,120,6,3.35195530726257,2,25.714285714285715,7.0,0.6055555555555555,1.0,12,0.1,1.0
61976C24-1C50-4355-9C49-AAE44A7D09F6,61976C24_s1,A7599A50-24AE-46A6-8EA6-2576F1011D81,debounce,"{""theta"": 0.8988028010422483, ""n"": 10}",180,60,120,0.15,0.2916666666666667,9,35,60,120,4,2.23463687150838,0,36.0,34.0,0.5222222222222223,9.0,35,0.2916666666666667,9.0
61976C24-1C50-4355-9C49-AAE44A7D09F6,61976C24_s1,A7599A50-24AE-46A6-8EA6-2576F1011D81,margin_dual_threshold,"{""theta"": 0.8552182565247892, ""margin"": 0.05}",180,60,120,0.0,0.1166666666666666,0,14,60,120,4,2.23463687150838,0,36.0,42.0,0.5888888888888889,0.0,14,0.1166666666666666,0.0
61976C24-1C50-4355-9C49-AAE44A7D09F6,61976C24_s1,A7599A50-24AE-46A6-8EA6-2576F1011D81,hysteresis,"{""theta"": 0.9266834356970035, ""margin"": 0.05, ""ttt_frames"": 10}",180,60,120,0.0,0.925,0,111,60,120,1,0.5586592178770949,0,90.0,90.0,0.05,0.0,111,0.925,
61976C24-1C50-4355-9C49-AAE44A7D09F6,61976C24_s1,A7599A50-24AE-46A6-8EA6-2576F1011D81,trust_model,"{""theta"": 0.871859296482412, ""gain"": 0.6, ""decay"": 0.2, ""tau_lo"": 0.4, ""tau_hi"": 0.6}",180,60,120,0.0,0.075,0,9,60,120,2,1.11731843575419,0,60.0,60.0,0.6166666666666667,0.0,9,0.075,9.0
61976C24-1C50-4355-9C49-AAE44A7D09F6,61976C24_s1,A7599A50-24AE-46A6-8EA6-2576F1011D81,sprt,"{""A"": 16, ""B"": 1, ""mu_gen"": 0.9157229046466904, ""sd_gen"": 0.04357861295492906, ""mu_imp"": 0.6478777633021073, ""sd_imp"": 0.25940831550123483}",180,60,120,0.0,0.0583333333333333,0,7,60,120,2,1.11731843575419,0,60.0,60.0,0.6277777777777778,0.0,7,0.0583333333333333,7.0
61976C24-1C50-4355-9C49-AAE44A7D09F6,61976C24_s2,CF722AA9-2533-4E51-9FEB-9EAC84EE9AAC,instantaneous,"{""theta"": 0.8472860026628871}",180,60,120,0.0,0.0916666666666666,0,11,60,120,12,6.70391061452514,9,13.846153846153848,5.0,0.6055555555555555,0.0,11,0.0916666666666666,0.0
61976C24-1C50-4355-9C49-AAE44A7D09F6,61976C24_s2,CF722AA9-2533-4E51-9FEB-9EAC84EE9AAC,moving_average,"{""theta"": 0.8480643309138285, ""w"": 3}",180,60,120,0.0,0.0666666666666666,0,8,60,120,10,5.58659217877095,8,16.363636363636363,5.0,0.6222222222222222,0.0,8,0.0666666666666666,2.0
61976C24-1C50-4355-9C49-AAE44A7D09F6,61976C24_s2,CF722AA9-2533-4E51-9FEB-9EAC84EE9AAC,ewma,"{""theta"": 0.8511620781972541, ""alpha"": 0.3}",180,60,120,0.0,0.1166666666666666,0,14,60,120,6,3.35195530726257,3,25.714285714285715,7.0,0.5888888888888889,0.0,14,0.1166666666666666,8.0
61976C24-1C50-4355-9C49-AAE44A7D09F6,61976C24_s2,CF722AA9-2533-4E51-9FEB-9EAC84EE9AAC,majority_vote,"{""theta"": 0.8483205199788114, ""w"": 3, ""k"": 2}",180,60,120,0.0166666666666666,0.0833333333333333,1,10,60,120,8,4.46927374301676,5,20.0,7.0,0.6166666666666667,1.0,10,0.0833333333333333,1.0
61976C24-1C50-4355-9C49-AAE44A7D09F6,61976C24_s2,CF722AA9-2533-4E51-9FEB-9EAC84EE9AAC,debounce,"{""theta"": 0.8988028010422483, ""n"": 10}",180,60,120,0.1166666666666666,0.5,7,60,60,120,1,0.5586592178770949,0,90.0,90.0,0.3722222222222222,7.0,60,0.5,
61976C24-1C50-4355-9C49-AAE44A7D09F6,61976C24_s2,CF722AA9-2533-4E51-9FEB-9EAC84EE9AAC,margin_dual_threshold,"{""theta"": 0.8552182565247892, ""margin"": 0.05}",180,60,120,0.0,0.1666666666666666,0,20,60,120,6,3.35195530726257,0,25.714285714285715,16.0,0.5555555555555556,0.0,20,0.1666666666666666,0.0
61976C24-1C50-4355-9C49-AAE44A7D09F6,61976C24_s2,CF722AA9-2533-4E51-9FEB-9EAC84EE9AAC,hysteresis,"{""theta"": 0.9266834356970035, ""margin"": 0.05, ""ttt_frames"": 10}",180,60,120,0.1166666666666666,0.5,7,60,60,120,1,0.5586592178770949,0,90.0,90.0,0.3722222222222222,7.0,60,0.5,
61976C24-1C50-4355-9C49-AAE44A7D09F6,61976C24_s2,CF722AA9-2533-4E51-9FEB-9EAC84EE9AAC,trust_model,"{""theta"": 0.871859296482412, ""gain"": 0.6, ""decay"": 0.2, ""tau_lo"": 0.4, ""tau_hi"": 0.6}",180,60,120,0.0,0.5,0,60,60,120,1,0.5586592178770949,0,90.0,90.0,0.3333333333333333,0.0,60,0.5,
61976C24-1C50-4355-9C49-AAE44A7D09F6,61976C24_s2,CF722AA9-2533-4E51-9FEB-9EAC84EE9AAC,sprt,"{""A"": 16, ""B"": 1, ""mu_gen"": 0.9157229046466904, ""sd_gen"": 0.04357861295492906, ""mu_imp"": 0.6478777633021073, ""sd_imp"": 0.25940831550123483}",180,60,120,0.0,0.075,0,9,60,120,2,1.11731843575419,0,60.0,60.0,0.6166666666666667,0.0,9,0.075,9.0
61976C24-1C50-4355-9C49-AAE44A7D09F6,61976C24_s3,11B5EC4D-4133-4289-B475-4E737182A406,instantaneous,"{""theta"": 0.8472860026628871}",180,60,120,0.0,0.05,0,6,60,120,11,6.145251396648045,8,15.0,4.5,0.6333333333333333,0.0,6,0.05,0.0
61976C24-1C50-4355-9C49-AAE44A7D09F6,61976C24_s3,11B5EC4D-4133-4289-B475-4E737182A406,moving_average,"{""theta"": 0.8480643309138285, ""w"": 3}",180,60,120,0.0,0.0416666666666666,0,5,60,120,7,3.910614525139665,5,22.5,4.0,0.6388888888888888,0.0,5,0.0416666666666666,2.0
61976C24-1C50-4355-9C49-AAE44A7D09F6,61976C24_s3,11B5EC4D-4133-4289-B475-4E737182A406,ewma,"{""theta"": 0.8511620781972541, ""alpha"": 0.3}",180,60,120,0.0,0.0416666666666666,0,5,60,120,3,1.675977653631285,0,45.0,57.5,0.6388888888888888,0.0,5,0.0416666666666666,4.0
61976C24-1C50-4355-9C49-AAE44A7D09F6,61976C24_s3,11B5EC4D-4133-4289-B475-4E737182A406,majority_vote,"{""theta"": 0.8483205199788114, ""w"": 3, ""k"": 2}",180,60,120,0.0166666666666666,0.0416666666666666,1,5,60,120,5,2.793296089385475,2,30.0,28.5,0.6444444444444445,1.0,5,0.0416666666666666,1.0
61976C24-1C50-4355-9C49-AAE44A7D09F6,61976C24_s3,11B5EC4D-4133-4289-B475-4E737182A406,debounce,"{""theta"": 0.8988028010422483, ""n"": 10}",180,60,120,0.0,0.6916666666666667,0,83,60,120,1,0.5586592178770949,0,90.0,90.0,0.2055555555555555,0.0,83,0.6916666666666667,
61976C24-1C50-4355-9C49-AAE44A7D09F6,61976C24_s3,11B5EC4D-4133-4289-B475-4E737182A406,margin_dual_threshold,"{""theta"": 0.8552182565247892, ""margin"": 0.05}",180,60,120,0.0,0.1,0,12,60,120,2,1.11731843575419,0,60.0,60.0,0.6,0.0,12,0.1,0.0
61976C24-1C50-4355-9C49-AAE44A7D09F6,61976C24_s3,11B5EC4D-4133-4289-B475-4E737182A406,hysteresis,"{""theta"": 0.9266834356970035, ""margin"": 0.05, ""ttt_frames"": 10}",180,60,120,0.0,0.6916666666666667,0,83,60,120,1,0.5586592178770949,0,90.0,90.0,0.2055555555555555,0.0,83,0.6916666666666667,
61976C24-1C50-4355-9C49-AAE44A7D09F6,61976C24_s3,11B5EC4D-4133-4289-B475-4E737182A406,trust_model,"{""theta"": 0.871859296482412, ""gain"": 0.6, ""decay"": 0.2, ""tau_lo"": 0.4, ""tau_hi"": 0.6}",180,60,120,0.0,0.3083333333333333,0,37,60,120,2,1.11731843575419,0,60.0,60.0,0.4611111111111111,0.0,37,0.3083333333333333,37.0
61976C24-1C50-4355-9C49-AAE44A7D09F6,61976C24_s3,11B5EC4D-4133-4289-B475-4E737182A406,sprt,"{""A"": 16, ""B"": 1, ""mu_gen"": 0.9157229046466904, ""sd_gen"": 0.04357861295492906, ""mu_imp"": 0.6478777633021073, ""sd_imp"": 0.25940831550123483}",180,60,120,0.0,0.0583333333333333,0,7,60,120,2,1.11731843575419,0,60.0,60.0,0.6277777777777778,0.0,7,0.0583333333333333,7.0
61976C24-1C50-4355-9C49-AAE44A7D09F6,61976C24_s4,098A72A5-E3E5-4F54-A152-BBDA0DF7B694,instantaneous,"{""theta"": 0.8472860026628871}",180,60,120,0.0,0.0,0,0,60,120,2,1.11731843575419,0,60.0,60.0,0.6666666666666666,0.0,0,0.0,0.0
61976C24-1C50-4355-9C49-AAE44A7D09F6,61976C24_s4,098A72A5-E3E5-4F54-A152-BBDA0DF7B694,moving_average,"{""theta"": 0.8480643309138285, ""w"": 3}",180,60,120,0.0166666666666666,0.0083333333333333,1,1,60,120,2,1.11731843575419,0,60.0,60.0,0.6666666666666666,1.0,1,0.0083333333333333,1.0
61976C24-1C50-4355-9C49-AAE44A7D09F6,61976C24_s4,098A72A5-E3E5-4F54-A152-BBDA0DF7B694,ewma,"{""theta"": 0.8511620781972541, ""alpha"": 0.3}",180,60,120,0.0166666666666666,0.025,1,3,60,120,2,1.11731843575419,0,60.0,61.0,0.6555555555555556,1.0,3,0.025,3.0
61976C24-1C50-4355-9C49-AAE44A7D09F6,61976C24_s4,098A72A5-E3E5-4F54-A152-BBDA0DF7B694,majority_vote,"{""theta"": 0.8483205199788114, ""w"": 3, ""k"": 2}",180,60,120,0.0166666666666666,0.0083333333333333,1,1,60,120,2,1.11731843575419,0,60.0,60.0,0.6666666666666666,1.0,1,0.0083333333333333,1.0
61976C24-1C50-4355-9C49-AAE44A7D09F6,61976C24_s4,098A72A5-E3E5-4F54-A152-BBDA0DF7B694,debounce,"{""theta"": 0.8988028010422483, ""n"": 10}",180,60,120,0.15,0.075,9,9,60,120,2,1.11731843575419,0,60.0,60.0,0.6666666666666666,9.0,9,0.075,9.0
61976C24-1C50-4355-9C49-AAE44A7D09F6,61976C24_s4,098A72A5-E3E5-4F54-A152-BBDA0DF7B694,margin_dual_threshold,"{""theta"": 0.8552182565247892, ""margin"": 0.05}",180,60,120,0.0,0.0,0,0,60,120,2,1.11731843575419,0,60.0,60.0,0.6666666666666666,0.0,0,0.0,0.0
61976C24-1C50-4355-9C49-AAE44A7D09F6,61976C24_s4,098A72A5-E3E5-4F54-A152-BBDA0DF7B694,hysteresis,"{""theta"": 0.9266834356970035, ""margin"": 0.05, ""ttt_frames"": 10}",180,60,120,0.15,0.5,9,60,60,120,1,0.5586592178770949,0,90.0,90.0,0.3833333333333333,9.0,60,0.5,
61976C24-1C50-4355-9C49-AAE44A7D09F6,61976C24_s4,098A72A5-E3E5-4F54-A152-BBDA0DF7B694,trust_model,"{""theta"": 0.871859296482412, ""gain"": 0.6, ""decay"": 0.2, ""tau_lo"": 0.4, ""tau_hi"": 0.6}",180,60,120,0.0333333333333333,0.0666666666666666,2,8,60,120,2,1.11731843575419,0,60.0,62.0,0.6333333333333333,2.0,8,0.0666666666666666,8.0
61976C24-1C50-4355-9C49-AAE44A7D09F6,61976C24_s4,098A72A5-E3E5-4F54-A152-BBDA0DF7B694,sprt,"{""A"": 16, ""B"": 1, ""mu_gen"": 0.9157229046466904, ""sd_gen"": 0.04357861295492906, ""mu_imp"": 0.6478777633021073, ""sd_imp"": 0.25940831550123483}",180,60,120,0.0,0.0583333333333333,0,7,60,120,2,1.11731843575419,0,60.0,60.0,0.6277777777777778,0.0,7,0.0583333333333333,7.0
61976C24-1C50-4355-9C49-AAE44A7D09F6,61976C24_s5,806289BC-AD52-4CC1-806C-0CDB14D65EB6,instantaneous,"{""theta"": 0.8472860026628871}",180,60,120,0.0,0.0833333333333333,0,10,60,120,10,5.58659217877095,7,16.363636363636363,4.0,0.6111111111111112,0.0,10,0.0833333333333333,0.0
61976C24-1C50-4355-9C49-AAE44A7D09F6,61976C24_s5,806289BC-AD52-4CC1-806C-0CDB14D65EB6,moving_average,"{""theta"": 0.8480643309138285, ""w"": 3}",180,60,120,0.0,0.0833333333333333,0,10,60,120,8,4.46927374301676,6,20.0,3.0,0.6111111111111112,0.0,10,0.0833333333333333,2.0
61976C24-1C50-4355-9C49-AAE44A7D09F6,61976C24_s5,806289BC-AD52-4CC1-806C-0CDB14D65EB6,ewma,"{""theta"": 0.8511620781972541, ""alpha"": 0.3}",180,60,120,0.0,0.15,0,18,60,120,8,4.46927374301676,5,20.0,5.0,0.5666666666666667,0.0,18,0.15,8.0
61976C24-1C50-4355-9C49-AAE44A7D09F6,61976C24_s5,806289BC-AD52-4CC1-806C-0CDB14D65EB6,majority_vote,"{""theta"": 0.8483205199788114, ""w"": 3, ""k"": 2}",180,60,120,0.0166666666666666,0.1,1,12,60,120,6,3.35195530726257,2,25.714285714285715,7.0,0.6055555555555555,1.0,12,0.1,1.0
61976C24-1C50-4355-9C49-AAE44A7D09F6,61976C24_s5,806289BC-AD52-4CC1-806C-0CDB14D65EB6,debounce,"{""theta"": 0.8988028010422483, ""n"": 10}",180,60,120,0.0,0.5833333333333334,0,70,60,120,3,1.675977653631285,0,45.0,25.0,0.2777777777777778,0.0,70,0.5833333333333334,24.0
61976C24-1C50-4355-9C49-AAE44A7D09F6,61976C24_s5,806289BC-AD52-4CC1-806C-0CDB14D65EB6,margin_dual_threshold,"{""theta"": 0.8552182565247892, ""margin"": 0.05}",180,60,120,0.0,0.1166666666666666,0,14,60,120,4,2.23463687150838,0,36.0,39.0,0.5888888888888889,0.0,14,0.1166666666666666,0.0
61976C24-1C50-4355-9C49-AAE44A7D09F6,61976C24_s5,806289BC-AD52-4CC1-806C-0CDB14D65EB6,hysteresis,"{""theta"": 0.9266834356970035, ""margin"": 0.05, ""ttt_frames"": 10}",180,60,120,0.0,0.7416666666666667,0,89,60,120,1,0.5586592178770949,0,90.0,90.0,0.1722222222222222,0.0,89,0.7416666666666667,
61976C24-1C50-4355-9C49-AAE44A7D09F6,61976C24_s5,806289BC-AD52-4CC1-806C-0CDB14D65EB6,trust_model,"{""theta"": 0.871859296482412, ""gain"": 0.6, ""decay"": 0.2, ""tau_lo"": 0.4, ""tau_hi"": 0.6}",180,60,120,0.0,0.125,0,15,60,120,2,1.11731843575419,0,60.0,60.0,0.5833333333333334,0.0,15,0.125,15.0
61976C24-1C50-4355-9C49-AAE44A7D09F6,61976C24_s5,806289BC-AD52-4CC1-806C-0CDB14D65EB6,sprt,"{""A"": 16, ""B"": 1, ""mu_gen"": 0.9157229046466904, ""sd_gen"": 0.04357861295492906, ""mu_imp"": 0.6478777633021073, ""sd_imp"": 0.25940831550123483}",180,60,120,0.0,0.0583333333333333,0,7,60,120,2,1.11731843575419,0,60.0,60.0,0.6277777777777778,0.0,7,0.0583333333333333,7.0
78A91A4E-4A51-4065-BDA7-94755F0BB3BB,78A91A4E_s0,ECECC2AB-D32F-4F90-B74C-E12A1C69BBE2,instantaneous,"{""theta"": 0.7773205476863694}",180,60,120,0.0,0.0,0,0,60,120,2,1.11731843575419,0,60.0,60.0,0.6666666666666666,0.0,0,0.0,0.0
78A91A4E-4A51-4065-BDA7-94755F0BB3BB,78A91A4E_s0,ECECC2AB-D32F-4F90-B74C-E12A1C69BBE2,moving_average,"{""theta"": 0.7828997145498593, ""w"": 5}",180,60,120,0.05,0.0166666666666666,3,2,60,120,2,1.11731843575419,0,60.0,59.0,0.6722222222222223,3.0,2,0.0166666666666666,2.0
78A91A4E-4A51-4065-BDA7-94755F0BB3BB,78A91A4E_s0,ECECC2AB-D32F-4F90-B74C-E12A1C69BBE2,ewma,"{""theta"": 0.7795009008887418, ""alpha"": 0.5}",180,60,120,0.0333333333333333,0.0,2,0,60,120,2,1.11731843575419,0,60.0,60.0,0.6777777777777778,2.0,0,0.0,0.0
78A91A4E-4A51-4065-BDA7-94755F0BB3BB,78A91A4E_s0,ECECC2AB-D32F-4F90-B74C-E12A1C69BBE2,majority_vote,"{""theta"": 0.7952160445923057, ""w"": 5, ""k"": 3}",180,60,120,0.0333333333333333,0.0166666666666666,2,2,60,120,2,1.11731843575419,0,60.0,60.0,0.6666666666666666,2.0,2,0.0166666666666666,2.0
78A91A4E-4A51-4065-BDA7-94755F0BB3BB,78A91A4E_s0,ECECC2AB-D32F-4F90-B74C-E12A1C69BBE2,debounce,"{""theta"": 0.7845670672866041, ""n"": 2}",180,60,120,0.0166666666666666,0.0083333333333333,1,1,60,120,2,1.11731843575419,0,60.0,60.0,0.6666666666666666,1.0,1,0.0083333333333333,1.0
78A91A4E-4A51-4065-BDA7-94755F0BB3BB,78A91A4E_s0,ECECC2AB-D32F-4F90-B74C-E12A1C69BBE2,margin_dual_threshold,"{""theta"": 0.7552281914068036, ""margin"": 0.1}",180,60,120,0.15,0.0,9,0,60,120,2,1.11731843575419,0,60.0,60.0,0.7166666666666667,9.0,0,0.0,0.0
78A91A4E-4A51-4065-BDA7-94755F0BB3BB,78A91A4E_s0,ECECC2AB-D32F-4F90-B74C-E12A1C69BBE2,hysteresis,"{""theta"": 0.7875252215106588, ""margin"": 0.1, ""ttt_frames"": 3}",180,60,120,0.0333333333333333,0.0166666666666666,2,2,60,120,2,1.11731843575419,0,60.0,60.0,0.6666666666666666,2.0,2,0.0166666666666666,2.0
78A91A4E-4A51-4065-BDA7-94755F0BB3BB,78A91A4E_s0,ECECC2AB-D32F-4F90-B74C-E12A1C69BBE2,trust_model,"{""theta"": 0.9194872883586279, ""gain"": 0.1, ""decay"": 0.05, ""tau_lo"": 0.4, ""tau_hi"": 0.6}",180,60,120,0.1666666666666666,0.5,10,60,60,120,1,0.5586592178770949,0,90.0,90.0,0.3888888888888889,10.0,60,0.5,
78A91A4E-4A51-4065-BDA7-94755F0BB3BB,78A91A4E_s0,ECECC2AB-D32F-4F90-B74C-E12A1C69BBE2,sprt,"{""A"": 8, ""B"": 1, ""mu_gen"": 0.9086480539228587, ""sd_gen"": 0.07569963433041275, ""mu_imp"": 0.33850215905878683, ""sd_imp"": 0.22066909165354778}",180,60,120,0.0166666666666666,0.0083333333333333,1,1,60,120,2,1.11731843575419,0,60.0,60.0,0.6666666666666666,1.0,1,0.0083333333333333,1.0
78A91A4E-4A51-4065-BDA7-94755F0BB3BB,78A91A4E_s1,FDAA70A1-42A3-4E3F-9AE3-3FDA412E03BF,instantaneous,"{""theta"": 0.7773205476863694}",180,60,120,0.0,0.0,0,0,60,120,2,1.11731843575419,0,60.0,60.0,0.6666666666666666,0.0,0,0.0,0.0
78A91A4E-4A51-4065-BDA7-94755F0BB3BB,78A91A4E_s1,FDAA70A1-42A3-4E3F-9AE3-3FDA412E03BF,moving_average,"{""theta"": 0.7828997145498593, ""w"": 5}",180,60,120,0.0,0.025,0,3,60,120,2,1.11731843575419,0,60.0,60.0,0.65,0.0,3,0.025,3.0
78A91A4E-4A51-4065-BDA7-94755F0BB3BB,78A91A4E_s1,FDAA70A1-42A3-4E3F-9AE3-3FDA412E03BF,ewma,"{""theta"": 0.7795009008887418, ""alpha"": 0.5}",180,60,120,0.0,0.0166666666666666,0,2,60,120,2,1.11731843575419,0,60.0,60.0,0.6555555555555556,0.0,2,0.0166666666666666,2.0
78A91A4E-4A51-4065-BDA7-94755F0BB3BB,78A91A4E_s1,FDAA70A1-42A3-4E3F-9AE3-3FDA412E03BF,majority_vote,"{""theta"": 0.7952160445923057, ""w"": 5, ""k"": 3}",180,60,120,0.0333333333333333,0.0166666666666666,2,2,60,120,2,1.11731843575419,0,60.0,60.0,0.6666666666666666,2.0,2,0.0166666666666666,2.0
78A91A4E-4A51-4065-BDA7-94755F0BB3BB,78A91A4E_s1,FDAA70A1-42A3-4E3F-9AE3-3FDA412E03BF,debounce,"{""theta"": 0.7845670672866041, ""n"": 2}",180,60,120,0.0166666666666666,0.0083333333333333,1,1,60,120,2,1.11731843575419,0,60.0,60.0,0.6666666666666666,1.0,1,0.0083333333333333,1.0
78A91A4E-4A51-4065-BDA7-94755F0BB3BB,78A91A4E_s1,FDAA70A1-42A3-4E3F-9AE3-3FDA412E03BF,margin_dual_threshold,"{""theta"": 0.7552281914068036, ""margin"": 0.1}",180,60,120,0.0,0.0,0,0,60,120,2,1.11731843575419,0,60.0,60.0,0.6666666666666666,0.0,0,0.0,0.0
78A91A4E-4A51-4065-BDA7-94755F0BB3BB,78A91A4E_s1,FDAA70A1-42A3-4E3F-9AE3-3FDA412E03BF,hysteresis,"{""theta"": 0.7875252215106588, ""margin"": 0.1, ""ttt_frames"": 3}",180,60,120,0.0333333333333333,0.0166666666666666,2,2,60,120,2,1.11731843575419,0,60.0,60.0,0.6666666666666666,2.0,2,0.0166666666666666,2.0
78A91A4E-4A51-4065-BDA7-94755F0BB3BB,78A91A4E_s1,FDAA70A1-42A3-4E3F-9AE3-3FDA412E03BF,trust_model,"{""theta"": 0.9194872883586279, ""gain"": 0.1, ""decay"": 0.05, ""tau_lo"": 0.4, ""tau_hi"": 0.6}",180,60,120,0.0,0.5,0,60,60,120,1,0.5586592178770949,0,90.0,90.0,0.3333333333333333,0.0,60,0.5,
78A91A4E-4A51-4065-BDA7-94755F0BB3BB,78A91A4E_s1,FDAA70A1-42A3-4E3F-9AE3-3FDA412E03BF,sprt,"{""A"": 8, ""B"": 1, ""mu_gen"": 0.9086480539228587, ""sd_gen"": 0.07569963433041275, ""mu_imp"": 0.33850215905878683, ""sd_imp"": 0.22066909165354778}",180,60,120,0.0,0.0083333333333333,0,1,60,120,2,1.11731843575419,0,60.0,60.0,0.6611111111111111,0.0,1,0.0083333333333333,1.0
78A91A4E-4A51-4065-BDA7-94755F0BB3BB,78A91A4E_s2,8023FE1A-D3B0-4E2C-A57A-9321B7FC755F,instantaneous,"{""theta"": 0.7773205476863694}",180,60,120,0.0,0.0,0,0,60,120,2,1.11731843575419,0,60.0,60.0,0.6666666666666666,0.0,0,0.0,0.0
78A91A4E-4A51-4065-BDA7-94755F0BB3BB,78A91A4E_s2,8023FE1A-D3B0-4E2C-A57A-9321B7FC755F,moving_average,"{""theta"": 0.7828997145498593, ""w"": 5}",180,60,120,0.0166666666666666,0.0166666666666666,1,2,60,120,2,1.11731843575419,0,60.0,61.0,0.6611111111111111,1.0,2,0.0166666666666666,2.0
78A91A4E-4A51-4065-BDA7-94755F0BB3BB,78A91A4E_s2,8023FE1A-D3B0-4E2C-A57A-9321B7FC755F,ewma,"{""theta"": 0.7795009008887418, ""alpha"": 0.5}",180,60,120,0.0,0.0083333333333333,0,1,60,120,2,1.11731843575419,0,60.0,60.0,0.6611111111111111,0.0,1,0.0083333333333333,1.0
78A91A4E-4A51-4065-BDA7-94755F0BB3BB,78A91A4E_s2,8023FE1A-D3B0-4E2C-A57A-9321B7FC755F,majority_vote,"{""theta"": 0.7952160445923057, ""w"": 5, ""k"": 3}",180,60,120,0.0333333333333333,0.0166666666666666,2,2,60,120,2,1.11731843575419,0,60.0,60.0,0.6666666666666666,2.0,2,0.0166666666666666,2.0
78A91A4E-4A51-4065-BDA7-94755F0BB3BB,78A91A4E_s2,8023FE1A-D3B0-4E2C-A57A-9321B7FC755F,debounce,"{""theta"": 0.7845670672866041, ""n"": 2}",180,60,120,0.0166666666666666,0.0083333333333333,1,1,60,120,2,1.11731843575419,0,60.0,60.0,0.6666666666666666,1.0,1,0.0083333333333333,1.0
78A91A4E-4A51-4065-BDA7-94755F0BB3BB,78A91A4E_s2,8023FE1A-D3B0-4E2C-A57A-9321B7FC755F,margin_dual_threshold,"{""theta"": 0.7552281914068036, ""margin"": 0.1}",180,60,120,0.0,0.0,0,0,60,120,2,1.11731843575419,0,60.0,60.0,0.6666666666666666,0.0,0,0.0,0.0
78A91A4E-4A51-4065-BDA7-94755F0BB3BB,78A91A4E_s2,8023FE1A-D3B0-4E2C-A57A-9321B7FC755F,hysteresis,"{""theta"": 0.7875252215106588, ""margin"": 0.1, ""ttt_frames"": 3}",180,60,120,0.0333333333333333,0.0166666666666666,2,2,60,120,2,1.11731843575419,0,60.0,60.0,0.6666666666666666,2.0,2,0.0166666666666666,2.0
78A91A4E-4A51-4065-BDA7-94755F0BB3BB,78A91A4E_s2,8023FE1A-D3B0-4E2C-A57A-9321B7FC755F,trust_model,"{""theta"": 0.9194872883586279, ""gain"": 0.1, ""decay"": 0.05, ""tau_lo"": 0.4, ""tau_hi"": 0.6}",180,60,120,0.0166666666666666,0.5,1,60,60,120,1,0.5586592178770949,0,90.0,90.0,0.3388888888888889,1.0,60,0.5,
78A91A4E-4A51-4065-BDA7-94755F0BB3BB,78A91A4E_s2,8023FE1A-D3B0-4E2C-A57A-9321B7FC755F,sprt,"{""A"": 8, ""B"": 1, ""mu_gen"": 0.9086480539228587, ""sd_gen"": 0.07569963433041275, ""mu_imp"": 0.33850215905878683, ""sd_imp"": 0.22066909165354778}",180,60,120,0.0,0.0083333333333333,0,1,60,120,2,1.11731843575419,0,60.0,60.0,0.6611111111111111,0.0,1,0.0083333333333333,1.0
78A91A4E-4A51-4065-BDA7-94755F0BB3BB,78A91A4E_s3,B9724848-C7E2-45F4-9B3F-A1F38D864495,instantaneous,"{""theta"": 0.7773205476863694}",180,60,120,0.0,0.0,0,0,60,120,2,1.11731843575419,0,60.0,60.0,0.6666666666666666,0.0,0,0.0,0.0
78A91A4E-4A51-4065-BDA7-94755F0BB3BB,78A91A4E_s3,B9724848-C7E2-45F4-9B3F-A1F38D864495,moving_average,"{""theta"": 0.7828997145498593, ""w"": 5}",180,60,120,0.0,0.0333333333333333,0,4,60,120,2,1.11731843575419,0,60.0,60.0,0.6444444444444445,0.0,4,0.0333333333333333,4.0
78A91A4E-4A51-4065-BDA7-94755F0BB3BB,78A91A4E_s3,B9724848-C7E2-45F4-9B3F-A1F38D864495,ewma,"{""theta"": 0.7795009008887418, ""alpha"": 0.5}",180,60,120,0.0,0.0166666666666666,0,2,60,120,2,1.11731843575419,0,60.0,60.0,0.6555555555555556,0.0,2,0.0166666666666666,2.0
78A91A4E-4A51-4065-BDA7-94755F0BB3BB,78A91A4E_s3,B9724848-C7E2-45F4-9B3F-A1F38D864495,majority_vote,"{""theta"": 0.7952160445923057, ""w"": 5, ""k"": 3}",180,60,120,0.0333333333333333,0.0166666666666666,2,2,60,120,2,1.11731843575419,0,60.0,60.0,0.6666666666666666,2.0,2,0.0166666666666666,2.0
78A91A4E-4A51-4065-BDA7-94755F0BB3BB,78A91A4E_s3,B9724848-C7E2-45F4-9B3F-A1F38D864495,debounce,"{""theta"": 0.7845670672866041, ""n"": 2}",180,60,120,0.0166666666666666,0.0083333333333333,1,1,60,120,2,1.11731843575419,0,60.0,60.0,0.6666666666666666,1.0,1,0.0083333333333333,1.0
78A91A4E-4A51-4065-BDA7-94755F0BB3BB,78A91A4E_s3,B9724848-C7E2-45F4-9B3F-A1F38D864495,margin_dual_threshold,"{""theta"": 0.7552281914068036, ""margin"": 0.1}",180,60,120,0.0,0.0,0,0,60,120,2,1.11731843575419,0,60.0,60.0,0.6666666666666666,0.0,0,0.0,0.0
78A91A4E-4A51-4065-BDA7-94755F0BB3BB,78A91A4E_s3,B9724848-C7E2-45F4-9B3F-A1F38D864495,hysteresis,"{""theta"": 0.7875252215106588, ""margin"": 0.1, ""ttt_frames"": 3}",180,60,120,0.0333333333333333,0.0166666666666666,2,2,60,120,2,1.11731843575419,0,60.0,60.0,0.6666666666666666,2.0,2,0.0166666666666666,2.0
78A91A4E-4A51-4065-BDA7-94755F0BB3BB,78A91A4E_s3,B9724848-C7E2-45F4-9B3F-A1F38D864495,trust_model,"{""theta"": 0.9194872883586279, ""gain"": 0.1, ""decay"": 0.05, ""tau_lo"": 0.4, ""tau_hi"": 0.6}",180,60,120,0.0333333333333333,0.5,2,60,60,120,1,0.5586592178770949,0,90.0,90.0,0.3444444444444444,2.0,60,0.5,
78A91A4E-4A51-4065-BDA7-94755F0BB3BB,78A91A4E_s3,B9724848-C7E2-45F4-9B3F-A1F38D864495,sprt,"{""A"": 8, ""B"": 1, ""mu_gen"": 0.9086480539228587, ""sd_gen"": 0.07569963433041275, ""mu_imp"": 0.33850215905878683, ""sd_imp"": 0.22066909165354778}",180,60,120,0.0,0.0083333333333333,0,1,60,120,2,1.11731843575419,0,60.0,60.0,0.6611111111111111,0.0,1,0.0083333333333333,1.0
78A91A4E-4A51-4065-BDA7-94755F0BB3BB,78A91A4E_s4,7CE37510-56D0-4120-A1CF-0E23351428D2,instantaneous,"{""theta"": 0.7773205476863694}",180,60,120,0.25,0.0,15,0,60,120,2,1.11731843575419,0,60.0,60.0,0.75,15.0,0,0.0,0.0
78A91A4E-4A51-4065-BDA7-94755F0BB3BB,78A91A4E_s4,7CE37510-56D0-4120-A1CF-0E23351428D2,moving_average,"{""theta"": 0.7828997145498593, ""w"": 5}",180,60,120,0.2833333333333333,0.0083333333333333,17,1,60,120,2,1.11731843575419,0,60.0,59.0,0.7555555555555555,17.0,1,0.0083333333333333,1.0
78A91A4E-4A51-4065-BDA7-94755F0BB3BB,78A91A4E_s4,7CE37510-56D0-4120-A1CF-0E23351428D2,ewma,"{""theta"": 0.7795009008887418, ""alpha"": 0.5}",180,60,120,0.2666666666666666,0.0,16,0,60,120,2,1.11731843575419,0,60.0,60.0,0.7555555555555555,16.0,0,0.0,0.0
78A91A4E-4A51-4065-BDA7-94755F0BB3BB,78A91A4E_s4,7CE37510-56D0-4120-A1CF-0E23351428D2,majority_vote,"{""theta"": 0.7952160445923057, ""w"": 5, ""k"": 3}",180,60,120,0.2666666666666666,0.0166666666666666,16,2,60,120,2,1.11731843575419,0,60.0,58.0,0.7444444444444445,16.0,2,0.0166666666666666,2.0
78A91A4E-4A51-4065-BDA7-94755F0BB3BB,78A91A4E_s4,7CE37510-56D0-4120-A1CF-0E23351428D2,debounce,"{""theta"": 0.7845670672866041, ""n"": 2}",180,60,120,0.2666666666666666,0.0083333333333333,16,1,60,120,2,1.11731843575419,0,60.0,59.0,0.75,16.0,1,0.0083333333333333,1.0
78A91A4E-4A51-4065-BDA7-94755F0BB3BB,78A91A4E_s4,7CE37510-56D0-4120-A1CF-0E23351428D2,margin_dual_threshold,"{""theta"": 0.7552281914068036, ""margin"": 0.1}",180,60,120,0.6166666666666667,0.0,37,0,60,120,2,1.11731843575419,0,60.0,60.0,0.8722222222222222,37.0,0,0.0,0.0
78A91A4E-4A51-4065-BDA7-94755F0BB3BB,78A91A4E_s4,7CE37510-56D0-4120-A1CF-0E23351428D2,hysteresis,"{""theta"": 0.7875252215106588, ""margin"": 0.1, ""ttt_frames"": 3}",180,60,120,0.65,0.0166666666666666,39,2,60,120,2,1.11731843575419,0,60.0,58.0,0.8722222222222222,39.0,2,0.0166666666666666,2.0
78A91A4E-4A51-4065-BDA7-94755F0BB3BB,78A91A4E_s4,7CE37510-56D0-4120-A1CF-0E23351428D2,trust_model,"{""theta"": 0.9194872883586279, ""gain"": 0.1, ""decay"": 0.05, ""tau_lo"": 0.4, ""tau_hi"": 0.6}",180,60,120,0.3,0.5,18,60,60,120,1,0.5586592178770949,0,90.0,90.0,0.4333333333333333,18.0,60,0.5,
78A91A4E-4A51-4065-BDA7-94755F0BB3BB,78A91A4E_s4,7CE37510-56D0-4120-A1CF-0E23351428D2,sprt,"{""A"": 8, ""B"": 1, ""mu_gen"": 0.9086480539228587, ""sd_gen"": 0.07569963433041275, ""mu_imp"": 0.33850215905878683, ""sd_imp"": 0.22066909165354778}",180,60,120,0.6166666666666667,0.0083333333333333,37,1,60,120,2,1.11731843575419,0,60.0,59.0,0.8666666666666667,37.0,1,0.0083333333333333,1.0
78A91A4E-4A51-4065-BDA7-94755F0BB3BB,78A91A4E_s5,665514DE-49DC-421F-8DCB-145D0B2609AD,instantaneous,"{""theta"": 0.7773205476863694}",180,60,120,0.0,0.0,0,0,60,120,2,1.11731843575419,0,60.0,60.0,0.6666666666666666,0.0,0,0.0,0.0
78A91A4E-4A51-4065-BDA7-94755F0BB3BB,78A91A4E_s5,665514DE-49DC-421F-8DCB-145D0B2609AD,moving_average,"{""theta"": 0.7828997145498593, ""w"": 5}",180,60,120,0.0166666666666666,0.025,1,3,60,120,2,1.11731843575419,0,60.0,61.0,0.6555555555555556,1.0,3,0.025,3.0
78A91A4E-4A51-4065-BDA7-94755F0BB3BB,78A91A4E_s5,665514DE-49DC-421F-8DCB-145D0B2609AD,ewma,"{""theta"": 0.7795009008887418, ""alpha"": 0.5}",180,60,120,0.0,0.0083333333333333,0,1,60,120,2,1.11731843575419,0,60.0,60.0,0.6611111111111111,0.0,1,0.0083333333333333,1.0
78A91A4E-4A51-4065-BDA7-94755F0BB3BB,78A91A4E_s5,665514DE-49DC-421F-8DCB-145D0B2609AD,majority_vote,"{""theta"": 0.7952160445923057, ""w"": 5, ""k"": 3}",180,60,120,0.0333333333333333,0.0166666666666666,2,2,60,120,2,1.11731843575419,0,60.0,60.0,0.6666666666666666,2.0,2,0.0166666666666666,2.0
78A91A4E-4A51-4065-BDA7-94755F0BB3BB,78A91A4E_s5,665514DE-49DC-421F-8DCB-145D0B2609AD,debounce,"{""theta"": 0.7845670672866041, ""n"": 2}",180,60,120,0.0166666666666666,0.0083333333333333,1,1,60,120,2,1.11731843575419,0,60.0,60.0,0.6666666666666666,1.0,1,0.0083333333333333,1.0
78A91A4E-4A51-4065-BDA7-94755F0BB3BB,78A91A4E_s5,665514DE-49DC-421F-8DCB-145D0B2609AD,margin_dual_threshold,"{""theta"": 0.7552281914068036, ""margin"": 0.1}",180,60,120,0.0,0.0,0,0,60,120,2,1.11731843575419,0,60.0,60.0,0.6666666666666666,0.0,0,0.0,0.0
78A91A4E-4A51-4065-BDA7-94755F0BB3BB,78A91A4E_s5,665514DE-49DC-421F-8DCB-145D0B2609AD,hysteresis,"{""theta"": 0.7875252215106588, ""margin"": 0.1, ""ttt_frames"": 3}",180,60,120,0.0333333333333333,0.0166666666666666,2,2,60,120,2,1.11731843575419,0,60.0,60.0,0.6666666666666666,2.0,2,0.0166666666666666,2.0
78A91A4E-4A51-4065-BDA7-94755F0BB3BB,78A91A4E_s5,665514DE-49DC-421F-8DCB-145D0B2609AD,trust_model,"{""theta"": 0.9194872883586279, ""gain"": 0.1, ""decay"": 0.05, ""tau_lo"": 0.4, ""tau_hi"": 0.6}",180,60,120,0.0333333333333333,0.5,2,60,60,120,1,0.5586592178770949,0,90.0,90.0,0.3444444444444444,2.0,60,0.5,
78A91A4E-4A51-4065-BDA7-94755F0BB3BB,78A91A4E_s5,665514DE-49DC-421F-8DCB-145D0B2609AD,sprt,"{""A"": 8, ""B"": 1, ""mu_gen"": 0.9086480539228587, ""sd_gen"": 0.07569963433041275, ""mu_imp"": 0.33850215905878683, ""sd_imp"": 0.22066909165354778}",180,60,120,0.0,0.0083333333333333,0,1,60,120,2,1.11731843575419,0,60.0,60.0,0.6611111111111111,0.0,1,0.0083333333333333,1.0
7CE37510-56D0-4120-A1CF-0E23351428D2,7CE37510_s0,61976C24-1C50-4355-9C49-AAE44A7D09F6,instantaneous,"{""theta"": 0.9585424509748834}",180,60,120,0.0,0.9833333333333332,0,118,60,120,2,1.11731843575419,2,60.0,12.0,0.0111111111111111,0.0,118,0.9833333333333332,
7CE37510-56D0-4120-A1CF-0E23351428D2,7CE37510_s0,61976C24-1C50-4355-9C49-AAE44A7D09F6,moving_average,"{""theta"": 0.923882395909423, ""w"": 20}",180,60,120,0.0,1.0,0,120,60,120,0,0.0,0,180.0,180.0,0.0,0.0,120,1.0,
7CE37510-56D0-4120-A1CF-0E23351428D2,7CE37510_s0,61976C24-1C50-4355-9C49-AAE44A7D09F6,ewma,"{""theta"": 0.9253736584817667, ""alpha"": 0.2}",180,60,120,0.0,0.9666666666666668,0,116,60,120,2,1.11731843575419,0,60.0,14.0,0.0222222222222222,0.0,116,0.9666666666666668,
7CE37510-56D0-4120-A1CF-0E23351428D2,7CE37510_s0,61976C24-1C50-4355-9C49-AAE44A7D09F6,majority_vote,"{""theta"": 0.9117242695398101, ""w"": 10, ""k"": 8}",180,60,120,0.0,0.9583333333333334,0,115,60,120,2,1.11731843575419,0,60.0,15.0,0.0277777777777777,0.0,115,0.9583333333333334,
7CE37510-56D0-4120-A1CF-0E23351428D2,7CE37510_s0,61976C24-1C50-4355-9C49-AAE44A7D09F6,debounce,"{""theta"": 0.9319539810080351, ""n"": 2}",180,60,120,0.0,0.95,0,114,60,120,3,1.675977653631285,0,45.0,8.5,0.0333333333333333,0.0,114,0.95,
7CE37510-56D0-4120-A1CF-0E23351428D2,7CE37510_s0,61976C24-1C50-4355-9C49-AAE44A7D09F6,margin_dual_threshold,"{""theta"": 0.9531057249817385, ""margin"": 0.05}",180,60,120,0.0,1.0,0,120,60,120,0,0.0,0,180.0,180.0,0.0,0.0,120,1.0,
7CE37510-56D0-4120-A1CF-0E23351428D2,7CE37510_s0,61976C24-1C50-4355-9C49-AAE44A7D09F6,hysteresis,"{""theta"": 0.939866745799854, ""margin"": 0.1, ""ttt_frames"": 2}",180,60,120,0.0,0.975,0,117,60,120,1,0.5586592178770949,0,90.0,90.0,0.0166666666666666,0.0,117,0.975,
7CE37510-56D0-4120-A1CF-0E23351428D2,7CE37510_s0,61976C24-1C50-4355-9C49-AAE44A7D09F6,trust_model,"{""theta"": 0.9016350255661066, ""gain"": 0.1, ""decay"": 0.05, ""tau_lo"": 0.4, ""tau_hi"": 0.6}",180,60,120,0.0,0.5083333333333333,0,61,60,120,1,0.5586592178770949,0,90.0,90.0,0.3277777777777778,0.0,61,0.5083333333333333,
7CE37510-56D0-4120-A1CF-0E23351428D2,7CE37510_s0,61976C24-1C50-4355-9C49-AAE44A7D09F6,sprt,"{""A"": 16, ""B"": 1, ""mu_gen"": 0.8822466469848228, ""sd_gen"": 0.0880027815198544, ""mu_imp"": 0.6463154877850824, ""sd_imp"": 0.19304303877491752}",180,60,120,0.0,0.2416666666666666,0,29,60,120,2,1.11731843575419,0,60.0,60.0,0.5055555555555555,0.0,29,0.2416666666666666,29.0
7CE37510-56D0-4120-A1CF-0E23351428D2,7CE37510_s1,CF722AA9-2533-4E51-9FEB-9EAC84EE9AAC,instantaneous,"{""theta"": 0.9585424509748834}",180,60,120,0.0,0.3833333333333333,0,46,60,120,34,18.99441340782123,31,5.142857142857143,2.0,0.4111111111111111,0.0,46,0.3833333333333333,10.0
7CE37510-56D0-4120-A1CF-0E23351428D2,7CE37510_s1,CF722AA9-2533-4E51-9FEB-9EAC84EE9AAC,moving_average,"{""theta"": 0.923882395909423, ""w"": 20}",180,60,120,0.1166666666666666,0.1333333333333333,7,16,60,120,2,1.11731843575419,0,60.0,67.0,0.6166666666666667,7.0,16,0.1333333333333333,16.0
7CE37510-56D0-4120-A1CF-0E23351428D2,7CE37510_s1,CF722AA9-2533-4E51-9FEB-9EAC84EE9AAC,ewma,"{""theta"": 0.9253736584817667, ""alpha"": 0.2}",180,60,120,0.0333333333333333,0.0666666666666666,2,8,60,120,2,1.11731843575419,0,60.0,62.0,0.6333333333333333,2.0,8,0.0666666666666666,8.0
7CE37510-56D0-4120-A1CF-0E23351428D2,7CE37510_s1,CF722AA9-2533-4E51-9FEB-9EAC84EE9AAC,majority_vote,"{""theta"": 0.9117242695398101, ""w"": 10, ""k"": 8}",180,60,120,0.0333333333333333,0.0666666666666666,2,8,60,120,2,1.11731843575419,0,60.0,62.0,0.6333333333333333,2.0,8,0.0666666666666666,8.0
7CE37510-56D0-4120-A1CF-0E23351428D2,7CE37510_s1,CF722AA9-2533-4E51-9FEB-9EAC84EE9AAC,debounce,"{""theta"": 0.9319539810080351, ""n"": 2}",180,60,120,0.0166666666666666,0.0166666666666666,1,2,60,120,2,1.11731843575419,0,60.0,61.0,0.6611111111111111,1.0,2,0.0166666666666666,2.0
7CE37510-56D0-4120-A1CF-0E23351428D2,7CE37510_s1,CF722AA9-2533-4E51-9FEB-9EAC84EE9AAC,margin_dual_threshold,"{""theta"": 0.9531057249817385, ""margin"": 0.05}",180,60,120,0.0,0.475,0,57,60,120,3,1.675977653631285,2,45.0,44.0,0.35,0.0,57,0.475,29.0
7CE37510-56D0-4120-A1CF-0E23351428D2,7CE37510_s1,CF722AA9-2533-4E51-9FEB-9EAC84EE9AAC,hysteresis,"{""theta"": 0.939866745799854, ""margin"": 0.1, ""ttt_frames"": 2}",180,60,120,0.0166666666666666,0.5,1,60,60,120,1,0.5586592178770949,0,90.0,90.0,0.3388888888888889,1.0,60,0.5,
7CE37510-56D0-4120-A1CF-0E23351428D2,7CE37510_s1,CF722AA9-2533-4E51-9FEB-9EAC84EE9AAC,trust_model,"{""theta"": 0.9016350255661066, ""gain"": 0.1, ""decay"": 0.05, ""tau_lo"": 0.4, ""tau_hi"": 0.6}",180,60,120,0.3833333333333333,0.5,23,60,60,120,1,0.5586592178770949,0,90.0,90.0,0.4611111111111111,23.0,60,0.5,
7CE37510-56D0-4120-A1CF-0E23351428D2,7CE37510_s1,CF722AA9-2533-4E51-9FEB-9EAC84EE9AAC,sprt,"{""A"": 16, ""B"": 1, ""mu_gen"": 0.8822466469848228, ""sd_gen"": 0.0880027815198544, ""mu_imp"": 0.6463154877850824, ""sd_imp"": 0.19304303877491752}",180,60,120,0.4833333333333333,0.0666666666666666,29,8,60,120,2,1.11731843575419,0,60.0,52.0,0.7833333333333333,29.0,8,0.0666666666666666,8.0
7CE37510-56D0-4120-A1CF-0E23351428D2,7CE37510_s2,ECECC2AB-D32F-4F90-B74C-E12A1C69BBE2,instantaneous,"{""theta"": 0.9585424509748834}",180,60,120,0.3,0.9916666666666668,18,119,60,120,8,4.46927374301676,4,20.0,7.0,0.1055555555555555,13.0,119,0.9916666666666668,
7CE37510-56D0-4120-A1CF-0E23351428D2,7CE37510_s2,ECECC2AB-D32F-4F90-B74C-E12A1C69BBE2,moving_average,"{""theta"": 0.923882395909423, ""w"": 20}",180,60,120,0.8,0.9916666666666668,48,119,60,120,2,1.11731843575419,0,60.0,59.0,0.2722222222222222,0.0,119,0.9916666666666668,
7CE37510-56D0-4120-A1CF-0E23351428D2,7CE37510_s2,ECECC2AB-D32F-4F90-B74C-E12A1C69BBE2,ewma,"{""theta"": 0.9253736584817667, ""alpha"": 0.2}",180,60,120,0.9333333333333332,1.0,56,120,60,120,2,1.11731843575419,0,60.0,60.0,0.3111111111111111,0.0,120,1.0,
7CE37510-56D0-4120-A1CF-0E23351428D2,7CE37510_s2,ECECC2AB-D32F-4F90-B74C-E12A1C69BBE2,majority_vote,"{""theta"": 0.9117242695398101, ""w"": 10, ""k"": 8}",180,60,120,0.8833333333333333,0.9833333333333332,53,118,60,120,2,1.11731843575419,0,60.0,58.0,0.3055555555555556,0.0,118,0.9833333333333332,
7CE37510-56D0-4120-A1CF-0E23351428D2,7CE37510_s2,ECECC2AB-D32F-4F90-B74C-E12A1C69BBE2,debounce,"{""theta"": 0.9319539810080351, ""n"": 2}",180,60,120,0.95,0.975,57,117,60,120,7,3.910614525139665,4,22.5,24.5,0.3333333333333333,,117,0.975,
7CE37510-56D0-4120-A1CF-0E23351428D2,7CE37510_s2,ECECC2AB-D32F-4F90-B74C-E12A1C69BBE2,margin_dual_threshold,"{""theta"": 0.9531057249817385, ""margin"": 0.05}",180,60,120,0.2833333333333333,0.9916666666666668,17,119,60,120,6,3.35195530726257,2,25.714285714285715,13.0,0.1,13.0,119,0.9916666666666668,
7CE37510-56D0-4120-A1CF-0E23351428D2,7CE37510_s2,ECECC2AB-D32F-4F90-B74C-E12A1C69BBE2,hysteresis,"{""theta"": 0.939866745799854, ""margin"": 0.1, ""ttt_frames"": 2}",180,60,120,0.9666666666666668,0.9833333333333332,58,118,60,120,3,1.675977653631285,0,45.0,59.0,0.3333333333333333,,118,0.9833333333333332,
7CE37510-56D0-4120-A1CF-0E23351428D2,7CE37510_s2,ECECC2AB-D32F-4F90-B74C-E12A1C69BBE2,trust_model,"{""theta"": 0.9016350255661066, ""gain"": 0.1, ""decay"": 0.05, ""tau_lo"": 0.4, ""tau_hi"": 0.6}",180,60,120,0.0,0.6583333333333333,0,79,60,120,1,0.5586592178770949,0,90.0,90.0,0.2277777777777777,0.0,79,0.6583333333333333,
7CE37510-56D0-4120-A1CF-0E23351428D2,7CE37510_s2,ECECC2AB-D32F-4F90-B74C-E12A1C69BBE2,sprt,"{""A"": 16, ""B"": 1, ""mu_gen"": 0.8822466469848228, ""sd_gen"": 0.0880027815198544, ""mu_imp"": 0.6463154877850824, ""sd_imp"": 0.19304303877491752}",180,60,120,1.0,0.4666666666666667,60,56,60,120,4,2.23463687150838,0,36.0,36.0,0.6888888888888889,,56,0.4666666666666667,38.0
7CE37510-56D0-4120-A1CF-0E23351428D2,7CE37510_s3,FDAA70A1-42A3-4E3F-9AE3-3FDA412E03BF,instantaneous,"{""theta"": 0.9585424509748834}",180,60,120,0.0,0.6833333333333333,0,82,60,120,28,15.64245810055866,27,6.206896551724138,2.0,0.2111111111111111,0.0,82,0.6833333333333333,1.0
7CE37510-56D0-4120-A1CF-0E23351428D2,7CE37510_s3,FDAA70A1-42A3-4E3F-9AE3-3FDA412E03BF,moving_average,"{""theta"": 0.923882395909423, ""w"": 20}",180,60,120,0.0,0.6416666666666667,0,77,60,120,1,0.5586592178770949,0,90.0,90.0,0.2388888888888889,0.0,77,0.6416666666666667,17.0
7CE37510-56D0-4120-A1CF-0E23351428D2,7CE37510_s3,FDAA70A1-42A3-4E3F-9AE3-3FDA412E03BF,ewma,"{""theta"": 0.9253736584817667, ""alpha"": 0.2}",180,60,120,0.0,0.575,0,69,60,120,1,0.5586592178770949,0,90.0,90.0,0.2833333333333333,0.0,69,0.575,9.0
7CE37510-56D0-4120-A1CF-0E23351428D2,7CE37510_s3,FDAA70A1-42A3-4E3F-9AE3-3FDA412E03BF,majority_vote,"{""theta"": 0.9117242695398101, ""w"": 10, ""k"": 8}",180,60,120,0.0,0.5583333333333333,0,67,60,120,1,0.5586592178770949,0,90.0,90.0,0.2944444444444444,0.0,67,0.5583333333333333,7.0
7CE37510-56D0-4120-A1CF-0E23351428D2,7CE37510_s3,FDAA70A1-42A3-4E3F-9AE3-3FDA412E03BF,debounce,"{""theta"": 0.9319539810080351, ""n"": 2}",180,60,120,0.0,0.5,0,60,60,120,2,1.11731843575419,0,60.0,59.0,0.3333333333333333,0.0,60,0.5,1.0
7CE37510-56D0-4120-A1CF-0E23351428D2,7CE37510_s3,FDAA70A1-42A3-4E3F-9AE3-3FDA412E03BF,margin_dual_threshold,"{""theta"": 0.9531057249817385, ""margin"": 0.05}",180,60,120,0.0,0.5333333333333333,0,64,60,120,1,0.5586592178770949,0,90.0,90.0,0.3111111111111111,0.0,64,0.5333333333333333,4.0
7CE37510-56D0-4120-A1CF-0E23351428D2,7CE37510_s3,FDAA70A1-42A3-4E3F-9AE3-3FDA412E03BF,hysteresis,"{""theta"": 0.939866745799854, ""margin"": 0.1, ""ttt_frames"": 2}",180,60,120,0.0,0.9916666666666668,0,119,60,120,1,0.5586592178770949,0,90.0,90.0,0.0055555555555555,0.0,119,0.9916666666666668,
7CE37510-56D0-4120-A1CF-0E23351428D2,7CE37510_s3,FDAA70A1-42A3-4E3F-9AE3-3FDA412E03BF,trust_model,"{""theta"": 0.9016350255661066, ""gain"": 0.1, ""decay"": 0.05, ""tau_lo"": 0.4, ""tau_hi"": 0.6}",180,60,120,0.0,0.5166666666666667,0,62,60,120,2,1.11731843575419,0,60.0,56.0,0.3222222222222222,0.0,62,0.5166666666666667,
7CE37510-56D0-4120-A1CF-0E23351428D2,7CE37510_s3,FDAA70A1-42A3-4E3F-9AE3-3FDA412E03BF,sprt,"{""A"": 16, ""B"": 1, ""mu_gen"": 0.8822466469848228, ""sd_gen"": 0.0880027815198544, ""mu_imp"": 0.6463154877850824, ""sd_imp"": 0.19304303877491752}",180,60,120,0.4333333333333333,0.075,26,9,60,120,4,2.23463687150838,0,36.0,28.0,0.7611111111111111,10.0,9,0.075,9.0
7CE37510-56D0-4120-A1CF-0E23351428D2,7CE37510_s4,24E40C4C-A349-4F9F-93AB-01D00FB994AF,instantaneous,"{""theta"": 0.9585424509748834}",180,60,120,0.0,0.475,0,57,60,120,7,3.910614525139665,4,22.5,4.5,0.35,0.0,57,0.475,0.0
7CE37510-56D0-4120-A1CF-0E23351428D2,7CE37510_s4,24E40C4C-A349-4F9F-93AB-01D00FB994AF,moving_average,"{""theta"": 0.923882395909423, ""w"": 20}",180,60,120,0.0333333333333333,0.4916666666666666,2,59,60,120,3,1.675977653631285,2,45.0,51.0,0.35,2.0,59,0.4916666666666666,
7CE37510-56D0-4120-A1CF-0E23351428D2,7CE37510_s4,24E40C4C-A349-4F9F-93AB-01D00FB994AF,ewma,"{""theta"": 0.9253736584817667, ""alpha"": 0.2}",180,60,120,0.0,0.5166666666666667,0,62,60,120,3,1.675977653631285,2,45.0,52.0,0.3222222222222222,0.0,62,0.5166666666666667,
7CE37510-56D0-4120-A1CF-0E23351428D2,7CE37510_s4,24E40C4C-A349-4F9F-93AB-01D00FB994AF,majority_vote,"{""theta"": 0.9117242695398101, ""w"": 10, ""k"": 8}",180,60,120,0.0,0.475,0,57,60,120,3,1.675977653631285,0,45.0,52.5,0.35,0.0,57,0.475,8.0
7CE37510-56D0-4120-A1CF-0E23351428D2,7CE37510_s4,24E40C4C-A349-4F9F-93AB-01D00FB994AF,debounce,"{""theta"": 0.9319539810080351, ""n"": 2}",180,60,120,0.0,0.4166666666666667,0,50,60,120,5,2.793296089385475,2,30.0,28.0,0.3888888888888889,0.0,50,0.4166666666666667,1.0
7CE37510-56D0-4120-A1CF-0E23351428D2,7CE37510_s4,24E40C4C-A349-4F9F-93AB-01D00FB994AF,margin_dual_threshold,"{""theta"": 0.9531057249817385, ""margin"": 0.05}",180,60,120,0.0,0.4916666666666666,0,59,60,120,5,2.793296089385475,2,30.0,27.5,0.3388888888888889,0.0,59,0.4916666666666666,0.0
7CE37510-56D0-4120-A1CF-0E23351428D2,7CE37510_s4,24E40C4C-A349-4F9F-93AB-01D00FB994AF,hysteresis,"{""theta"": 0.939866745799854, ""margin"": 0.1, ""ttt_frames"": 2}",180,60,120,0.0,0.525,0,63,60,120,1,0.5586592178770949,0,90.0,90.0,0.3166666666666666,0.0,63,0.525,
7CE37510-56D0-4120-A1CF-0E23351428D2,7CE37510_s4,24E40C4C-A349-4F9F-93AB-01D00FB994AF,trust_model,"{""theta"": 0.9016350255661066, ""gain"": 0.1, ""decay"": 0.05, ""tau_lo"": 0.4, ""tau_hi"": 0.6}",180,60,120,0.15,0.5,9,60,60,120,1,0.5586592178770949,0,90.0,90.0,0.3833333333333333,9.0,60,0.5,
7CE37510-56D0-4120-A1CF-0E23351428D2,7CE37510_s4,24E40C4C-A349-4F9F-93AB-01D00FB994AF,sprt,"{""A"": 16, ""B"": 1, ""mu_gen"": 0.8822466469848228, ""sd_gen"": 0.0880027815198544, ""mu_imp"": 0.6463154877850824, ""sd_imp"": 0.19304303877491752}",180,60,120,0.0833333333333333,0.2833333333333333,5,34,60,120,4,2.23463687150838,0,36.0,25.0,0.5055555555555555,5.0,34,0.2833333333333333,9.0
7CE37510-56D0-4120-A1CF-0E23351428D2,7CE37510_s5,00EABED2-271D-49D8-B599-1D4A09240601,instantaneous,"{""theta"": 0.9585424509748834}",180,60,120,0.15,0.7666666666666667,9,92,60,120,33,18.43575418994413,32,5.294117647058823,1.5,0.2055555555555555,0.0,92,0.7666666666666667,38.0
7CE37510-56D0-4120-A1CF-0E23351428D2,7CE37510_s5,00EABED2-271D-49D8-B599-1D4A09240601,moving_average,"{""theta"": 0.923882395909423, ""w"": 20}",180,60,120,0.0333333333333333,0.5,2,60,60,120,1,0.5586592178770949,0,90.0,90.0,0.3444444444444444,0.0,60,0.5,0.0
7CE37510-56D0-4120-A1CF-0E23351428D2,7CE37510_s5,00EABED2-271D-49D8-B599-1D4A09240601,ewma,"{""theta"": 0.9253736584817667, ""alpha"": 0.2}",180,60,120,0.1166666666666666,0.5,7,60,60,120,1,0.5586592178770949,0,90.0,90.0,0.3722222222222222,0.0,60,0.5,0.0
7CE37510-56D0-4120-A1CF-0E23351428D2,7CE37510_s5,00EABED2-271D-49D8-B599-1D4A09240601,majority_vote,"{""theta"": 0.9117242695398101, ""w"": 10, ""k"": 8}",180,60,120,0.0833333333333333,0.5,5,60,60,120,3,1.675977653631285,2,45.0,37.0,0.3611111111111111,0.0,60,0.5,0.0
7CE37510-56D0-4120-A1CF-0E23351428D2,7CE37510_s5,00EABED2-271D-49D8-B599-1D4A09240601,debounce,"{""theta"": 0.9319539810080351, ""n"": 2}",180,60,120,0.1333333333333333,0.4916666666666666,8,59,60,120,2,1.11731843575419,0,60.0,68.0,0.3833333333333333,0.0,59,0.4916666666666666,0.0
7CE37510-56D0-4120-A1CF-0E23351428D2,7CE37510_s5,00EABED2-271D-49D8-B599-1D4A09240601,margin_dual_threshold,"{""theta"": 0.9531057249817385, ""margin"": 0.05}",180,60,120,0.15,0.8333333333333334,9,100,60,120,4,2.23463687150838,2,36.0,28.0,0.1611111111111111,0.0,100,0.8333333333333334,0.0
7CE37510-56D0-4120-A1CF-0E23351428D2,7CE37510_s5,00EABED2-271D-49D8-B599-1D4A09240601,hysteresis,"{""theta"": 0.939866745799854, ""margin"": 0.1, ""ttt_frames"": 2}",180,60,120,0.1,0.4916666666666666,6,59,60,120,2,1.11731843575419,0,60.0,66.0,0.3722222222222222,0.0,59,0.4916666666666666,0.0
7CE37510-56D0-4120-A1CF-0E23351428D2,7CE37510_s5,00EABED2-271D-49D8-B599-1D4A09240601,trust_model,"{""theta"": 0.9016350255661066, ""gain"": 0.1, ""decay"": 0.05, ""tau_lo"": 0.4, ""tau_hi"": 0.6}",180,60,120,0.0,0.5916666666666667,0,71,60,120,2,1.11731843575419,0,60.0,29.0,0.2722222222222222,0.0,71,0.5916666666666667,40.0
7CE37510-56D0-4120-A1CF-0E23351428D2,7CE37510_s5,00EABED2-271D-49D8-B599-1D4A09240601,sprt,"{""A"": 16, ""B"": 1, ""mu_gen"": 0.8822466469848228, ""sd_gen"": 0.0880027815198544, ""mu_imp"": 0.6463154877850824, ""sd_imp"": 0.19304303877491752}",180,60,120,1.0,0.375,60,45,60,120,1,0.5586592178770949,0,90.0,90.0,0.75,,45,0.375,0.0
7D9BB102-A612-4E2A-8E22-3159752F55D8,7D9BB102_s0,806289BC-AD52-4CC1-806C-0CDB14D65EB6,instantaneous,"{""theta"": 0.9657352261472433}",180,60,120,0.0,0.0,0,0,60,120,2,1.11731843575419,0,60.0,60.0,0.6666666666666666,0.0,0,0.0,0.0
7D9BB102-A612-4E2A-8E22-3159752F55D8,7D9BB102_s0,806289BC-AD52-4CC1-806C-0CDB14D65EB6,moving_average,"{""theta"": 0.9642482667547045, ""w"": 3}",180,60,120,0.0,0.0166666666666666,0,2,60,120,2,1.11731843575419,0,60.0,60.0,0.6555555555555556,0.0,2,0.0166666666666666,2.0
7D9BB102-A612-4E2A-8E22-3159752F55D8,7D9BB102_s0,806289BC-AD52-4CC1-806C-0CDB14D65EB6,ewma,"{""theta"": 0.9642482667547045, ""alpha"": 0.3}",180,60,120,0.0,0.0416666666666666,0,5,60,120,2,1.11731843575419,0,60.0,60.0,0.6388888888888888,0.0,5,0.0416666666666666,5.0
7D9BB102-A612-4E2A-8E22-3159752F55D8,7D9BB102_s0,806289BC-AD52-4CC1-806C-0CDB14D65EB6,majority_vote,"{""theta"": 0.9662335754374382, ""w"": 3, ""k"": 2}",180,60,120,0.0166666666666666,0.0083333333333333,1,1,60,120,2,1.11731843575419,0,60.0,60.0,0.6666666666666666,1.0,1,0.0083333333333333,1.0
7D9BB102-A612-4E2A-8E22-3159752F55D8,7D9BB102_s0,806289BC-AD52-4CC1-806C-0CDB14D65EB6,debounce,"{""theta"": 0.9783261802575107, ""n"": 5}",180,60,120,0.0,0.3583333333333333,0,43,60,120,2,1.11731843575419,0,60.0,56.0,0.4277777777777777,0.0,43,0.3583333333333333,4.0
7D9BB102-A612-4E2A-8E22-3159752F55D8,7D9BB102_s0,806289BC-AD52-4CC1-806C-0CDB14D65EB6,margin_dual_threshold,"{""theta"": 0.9687399034334764, ""margin"": 0.05}",180,60,120,0.0,0.0,0,0,60,120,2,1.11731843575419,0,60.0,60.0,0.6666666666666666,0.0,0,0.0,0.0
7D9BB102-A612-4E2A-8E22-3159752F55D8,7D9BB102_s0,806289BC-AD52-4CC1-806C-0CDB14D65EB6,hysteresis,"{""theta"": 0.9815450643776824, ""margin"": 0.05, ""ttt_frames"": 2}",180,60,120,0.0166666666666666,0.5,1,60,60,120,1,0.5586592178770949,0,90.0,90.0,0.3388888888888889,1.0,60,0.5,
7D9BB102-A612-4E2A-8E22-3159752F55D8,7D9BB102_s0,806289BC-AD52-4CC1-806C-0CDB14D65EB6,trust_model,"{""theta"": 0.9789378433476396, ""gain"": 0.6, ""decay"": 0.05, ""tau_lo"": 0.4, ""tau_hi"": 0.6}",180,60,120,0.0,0.3,0,36,60,120,2,1.11731843575419,0,60.0,60.0,0.4666666666666667,0.0,36,0.3,36.0
7D9BB102-A612-4E2A-8E22-3159752F55D8,7D9BB102_s0,806289BC-AD52-4CC1-806C-0CDB14D65EB6,sprt,"{""A"": 16, ""B"": 4, ""mu_gen"": 0.9784760968049596, ""sd_gen"": 0.007662170510603758, ""mu_imp"": 0.7330448259418217, ""sd_imp"": 0.21581281604288452}",180,60,120,0.0,0.1083333333333333,0,13,60,120,2,1.11731843575419,0,60.0,60.0,0.5944444444444444,0.0,13,0.1083333333333333,13.0
7D9BB102-A612-4E2A-8E22-3159752F55D8,7D9BB102_s1,4E98F91F-4654-42EF-B908-A3389443F2E7,instantaneous,"{""theta"": 0.9657352261472433}",180,60,120,0.0,0.0,0,0,60,120,2,1.11731843575419,0,60.0,60.0,0.6666666666666666,0.0,0,0.0,0.0
7D9BB102-A612-4E2A-8E22-3159752F55D8,7D9BB102_s1,4E98F91F-4654-42EF-B908-A3389443F2E7,moving_average,"{""theta"": 0.9642482667547045, ""w"": 3}",180,60,120,0.0,0.0166666666666666,0,2,60,120,2,1.11731843575419,0,60.0,60.0,0.6555555555555556,0.0,2,0.0166666666666666,2.0
7D9BB102-A612-4E2A-8E22-3159752F55D8,7D9BB102_s1,4E98F91F-4654-42EF-B908-A3389443F2E7,ewma,"{""theta"": 0.9642482667547045, ""alpha"": 0.3}",180,60,120,0.0,0.0583333333333333,0,7,60,120,2,1.11731843575419,0,60.0,60.0,0.6277777777777778,0.0,7,0.0583333333333333,7.0
7D9BB102-A612-4E2A-8E22-3159752F55D8,7D9BB102_s1,4E98F91F-4654-42EF-B908-A3389443F2E7,majority_vote,"{""theta"": 0.9662335754374382, ""w"": 3, ""k"": 2}",180,60,120,0.0166666666666666,0.0083333333333333,1,1,60,120,2,1.11731843575419,0,60.0,60.0,0.6666666666666666,1.0,1,0.0083333333333333,1.0
7D9BB102-A612-4E2A-8E22-3159752F55D8,7D9BB102_s1,4E98F91F-4654-42EF-B908-A3389443F2E7,debounce,"{""theta"": 0.9783261802575107, ""n"": 5}",180,60,120,0.0,0.425,0,51,60,120,2,1.11731843575419,0,60.0,54.0,0.3833333333333333,0.0,51,0.425,6.0
7D9BB102-A612-4E2A-8E22-3159752F55D8,7D9BB102_s1,4E98F91F-4654-42EF-B908-A3389443F2E7,margin_dual_threshold,"{""theta"": 0.9687399034334764, ""margin"": 0.05}",180,60,120,0.0,0.05,0,6,60,120,2,1.11731843575419,0,60.0,60.0,0.6333333333333333,0.0,6,0.05,6.0
7D9BB102-A612-4E2A-8E22-3159752F55D8,7D9BB102_s1,4E98F91F-4654-42EF-B908-A3389443F2E7,hysteresis,"{""theta"": 0.9815450643776824, ""margin"": 0.05, ""ttt_frames"": 2}",180,60,120,0.0166666666666666,0.5,1,60,60,120,1,0.5586592178770949,0,90.0,90.0,0.3388888888888889,1.0,60,0.5,
7D9BB102-A612-4E2A-8E22-3159752F55D8,7D9BB102_s1,4E98F91F-4654-42EF-B908-A3389443F2E7,trust_model,"{""theta"": 0.9789378433476396, ""gain"": 0.6, ""decay"": 0.05, ""tau_lo"": 0.4, ""tau_hi"": 0.6}",180,60,120,0.0,0.3166666666666666,0,38,60,120,2,1.11731843575419,0,60.0,60.0,0.4555555555555555,0.0,38,0.3166666666666666,38.0
7D9BB102-A612-4E2A-8E22-3159752F55D8,7D9BB102_s1,4E98F91F-4654-42EF-B908-A3389443F2E7,sprt,"{""A"": 16, ""B"": 4, ""mu_gen"": 0.9784760968049596, ""sd_gen"": 0.007662170510603758, ""mu_imp"": 0.7330448259418217, ""sd_imp"": 0.21581281604288452}",180,60,120,0.0,0.0416666666666666,0,5,60,120,2,1.11731843575419,0,60.0,60.0,0.6388888888888888,0.0,5,0.0416666666666666,5.0
7D9BB102-A612-4E2A-8E22-3159752F55D8,7D9BB102_s2,8023FE1A-D3B0-4E2C-A57A-9321B7FC755F,instantaneous,"{""theta"": 0.9657352261472433}",180,60,120,0.0,0.0,0,0,60,120,2,1.11731843575419,0,60.0,60.0,0.6666666666666666,0.0,0,0.0,0.0
7D9BB102-A612-4E2A-8E22-3159752F55D8,7D9BB102_s2,8023FE1A-D3B0-4E2C-A57A-9321B7FC755F,moving_average,"{""theta"": 0.9642482667547045, ""w"": 3}",180,60,120,0.0,0.0166666666666666,0,2,60,120,2,1.11731843575419,0,60.0,60.0,0.6555555555555556,0.0,2,0.0166666666666666,2.0
7D9BB102-A612-4E2A-8E22-3159752F55D8,7D9BB102_s2,8023FE1A-D3B0-4E2C-A57A-9321B7FC755F,ewma,"{""theta"": 0.9642482667547045, ""alpha"": 0.3}",180,60,120,0.0,0.1,0,12,60,120,2,1.11731843575419,0,60.0,60.0,0.6,0.0,12,0.1,12.0
7D9BB102-A612-4E2A-8E22-3159752F55D8,7D9BB102_s2,8023FE1A-D3B0-4E2C-A57A-9321B7FC755F,majority_vote,"{""theta"": 0.9662335754374382, ""w"": 3, ""k"": 2}",180,60,120,0.0166666666666666,0.0083333333333333,1,1,60,120,2,1.11731843575419,0,60.0,60.0,0.6666666666666666,1.0,1,0.0083333333333333,1.0
7D9BB102-A612-4E2A-8E22-3159752F55D8,7D9BB102_s2,8023FE1A-D3B0-4E2C-A57A-9321B7FC755F,debounce,"{""theta"": 0.9783261802575107, ""n"": 5}",180,60,120,0.0666666666666666,0.5,4,60,60,120,1,0.5586592178770949,0,90.0,90.0,0.3555555555555555,4.0,60,0.5,
7D9BB102-A612-4E2A-8E22-3159752F55D8,7D9BB102_s2,8023FE1A-D3B0-4E2C-A57A-9321B7FC755F,margin_dual_threshold,"{""theta"": 0.9687399034334764, ""margin"": 0.05}",180,60,120,0.0,0.5,0,60,60,120,1,0.5586592178770949,0,90.0,90.0,0.3333333333333333,0.0,60,0.5,
7D9BB102-A612-4E2A-8E22-3159752F55D8,7D9BB102_s2,8023FE1A-D3B0-4E2C-A57A-9321B7FC755F,hysteresis,"{""theta"": 0.9815450643776824, ""margin"": 0.05, ""ttt_frames"": 2}",180,60,120,0.0166666666666666,0.5,1,60,60,120,1,0.5586592178770949,0,90.0,90.0,0.3388888888888889,1.0,60,0.5,
7D9BB102-A612-4E2A-8E22-3159752F55D8,7D9BB102_s2,8023FE1A-D3B0-4E2C-A57A-9321B7FC755F,trust_model,"{""theta"": 0.9789378433476396, ""gain"": 0.6, ""decay"": 0.05, ""tau_lo"": 0.4, ""tau_hi"": 0.6}",180,60,120,0.0166666666666666,0.5,1,60,60,120,1,0.5586592178770949,0,90.0,90.0,0.3388888888888889,1.0,60,0.5,
7D9BB102-A612-4E2A-8E22-3159752F55D8,7D9BB102_s2,8023FE1A-D3B0-4E2C-A57A-9321B7FC755F,sprt,"{""A"": 16, ""B"": 4, ""mu_gen"": 0.9784760968049596, ""sd_gen"": 0.007662170510603758, ""mu_imp"": 0.7330448259418217, ""sd_imp"": 0.21581281604288452}",180,60,120,0.0,0.0333333333333333,0,4,60,120,2,1.11731843575419,0,60.0,60.0,0.6444444444444445,0.0,4,0.0333333333333333,4.0
7D9BB102-A612-4E2A-8E22-3159752F55D8,7D9BB102_s3,CF722AA9-2533-4E51-9FEB-9EAC84EE9AAC,instantaneous,"{""theta"": 0.9657352261472433}",180,60,120,0.0,0.0,0,0,60,120,2,1.11731843575419,0,60.0,60.0,0.6666666666666666,0.0,0,0.0,0.0
7D9BB102-A612-4E2A-8E22-3159752F55D8,7D9BB102_s3,CF722AA9-2533-4E51-9FEB-9EAC84EE9AAC,moving_average,"{""theta"": 0.9642482667547045, ""w"": 3}",180,60,120,0.0,0.0166666666666666,0,2,60,120,2,1.11731843575419,0,60.0,60.0,0.6555555555555556,0.0,2,0.0166666666666666,2.0
7D9BB102-A612-4E2A-8E22-3159752F55D8,7D9BB102_s3,CF722AA9-2533-4E51-9FEB-9EAC84EE9AAC,ewma,"{""theta"": 0.9642482667547045, ""alpha"": 0.3}",180,60,120,0.0,0.0916666666666666,0,11,60,120,2,1.11731843575419,0,60.0,60.0,0.6055555555555555,0.0,11,0.0916666666666666,11.0
7D9BB102-A612-4E2A-8E22-3159752F55D8,7D9BB102_s3,CF722AA9-2533-4E51-9FEB-9EAC84EE9AAC,majority_vote,"{""theta"": 0.9662335754374382, ""w"": 3, ""k"": 2}",180,60,120,0.0166666666666666,0.0083333333333333,1,1,60,120,2,1.11731843575419,0,60.0,60.0,0.6666666666666666,1.0,1,0.0083333333333333,1.0
7D9BB102-A612-4E2A-8E22-3159752F55D8,7D9BB102_s3,CF722AA9-2533-4E51-9FEB-9EAC84EE9AAC,debounce,"{""theta"": 0.9783261802575107, ""n"": 5}",180,60,120,0.0,0.525,0,63,60,120,2,1.11731843575419,0,60.0,45.0,0.3166666666666666,0.0,63,0.525,15.0
7D9BB102-A612-4E2A-8E22-3159752F55D8,7D9BB102_s3,CF722AA9-2533-4E51-9FEB-9EAC84EE9AAC,margin_dual_threshold,"{""theta"": 0.9687399034334764, ""margin"": 0.05}",180,60,120,0.0,0.125,0,15,60,120,2,1.11731843575419,0,60.0,60.0,0.5833333333333334,0.0,15,0.125,15.0
7D9BB102-A612-4E2A-8E22-3159752F55D8,7D9BB102_s3,CF722AA9-2533-4E51-9FEB-9EAC84EE9AAC,hysteresis,"{""theta"": 0.9815450643776824, ""margin"": 0.05, ""ttt_frames"": 2}",180,60,120,0.0166666666666666,0.5,1,60,60,120,1,0.5586592178770949,0,90.0,90.0,0.3388888888888889,1.0,60,0.5,
7D9BB102-A612-4E2A-8E22-3159752F55D8,7D9BB102_s3,CF722AA9-2533-4E51-9FEB-9EAC84EE9AAC,trust_model,"{""theta"": 0.9789378433476396, ""gain"": 0.6, ""decay"": 0.05, ""tau_lo"": 0.4, ""tau_hi"": 0.6}",180,60,120,0.0,0.35,0,42,60,120,2,1.11731843575419,0,60.0,60.0,0.4333333333333333,0.0,42,0.35,42.0
7D9BB102-A612-4E2A-8E22-3159752F55D8,7D9BB102_s3,CF722AA9-2533-4E51-9FEB-9EAC84EE9AAC,sprt,"{""A"": 16, ""B"": 4, ""mu_gen"": 0.9784760968049596, ""sd_gen"": 0.007662170510603758, ""mu_imp"": 0.7330448259418217, ""sd_imp"": 0.21581281604288452}",180,60,120,0.0,0.0416666666666666,0,5,60,120,2,1.11731843575419,0,60.0,60.0,0.6388888888888888,0.0,5,0.0416666666666666,5.0
7D9BB102-A612-4E2A-8E22-3159752F55D8,7D9BB102_s4,A7599A50-24AE-46A6-8EA6-2576F1011D81,instantaneous,"{""theta"": 0.9657352261472433}",180,60,120,0.0,0.0,0,0,60,120,2,1.11731843575419,0,60.0,60.0,0.6666666666666666,0.0,0,0.0,0.0
7D9BB102-A612-4E2A-8E22-3159752F55D8,7D9BB102_s4,A7599A50-24AE-46A6-8EA6-2576F1011D81,moving_average,"{""theta"": 0.9642482667547045, ""w"": 3}",180,60,120,0.0,0.0166666666666666,0,2,60,120,2,1.11731843575419,0,60.0,60.0,0.6555555555555556,0.0,2,0.0166666666666666,2.0
7D9BB102-A612-4E2A-8E22-3159752F55D8,7D9BB102_s4,A7599A50-24AE-46A6-8EA6-2576F1011D81,ewma,"{""theta"": 0.9642482667547045, ""alpha"": 0.3}",180,60,120,0.0,0.0666666666666666,0,8,60,120,2,1.11731843575419,0,60.0,60.0,0.6222222222222222,0.0,8,0.0666666666666666,8.0
7D9BB102-A612-4E2A-8E22-3159752F55D8,7D9BB102_s4,A7599A50-24AE-46A6-8EA6-2576F1011D81,majority_vote,"{""theta"": 0.9662335754374382, ""w"": 3, ""k"": 2}",180,60,120,0.0166666666666666,0.0083333333333333,1,1,60,120,2,1.11731843575419,0,60.0,60.0,0.6666666666666666,1.0,1,0.0083333333333333,1.0
7D9BB102-A612-4E2A-8E22-3159752F55D8,7D9BB102_s4,A7599A50-24AE-46A6-8EA6-2576F1011D81,debounce,"{""theta"": 0.9783261802575107, ""n"": 5}",180,60,120,0.0,0.4166666666666667,0,50,60,120,2,1.11731843575419,0,60.0,56.0,0.3888888888888889,0.0,50,0.4166666666666667,4.0
7D9BB102-A612-4E2A-8E22-3159752F55D8,7D9BB102_s4,A7599A50-24AE-46A6-8EA6-2576F1011D81,margin_dual_threshold,"{""theta"": 0.9687399034334764, ""margin"": 0.05}",180,60,120,0.0,0.0,0,0,60,120,2,1.11731843575419,0,60.0,60.0,0.6666666666666666,0.0,0,0.0,0.0
7D9BB102-A612-4E2A-8E22-3159752F55D8,7D9BB102_s4,A7599A50-24AE-46A6-8EA6-2576F1011D81,hysteresis,"{""theta"": 0.9815450643776824, ""margin"": 0.05, ""ttt_frames"": 2}",180,60,120,0.0166666666666666,0.5,1,60,60,120,1,0.5586592178770949,0,90.0,90.0,0.3388888888888889,1.0,60,0.5,
7D9BB102-A612-4E2A-8E22-3159752F55D8,7D9BB102_s4,A7599A50-24AE-46A6-8EA6-2576F1011D81,trust_model,"{""theta"": 0.9789378433476396, ""gain"": 0.6, ""decay"": 0.05, ""tau_lo"": 0.4, ""tau_hi"": 0.6}",180,60,120,0.0,0.3,0,36,60,120,2,1.11731843575419,0,60.0,60.0,0.4666666666666667,0.0,36,0.3,36.0
7D9BB102-A612-4E2A-8E22-3159752F55D8,7D9BB102_s4,A7599A50-24AE-46A6-8EA6-2576F1011D81,sprt,"{""A"": 16, ""B"": 4, ""mu_gen"": 0.9784760968049596, ""sd_gen"": 0.007662170510603758, ""mu_imp"": 0.7330448259418217, ""sd_imp"": 0.21581281604288452}",180,60,120,0.0,0.1166666666666666,0,14,60,120,2,1.11731843575419,0,60.0,60.0,0.5888888888888889,0.0,14,0.1166666666666666,14.0
7D9BB102-A612-4E2A-8E22-3159752F55D8,7D9BB102_s5,0BFC35E2-4817-4865-BFA7-764742302A2D,instantaneous,"{""theta"": 0.9657352261472433}",180,60,120,0.0,0.0,0,0,60,120,2,1.11731843575419,0,60.0,60.0,0.6666666666666666,0.0,0,0.0,0.0
7D9BB102-A612-4E2A-8E22-3159752F55D8,7D9BB102_s5,0BFC35E2-4817-4865-BFA7-764742302A2D,moving_average,"{""theta"": 0.9642482667547045, ""w"": 3}",180,60,120,0.0,0.0166666666666666,0,2,60,120,2,1.11731843575419,0,60.0,60.0,0.6555555555555556,0.0,2,0.0166666666666666,2.0
7D9BB102-A612-4E2A-8E22-3159752F55D8,7D9BB102_s5,0BFC35E2-4817-4865-BFA7-764742302A2D,ewma,"{""theta"": 0.9642482667547045, ""alpha"": 0.3}",180,60,120,0.0,0.1,0,12,60,120,2,1.11731843575419,0,60.0,60.0,0.6,0.0,12,0.1,12.0
7D9BB102-A612-4E2A-8E22-3159752F55D8,7D9BB102_s5,0BFC35E2-4817-4865-BFA7-764742302A2D,majority_vote,"{""theta"": 0.9662335754374382, ""w"": 3, ""k"": 2}",180,60,120,0.0166666666666666,0.0083333333333333,1,1,60,120,2,1.11731843575419,0,60.0,60.0,0.6666666666666666,1.0,1,0.0083333333333333,1.0
7D9BB102-A612-4E2A-8E22-3159752F55D8,7D9BB102_s5,0BFC35E2-4817-4865-BFA7-764742302A2D,debounce,"{""theta"": 0.9783261802575107, ""n"": 5}",180,60,120,0.0666666666666666,0.5,4,60,60,120,1,0.5586592178770949,0,90.0,90.0,0.3555555555555555,4.0,60,0.5,
7D9BB102-A612-4E2A-8E22-3159752F55D8,7D9BB102_s5,0BFC35E2-4817-4865-BFA7-764742302A2D,margin_dual_threshold,"{""theta"": 0.9687399034334764, ""margin"": 0.05}",180,60,120,0.0,0.5,0,60,60,120,1,0.5586592178770949,0,90.0,90.0,0.3333333333333333,0.0,60,0.5,
7D9BB102-A612-4E2A-8E22-3159752F55D8,7D9BB102_s5,0BFC35E2-4817-4865-BFA7-764742302A2D,hysteresis,"{""theta"": 0.9815450643776824, ""margin"": 0.05, ""ttt_frames"": 2}",180,60,120,0.0166666666666666,0.5,1,60,60,120,1,0.5586592178770949,0,90.0,90.0,0.3388888888888889,1.0,60,0.5,
7D9BB102-A612-4E2A-8E22-3159752F55D8,7D9BB102_s5,0BFC35E2-4817-4865-BFA7-764742302A2D,trust_model,"{""theta"": 0.9789378433476396, ""gain"": 0.6, ""decay"": 0.05, ""tau_lo"": 0.4, ""tau_hi"": 0.6}",180,60,120,0.0166666666666666,0.5,1,60,60,120,1,0.5586592178770949,0,90.0,90.0,0.3388888888888889,1.0,60,0.5,
7D9BB102-A612-4E2A-8E22-3159752F55D8,7D9BB102_s5,0BFC35E2-4817-4865-BFA7-764742302A2D,sprt,"{""A"": 16, ""B"": 4, ""mu_gen"": 0.9784760968049596, ""sd_gen"": 0.007662170510603758, ""mu_imp"": 0.7330448259418217, ""sd_imp"": 0.21581281604288452}",180,60,120,0.0,0.0333333333333333,0,4,60,120,2,1.11731843575419,0,60.0,60.0,0.6444444444444445,0.0,4,0.0333333333333333,4.0
8023FE1A-D3B0-4E2C-A57A-9321B7FC755F,8023FE1A_s0,61976C24-1C50-4355-9C49-AAE44A7D09F6,instantaneous,"{""theta"": 0.6917691314037505}",180,60,120,0.25,0.0,15,0,60,120,22,12.29050279329609,20,7.826086956521739,2.0,0.75,1.0,0,0.0,0.0
8023FE1A-D3B0-4E2C-A57A-9321B7FC755F,8023FE1A_s0,61976C24-1C50-4355-9C49-AAE44A7D09F6,moving_average,"{""theta"": 0.5823436058313343, ""w"": 3}",180,60,120,0.2833333333333333,0.0,17,0,60,120,16,8.938547486033519,15,10.588235294117649,3.0,0.7611111111111111,2.0,0,0.0,0.0
8023FE1A-D3B0-4E2C-A57A-9321B7FC755F,8023FE1A_s0,61976C24-1C50-4355-9C49-AAE44A7D09F6,ewma,"{""theta"": 0.5853975328970717, ""alpha"": 0.3}",180,60,120,0.2166666666666666,0.0,13,0,60,120,12,6.70391061452514,11,13.846153846153848,2.0,0.7388888888888889,6.0,0,0.0,0.0
8023FE1A-D3B0-4E2C-A57A-9321B7FC755F,8023FE1A_s0,61976C24-1C50-4355-9C49-AAE44A7D09F6,majority_vote,"{""theta"": 0.6987025707269293, ""w"": 3, ""k"": 2}",180,60,120,0.1833333333333333,0.0083333333333333,11,1,60,120,10,5.58659217877095,8,16.363636363636363,9.0,0.7222222222222222,2.0,1,0.0083333333333333,1.0
8023FE1A-D3B0-4E2C-A57A-9321B7FC755F,8023FE1A_s0,61976C24-1C50-4355-9C49-AAE44A7D09F6,debounce,"{""theta"": 0.8495592360214062, ""n"": 5}",180,60,120,0.0666666666666666,0.2666666666666666,4,32,60,120,3,1.675977653631285,0,45.0,46.0,0.5111111111111111,4.0,32,0.2666666666666666,15.0
8023FE1A-D3B0-4E2C-A57A-9321B7FC755F,8023FE1A_s0,61976C24-1C50-4355-9C49-AAE44A7D09F6,margin_dual_threshold,"{""theta"": 0.608123411926697, ""margin"": 0.2}",180,60,120,0.2166666666666666,0.0,13,0,60,120,18,10.05586592178771,16,9.473684210526317,2.0,0.7388888888888889,1.0,0,0.0,0.0
8023FE1A-D3B0-4E2C-A57A-9321B7FC755F,8023FE1A_s0,61976C24-1C50-4355-9C49-AAE44A7D09F6,hysteresis,"{""theta"": 0.6405658154357168, ""margin"": 0.2, ""ttt_frames"": 2}",180,60,120,0.1666666666666666,0.0083333333333333,10,1,60,120,6,3.35195530726257,4,25.714285714285715,19.0,0.7166666666666667,6.0,1,0.0083333333333333,1.0
8023FE1A-D3B0-4E2C-A57A-9321B7FC755F,8023FE1A_s0,61976C24-1C50-4355-9C49-AAE44A7D09F6,trust_model,"{""theta"": 0.5971961900435787, ""gain"": 0.6, ""decay"": 0.05, ""tau_lo"": 0.4, ""tau_hi"": 0.6}",180,60,120,0.1333333333333333,0.0166666666666666,8,2,60,120,2,1.11731843575419,0,60.0,58.0,0.7,8.0,2,0.0166666666666666,2.0
8023FE1A-D3B0-4E2C-A57A-9321B7FC755F,8023FE1A_s0,61976C24-1C50-4355-9C49-AAE44A7D09F6,sprt,"{""A"": 1, ""B"": 1, ""mu_gen"": 0.8952920280494556, ""sd_gen"": 0.05187162958652544, ""mu_imp"": 0.2432008775706875, ""sd_imp"": 0.1999079517029222}",180,60,120,0.0666666666666666,0.0,4,0,60,120,8,4.46927374301676,6,20.0,10.0,0.6888888888888889,0.0,0,0.0,0.0
8023FE1A-D3B0-4E2C-A57A-9321B7FC755F,8023FE1A_s1,FDAA70A1-42A3-4E3F-9AE3-3FDA412E03BF,instantaneous,"{""theta"": 0.6917691314037505}",180,60,120,0.0,0.0,0,0,60,120,2,1.11731843575419,0,60.0,60.0,0.6666666666666666,0.0,0,0.0,0.0
8023FE1A-D3B0-4E2C-A57A-9321B7FC755F,8023FE1A_s1,FDAA70A1-42A3-4E3F-9AE3-3FDA412E03BF,moving_average,"{""theta"": 0.5823436058313343, ""w"": 3}",180,60,120,0.0166666666666666,0.0083333333333333,1,1,60,120,2,1.11731843575419,0,60.0,60.0,0.6666666666666666,1.0,1,0.0083333333333333,1.0
8023FE1A-D3B0-4E2C-A57A-9321B7FC755F,8023FE1A_s1,FDAA70A1-42A3-4E3F-9AE3-3FDA412E03BF,ewma,"{""theta"": 0.5853975328970717, ""alpha"": 0.3}",180,60,120,0.0166666666666666,0.0166666666666666,1,2,60,120,2,1.11731843575419,0,60.0,61.0,0.6611111111111111,1.0,2,0.0166666666666666,2.0
8023FE1A-D3B0-4E2C-A57A-9321B7FC755F,8023FE1A_s1,FDAA70A1-42A3-4E3F-9AE3-3FDA412E03BF,majority_vote,"{""theta"": 0.6987025707269293, ""w"": 3, ""k"": 2}",180,60,120,0.0166666666666666,0.0083333333333333,1,1,60,120,2,1.11731843575419,0,60.0,60.0,0.6666666666666666,1.0,1,0.0083333333333333,1.0
8023FE1A-D3B0-4E2C-A57A-9321B7FC755F,8023FE1A_s1,FDAA70A1-42A3-4E3F-9AE3-3FDA412E03BF,debounce,"{""theta"": 0.8495592360214062, ""n"": 5}",180,60,120,0.0333333333333333,0.3583333333333333,2,43,60,120,3,1.675977653631285,0,45.0,44.0,0.4388888888888889,2.0,43,0.3583333333333333,17.0
8023FE1A-D3B0-4E2C-A57A-9321B7FC755F,8023FE1A_s1,FDAA70A1-42A3-4E3F-9AE3-3FDA412E03BF,margin_dual_threshold,"{""theta"": 0.608123411926697, ""margin"": 0.2}",180,60,120,0.0,0.0,0,0,60,120,2,1.11731843575419,0,60.0,60.0,0.6666666666666666,0.0,0,0.0,0.0
8023FE1A-D3B0-4E2C-A57A-9321B7FC755F,8023FE1A_s1,FDAA70A1-42A3-4E3F-9AE3-3FDA412E03BF,hysteresis,"{""theta"": 0.6405658154357168, ""margin"": 0.2, ""ttt_frames"": 2}",180,60,120,0.0166666666666666,0.0083333333333333,1,1,60,120,2,1.11731843575419,0,60.0,60.0,0.6666666666666666,1.0,1,0.0083333333333333,1.0
8023FE1A-D3B0-4E2C-A57A-9321B7FC755F,8023FE1A_s1,FDAA70A1-42A3-4E3F-9AE3-3FDA412E03BF,trust_model,"{""theta"": 0.5971961900435787, ""gain"": 0.6, ""decay"": 0.05, ""tau_lo"": 0.4, ""tau_hi"": 0.6}",180,60,120,0.0333333333333333,0.025,2,3,60,120,2,1.11731843575419,0,60.0,61.0,0.6611111111111111,2.0,3,0.025,3.0
8023FE1A-D3B0-4E2C-A57A-9321B7FC755F,8023FE1A_s1,FDAA70A1-42A3-4E3F-9AE3-3FDA412E03BF,sprt,"{""A"": 1, ""B"": 1, ""mu_gen"": 0.8952920280494556, ""sd_gen"": 0.05187162958652544, ""mu_imp"": 0.2432008775706875, ""sd_imp"": 0.1999079517029222}",180,60,120,0.0,0.0,0,0,60,120,2,1.11731843575419,0,60.0,60.0,0.6666666666666666,0.0,0,0.0,0.0
8023FE1A-D3B0-4E2C-A57A-9321B7FC755F,8023FE1A_s2,665514DE-49DC-421F-8DCB-145D0B2609AD,instantaneous,"{""theta"": 0.6917691314037505}",180,60,120,0.0,0.0,0,0,60,120,2,1.11731843575419,0,60.0,60.0,0.6666666666666666,0.0,0,0.0,0.0
8023FE1A-D3B0-4E2C-A57A-9321B7FC755F,8023FE1A_s2,665514DE-49DC-421F-8DCB-145D0B2609AD,moving_average,"{""theta"": 0.5823436058313343, ""w"": 3}",180,60,120,0.0166666666666666,0.0083333333333333,1,1,60,120,2,1.11731843575419,0,60.0,60.0,0.6666666666666666,1.0,1,0.0083333333333333,1.0
8023FE1A-D3B0-4E2C-A57A-9321B7FC755F,8023FE1A_s2,665514DE-49DC-421F-8DCB-145D0B2609AD,ewma,"{""theta"": 0.5853975328970717, ""alpha"": 0.3}",180,60,120,0.0166666666666666,0.0166666666666666,1,2,60,120,2,1.11731843575419,0,60.0,61.0,0.6611111111111111,1.0,2,0.0166666666666666,2.0
8023FE1A-D3B0-4E2C-A57A-9321B7FC755F,8023FE1A_s2,665514DE-49DC-421F-8DCB-145D0B2609AD,majority_vote,"{""theta"": 0.6987025707269293, ""w"": 3, ""k"": 2}",180,60,120,0.0166666666666666,0.0083333333333333,1,1,60,120,2,1.11731843575419,0,60.0,60.0,0.6666666666666666,1.0,1,0.0083333333333333,1.0
8023FE1A-D3B0-4E2C-A57A-9321B7FC755F,8023FE1A_s2,665514DE-49DC-421F-8DCB-145D0B2609AD,debounce,"{""theta"": 0.8495592360214062, ""n"": 5}",180,60,120,0.0666666666666666,0.375,4,45,60,120,5,2.793296089385475,0,30.0,18.0,0.4388888888888889,4.0,45,0.375,9.0
8023FE1A-D3B0-4E2C-A57A-9321B7FC755F,8023FE1A_s2,665514DE-49DC-421F-8DCB-145D0B2609AD,margin_dual_threshold,"{""theta"": 0.608123411926697, ""margin"": 0.2}",180,60,120,0.0,0.0,0,0,60,120,2,1.11731843575419,0,60.0,60.0,0.6666666666666666,0.0,0,0.0,0.0
8023FE1A-D3B0-4E2C-A57A-9321B7FC755F,8023FE1A_s2,665514DE-49DC-421F-8DCB-145D0B2609AD,hysteresis,"{""theta"": 0.6405658154357168, ""margin"": 0.2, ""ttt_frames"": 2}",180,60,120,0.0166666666666666,0.0083333333333333,1,1,60,120,2,1.11731843575419,0,60.0,60.0,0.6666666666666666,1.0,1,0.0083333333333333,1.0
8023FE1A-D3B0-4E2C-A57A-9321B7FC755F,8023FE1A_s2,665514DE-49DC-421F-8DCB-145D0B2609AD,trust_model,"{""theta"": 0.5971961900435787, ""gain"": 0.6, ""decay"": 0.05, ""tau_lo"": 0.4, ""tau_hi"": 0.6}",180,60,120,0.0333333333333333,0.025,2,3,60,120,2,1.11731843575419,0,60.0,61.0,0.6611111111111111,2.0,3,0.025,3.0
8023FE1A-D3B0-4E2C-A57A-9321B7FC755F,8023FE1A_s2,665514DE-49DC-421F-8DCB-145D0B2609AD,sprt,"{""A"": 1, ""B"": 1, ""mu_gen"": 0.8952920280494556, ""sd_gen"": 0.05187162958652544, ""mu_imp"": 0.2432008775706875, ""sd_imp"": 0.1999079517029222}",180,60,120,0.0,0.0,0,0,60,120,2,1.11731843575419,0,60.0,60.0,0.6666666666666666,0.0,0,0.0,0.0
8023FE1A-D3B0-4E2C-A57A-9321B7FC755F,8023FE1A_s4,61359772-D8D8-480D-B623-7C636EAD0C81,instantaneous,"{""theta"": 0.6917691314037505}",180,60,120,0.0,0.0,0,0,60,120,2,1.11731843575419,0,60.0,60.0,0.6666666666666666,0.0,0,0.0,0.0
8023FE1A-D3B0-4E2C-A57A-9321B7FC755F,8023FE1A_s4,61359772-D8D8-480D-B623-7C636EAD0C81,moving_average,"{""theta"": 0.5823436058313343, ""w"": 3}",180,60,120,0.0166666666666666,0.0083333333333333,1,1,60,120,2,1.11731843575419,0,60.0,60.0,0.6666666666666666,1.0,1,0.0083333333333333,1.0
8023FE1A-D3B0-4E2C-A57A-9321B7FC755F,8023FE1A_s4,61359772-D8D8-480D-B623-7C636EAD0C81,ewma,"{""theta"": 0.5853975328970717, ""alpha"": 0.3}",180,60,120,0.0166666666666666,0.0166666666666666,1,2,60,120,2,1.11731843575419,0,60.0,61.0,0.6611111111111111,1.0,2,0.0166666666666666,2.0
8023FE1A-D3B0-4E2C-A57A-9321B7FC755F,8023FE1A_s4,61359772-D8D8-480D-B623-7C636EAD0C81,majority_vote,"{""theta"": 0.6987025707269293, ""w"": 3, ""k"": 2}",180,60,120,0.0166666666666666,0.0083333333333333,1,1,60,120,2,1.11731843575419,0,60.0,60.0,0.6666666666666666,1.0,1,0.0083333333333333,1.0
8023FE1A-D3B0-4E2C-A57A-9321B7FC755F,8023FE1A_s4,61359772-D8D8-480D-B623-7C636EAD0C81,debounce,"{""theta"": 0.8495592360214062, ""n"": 5}",180,60,120,0.0166666666666666,0.3833333333333333,1,46,60,120,2,1.11731843575419,0,60.0,61.0,0.4166666666666667,1.0,46,0.3833333333333333,46.0
8023FE1A-D3B0-4E2C-A57A-9321B7FC755F,8023FE1A_s4,61359772-D8D8-480D-B623-7C636EAD0C81,margin_dual_threshold,"{""theta"": 0.608123411926697, ""margin"": 0.2}",180,60,120,0.0,0.0,0,0,60,120,2,1.11731843575419,0,60.0,60.0,0.6666666666666666,0.0,0,0.0,0.0
8023FE1A-D3B0-4E2C-A57A-9321B7FC755F,8023FE1A_s4,61359772-D8D8-480D-B623-7C636EAD0C81,hysteresis,"{""theta"": 0.6405658154357168, ""margin"": 0.2, ""ttt_frames"": 2}",180,60,120,0.0166666666666666,0.0083333333333333,1,1,60,120,2,1.11731843575419,0,60.0,60.0,0.6666666666666666,1.0,1,0.0083333333333333,1.0
8023FE1A-D3B0-4E2C-A57A-9321B7FC755F,8023FE1A_s4,61359772-D8D8-480D-B623-7C636EAD0C81,trust_model,"{""theta"": 0.5971961900435787, ""gain"": 0.6, ""decay"": 0.05, ""tau_lo"": 0.4, ""tau_hi"": 0.6}",180,60,120,0.0333333333333333,0.025,2,3,60,120,2,1.11731843575419,0,60.0,61.0,0.6611111111111111,2.0,3,0.025,3.0
8023FE1A-D3B0-4E2C-A57A-9321B7FC755F,8023FE1A_s4,61359772-D8D8-480D-B623-7C636EAD0C81,sprt,"{""A"": 1, ""B"": 1, ""mu_gen"": 0.8952920280494556, ""sd_gen"": 0.05187162958652544, ""mu_imp"": 0.2432008775706875, ""sd_imp"": 0.1999079517029222}",180,60,120,0.0,0.0,0,0,60,120,2,1.11731843575419,0,60.0,60.0,0.6666666666666666,0.0,0,0.0,0.0
83CF687B-7CEC-434B-9FE8-00C3D5799BE6,83CF687B_s0,B9724848-C7E2-45F4-9B3F-A1F38D864495,instantaneous,"{""theta"": 0.8237468618656737}",180,60,120,0.0,0.0083333333333333,0,1,60,120,4,2.23463687150838,2,36.0,45.0,0.6611111111111111,0.0,1,0.0083333333333333,0.0
83CF687B-7CEC-434B-9FE8-00C3D5799BE6,83CF687B_s0,B9724848-C7E2-45F4-9B3F-A1F38D864495,moving_average,"{""theta"": 0.8238166765394488, ""w"": 3}",180,60,120,0.0166666666666666,0.0416666666666666,1,5,60,120,4,2.23463687150838,2,36.0,43.0,0.6444444444444445,1.0,5,0.0416666666666666,2.0
83CF687B-7CEC-434B-9FE8-00C3D5799BE6,83CF687B_s0,B9724848-C7E2-45F4-9B3F-A1F38D864495,ewma,"{""theta"": 0.8238960819158839, ""alpha"": 0.5}",180,60,120,0.0166666666666666,0.0833333333333333,1,10,60,120,4,2.23463687150838,0,36.0,41.0,0.6166666666666667,1.0,10,0.0833333333333333,5.0
83CF687B-7CEC-434B-9FE8-00C3D5799BE6,83CF687B_s0,B9724848-C7E2-45F4-9B3F-A1F38D864495,majority_vote,"{""theta"": 0.8238166765394488, ""w"": 10, ""k"": 8}",180,60,120,0.0333333333333333,0.0583333333333333,2,7,60,120,2,1.11731843575419,0,60.0,62.0,0.6388888888888888,2.0,7,0.0583333333333333,7.0
83CF687B-7CEC-434B-9FE8-00C3D5799BE6,83CF687B_s0,B9724848-C7E2-45F4-9B3F-A1F38D864495,debounce,"{""theta"": 0.9221601760176017, ""n"": 10}",180,60,120,0.0,0.925,0,111,60,120,1,0.5586592178770949,0,90.0,90.0,0.05,0.0,111,0.925,
83CF687B-7CEC-434B-9FE8-00C3D5799BE6,83CF687B_s0,B9724848-C7E2-45F4-9B3F-A1F38D864495,margin_dual_threshold,"{""theta"": 0.8476948936560322, ""margin"": 0.05}",180,60,120,0.0,0.2416666666666666,0,29,60,120,2,1.11731843575419,0,60.0,60.0,0.5055555555555555,0.0,29,0.2416666666666666,29.0
83CF687B-7CEC-434B-9FE8-00C3D5799BE6,83CF687B_s0,B9724848-C7E2-45F4-9B3F-A1F38D864495,hysteresis,"{""theta"": 0.943588375504217, ""margin"": 0.05, ""ttt_frames"": 10}",180,60,120,0.0,0.925,0,111,60,120,1,0.5586592178770949,0,90.0,90.0,0.05,0.0,111,0.925,
83CF687B-7CEC-434B-9FE8-00C3D5799BE6,83CF687B_s0,B9724848-C7E2-45F4-9B3F-A1F38D864495,trust_model,"{""theta"": 0.891778731206454, ""gain"": 0.6, ""decay"": 0.0, ""tau_lo"": 0.4, ""tau_hi"": 0.6}",180,60,120,0.0,0.875,0,105,60,120,1,0.5586592178770949,0,90.0,90.0,0.0833333333333333,0.0,105,0.875,
83CF687B-7CEC-434B-9FE8-00C3D5799BE6,83CF687B_s0,B9724848-C7E2-45F4-9B3F-A1F38D864495,sprt,"{""A"": 1, ""B"": 1, ""mu_gen"": 0.9143276596178137, ""sd_gen"": 0.050419623616135965, ""mu_imp"": 0.35220531312390496, ""sd_imp"": 0.30035672631292093}",180,60,120,0.05,0.0083333333333333,3,1,60,120,6,3.35195530726257,4,25.714285714285715,14.0,0.6777777777777778,1.0,1,0.0083333333333333,0.0
83CF687B-7CEC-434B-9FE8-00C3D5799BE6,83CF687B_s1,FDAA70A1-42A3-4E3F-9AE3-3FDA412E03BF,instantaneous,"{""theta"": 0.8237468618656737}",180,60,120,0.0,0.0,0,0,60,120,2,1.11731843575419,0,60.0,60.0,0.6666666666666666,0.0,0,0.0,0.0
83CF687B-7CEC-434B-9FE8-00C3D5799BE6,83CF687B_s1,FDAA70A1-42A3-4E3F-9AE3-3FDA412E03BF,moving_average,"{""theta"": 0.8238166765394488, ""w"": 3}",180,60,120,0.0,0.0166666666666666,0,2,60,120,2,1.11731843575419,0,60.0,60.0,0.6555555555555556,0.0,2,0.0166666666666666,2.0
83CF687B-7CEC-434B-9FE8-00C3D5799BE6,83CF687B_s1,FDAA70A1-42A3-4E3F-9AE3-3FDA412E03BF,ewma,"{""theta"": 0.8238960819158839, ""alpha"": 0.5}",180,60,120,0.0,0.0666666666666666,0,8,60,120,2,1.11731843575419,0,60.0,60.0,0.6222222222222222,0.0,8,0.0666666666666666,8.0
83CF687B-7CEC-434B-9FE8-00C3D5799BE6,83CF687B_s1,FDAA70A1-42A3-4E3F-9AE3-3FDA412E03BF,majority_vote,"{""theta"": 0.8238166765394488, ""w"": 10, ""k"": 8}",180,60,120,0.0333333333333333,0.0583333333333333,2,7,60,120,2,1.11731843575419,0,60.0,62.0,0.6388888888888888,2.0,7,0.0583333333333333,7.0
83CF687B-7CEC-434B-9FE8-00C3D5799BE6,83CF687B_s1,FDAA70A1-42A3-4E3F-9AE3-3FDA412E03BF,debounce,"{""theta"": 0.9221601760176017, ""n"": 10}",180,60,120,0.0,0.925,0,111,60,120,1,0.5586592178770949,0,90.0,90.0,0.05,0.0,111,0.925,
83CF687B-7CEC-434B-9FE8-00C3D5799BE6,83CF687B_s1,FDAA70A1-42A3-4E3F-9AE3-3FDA412E03BF,margin_dual_threshold,"{""theta"": 0.8476948936560322, ""margin"": 0.05}",180,60,120,0.0,0.4583333333333333,0,55,60,120,2,1.11731843575419,0,60.0,60.0,0.3611111111111111,0.0,55,0.4583333333333333,55.0
83CF687B-7CEC-434B-9FE8-00C3D5799BE6,83CF687B_s1,FDAA70A1-42A3-4E3F-9AE3-3FDA412E03BF,hysteresis,"{""theta"": 0.943588375504217, ""margin"": 0.05, ""ttt_frames"": 10}",180,60,120,0.0,0.925,0,111,60,120,1,0.5586592178770949,0,90.0,90.0,0.05,0.0,111,0.925,
83CF687B-7CEC-434B-9FE8-00C3D5799BE6,83CF687B_s1,FDAA70A1-42A3-4E3F-9AE3-3FDA412E03BF,trust_model,"{""theta"": 0.891778731206454, ""gain"": 0.6, ""decay"": 0.0, ""tau_lo"": 0.4, ""tau_hi"": 0.6}",180,60,120,0.0,0.875,0,105,60,120,1,0.5586592178770949,0,90.0,90.0,0.0833333333333333,0.0,105,0.875,
83CF687B-7CEC-434B-9FE8-00C3D5799BE6,83CF687B_s1,FDAA70A1-42A3-4E3F-9AE3-3FDA412E03BF,sprt,"{""A"": 1, ""B"": 1, ""mu_gen"": 0.9143276596178137, ""sd_gen"": 0.050419623616135965, ""mu_imp"": 0.35220531312390496, ""sd_imp"": 0.30035672631292093}",180,60,120,0.0,0.0,0,0,60,120,2,1.11731843575419,0,60.0,60.0,0.6666666666666666,0.0,0,0.0,0.0
83CF687B-7CEC-434B-9FE8-00C3D5799BE6,83CF687B_s2,A5CDF89D-02A2-4EC1-89F8-F534FDABDD96,instantaneous,"{""theta"": 0.8237468618656737}",180,60,120,0.0,0.0,0,0,60,120,2,1.11731843575419,0,60.0,60.0,0.6666666666666666,0.0,0,0.0,0.0
83CF687B-7CEC-434B-9FE8-00C3D5799BE6,83CF687B_s2,A5CDF89D-02A2-4EC1-89F8-F534FDABDD96,moving_average,"{""theta"": 0.8238166765394488, ""w"": 3}",180,60,120,0.0,0.0166666666666666,0,2,60,120,2,1.11731843575419,0,60.0,60.0,0.6555555555555556,0.0,2,0.0166666666666666,2.0
83CF687B-7CEC-434B-9FE8-00C3D5799BE6,83CF687B_s2,A5CDF89D-02A2-4EC1-89F8-F534FDABDD96,ewma,"{""theta"": 0.8238960819158839, ""alpha"": 0.5}",180,60,120,0.0,0.05,0,6,60,120,2,1.11731843575419,0,60.0,60.0,0.6333333333333333,0.0,6,0.05,6.0
83CF687B-7CEC-434B-9FE8-00C3D5799BE6,83CF687B_s2,A5CDF89D-02A2-4EC1-89F8-F534FDABDD96,majority_vote,"{""theta"": 0.8238166765394488, ""w"": 10, ""k"": 8}",180,60,120,0.0333333333333333,0.0583333333333333,2,7,60,120,2,1.11731843575419,0,60.0,62.0,0.6388888888888888,2.0,7,0.0583333333333333,7.0
83CF687B-7CEC-434B-9FE8-00C3D5799BE6,83CF687B_s2,A5CDF89D-02A2-4EC1-89F8-F534FDABDD96,debounce,"{""theta"": 0.9221601760176017, ""n"": 10}",180,60,120,0.15,0.5,9,60,60,120,1,0.5586592178770949,0,90.0,90.0,0.3833333333333333,9.0,60,0.5,
83CF687B-7CEC-434B-9FE8-00C3D5799BE6,83CF687B_s2,A5CDF89D-02A2-4EC1-89F8-F534FDABDD96,margin_dual_threshold,"{""theta"": 0.8476948936560322, ""margin"": 0.05}",180,60,120,0.0,0.1,0,12,60,120,2,1.11731843575419,0,60.0,60.0,0.6,0.0,12,0.1,12.0
83CF687B-7CEC-434B-9FE8-00C3D5799BE6,83CF687B_s2,A5CDF89D-02A2-4EC1-89F8-F534FDABDD96,hysteresis,"{""theta"": 0.943588375504217, ""margin"": 0.05, ""ttt_frames"": 10}",180,60,120,0.15,0.5,9,60,60,120,1,0.5586592178770949,0,90.0,90.0,0.3833333333333333,9.0,60,0.5,
83CF687B-7CEC-434B-9FE8-00C3D5799BE6,83CF687B_s2,A5CDF89D-02A2-4EC1-89F8-F534FDABDD96,trust_model,"{""theta"": 0.891778731206454, ""gain"": 0.6, ""decay"": 0.0, ""tau_lo"": 0.4, ""tau_hi"": 0.6}",180,60,120,0.0166666666666666,0.5,1,60,60,120,1,0.5586592178770949,0,90.0,90.0,0.3388888888888889,1.0,60,0.5,
83CF687B-7CEC-434B-9FE8-00C3D5799BE6,83CF687B_s2,A5CDF89D-02A2-4EC1-89F8-F534FDABDD96,sprt,"{""A"": 1, ""B"": 1, ""mu_gen"": 0.9143276596178137, ""sd_gen"": 0.050419623616135965, ""mu_imp"": 0.35220531312390496, ""sd_imp"": 0.30035672631292093}",180,60,120,0.0,0.0,0,0,60,120,2,1.11731843575419,0,60.0,60.0,0.6666666666666666,0.0,0,0.0,0.0
83CF687B-7CEC-434B-9FE8-00C3D5799BE6,83CF687B_s4,8023FE1A-D3B0-4E2C-A57A-9321B7FC755F,instantaneous,"{""theta"": 0.8237468618656737}",180,60,120,0.0,0.0,0,0,60,120,2,1.11731843575419,0,60.0,60.0,0.6666666666666666,0.0,0,0.0,0.0
83CF687B-7CEC-434B-9FE8-00C3D5799BE6,83CF687B_s4,8023FE1A-D3B0-4E2C-A57A-9321B7FC755F,moving_average,"{""theta"": 0.8238166765394488, ""w"": 3}",180,60,120,0.0,0.0166666666666666,0,2,60,120,2,1.11731843575419,0,60.0,60.0,0.6555555555555556,0.0,2,0.0166666666666666,2.0
83CF687B-7CEC-434B-9FE8-00C3D5799BE6,83CF687B_s4,8023FE1A-D3B0-4E2C-A57A-9321B7FC755F,ewma,"{""theta"": 0.8238960819158839, ""alpha"": 0.5}",180,60,120,0.0,0.0416666666666666,0,5,60,120,2,1.11731843575419,0,60.0,60.0,0.6388888888888888,0.0,5,0.0416666666666666,5.0
83CF687B-7CEC-434B-9FE8-00C3D5799BE6,83CF687B_s4,8023FE1A-D3B0-4E2C-A57A-9321B7FC755F,majority_vote,"{""theta"": 0.8238166765394488, ""w"": 10, ""k"": 8}",180,60,120,0.0333333333333333,0.0583333333333333,2,7,60,120,2,1.11731843575419,0,60.0,62.0,0.6388888888888888,2.0,7,0.0583333333333333,7.0
83CF687B-7CEC-434B-9FE8-00C3D5799BE6,83CF687B_s4,8023FE1A-D3B0-4E2C-A57A-9321B7FC755F,debounce,"{""theta"": 0.9221601760176017, ""n"": 10}",180,60,120,0.0,0.925,0,111,60,120,1,0.5586592178770949,0,90.0,90.0,0.05,0.0,111,0.925,
83CF687B-7CEC-434B-9FE8-00C3D5799BE6,83CF687B_s4,8023FE1A-D3B0-4E2C-A57A-9321B7FC755F,margin_dual_threshold,"{""theta"": 0.8476948936560322, ""margin"": 0.05}",180,60,120,0.0,0.0,0,0,60,120,2,1.11731843575419,0,60.0,60.0,0.6666666666666666,0.0,0,0.0,0.0
83CF687B-7CEC-434B-9FE8-00C3D5799BE6,83CF687B_s4,8023FE1A-D3B0-4E2C-A57A-9321B7FC755F,hysteresis,"{""theta"": 0.943588375504217, ""margin"": 0.05, ""ttt_frames"": 10}",180,60,120,0.0,0.925,0,111,60,120,1,0.5586592178770949,0,90.0,90.0,0.05,0.0,111,0.925,
83CF687B-7CEC-434B-9FE8-00C3D5799BE6,83CF687B_s4,8023FE1A-D3B0-4E2C-A57A-9321B7FC755F,trust_model,"{""theta"": 0.891778731206454, ""gain"": 0.6, ""decay"": 0.0, ""tau_lo"": 0.4, ""tau_hi"": 0.6}",180,60,120,0.0,0.7083333333333334,0,85,60,120,1,0.5586592178770949,0,90.0,90.0,0.1944444444444444,0.0,85,0.7083333333333334,
83CF687B-7CEC-434B-9FE8-00C3D5799BE6,83CF687B_s4,8023FE1A-D3B0-4E2C-A57A-9321B7FC755F,sprt,"{""A"": 1, ""B"": 1, ""mu_gen"": 0.9143276596178137, ""sd_gen"": 0.050419623616135965, ""mu_imp"": 0.35220531312390496, ""sd_imp"": 0.30035672631292093}",180,60,120,0.0166666666666666,0.0,1,0,60,120,4,2.23463687150838,2,36.0,55.0,0.6722222222222223,0.0,0,0.0,0.0
83CF687B-7CEC-434B-9FE8-00C3D5799BE6,83CF687B_s5,ECECC2AB-D32F-4F90-B74C-E12A1C69BBE2,instantaneous,"{""theta"": 0.8237468618656737}",180,60,120,0.0,0.0,0,0,60,120,2,1.11731843575419,0,60.0,60.0,0.6666666666666666,0.0,0,0.0,0.0
83CF687B-7CEC-434B-9FE8-00C3D5799BE6,83CF687B_s5,ECECC2AB-D32F-4F90-B74C-E12A1C69BBE2,moving_average,"{""theta"": 0.8238166765394488, ""w"": 3}",180,60,120,0.0,0.0166666666666666,0,2,60,120,2,1.11731843575419,0,60.0,60.0,0.6555555555555556,0.0,2,0.0166666666666666,2.0
83CF687B-7CEC-434B-9FE8-00C3D5799BE6,83CF687B_s5,ECECC2AB-D32F-4F90-B74C-E12A1C69BBE2,ewma,"{""theta"": 0.8238960819158839, ""alpha"": 0.5}",180,60,120,0.0,0.0583333333333333,0,7,60,120,2,1.11731843575419,0,60.0,60.0,0.6277777777777778,0.0,7,0.0583333333333333,7.0
83CF687B-7CEC-434B-9FE8-00C3D5799BE6,83CF687B_s5,ECECC2AB-D32F-4F90-B74C-E12A1C69BBE2,majority_vote,"{""theta"": 0.8238166765394488, ""w"": 10, ""k"": 8}",180,60,120,0.0333333333333333,0.0583333333333333,2,7,60,120,2,1.11731843575419,0,60.0,62.0,0.6388888888888888,2.0,7,0.0583333333333333,7.0
83CF687B-7CEC-434B-9FE8-00C3D5799BE6,83CF687B_s5,ECECC2AB-D32F-4F90-B74C-E12A1C69BBE2,debounce,"{""theta"": 0.9221601760176017, ""n"": 10}",180,60,120,0.0,0.925,0,111,60,120,1,0.5586592178770949,0,90.0,90.0,0.05,0.0,111,0.925,
83CF687B-7CEC-434B-9FE8-00C3D5799BE6,83CF687B_s5,ECECC2AB-D32F-4F90-B74C-E12A1C69BBE2,margin_dual_threshold,"{""theta"": 0.8476948936560322, ""margin"": 0.05}",180,60,120,0.0,0.1166666666666666,0,14,60,120,2,1.11731843575419,0,60.0,60.0,0.5888888888888889,0.0,14,0.1166666666666666,14.0
83CF687B-7CEC-434B-9FE8-00C3D5799BE6,83CF687B_s5,ECECC2AB-D32F-4F90-B74C-E12A1C69BBE2,hysteresis,"{""theta"": 0.943588375504217, ""margin"": 0.05, ""ttt_frames"": 10}",180,60,120,0.0,0.925,0,111,60,120,1,0.5586592178770949,0,90.0,90.0,0.05,0.0,111,0.925,
83CF687B-7CEC-434B-9FE8-00C3D5799BE6,83CF687B_s5,ECECC2AB-D32F-4F90-B74C-E12A1C69BBE2,trust_model,"{""theta"": 0.891778731206454, ""gain"": 0.6, ""decay"": 0.0, ""tau_lo"": 0.4, ""tau_hi"": 0.6}",180,60,120,0.0,0.875,0,105,60,120,1,0.5586592178770949,0,90.0,90.0,0.0833333333333333,0.0,105,0.875,
83CF687B-7CEC-434B-9FE8-00C3D5799BE6,83CF687B_s5,ECECC2AB-D32F-4F90-B74C-E12A1C69BBE2,sprt,"{""A"": 1, ""B"": 1, ""mu_gen"": 0.9143276596178137, ""sd_gen"": 0.050419623616135965, ""mu_imp"": 0.35220531312390496, ""sd_imp"": 0.30035672631292093}",180,60,120,0.0,0.0,0,0,60,120,2,1.11731843575419,0,60.0,60.0,0.6666666666666666,0.0,0,0.0,0.0
9759096F-1119-4E19-A0AD-6F16989C7E1C,9759096F_s0,7D9BB102-A612-4E2A-8E22-3159752F55D8,instantaneous,"{""theta"": 0.8467167730377338}",180,60,120,0.0,0.1083333333333333,0,13,60,120,15,8.379888268156424,12,11.25,1.0,0.5944444444444444,0.0,13,0.1083333333333333,0.0
9759096F-1119-4E19-A0AD-6F16989C7E1C,9759096F_s0,7D9BB102-A612-4E2A-8E22-3159752F55D8,moving_average,"{""theta"": 0.8419211174560519, ""w"": 5}",180,60,120,0.0166666666666666,0.1416666666666666,1,17,60,120,5,2.793296089385475,2,30.0,21.5,0.5777777777777777,1.0,17,0.1416666666666666,3.0
9759096F-1119-4E19-A0AD-6F16989C7E1C,9759096F_s0,7D9BB102-A612-4E2A-8E22-3159752F55D8,ewma,"{""theta"": 0.8423638170417647, ""alpha"": 0.5}",180,60,120,0.0,0.15,0,18,60,120,7,3.910614525139665,4,22.5,14.0,0.5666666666666667,0.0,18,0.15,1.0
9759096F-1119-4E19-A0AD-6F16989C7E1C,9759096F_s0,7D9BB102-A612-4E2A-8E22-3159752F55D8,majority_vote,"{""theta"": 0.8491266375545852, ""w"": 3, ""k"": 2}",180,60,120,0.0166666666666666,0.1083333333333333,1,13,60,120,11,6.145251396648045,8,15.0,1.5,0.6,1.0,13,0.1083333333333333,1.0
9759096F-1119-4E19-A0AD-6F16989C7E1C,9759096F_s0,7D9BB102-A612-4E2A-8E22-3159752F55D8,debounce,"{""theta"": 0.853963721867652, ""n"": 3}",180,60,120,0.0333333333333333,0.1166666666666666,2,14,60,120,3,1.675977653631285,0,45.0,53.0,0.6,2.0,14,0.1166666666666666,2.0
9759096F-1119-4E19-A0AD-6F16989C7E1C,9759096F_s0,7D9BB102-A612-4E2A-8E22-3159752F55D8,margin_dual_threshold,"{""theta"": 0.8254184861717613, ""margin"": 0.1}",180,60,120,0.0,0.1083333333333333,0,13,60,120,15,8.379888268156424,12,11.25,1.0,0.5944444444444444,0.0,13,0.1083333333333333,0.0
9759096F-1119-4E19-A0AD-6F16989C7E1C,9759096F_s0,7D9BB102-A612-4E2A-8E22-3159752F55D8,hysteresis,"{""theta"": 0.923596424672489, ""margin"": 0.05, ""ttt_frames"": 10}",180,60,120,0.0,0.55,0,66,60,120,1,0.5586592178770949,0,90.0,90.0,0.3,0.0,66,0.55,
9759096F-1119-4E19-A0AD-6F16989C7E1C,9759096F_s0,7D9BB102-A612-4E2A-8E22-3159752F55D8,trust_model,"{""theta"": 0.8564382487963274, ""gain"": 0.6, ""decay"": 0.2, ""tau_lo"": 0.4, ""tau_hi"": 0.6}",180,60,120,0.0166666666666666,0.1583333333333333,1,19,60,120,3,1.675977653631285,0,45.0,51.0,0.5666666666666667,1.0,19,0.1583333333333333,7.0
9759096F-1119-4E19-A0AD-6F16989C7E1C,9759096F_s0,7D9BB102-A612-4E2A-8E22-3159752F55D8,sprt,"{""A"": 1, ""B"": 2, ""mu_gen"": 0.8912520974850395, ""sd_gen"": 0.07469961346851997, ""mu_imp"": 0.39810645115639653, ""sd_imp"": 0.27539003875536977}",180,60,120,0.0,0.0416666666666666,0,5,60,120,4,2.23463687150838,0,36.0,47.0,0.6388888888888888,0.0,5,0.0416666666666666,0.0
9759096F-1119-4E19-A0AD-6F16989C7E1C,9759096F_s1,A5CDF89D-02A2-4EC1-89F8-F534FDABDD96,instantaneous,"{""theta"": 0.8467167730377338}",180,60,120,0.0,0.075,0,9,60,120,6,3.35195530726257,2,25.714285714285715,10.0,0.6166666666666667,0.0,9,0.075,0.0
9759096F-1119-4E19-A0AD-6F16989C7E1C,9759096F_s1,A5CDF89D-02A2-4EC1-89F8-F534FDABDD96,moving_average,"{""theta"": 0.8419211174560519, ""w"": 5}",180,60,120,0.0333333333333333,0.1083333333333333,2,13,60,120,6,3.35195530726257,2,25.714285714285715,9.0,0.6055555555555555,2.0,13,0.1083333333333333,4.0
9759096F-1119-4E19-A0AD-6F16989C7E1C,9759096F_s1,A5CDF89D-02A2-4EC1-89F8-F534FDABDD96,ewma,"{""theta"": 0.8423638170417647, ""alpha"": 0.5}",180,60,120,0.0,0.1,0,12,60,120,6,3.35195530726257,2,25.714285714285715,9.0,0.6,0.0,12,0.1,2.0
9759096F-1119-4E19-A0AD-6F16989C7E1C,9759096F_s1,A5CDF89D-02A2-4EC1-89F8-F534FDABDD96,majority_vote,"{""theta"": 0.8491266375545852, ""w"": 3, ""k"": 2}",180,60,120,0.0166666666666666,0.0833333333333333,1,10,60,120,6,3.35195530726257,2,25.714285714285715,10.0,0.6166666666666667,1.0,10,0.0833333333333333,1.0
9759096F-1119-4E19-A0AD-6F16989C7E1C,9759096F_s1,A5CDF89D-02A2-4EC1-89F8-F534FDABDD96,debounce,"{""theta"": 0.853963721867652, ""n"": 3}",180,60,120,0.0333333333333333,0.075,2,9,60,120,4,2.23463687150838,0,36.0,33.0,0.6277777777777778,2.0,9,0.075,2.0
9759096F-1119-4E19-A0AD-6F16989C7E1C,9759096F_s1,A5CDF89D-02A2-4EC1-89F8-F534FDABDD96,margin_dual_threshold,"{""theta"": 0.8254184861717613, ""margin"": 0.1}",180,60,120,0.0,0.05,0,6,60,120,6,3.35195530726257,4,25.714285714285715,10.0,0.6333333333333333,0.0,6,0.05,0.0
9759096F-1119-4E19-A0AD-6F16989C7E1C,9759096F_s1,A5CDF89D-02A2-4EC1-89F8-F534FDABDD96,hysteresis,"{""theta"": 0.923596424672489, ""margin"": 0.05, ""ttt_frames"": 10}",180,60,120,0.15,0.5,9,60,60,120,1,0.5586592178770949,0,90.0,90.0,0.3833333333333333,9.0,60,0.5,
9759096F-1119-4E19-A0AD-6F16989C7E1C,9759096F_s1,A5CDF89D-02A2-4EC1-89F8-F534FDABDD96,trust_model,"{""theta"": 0.8564382487963274, ""gain"": 0.6, ""decay"": 0.2, ""tau_lo"": 0.4, ""tau_hi"": 0.6}",180,60,120,0.0333333333333333,0.2166666666666666,2,26,60,120,4,2.23463687150838,0,36.0,29.0,0.5333333333333333,2.0,26,0.2166666666666666,8.0
9759096F-1119-4E19-A0AD-6F16989C7E1C,9759096F_s1,A5CDF89D-02A2-4EC1-89F8-F534FDABDD96,sprt,"{""A"": 1, ""B"": 2, ""mu_gen"": 0.8912520974850395, ""sd_gen"": 0.07469961346851997, ""mu_imp"": 0.39810645115639653, ""sd_imp"": 0.27539003875536977}",180,60,120,0.0,0.025,0,3,60,120,4,2.23463687150838,2,36.0,37.0,0.65,0.0,3,0.025,0.0
9759096F-1119-4E19-A0AD-6F16989C7E1C,9759096F_s2,098A72A5-E3E5-4F54-A152-BBDA0DF7B694,instantaneous,"{""theta"": 0.8467167730377338}",180,60,120,0.0,0.0,0,0,60,120,2,1.11731843575419,0,60.0,60.0,0.6666666666666666,0.0,0,0.0,0.0
9759096F-1119-4E19-A0AD-6F16989C7E1C,9759096F_s2,098A72A5-E3E5-4F54-A152-BBDA0DF7B694,moving_average,"{""theta"": 0.8419211174560519, ""w"": 5}",180,60,120,0.0333333333333333,0.0166666666666666,2,2,60,120,2,1.11731843575419,0,60.0,60.0,0.6666666666666666,2.0,2,0.0166666666666666,2.0
9759096F-1119-4E19-A0AD-6F16989C7E1C,9759096F_s2,098A72A5-E3E5-4F54-A152-BBDA0DF7B694,ewma,"{""theta"": 0.8423638170417647, ""alpha"": 0.5}",180,60,120,0.0,0.0083333333333333,0,1,60,120,2,1.11731843575419,0,60.0,60.0,0.6611111111111111,0.0,1,0.0083333333333333,1.0
9759096F-1119-4E19-A0AD-6F16989C7E1C,9759096F_s2,098A72A5-E3E5-4F54-A152-BBDA0DF7B694,majority_vote,"{""theta"": 0.8491266375545852, ""w"": 3, ""k"": 2}",180,60,120,0.0166666666666666,0.0083333333333333,1,1,60,120,2,1.11731843575419,0,60.0,60.0,0.6666666666666666,1.0,1,0.0083333333333333,1.0
9759096F-1119-4E19-A0AD-6F16989C7E1C,9759096F_s2,098A72A5-E3E5-4F54-A152-BBDA0DF7B694,debounce,"{""theta"": 0.853963721867652, ""n"": 3}",180,60,120,0.0333333333333333,0.0166666666666666,2,2,60,120,2,1.11731843575419,0,60.0,60.0,0.6666666666666666,2.0,2,0.0166666666666666,2.0
9759096F-1119-4E19-A0AD-6F16989C7E1C,9759096F_s2,098A72A5-E3E5-4F54-A152-BBDA0DF7B694,margin_dual_threshold,"{""theta"": 0.8254184861717613, ""margin"": 0.1}",180,60,120,0.0,0.0,0,0,60,120,2,1.11731843575419,0,60.0,60.0,0.6666666666666666,0.0,0,0.0,0.0
9759096F-1119-4E19-A0AD-6F16989C7E1C,9759096F_s2,098A72A5-E3E5-4F54-A152-BBDA0DF7B694,hysteresis,"{""theta"": 0.923596424672489, ""margin"": 0.05, ""ttt_frames"": 10}",180,60,120,0.15,0.075,9,9,60,120,2,1.11731843575419,0,60.0,60.0,0.6666666666666666,9.0,9,0.075,9.0
9759096F-1119-4E19-A0AD-6F16989C7E1C,9759096F_s2,098A72A5-E3E5-4F54-A152-BBDA0DF7B694,trust_model,"{""theta"": 0.8564382487963274, ""gain"": 0.6, ""decay"": 0.2, ""tau_lo"": 0.4, ""tau_hi"": 0.6}",180,60,120,0.05,0.0333333333333333,3,4,60,120,2,1.11731843575419,0,60.0,61.0,0.6611111111111111,3.0,4,0.0333333333333333,4.0
9759096F-1119-4E19-A0AD-6F16989C7E1C,9759096F_s2,098A72A5-E3E5-4F54-A152-BBDA0DF7B694,sprt,"{""A"": 1, ""B"": 2, ""mu_gen"": 0.8912520974850395, ""sd_gen"": 0.07469961346851997, ""mu_imp"": 0.39810645115639653, ""sd_imp"": 0.27539003875536977}",180,60,120,0.0,0.0,0,0,60,120,2,1.11731843575419,0,60.0,60.0,0.6666666666666666,0.0,0,0.0,0.0
9759096F-1119-4E19-A0AD-6F16989C7E1C,9759096F_s3,A7599A50-24AE-46A6-8EA6-2576F1011D81,instantaneous,"{""theta"": 0.8467167730377338}",180,60,120,0.0,0.3916666666666666,0,47,60,120,6,3.35195530726257,2,25.714285714285715,11.0,0.4055555555555555,0.0,47,0.3916666666666666,0.0
9759096F-1119-4E19-A0AD-6F16989C7E1C,9759096F_s3,A7599A50-24AE-46A6-8EA6-2576F1011D81,moving_average,"{""theta"": 0.8419211174560519, ""w"": 5}",180,60,120,0.0,0.425,0,51,60,120,3,1.675977653631285,0,45.0,53.5,0.3833333333333333,0.0,51,0.425,4.0
9759096F-1119-4E19-A0AD-6F16989C7E1C,9759096F_s3,A7599A50-24AE-46A6-8EA6-2576F1011D81,ewma,"{""theta"": 0.8423638170417647, ""alpha"": 0.5}",180,60,120,0.0,0.425,0,51,60,120,3,1.675977653631285,0,45.0,54.5,0.3833333333333333,0.0,51,0.425,2.0
9759096F-1119-4E19-A0AD-6F16989C7E1C,9759096F_s3,A7599A50-24AE-46A6-8EA6-2576F1011D81,majority_vote,"{""theta"": 0.8491266375545852, ""w"": 3, ""k"": 2}",180,60,120,0.0166666666666666,0.4083333333333333,1,49,60,120,3,1.675977653631285,0,45.0,54.0,0.4,1.0,49,0.4083333333333333,1.0
9759096F-1119-4E19-A0AD-6F16989C7E1C,9759096F_s3,A7599A50-24AE-46A6-8EA6-2576F1011D81,debounce,"{""theta"": 0.853963721867652, ""n"": 3}",180,60,120,0.0333333333333333,0.4083333333333333,2,49,60,120,3,1.675977653631285,0,45.0,53.5,0.4055555555555555,2.0,49,0.4083333333333333,2.0
9759096F-1119-4E19-A0AD-6F16989C7E1C,9759096F_s3,A7599A50-24AE-46A6-8EA6-2576F1011D81,margin_dual_threshold,"{""theta"": 0.8254184861717613, ""margin"": 0.1}",180,60,120,0.0,0.4,0,48,60,120,4,2.23463687150838,0,36.0,48.0,0.4,0.0,48,0.4,0.0
9759096F-1119-4E19-A0AD-6F16989C7E1C,9759096F_s3,A7599A50-24AE-46A6-8EA6-2576F1011D81,hysteresis,"{""theta"": 0.923596424672489, ""margin"": 0.05, ""ttt_frames"": 10}",180,60,120,0.15,0.5,9,60,60,120,1,0.5586592178770949,0,90.0,90.0,0.3833333333333333,9.0,60,0.5,
9759096F-1119-4E19-A0AD-6F16989C7E1C,9759096F_s3,A7599A50-24AE-46A6-8EA6-2576F1011D81,trust_model,"{""theta"": 0.8564382487963274, ""gain"": 0.6, ""decay"": 0.2, ""tau_lo"": 0.4, ""tau_hi"": 0.6}",180,60,120,0.0,0.4416666666666666,0,53,60,120,3,1.675977653631285,0,45.0,53.5,0.3722222222222222,0.0,53,0.4416666666666666,6.0
9759096F-1119-4E19-A0AD-6F16989C7E1C,9759096F_s3,A7599A50-24AE-46A6-8EA6-2576F1011D81,sprt,"{""A"": 1, ""B"": 2, ""mu_gen"": 0.8912520974850395, ""sd_gen"": 0.07469961346851997, ""mu_imp"": 0.39810645115639653, ""sd_imp"": 0.27539003875536977}",180,60,120,0.0,0.3916666666666666,0,47,60,120,4,2.23463687150838,0,36.0,47.0,0.4055555555555555,0.0,47,0.3916666666666666,0.0
9759096F-1119-4E19-A0AD-6F16989C7E1C,9759096F_s4,78A91A4E-4A51-4065-BDA7-94755F0BB3BB,instantaneous,"{""theta"": 0.8467167730377338}",180,60,120,0.9166666666666666,0.4416666666666666,55,53,60,120,14,7.82122905027933,10,12.0,5.0,0.6777777777777778,40.0,53,0.4416666666666666,0.0
9759096F-1119-4E19-A0AD-6F16989C7E1C,9759096F_s4,78A91A4E-4A51-4065-BDA7-94755F0BB3BB,moving_average,"{""theta"": 0.8419211174560519, ""w"": 5}",180,60,120,0.95,0.45,57,54,60,120,4,2.23463687150838,2,36.0,7.0,0.6833333333333333,0.0,54,0.45,0.0
9759096F-1119-4E19-A0AD-6F16989C7E1C,9759096F_s4,78A91A4E-4A51-4065-BDA7-94755F0BB3BB,ewma,"{""theta"": 0.8423638170417647, ""alpha"": 0.5}",180,60,120,0.95,0.4666666666666667,57,56,60,120,8,4.46927374301676,4,20.0,4.0,0.6722222222222223,,56,0.4666666666666667,0.0
9759096F-1119-4E19-A0AD-6F16989C7E1C,9759096F_s4,78A91A4E-4A51-4065-BDA7-94755F0BB3BB,majority_vote,"{""theta"": 0.8491266375545852, ""w"": 3, ""k"": 2}",180,60,120,0.9333333333333332,0.4333333333333333,56,52,60,120,6,3.35195530726257,2,25.714285714285715,5.0,0.6888888888888889,41.0,52,0.4333333333333333,0.0
9759096F-1119-4E19-A0AD-6F16989C7E1C,9759096F_s4,78A91A4E-4A51-4065-BDA7-94755F0BB3BB,debounce,"{""theta"": 0.853963721867652, ""n"": 3}",180,60,120,0.75,0.425,45,51,60,120,6,3.35195530726257,0,25.714285714285715,14.0,0.6333333333333333,0.0,51,0.425,0.0
9759096F-1119-4E19-A0AD-6F16989C7E1C,9759096F_s4,78A91A4E-4A51-4065-BDA7-94755F0BB3BB,margin_dual_threshold,"{""theta"": 0.8254184861717613, ""margin"": 0.1}",180,60,120,0.4833333333333333,0.4583333333333333,29,55,60,120,6,3.35195530726257,2,25.714285714285715,5.0,0.5222222222222223,0.0,55,0.4583333333333333,0.0
9759096F-1119-4E19-A0AD-6F16989C7E1C,9759096F_s4,78A91A4E-4A51-4065-BDA7-94755F0BB3BB,hysteresis,"{""theta"": 0.923596424672489, ""margin"": 0.05, ""ttt_frames"": 10}",180,60,120,0.0,0.4833333333333333,0,58,60,120,2,1.11731843575419,0,60.0,51.0,0.3444444444444444,0.0,58,0.4833333333333333,9.0
9759096F-1119-4E19-A0AD-6F16989C7E1C,9759096F_s4,78A91A4E-4A51-4065-BDA7-94755F0BB3BB,trust_model,"{""theta"": 0.8564382487963274, ""gain"": 0.6, ""decay"": 0.2, ""tau_lo"": 0.4, ""tau_hi"": 0.6}",180,60,120,0.0,0.4666666666666667,0,56,60,120,2,1.11731843575419,0,60.0,59.0,0.3555555555555555,0.0,56,0.4666666666666667,1.0
9759096F-1119-4E19-A0AD-6F16989C7E1C,9759096F_s4,78A91A4E-4A51-4065-BDA7-94755F0BB3BB,sprt,"{""A"": 1, ""B"": 2, ""mu_gen"": 0.8912520974850395, ""sd_gen"": 0.07469961346851997, ""mu_imp"": 0.39810645115639653, ""sd_imp"": 0.27539003875536977}",180,60,120,1.0,0.425,60,51,60,120,6,3.35195530726257,4,25.714285714285715,3.0,0.7166666666666667,,51,0.425,0.0
9759096F-1119-4E19-A0AD-6F16989C7E1C,9759096F_s5,665514DE-49DC-421F-8DCB-145D0B2609AD,instantaneous,"{""theta"": 0.8467167730377338}",180,60,120,0.0,0.3583333333333333,0,43,60,120,7,3.910614525139665,4,22.5,11.5,0.4277777777777777,0.0,43,0.3583333333333333,0.0
9759096F-1119-4E19-A0AD-6F16989C7E1C,9759096F_s5,665514DE-49DC-421F-8DCB-145D0B2609AD,moving_average,"{""theta"": 0.8419211174560519, ""w"": 5}",180,60,120,0.0,0.4083333333333333,0,49,60,120,3,1.675977653631285,0,45.0,52.5,0.3944444444444444,0.0,49,0.4083333333333333,4.0
9759096F-1119-4E19-A0AD-6F16989C7E1C,9759096F_s5,665514DE-49DC-421F-8DCB-145D0B2609AD,ewma,"{""theta"": 0.8423638170417647, ""alpha"": 0.5}",180,60,120,0.0,0.4,0,48,60,120,3,1.675977653631285,0,45.0,52.5,0.4,0.0,48,0.4,3.0
9759096F-1119-4E19-A0AD-6F16989C7E1C,9759096F_s5,665514DE-49DC-421F-8DCB-145D0B2609AD,majority_vote,"{""theta"": 0.8491266375545852, ""w"": 3, ""k"": 2}",180,60,120,0.0166666666666666,0.3666666666666666,1,44,60,120,5,2.793296089385475,2,30.0,25.0,0.4277777777777777,1.0,44,0.3666666666666666,1.0
9759096F-1119-4E19-A0AD-6F16989C7E1C,9759096F_s5,665514DE-49DC-421F-8DCB-145D0B2609AD,debounce,"{""theta"": 0.853963721867652, ""n"": 3}",180,60,120,0.0333333333333333,0.375,2,45,60,120,3,1.675977653631285,0,45.0,51.5,0.4277777777777777,2.0,45,0.375,2.0
9759096F-1119-4E19-A0AD-6F16989C7E1C,9759096F_s5,665514DE-49DC-421F-8DCB-145D0B2609AD,margin_dual_threshold,"{""theta"": 0.8254184861717613, ""margin"": 0.1}",180,60,120,0.0,0.375,0,45,60,120,3,1.675977653631285,0,45.0,52.5,0.4166666666666667,0.0,45,0.375,0.0
9759096F-1119-4E19-A0AD-6F16989C7E1C,9759096F_s5,665514DE-49DC-421F-8DCB-145D0B2609AD,hysteresis,"{""theta"": 0.923596424672489, ""margin"": 0.05, ""ttt_frames"": 10}",180,60,120,0.15,0.5,9,60,60,120,1,0.5586592178770949,0,90.0,90.0,0.3833333333333333,9.0,60,0.5,
9759096F-1119-4E19-A0AD-6F16989C7E1C,9759096F_s5,665514DE-49DC-421F-8DCB-145D0B2609AD,trust_model,"{""theta"": 0.8564382487963274, ""gain"": 0.6, ""decay"": 0.2, ""tau_lo"": 0.4, ""tau_hi"": 0.6}",180,60,120,0.0166666666666666,0.5,1,60,60,120,1,0.5586592178770949,0,90.0,90.0,0.3388888888888889,1.0,60,0.5,
9759096F-1119-4E19-A0AD-6F16989C7E1C,9759096F_s5,665514DE-49DC-421F-8DCB-145D0B2609AD,sprt,"{""A"": 1, ""B"": 2, ""mu_gen"": 0.8912520974850395, ""sd_gen"": 0.07469961346851997, ""mu_imp"": 0.39810645115639653, ""sd_imp"": 0.27539003875536977}",180,60,120,0.0,0.325,0,39,60,120,7,3.910614525139665,2,22.5,10.0,0.45,0.0,39,0.325,0.0
9DC38D04-E82E-4F29-AB52-B476535226F2,9DC38D04_s0,61976C24-1C50-4355-9C49-AAE44A7D09F6,instantaneous,"{""theta"": 0.63870587490593}",180,60,120,0.6,0.0,36,0,60,120,24,13.40782122905028,23,7.2,2.0,0.8666666666666667,5.0,0,0.0,0.0
9DC38D04-E82E-4F29-AB52-B476535226F2,9DC38D04_s0,61976C24-1C50-4355-9C49-AAE44A7D09F6,moving_average,"{""theta"": 0.853969132303191, ""w"": 20}",180,60,120,0.0333333333333333,0.375,2,45,60,120,11,6.145251396648045,7,15.0,4.0,0.4277777777777777,2.0,45,0.375,19.0
9DC38D04-E82E-4F29-AB52-B476535226F2,9DC38D04_s0,61976C24-1C50-4355-9C49-AAE44A7D09F6,ewma,"{""theta"": 0.65933563556312, ""alpha"": 0.5}",180,60,120,0.4333333333333333,0.0,26,0,60,120,14,7.82122905027933,8,12.0,4.0,0.8111111111111111,5.0,0,0.0,0.0
9DC38D04-E82E-4F29-AB52-B476535226F2,9DC38D04_s0,61976C24-1C50-4355-9C49-AAE44A7D09F6,majority_vote,"{""theta"": 0.6836457754552294, ""w"": 3, ""k"": 2}",180,60,120,0.55,0.0083333333333333,33,1,60,120,12,6.70391061452514,6,13.846153846153848,5.0,0.8444444444444444,6.0,1,0.0083333333333333,1.0
9DC38D04-E82E-4F29-AB52-B476535226F2,9DC38D04_s0,61976C24-1C50-4355-9C49-AAE44A7D09F6,debounce,"{""theta"": 0.6836457754552294, ""n"": 3}",180,60,120,0.6166666666666667,0.0166666666666666,37,2,60,120,8,4.46927374301676,2,20.0,12.0,0.8611111111111112,7.0,2,0.0166666666666666,2.0
9DC38D04-E82E-4F29-AB52-B476535226F2,9DC38D04_s0,61976C24-1C50-4355-9C49-AAE44A7D09F6,margin_dual_threshold,"{""theta"": 0.650645022893354, ""margin"": 0.05}",180,60,120,0.5166666666666667,0.0,31,0,60,120,16,8.938547486033519,12,10.588235294117649,4.0,0.8388888888888889,5.0,0,0.0,0.0
9DC38D04-E82E-4F29-AB52-B476535226F2,9DC38D04_s0,61976C24-1C50-4355-9C49-AAE44A7D09F6,hysteresis,"{""theta"": 0.9948913870348358, ""margin"": 0.05, ""ttt_frames"": 10}",180,60,120,0.0,0.925,0,111,60,120,1,0.5586592178770949,0,90.0,90.0,0.05,0.0,111,0.925,
9DC38D04-E82E-4F29-AB52-B476535226F2,9DC38D04_s0,61976C24-1C50-4355-9C49-AAE44A7D09F6,trust_model,"{""theta"": 0.6913171239476442, ""gain"": 0.6, ""decay"": 0.2, ""tau_lo"": 0.4, ""tau_hi"": 0.6}",180,60,120,0.1166666666666666,0.0333333333333333,7,4,60,120,2,1.11731843575419,0,60.0,57.0,0.6833333333333333,7.0,4,0.0333333333333333,4.0
9DC38D04-E82E-4F29-AB52-B476535226F2,9DC38D04_s0,61976C24-1C50-4355-9C49-AAE44A7D09F6,sprt,"{""A"": 1, ""B"": 16, ""mu_gen"": 0.9344784015523249, ""sd_gen"": 0.0456543120178509, ""mu_imp"": 0.382670953846779, ""sd_imp"": 0.17814743270383632}",180,60,120,0.0666666666666666,0.0,4,0,60,120,2,1.11731843575419,0,60.0,60.0,0.6888888888888889,4.0,0,0.0,0.0
9DC38D04-E82E-4F29-AB52-B476535226F2,9DC38D04_s1,ECECC2AB-D32F-4F90-B74C-E12A1C69BBE2,instantaneous,"{""theta"": 0.63870587490593}",180,60,120,0.3,0.0,18,0,60,120,20,11.1731843575419,19,8.571428571428571,2.0,0.7666666666666667,0.0,0,0.0,0.0
9DC38D04-E82E-4F29-AB52-B476535226F2,9DC38D04_s1,ECECC2AB-D32F-4F90-B74C-E12A1C69BBE2,moving_average,"{""theta"": 0.853969132303191, ""w"": 20}",180,60,120,0.0,0.3833333333333333,0,46,60,120,4,2.23463687150838,0,36.0,27.0,0.4111111111111111,0.0,46,0.3833333333333333,19.0
9DC38D04-E82E-4F29-AB52-B476535226F2,9DC38D04_s1,ECECC2AB-D32F-4F90-B74C-E12A1C69BBE2,ewma,"{""theta"": 0.65933563556312, ""alpha"": 0.5}",180,60,120,0.1,0.0,6,0,60,120,4,2.23463687150838,0,36.0,38.0,0.7,1.0,0,0.0,0.0
9DC38D04-E82E-4F29-AB52-B476535226F2,9DC38D04_s1,ECECC2AB-D32F-4F90-B74C-E12A1C69BBE2,majority_vote,"{""theta"": 0.6836457754552294, ""w"": 3, ""k"": 2}",180,60,120,0.1,0.0083333333333333,6,1,60,120,6,3.35195530726257,2,25.714285714285715,9.0,0.6944444444444444,1.0,1,0.0083333333333333,1.0
9DC38D04-E82E-4F29-AB52-B476535226F2,9DC38D04_s1,ECECC2AB-D32F-4F90-B74C-E12A1C69BBE2,debounce,"{""theta"": 0.6836457754552294, ""n"": 3}",180,60,120,0.1,0.0166666666666666,6,2,60,120,4,2.23463687150838,0,36.0,40.0,0.6888888888888889,2.0,2,0.0166666666666666,2.0
9DC38D04-E82E-4F29-AB52-B476535226F2,9DC38D04_s1,ECECC2AB-D32F-4F90-B74C-E12A1C69BBE2,margin_dual_threshold,"{""theta"": 0.650645022893354, ""margin"": 0.05}",180,60,120,0.3,0.0,18,0,60,120,16,8.938547486033519,15,10.588235294117649,3.0,0.7666666666666667,0.0,0,0.0,0.0
9DC38D04-E82E-4F29-AB52-B476535226F2,9DC38D04_s1,ECECC2AB-D32F-4F90-B74C-E12A1C69BBE2,hysteresis,"{""theta"": 0.9948913870348358, ""margin"": 0.05, ""ttt_frames"": 10}",180,60,120,0.0,0.925,0,111,60,120,1,0.5586592178770949,0,90.0,90.0,0.05,0.0,111,0.925,
9DC38D04-E82E-4F29-AB52-B476535226F2,9DC38D04_s1,ECECC2AB-D32F-4F90-B74C-E12A1C69BBE2,trust_model,"{""theta"": 0.6913171239476442, ""gain"": 0.6, ""decay"": 0.2, ""tau_lo"": 0.4, ""tau_hi"": 0.6}",180,60,120,0.0833333333333333,0.025,5,3,60,120,2,1.11731843575419,0,60.0,58.0,0.6777777777777778,5.0,3,0.025,3.0
9DC38D04-E82E-4F29-AB52-B476535226F2,9DC38D04_s1,ECECC2AB-D32F-4F90-B74C-E12A1C69BBE2,sprt,"{""A"": 1, ""B"": 16, ""mu_gen"": 0.9344784015523249, ""sd_gen"": 0.0456543120178509, ""mu_imp"": 0.382670953846779, ""sd_imp"": 0.17814743270383632}",180,60,120,0.0,0.0,0,0,60,120,2,1.11731843575419,0,60.0,60.0,0.6666666666666666,0.0,0,0.0,0.0
9DC38D04-E82E-4F29-AB52-B476535226F2,9DC38D04_s2,806289BC-AD52-4CC1-806C-0CDB14D65EB6,instantaneous,"{""theta"": 0.63870587490593}",180,60,120,0.0,0.0,0,0,60,120,2,1.11731843575419,0,60.0,60.0,0.6666666666666666,0.0,0,0.0,0.0
9DC38D04-E82E-4F29-AB52-B476535226F2,9DC38D04_s2,806289BC-AD52-4CC1-806C-0CDB14D65EB6,moving_average,"{""theta"": 0.853969132303191, ""w"": 20}",180,60,120,0.0,0.25,0,30,60,120,4,2.23463687150838,0,36.0,37.0,0.5,0.0,30,0.25,17.0
9DC38D04-E82E-4F29-AB52-B476535226F2,9DC38D04_s2,806289BC-AD52-4CC1-806C-0CDB14D65EB6,ewma,"{""theta"": 0.65933563556312, ""alpha"": 0.5}",180,60,120,0.0,0.0083333333333333,0,1,60,120,2,1.11731843575419,0,60.0,60.0,0.6611111111111111,0.0,1,0.0083333333333333,1.0
9DC38D04-E82E-4F29-AB52-B476535226F2,9DC38D04_s2,806289BC-AD52-4CC1-806C-0CDB14D65EB6,majority_vote,"{""theta"": 0.6836457754552294, ""w"": 3, ""k"": 2}",180,60,120,0.0166666666666666,0.0083333333333333,1,1,60,120,2,1.11731843575419,0,60.0,60.0,0.6666666666666666,1.0,1,0.0083333333333333,1.0
9DC38D04-E82E-4F29-AB52-B476535226F2,9DC38D04_s2,806289BC-AD52-4CC1-806C-0CDB14D65EB6,debounce,"{""theta"": 0.6836457754552294, ""n"": 3}",180,60,120,0.0333333333333333,0.0166666666666666,2,2,60,120,2,1.11731843575419,0,60.0,60.0,0.6666666666666666,2.0,2,0.0166666666666666,2.0
9DC38D04-E82E-4F29-AB52-B476535226F2,9DC38D04_s2,806289BC-AD52-4CC1-806C-0CDB14D65EB6,margin_dual_threshold,"{""theta"": 0.650645022893354, ""margin"": 0.05}",180,60,120,0.0,0.0,0,0,60,120,2,1.11731843575419,0,60.0,60.0,0.6666666666666666,0.0,0,0.0,0.0
9DC38D04-E82E-4F29-AB52-B476535226F2,9DC38D04_s2,806289BC-AD52-4CC1-806C-0CDB14D65EB6,hysteresis,"{""theta"": 0.9948913870348358, ""margin"": 0.05, ""ttt_frames"": 10}",180,60,120,0.0,0.925,0,111,60,120,1,0.5586592178770949,0,90.0,90.0,0.05,0.0,111,0.925,
9DC38D04-E82E-4F29-AB52-B476535226F2,9DC38D04_s2,806289BC-AD52-4CC1-806C-0CDB14D65EB6,trust_model,"{""theta"": 0.6913171239476442, ""gain"": 0.6, ""decay"": 0.2, ""tau_lo"": 0.4, ""tau_hi"": 0.6}",180,60,120,0.0166666666666666,0.025,1,3,60,120,2,1.11731843575419,0,60.0,61.0,0.6555555555555556,1.0,3,0.025,3.0
9DC38D04-E82E-4F29-AB52-B476535226F2,9DC38D04_s2,806289BC-AD52-4CC1-806C-0CDB14D65EB6,sprt,"{""A"": 1, ""B"": 16, ""mu_gen"": 0.9344784015523249, ""sd_gen"": 0.0456543120178509, ""mu_imp"": 0.382670953846779, ""sd_imp"": 0.17814743270383632}",180,60,120,0.0,0.0,0,0,60,120,2,1.11731843575419,0,60.0,60.0,0.6666666666666666,0.0,0,0.0,0.0
9DC38D04-E82E-4F29-AB52-B476535226F2,9DC38D04_s3,A7599A50-24AE-46A6-8EA6-2576F1011D81,instantaneous,"{""theta"": 0.63870587490593}",180,60,120,0.0,0.0,0,0,60,120,2,1.11731843575419,0,60.0,60.0,0.6666666666666666,0.0,0,0.0,0.0
9DC38D04-E82E-4F29-AB52-B476535226F2,9DC38D04_s3,A7599A50-24AE-46A6-8EA6-2576F1011D81,moving_average,"{""theta"": 0.853969132303191, ""w"": 20}",180,60,120,0.0,0.2083333333333333,0,25,60,120,9,5.027932960893855,6,18.0,4.0,0.5277777777777778,0.0,25,0.2083333333333333,17.0
9DC38D04-E82E-4F29-AB52-B476535226F2,9DC38D04_s3,A7599A50-24AE-46A6-8EA6-2576F1011D81,ewma,"{""theta"": 0.65933563556312, ""alpha"": 0.5}",180,60,120,0.0,0.0083333333333333,0,1,60,120,2,1.11731843575419,0,60.0,60.0,0.6611111111111111,0.0,1,0.0083333333333333,1.0
9DC38D04-E82E-4F29-AB52-B476535226F2,9DC38D04_s3,A7599A50-24AE-46A6-8EA6-2576F1011D81,majority_vote,"{""theta"": 0.6836457754552294, ""w"": 3, ""k"": 2}",180,60,120,0.0166666666666666,0.0083333333333333,1,1,60,120,2,1.11731843575419,0,60.0,60.0,0.6666666666666666,1.0,1,0.0083333333333333,1.0
9DC38D04-E82E-4F29-AB52-B476535226F2,9DC38D04_s3,A7599A50-24AE-46A6-8EA6-2576F1011D81,debounce,"{""theta"": 0.6836457754552294, ""n"": 3}",180,60,120,0.0333333333333333,0.0166666666666666,2,2,60,120,2,1.11731843575419,0,60.0,60.0,0.6666666666666666,2.0,2,0.0166666666666666,2.0
9DC38D04-E82E-4F29-AB52-B476535226F2,9DC38D04_s3,A7599A50-24AE-46A6-8EA6-2576F1011D81,margin_dual_threshold,"{""theta"": 0.650645022893354, ""margin"": 0.05}",180,60,120,0.0,0.0,0,0,60,120,2,1.11731843575419,0,60.0,60.0,0.6666666666666666,0.0,0,0.0,0.0
9DC38D04-E82E-4F29-AB52-B476535226F2,9DC38D04_s3,A7599A50-24AE-46A6-8EA6-2576F1011D81,hysteresis,"{""theta"": 0.9948913870348358, ""margin"": 0.05, ""ttt_frames"": 10}",180,60,120,0.0,0.925,0,111,60,120,1,0.5586592178770949,0,90.0,90.0,0.05,0.0,111,0.925,
9DC38D04-E82E-4F29-AB52-B476535226F2,9DC38D04_s3,A7599A50-24AE-46A6-8EA6-2576F1011D81,trust_model,"{""theta"": 0.6913171239476442, ""gain"": 0.6, ""decay"": 0.2, ""tau_lo"": 0.4, ""tau_hi"": 0.6}",180,60,120,0.0166666666666666,0.0166666666666666,1,2,60,120,2,1.11731843575419,0,60.0,61.0,0.6611111111111111,1.0,2,0.0166666666666666,2.0
9DC38D04-E82E-4F29-AB52-B476535226F2,9DC38D04_s3,A7599A50-24AE-46A6-8EA6-2576F1011D81,sprt,"{""A"": 1, ""B"": 16, ""mu_gen"": 0.9344784015523249, ""sd_gen"": 0.0456543120178509, ""mu_imp"": 0.382670953846779, ""sd_imp"": 0.17814743270383632}",180,60,120,0.0,0.0,0,0,60,120,2,1.11731843575419,0,60.0,60.0,0.6666666666666666,0.0,0,0.0,0.0
9DC38D04-E82E-4F29-AB52-B476535226F2,9DC38D04_s4,4E98F91F-4654-42EF-B908-A3389443F2E7,instantaneous,"{""theta"": 0.63870587490593}",180,60,120,0.0,0.0,0,0,60,120,2,1.11731843575419,0,60.0,60.0,0.6666666666666666,0.0,0,0.0,0.0
9DC38D04-E82E-4F29-AB52-B476535226F2,9DC38D04_s4,4E98F91F-4654-42EF-B908-A3389443F2E7,moving_average,"{""theta"": 0.853969132303191, ""w"": 20}",180,60,120,0.0166666666666666,0.2833333333333333,1,34,60,120,2,1.11731843575419,0,60.0,61.0,0.4833333333333333,1.0,34,0.2833333333333333,34.0
9DC38D04-E82E-4F29-AB52-B476535226F2,9DC38D04_s4,4E98F91F-4654-42EF-B908-A3389443F2E7,ewma,"{""theta"": 0.65933563556312, ""alpha"": 0.5}",180,60,120,0.0,0.0166666666666666,0,2,60,120,2,1.11731843575419,0,60.0,60.0,0.6555555555555556,0.0,2,0.0166666666666666,2.0
9DC38D04-E82E-4F29-AB52-B476535226F2,9DC38D04_s4,4E98F91F-4654-42EF-B908-A3389443F2E7,majority_vote,"{""theta"": 0.6836457754552294, ""w"": 3, ""k"": 2}",180,60,120,0.0166666666666666,0.0083333333333333,1,1,60,120,2,1.11731843575419,0,60.0,60.0,0.6666666666666666,1.0,1,0.0083333333333333,1.0
9DC38D04-E82E-4F29-AB52-B476535226F2,9DC38D04_s4,4E98F91F-4654-42EF-B908-A3389443F2E7,debounce,"{""theta"": 0.6836457754552294, ""n"": 3}",180,60,120,0.0333333333333333,0.0166666666666666,2,2,60,120,2,1.11731843575419,0,60.0,60.0,0.6666666666666666,2.0,2,0.0166666666666666,2.0
9DC38D04-E82E-4F29-AB52-B476535226F2,9DC38D04_s4,4E98F91F-4654-42EF-B908-A3389443F2E7,margin_dual_threshold,"{""theta"": 0.650645022893354, ""margin"": 0.05}",180,60,120,0.0,0.0,0,0,60,120,2,1.11731843575419,0,60.0,60.0,0.6666666666666666,0.0,0,0.0,0.0
9DC38D04-E82E-4F29-AB52-B476535226F2,9DC38D04_s4,4E98F91F-4654-42EF-B908-A3389443F2E7,hysteresis,"{""theta"": 0.9948913870348358, ""margin"": 0.05, ""ttt_frames"": 10}",180,60,120,0.0,0.925,0,111,60,120,1,0.5586592178770949,0,90.0,90.0,0.05,0.0,111,0.925,
9DC38D04-E82E-4F29-AB52-B476535226F2,9DC38D04_s4,4E98F91F-4654-42EF-B908-A3389443F2E7,trust_model,"{""theta"": 0.6913171239476442, ""gain"": 0.6, ""decay"": 0.2, ""tau_lo"": 0.4, ""tau_hi"": 0.6}",180,60,120,0.0166666666666666,0.0333333333333333,1,4,60,120,2,1.11731843575419,0,60.0,61.0,0.65,1.0,4,0.0333333333333333,4.0
9DC38D04-E82E-4F29-AB52-B476535226F2,9DC38D04_s4,4E98F91F-4654-42EF-B908-A3389443F2E7,sprt,"{""A"": 1, ""B"": 16, ""mu_gen"": 0.9344784015523249, ""sd_gen"": 0.0456543120178509, ""mu_imp"": 0.382670953846779, ""sd_imp"": 0.17814743270383632}",180,60,120,0.0,0.0,0,0,60,120,2,1.11731843575419,0,60.0,60.0,0.6666666666666666,0.0,0,0.0,0.0
9DC38D04-E82E-4F29-AB52-B476535226F2,9DC38D04_s5,CF722AA9-2533-4E51-9FEB-9EAC84EE9AAC,instantaneous,"{""theta"": 0.63870587490593}",180,60,120,0.9,0.0,54,0,60,120,6,3.35195530726257,5,25.714285714285715,2.0,0.9666666666666668,0.0,0,0.0,0.0
9DC38D04-E82E-4F29-AB52-B476535226F2,9DC38D04_s5,CF722AA9-2533-4E51-9FEB-9EAC84EE9AAC,moving_average,"{""theta"": 0.853969132303191, ""w"": 20}",180,60,120,0.05,0.1166666666666666,3,14,60,120,2,1.11731843575419,0,60.0,63.0,0.6055555555555555,3.0,14,0.1166666666666666,14.0
9DC38D04-E82E-4F29-AB52-B476535226F2,9DC38D04_s5,CF722AA9-2533-4E51-9FEB-9EAC84EE9AAC,ewma,"{""theta"": 0.65933563556312, ""alpha"": 0.5}",180,60,120,0.8833333333333333,0.0,53,0,60,120,4,2.23463687150838,3,36.0,6.0,0.9611111111111112,1.0,0,0.0,0.0
9DC38D04-E82E-4F29-AB52-B476535226F2,9DC38D04_s5,CF722AA9-2533-4E51-9FEB-9EAC84EE9AAC,majority_vote,"{""theta"": 0.6836457754552294, ""w"": 3, ""k"": 2}",180,60,120,0.85,0.0,51,0,60,120,4,2.23463687150838,3,36.0,6.0,0.95,1.0,0,0.0,0.0
9DC38D04-E82E-4F29-AB52-B476535226F2,9DC38D04_s5,CF722AA9-2533-4E51-9FEB-9EAC84EE9AAC,debounce,"{""theta"": 0.6836457754552294, ""n"": 3}",180,60,120,0.8333333333333334,0.0,50,0,60,120,2,1.11731843575419,0,60.0,62.0,0.9444444444444444,2.0,0,0.0,0.0
9DC38D04-E82E-4F29-AB52-B476535226F2,9DC38D04_s5,CF722AA9-2533-4E51-9FEB-9EAC84EE9AAC,margin_dual_threshold,"{""theta"": 0.650645022893354, ""margin"": 0.05}",180,60,120,0.9,0.0,54,0,60,120,4,2.23463687150838,2,36.0,5.0,0.9666666666666668,0.0,0,0.0,0.0
9DC38D04-E82E-4F29-AB52-B476535226F2,9DC38D04_s5,CF722AA9-2533-4E51-9FEB-9EAC84EE9AAC,hysteresis,"{""theta"": 0.9948913870348358, ""margin"": 0.05, ""ttt_frames"": 10}",180,60,120,0.0,0.925,0,111,60,120,1,0.5586592178770949,0,90.0,90.0,0.05,0.0,111,0.925,
9DC38D04-E82E-4F29-AB52-B476535226F2,9DC38D04_s5,CF722AA9-2533-4E51-9FEB-9EAC84EE9AAC,trust_model,"{""theta"": 0.6913171239476442, ""gain"": 0.6, ""decay"": 0.2, ""tau_lo"": 0.4, ""tau_hi"": 0.6}",180,60,120,0.8333333333333334,0.0,50,0,60,120,2,1.11731843575419,0,60.0,63.0,0.9444444444444444,3.0,0,0.0,0.0
9DC38D04-E82E-4F29-AB52-B476535226F2,9DC38D04_s5,CF722AA9-2533-4E51-9FEB-9EAC84EE9AAC,sprt,"{""A"": 1, ""B"": 16, ""mu_gen"": 0.9344784015523249, ""sd_gen"": 0.0456543120178509, ""mu_imp"": 0.382670953846779, ""sd_imp"": 0.17814743270383632}",180,60,120,0.0166666666666666,0.0,1,0,60,120,2,1.11731843575419,0,60.0,60.0,0.6722222222222223,0.0,0,0.0,0.0
A5CDF89D-02A2-4EC1-89F8-F534FDABDD96,A5CDF89D_s0,481F4DD2-7689-43B9-A2AA-C8772227162B,instantaneous,"{""theta"": 0.849195502773089}",180,60,120,0.0,0.0,0,0,60,120,2,1.1173184357541899,0,60.0,60.0,0.6666666666666666,0.0,0,0.0,0.0
A5CDF89D-02A2-4EC1-89F8-F534FDABDD96,A5CDF89D_s0,481F4DD2-7689-43B9-A2AA-C8772227162B,moving_average,"{""theta"": 0.8481577043646009, ""w"": 5}",180,60,120,0.0,0.03333333333333333,0,4,60,120,2,1.1173184357541899,0,60.0,60.0,0.6444444444444445,0.0,4,0.03333333333333333,4.0
A5CDF89D-02A2-4EC1-89F8-F534FDABDD96,A5CDF89D_s0,481F4DD2-7689-43B9-A2AA-C8772227162B,ewma,"{""theta"": 0.8454025500361706, ""alpha"": 0.3}",180,60,120,0.0,0.058333333333333334,0,7,60,120,2,1.1173184357541899,0,60.0,60.0,0.6277777777777778,0.0,7,0.058333333333333334,7.0
A5CDF89D-02A2-4EC1-89F8-F534FDABDD96,A5CDF89D_s0,481F4DD2-7689-43B9-A2AA-C8772227162B,majority_vote,"{""theta"": 0.852281317820111, ""w"": 3, ""k"": 2}",180,60,120,0.016666666666666666,0.008333333333333333,1,1,60,120,2,1.1173184357541899,0,60.0,60.0,0.6666666666666666,1.0,1,0.008333333333333333,1.0
A5CDF89D-02A2-4EC1-89F8-F534FDABDD96,A5CDF89D_s0,481F4DD2-7689-43B9-A2AA-C8772227162B,debounce,"{""theta"": 0.8508500120569086, ""n"": 2}",180,60,120,0.016666666666666666,0.008333333333333333,1,1,60,120,2,1.1173184357541899,0,60.0,60.0,0.6666666666666666,1.0,1,0.008333333333333333,1.0
A5CDF89D-02A2-4EC1-89F8-F534FDABDD96,A5CDF89D_s0,481F4DD2-7689-43B9-A2AA-C8772227162B,margin_dual_threshold,"{""theta"": 0.8356757897275138, ""margin"": 0.05}",180,60,120,0.0,0.0,0,0,60,120,2,1.1173184357541899,0,60.0,60.0,0.6666666666666666,0.0,0,0.0,0.0
A5CDF89D-02A2-4EC1-89F8-F534FDABDD96,A5CDF89D_s0,481F4DD2-7689-43B9-A2AA-C8772227162B,hysteresis,"{""theta"": 0.8411282252230526, ""margin"": 0.05, ""ttt_frames"": 2}",180,60,120,0.016666666666666666,0.008333333333333333,1,1,60,120,2,1.1173184357541899,0,60.0,60.0,0.6666666666666666,1.0,1,0.008333333333333333,1.0
A5CDF89D-02A2-4EC1-89F8-F534FDABDD96,A5CDF89D_s0,481F4DD2-7689-43B9-A2AA-C8772227162B,trust_model,"{""theta"": 0.8411282252230526, ""gain"": 0.6, ""decay"": 0.2, ""tau_lo"": 0.4, ""tau_hi"": 0.6}",180,60,120,0.0,0.06666666666666667,0,8,60,120,2,1.1173184357541899,0,60.0,60.0,0.6222222222222222,0.0,8,0.06666666666666667,8.0
A5CDF89D-02A2-4EC1-89F8-F534FDABDD96,A5CDF89D_s0,481F4DD2-7689-43B9-A2AA-C8772227162B,sprt,"{""A"": 16, ""B"": 16, ""mu_gen"": 0.9496489681295717, ""sd_gen"": 0.0318483394591966, ""mu_imp"": 0.48088808342041095, ""sd_imp"": 0.2484505196286247}",180,60,120,0.0,0.05,0,6,60,120,2,1.1173184357541899,0,60.0,60.0,0.6333333333333333,0.0,6,0.05,6.0
A5CDF89D-02A2-4EC1-89F8-F534FDABDD96,A5CDF89D_s1,806289BC-AD52-4CC1-806C-0CDB14D65EB6,instantaneous,"{""theta"": 0.849195502773089}",180,60,120,0.0,0.0,0,0,60,120,2,1.1173184357541899,0,60.0,60.0,0.6666666666666666,0.0,0,0.0,0.0
A5CDF89D-02A2-4EC1-89F8-F534FDABDD96,A5CDF89D_s1,806289BC-AD52-4CC1-806C-0CDB14D65EB6,moving_average,"{""theta"": 0.8481577043646009, ""w"": 5}",180,60,120,0.0,0.03333333333333333,0,4,60,120,2,1.1173184357541899,0,60.0,60.0,0.6444444444444445,0.0,4,0.03333333333333333,4.0
A5CDF89D-02A2-4EC1-89F8-F534FDABDD96,A5CDF89D_s1,806289BC-AD52-4CC1-806C-0CDB14D65EB6,ewma,"{""theta"": 0.8454025500361706, ""alpha"": 0.3}",180,60,120,0.0,0.05,0,6,60,120,2,1.1173184357541899,0,60.0,60.0,0.6333333333333333,0.0,6,0.05,6.0
A5CDF89D-02A2-4EC1-89F8-F534FDABDD96,A5CDF89D_s1,806289BC-AD52-4CC1-806C-0CDB14D65EB6,majority_vote,"{""theta"": 0.852281317820111, ""w"": 3, ""k"": 2}",180,60,120,0.016666666666666666,0.008333333333333333,1,1,60,120,2,1.1173184357541899,0,60.0,60.0,0.6666666666666666,1.0,1,0.008333333333333333,1.0
A5CDF89D-02A2-4EC1-89F8-F534FDABDD96,A5CDF89D_s1,806289BC-AD52-4CC1-806C-0CDB14D65EB6,debounce,"{""theta"": 0.8508500120569086, ""n"": 2}",180,60,120,0.016666666666666666,0.008333333333333333,1,1,60,120,2,1.1173184357541899,0,60.0,60.0,0.6666666666666666,1.0,1,0.008333333333333333,1.0
A5CDF89D-02A2-4EC1-89F8-F534FDABDD96,A5CDF89D_s1,806289BC-AD52-4CC1-806C-0CDB14D65EB6,margin_dual_threshold,"{""theta"": 0.8356757897275138, ""margin"": 0.05}",180,60,120,0.0,0.0,0,0,60,120,2,1.1173184357541899,0,60.0,60.0,0.6666666666666666,0.0,0,0.0,0.0
A5CDF89D-02A2-4EC1-89F8-F534FDABDD96,A5CDF89D_s1,806289BC-AD52-4CC1-806C-0CDB14D65EB6,hysteresis,"{""theta"": 0.8411282252230526, ""margin"": 0.05, ""ttt_frames"": 2}",180,60,120,0.016666666666666666,0.008333333333333333,1,1,60,120,2,1.1173184357541899,0,60.0,60.0,0.6666666666666666,1.0,1,0.008333333333333333,1.0
A5CDF89D-02A2-4EC1-89F8-F534FDABDD96,A5CDF89D_s1,806289BC-AD52-4CC1-806C-0CDB14D65EB6,trust_model,"{""theta"": 0.8411282252230526, ""gain"": 0.6, ""decay"": 0.2, ""tau_lo"": 0.4, ""tau_hi"": 0.6}",180,60,120,0.0,0.058333333333333334,0,7,60,120,2,1.1173184357541899,0,60.0,60.0,0.6277777777777778,0.0,7,0.058333333333333334,7.0
A5CDF89D-02A2-4EC1-89F8-F534FDABDD96,A5CDF89D_s1,806289BC-AD52-4CC1-806C-0CDB14D65EB6,sprt,"{""A"": 16, ""B"": 16, ""mu_gen"": 0.9496489681295717, ""sd_gen"": 0.0318483394591966, ""mu_imp"": 0.48088808342041095, ""sd_imp"": 0.2484505196286247}",180,60,120,0.0,0.041666666666666664,0,5,60,120,2,1.1173184357541899,0,60.0,60.0,0.6388888888888888,0.0,5,0.041666666666666664,5.0
A5CDF89D-02A2-4EC1-89F8-F534FDABDD96,A5CDF89D_s2,A7599A50-24AE-46A6-8EA6-2576F1011D81,instantaneous,"{""theta"": 0.849195502773089}",180,60,120,0.0,0.0,0,0,60,120,2,1.1173184357541899,0,60.0,60.0,0.6666666666666666,0.0,0,0.0,0.0
A5CDF89D-02A2-4EC1-89F8-F534FDABDD96,A5CDF89D_s2,A7599A50-24AE-46A6-8EA6-2576F1011D81,moving_average,"{""theta"": 0.8481577043646009, ""w"": 5}",180,60,120,0.0,0.03333333333333333,0,4,60,120,2,1.1173184357541899,0,60.0,60.0,0.6444444444444445,0.0,4,0.03333333333333333,4.0
A5CDF89D-02A2-4EC1-89F8-F534FDABDD96,A5CDF89D_s2,A7599A50-24AE-46A6-8EA6-2576F1011D81,ewma,"{""theta"": 0.8454025500361706, ""alpha"": 0.3}",180,60,120,0.0,0.05,0,6,60,120,2,1.1173184357541899,0,60.0,60.0,0.6333333333333333,0.0,6,0.05,6.0
A5CDF89D-02A2-4EC1-89F8-F534FDABDD96,A5CDF89D_s2,A7599A50-24AE-46A6-8EA6-2576F1011D81,majority_vote,"{""theta"": 0.852281317820111, ""w"": 3, ""k"": 2}",180,60,120,0.016666666666666666,0.008333333333333333,1,1,60,120,2,1.1173184357541899,0,60.0,60.0,0.6666666666666666,1.0,1,0.008333333333333333,1.0
A5CDF89D-02A2-4EC1-89F8-F534FDABDD96,A5CDF89D_s2,A7599A50-24AE-46A6-8EA6-2576F1011D81,debounce,"{""theta"": 0.8508500120569086, ""n"": 2}",180,60,120,0.016666666666666666,0.008333333333333333,1,1,60,120,2,1.1173184357541899,0,60.0,60.0,0.6666666666666666,1.0,1,0.008333333333333333,1.0
A5CDF89D-02A2-4EC1-89F8-F534FDABDD96,A5CDF89D_s2,A7599A50-24AE-46A6-8EA6-2576F1011D81,margin_dual_threshold,"{""theta"": 0.8356757897275138, ""margin"": 0.05}",180,60,120,0.0,0.0,0,0,60,120,2,1.1173184357541899,0,60.0,60.0,0.6666666666666666,0.0,0,0.0,0.0
A5CDF89D-02A2-4EC1-89F8-F534FDABDD96,A5CDF89D_s2,A7599A50-24AE-46A6-8EA6-2576F1011D81,hysteresis,"{""theta"": 0.8411282252230526, ""margin"": 0.05, ""ttt_frames"": 2}",180,60,120,0.016666666666666666,0.008333333333333333,1,1,60,120,2,1.1173184357541899,0,60.0,60.0,0.6666666666666666,1.0,1,0.008333333333333333,1.0
A5CDF89D-02A2-4EC1-89F8-F534FDABDD96,A5CDF89D_s2,A7599A50-24AE-46A6-8EA6-2576F1011D81,trust_model,"{""theta"": 0.8411282252230526, ""gain"": 0.6, ""decay"": 0.2, ""tau_lo"": 0.4, ""tau_hi"": 0.6}",180,60,120,0.0,0.06666666666666667,0,8,60,120,2,1.1173184357541899,0,60.0,60.0,0.6222222222222222,0.0,8,0.06666666666666667,8.0
A5CDF89D-02A2-4EC1-89F8-F534FDABDD96,A5CDF89D_s2,A7599A50-24AE-46A6-8EA6-2576F1011D81,sprt,"{""A"": 16, ""B"": 16, ""mu_gen"": 0.9496489681295717, ""sd_gen"": 0.0318483394591966, ""mu_imp"": 0.48088808342041095, ""sd_imp"": 0.2484505196286247}",180,60,120,0.0,0.05,0,6,60,120,2,1.1173184357541899,0,60.0,60.0,0.6333333333333333,0.0,6,0.05,6.0
A5CDF89D-02A2-4EC1-89F8-F534FDABDD96,A5CDF89D_s3,61976C24-1C50-4355-9C49-AAE44A7D09F6,instantaneous,"{""theta"": 0.849195502773089}",180,60,120,0.13333333333333333,0.0,8,0,60,120,6,3.35195530726257,3,25.714285714285715,6.0,0.7111111111111111,0.0,0,0.0,0.0
A5CDF89D-02A2-4EC1-89F8-F534FDABDD96,A5CDF89D_s3,61976C24-1C50-4355-9C49-AAE44A7D09F6,moving_average,"{""theta"": 0.8481577043646009, ""w"": 5}",180,60,120,0.06666666666666667,0.008333333333333333,4,1,60,120,4,2.2346368715083798,2,36.0,49.0,0.6833333333333333,1.0,1,0.008333333333333333,1.0
A5CDF89D-02A2-4EC1-89F8-F534FDABDD96,A5CDF89D_s3,61976C24-1C50-4355-9C49-AAE44A7D09F6,ewma,"{""theta"": 0.8454025500361706, ""alpha"": 0.3}",180,60,120,0.05,0.008333333333333333,3,1,60,120,4,2.2346368715083798,2,36.0,49.0,0.6777777777777778,1.0,1,0.008333333333333333,1.0
A5CDF89D-02A2-4EC1-89F8-F534FDABDD96,A5CDF89D_s3,61976C24-1C50-4355-9C49-AAE44A7D09F6,majority_vote,"{""theta"": 0.852281317820111, ""w"": 3, ""k"": 2}",180,60,120,0.08333333333333333,0.008333333333333333,5,1,60,120,6,3.35195530726257,4,25.714285714285715,9.0,0.6888888888888889,1.0,1,0.008333333333333333,1.0
A5CDF89D-02A2-4EC1-89F8-F534FDABDD96,A5CDF89D_s3,61976C24-1C50-4355-9C49-AAE44A7D09F6,debounce,"{""theta"": 0.8508500120569086, ""n"": 2}",180,60,120,0.16666666666666666,0.008333333333333333,10,1,60,120,4,2.2346368715083798,0,36.0,45.0,0.7166666666666667,1.0,1,0.008333333333333333,1.0
A5CDF89D-02A2-4EC1-89F8-F534FDABDD96,A5CDF89D_s3,61976C24-1C50-4355-9C49-AAE44A7D09F6,margin_dual_threshold,"{""theta"": 0.8356757897275138, ""margin"": 0.05}",180,60,120,0.1,0.0,6,0,60,120,4,2.2346368715083798,0,36.0,48.0,0.7,0.0,0,0.0,0.0
A5CDF89D-02A2-4EC1-89F8-F534FDABDD96,A5CDF89D_s3,61976C24-1C50-4355-9C49-AAE44A7D09F6,hysteresis,"{""theta"": 0.8411282252230526, ""margin"": 0.05, ""ttt_frames"": 2}",180,60,120,0.016666666666666666,0.008333333333333333,1,1,60,120,2,1.1173184357541899,0,60.0,60.0,0.6666666666666666,1.0,1,0.008333333333333333,1.0
A5CDF89D-02A2-4EC1-89F8-F534FDABDD96,A5CDF89D_s3,61976C24-1C50-4355-9C49-AAE44A7D09F6,trust_model,"{""theta"": 0.8411282252230526, ""gain"": 0.6, ""decay"": 0.2, ""tau_lo"": 0.4, ""tau_hi"": 0.6}",180,60,120,0.3,0.041666666666666664,18,5,60,120,2,1.1173184357541899,0,60.0,55.0,0.7388888888888889,18.0,5,0.041666666666666664,5.0
A5CDF89D-02A2-4EC1-89F8-F534FDABDD96,A5CDF89D_s3,61976C24-1C50-4355-9C49-AAE44A7D09F6,sprt,"{""A"": 16, ""B"": 16, ""mu_gen"": 0.9496489681295717, ""sd_gen"": 0.0318483394591966, ""mu_imp"": 0.48088808342041095, ""sd_imp"": 0.2484505196286247}",180,60,120,0.0,0.075,0,9,60,120,2,1.1173184357541899,0,60.0,60.0,0.6166666666666667,0.0,9,0.075,9.0
A5CDF89D-02A2-4EC1-89F8-F534FDABDD96,A5CDF89D_s4,33A85C34-CFE4-4732-9E73-0A7AC861B27A,instantaneous,"{""theta"": 0.849195502773089}",180,60,120,0.0,0.0,0,0,60,120,2,1.1173184357541899,0,60.0,60.0,0.6666666666666666,0.0,0,0.0,0.0
A5CDF89D-02A2-4EC1-89F8-F534FDABDD96,A5CDF89D_s4,33A85C34-CFE4-4732-9E73-0A7AC861B27A,moving_average,"{""theta"": 0.8481577043646009, ""w"": 5}",180,60,120,0.0,0.03333333333333333,0,4,60,120,2,1.1173184357541899,0,60.0,60.0,0.6444444444444445,0.0,4,0.03333333333333333,4.0
A5CDF89D-02A2-4EC1-89F8-F534FDABDD96,A5CDF89D_s4,33A85C34-CFE4-4732-9E73-0A7AC861B27A,ewma,"{""theta"": 0.8454025500361706, ""alpha"": 0.3}",180,60,120,0.0,0.06666666666666667,0,8,60,120,2,1.1173184357541899,0,60.0,60.0,0.6222222222222222,0.0,8,0.06666666666666667,8.0
A5CDF89D-02A2-4EC1-89F8-F534FDABDD96,A5CDF89D_s4,33A85C34-CFE4-4732-9E73-0A7AC861B27A,majority_vote,"{""theta"": 0.852281317820111, ""w"": 3, ""k"": 2}",180,60,120,0.016666666666666666,0.008333333333333333,1,1,60,120,2,1.1173184357541899,0,60.0,60.0,0.6666666666666666,1.0,1,0.008333333333333333,1.0
A5CDF89D-02A2-4EC1-89F8-F534FDABDD96,A5CDF89D_s4,33A85C34-CFE4-4732-9E73-0A7AC861B27A,debounce,"{""theta"": 0.8508500120569086, ""n"": 2}",180,60,120,0.016666666666666666,0.008333333333333333,1,1,60,120,2,1.1173184357541899,0,60.0,60.0,0.6666666666666666,1.0,1,0.008333333333333333,1.0
A5CDF89D-02A2-4EC1-89F8-F534FDABDD96,A5CDF89D_s4,33A85C34-CFE4-4732-9E73-0A7AC861B27A,margin_dual_threshold,"{""theta"": 0.8356757897275138, ""margin"": 0.05}",180,60,120,0.0,0.0,0,0,60,120,2,1.1173184357541899,0,60.0,60.0,0.6666666666666666,0.0,0,0.0,0.0
A5CDF89D-02A2-4EC1-89F8-F534FDABDD96,A5CDF89D_s4,33A85C34-CFE4-4732-9E73-0A7AC861B27A,hysteresis,"{""theta"": 0.8411282252230526, ""margin"": 0.05, ""ttt_frames"": 2}",180,60,120,0.016666666666666666,0.008333333333333333,1,1,60,120,2,1.1173184357541899,0,60.0,60.0,0.6666666666666666,1.0,1,0.008333333333333333,1.0
A5CDF89D-02A2-4EC1-89F8-F534FDABDD96,A5CDF89D_s4,33A85C34-CFE4-4732-9E73-0A7AC861B27A,trust_model,"{""theta"": 0.8411282252230526, ""gain"": 0.6, ""decay"": 0.2, ""tau_lo"": 0.4, ""tau_hi"": 0.6}",180,60,120,0.0,0.1,0,12,60,120,2,1.1173184357541899,0,60.0,60.0,0.6,0.0,12,0.1,12.0
A5CDF89D-02A2-4EC1-89F8-F534FDABDD96,A5CDF89D_s4,33A85C34-CFE4-4732-9E73-0A7AC861B27A,sprt,"{""A"": 16, ""B"": 16, ""mu_gen"": 0.9496489681295717, ""sd_gen"": 0.0318483394591966, ""mu_imp"": 0.48088808342041095, ""sd_imp"": 0.2484505196286247}",180,60,120,0.0,0.075,0,9,60,120,2,1.1173184357541899,0,60.0,60.0,0.6166666666666667,0.0,9,0.075,9.0
A5CDF89D-02A2-4EC1-89F8-F534FDABDD96,A5CDF89D_s5,00EABED2-271D-49D8-B599-1D4A09240601,instantaneous,"{""theta"": 0.849195502773089}",180,60,120,0.0,0.0,0,0,60,120,2,1.1173184357541899,0,60.0,60.0,0.6666666666666666,0.0,0,0.0,0.0
A5CDF89D-02A2-4EC1-89F8-F534FDABDD96,A5CDF89D_s5,00EABED2-271D-49D8-B599-1D4A09240601,moving_average,"{""theta"": 0.8481577043646009, ""w"": 5}",180,60,120,0.0,0.03333333333333333,0,4,60,120,2,1.1173184357541899,0,60.0,60.0,0.6444444444444445,0.0,4,0.03333333333333333,4.0
A5CDF89D-02A2-4EC1-89F8-F534FDABDD96,A5CDF89D_s5,00EABED2-271D-49D8-B599-1D4A09240601,ewma,"{""theta"": 0.8454025500361706, ""alpha"": 0.3}",180,60,120,0.0,0.041666666666666664,0,5,60,120,2,1.1173184357541899,0,60.0,60.0,0.6388888888888888,0.0,5,0.041666666666666664,5.0
A5CDF89D-02A2-4EC1-89F8-F534FDABDD96,A5CDF89D_s5,00EABED2-271D-49D8-B599-1D4A09240601,majority_vote,"{""theta"": 0.852281317820111, ""w"": 3, ""k"": 2}",180,60,120,0.016666666666666666,0.008333333333333333,1,1,60,120,2,1.1173184357541899,0,60.0,60.0,0.6666666666666666,1.0,1,0.008333333333333333,1.0
A5CDF89D-02A2-4EC1-89F8-F534FDABDD96,A5CDF89D_s5,00EABED2-271D-49D8-B599-1D4A09240601,debounce,"{""theta"": 0.8508500120569086, ""n"": 2}",180,60,120,0.016666666666666666,0.008333333333333333,1,1,60,120,2,1.1173184357541899,0,60.0,60.0,0.6666666666666666,1.0,1,0.008333333333333333,1.0
A5CDF89D-02A2-4EC1-89F8-F534FDABDD96,A5CDF89D_s5,00EABED2-271D-49D8-B599-1D4A09240601,margin_dual_threshold,"{""theta"": 0.8356757897275138, ""margin"": 0.05}",180,60,120,0.0,0.0,0,0,60,120,2,1.1173184357541899,0,60.0,60.0,0.6666666666666666,0.0,0,0.0,0.0
A5CDF89D-02A2-4EC1-89F8-F534FDABDD96,A5CDF89D_s5,00EABED2-271D-49D8-B599-1D4A09240601,hysteresis,"{""theta"": 0.8411282252230526, ""margin"": 0.05, ""ttt_frames"": 2}",180,60,120,0.016666666666666666,0.008333333333333333,1,1,60,120,2,1.1173184357541899,0,60.0,60.0,0.6666666666666666,1.0,1,0.008333333333333333,1.0
A5CDF89D-02A2-4EC1-89F8-F534FDABDD96,A5CDF89D_s5,00EABED2-271D-49D8-B599-1D4A09240601,trust_model,"{""theta"": 0.8411282252230526, ""gain"": 0.6, ""decay"": 0.2, ""tau_lo"": 0.4, ""tau_hi"": 0.6}",180,60,120,0.016666666666666666,0.06666666666666667,1,8,60,120,2,1.1173184357541899,0,60.0,61.0,0.6277777777777778,1.0,8,0.06666666666666667,8.0
A5CDF89D-02A2-4EC1-89F8-F534FDABDD96,A5CDF89D_s5,00EABED2-271D-49D8-B599-1D4A09240601,sprt,"{""A"": 16, ""B"": 16, ""mu_gen"": 0.9496489681295717, ""sd_gen"": 0.0318483394591966, ""mu_imp"": 0.48088808342041095, ""sd_imp"": 0.2484505196286247}",180,60,120,0.0,0.041666666666666664,0,5,60,120,2,1.1173184357541899,0,60.0,60.0,0.6388888888888888,0.0,5,0.041666666666666664,5.0
A76A5AF5-5A93-4CF2-A16E-62353BB70E8A,A76A5AF5_s0,A5CDF89D-02A2-4EC1-89F8-F534FDABDD96,instantaneous,"{""theta"": 0.8416752592419006}",180,60,120,0.0,0.5,0,60,60,120,1,0.5586592178770949,0,90.0,90.0,0.3333333333333333,0.0,60,0.5,
A76A5AF5-5A93-4CF2-A16E-62353BB70E8A,A76A5AF5_s0,A5CDF89D-02A2-4EC1-89F8-F534FDABDD96,moving_average,"{""theta"": 0.8371610814927647, ""w"": 3}",180,60,120,0.0,0.5,0,60,60,120,1,0.5586592178770949,0,90.0,90.0,0.3333333333333333,0.0,60,0.5,
A76A5AF5-5A93-4CF2-A16E-62353BB70E8A,A76A5AF5_s0,A5CDF89D-02A2-4EC1-89F8-F534FDABDD96,ewma,"{""theta"": 0.8368179155193626, ""alpha"": 0.5}",180,60,120,0.0,0.5,0,60,60,120,1,0.5586592178770949,0,90.0,90.0,0.3333333333333333,0.0,60,0.5,
A76A5AF5-5A93-4CF2-A16E-62353BB70E8A,A76A5AF5_s0,A5CDF89D-02A2-4EC1-89F8-F534FDABDD96,majority_vote,"{""theta"": 0.8421421875915402, ""w"": 3, ""k"": 2}",180,60,120,0.016666666666666666,0.5,1,60,60,120,1,0.5586592178770949,0,90.0,90.0,0.3388888888888889,1.0,60,0.5,
A76A5AF5-5A93-4CF2-A16E-62353BB70E8A,A76A5AF5_s0,A5CDF89D-02A2-4EC1-89F8-F534FDABDD96,debounce,"{""theta"": 0.8416752592419006, ""n"": 2}",180,60,120,0.016666666666666666,0.5,1,60,60,120,1,0.5586592178770949,0,90.0,90.0,0.3388888888888889,1.0,60,0.5,
A76A5AF5-5A93-4CF2-A16E-62353BB70E8A,A76A5AF5_s0,A5CDF89D-02A2-4EC1-89F8-F534FDABDD96,margin_dual_threshold,"{""theta"": 0.9134942974105102, ""margin"": 0.4}",180,60,120,0.0,0.5,0,60,60,120,1,0.5586592178770949,0,90.0,90.0,0.3333333333333333,0.0,60,0.5,
A76A5AF5-5A93-4CF2-A16E-62353BB70E8A,A76A5AF5_s0,A5CDF89D-02A2-4EC1-89F8-F534FDABDD96,hysteresis,"{""theta"": 0.8178519421172886, ""margin"": 0.1, ""ttt_frames"": 2}",180,60,120,0.016666666666666666,0.5,1,60,60,120,1,0.5586592178770949,0,90.0,90.0,0.3388888888888889,1.0,60,0.5,
A76A5AF5-5A93-4CF2-A16E-62353BB70E8A,A76A5AF5_s0,A5CDF89D-02A2-4EC1-89F8-F534FDABDD96,trust_model,"{""theta"": 0.8178519421172886, ""gain"": 0.6, ""decay"": 0.2, ""tau_lo"": 0.4, ""tau_hi"": 0.6}",180,60,120,0.03333333333333333,0.5,2,60,60,120,1,0.5586592178770949,0,90.0,90.0,0.34444444444444444,2.0,60,0.5,
A76A5AF5-5A93-4CF2-A16E-62353BB70E8A,A76A5AF5_s0,A5CDF89D-02A2-4EC1-89F8-F534FDABDD96,sprt,"{""A"": 1, ""B"": 16, ""mu_gen"": 0.9282044670813235, ""sd_gen"": 0.04041689625065701, ""mu_imp"": 0.4427067466362021, ""sd_imp"": 0.27588647462705884}",180,60,120,0.0,0.5,0,60,60,120,1,0.5586592178770949,0,90.0,90.0,0.3333333333333333,0.0,60,0.5,
A76A5AF5-5A93-4CF2-A16E-62353BB70E8A,A76A5AF5_s1,7CE37510-56D0-4120-A1CF-0E23351428D2,instantaneous,"{""theta"": 0.8416752592419006}",180,60,120,0.0,0.0,0,0,60,120,2,1.1173184357541899,0,60.0,60.0,0.6666666666666666,0.0,0,0.0,0.0
A76A5AF5-5A93-4CF2-A16E-62353BB70E8A,A76A5AF5_s1,7CE37510-56D0-4120-A1CF-0E23351428D2,moving_average,"{""theta"": 0.8371610814927647, ""w"": 3}",180,60,120,0.0,0.016666666666666666,0,2,60,120,2,1.1173184357541899,0,60.0,60.0,0.6555555555555556,0.0,2,0.016666666666666666,2.0
A76A5AF5-5A93-4CF2-A16E-62353BB70E8A,A76A5AF5_s1,7CE37510-56D0-4120-A1CF-0E23351428D2,ewma,"{""theta"": 0.8368179155193626, ""alpha"": 0.5}",180,60,120,0.0,0.016666666666666666,0,2,60,120,2,1.1173184357541899,0,60.0,60.0,0.6555555555555556,0.0,2,0.016666666666666666,2.0
A76A5AF5-5A93-4CF2-A16E-62353BB70E8A,A76A5AF5_s1,7CE37510-56D0-4120-A1CF-0E23351428D2,majority_vote,"{""theta"": 0.8421421875915402, ""w"": 3, ""k"": 2}",180,60,120,0.016666666666666666,0.008333333333333333,1,1,60,120,2,1.1173184357541899,0,60.0,60.0,0.6666666666666666,1.0,1,0.008333333333333333,1.0
A76A5AF5-5A93-4CF2-A16E-62353BB70E8A,A76A5AF5_s1,7CE37510-56D0-4120-A1CF-0E23351428D2,debounce,"{""theta"": 0.8416752592419006, ""n"": 2}",180,60,120,0.016666666666666666,0.008333333333333333,1,1,60,120,2,1.1173184357541899,0,60.0,60.0,0.6666666666666666,1.0,1,0.008333333333333333,1.0
A76A5AF5-5A93-4CF2-A16E-62353BB70E8A,A76A5AF5_s1,7CE37510-56D0-4120-A1CF-0E23351428D2,margin_dual_threshold,"{""theta"": 0.9134942974105102, ""margin"": 0.4}",180,60,120,0.0,0.5,0,60,60,120,1,0.5586592178770949,0,90.0,90.0,0.3333333333333333,0.0,60,0.5,
A76A5AF5-5A93-4CF2-A16E-62353BB70E8A,A76A5AF5_s1,7CE37510-56D0-4120-A1CF-0E23351428D2,hysteresis,"{""theta"": 0.8178519421172886, ""margin"": 0.1, ""ttt_frames"": 2}",180,60,120,0.016666666666666666,0.008333333333333333,1,1,60,120,2,1.1173184357541899,0,60.0,60.0,0.6666666666666666,1.0,1,0.008333333333333333,1.0
A76A5AF5-5A93-4CF2-A16E-62353BB70E8A,A76A5AF5_s1,7CE37510-56D0-4120-A1CF-0E23351428D2,trust_model,"{""theta"": 0.8178519421172886, ""gain"": 0.6, ""decay"": 0.2, ""tau_lo"": 0.4, ""tau_hi"": 0.6}",180,60,120,0.016666666666666666,0.03333333333333333,1,4,60,120,2,1.1173184357541899,0,60.0,61.0,0.65,1.0,4,0.03333333333333333,4.0
A76A5AF5-5A93-4CF2-A16E-62353BB70E8A,A76A5AF5_s1,7CE37510-56D0-4120-A1CF-0E23351428D2,sprt,"{""A"": 1, ""B"": 16, ""mu_gen"": 0.9282044670813235, ""sd_gen"": 0.04041689625065701, ""mu_imp"": 0.4427067466362021, ""sd_imp"": 0.27588647462705884}",180,60,120,0.0,0.0,0,0,60,120,2,1.1173184357541899,0,60.0,60.0,0.6666666666666666,0.0,0,0.0,0.0
A76A5AF5-5A93-4CF2-A16E-62353BB70E8A,A76A5AF5_s2,4E98F91F-4654-42EF-B908-A3389443F2E7,instantaneous,"{""theta"": 0.8416752592419006}",180,60,120,0.0,0.0,0,0,60,120,2,1.1173184357541899,0,60.0,60.0,0.6666666666666666,0.0,0,0.0,0.0
A76A5AF5-5A93-4CF2-A16E-62353BB70E8A,A76A5AF5_s2,4E98F91F-4654-42EF-B908-A3389443F2E7,moving_average,"{""theta"": 0.8371610814927647, ""w"": 3}",180,60,120,0.0,0.016666666666666666,0,2,60,120,2,1.1173184357541899,0,60.0,60.0,0.6555555555555556,0.0,2,0.016666666666666666,2.0
A76A5AF5-5A93-4CF2-A16E-62353BB70E8A,A76A5AF5_s2,4E98F91F-4654-42EF-B908-A3389443F2E7,ewma,"{""theta"": 0.8368179155193626, ""alpha"": 0.5}",180,60,120,0.0,0.016666666666666666,0,2,60,120,2,1.1173184357541899,0,60.0,60.0,0.6555555555555556,0.0,2,0.016666666666666666,2.0
A76A5AF5-5A93-4CF2-A16E-62353BB70E8A,A76A5AF5_s2,4E98F91F-4654-42EF-B908-A3389443F2E7,majority_vote,"{""theta"": 0.8421421875915402, ""w"": 3, ""k"": 2}",180,60,120,0.016666666666666666,0.008333333333333333,1,1,60,120,2,1.1173184357541899,0,60.0,60.0,0.6666666666666666,1.0,1,0.008333333333333333,1.0
A76A5AF5-5A93-4CF2-A16E-62353BB70E8A,A76A5AF5_s2,4E98F91F-4654-42EF-B908-A3389443F2E7,debounce,"{""theta"": 0.8416752592419006, ""n"": 2}",180,60,120,0.016666666666666666,0.008333333333333333,1,1,60,120,2,1.1173184357541899,0,60.0,60.0,0.6666666666666666,1.0,1,0.008333333333333333,1.0
A76A5AF5-5A93-4CF2-A16E-62353BB70E8A,A76A5AF5_s2,4E98F91F-4654-42EF-B908-A3389443F2E7,margin_dual_threshold,"{""theta"": 0.9134942974105102, ""margin"": 0.4}",180,60,120,0.0,0.5,0,60,60,120,1,0.5586592178770949,0,90.0,90.0,0.3333333333333333,0.0,60,0.5,
A76A5AF5-5A93-4CF2-A16E-62353BB70E8A,A76A5AF5_s2,4E98F91F-4654-42EF-B908-A3389443F2E7,hysteresis,"{""theta"": 0.8178519421172886, ""margin"": 0.1, ""ttt_frames"": 2}",180,60,120,0.016666666666666666,0.008333333333333333,1,1,60,120,2,1.1173184357541899,0,60.0,60.0,0.6666666666666666,1.0,1,0.008333333333333333,1.0
A76A5AF5-5A93-4CF2-A16E-62353BB70E8A,A76A5AF5_s2,4E98F91F-4654-42EF-B908-A3389443F2E7,trust_model,"{""theta"": 0.8178519421172886, ""gain"": 0.6, ""decay"": 0.2, ""tau_lo"": 0.4, ""tau_hi"": 0.6}",180,60,120,0.016666666666666666,0.03333333333333333,1,4,60,120,2,1.1173184357541899,0,60.0,61.0,0.65,1.0,4,0.03333333333333333,4.0
A76A5AF5-5A93-4CF2-A16E-62353BB70E8A,A76A5AF5_s2,4E98F91F-4654-42EF-B908-A3389443F2E7,sprt,"{""A"": 1, ""B"": 16, ""mu_gen"": 0.9282044670813235, ""sd_gen"": 0.04041689625065701, ""mu_imp"": 0.4427067466362021, ""sd_imp"": 0.27588647462705884}",180,60,120,0.0,0.0,0,0,60,120,2,1.1173184357541899,0,60.0,60.0,0.6666666666666666,0.0,0,0.0,0.0
A76A5AF5-5A93-4CF2-A16E-62353BB70E8A,A76A5AF5_s3,CF722AA9-2533-4E51-9FEB-9EAC84EE9AAC,instantaneous,"{""theta"": 0.8416752592419006}",180,60,120,0.0,0.0,0,0,60,120,2,1.1173184357541899,0,60.0,60.0,0.6666666666666666,0.0,0,0.0,0.0
A76A5AF5-5A93-4CF2-A16E-62353BB70E8A,A76A5AF5_s3,CF722AA9-2533-4E51-9FEB-9EAC84EE9AAC,moving_average,"{""theta"": 0.8371610814927647, ""w"": 3}",180,60,120,0.0,0.016666666666666666,0,2,60,120,2,1.1173184357541899,0,60.0,60.0,0.6555555555555556,0.0,2,0.016666666666666666,2.0
A76A5AF5-5A93-4CF2-A16E-62353BB70E8A,A76A5AF5_s3,CF722AA9-2533-4E51-9FEB-9EAC84EE9AAC,ewma,"{""theta"": 0.8368179155193626, ""alpha"": 0.5}",180,60,120,0.0,0.016666666666666666,0,2,60,120,2,1.1173184357541899,0,60.0,60.0,0.6555555555555556,0.0,2,0.016666666666666666,2.0
A76A5AF5-5A93-4CF2-A16E-62353BB70E8A,A76A5AF5_s3,CF722AA9-2533-4E51-9FEB-9EAC84EE9AAC,majority_vote,"{""theta"": 0.8421421875915402, ""w"": 3, ""k"": 2}",180,60,120,0.016666666666666666,0.008333333333333333,1,1,60,120,2,1.1173184357541899,0,60.0,60.0,0.6666666666666666,1.0,1,0.008333333333333333,1.0
A76A5AF5-5A93-4CF2-A16E-62353BB70E8A,A76A5AF5_s3,CF722AA9-2533-4E51-9FEB-9EAC84EE9AAC,debounce,"{""theta"": 0.8416752592419006, ""n"": 2}",180,60,120,0.016666666666666666,0.008333333333333333,1,1,60,120,2,1.1173184357541899,0,60.0,60.0,0.6666666666666666,1.0,1,0.008333333333333333,1.0
A76A5AF5-5A93-4CF2-A16E-62353BB70E8A,A76A5AF5_s3,CF722AA9-2533-4E51-9FEB-9EAC84EE9AAC,margin_dual_threshold,"{""theta"": 0.9134942974105102, ""margin"": 0.4}",180,60,120,0.0,0.5,0,60,60,120,1,0.5586592178770949,0,90.0,90.0,0.3333333333333333,0.0,60,0.5,
A76A5AF5-5A93-4CF2-A16E-62353BB70E8A,A76A5AF5_s3,CF722AA9-2533-4E51-9FEB-9EAC84EE9AAC,hysteresis,"{""theta"": 0.8178519421172886, ""margin"": 0.1, ""ttt_frames"": 2}",180,60,120,0.016666666666666666,0.008333333333333333,1,1,60,120,2,1.1173184357541899,0,60.0,60.0,0.6666666666666666,1.0,1,0.008333333333333333,1.0
A76A5AF5-5A93-4CF2-A16E-62353BB70E8A,A76A5AF5_s3,CF722AA9-2533-4E51-9FEB-9EAC84EE9AAC,trust_model,"{""theta"": 0.8178519421172886, ""gain"": 0.6, ""decay"": 0.2, ""tau_lo"": 0.4, ""tau_hi"": 0.6}",180,60,120,0.016666666666666666,0.03333333333333333,1,4,60,120,2,1.1173184357541899,0,60.0,61.0,0.65,1.0,4,0.03333333333333333,4.0
A76A5AF5-5A93-4CF2-A16E-62353BB70E8A,A76A5AF5_s3,CF722AA9-2533-4E51-9FEB-9EAC84EE9AAC,sprt,"{""A"": 1, ""B"": 16, ""mu_gen"": 0.9282044670813235, ""sd_gen"": 0.04041689625065701, ""mu_imp"": 0.4427067466362021, ""sd_imp"": 0.27588647462705884}",180,60,120,0.0,0.0,0,0,60,120,2,1.1173184357541899,0,60.0,60.0,0.6666666666666666,0.0,0,0.0,0.0
A76A5AF5-5A93-4CF2-A16E-62353BB70E8A,A76A5AF5_s4,ECECC2AB-D32F-4F90-B74C-E12A1C69BBE2,instantaneous,"{""theta"": 0.8416752592419006}",180,60,120,0.0,0.0,0,0,60,120,2,1.1173184357541899,0,60.0,60.0,0.6666666666666666,0.0,0,0.0,0.0
A76A5AF5-5A93-4CF2-A16E-62353BB70E8A,A76A5AF5_s4,ECECC2AB-D32F-4F90-B74C-E12A1C69BBE2,moving_average,"{""theta"": 0.8371610814927647, ""w"": 3}",180,60,120,0.0,0.016666666666666666,0,2,60,120,2,1.1173184357541899,0,60.0,60.0,0.6555555555555556,0.0,2,0.016666666666666666,2.0
A76A5AF5-5A93-4CF2-A16E-62353BB70E8A,A76A5AF5_s4,ECECC2AB-D32F-4F90-B74C-E12A1C69BBE2,ewma,"{""theta"": 0.8368179155193626, ""alpha"": 0.5}",180,60,120,0.0,0.025,0,3,60,120,2,1.1173184357541899,0,60.0,60.0,0.65,0.0,3,0.025,3.0
A76A5AF5-5A93-4CF2-A16E-62353BB70E8A,A76A5AF5_s4,ECECC2AB-D32F-4F90-B74C-E12A1C69BBE2,majority_vote,"{""theta"": 0.8421421875915402, ""w"": 3, ""k"": 2}",180,60,120,0.016666666666666666,0.008333333333333333,1,1,60,120,2,1.1173184357541899,0,60.0,60.0,0.6666666666666666,1.0,1,0.008333333333333333,1.0
A76A5AF5-5A93-4CF2-A16E-62353BB70E8A,A76A5AF5_s4,ECECC2AB-D32F-4F90-B74C-E12A1C69BBE2,debounce,"{""theta"": 0.8416752592419006, ""n"": 2}",180,60,120,0.016666666666666666,0.008333333333333333,1,1,60,120,2,1.1173184357541899,0,60.0,60.0,0.6666666666666666,1.0,1,0.008333333333333333,1.0
A76A5AF5-5A93-4CF2-A16E-62353BB70E8A,A76A5AF5_s4,ECECC2AB-D32F-4F90-B74C-E12A1C69BBE2,margin_dual_threshold,"{""theta"": 0.9134942974105102, ""margin"": 0.4}",180,60,120,0.0,0.5,0,60,60,120,1,0.5586592178770949,0,90.0,90.0,0.3333333333333333,0.0,60,0.5,
A76A5AF5-5A93-4CF2-A16E-62353BB70E8A,A76A5AF5_s4,ECECC2AB-D32F-4F90-B74C-E12A1C69BBE2,hysteresis,"{""theta"": 0.8178519421172886, ""margin"": 0.1, ""ttt_frames"": 2}",180,60,120,0.016666666666666666,0.008333333333333333,1,1,60,120,2,1.1173184357541899,0,60.0,60.0,0.6666666666666666,1.0,1,0.008333333333333333,1.0
A76A5AF5-5A93-4CF2-A16E-62353BB70E8A,A76A5AF5_s4,ECECC2AB-D32F-4F90-B74C-E12A1C69BBE2,trust_model,"{""theta"": 0.8178519421172886, ""gain"": 0.6, ""decay"": 0.2, ""tau_lo"": 0.4, ""tau_hi"": 0.6}",180,60,120,0.016666666666666666,0.03333333333333333,1,4,60,120,2,1.1173184357541899,0,60.0,61.0,0.65,1.0,4,0.03333333333333333,4.0
A76A5AF5-5A93-4CF2-A16E-62353BB70E8A,A76A5AF5_s4,ECECC2AB-D32F-4F90-B74C-E12A1C69BBE2,sprt,"{""A"": 1, ""B"": 16, ""mu_gen"": 0.9282044670813235, ""sd_gen"": 0.04041689625065701, ""mu_imp"": 0.4427067466362021, ""sd_imp"": 0.27588647462705884}",180,60,120,0.0,0.0,0,0,60,120,2,1.1173184357541899,0,60.0,60.0,0.6666666666666666,0.0,0,0.0,0.0
A76A5AF5-5A93-4CF2-A16E-62353BB70E8A,A76A5AF5_s5,8023FE1A-D3B0-4E2C-A57A-9321B7FC755F,instantaneous,"{""theta"": 0.8416752592419006}",180,60,120,0.0,0.0,0,0,60,120,2,1.1173184357541899,0,60.0,60.0,0.6666666666666666,0.0,0,0.0,0.0
A76A5AF5-5A93-4CF2-A16E-62353BB70E8A,A76A5AF5_s5,8023FE1A-D3B0-4E2C-A57A-9321B7FC755F,moving_average,"{""theta"": 0.8371610814927647, ""w"": 3}",180,60,120,0.0,0.016666666666666666,0,2,60,120,2,1.1173184357541899,0,60.0,60.0,0.6555555555555556,0.0,2,0.016666666666666666,2.0
A76A5AF5-5A93-4CF2-A16E-62353BB70E8A,A76A5AF5_s5,8023FE1A-D3B0-4E2C-A57A-9321B7FC755F,ewma,"{""theta"": 0.8368179155193626, ""alpha"": 0.5}",180,60,120,0.0,0.008333333333333333,0,1,60,120,2,1.1173184357541899,0,60.0,60.0,0.6611111111111111,0.0,1,0.008333333333333333,1.0
A76A5AF5-5A93-4CF2-A16E-62353BB70E8A,A76A5AF5_s5,8023FE1A-D3B0-4E2C-A57A-9321B7FC755F,majority_vote,"{""theta"": 0.8421421875915402, ""w"": 3, ""k"": 2}",180,60,120,0.016666666666666666,0.008333333333333333,1,1,60,120,2,1.1173184357541899,0,60.0,60.0,0.6666666666666666,1.0,1,0.008333333333333333,1.0
A76A5AF5-5A93-4CF2-A16E-62353BB70E8A,A76A5AF5_s5,8023FE1A-D3B0-4E2C-A57A-9321B7FC755F,debounce,"{""theta"": 0.8416752592419006, ""n"": 2}",180,60,120,0.016666666666666666,0.008333333333333333,1,1,60,120,2,1.1173184357541899,0,60.0,60.0,0.6666666666666666,1.0,1,0.008333333333333333,1.0
A76A5AF5-5A93-4CF2-A16E-62353BB70E8A,A76A5AF5_s5,8023FE1A-D3B0-4E2C-A57A-9321B7FC755F,margin_dual_threshold,"{""theta"": 0.9134942974105102, ""margin"": 0.4}",180,60,120,0.0,0.5,0,60,60,120,1,0.5586592178770949,0,90.0,90.0,0.3333333333333333,0.0,60,0.5,
A76A5AF5-5A93-4CF2-A16E-62353BB70E8A,A76A5AF5_s5,8023FE1A-D3B0-4E2C-A57A-9321B7FC755F,hysteresis,"{""theta"": 0.8178519421172886, ""margin"": 0.1, ""ttt_frames"": 2}",180,60,120,0.016666666666666666,0.008333333333333333,1,1,60,120,2,1.1173184357541899,0,60.0,60.0,0.6666666666666666,1.0,1,0.008333333333333333,1.0
A76A5AF5-5A93-4CF2-A16E-62353BB70E8A,A76A5AF5_s5,8023FE1A-D3B0-4E2C-A57A-9321B7FC755F,trust_model,"{""theta"": 0.8178519421172886, ""gain"": 0.6, ""decay"": 0.2, ""tau_lo"": 0.4, ""tau_hi"": 0.6}",180,60,120,0.03333333333333333,0.03333333333333333,2,4,60,120,2,1.1173184357541899,0,60.0,62.0,0.6555555555555556,2.0,4,0.03333333333333333,4.0
A76A5AF5-5A93-4CF2-A16E-62353BB70E8A,A76A5AF5_s5,8023FE1A-D3B0-4E2C-A57A-9321B7FC755F,sprt,"{""A"": 1, ""B"": 16, ""mu_gen"": 0.9282044670813235, ""sd_gen"": 0.04041689625065701, ""mu_imp"": 0.4427067466362021, ""sd_imp"": 0.27588647462705884}",180,60,120,0.0,0.0,0,0,60,120,2,1.1173184357541899,0,60.0,60.0,0.6666666666666666,0.0,0,0.0,0.0
B09E373F-8A54-44C8-895B-0039390B859F,B09E373F_s0,33A85C34-CFE4-4732-9E73-0A7AC861B27A,instantaneous,"{""theta"": 0.8280139846979031}",180,60,120,0.0,0.0,0,0,60,120,2,1.1173184357541899,0,60.0,60.0,0.6666666666666666,0.0,0,0.0,0.0
B09E373F-8A54-44C8-895B-0039390B859F,B09E373F_s0,33A85C34-CFE4-4732-9E73-0A7AC861B27A,moving_average,"{""theta"": 0.8238908151225833, ""w"": 3}",180,60,120,0.016666666666666666,0.016666666666666666,1,2,60,120,2,1.1173184357541899,0,60.0,61.0,0.6611111111111111,1.0,2,0.016666666666666666,2.0
B09E373F-8A54-44C8-895B-0039390B859F,B09E373F_s0,33A85C34-CFE4-4732-9E73-0A7AC861B27A,ewma,"{""theta"": 0.8229939703657592, ""alpha"": 0.3}",180,60,120,0.03333333333333333,0.03333333333333333,2,4,60,120,2,1.1173184357541899,0,60.0,62.0,0.6555555555555556,2.0,4,0.03333333333333333,4.0
B09E373F-8A54-44C8-895B-0039390B859F,B09E373F_s0,33A85C34-CFE4-4732-9E73-0A7AC861B27A,majority_vote,"{""theta"": 0.8277447141171617, ""w"": 3, ""k"": 2}",180,60,120,0.016666666666666666,0.008333333333333333,1,1,60,120,2,1.1173184357541899,0,60.0,60.0,0.6666666666666666,1.0,1,0.008333333333333333,1.0
B09E373F-8A54-44C8-895B-0039390B859F,B09E373F_s0,33A85C34-CFE4-4732-9E73-0A7AC861B27A,debounce,"{""theta"": 0.8271213382458324, ""n"": 2}",180,60,120,0.016666666666666666,0.008333333333333333,1,1,60,120,2,1.1173184357541899,0,60.0,60.0,0.6666666666666666,1.0,1,0.008333333333333333,1.0
B09E373F-8A54-44C8-895B-0039390B859F,B09E373F_s0,33A85C34-CFE4-4732-9E73-0A7AC861B27A,margin_dual_threshold,"{""theta"": 0.8020763715065399, ""margin"": 0.1}",180,60,120,0.0,0.0,0,0,60,120,2,1.1173184357541899,0,60.0,60.0,0.6666666666666666,0.0,0,0.0,0.0
B09E373F-8A54-44C8-895B-0039390B859F,B09E373F_s0,33A85C34-CFE4-4732-9E73-0A7AC861B27A,hysteresis,"{""theta"": 0.8695283334901666, ""margin"": 0.1, ""ttt_frames"": 3}",180,60,120,0.03333333333333333,0.5,2,60,60,120,1,0.5586592178770949,0,90.0,90.0,0.34444444444444444,2.0,60,0.5,
B09E373F-8A54-44C8-895B-0039390B859F,B09E373F_s0,33A85C34-CFE4-4732-9E73-0A7AC861B27A,trust_model,"{""theta"": 0.8393852074903547, ""gain"": 0.6, ""decay"": 0.2, ""tau_lo"": 0.4, ""tau_hi"": 0.6}",180,60,120,0.05,0.20833333333333334,3,25,60,120,2,1.1173184357541899,0,60.0,63.0,0.5444444444444444,3.0,25,0.20833333333333334,25.0
B09E373F-8A54-44C8-895B-0039390B859F,B09E373F_s0,33A85C34-CFE4-4732-9E73-0A7AC861B27A,sprt,"{""A"": 4, ""B"": 1, ""mu_gen"": 0.9228362242924207, ""sd_gen"": 0.04770322787863707, ""mu_imp"": 0.2878320943508673, ""sd_imp"": 0.25713054801954227}",180,60,120,0.0,0.008333333333333333,0,1,60,120,2,1.1173184357541899,0,60.0,60.0,0.6611111111111111,0.0,1,0.008333333333333333,1.0
B09E373F-8A54-44C8-895B-0039390B859F,B09E373F_s1,F50235E0-DD67-4F2A-B00B-1F31ADA998B9,instantaneous,"{""theta"": 0.8280139846979031}",180,60,120,0.0,0.0,0,0,60,120,2,1.1173184357541899,0,60.0,60.0,0.6666666666666666,0.0,0,0.0,0.0
B09E373F-8A54-44C8-895B-0039390B859F,B09E373F_s1,F50235E0-DD67-4F2A-B00B-1F31ADA998B9,moving_average,"{""theta"": 0.8238908151225833, ""w"": 3}",180,60,120,0.0,0.016666666666666666,0,2,60,120,2,1.1173184357541899,0,60.0,60.0,0.6555555555555556,0.0,2,0.016666666666666666,2.0
B09E373F-8A54-44C8-895B-0039390B859F,B09E373F_s1,F50235E0-DD67-4F2A-B00B-1F31ADA998B9,ewma,"{""theta"": 0.8229939703657592, ""alpha"": 0.3}",180,60,120,0.0,0.03333333333333333,0,4,60,120,2,1.1173184357541899,0,60.0,60.0,0.6444444444444445,0.0,4,0.03333333333333333,4.0
B09E373F-8A54-44C8-895B-0039390B859F,B09E373F_s1,F50235E0-DD67-4F2A-B00B-1F31ADA998B9,majority_vote,"{""theta"": 0.8277447141171617, ""w"": 3, ""k"": 2}",180,60,120,0.016666666666666666,0.008333333333333333,1,1,60,120,2,1.1173184357541899,0,60.0,60.0,0.6666666666666666,1.0,1,0.008333333333333333,1.0
B09E373F-8A54-44C8-895B-0039390B859F,B09E373F_s1,F50235E0-DD67-4F2A-B00B-1F31ADA998B9,debounce,"{""theta"": 0.8271213382458324, ""n"": 2}",180,60,120,0.016666666666666666,0.008333333333333333,1,1,60,120,2,1.1173184357541899,0,60.0,60.0,0.6666666666666666,1.0,1,0.008333333333333333,1.0
B09E373F-8A54-44C8-895B-0039390B859F,B09E373F_s1,F50235E0-DD67-4F2A-B00B-1F31ADA998B9,margin_dual_threshold,"{""theta"": 0.8020763715065399, ""margin"": 0.1}",180,60,120,0.0,0.0,0,0,60,120,2,1.1173184357541899,0,60.0,60.0,0.6666666666666666,0.0,0,0.0,0.0
B09E373F-8A54-44C8-895B-0039390B859F,B09E373F_s1,F50235E0-DD67-4F2A-B00B-1F31ADA998B9,hysteresis,"{""theta"": 0.8695283334901666, ""margin"": 0.1, ""ttt_frames"": 3}",180,60,120,0.03333333333333333,0.016666666666666666,2,2,60,120,2,1.1173184357541899,0,60.0,60.0,0.6666666666666666,2.0,2,0.016666666666666666,2.0
B09E373F-8A54-44C8-895B-0039390B859F,B09E373F_s1,F50235E0-DD67-4F2A-B00B-1F31ADA998B9,trust_model,"{""theta"": 0.8393852074903547, ""gain"": 0.6, ""decay"": 0.2, ""tau_lo"": 0.4, ""tau_hi"": 0.6}",180,60,120,0.016666666666666666,0.05,1,6,60,120,2,1.1173184357541899,0,60.0,61.0,0.6388888888888888,1.0,6,0.05,6.0
B09E373F-8A54-44C8-895B-0039390B859F,B09E373F_s1,F50235E0-DD67-4F2A-B00B-1F31ADA998B9,sprt,"{""A"": 4, ""B"": 1, ""mu_gen"": 0.9228362242924207, ""sd_gen"": 0.04770322787863707, ""mu_imp"": 0.2878320943508673, ""sd_imp"": 0.25713054801954227}",180,60,120,0.0,0.0,0,0,60,120,2,1.1173184357541899,0,60.0,60.0,0.6666666666666666,0.0,0,0.0,0.0
B09E373F-8A54-44C8-895B-0039390B859F,B09E373F_s2,33A85C34-CFE4-4732-9E73-0A7AC861B27A,instantaneous,"{""theta"": 0.8280139846979031}",180,60,120,0.0,0.03333333333333333,0,4,60,120,4,2.2346368715083798,0,36.0,33.0,0.6444444444444445,0.0,4,0.03333333333333333,0.0
B09E373F-8A54-44C8-895B-0039390B859F,B09E373F_s2,33A85C34-CFE4-4732-9E73-0A7AC861B27A,moving_average,"{""theta"": 0.8238908151225833, ""w"": 3}",180,60,120,0.0,0.06666666666666667,0,8,60,120,4,2.2346368715083798,0,36.0,31.0,0.6222222222222222,0.0,8,0.06666666666666667,2.0
B09E373F-8A54-44C8-895B-0039390B859F,B09E373F_s2,33A85C34-CFE4-4732-9E73-0A7AC861B27A,ewma,"{""theta"": 0.8229939703657592, ""alpha"": 0.3}",180,60,120,0.0,0.1,0,12,60,120,4,2.2346368715083798,0,36.0,31.0,0.6,0.0,12,0.1,6.0
B09E373F-8A54-44C8-895B-0039390B859F,B09E373F_s2,33A85C34-CFE4-4732-9E73-0A7AC861B27A,majority_vote,"{""theta"": 0.8277447141171617, ""w"": 3, ""k"": 2}",180,60,120,0.016666666666666666,0.041666666666666664,1,5,60,120,4,2.2346368715083798,0,36.0,32.0,0.6444444444444445,1.0,5,0.041666666666666664,1.0
B09E373F-8A54-44C8-895B-0039390B859F,B09E373F_s2,33A85C34-CFE4-4732-9E73-0A7AC861B27A,debounce,"{""theta"": 0.8271213382458324, ""n"": 2}",180,60,120,0.016666666666666666,0.041666666666666664,1,5,60,120,4,2.2346368715083798,0,36.0,32.0,0.6444444444444445,1.0,5,0.041666666666666664,1.0
B09E373F-8A54-44C8-895B-0039390B859F,B09E373F_s2,33A85C34-CFE4-4732-9E73-0A7AC861B27A,margin_dual_threshold,"{""theta"": 0.8020763715065399, ""margin"": 0.1}",180,60,120,0.0,0.03333333333333333,0,4,60,120,4,2.2346368715083798,0,36.0,33.0,0.6444444444444445,0.0,4,0.03333333333333333,0.0
B09E373F-8A54-44C8-895B-0039390B859F,B09E373F_s2,33A85C34-CFE4-4732-9E73-0A7AC861B27A,hysteresis,"{""theta"": 0.8695283334901666, ""margin"": 0.1, ""ttt_frames"": 3}",180,60,120,0.03333333333333333,0.38333333333333336,2,46,60,120,2,1.1173184357541899,0,60.0,62.0,0.4222222222222222,2.0,46,0.38333333333333336,46.0
B09E373F-8A54-44C8-895B-0039390B859F,B09E373F_s2,33A85C34-CFE4-4732-9E73-0A7AC861B27A,trust_model,"{""theta"": 0.8393852074903547, ""gain"": 0.6, ""decay"": 0.2, ""tau_lo"": 0.4, ""tau_hi"": 0.6}",180,60,120,0.0,0.14166666666666666,0,17,60,120,4,2.2346368715083798,0,36.0,27.0,0.5722222222222222,0.0,17,0.14166666666666666,10.0
B09E373F-8A54-44C8-895B-0039390B859F,B09E373F_s2,33A85C34-CFE4-4732-9E73-0A7AC861B27A,sprt,"{""A"": 4, ""B"": 1, ""mu_gen"": 0.9228362242924207, ""sd_gen"": 0.04770322787863707, ""mu_imp"": 0.2878320943508673, ""sd_imp"": 0.25713054801954227}",180,60,120,0.0,0.05,0,6,60,120,4,2.2346368715083798,0,36.0,32.0,0.6333333333333333,0.0,6,0.05,1.0
B09E373F-8A54-44C8-895B-0039390B859F,B09E373F_s3,33A85C34-CFE4-4732-9E73-0A7AC861B27A,instantaneous,"{""theta"": 0.8280139846979031}",180,60,120,0.0,0.0,0,0,60,120,2,1.1173184357541899,0,60.0,60.0,0.6666666666666666,0.0,0,0.0,0.0
B09E373F-8A54-44C8-895B-0039390B859F,B09E373F_s3,33A85C34-CFE4-4732-9E73-0A7AC861B27A,moving_average,"{""theta"": 0.8238908151225833, ""w"": 3}",180,60,120,0.0,0.016666666666666666,0,2,60,120,2,1.1173184357541899,0,60.0,60.0,0.6555555555555556,0.0,2,0.016666666666666666,2.0
B09E373F-8A54-44C8-895B-0039390B859F,B09E373F_s3,33A85C34-CFE4-4732-9E73-0A7AC861B27A,ewma,"{""theta"": 0.8229939703657592, ""alpha"": 0.3}",180,60,120,0.0,0.03333333333333333,0,4,60,120,2,1.1173184357541899,0,60.0,60.0,0.6444444444444445,0.0,4,0.03333333333333333,4.0
B09E373F-8A54-44C8-895B-0039390B859F,B09E373F_s3,33A85C34-CFE4-4732-9E73-0A7AC861B27A,majority_vote,"{""theta"": 0.8277447141171617, ""w"": 3, ""k"": 2}",180,60,120,0.016666666666666666,0.008333333333333333,1,1,60,120,2,1.1173184357541899,0,60.0,60.0,0.6666666666666666,1.0,1,0.008333333333333333,1.0
B09E373F-8A54-44C8-895B-0039390B859F,B09E373F_s3,33A85C34-CFE4-4732-9E73-0A7AC861B27A,debounce,"{""theta"": 0.8271213382458324, ""n"": 2}",180,60,120,0.016666666666666666,0.008333333333333333,1,1,60,120,2,1.1173184357541899,0,60.0,60.0,0.6666666666666666,1.0,1,0.008333333333333333,1.0
B09E373F-8A54-44C8-895B-0039390B859F,B09E373F_s3,33A85C34-CFE4-4732-9E73-0A7AC861B27A,margin_dual_threshold,"{""theta"": 0.8020763715065399, ""margin"": 0.1}",180,60,120,0.0,0.0,0,0,60,120,2,1.1173184357541899,0,60.0,60.0,0.6666666666666666,0.0,0,0.0,0.0
B09E373F-8A54-44C8-895B-0039390B859F,B09E373F_s3,33A85C34-CFE4-4732-9E73-0A7AC861B27A,hysteresis,"{""theta"": 0.8695283334901666, ""margin"": 0.1, ""ttt_frames"": 3}",180,60,120,0.03333333333333333,0.11666666666666667,2,14,60,120,2,1.1173184357541899,0,60.0,62.0,0.6,2.0,14,0.11666666666666667,14.0
B09E373F-8A54-44C8-895B-0039390B859F,B09E373F_s3,33A85C34-CFE4-4732-9E73-0A7AC861B27A,trust_model,"{""theta"": 0.8393852074903547, ""gain"": 0.6, ""decay"": 0.2, ""tau_lo"": 0.4, ""tau_hi"": 0.6}",180,60,120,0.016666666666666666,0.1,1,12,60,120,2,1.1173184357541899,0,60.0,61.0,0.6055555555555555,1.0,12,0.1,12.0
B09E373F-8A54-44C8-895B-0039390B859F,B09E373F_s3,33A85C34-CFE4-4732-9E73-0A7AC861B27A,sprt,"{""A"": 4, ""B"": 1, ""mu_gen"": 0.9228362242924207, ""sd_gen"": 0.04770322787863707, ""mu_imp"": 0.2878320943508673, ""sd_imp"": 0.25713054801954227}",180,60,120,0.0,0.008333333333333333,0,1,60,120,2,1.1173184357541899,0,60.0,60.0,0.6611111111111111,0.0,1,0.008333333333333333,1.0
B09E373F-8A54-44C8-895B-0039390B859F,B09E373F_s4,A5CDF89D-02A2-4EC1-89F8-F534FDABDD96,instantaneous,"{""theta"": 0.8280139846979031}",180,60,120,0.0,0.025,0,3,60,120,4,2.2346368715083798,2,36.0,53.0,0.65,0.0,3,0.025,0.0
B09E373F-8A54-44C8-895B-0039390B859F,B09E373F_s4,A5CDF89D-02A2-4EC1-89F8-F534FDABDD96,moving_average,"{""theta"": 0.8238908151225833, ""w"": 3}",180,60,120,0.0,0.025,0,3,60,120,4,2.2346368715083798,2,36.0,53.0,0.65,0.0,3,0.025,2.0
B09E373F-8A54-44C8-895B-0039390B859F,B09E373F_s4,A5CDF89D-02A2-4EC1-89F8-F534FDABDD96,ewma,"{""theta"": 0.8229939703657592, ""alpha"": 0.3}",180,60,120,0.016666666666666666,0.058333333333333334,1,7,60,120,2,1.1173184357541899,0,60.0,61.0,0.6333333333333333,1.0,7,0.058333333333333334,7.0
B09E373F-8A54-44C8-895B-0039390B859F,B09E373F_s4,A5CDF89D-02A2-4EC1-89F8-F534FDABDD96,majority_vote,"{""theta"": 0.8277447141171617, ""w"": 3, ""k"": 2}",180,60,120,0.016666666666666666,0.03333333333333333,1,4,60,120,4,2.2346368715083798,2,36.0,53.0,0.65,1.0,4,0.03333333333333333,1.0
B09E373F-8A54-44C8-895B-0039390B859F,B09E373F_s4,A5CDF89D-02A2-4EC1-89F8-F534FDABDD96,debounce,"{""theta"": 0.8271213382458324, ""n"": 2}",180,60,120,0.016666666666666666,0.03333333333333333,1,4,60,120,4,2.2346368715083798,2,36.0,53.0,0.65,1.0,4,0.03333333333333333,1.0
B09E373F-8A54-44C8-895B-0039390B859F,B09E373F_s4,A5CDF89D-02A2-4EC1-89F8-F534FDABDD96,margin_dual_threshold,"{""theta"": 0.8020763715065399, ""margin"": 0.1}",180,60,120,0.0,0.0,0,0,60,120,2,1.1173184357541899,0,60.0,60.0,0.6666666666666666,0.0,0,0.0,0.0
B09E373F-8A54-44C8-895B-0039390B859F,B09E373F_s4,A5CDF89D-02A2-4EC1-89F8-F534FDABDD96,hysteresis,"{""theta"": 0.8695283334901666, ""margin"": 0.1, ""ttt_frames"": 3}",180,60,120,0.03333333333333333,0.25,2,30,60,120,2,1.1173184357541899,0,60.0,62.0,0.5111111111111111,2.0,30,0.25,30.0
B09E373F-8A54-44C8-895B-0039390B859F,B09E373F_s4,A5CDF89D-02A2-4EC1-89F8-F534FDABDD96,trust_model,"{""theta"": 0.8393852074903547, ""gain"": 0.6, ""decay"": 0.2, ""tau_lo"": 0.4, ""tau_hi"": 0.6}",180,60,120,0.03333333333333333,0.19166666666666668,2,23,60,120,2,1.1173184357541899,0,60.0,62.0,0.55,2.0,23,0.19166666666666668,23.0
B09E373F-8A54-44C8-895B-0039390B859F,B09E373F_s4,A5CDF89D-02A2-4EC1-89F8-F534FDABDD96,sprt,"{""A"": 4, ""B"": 1, ""mu_gen"": 0.9228362242924207, ""sd_gen"": 0.04770322787863707, ""mu_imp"": 0.2878320943508673, ""sd_imp"": 0.25713054801954227}",180,60,120,0.0,0.008333333333333333,0,1,60,120,2,1.1173184357541899,0,60.0,60.0,0.6611111111111111,0.0,1,0.008333333333333333,1.0
B09E373F-8A54-44C8-895B-0039390B859F,B09E373F_s5,11B5EC4D-4133-4289-B475-4E737182A406,instantaneous,"{""theta"": 0.8280139846979031}",180,60,120,0.0,0.025,0,3,60,120,4,2.2346368715083798,2,36.0,45.0,0.65,0.0,3,0.025,0.0
B09E373F-8A54-44C8-895B-0039390B859F,B09E373F_s5,11B5EC4D-4133-4289-B475-4E737182A406,moving_average,"{""theta"": 0.8238908151225833, ""w"": 3}",180,60,120,0.0,0.025,0,3,60,120,4,2.2346368715083798,2,36.0,45.0,0.65,0.0,3,0.025,2.0
B09E373F-8A54-44C8-895B-0039390B859F,B09E373F_s5,11B5EC4D-4133-4289-B475-4E737182A406,ewma,"{""theta"": 0.8229939703657592, ""alpha"": 0.3}",180,60,120,0.0,0.03333333333333333,0,4,60,120,2,1.1173184357541899,0,60.0,60.0,0.6444444444444445,0.0,4,0.03333333333333333,4.0
B09E373F-8A54-44C8-895B-0039390B859F,B09E373F_s5,11B5EC4D-4133-4289-B475-4E737182A406,majority_vote,"{""theta"": 0.8277447141171617, ""w"": 3, ""k"": 2}",180,60,120,0.016666666666666666,0.03333333333333333,1,4,60,120,4,2.2346368715083798,2,36.0,45.0,0.65,1.0,4,0.03333333333333333,1.0
B09E373F-8A54-44C8-895B-0039390B859F,B09E373F_s5,11B5EC4D-4133-4289-B475-4E737182A406,debounce,"{""theta"": 0.8271213382458324, ""n"": 2}",180,60,120,0.016666666666666666,0.03333333333333333,1,4,60,120,4,2.2346368715083798,2,36.0,45.0,0.65,1.0,4,0.03333333333333333,1.0
B09E373F-8A54-44C8-895B-0039390B859F,B09E373F_s5,11B5EC4D-4133-4289-B475-4E737182A406,margin_dual_threshold,"{""theta"": 0.8020763715065399, ""margin"": 0.1}",180,60,120,0.0,0.0,0,0,60,120,2,1.1173184357541899,0,60.0,60.0,0.6666666666666666,0.0,0,0.0,0.0
B09E373F-8A54-44C8-895B-0039390B859F,B09E373F_s5,11B5EC4D-4133-4289-B475-4E737182A406,hysteresis,"{""theta"": 0.8695283334901666, ""margin"": 0.1, ""ttt_frames"": 3}",180,60,120,0.03333333333333333,0.016666666666666666,2,2,60,120,2,1.1173184357541899,0,60.0,60.0,0.6666666666666666,2.0,2,0.016666666666666666,2.0
B09E373F-8A54-44C8-895B-0039390B859F,B09E373F_s5,11B5EC4D-4133-4289-B475-4E737182A406,trust_model,"{""theta"": 0.8393852074903547, ""gain"": 0.6, ""decay"": 0.2, ""tau_lo"": 0.4, ""tau_hi"": 0.6}",180,60,120,0.016666666666666666,0.041666666666666664,1,5,60,120,2,1.1173184357541899,0,60.0,61.0,0.6444444444444445,1.0,5,0.041666666666666664,5.0
B09E373F-8A54-44C8-895B-0039390B859F,B09E373F_s5,11B5EC4D-4133-4289-B475-4E737182A406,sprt,"{""A"": 4, ""B"": 1, ""mu_gen"": 0.9228362242924207, ""sd_gen"": 0.04770322787863707, ""mu_imp"": 0.2878320943508673, ""sd_imp"": 0.25713054801954227}",180,60,120,0.0,0.0,0,0,60,120,2,1.1173184357541899,0,60.0,60.0,0.6666666666666666,0.0,0,0.0,0.0
B9724848-C7E2-45F4-9B3F-A1F38D864495,B9724848_s0,11B5EC4D-4133-4289-B475-4E737182A406,instantaneous,"{""theta"": 0.8036905536268959}",180,60,120,0.06666666666666667,0.0,4,0,60,120,10,5.58659217877095,8,16.363636363636363,3.0,0.6888888888888889,0.0,0,0.0,0.0
B9724848-C7E2-45F4-9B3F-A1F38D864495,B9724848_s0,11B5EC4D-4133-4289-B475-4E737182A406,moving_average,"{""theta"": 0.8113660515256714, ""w"": 5}",180,60,120,0.05,0.025,3,3,60,120,2,1.1173184357541899,0,60.0,60.0,0.6666666666666666,3.0,3,0.025,3.0
B9724848-C7E2-45F4-9B3F-A1F38D864495,B9724848_s0,11B5EC4D-4133-4289-B475-4E737182A406,ewma,"{""theta"": 0.8072064315731773, ""alpha"": 0.5}",180,60,120,0.016666666666666666,0.008333333333333333,1,1,60,120,2,1.1173184357541899,0,60.0,60.0,0.6666666666666666,1.0,1,0.008333333333333333,1.0
B9724848-C7E2-45F4-9B3F-A1F38D864495,B9724848_s0,11B5EC4D-4133-4289-B475-4E737182A406,majority_vote,"{""theta"": 0.8135716426091723, ""w"": 3, ""k"": 2}",180,60,120,0.016666666666666666,0.008333333333333333,1,1,60,120,2,1.1173184357541899,0,60.0,60.0,0.6666666666666666,1.0,1,0.008333333333333333,1.0
B9724848-C7E2-45F4-9B3F-A1F38D864495,B9724848_s0,11B5EC4D-4133-4289-B475-4E737182A406,debounce,"{""theta"": 0.8135716426091723, ""n"": 2}",180,60,120,0.016666666666666666,0.008333333333333333,1,1,60,120,2,1.1173184357541899,0,60.0,60.0,0.6666666666666666,1.0,1,0.008333333333333333,1.0
B9724848-C7E2-45F4-9B3F-A1F38D864495,B9724848_s0,11B5EC4D-4133-4289-B475-4E737182A406,margin_dual_threshold,"{""theta"": 0.7997155490590169, ""margin"": 0.05}",180,60,120,0.1,0.0,6,0,60,120,4,2.2346368715083798,0,36.0,31.0,0.7,1.0,0,0.0,0.0
B9724848-C7E2-45F4-9B3F-A1F38D864495,B9724848_s0,11B5EC4D-4133-4289-B475-4E737182A406,hysteresis,"{""theta"": 0.8216143248675315, ""margin"": 0.05, ""ttt_frames"": 3}",180,60,120,0.03333333333333333,0.016666666666666666,2,2,60,120,2,1.1173184357541899,0,60.0,60.0,0.6666666666666666,2.0,2,0.016666666666666666,2.0
B9724848-C7E2-45F4-9B3F-A1F38D864495,B9724848_s0,11B5EC4D-4133-4289-B475-4E737182A406,trust_model,"{""theta"": 0.8389256349351359, ""gain"": 0.6, ""decay"": 0.2, ""tau_lo"": 0.4, ""tau_hi"": 0.6}",180,60,120,0.06666666666666667,0.058333333333333334,4,7,60,120,2,1.1173184357541899,0,60.0,63.0,0.65,4.0,7,0.058333333333333334,7.0
B9724848-C7E2-45F4-9B3F-A1F38D864495,B9724848_s0,11B5EC4D-4133-4289-B475-4E737182A406,sprt,"{""A"": 16, ""B"": 16, ""mu_gen"": 0.9348401953021905, ""sd_gen"": 0.03970146104471033, ""mu_imp"": 0.4860134600158353, ""sd_imp"": 0.2282570299831422}",180,60,120,0.05,0.03333333333333333,3,4,60,120,2,1.1173184357541899,0,60.0,61.0,0.6611111111111111,3.0,4,0.03333333333333333,4.0
B9724848-C7E2-45F4-9B3F-A1F38D864495,B9724848_s1,33A85C34-CFE4-4732-9E73-0A7AC861B27A,instantaneous,"{""theta"": 0.8036905536268959}",180,60,120,0.0,0.0,0,0,60,120,2,1.1173184357541899,0,60.0,60.0,0.6666666666666666,0.0,0,0.0,0.0
B9724848-C7E2-45F4-9B3F-A1F38D864495,B9724848_s1,33A85C34-CFE4-4732-9E73-0A7AC861B27A,moving_average,"{""theta"": 0.8113660515256714, ""w"": 5}",180,60,120,0.03333333333333333,0.016666666666666666,2,2,60,120,2,1.1173184357541899,0,60.0,60.0,0.6666666666666666,2.0,2,0.016666666666666666,2.0
B9724848-C7E2-45F4-9B3F-A1F38D864495,B9724848_s1,33A85C34-CFE4-4732-9E73-0A7AC861B27A,ewma,"{""theta"": 0.8072064315731773, ""alpha"": 0.5}",180,60,120,0.016666666666666666,0.008333333333333333,1,1,60,120,2,1.1173184357541899,0,60.0,60.0,0.6666666666666666,1.0,1,0.008333333333333333,1.0
B9724848-C7E2-45F4-9B3F-A1F38D864495,B9724848_s1,33A85C34-CFE4-4732-9E73-0A7AC861B27A,majority_vote,"{""theta"": 0.8135716426091723, ""w"": 3, ""k"": 2}",180,60,120,0.016666666666666666,0.008333333333333333,1,1,60,120,2,1.1173184357541899,0,60.0,60.0,0.6666666666666666,1.0,1,0.008333333333333333,1.0
B9724848-C7E2-45F4-9B3F-A1F38D864495,B9724848_s1,33A85C34-CFE4-4732-9E73-0A7AC861B27A,debounce,"{""theta"": 0.8135716426091723, ""n"": 2}",180,60,120,0.016666666666666666,0.008333333333333333,1,1,60,120,2,1.1173184357541899,0,60.0,60.0,0.6666666666666666,1.0,1,0.008333333333333333,1.0
B9724848-C7E2-45F4-9B3F-A1F38D864495,B9724848_s1,33A85C34-CFE4-4732-9E73-0A7AC861B27A,margin_dual_threshold,"{""theta"": 0.7997155490590169, ""margin"": 0.05}",180,60,120,0.0,0.0,0,0,60,120,2,1.1173184357541899,0,60.0,60.0,0.6666666666666666,0.0,0,0.0,0.0
B9724848-C7E2-45F4-9B3F-A1F38D864495,B9724848_s1,33A85C34-CFE4-4732-9E73-0A7AC861B27A,hysteresis,"{""theta"": 0.8216143248675315, ""margin"": 0.05, ""ttt_frames"": 3}",180,60,120,0.03333333333333333,0.016666666666666666,2,2,60,120,2,1.1173184357541899,0,60.0,60.0,0.6666666666666666,2.0,2,0.016666666666666666,2.0
B9724848-C7E2-45F4-9B3F-A1F38D864495,B9724848_s1,33A85C34-CFE4-4732-9E73-0A7AC861B27A,trust_model,"{""theta"": 0.8389256349351359, ""gain"": 0.6, ""decay"": 0.2, ""tau_lo"": 0.4, ""tau_hi"": 0.6}",180,60,120,0.06666666666666667,0.1,4,12,60,120,2,1.1173184357541899,0,60.0,64.0,0.6222222222222222,4.0,12,0.1,12.0
B9724848-C7E2-45F4-9B3F-A1F38D864495,B9724848_s1,33A85C34-CFE4-4732-9E73-0A7AC861B27A,sprt,"{""A"": 16, ""B"": 16, ""mu_gen"": 0.9348401953021905, ""sd_gen"": 0.03970146104471033, ""mu_imp"": 0.4860134600158353, ""sd_imp"": 0.2282570299831422}",180,60,120,0.06666666666666667,0.06666666666666667,4,8,60,120,2,1.1173184357541899,0,60.0,64.0,0.6444444444444445,4.0,8,0.06666666666666667,8.0
B9724848-C7E2-45F4-9B3F-A1F38D864495,B9724848_s2,098A72A5-E3E5-4F54-A152-BBDA0DF7B694,instantaneous,"{""theta"": 0.8036905536268959}",180,60,120,0.0,0.0,0,0,60,120,2,1.1173184357541899,0,60.0,60.0,0.6666666666666666,0.0,0,0.0,0.0
B9724848-C7E2-45F4-9B3F-A1F38D864495,B9724848_s2,098A72A5-E3E5-4F54-A152-BBDA0DF7B694,moving_average,"{""theta"": 0.8113660515256714, ""w"": 5}",180,60,120,0.0,0.03333333333333333,0,4,60,120,2,1.1173184357541899,0,60.0,60.0,0.6444444444444445,0.0,4,0.03333333333333333,4.0
B9724848-C7E2-45F4-9B3F-A1F38D864495,B9724848_s2,098A72A5-E3E5-4F54-A152-BBDA0DF7B694,ewma,"{""theta"": 0.8072064315731773, ""alpha"": 0.5}",180,60,120,0.0,0.025,0,3,60,120,2,1.1173184357541899,0,60.0,60.0,0.65,0.0,3,0.025,3.0
B9724848-C7E2-45F4-9B3F-A1F38D864495,B9724848_s2,098A72A5-E3E5-4F54-A152-BBDA0DF7B694,majority_vote,"{""theta"": 0.8135716426091723, ""w"": 3, ""k"": 2}",180,60,120,0.016666666666666666,0.008333333333333333,1,1,60,120,2,1.1173184357541899,0,60.0,60.0,0.6666666666666666,1.0,1,0.008333333333333333,1.0
B9724848-C7E2-45F4-9B3F-A1F38D864495,B9724848_s2,098A72A5-E3E5-4F54-A152-BBDA0DF7B694,debounce,"{""theta"": 0.8135716426091723, ""n"": 2}",180,60,120,0.016666666666666666,0.008333333333333333,1,1,60,120,2,1.1173184357541899,0,60.0,60.0,0.6666666666666666,1.0,1,0.008333333333333333,1.0
B9724848-C7E2-45F4-9B3F-A1F38D864495,B9724848_s2,098A72A5-E3E5-4F54-A152-BBDA0DF7B694,margin_dual_threshold,"{""theta"": 0.7997155490590169, ""margin"": 0.05}",180,60,120,0.0,0.0,0,0,60,120,2,1.1173184357541899,0,60.0,60.0,0.6666666666666666,0.0,0,0.0,0.0
B9724848-C7E2-45F4-9B3F-A1F38D864495,B9724848_s2,098A72A5-E3E5-4F54-A152-BBDA0DF7B694,hysteresis,"{""theta"": 0.8216143248675315, ""margin"": 0.05, ""ttt_frames"": 3}",180,60,120,0.03333333333333333,0.016666666666666666,2,2,60,120,2,1.1173184357541899,0,60.0,60.0,0.6666666666666666,2.0,2,0.016666666666666666,2.0
B9724848-C7E2-45F4-9B3F-A1F38D864495,B9724848_s2,098A72A5-E3E5-4F54-A152-BBDA0DF7B694,trust_model,"{""theta"": 0.8389256349351359, ""gain"": 0.6, ""decay"": 0.2, ""tau_lo"": 0.4, ""tau_hi"": 0.6}",180,60,120,0.0,0.13333333333333333,0,16,60,120,2,1.1173184357541899,0,60.0,60.0,0.5777777777777777,0.0,16,0.13333333333333333,16.0
B9724848-C7E2-45F4-9B3F-A1F38D864495,B9724848_s2,098A72A5-E3E5-4F54-A152-BBDA0DF7B694,sprt,"{""A"": 16, ""B"": 16, ""mu_gen"": 0.9348401953021905, ""sd_gen"": 0.03970146104471033, ""mu_imp"": 0.4860134600158353, ""sd_imp"": 0.2282570299831422}",180,60,120,0.0,0.06666666666666667,0,8,60,120,2,1.1173184357541899,0,60.0,60.0,0.6222222222222222,0.0,8,0.06666666666666667,8.0
B9724848-C7E2-45F4-9B3F-A1F38D864495,B9724848_s3,4E98F91F-4654-42EF-B908-A3389443F2E7,instantaneous,"{""theta"": 0.8036905536268959}",180,60,120,0.0,0.0,0,0,60,120,2,1.1173184357541899,0,60.0,60.0,0.6666666666666666,0.0,0,0.0,0.0
B9724848-C7E2-45F4-9B3F-A1F38D864495,B9724848_s3,4E98F91F-4654-42EF-B908-A3389443F2E7,moving_average,"{""theta"": 0.8113660515256714, ""w"": 5}",180,60,120,0.016666666666666666,0.03333333333333333,1,4,60,120,2,1.1173184357541899,0,60.0,61.0,0.65,1.0,4,0.03333333333333333,4.0
B9724848-C7E2-45F4-9B3F-A1F38D864495,B9724848_s3,4E98F91F-4654-42EF-B908-A3389443F2E7,ewma,"{""theta"": 0.8072064315731773, ""alpha"": 0.5}",180,60,120,0.0,0.025,0,3,60,120,2,1.1173184357541899,0,60.0,60.0,0.65,0.0,3,0.025,3.0
B9724848-C7E2-45F4-9B3F-A1F38D864495,B9724848_s3,4E98F91F-4654-42EF-B908-A3389443F2E7,majority_vote,"{""theta"": 0.8135716426091723, ""w"": 3, ""k"": 2}",180,60,120,0.016666666666666666,0.008333333333333333,1,1,60,120,2,1.1173184357541899,0,60.0,60.0,0.6666666666666666,1.0,1,0.008333333333333333,1.0
B9724848-C7E2-45F4-9B3F-A1F38D864495,B9724848_s3,4E98F91F-4654-42EF-B908-A3389443F2E7,debounce,"{""theta"": 0.8135716426091723, ""n"": 2}",180,60,120,0.016666666666666666,0.008333333333333333,1,1,60,120,2,1.1173184357541899,0,60.0,60.0,0.6666666666666666,1.0,1,0.008333333333333333,1.0
B9724848-C7E2-45F4-9B3F-A1F38D864495,B9724848_s3,4E98F91F-4654-42EF-B908-A3389443F2E7,margin_dual_threshold,"{""theta"": 0.7997155490590169, ""margin"": 0.05}",180,60,120,0.0,0.0,0,0,60,120,2,1.1173184357541899,0,60.0,60.0,0.6666666666666666,0.0,0,0.0,0.0
B9724848-C7E2-45F4-9B3F-A1F38D864495,B9724848_s3,4E98F91F-4654-42EF-B908-A3389443F2E7,hysteresis,"{""theta"": 0.8216143248675315, ""margin"": 0.05, ""ttt_frames"": 3}",180,60,120,0.03333333333333333,0.016666666666666666,2,2,60,120,2,1.1173184357541899,0,60.0,60.0,0.6666666666666666,2.0,2,0.016666666666666666,2.0
B9724848-C7E2-45F4-9B3F-A1F38D864495,B9724848_s3,4E98F91F-4654-42EF-B908-A3389443F2E7,trust_model,"{""theta"": 0.8389256349351359, ""gain"": 0.6, ""decay"": 0.2, ""tau_lo"": 0.4, ""tau_hi"": 0.6}",180,60,120,0.016666666666666666,0.5,1,60,60,120,1,0.5586592178770949,0,90.0,90.0,0.3388888888888889,1.0,60,0.5,
B9724848-C7E2-45F4-9B3F-A1F38D864495,B9724848_s3,4E98F91F-4654-42EF-B908-A3389443F2E7,sprt,"{""A"": 16, ""B"": 16, ""mu_gen"": 0.9348401953021905, ""sd_gen"": 0.03970146104471033, ""mu_imp"": 0.4860134600158353, ""sd_imp"": 0.2282570299831422}",180,60,120,0.0,0.11666666666666667,0,14,60,120,2,1.1173184357541899,0,60.0,60.0,0.5888888888888889,0.0,14,0.11666666666666667,14.0
B9724848-C7E2-45F4-9B3F-A1F38D864495,B9724848_s4,78A91A4E-4A51-4065-BDA7-94755F0BB3BB,instantaneous,"{""theta"": 0.8036905536268959}",180,60,120,0.0,0.0,0,0,60,120,2,1.1173184357541899,0,60.0,60.0,0.6666666666666666,0.0,0,0.0,0.0
B9724848-C7E2-45F4-9B3F-A1F38D864495,B9724848_s4,78A91A4E-4A51-4065-BDA7-94755F0BB3BB,moving_average,"{""theta"": 0.8113660515256714, ""w"": 5}",180,60,120,0.0,0.03333333333333333,0,4,60,120,2,1.1173184357541899,0,60.0,60.0,0.6444444444444445,0.0,4,0.03333333333333333,4.0
B9724848-C7E2-45F4-9B3F-A1F38D864495,B9724848_s4,78A91A4E-4A51-4065-BDA7-94755F0BB3BB,ewma,"{""theta"": 0.8072064315731773, ""alpha"": 0.5}",180,60,120,0.0,0.025,0,3,60,120,2,1.1173184357541899,0,60.0,60.0,0.65,0.0,3,0.025,3.0
B9724848-C7E2-45F4-9B3F-A1F38D864495,B9724848_s4,78A91A4E-4A51-4065-BDA7-94755F0BB3BB,majority_vote,"{""theta"": 0.8135716426091723, ""w"": 3, ""k"": 2}",180,60,120,0.016666666666666666,0.008333333333333333,1,1,60,120,2,1.1173184357541899,0,60.0,60.0,0.6666666666666666,1.0,1,0.008333333333333333,1.0
B9724848-C7E2-45F4-9B3F-A1F38D864495,B9724848_s4,78A91A4E-4A51-4065-BDA7-94755F0BB3BB,debounce,"{""theta"": 0.8135716426091723, ""n"": 2}",180,60,120,0.016666666666666666,0.008333333333333333,1,1,60,120,2,1.1173184357541899,0,60.0,60.0,0.6666666666666666,1.0,1,0.008333333333333333,1.0
B9724848-C7E2-45F4-9B3F-A1F38D864495,B9724848_s4,78A91A4E-4A51-4065-BDA7-94755F0BB3BB,margin_dual_threshold,"{""theta"": 0.7997155490590169, ""margin"": 0.05}",180,60,120,0.0,0.0,0,0,60,120,2,1.1173184357541899,0,60.0,60.0,0.6666666666666666,0.0,0,0.0,0.0
B9724848-C7E2-45F4-9B3F-A1F38D864495,B9724848_s4,78A91A4E-4A51-4065-BDA7-94755F0BB3BB,hysteresis,"{""theta"": 0.8216143248675315, ""margin"": 0.05, ""ttt_frames"": 3}",180,60,120,0.03333333333333333,0.016666666666666666,2,2,60,120,2,1.1173184357541899,0,60.0,60.0,0.6666666666666666,2.0,2,0.016666666666666666,2.0
B9724848-C7E2-45F4-9B3F-A1F38D864495,B9724848_s4,78A91A4E-4A51-4065-BDA7-94755F0BB3BB,trust_model,"{""theta"": 0.8389256349351359, ""gain"": 0.6, ""decay"": 0.2, ""tau_lo"": 0.4, ""tau_hi"": 0.6}",180,60,120,0.0,0.041666666666666664,0,5,60,120,2,1.1173184357541899,0,60.0,60.0,0.6388888888888888,0.0,5,0.041666666666666664,5.0
B9724848-C7E2-45F4-9B3F-A1F38D864495,B9724848_s4,78A91A4E-4A51-4065-BDA7-94755F0BB3BB,sprt,"{""A"": 16, ""B"": 16, ""mu_gen"": 0.9348401953021905, ""sd_gen"": 0.03970146104471033, ""mu_imp"": 0.4860134600158353, ""sd_imp"": 0.2282570299831422}",180,60,120,0.0,0.05,0,6,60,120,2,1.1173184357541899,0,60.0,60.0,0.6333333333333333,0.0,6,0.05,6.0
B9724848-C7E2-45F4-9B3F-A1F38D864495,B9724848_s5,0BFC35E2-4817-4865-BFA7-764742302A2D,instantaneous,"{""theta"": 0.8036905536268959}",180,60,120,0.0,0.0,0,0,60,120,2,1.1173184357541899,0,60.0,60.0,0.6666666666666666,0.0,0,0.0,0.0
B9724848-C7E2-45F4-9B3F-A1F38D864495,B9724848_s5,0BFC35E2-4817-4865-BFA7-764742302A2D,moving_average,"{""theta"": 0.8113660515256714, ""w"": 5}",180,60,120,0.0,0.03333333333333333,0,4,60,120,2,1.1173184357541899,0,60.0,60.0,0.6444444444444445,0.0,4,0.03333333333333333,4.0
B9724848-C7E2-45F4-9B3F-A1F38D864495,B9724848_s5,0BFC35E2-4817-4865-BFA7-764742302A2D,ewma,"{""theta"": 0.8072064315731773, ""alpha"": 0.5}",180,60,120,0.0,0.025,0,3,60,120,2,1.1173184357541899,0,60.0,60.0,0.65,0.0,3,0.025,3.0
B9724848-C7E2-45F4-9B3F-A1F38D864495,B9724848_s5,0BFC35E2-4817-4865-BFA7-764742302A2D,majority_vote,"{""theta"": 0.8135716426091723, ""w"": 3, ""k"": 2}",180,60,120,0.016666666666666666,0.008333333333333333,1,1,60,120,2,1.1173184357541899,0,60.0,60.0,0.6666666666666666,1.0,1,0.008333333333333333,1.0
B9724848-C7E2-45F4-9B3F-A1F38D864495,B9724848_s5,0BFC35E2-4817-4865-BFA7-764742302A2D,debounce,"{""theta"": 0.8135716426091723, ""n"": 2}",180,60,120,0.016666666666666666,0.008333333333333333,1,1,60,120,2,1.1173184357541899,0,60.0,60.0,0.6666666666666666,1.0,1,0.008333333333333333,1.0
B9724848-C7E2-45F4-9B3F-A1F38D864495,B9724848_s5,0BFC35E2-4817-4865-BFA7-764742302A2D,margin_dual_threshold,"{""theta"": 0.7997155490590169, ""margin"": 0.05}",180,60,120,0.0,0.0,0,0,60,120,2,1.1173184357541899,0,60.0,60.0,0.6666666666666666,0.0,0,0.0,0.0
B9724848-C7E2-45F4-9B3F-A1F38D864495,B9724848_s5,0BFC35E2-4817-4865-BFA7-764742302A2D,hysteresis,"{""theta"": 0.8216143248675315, ""margin"": 0.05, ""ttt_frames"": 3}",180,60,120,0.03333333333333333,0.016666666666666666,2,2,60,120,2,1.1173184357541899,0,60.0,60.0,0.6666666666666666,2.0,2,0.016666666666666666,2.0
B9724848-C7E2-45F4-9B3F-A1F38D864495,B9724848_s5,0BFC35E2-4817-4865-BFA7-764742302A2D,trust_model,"{""theta"": 0.8389256349351359, ""gain"": 0.6, ""decay"": 0.2, ""tau_lo"": 0.4, ""tau_hi"": 0.6}",180,60,120,0.0,0.09166666666666666,0,11,60,120,2,1.1173184357541899,0,60.0,60.0,0.6055555555555555,0.0,11,0.09166666666666666,11.0
B9724848-C7E2-45F4-9B3F-A1F38D864495,B9724848_s5,0BFC35E2-4817-4865-BFA7-764742302A2D,sprt,"{""A"": 16, ""B"": 16, ""mu_gen"": 0.9348401953021905, ""sd_gen"": 0.03970146104471033, ""mu_imp"": 0.4860134600158353, ""sd_imp"": 0.2282570299831422}",180,60,120,0.0,0.08333333333333333,0,10,60,120,2,1.1173184357541899,0,60.0,60.0,0.6111111111111112,0.0,10,0.08333333333333333,10.0
BE3CA5A6-A561-4BBD-B7C9-5DF6805400FC,BE3CA5A6_s0,A5CDF89D-02A2-4EC1-89F8-F534FDABDD96,instantaneous,"{""theta"": 0.7921270363476329}",180,60,120,0.6166666666666667,0.0,37,0,60,120,14,7.82122905027933,13,12.0,3.0,0.8722222222222222,16.0,0,0.0,0.0
BE3CA5A6-A561-4BBD-B7C9-5DF6805400FC,BE3CA5A6_s0,A5CDF89D-02A2-4EC1-89F8-F534FDABDD96,moving_average,"{""theta"": 0.7652090097109793, ""w"": 3}",180,60,120,0.8,0.008333333333333333,48,1,60,120,2,1.1173184357541899,0,60.0,59.0,0.9277777777777778,48.0,1,0.008333333333333333,1.0
BE3CA5A6-A561-4BBD-B7C9-5DF6805400FC,BE3CA5A6_s0,A5CDF89D-02A2-4EC1-89F8-F534FDABDD96,ewma,"{""theta"": 0.7908849544752752, ""alpha"": 0.1}",180,60,120,0.8,0.041666666666666664,48,5,60,120,2,1.1173184357541899,0,60.0,55.0,0.9055555555555556,48.0,5,0.041666666666666664,5.0
BE3CA5A6-A561-4BBD-B7C9-5DF6805400FC,BE3CA5A6_s0,A5CDF89D-02A2-4EC1-89F8-F534FDABDD96,majority_vote,"{""theta"": 0.7983261907853917, ""w"": 3, ""k"": 2}",180,60,120,0.6166666666666667,0.008333333333333333,37,1,60,120,8,4.4692737430167595,6,20.0,7.0,0.8666666666666667,17.0,1,0.008333333333333333,1.0
BE3CA5A6-A561-4BBD-B7C9-5DF6805400FC,BE3CA5A6_s0,A5CDF89D-02A2-4EC1-89F8-F534FDABDD96,debounce,"{""theta"": 0.8943620521478146, ""n"": 10}",180,60,120,0.016666666666666666,0.075,1,9,60,120,2,1.1173184357541899,0,60.0,61.0,0.6222222222222222,1.0,9,0.075,9.0
BE3CA5A6-A561-4BBD-B7C9-5DF6805400FC,BE3CA5A6_s0,A5CDF89D-02A2-4EC1-89F8-F534FDABDD96,margin_dual_threshold,"{""theta"": 0.7768243798969742, ""margin"": 0.05}",180,60,120,0.75,0.0,45,0,60,120,4,2.2346368715083798,3,36.0,12.0,0.9166666666666666,44.0,0,0.0,0.0
BE3CA5A6-A561-4BBD-B7C9-5DF6805400FC,BE3CA5A6_s0,A5CDF89D-02A2-4EC1-89F8-F534FDABDD96,hysteresis,"{""theta"": 0.9184854154942786, ""margin"": 0.05, ""ttt_frames"": 10}",180,60,120,0.016666666666666666,0.1,1,12,60,120,2,1.1173184357541899,0,60.0,61.0,0.6055555555555555,1.0,12,0.1,12.0
BE3CA5A6-A561-4BBD-B7C9-5DF6805400FC,BE3CA5A6_s0,A5CDF89D-02A2-4EC1-89F8-F534FDABDD96,trust_model,"{""theta"": 0.9632691052335397, ""gain"": 0.1, ""decay"": 0.0, ""tau_lo"": 0.4, ""tau_hi"": 0.6}",180,60,120,0.38333333333333336,0.5,23,60,60,120,1,0.5586592178770949,0,90.0,90.0,0.46111111111111114,23.0,60,0.5,
BE3CA5A6-A561-4BBD-B7C9-5DF6805400FC,BE3CA5A6_s0,A5CDF89D-02A2-4EC1-89F8-F534FDABDD96,sprt,"{""A"": 16, ""B"": 16, ""mu_gen"": 0.918297067467017, ""sd_gen"": 0.04395432343943981, ""mu_imp"": 0.4661505554513433, ""sd_imp"": 0.22723150208551413}",180,60,120,0.3,0.03333333333333333,18,4,60,120,2,1.1173184357541899,0,60.0,56.0,0.7444444444444445,18.0,4,0.03333333333333333,4.0
BE3CA5A6-A561-4BBD-B7C9-5DF6805400FC,BE3CA5A6_s1,A7599A50-24AE-46A6-8EA6-2576F1011D81,instantaneous,"{""theta"": 0.7921270363476329}",180,60,120,0.0,0.0,0,0,60,120,2,1.1173184357541899,0,60.0,60.0,0.6666666666666666,0.0,0,0.0,0.0
BE3CA5A6-A561-4BBD-B7C9-5DF6805400FC,BE3CA5A6_s1,A7599A50-24AE-46A6-8EA6-2576F1011D81,moving_average,"{""theta"": 0.7652090097109793, ""w"": 3}",180,60,120,0.0,0.016666666666666666,0,2,60,120,2,1.1173184357541899,0,60.0,60.0,0.6555555555555556,0.0,2,0.016666666666666666,2.0
BE3CA5A6-A561-4BBD-B7C9-5DF6805400FC,BE3CA5A6_s1,A7599A50-24AE-46A6-8EA6-2576F1011D81,ewma,"{""theta"": 0.7908849544752752, ""alpha"": 0.1}",180,60,120,0.016666666666666666,0.2,1,24,60,120,2,1.1173184357541899,0,60.0,61.0,0.5388888888888889,1.0,24,0.2,24.0
BE3CA5A6-A561-4BBD-B7C9-5DF6805400FC,BE3CA5A6_s1,A7599A50-24AE-46A6-8EA6-2576F1011D81,majority_vote,"{""theta"": 0.7983261907853917, ""w"": 3, ""k"": 2}",180,60,120,0.016666666666666666,0.008333333333333333,1,1,60,120,2,1.1173184357541899,0,60.0,60.0,0.6666666666666666,1.0,1,0.008333333333333333,1.0
BE3CA5A6-A561-4BBD-B7C9-5DF6805400FC,BE3CA5A6_s1,A7599A50-24AE-46A6-8EA6-2576F1011D81,debounce,"{""theta"": 0.8943620521478146, ""n"": 10}",180,60,120,0.15,0.5,9,60,60,120,1,0.5586592178770949,0,90.0,90.0,0.38333333333333336,9.0,60,0.5,
BE3CA5A6-A561-4BBD-B7C9-5DF6805400FC,BE3CA5A6_s1,A7599A50-24AE-46A6-8EA6-2576F1011D81,margin_dual_threshold,"{""theta"": 0.7768243798969742, ""margin"": 0.05}",180,60,120,0.0,0.0,0,0,60,120,2,1.1173184357541899,0,60.0,60.0,0.6666666666666666,0.0,0,0.0,0.0
BE3CA5A6-A561-4BBD-B7C9-5DF6805400FC,BE3CA5A6_s1,A7599A50-24AE-46A6-8EA6-2576F1011D81,hysteresis,"{""theta"": 0.9184854154942786, ""margin"": 0.05, ""ttt_frames"": 10}",180,60,120,0.15,0.5,9,60,60,120,1,0.5586592178770949,0,90.0,90.0,0.38333333333333336,9.0,60,0.5,
BE3CA5A6-A561-4BBD-B7C9-5DF6805400FC,BE3CA5A6_s1,A7599A50-24AE-46A6-8EA6-2576F1011D81,trust_model,"{""theta"": 0.9632691052335397, ""gain"": 0.1, ""decay"": 0.0, ""tau_lo"": 0.4, ""tau_hi"": 0.6}",180,60,120,0.06666666666666667,0.5,4,60,60,120,1,0.5586592178770949,0,90.0,90.0,0.35555555555555557,4.0,60,0.5,
BE3CA5A6-A561-4BBD-B7C9-5DF6805400FC,BE3CA5A6_s1,A7599A50-24AE-46A6-8EA6-2576F1011D81,sprt,"{""A"": 16, ""B"": 16, ""mu_gen"": 0.918297067467017, ""sd_gen"": 0.04395432343943981, ""mu_imp"": 0.4661505554513433, ""sd_imp"": 0.22723150208551413}",180,60,120,0.0,0.06666666666666667,0,8,60,120,2,1.1173184357541899,0,60.0,60.0,0.6222222222222222,0.0,8,0.06666666666666667,8.0
BE3CA5A6-A561-4BBD-B7C9-5DF6805400FC,BE3CA5A6_s2,33A85C34-CFE4-4732-9E73-0A7AC861B27A,instantaneous,"{""theta"": 0.7921270363476329}",180,60,120,0.0,0.0,0,0,60,120,2,1.1173184357541899,0,60.0,60.0,0.6666666666666666,0.0,0,0.0,0.0
BE3CA5A6-A561-4BBD-B7C9-5DF6805400FC,BE3CA5A6_s2,33A85C34-CFE4-4732-9E73-0A7AC861B27A,moving_average,"{""theta"": 0.7652090097109793, ""w"": 3}",180,60,120,0.0,0.016666666666666666,0,2,60,120,2,1.1173184357541899,0,60.0,60.0,0.6555555555555556,0.0,2,0.016666666666666666,2.0
BE3CA5A6-A561-4BBD-B7C9-5DF6805400FC,BE3CA5A6_s2,33A85C34-CFE4-4732-9E73-0A7AC861B27A,ewma,"{""theta"": 0.7908849544752752, ""alpha"": 0.1}",180,60,120,0.016666666666666666,0.15,1,18,60,120,2,1.1173184357541899,0,60.0,61.0,0.5722222222222222,1.0,18,0.15,18.0
BE3CA5A6-A561-4BBD-B7C9-5DF6805400FC,BE3CA5A6_s2,33A85C34-CFE4-4732-9E73-0A7AC861B27A,majority_vote,"{""theta"": 0.7983261907853917, ""w"": 3, ""k"": 2}",180,60,120,0.016666666666666666,0.008333333333333333,1,1,60,120,2,1.1173184357541899,0,60.0,60.0,0.6666666666666666,1.0,1,0.008333333333333333,1.0
BE3CA5A6-A561-4BBD-B7C9-5DF6805400FC,BE3CA5A6_s2,33A85C34-CFE4-4732-9E73-0A7AC861B27A,debounce,"{""theta"": 0.8943620521478146, ""n"": 10}",180,60,120,0.0,0.5333333333333333,0,64,60,120,2,1.1173184357541899,0,60.0,34.0,0.3111111111111111,0.0,64,0.5333333333333333,26.0
BE3CA5A6-A561-4BBD-B7C9-5DF6805400FC,BE3CA5A6_s2,33A85C34-CFE4-4732-9E73-0A7AC861B27A,margin_dual_threshold,"{""theta"": 0.7768243798969742, ""margin"": 0.05}",180,60,120,0.0,0.0,0,0,60,120,2,1.1173184357541899,0,60.0,60.0,0.6666666666666666,0.0,0,0.0,0.0
BE3CA5A6-A561-4BBD-B7C9-5DF6805400FC,BE3CA5A6_s2,33A85C34-CFE4-4732-9E73-0A7AC861B27A,hysteresis,"{""theta"": 0.9184854154942786, ""margin"": 0.05, ""ttt_frames"": 10}",180,60,120,0.0,0.8166666666666667,0,98,60,120,1,0.5586592178770949,0,90.0,90.0,0.12222222222222222,0.0,98,0.8166666666666667,
BE3CA5A6-A561-4BBD-B7C9-5DF6805400FC,BE3CA5A6_s2,33A85C34-CFE4-4732-9E73-0A7AC861B27A,trust_model,"{""theta"": 0.9632691052335397, ""gain"": 0.1, ""decay"": 0.0, ""tau_lo"": 0.4, ""tau_hi"": 0.6}",180,60,120,0.0,0.5,0,60,60,120,1,0.5586592178770949,0,90.0,90.0,0.3333333333333333,0.0,60,0.5,
BE3CA5A6-A561-4BBD-B7C9-5DF6805400FC,BE3CA5A6_s2,33A85C34-CFE4-4732-9E73-0A7AC861B27A,sprt,"{""A"": 16, ""B"": 16, ""mu_gen"": 0.918297067467017, ""sd_gen"": 0.04395432343943981, ""mu_imp"": 0.4661505554513433, ""sd_imp"": 0.22723150208551413}",180,60,120,0.0,0.041666666666666664,0,5,60,120,2,1.1173184357541899,0,60.0,60.0,0.6388888888888888,0.0,5,0.041666666666666664,5.0
BE3CA5A6-A561-4BBD-B7C9-5DF6805400FC,BE3CA5A6_s3,33A85C34-CFE4-4732-9E73-0A7AC861B27A,instantaneous,"{""theta"": 0.7921270363476329}",180,60,120,0.0,0.0,0,0,60,120,2,1.1173184357541899,0,60.0,60.0,0.6666666666666666,0.0,0,0.0,0.0
BE3CA5A6-A561-4BBD-B7C9-5DF6805400FC,BE3CA5A6_s3,33A85C34-CFE4-4732-9E73-0A7AC861B27A,moving_average,"{""theta"": 0.7652090097109793, ""w"": 3}",180,60,120,0.0,0.016666666666666666,0,2,60,120,2,1.1173184357541899,0,60.0,60.0,0.6555555555555556,0.0,2,0.016666666666666666,2.0
BE3CA5A6-A561-4BBD-B7C9-5DF6805400FC,BE3CA5A6_s3,33A85C34-CFE4-4732-9E73-0A7AC861B27A,ewma,"{""theta"": 0.7908849544752752, ""alpha"": 0.1}",180,60,120,0.016666666666666666,0.125,1,15,60,120,2,1.1173184357541899,0,60.0,61.0,0.5888888888888889,1.0,15,0.125,15.0
BE3CA5A6-A561-4BBD-B7C9-5DF6805400FC,BE3CA5A6_s3,33A85C34-CFE4-4732-9E73-0A7AC861B27A,majority_vote,"{""theta"": 0.7983261907853917, ""w"": 3, ""k"": 2}",180,60,120,0.016666666666666666,0.008333333333333333,1,1,60,120,2,1.1173184357541899,0,60.0,60.0,0.6666666666666666,1.0,1,0.008333333333333333,1.0
BE3CA5A6-A561-4BBD-B7C9-5DF6805400FC,BE3CA5A6_s3,33A85C34-CFE4-4732-9E73-0A7AC861B27A,debounce,"{""theta"": 0.8943620521478146, ""n"": 10}",180,60,120,0.15,0.075,9,9,60,120,2,1.1173184357541899,0,60.0,60.0,0.6666666666666666,9.0,9,0.075,9.0
BE3CA5A6-A561-4BBD-B7C9-5DF6805400FC,BE3CA5A6_s3,33A85C34-CFE4-4732-9E73-0A7AC861B27A,margin_dual_threshold,"{""theta"": 0.7768243798969742, ""margin"": 0.05}",180,60,120,0.0,0.0,0,0,60,120,2,1.1173184357541899,0,60.0,60.0,0.6666666666666666,0.0,0,0.0,0.0
BE3CA5A6-A561-4BBD-B7C9-5DF6805400FC,BE3CA5A6_s3,33A85C34-CFE4-4732-9E73-0A7AC861B27A,hysteresis,"{""theta"": 0.9184854154942786, ""margin"": 0.05, ""ttt_frames"": 10}",180,60,120,0.15,0.5,9,60,60,120,1,0.5586592178770949,0,90.0,90.0,0.38333333333333336,9.0,60,0.5,
BE3CA5A6-A561-4BBD-B7C9-5DF6805400FC,BE3CA5A6_s3,33A85C34-CFE4-4732-9E73-0A7AC861B27A,trust_model,"{""theta"": 0.9632691052335397, ""gain"": 0.1, ""decay"": 0.0, ""tau_lo"": 0.4, ""tau_hi"": 0.6}",180,60,120,0.08333333333333333,0.5,5,60,60,120,1,0.5586592178770949,0,90.0,90.0,0.3611111111111111,5.0,60,0.5,
BE3CA5A6-A561-4BBD-B7C9-5DF6805400FC,BE3CA5A6_s3,33A85C34-CFE4-4732-9E73-0A7AC861B27A,sprt,"{""A"": 16, ""B"": 16, ""mu_gen"": 0.918297067467017, ""sd_gen"": 0.04395432343943981, ""mu_imp"": 0.4661505554513433, ""sd_imp"": 0.22723150208551413}",180,60,120,0.0,0.03333333333333333,0,4,60,120,2,1.1173184357541899,0,60.0,60.0,0.6444444444444445,0.0,4,0.03333333333333333,4.0
BE3CA5A6-A561-4BBD-B7C9-5DF6805400FC,BE3CA5A6_s4,CF722AA9-2533-4E51-9FEB-9EAC84EE9AAC,instantaneous,"{""theta"": 0.7921270363476329}",180,60,120,0.0,0.0,0,0,60,120,2,1.1173184357541899,0,60.0,60.0,0.6666666666666666,0.0,0,0.0,0.0
BE3CA5A6-A561-4BBD-B7C9-5DF6805400FC,BE3CA5A6_s4,CF722AA9-2533-4E51-9FEB-9EAC84EE9AAC,moving_average,"{""theta"": 0.7652090097109793, ""w"": 3}",180,60,120,0.0,0.008333333333333333,0,1,60,120,2,1.1173184357541899,0,60.0,60.0,0.6611111111111111,0.0,1,0.008333333333333333,1.0
BE3CA5A6-A561-4BBD-B7C9-5DF6805400FC,BE3CA5A6_s4,CF722AA9-2533-4E51-9FEB-9EAC84EE9AAC,ewma,"{""theta"": 0.7908849544752752, ""alpha"": 0.1}",180,60,120,0.03333333333333333,0.058333333333333334,2,7,60,120,2,1.1173184357541899,0,60.0,62.0,0.6388888888888888,2.0,7,0.058333333333333334,7.0
BE3CA5A6-A561-4BBD-B7C9-5DF6805400FC,BE3CA5A6_s4,CF722AA9-2533-4E51-9FEB-9EAC84EE9AAC,majority_vote,"{""theta"": 0.7983261907853917, ""w"": 3, ""k"": 2}",180,60,120,0.016666666666666666,0.008333333333333333,1,1,60,120,2,1.1173184357541899,0,60.0,60.0,0.6666666666666666,1.0,1,0.008333333333333333,1.0
BE3CA5A6-A561-4BBD-B7C9-5DF6805400FC,BE3CA5A6_s4,CF722AA9-2533-4E51-9FEB-9EAC84EE9AAC,debounce,"{""theta"": 0.8943620521478146, ""n"": 10}",180,60,120,0.0,0.5,0,60,60,120,2,1.1173184357541899,0,60.0,51.0,0.3333333333333333,0.0,60,0.5,9.0
BE3CA5A6-A561-4BBD-B7C9-5DF6805400FC,BE3CA5A6_s4,CF722AA9-2533-4E51-9FEB-9EAC84EE9AAC,margin_dual_threshold,"{""theta"": 0.7768243798969742, ""margin"": 0.05}",180,60,120,0.0,0.0,0,0,60,120,2,1.1173184357541899,0,60.0,60.0,0.6666666666666666,0.0,0,0.0,0.0
BE3CA5A6-A561-4BBD-B7C9-5DF6805400FC,BE3CA5A6_s4,CF722AA9-2533-4E51-9FEB-9EAC84EE9AAC,hysteresis,"{""theta"": 0.9184854154942786, ""margin"": 0.05, ""ttt_frames"": 10}",180,60,120,0.0,0.5,0,60,60,120,2,1.1173184357541899,0,60.0,51.0,0.3333333333333333,0.0,60,0.5,9.0
BE3CA5A6-A561-4BBD-B7C9-5DF6805400FC,BE3CA5A6_s4,CF722AA9-2533-4E51-9FEB-9EAC84EE9AAC,trust_model,"{""theta"": 0.9632691052335397, ""gain"": 0.1, ""decay"": 0.0, ""tau_lo"": 0.4, ""tau_hi"": 0.6}",180,60,120,0.0,0.55,0,66,60,120,1,0.5586592178770949,0,90.0,90.0,0.3,0.0,66,0.55,
BE3CA5A6-A561-4BBD-B7C9-5DF6805400FC,BE3CA5A6_s4,CF722AA9-2533-4E51-9FEB-9EAC84EE9AAC,sprt,"{""A"": 16, ""B"": 16, ""mu_gen"": 0.918297067467017, ""sd_gen"": 0.04395432343943981, ""mu_imp"": 0.4661505554513433, ""sd_imp"": 0.22723150208551413}",180,60,120,0.016666666666666666,0.041666666666666664,1,5,60,120,2,1.1173184357541899,0,60.0,61.0,0.6444444444444445,1.0,5,0.041666666666666664,5.0
BE3CA5A6-A561-4BBD-B7C9-5DF6805400FC,BE3CA5A6_s5,7CE37510-56D0-4120-A1CF-0E23351428D2,instantaneous,"{""theta"": 0.7921270363476329}",180,60,120,0.7833333333333333,0.0,47,0,60,120,16,8.938547486033519,16,10.588235294117647,1.0,0.9277777777777778,14.0,0,0.0,0.0
BE3CA5A6-A561-4BBD-B7C9-5DF6805400FC,BE3CA5A6_s5,7CE37510-56D0-4120-A1CF-0E23351428D2,moving_average,"{""theta"": 0.7652090097109793, ""w"": 3}",180,60,120,0.9166666666666666,0.0,55,0,60,120,4,2.2346368715083798,2,36.0,38.0,0.9722222222222222,55.0,0,0.0,0.0
BE3CA5A6-A561-4BBD-B7C9-5DF6805400FC,BE3CA5A6_s5,7CE37510-56D0-4120-A1CF-0E23351428D2,ewma,"{""theta"": 0.7908849544752752, ""alpha"": 0.1}",180,60,120,0.9333333333333333,0.0,56,0,60,120,2,1.1173184357541899,0,60.0,60.0,0.9777777777777777,56.0,0,0.0,0.0
BE3CA5A6-A561-4BBD-B7C9-5DF6805400FC,BE3CA5A6_s5,7CE37510-56D0-4120-A1CF-0E23351428D2,majority_vote,"{""theta"": 0.7983261907853917, ""w"": 3, ""k"": 2}",180,60,120,0.8,0.0,48,0,60,120,8,4.4692737430167595,4,20.0,4.0,0.9333333333333333,15.0,0,0.0,0.0
BE3CA5A6-A561-4BBD-B7C9-5DF6805400FC,BE3CA5A6_s5,7CE37510-56D0-4120-A1CF-0E23351428D2,debounce,"{""theta"": 0.8943620521478146, ""n"": 10}",180,60,120,0.15,0.5,9,60,60,120,1,0.5586592178770949,0,90.0,90.0,0.38333333333333336,9.0,60,0.5,
BE3CA5A6-A561-4BBD-B7C9-5DF6805400FC,BE3CA5A6_s5,7CE37510-56D0-4120-A1CF-0E23351428D2,margin_dual_threshold,"{""theta"": 0.7768243798969742, ""margin"": 0.05}",180,60,120,0.9333333333333333,0.0,56,0,60,120,4,2.2346368715083798,4,36.0,9.0,0.9777777777777777,55.0,0,0.0,0.0
BE3CA5A6-A561-4BBD-B7C9-5DF6805400FC,BE3CA5A6_s5,7CE37510-56D0-4120-A1CF-0E23351428D2,hysteresis,"{""theta"": 0.9184854154942786, ""margin"": 0.05, ""ttt_frames"": 10}",180,60,120,0.15,0.5,9,60,60,120,1,0.5586592178770949,0,90.0,90.0,0.38333333333333336,9.0,60,0.5,
BE3CA5A6-A561-4BBD-B7C9-5DF6805400FC,BE3CA5A6_s5,7CE37510-56D0-4120-A1CF-0E23351428D2,trust_model,"{""theta"": 0.9632691052335397, ""gain"": 0.1, ""decay"": 0.0, ""tau_lo"": 0.4, ""tau_hi"": 0.6}",180,60,120,0.5333333333333333,0.5,32,60,60,120,1,0.5586592178770949,0,90.0,90.0,0.5111111111111111,32.0,60,0.5,
BE3CA5A6-A561-4BBD-B7C9-5DF6805400FC,BE3CA5A6_s5,7CE37510-56D0-4120-A1CF-0E23351428D2,sprt,"{""A"": 16, ""B"": 16, ""mu_gen"": 0.918297067467017, ""sd_gen"": 0.04395432343943981, ""mu_imp"": 0.4661505554513433, ""sd_imp"": 0.22723150208551413}",180,60,120,0.9166666666666666,0.06666666666666667,55,8,60,120,2,1.1173184357541899,0,60.0,52.0,0.9277777777777778,55.0,8,0.06666666666666667,8.0
CA820D43-E5E2-42EF-9798-BE56F776370B,CA820D43_s0,11B5EC4D-4133-4289-B475-4E737182A406,instantaneous,"{""theta"": 0.8303492931923842}",180,60,120,0.0,0.008333333333333333,0,1,60,120,4,2.2346368715083798,2,36.0,58.0,0.6611111111111111,0.0,1,0.008333333333333333,0.0
CA820D43-E5E2-42EF-9798-BE56F776370B,CA820D43_s0,11B5EC4D-4133-4289-B475-4E737182A406,moving_average,"{""theta"": 0.8197602856332167, ""w"": 5}",180,60,120,0.016666666666666666,0.03333333333333333,1,4,60,120,2,1.1173184357541899,0,60.0,61.0,0.65,1.0,4,0.03333333333333333,4.0
CA820D43-E5E2-42EF-9798-BE56F776370B,CA820D43_s0,11B5EC4D-4133-4289-B475-4E737182A406,ewma,"{""theta"": 0.8232208309991342, ""alpha"": 0.5}",180,60,120,0.0,0.016666666666666666,0,2,60,120,2,1.1173184357541899,0,60.0,60.0,0.6555555555555556,0.0,2,0.016666666666666666,2.0
CA820D43-E5E2-42EF-9798-BE56F776370B,CA820D43_s0,11B5EC4D-4133-4289-B475-4E737182A406,majority_vote,"{""theta"": 0.8309176494554343, ""w"": 3, ""k"": 2}",180,60,120,0.016666666666666666,0.016666666666666666,1,2,60,120,4,2.2346368715083798,2,36.0,59.0,0.6611111111111111,1.0,2,0.016666666666666666,1.0
CA820D43-E5E2-42EF-9798-BE56F776370B,CA820D43_s0,11B5EC4D-4133-4289-B475-4E737182A406,debounce,"{""theta"": 0.8784730350893786, ""n"": 5}",180,60,120,0.06666666666666667,0.19166666666666668,4,23,60,120,6,3.35195530726257,0,25.714285714285715,11.0,0.5611111111111111,4.0,23,0.19166666666666668,7.0
CA820D43-E5E2-42EF-9798-BE56F776370B,CA820D43_s0,11B5EC4D-4133-4289-B475-4E737182A406,margin_dual_threshold,"{""theta"": 0.8197602856332167, ""margin"": 0.05}",180,60,120,0.0,0.0,0,0,60,120,2,1.1173184357541899,0,60.0,60.0,0.6666666666666666,0.0,0,0.0,0.0
CA820D43-E5E2-42EF-9798-BE56F776370B,CA820D43_s0,11B5EC4D-4133-4289-B475-4E737182A406,hysteresis,"{""theta"": 0.8918649579116618, ""margin"": 0.05, ""ttt_frames"": 5}",180,60,120,0.06666666666666667,0.5,4,60,60,120,1,0.5586592178770949,0,90.0,90.0,0.35555555555555557,4.0,60,0.5,
CA820D43-E5E2-42EF-9798-BE56F776370B,CA820D43_s0,11B5EC4D-4133-4289-B475-4E737182A406,trust_model,"{""theta"": 0.856565317317696, ""gain"": 0.6, ""decay"": 0.05, ""tau_lo"": 0.4, ""tau_hi"": 0.6}",180,60,120,0.016666666666666666,0.14166666666666666,1,17,60,120,2,1.1173184357541899,0,60.0,61.0,0.5777777777777777,1.0,17,0.14166666666666666,17.0
CA820D43-E5E2-42EF-9798-BE56F776370B,CA820D43_s0,11B5EC4D-4133-4289-B475-4E737182A406,sprt,"{""A"": 4, ""B"": 1, ""mu_gen"": 0.9082465031474299, ""sd_gen"": 0.057813241209220066, ""mu_imp"": 0.5100733524596193, ""sd_imp"": 0.21862633864180503}",180,60,120,0.0,0.008333333333333333,0,1,60,120,2,1.1173184357541899,0,60.0,60.0,0.6611111111111111,0.0,1,0.008333333333333333,1.0
CA820D43-E5E2-42EF-9798-BE56F776370B,CA820D43_s1,ECECC2AB-D32F-4F90-B74C-E12A1C69BBE2,instantaneous,"{""theta"": 0.8303492931923842}",180,60,120,1.0,0.016666666666666666,60,2,60,120,4,2.2346368715083798,4,36.0,22.0,0.9888888888888889,,2,0.016666666666666666,1.0
CA820D43-E5E2-42EF-9798-BE56F776370B,CA820D43_s1,ECECC2AB-D32F-4F90-B74C-E12A1C69BBE2,moving_average,"{""theta"": 0.8197602856332167, ""w"": 5}",180,60,120,1.0,0.008333333333333333,60,1,60,120,2,1.1173184357541899,2,60.0,59.0,0.9944444444444445,,1,0.008333333333333333,1.0
CA820D43-E5E2-42EF-9798-BE56F776370B,CA820D43_s1,ECECC2AB-D32F-4F90-B74C-E12A1C69BBE2,ewma,"{""theta"": 0.8232208309991342, ""alpha"": 0.5}",180,60,120,1.0,0.008333333333333333,60,1,60,120,2,1.1173184357541899,2,60.0,59.0,0.9944444444444445,,1,0.008333333333333333,1.0
CA820D43-E5E2-42EF-9798-BE56F776370B,CA820D43_s1,ECECC2AB-D32F-4F90-B74C-E12A1C69BBE2,majority_vote,"{""theta"": 0.8309176494554343, ""w"": 3, ""k"": 2}",180,60,120,1.0,0.0,60,0,60,120,0,0.0,0,180.0,180.0,1.0,,0,0.0,0.0
CA820D43-E5E2-42EF-9798-BE56F776370B,CA820D43_s1,ECECC2AB-D32F-4F90-B74C-E12A1C69BBE2,debounce,"{""theta"": 0.8784730350893786, ""n"": 5}",180,60,120,0.0,0.25,0,30,60,120,4,2.2346368715083798,0,36.0,23.0,0.5,0.0,30,0.25,12.0
CA820D43-E5E2-42EF-9798-BE56F776370B,CA820D43_s1,ECECC2AB-D32F-4F90-B74C-E12A1C69BBE2,margin_dual_threshold,"{""theta"": 0.8197602856332167, ""margin"": 0.05}",180,60,120,1.0,0.008333333333333333,60,1,60,120,2,1.1173184357541899,2,60.0,59.0,0.9944444444444445,,1,0.008333333333333333,1.0
CA820D43-E5E2-42EF-9798-BE56F776370B,CA820D43_s1,ECECC2AB-D32F-4F90-B74C-E12A1C69BBE2,hysteresis,"{""theta"": 0.8918649579116618, ""margin"": 0.05, ""ttt_frames"": 5}",180,60,120,0.06666666666666667,0.125,4,15,60,120,2,1.1173184357541899,0,60.0,64.0,0.6055555555555555,4.0,15,0.125,15.0
CA820D43-E5E2-42EF-9798-BE56F776370B,CA820D43_s1,ECECC2AB-D32F-4F90-B74C-E12A1C69BBE2,trust_model,"{""theta"": 0.856565317317696, ""gain"": 0.6, ""decay"": 0.05, ""tau_lo"": 0.4, ""tau_hi"": 0.6}",180,60,120,0.9,0.075,54,9,60,120,2,1.1173184357541899,0,60.0,51.0,0.9166666666666666,54.0,9,0.075,9.0
CA820D43-E5E2-42EF-9798-BE56F776370B,CA820D43_s1,ECECC2AB-D32F-4F90-B74C-E12A1C69BBE2,sprt,"{""A"": 4, ""B"": 1, ""mu_gen"": 0.9082465031474299, ""sd_gen"": 0.057813241209220066, ""mu_imp"": 0.5100733524596193, ""sd_imp"": 0.21862633864180503}",180,60,120,1.0,0.016666666666666666,60,2,60,120,2,1.1173184357541899,2,60.0,58.0,0.9888888888888889,,2,0.016666666666666666,2.0
CA820D43-E5E2-42EF-9798-BE56F776370B,CA820D43_s2,B9724848-C7E2-45F4-9B3F-A1F38D864495,instantaneous,"{""theta"": 0.8303492931923842}",180,60,120,0.0,0.0,0,0,60,120,2,1.1173184357541899,0,60.0,60.0,0.6666666666666666,0.0,0,0.0,0.0
CA820D43-E5E2-42EF-9798-BE56F776370B,CA820D43_s2,B9724848-C7E2-45F4-9B3F-A1F38D864495,moving_average,"{""theta"": 0.8197602856332167, ""w"": 5}",180,60,120,0.016666666666666666,0.025,1,3,60,120,2,1.1173184357541899,0,60.0,61.0,0.6555555555555556,1.0,3,0.025,3.0
CA820D43-E5E2-42EF-9798-BE56F776370B,CA820D43_s2,B9724848-C7E2-45F4-9B3F-A1F38D864495,ewma,"{""theta"": 0.8232208309991342, ""alpha"": 0.5}",180,60,120,0.0,0.016666666666666666,0,2,60,120,2,1.1173184357541899,0,60.0,60.0,0.6555555555555556,0.0,2,0.016666666666666666,2.0
CA820D43-E5E2-42EF-9798-BE56F776370B,CA820D43_s2,B9724848-C7E2-45F4-9B3F-A1F38D864495,majority_vote,"{""theta"": 0.8309176494554343, ""w"": 3, ""k"": 2}",180,60,120,0.016666666666666666,0.008333333333333333,1,1,60,120,2,1.1173184357541899,0,60.0,60.0,0.6666666666666666,1.0,1,0.008333333333333333,1.0
CA820D43-E5E2-42EF-9798-BE56F776370B,CA820D43_s2,B9724848-C7E2-45F4-9B3F-A1F38D864495,debounce,"{""theta"": 0.8784730350893786, ""n"": 5}",180,60,120,0.06666666666666667,0.4166666666666667,4,50,60,120,4,2.2346368715083798,0,36.0,21.0,0.4111111111111111,4.0,50,0.4166666666666667,39.0
CA820D43-E5E2-42EF-9798-BE56F776370B,CA820D43_s2,B9724848-C7E2-45F4-9B3F-A1F38D864495,margin_dual_threshold,"{""theta"": 0.8197602856332167, ""margin"": 0.05}",180,60,120,0.0,0.0,0,0,60,120,2,1.1173184357541899,0,60.0,60.0,0.6666666666666666,0.0,0,0.0,0.0
CA820D43-E5E2-42EF-9798-BE56F776370B,CA820D43_s2,B9724848-C7E2-45F4-9B3F-A1F38D864495,hysteresis,"{""theta"": 0.8918649579116618, ""margin"": 0.05, ""ttt_frames"": 5}",180,60,120,0.06666666666666667,0.4,4,48,60,120,2,1.1173184357541899,0,60.0,64.0,0.4222222222222222,4.0,48,0.4,48.0
CA820D43-E5E2-42EF-9798-BE56F776370B,CA820D43_s2,B9724848-C7E2-45F4-9B3F-A1F38D864495,trust_model,"{""theta"": 0.856565317317696, ""gain"": 0.6, ""decay"": 0.05, ""tau_lo"": 0.4, ""tau_hi"": 0.6}",180,60,120,0.03333333333333333,0.14166666666666666,2,17,60,120,2,1.1173184357541899,0,60.0,62.0,0.5833333333333334,2.0,17,0.14166666666666666,17.0
CA820D43-E5E2-42EF-9798-BE56F776370B,CA820D43_s2,B9724848-C7E2-45F4-9B3F-A1F38D864495,sprt,"{""A"": 4, ""B"": 1, ""mu_gen"": 0.9082465031474299, ""sd_gen"": 0.057813241209220066, ""mu_imp"": 0.5100733524596193, ""sd_imp"": 0.21862633864180503}",180,60,120,0.0,0.008333333333333333,0,1,60,120,2,1.1173184357541899,0,60.0,60.0,0.6611111111111111,0.0,1,0.008333333333333333,1.0
CA820D43-E5E2-42EF-9798-BE56F776370B,CA820D43_s3,4E98F91F-4654-42EF-B908-A3389443F2E7,instantaneous,"{""theta"": 0.8303492931923842}",180,60,120,0.0,0.0,0,0,60,120,2,1.1173184357541899,0,60.0,60.0,0.6666666666666666,0.0,0,0.0,0.0
CA820D43-E5E2-42EF-9798-BE56F776370B,CA820D43_s3,4E98F91F-4654-42EF-B908-A3389443F2E7,moving_average,"{""theta"": 0.8197602856332167, ""w"": 5}",180,60,120,0.0,0.03333333333333333,0,4,60,120,2,1.1173184357541899,0,60.0,60.0,0.6444444444444445,0.0,4,0.03333333333333333,4.0
CA820D43-E5E2-42EF-9798-BE56F776370B,CA820D43_s3,4E98F91F-4654-42EF-B908-A3389443F2E7,ewma,"{""theta"": 0.8232208309991342, ""alpha"": 0.5}",180,60,120,0.0,0.025,0,3,60,120,2,1.1173184357541899,0,60.0,60.0,0.65,0.0,3,0.025,3.0
CA820D43-E5E2-42EF-9798-BE56F776370B,CA820D43_s3,4E98F91F-4654-42EF-B908-A3389443F2E7,majority_vote,"{""theta"": 0.8309176494554343, ""w"": 3, ""k"": 2}",180,60,120,0.016666666666666666,0.008333333333333333,1,1,60,120,2,1.1173184357541899,0,60.0,60.0,0.6666666666666666,1.0,1,0.008333333333333333,1.0
CA820D43-E5E2-42EF-9798-BE56F776370B,CA820D43_s3,4E98F91F-4654-42EF-B908-A3389443F2E7,debounce,"{""theta"": 0.8784730350893786, ""n"": 5}",180,60,120,0.03333333333333333,0.13333333333333333,2,16,60,120,2,1.1173184357541899,0,60.0,62.0,0.5888888888888889,2.0,16,0.13333333333333333,16.0
CA820D43-E5E2-42EF-9798-BE56F776370B,CA820D43_s3,4E98F91F-4654-42EF-B908-A3389443F2E7,margin_dual_threshold,"{""theta"": 0.8197602856332167, ""margin"": 0.05}",180,60,120,0.0,0.0,0,0,60,120,2,1.1173184357541899,0,60.0,60.0,0.6666666666666666,0.0,0,0.0,0.0
CA820D43-E5E2-42EF-9798-BE56F776370B,CA820D43_s3,4E98F91F-4654-42EF-B908-A3389443F2E7,hysteresis,"{""theta"": 0.8918649579116618, ""margin"": 0.05, ""ttt_frames"": 5}",180,60,120,0.03333333333333333,0.19166666666666668,2,23,60,120,2,1.1173184357541899,0,60.0,62.0,0.55,2.0,23,0.19166666666666668,23.0
CA820D43-E5E2-42EF-9798-BE56F776370B,CA820D43_s3,4E98F91F-4654-42EF-B908-A3389443F2E7,trust_model,"{""theta"": 0.856565317317696, ""gain"": 0.6, ""decay"": 0.05, ""tau_lo"": 0.4, ""tau_hi"": 0.6}",180,60,120,0.03333333333333333,0.13333333333333333,2,16,60,120,2,1.1173184357541899,0,60.0,62.0,0.5888888888888889,2.0,16,0.13333333333333333,16.0
CA820D43-E5E2-42EF-9798-BE56F776370B,CA820D43_s3,4E98F91F-4654-42EF-B908-A3389443F2E7,sprt,"{""A"": 4, ""B"": 1, ""mu_gen"": 0.9082465031474299, ""sd_gen"": 0.057813241209220066, ""mu_imp"": 0.5100733524596193, ""sd_imp"": 0.21862633864180503}",180,60,120,0.0,0.008333333333333333,0,1,60,120,2,1.1173184357541899,0,60.0,60.0,0.6611111111111111,0.0,1,0.008333333333333333,1.0
CA820D43-E5E2-42EF-9798-BE56F776370B,CA820D43_s4,11B5EC4D-4133-4289-B475-4E737182A406,instantaneous,"{""theta"": 0.8303492931923842}",180,60,120,0.65,0.0,39,0,60,120,18,10.05586592178771,16,9.473684210526315,1.0,0.8833333333333333,37.0,0,0.0,0.0
CA820D43-E5E2-42EF-9798-BE56F776370B,CA820D43_s4,11B5EC4D-4133-4289-B475-4E737182A406,moving_average,"{""theta"": 0.8197602856332167, ""w"": 5}",180,60,120,0.6833333333333333,0.008333333333333333,41,1,60,120,4,2.2346368715083798,0,36.0,13.0,0.8888888888888888,37.0,1,0.008333333333333333,1.0
CA820D43-E5E2-42EF-9798-BE56F776370B,CA820D43_s4,11B5EC4D-4133-4289-B475-4E737182A406,ewma,"{""theta"": 0.8232208309991342, ""alpha"": 0.5}",180,60,120,0.6833333333333333,0.0,41,0,60,120,8,4.4692737430167595,4,20.0,7.0,0.8944444444444445,37.0,0,0.0,0.0
CA820D43-E5E2-42EF-9798-BE56F776370B,CA820D43_s4,11B5EC4D-4133-4289-B475-4E737182A406,majority_vote,"{""theta"": 0.8309176494554343, ""w"": 3, ""k"": 2}",180,60,120,0.7333333333333333,0.008333333333333333,44,1,60,120,6,3.35195530726257,3,25.714285714285715,7.0,0.9055555555555556,37.0,1,0.008333333333333333,1.0
CA820D43-E5E2-42EF-9798-BE56F776370B,CA820D43_s4,11B5EC4D-4133-4289-B475-4E737182A406,debounce,"{""theta"": 0.8784730350893786, ""n"": 5}",180,60,120,0.06666666666666667,0.14166666666666666,4,17,60,120,6,3.35195530726257,0,25.714285714285715,12.0,0.5944444444444444,4.0,17,0.14166666666666666,4.0
CA820D43-E5E2-42EF-9798-BE56F776370B,CA820D43_s4,11B5EC4D-4133-4289-B475-4E737182A406,margin_dual_threshold,"{""theta"": 0.8197602856332167, ""margin"": 0.05}",180,60,120,0.6833333333333333,0.0,41,0,60,120,6,3.35195530726257,2,25.714285714285715,11.0,0.8944444444444445,37.0,0,0.0,0.0
CA820D43-E5E2-42EF-9798-BE56F776370B,CA820D43_s4,11B5EC4D-4133-4289-B475-4E737182A406,hysteresis,"{""theta"": 0.8918649579116618, ""margin"": 0.05, ""ttt_frames"": 5}",180,60,120,0.06666666666666667,0.075,4,9,60,120,4,2.2346368715083798,0,36.0,37.0,0.6388888888888888,4.0,9,0.075,4.0
CA820D43-E5E2-42EF-9798-BE56F776370B,CA820D43_s4,11B5EC4D-4133-4289-B475-4E737182A406,trust_model,"{""theta"": 0.856565317317696, ""gain"": 0.6, ""decay"": 0.05, ""tau_lo"": 0.4, ""tau_hi"": 0.6}",180,60,120,0.6166666666666667,0.075,37,9,60,120,2,1.1173184357541899,0,60.0,51.0,0.8222222222222222,37.0,9,0.075,9.0
CA820D43-E5E2-42EF-9798-BE56F776370B,CA820D43_s4,11B5EC4D-4133-4289-B475-4E737182A406,sprt,"{""A"": 4, ""B"": 1, ""mu_gen"": 0.9082465031474299, ""sd_gen"": 0.057813241209220066, ""mu_imp"": 0.5100733524596193, ""sd_imp"": 0.21862633864180503}",180,60,120,0.7,0.008333333333333333,42,1,60,120,6,3.35195530726257,2,25.714285714285715,7.0,0.8944444444444445,37.0,1,0.008333333333333333,1.0
CA820D43-E5E2-42EF-9798-BE56F776370B,CA820D43_s5,24E40C4C-A349-4F9F-93AB-01D00FB994AF,instantaneous,"{""theta"": 0.8303492931923842}",180,60,120,0.0,0.0,0,0,60,120,2,1.1173184357541899,0,60.0,60.0,0.6666666666666666,0.0,0,0.0,0.0
CA820D43-E5E2-42EF-9798-BE56F776370B,CA820D43_s5,24E40C4C-A349-4F9F-93AB-01D00FB994AF,moving_average,"{""theta"": 0.8197602856332167, ""w"": 5}",180,60,120,0.016666666666666666,0.03333333333333333,1,4,60,120,2,1.1173184357541899,0,60.0,61.0,0.65,1.0,4,0.03333333333333333,4.0
CA820D43-E5E2-42EF-9798-BE56F776370B,CA820D43_s5,24E40C4C-A349-4F9F-93AB-01D00FB994AF,ewma,"{""theta"": 0.8232208309991342, ""alpha"": 0.5}",180,60,120,0.0,0.025,0,3,60,120,2,1.1173184357541899,0,60.0,60.0,0.65,0.0,3,0.025,3.0
CA820D43-E5E2-42EF-9798-BE56F776370B,CA820D43_s5,24E40C4C-A349-4F9F-93AB-01D00FB994AF,majority_vote,"{""theta"": 0.8309176494554343, ""w"": 3, ""k"": 2}",180,60,120,0.016666666666666666,0.008333333333333333,1,1,60,120,2,1.1173184357541899,0,60.0,60.0,0.6666666666666666,1.0,1,0.008333333333333333,1.0
CA820D43-E5E2-42EF-9798-BE56F776370B,CA820D43_s5,24E40C4C-A349-4F9F-93AB-01D00FB994AF,debounce,"{""theta"": 0.8784730350893786, ""n"": 5}",180,60,120,0.06666666666666667,0.08333333333333333,4,10,60,120,4,2.2346368715083798,0,36.0,33.0,0.6333333333333333,4.0,10,0.08333333333333333,4.0
CA820D43-E5E2-42EF-9798-BE56F776370B,CA820D43_s5,24E40C4C-A349-4F9F-93AB-01D00FB994AF,margin_dual_threshold,"{""theta"": 0.8197602856332167, ""margin"": 0.05}",180,60,120,0.0,0.0,0,0,60,120,2,1.1173184357541899,0,60.0,60.0,0.6666666666666666,0.0,0,0.0,0.0
CA820D43-E5E2-42EF-9798-BE56F776370B,CA820D43_s5,24E40C4C-A349-4F9F-93AB-01D00FB994AF,hysteresis,"{""theta"": 0.8918649579116618, ""margin"": 0.05, ""ttt_frames"": 5}",180,60,120,0.06666666666666667,0.225,4,27,60,120,2,1.1173184357541899,0,60.0,64.0,0.5388888888888889,4.0,27,0.225,27.0
CA820D43-E5E2-42EF-9798-BE56F776370B,CA820D43_s5,24E40C4C-A349-4F9F-93AB-01D00FB994AF,trust_model,"{""theta"": 0.856565317317696, ""gain"": 0.6, ""decay"": 0.05, ""tau_lo"": 0.4, ""tau_hi"": 0.6}",180,60,120,0.016666666666666666,0.13333333333333333,1,16,60,120,2,1.1173184357541899,0,60.0,61.0,0.5833333333333334,1.0,16,0.13333333333333333,16.0
CA820D43-E5E2-42EF-9798-BE56F776370B,CA820D43_s5,24E40C4C-A349-4F9F-93AB-01D00FB994AF,sprt,"{""A"": 4, ""B"": 1, ""mu_gen"": 0.9082465031474299, ""sd_gen"": 0.057813241209220066, ""mu_imp"": 0.5100733524596193, ""sd_imp"": 0.21862633864180503}",180,60,120,0.0,0.008333333333333333,0,1,60,120,2,1.1173184357541899,0,60.0,60.0,0.6611111111111111,0.0,1,0.008333333333333333,1.0
CDA3BBF7-6631-45E8-85BA-EEB416B32A3C,CDA3BBF7_s0,ECECC2AB-D32F-4F90-B74C-E12A1C69BBE2,instantaneous,"{""theta"": 0.9150512713362694}",180,60,120,0.9833333333333333,0.0,59,0,60,120,2,1.1173184357541899,2,60.0,60.0,0.9944444444444445,,0,0.0,0.0
CDA3BBF7-6631-45E8-85BA-EEB416B32A3C,CDA3BBF7_s0,ECECC2AB-D32F-4F90-B74C-E12A1C69BBE2,moving_average,"{""theta"": 0.9099874634350188, ""w"": 3}",180,60,120,0.9666666666666667,0.0,58,0,60,120,2,1.1173184357541899,2,60.0,61.0,0.9888888888888889,,0,0.0,0.0
CDA3BBF7-6631-45E8-85BA-EEB416B32A3C,CDA3BBF7_s0,ECECC2AB-D32F-4F90-B74C-E12A1C69BBE2,ewma,"{""theta"": 0.9193366871323411, ""alpha"": 0.1}",180,60,120,1.0,0.0,60,0,60,120,0,0.0,0,180.0,180.0,1.0,,0,0.0,0.0
CDA3BBF7-6631-45E8-85BA-EEB416B32A3C,CDA3BBF7_s0,ECECC2AB-D32F-4F90-B74C-E12A1C69BBE2,majority_vote,"{""theta"": 0.9099874634350188, ""w"": 5, ""k"": 4}",180,60,120,1.0,0.0,60,0,60,120,0,0.0,0,180.0,180.0,1.0,,0,0.0,0.0
CDA3BBF7-6631-45E8-85BA-EEB416B32A3C,CDA3BBF7_s0,ECECC2AB-D32F-4F90-B74C-E12A1C69BBE2,debounce,"{""theta"": 0.9138162589604294, ""n"": 2}",180,60,120,1.0,0.0,60,0,60,120,0,0.0,0,180.0,180.0,1.0,,0,0.0,0.0
CDA3BBF7-6631-45E8-85BA-EEB416B32A3C,CDA3BBF7_s0,ECECC2AB-D32F-4F90-B74C-E12A1C69BBE2,margin_dual_threshold,"{""theta"": 0.9747179272879231, ""margin"": 0.4}",180,60,120,1.0,0.0,60,0,60,120,0,0.0,0,180.0,180.0,1.0,,0,0.0,0.0
CDA3BBF7-6631-45E8-85BA-EEB416B32A3C,CDA3BBF7_s0,ECECC2AB-D32F-4F90-B74C-E12A1C69BBE2,hysteresis,"{""theta"": 0.9206768137837924, ""margin"": 0.1, ""ttt_frames"": 3}",180,60,120,1.0,0.0,60,0,60,120,0,0.0,0,180.0,180.0,1.0,,0,0.0,0.0
CDA3BBF7-6631-45E8-85BA-EEB416B32A3C,CDA3BBF7_s0,ECECC2AB-D32F-4F90-B74C-E12A1C69BBE2,trust_model,"{""theta"": 0.9658378604262432, ""gain"": 0.3, ""decay"": 0.05, ""tau_lo"": 0.4, ""tau_hi"": 0.6}",180,60,120,0.2,0.325,12,39,60,120,2,1.1173184357541899,0,60.0,72.0,0.5166666666666667,12.0,39,0.325,39.0
CDA3BBF7-6631-45E8-85BA-EEB416B32A3C,CDA3BBF7_s0,ECECC2AB-D32F-4F90-B74C-E12A1C69BBE2,sprt,"{""A"": 16, ""B"": 16, ""mu_gen"": 0.9719402946092771, ""sd_gen"": 0.020863321435747643, ""mu_imp"": 0.626628882852765, ""sd_imp"": 0.24462732041686938}",180,60,120,0.7833333333333333,0.0,47,0,60,120,2,1.1173184357541899,0,60.0,60.0,0.9277777777777778,0.0,0,0.0,0.0
CDA3BBF7-6631-45E8-85BA-EEB416B32A3C,CDA3BBF7_s1,78A91A4E-4A51-4065-BDA7-94755F0BB3BB,instantaneous,"{""theta"": 0.9150512713362694}",180,60,120,0.0,0.0,0,0,60,120,2,1.1173184357541899,0,60.0,60.0,0.6666666666666666,0.0,0,0.0,0.0
CDA3BBF7-6631-45E8-85BA-EEB416B32A3C,CDA3BBF7_s1,78A91A4E-4A51-4065-BDA7-94755F0BB3BB,moving_average,"{""theta"": 0.9099874634350188, ""w"": 3}",180,60,120,0.016666666666666666,0.016666666666666666,1,2,60,120,2,1.1173184357541899,0,60.0,61.0,0.6611111111111111,1.0,2,0.016666666666666666,2.0
CDA3BBF7-6631-45E8-85BA-EEB416B32A3C,CDA3BBF7_s1,78A91A4E-4A51-4065-BDA7-94755F0BB3BB,ewma,"{""theta"": 0.9193366871323411, ""alpha"": 0.1}",180,60,120,0.05,0.15,3,18,60,120,2,1.1173184357541899,0,60.0,63.0,0.5833333333333334,3.0,18,0.15,18.0
CDA3BBF7-6631-45E8-85BA-EEB416B32A3C,CDA3BBF7_s1,78A91A4E-4A51-4065-BDA7-94755F0BB3BB,majority_vote,"{""theta"": 0.9099874634350188, ""w"": 5, ""k"": 4}",180,60,120,0.016666666666666666,0.025,1,3,60,120,2,1.1173184357541899,0,60.0,61.0,0.6555555555555556,1.0,3,0.025,3.0
CDA3BBF7-6631-45E8-85BA-EEB416B32A3C,CDA3BBF7_s1,78A91A4E-4A51-4065-BDA7-94755F0BB3BB,debounce,"{""theta"": 0.9138162589604294, ""n"": 2}",180,60,120,0.016666666666666666,0.008333333333333333,1,1,60,120,2,1.1173184357541899,0,60.0,60.0,0.6666666666666666,1.0,1,0.008333333333333333,1.0
CDA3BBF7-6631-45E8-85BA-EEB416B32A3C,CDA3BBF7_s1,78A91A4E-4A51-4065-BDA7-94755F0BB3BB,margin_dual_threshold,"{""theta"": 0.9747179272879231, ""margin"": 0.4}",180,60,120,0.05,0.5,3,60,60,120,1,0.5586592178770949,0,90.0,90.0,0.35,3.0,60,0.5,
CDA3BBF7-6631-45E8-85BA-EEB416B32A3C,CDA3BBF7_s1,78A91A4E-4A51-4065-BDA7-94755F0BB3BB,hysteresis,"{""theta"": 0.9206768137837924, ""margin"": 0.1, ""ttt_frames"": 3}",180,60,120,0.05,0.016666666666666666,3,2,60,120,2,1.1173184357541899,0,60.0,59.0,0.6722222222222223,3.0,2,0.016666666666666666,2.0
CDA3BBF7-6631-45E8-85BA-EEB416B32A3C,CDA3BBF7_s1,78A91A4E-4A51-4065-BDA7-94755F0BB3BB,trust_model,"{""theta"": 0.9658378604262432, ""gain"": 0.3, ""decay"": 0.05, ""tau_lo"": 0.4, ""tau_hi"": 0.6}",180,60,120,0.05,0.5,3,60,60,120,1,0.5586592178770949,0,90.0,90.0,0.35,3.0,60,0.5,
CDA3BBF7-6631-45E8-85BA-EEB416B32A3C,CDA3BBF7_s1,78A91A4E-4A51-4065-BDA7-94755F0BB3BB,sprt,"{""A"": 16, ""B"": 16, ""mu_gen"": 0.9719402946092771, ""sd_gen"": 0.020863321435747643, ""mu_imp"": 0.626628882852765, ""sd_imp"": 0.24462732041686938}",180,60,120,0.016666666666666666,0.03333333333333333,1,4,60,120,2,1.1173184357541899,0,60.0,61.0,0.65,1.0,4,0.03333333333333333,4.0
CDA3BBF7-6631-45E8-85BA-EEB416B32A3C,CDA3BBF7_s2,78A91A4E-4A51-4065-BDA7-94755F0BB3BB,instantaneous,"{""theta"": 0.9150512713362694}",180,60,120,0.55,0.0,33,0,60,120,12,6.70391061452514,11,13.846153846153847,3.0,0.85,30.0,0,0.0,0.0
CDA3BBF7-6631-45E8-85BA-EEB416B32A3C,CDA3BBF7_s2,78A91A4E-4A51-4065-BDA7-94755F0BB3BB,moving_average,"{""theta"": 0.9099874634350188, ""w"": 3}",180,60,120,0.55,0.008333333333333333,33,1,60,120,6,3.35195530726257,2,25.714285714285715,11.0,0.8444444444444444,28.0,1,0.008333333333333333,1.0
CDA3BBF7-6631-45E8-85BA-EEB416B32A3C,CDA3BBF7_s2,78A91A4E-4A51-4065-BDA7-94755F0BB3BB,ewma,"{""theta"": 0.9193366871323411, ""alpha"": 0.1}",180,60,120,0.5,0.058333333333333334,30,7,60,120,2,1.1173184357541899,0,60.0,53.0,0.7944444444444444,30.0,7,0.058333333333333334,7.0
CDA3BBF7-6631-45E8-85BA-EEB416B32A3C,CDA3BBF7_s2,78A91A4E-4A51-4065-BDA7-94755F0BB3BB,majority_vote,"{""theta"": 0.9099874634350188, ""w"": 5, ""k"": 4}",180,60,120,0.5333333333333333,0.025,32,3,60,120,4,2.2346368715083798,0,36.0,20.0,0.8277777777777777,28.0,3,0.025,3.0
CDA3BBF7-6631-45E8-85BA-EEB416B32A3C,CDA3BBF7_s2,78A91A4E-4A51-4065-BDA7-94755F0BB3BB,debounce,"{""theta"": 0.9138162589604294, ""n"": 2}",180,60,120,0.55,0.008333333333333333,33,1,60,120,8,4.4692737430167595,5,20.0,11.0,0.8444444444444444,28.0,1,0.008333333333333333,1.0
CDA3BBF7-6631-45E8-85BA-EEB416B32A3C,CDA3BBF7_s2,78A91A4E-4A51-4065-BDA7-94755F0BB3BB,margin_dual_threshold,"{""theta"": 0.9747179272879231, ""margin"": 0.4}",180,60,120,0.8333333333333334,0.5,50,60,60,120,1,0.5586592178770949,0,90.0,90.0,0.6111111111111112,50.0,60,0.5,
CDA3BBF7-6631-45E8-85BA-EEB416B32A3C,CDA3BBF7_s2,78A91A4E-4A51-4065-BDA7-94755F0BB3BB,hysteresis,"{""theta"": 0.9206768137837924, ""margin"": 0.1, ""ttt_frames"": 3}",180,60,120,0.5333333333333333,0.016666666666666666,32,2,60,120,2,1.1173184357541899,0,60.0,58.0,0.8333333333333334,32.0,2,0.016666666666666666,2.0
CDA3BBF7-6631-45E8-85BA-EEB416B32A3C,CDA3BBF7_s2,78A91A4E-4A51-4065-BDA7-94755F0BB3BB,trust_model,"{""theta"": 0.9658378604262432, ""gain"": 0.3, ""decay"": 0.05, ""tau_lo"": 0.4, ""tau_hi"": 0.6}",180,60,120,0.3,0.5,18,60,60,120,1,0.5586592178770949,0,90.0,90.0,0.43333333333333335,18.0,60,0.5,
CDA3BBF7-6631-45E8-85BA-EEB416B32A3C,CDA3BBF7_s2,78A91A4E-4A51-4065-BDA7-94755F0BB3BB,sprt,"{""A"": 16, ""B"": 16, ""mu_gen"": 0.9719402946092771, ""sd_gen"": 0.020863321435747643, ""mu_imp"": 0.626628882852765, ""sd_imp"": 0.24462732041686938}",180,60,120,0.5,0.03333333333333333,30,4,60,120,2,1.1173184357541899,0,60.0,56.0,0.8111111111111111,30.0,4,0.03333333333333333,4.0
CDA3BBF7-6631-45E8-85BA-EEB416B32A3C,CDA3BBF7_s3,33A85C34-CFE4-4732-9E73-0A7AC861B27A,instantaneous,"{""theta"": 0.9150512713362694}",180,60,120,0.0,0.0,0,0,60,120,2,1.1173184357541899,0,60.0,60.0,0.6666666666666666,0.0,0,0.0,0.0
CDA3BBF7-6631-45E8-85BA-EEB416B32A3C,CDA3BBF7_s3,33A85C34-CFE4-4732-9E73-0A7AC861B27A,moving_average,"{""theta"": 0.9099874634350188, ""w"": 3}",180,60,120,0.016666666666666666,0.008333333333333333,1,1,60,120,2,1.1173184357541899,0,60.0,60.0,0.6666666666666666,1.0,1,0.008333333333333333,1.0
CDA3BBF7-6631-45E8-85BA-EEB416B32A3C,CDA3BBF7_s3,33A85C34-CFE4-4732-9E73-0A7AC861B27A,ewma,"{""theta"": 0.9193366871323411, ""alpha"": 0.1}",180,60,120,0.06666666666666667,0.16666666666666666,4,20,60,120,2,1.1173184357541899,0,60.0,64.0,0.5777777777777777,4.0,20,0.16666666666666666,20.0
CDA3BBF7-6631-45E8-85BA-EEB416B32A3C,CDA3BBF7_s3,33A85C34-CFE4-4732-9E73-0A7AC861B27A,majority_vote,"{""theta"": 0.9099874634350188, ""w"": 5, ""k"": 4}",180,60,120,0.016666666666666666,0.025,1,3,60,120,2,1.1173184357541899,0,60.0,61.0,0.6555555555555556,1.0,3,0.025,3.0
CDA3BBF7-6631-45E8-85BA-EEB416B32A3C,CDA3BBF7_s3,33A85C34-CFE4-4732-9E73-0A7AC861B27A,debounce,"{""theta"": 0.9138162589604294, ""n"": 2}",180,60,120,0.016666666666666666,0.008333333333333333,1,1,60,120,2,1.1173184357541899,0,60.0,60.0,0.6666666666666666,1.0,1,0.008333333333333333,1.0
CDA3BBF7-6631-45E8-85BA-EEB416B32A3C,CDA3BBF7_s3,33A85C34-CFE4-4732-9E73-0A7AC861B27A,margin_dual_threshold,"{""theta"": 0.9747179272879231, ""margin"": 0.4}",180,60,120,0.1,0.5,6,60,60,120,1,0.5586592178770949,0,90.0,90.0,0.36666666666666664,6.0,60,0.5,
CDA3BBF7-6631-45E8-85BA-EEB416B32A3C,CDA3BBF7_s3,33A85C34-CFE4-4732-9E73-0A7AC861B27A,hysteresis,"{""theta"": 0.9206768137837924, ""margin"": 0.1, ""ttt_frames"": 3}",180,60,120,0.03333333333333333,0.225,2,27,60,120,2,1.1173184357541899,0,60.0,62.0,0.5277777777777778,2.0,27,0.225,27.0
CDA3BBF7-6631-45E8-85BA-EEB416B32A3C,CDA3BBF7_s3,33A85C34-CFE4-4732-9E73-0A7AC861B27A,trust_model,"{""theta"": 0.9658378604262432, ""gain"": 0.3, ""decay"": 0.05, ""tau_lo"": 0.4, ""tau_hi"": 0.6}",180,60,120,0.06666666666666667,0.5,4,60,60,120,1,0.5586592178770949,0,90.0,90.0,0.35555555555555557,4.0,60,0.5,
CDA3BBF7-6631-45E8-85BA-EEB416B32A3C,CDA3BBF7_s3,33A85C34-CFE4-4732-9E73-0A7AC861B27A,sprt,"{""A"": 16, ""B"": 16, ""mu_gen"": 0.9719402946092771, ""sd_gen"": 0.020863321435747643, ""mu_imp"": 0.626628882852765, ""sd_imp"": 0.24462732041686938}",180,60,120,0.0,0.03333333333333333,0,4,60,120,2,1.1173184357541899,0,60.0,60.0,0.6444444444444445,0.0,4,0.03333333333333333,4.0
CDA3BBF7-6631-45E8-85BA-EEB416B32A3C,CDA3BBF7_s4,7D9BB102-A612-4E2A-8E22-3159752F55D8,instantaneous,"{""theta"": 0.9150512713362694}",180,60,120,0.0,0.0,0,0,60,120,2,1.1173184357541899,0,60.0,60.0,0.6666666666666666,0.0,0,0.0,0.0
CDA3BBF7-6631-45E8-85BA-EEB416B32A3C,CDA3BBF7_s4,7D9BB102-A612-4E2A-8E22-3159752F55D8,moving_average,"{""theta"": 0.9099874634350188, ""w"": 3}",180,60,120,0.0,0.016666666666666666,0,2,60,120,2,1.1173184357541899,0,60.0,60.0,0.6555555555555556,0.0,2,0.016666666666666666,2.0
CDA3BBF7-6631-45E8-85BA-EEB416B32A3C,CDA3BBF7_s4,7D9BB102-A612-4E2A-8E22-3159752F55D8,ewma,"{""theta"": 0.9193366871323411, ""alpha"": 0.1}",180,60,120,0.0,0.14166666666666666,0,17,60,120,2,1.1173184357541899,0,60.0,60.0,0.5722222222222222,0.0,17,0.14166666666666666,17.0
CDA3BBF7-6631-45E8-85BA-EEB416B32A3C,CDA3BBF7_s4,7D9BB102-A612-4E2A-8E22-3159752F55D8,majority_vote,"{""theta"": 0.9099874634350188, ""w"": 5, ""k"": 4}",180,60,120,0.016666666666666666,0.025,1,3,60,120,2,1.1173184357541899,0,60.0,61.0,0.6555555555555556,1.0,3,0.025,3.0
CDA3BBF7-6631-45E8-85BA-EEB416B32A3C,CDA3BBF7_s4,7D9BB102-A612-4E2A-8E22-3159752F55D8,debounce,"{""theta"": 0.9138162589604294, ""n"": 2}",180,60,120,0.016666666666666666,0.008333333333333333,1,1,60,120,2,1.1173184357541899,0,60.0,60.0,0.6666666666666666,1.0,1,0.008333333333333333,1.0
CDA3BBF7-6631-45E8-85BA-EEB416B32A3C,CDA3BBF7_s4,7D9BB102-A612-4E2A-8E22-3159752F55D8,margin_dual_threshold,"{""theta"": 0.9747179272879231, ""margin"": 0.4}",180,60,120,0.0,0.5,0,60,60,120,1,0.5586592178770949,0,90.0,90.0,0.3333333333333333,0.0,60,0.5,
CDA3BBF7-6631-45E8-85BA-EEB416B32A3C,CDA3BBF7_s4,7D9BB102-A612-4E2A-8E22-3159752F55D8,hysteresis,"{""theta"": 0.9206768137837924, ""margin"": 0.1, ""ttt_frames"": 3}",180,60,120,0.03333333333333333,0.016666666666666666,2,2,60,120,2,1.1173184357541899,0,60.0,60.0,0.6666666666666666,2.0,2,0.016666666666666666,2.0
CDA3BBF7-6631-45E8-85BA-EEB416B32A3C,CDA3BBF7_s4,7D9BB102-A612-4E2A-8E22-3159752F55D8,trust_model,"{""theta"": 0.9658378604262432, ""gain"": 0.3, ""decay"": 0.05, ""tau_lo"": 0.4, ""tau_hi"": 0.6}",180,60,120,0.0,0.43333333333333335,0,52,60,120,2,1.1173184357541899,0,60.0,60.0,0.37777777777777777,0.0,52,0.43333333333333335,52.0
CDA3BBF7-6631-45E8-85BA-EEB416B32A3C,CDA3BBF7_s4,7D9BB102-A612-4E2A-8E22-3159752F55D8,sprt,"{""A"": 16, ""B"": 16, ""mu_gen"": 0.9719402946092771, ""sd_gen"": 0.020863321435747643, ""mu_imp"": 0.626628882852765, ""sd_imp"": 0.24462732041686938}",180,60,120,0.0,0.041666666666666664,0,5,60,120,2,1.1173184357541899,0,60.0,60.0,0.6388888888888888,0.0,5,0.041666666666666664,5.0
CDA3BBF7-6631-45E8-85BA-EEB416B32A3C,CDA3BBF7_s5,F50235E0-DD67-4F2A-B00B-1F31ADA998B9,instantaneous,"{""theta"": 0.9150512713362694}",180,60,120,0.0,0.0,0,0,60,120,2,1.1173184357541899,0,60.0,60.0,0.6666666666666666,0.0,0,0.0,0.0
CDA3BBF7-6631-45E8-85BA-EEB416B32A3C,CDA3BBF7_s5,F50235E0-DD67-4F2A-B00B-1F31ADA998B9,moving_average,"{""theta"": 0.9099874634350188, ""w"": 3}",180,60,120,0.0,0.016666666666666666,0,2,60,120,2,1.1173184357541899,0,60.0,60.0,0.6555555555555556,0.0,2,0.016666666666666666,2.0
CDA3BBF7-6631-45E8-85BA-EEB416B32A3C,CDA3BBF7_s5,F50235E0-DD67-4F2A-B00B-1F31ADA998B9,ewma,"{""theta"": 0.9193366871323411, ""alpha"": 0.1}",180,60,120,0.03333333333333333,0.10833333333333334,2,13,60,120,2,1.1173184357541899,0,60.0,62.0,0.6055555555555555,2.0,13,0.10833333333333334,13.0
CDA3BBF7-6631-45E8-85BA-EEB416B32A3C,CDA3BBF7_s5,F50235E0-DD67-4F2A-B00B-1F31ADA998B9,majority_vote,"{""theta"": 0.9099874634350188, ""w"": 5, ""k"": 4}",180,60,120,0.016666666666666666,0.025,1,3,60,120,2,1.1173184357541899,0,60.0,61.0,0.6555555555555556,1.0,3,0.025,3.0
CDA3BBF7-6631-45E8-85BA-EEB416B32A3C,CDA3BBF7_s5,F50235E0-DD67-4F2A-B00B-1F31ADA998B9,debounce,"{""theta"": 0.9138162589604294, ""n"": 2}",180,60,120,0.016666666666666666,0.008333333333333333,1,1,60,120,2,1.1173184357541899,0,60.0,60.0,0.6666666666666666,1.0,1,0.008333333333333333,1.0
CDA3BBF7-6631-45E8-85BA-EEB416B32A3C,CDA3BBF7_s5,F50235E0-DD67-4F2A-B00B-1F31ADA998B9,margin_dual_threshold,"{""theta"": 0.9747179272879231, ""margin"": 0.4}",180,60,120,0.0,0.5,0,60,60,120,1,0.5586592178770949,0,90.0,90.0,0.3333333333333333,0.0,60,0.5,
CDA3BBF7-6631-45E8-85BA-EEB416B32A3C,CDA3BBF7_s5,F50235E0-DD67-4F2A-B00B-1F31ADA998B9,hysteresis,"{""theta"": 0.9206768137837924, ""margin"": 0.1, ""ttt_frames"": 3}",180,60,120,0.03333333333333333,0.016666666666666666,2,2,60,120,2,1.1173184357541899,0,60.0,60.0,0.6666666666666666,2.0,2,0.016666666666666666,2.0
CDA3BBF7-6631-45E8-85BA-EEB416B32A3C,CDA3BBF7_s5,F50235E0-DD67-4F2A-B00B-1F31ADA998B9,trust_model,"{""theta"": 0.9658378604262432, ""gain"": 0.3, ""decay"": 0.05, ""tau_lo"": 0.4, ""tau_hi"": 0.6}",180,60,120,0.03333333333333333,0.44166666666666665,2,53,60,120,2,1.1173184357541899,0,60.0,62.0,0.38333333333333336,2.0,53,0.44166666666666665,53.0
CDA3BBF7-6631-45E8-85BA-EEB416B32A3C,CDA3BBF7_s5,F50235E0-DD67-4F2A-B00B-1F31ADA998B9,sprt,"{""A"": 16, ""B"": 16, ""mu_gen"": 0.9719402946092771, ""sd_gen"": 0.020863321435747643, ""mu_imp"": 0.626628882852765, ""sd_imp"": 0.24462732041686938}",180,60,120,0.0,0.03333333333333333,0,4,60,120,2,1.1173184357541899,0,60.0,60.0,0.6444444444444445,0.0,4,0.03333333333333333,4.0
CF722AA9-2533-4E51-9FEB-9EAC84EE9AAC,CF722AA9_s0,098A72A5-E3E5-4F54-A152-BBDA0DF7B694,instantaneous,"{""theta"": 0.8800136077025927}",180,60,120,0.0,0.0,0,0,60,120,2,1.1173184357541899,0,60.0,60.0,0.6666666666666666,0.0,0,0.0,0.0
CF722AA9-2533-4E51-9FEB-9EAC84EE9AAC,CF722AA9_s0,098A72A5-E3E5-4F54-A152-BBDA0DF7B694,moving_average,"{""theta"": 0.856229558778155, ""w"": 3}",180,60,120,0.0,0.016666666666666666,0,2,60,120,2,1.1173184357541899,0,60.0,60.0,0.6555555555555556,0.0,2,0.016666666666666666,2.0
CF722AA9-2533-4E51-9FEB-9EAC84EE9AAC,CF722AA9_s0,098A72A5-E3E5-4F54-A152-BBDA0DF7B694,ewma,"{""theta"": 0.856229558778155, ""alpha"": 0.3}",180,60,120,0.0,0.03333333333333333,0,4,60,120,2,1.1173184357541899,0,60.0,60.0,0.6444444444444445,0.0,4,0.03333333333333333,4.0
CF722AA9-2533-4E51-9FEB-9EAC84EE9AAC,CF722AA9_s0,098A72A5-E3E5-4F54-A152-BBDA0DF7B694,majority_vote,"{""theta"": 0.8886307644838962, ""w"": 5, ""k"": 3}",180,60,120,0.03333333333333333,0.016666666666666666,2,2,60,120,2,1.1173184357541899,0,60.0,60.0,0.6666666666666666,2.0,2,0.016666666666666666,2.0
CF722AA9-2533-4E51-9FEB-9EAC84EE9AAC,CF722AA9_s0,098A72A5-E3E5-4F54-A152-BBDA0DF7B694,debounce,"{""theta"": 0.9740820734341252, ""n"": 10}",180,60,120,0.0,0.925,0,111,60,120,1,0.5586592178770949,0,90.0,90.0,0.05,0.0,111,0.925,
CF722AA9-2533-4E51-9FEB-9EAC84EE9AAC,CF722AA9_s0,098A72A5-E3E5-4F54-A152-BBDA0DF7B694,margin_dual_threshold,"{""theta"": 0.856229558778155, ""margin"": 0.1}",180,60,120,0.0,0.0,0,0,60,120,2,1.1173184357541899,0,60.0,60.0,0.6666666666666666,0.0,0,0.0,0.0
CF722AA9-2533-4E51-9FEB-9EAC84EE9AAC,CF722AA9_s0,098A72A5-E3E5-4F54-A152-BBDA0DF7B694,hysteresis,"{""theta"": 0.958181775172272, ""margin"": 0.2, ""ttt_frames"": 3}",180,60,120,0.03333333333333333,0.5,2,60,60,120,1,0.5586592178770949,0,90.0,90.0,0.34444444444444444,2.0,60,0.5,
CF722AA9-2533-4E51-9FEB-9EAC84EE9AAC,CF722AA9_s0,098A72A5-E3E5-4F54-A152-BBDA0DF7B694,trust_model,"{""theta"": 0.8668271109739791, ""gain"": 0.6, ""decay"": 0.2, ""tau_lo"": 0.4, ""tau_hi"": 0.6}",180,60,120,0.016666666666666666,0.05,1,6,60,120,2,1.1173184357541899,0,60.0,61.0,0.6388888888888888,1.0,6,0.05,6.0
CF722AA9-2533-4E51-9FEB-9EAC84EE9AAC,CF722AA9_s0,098A72A5-E3E5-4F54-A152-BBDA0DF7B694,sprt,"{""A"": 1, ""B"": 16, ""mu_gen"": 0.9581670609208405, ""sd_gen"": 0.028362032244021278, ""mu_imp"": 0.5024460900270835, ""sd_imp"": 0.3001218062028427}",180,60,120,0.0,0.0,0,0,60,120,2,1.1173184357541899,0,60.0,60.0,0.6666666666666666,0.0,0,0.0,0.0
CF722AA9-2533-4E51-9FEB-9EAC84EE9AAC,CF722AA9_s1,24E40C4C-A349-4F9F-93AB-01D00FB994AF,instantaneous,"{""theta"": 0.8800136077025927}",180,60,120,0.05,0.0,3,0,60,120,8,4.4692737430167595,6,20.0,13.0,0.6833333333333333,0.0,0,0.0,0.0
CF722AA9-2533-4E51-9FEB-9EAC84EE9AAC,CF722AA9_s1,24E40C4C-A349-4F9F-93AB-01D00FB994AF,moving_average,"{""theta"": 0.856229558778155, ""w"": 3}",180,60,120,0.03333333333333333,0.016666666666666666,2,2,60,120,4,2.2346368715083798,2,36.0,44.0,0.6666666666666666,1.0,2,0.016666666666666666,2.0
CF722AA9-2533-4E51-9FEB-9EAC84EE9AAC,CF722AA9_s1,24E40C4C-A349-4F9F-93AB-01D00FB994AF,ewma,"{""theta"": 0.856229558778155, ""alpha"": 0.3}",180,60,120,0.05,0.016666666666666666,3,2,60,120,4,2.2346368715083798,3,36.0,58.0,0.6722222222222223,4.0,2,0.016666666666666666,2.0
CF722AA9-2533-4E51-9FEB-9EAC84EE9AAC,CF722AA9_s1,24E40C4C-A349-4F9F-93AB-01D00FB994AF,majority_vote,"{""theta"": 0.8886307644838962, ""w"": 5, ""k"": 3}",180,60,120,0.03333333333333333,0.016666666666666666,2,2,60,120,2,1.1173184357541899,0,60.0,60.0,0.6666666666666666,2.0,2,0.016666666666666666,2.0
CF722AA9-2533-4E51-9FEB-9EAC84EE9AAC,CF722AA9_s1,24E40C4C-A349-4F9F-93AB-01D00FB994AF,debounce,"{""theta"": 0.9740820734341252, ""n"": 10}",180,60,120,0.0,0.8833333333333333,0,106,60,120,1,0.5586592178770949,0,90.0,90.0,0.07777777777777778,0.0,106,0.8833333333333333,
CF722AA9-2533-4E51-9FEB-9EAC84EE9AAC,CF722AA9_s1,24E40C4C-A349-4F9F-93AB-01D00FB994AF,margin_dual_threshold,"{""theta"": 0.856229558778155, ""margin"": 0.1}",180,60,120,0.08333333333333333,0.0,5,0,60,120,8,4.4692737430167595,6,20.0,12.0,0.6944444444444444,0.0,0,0.0,0.0
CF722AA9-2533-4E51-9FEB-9EAC84EE9AAC,CF722AA9_s1,24E40C4C-A349-4F9F-93AB-01D00FB994AF,hysteresis,"{""theta"": 0.958181775172272, ""margin"": 0.2, ""ttt_frames"": 3}",180,60,120,0.03333333333333333,0.5,2,60,60,120,1,0.5586592178770949,0,90.0,90.0,0.34444444444444444,2.0,60,0.5,
CF722AA9-2533-4E51-9FEB-9EAC84EE9AAC,CF722AA9_s1,24E40C4C-A349-4F9F-93AB-01D00FB994AF,trust_model,"{""theta"": 0.8668271109739791, ""gain"": 0.6, ""decay"": 0.2, ""tau_lo"": 0.4, ""tau_hi"": 0.6}",180,60,120,0.08333333333333333,0.05,5,6,60,120,2,1.1173184357541899,0,60.0,61.0,0.6611111111111111,5.0,6,0.05,6.0
CF722AA9-2533-4E51-9FEB-9EAC84EE9AAC,CF722AA9_s1,24E40C4C-A349-4F9F-93AB-01D00FB994AF,sprt,"{""A"": 1, ""B"": 16, ""mu_gen"": 0.9581670609208405, ""sd_gen"": 0.028362032244021278, ""mu_imp"": 0.5024460900270835, ""sd_imp"": 0.3001218062028427}",180,60,120,0.03333333333333333,0.0,2,0,60,120,4,2.2346368715083798,2,36.0,30.0,0.6777777777777778,0.0,0,0.0,0.0
CF722AA9-2533-4E51-9FEB-9EAC84EE9AAC,CF722AA9_s2,61359772-D8D8-480D-B623-7C636EAD0C81,instantaneous,"{""theta"": 0.8800136077025927}",180,60,120,0.0,0.0,0,0,60,120,2,1.1173184357541899,0,60.0,60.0,0.6666666666666666,0.0,0,0.0,0.0
CF722AA9-2533-4E51-9FEB-9EAC84EE9AAC,CF722AA9_s2,61359772-D8D8-480D-B623-7C636EAD0C81,moving_average,"{""theta"": 0.856229558778155, ""w"": 3}",180,60,120,0.0,0.016666666666666666,0,2,60,120,2,1.1173184357541899,0,60.0,60.0,0.6555555555555556,0.0,2,0.016666666666666666,2.0
CF722AA9-2533-4E51-9FEB-9EAC84EE9AAC,CF722AA9_s2,61359772-D8D8-480D-B623-7C636EAD0C81,ewma,"{""theta"": 0.856229558778155, ""alpha"": 0.3}",180,60,120,0.0,0.041666666666666664,0,5,60,120,2,1.1173184357541899,0,60.0,60.0,0.6388888888888888,0.0,5,0.041666666666666664,5.0
CF722AA9-2533-4E51-9FEB-9EAC84EE9AAC,CF722AA9_s2,61359772-D8D8-480D-B623-7C636EAD0C81,majority_vote,"{""theta"": 0.8886307644838962, ""w"": 5, ""k"": 3}",180,60,120,0.03333333333333333,0.016666666666666666,2,2,60,120,2,1.1173184357541899,0,60.0,60.0,0.6666666666666666,2.0,2,0.016666666666666666,2.0
CF722AA9-2533-4E51-9FEB-9EAC84EE9AAC,CF722AA9_s2,61359772-D8D8-480D-B623-7C636EAD0C81,debounce,"{""theta"": 0.9740820734341252, ""n"": 10}",180,60,120,0.0,0.75,0,90,60,120,2,1.1173184357541899,0,60.0,21.0,0.16666666666666666,0.0,90,0.75,39.0
CF722AA9-2533-4E51-9FEB-9EAC84EE9AAC,CF722AA9_s2,61359772-D8D8-480D-B623-7C636EAD0C81,margin_dual_threshold,"{""theta"": 0.856229558778155, ""margin"": 0.1}",180,60,120,0.0,0.0,0,0,60,120,2,1.1173184357541899,0,60.0,60.0,0.6666666666666666,0.0,0,0.0,0.0
CF722AA9-2533-4E51-9FEB-9EAC84EE9AAC,CF722AA9_s2,61359772-D8D8-480D-B623-7C636EAD0C81,hysteresis,"{""theta"": 0.958181775172272, ""margin"": 0.2, ""ttt_frames"": 3}",180,60,120,0.03333333333333333,0.5,2,60,60,120,1,0.5586592178770949,0,90.0,90.0,0.34444444444444444,2.0,60,0.5,
CF722AA9-2533-4E51-9FEB-9EAC84EE9AAC,CF722AA9_s2,61359772-D8D8-480D-B623-7C636EAD0C81,trust_model,"{""theta"": 0.8668271109739791, ""gain"": 0.6, ""decay"": 0.2, ""tau_lo"": 0.4, ""tau_hi"": 0.6}",180,60,120,0.016666666666666666,0.05,1,6,60,120,2,1.1173184357541899,0,60.0,61.0,0.6388888888888888,1.0,6,0.05,6.0
CF722AA9-2533-4E51-9FEB-9EAC84EE9AAC,CF722AA9_s2,61359772-D8D8-480D-B623-7C636EAD0C81,sprt,"{""A"": 1, ""B"": 16, ""mu_gen"": 0.9581670609208405, ""sd_gen"": 0.028362032244021278, ""mu_imp"": 0.5024460900270835, ""sd_imp"": 0.3001218062028427}",180,60,120,0.0,0.0,0,0,60,120,2,1.1173184357541899,0,60.0,60.0,0.6666666666666666,0.0,0,0.0,0.0
CF722AA9-2533-4E51-9FEB-9EAC84EE9AAC,CF722AA9_s3,481F4DD2-7689-43B9-A2AA-C8772227162B,instantaneous,"{""theta"": 0.8800136077025927}",180,60,120,0.0,0.0,0,0,60,120,2,1.1173184357541899,0,60.0,60.0,0.6666666666666666,0.0,0,0.0,0.0
CF722AA9-2533-4E51-9FEB-9EAC84EE9AAC,CF722AA9_s3,481F4DD2-7689-43B9-A2AA-C8772227162B,moving_average,"{""theta"": 0.856229558778155, ""w"": 3}",180,60,120,0.0,0.016666666666666666,0,2,60,120,2,1.1173184357541899,0,60.0,60.0,0.6555555555555556,0.0,2,0.016666666666666666,2.0
CF722AA9-2533-4E51-9FEB-9EAC84EE9AAC,CF722AA9_s3,481F4DD2-7689-43B9-A2AA-C8772227162B,ewma,"{""theta"": 0.856229558778155, ""alpha"": 0.3}",180,60,120,0.0,0.03333333333333333,0,4,60,120,2,1.1173184357541899,0,60.0,60.0,0.6444444444444445,0.0,4,0.03333333333333333,4.0
CF722AA9-2533-4E51-9FEB-9EAC84EE9AAC,CF722AA9_s3,481F4DD2-7689-43B9-A2AA-C8772227162B,majority_vote,"{""theta"": 0.8886307644838962, ""w"": 5, ""k"": 3}",180,60,120,0.03333333333333333,0.016666666666666666,2,2,60,120,2,1.1173184357541899,0,60.0,60.0,0.6666666666666666,2.0,2,0.016666666666666666,2.0
CF722AA9-2533-4E51-9FEB-9EAC84EE9AAC,CF722AA9_s3,481F4DD2-7689-43B9-A2AA-C8772227162B,debounce,"{""theta"": 0.9740820734341252, ""n"": 10}",180,60,120,0.15,0.25,9,30,60,120,2,1.1173184357541899,0,60.0,69.0,0.55,9.0,30,0.25,30.0
CF722AA9-2533-4E51-9FEB-9EAC84EE9AAC,CF722AA9_s3,481F4DD2-7689-43B9-A2AA-C8772227162B,margin_dual_threshold,"{""theta"": 0.856229558778155, ""margin"": 0.1}",180,60,120,0.0,0.0,0,0,60,120,2,1.1173184357541899,0,60.0,60.0,0.6666666666666666,0.0,0,0.0,0.0
CF722AA9-2533-4E51-9FEB-9EAC84EE9AAC,CF722AA9_s3,481F4DD2-7689-43B9-A2AA-C8772227162B,hysteresis,"{""theta"": 0.958181775172272, ""margin"": 0.2, ""ttt_frames"": 3}",180,60,120,0.03333333333333333,0.5,2,60,60,120,1,0.5586592178770949,0,90.0,90.0,0.34444444444444444,2.0,60,0.5,
CF722AA9-2533-4E51-9FEB-9EAC84EE9AAC,CF722AA9_s3,481F4DD2-7689-43B9-A2AA-C8772227162B,trust_model,"{""theta"": 0.8668271109739791, ""gain"": 0.6, ""decay"": 0.2, ""tau_lo"": 0.4, ""tau_hi"": 0.6}",180,60,120,0.016666666666666666,0.05,1,6,60,120,2,1.1173184357541899,0,60.0,61.0,0.6388888888888888,1.0,6,0.05,6.0
CF722AA9-2533-4E51-9FEB-9EAC84EE9AAC,CF722AA9_s3,481F4DD2-7689-43B9-A2AA-C8772227162B,sprt,"{""A"": 1, ""B"": 16, ""mu_gen"": 0.9581670609208405, ""sd_gen"": 0.028362032244021278, ""mu_imp"": 0.5024460900270835, ""sd_imp"": 0.3001218062028427}",180,60,120,0.0,0.0,0,0,60,120,2,1.1173184357541899,0,60.0,60.0,0.6666666666666666,0.0,0,0.0,0.0
CF722AA9-2533-4E51-9FEB-9EAC84EE9AAC,CF722AA9_s4,B9724848-C7E2-45F4-9B3F-A1F38D864495,instantaneous,"{""theta"": 0.8800136077025927}",180,60,120,0.0,0.0,0,0,60,120,2,1.1173184357541899,0,60.0,60.0,0.6666666666666666,0.0,0,0.0,0.0
CF722AA9-2533-4E51-9FEB-9EAC84EE9AAC,CF722AA9_s4,B9724848-C7E2-45F4-9B3F-A1F38D864495,moving_average,"{""theta"": 0.856229558778155, ""w"": 3}",180,60,120,0.0,0.016666666666666666,0,2,60,120,2,1.1173184357541899,0,60.0,60.0,0.6555555555555556,0.0,2,0.016666666666666666,2.0
CF722AA9-2533-4E51-9FEB-9EAC84EE9AAC,CF722AA9_s4,B9724848-C7E2-45F4-9B3F-A1F38D864495,ewma,"{""theta"": 0.856229558778155, ""alpha"": 0.3}",180,60,120,0.0,0.041666666666666664,0,5,60,120,2,1.1173184357541899,0,60.0,60.0,0.6388888888888888,0.0,5,0.041666666666666664,5.0
CF722AA9-2533-4E51-9FEB-9EAC84EE9AAC,CF722AA9_s4,B9724848-C7E2-45F4-9B3F-A1F38D864495,majority_vote,"{""theta"": 0.8886307644838962, ""w"": 5, ""k"": 3}",180,60,120,0.03333333333333333,0.016666666666666666,2,2,60,120,2,1.1173184357541899,0,60.0,60.0,0.6666666666666666,2.0,2,0.016666666666666666,2.0
CF722AA9-2533-4E51-9FEB-9EAC84EE9AAC,CF722AA9_s4,B9724848-C7E2-45F4-9B3F-A1F38D864495,debounce,"{""theta"": 0.9740820734341252, ""n"": 10}",180,60,120,0.0,0.5166666666666667,0,62,60,120,1,0.5586592178770949,0,90.0,90.0,0.32222222222222224,0.0,62,0.5166666666666667,
CF722AA9-2533-4E51-9FEB-9EAC84EE9AAC,CF722AA9_s4,B9724848-C7E2-45F4-9B3F-A1F38D864495,margin_dual_threshold,"{""theta"": 0.856229558778155, ""margin"": 0.1}",180,60,120,0.0,0.0,0,0,60,120,2,1.1173184357541899,0,60.0,60.0,0.6666666666666666,0.0,0,0.0,0.0
CF722AA9-2533-4E51-9FEB-9EAC84EE9AAC,CF722AA9_s4,B9724848-C7E2-45F4-9B3F-A1F38D864495,hysteresis,"{""theta"": 0.958181775172272, ""margin"": 0.2, ""ttt_frames"": 3}",180,60,120,0.03333333333333333,0.5,2,60,60,120,1,0.5586592178770949,0,90.0,90.0,0.34444444444444444,2.0,60,0.5,
CF722AA9-2533-4E51-9FEB-9EAC84EE9AAC,CF722AA9_s4,B9724848-C7E2-45F4-9B3F-A1F38D864495,trust_model,"{""theta"": 0.8668271109739791, ""gain"": 0.6, ""decay"": 0.2, ""tau_lo"": 0.4, ""tau_hi"": 0.6}",180,60,120,0.0,0.041666666666666664,0,5,60,120,2,1.1173184357541899,0,60.0,60.0,0.6388888888888888,0.0,5,0.041666666666666664,5.0
CF722AA9-2533-4E51-9FEB-9EAC84EE9AAC,CF722AA9_s4,B9724848-C7E2-45F4-9B3F-A1F38D864495,sprt,"{""A"": 1, ""B"": 16, ""mu_gen"": 0.9581670609208405, ""sd_gen"": 0.028362032244021278, ""mu_imp"": 0.5024460900270835, ""sd_imp"": 0.3001218062028427}",180,60,120,0.0,0.0,0,0,60,120,2,1.1173184357541899,0,60.0,60.0,0.6666666666666666,0.0,0,0.0,0.0
CF722AA9-2533-4E51-9FEB-9EAC84EE9AAC,CF722AA9_s5,665514DE-49DC-421F-8DCB-145D0B2609AD,instantaneous,"{""theta"": 0.8800136077025927}",180,60,120,0.0,0.0,0,0,60,120,2,1.1173184357541899,0,60.0,60.0,0.6666666666666666,0.0,0,0.0,0.0
CF722AA9-2533-4E51-9FEB-9EAC84EE9AAC,CF722AA9_s5,665514DE-49DC-421F-8DCB-145D0B2609AD,moving_average,"{""theta"": 0.856229558778155, ""w"": 3}",180,60,120,0.0,0.016666666666666666,0,2,60,120,2,1.1173184357541899,0,60.0,60.0,0.6555555555555556,0.0,2,0.016666666666666666,2.0
CF722AA9-2533-4E51-9FEB-9EAC84EE9AAC,CF722AA9_s5,665514DE-49DC-421F-8DCB-145D0B2609AD,ewma,"{""theta"": 0.856229558778155, ""alpha"": 0.3}",180,60,120,0.0,0.05,0,6,60,120,2,1.1173184357541899,0,60.0,60.0,0.6333333333333333,0.0,6,0.05,6.0
CF722AA9-2533-4E51-9FEB-9EAC84EE9AAC,CF722AA9_s5,665514DE-49DC-421F-8DCB-145D0B2609AD,majority_vote,"{""theta"": 0.8886307644838962, ""w"": 5, ""k"": 3}",180,60,120,0.03333333333333333,0.016666666666666666,2,2,60,120,2,1.1173184357541899,0,60.0,60.0,0.6666666666666666,2.0,2,0.016666666666666666,2.0
CF722AA9-2533-4E51-9FEB-9EAC84EE9AAC,CF722AA9_s5,665514DE-49DC-421F-8DCB-145D0B2609AD,debounce,"{""theta"": 0.9740820734341252, ""n"": 10}",180,60,120,0.0,0.6,0,72,60,120,1,0.5586592178770949,0,90.0,90.0,0.26666666666666666,0.0,72,0.6,
CF722AA9-2533-4E51-9FEB-9EAC84EE9AAC,CF722AA9_s5,665514DE-49DC-421F-8DCB-145D0B2609AD,margin_dual_threshold,"{""theta"": 0.856229558778155, ""margin"": 0.1}",180,60,120,0.0,0.0,0,0,60,120,2,1.1173184357541899,0,60.0,60.0,0.6666666666666666,0.0,0,0.0,0.0
CF722AA9-2533-4E51-9FEB-9EAC84EE9AAC,CF722AA9_s5,665514DE-49DC-421F-8DCB-145D0B2609AD,hysteresis,"{""theta"": 0.958181775172272, ""margin"": 0.2, ""ttt_frames"": 3}",180,60,120,0.03333333333333333,0.5,2,60,60,120,1,0.5586592178770949,0,90.0,90.0,0.34444444444444444,2.0,60,0.5,
CF722AA9-2533-4E51-9FEB-9EAC84EE9AAC,CF722AA9_s5,665514DE-49DC-421F-8DCB-145D0B2609AD,trust_model,"{""theta"": 0.8668271109739791, ""gain"": 0.6, ""decay"": 0.2, ""tau_lo"": 0.4, ""tau_hi"": 0.6}",180,60,120,0.0,0.058333333333333334,0,7,60,120,2,1.1173184357541899,0,60.0,60.0,0.6277777777777778,0.0,7,0.058333333333333334,7.0
CF722AA9-2533-4E51-9FEB-9EAC84EE9AAC,CF722AA9_s5,665514DE-49DC-421F-8DCB-145D0B2609AD,sprt,"{""A"": 1, ""B"": 16, ""mu_gen"": 0.9581670609208405, ""sd_gen"": 0.028362032244021278, ""mu_imp"": 0.5024460900270835, ""sd_imp"": 0.3001218062028427}",180,60,120,0.0,0.0,0,0,60,120,2,1.1173184357541899,0,60.0,60.0,0.6666666666666666,0.0,0,0.0,0.0
D7D20E2E-FC78-405D-B346-DBD3FD8FC92B,D7D20E2E_s0,61359772-D8D8-480D-B623-7C636EAD0C81,instantaneous,"{""theta"": 0.8468922836585403}",180,60,120,0.0,0.0,0,0,60,120,2,1.1173184357541899,0,60.0,60.0,0.6666666666666666,0.0,0,0.0,0.0
D7D20E2E-FC78-405D-B346-DBD3FD8FC92B,D7D20E2E_s0,61359772-D8D8-480D-B623-7C636EAD0C81,moving_average,"{""theta"": 0.834285521157226, ""w"": 10}",180,60,120,0.0,0.06666666666666667,0,8,60,120,2,1.1173184357541899,0,60.0,60.0,0.6222222222222222,0.0,8,0.06666666666666667,8.0
D7D20E2E-FC78-405D-B346-DBD3FD8FC92B,D7D20E2E_s0,61359772-D8D8-480D-B623-7C636EAD0C81,ewma,"{""theta"": 0.8573290973818214, ""alpha"": 0.1}",180,60,120,0.0,0.16666666666666666,0,20,60,120,2,1.1173184357541899,0,60.0,60.0,0.5555555555555556,0.0,20,0.16666666666666666,20.0
D7D20E2E-FC78-405D-B346-DBD3FD8FC92B,D7D20E2E_s0,61359772-D8D8-480D-B623-7C636EAD0C81,majority_vote,"{""theta"": 0.8382812852057139, ""w"": 3, ""k"": 2}",180,60,120,0.016666666666666666,0.008333333333333333,1,1,60,120,2,1.1173184357541899,0,60.0,60.0,0.6666666666666666,1.0,1,0.008333333333333333,1.0
D7D20E2E-FC78-405D-B346-DBD3FD8FC92B,D7D20E2E_s0,61359772-D8D8-480D-B623-7C636EAD0C81,debounce,"{""theta"": 0.8371495951812296, ""n"": 2}",180,60,120,0.016666666666666666,0.008333333333333333,1,1,60,120,2,1.1173184357541899,0,60.0,60.0,0.6666666666666666,1.0,1,0.008333333333333333,1.0
D7D20E2E-FC78-405D-B346-DBD3FD8FC92B,D7D20E2E_s0,61359772-D8D8-480D-B623-7C636EAD0C81,margin_dual_threshold,"{""theta"": 0.8254364381956649, ""margin"": 0.05}",180,60,120,0.0,0.0,0,0,60,120,2,1.1173184357541899,0,60.0,60.0,0.6666666666666666,0.0,0,0.0,0.0
D7D20E2E-FC78-405D-B346-DBD3FD8FC92B,D7D20E2E_s0,61359772-D8D8-480D-B623-7C636EAD0C81,hysteresis,"{""theta"": 0.8303958061075812, ""margin"": 0.05, ""ttt_frames"": 3}",180,60,120,0.03333333333333333,0.016666666666666666,2,2,60,120,2,1.1173184357541899,0,60.0,60.0,0.6666666666666666,2.0,2,0.016666666666666666,2.0
D7D20E2E-FC78-405D-B346-DBD3FD8FC92B,D7D20E2E_s0,61359772-D8D8-480D-B623-7C636EAD0C81,trust_model,"{""theta"": 0.86369609301068, ""gain"": 0.6, ""decay"": 0.05, ""tau_lo"": 0.4, ""tau_hi"": 0.6}",180,60,120,0.016666666666666666,0.075,1,9,60,120,2,1.1173184357541899,0,60.0,61.0,0.6222222222222222,1.0,9,0.075,9.0
D7D20E2E-FC78-405D-B346-DBD3FD8FC92B,D7D20E2E_s0,61359772-D8D8-480D-B623-7C636EAD0C81,sprt,"{""A"": 1, ""B"": 4, ""mu_gen"": 0.9638414263707176, ""sd_gen"": 0.03232462950793989, ""mu_imp"": 0.4543971988977847, ""sd_imp"": 0.27834558756606}",180,60,120,0.0,0.0,0,0,60,120,2,1.1173184357541899,0,60.0,60.0,0.6666666666666666,0.0,0,0.0,0.0
D7D20E2E-FC78-405D-B346-DBD3FD8FC92B,D7D20E2E_s1,806289BC-AD52-4CC1-806C-0CDB14D65EB6,instantaneous,"{""theta"": 0.8468922836585403}",180,60,120,0.0,0.0,0,0,60,120,2,1.1173184357541899,0,60.0,60.0,0.6666666666666666,0.0,0,0.0,0.0
D7D20E2E-FC78-405D-B346-DBD3FD8FC92B,D7D20E2E_s1,806289BC-AD52-4CC1-806C-0CDB14D65EB6,moving_average,"{""theta"": 0.834285521157226, ""w"": 10}",180,60,120,0.016666666666666666,0.06666666666666667,1,8,60,120,2,1.1173184357541899,0,60.0,61.0,0.6277777777777778,1.0,8,0.06666666666666667,8.0
D7D20E2E-FC78-405D-B346-DBD3FD8FC92B,D7D20E2E_s1,806289BC-AD52-4CC1-806C-0CDB14D65EB6,ewma,"{""theta"": 0.8573290973818214, ""alpha"": 0.1}",180,60,120,0.016666666666666666,0.2,1,24,60,120,2,1.1173184357541899,0,60.0,61.0,0.5388888888888889,1.0,24,0.2,24.0
D7D20E2E-FC78-405D-B346-DBD3FD8FC92B,D7D20E2E_s1,806289BC-AD52-4CC1-806C-0CDB14D65EB6,majority_vote,"{""theta"": 0.8382812852057139, ""w"": 3, ""k"": 2}",180,60,120,0.016666666666666666,0.008333333333333333,1,1,60,120,2,1.1173184357541899,0,60.0,60.0,0.6666666666666666,1.0,1,0.008333333333333333,1.0
D7D20E2E-FC78-405D-B346-DBD3FD8FC92B,D7D20E2E_s1,806289BC-AD52-4CC1-806C-0CDB14D65EB6,debounce,"{""theta"": 0.8371495951812296, ""n"": 2}",180,60,120,0.016666666666666666,0.008333333333333333,1,1,60,120,2,1.1173184357541899,0,60.0,60.0,0.6666666666666666,1.0,1,0.008333333333333333,1.0
D7D20E2E-FC78-405D-B346-DBD3FD8FC92B,D7D20E2E_s1,806289BC-AD52-4CC1-806C-0CDB14D65EB6,margin_dual_threshold,"{""theta"": 0.8254364381956649, ""margin"": 0.05}",180,60,120,0.0,0.0,0,0,60,120,2,1.1173184357541899,0,60.0,60.0,0.6666666666666666,0.0,0,0.0,0.0
D7D20E2E-FC78-405D-B346-DBD3FD8FC92B,D7D20E2E_s1,806289BC-AD52-4CC1-806C-0CDB14D65EB6,hysteresis,"{""theta"": 0.8303958061075812, ""margin"": 0.05, ""ttt_frames"": 3}",180,60,120,0.03333333333333333,0.016666666666666666,2,2,60,120,2,1.1173184357541899,0,60.0,60.0,0.6666666666666666,2.0,2,0.016666666666666666,2.0
D7D20E2E-FC78-405D-B346-DBD3FD8FC92B,D7D20E2E_s1,806289BC-AD52-4CC1-806C-0CDB14D65EB6,trust_model,"{""theta"": 0.86369609301068, ""gain"": 0.6, ""decay"": 0.05, ""tau_lo"": 0.4, ""tau_hi"": 0.6}",180,60,120,0.016666666666666666,0.10833333333333334,1,13,60,120,2,1.1173184357541899,0,60.0,61.0,0.6,1.0,13,0.10833333333333334,13.0
D7D20E2E-FC78-405D-B346-DBD3FD8FC92B,D7D20E2E_s1,806289BC-AD52-4CC1-806C-0CDB14D65EB6,sprt,"{""A"": 1, ""B"": 4, ""mu_gen"": 0.9638414263707176, ""sd_gen"": 0.03232462950793989, ""mu_imp"": 0.4543971988977847, ""sd_imp"": 0.27834558756606}",180,60,120,0.0,0.0,0,0,60,120,2,1.1173184357541899,0,60.0,60.0,0.6666666666666666,0.0,0,0.0,0.0
D7D20E2E-FC78-405D-B346-DBD3FD8FC92B,D7D20E2E_s2,A5CDF89D-02A2-4EC1-89F8-F534FDABDD96,instantaneous,"{""theta"": 0.8468922836585403}",180,60,120,0.15,0.0,9,0,60,120,6,3.35195530726257,3,25.714285714285715,8.0,0.7166666666666667,0.0,0,0.0,0.0
D7D20E2E-FC78-405D-B346-DBD3FD8FC92B,D7D20E2E_s2,A5CDF89D-02A2-4EC1-89F8-F534FDABDD96,moving_average,"{""theta"": 0.834285521157226, ""w"": 10}",180,60,120,0.11666666666666667,0.075,7,9,60,120,4,2.2346368715083798,0,36.0,51.0,0.6555555555555556,2.0,9,0.075,9.0
D7D20E2E-FC78-405D-B346-DBD3FD8FC92B,D7D20E2E_s2,A5CDF89D-02A2-4EC1-89F8-F534FDABDD96,ewma,"{""theta"": 0.8573290973818214, ""alpha"": 0.1}",180,60,120,0.03333333333333333,0.18333333333333332,2,22,60,120,2,1.1173184357541899,0,60.0,62.0,0.5555555555555556,2.0,22,0.18333333333333332,22.0
D7D20E2E-FC78-405D-B346-DBD3FD8FC92B,D7D20E2E_s2,A5CDF89D-02A2-4EC1-89F8-F534FDABDD96,majority_vote,"{""theta"": 0.8382812852057139, ""w"": 3, ""k"": 2}",180,60,120,0.16666666666666666,0.008333333333333333,10,1,60,120,4,2.2346368715083798,0,36.0,44.0,0.7166666666666667,1.0,1,0.008333333333333333,1.0
D7D20E2E-FC78-405D-B346-DBD3FD8FC92B,D7D20E2E_s2,A5CDF89D-02A2-4EC1-89F8-F534FDABDD96,debounce,"{""theta"": 0.8371495951812296, ""n"": 2}",180,60,120,0.21666666666666667,0.008333333333333333,13,1,60,120,4,2.2346368715083798,0,36.0,44.0,0.7333333333333333,1.0,1,0.008333333333333333,1.0
D7D20E2E-FC78-405D-B346-DBD3FD8FC92B,D7D20E2E_s2,A5CDF89D-02A2-4EC1-89F8-F534FDABDD96,margin_dual_threshold,"{""theta"": 0.8254364381956649, ""margin"": 0.05}",180,60,120,0.18333333333333332,0.0,11,0,60,120,6,3.35195530726257,3,25.714285714285715,9.0,0.7277777777777777,0.0,0,0.0,0.0
D7D20E2E-FC78-405D-B346-DBD3FD8FC92B,D7D20E2E_s2,A5CDF89D-02A2-4EC1-89F8-F534FDABDD96,hysteresis,"{""theta"": 0.8303958061075812, ""margin"": 0.05, ""ttt_frames"": 3}",180,60,120,0.31666666666666665,0.016666666666666666,19,2,60,120,4,2.2346368715083798,0,36.0,35.0,0.7611111111111111,2.0,2,0.016666666666666666,2.0
D7D20E2E-FC78-405D-B346-DBD3FD8FC92B,D7D20E2E_s2,A5CDF89D-02A2-4EC1-89F8-F534FDABDD96,trust_model,"{""theta"": 0.86369609301068, ""gain"": 0.6, ""decay"": 0.05, ""tau_lo"": 0.4, ""tau_hi"": 0.6}",180,60,120,0.03333333333333333,0.3333333333333333,2,40,60,120,2,1.1173184357541899,0,60.0,62.0,0.45555555555555555,2.0,40,0.3333333333333333,40.0
D7D20E2E-FC78-405D-B346-DBD3FD8FC92B,D7D20E2E_s2,A5CDF89D-02A2-4EC1-89F8-F534FDABDD96,sprt,"{""A"": 1, ""B"": 4, ""mu_gen"": 0.9638414263707176, ""sd_gen"": 0.03232462950793989, ""mu_imp"": 0.4543971988977847, ""sd_imp"": 0.27834558756606}",180,60,120,0.0,0.13333333333333333,0,16,60,120,4,2.2346368715083798,0,36.0,28.0,0.5777777777777777,0.0,16,0.13333333333333333,0.0
D7D20E2E-FC78-405D-B346-DBD3FD8FC92B,D7D20E2E_s3,806289BC-AD52-4CC1-806C-0CDB14D65EB6,instantaneous,"{""theta"": 0.8468922836585403}",180,60,120,0.0,0.0,0,0,60,120,2,1.1173184357541899,0,60.0,60.0,0.6666666666666666,0.0,0,0.0,0.0
D7D20E2E-FC78-405D-B346-DBD3FD8FC92B,D7D20E2E_s3,806289BC-AD52-4CC1-806C-0CDB14D65EB6,moving_average,"{""theta"": 0.834285521157226, ""w"": 10}",180,60,120,0.016666666666666666,0.06666666666666667,1,8,60,120,2,1.1173184357541899,0,60.0,61.0,0.6277777777777778,1.0,8,0.06666666666666667,8.0
D7D20E2E-FC78-405D-B346-DBD3FD8FC92B,D7D20E2E_s3,806289BC-AD52-4CC1-806C-0CDB14D65EB6,ewma,"{""theta"": 0.8573290973818214, ""alpha"": 0.1}",180,60,120,0.016666666666666666,0.14166666666666666,1,17,60,120,2,1.1173184357541899,0,60.0,61.0,0.5777777777777777,1.0,17,0.14166666666666666,17.0
D7D20E2E-FC78-405D-B346-DBD3FD8FC92B,D7D20E2E_s3,806289BC-AD52-4CC1-806C-0CDB14D65EB6,majority_vote,"{""theta"": 0.8382812852057139, ""w"": 3, ""k"": 2}",180,60,120,0.016666666666666666,0.008333333333333333,1,1,60,120,2,1.1173184357541899,0,60.0,60.0,0.6666666666666666,1.0,1,0.008333333333333333,1.0
D7D20E2E-FC78-405D-B346-DBD3FD8FC92B,D7D20E2E_s3,806289BC-AD52-4CC1-806C-0CDB14D65EB6,debounce,"{""theta"": 0.8371495951812296, ""n"": 2}",180,60,120,0.016666666666666666,0.008333333333333333,1,1,60,120,2,1.1173184357541899,0,60.0,60.0,0.6666666666666666,1.0,1,0.008333333333333333,1.0
D7D20E2E-FC78-405D-B346-DBD3FD8FC92B,D7D20E2E_s3,806289BC-AD52-4CC1-806C-0CDB14D65EB6,margin_dual_threshold,"{""theta"": 0.8254364381956649, ""margin"": 0.05}",180,60,120,0.0,0.0,0,0,60,120,2,1.1173184357541899,0,60.0,60.0,0.6666666666666666,0.0,0,0.0,0.0
D7D20E2E-FC78-405D-B346-DBD3FD8FC92B,D7D20E2E_s3,806289BC-AD52-4CC1-806C-0CDB14D65EB6,hysteresis,"{""theta"": 0.8303958061075812, ""margin"": 0.05, ""ttt_frames"": 3}",180,60,120,0.03333333333333333,0.016666666666666666,2,2,60,120,2,1.1173184357541899,0,60.0,60.0,0.6666666666666666,2.0,2,0.016666666666666666,2.0
D7D20E2E-FC78-405D-B346-DBD3FD8FC92B,D7D20E2E_s3,806289BC-AD52-4CC1-806C-0CDB14D65EB6,trust_model,"{""theta"": 0.86369609301068, ""gain"": 0.6, ""decay"": 0.05, ""tau_lo"": 0.4, ""tau_hi"": 0.6}",180,60,120,0.016666666666666666,0.08333333333333333,1,10,60,120,2,1.1173184357541899,0,60.0,61.0,0.6166666666666667,1.0,10,0.08333333333333333,10.0
D7D20E2E-FC78-405D-B346-DBD3FD8FC92B,D7D20E2E_s3,806289BC-AD52-4CC1-806C-0CDB14D65EB6,sprt,"{""A"": 1, ""B"": 4, ""mu_gen"": 0.9638414263707176, ""sd_gen"": 0.03232462950793989, ""mu_imp"": 0.4543971988977847, ""sd_imp"": 0.27834558756606}",180,60,120,0.0,0.0,0,0,60,120,2,1.1173184357541899,0,60.0,60.0,0.6666666666666666,0.0,0,0.0,0.0
D7D20E2E-FC78-405D-B346-DBD3FD8FC92B,D7D20E2E_s4,B9724848-C7E2-45F4-9B3F-A1F38D864495,instantaneous,"{""theta"": 0.8468922836585403}",180,60,120,0.0,0.0,0,0,60,120,2,1.1173184357541899,0,60.0,60.0,0.6666666666666666,0.0,0,0.0,0.0
D7D20E2E-FC78-405D-B346-DBD3FD8FC92B,D7D20E2E_s4,B9724848-C7E2-45F4-9B3F-A1F38D864495,moving_average,"{""theta"": 0.834285521157226, ""w"": 10}",180,60,120,0.016666666666666666,0.041666666666666664,1,5,60,120,2,1.1173184357541899,0,60.0,61.0,0.6444444444444445,1.0,5,0.041666666666666664,5.0
D7D20E2E-FC78-405D-B346-DBD3FD8FC92B,D7D20E2E_s4,B9724848-C7E2-45F4-9B3F-A1F38D864495,ewma,"{""theta"": 0.8573290973818214, ""alpha"": 0.1}",180,60,120,0.0,0.175,0,21,60,120,2,1.1173184357541899,0,60.0,60.0,0.55,0.0,21,0.175,21.0
D7D20E2E-FC78-405D-B346-DBD3FD8FC92B,D7D20E2E_s4,B9724848-C7E2-45F4-9B3F-A1F38D864495,majority_vote,"{""theta"": 0.8382812852057139, ""w"": 3, ""k"": 2}",180,60,120,0.016666666666666666,0.008333333333333333,1,1,60,120,2,1.1173184357541899,0,60.0,60.0,0.6666666666666666,1.0,1,0.008333333333333333,1.0
D7D20E2E-FC78-405D-B346-DBD3FD8FC92B,D7D20E2E_s4,B9724848-C7E2-45F4-9B3F-A1F38D864495,debounce,"{""theta"": 0.8371495951812296, ""n"": 2}",180,60,120,0.016666666666666666,0.008333333333333333,1,1,60,120,2,1.1173184357541899,0,60.0,60.0,0.6666666666666666,1.0,1,0.008333333333333333,1.0
D7D20E2E-FC78-405D-B346-DBD3FD8FC92B,D7D20E2E_s4,B9724848-C7E2-45F4-9B3F-A1F38D864495,margin_dual_threshold,"{""theta"": 0.8254364381956649, ""margin"": 0.05}",180,60,120,0.0,0.0,0,0,60,120,2,1.1173184357541899,0,60.0,60.0,0.6666666666666666,0.0,0,0.0,0.0
D7D20E2E-FC78-405D-B346-DBD3FD8FC92B,D7D20E2E_s4,B9724848-C7E2-45F4-9B3F-A1F38D864495,hysteresis,"{""theta"": 0.8303958061075812, ""margin"": 0.05, ""ttt_frames"": 3}",180,60,120,0.03333333333333333,0.016666666666666666,2,2,60,120,2,1.1173184357541899,0,60.0,60.0,0.6666666666666666,2.0,2,0.016666666666666666,2.0
D7D20E2E-FC78-405D-B346-DBD3FD8FC92B,D7D20E2E_s4,B9724848-C7E2-45F4-9B3F-A1F38D864495,trust_model,"{""theta"": 0.86369609301068, ""gain"": 0.6, ""decay"": 0.05, ""tau_lo"": 0.4, ""tau_hi"": 0.6}",180,60,120,0.016666666666666666,0.15833333333333333,1,19,60,120,2,1.1173184357541899,0,60.0,61.0,0.5666666666666667,1.0,19,0.15833333333333333,19.0
D7D20E2E-FC78-405D-B346-DBD3FD8FC92B,D7D20E2E_s4,B9724848-C7E2-45F4-9B3F-A1F38D864495,sprt,"{""A"": 1, ""B"": 4, ""mu_gen"": 0.9638414263707176, ""sd_gen"": 0.03232462950793989, ""mu_imp"": 0.4543971988977847, ""sd_imp"": 0.27834558756606}",180,60,120,0.0,0.008333333333333333,0,1,60,120,2,1.1173184357541899,0,60.0,60.0,0.6611111111111111,0.0,1,0.008333333333333333,1.0
D7D20E2E-FC78-405D-B346-DBD3FD8FC92B,D7D20E2E_s5,665514DE-49DC-421F-8DCB-145D0B2609AD,instantaneous,"{""theta"": 0.8468922836585403}",180,60,120,0.0,0.0,0,0,60,120,2,1.1173184357541899,0,60.0,60.0,0.6666666666666666,0.0,0,0.0,0.0
D7D20E2E-FC78-405D-B346-DBD3FD8FC92B,D7D20E2E_s5,665514DE-49DC-421F-8DCB-145D0B2609AD,moving_average,"{""theta"": 0.834285521157226, ""w"": 10}",180,60,120,0.016666666666666666,0.058333333333333334,1,7,60,120,2,1.1173184357541899,0,60.0,61.0,0.6333333333333333,1.0,7,0.058333333333333334,7.0
D7D20E2E-FC78-405D-B346-DBD3FD8FC92B,D7D20E2E_s5,665514DE-49DC-421F-8DCB-145D0B2609AD,ewma,"{""theta"": 0.8573290973818214, ""alpha"": 0.1}",180,60,120,0.016666666666666666,0.14166666666666666,1,17,60,120,2,1.1173184357541899,0,60.0,61.0,0.5777777777777777,1.0,17,0.14166666666666666,17.0
D7D20E2E-FC78-405D-B346-DBD3FD8FC92B,D7D20E2E_s5,665514DE-49DC-421F-8DCB-145D0B2609AD,majority_vote,"{""theta"": 0.8382812852057139, ""w"": 3, ""k"": 2}",180,60,120,0.016666666666666666,0.008333333333333333,1,1,60,120,2,1.1173184357541899,0,60.0,60.0,0.6666666666666666,1.0,1,0.008333333333333333,1.0
D7D20E2E-FC78-405D-B346-DBD3FD8FC92B,D7D20E2E_s5,665514DE-49DC-421F-8DCB-145D0B2609AD,debounce,"{""theta"": 0.8371495951812296, ""n"": 2}",180,60,120,0.016666666666666666,0.008333333333333333,1,1,60,120,2,1.1173184357541899,0,60.0,60.0,0.6666666666666666,1.0,1,0.008333333333333333,1.0
D7D20E2E-FC78-405D-B346-DBD3FD8FC92B,D7D20E2E_s5,665514DE-49DC-421F-8DCB-145D0B2609AD,margin_dual_threshold,"{""theta"": 0.8254364381956649, ""margin"": 0.05}",180,60,120,0.0,0.0,0,0,60,120,2,1.1173184357541899,0,60.0,60.0,0.6666666666666666,0.0,0,0.0,0.0
D7D20E2E-FC78-405D-B346-DBD3FD8FC92B,D7D20E2E_s5,665514DE-49DC-421F-8DCB-145D0B2609AD,hysteresis,"{""theta"": 0.8303958061075812, ""margin"": 0.05, ""ttt_frames"": 3}",180,60,120,0.03333333333333333,0.016666666666666666,2,2,60,120,2,1.1173184357541899,0,60.0,60.0,0.6666666666666666,2.0,2,0.016666666666666666,2.0
D7D20E2E-FC78-405D-B346-DBD3FD8FC92B,D7D20E2E_s5,665514DE-49DC-421F-8DCB-145D0B2609AD,trust_model,"{""theta"": 0.86369609301068, ""gain"": 0.6, ""decay"": 0.05, ""tau_lo"": 0.4, ""tau_hi"": 0.6}",180,60,120,0.03333333333333333,0.13333333333333333,2,16,60,120,2,1.1173184357541899,0,60.0,62.0,0.5888888888888889,2.0,16,0.13333333333333333,16.0
D7D20E2E-FC78-405D-B346-DBD3FD8FC92B,D7D20E2E_s5,665514DE-49DC-421F-8DCB-145D0B2609AD,sprt,"{""A"": 1, ""B"": 4, ""mu_gen"": 0.9638414263707176, ""sd_gen"": 0.03232462950793989, ""mu_imp"": 0.4543971988977847, ""sd_imp"": 0.27834558756606}",180,60,120,0.0,0.0,0,0,60,120,2,1.1173184357541899,0,60.0,60.0,0.6666666666666666,0.0,0,0.0,0.0
E65577C1-8D5D-4F70-AF23-B3ADB9D3DBA3,E65577C1_s0,7CE37510-56D0-4120-A1CF-0E23351428D2,instantaneous,"{""theta"": 0.9279533761036651}",180,60,120,0.0,0.008333333333333333,0,1,60,120,4,2.2346368715083798,2,36.0,36.0,0.6611111111111111,0.0,1,0.008333333333333333,0.0
E65577C1-8D5D-4F70-AF23-B3ADB9D3DBA3,E65577C1_s0,7CE37510-56D0-4120-A1CF-0E23351428D2,moving_average,"{""theta"": 0.9278600846407927, ""w"": 5}",180,60,120,0.0,0.03333333333333333,0,4,60,120,2,1.1173184357541899,0,60.0,60.0,0.6444444444444445,0.0,4,0.03333333333333333,4.0
E65577C1-8D5D-4F70-AF23-B3ADB9D3DBA3,E65577C1_s0,7CE37510-56D0-4120-A1CF-0E23351428D2,ewma,"{""theta"": 0.9277456647398844, ""alpha"": 0.5}",180,60,120,0.0,0.06666666666666667,0,8,60,120,2,1.1173184357541899,0,60.0,60.0,0.6222222222222222,0.0,8,0.06666666666666667,8.0
E65577C1-8D5D-4F70-AF23-B3ADB9D3DBA3,E65577C1_s0,7CE37510-56D0-4120-A1CF-0E23351428D2,majority_vote,"{""theta"": 0.9284262846979611, ""w"": 3, ""k"": 2}",180,60,120,0.016666666666666666,0.008333333333333333,1,1,60,120,2,1.1173184357541899,0,60.0,60.0,0.6666666666666666,1.0,1,0.008333333333333333,1.0
E65577C1-8D5D-4F70-AF23-B3ADB9D3DBA3,E65577C1_s0,7CE37510-56D0-4120-A1CF-0E23351428D2,debounce,"{""theta"": 0.9284262846979611, ""n"": 2}",180,60,120,0.016666666666666666,0.008333333333333333,1,1,60,120,2,1.1173184357541899,0,60.0,60.0,0.6666666666666666,1.0,1,0.008333333333333333,1.0
E65577C1-8D5D-4F70-AF23-B3ADB9D3DBA3,E65577C1_s0,7CE37510-56D0-4120-A1CF-0E23351428D2,margin_dual_threshold,"{""theta"": 0.9200173410404624, ""margin"": 0.2}",180,60,120,0.0,0.5,0,60,60,120,1,0.5586592178770949,0,90.0,90.0,0.3333333333333333,0.0,60,0.5,
E65577C1-8D5D-4F70-AF23-B3ADB9D3DBA3,E65577C1_s0,7CE37510-56D0-4120-A1CF-0E23351428D2,hysteresis,"{""theta"": 0.9838456647398844, ""margin"": 0.05, ""ttt_frames"": 10}",180,60,120,0.0,0.85,0,102,60,120,1,0.5586592178770949,0,90.0,90.0,0.1,0.0,102,0.85,
E65577C1-8D5D-4F70-AF23-B3ADB9D3DBA3,E65577C1_s0,7CE37510-56D0-4120-A1CF-0E23351428D2,trust_model,"{""theta"": 0.9410611065235343, ""gain"": 0.6, ""decay"": 0.05, ""tau_lo"": 0.4, ""tau_hi"": 0.6}",180,60,120,0.0,0.5,0,60,60,120,1,0.5586592178770949,0,90.0,90.0,0.3333333333333333,0.0,60,0.5,
E65577C1-8D5D-4F70-AF23-B3ADB9D3DBA3,E65577C1_s0,7CE37510-56D0-4120-A1CF-0E23351428D2,sprt,"{""A"": 16, ""B"": 16, ""mu_gen"": 0.9655923135150014, ""sd_gen"": 0.020675495359135595, ""mu_imp"": 0.5900512661712084, ""sd_imp"": 0.2621178185449946}",180,60,120,0.0,0.06666666666666667,0,8,60,120,2,1.1173184357541899,0,60.0,60.0,0.6222222222222222,0.0,8,0.06666666666666667,8.0
E65577C1-8D5D-4F70-AF23-B3ADB9D3DBA3,E65577C1_s1,665514DE-49DC-421F-8DCB-145D0B2609AD,instantaneous,"{""theta"": 0.9279533761036651}",180,60,120,0.0,0.0,0,0,60,120,2,1.1173184357541899,0,60.0,60.0,0.6666666666666666,0.0,0,0.0,0.0
E65577C1-8D5D-4F70-AF23-B3ADB9D3DBA3,E65577C1_s1,665514DE-49DC-421F-8DCB-145D0B2609AD,moving_average,"{""theta"": 0.9278600846407927, ""w"": 5}",180,60,120,0.0,0.03333333333333333,0,4,60,120,2,1.1173184357541899,0,60.0,60.0,0.6444444444444445,0.0,4,0.03333333333333333,4.0
E65577C1-8D5D-4F70-AF23-B3ADB9D3DBA3,E65577C1_s1,665514DE-49DC-421F-8DCB-145D0B2609AD,ewma,"{""theta"": 0.9277456647398844, ""alpha"": 0.5}",180,60,120,0.0,0.05,0,6,60,120,2,1.1173184357541899,0,60.0,60.0,0.6333333333333333,0.0,6,0.05,6.0
E65577C1-8D5D-4F70-AF23-B3ADB9D3DBA3,E65577C1_s1,665514DE-49DC-421F-8DCB-145D0B2609AD,majority_vote,"{""theta"": 0.9284262846979611, ""w"": 3, ""k"": 2}",180,60,120,0.016666666666666666,0.008333333333333333,1,1,60,120,2,1.1173184357541899,0,60.0,60.0,0.6666666666666666,1.0,1,0.008333333333333333,1.0
E65577C1-8D5D-4F70-AF23-B3ADB9D3DBA3,E65577C1_s1,665514DE-49DC-421F-8DCB-145D0B2609AD,debounce,"{""theta"": 0.9284262846979611, ""n"": 2}",180,60,120,0.016666666666666666,0.008333333333333333,1,1,60,120,2,1.1173184357541899,0,60.0,60.0,0.6666666666666666,1.0,1,0.008333333333333333,1.0
E65577C1-8D5D-4F70-AF23-B3ADB9D3DBA3,E65577C1_s1,665514DE-49DC-421F-8DCB-145D0B2609AD,margin_dual_threshold,"{""theta"": 0.9200173410404624, ""margin"": 0.2}",180,60,120,0.0,0.5,0,60,60,120,1,0.5586592178770949,0,90.0,90.0,0.3333333333333333,0.0,60,0.5,
E65577C1-8D5D-4F70-AF23-B3ADB9D3DBA3,E65577C1_s1,665514DE-49DC-421F-8DCB-145D0B2609AD,hysteresis,"{""theta"": 0.9838456647398844, ""margin"": 0.05, ""ttt_frames"": 10}",180,60,120,0.0,0.9,0,108,60,120,1,0.5586592178770949,0,90.0,90.0,0.06666666666666667,0.0,108,0.9,
E65577C1-8D5D-4F70-AF23-B3ADB9D3DBA3,E65577C1_s1,665514DE-49DC-421F-8DCB-145D0B2609AD,trust_model,"{""theta"": 0.9410611065235343, ""gain"": 0.6, ""decay"": 0.05, ""tau_lo"": 0.4, ""tau_hi"": 0.6}",180,60,120,0.0,0.275,0,33,60,120,2,1.1173184357541899,0,60.0,60.0,0.48333333333333334,0.0,33,0.275,33.0
E65577C1-8D5D-4F70-AF23-B3ADB9D3DBA3,E65577C1_s1,665514DE-49DC-421F-8DCB-145D0B2609AD,sprt,"{""A"": 16, ""B"": 16, ""mu_gen"": 0.9655923135150014, ""sd_gen"": 0.020675495359135595, ""mu_imp"": 0.5900512661712084, ""sd_imp"": 0.2621178185449946}",180,60,120,0.0,0.05,0,6,60,120,2,1.1173184357541899,0,60.0,60.0,0.6333333333333333,0.0,6,0.05,6.0
E65577C1-8D5D-4F70-AF23-B3ADB9D3DBA3,E65577C1_s2,61976C24-1C50-4355-9C49-AAE44A7D09F6,instantaneous,"{""theta"": 0.9279533761036651}",180,60,120,0.06666666666666667,0.0,4,0,60,120,8,4.4692737430167595,6,20.0,7.0,0.6888888888888889,1.0,0,0.0,0.0
E65577C1-8D5D-4F70-AF23-B3ADB9D3DBA3,E65577C1_s2,61976C24-1C50-4355-9C49-AAE44A7D09F6,moving_average,"{""theta"": 0.9278600846407927, ""w"": 5}",180,60,120,0.016666666666666666,0.016666666666666666,1,2,60,120,2,1.1173184357541899,0,60.0,61.0,0.6611111111111111,1.0,2,0.016666666666666666,2.0
E65577C1-8D5D-4F70-AF23-B3ADB9D3DBA3,E65577C1_s2,61976C24-1C50-4355-9C49-AAE44A7D09F6,ewma,"{""theta"": 0.9277456647398844, ""alpha"": 0.5}",180,60,120,0.016666666666666666,0.0,1,0,60,120,2,1.1173184357541899,0,60.0,60.0,0.6722222222222223,1.0,0,0.0,0.0
E65577C1-8D5D-4F70-AF23-B3ADB9D3DBA3,E65577C1_s2,61976C24-1C50-4355-9C49-AAE44A7D09F6,majority_vote,"{""theta"": 0.9284262846979611, ""w"": 3, ""k"": 2}",180,60,120,0.03333333333333333,0.008333333333333333,2,1,60,120,2,1.1173184357541899,0,60.0,59.0,0.6722222222222223,2.0,1,0.008333333333333333,1.0
E65577C1-8D5D-4F70-AF23-B3ADB9D3DBA3,E65577C1_s2,61976C24-1C50-4355-9C49-AAE44A7D09F6,debounce,"{""theta"": 0.9284262846979611, ""n"": 2}",180,60,120,0.03333333333333333,0.008333333333333333,2,1,60,120,2,1.1173184357541899,0,60.0,59.0,0.6722222222222223,2.0,1,0.008333333333333333,1.0
E65577C1-8D5D-4F70-AF23-B3ADB9D3DBA3,E65577C1_s2,61976C24-1C50-4355-9C49-AAE44A7D09F6,margin_dual_threshold,"{""theta"": 0.9200173410404624, ""margin"": 0.2}",180,60,120,0.26666666666666666,0.5,16,60,60,120,1,0.5586592178770949,0,90.0,90.0,0.4222222222222222,16.0,60,0.5,
E65577C1-8D5D-4F70-AF23-B3ADB9D3DBA3,E65577C1_s2,61976C24-1C50-4355-9C49-AAE44A7D09F6,hysteresis,"{""theta"": 0.9838456647398844, ""margin"": 0.05, ""ttt_frames"": 10}",180,60,120,0.0,0.9,0,108,60,120,1,0.5586592178770949,0,90.0,90.0,0.06666666666666667,0.0,108,0.9,
E65577C1-8D5D-4F70-AF23-B3ADB9D3DBA3,E65577C1_s2,61976C24-1C50-4355-9C49-AAE44A7D09F6,trust_model,"{""theta"": 0.9410611065235343, ""gain"": 0.6, ""decay"": 0.05, ""tau_lo"": 0.4, ""tau_hi"": 0.6}",180,60,120,0.0,0.5,0,60,60,120,1,0.5586592178770949,0,90.0,90.0,0.3333333333333333,0.0,60,0.5,
E65577C1-8D5D-4F70-AF23-B3ADB9D3DBA3,E65577C1_s2,61976C24-1C50-4355-9C49-AAE44A7D09F6,sprt,"{""A"": 16, ""B"": 16, ""mu_gen"": 0.9655923135150014, ""sd_gen"": 0.020675495359135595, ""mu_imp"": 0.5900512661712084, ""sd_imp"": 0.2621178185449946}",180,60,120,0.26666666666666666,0.075,16,9,60,120,2,1.1173184357541899,0,60.0,53.0,0.7055555555555556,16.0,9,0.075,9.0
E65577C1-8D5D-4F70-AF23-B3ADB9D3DBA3,E65577C1_s3,098A72A5-E3E5-4F54-A152-BBDA0DF7B694,instantaneous,"{""theta"": 0.9279533761036651}",180,60,120,0.0,0.0,0,0,60,120,2,1.1173184357541899,0,60.0,60.0,0.6666666666666666,0.0,0,0.0,0.0
E65577C1-8D5D-4F70-AF23-B3ADB9D3DBA3,E65577C1_s3,098A72A5-E3E5-4F54-A152-BBDA0DF7B694,moving_average,"{""theta"": 0.9278600846407927, ""w"": 5}",180,60,120,0.0,0.03333333333333333,0,4,60,120,2,1.1173184357541899,0,60.0,60.0,0.6444444444444445,0.0,4,0.03333333333333333,4.0
E65577C1-8D5D-4F70-AF23-B3ADB9D3DBA3,E65577C1_s3,098A72A5-E3E5-4F54-A152-BBDA0DF7B694,ewma,"{""theta"": 0.9277456647398844, ""alpha"": 0.5}",180,60,120,0.0,0.03333333333333333,0,4,60,120,2,1.1173184357541899,0,60.0,60.0,0.6444444444444445,0.0,4,0.03333333333333333,4.0
E65577C1-8D5D-4F70-AF23-B3ADB9D3DBA3,E65577C1_s3,098A72A5-E3E5-4F54-A152-BBDA0DF7B694,majority_vote,"{""theta"": 0.9284262846979611, ""w"": 3, ""k"": 2}",180,60,120,0.016666666666666666,0.008333333333333333,1,1,60,120,2,1.1173184357541899,0,60.0,60.0,0.6666666666666666,1.0,1,0.008333333333333333,1.0
E65577C1-8D5D-4F70-AF23-B3ADB9D3DBA3,E65577C1_s3,098A72A5-E3E5-4F54-A152-BBDA0DF7B694,debounce,"{""theta"": 0.9284262846979611, ""n"": 2}",180,60,120,0.016666666666666666,0.008333333333333333,1,1,60,120,2,1.1173184357541899,0,60.0,60.0,0.6666666666666666,1.0,1,0.008333333333333333,1.0
E65577C1-8D5D-4F70-AF23-B3ADB9D3DBA3,E65577C1_s3,098A72A5-E3E5-4F54-A152-BBDA0DF7B694,margin_dual_threshold,"{""theta"": 0.9200173410404624, ""margin"": 0.2}",180,60,120,0.0,0.5,0,60,60,120,1,0.5586592178770949,0,90.0,90.0,0.3333333333333333,0.0,60,0.5,
E65577C1-8D5D-4F70-AF23-B3ADB9D3DBA3,E65577C1_s3,098A72A5-E3E5-4F54-A152-BBDA0DF7B694,hysteresis,"{""theta"": 0.9838456647398844, ""margin"": 0.05, ""ttt_frames"": 10}",180,60,120,0.0,0.925,0,111,60,120,1,0.5586592178770949,0,90.0,90.0,0.05,0.0,111,0.925,
E65577C1-8D5D-4F70-AF23-B3ADB9D3DBA3,E65577C1_s3,098A72A5-E3E5-4F54-A152-BBDA0DF7B694,trust_model,"{""theta"": 0.9410611065235343, ""gain"": 0.6, ""decay"": 0.05, ""tau_lo"": 0.4, ""tau_hi"": 0.6}",180,60,120,0.0,0.5583333333333333,0,67,60,120,1,0.5586592178770949,0,90.0,90.0,0.29444444444444445,0.0,67,0.5583333333333333,
E65577C1-8D5D-4F70-AF23-B3ADB9D3DBA3,E65577C1_s3,098A72A5-E3E5-4F54-A152-BBDA0DF7B694,sprt,"{""A"": 16, ""B"": 16, ""mu_gen"": 0.9655923135150014, ""sd_gen"": 0.020675495359135595, ""mu_imp"": 0.5900512661712084, ""sd_imp"": 0.2621178185449946}",180,60,120,0.0,0.041666666666666664,0,5,60,120,2,1.1173184357541899,0,60.0,60.0,0.6388888888888888,0.0,5,0.041666666666666664,5.0
E65577C1-8D5D-4F70-AF23-B3ADB9D3DBA3,E65577C1_s4,ECECC2AB-D32F-4F90-B74C-E12A1C69BBE2,instantaneous,"{""theta"": 0.9279533761036651}",180,60,120,0.0,0.0,0,0,60,120,2,1.1173184357541899,0,60.0,60.0,0.6666666666666666,0.0,0,0.0,0.0
E65577C1-8D5D-4F70-AF23-B3ADB9D3DBA3,E65577C1_s4,ECECC2AB-D32F-4F90-B74C-E12A1C69BBE2,moving_average,"{""theta"": 0.9278600846407927, ""w"": 5}",180,60,120,0.0,0.03333333333333333,0,4,60,120,2,1.1173184357541899,0,60.0,60.0,0.6444444444444445,0.0,4,0.03333333333333333,4.0
E65577C1-8D5D-4F70-AF23-B3ADB9D3DBA3,E65577C1_s4,ECECC2AB-D32F-4F90-B74C-E12A1C69BBE2,ewma,"{""theta"": 0.9277456647398844, ""alpha"": 0.5}",180,60,120,0.0,0.03333333333333333,0,4,60,120,2,1.1173184357541899,0,60.0,60.0,0.6444444444444445,0.0,4,0.03333333333333333,4.0
E65577C1-8D5D-4F70-AF23-B3ADB9D3DBA3,E65577C1_s4,ECECC2AB-D32F-4F90-B74C-E12A1C69BBE2,majority_vote,"{""theta"": 0.9284262846979611, ""w"": 3, ""k"": 2}",180,60,120,0.016666666666666666,0.008333333333333333,1,1,60,120,2,1.1173184357541899,0,60.0,60.0,0.6666666666666666,1.0,1,0.008333333333333333,1.0
E65577C1-8D5D-4F70-AF23-B3ADB9D3DBA3,E65577C1_s4,ECECC2AB-D32F-4F90-B74C-E12A1C69BBE2,debounce,"{""theta"": 0.9284262846979611, ""n"": 2}",180,60,120,0.016666666666666666,0.008333333333333333,1,1,60,120,2,1.1173184357541899,0,60.0,60.0,0.6666666666666666,1.0,1,0.008333333333333333,1.0
E65577C1-8D5D-4F70-AF23-B3ADB9D3DBA3,E65577C1_s4,ECECC2AB-D32F-4F90-B74C-E12A1C69BBE2,margin_dual_threshold,"{""theta"": 0.9200173410404624, ""margin"": 0.2}",180,60,120,0.0,0.5,0,60,60,120,1,0.5586592178770949,0,90.0,90.0,0.3333333333333333,0.0,60,0.5,
E65577C1-8D5D-4F70-AF23-B3ADB9D3DBA3,E65577C1_s4,ECECC2AB-D32F-4F90-B74C-E12A1C69BBE2,hysteresis,"{""theta"": 0.9838456647398844, ""margin"": 0.05, ""ttt_frames"": 10}",180,60,120,0.0,0.925,0,111,60,120,1,0.5586592178770949,0,90.0,90.0,0.05,0.0,111,0.925,
E65577C1-8D5D-4F70-AF23-B3ADB9D3DBA3,E65577C1_s4,ECECC2AB-D32F-4F90-B74C-E12A1C69BBE2,trust_model,"{""theta"": 0.9410611065235343, ""gain"": 0.6, ""decay"": 0.05, ""tau_lo"": 0.4, ""tau_hi"": 0.6}",180,60,120,0.0,0.5,0,60,60,120,1,0.5586592178770949,0,90.0,90.0,0.3333333333333333,0.0,60,0.5,
E65577C1-8D5D-4F70-AF23-B3ADB9D3DBA3,E65577C1_s4,ECECC2AB-D32F-4F90-B74C-E12A1C69BBE2,sprt,"{""A"": 16, ""B"": 16, ""mu_gen"": 0.9655923135150014, ""sd_gen"": 0.020675495359135595, ""mu_imp"": 0.5900512661712084, ""sd_imp"": 0.2621178185449946}",180,60,120,0.0,0.03333333333333333,0,4,60,120,2,1.1173184357541899,0,60.0,60.0,0.6444444444444445,0.0,4,0.03333333333333333,4.0
E65577C1-8D5D-4F70-AF23-B3ADB9D3DBA3,E65577C1_s5,8023FE1A-D3B0-4E2C-A57A-9321B7FC755F,instantaneous,"{""theta"": 0.9279533761036651}",180,60,120,0.05,0.0,3,0,60,120,8,4.4692737430167595,6,20.0,10.0,0.6833333333333333,0.0,0,0.0,0.0
E65577C1-8D5D-4F70-AF23-B3ADB9D3DBA3,E65577C1_s5,8023FE1A-D3B0-4E2C-A57A-9321B7FC755F,moving_average,"{""theta"": 0.9278600846407927, ""w"": 5}",180,60,120,0.0,0.03333333333333333,0,4,60,120,2,1.1173184357541899,0,60.0,60.0,0.6444444444444445,0.0,4,0.03333333333333333,4.0
E65577C1-8D5D-4F70-AF23-B3ADB9D3DBA3,E65577C1_s5,8023FE1A-D3B0-4E2C-A57A-9321B7FC755F,ewma,"{""theta"": 0.9277456647398844, ""alpha"": 0.5}",180,60,120,0.0,0.03333333333333333,0,4,60,120,2,1.1173184357541899,0,60.0,60.0,0.6444444444444445,0.0,4,0.03333333333333333,4.0
E65577C1-8D5D-4F70-AF23-B3ADB9D3DBA3,E65577C1_s5,8023FE1A-D3B0-4E2C-A57A-9321B7FC755F,majority_vote,"{""theta"": 0.9284262846979611, ""w"": 3, ""k"": 2}",180,60,120,0.016666666666666666,0.008333333333333333,1,1,60,120,2,1.1173184357541899,0,60.0,60.0,0.6666666666666666,1.0,1,0.008333333333333333,1.0
E65577C1-8D5D-4F70-AF23-B3ADB9D3DBA3,E65577C1_s5,8023FE1A-D3B0-4E2C-A57A-9321B7FC755F,debounce,"{""theta"": 0.9284262846979611, ""n"": 2}",180,60,120,0.016666666666666666,0.008333333333333333,1,1,60,120,2,1.1173184357541899,0,60.0,60.0,0.6666666666666666,1.0,1,0.008333333333333333,1.0
E65577C1-8D5D-4F70-AF23-B3ADB9D3DBA3,E65577C1_s5,8023FE1A-D3B0-4E2C-A57A-9321B7FC755F,margin_dual_threshold,"{""theta"": 0.9200173410404624, ""margin"": 0.2}",180,60,120,0.0,0.5,0,60,60,120,1,0.5586592178770949,0,90.0,90.0,0.3333333333333333,0.0,60,0.5,
E65577C1-8D5D-4F70-AF23-B3ADB9D3DBA3,E65577C1_s5,8023FE1A-D3B0-4E2C-A57A-9321B7FC755F,hysteresis,"{""theta"": 0.9838456647398844, ""margin"": 0.05, ""ttt_frames"": 10}",180,60,120,0.0,0.925,0,111,60,120,1,0.5586592178770949,0,90.0,90.0,0.05,0.0,111,0.925,
E65577C1-8D5D-4F70-AF23-B3ADB9D3DBA3,E65577C1_s5,8023FE1A-D3B0-4E2C-A57A-9321B7FC755F,trust_model,"{""theta"": 0.9410611065235343, ""gain"": 0.6, ""decay"": 0.05, ""tau_lo"": 0.4, ""tau_hi"": 0.6}",180,60,120,0.03333333333333333,0.5,2,60,60,120,1,0.5586592178770949,0,90.0,90.0,0.34444444444444444,2.0,60,0.5,
E65577C1-8D5D-4F70-AF23-B3ADB9D3DBA3,E65577C1_s5,8023FE1A-D3B0-4E2C-A57A-9321B7FC755F,sprt,"{""A"": 16, ""B"": 16, ""mu_gen"": 0.9655923135150014, ""sd_gen"": 0.020675495359135595, ""mu_imp"": 0.5900512661712084, ""sd_imp"": 0.2621178185449946}",180,60,120,0.0,0.05,0,6,60,120,2,1.1173184357541899,0,60.0,60.0,0.6333333333333333,0.0,6,0.05,6.0
ECECC2AB-D32F-4F90-B74C-E12A1C69BBE2,ECECC2AB_s0,806289BC-AD52-4CC1-806C-0CDB14D65EB6,instantaneous,"{""theta"": 0.8439670941051531}",180,60,120,0.0,0.0,0,0,60,120,2,1.1173184357541899,0,60.0,60.0,0.6666666666666666,0.0,0,0.0,0.0
ECECC2AB-D32F-4F90-B74C-E12A1C69BBE2,ECECC2AB_s0,806289BC-AD52-4CC1-806C-0CDB14D65EB6,moving_average,"{""theta"": 0.8429764301225253, ""w"": 10}",180,60,120,0.03333333333333333,0.058333333333333334,2,7,60,120,2,1.1173184357541899,0,60.0,62.0,0.6388888888888888,2.0,7,0.058333333333333334,7.0
ECECC2AB-D32F-4F90-B74C-E12A1C69BBE2,ECECC2AB_s0,806289BC-AD52-4CC1-806C-0CDB14D65EB6,ewma,"{""theta"": 0.8112542598551252, ""alpha"": 0.2}",180,60,120,0.016666666666666666,0.041666666666666664,1,5,60,120,2,1.1173184357541899,0,60.0,61.0,0.6444444444444445,1.0,5,0.041666666666666664,5.0
ECECC2AB-D32F-4F90-B74C-E12A1C69BBE2,ECECC2AB_s0,806289BC-AD52-4CC1-806C-0CDB14D65EB6,majority_vote,"{""theta"": 0.8743815879154845, ""w"": 5, ""k"": 3}",180,60,120,0.03333333333333333,0.016666666666666666,2,2,60,120,2,1.1173184357541899,0,60.0,60.0,0.6666666666666666,2.0,2,0.016666666666666666,2.0
ECECC2AB-D32F-4F90-B74C-E12A1C69BBE2,ECECC2AB_s0,806289BC-AD52-4CC1-806C-0CDB14D65EB6,debounce,"{""theta"": 0.8473220371221607, ""n"": 2}",180,60,120,0.016666666666666666,0.008333333333333333,1,1,60,120,2,1.1173184357541899,0,60.0,60.0,0.6666666666666666,1.0,1,0.008333333333333333,1.0
ECECC2AB-D32F-4F90-B74C-E12A1C69BBE2,ECECC2AB_s0,806289BC-AD52-4CC1-806C-0CDB14D65EB6,margin_dual_threshold,"{""theta"": 0.8252297547908509, ""margin"": 0.05}",180,60,120,0.0,0.0,0,0,60,120,2,1.1173184357541899,0,60.0,60.0,0.6666666666666666,0.0,0,0.0,0.0
ECECC2AB-D32F-4F90-B74C-E12A1C69BBE2,ECECC2AB_s0,806289BC-AD52-4CC1-806C-0CDB14D65EB6,hysteresis,"{""theta"": 0.9854373583350504, ""margin"": 0.05, ""ttt_frames"": 10}",180,60,120,0.15,0.5,9,60,60,120,1,0.5586592178770949,0,90.0,90.0,0.38333333333333336,9.0,60,0.5,
ECECC2AB-D32F-4F90-B74C-E12A1C69BBE2,ECECC2AB_s0,806289BC-AD52-4CC1-806C-0CDB14D65EB6,trust_model,"{""theta"": 0.9743457655058727, ""gain"": 0.1, ""decay"": 0.05, ""tau_lo"": 0.4, ""tau_hi"": 0.6}",180,60,120,0.03333333333333333,0.5,2,60,60,120,1,0.5586592178770949,0,90.0,90.0,0.34444444444444444,2.0,60,0.5,
ECECC2AB-D32F-4F90-B74C-E12A1C69BBE2,ECECC2AB_s0,806289BC-AD52-4CC1-806C-0CDB14D65EB6,sprt,"{""A"": 1, ""B"": 1, ""mu_gen"": 0.973646741992353, ""sd_gen"": 0.017139579676554963, ""mu_imp"": 0.3562884927994138, ""sd_imp"": 0.27038744082207056}",180,60,120,0.0,0.0,0,0,60,120,2,1.1173184357541899,0,60.0,60.0,0.6666666666666666,0.0,0,0.0,0.0
ECECC2AB-D32F-4F90-B74C-E12A1C69BBE2,ECECC2AB_s1,61976C24-1C50-4355-9C49-AAE44A7D09F6,instantaneous,"{""theta"": 0.8439670941051531}",180,60,120,0.21666666666666667,0.0,13,0,60,120,10,5.58659217877095,8,16.363636363636363,2.0,0.7388888888888889,0.0,0,0.0,0.0
ECECC2AB-D32F-4F90-B74C-E12A1C69BBE2,ECECC2AB_s1,61976C24-1C50-4355-9C49-AAE44A7D09F6,moving_average,"{""theta"": 0.8429764301225253, ""w"": 10}",180,60,120,0.1,0.0,6,0,60,120,2,1.1173184357541899,0,60.0,63.0,0.7,3.0,0,0.0,0.0
ECECC2AB-D32F-4F90-B74C-E12A1C69BBE2,ECECC2AB_s1,61976C24-1C50-4355-9C49-AAE44A7D09F6,ewma,"{""theta"": 0.8112542598551252, ""alpha"": 0.2}",180,60,120,0.11666666666666667,0.0,7,0,60,120,2,1.1173184357541899,0,60.0,63.0,0.7055555555555556,3.0,0,0.0,0.0
ECECC2AB-D32F-4F90-B74C-E12A1C69BBE2,ECECC2AB_s1,61976C24-1C50-4355-9C49-AAE44A7D09F6,majority_vote,"{""theta"": 0.8743815879154845, ""w"": 5, ""k"": 3}",180,60,120,0.15,0.0,9,0,60,120,2,1.1173184357541899,0,60.0,62.0,0.7166666666666667,2.0,0,0.0,0.0
ECECC2AB-D32F-4F90-B74C-E12A1C69BBE2,ECECC2AB_s1,61976C24-1C50-4355-9C49-AAE44A7D09F6,debounce,"{""theta"": 0.8473220371221607, ""n"": 2}",180,60,120,0.15,0.0,9,0,60,120,2,1.1173184357541899,0,60.0,61.0,0.7166666666666667,1.0,0,0.0,0.0
ECECC2AB-D32F-4F90-B74C-E12A1C69BBE2,ECECC2AB_s1,61976C24-1C50-4355-9C49-AAE44A7D09F6,margin_dual_threshold,"{""theta"": 0.8252297547908509, ""margin"": 0.05}",180,60,120,0.2,0.0,12,0,60,120,8,4.4692737430167595,6,20.0,10.0,0.7333333333333333,0.0,0,0.0,0.0
ECECC2AB-D32F-4F90-B74C-E12A1C69BBE2,ECECC2AB_s1,61976C24-1C50-4355-9C49-AAE44A7D09F6,hysteresis,"{""theta"": 0.9854373583350504, ""margin"": 0.05, ""ttt_frames"": 10}",180,60,120,0.0,0.925,0,111,60,120,1,0.5586592178770949,0,90.0,90.0,0.05,0.0,111,0.925,
ECECC2AB-D32F-4F90-B74C-E12A1C69BBE2,ECECC2AB_s1,61976C24-1C50-4355-9C49-AAE44A7D09F6,trust_model,"{""theta"": 0.9743457655058727, ""gain"": 0.1, ""decay"": 0.05, ""tau_lo"": 0.4, ""tau_hi"": 0.6}",180,60,120,0.016666666666666666,0.5,1,60,60,120,1,0.5586592178770949,0,90.0,90.0,0.3388888888888889,1.0,60,0.5,
ECECC2AB-D32F-4F90-B74C-E12A1C69BBE2,ECECC2AB_s1,61976C24-1C50-4355-9C49-AAE44A7D09F6,sprt,"{""A"": 1, ""B"": 1, ""mu_gen"": 0.973646741992353, ""sd_gen"": 0.017139579676554963, ""mu_imp"": 0.3562884927994138, ""sd_imp"": 0.27038744082207056}",180,60,120,0.08333333333333333,0.0,5,0,60,120,2,1.1173184357541899,0,60.0,60.0,0.6944444444444444,0.0,0,0.0,0.0
ECECC2AB-D32F-4F90-B74C-E12A1C69BBE2,ECECC2AB_s2,33A85C34-CFE4-4732-9E73-0A7AC861B27A,instantaneous,"{""theta"": 0.8439670941051531}",180,60,120,0.0,0.0,0,0,60,120,2,1.1173184357541899,0,60.0,60.0,0.6666666666666666,0.0,0,0.0,0.0
ECECC2AB-D32F-4F90-B74C-E12A1C69BBE2,ECECC2AB_s2,33A85C34-CFE4-4732-9E73-0A7AC861B27A,moving_average,"{""theta"": 0.8429764301225253, ""w"": 10}",180,60,120,0.05,0.05,3,6,60,120,2,1.1173184357541899,0,60.0,63.0,0.65,3.0,6,0.05,6.0
ECECC2AB-D32F-4F90-B74C-E12A1C69BBE2,ECECC2AB_s2,33A85C34-CFE4-4732-9E73-0A7AC861B27A,ewma,"{""theta"": 0.8112542598551252, ""alpha"": 0.2}",180,60,120,0.03333333333333333,0.025,2,3,60,120,2,1.1173184357541899,0,60.0,61.0,0.6611111111111111,2.0,3,0.025,3.0
ECECC2AB-D32F-4F90-B74C-E12A1C69BBE2,ECECC2AB_s2,33A85C34-CFE4-4732-9E73-0A7AC861B27A,majority_vote,"{""theta"": 0.8743815879154845, ""w"": 5, ""k"": 3}",180,60,120,0.03333333333333333,0.016666666666666666,2,2,60,120,2,1.1173184357541899,0,60.0,60.0,0.6666666666666666,2.0,2,0.016666666666666666,2.0
ECECC2AB-D32F-4F90-B74C-E12A1C69BBE2,ECECC2AB_s2,33A85C34-CFE4-4732-9E73-0A7AC861B27A,debounce,"{""theta"": 0.8473220371221607, ""n"": 2}",180,60,120,0.016666666666666666,0.008333333333333333,1,1,60,120,2,1.1173184357541899,0,60.0,60.0,0.6666666666666666,1.0,1,0.008333333333333333,1.0
ECECC2AB-D32F-4F90-B74C-E12A1C69BBE2,ECECC2AB_s2,33A85C34-CFE4-4732-9E73-0A7AC861B27A,margin_dual_threshold,"{""theta"": 0.8252297547908509, ""margin"": 0.05}",180,60,120,0.0,0.0,0,0,60,120,2,1.1173184357541899,0,60.0,60.0,0.6666666666666666,0.0,0,0.0,0.0
ECECC2AB-D32F-4F90-B74C-E12A1C69BBE2,ECECC2AB_s2,33A85C34-CFE4-4732-9E73-0A7AC861B27A,hysteresis,"{""theta"": 0.9854373583350504, ""margin"": 0.05, ""ttt_frames"": 10}",180,60,120,0.15,0.5,9,60,60,120,1,0.5586592178770949,0,90.0,90.0,0.38333333333333336,9.0,60,0.5,
ECECC2AB-D32F-4F90-B74C-E12A1C69BBE2,ECECC2AB_s2,33A85C34-CFE4-4732-9E73-0A7AC861B27A,trust_model,"{""theta"": 0.9743457655058727, ""gain"": 0.1, ""decay"": 0.05, ""tau_lo"": 0.4, ""tau_hi"": 0.6}",180,60,120,0.05,0.5,3,60,60,120,1,0.5586592178770949,0,90.0,90.0,0.35,3.0,60,0.5,
ECECC2AB-D32F-4F90-B74C-E12A1C69BBE2,ECECC2AB_s2,33A85C34-CFE4-4732-9E73-0A7AC861B27A,sprt,"{""A"": 1, ""B"": 1, ""mu_gen"": 0.973646741992353, ""sd_gen"": 0.017139579676554963, ""mu_imp"": 0.3562884927994138, ""sd_imp"": 0.27038744082207056}",180,60,120,0.0,0.0,0,0,60,120,2,1.1173184357541899,0,60.0,60.0,0.6666666666666666,0.0,0,0.0,0.0
ECECC2AB-D32F-4F90-B74C-E12A1C69BBE2,ECECC2AB_s3,78A91A4E-4A51-4065-BDA7-94755F0BB3BB,instantaneous,"{""theta"": 0.8439670941051531}",180,60,120,0.0,0.0,0,0,60,120,2,1.1173184357541899,0,60.0,60.0,0.6666666666666666,0.0,0,0.0,0.0
ECECC2AB-D32F-4F90-B74C-E12A1C69BBE2,ECECC2AB_s3,78A91A4E-4A51-4065-BDA7-94755F0BB3BB,moving_average,"{""theta"": 0.8429764301225253, ""w"": 10}",180,60,120,0.03333333333333333,0.058333333333333334,2,7,60,120,2,1.1173184357541899,0,60.0,62.0,0.6388888888888888,2.0,7,0.058333333333333334,7.0
ECECC2AB-D32F-4F90-B74C-E12A1C69BBE2,ECECC2AB_s3,78A91A4E-4A51-4065-BDA7-94755F0BB3BB,ewma,"{""theta"": 0.8112542598551252, ""alpha"": 0.2}",180,60,120,0.016666666666666666,0.041666666666666664,1,5,60,120,2,1.1173184357541899,0,60.0,61.0,0.6444444444444445,1.0,5,0.041666666666666664,5.0
ECECC2AB-D32F-4F90-B74C-E12A1C69BBE2,ECECC2AB_s3,78A91A4E-4A51-4065-BDA7-94755F0BB3BB,majority_vote,"{""theta"": 0.8743815879154845, ""w"": 5, ""k"": 3}",180,60,120,0.03333333333333333,0.016666666666666666,2,2,60,120,2,1.1173184357541899,0,60.0,60.0,0.6666666666666666,2.0,2,0.016666666666666666,2.0
ECECC2AB-D32F-4F90-B74C-E12A1C69BBE2,ECECC2AB_s3,78A91A4E-4A51-4065-BDA7-94755F0BB3BB,debounce,"{""theta"": 0.8473220371221607, ""n"": 2}",180,60,120,0.016666666666666666,0.008333333333333333,1,1,60,120,2,1.1173184357541899,0,60.0,60.0,0.6666666666666666,1.0,1,0.008333333333333333,1.0
ECECC2AB-D32F-4F90-B74C-E12A1C69BBE2,ECECC2AB_s3,78A91A4E-4A51-4065-BDA7-94755F0BB3BB,margin_dual_threshold,"{""theta"": 0.8252297547908509, ""margin"": 0.05}",180,60,120,0.0,0.0,0,0,60,120,2,1.1173184357541899,0,60.0,60.0,0.6666666666666666,0.0,0,0.0,0.0
ECECC2AB-D32F-4F90-B74C-E12A1C69BBE2,ECECC2AB_s3,78A91A4E-4A51-4065-BDA7-94755F0BB3BB,hysteresis,"{""theta"": 0.9854373583350504, ""margin"": 0.05, ""ttt_frames"": 10}",180,60,120,0.0,0.925,0,111,60,120,1,0.5586592178770949,0,90.0,90.0,0.05,0.0,111,0.925,
ECECC2AB-D32F-4F90-B74C-E12A1C69BBE2,ECECC2AB_s3,78A91A4E-4A51-4065-BDA7-94755F0BB3BB,trust_model,"{""theta"": 0.9743457655058727, ""gain"": 0.1, ""decay"": 0.05, ""tau_lo"": 0.4, ""tau_hi"": 0.6}",180,60,120,0.016666666666666666,0.5,1,60,60,120,1,0.5586592178770949,0,90.0,90.0,0.3388888888888889,1.0,60,0.5,
ECECC2AB-D32F-4F90-B74C-E12A1C69BBE2,ECECC2AB_s3,78A91A4E-4A51-4065-BDA7-94755F0BB3BB,sprt,"{""A"": 1, ""B"": 1, ""mu_gen"": 0.973646741992353, ""sd_gen"": 0.017139579676554963, ""mu_imp"": 0.3562884927994138, ""sd_imp"": 0.27038744082207056}",180,60,120,0.0,0.0,0,0,60,120,2,1.1173184357541899,0,60.0,60.0,0.6666666666666666,0.0,0,0.0,0.0
ECECC2AB-D32F-4F90-B74C-E12A1C69BBE2,ECECC2AB_s4,A5CDF89D-02A2-4EC1-89F8-F534FDABDD96,instantaneous,"{""theta"": 0.8439670941051531}",180,60,120,0.1,0.0,6,0,60,120,10,5.58659217877095,8,16.363636363636363,2.0,0.7,0.0,0,0.0,0.0
ECECC2AB-D32F-4F90-B74C-E12A1C69BBE2,ECECC2AB_s4,A5CDF89D-02A2-4EC1-89F8-F534FDABDD96,moving_average,"{""theta"": 0.8429764301225253, ""w"": 10}",180,60,120,0.1,0.041666666666666664,6,5,60,120,2,1.1173184357541899,0,60.0,59.0,0.6722222222222223,6.0,5,0.041666666666666664,5.0
ECECC2AB-D32F-4F90-B74C-E12A1C69BBE2,ECECC2AB_s4,A5CDF89D-02A2-4EC1-89F8-F534FDABDD96,ewma,"{""theta"": 0.8112542598551252, ""alpha"": 0.2}",180,60,120,0.1,0.016666666666666666,6,2,60,120,2,1.1173184357541899,0,60.0,58.0,0.6888888888888889,6.0,2,0.016666666666666666,2.0
ECECC2AB-D32F-4F90-B74C-E12A1C69BBE2,ECECC2AB_s4,A5CDF89D-02A2-4EC1-89F8-F534FDABDD96,majority_vote,"{""theta"": 0.8743815879154845, ""w"": 5, ""k"": 3}",180,60,120,0.03333333333333333,0.016666666666666666,2,2,60,120,2,1.1173184357541899,0,60.0,60.0,0.6666666666666666,2.0,2,0.016666666666666666,2.0
ECECC2AB-D32F-4F90-B74C-E12A1C69BBE2,ECECC2AB_s4,A5CDF89D-02A2-4EC1-89F8-F534FDABDD96,debounce,"{""theta"": 0.8473220371221607, ""n"": 2}",180,60,120,0.08333333333333333,0.008333333333333333,5,1,60,120,6,3.35195530726257,4,25.714285714285715,15.0,0.6888888888888889,1.0,1,0.008333333333333333,1.0
ECECC2AB-D32F-4F90-B74C-E12A1C69BBE2,ECECC2AB_s4,A5CDF89D-02A2-4EC1-89F8-F534FDABDD96,margin_dual_threshold,"{""theta"": 0.8252297547908509, ""margin"": 0.05}",180,60,120,0.11666666666666667,0.0,7,0,60,120,10,5.58659217877095,8,16.363636363636363,2.0,0.7055555555555556,1.0,0,0.0,0.0
ECECC2AB-D32F-4F90-B74C-E12A1C69BBE2,ECECC2AB_s4,A5CDF89D-02A2-4EC1-89F8-F534FDABDD96,hysteresis,"{""theta"": 0.9854373583350504, ""margin"": 0.05, ""ttt_frames"": 10}",180,60,120,0.15,0.5,9,60,60,120,1,0.5586592178770949,0,90.0,90.0,0.38333333333333336,9.0,60,0.5,
ECECC2AB-D32F-4F90-B74C-E12A1C69BBE2,ECECC2AB_s4,A5CDF89D-02A2-4EC1-89F8-F534FDABDD96,trust_model,"{""theta"": 0.9743457655058727, ""gain"": 0.1, ""decay"": 0.05, ""tau_lo"": 0.4, ""tau_hi"": 0.6}",180,60,120,0.11666666666666667,0.5,7,60,60,120,1,0.5586592178770949,0,90.0,90.0,0.37222222222222223,7.0,60,0.5,
ECECC2AB-D32F-4F90-B74C-E12A1C69BBE2,ECECC2AB_s4,A5CDF89D-02A2-4EC1-89F8-F534FDABDD96,sprt,"{""A"": 1, ""B"": 1, ""mu_gen"": 0.973646741992353, ""sd_gen"": 0.017139579676554963, ""mu_imp"": 0.3562884927994138, ""sd_imp"": 0.27038744082207056}",180,60,120,0.0,0.0,0,0,60,120,2,1.1173184357541899,0,60.0,60.0,0.6666666666666666,0.0,0,0.0,0.0
ECECC2AB-D32F-4F90-B74C-E12A1C69BBE2,ECECC2AB_s5,7D9BB102-A612-4E2A-8E22-3159752F55D8,instantaneous,"{""theta"": 0.8439670941051531}",180,60,120,0.0,0.0,0,0,60,120,2,1.1173184357541899,0,60.0,60.0,0.6666666666666666,0.0,0,0.0,0.0
ECECC2AB-D32F-4F90-B74C-E12A1C69BBE2,ECECC2AB_s5,7D9BB102-A612-4E2A-8E22-3159752F55D8,moving_average,"{""theta"": 0.8429764301225253, ""w"": 10}",180,60,120,0.05,0.058333333333333334,3,7,60,120,2,1.1173184357541899,0,60.0,63.0,0.6444444444444445,3.0,7,0.058333333333333334,7.0
ECECC2AB-D32F-4F90-B74C-E12A1C69BBE2,ECECC2AB_s5,7D9BB102-A612-4E2A-8E22-3159752F55D8,ewma,"{""theta"": 0.8112542598551252, ""alpha"": 0.2}",180,60,120,0.03333333333333333,0.03333333333333333,2,4,60,120,2,1.1173184357541899,0,60.0,62.0,0.6555555555555556,2.0,4,0.03333333333333333,4.0
ECECC2AB-D32F-4F90-B74C-E12A1C69BBE2,ECECC2AB_s5,7D9BB102-A612-4E2A-8E22-3159752F55D8,majority_vote,"{""theta"": 0.8743815879154845, ""w"": 5, ""k"": 3}",180,60,120,0.03333333333333333,0.016666666666666666,2,2,60,120,2,1.1173184357541899,0,60.0,60.0,0.6666666666666666,2.0,2,0.016666666666666666,2.0
ECECC2AB-D32F-4F90-B74C-E12A1C69BBE2,ECECC2AB_s5,7D9BB102-A612-4E2A-8E22-3159752F55D8,debounce,"{""theta"": 0.8473220371221607, ""n"": 2}",180,60,120,0.016666666666666666,0.008333333333333333,1,1,60,120,2,1.1173184357541899,0,60.0,60.0,0.6666666666666666,1.0,1,0.008333333333333333,1.0
ECECC2AB-D32F-4F90-B74C-E12A1C69BBE2,ECECC2AB_s5,7D9BB102-A612-4E2A-8E22-3159752F55D8,margin_dual_threshold,"{""theta"": 0.8252297547908509, ""margin"": 0.05}",180,60,120,0.0,0.0,0,0,60,120,2,1.1173184357541899,0,60.0,60.0,0.6666666666666666,0.0,0,0.0,0.0
ECECC2AB-D32F-4F90-B74C-E12A1C69BBE2,ECECC2AB_s5,7D9BB102-A612-4E2A-8E22-3159752F55D8,hysteresis,"{""theta"": 0.9854373583350504, ""margin"": 0.05, ""ttt_frames"": 10}",180,60,120,0.15,0.5,9,60,60,120,1,0.5586592178770949,0,90.0,90.0,0.38333333333333336,9.0,60,0.5,
ECECC2AB-D32F-4F90-B74C-E12A1C69BBE2,ECECC2AB_s5,7D9BB102-A612-4E2A-8E22-3159752F55D8,trust_model,"{""theta"": 0.9743457655058727, ""gain"": 0.1, ""decay"": 0.05, ""tau_lo"": 0.4, ""tau_hi"": 0.6}",180,60,120,0.05,0.5,3,60,60,120,1,0.5586592178770949,0,90.0,90.0,0.35,3.0,60,0.5,
ECECC2AB-D32F-4F90-B74C-E12A1C69BBE2,ECECC2AB_s5,7D9BB102-A612-4E2A-8E22-3159752F55D8,sprt,"{""A"": 1, ""B"": 1, ""mu_gen"": 0.973646741992353, ""sd_gen"": 0.017139579676554963, ""mu_imp"": 0.3562884927994138, ""sd_imp"": 0.27038744082207056}",180,60,120,0.0,0.0,0,0,60,120,2,1.1173184357541899,0,60.0,60.0,0.6666666666666666,0.0,0,0.0,0.0
FDAA70A1-42A3-4E3F-9AE3-3FDA412E03BF,FDAA70A1_s0,61976C24-1C50-4355-9C49-AAE44A7D09F6,instantaneous,"{""theta"": 0.8432173009581714}",180,60,120,0.1,0.0,6,0,60,120,2,1.1173184357541899,0,60.0,60.0,0.7,0.0,0,0.0,0.0
FDAA70A1-42A3-4E3F-9AE3-3FDA412E03BF,FDAA70A1_s0,61976C24-1C50-4355-9C49-AAE44A7D09F6,moving_average,"{""theta"": 0.9266633316658329, ""w"": 20}",180,60,120,0.03333333333333333,0.09166666666666666,2,11,60,120,2,1.1173184357541899,0,60.0,62.0,0.6166666666666667,2.0,11,0.09166666666666666,11.0
FDAA70A1-42A3-4E3F-9AE3-3FDA412E03BF,FDAA70A1_s0,61976C24-1C50-4355-9C49-AAE44A7D09F6,ewma,"{""theta"": 0.8435488513487513, ""alpha"": 0.2}",180,60,120,0.03333333333333333,0.008333333333333333,2,1,60,120,2,1.1173184357541899,0,60.0,59.0,0.6722222222222223,2.0,1,0.008333333333333333,1.0
FDAA70A1-42A3-4E3F-9AE3-3FDA412E03BF,FDAA70A1_s0,61976C24-1C50-4355-9C49-AAE44A7D09F6,majority_vote,"{""theta"": 0.8362627467579944, ""w"": 3, ""k"": 2}",180,60,120,0.1,0.0,6,0,60,120,2,1.1173184357541899,0,60.0,61.0,0.7,1.0,0,0.0,0.0
FDAA70A1-42A3-4E3F-9AE3-3FDA412E03BF,FDAA70A1_s0,61976C24-1C50-4355-9C49-AAE44A7D09F6,debounce,"{""theta"": 0.8362627467579944, ""n"": 2}",180,60,120,0.1,0.0,6,0,60,120,2,1.1173184357541899,0,60.0,61.0,0.7,1.0,0,0.0,0.0
FDAA70A1-42A3-4E3F-9AE3-3FDA412E03BF,FDAA70A1_s0,61976C24-1C50-4355-9C49-AAE44A7D09F6,margin_dual_threshold,"{""theta"": 0.8342371185592796, ""margin"": 0.05}",180,60,120,0.1,0.0,6,0,60,120,2,1.1173184357541899,0,60.0,60.0,0.7,0.0,0,0.0,0.0
FDAA70A1-42A3-4E3F-9AE3-3FDA412E03BF,FDAA70A1_s0,61976C24-1C50-4355-9C49-AAE44A7D09F6,hysteresis,"{""theta"": 0.9480075637818908, ""margin"": 0.2, ""ttt_frames"": 3}",180,60,120,0.03333333333333333,0.5,2,60,60,120,1,0.5586592178770949,0,90.0,90.0,0.34444444444444444,2.0,60,0.5,
FDAA70A1-42A3-4E3F-9AE3-3FDA412E03BF,FDAA70A1_s0,61976C24-1C50-4355-9C49-AAE44A7D09F6,trust_model,"{""theta"": 0.9147573786893447, ""gain"": 0.3, ""decay"": 0.2, ""tau_lo"": 0.4, ""tau_hi"": 0.6}",180,60,120,0.03333333333333333,0.225,2,27,60,120,2,1.1173184357541899,0,60.0,62.0,0.5277777777777778,2.0,27,0.225,27.0
FDAA70A1-42A3-4E3F-9AE3-3FDA412E03BF,FDAA70A1_s0,61976C24-1C50-4355-9C49-AAE44A7D09F6,sprt,"{""A"": 1, ""B"": 16, ""mu_gen"": 0.9593810794286032, ""sd_gen"": 0.029060667450462818, ""mu_imp"": 0.5068689900505808, ""sd_imp"": 0.2821245617631153}",180,60,120,0.1,0.0,6,0,60,120,2,1.1173184357541899,0,60.0,60.0,0.7,0.0,0,0.0,0.0
FDAA70A1-42A3-4E3F-9AE3-3FDA412E03BF,FDAA70A1_s1,806289BC-AD52-4CC1-806C-0CDB14D65EB6,instantaneous,"{""theta"": 0.8432173009581714}",180,60,120,0.0,0.0,0,0,60,120,2,1.1173184357541899,0,60.0,60.0,0.6666666666666666,0.0,0,0.0,0.0
FDAA70A1-42A3-4E3F-9AE3-3FDA412E03BF,FDAA70A1_s1,806289BC-AD52-4CC1-806C-0CDB14D65EB6,moving_average,"{""theta"": 0.9266633316658329, ""w"": 20}",180,60,120,0.0,0.15,0,18,60,120,2,1.1173184357541899,0,60.0,60.0,0.5666666666666667,0.0,18,0.15,18.0
FDAA70A1-42A3-4E3F-9AE3-3FDA412E03BF,FDAA70A1_s1,806289BC-AD52-4CC1-806C-0CDB14D65EB6,ewma,"{""theta"": 0.8435488513487513, ""alpha"": 0.2}",180,60,120,0.016666666666666666,0.058333333333333334,1,7,60,120,2,1.1173184357541899,0,60.0,61.0,0.6333333333333333,1.0,7,0.058333333333333334,7.0
FDAA70A1-42A3-4E3F-9AE3-3FDA412E03BF,FDAA70A1_s1,806289BC-AD52-4CC1-806C-0CDB14D65EB6,majority_vote,"{""theta"": 0.8362627467579944, ""w"": 3, ""k"": 2}",180,60,120,0.016666666666666666,0.008333333333333333,1,1,60,120,2,1.1173184357541899,0,60.0,60.0,0.6666666666666666,1.0,1,0.008333333333333333,1.0
FDAA70A1-42A3-4E3F-9AE3-3FDA412E03BF,FDAA70A1_s1,806289BC-AD52-4CC1-806C-0CDB14D65EB6,debounce,"{""theta"": 0.8362627467579944, ""n"": 2}",180,60,120,0.016666666666666666,0.008333333333333333,1,1,60,120,2,1.1173184357541899,0,60.0,60.0,0.6666666666666666,1.0,1,0.008333333333333333,1.0
FDAA70A1-42A3-4E3F-9AE3-3FDA412E03BF,FDAA70A1_s1,806289BC-AD52-4CC1-806C-0CDB14D65EB6,margin_dual_threshold,"{""theta"": 0.8342371185592796, ""margin"": 0.05}",180,60,120,0.0,0.0,0,0,60,120,2,1.1173184357541899,0,60.0,60.0,0.6666666666666666,0.0,0,0.0,0.0
FDAA70A1-42A3-4E3F-9AE3-3FDA412E03BF,FDAA70A1_s1,806289BC-AD52-4CC1-806C-0CDB14D65EB6,hysteresis,"{""theta"": 0.9480075637818908, ""margin"": 0.2, ""ttt_frames"": 3}",180,60,120,0.03333333333333333,0.5,2,60,60,120,1,0.5586592178770949,0,90.0,90.0,0.34444444444444444,2.0,60,0.5,
FDAA70A1-42A3-4E3F-9AE3-3FDA412E03BF,FDAA70A1_s1,806289BC-AD52-4CC1-806C-0CDB14D65EB6,trust_model,"{""theta"": 0.9147573786893447, ""gain"": 0.3, ""decay"": 0.2, ""tau_lo"": 0.4, ""tau_hi"": 0.6}",180,60,120,0.016666666666666666,0.125,1,15,60,120,2,1.1173184357541899,0,60.0,61.0,0.5888888888888889,1.0,15,0.125,15.0
FDAA70A1-42A3-4E3F-9AE3-3FDA412E03BF,FDAA70A1_s1,806289BC-AD52-4CC1-806C-0CDB14D65EB6,sprt,"{""A"": 1, ""B"": 16, ""mu_gen"": 0.9593810794286032, ""sd_gen"": 0.029060667450462818, ""mu_imp"": 0.5068689900505808, ""sd_imp"": 0.2821245617631153}",180,60,120,0.0,0.0,0,0,60,120,2,1.1173184357541899,0,60.0,60.0,0.6666666666666666,0.0,0,0.0,0.0
FDAA70A1-42A3-4E3F-9AE3-3FDA412E03BF,FDAA70A1_s2,4E98F91F-4654-42EF-B908-A3389443F2E7,instantaneous,"{""theta"": 0.8432173009581714}",180,60,120,0.0,0.0,0,0,60,120,2,1.1173184357541899,0,60.0,60.0,0.6666666666666666,0.0,0,0.0,0.0
FDAA70A1-42A3-4E3F-9AE3-3FDA412E03BF,FDAA70A1_s2,4E98F91F-4654-42EF-B908-A3389443F2E7,moving_average,"{""theta"": 0.9266633316658329, ""w"": 20}",180,60,120,0.016666666666666666,0.15833333333333333,1,19,60,120,2,1.1173184357541899,0,60.0,61.0,0.5666666666666667,1.0,19,0.15833333333333333,19.0
FDAA70A1-42A3-4E3F-9AE3-3FDA412E03BF,FDAA70A1_s2,4E98F91F-4654-42EF-B908-A3389443F2E7,ewma,"{""theta"": 0.8435488513487513, ""alpha"": 0.2}",180,60,120,0.0,0.06666666666666667,0,8,60,120,2,1.1173184357541899,0,60.0,60.0,0.6222222222222222,0.0,8,0.06666666666666667,8.0
FDAA70A1-42A3-4E3F-9AE3-3FDA412E03BF,FDAA70A1_s2,4E98F91F-4654-42EF-B908-A3389443F2E7,majority_vote,"{""theta"": 0.8362627467579944, ""w"": 3, ""k"": 2}",180,60,120,0.016666666666666666,0.008333333333333333,1,1,60,120,2,1.1173184357541899,0,60.0,60.0,0.6666666666666666,1.0,1,0.008333333333333333,1.0
FDAA70A1-42A3-4E3F-9AE3-3FDA412E03BF,FDAA70A1_s2,4E98F91F-4654-42EF-B908-A3389443F2E7,debounce,"{""theta"": 0.8362627467579944, ""n"": 2}",180,60,120,0.016666666666666666,0.008333333333333333,1,1,60,120,2,1.1173184357541899,0,60.0,60.0,0.6666666666666666,1.0,1,0.008333333333333333,1.0
FDAA70A1-42A3-4E3F-9AE3-3FDA412E03BF,FDAA70A1_s2,4E98F91F-4654-42EF-B908-A3389443F2E7,margin_dual_threshold,"{""theta"": 0.8342371185592796, ""margin"": 0.05}",180,60,120,0.0,0.0,0,0,60,120,2,1.1173184357541899,0,60.0,60.0,0.6666666666666666,0.0,0,0.0,0.0
FDAA70A1-42A3-4E3F-9AE3-3FDA412E03BF,FDAA70A1_s2,4E98F91F-4654-42EF-B908-A3389443F2E7,hysteresis,"{""theta"": 0.9480075637818908, ""margin"": 0.2, ""ttt_frames"": 3}",180,60,120,0.03333333333333333,0.5,2,60,60,120,1,0.5586592178770949,0,90.0,90.0,0.34444444444444444,2.0,60,0.5,
FDAA70A1-42A3-4E3F-9AE3-3FDA412E03BF,FDAA70A1_s2,4E98F91F-4654-42EF-B908-A3389443F2E7,trust_model,"{""theta"": 0.9147573786893447, ""gain"": 0.3, ""decay"": 0.2, ""tau_lo"": 0.4, ""tau_hi"": 0.6}",180,60,120,0.0,0.5,0,60,60,120,1,0.5586592178770949,0,90.0,90.0,0.3333333333333333,0.0,60,0.5,
FDAA70A1-42A3-4E3F-9AE3-3FDA412E03BF,FDAA70A1_s2,4E98F91F-4654-42EF-B908-A3389443F2E7,sprt,"{""A"": 1, ""B"": 16, ""mu_gen"": 0.9593810794286032, ""sd_gen"": 0.029060667450462818, ""mu_imp"": 0.5068689900505808, ""sd_imp"": 0.2821245617631153}",180,60,120,0.0,0.0,0,0,60,120,2,1.1173184357541899,0,60.0,60.0,0.6666666666666666,0.0,0,0.0,0.0
FDAA70A1-42A3-4E3F-9AE3-3FDA412E03BF,FDAA70A1_s3,A7599A50-24AE-46A6-8EA6-2576F1011D81,instantaneous,"{""theta"": 0.8432173009581714}",180,60,120,0.0,0.0,0,0,60,120,2,1.1173184357541899,0,60.0,60.0,0.6666666666666666,0.0,0,0.0,0.0
FDAA70A1-42A3-4E3F-9AE3-3FDA412E03BF,FDAA70A1_s3,A7599A50-24AE-46A6-8EA6-2576F1011D81,moving_average,"{""theta"": 0.9266633316658329, ""w"": 20}",180,60,120,0.0,0.15833333333333333,0,19,60,120,2,1.1173184357541899,0,60.0,60.0,0.5611111111111111,0.0,19,0.15833333333333333,19.0
FDAA70A1-42A3-4E3F-9AE3-3FDA412E03BF,FDAA70A1_s3,A7599A50-24AE-46A6-8EA6-2576F1011D81,ewma,"{""theta"": 0.8435488513487513, ""alpha"": 0.2}",180,60,120,0.0,0.06666666666666667,0,8,60,120,2,1.1173184357541899,0,60.0,60.0,0.6222222222222222,0.0,8,0.06666666666666667,8.0
FDAA70A1-42A3-4E3F-9AE3-3FDA412E03BF,FDAA70A1_s3,A7599A50-24AE-46A6-8EA6-2576F1011D81,majority_vote,"{""theta"": 0.8362627467579944, ""w"": 3, ""k"": 2}",180,60,120,0.016666666666666666,0.008333333333333333,1,1,60,120,2,1.1173184357541899,0,60.0,60.0,0.6666666666666666,1.0,1,0.008333333333333333,1.0
FDAA70A1-42A3-4E3F-9AE3-3FDA412E03BF,FDAA70A1_s3,A7599A50-24AE-46A6-8EA6-2576F1011D81,debounce,"{""theta"": 0.8362627467579944, ""n"": 2}",180,60,120,0.016666666666666666,0.008333333333333333,1,1,60,120,2,1.1173184357541899,0,60.0,60.0,0.6666666666666666,1.0,1,0.008333333333333333,1.0
FDAA70A1-42A3-4E3F-9AE3-3FDA412E03BF,FDAA70A1_s3,A7599A50-24AE-46A6-8EA6-2576F1011D81,margin_dual_threshold,"{""theta"": 0.8342371185592796, ""margin"": 0.05}",180,60,120,0.0,0.0,0,0,60,120,2,1.1173184357541899,0,60.0,60.0,0.6666666666666666,0.0,0,0.0,0.0
FDAA70A1-42A3-4E3F-9AE3-3FDA412E03BF,FDAA70A1_s3,A7599A50-24AE-46A6-8EA6-2576F1011D81,hysteresis,"{""theta"": 0.9480075637818908, ""margin"": 0.2, ""ttt_frames"": 3}",180,60,120,0.03333333333333333,0.5,2,60,60,120,1,0.5586592178770949,0,90.0,90.0,0.34444444444444444,2.0,60,0.5,
FDAA70A1-42A3-4E3F-9AE3-3FDA412E03BF,FDAA70A1_s3,A7599A50-24AE-46A6-8EA6-2576F1011D81,trust_model,"{""theta"": 0.9147573786893447, ""gain"": 0.3, ""decay"": 0.2, ""tau_lo"": 0.4, ""tau_hi"": 0.6}",180,60,120,0.0,0.5,0,60,60,120,1,0.5586592178770949,0,90.0,90.0,0.3333333333333333,0.0,60,0.5,
FDAA70A1-42A3-4E3F-9AE3-3FDA412E03BF,FDAA70A1_s3,A7599A50-24AE-46A6-8EA6-2576F1011D81,sprt,"{""A"": 1, ""B"": 16, ""mu_gen"": 0.9593810794286032, ""sd_gen"": 0.029060667450462818, ""mu_imp"": 0.5068689900505808, ""sd_imp"": 0.2821245617631153}",180,60,120,0.0,0.0,0,0,60,120,2,1.1173184357541899,0,60.0,60.0,0.6666666666666666,0.0,0,0.0,0.0
FDAA70A1-42A3-4E3F-9AE3-3FDA412E03BF,FDAA70A1_s4,A7599A50-24AE-46A6-8EA6-2576F1011D81,instantaneous,"{""theta"": 0.8432173009581714}",180,60,120,0.0,0.0,0,0,60,120,2,1.1173184357541899,0,60.0,60.0,0.6666666666666666,0.0,0,0.0,0.0
FDAA70A1-42A3-4E3F-9AE3-3FDA412E03BF,FDAA70A1_s4,A7599A50-24AE-46A6-8EA6-2576F1011D81,moving_average,"{""theta"": 0.9266633316658329, ""w"": 20}",180,60,120,0.0,0.15,0,18,60,120,2,1.1173184357541899,0,60.0,60.0,0.5666666666666667,0.0,18,0.15,18.0
FDAA70A1-42A3-4E3F-9AE3-3FDA412E03BF,FDAA70A1_s4,A7599A50-24AE-46A6-8EA6-2576F1011D81,ewma,"{""theta"": 0.8435488513487513, ""alpha"": 0.2}",180,60,120,0.0,0.058333333333333334,0,7,60,120,2,1.1173184357541899,0,60.0,60.0,0.6277777777777778,0.0,7,0.058333333333333334,7.0
FDAA70A1-42A3-4E3F-9AE3-3FDA412E03BF,FDAA70A1_s4,A7599A50-24AE-46A6-8EA6-2576F1011D81,majority_vote,"{""theta"": 0.8362627467579944, ""w"": 3, ""k"": 2}",180,60,120,0.016666666666666666,0.008333333333333333,1,1,60,120,2,1.1173184357541899,0,60.0,60.0,0.6666666666666666,1.0,1,0.008333333333333333,1.0
FDAA70A1-42A3-4E3F-9AE3-3FDA412E03BF,FDAA70A1_s4,A7599A50-24AE-46A6-8EA6-2576F1011D81,debounce,"{""theta"": 0.8362627467579944, ""n"": 2}",180,60,120,0.016666666666666666,0.008333333333333333,1,1,60,120,2,1.1173184357541899,0,60.0,60.0,0.6666666666666666,1.0,1,0.008333333333333333,1.0
FDAA70A1-42A3-4E3F-9AE3-3FDA412E03BF,FDAA70A1_s4,A7599A50-24AE-46A6-8EA6-2576F1011D81,margin_dual_threshold,"{""theta"": 0.8342371185592796, ""margin"": 0.05}",180,60,120,0.0,0.0,0,0,60,120,2,1.1173184357541899,0,60.0,60.0,0.6666666666666666,0.0,0,0.0,0.0
FDAA70A1-42A3-4E3F-9AE3-3FDA412E03BF,FDAA70A1_s4,A7599A50-24AE-46A6-8EA6-2576F1011D81,hysteresis,"{""theta"": 0.9480075637818908, ""margin"": 0.2, ""ttt_frames"": 3}",180,60,120,0.03333333333333333,0.5,2,60,60,120,1,0.5586592178770949,0,90.0,90.0,0.34444444444444444,2.0,60,0.5,
FDAA70A1-42A3-4E3F-9AE3-3FDA412E03BF,FDAA70A1_s4,A7599A50-24AE-46A6-8EA6-2576F1011D81,trust_model,"{""theta"": 0.9147573786893447, ""gain"": 0.3, ""decay"": 0.2, ""tau_lo"": 0.4, ""tau_hi"": 0.6}",180,60,120,0.0,0.5,0,60,60,120,1,0.5586592178770949,0,90.0,90.0,0.3333333333333333,0.0,60,0.5,
FDAA70A1-42A3-4E3F-9AE3-3FDA412E03BF,FDAA70A1_s4,A7599A50-24AE-46A6-8EA6-2576F1011D81,sprt,"{""A"": 1, ""B"": 16, ""mu_gen"": 0.9593810794286032, ""sd_gen"": 0.029060667450462818, ""mu_imp"": 0.5068689900505808, ""sd_imp"": 0.2821245617631153}",180,60,120,0.0,0.0,0,0,60,120,2,1.1173184357541899,0,60.0,60.0,0.6666666666666666,0.0,0,0.0,0.0
FDAA70A1-42A3-4E3F-9AE3-3FDA412E03BF,FDAA70A1_s5,CF722AA9-2533-4E51-9FEB-9EAC84EE9AAC,instantaneous,"{""theta"": 0.8432173009581714}",180,60,120,0.0,0.0,0,0,60,120,2,1.1173184357541899,0,60.0,60.0,0.6666666666666666,0.0,0,0.0,0.0
FDAA70A1-42A3-4E3F-9AE3-3FDA412E03BF,FDAA70A1_s5,CF722AA9-2533-4E51-9FEB-9EAC84EE9AAC,moving_average,"{""theta"": 0.9266633316658329, ""w"": 20}",180,60,120,0.016666666666666666,0.15,1,18,60,120,2,1.1173184357541899,0,60.0,61.0,0.5722222222222222,1.0,18,0.15,18.0
FDAA70A1-42A3-4E3F-9AE3-3FDA412E03BF,FDAA70A1_s5,CF722AA9-2533-4E51-9FEB-9EAC84EE9AAC,ewma,"{""theta"": 0.8435488513487513, ""alpha"": 0.2}",180,60,120,0.016666666666666666,0.058333333333333334,1,7,60,120,2,1.1173184357541899,0,60.0,61.0,0.6333333333333333,1.0,7,0.058333333333333334,7.0
FDAA70A1-42A3-4E3F-9AE3-3FDA412E03BF,FDAA70A1_s5,CF722AA9-2533-4E51-9FEB-9EAC84EE9AAC,majority_vote,"{""theta"": 0.8362627467579944, ""w"": 3, ""k"": 2}",180,60,120,0.016666666666666666,0.008333333333333333,1,1,60,120,2,1.1173184357541899,0,60.0,60.0,0.6666666666666666,1.0,1,0.008333333333333333,1.0
FDAA70A1-42A3-4E3F-9AE3-3FDA412E03BF,FDAA70A1_s5,CF722AA9-2533-4E51-9FEB-9EAC84EE9AAC,debounce,"{""theta"": 0.8362627467579944, ""n"": 2}",180,60,120,0.016666666666666666,0.008333333333333333,1,1,60,120,2,1.1173184357541899,0,60.0,60.0,0.6666666666666666,1.0,1,0.008333333333333333,1.0
FDAA70A1-42A3-4E3F-9AE3-3FDA412E03BF,FDAA70A1_s5,CF722AA9-2533-4E51-9FEB-9EAC84EE9AAC,margin_dual_threshold,"{""theta"": 0.8342371185592796, ""margin"": 0.05}",180,60,120,0.0,0.0,0,0,60,120,2,1.1173184357541899,0,60.0,60.0,0.6666666666666666,0.0,0,0.0,0.0
FDAA70A1-42A3-4E3F-9AE3-3FDA412E03BF,FDAA70A1_s5,CF722AA9-2533-4E51-9FEB-9EAC84EE9AAC,hysteresis,"{""theta"": 0.9480075637818908, ""margin"": 0.2, ""ttt_frames"": 3}",180,60,120,0.03333333333333333,0.5,2,60,60,120,1,0.5586592178770949,0,90.0,90.0,0.34444444444444444,2.0,60,0.5,
FDAA70A1-42A3-4E3F-9AE3-3FDA412E03BF,FDAA70A1_s5,CF722AA9-2533-4E51-9FEB-9EAC84EE9AAC,trust_model,"{""theta"": 0.9147573786893447, ""gain"": 0.3, ""decay"": 0.2, ""tau_lo"": 0.4, ""tau_hi"": 0.6}",180,60,120,0.016666666666666666,0.5,1,60,60,120,1,0.5586592178770949,0,90.0,90.0,0.3388888888888889,1.0,60,0.5,
FDAA70A1-42A3-4E3F-9AE3-3FDA412E03BF,FDAA70A1_s5,CF722AA9-2533-4E51-9FEB-9EAC84EE9AAC,sprt,"{""A"": 1, ""B"": 16, ""mu_gen"": 0.9593810794286032, ""sd_gen"": 0.029060667450462818, ""mu_imp"": 0.5068689900505808, ""sd_imp"": 0.2821245617631153}",180,60,120,0.0,0.0,0,0,60,120,2,1.1173184357541899,0,60.0,60.0,0.6666666666666666,0.0,0,0.0,0.0
