target_name,mechanism,params_str,partition,genuine_uuid,run,frames,locks,unlocks,transitions,locked_frames,pp_events,pp_locks
primary,threshold,theta=0.05732,test,00EABED2-271D-49D8-B599-1D4A09240601,25,300,6,6,12,7,8,6
primary,threshold,theta=0.05732,test,00EABED2-271D-49D8-B599-1D4A09240601,42,96,10,10,20,12,15,10
primary,threshold,theta=0.05732,test,00EABED2-271D-49D8-B599-1D4A09240601,44,12,1,1,2,1,1,1
primary,threshold,theta=0.05732,test,098A72A5-E3E5-4F54-A152-BBDA0DF7B694,15,114,0,0,0,0,0,0
primary,threshold,theta=0.05732,test,098A72A5-E3E5-4F54-A152-BBDA0DF7B694,16,733,0,0,0,0,0,0
primary,threshold,theta=0.05732,test,098A72A5-E3E5-4F54-A152-BBDA0DF7B694,17,292,0,0,0,0,0,0
primary,threshold,theta=0.05732,test,098A72A5-E3E5-4F54-A152-BBDA0DF7B694,18,91,0,0,0,0,0,0
primary,threshold,theta=0.05732,test,098A72A5-E3E5-4F54-A152-BBDA0DF7B694,19,104,1,1,2,1,1,1
primary,threshold,theta=0.05732,test,0A986513-7828-4D53-AA1F-E02D6DF9561B,8,763,12,12,24,12,13,12
primary,threshold,theta=0.05732,test,11B5EC4D-4133-4289-B475-4E737182A406,7,1407,0,0,0,0,0,0
primary,threshold,theta=0.05732,test,11B5EC4D-4133-4289-B475-4E737182A406,8,333,0,0,0,0,0,0
primary,threshold,theta=0.05732,test,136562B6-95B2-483D-88DC-065F28409FD2,22,145,0,0,0,0,0,0
primary,threshold,theta=0.05732,test,136562B6-95B2-483D-88DC-065F28409FD2,23,747,0,0,0,0,0,0
primary,threshold,theta=0.05732,test,136562B6-95B2-483D-88DC-065F28409FD2,24,323,0,0,0,0,0,0
primary,threshold,theta=0.05732,test,1538C99F-BA1E-4EFB-A949-6C7C47701B20,30,406,0,0,0,0,0,0
primary,threshold,theta=0.05732,test,1538C99F-BA1E-4EFB-A949-6C7C47701B20,31,875,2,2,4,2,2,2
primary,threshold,theta=0.05732,test,24E40C4C-A349-4F9F-93AB-01D00FB994AF,18,68,0,0,0,0,0,0
primary,threshold,theta=0.05732,test,24E40C4C-A349-4F9F-93AB-01D00FB994AF,19,374,0,0,0,0,0,0
primary,threshold,theta=0.05732,test,24E40C4C-A349-4F9F-93AB-01D00FB994AF,20,166,0,0,0,0,0,0
primary,threshold,theta=0.05732,test,24E40C4C-A349-4F9F-93AB-01D00FB994AF,21,120,0,0,0,0,0,0
primary,threshold,theta=0.05732,test,24E40C4C-A349-4F9F-93AB-01D00FB994AF,22,198,0,0,0,0,0,0
primary,threshold,theta=0.05732,test,2C32C23E-E30C-498A-8DD2-0EFB9150A02E,11,377,0,0,0,0,0,0
primary,threshold,theta=0.05732,test,2C32C23E-E30C-498A-8DD2-0EFB9150A02E,12,1298,8,8,16,8,9,8
primary,threshold,theta=0.05732,test,3600D531-0C55-44A7-AE95-A7A38519464E,27,170,1,1,2,1,1,1
primary,threshold,theta=0.05732,test,3600D531-0C55-44A7-AE95-A7A38519464E,28,205,0,0,0,0,0,0
primary,threshold,theta=0.05732,test,3600D531-0C55-44A7-AE95-A7A38519464E,31,23,1,1,2,1,1,1
primary,threshold,theta=0.05732,test,3600D531-0C55-44A7-AE95-A7A38519464E,32,612,2,2,4,2,2,2
primary,threshold,theta=0.05732,test,3600D531-0C55-44A7-AE95-A7A38519464E,33,22,0,0,0,0,0,0
primary,threshold,theta=0.05732,test,4FC32141-E888-4BFF-8804-12559A491D8C,12,67,0,0,0,0,0,0
primary,threshold,theta=0.05732,test,4FC32141-E888-4BFF-8804-12559A491D8C,13,164,0,0,0,0,0,0
primary,threshold,theta=0.05732,test,4FC32141-E888-4BFF-8804-12559A491D8C,14,59,0,0,0,0,0,0
primary,threshold,theta=0.05732,test,4FC32141-E888-4BFF-8804-12559A491D8C,15,677,0,0,0,0,0,0
primary,threshold,theta=0.05732,test,5119D0F8-FCA8-4184-A4EB-19421A40DE0D,11,461,1,1,2,1,1,1
primary,threshold,theta=0.05732,test,5119D0F8-FCA8-4184-A4EB-19421A40DE0D,12,125,1,1,2,3,1,1
primary,threshold,theta=0.05732,test,5119D0F8-FCA8-4184-A4EB-19421A40DE0D,13,709,0,0,0,0,0,0
primary,threshold,theta=0.05732,test,5152A2DF-FAF3-4BA8-9CA9-E66B32671A53,9,775,2,2,4,2,2,2
primary,threshold,theta=0.05732,test,5152A2DF-FAF3-4BA8-9CA9-E66B32671A53,10,501,0,0,0,0,0,0
primary,threshold,theta=0.05732,test,5152A2DF-FAF3-4BA8-9CA9-E66B32671A53,11,19,0,0,0,0,0,0
primary,threshold,theta=0.05732,test,5EF64122-B513-46AE-BCF1-E62AAC285D2C,12,178,0,0,0,0,0,0
primary,threshold,theta=0.05732,test,5EF64122-B513-46AE-BCF1-E62AAC285D2C,13,576,0,0,0,0,0,0
primary,threshold,theta=0.05732,test,61976C24-1C50-4355-9C49-AAE44A7D09F6,48,1717,1,1,2,1,1,1
primary,threshold,theta=0.05732,test,78A91A4E-4A51-4065-BDA7-94755F0BB3BB,8,2371,8,8,16,9,9,8
primary,threshold,theta=0.05732,test,7CE37510-56D0-4120-A1CF-0E23351428D2,8,1924,8,8,16,8,10,8
primary,threshold,theta=0.05732,test,8023FE1A-D3B0-4E2C-A57A-9321B7FC755F,26,745,4,4,8,4,4,4
primary,threshold,theta=0.05732,test,8023FE1A-D3B0-4E2C-A57A-9321B7FC755F,27,1064,0,0,0,0,0,0
primary,threshold,theta=0.05732,test,83CF687B-7CEC-434B-9FE8-00C3D5799BE6,9,1394,12,12,24,18,17,12
primary,threshold,theta=0.05732,test,83CF687B-7CEC-434B-9FE8-00C3D5799BE6,10,485,2,2,4,2,2,2
primary,threshold,theta=0.05732,test,9759096F-1119-4E19-A0AD-6F16989C7E1C,6,776,3,3,6,3,3,3
primary,threshold,theta=0.05732,test,9759096F-1119-4E19-A0AD-6F16989C7E1C,7,1178,0,0,0,0,0,0
primary,threshold,theta=0.05732,test,9DC38D04-E82E-4F29-AB52-B476535226F2,20,1909,1,1,2,1,1,1
primary,threshold,theta=0.05732,test,A5CDF89D-02A2-4EC1-89F8-F534FDABDD96,16,350,0,0,0,0,0,0
primary,threshold,theta=0.05732,test,A5CDF89D-02A2-4EC1-89F8-F534FDABDD96,17,470,1,1,2,1,1,1
primary,threshold,theta=0.05732,test,A5CDF89D-02A2-4EC1-89F8-F534FDABDD96,18,359,0,0,0,0,0,0
primary,threshold,theta=0.05732,test,A76A5AF5-5A93-4CF2-A16E-62353BB70E8A,4,555,0,0,0,0,0,0
primary,threshold,theta=0.05732,test,A76A5AF5-5A93-4CF2-A16E-62353BB70E8A,5,920,0,0,0,0,0,0
primary,threshold,theta=0.05732,test,B09E373F-8A54-44C8-895B-0039390B859F,11,566,0,0,0,0,0,0
primary,threshold,theta=0.05732,test,B09E373F-8A54-44C8-895B-0039390B859F,12,833,0,0,0,0,0,0
primary,threshold,theta=0.05732,test,B09E373F-8A54-44C8-895B-0039390B859F,14,198,0,0,0,0,0,0
primary,threshold,theta=0.05732,test,B9724848-C7E2-45F4-9B3F-A1F38D864495,15,484,2,2,4,2,3,2
primary,threshold,theta=0.05732,test,B9724848-C7E2-45F4-9B3F-A1F38D864495,16,1013,31,31,62,61,54,29
primary,threshold,theta=0.05732,test,BE3CA5A6-A561-4BBD-B7C9-5DF6805400FC,18,223,0,0,0,0,0,0
primary,threshold,theta=0.05732,test,BE3CA5A6-A561-4BBD-B7C9-5DF6805400FC,19,1410,0,0,0,0,0,0
primary,threshold,theta=0.05732,test,C48CE857-A0DD-4DDB-BEA5-3A25449B2153,34,134,0,0,0,0,0,0
primary,threshold,theta=0.05732,test,C48CE857-A0DD-4DDB-BEA5-3A25449B2153,35,109,0,0,0,0,0,0
primary,threshold,theta=0.05732,test,C48CE857-A0DD-4DDB-BEA5-3A25449B2153,36,169,0,0,0,0,0,0
primary,threshold,theta=0.05732,test,C48CE857-A0DD-4DDB-BEA5-3A25449B2153,37,133,0,0,0,0,0,0
primary,threshold,theta=0.05732,test,C48CE857-A0DD-4DDB-BEA5-3A25449B2153,38,307,0,0,0,0,0,0
primary,threshold,theta=0.05732,test,C48CE857-A0DD-4DDB-BEA5-3A25449B2153,39,85,0,0,0,0,0,0
primary,threshold,theta=0.05732,test,CA820D43-E5E2-42EF-9798-BE56F776370B,10,997,4,4,8,4,4,4
primary,threshold,theta=0.05732,test,CA820D43-E5E2-42EF-9798-BE56F776370B,12,546,4,4,8,5,4,4
primary,threshold,theta=0.05732,test,CDA3BBF7-6631-45E8-85BA-EEB416B32A3C,5,537,0,0,0,0,0,0
primary,threshold,theta=0.05732,test,CF722AA9-2533-4E51-9FEB-9EAC84EE9AAC,11,112,0,0,0,0,0,0
primary,threshold,theta=0.05732,test,CF722AA9-2533-4E51-9FEB-9EAC84EE9AAC,12,371,0,0,0,0,0,0
primary,threshold,theta=0.05732,test,CF722AA9-2533-4E51-9FEB-9EAC84EE9AAC,13,138,1,1,2,1,1,1
primary,threshold,theta=0.05732,test,CF722AA9-2533-4E51-9FEB-9EAC84EE9AAC,14,73,2,2,4,2,2,2
primary,threshold,theta=0.05732,test,D7D20E2E-FC78-405D-B346-DBD3FD8FC92B,14,121,0,0,0,0,0,0
primary,threshold,theta=0.05732,test,D7D20E2E-FC78-405D-B346-DBD3FD8FC92B,15,826,2,2,4,2,2,2
primary,threshold,theta=0.05732,test,D7D20E2E-FC78-405D-B346-DBD3FD8FC92B,16,265,0,0,0,0,0,0
primary,threshold,theta=0.05732,test,E65577C1-8D5D-4F70-AF23-B3ADB9D3DBA3,5,657,24,24,48,32,39,24
primary,threshold,theta=0.05732,test,ECECC2AB-D32F-4F90-B74C-E12A1C69BBE2,17,603,1,1,2,1,1,1
primary,threshold,theta=0.05732,test,ECECC2AB-D32F-4F90-B74C-E12A1C69BBE2,18,74,0,0,0,0,0,0
primary,threshold,theta=0.05732,test,FDAA70A1-42A3-4E3F-9AE3-3FDA412E03BF,20,966,4,4,8,5,4,4
primary,moving_average,"k=3, theta=0.1978",test,00EABED2-271D-49D8-B599-1D4A09240601,25,300,5,5,10,17,6,4
primary,moving_average,"k=3, theta=0.1978",test,00EABED2-271D-49D8-B599-1D4A09240601,42,96,9,8,17,47,13,6
primary,moving_average,"k=3, theta=0.1978",test,00EABED2-271D-49D8-B599-1D4A09240601,44,12,1,0,1,3,0,0
primary,moving_average,"k=3, theta=0.1978",test,098A72A5-E3E5-4F54-A152-BBDA0DF7B694,15,114,0,0,0,0,0,0
primary,moving_average,"k=3, theta=0.1978",test,098A72A5-E3E5-4F54-A152-BBDA0DF7B694,16,733,0,0,0,0,0,0
primary,moving_average,"k=3, theta=0.1978",test,098A72A5-E3E5-4F54-A152-BBDA0DF7B694,17,292,0,0,0,0,0,0
primary,moving_average,"k=3, theta=0.1978",test,098A72A5-E3E5-4F54-A152-BBDA0DF7B694,18,91,0,0,0,0,0,0
primary,moving_average,"k=3, theta=0.1978",test,098A72A5-E3E5-4F54-A152-BBDA0DF7B694,19,104,1,1,2,2,1,1
primary,moving_average,"k=3, theta=0.1978",test,0A986513-7828-4D53-AA1F-E02D6DF9561B,8,763,4,4,8,5,4,4
primary,moving_average,"k=3, theta=0.1978",test,11B5EC4D-4133-4289-B475-4E737182A406,7,1407,1,1,2,2,1,1
primary,moving_average,"k=3, theta=0.1978",test,11B5EC4D-4133-4289-B475-4E737182A406,8,333,0,0,0,0,0,0
primary,moving_average,"k=3, theta=0.1978",test,136562B6-95B2-483D-88DC-065F28409FD2,22,145,0,0,0,0,0,0
primary,moving_average,"k=3, theta=0.1978",test,136562B6-95B2-483D-88DC-065F28409FD2,23,747,0,0,0,0,0,0
primary,moving_average,"k=3, theta=0.1978",test,136562B6-95B2-483D-88DC-065F28409FD2,24,323,1,1,2,3,1,1
primary,moving_average,"k=3, theta=0.1978",test,1538C99F-BA1E-4EFB-A949-6C7C47701B20,30,406,0,0,0,0,0,0
primary,moving_average,"k=3, theta=0.1978",test,1538C99F-BA1E-4EFB-A949-6C7C47701B20,31,875,0,0,0,0,0,0
primary,moving_average,"k=3, theta=0.1978",test,24E40C4C-A349-4F9F-93AB-01D00FB994AF,18,68,0,0,0,0,0,0
primary,moving_average,"k=3, theta=0.1978",test,24E40C4C-A349-4F9F-93AB-01D00FB994AF,19,374,0,0,0,0,0,0
primary,moving_average,"k=3, theta=0.1978",test,24E40C4C-A349-4F9F-93AB-01D00FB994AF,20,166,0,0,0,0,0,0
primary,moving_average,"k=3, theta=0.1978",test,24E40C4C-A349-4F9F-93AB-01D00FB994AF,21,120,0,0,0,0,0,0
primary,moving_average,"k=3, theta=0.1978",test,24E40C4C-A349-4F9F-93AB-01D00FB994AF,22,198,0,0,0,0,0,0
primary,moving_average,"k=3, theta=0.1978",test,2C32C23E-E30C-498A-8DD2-0EFB9150A02E,11,377,1,1,2,1,1,1
primary,moving_average,"k=3, theta=0.1978",test,2C32C23E-E30C-498A-8DD2-0EFB9150A02E,12,1298,4,4,8,5,4,4
primary,moving_average,"k=3, theta=0.1978",test,3600D531-0C55-44A7-AE95-A7A38519464E,27,170,5,4,9,5,7,4
primary,moving_average,"k=3, theta=0.1978",test,3600D531-0C55-44A7-AE95-A7A38519464E,28,205,0,0,0,0,0,0
primary,moving_average,"k=3, theta=0.1978",test,3600D531-0C55-44A7-AE95-A7A38519464E,31,23,0,0,0,0,0,0
primary,moving_average,"k=3, theta=0.1978",test,3600D531-0C55-44A7-AE95-A7A38519464E,32,612,0,0,0,0,0,0
primary,moving_average,"k=3, theta=0.1978",test,3600D531-0C55-44A7-AE95-A7A38519464E,33,22,0,0,0,0,0,0
primary,moving_average,"k=3, theta=0.1978",test,4FC32141-E888-4BFF-8804-12559A491D8C,12,67,3,3,6,12,3,2
primary,moving_average,"k=3, theta=0.1978",test,4FC32141-E888-4BFF-8804-12559A491D8C,13,164,0,0,0,0,0,0
primary,moving_average,"k=3, theta=0.1978",test,4FC32141-E888-4BFF-8804-12559A491D8C,14,59,0,0,0,0,0,0
primary,moving_average,"k=3, theta=0.1978",test,4FC32141-E888-4BFF-8804-12559A491D8C,15,677,0,0,0,0,0,0
primary,moving_average,"k=3, theta=0.1978",test,5119D0F8-FCA8-4184-A4EB-19421A40DE0D,11,461,1,1,2,1,1,1
primary,moving_average,"k=3, theta=0.1978",test,5119D0F8-FCA8-4184-A4EB-19421A40DE0D,12,125,3,3,6,11,2,2
primary,moving_average,"k=3, theta=0.1978",test,5119D0F8-FCA8-4184-A4EB-19421A40DE0D,13,709,1,1,2,3,1,1
primary,moving_average,"k=3, theta=0.1978",test,5152A2DF-FAF3-4BA8-9CA9-E66B32671A53,9,775,0,0,0,0,0,0
primary,moving_average,"k=3, theta=0.1978",test,5152A2DF-FAF3-4BA8-9CA9-E66B32671A53,10,501,1,1,2,1,1,1
primary,moving_average,"k=3, theta=0.1978",test,5152A2DF-FAF3-4BA8-9CA9-E66B32671A53,11,19,0,0,0,0,0,0
primary,moving_average,"k=3, theta=0.1978",test,5EF64122-B513-46AE-BCF1-E62AAC285D2C,12,178,0,0,0,0,0,0
primary,moving_average,"k=3, theta=0.1978",test,5EF64122-B513-46AE-BCF1-E62AAC285D2C,13,576,0,0,0,0,0,0
primary,moving_average,"k=3, theta=0.1978",test,61976C24-1C50-4355-9C49-AAE44A7D09F6,48,1717,3,3,6,6,4,3
primary,moving_average,"k=3, theta=0.1978",test,78A91A4E-4A51-4065-BDA7-94755F0BB3BB,8,2371,14,14,28,35,16,13
primary,moving_average,"k=3, theta=0.1978",test,7CE37510-56D0-4120-A1CF-0E23351428D2,8,1924,4,4,8,5,4,4
primary,moving_average,"k=3, theta=0.1978",test,8023FE1A-D3B0-4E2C-A57A-9321B7FC755F,26,745,4,4,8,5,5,4
primary,moving_average,"k=3, theta=0.1978",test,8023FE1A-D3B0-4E2C-A57A-9321B7FC755F,27,1064,5,5,10,10,5,5
primary,moving_average,"k=3, theta=0.1978",test,83CF687B-7CEC-434B-9FE8-00C3D5799BE6,9,1394,14,14,28,46,16,12
primary,moving_average,"k=3, theta=0.1978",test,83CF687B-7CEC-434B-9FE8-00C3D5799BE6,10,485,0,0,0,0,0,0
primary,moving_average,"k=3, theta=0.1978",test,9759096F-1119-4E19-A0AD-6F16989C7E1C,6,776,10,10,20,35,9,8
primary,moving_average,"k=3, theta=0.1978",test,9759096F-1119-4E19-A0AD-6F16989C7E1C,7,1178,0,0,0,0,0,0
primary,moving_average,"k=3, theta=0.1978",test,9DC38D04-E82E-4F29-AB52-B476535226F2,20,1909,1,1,2,4,1,1
primary,moving_average,"k=3, theta=0.1978",test,A5CDF89D-02A2-4EC1-89F8-F534FDABDD96,16,350,0,0,0,0,0,0
primary,moving_average,"k=3, theta=0.1978",test,A5CDF89D-02A2-4EC1-89F8-F534FDABDD96,17,470,2,2,4,3,2,2
primary,moving_average,"k=3, theta=0.1978",test,A5CDF89D-02A2-4EC1-89F8-F534FDABDD96,18,359,0,0,0,0,0,0
primary,moving_average,"k=3, theta=0.1978",test,A76A5AF5-5A93-4CF2-A16E-62353BB70E8A,4,555,0,0,0,0,0,0
primary,moving_average,"k=3, theta=0.1978",test,A76A5AF5-5A93-4CF2-A16E-62353BB70E8A,5,920,0,0,0,0,0,0
primary,moving_average,"k=3, theta=0.1978",test,B09E373F-8A54-44C8-895B-0039390B859F,11,566,0,0,0,0,0,0
primary,moving_average,"k=3, theta=0.1978",test,B09E373F-8A54-44C8-895B-0039390B859F,12,833,0,0,0,0,0,0
primary,moving_average,"k=3, theta=0.1978",test,B09E373F-8A54-44C8-895B-0039390B859F,14,198,1,1,2,1,1,1
primary,moving_average,"k=3, theta=0.1978",test,B9724848-C7E2-45F4-9B3F-A1F38D864495,15,484,13,13,26,30,18,12
primary,moving_average,"k=3, theta=0.1978",test,B9724848-C7E2-45F4-9B3F-A1F38D864495,16,1013,20,20,40,104,22,12
primary,moving_average,"k=3, theta=0.1978",test,BE3CA5A6-A561-4BBD-B7C9-5DF6805400FC,18,223,0,0,0,0,0,0
primary,moving_average,"k=3, theta=0.1978",test,BE3CA5A6-A561-4BBD-B7C9-5DF6805400FC,19,1410,2,2,4,3,3,2
primary,moving_average,"k=3, theta=0.1978",test,C48CE857-A0DD-4DDB-BEA5-3A25449B2153,34,134,0,0,0,0,0,0
primary,moving_average,"k=3, theta=0.1978",test,C48CE857-A0DD-4DDB-BEA5-3A25449B2153,35,109,0,0,0,0,0,0
primary,moving_average,"k=3, theta=0.1978",test,C48CE857-A0DD-4DDB-BEA5-3A25449B2153,36,169,0,0,0,0,0,0
primary,moving_average,"k=3, theta=0.1978",test,C48CE857-A0DD-4DDB-BEA5-3A25449B2153,37,133,0,0,0,0,0,0
primary,moving_average,"k=3, theta=0.1978",test,C48CE857-A0DD-4DDB-BEA5-3A25449B2153,38,307,1,1,2,1,1,1
primary,moving_average,"k=3, theta=0.1978",test,C48CE857-A0DD-4DDB-BEA5-3A25449B2153,39,85,0,0,0,0,0,0
primary,moving_average,"k=3, theta=0.1978",test,CA820D43-E5E2-42EF-9798-BE56F776370B,10,997,0,0,0,0,0,0
primary,moving_average,"k=3, theta=0.1978",test,CA820D43-E5E2-42EF-9798-BE56F776370B,12,546,1,1,2,2,1,1
primary,moving_average,"k=3, theta=0.1978",test,CDA3BBF7-6631-45E8-85BA-EEB416B32A3C,5,537,0,0,0,0,0,0
primary,moving_average,"k=3, theta=0.1978",test,CF722AA9-2533-4E51-9FEB-9EAC84EE9AAC,11,112,0,0,0,0,0,0
primary,moving_average,"k=3, theta=0.1978",test,CF722AA9-2533-4E51-9FEB-9EAC84EE9AAC,12,371,1,1,2,1,1,1
primary,moving_average,"k=3, theta=0.1978",test,CF722AA9-2533-4E51-9FEB-9EAC84EE9AAC,13,138,0,0,0,0,0,0
primary,moving_average,"k=3, theta=0.1978",test,CF722AA9-2533-4E51-9FEB-9EAC84EE9AAC,14,73,1,1,2,2,1,1
primary,moving_average,"k=3, theta=0.1978",test,D7D20E2E-FC78-405D-B346-DBD3FD8FC92B,14,121,0,0,0,0,0,0
primary,moving_average,"k=3, theta=0.1978",test,D7D20E2E-FC78-405D-B346-DBD3FD8FC92B,15,826,3,3,6,4,4,3
primary,moving_average,"k=3, theta=0.1978",test,D7D20E2E-FC78-405D-B346-DBD3FD8FC92B,16,265,1,1,2,6,0,0
primary,moving_average,"k=3, theta=0.1978",test,E65577C1-8D5D-4F70-AF23-B3ADB9D3DBA3,5,657,17,17,34,85,24,12
primary,moving_average,"k=3, theta=0.1978",test,ECECC2AB-D32F-4F90-B74C-E12A1C69BBE2,17,603,0,0,0,0,0,0
primary,moving_average,"k=3, theta=0.1978",test,ECECC2AB-D32F-4F90-B74C-E12A1C69BBE2,18,74,0,0,0,0,0,0
primary,moving_average,"k=3, theta=0.1978",test,FDAA70A1-42A3-4E3F-9AE3-3FDA412E03BF,20,966,5,5,10,11,7,5
primary,ewma,"alpha=0.7, theta=0.1419",test,00EABED2-271D-49D8-B599-1D4A09240601,25,300,5,5,10,13,7,5
primary,ewma,"alpha=0.7, theta=0.1419",test,00EABED2-271D-49D8-B599-1D4A09240601,42,96,14,13,27,35,23,12
primary,ewma,"alpha=0.7, theta=0.1419",test,00EABED2-271D-49D8-B599-1D4A09240601,44,12,1,0,1,2,0,0
primary,ewma,"alpha=0.7, theta=0.1419",test,098A72A5-E3E5-4F54-A152-BBDA0DF7B694,15,114,0,0,0,0,0,0
primary,ewma,"alpha=0.7, theta=0.1419",test,098A72A5-E3E5-4F54-A152-BBDA0DF7B694,16,733,0,0,0,0,0,0
primary,ewma,"alpha=0.7, theta=0.1419",test,098A72A5-E3E5-4F54-A152-BBDA0DF7B694,17,292,0,0,0,0,0,0
primary,ewma,"alpha=0.7, theta=0.1419",test,098A72A5-E3E5-4F54-A152-BBDA0DF7B694,18,91,0,0,0,0,0,0
primary,ewma,"alpha=0.7, theta=0.1419",test,098A72A5-E3E5-4F54-A152-BBDA0DF7B694,19,104,1,1,2,2,1,1
primary,ewma,"alpha=0.7, theta=0.1419",test,0A986513-7828-4D53-AA1F-E02D6DF9561B,8,763,8,8,16,8,10,8
primary,ewma,"alpha=0.7, theta=0.1419",test,11B5EC4D-4133-4289-B475-4E737182A406,7,1407,1,1,2,1,1,1
primary,ewma,"alpha=0.7, theta=0.1419",test,11B5EC4D-4133-4289-B475-4E737182A406,8,333,0,0,0,0,0,0
primary,ewma,"alpha=0.7, theta=0.1419",test,136562B6-95B2-483D-88DC-065F28409FD2,22,145,0,0,0,0,0,0
primary,ewma,"alpha=0.7, theta=0.1419",test,136562B6-95B2-483D-88DC-065F28409FD2,23,747,0,0,0,0,0,0
primary,ewma,"alpha=0.7, theta=0.1419",test,136562B6-95B2-483D-88DC-065F28409FD2,24,323,0,0,0,0,0,0
primary,ewma,"alpha=0.7, theta=0.1419",test,1538C99F-BA1E-4EFB-A949-6C7C47701B20,30,406,0,0,0,0,0,0
primary,ewma,"alpha=0.7, theta=0.1419",test,1538C99F-BA1E-4EFB-A949-6C7C47701B20,31,875,1,1,2,1,1,1
primary,ewma,"alpha=0.7, theta=0.1419",test,24E40C4C-A349-4F9F-93AB-01D00FB994AF,18,68,0,0,0,0,0,0
primary,ewma,"alpha=0.7, theta=0.1419",test,24E40C4C-A349-4F9F-93AB-01D00FB994AF,19,374,0,0,0,0,0,0
primary,ewma,"alpha=0.7, theta=0.1419",test,24E40C4C-A349-4F9F-93AB-01D00FB994AF,20,166,0,0,0,0,0,0
primary,ewma,"alpha=0.7, theta=0.1419",test,24E40C4C-A349-4F9F-93AB-01D00FB994AF,21,120,0,0,0,0,0,0
primary,ewma,"alpha=0.7, theta=0.1419",test,24E40C4C-A349-4F9F-93AB-01D00FB994AF,22,198,0,0,0,0,0,0
primary,ewma,"alpha=0.7, theta=0.1419",test,2C32C23E-E30C-498A-8DD2-0EFB9150A02E,11,377,0,0,0,0,0,0
primary,ewma,"alpha=0.7, theta=0.1419",test,2C32C23E-E30C-498A-8DD2-0EFB9150A02E,12,1298,2,2,4,4,2,2
primary,ewma,"alpha=0.7, theta=0.1419",test,3600D531-0C55-44A7-AE95-A7A38519464E,27,170,2,1,3,2,1,1
primary,ewma,"alpha=0.7, theta=0.1419",test,3600D531-0C55-44A7-AE95-A7A38519464E,28,205,0,0,0,0,0,0
primary,ewma,"alpha=0.7, theta=0.1419",test,3600D531-0C55-44A7-AE95-A7A38519464E,31,23,0,0,0,0,0,0
primary,ewma,"alpha=0.7, theta=0.1419",test,3600D531-0C55-44A7-AE95-A7A38519464E,32,612,0,0,0,0,0,0
primary,ewma,"alpha=0.7, theta=0.1419",test,3600D531-0C55-44A7-AE95-A7A38519464E,33,22,0,0,0,0,0,0
primary,ewma,"alpha=0.7, theta=0.1419",test,4FC32141-E888-4BFF-8804-12559A491D8C,12,67,1,1,2,2,1,1
primary,ewma,"alpha=0.7, theta=0.1419",test,4FC32141-E888-4BFF-8804-12559A491D8C,13,164,0,0,0,0,0,0
primary,ewma,"alpha=0.7, theta=0.1419",test,4FC32141-E888-4BFF-8804-12559A491D8C,14,59,0,0,0,0,0,0
primary,ewma,"alpha=0.7, theta=0.1419",test,4FC32141-E888-4BFF-8804-12559A491D8C,15,677,0,0,0,0,0,0
primary,ewma,"alpha=0.7, theta=0.1419",test,5119D0F8-FCA8-4184-A4EB-19421A40DE0D,11,461,2,2,4,2,3,2
primary,ewma,"alpha=0.7, theta=0.1419",test,5119D0F8-FCA8-4184-A4EB-19421A40DE0D,12,125,2,2,4,8,1,1
primary,ewma,"alpha=0.7, theta=0.1419",test,5119D0F8-FCA8-4184-A4EB-19421A40DE0D,13,709,1,1,2,1,1,1
primary,ewma,"alpha=0.7, theta=0.1419",test,5152A2DF-FAF3-4BA8-9CA9-E66B32671A53,9,775,0,0,0,0,0,0
primary,ewma,"alpha=0.7, theta=0.1419",test,5152A2DF-FAF3-4BA8-9CA9-E66B32671A53,10,501,0,0,0,0,0,0
primary,ewma,"alpha=0.7, theta=0.1419",test,5152A2DF-FAF3-4BA8-9CA9-E66B32671A53,11,19,0,0,0,0,0,0
primary,ewma,"alpha=0.7, theta=0.1419",test,5EF64122-B513-46AE-BCF1-E62AAC285D2C,12,178,0,0,0,0,0,0
primary,ewma,"alpha=0.7, theta=0.1419",test,5EF64122-B513-46AE-BCF1-E62AAC285D2C,13,576,0,0,0,0,0,0
primary,ewma,"alpha=0.7, theta=0.1419",test,61976C24-1C50-4355-9C49-AAE44A7D09F6,48,1717,1,1,2,1,1,1
primary,ewma,"alpha=0.7, theta=0.1419",test,78A91A4E-4A51-4065-BDA7-94755F0BB3BB,8,2371,12,12,24,21,15,12
primary,ewma,"alpha=0.7, theta=0.1419",test,7CE37510-56D0-4120-A1CF-0E23351428D2,8,1924,3,3,6,3,3,3
primary,ewma,"alpha=0.7, theta=0.1419",test,8023FE1A-D3B0-4E2C-A57A-9321B7FC755F,26,745,4,4,8,5,5,4
primary,ewma,"alpha=0.7, theta=0.1419",test,8023FE1A-D3B0-4E2C-A57A-9321B7FC755F,27,1064,3,3,6,3,4,3
primary,ewma,"alpha=0.7, theta=0.1419",test,83CF687B-7CEC-434B-9FE8-00C3D5799BE6,9,1394,15,15,30,34,23,15
primary,ewma,"alpha=0.7, theta=0.1419",test,83CF687B-7CEC-434B-9FE8-00C3D5799BE6,10,485,0,0,0,0,0,0
primary,ewma,"alpha=0.7, theta=0.1419",test,9759096F-1119-4E19-A0AD-6F16989C7E1C,6,776,8,8,16,19,8,7
primary,ewma,"alpha=0.7, theta=0.1419",test,9759096F-1119-4E19-A0AD-6F16989C7E1C,7,1178,0,0,0,0,0,0
primary,ewma,"alpha=0.7, theta=0.1419",test,9DC38D04-E82E-4F29-AB52-B476535226F2,20,1909,0,0,0,0,0,0
primary,ewma,"alpha=0.7, theta=0.1419",test,A5CDF89D-02A2-4EC1-89F8-F534FDABDD96,16,350,0,0,0,0,0,0
primary,ewma,"alpha=0.7, theta=0.1419",test,A5CDF89D-02A2-4EC1-89F8-F534FDABDD96,17,470,1,1,2,1,1,1
primary,ewma,"alpha=0.7, theta=0.1419",test,A5CDF89D-02A2-4EC1-89F8-F534FDABDD96,18,359,0,0,0,0,0,0
primary,ewma,"alpha=0.7, theta=0.1419",test,A76A5AF5-5A93-4CF2-A16E-62353BB70E8A,4,555,0,0,0,0,0,0
primary,ewma,"alpha=0.7, theta=0.1419",test,A76A5AF5-5A93-4CF2-A16E-62353BB70E8A,5,920,0,0,0,0,0,0
primary,ewma,"alpha=0.7, theta=0.1419",test,B09E373F-8A54-44C8-895B-0039390B859F,11,566,0,0,0,0,0,0
primary,ewma,"alpha=0.7, theta=0.1419",test,B09E373F-8A54-44C8-895B-0039390B859F,12,833,0,0,0,0,0,0
primary,ewma,"alpha=0.7, theta=0.1419",test,B09E373F-8A54-44C8-895B-0039390B859F,14,198,0,0,0,0,0,0
primary,ewma,"alpha=0.7, theta=0.1419",test,B9724848-C7E2-45F4-9B3F-A1F38D864495,15,484,10,10,20,12,12,10
primary,ewma,"alpha=0.7, theta=0.1419",test,B9724848-C7E2-45F4-9B3F-A1F38D864495,16,1013,25,25,50,81,40,21
primary,ewma,"alpha=0.7, theta=0.1419",test,BE3CA5A6-A561-4BBD-B7C9-5DF6805400FC,18,223,0,0,0,0,0,0
primary,ewma,"alpha=0.7, theta=0.1419",test,BE3CA5A6-A561-4BBD-B7C9-5DF6805400FC,19,1410,2,2,4,2,3,2
primary,ewma,"alpha=0.7, theta=0.1419",test,C48CE857-A0DD-4DDB-BEA5-3A25449B2153,34,134,0,0,0,0,0,0
primary,ewma,"alpha=0.7, theta=0.1419",test,C48CE857-A0DD-4DDB-BEA5-3A25449B2153,35,109,0,0,0,0,0,0
primary,ewma,"alpha=0.7, theta=0.1419",test,C48CE857-A0DD-4DDB-BEA5-3A25449B2153,36,169,0,0,0,0,0,0
primary,ewma,"alpha=0.7, theta=0.1419",test,C48CE857-A0DD-4DDB-BEA5-3A25449B2153,37,133,0,0,0,0,0,0
primary,ewma,"alpha=0.7, theta=0.1419",test,C48CE857-A0DD-4DDB-BEA5-3A25449B2153,38,307,0,0,0,0,0,0
primary,ewma,"alpha=0.7, theta=0.1419",test,C48CE857-A0DD-4DDB-BEA5-3A25449B2153,39,85,0,0,0,0,0,0
primary,ewma,"alpha=0.7, theta=0.1419",test,CA820D43-E5E2-42EF-9798-BE56F776370B,10,997,1,1,2,1,1,1
primary,ewma,"alpha=0.7, theta=0.1419",test,CA820D43-E5E2-42EF-9798-BE56F776370B,12,546,2,2,4,2,2,2
primary,ewma,"alpha=0.7, theta=0.1419",test,CDA3BBF7-6631-45E8-85BA-EEB416B32A3C,5,537,0,0,0,0,0,0
primary,ewma,"alpha=0.7, theta=0.1419",test,CF722AA9-2533-4E51-9FEB-9EAC84EE9AAC,11,112,0,0,0,0,0,0
primary,ewma,"alpha=0.7, theta=0.1419",test,CF722AA9-2533-4E51-9FEB-9EAC84EE9AAC,12,371,1,1,2,1,1,1
primary,ewma,"alpha=0.7, theta=0.1419",test,CF722AA9-2533-4E51-9FEB-9EAC84EE9AAC,13,138,0,0,0,0,0,0
primary,ewma,"alpha=0.7, theta=0.1419",test,CF722AA9-2533-4E51-9FEB-9EAC84EE9AAC,14,73,1,1,2,1,1,1
primary,ewma,"alpha=0.7, theta=0.1419",test,D7D20E2E-FC78-405D-B346-DBD3FD8FC92B,14,121,0,0,0,0,0,0
primary,ewma,"alpha=0.7, theta=0.1419",test,D7D20E2E-FC78-405D-B346-DBD3FD8FC92B,15,826,3,3,6,3,4,3
primary,ewma,"alpha=0.7, theta=0.1419",test,D7D20E2E-FC78-405D-B346-DBD3FD8FC92B,16,265,1,1,2,3,1,1
primary,ewma,"alpha=0.7, theta=0.1419",test,E65577C1-8D5D-4F70-AF23-B3ADB9D3DBA3,5,657,25,25,50,62,42,23
primary,ewma,"alpha=0.7, theta=0.1419",test,ECECC2AB-D32F-4F90-B74C-E12A1C69BBE2,17,603,0,0,0,0,0,0
primary,ewma,"alpha=0.7, theta=0.1419",test,ECECC2AB-D32F-4F90-B74C-E12A1C69BBE2,18,74,0,0,0,0,0,0
primary,ewma,"alpha=0.7, theta=0.1419",test,FDAA70A1-42A3-4E3F-9AE3-3FDA412E03BF,20,966,2,2,4,4,2,2
primary,majority_vote,"k=3, theta=0.1545",test,00EABED2-271D-49D8-B599-1D4A09240601,25,300,4,4,8,14,6,4
primary,majority_vote,"k=3, theta=0.1545",test,00EABED2-271D-49D8-B599-1D4A09240601,42,96,8,7,15,49,9,4
primary,majority_vote,"k=3, theta=0.1545",test,00EABED2-271D-49D8-B599-1D4A09240601,44,12,0,0,0,0,0,0
primary,majority_vote,"k=3, theta=0.1545",test,098A72A5-E3E5-4F54-A152-BBDA0DF7B694,15,114,0,0,0,0,0,0
primary,majority_vote,"k=3, theta=0.1545",test,098A72A5-E3E5-4F54-A152-BBDA0DF7B694,16,733,0,0,0,0,0,0
primary,majority_vote,"k=3, theta=0.1545",test,098A72A5-E3E5-4F54-A152-BBDA0DF7B694,17,292,0,0,0,0,0,0
primary,majority_vote,"k=3, theta=0.1545",test,098A72A5-E3E5-4F54-A152-BBDA0DF7B694,18,91,0,0,0,0,0,0
primary,majority_vote,"k=3, theta=0.1545",test,098A72A5-E3E5-4F54-A152-BBDA0DF7B694,19,104,1,1,2,3,1,1
primary,majority_vote,"k=3, theta=0.1545",test,0A986513-7828-4D53-AA1F-E02D6DF9561B,8,763,4,4,8,7,4,4
primary,majority_vote,"k=3, theta=0.1545",test,11B5EC4D-4133-4289-B475-4E737182A406,7,1407,1,1,2,2,1,1
primary,majority_vote,"k=3, theta=0.1545",test,11B5EC4D-4133-4289-B475-4E737182A406,8,333,0,0,0,0,0,0
primary,majority_vote,"k=3, theta=0.1545",test,136562B6-95B2-483D-88DC-065F28409FD2,22,145,0,0,0,0,0,0
primary,majority_vote,"k=3, theta=0.1545",test,136562B6-95B2-483D-88DC-065F28409FD2,23,747,1,1,2,2,1,1
primary,majority_vote,"k=3, theta=0.1545",test,136562B6-95B2-483D-88DC-065F28409FD2,24,323,0,0,0,0,0,0
primary,majority_vote,"k=3, theta=0.1545",test,1538C99F-BA1E-4EFB-A949-6C7C47701B20,30,406,0,0,0,0,0,0
primary,majority_vote,"k=3, theta=0.1545",test,1538C99F-BA1E-4EFB-A949-6C7C47701B20,31,875,0,0,0,0,0,0
primary,majority_vote,"k=3, theta=0.1545",test,24E40C4C-A349-4F9F-93AB-01D00FB994AF,18,68,0,0,0,0,0,0
primary,majority_vote,"k=3, theta=0.1545",test,24E40C4C-A349-4F9F-93AB-01D00FB994AF,19,374,0,0,0,0,0,0
primary,majority_vote,"k=3, theta=0.1545",test,24E40C4C-A349-4F9F-93AB-01D00FB994AF,20,166,0,0,0,0,0,0
primary,majority_vote,"k=3, theta=0.1545",test,24E40C4C-A349-4F9F-93AB-01D00FB994AF,21,120,0,0,0,0,0,0
primary,majority_vote,"k=3, theta=0.1545",test,24E40C4C-A349-4F9F-93AB-01D00FB994AF,22,198,0,0,0,0,0,0
primary,majority_vote,"k=3, theta=0.1545",test,2C32C23E-E30C-498A-8DD2-0EFB9150A02E,11,377,0,0,0,0,0,0
primary,majority_vote,"k=3, theta=0.1545",test,2C32C23E-E30C-498A-8DD2-0EFB9150A02E,12,1298,2,2,4,4,2,2
primary,majority_vote,"k=3, theta=0.1545",test,3600D531-0C55-44A7-AE95-A7A38519464E,27,170,3,2,5,6,3,2
primary,majority_vote,"k=3, theta=0.1545",test,3600D531-0C55-44A7-AE95-A7A38519464E,28,205,0,0,0,0,0,0
primary,majority_vote,"k=3, theta=0.1545",test,3600D531-0C55-44A7-AE95-A7A38519464E,31,23,0,0,0,0,0,0
primary,majority_vote,"k=3, theta=0.1545",test,3600D531-0C55-44A7-AE95-A7A38519464E,32,612,0,0,0,0,0,0
primary,majority_vote,"k=3, theta=0.1545",test,3600D531-0C55-44A7-AE95-A7A38519464E,33,22,0,0,0,0,0,0
primary,majority_vote,"k=3, theta=0.1545",test,4FC32141-E888-4BFF-8804-12559A491D8C,12,67,1,1,2,4,1,1
primary,majority_vote,"k=3, theta=0.1545",test,4FC32141-E888-4BFF-8804-12559A491D8C,13,164,0,0,0,0,0,0
primary,majority_vote,"k=3, theta=0.1545",test,4FC32141-E888-4BFF-8804-12559A491D8C,14,59,0,0,0,0,0,0
primary,majority_vote,"k=3, theta=0.1545",test,4FC32141-E888-4BFF-8804-12559A491D8C,15,677,0,0,0,0,0,0
primary,majority_vote,"k=3, theta=0.1545",test,5119D0F8-FCA8-4184-A4EB-19421A40DE0D,11,461,0,0,0,0,0,0
primary,majority_vote,"k=3, theta=0.1545",test,5119D0F8-FCA8-4184-A4EB-19421A40DE0D,12,125,3,3,6,11,3,2
primary,majority_vote,"k=3, theta=0.1545",test,5119D0F8-FCA8-4184-A4EB-19421A40DE0D,13,709,1,1,2,1,1,1
primary,majority_vote,"k=3, theta=0.1545",test,5152A2DF-FAF3-4BA8-9CA9-E66B32671A53,9,775,0,0,0,0,0,0
primary,majority_vote,"k=3, theta=0.1545",test,5152A2DF-FAF3-4BA8-9CA9-E66B32671A53,10,501,1,1,2,3,1,1
primary,majority_vote,"k=3, theta=0.1545",test,5152A2DF-FAF3-4BA8-9CA9-E66B32671A53,11,19,0,0,0,0,0,0
primary,majority_vote,"k=3, theta=0.1545",test,5EF64122-B513-46AE-BCF1-E62AAC285D2C,12,178,0,0,0,0,0,0
primary,majority_vote,"k=3, theta=0.1545",test,5EF64122-B513-46AE-BCF1-E62AAC285D2C,13,576,0,0,0,0,0,0
primary,majority_vote,"k=3, theta=0.1545",test,61976C24-1C50-4355-9C49-AAE44A7D09F6,48,1717,1,1,2,2,1,1
primary,majority_vote,"k=3, theta=0.1545",test,78A91A4E-4A51-4065-BDA7-94755F0BB3BB,8,2371,10,10,20,23,12,10
primary,majority_vote,"k=3, theta=0.1545",test,7CE37510-56D0-4120-A1CF-0E23351428D2,8,1924,4,4,8,6,4,4
primary,majority_vote,"k=3, theta=0.1545",test,8023FE1A-D3B0-4E2C-A57A-9321B7FC755F,26,745,3,3,6,6,3,3
primary,majority_vote,"k=3, theta=0.1545",test,8023FE1A-D3B0-4E2C-A57A-9321B7FC755F,27,1064,4,4,8,11,4,4
primary,majority_vote,"k=3, theta=0.1545",test,83CF687B-7CEC-434B-9FE8-00C3D5799BE6,9,1394,10,10,20,50,10,8
primary,majority_vote,"k=3, theta=0.1545",test,83CF687B-7CEC-434B-9FE8-00C3D5799BE6,10,485,1,1,2,1,1,1
primary,majority_vote,"k=3, theta=0.1545",test,9759096F-1119-4E19-A0AD-6F16989C7E1C,6,776,7,7,14,27,6,5
primary,majority_vote,"k=3, theta=0.1545",test,9759096F-1119-4E19-A0AD-6F16989C7E1C,7,1178,0,0,0,0,0,0
primary,majority_vote,"k=3, theta=0.1545",test,9DC38D04-E82E-4F29-AB52-B476535226F2,20,1909,1,1,2,2,1,1
primary,majority_vote,"k=3, theta=0.1545",test,A5CDF89D-02A2-4EC1-89F8-F534FDABDD96,16,350,0,0,0,0,0,0
primary,majority_vote,"k=3, theta=0.1545",test,A5CDF89D-02A2-4EC1-89F8-F534FDABDD96,17,470,1,1,2,2,1,1
primary,majority_vote,"k=3, theta=0.1545",test,A5CDF89D-02A2-4EC1-89F8-F534FDABDD96,18,359,0,0,0,0,0,0
primary,majority_vote,"k=3, theta=0.1545",test,A76A5AF5-5A93-4CF2-A16E-62353BB70E8A,4,555,0,0,0,0,0,0
primary,majority_vote,"k=3, theta=0.1545",test,A76A5AF5-5A93-4CF2-A16E-62353BB70E8A,5,920,0,0,0,0,0,0
primary,majority_vote,"k=3, theta=0.1545",test,B09E373F-8A54-44C8-895B-0039390B859F,11,566,0,0,0,0,0,0
primary,majority_vote,"k=3, theta=0.1545",test,B09E373F-8A54-44C8-895B-0039390B859F,12,833,0,0,0,0,0,0
primary,majority_vote,"k=3, theta=0.1545",test,B09E373F-8A54-44C8-895B-0039390B859F,14,198,2,2,4,2,3,2
primary,majority_vote,"k=3, theta=0.1545",test,B9724848-C7E2-45F4-9B3F-A1F38D864495,15,484,11,11,22,27,14,10
primary,majority_vote,"k=3, theta=0.1545",test,B9724848-C7E2-45F4-9B3F-A1F38D864495,16,1013,21,21,42,102,28,14
primary,majority_vote,"k=3, theta=0.1545",test,BE3CA5A6-A561-4BBD-B7C9-5DF6805400FC,18,223,1,1,2,1,1,1
primary,majority_vote,"k=3, theta=0.1545",test,BE3CA5A6-A561-4BBD-B7C9-5DF6805400FC,19,1410,3,3,6,5,4,3
primary,majority_vote,"k=3, theta=0.1545",test,C48CE857-A0DD-4DDB-BEA5-3A25449B2153,34,134,0,0,0,0,0,0
primary,majority_vote,"k=3, theta=0.1545",test,C48CE857-A0DD-4DDB-BEA5-3A25449B2153,35,109,0,0,0,0,0,0
primary,majority_vote,"k=3, theta=0.1545",test,C48CE857-A0DD-4DDB-BEA5-3A25449B2153,36,169,0,0,0,0,0,0
primary,majority_vote,"k=3, theta=0.1545",test,C48CE857-A0DD-4DDB-BEA5-3A25449B2153,37,133,0,0,0,0,0,0
primary,majority_vote,"k=3, theta=0.1545",test,C48CE857-A0DD-4DDB-BEA5-3A25449B2153,38,307,0,0,0,0,0,0
primary,majority_vote,"k=3, theta=0.1545",test,C48CE857-A0DD-4DDB-BEA5-3A25449B2153,39,85,0,0,0,0,0,0
primary,majority_vote,"k=3, theta=0.1545",test,CA820D43-E5E2-42EF-9798-BE56F776370B,10,997,1,1,2,2,1,1
primary,majority_vote,"k=3, theta=0.1545",test,CA820D43-E5E2-42EF-9798-BE56F776370B,12,546,4,4,8,6,4,4
primary,majority_vote,"k=3, theta=0.1545",test,CDA3BBF7-6631-45E8-85BA-EEB416B32A3C,5,537,0,0,0,0,0,0
primary,majority_vote,"k=3, theta=0.1545",test,CF722AA9-2533-4E51-9FEB-9EAC84EE9AAC,11,112,0,0,0,0,0,0
primary,majority_vote,"k=3, theta=0.1545",test,CF722AA9-2533-4E51-9FEB-9EAC84EE9AAC,12,371,2,2,4,3,2,2
primary,majority_vote,"k=3, theta=0.1545",test,CF722AA9-2533-4E51-9FEB-9EAC84EE9AAC,13,138,0,0,0,0,0,0
primary,majority_vote,"k=3, theta=0.1545",test,CF722AA9-2533-4E51-9FEB-9EAC84EE9AAC,14,73,1,1,2,1,1,1
primary,majority_vote,"k=3, theta=0.1545",test,D7D20E2E-FC78-405D-B346-DBD3FD8FC92B,14,121,0,0,0,0,0,0
primary,majority_vote,"k=3, theta=0.1545",test,D7D20E2E-FC78-405D-B346-DBD3FD8FC92B,15,826,3,3,6,9,2,2
primary,majority_vote,"k=3, theta=0.1545",test,D7D20E2E-FC78-405D-B346-DBD3FD8FC92B,16,265,1,1,2,6,0,0
primary,majority_vote,"k=3, theta=0.1545",test,E65577C1-8D5D-4F70-AF23-B3ADB9D3DBA3,5,657,20,20,40,79,29,18
primary,majority_vote,"k=3, theta=0.1545",test,ECECC2AB-D32F-4F90-B74C-E12A1C69BBE2,17,603,0,0,0,0,0,0
primary,majority_vote,"k=3, theta=0.1545",test,ECECC2AB-D32F-4F90-B74C-E12A1C69BBE2,18,74,0,0,0,0,0,0
primary,majority_vote,"k=3, theta=0.1545",test,FDAA70A1-42A3-4E3F-9AE3-3FDA412E03BF,20,966,5,5,10,8,7,5
primary,debounce,"T=3, theta=0.31",test,00EABED2-271D-49D8-B599-1D4A09240601,25,300,2,2,4,42,0,0
primary,debounce,"T=3, theta=0.31",test,00EABED2-271D-49D8-B599-1D4A09240601,42,96,4,3,7,60,1,0
primary,debounce,"T=3, theta=0.31",test,00EABED2-271D-49D8-B599-1D4A09240601,44,12,1,0,1,3,0,0
primary,debounce,"T=3, theta=0.31",test,098A72A5-E3E5-4F54-A152-BBDA0DF7B694,15,114,0,0,0,0,0,0
primary,debounce,"T=3, theta=0.31",test,098A72A5-E3E5-4F54-A152-BBDA0DF7B694,16,733,2,2,4,6,2,2
primary,debounce,"T=3, theta=0.31",test,098A72A5-E3E5-4F54-A152-BBDA0DF7B694,17,292,0,0,0,0,0,0
primary,debounce,"T=3, theta=0.31",test,098A72A5-E3E5-4F54-A152-BBDA0DF7B694,18,91,0,0,0,0,0,0
primary,debounce,"T=3, theta=0.31",test,098A72A5-E3E5-4F54-A152-BBDA0DF7B694,19,104,1,1,2,4,1,1
primary,debounce,"T=3, theta=0.31",test,0A986513-7828-4D53-AA1F-E02D6DF9561B,8,763,3,3,6,26,0,0
primary,debounce,"T=3, theta=0.31",test,11B5EC4D-4133-4289-B475-4E737182A406,7,1407,2,2,4,17,0,0
primary,debounce,"T=3, theta=0.31",test,11B5EC4D-4133-4289-B475-4E737182A406,8,333,0,0,0,0,0,0
primary,debounce,"T=3, theta=0.31",test,136562B6-95B2-483D-88DC-065F28409FD2,22,145,0,0,0,0,0,0
primary,debounce,"T=3, theta=0.31",test,136562B6-95B2-483D-88DC-065F28409FD2,23,747,0,0,0,0,0,0
primary,debounce,"T=3, theta=0.31",test,136562B6-95B2-483D-88DC-065F28409FD2,24,323,1,1,2,6,0,0
primary,debounce,"T=3, theta=0.31",test,1538C99F-BA1E-4EFB-A949-6C7C47701B20,30,406,0,0,0,0,0,0
primary,debounce,"T=3, theta=0.31",test,1538C99F-BA1E-4EFB-A949-6C7C47701B20,31,875,2,2,4,11,1,1
primary,debounce,"T=3, theta=0.31",test,24E40C4C-A349-4F9F-93AB-01D00FB994AF,18,68,0,0,0,0,0,0
primary,debounce,"T=3, theta=0.31",test,24E40C4C-A349-4F9F-93AB-01D00FB994AF,19,374,0,0,0,0,0,0
primary,debounce,"T=3, theta=0.31",test,24E40C4C-A349-4F9F-93AB-01D00FB994AF,20,166,0,0,0,0,0,0
primary,debounce,"T=3, theta=0.31",test,24E40C4C-A349-4F9F-93AB-01D00FB994AF,21,120,0,0,0,0,0,0
primary,debounce,"T=3, theta=0.31",test,24E40C4C-A349-4F9F-93AB-01D00FB994AF,22,198,0,0,0,0,0,0
primary,debounce,"T=3, theta=0.31",test,2C32C23E-E30C-498A-8DD2-0EFB9150A02E,11,377,1,1,2,3,1,1
primary,debounce,"T=3, theta=0.31",test,2C32C23E-E30C-498A-8DD2-0EFB9150A02E,12,1298,5,4,9,23,4,4
primary,debounce,"T=3, theta=0.31",test,3600D531-0C55-44A7-AE95-A7A38519464E,27,170,2,1,3,18,0,0
primary,debounce,"T=3, theta=0.31",test,3600D531-0C55-44A7-AE95-A7A38519464E,28,205,0,0,0,0,0,0
primary,debounce,"T=3, theta=0.31",test,3600D531-0C55-44A7-AE95-A7A38519464E,31,23,0,0,0,0,0,0
primary,debounce,"T=3, theta=0.31",test,3600D531-0C55-44A7-AE95-A7A38519464E,32,612,2,2,4,6,2,2
primary,debounce,"T=3, theta=0.31",test,3600D531-0C55-44A7-AE95-A7A38519464E,33,22,0,0,0,0,0,0
primary,debounce,"T=3, theta=0.31",test,4FC32141-E888-4BFF-8804-12559A491D8C,12,67,3,2,5,34,2,1
primary,debounce,"T=3, theta=0.31",test,4FC32141-E888-4BFF-8804-12559A491D8C,13,164,0,0,0,0,0,0
primary,debounce,"T=3, theta=0.31",test,4FC32141-E888-4BFF-8804-12559A491D8C,14,59,0,0,0,0,0,0
primary,debounce,"T=3, theta=0.31",test,4FC32141-E888-4BFF-8804-12559A491D8C,15,677,0,0,0,0,0,0
primary,debounce,"T=3, theta=0.31",test,5119D0F8-FCA8-4184-A4EB-19421A40DE0D,11,461,1,1,2,14,0,0
primary,debounce,"T=3, theta=0.31",test,5119D0F8-FCA8-4184-A4EB-19421A40DE0D,12,125,2,2,4,13,1,1
primary,debounce,"T=3, theta=0.31",test,5119D0F8-FCA8-4184-A4EB-19421A40DE0D,13,709,1,1,2,7,0,0
primary,debounce,"T=3, theta=0.31",test,5152A2DF-FAF3-4BA8-9CA9-E66B32671A53,9,775,0,0,0,0,0,0
primary,debounce,"T=3, theta=0.31",test,5152A2DF-FAF3-4BA8-9CA9-E66B32671A53,10,501,0,0,0,0,0,0
primary,debounce,"T=3, theta=0.31",test,5152A2DF-FAF3-4BA8-9CA9-E66B32671A53,11,19,0,0,0,0,0,0
primary,debounce,"T=3, theta=0.31",test,5EF64122-B513-46AE-BCF1-E62AAC285D2C,12,178,1,1,2,3,1,1
primary,debounce,"T=3, theta=0.31",test,5EF64122-B513-46AE-BCF1-E62AAC285D2C,13,576,0,0,0,0,0,0
primary,debounce,"T=3, theta=0.31",test,61976C24-1C50-4355-9C49-AAE44A7D09F6,48,1717,2,2,4,11,1,1
primary,debounce,"T=3, theta=0.31",test,78A91A4E-4A51-4065-BDA7-94755F0BB3BB,8,2371,20,20,40,146,14,11
primary,debounce,"T=3, theta=0.31",test,7CE37510-56D0-4120-A1CF-0E23351428D2,8,1924,3,3,6,13,2,2
primary,debounce,"T=3, theta=0.31",test,8023FE1A-D3B0-4E2C-A57A-9321B7FC755F,26,745,5,5,10,47,3,3
primary,debounce,"T=3, theta=0.31",test,8023FE1A-D3B0-4E2C-A57A-9321B7FC755F,27,1064,3,3,6,22,2,2
primary,debounce,"T=3, theta=0.31",test,83CF687B-7CEC-434B-9FE8-00C3D5799BE6,9,1394,8,8,16,95,3,3
primary,debounce,"T=3, theta=0.31",test,83CF687B-7CEC-434B-9FE8-00C3D5799BE6,10,485,1,1,2,8,0,0
primary,debounce,"T=3, theta=0.31",test,9759096F-1119-4E19-A0AD-6F16989C7E1C,6,776,4,4,8,119,2,1
primary,debounce,"T=3, theta=0.31",test,9759096F-1119-4E19-A0AD-6F16989C7E1C,7,1178,0,0,0,0,0,0
primary,debounce,"T=3, theta=0.31",test,9DC38D04-E82E-4F29-AB52-B476535226F2,20,1909,1,1,2,10,0,0
primary,debounce,"T=3, theta=0.31",test,A5CDF89D-02A2-4EC1-89F8-F534FDABDD96,16,350,0,0,0,0,0,0
primary,debounce,"T=3, theta=0.31",test,A5CDF89D-02A2-4EC1-89F8-F534FDABDD96,17,470,2,2,4,9,1,1
primary,debounce,"T=3, theta=0.31",test,A5CDF89D-02A2-4EC1-89F8-F534FDABDD96,18,359,0,0,0,0,0,0
primary,debounce,"T=3, theta=0.31",test,A76A5AF5-5A93-4CF2-A16E-62353BB70E8A,4,555,0,0,0,0,0,0
primary,debounce,"T=3, theta=0.31",test,A76A5AF5-5A93-4CF2-A16E-62353BB70E8A,5,920,0,0,0,0,0,0
primary,debounce,"T=3, theta=0.31",test,B09E373F-8A54-44C8-895B-0039390B859F,11,566,0,0,0,0,0,0
primary,debounce,"T=3, theta=0.31",test,B09E373F-8A54-44C8-895B-0039390B859F,12,833,0,0,0,0,0,0
primary,debounce,"T=3, theta=0.31",test,B09E373F-8A54-44C8-895B-0039390B859F,14,198,0,0,0,0,0,0
primary,debounce,"T=3, theta=0.31",test,B9724848-C7E2-45F4-9B3F-A1F38D864495,15,484,8,8,16,83,3,3
primary,debounce,"T=3, theta=0.31",test,B9724848-C7E2-45F4-9B3F-A1F38D864495,16,1013,4,4,8,180,2,0
primary,debounce,"T=3, theta=0.31",test,BE3CA5A6-A561-4BBD-B7C9-5DF6805400FC,18,223,0,0,0,0,0,0
primary,debounce,"T=3, theta=0.31",test,BE3CA5A6-A561-4BBD-B7C9-5DF6805400FC,19,1410,5,5,10,34,3,2
primary,debounce,"T=3, theta=0.31",test,C48CE857-A0DD-4DDB-BEA5-3A25449B2153,34,134,1,1,2,4,1,1
primary,debounce,"T=3, theta=0.31",test,C48CE857-A0DD-4DDB-BEA5-3A25449B2153,35,109,0,0,0,0,0,0
primary,debounce,"T=3, theta=0.31",test,C48CE857-A0DD-4DDB-BEA5-3A25449B2153,36,169,0,0,0,0,0,0
primary,debounce,"T=3, theta=0.31",test,C48CE857-A0DD-4DDB-BEA5-3A25449B2153,37,133,0,0,0,0,0,0
primary,debounce,"T=3, theta=0.31",test,C48CE857-A0DD-4DDB-BEA5-3A25449B2153,38,307,2,2,4,12,1,1
primary,debounce,"T=3, theta=0.31",test,C48CE857-A0DD-4DDB-BEA5-3A25449B2153,39,85,0,0,0,0,0,0
primary,debounce,"T=3, theta=0.31",test,CA820D43-E5E2-42EF-9798-BE56F776370B,10,997,1,1,2,3,1,1
primary,debounce,"T=3, theta=0.31",test,CA820D43-E5E2-42EF-9798-BE56F776370B,12,546,1,1,2,3,1,1
primary,debounce,"T=3, theta=0.31",test,CDA3BBF7-6631-45E8-85BA-EEB416B32A3C,5,537,0,0,0,0,0,0
primary,debounce,"T=3, theta=0.31",test,CF722AA9-2533-4E51-9FEB-9EAC84EE9AAC,11,112,0,0,0,0,0,0
primary,debounce,"T=3, theta=0.31",test,CF722AA9-2533-4E51-9FEB-9EAC84EE9AAC,12,371,1,1,2,3,1,1
primary,debounce,"T=3, theta=0.31",test,CF722AA9-2533-4E51-9FEB-9EAC84EE9AAC,13,138,0,0,0,0,0,0
primary,debounce,"T=3, theta=0.31",test,CF722AA9-2533-4E51-9FEB-9EAC84EE9AAC,14,73,1,1,2,7,0,0
primary,debounce,"T=3, theta=0.31",test,D7D20E2E-FC78-405D-B346-DBD3FD8FC92B,14,121,0,0,0,0,0,0
primary,debounce,"T=3, theta=0.31",test,D7D20E2E-FC78-405D-B346-DBD3FD8FC92B,15,826,4,4,8,20,3,3
primary,debounce,"T=3, theta=0.31",test,D7D20E2E-FC78-405D-B346-DBD3FD8FC92B,16,265,1,1,2,7,0,0
primary,debounce,"T=3, theta=0.31",test,E65577C1-8D5D-4F70-AF23-B3ADB9D3DBA3,5,657,7,7,14,143,4,4
primary,debounce,"T=3, theta=0.31",test,ECECC2AB-D32F-4F90-B74C-E12A1C69BBE2,17,603,0,0,0,0,0,0
primary,debounce,"T=3, theta=0.31",test,ECECC2AB-D32F-4F90-B74C-E12A1C69BBE2,18,74,0,0,0,0,0,0
primary,debounce,"T=3, theta=0.31",test,FDAA70A1-42A3-4E3F-9AE3-3FDA412E03BF,20,966,5,5,10,40,3,3
primary,margin,"m=0.2, theta=0.1545",test,00EABED2-271D-49D8-B599-1D4A09240601,25,300,5,5,10,15,6,4
primary,margin,"m=0.2, theta=0.1545",test,00EABED2-271D-49D8-B599-1D4A09240601,42,96,8,8,16,27,11,6
primary,margin,"m=0.2, theta=0.1545",test,00EABED2-271D-49D8-B599-1D4A09240601,44,12,1,0,1,2,0,0
primary,margin,"m=0.2, theta=0.1545",test,098A72A5-E3E5-4F54-A152-BBDA0DF7B694,15,114,0,0,0,0,0,0
primary,margin,"m=0.2, theta=0.1545",test,098A72A5-E3E5-4F54-A152-BBDA0DF7B694,16,733,0,0,0,0,0,0
primary,margin,"m=0.2, theta=0.1545",test,098A72A5-E3E5-4F54-A152-BBDA0DF7B694,17,292,0,0,0,0,0,0
primary,margin,"m=0.2, theta=0.1545",test,098A72A5-E3E5-4F54-A152-BBDA0DF7B694,18,91,0,0,0,0,0,0
primary,margin,"m=0.2, theta=0.1545",test,098A72A5-E3E5-4F54-A152-BBDA0DF7B694,19,104,1,1,2,3,1,1
primary,margin,"m=0.2, theta=0.1545",test,0A986513-7828-4D53-AA1F-E02D6DF9561B,8,763,12,12,24,16,13,12
primary,margin,"m=0.2, theta=0.1545",test,11B5EC4D-4133-4289-B475-4E737182A406,7,1407,0,0,0,0,0,0
primary,margin,"m=0.2, theta=0.1545",test,11B5EC4D-4133-4289-B475-4E737182A406,8,333,0,0,0,0,0,0
primary,margin,"m=0.2, theta=0.1545",test,136562B6-95B2-483D-88DC-065F28409FD2,22,145,0,0,0,0,0,0
primary,margin,"m=0.2, theta=0.1545",test,136562B6-95B2-483D-88DC-065F28409FD2,23,747,0,0,0,0,0,0
primary,margin,"m=0.2, theta=0.1545",test,136562B6-95B2-483D-88DC-065F28409FD2,24,323,0,0,0,0,0,0
primary,margin,"m=0.2, theta=0.1545",test,1538C99F-BA1E-4EFB-A949-6C7C47701B20,30,406,0,0,0,0,0,0
primary,margin,"m=0.2, theta=0.1545",test,1538C99F-BA1E-4EFB-A949-6C7C47701B20,31,875,2,2,4,2,2,2
primary,margin,"m=0.2, theta=0.1545",test,24E40C4C-A349-4F9F-93AB-01D00FB994AF,18,68,0,0,0,0,0,0
primary,margin,"m=0.2, theta=0.1545",test,24E40C4C-A349-4F9F-93AB-01D00FB994AF,19,374,0,0,0,0,0,0
primary,margin,"m=0.2, theta=0.1545",test,24E40C4C-A349-4F9F-93AB-01D00FB994AF,20,166,0,0,0,0,0,0
primary,margin,"m=0.2, theta=0.1545",test,24E40C4C-A349-4F9F-93AB-01D00FB994AF,21,120,0,0,0,0,0,0
primary,margin,"m=0.2, theta=0.1545",test,24E40C4C-A349-4F9F-93AB-01D00FB994AF,22,198,0,0,0,0,0,0
primary,margin,"m=0.2, theta=0.1545",test,2C32C23E-E30C-498A-8DD2-0EFB9150A02E,11,377,0,0,0,0,0,0
primary,margin,"m=0.2, theta=0.1545",test,2C32C23E-E30C-498A-8DD2-0EFB9150A02E,12,1298,5,5,10,8,5,5
primary,margin,"m=0.2, theta=0.1545",test,3600D531-0C55-44A7-AE95-A7A38519464E,27,170,1,1,2,1,1,1
primary,margin,"m=0.2, theta=0.1545",test,3600D531-0C55-44A7-AE95-A7A38519464E,28,205,0,0,0,0,0,0
primary,margin,"m=0.2, theta=0.1545",test,3600D531-0C55-44A7-AE95-A7A38519464E,31,23,1,1,2,1,1,1
primary,margin,"m=0.2, theta=0.1545",test,3600D531-0C55-44A7-AE95-A7A38519464E,32,612,2,2,4,3,2,2
primary,margin,"m=0.2, theta=0.1545",test,3600D531-0C55-44A7-AE95-A7A38519464E,33,22,0,0,0,0,0,0
primary,margin,"m=0.2, theta=0.1545",test,4FC32141-E888-4BFF-8804-12559A491D8C,12,67,0,0,0,0,0,0
primary,margin,"m=0.2, theta=0.1545",test,4FC32141-E888-4BFF-8804-12559A491D8C,13,164,0,0,0,0,0,0
primary,margin,"m=0.2, theta=0.1545",test,4FC32141-E888-4BFF-8804-12559A491D8C,14,59,0,0,0,0,0,0
primary,margin,"m=0.2, theta=0.1545",test,4FC32141-E888-4BFF-8804-12559A491D8C,15,677,0,0,0,0,0,0
primary,margin,"m=0.2, theta=0.1545",test,5119D0F8-FCA8-4184-A4EB-19421A40DE0D,11,461,1,1,2,2,1,1
primary,margin,"m=0.2, theta=0.1545",test,5119D0F8-FCA8-4184-A4EB-19421A40DE0D,12,125,1,1,2,7,0,0
primary,margin,"m=0.2, theta=0.1545",test,5119D0F8-FCA8-4184-A4EB-19421A40DE0D,13,709,0,0,0,0,0,0
primary,margin,"m=0.2, theta=0.1545",test,5152A2DF-FAF3-4BA8-9CA9-E66B32671A53,9,775,1,1,2,2,1,1
primary,margin,"m=0.2, theta=0.1545",test,5152A2DF-FAF3-4BA8-9CA9-E66B32671A53,10,501,0,0,0,0,0,0
primary,margin,"m=0.2, theta=0.1545",test,5152A2DF-FAF3-4BA8-9CA9-E66B32671A53,11,19,0,0,0,0,0,0
primary,margin,"m=0.2, theta=0.1545",test,5EF64122-B513-46AE-BCF1-E62AAC285D2C,12,178,0,0,0,0,0,0
primary,margin,"m=0.2, theta=0.1545",test,5EF64122-B513-46AE-BCF1-E62AAC285D2C,13,576,0,0,0,0,0,0
primary,margin,"m=0.2, theta=0.1545",test,61976C24-1C50-4355-9C49-AAE44A7D09F6,48,1717,1,1,2,1,1,1
primary,margin,"m=0.2, theta=0.1545",test,78A91A4E-4A51-4065-BDA7-94755F0BB3BB,8,2371,8,8,16,23,10,7
primary,margin,"m=0.2, theta=0.1545",test,7CE37510-56D0-4120-A1CF-0E23351428D2,8,1924,7,7,14,10,8,7
primary,margin,"m=0.2, theta=0.1545",test,8023FE1A-D3B0-4E2C-A57A-9321B7FC755F,26,745,3,3,6,4,3,3
primary,margin,"m=0.2, theta=0.1545",test,8023FE1A-D3B0-4E2C-A57A-9321B7FC755F,27,1064,0,0,0,0,0,0
primary,margin,"m=0.2, theta=0.1545",test,83CF687B-7CEC-434B-9FE8-00C3D5799BE6,9,1394,10,10,20,33,11,8
primary,margin,"m=0.2, theta=0.1545",test,83CF687B-7CEC-434B-9FE8-00C3D5799BE6,10,485,2,2,4,2,2,2
primary,margin,"m=0.2, theta=0.1545",test,9759096F-1119-4E19-A0AD-6F16989C7E1C,6,776,3,3,6,13,2,2
primary,margin,"m=0.2, theta=0.1545",test,9759096F-1119-4E19-A0AD-6F16989C7E1C,7,1178,0,0,0,0,0,0
primary,margin,"m=0.2, theta=0.1545",test,9DC38D04-E82E-4F29-AB52-B476535226F2,20,1909,1,1,2,1,1,1
primary,margin,"m=0.2, theta=0.1545",test,A5CDF89D-02A2-4EC1-89F8-F534FDABDD96,16,350,0,0,0,0,0,0
primary,margin,"m=0.2, theta=0.1545",test,A5CDF89D-02A2-4EC1-89F8-F534FDABDD96,17,470,1,1,2,2,1,1
primary,margin,"m=0.2, theta=0.1545",test,A5CDF89D-02A2-4EC1-89F8-F534FDABDD96,18,359,0,0,0,0,0,0
primary,margin,"m=0.2, theta=0.1545",test,A76A5AF5-5A93-4CF2-A16E-62353BB70E8A,4,555,0,0,0,0,0,0
primary,margin,"m=0.2, theta=0.1545",test,A76A5AF5-5A93-4CF2-A16E-62353BB70E8A,5,920,0,0,0,0,0,0
primary,margin,"m=0.2, theta=0.1545",test,B09E373F-8A54-44C8-895B-0039390B859F,11,566,0,0,0,0,0,0
primary,margin,"m=0.2, theta=0.1545",test,B09E373F-8A54-44C8-895B-0039390B859F,12,833,0,0,0,0,0,0
primary,margin,"m=0.2, theta=0.1545",test,B09E373F-8A54-44C8-895B-0039390B859F,14,198,0,0,0,0,0,0
primary,margin,"m=0.2, theta=0.1545",test,B9724848-C7E2-45F4-9B3F-A1F38D864495,15,484,2,2,4,3,3,2
primary,margin,"m=0.2, theta=0.1545",test,B9724848-C7E2-45F4-9B3F-A1F38D864495,16,1013,17,17,34,87,23,12
primary,margin,"m=0.2, theta=0.1545",test,BE3CA5A6-A561-4BBD-B7C9-5DF6805400FC,18,223,0,0,0,0,0,0
primary,margin,"m=0.2, theta=0.1545",test,BE3CA5A6-A561-4BBD-B7C9-5DF6805400FC,19,1410,0,0,0,0,0,0
primary,margin,"m=0.2, theta=0.1545",test,C48CE857-A0DD-4DDB-BEA5-3A25449B2153,34,134,0,0,0,0,0,0
primary,margin,"m=0.2, theta=0.1545",test,C48CE857-A0DD-4DDB-BEA5-3A25449B2153,35,109,0,0,0,0,0,0
primary,margin,"m=0.2, theta=0.1545",test,C48CE857-A0DD-4DDB-BEA5-3A25449B2153,36,169,0,0,0,0,0,0
primary,margin,"m=0.2, theta=0.1545",test,C48CE857-A0DD-4DDB-BEA5-3A25449B2153,37,133,0,0,0,0,0,0
primary,margin,"m=0.2, theta=0.1545",test,C48CE857-A0DD-4DDB-BEA5-3A25449B2153,38,307,0,0,0,0,0,0
primary,margin,"m=0.2, theta=0.1545",test,C48CE857-A0DD-4DDB-BEA5-3A25449B2153,39,85,0,0,0,0,0,0
primary,margin,"m=0.2, theta=0.1545",test,CA820D43-E5E2-42EF-9798-BE56F776370B,10,997,4,4,8,4,4,4
primary,margin,"m=0.2, theta=0.1545",test,CA820D43-E5E2-42EF-9798-BE56F776370B,12,546,4,4,8,5,4,4
primary,margin,"m=0.2, theta=0.1545",test,CDA3BBF7-6631-45E8-85BA-EEB416B32A3C,5,537,0,0,0,0,0,0
primary,margin,"m=0.2, theta=0.1545",test,CF722AA9-2533-4E51-9FEB-9EAC84EE9AAC,11,112,0,0,0,0,0,0
primary,margin,"m=0.2, theta=0.1545",test,CF722AA9-2533-4E51-9FEB-9EAC84EE9AAC,12,371,0,0,0,0,0,0
primary,margin,"m=0.2, theta=0.1545",test,CF722AA9-2533-4E51-9FEB-9EAC84EE9AAC,13,138,1,1,2,1,1,1
primary,margin,"m=0.2, theta=0.1545",test,CF722AA9-2533-4E51-9FEB-9EAC84EE9AAC,14,73,2,2,4,3,2,2
primary,margin,"m=0.2, theta=0.1545",test,D7D20E2E-FC78-405D-B346-DBD3FD8FC92B,14,121,0,0,0,0,0,0
primary,margin,"m=0.2, theta=0.1545",test,D7D20E2E-FC78-405D-B346-DBD3FD8FC92B,15,826,2,2,4,2,2,2
primary,margin,"m=0.2, theta=0.1545",test,D7D20E2E-FC78-405D-B346-DBD3FD8FC92B,16,265,0,0,0,0,0,0
primary,margin,"m=0.2, theta=0.1545",test,E65577C1-8D5D-4F70-AF23-B3ADB9D3DBA3,5,657,12,12,24,65,13,8
primary,margin,"m=0.2, theta=0.1545",test,ECECC2AB-D32F-4F90-B74C-E12A1C69BBE2,17,603,1,1,2,1,1,1
primary,margin,"m=0.2, theta=0.1545",test,ECECC2AB-D32F-4F90-B74C-E12A1C69BBE2,18,74,0,0,0,0,0,0
primary,margin,"m=0.2, theta=0.1545",test,FDAA70A1-42A3-4E3F-9AE3-3FDA412E03BF,20,966,3,3,6,7,3,3
primary,hysteresis,"m=0.3, T=2, theta=0.3543",test,00EABED2-271D-49D8-B599-1D4A09240601,25,300,4,4,8,31,2,2
primary,hysteresis,"m=0.3, T=2, theta=0.3543",test,00EABED2-271D-49D8-B599-1D4A09240601,42,96,3,2,5,66,1,0
primary,hysteresis,"m=0.3, T=2, theta=0.3543",test,00EABED2-271D-49D8-B599-1D4A09240601,44,12,2,1,3,6,2,1
primary,hysteresis,"m=0.3, T=2, theta=0.3543",test,098A72A5-E3E5-4F54-A152-BBDA0DF7B694,15,114,0,0,0,0,0,0
primary,hysteresis,"m=0.3, T=2, theta=0.3543",test,098A72A5-E3E5-4F54-A152-BBDA0DF7B694,16,733,0,0,0,0,0,0
primary,hysteresis,"m=0.3, T=2, theta=0.3543",test,098A72A5-E3E5-4F54-A152-BBDA0DF7B694,17,292,0,0,0,0,0,0
primary,hysteresis,"m=0.3, T=2, theta=0.3543",test,098A72A5-E3E5-4F54-A152-BBDA0DF7B694,18,91,0,0,0,0,0,0
primary,hysteresis,"m=0.3, T=2, theta=0.3543",test,098A72A5-E3E5-4F54-A152-BBDA0DF7B694,19,104,1,1,2,3,1,1
primary,hysteresis,"m=0.3, T=2, theta=0.3543",test,0A986513-7828-4D53-AA1F-E02D6DF9561B,8,763,3,3,6,15,2,2
primary,hysteresis,"m=0.3, T=2, theta=0.3543",test,11B5EC4D-4133-4289-B475-4E737182A406,7,1407,2,2,4,11,1,1
primary,hysteresis,"m=0.3, T=2, theta=0.3543",test,11B5EC4D-4133-4289-B475-4E737182A406,8,333,0,0,0,0,0,0
primary,hysteresis,"m=0.3, T=2, theta=0.3543",test,136562B6-95B2-483D-88DC-065F28409FD2,22,145,0,0,0,0,0,0
primary,hysteresis,"m=0.3, T=2, theta=0.3543",test,136562B6-95B2-483D-88DC-065F28409FD2,23,747,1,1,2,16,0,0
primary,hysteresis,"m=0.3, T=2, theta=0.3543",test,136562B6-95B2-483D-88DC-065F28409FD2,24,323,1,1,2,5,1,1
primary,hysteresis,"m=0.3, T=2, theta=0.3543",test,1538C99F-BA1E-4EFB-A949-6C7C47701B20,30,406,1,1,2,2,1,1
primary,hysteresis,"m=0.3, T=2, theta=0.3543",test,1538C99F-BA1E-4EFB-A949-6C7C47701B20,31,875,0,0,0,0,0,0
primary,hysteresis,"m=0.3, T=2, theta=0.3543",test,24E40C4C-A349-4F9F-93AB-01D00FB994AF,18,68,0,0,0,0,0,0
primary,hysteresis,"m=0.3, T=2, theta=0.3543",test,24E40C4C-A349-4F9F-93AB-01D00FB994AF,19,374,0,0,0,0,0,0
primary,hysteresis,"m=0.3, T=2, theta=0.3543",test,24E40C4C-A349-4F9F-93AB-01D00FB994AF,20,166,0,0,0,0,0,0
primary,hysteresis,"m=0.3, T=2, theta=0.3543",test,24E40C4C-A349-4F9F-93AB-01D00FB994AF,21,120,0,0,0,0,0,0
primary,hysteresis,"m=0.3, T=2, theta=0.3543",test,24E40C4C-A349-4F9F-93AB-01D00FB994AF,22,198,0,0,0,0,0,0
primary,hysteresis,"m=0.3, T=2, theta=0.3543",test,2C32C23E-E30C-498A-8DD2-0EFB9150A02E,11,377,1,1,2,3,1,1
primary,hysteresis,"m=0.3, T=2, theta=0.3543",test,2C32C23E-E30C-498A-8DD2-0EFB9150A02E,12,1298,5,5,10,24,3,3
primary,hysteresis,"m=0.3, T=2, theta=0.3543",test,3600D531-0C55-44A7-AE95-A7A38519464E,27,170,1,0,1,25,0,0
primary,hysteresis,"m=0.3, T=2, theta=0.3543",test,3600D531-0C55-44A7-AE95-A7A38519464E,28,205,0,0,0,0,0,0
primary,hysteresis,"m=0.3, T=2, theta=0.3543",test,3600D531-0C55-44A7-AE95-A7A38519464E,31,23,0,0,0,0,0,0
primary,hysteresis,"m=0.3, T=2, theta=0.3543",test,3600D531-0C55-44A7-AE95-A7A38519464E,32,612,0,0,0,0,0,0
primary,hysteresis,"m=0.3, T=2, theta=0.3543",test,3600D531-0C55-44A7-AE95-A7A38519464E,33,22,0,0,0,0,0,0
primary,hysteresis,"m=0.3, T=2, theta=0.3543",test,4FC32141-E888-4BFF-8804-12559A491D8C,12,67,2,1,3,34,0,0
primary,hysteresis,"m=0.3, T=2, theta=0.3543",test,4FC32141-E888-4BFF-8804-12559A491D8C,13,164,0,0,0,0,0,0
primary,hysteresis,"m=0.3, T=2, theta=0.3543",test,4FC32141-E888-4BFF-8804-12559A491D8C,14,59,0,0,0,0,0,0
primary,hysteresis,"m=0.3, T=2, theta=0.3543",test,4FC32141-E888-4BFF-8804-12559A491D8C,15,677,0,0,0,0,0,0
primary,hysteresis,"m=0.3, T=2, theta=0.3543",test,5119D0F8-FCA8-4184-A4EB-19421A40DE0D,11,461,1,1,2,3,1,1
primary,hysteresis,"m=0.3, T=2, theta=0.3543",test,5119D0F8-FCA8-4184-A4EB-19421A40DE0D,12,125,2,2,4,19,1,1
primary,hysteresis,"m=0.3, T=2, theta=0.3543",test,5119D0F8-FCA8-4184-A4EB-19421A40DE0D,13,709,1,1,2,7,0,0
primary,hysteresis,"m=0.3, T=2, theta=0.3543",test,5152A2DF-FAF3-4BA8-9CA9-E66B32671A53,9,775,1,1,2,3,1,1
primary,hysteresis,"m=0.3, T=2, theta=0.3543",test,5152A2DF-FAF3-4BA8-9CA9-E66B32671A53,10,501,1,1,2,4,1,1
primary,hysteresis,"m=0.3, T=2, theta=0.3543",test,5152A2DF-FAF3-4BA8-9CA9-E66B32671A53,11,19,0,0,0,0,0,0
primary,hysteresis,"m=0.3, T=2, theta=0.3543",test,5EF64122-B513-46AE-BCF1-E62AAC285D2C,12,178,0,0,0,0,0,0
primary,hysteresis,"m=0.3, T=2, theta=0.3543",test,5EF64122-B513-46AE-BCF1-E62AAC285D2C,13,576,0,0,0,0,0,0
primary,hysteresis,"m=0.3, T=2, theta=0.3543",test,61976C24-1C50-4355-9C49-AAE44A7D09F6,48,1717,2,2,4,12,1,1
primary,hysteresis,"m=0.3, T=2, theta=0.3543",test,78A91A4E-4A51-4065-BDA7-94755F0BB3BB,8,2371,16,16,32,146,5,5
primary,hysteresis,"m=0.3, T=2, theta=0.3543",test,7CE37510-56D0-4120-A1CF-0E23351428D2,8,1924,4,4,8,12,4,4
primary,hysteresis,"m=0.3, T=2, theta=0.3543",test,8023FE1A-D3B0-4E2C-A57A-9321B7FC755F,26,745,3,3,6,95,0,0
primary,hysteresis,"m=0.3, T=2, theta=0.3543",test,8023FE1A-D3B0-4E2C-A57A-9321B7FC755F,27,1064,5,5,10,58,1,1
primary,hysteresis,"m=0.3, T=2, theta=0.3543",test,83CF687B-7CEC-434B-9FE8-00C3D5799BE6,9,1394,10,10,20,137,6,5
primary,hysteresis,"m=0.3, T=2, theta=0.3543",test,83CF687B-7CEC-434B-9FE8-00C3D5799BE6,10,485,1,1,2,10,0,0
primary,hysteresis,"m=0.3, T=2, theta=0.3543",test,9759096F-1119-4E19-A0AD-6F16989C7E1C,6,776,3,3,6,97,2,1
primary,hysteresis,"m=0.3, T=2, theta=0.3543",test,9759096F-1119-4E19-A0AD-6F16989C7E1C,7,1178,0,0,0,0,0,0
primary,hysteresis,"m=0.3, T=2, theta=0.3543",test,9DC38D04-E82E-4F29-AB52-B476535226F2,20,1909,2,2,4,19,0,0
primary,hysteresis,"m=0.3, T=2, theta=0.3543",test,A5CDF89D-02A2-4EC1-89F8-F534FDABDD96,16,350,1,1,2,2,1,1
primary,hysteresis,"m=0.3, T=2, theta=0.3543",test,A5CDF89D-02A2-4EC1-89F8-F534FDABDD96,17,470,5,5,10,15,5,5
primary,hysteresis,"m=0.3, T=2, theta=0.3543",test,A5CDF89D-02A2-4EC1-89F8-F534FDABDD96,18,359,0,0,0,0,0,0
primary,hysteresis,"m=0.3, T=2, theta=0.3543",test,A76A5AF5-5A93-4CF2-A16E-62353BB70E8A,4,555,0,0,0,0,0,0
primary,hysteresis,"m=0.3, T=2, theta=0.3543",test,A76A5AF5-5A93-4CF2-A16E-62353BB70E8A,5,920,0,0,0,0,0,0
primary,hysteresis,"m=0.3, T=2, theta=0.3543",test,B09E373F-8A54-44C8-895B-0039390B859F,11,566,0,0,0,0,0,0
primary,hysteresis,"m=0.3, T=2, theta=0.3543",test,B09E373F-8A54-44C8-895B-0039390B859F,12,833,0,0,0,0,0,0
primary,hysteresis,"m=0.3, T=2, theta=0.3543",test,B09E373F-8A54-44C8-895B-0039390B859F,14,198,0,0,0,0,0,0
primary,hysteresis,"m=0.3, T=2, theta=0.3543",test,B9724848-C7E2-45F4-9B3F-A1F38D864495,15,484,7,7,14,101,3,3
primary,hysteresis,"m=0.3, T=2, theta=0.3543",test,B9724848-C7E2-45F4-9B3F-A1F38D864495,16,1013,9,8,17,202,3,2
primary,hysteresis,"m=0.3, T=2, theta=0.3543",test,BE3CA5A6-A561-4BBD-B7C9-5DF6805400FC,18,223,0,0,0,0,0,0
primary,hysteresis,"m=0.3, T=2, theta=0.3543",test,BE3CA5A6-A561-4BBD-B7C9-5DF6805400FC,19,1410,3,3,6,26,2,2
primary,hysteresis,"m=0.3, T=2, theta=0.3543",test,C48CE857-A0DD-4DDB-BEA5-3A25449B2153,34,134,0,0,0,0,0,0
primary,hysteresis,"m=0.3, T=2, theta=0.3543",test,C48CE857-A0DD-4DDB-BEA5-3A25449B2153,35,109,0,0,0,0,0,0
primary,hysteresis,"m=0.3, T=2, theta=0.3543",test,C48CE857-A0DD-4DDB-BEA5-3A25449B2153,36,169,0,0,0,0,0,0
primary,hysteresis,"m=0.3, T=2, theta=0.3543",test,C48CE857-A0DD-4DDB-BEA5-3A25449B2153,37,133,0,0,0,0,0,0
primary,hysteresis,"m=0.3, T=2, theta=0.3543",test,C48CE857-A0DD-4DDB-BEA5-3A25449B2153,38,307,2,2,4,8,2,2
primary,hysteresis,"m=0.3, T=2, theta=0.3543",test,C48CE857-A0DD-4DDB-BEA5-3A25449B2153,39,85,0,0,0,0,0,0
primary,hysteresis,"m=0.3, T=2, theta=0.3543",test,CA820D43-E5E2-42EF-9798-BE56F776370B,10,997,1,1,2,8,0,0
primary,hysteresis,"m=0.3, T=2, theta=0.3543",test,CA820D43-E5E2-42EF-9798-BE56F776370B,12,546,1,1,2,15,0,0
primary,hysteresis,"m=0.3, T=2, theta=0.3543",test,CDA3BBF7-6631-45E8-85BA-EEB416B32A3C,5,537,0,0,0,0,0,0
primary,hysteresis,"m=0.3, T=2, theta=0.3543",test,CF722AA9-2533-4E51-9FEB-9EAC84EE9AAC,11,112,0,0,0,0,0,0
primary,hysteresis,"m=0.3, T=2, theta=0.3543",test,CF722AA9-2533-4E51-9FEB-9EAC84EE9AAC,12,371,2,2,4,5,2,2
primary,hysteresis,"m=0.3, T=2, theta=0.3543",test,CF722AA9-2533-4E51-9FEB-9EAC84EE9AAC,13,138,1,1,2,4,1,1
primary,hysteresis,"m=0.3, T=2, theta=0.3543",test,CF722AA9-2533-4E51-9FEB-9EAC84EE9AAC,14,73,1,1,2,6,0,0
primary,hysteresis,"m=0.3, T=2, theta=0.3543",test,D7D20E2E-FC78-405D-B346-DBD3FD8FC92B,14,121,0,0,0,0,0,0
primary,hysteresis,"m=0.3, T=2, theta=0.3543",test,D7D20E2E-FC78-405D-B346-DBD3FD8FC92B,15,826,3,3,6,16,2,2
primary,hysteresis,"m=0.3, T=2, theta=0.3543",test,D7D20E2E-FC78-405D-B346-DBD3FD8FC92B,16,265,1,1,2,7,0,0
primary,hysteresis,"m=0.3, T=2, theta=0.3543",test,E65577C1-8D5D-4F70-AF23-B3ADB9D3DBA3,5,657,5,5,10,194,2,2
primary,hysteresis,"m=0.3, T=2, theta=0.3543",test,ECECC2AB-D32F-4F90-B74C-E12A1C69BBE2,17,603,0,0,0,0,0,0
primary,hysteresis,"m=0.3, T=2, theta=0.3543",test,ECECC2AB-D32F-4F90-B74C-E12A1C69BBE2,18,74,0,0,0,0,0,0
primary,hysteresis,"m=0.3, T=2, theta=0.3543",test,FDAA70A1-42A3-4E3F-9AE3-3FDA412E03BF,20,966,3,2,5,46,0,0
primary,trust,"r=0.5, tau=0.5, theta=0.4013",test,00EABED2-271D-49D8-B599-1D4A09240601,25,300,5,5,10,29,7,4
primary,trust,"r=0.5, tau=0.5, theta=0.4013",test,00EABED2-271D-49D8-B599-1D4A09240601,42,96,2,1,3,69,0,0
primary,trust,"r=0.5, tau=0.5, theta=0.4013",test,00EABED2-271D-49D8-B599-1D4A09240601,44,12,1,0,1,2,0,0
primary,trust,"r=0.5, tau=0.5, theta=0.4013",test,098A72A5-E3E5-4F54-A152-BBDA0DF7B694,15,114,0,0,0,0,0,0
primary,trust,"r=0.5, tau=0.5, theta=0.4013",test,098A72A5-E3E5-4F54-A152-BBDA0DF7B694,16,733,0,0,0,0,0,0
primary,trust,"r=0.5, tau=0.5, theta=0.4013",test,098A72A5-E3E5-4F54-A152-BBDA0DF7B694,17,292,0,0,0,0,0,0
primary,trust,"r=0.5, tau=0.5, theta=0.4013",test,098A72A5-E3E5-4F54-A152-BBDA0DF7B694,18,91,0,0,0,0,0,0
primary,trust,"r=0.5, tau=0.5, theta=0.4013",test,098A72A5-E3E5-4F54-A152-BBDA0DF7B694,19,104,1,1,2,1,1,1
primary,trust,"r=0.5, tau=0.5, theta=0.4013",test,0A986513-7828-4D53-AA1F-E02D6DF9561B,8,763,2,2,4,20,0,0
primary,trust,"r=0.5, tau=0.5, theta=0.4013",test,11B5EC4D-4133-4289-B475-4E737182A406,7,1407,1,1,2,6,0,0
primary,trust,"r=0.5, tau=0.5, theta=0.4013",test,11B5EC4D-4133-4289-B475-4E737182A406,8,333,0,0,0,0,0,0
primary,trust,"r=0.5, tau=0.5, theta=0.4013",test,136562B6-95B2-483D-88DC-065F28409FD2,22,145,0,0,0,0,0,0
primary,trust,"r=0.5, tau=0.5, theta=0.4013",test,136562B6-95B2-483D-88DC-065F28409FD2,23,747,0,0,0,0,0,0
primary,trust,"r=0.5, tau=0.5, theta=0.4013",test,136562B6-95B2-483D-88DC-065F28409FD2,24,323,1,1,2,5,1,1
primary,trust,"r=0.5, tau=0.5, theta=0.4013",test,1538C99F-BA1E-4EFB-A949-6C7C47701B20,30,406,0,0,0,0,0,0
primary,trust,"r=0.5, tau=0.5, theta=0.4013",test,1538C99F-BA1E-4EFB-A949-6C7C47701B20,31,875,1,1,2,1,1,1
primary,trust,"r=0.5, tau=0.5, theta=0.4013",test,24E40C4C-A349-4F9F-93AB-01D00FB994AF,18,68,0,0,0,0,0,0
primary,trust,"r=0.5, tau=0.5, theta=0.4013",test,24E40C4C-A349-4F9F-93AB-01D00FB994AF,19,374,0,0,0,0,0,0
primary,trust,"r=0.5, tau=0.5, theta=0.4013",test,24E40C4C-A349-4F9F-93AB-01D00FB994AF,20,166,0,0,0,0,0,0
primary,trust,"r=0.5, tau=0.5, theta=0.4013",test,24E40C4C-A349-4F9F-93AB-01D00FB994AF,21,120,0,0,0,0,0,0
primary,trust,"r=0.5, tau=0.5, theta=0.4013",test,24E40C4C-A349-4F9F-93AB-01D00FB994AF,22,198,0,0,0,0,0,0
primary,trust,"r=0.5, tau=0.5, theta=0.4013",test,2C32C23E-E30C-498A-8DD2-0EFB9150A02E,11,377,0,0,0,0,0,0
primary,trust,"r=0.5, tau=0.5, theta=0.4013",test,2C32C23E-E30C-498A-8DD2-0EFB9150A02E,12,1298,1,1,2,1,1,1
primary,trust,"r=0.5, tau=0.5, theta=0.4013",test,3600D531-0C55-44A7-AE95-A7A38519464E,27,170,1,0,1,22,0,0
primary,trust,"r=0.5, tau=0.5, theta=0.4013",test,3600D531-0C55-44A7-AE95-A7A38519464E,28,205,0,0,0,0,0,0
primary,trust,"r=0.5, tau=0.5, theta=0.4013",test,3600D531-0C55-44A7-AE95-A7A38519464E,31,23,0,0,0,0,0,0
primary,trust,"r=0.5, tau=0.5, theta=0.4013",test,3600D531-0C55-44A7-AE95-A7A38519464E,32,612,0,0,0,0,0,0
primary,trust,"r=0.5, tau=0.5, theta=0.4013",test,3600D531-0C55-44A7-AE95-A7A38519464E,33,22,0,0,0,0,0,0
primary,trust,"r=0.5, tau=0.5, theta=0.4013",test,4FC32141-E888-4BFF-8804-12559A491D8C,12,67,2,1,3,35,0,0
primary,trust,"r=0.5, tau=0.5, theta=0.4013",test,4FC32141-E888-4BFF-8804-12559A491D8C,13,164,0,0,0,0,0,0
primary,trust,"r=0.5, tau=0.5, theta=0.4013",test,4FC32141-E888-4BFF-8804-12559A491D8C,14,59,0,0,0,0,0,0
primary,trust,"r=0.5, tau=0.5, theta=0.4013",test,4FC32141-E888-4BFF-8804-12559A491D8C,15,677,0,0,0,0,0,0
primary,trust,"r=0.5, tau=0.5, theta=0.4013",test,5119D0F8-FCA8-4184-A4EB-19421A40DE0D,11,461,1,1,2,14,0,0
primary,trust,"r=0.5, tau=0.5, theta=0.4013",test,5119D0F8-FCA8-4184-A4EB-19421A40DE0D,12,125,1,1,2,15,0,0
primary,trust,"r=0.5, tau=0.5, theta=0.4013",test,5119D0F8-FCA8-4184-A4EB-19421A40DE0D,13,709,1,1,2,3,1,1
primary,trust,"r=0.5, tau=0.5, theta=0.4013",test,5152A2DF-FAF3-4BA8-9CA9-E66B32671A53,9,775,0,0,0,0,0,0
primary,trust,"r=0.5, tau=0.5, theta=0.4013",test,5152A2DF-FAF3-4BA8-9CA9-E66B32671A53,10,501,0,0,0,0,0,0
primary,trust,"r=0.5, tau=0.5, theta=0.4013",test,5152A2DF-FAF3-4BA8-9CA9-E66B32671A53,11,19,0,0,0,0,0,0
primary,trust,"r=0.5, tau=0.5, theta=0.4013",test,5EF64122-B513-46AE-BCF1-E62AAC285D2C,12,178,0,0,0,0,0,0
primary,trust,"r=0.5, tau=0.5, theta=0.4013",test,5EF64122-B513-46AE-BCF1-E62AAC285D2C,13,576,0,0,0,0,0,0
primary,trust,"r=0.5, tau=0.5, theta=0.4013",test,61976C24-1C50-4355-9C49-AAE44A7D09F6,48,1717,1,1,2,8,0,0
primary,trust,"r=0.5, tau=0.5, theta=0.4013",test,78A91A4E-4A51-4065-BDA7-94755F0BB3BB,8,2371,8,8,16,119,4,3
primary,trust,"r=0.5, tau=0.5, theta=0.4013",test,7CE37510-56D0-4120-A1CF-0E23351428D2,8,1924,2,2,4,3,3,2
primary,trust,"r=0.5, tau=0.5, theta=0.4013",test,8023FE1A-D3B0-4E2C-A57A-9321B7FC755F,26,745,6,6,12,77,7,4
primary,trust,"r=0.5, tau=0.5, theta=0.4013",test,8023FE1A-D3B0-4E2C-A57A-9321B7FC755F,27,1064,2,2,4,71,0,0
primary,trust,"r=0.5, tau=0.5, theta=0.4013",test,83CF687B-7CEC-434B-9FE8-00C3D5799BE6,9,1394,10,10,20,135,9,5
primary,trust,"r=0.5, tau=0.5, theta=0.4013",test,83CF687B-7CEC-434B-9FE8-00C3D5799BE6,10,485,0,0,0,0,0,0
primary,trust,"r=0.5, tau=0.5, theta=0.4013",test,9759096F-1119-4E19-A0AD-6F16989C7E1C,6,776,2,2,4,139,0,0
primary,trust,"r=0.5, tau=0.5, theta=0.4013",test,9759096F-1119-4E19-A0AD-6F16989C7E1C,7,1178,0,0,0,0,0,0
primary,trust,"r=0.5, tau=0.5, theta=0.4013",test,9DC38D04-E82E-4F29-AB52-B476535226F2,20,1909,1,1,2,7,0,0
primary,trust,"r=0.5, tau=0.5, theta=0.4013",test,A5CDF89D-02A2-4EC1-89F8-F534FDABDD96,16,350,0,0,0,0,0,0
primary,trust,"r=0.5, tau=0.5, theta=0.4013",test,A5CDF89D-02A2-4EC1-89F8-F534FDABDD96,17,470,0,0,0,0,0,0
primary,trust,"r=0.5, tau=0.5, theta=0.4013",test,A5CDF89D-02A2-4EC1-89F8-F534FDABDD96,18,359,0,0,0,0,0,0
primary,trust,"r=0.5, tau=0.5, theta=0.4013",test,A76A5AF5-5A93-4CF2-A16E-62353BB70E8A,4,555,0,0,0,0,0,0
primary,trust,"r=0.5, tau=0.5, theta=0.4013",test,A76A5AF5-5A93-4CF2-A16E-62353BB70E8A,5,920,0,0,0,0,0,0
primary,trust,"r=0.5, tau=0.5, theta=0.4013",test,B09E373F-8A54-44C8-895B-0039390B859F,11,566,0,0,0,0,0,0
primary,trust,"r=0.5, tau=0.5, theta=0.4013",test,B09E373F-8A54-44C8-895B-0039390B859F,12,833,0,0,0,0,0,0
primary,trust,"r=0.5, tau=0.5, theta=0.4013",test,B09E373F-8A54-44C8-895B-0039390B859F,14,198,0,0,0,0,0,0
primary,trust,"r=0.5, tau=0.5, theta=0.4013",test,B9724848-C7E2-45F4-9B3F-A1F38D864495,15,484,7,6,13,167,4,1
primary,trust,"r=0.5, tau=0.5, theta=0.4013",test,B9724848-C7E2-45F4-9B3F-A1F38D864495,16,1013,3,3,6,202,1,0
primary,trust,"r=0.5, tau=0.5, theta=0.4013",test,BE3CA5A6-A561-4BBD-B7C9-5DF6805400FC,18,223,3,3,6,18,4,2
primary,trust,"r=0.5, tau=0.5, theta=0.4013",test,BE3CA5A6-A561-4BBD-B7C9-5DF6805400FC,19,1410,8,8,16,41,8,5
primary,trust,"r=0.5, tau=0.5, theta=0.4013",test,C48CE857-A0DD-4DDB-BEA5-3A25449B2153,34,134,0,0,0,0,0,0
primary,trust,"r=0.5, tau=0.5, theta=0.4013",test,C48CE857-A0DD-4DDB-BEA5-3A25449B2153,35,109,0,0,0,0,0,0
primary,trust,"r=0.5, tau=0.5, theta=0.4013",test,C48CE857-A0DD-4DDB-BEA5-3A25449B2153,36,169,0,0,0,0,0,0
primary,trust,"r=0.5, tau=0.5, theta=0.4013",test,C48CE857-A0DD-4DDB-BEA5-3A25449B2153,37,133,0,0,0,0,0,0
primary,trust,"r=0.5, tau=0.5, theta=0.4013",test,C48CE857-A0DD-4DDB-BEA5-3A25449B2153,38,307,1,1,2,4,1,1
primary,trust,"r=0.5, tau=0.5, theta=0.4013",test,C48CE857-A0DD-4DDB-BEA5-3A25449B2153,39,85,0,0,0,0,0,0
primary,trust,"r=0.5, tau=0.5, theta=0.4013",test,CA820D43-E5E2-42EF-9798-BE56F776370B,10,997,0,0,0,0,0,0
primary,trust,"r=0.5, tau=0.5, theta=0.4013",test,CA820D43-E5E2-42EF-9798-BE56F776370B,12,546,0,0,0,0,0,0
primary,trust,"r=0.5, tau=0.5, theta=0.4013",test,CDA3BBF7-6631-45E8-85BA-EEB416B32A3C,5,537,0,0,0,0,0,0
primary,trust,"r=0.5, tau=0.5, theta=0.4013",test,CF722AA9-2533-4E51-9FEB-9EAC84EE9AAC,11,112,0,0,0,0,0,0
primary,trust,"r=0.5, tau=0.5, theta=0.4013",test,CF722AA9-2533-4E51-9FEB-9EAC84EE9AAC,12,371,0,0,0,0,0,0
primary,trust,"r=0.5, tau=0.5, theta=0.4013",test,CF722AA9-2533-4E51-9FEB-9EAC84EE9AAC,13,138,0,0,0,0,0,0
primary,trust,"r=0.5, tau=0.5, theta=0.4013",test,CF722AA9-2533-4E51-9FEB-9EAC84EE9AAC,14,73,1,1,2,5,1,1
primary,trust,"r=0.5, tau=0.5, theta=0.4013",test,D7D20E2E-FC78-405D-B346-DBD3FD8FC92B,14,121,0,0,0,0,0,0
primary,trust,"r=0.5, tau=0.5, theta=0.4013",test,D7D20E2E-FC78-405D-B346-DBD3FD8FC92B,15,826,2,2,4,7,1,1
primary,trust,"r=0.5, tau=0.5, theta=0.4013",test,D7D20E2E-FC78-405D-B346-DBD3FD8FC92B,16,265,1,1,2,6,0,0
primary,trust,"r=0.5, tau=0.5, theta=0.4013",test,E65577C1-8D5D-4F70-AF23-B3ADB9D3DBA3,5,657,6,6,12,176,6,4
primary,trust,"r=0.5, tau=0.5, theta=0.4013",test,ECECC2AB-D32F-4F90-B74C-E12A1C69BBE2,17,603,0,0,0,0,0,0
primary,trust,"r=0.5, tau=0.5, theta=0.4013",test,ECECC2AB-D32F-4F90-B74C-E12A1C69BBE2,18,74,0,0,0,0,0,0
primary,trust,"r=0.5, tau=0.5, theta=0.4013",test,FDAA70A1-42A3-4E3F-9AE3-3FDA412E03BF,20,966,1,1,2,27,0,0
primary,sprt,"alpha=0.001, beta=0.01804",test,00EABED2-271D-49D8-B599-1D4A09240601,25,300,2,1,3,51,0,0
primary,sprt,"alpha=0.001, beta=0.01804",test,00EABED2-271D-49D8-B599-1D4A09240601,42,96,2,1,3,73,0,0
primary,sprt,"alpha=0.001, beta=0.01804",test,00EABED2-271D-49D8-B599-1D4A09240601,44,12,1,0,1,5,0,0
primary,sprt,"alpha=0.001, beta=0.01804",test,098A72A5-E3E5-4F54-A152-BBDA0DF7B694,15,114,0,0,0,0,0,0
primary,sprt,"alpha=0.001, beta=0.01804",test,098A72A5-E3E5-4F54-A152-BBDA0DF7B694,16,733,0,0,0,0,0,0
primary,sprt,"alpha=0.001, beta=0.01804",test,098A72A5-E3E5-4F54-A152-BBDA0DF7B694,17,292,0,0,0,0,0,0
primary,sprt,"alpha=0.001, beta=0.01804",test,098A72A5-E3E5-4F54-A152-BBDA0DF7B694,18,91,0,0,0,0,0,0
primary,sprt,"alpha=0.001, beta=0.01804",test,098A72A5-E3E5-4F54-A152-BBDA0DF7B694,19,104,1,1,2,12,0,0
primary,sprt,"alpha=0.001, beta=0.01804",test,0A986513-7828-4D53-AA1F-E02D6DF9561B,8,763,6,6,12,81,3,2
primary,sprt,"alpha=0.001, beta=0.01804",test,11B5EC4D-4133-4289-B475-4E737182A406,7,1407,1,1,2,18,0,0
primary,sprt,"alpha=0.001, beta=0.01804",test,11B5EC4D-4133-4289-B475-4E737182A406,8,333,0,0,0,0,0,0
primary,sprt,"alpha=0.001, beta=0.01804",test,136562B6-95B2-483D-88DC-065F28409FD2,22,145,0,0,0,0,0,0
primary,sprt,"alpha=0.001, beta=0.01804",test,136562B6-95B2-483D-88DC-065F28409FD2,23,747,2,2,4,54,0,0
primary,sprt,"alpha=0.001, beta=0.01804",test,136562B6-95B2-483D-88DC-065F28409FD2,24,323,1,1,2,20,0,0
primary,sprt,"alpha=0.001, beta=0.01804",test,1538C99F-BA1E-4EFB-A949-6C7C47701B20,30,406,0,0,0,0,0,0
primary,sprt,"alpha=0.001, beta=0.01804",test,1538C99F-BA1E-4EFB-A949-6C7C47701B20,31,875,3,3,6,54,0,0
primary,sprt,"alpha=0.001, beta=0.01804",test,24E40C4C-A349-4F9F-93AB-01D00FB994AF,18,68,0,0,0,0,0,0
primary,sprt,"alpha=0.001, beta=0.01804",test,24E40C4C-A349-4F9F-93AB-01D00FB994AF,19,374,0,0,0,0,0,0
primary,sprt,"alpha=0.001, beta=0.01804",test,24E40C4C-A349-4F9F-93AB-01D00FB994AF,20,166,0,0,0,0,0,0
primary,sprt,"alpha=0.001, beta=0.01804",test,24E40C4C-A349-4F9F-93AB-01D00FB994AF,21,120,0,0,0,0,0,0
primary,sprt,"alpha=0.001, beta=0.01804",test,24E40C4C-A349-4F9F-93AB-01D00FB994AF,22,198,0,0,0,0,0,0
primary,sprt,"alpha=0.001, beta=0.01804",test,2C32C23E-E30C-498A-8DD2-0EFB9150A02E,11,377,0,0,0,0,0,0
primary,sprt,"alpha=0.001, beta=0.01804",test,2C32C23E-E30C-498A-8DD2-0EFB9150A02E,12,1298,4,4,8,32,2,2
primary,sprt,"alpha=0.001, beta=0.01804",test,3600D531-0C55-44A7-AE95-A7A38519464E,27,170,1,0,1,25,0,0
primary,sprt,"alpha=0.001, beta=0.01804",test,3600D531-0C55-44A7-AE95-A7A38519464E,28,205,0,0,0,0,0,0
primary,sprt,"alpha=0.001, beta=0.01804",test,3600D531-0C55-44A7-AE95-A7A38519464E,31,23,0,0,0,0,0,0
primary,sprt,"alpha=0.001, beta=0.01804",test,3600D531-0C55-44A7-AE95-A7A38519464E,32,612,0,0,0,0,0,0
primary,sprt,"alpha=0.001, beta=0.01804",test,3600D531-0C55-44A7-AE95-A7A38519464E,33,22,0,0,0,0,0,0
primary,sprt,"alpha=0.001, beta=0.01804",test,4FC32141-E888-4BFF-8804-12559A491D8C,12,67,1,0,1,48,0,0
primary,sprt,"alpha=0.001, beta=0.01804",test,4FC32141-E888-4BFF-8804-12559A491D8C,13,164,0,0,0,0,0,0
primary,sprt,"alpha=0.001, beta=0.01804",test,4FC32141-E888-4BFF-8804-12559A491D8C,14,59,0,0,0,0,0,0
primary,sprt,"alpha=0.001, beta=0.01804",test,4FC32141-E888-4BFF-8804-12559A491D8C,15,677,0,0,0,0,0,0
primary,sprt,"alpha=0.001, beta=0.01804",test,5119D0F8-FCA8-4184-A4EB-19421A40DE0D,11,461,1,1,2,21,0,0
primary,sprt,"alpha=0.001, beta=0.01804",test,5119D0F8-FCA8-4184-A4EB-19421A40DE0D,12,125,1,1,2,20,0,0
primary,sprt,"alpha=0.001, beta=0.01804",test,5119D0F8-FCA8-4184-A4EB-19421A40DE0D,13,709,1,1,2,5,1,1
primary,sprt,"alpha=0.001, beta=0.01804",test,5152A2DF-FAF3-4BA8-9CA9-E66B32671A53,9,775,0,0,0,0,0,0
primary,sprt,"alpha=0.001, beta=0.01804",test,5152A2DF-FAF3-4BA8-9CA9-E66B32671A53,10,501,0,0,0,0,0,0
primary,sprt,"alpha=0.001, beta=0.01804",test,5152A2DF-FAF3-4BA8-9CA9-E66B32671A53,11,19,0,0,0,0,0,0
primary,sprt,"alpha=0.001, beta=0.01804",test,5EF64122-B513-46AE-BCF1-E62AAC285D2C,12,178,0,0,0,0,0,0
primary,sprt,"alpha=0.001, beta=0.01804",test,5EF64122-B513-46AE-BCF1-E62AAC285D2C,13,576,0,0,0,0,0,0
primary,sprt,"alpha=0.001, beta=0.01804",test,61976C24-1C50-4355-9C49-AAE44A7D09F6,48,1717,4,4,8,25,2,2
primary,sprt,"alpha=0.001, beta=0.01804",test,78A91A4E-4A51-4065-BDA7-94755F0BB3BB,8,2371,11,11,22,343,2,1
primary,sprt,"alpha=0.001, beta=0.01804",test,7CE37510-56D0-4120-A1CF-0E23351428D2,8,1924,5,5,10,76,2,2
primary,sprt,"alpha=0.001, beta=0.01804",test,8023FE1A-D3B0-4E2C-A57A-9321B7FC755F,26,745,2,2,4,87,0,0
primary,sprt,"alpha=0.001, beta=0.01804",test,8023FE1A-D3B0-4E2C-A57A-9321B7FC755F,27,1064,4,4,8,179,2,2
primary,sprt,"alpha=0.001, beta=0.01804",test,83CF687B-7CEC-434B-9FE8-00C3D5799BE6,9,1394,5,5,10,295,0,0
primary,sprt,"alpha=0.001, beta=0.01804",test,83CF687B-7CEC-434B-9FE8-00C3D5799BE6,10,485,3,3,6,34,1,1
primary,sprt,"alpha=0.001, beta=0.01804",test,9759096F-1119-4E19-A0AD-6F16989C7E1C,6,776,1,1,2,164,0,0
primary,sprt,"alpha=0.001, beta=0.01804",test,9759096F-1119-4E19-A0AD-6F16989C7E1C,7,1178,0,0,0,0,0,0
primary,sprt,"alpha=0.001, beta=0.01804",test,9DC38D04-E82E-4F29-AB52-B476535226F2,20,1909,1,1,2,7,0,0
primary,sprt,"alpha=0.001, beta=0.01804",test,A5CDF89D-02A2-4EC1-89F8-F534FDABDD96,16,350,0,0,0,0,0,0
primary,sprt,"alpha=0.001, beta=0.01804",test,A5CDF89D-02A2-4EC1-89F8-F534FDABDD96,17,470,2,2,4,32,0,0
primary,sprt,"alpha=0.001, beta=0.01804",test,A5CDF89D-02A2-4EC1-89F8-F534FDABDD96,18,359,0,0,0,0,0,0
primary,sprt,"alpha=0.001, beta=0.01804",test,A76A5AF5-5A93-4CF2-A16E-62353BB70E8A,4,555,0,0,0,0,0,0
primary,sprt,"alpha=0.001, beta=0.01804",test,A76A5AF5-5A93-4CF2-A16E-62353BB70E8A,5,920,0,0,0,0,0,0
primary,sprt,"alpha=0.001, beta=0.01804",test,B09E373F-8A54-44C8-895B-0039390B859F,11,566,0,0,0,0,0,0
primary,sprt,"alpha=0.001, beta=0.01804",test,B09E373F-8A54-44C8-895B-0039390B859F,12,833,0,0,0,0,0,0
primary,sprt,"alpha=0.001, beta=0.01804",test,B09E373F-8A54-44C8-895B-0039390B859F,14,198,0,0,0,0,0,0
primary,sprt,"alpha=0.001, beta=0.01804",test,B9724848-C7E2-45F4-9B3F-A1F38D864495,15,484,5,4,9,217,0,0
primary,sprt,"alpha=0.001, beta=0.01804",test,B9724848-C7E2-45F4-9B3F-A1F38D864495,16,1013,4,3,7,245,1,1
primary,sprt,"alpha=0.001, beta=0.01804",test,BE3CA5A6-A561-4BBD-B7C9-5DF6805400FC,18,223,1,1,2,61,0,0
primary,sprt,"alpha=0.001, beta=0.01804",test,BE3CA5A6-A561-4BBD-B7C9-5DF6805400FC,19,1410,6,5,11,169,0,0
primary,sprt,"alpha=0.001, beta=0.01804",test,C48CE857-A0DD-4DDB-BEA5-3A25449B2153,34,134,0,0,0,0,0,0
primary,sprt,"alpha=0.001, beta=0.01804",test,C48CE857-A0DD-4DDB-BEA5-3A25449B2153,35,109,0,0,0,0,0,0
primary,sprt,"alpha=0.001, beta=0.01804",test,C48CE857-A0DD-4DDB-BEA5-3A25449B2153,36,169,0,0,0,0,0,0
primary,sprt,"alpha=0.001, beta=0.01804",test,C48CE857-A0DD-4DDB-BEA5-3A25449B2153,37,133,0,0,0,0,0,0
primary,sprt,"alpha=0.001, beta=0.01804",test,C48CE857-A0DD-4DDB-BEA5-3A25449B2153,38,307,1,1,2,12,0,0
primary,sprt,"alpha=0.001, beta=0.01804",test,C48CE857-A0DD-4DDB-BEA5-3A25449B2153,39,85,0,0,0,0,0,0
primary,sprt,"alpha=0.001, beta=0.01804",test,CA820D43-E5E2-42EF-9798-BE56F776370B,10,997,3,3,6,40,2,2
primary,sprt,"alpha=0.001, beta=0.01804",test,CA820D43-E5E2-42EF-9798-BE56F776370B,12,546,3,3,6,96,0,0
primary,sprt,"alpha=0.001, beta=0.01804",test,CDA3BBF7-6631-45E8-85BA-EEB416B32A3C,5,537,0,0,0,0,0,0
primary,sprt,"alpha=0.001, beta=0.01804",test,CF722AA9-2533-4E51-9FEB-9EAC84EE9AAC,11,112,0,0,0,0,0,0
primary,sprt,"alpha=0.001, beta=0.01804",test,CF722AA9-2533-4E51-9FEB-9EAC84EE9AAC,12,371,1,1,2,13,0,0
primary,sprt,"alpha=0.001, beta=0.01804",test,CF722AA9-2533-4E51-9FEB-9EAC84EE9AAC,13,138,0,0,0,0,0,0
primary,sprt,"alpha=0.001, beta=0.01804",test,CF722AA9-2533-4E51-9FEB-9EAC84EE9AAC,14,73,1,1,2,22,0,0
primary,sprt,"alpha=0.001, beta=0.01804",test,D7D20E2E-FC78-405D-B346-DBD3FD8FC92B,14,121,0,0,0,0,0,0
primary,sprt,"alpha=0.001, beta=0.01804",test,D7D20E2E-FC78-405D-B346-DBD3FD8FC92B,15,826,3,3,6,90,0,0
primary,sprt,"alpha=0.001, beta=0.01804",test,D7D20E2E-FC78-405D-B346-DBD3FD8FC92B,16,265,1,1,2,8,0,0
primary,sprt,"alpha=0.001, beta=0.01804",test,E65577C1-8D5D-4F70-AF23-B3ADB9D3DBA3,5,657,3,3,6,223,0,0
primary,sprt,"alpha=0.001, beta=0.01804",test,ECECC2AB-D32F-4F90-B74C-E12A1C69BBE2,17,603,0,0,0,0,0,0
primary,sprt,"alpha=0.001, beta=0.01804",test,ECECC2AB-D32F-4F90-B74C-E12A1C69BBE2,18,74,0,0,0,0,0,0
primary,sprt,"alpha=0.001, beta=0.01804",test,FDAA70A1-42A3-4E3F-9AE3-3FDA412E03BF,20,966,5,4,9,75,2,1
primary,hmm,"rho=0.0001, theta=0.4013",test,00EABED2-271D-49D8-B599-1D4A09240601,25,300,3,2,5,36,3,2
primary,hmm,"rho=0.0001, theta=0.4013",test,00EABED2-271D-49D8-B599-1D4A09240601,42,96,2,1,3,72,0,0
primary,hmm,"rho=0.0001, theta=0.4013",test,00EABED2-271D-49D8-B599-1D4A09240601,44,12,1,0,1,2,0,0
primary,hmm,"rho=0.0001, theta=0.4013",test,098A72A5-E3E5-4F54-A152-BBDA0DF7B694,15,114,0,0,0,0,0,0
primary,hmm,"rho=0.0001, theta=0.4013",test,098A72A5-E3E5-4F54-A152-BBDA0DF7B694,16,733,0,0,0,0,0,0
primary,hmm,"rho=0.0001, theta=0.4013",test,098A72A5-E3E5-4F54-A152-BBDA0DF7B694,17,292,0,0,0,0,0,0
primary,hmm,"rho=0.0001, theta=0.4013",test,098A72A5-E3E5-4F54-A152-BBDA0DF7B694,18,91,0,0,0,0,0,0
primary,hmm,"rho=0.0001, theta=0.4013",test,098A72A5-E3E5-4F54-A152-BBDA0DF7B694,19,104,1,1,2,1,1,1
primary,hmm,"rho=0.0001, theta=0.4013",test,0A986513-7828-4D53-AA1F-E02D6DF9561B,8,763,3,3,6,42,1,1
primary,hmm,"rho=0.0001, theta=0.4013",test,11B5EC4D-4133-4289-B475-4E737182A406,7,1407,3,3,6,10,3,2
primary,hmm,"rho=0.0001, theta=0.4013",test,11B5EC4D-4133-4289-B475-4E737182A406,8,333,0,0,0,0,0,0
primary,hmm,"rho=0.0001, theta=0.4013",test,136562B6-95B2-483D-88DC-065F28409FD2,22,145,0,0,0,0,0,0
primary,hmm,"rho=0.0001, theta=0.4013",test,136562B6-95B2-483D-88DC-065F28409FD2,23,747,2,2,4,7,2,1
primary,hmm,"rho=0.0001, theta=0.4013",test,136562B6-95B2-483D-88DC-065F28409FD2,24,323,1,1,2,9,0,0
primary,hmm,"rho=0.0001, theta=0.4013",test,1538C99F-BA1E-4EFB-A949-6C7C47701B20,30,406,0,0,0,0,0,0
primary,hmm,"rho=0.0001, theta=0.4013",test,1538C99F-BA1E-4EFB-A949-6C7C47701B20,31,875,4,4,8,11,5,3
primary,hmm,"rho=0.0001, theta=0.4013",test,24E40C4C-A349-4F9F-93AB-01D00FB994AF,18,68,0,0,0,0,0,0
primary,hmm,"rho=0.0001, theta=0.4013",test,24E40C4C-A349-4F9F-93AB-01D00FB994AF,19,374,0,0,0,0,0,0
primary,hmm,"rho=0.0001, theta=0.4013",test,24E40C4C-A349-4F9F-93AB-01D00FB994AF,20,166,0,0,0,0,0,0
primary,hmm,"rho=0.0001, theta=0.4013",test,24E40C4C-A349-4F9F-93AB-01D00FB994AF,21,120,0,0,0,0,0,0
primary,hmm,"rho=0.0001, theta=0.4013",test,24E40C4C-A349-4F9F-93AB-01D00FB994AF,22,198,0,0,0,0,0,0
primary,hmm,"rho=0.0001, theta=0.4013",test,2C32C23E-E30C-498A-8DD2-0EFB9150A02E,11,377,0,0,0,0,0,0
primary,hmm,"rho=0.0001, theta=0.4013",test,2C32C23E-E30C-498A-8DD2-0EFB9150A02E,12,1298,1,1,2,2,1,1
primary,hmm,"rho=0.0001, theta=0.4013",test,3600D531-0C55-44A7-AE95-A7A38519464E,27,170,1,0,1,25,0,0
primary,hmm,"rho=0.0001, theta=0.4013",test,3600D531-0C55-44A7-AE95-A7A38519464E,28,205,0,0,0,0,0,0
primary,hmm,"rho=0.0001, theta=0.4013",test,3600D531-0C55-44A7-AE95-A7A38519464E,31,23,0,0,0,0,0,0
primary,hmm,"rho=0.0001, theta=0.4013",test,3600D531-0C55-44A7-AE95-A7A38519464E,32,612,0,0,0,0,0,0
primary,hmm,"rho=0.0001, theta=0.4013",test,3600D531-0C55-44A7-AE95-A7A38519464E,33,22,0,0,0,0,0,0
primary,hmm,"rho=0.0001, theta=0.4013",test,4FC32141-E888-4BFF-8804-12559A491D8C,12,67,1,0,1,49,0,0
primary,hmm,"rho=0.0001, theta=0.4013",test,4FC32141-E888-4BFF-8804-12559A491D8C,13,164,0,0,0,0,0,0
primary,hmm,"rho=0.0001, theta=0.4013",test,4FC32141-E888-4BFF-8804-12559A491D8C,14,59,0,0,0,0,0,0
primary,hmm,"rho=0.0001, theta=0.4013",test,4FC32141-E888-4BFF-8804-12559A491D8C,15,677,0,0,0,0,0,0
primary,hmm,"rho=0.0001, theta=0.4013",test,5119D0F8-FCA8-4184-A4EB-19421A40DE0D,11,461,1,1,2,21,0,0
primary,hmm,"rho=0.0001, theta=0.4013",test,5119D0F8-FCA8-4184-A4EB-19421A40DE0D,12,125,1,1,2,19,0,0
primary,hmm,"rho=0.0001, theta=0.4013",test,5119D0F8-FCA8-4184-A4EB-19421A40DE0D,13,709,1,1,2,2,1,1
primary,hmm,"rho=0.0001, theta=0.4013",test,5152A2DF-FAF3-4BA8-9CA9-E66B32671A53,9,775,0,0,0,0,0,0
primary,hmm,"rho=0.0001, theta=0.4013",test,5152A2DF-FAF3-4BA8-9CA9-E66B32671A53,10,501,0,0,0,0,0,0
primary,hmm,"rho=0.0001, theta=0.4013",test,5152A2DF-FAF3-4BA8-9CA9-E66B32671A53,11,19,0,0,0,0,0,0
primary,hmm,"rho=0.0001, theta=0.4013",test,5EF64122-B513-46AE-BCF1-E62AAC285D2C,12,178,0,0,0,0,0,0
primary,hmm,"rho=0.0001, theta=0.4013",test,5EF64122-B513-46AE-BCF1-E62AAC285D2C,13,576,0,0,0,0,0,0
primary,hmm,"rho=0.0001, theta=0.4013",test,61976C24-1C50-4355-9C49-AAE44A7D09F6,48,1717,1,1,2,7,0,0
primary,hmm,"rho=0.0001, theta=0.4013",test,78A91A4E-4A51-4065-BDA7-94755F0BB3BB,8,2371,11,11,22,234,7,6
primary,hmm,"rho=0.0001, theta=0.4013",test,7CE37510-56D0-4120-A1CF-0E23351428D2,8,1924,4,4,8,26,4,3
primary,hmm,"rho=0.0001, theta=0.4013",test,8023FE1A-D3B0-4E2C-A57A-9321B7FC755F,26,745,3,3,6,85,1,1
primary,hmm,"rho=0.0001, theta=0.4013",test,8023FE1A-D3B0-4E2C-A57A-9321B7FC755F,27,1064,1,1,2,155,0,0
primary,hmm,"rho=0.0001, theta=0.4013",test,83CF687B-7CEC-434B-9FE8-00C3D5799BE6,9,1394,9,9,18,275,7,2
primary,hmm,"rho=0.0001, theta=0.4013",test,83CF687B-7CEC-434B-9FE8-00C3D5799BE6,10,485,2,2,4,10,1,1
primary,hmm,"rho=0.0001, theta=0.4013",test,9759096F-1119-4E19-A0AD-6F16989C7E1C,6,776,1,1,2,160,0,0
primary,hmm,"rho=0.0001, theta=0.4013",test,9759096F-1119-4E19-A0AD-6F16989C7E1C,7,1178,0,0,0,0,0,0
primary,hmm,"rho=0.0001, theta=0.4013",test,9DC38D04-E82E-4F29-AB52-B476535226F2,20,1909,1,1,2,6,0,0
primary,hmm,"rho=0.0001, theta=0.4013",test,A5CDF89D-02A2-4EC1-89F8-F534FDABDD96,16,350,0,0,0,0,0,0
primary,hmm,"rho=0.0001, theta=0.4013",test,A5CDF89D-02A2-4EC1-89F8-F534FDABDD96,17,470,1,1,2,11,0,0
primary,hmm,"rho=0.0001, theta=0.4013",test,A5CDF89D-02A2-4EC1-89F8-F534FDABDD96,18,359,0,0,0,0,0,0
primary,hmm,"rho=0.0001, theta=0.4013",test,A76A5AF5-5A93-4CF2-A16E-62353BB70E8A,4,555,0,0,0,0,0,0
primary,hmm,"rho=0.0001, theta=0.4013",test,A76A5AF5-5A93-4CF2-A16E-62353BB70E8A,5,920,0,0,0,0,0,0
primary,hmm,"rho=0.0001, theta=0.4013",test,B09E373F-8A54-44C8-895B-0039390B859F,11,566,0,0,0,0,0,0
primary,hmm,"rho=0.0001, theta=0.4013",test,B09E373F-8A54-44C8-895B-0039390B859F,12,833,0,0,0,0,0,0
primary,hmm,"rho=0.0001, theta=0.4013",test,B09E373F-8A54-44C8-895B-0039390B859F,14,198,0,0,0,0,0,0
primary,hmm,"rho=0.0001, theta=0.4013",test,B9724848-C7E2-45F4-9B3F-A1F38D864495,15,484,4,3,7,203,1,0
primary,hmm,"rho=0.0001, theta=0.4013",test,B9724848-C7E2-45F4-9B3F-A1F38D864495,16,1013,2,2,4,242,0,0
primary,hmm,"rho=0.0001, theta=0.4013",test,BE3CA5A6-A561-4BBD-B7C9-5DF6805400FC,18,223,1,1,2,42,0,0
primary,hmm,"rho=0.0001, theta=0.4013",test,BE3CA5A6-A561-4BBD-B7C9-5DF6805400FC,19,1410,7,7,14,123,3,1
primary,hmm,"rho=0.0001, theta=0.4013",test,C48CE857-A0DD-4DDB-BEA5-3A25449B2153,34,134,0,0,0,0,0,0
primary,hmm,"rho=0.0001, theta=0.4013",test,C48CE857-A0DD-4DDB-BEA5-3A25449B2153,35,109,0,0,0,0,0,0
primary,hmm,"rho=0.0001, theta=0.4013",test,C48CE857-A0DD-4DDB-BEA5-3A25449B2153,36,169,0,0,0,0,0,0
primary,hmm,"rho=0.0001, theta=0.4013",test,C48CE857-A0DD-4DDB-BEA5-3A25449B2153,37,133,0,0,0,0,0,0
primary,hmm,"rho=0.0001, theta=0.4013",test,C48CE857-A0DD-4DDB-BEA5-3A25449B2153,38,307,1,1,2,1,1,1
primary,hmm,"rho=0.0001, theta=0.4013",test,C48CE857-A0DD-4DDB-BEA5-3A25449B2153,39,85,0,0,0,0,0,0
primary,hmm,"rho=0.0001, theta=0.4013",test,CA820D43-E5E2-42EF-9798-BE56F776370B,10,997,4,4,8,30,6,3
primary,hmm,"rho=0.0001, theta=0.4013",test,CA820D43-E5E2-42EF-9798-BE56F776370B,12,546,1,1,2,66,0,0
primary,hmm,"rho=0.0001, theta=0.4013",test,CDA3BBF7-6631-45E8-85BA-EEB416B32A3C,5,537,0,0,0,0,0,0
primary,hmm,"rho=0.0001, theta=0.4013",test,CF722AA9-2533-4E51-9FEB-9EAC84EE9AAC,11,112,0,0,0,0,0,0
primary,hmm,"rho=0.0001, theta=0.4013",test,CF722AA9-2533-4E51-9FEB-9EAC84EE9AAC,12,371,0,0,0,0,0,0
primary,hmm,"rho=0.0001, theta=0.4013",test,CF722AA9-2533-4E51-9FEB-9EAC84EE9AAC,13,138,0,0,0,0,0,0
primary,hmm,"rho=0.0001, theta=0.4013",test,CF722AA9-2533-4E51-9FEB-9EAC84EE9AAC,14,73,1,1,2,21,0,0
primary,hmm,"rho=0.0001, theta=0.4013",test,D7D20E2E-FC78-405D-B346-DBD3FD8FC92B,14,121,0,0,0,0,0,0
primary,hmm,"rho=0.0001, theta=0.4013",test,D7D20E2E-FC78-405D-B346-DBD3FD8FC92B,15,826,3,3,6,67,1,0
primary,hmm,"rho=0.0001, theta=0.4013",test,D7D20E2E-FC78-405D-B346-DBD3FD8FC92B,16,265,1,1,2,7,0,0
primary,hmm,"rho=0.0001, theta=0.4013",test,E65577C1-8D5D-4F70-AF23-B3ADB9D3DBA3,5,657,3,3,6,217,0,0
primary,hmm,"rho=0.0001, theta=0.4013",test,ECECC2AB-D32F-4F90-B74C-E12A1C69BBE2,17,603,0,0,0,0,0,0
primary,hmm,"rho=0.0001, theta=0.4013",test,ECECC2AB-D32F-4F90-B74C-E12A1C69BBE2,18,74,0,0,0,0,0,0
primary,hmm,"rho=0.0001, theta=0.4013",test,FDAA70A1-42A3-4E3F-9AE3-3FDA412E03BF,20,966,6,5,11,44,5,3
sensitivity_1,threshold,theta=0.1301,test,00EABED2-271D-49D8-B599-1D4A09240601,25,300,9,9,18,18,12,9
sensitivity_1,threshold,theta=0.1301,test,00EABED2-271D-49D8-B599-1D4A09240601,42,96,17,16,33,39,30,15
sensitivity_1,threshold,theta=0.1301,test,00EABED2-271D-49D8-B599-1D4A09240601,44,12,2,2,4,2,2,2
sensitivity_1,threshold,theta=0.1301,test,098A72A5-E3E5-4F54-A152-BBDA0DF7B694,15,114,1,1,2,1,1,1
sensitivity_1,threshold,theta=0.1301,test,098A72A5-E3E5-4F54-A152-BBDA0DF7B694,16,733,1,1,2,1,1,1
sensitivity_1,threshold,theta=0.1301,test,098A72A5-E3E5-4F54-A152-BBDA0DF7B694,17,292,0,0,0,0,0,0
sensitivity_1,threshold,theta=0.1301,test,098A72A5-E3E5-4F54-A152-BBDA0DF7B694,18,91,1,1,2,1,1,1
sensitivity_1,threshold,theta=0.1301,test,098A72A5-E3E5-4F54-A152-BBDA0DF7B694,19,104,1,1,2,3,1,1
sensitivity_1,threshold,theta=0.1301,test,0A986513-7828-4D53-AA1F-E02D6DF9561B,8,763,26,26,52,28,32,26
sensitivity_1,threshold,theta=0.1301,test,11B5EC4D-4133-4289-B475-4E737182A406,7,1407,3,3,6,4,3,3
sensitivity_1,threshold,theta=0.1301,test,11B5EC4D-4133-4289-B475-4E737182A406,8,333,1,1,2,1,1,1
sensitivity_1,threshold,theta=0.1301,test,136562B6-95B2-483D-88DC-065F28409FD2,22,145,0,0,0,0,0,0
sensitivity_1,threshold,theta=0.1301,test,136562B6-95B2-483D-88DC-065F28409FD2,23,747,1,1,2,1,1,1
sensitivity_1,threshold,theta=0.1301,test,136562B6-95B2-483D-88DC-065F28409FD2,24,323,0,0,0,0,0,0
sensitivity_1,threshold,theta=0.1301,test,1538C99F-BA1E-4EFB-A949-6C7C47701B20,30,406,1,1,2,1,1,1
sensitivity_1,threshold,theta=0.1301,test,1538C99F-BA1E-4EFB-A949-6C7C47701B20,31,875,10,10,20,10,13,10
sensitivity_1,threshold,theta=0.1301,test,24E40C4C-A349-4F9F-93AB-01D00FB994AF,18,68,0,0,0,0,0,0
sensitivity_1,threshold,theta=0.1301,test,24E40C4C-A349-4F9F-93AB-01D00FB994AF,19,374,0,0,0,0,0,0
sensitivity_1,threshold,theta=0.1301,test,24E40C4C-A349-4F9F-93AB-01D00FB994AF,20,166,0,0,0,0,0,0
sensitivity_1,threshold,theta=0.1301,test,24E40C4C-A349-4F9F-93AB-01D00FB994AF,21,120,1,1,2,1,1,1
sensitivity_1,threshold,theta=0.1301,test,24E40C4C-A349-4F9F-93AB-01D00FB994AF,22,198,0,0,0,0,0,0
sensitivity_1,threshold,theta=0.1301,test,2C32C23E-E30C-498A-8DD2-0EFB9150A02E,11,377,2,2,4,2,2,2
sensitivity_1,threshold,theta=0.1301,test,2C32C23E-E30C-498A-8DD2-0EFB9150A02E,12,1298,15,15,30,17,18,15
sensitivity_1,threshold,theta=0.1301,test,3600D531-0C55-44A7-AE95-A7A38519464E,27,170,5,4,9,6,5,4
sensitivity_1,threshold,theta=0.1301,test,3600D531-0C55-44A7-AE95-A7A38519464E,28,205,2,2,4,2,2,2
sensitivity_1,threshold,theta=0.1301,test,3600D531-0C55-44A7-AE95-A7A38519464E,31,23,2,2,4,2,2,2
sensitivity_1,threshold,theta=0.1301,test,3600D531-0C55-44A7-AE95-A7A38519464E,32,612,9,9,18,9,9,9
sensitivity_1,threshold,theta=0.1301,test,3600D531-0C55-44A7-AE95-A7A38519464E,33,22,0,0,0,0,0,0
sensitivity_1,threshold,theta=0.1301,test,4FC32141-E888-4BFF-8804-12559A491D8C,12,67,3,3,6,3,4,3
sensitivity_1,threshold,theta=0.1301,test,4FC32141-E888-4BFF-8804-12559A491D8C,13,164,0,0,0,0,0,0
sensitivity_1,threshold,theta=0.1301,test,4FC32141-E888-4BFF-8804-12559A491D8C,14,59,0,0,0,0,0,0
sensitivity_1,threshold,theta=0.1301,test,4FC32141-E888-4BFF-8804-12559A491D8C,15,677,0,0,0,0,0,0
sensitivity_1,threshold,theta=0.1301,test,5119D0F8-FCA8-4184-A4EB-19421A40DE0D,11,461,2,2,4,2,3,2
sensitivity_1,threshold,theta=0.1301,test,5119D0F8-FCA8-4184-A4EB-19421A40DE0D,12,125,5,5,10,10,8,5
sensitivity_1,threshold,theta=0.1301,test,5119D0F8-FCA8-4184-A4EB-19421A40DE0D,13,709,2,2,4,2,3,2
sensitivity_1,threshold,theta=0.1301,test,5152A2DF-FAF3-4BA8-9CA9-E66B32671A53,9,775,6,6,12,6,6,6
sensitivity_1,threshold,theta=0.1301,test,5152A2DF-FAF3-4BA8-9CA9-E66B32671A53,10,501,5,5,10,5,5,5
sensitivity_1,threshold,theta=0.1301,test,5152A2DF-FAF3-4BA8-9CA9-E66B32671A53,11,19,0,0,0,0,0,0
sensitivity_1,threshold,theta=0.1301,test,5EF64122-B513-46AE-BCF1-E62AAC285D2C,12,178,1,1,2,1,1,1
sensitivity_1,threshold,theta=0.1301,test,5EF64122-B513-46AE-BCF1-E62AAC285D2C,13,576,0,0,0,0,0,0
sensitivity_1,threshold,theta=0.1301,test,61976C24-1C50-4355-9C49-AAE44A7D09F6,48,1717,7,7,14,8,8,7
sensitivity_1,threshold,theta=0.1301,test,78A91A4E-4A51-4065-BDA7-94755F0BB3BB,8,2371,31,31,62,43,41,31
sensitivity_1,threshold,theta=0.1301,test,7CE37510-56D0-4120-A1CF-0E23351428D2,8,1924,15,15,30,17,18,15
sensitivity_1,threshold,theta=0.1301,test,8023FE1A-D3B0-4E2C-A57A-9321B7FC755F,26,745,11,11,22,13,13,11
sensitivity_1,threshold,theta=0.1301,test,8023FE1A-D3B0-4E2C-A57A-9321B7FC755F,27,1064,15,15,30,18,19,15
sensitivity_1,threshold,theta=0.1301,test,83CF687B-7CEC-434B-9FE8-00C3D5799BE6,9,1394,37,37,74,56,56,37
sensitivity_1,threshold,theta=0.1301,test,83CF687B-7CEC-434B-9FE8-00C3D5799BE6,10,485,6,6,12,6,7,6
sensitivity_1,threshold,theta=0.1301,test,9759096F-1119-4E19-A0AD-6F16989C7E1C,6,776,19,19,38,30,27,19
sensitivity_1,threshold,theta=0.1301,test,9759096F-1119-4E19-A0AD-6F16989C7E1C,7,1178,4,4,8,4,4,4
sensitivity_1,threshold,theta=0.1301,test,9DC38D04-E82E-4F29-AB52-B476535226F2,20,1909,3,3,6,4,3,3
sensitivity_1,threshold,theta=0.1301,test,A5CDF89D-02A2-4EC1-89F8-F534FDABDD96,16,350,4,4,8,4,4,4
sensitivity_1,threshold,theta=0.1301,test,A5CDF89D-02A2-4EC1-89F8-F534FDABDD96,17,470,8,8,16,9,11,8
sensitivity_1,threshold,theta=0.1301,test,A5CDF89D-02A2-4EC1-89F8-F534FDABDD96,18,359,1,1,2,1,1,1
sensitivity_1,threshold,theta=0.1301,test,A76A5AF5-5A93-4CF2-A16E-62353BB70E8A,4,555,0,0,0,0,0,0
sensitivity_1,threshold,theta=0.1301,test,A76A5AF5-5A93-4CF2-A16E-62353BB70E8A,5,920,0,0,0,0,0,0
sensitivity_1,threshold,theta=0.1301,test,B09E373F-8A54-44C8-895B-0039390B859F,11,566,0,0,0,0,0,0
sensitivity_1,threshold,theta=0.1301,test,B09E373F-8A54-44C8-895B-0039390B859F,12,833,1,1,2,1,1,1
sensitivity_1,threshold,theta=0.1301,test,B09E373F-8A54-44C8-895B-0039390B859F,14,198,5,5,10,5,8,5
sensitivity_1,threshold,theta=0.1301,test,B9724848-C7E2-45F4-9B3F-A1F38D864495,15,484,29,29,58,29,44,29
sensitivity_1,threshold,theta=0.1301,test,B9724848-C7E2-45F4-9B3F-A1F38D864495,16,1013,44,43,87,100,67,39
sensitivity_1,threshold,theta=0.1301,test,BE3CA5A6-A561-4BBD-B7C9-5DF6805400FC,18,223,2,2,4,2,3,2
sensitivity_1,threshold,theta=0.1301,test,BE3CA5A6-A561-4BBD-B7C9-5DF6805400FC,19,1410,8,8,16,8,10,8
sensitivity_1,threshold,theta=0.1301,test,C48CE857-A0DD-4DDB-BEA5-3A25449B2153,34,134,0,0,0,0,0,0
sensitivity_1,threshold,theta=0.1301,test,C48CE857-A0DD-4DDB-BEA5-3A25449B2153,35,109,0,0,0,0,0,0
sensitivity_1,threshold,theta=0.1301,test,C48CE857-A0DD-4DDB-BEA5-3A25449B2153,36,169,0,0,0,0,0,0
sensitivity_1,threshold,theta=0.1301,test,C48CE857-A0DD-4DDB-BEA5-3A25449B2153,37,133,0,0,0,0,0,0
sensitivity_1,threshold,theta=0.1301,test,C48CE857-A0DD-4DDB-BEA5-3A25449B2153,38,307,1,1,2,1,1,1
sensitivity_1,threshold,theta=0.1301,test,C48CE857-A0DD-4DDB-BEA5-3A25449B2153,39,85,0,0,0,0,0,0
sensitivity_1,threshold,theta=0.1301,test,CA820D43-E5E2-42EF-9798-BE56F776370B,10,997,18,18,36,18,21,18
sensitivity_1,threshold,theta=0.1301,test,CA820D43-E5E2-42EF-9798-BE56F776370B,12,546,14,14,28,16,18,14
sensitivity_1,threshold,theta=0.1301,test,CDA3BBF7-6631-45E8-85BA-EEB416B32A3C,5,537,1,1,2,1,1,1
sensitivity_1,threshold,theta=0.1301,test,CF722AA9-2533-4E51-9FEB-9EAC84EE9AAC,11,112,0,0,0,0,0,0
sensitivity_1,threshold,theta=0.1301,test,CF722AA9-2533-4E51-9FEB-9EAC84EE9AAC,12,371,5,5,10,6,5,5
sensitivity_1,threshold,theta=0.1301,test,CF722AA9-2533-4E51-9FEB-9EAC84EE9AAC,13,138,2,2,4,2,2,2
sensitivity_1,threshold,theta=0.1301,test,CF722AA9-2533-4E51-9FEB-9EAC84EE9AAC,14,73,6,6,12,6,9,6
sensitivity_1,threshold,theta=0.1301,test,D7D20E2E-FC78-405D-B346-DBD3FD8FC92B,14,121,0,0,0,0,0,0
sensitivity_1,threshold,theta=0.1301,test,D7D20E2E-FC78-405D-B346-DBD3FD8FC92B,15,826,14,14,28,15,19,14
sensitivity_1,threshold,theta=0.1301,test,D7D20E2E-FC78-405D-B346-DBD3FD8FC92B,16,265,3,3,6,5,4,3
sensitivity_1,threshold,theta=0.1301,test,E65577C1-8D5D-4F70-AF23-B3ADB9D3DBA3,5,657,40,40,80,74,67,39
sensitivity_1,threshold,theta=0.1301,test,ECECC2AB-D32F-4F90-B74C-E12A1C69BBE2,17,603,2,2,4,2,2,2
sensitivity_1,threshold,theta=0.1301,test,ECECC2AB-D32F-4F90-B74C-E12A1C69BBE2,18,74,0,0,0,0,0,0
sensitivity_1,threshold,theta=0.1301,test,FDAA70A1-42A3-4E3F-9AE3-3FDA412E03BF,20,966,12,12,24,15,16,12
sensitivity_1,moving_average,"k=2, theta=0.2689",test,00EABED2-271D-49D8-B599-1D4A09240601,25,300,7,7,14,25,9,6
sensitivity_1,moving_average,"k=2, theta=0.2689",test,00EABED2-271D-49D8-B599-1D4A09240601,42,96,9,8,17,61,9,3
sensitivity_1,moving_average,"k=2, theta=0.2689",test,00EABED2-271D-49D8-B599-1D4A09240601,44,12,3,2,5,6,4,2
sensitivity_1,moving_average,"k=2, theta=0.2689",test,098A72A5-E3E5-4F54-A152-BBDA0DF7B694,15,114,0,0,0,0,0,0
sensitivity_1,moving_average,"k=2, theta=0.2689",test,098A72A5-E3E5-4F54-A152-BBDA0DF7B694,16,733,2,2,4,3,2,2
sensitivity_1,moving_average,"k=2, theta=0.2689",test,098A72A5-E3E5-4F54-A152-BBDA0DF7B694,17,292,0,0,0,0,0,0
sensitivity_1,moving_average,"k=2, theta=0.2689",test,098A72A5-E3E5-4F54-A152-BBDA0DF7B694,18,91,0,0,0,0,0,0
sensitivity_1,moving_average,"k=2, theta=0.2689",test,098A72A5-E3E5-4F54-A152-BBDA0DF7B694,19,104,1,1,2,3,1,1
sensitivity_1,moving_average,"k=2, theta=0.2689",test,0A986513-7828-4D53-AA1F-E02D6DF9561B,8,763,13,13,26,26,18,13
sensitivity_1,moving_average,"k=2, theta=0.2689",test,11B5EC4D-4133-4289-B475-4E737182A406,7,1407,8,8,16,11,11,8
sensitivity_1,moving_average,"k=2, theta=0.2689",test,11B5EC4D-4133-4289-B475-4E737182A406,8,333,1,1,2,2,1,1
sensitivity_1,moving_average,"k=2, theta=0.2689",test,136562B6-95B2-483D-88DC-065F28409FD2,22,145,0,0,0,0,0,0
sensitivity_1,moving_average,"k=2, theta=0.2689",test,136562B6-95B2-483D-88DC-065F28409FD2,23,747,3,3,6,3,3,3
sensitivity_1,moving_average,"k=2, theta=0.2689",test,136562B6-95B2-483D-88DC-065F28409FD2,24,323,3,3,6,7,3,3
sensitivity_1,moving_average,"k=2, theta=0.2689",test,1538C99F-BA1E-4EFB-A949-6C7C47701B20,30,406,2,2,4,2,2,2
sensitivity_1,moving_average,"k=2, theta=0.2689",test,1538C99F-BA1E-4EFB-A949-6C7C47701B20,31,875,10,10,20,14,14,10
sensitivity_1,moving_average,"k=2, theta=0.2689",test,24E40C4C-A349-4F9F-93AB-01D00FB994AF,18,68,0,0,0,0,0,0
sensitivity_1,moving_average,"k=2, theta=0.2689",test,24E40C4C-A349-4F9F-93AB-01D00FB994AF,19,374,1,1,2,1,1,1
sensitivity_1,moving_average,"k=2, theta=0.2689",test,24E40C4C-A349-4F9F-93AB-01D00FB994AF,20,166,1,1,2,1,1,1
sensitivity_1,moving_average,"k=2, theta=0.2689",test,24E40C4C-A349-4F9F-93AB-01D00FB994AF,21,120,1,1,2,1,1,1
sensitivity_1,moving_average,"k=2, theta=0.2689",test,24E40C4C-A349-4F9F-93AB-01D00FB994AF,22,198,0,0,0,0,0,0
sensitivity_1,moving_average,"k=2, theta=0.2689",test,2C32C23E-E30C-498A-8DD2-0EFB9150A02E,11,377,2,2,4,3,2,2
sensitivity_1,moving_average,"k=2, theta=0.2689",test,2C32C23E-E30C-498A-8DD2-0EFB9150A02E,12,1298,13,13,26,22,16,13
sensitivity_1,moving_average,"k=2, theta=0.2689",test,3600D531-0C55-44A7-AE95-A7A38519464E,27,170,4,3,7,14,4,2
sensitivity_1,moving_average,"k=2, theta=0.2689",test,3600D531-0C55-44A7-AE95-A7A38519464E,28,205,1,1,2,1,1,1
sensitivity_1,moving_average,"k=2, theta=0.2689",test,3600D531-0C55-44A7-AE95-A7A38519464E,31,23,1,1,2,1,1,1
sensitivity_1,moving_average,"k=2, theta=0.2689",test,3600D531-0C55-44A7-AE95-A7A38519464E,32,612,10,10,20,12,10,10
sensitivity_1,moving_average,"k=2, theta=0.2689",test,3600D531-0C55-44A7-AE95-A7A38519464E,33,22,0,0,0,0,0,0
sensitivity_1,moving_average,"k=2, theta=0.2689",test,4FC32141-E888-4BFF-8804-12559A491D8C,12,67,5,4,9,31,5,2
sensitivity_1,moving_average,"k=2, theta=0.2689",test,4FC32141-E888-4BFF-8804-12559A491D8C,13,164,0,0,0,0,0,0
sensitivity_1,moving_average,"k=2, theta=0.2689",test,4FC32141-E888-4BFF-8804-12559A491D8C,14,59,0,0,0,0,0,0
sensitivity_1,moving_average,"k=2, theta=0.2689",test,4FC32141-E888-4BFF-8804-12559A491D8C,15,677,0,0,0,0,0,0
sensitivity_1,moving_average,"k=2, theta=0.2689",test,5119D0F8-FCA8-4184-A4EB-19421A40DE0D,11,461,9,9,18,12,15,9
sensitivity_1,moving_average,"k=2, theta=0.2689",test,5119D0F8-FCA8-4184-A4EB-19421A40DE0D,12,125,3,3,6,13,2,2
sensitivity_1,moving_average,"k=2, theta=0.2689",test,5119D0F8-FCA8-4184-A4EB-19421A40DE0D,13,709,4,4,8,8,4,4
sensitivity_1,moving_average,"k=2, theta=0.2689",test,5152A2DF-FAF3-4BA8-9CA9-E66B32671A53,9,775,8,8,16,9,8,8
sensitivity_1,moving_average,"k=2, theta=0.2689",test,5152A2DF-FAF3-4BA8-9CA9-E66B32671A53,10,501,4,4,8,5,4,4
sensitivity_1,moving_average,"k=2, theta=0.2689",test,5152A2DF-FAF3-4BA8-9CA9-E66B32671A53,11,19,0,0,0,0,0,0
sensitivity_1,moving_average,"k=2, theta=0.2689",test,5EF64122-B513-46AE-BCF1-E62AAC285D2C,12,178,1,1,2,1,1,1
sensitivity_1,moving_average,"k=2, theta=0.2689",test,5EF64122-B513-46AE-BCF1-E62AAC285D2C,13,576,0,0,0,0,0,0
sensitivity_1,moving_average,"k=2, theta=0.2689",test,61976C24-1C50-4355-9C49-AAE44A7D09F6,48,1717,6,6,12,14,5,5
sensitivity_1,moving_average,"k=2, theta=0.2689",test,78A91A4E-4A51-4065-BDA7-94755F0BB3BB,8,2371,64,64,128,127,81,61
sensitivity_1,moving_average,"k=2, theta=0.2689",test,7CE37510-56D0-4120-A1CF-0E23351428D2,8,1924,15,15,30,24,19,15
sensitivity_1,moving_average,"k=2, theta=0.2689",test,8023FE1A-D3B0-4E2C-A57A-9321B7FC755F,26,745,19,19,38,31,26,19
sensitivity_1,moving_average,"k=2, theta=0.2689",test,8023FE1A-D3B0-4E2C-A57A-9321B7FC755F,27,1064,15,15,30,32,15,14
sensitivity_1,moving_average,"k=2, theta=0.2689",test,83CF687B-7CEC-434B-9FE8-00C3D5799BE6,9,1394,34,34,68,95,44,32
sensitivity_1,moving_average,"k=2, theta=0.2689",test,83CF687B-7CEC-434B-9FE8-00C3D5799BE6,10,485,7,7,14,9,10,7
sensitivity_1,moving_average,"k=2, theta=0.2689",test,9759096F-1119-4E19-A0AD-6F16989C7E1C,6,776,22,22,44,72,33,17
sensitivity_1,moving_average,"k=2, theta=0.2689",test,9759096F-1119-4E19-A0AD-6F16989C7E1C,7,1178,1,1,2,1,1,1
sensitivity_1,moving_average,"k=2, theta=0.2689",test,9DC38D04-E82E-4F29-AB52-B476535226F2,20,1909,5,5,10,12,4,4
sensitivity_1,moving_average,"k=2, theta=0.2689",test,A5CDF89D-02A2-4EC1-89F8-F534FDABDD96,16,350,2,2,4,2,2,2
sensitivity_1,moving_average,"k=2, theta=0.2689",test,A5CDF89D-02A2-4EC1-89F8-F534FDABDD96,17,470,12,12,24,15,15,12
sensitivity_1,moving_average,"k=2, theta=0.2689",test,A5CDF89D-02A2-4EC1-89F8-F534FDABDD96,18,359,0,0,0,0,0,0
sensitivity_1,moving_average,"k=2, theta=0.2689",test,A76A5AF5-5A93-4CF2-A16E-62353BB70E8A,4,555,0,0,0,0,0,0
sensitivity_1,moving_average,"k=2, theta=0.2689",test,A76A5AF5-5A93-4CF2-A16E-62353BB70E8A,5,920,0,0,0,0,0,0
sensitivity_1,moving_average,"k=2, theta=0.2689",test,B09E373F-8A54-44C8-895B-0039390B859F,11,566,0,0,0,0,0,0
sensitivity_1,moving_average,"k=2, theta=0.2689",test,B09E373F-8A54-44C8-895B-0039390B859F,12,833,3,2,5,3,2,2
sensitivity_1,moving_average,"k=2, theta=0.2689",test,B09E373F-8A54-44C8-895B-0039390B859F,14,198,2,2,4,5,3,2
sensitivity_1,moving_average,"k=2, theta=0.2689",test,B9724848-C7E2-45F4-9B3F-A1F38D864495,15,484,29,29,58,82,40,26
sensitivity_1,moving_average,"k=2, theta=0.2689",test,B9724848-C7E2-45F4-9B3F-A1F38D864495,16,1013,29,28,57,154,36,20
sensitivity_1,moving_average,"k=2, theta=0.2689",test,BE3CA5A6-A561-4BBD-B7C9-5DF6805400FC,18,223,5,5,10,8,6,5
sensitivity_1,moving_average,"k=2, theta=0.2689",test,BE3CA5A6-A561-4BBD-B7C9-5DF6805400FC,19,1410,20,20,40,32,25,20
sensitivity_1,moving_average,"k=2, theta=0.2689",test,C48CE857-A0DD-4DDB-BEA5-3A25449B2153,34,134,1,1,2,1,1,1
sensitivity_1,moving_average,"k=2, theta=0.2689",test,C48CE857-A0DD-4DDB-BEA5-3A25449B2153,35,109,0,0,0,0,0,0
sensitivity_1,moving_average,"k=2, theta=0.2689",test,C48CE857-A0DD-4DDB-BEA5-3A25449B2153,36,169,0,0,0,0,0,0
sensitivity_1,moving_average,"k=2, theta=0.2689",test,C48CE857-A0DD-4DDB-BEA5-3A25449B2153,37,133,0,0,0,0,0,0
sensitivity_1,moving_average,"k=2, theta=0.2689",test,C48CE857-A0DD-4DDB-BEA5-3A25449B2153,38,307,3,3,6,9,2,2
sensitivity_1,moving_average,"k=2, theta=0.2689",test,C48CE857-A0DD-4DDB-BEA5-3A25449B2153,39,85,0,0,0,0,0,0
sensitivity_1,moving_average,"k=2, theta=0.2689",test,CA820D43-E5E2-42EF-9798-BE56F776370B,10,997,19,19,38,22,24,19
sensitivity_1,moving_average,"k=2, theta=0.2689",test,CA820D43-E5E2-42EF-9798-BE56F776370B,12,546,15,15,30,20,19,15
sensitivity_1,moving_average,"k=2, theta=0.2689",test,CDA3BBF7-6631-45E8-85BA-EEB416B32A3C,5,537,0,0,0,0,0,0
sensitivity_1,moving_average,"k=2, theta=0.2689",test,CF722AA9-2533-4E51-9FEB-9EAC84EE9AAC,11,112,0,0,0,0,0,0
sensitivity_1,moving_average,"k=2, theta=0.2689",test,CF722AA9-2533-4E51-9FEB-9EAC84EE9AAC,12,371,4,4,8,5,5,4
sensitivity_1,moving_average,"k=2, theta=0.2689",test,CF722AA9-2533-4E51-9FEB-9EAC84EE9AAC,13,138,4,4,8,4,4,4
sensitivity_1,moving_average,"k=2, theta=0.2689",test,CF722AA9-2533-4E51-9FEB-9EAC84EE9AAC,14,73,7,7,14,11,10,7
sensitivity_1,moving_average,"k=2, theta=0.2689",test,D7D20E2E-FC78-405D-B346-DBD3FD8FC92B,14,121,0,0,0,0,0,0
sensitivity_1,moving_average,"k=2, theta=0.2689",test,D7D20E2E-FC78-405D-B346-DBD3FD8FC92B,15,826,13,13,26,22,15,12
sensitivity_1,moving_average,"k=2, theta=0.2689",test,D7D20E2E-FC78-405D-B346-DBD3FD8FC92B,16,265,1,1,2,7,0,0
sensitivity_1,moving_average,"k=2, theta=0.2689",test,E65577C1-8D5D-4F70-AF23-B3ADB9D3DBA3,5,657,27,27,54,128,37,20
sensitivity_1,moving_average,"k=2, theta=0.2689",test,ECECC2AB-D32F-4F90-B74C-E12A1C69BBE2,17,603,0,0,0,0,0,0
sensitivity_1,moving_average,"k=2, theta=0.2689",test,ECECC2AB-D32F-4F90-B74C-E12A1C69BBE2,18,74,0,0,0,0,0,0
sensitivity_1,moving_average,"k=2, theta=0.2689",test,FDAA70A1-42A3-4E3F-9AE3-3FDA412E03BF,20,966,17,17,34,40,22,16
sensitivity_1,ewma,"alpha=0.7, theta=0.2497",test,00EABED2-271D-49D8-B599-1D4A09240601,25,300,8,8,16,24,11,7
sensitivity_1,ewma,"alpha=0.7, theta=0.2497",test,00EABED2-271D-49D8-B599-1D4A09240601,42,96,9,8,17,57,11,4
sensitivity_1,ewma,"alpha=0.7, theta=0.2497",test,00EABED2-271D-49D8-B599-1D4A09240601,44,12,3,2,5,6,4,2
sensitivity_1,ewma,"alpha=0.7, theta=0.2497",test,098A72A5-E3E5-4F54-A152-BBDA0DF7B694,15,114,0,0,0,0,0,0
sensitivity_1,ewma,"alpha=0.7, theta=0.2497",test,098A72A5-E3E5-4F54-A152-BBDA0DF7B694,16,733,2,2,4,2,2,2
sensitivity_1,ewma,"alpha=0.7, theta=0.2497",test,098A72A5-E3E5-4F54-A152-BBDA0DF7B694,17,292,0,0,0,0,0,0
sensitivity_1,ewma,"alpha=0.7, theta=0.2497",test,098A72A5-E3E5-4F54-A152-BBDA0DF7B694,18,91,0,0,0,0,0,0
sensitivity_1,ewma,"alpha=0.7, theta=0.2497",test,098A72A5-E3E5-4F54-A152-BBDA0DF7B694,19,104,1,1,2,3,1,1
sensitivity_1,ewma,"alpha=0.7, theta=0.2497",test,0A986513-7828-4D53-AA1F-E02D6DF9561B,8,763,16,16,32,22,23,16
sensitivity_1,ewma,"alpha=0.7, theta=0.2497",test,11B5EC4D-4133-4289-B475-4E737182A406,7,1407,4,4,8,6,4,4
sensitivity_1,ewma,"alpha=0.7, theta=0.2497",test,11B5EC4D-4133-4289-B475-4E737182A406,8,333,1,1,2,1,1,1
sensitivity_1,ewma,"alpha=0.7, theta=0.2497",test,136562B6-95B2-483D-88DC-065F28409FD2,22,145,0,0,0,0,0,0
sensitivity_1,ewma,"alpha=0.7, theta=0.2497",test,136562B6-95B2-483D-88DC-065F28409FD2,23,747,1,1,2,2,1,1
sensitivity_1,ewma,"alpha=0.7, theta=0.2497",test,136562B6-95B2-483D-88DC-065F28409FD2,24,323,2,2,4,6,2,2
sensitivity_1,ewma,"alpha=0.7, theta=0.2497",test,1538C99F-BA1E-4EFB-A949-6C7C47701B20,30,406,1,1,2,1,1,1
sensitivity_1,ewma,"alpha=0.7, theta=0.2497",test,1538C99F-BA1E-4EFB-A949-6C7C47701B20,31,875,12,12,24,15,19,12
sensitivity_1,ewma,"alpha=0.7, theta=0.2497",test,24E40C4C-A349-4F9F-93AB-01D00FB994AF,18,68,0,0,0,0,0,0
sensitivity_1,ewma,"alpha=0.7, theta=0.2497",test,24E40C4C-A349-4F9F-93AB-01D00FB994AF,19,374,1,1,2,2,1,1
sensitivity_1,ewma,"alpha=0.7, theta=0.2497",test,24E40C4C-A349-4F9F-93AB-01D00FB994AF,20,166,0,0,0,0,0,0
sensitivity_1,ewma,"alpha=0.7, theta=0.2497",test,24E40C4C-A349-4F9F-93AB-01D00FB994AF,21,120,1,1,2,1,1,1
sensitivity_1,ewma,"alpha=0.7, theta=0.2497",test,24E40C4C-A349-4F9F-93AB-01D00FB994AF,22,198,0,0,0,0,0,0
sensitivity_1,ewma,"alpha=0.7, theta=0.2497",test,2C32C23E-E30C-498A-8DD2-0EFB9150A02E,11,377,2,2,4,3,2,2
sensitivity_1,ewma,"alpha=0.7, theta=0.2497",test,2C32C23E-E30C-498A-8DD2-0EFB9150A02E,12,1298,11,11,22,16,13,11
sensitivity_1,ewma,"alpha=0.7, theta=0.2497",test,3600D531-0C55-44A7-AE95-A7A38519464E,27,170,5,4,9,15,6,3
sensitivity_1,ewma,"alpha=0.7, theta=0.2497",test,3600D531-0C55-44A7-AE95-A7A38519464E,28,205,1,1,2,1,1,1
sensitivity_1,ewma,"alpha=0.7, theta=0.2497",test,3600D531-0C55-44A7-AE95-A7A38519464E,31,23,1,1,2,1,1,1
sensitivity_1,ewma,"alpha=0.7, theta=0.2497",test,3600D531-0C55-44A7-AE95-A7A38519464E,32,612,10,10,20,10,11,10
sensitivity_1,ewma,"alpha=0.7, theta=0.2497",test,3600D531-0C55-44A7-AE95-A7A38519464E,33,22,0,0,0,0,0,0
sensitivity_1,ewma,"alpha=0.7, theta=0.2497",test,4FC32141-E888-4BFF-8804-12559A491D8C,12,67,5,4,9,26,6,3
sensitivity_1,ewma,"alpha=0.7, theta=0.2497",test,4FC32141-E888-4BFF-8804-12559A491D8C,13,164,0,0,0,0,0,0
sensitivity_1,ewma,"alpha=0.7, theta=0.2497",test,4FC32141-E888-4BFF-8804-12559A491D8C,14,59,0,0,0,0,0,0
sensitivity_1,ewma,"alpha=0.7, theta=0.2497",test,4FC32141-E888-4BFF-8804-12559A491D8C,15,677,0,0,0,0,0,0
sensitivity_1,ewma,"alpha=0.7, theta=0.2497",test,5119D0F8-FCA8-4184-A4EB-19421A40DE0D,11,461,5,5,10,8,7,5
sensitivity_1,ewma,"alpha=0.7, theta=0.2497",test,5119D0F8-FCA8-4184-A4EB-19421A40DE0D,12,125,5,5,10,15,6,4
sensitivity_1,ewma,"alpha=0.7, theta=0.2497",test,5119D0F8-FCA8-4184-A4EB-19421A40DE0D,13,709,4,4,8,7,5,4
sensitivity_1,ewma,"alpha=0.7, theta=0.2497",test,5152A2DF-FAF3-4BA8-9CA9-E66B32671A53,9,775,8,8,16,9,8,8
sensitivity_1,ewma,"alpha=0.7, theta=0.2497",test,5152A2DF-FAF3-4BA8-9CA9-E66B32671A53,10,501,4,4,8,5,4,4
sensitivity_1,ewma,"alpha=0.7, theta=0.2497",test,5152A2DF-FAF3-4BA8-9CA9-E66B32671A53,11,19,0,0,0,0,0,0
sensitivity_1,ewma,"alpha=0.7, theta=0.2497",test,5EF64122-B513-46AE-BCF1-E62AAC285D2C,12,178,1,1,2,1,1,1
sensitivity_1,ewma,"alpha=0.7, theta=0.2497",test,5EF64122-B513-46AE-BCF1-E62AAC285D2C,13,576,0,0,0,0,0,0
sensitivity_1,ewma,"alpha=0.7, theta=0.2497",test,61976C24-1C50-4355-9C49-AAE44A7D09F6,48,1717,5,5,10,12,4,4
sensitivity_1,ewma,"alpha=0.7, theta=0.2497",test,78A91A4E-4A51-4065-BDA7-94755F0BB3BB,8,2371,56,56,112,97,78,54
sensitivity_1,ewma,"alpha=0.7, theta=0.2497",test,7CE37510-56D0-4120-A1CF-0E23351428D2,8,1924,14,14,28,21,18,14
sensitivity_1,ewma,"alpha=0.7, theta=0.2497",test,8023FE1A-D3B0-4E2C-A57A-9321B7FC755F,26,745,18,18,36,25,23,18
sensitivity_1,ewma,"alpha=0.7, theta=0.2497",test,8023FE1A-D3B0-4E2C-A57A-9321B7FC755F,27,1064,14,14,28,23,16,13
sensitivity_1,ewma,"alpha=0.7, theta=0.2497",test,83CF687B-7CEC-434B-9FE8-00C3D5799BE6,9,1394,34,34,68,90,46,31
sensitivity_1,ewma,"alpha=0.7, theta=0.2497",test,83CF687B-7CEC-434B-9FE8-00C3D5799BE6,10,485,7,7,14,7,10,7
sensitivity_1,ewma,"alpha=0.7, theta=0.2497",test,9759096F-1119-4E19-A0AD-6F16989C7E1C,6,776,23,23,46,65,37,21
sensitivity_1,ewma,"alpha=0.7, theta=0.2497",test,9759096F-1119-4E19-A0AD-6F16989C7E1C,7,1178,0,0,0,0,0,0
sensitivity_1,ewma,"alpha=0.7, theta=0.2497",test,9DC38D04-E82E-4F29-AB52-B476535226F2,20,1909,4,4,8,10,3,3
sensitivity_1,ewma,"alpha=0.7, theta=0.2497",test,A5CDF89D-02A2-4EC1-89F8-F534FDABDD96,16,350,1,1,2,1,1,1
sensitivity_1,ewma,"alpha=0.7, theta=0.2497",test,A5CDF89D-02A2-4EC1-89F8-F534FDABDD96,17,470,10,10,20,14,13,10
sensitivity_1,ewma,"alpha=0.7, theta=0.2497",test,A5CDF89D-02A2-4EC1-89F8-F534FDABDD96,18,359,1,1,2,1,1,1
sensitivity_1,ewma,"alpha=0.7, theta=0.2497",test,A76A5AF5-5A93-4CF2-A16E-62353BB70E8A,4,555,0,0,0,0,0,0
sensitivity_1,ewma,"alpha=0.7, theta=0.2497",test,A76A5AF5-5A93-4CF2-A16E-62353BB70E8A,5,920,0,0,0,0,0,0
sensitivity_1,ewma,"alpha=0.7, theta=0.2497",test,B09E373F-8A54-44C8-895B-0039390B859F,11,566,0,0,0,0,0,0
sensitivity_1,ewma,"alpha=0.7, theta=0.2497",test,B09E373F-8A54-44C8-895B-0039390B859F,12,833,2,2,4,2,2,2
sensitivity_1,ewma,"alpha=0.7, theta=0.2497",test,B09E373F-8A54-44C8-895B-0039390B859F,14,198,3,3,6,3,5,3
sensitivity_1,ewma,"alpha=0.7, theta=0.2497",test,B9724848-C7E2-45F4-9B3F-A1F38D864495,15,484,32,32,64,71,50,30
sensitivity_1,ewma,"alpha=0.7, theta=0.2497",test,B9724848-C7E2-45F4-9B3F-A1F38D864495,16,1013,35,34,69,141,51,27
sensitivity_1,ewma,"alpha=0.7, theta=0.2497",test,BE3CA5A6-A561-4BBD-B7C9-5DF6805400FC,18,223,7,7,14,7,9,7
sensitivity_1,ewma,"alpha=0.7, theta=0.2497",test,BE3CA5A6-A561-4BBD-B7C9-5DF6805400FC,19,1410,13,13,26,20,17,13
sensitivity_1,ewma,"alpha=0.7, theta=0.2497",test,C48CE857-A0DD-4DDB-BEA5-3A25449B2153,34,134,0,0,0,0,0,0
sensitivity_1,ewma,"alpha=0.7, theta=0.2497",test,C48CE857-A0DD-4DDB-BEA5-3A25449B2153,35,109,0,0,0,0,0,0
sensitivity_1,ewma,"alpha=0.7, theta=0.2497",test,C48CE857-A0DD-4DDB-BEA5-3A25449B2153,36,169,0,0,0,0,0,0
sensitivity_1,ewma,"alpha=0.7, theta=0.2497",test,C48CE857-A0DD-4DDB-BEA5-3A25449B2153,37,133,0,0,0,0,0,0
sensitivity_1,ewma,"alpha=0.7, theta=0.2497",test,C48CE857-A0DD-4DDB-BEA5-3A25449B2153,38,307,2,2,4,5,2,2
sensitivity_1,ewma,"alpha=0.7, theta=0.2497",test,C48CE857-A0DD-4DDB-BEA5-3A25449B2153,39,85,0,0,0,0,0,0
sensitivity_1,ewma,"alpha=0.7, theta=0.2497",test,CA820D43-E5E2-42EF-9798-BE56F776370B,10,997,13,13,26,14,15,13
sensitivity_1,ewma,"alpha=0.7, theta=0.2497",test,CA820D43-E5E2-42EF-9798-BE56F776370B,12,546,13,13,26,15,16,13
sensitivity_1,ewma,"alpha=0.7, theta=0.2497",test,CDA3BBF7-6631-45E8-85BA-EEB416B32A3C,5,537,0,0,0,0,0,0
sensitivity_1,ewma,"alpha=0.7, theta=0.2497",test,CF722AA9-2533-4E51-9FEB-9EAC84EE9AAC,11,112,0,0,0,0,0,0
sensitivity_1,ewma,"alpha=0.7, theta=0.2497",test,CF722AA9-2533-4E51-9FEB-9EAC84EE9AAC,12,371,2,2,4,3,2,2
sensitivity_1,ewma,"alpha=0.7, theta=0.2497",test,CF722AA9-2533-4E51-9FEB-9EAC84EE9AAC,13,138,2,2,4,2,2,2
sensitivity_1,ewma,"alpha=0.7, theta=0.2497",test,CF722AA9-2533-4E51-9FEB-9EAC84EE9AAC,14,73,6,6,12,10,8,6
sensitivity_1,ewma,"alpha=0.7, theta=0.2497",test,D7D20E2E-FC78-405D-B346-DBD3FD8FC92B,14,121,0,0,0,0,0,0
sensitivity_1,ewma,"alpha=0.7, theta=0.2497",test,D7D20E2E-FC78-405D-B346-DBD3FD8FC92B,15,826,14,14,28,23,18,14
sensitivity_1,ewma,"alpha=0.7, theta=0.2497",test,D7D20E2E-FC78-405D-B346-DBD3FD8FC92B,16,265,1,1,2,7,0,0
sensitivity_1,ewma,"alpha=0.7, theta=0.2497",test,E65577C1-8D5D-4F70-AF23-B3ADB9D3DBA3,5,657,29,29,58,125,44,23
sensitivity_1,ewma,"alpha=0.7, theta=0.2497",test,ECECC2AB-D32F-4F90-B74C-E12A1C69BBE2,17,603,0,0,0,0,0,0
sensitivity_1,ewma,"alpha=0.7, theta=0.2497",test,ECECC2AB-D32F-4F90-B74C-E12A1C69BBE2,18,74,0,0,0,0,0,0
sensitivity_1,ewma,"alpha=0.7, theta=0.2497",test,FDAA70A1-42A3-4E3F-9AE3-3FDA412E03BF,20,966,14,14,28,26,17,13
sensitivity_1,majority_vote,"k=3, theta=0.2891",test,00EABED2-271D-49D8-B599-1D4A09240601,25,300,5,5,10,30,4,3
sensitivity_1,majority_vote,"k=3, theta=0.2891",test,00EABED2-271D-49D8-B599-1D4A09240601,42,96,7,6,13,60,8,3
sensitivity_1,majority_vote,"k=3, theta=0.2891",test,00EABED2-271D-49D8-B599-1D4A09240601,44,12,2,1,3,9,2,1
sensitivity_1,majority_vote,"k=3, theta=0.2891",test,098A72A5-E3E5-4F54-A152-BBDA0DF7B694,15,114,0,0,0,0,0,0
sensitivity_1,majority_vote,"k=3, theta=0.2891",test,098A72A5-E3E5-4F54-A152-BBDA0DF7B694,16,733,2,2,4,5,2,2
sensitivity_1,majority_vote,"k=3, theta=0.2891",test,098A72A5-E3E5-4F54-A152-BBDA0DF7B694,17,292,1,1,2,1,1,1
sensitivity_1,majority_vote,"k=3, theta=0.2891",test,098A72A5-E3E5-4F54-A152-BBDA0DF7B694,18,91,0,0,0,0,0,0
sensitivity_1,majority_vote,"k=3, theta=0.2891",test,098A72A5-E3E5-4F54-A152-BBDA0DF7B694,19,104,1,1,2,4,1,1
sensitivity_1,majority_vote,"k=3, theta=0.2891",test,0A986513-7828-4D53-AA1F-E02D6DF9561B,8,763,10,10,20,34,11,8
sensitivity_1,majority_vote,"k=3, theta=0.2891",test,11B5EC4D-4133-4289-B475-4E737182A406,7,1407,5,5,10,13,7,5
sensitivity_1,majority_vote,"k=3, theta=0.2891",test,11B5EC4D-4133-4289-B475-4E737182A406,8,333,0,0,0,0,0,0
sensitivity_1,majority_vote,"k=3, theta=0.2891",test,136562B6-95B2-483D-88DC-065F28409FD2,22,145,0,0,0,0,0,0
sensitivity_1,majority_vote,"k=3, theta=0.2891",test,136562B6-95B2-483D-88DC-065F28409FD2,23,747,2,2,4,4,2,2
sensitivity_1,majority_vote,"k=3, theta=0.2891",test,136562B6-95B2-483D-88DC-065F28409FD2,24,323,3,3,6,11,2,2
sensitivity_1,majority_vote,"k=3, theta=0.2891",test,1538C99F-BA1E-4EFB-A949-6C7C47701B20,30,406,1,1,2,2,1,1
sensitivity_1,majority_vote,"k=3, theta=0.2891",test,1538C99F-BA1E-4EFB-A949-6C7C47701B20,31,875,9,9,18,23,11,8
sensitivity_1,majority_vote,"k=3, theta=0.2891",test,24E40C4C-A349-4F9F-93AB-01D00FB994AF,18,68,0,0,0,0,0,0
sensitivity_1,majority_vote,"k=3, theta=0.2891",test,24E40C4C-A349-4F9F-93AB-01D00FB994AF,19,374,2,2,4,4,3,2
sensitivity_1,majority_vote,"k=3, theta=0.2891",test,24E40C4C-A349-4F9F-93AB-01D00FB994AF,20,166,0,0,0,0,0,0
sensitivity_1,majority_vote,"k=3, theta=0.2891",test,24E40C4C-A349-4F9F-93AB-01D00FB994AF,21,120,1,1,2,1,1,1
sensitivity_1,majority_vote,"k=3, theta=0.2891",test,24E40C4C-A349-4F9F-93AB-01D00FB994AF,22,198,0,0,0,0,0,0
sensitivity_1,majority_vote,"k=3, theta=0.2891",test,2C32C23E-E30C-498A-8DD2-0EFB9150A02E,11,377,2,2,4,5,2,2
sensitivity_1,majority_vote,"k=3, theta=0.2891",test,2C32C23E-E30C-498A-8DD2-0EFB9150A02E,12,1298,14,14,28,32,16,14
sensitivity_1,majority_vote,"k=3, theta=0.2891",test,3600D531-0C55-44A7-AE95-A7A38519464E,27,170,3,2,5,20,1,1
sensitivity_1,majority_vote,"k=3, theta=0.2891",test,3600D531-0C55-44A7-AE95-A7A38519464E,28,205,1,0,1,2,0,0
sensitivity_1,majority_vote,"k=3, theta=0.2891",test,3600D531-0C55-44A7-AE95-A7A38519464E,31,23,1,1,2,1,1,1
sensitivity_1,majority_vote,"k=3, theta=0.2891",test,3600D531-0C55-44A7-AE95-A7A38519464E,32,612,8,8,16,14,8,8
sensitivity_1,majority_vote,"k=3, theta=0.2891",test,3600D531-0C55-44A7-AE95-A7A38519464E,33,22,0,0,0,0,0,0
sensitivity_1,majority_vote,"k=3, theta=0.2891",test,4FC32141-E888-4BFF-8804-12559A491D8C,12,67,3,2,5,33,2,1
sensitivity_1,majority_vote,"k=3, theta=0.2891",test,4FC32141-E888-4BFF-8804-12559A491D8C,13,164,0,0,0,0,0,0
sensitivity_1,majority_vote,"k=3, theta=0.2891",test,4FC32141-E888-4BFF-8804-12559A491D8C,14,59,0,0,0,0,0,0
sensitivity_1,majority_vote,"k=3, theta=0.2891",test,4FC32141-E888-4BFF-8804-12559A491D8C,15,677,0,0,0,0,0,0
sensitivity_1,majority_vote,"k=3, theta=0.2891",test,5119D0F8-FCA8-4184-A4EB-19421A40DE0D,11,461,4,4,8,20,3,2
sensitivity_1,majority_vote,"k=3, theta=0.2891",test,5119D0F8-FCA8-4184-A4EB-19421A40DE0D,12,125,4,4,8,17,3,3
sensitivity_1,majority_vote,"k=3, theta=0.2891",test,5119D0F8-FCA8-4184-A4EB-19421A40DE0D,13,709,5,5,10,12,5,4
sensitivity_1,majority_vote,"k=3, theta=0.2891",test,5152A2DF-FAF3-4BA8-9CA9-E66B32671A53,9,775,7,7,14,12,7,7
sensitivity_1,majority_vote,"k=3, theta=0.2891",test,5152A2DF-FAF3-4BA8-9CA9-E66B32671A53,10,501,2,2,4,5,2,2
sensitivity_1,majority_vote,"k=3, theta=0.2891",test,5152A2DF-FAF3-4BA8-9CA9-E66B32671A53,11,19,0,0,0,0,0,0
sensitivity_1,majority_vote,"k=3, theta=0.2891",test,5EF64122-B513-46AE-BCF1-E62AAC285D2C,12,178,1,1,2,1,1,1
sensitivity_1,majority_vote,"k=3, theta=0.2891",test,5EF64122-B513-46AE-BCF1-E62AAC285D2C,13,576,0,0,0,0,0,0
sensitivity_1,majority_vote,"k=3, theta=0.2891",test,61976C24-1C50-4355-9C49-AAE44A7D09F6,48,1717,6,6,12,21,5,5
sensitivity_1,majority_vote,"k=3, theta=0.2891",test,78A91A4E-4A51-4065-BDA7-94755F0BB3BB,8,2371,69,69,138,181,95,66
sensitivity_1,majority_vote,"k=3, theta=0.2891",test,7CE37510-56D0-4120-A1CF-0E23351428D2,8,1924,12,12,24,28,15,12
sensitivity_1,majority_vote,"k=3, theta=0.2891",test,8023FE1A-D3B0-4E2C-A57A-9321B7FC755F,26,745,15,15,30,41,19,14
sensitivity_1,majority_vote,"k=3, theta=0.2891",test,8023FE1A-D3B0-4E2C-A57A-9321B7FC755F,27,1064,16,16,32,40,18,15
sensitivity_1,majority_vote,"k=3, theta=0.2891",test,83CF687B-7CEC-434B-9FE8-00C3D5799BE6,9,1394,28,28,56,118,32,25
sensitivity_1,majority_vote,"k=3, theta=0.2891",test,83CF687B-7CEC-434B-9FE8-00C3D5799BE6,10,485,6,6,12,10,8,6
sensitivity_1,majority_vote,"k=3, theta=0.2891",test,9759096F-1119-4E19-A0AD-6F16989C7E1C,6,776,19,19,38,89,25,12
sensitivity_1,majority_vote,"k=3, theta=0.2891",test,9759096F-1119-4E19-A0AD-6F16989C7E1C,7,1178,2,2,4,2,2,2
sensitivity_1,majority_vote,"k=3, theta=0.2891",test,9DC38D04-E82E-4F29-AB52-B476535226F2,20,1909,4,4,8,15,3,3
sensitivity_1,majority_vote,"k=3, theta=0.2891",test,A5CDF89D-02A2-4EC1-89F8-F534FDABDD96,16,350,1,1,2,2,1,1
sensitivity_1,majority_vote,"k=3, theta=0.2891",test,A5CDF89D-02A2-4EC1-89F8-F534FDABDD96,17,470,9,9,18,21,11,9
sensitivity_1,majority_vote,"k=3, theta=0.2891",test,A5CDF89D-02A2-4EC1-89F8-F534FDABDD96,18,359,2,2,4,2,3,2
sensitivity_1,majority_vote,"k=3, theta=0.2891",test,A76A5AF5-5A93-4CF2-A16E-62353BB70E8A,4,555,0,0,0,0,0,0
sensitivity_1,majority_vote,"k=3, theta=0.2891",test,A76A5AF5-5A93-4CF2-A16E-62353BB70E8A,5,920,0,0,0,0,0,0
sensitivity_1,majority_vote,"k=3, theta=0.2891",test,B09E373F-8A54-44C8-895B-0039390B859F,11,566,0,0,0,0,0,0
sensitivity_1,majority_vote,"k=3, theta=0.2891",test,B09E373F-8A54-44C8-895B-0039390B859F,12,833,3,2,5,5,2,2
sensitivity_1,majority_vote,"k=3, theta=0.2891",test,B09E373F-8A54-44C8-895B-0039390B859F,14,198,2,2,4,2,3,2
sensitivity_1,majority_vote,"k=3, theta=0.2891",test,B9724848-C7E2-45F4-9B3F-A1F38D864495,15,484,25,25,50,106,35,22
sensitivity_1,majority_vote,"k=3, theta=0.2891",test,B9724848-C7E2-45F4-9B3F-A1F38D864495,16,1013,21,20,41,180,21,10
sensitivity_1,majority_vote,"k=3, theta=0.2891",test,BE3CA5A6-A561-4BBD-B7C9-5DF6805400FC,18,223,8,8,16,10,12,8
sensitivity_1,majority_vote,"k=3, theta=0.2891",test,BE3CA5A6-A561-4BBD-B7C9-5DF6805400FC,19,1410,18,18,36,44,21,17
sensitivity_1,majority_vote,"k=3, theta=0.2891",test,C48CE857-A0DD-4DDB-BEA5-3A25449B2153,34,134,2,2,4,4,3,2
sensitivity_1,majority_vote,"k=3, theta=0.2891",test,C48CE857-A0DD-4DDB-BEA5-3A25449B2153,35,109,0,0,0,0,0,0
sensitivity_1,majority_vote,"k=3, theta=0.2891",test,C48CE857-A0DD-4DDB-BEA5-3A25449B2153,36,169,0,0,0,0,0,0
sensitivity_1,majority_vote,"k=3, theta=0.2891",test,C48CE857-A0DD-4DDB-BEA5-3A25449B2153,37,133,0,0,0,0,0,0
sensitivity_1,majority_vote,"k=3, theta=0.2891",test,C48CE857-A0DD-4DDB-BEA5-3A25449B2153,38,307,2,2,4,11,1,1
sensitivity_1,majority_vote,"k=3, theta=0.2891",test,C48CE857-A0DD-4DDB-BEA5-3A25449B2153,39,85,0,0,0,0,0,0
sensitivity_1,majority_vote,"k=3, theta=0.2891",test,CA820D43-E5E2-42EF-9798-BE56F776370B,10,997,11,11,22,22,13,11
sensitivity_1,majority_vote,"k=3, theta=0.2891",test,CA820D43-E5E2-42EF-9798-BE56F776370B,12,546,10,10,20,18,12,10
sensitivity_1,majority_vote,"k=3, theta=0.2891",test,CDA3BBF7-6631-45E8-85BA-EEB416B32A3C,5,537,0,0,0,0,0,0
sensitivity_1,majority_vote,"k=3, theta=0.2891",test,CF722AA9-2533-4E51-9FEB-9EAC84EE9AAC,11,112,0,0,0,0,0,0
sensitivity_1,majority_vote,"k=3, theta=0.2891",test,CF722AA9-2533-4E51-9FEB-9EAC84EE9AAC,12,371,6,6,12,11,6,6
sensitivity_1,majority_vote,"k=3, theta=0.2891",test,CF722AA9-2533-4E51-9FEB-9EAC84EE9AAC,13,138,4,4,8,8,4,4
sensitivity_1,majority_vote,"k=3, theta=0.2891",test,CF722AA9-2533-4E51-9FEB-9EAC84EE9AAC,14,73,4,4,8,12,4,3
sensitivity_1,majority_vote,"k=3, theta=0.2891",test,D7D20E2E-FC78-405D-B346-DBD3FD8FC92B,14,121,0,0,0,0,0,0
sensitivity_1,majority_vote,"k=3, theta=0.2891",test,D7D20E2E-FC78-405D-B346-DBD3FD8FC92B,15,826,10,10,20,30,10,9
sensitivity_1,majority_vote,"k=3, theta=0.2891",test,D7D20E2E-FC78-405D-B346-DBD3FD8FC92B,16,265,1,1,2,7,0,0
sensitivity_1,majority_vote,"k=3, theta=0.2891",test,E65577C1-8D5D-4F70-AF23-B3ADB9D3DBA3,5,657,24,24,48,152,29,18
sensitivity_1,majority_vote,"k=3, theta=0.2891",test,ECECC2AB-D32F-4F90-B74C-E12A1C69BBE2,17,603,1,1,2,1,1,1
sensitivity_1,majority_vote,"k=3, theta=0.2891",test,ECECC2AB-D32F-4F90-B74C-E12A1C69BBE2,18,74,0,0,0,0,0,0
sensitivity_1,majority_vote,"k=3, theta=0.2891",test,FDAA70A1-42A3-4E3F-9AE3-3FDA412E03BF,20,966,16,16,32,56,20,14
sensitivity_1,debounce,"T=2, theta=0.3543",test,00EABED2-271D-49D8-B599-1D4A09240601,25,300,5,5,10,37,5,3
sensitivity_1,debounce,"T=2, theta=0.3543",test,00EABED2-271D-49D8-B599-1D4A09240601,42,96,6,5,11,69,4,1
sensitivity_1,debounce,"T=2, theta=0.3543",test,00EABED2-271D-49D8-B599-1D4A09240601,44,12,2,1,3,6,2,1
sensitivity_1,debounce,"T=2, theta=0.3543",test,098A72A5-E3E5-4F54-A152-BBDA0DF7B694,15,114,0,0,0,0,0,0
sensitivity_1,debounce,"T=2, theta=0.3543",test,098A72A5-E3E5-4F54-A152-BBDA0DF7B694,16,733,2,2,4,6,2,2
sensitivity_1,debounce,"T=2, theta=0.3543",test,098A72A5-E3E5-4F54-A152-BBDA0DF7B694,17,292,0,0,0,0,0,0
sensitivity_1,debounce,"T=2, theta=0.3543",test,098A72A5-E3E5-4F54-A152-BBDA0DF7B694,18,91,0,0,0,0,0,0
sensitivity_1,debounce,"T=2, theta=0.3543",test,098A72A5-E3E5-4F54-A152-BBDA0DF7B694,19,104,1,1,2,4,1,1
sensitivity_1,debounce,"T=2, theta=0.3543",test,0A986513-7828-4D53-AA1F-E02D6DF9561B,8,763,9,8,17,39,9,6
sensitivity_1,debounce,"T=2, theta=0.3543",test,11B5EC4D-4133-4289-B475-4E737182A406,7,1407,6,6,12,29,6,5
sensitivity_1,debounce,"T=2, theta=0.3543",test,11B5EC4D-4133-4289-B475-4E737182A406,8,333,2,2,4,4,2,2
sensitivity_1,debounce,"T=2, theta=0.3543",test,136562B6-95B2-483D-88DC-065F28409FD2,22,145,1,1,2,2,1,1
sensitivity_1,debounce,"T=2, theta=0.3543",test,136562B6-95B2-483D-88DC-065F28409FD2,23,747,6,6,12,15,6,6
sensitivity_1,debounce,"T=2, theta=0.3543",test,136562B6-95B2-483D-88DC-065F28409FD2,24,323,4,4,8,16,3,3
sensitivity_1,debounce,"T=2, theta=0.3543",test,1538C99F-BA1E-4EFB-A949-6C7C47701B20,30,406,1,1,2,2,1,1
sensitivity_1,debounce,"T=2, theta=0.3543",test,1538C99F-BA1E-4EFB-A949-6C7C47701B20,31,875,7,7,14,26,8,6
sensitivity_1,debounce,"T=2, theta=0.3543",test,24E40C4C-A349-4F9F-93AB-01D00FB994AF,18,68,0,0,0,0,0,0
sensitivity_1,debounce,"T=2, theta=0.3543",test,24E40C4C-A349-4F9F-93AB-01D00FB994AF,19,374,1,1,2,6,0,0
sensitivity_1,debounce,"T=2, theta=0.3543",test,24E40C4C-A349-4F9F-93AB-01D00FB994AF,20,166,1,1,2,2,1,1
sensitivity_1,debounce,"T=2, theta=0.3543",test,24E40C4C-A349-4F9F-93AB-01D00FB994AF,21,120,1,1,2,2,1,1
sensitivity_1,debounce,"T=2, theta=0.3543",test,24E40C4C-A349-4F9F-93AB-01D00FB994AF,22,198,0,0,0,0,0,0
sensitivity_1,debounce,"T=2, theta=0.3543",test,2C32C23E-E30C-498A-8DD2-0EFB9150A02E,11,377,4,4,8,9,4,4
sensitivity_1,debounce,"T=2, theta=0.3543",test,2C32C23E-E30C-498A-8DD2-0EFB9150A02E,12,1298,12,12,24,45,13,11
sensitivity_1,debounce,"T=2, theta=0.3543",test,3600D531-0C55-44A7-AE95-A7A38519464E,27,170,2,1,3,20,0,0
sensitivity_1,debounce,"T=2, theta=0.3543",test,3600D531-0C55-44A7-AE95-A7A38519464E,28,205,1,0,1,2,0,0
sensitivity_1,debounce,"T=2, theta=0.3543",test,3600D531-0C55-44A7-AE95-A7A38519464E,31,23,0,0,0,0,0,0
sensitivity_1,debounce,"T=2, theta=0.3543",test,3600D531-0C55-44A7-AE95-A7A38519464E,32,612,12,12,24,32,12,12
sensitivity_1,debounce,"T=2, theta=0.3543",test,3600D531-0C55-44A7-AE95-A7A38519464E,33,22,0,0,0,0,0,0
sensitivity_1,debounce,"T=2, theta=0.3543",test,4FC32141-E888-4BFF-8804-12559A491D8C,12,67,4,3,7,37,4,2
sensitivity_1,debounce,"T=2, theta=0.3543",test,4FC32141-E888-4BFF-8804-12559A491D8C,13,164,0,0,0,0,0,0
sensitivity_1,debounce,"T=2, theta=0.3543",test,4FC32141-E888-4BFF-8804-12559A491D8C,14,59,0,0,0,0,0,0
sensitivity_1,debounce,"T=2, theta=0.3543",test,4FC32141-E888-4BFF-8804-12559A491D8C,15,677,0,0,0,0,0,0
sensitivity_1,debounce,"T=2, theta=0.3543",test,5119D0F8-FCA8-4184-A4EB-19421A40DE0D,11,461,5,5,10,25,4,4
sensitivity_1,debounce,"T=2, theta=0.3543",test,5119D0F8-FCA8-4184-A4EB-19421A40DE0D,12,125,2,2,4,15,1,1
sensitivity_1,debounce,"T=2, theta=0.3543",test,5119D0F8-FCA8-4184-A4EB-19421A40DE0D,13,709,7,6,13,27,6,5
sensitivity_1,debounce,"T=2, theta=0.3543",test,5152A2DF-FAF3-4BA8-9CA9-E66B32671A53,9,775,9,9,18,23,9,9
sensitivity_1,debounce,"T=2, theta=0.3543",test,5152A2DF-FAF3-4BA8-9CA9-E66B32671A53,10,501,2,2,4,11,2,1
sensitivity_1,debounce,"T=2, theta=0.3543",test,5152A2DF-FAF3-4BA8-9CA9-E66B32671A53,11,19,0,0,0,0,0,0
sensitivity_1,debounce,"T=2, theta=0.3543",test,5EF64122-B513-46AE-BCF1-E62AAC285D2C,12,178,2,2,4,7,2,2
sensitivity_1,debounce,"T=2, theta=0.3543",test,5EF64122-B513-46AE-BCF1-E62AAC285D2C,13,576,1,1,2,2,1,1
sensitivity_1,debounce,"T=2, theta=0.3543",test,61976C24-1C50-4355-9C49-AAE44A7D09F6,48,1717,9,9,18,38,8,8
sensitivity_1,debounce,"T=2, theta=0.3543",test,78A91A4E-4A51-4065-BDA7-94755F0BB3BB,8,2371,62,62,124,275,69,50
sensitivity_1,debounce,"T=2, theta=0.3543",test,7CE37510-56D0-4120-A1CF-0E23351428D2,8,1924,22,21,43,64,29,20
sensitivity_1,debounce,"T=2, theta=0.3543",test,8023FE1A-D3B0-4E2C-A57A-9321B7FC755F,26,745,19,19,38,78,20,15
sensitivity_1,debounce,"T=2, theta=0.3543",test,8023FE1A-D3B0-4E2C-A57A-9321B7FC755F,27,1064,17,17,34,61,18,14
sensitivity_1,debounce,"T=2, theta=0.3543",test,83CF687B-7CEC-434B-9FE8-00C3D5799BE6,9,1394,27,27,54,165,26,20
sensitivity_1,debounce,"T=2, theta=0.3543",test,83CF687B-7CEC-434B-9FE8-00C3D5799BE6,10,485,8,8,16,23,10,7
sensitivity_1,debounce,"T=2, theta=0.3543",test,9759096F-1119-4E19-A0AD-6F16989C7E1C,6,776,9,9,18,123,7,5
sensitivity_1,debounce,"T=2, theta=0.3543",test,9759096F-1119-4E19-A0AD-6F16989C7E1C,7,1178,4,4,8,8,4,4
sensitivity_1,debounce,"T=2, theta=0.3543",test,9DC38D04-E82E-4F29-AB52-B476535226F2,20,1909,6,6,12,20,5,5
sensitivity_1,debounce,"T=2, theta=0.3543",test,A5CDF89D-02A2-4EC1-89F8-F534FDABDD96,16,350,2,2,4,4,2,2
sensitivity_1,debounce,"T=2, theta=0.3543",test,A5CDF89D-02A2-4EC1-89F8-F534FDABDD96,17,470,14,14,28,40,18,13
sensitivity_1,debounce,"T=2, theta=0.3543",test,A5CDF89D-02A2-4EC1-89F8-F534FDABDD96,18,359,1,1,2,2,1,1
sensitivity_1,debounce,"T=2, theta=0.3543",test,A76A5AF5-5A93-4CF2-A16E-62353BB70E8A,4,555,0,0,0,0,0,0
sensitivity_1,debounce,"T=2, theta=0.3543",test,A76A5AF5-5A93-4CF2-A16E-62353BB70E8A,5,920,0,0,0,0,0,0
sensitivity_1,debounce,"T=2, theta=0.3543",test,B09E373F-8A54-44C8-895B-0039390B859F,11,566,0,0,0,0,0,0
sensitivity_1,debounce,"T=2, theta=0.3543",test,B09E373F-8A54-44C8-895B-0039390B859F,12,833,5,4,9,9,4,4
sensitivity_1,debounce,"T=2, theta=0.3543",test,B09E373F-8A54-44C8-895B-0039390B859F,14,198,2,2,4,7,3,2
sensitivity_1,debounce,"T=2, theta=0.3543",test,B9724848-C7E2-45F4-9B3F-A1F38D864495,15,484,19,19,38,139,21,10
sensitivity_1,debounce,"T=2, theta=0.3543",test,B9724848-C7E2-45F4-9B3F-A1F38D864495,16,1013,19,18,37,201,16,8
sensitivity_1,debounce,"T=2, theta=0.3543",test,BE3CA5A6-A561-4BBD-B7C9-5DF6805400FC,18,223,6,6,12,22,5,5
sensitivity_1,debounce,"T=2, theta=0.3543",test,BE3CA5A6-A561-4BBD-B7C9-5DF6805400FC,19,1410,25,25,50,100,26,20
sensitivity_1,debounce,"T=2, theta=0.3543",test,C48CE857-A0DD-4DDB-BEA5-3A25449B2153,34,134,1,1,2,8,0,0
sensitivity_1,debounce,"T=2, theta=0.3543",test,C48CE857-A0DD-4DDB-BEA5-3A25449B2153,35,109,0,0,0,0,0,0
sensitivity_1,debounce,"T=2, theta=0.3543",test,C48CE857-A0DD-4DDB-BEA5-3A25449B2153,36,169,0,0,0,0,0,0
sensitivity_1,debounce,"T=2, theta=0.3543",test,C48CE857-A0DD-4DDB-BEA5-3A25449B2153,37,133,0,0,0,0,0,0
sensitivity_1,debounce,"T=2, theta=0.3543",test,C48CE857-A0DD-4DDB-BEA5-3A25449B2153,38,307,3,3,6,14,2,2
sensitivity_1,debounce,"T=2, theta=0.3543",test,C48CE857-A0DD-4DDB-BEA5-3A25449B2153,39,85,0,0,0,0,0,0
sensitivity_1,debounce,"T=2, theta=0.3543",test,CA820D43-E5E2-42EF-9798-BE56F776370B,10,997,20,20,40,62,23,18
sensitivity_1,debounce,"T=2, theta=0.3543",test,CA820D43-E5E2-42EF-9798-BE56F776370B,12,546,9,9,18,28,8,8
sensitivity_1,debounce,"T=2, theta=0.3543",test,CDA3BBF7-6631-45E8-85BA-EEB416B32A3C,5,537,0,0,0,0,0,0
sensitivity_1,debounce,"T=2, theta=0.3543",test,CF722AA9-2533-4E51-9FEB-9EAC84EE9AAC,11,112,0,0,0,0,0,0
sensitivity_1,debounce,"T=2, theta=0.3543",test,CF722AA9-2533-4E51-9FEB-9EAC84EE9AAC,12,371,3,3,6,7,3,3
sensitivity_1,debounce,"T=2, theta=0.3543",test,CF722AA9-2533-4E51-9FEB-9EAC84EE9AAC,13,138,4,4,8,12,5,4
sensitivity_1,debounce,"T=2, theta=0.3543",test,CF722AA9-2533-4E51-9FEB-9EAC84EE9AAC,14,73,5,5,10,18,5,4
sensitivity_1,debounce,"T=2, theta=0.3543",test,D7D20E2E-FC78-405D-B346-DBD3FD8FC92B,14,121,1,1,2,2,1,1
sensitivity_1,debounce,"T=2, theta=0.3543",test,D7D20E2E-FC78-405D-B346-DBD3FD8FC92B,15,826,11,11,22,46,8,7
sensitivity_1,debounce,"T=2, theta=0.3543",test,D7D20E2E-FC78-405D-B346-DBD3FD8FC92B,16,265,1,1,2,8,0,0
sensitivity_1,debounce,"T=2, theta=0.3543",test,E65577C1-8D5D-4F70-AF23-B3ADB9D3DBA3,5,657,15,15,30,170,17,10
sensitivity_1,debounce,"T=2, theta=0.3543",test,ECECC2AB-D32F-4F90-B74C-E12A1C69BBE2,17,603,0,0,0,0,0,0
sensitivity_1,debounce,"T=2, theta=0.3543",test,ECECC2AB-D32F-4F90-B74C-E12A1C69BBE2,18,74,0,0,0,0,0,0
sensitivity_1,debounce,"T=2, theta=0.3543",test,FDAA70A1-42A3-4E3F-9AE3-3FDA412E03BF,20,966,18,18,36,75,23,15
sensitivity_1,margin,"m=0.3, theta=0.2891",test,00EABED2-271D-49D8-B599-1D4A09240601,25,300,7,7,14,29,8,6
sensitivity_1,margin,"m=0.3, theta=0.2891",test,00EABED2-271D-49D8-B599-1D4A09240601,42,96,7,6,13,61,7,2
sensitivity_1,margin,"m=0.3, theta=0.2891",test,00EABED2-271D-49D8-B599-1D4A09240601,44,12,2,1,3,4,1,1
sensitivity_1,margin,"m=0.3, theta=0.2891",test,098A72A5-E3E5-4F54-A152-BBDA0DF7B694,15,114,1,1,2,1,1,1
sensitivity_1,margin,"m=0.3, theta=0.2891",test,098A72A5-E3E5-4F54-A152-BBDA0DF7B694,16,733,1,1,2,1,1,1
sensitivity_1,margin,"m=0.3, theta=0.2891",test,098A72A5-E3E5-4F54-A152-BBDA0DF7B694,17,292,0,0,0,0,0,0
sensitivity_1,margin,"m=0.3, theta=0.2891",test,098A72A5-E3E5-4F54-A152-BBDA0DF7B694,18,91,1,1,2,1,1,1
sensitivity_1,margin,"m=0.3, theta=0.2891",test,098A72A5-E3E5-4F54-A152-BBDA0DF7B694,19,104,1,1,2,3,1,1
sensitivity_1,margin,"m=0.3, theta=0.2891",test,0A986513-7828-4D53-AA1F-E02D6DF9561B,8,763,25,25,50,41,31,24
sensitivity_1,margin,"m=0.3, theta=0.2891",test,11B5EC4D-4133-4289-B475-4E737182A406,7,1407,3,3,6,6,3,3
sensitivity_1,margin,"m=0.3, theta=0.2891",test,11B5EC4D-4133-4289-B475-4E737182A406,8,333,1,1,2,2,1,1
sensitivity_1,margin,"m=0.3, theta=0.2891",test,136562B6-95B2-483D-88DC-065F28409FD2,22,145,0,0,0,0,0,0
sensitivity_1,margin,"m=0.3, theta=0.2891",test,136562B6-95B2-483D-88DC-065F28409FD2,23,747,1,1,2,2,1,1
sensitivity_1,margin,"m=0.3, theta=0.2891",test,136562B6-95B2-483D-88DC-065F28409FD2,24,323,0,0,0,0,0,0
sensitivity_1,margin,"m=0.3, theta=0.2891",test,1538C99F-BA1E-4EFB-A949-6C7C47701B20,30,406,3,3,6,4,3,3
sensitivity_1,margin,"m=0.3, theta=0.2891",test,1538C99F-BA1E-4EFB-A949-6C7C47701B20,31,875,10,10,20,13,13,10
sensitivity_1,margin,"m=0.3, theta=0.2891",test,24E40C4C-A349-4F9F-93AB-01D00FB994AF,18,68,0,0,0,0,0,0
sensitivity_1,margin,"m=0.3, theta=0.2891",test,24E40C4C-A349-4F9F-93AB-01D00FB994AF,19,374,0,0,0,0,0,0
sensitivity_1,margin,"m=0.3, theta=0.2891",test,24E40C4C-A349-4F9F-93AB-01D00FB994AF,20,166,0,0,0,0,0,0
sensitivity_1,margin,"m=0.3, theta=0.2891",test,24E40C4C-A349-4F9F-93AB-01D00FB994AF,21,120,1,1,2,1,1,1
sensitivity_1,margin,"m=0.3, theta=0.2891",test,24E40C4C-A349-4F9F-93AB-01D00FB994AF,22,198,0,0,0,0,0,0
sensitivity_1,margin,"m=0.3, theta=0.2891",test,2C32C23E-E30C-498A-8DD2-0EFB9150A02E,11,377,2,2,4,3,2,2
sensitivity_1,margin,"m=0.3, theta=0.2891",test,2C32C23E-E30C-498A-8DD2-0EFB9150A02E,12,1298,15,15,30,23,17,15
sensitivity_1,margin,"m=0.3, theta=0.2891",test,3600D531-0C55-44A7-AE95-A7A38519464E,27,170,5,4,9,18,5,3
sensitivity_1,margin,"m=0.3, theta=0.2891",test,3600D531-0C55-44A7-AE95-A7A38519464E,28,205,2,2,4,2,2,2
sensitivity_1,margin,"m=0.3, theta=0.2891",test,3600D531-0C55-44A7-AE95-A7A38519464E,31,23,2,2,4,3,2,2
sensitivity_1,margin,"m=0.3, theta=0.2891",test,3600D531-0C55-44A7-AE95-A7A38519464E,32,612,10,10,20,16,10,10
sensitivity_1,margin,"m=0.3, theta=0.2891",test,3600D531-0C55-44A7-AE95-A7A38519464E,33,22,0,0,0,0,0,0
sensitivity_1,margin,"m=0.3, theta=0.2891",test,4FC32141-E888-4BFF-8804-12559A491D8C,12,67,2,1,3,22,0,0
sensitivity_1,margin,"m=0.3, theta=0.2891",test,4FC32141-E888-4BFF-8804-12559A491D8C,13,164,0,0,0,0,0,0
sensitivity_1,margin,"m=0.3, theta=0.2891",test,4FC32141-E888-4BFF-8804-12559A491D8C,14,59,0,0,0,0,0,0
sensitivity_1,margin,"m=0.3, theta=0.2891",test,4FC32141-E888-4BFF-8804-12559A491D8C,15,677,0,0,0,0,0,0
sensitivity_1,margin,"m=0.3, theta=0.2891",test,5119D0F8-FCA8-4184-A4EB-19421A40DE0D,11,461,3,3,6,9,4,3
sensitivity_1,margin,"m=0.3, theta=0.2891",test,5119D0F8-FCA8-4184-A4EB-19421A40DE0D,12,125,3,3,6,15,3,2
sensitivity_1,margin,"m=0.3, theta=0.2891",test,5119D0F8-FCA8-4184-A4EB-19421A40DE0D,13,709,2,2,4,6,2,2
sensitivity_1,margin,"m=0.3, theta=0.2891",test,5152A2DF-FAF3-4BA8-9CA9-E66B32671A53,9,775,8,8,16,9,8,8
sensitivity_1,margin,"m=0.3, theta=0.2891",test,5152A2DF-FAF3-4BA8-9CA9-E66B32671A53,10,501,6,6,12,8,6,6
sensitivity_1,margin,"m=0.3, theta=0.2891",test,5152A2DF-FAF3-4BA8-9CA9-E66B32671A53,11,19,0,0,0,0,0,0
sensitivity_1,margin,"m=0.3, theta=0.2891",test,5EF64122-B513-46AE-BCF1-E62AAC285D2C,12,178,1,1,2,1,1,1
sensitivity_1,margin,"m=0.3, theta=0.2891",test,5EF64122-B513-46AE-BCF1-E62AAC285D2C,13,576,0,0,0,0,0,0
sensitivity_1,margin,"m=0.3, theta=0.2891",test,61976C24-1C50-4355-9C49-AAE44A7D09F6,48,1717,7,7,14,10,8,7
sensitivity_1,margin,"m=0.3, theta=0.2891",test,78A91A4E-4A51-4065-BDA7-94755F0BB3BB,8,2371,32,32,64,102,38,28
sensitivity_1,margin,"m=0.3, theta=0.2891",test,7CE37510-56D0-4120-A1CF-0E23351428D2,8,1924,17,17,34,30,21,17
sensitivity_1,margin,"m=0.3, theta=0.2891",test,8023FE1A-D3B0-4E2C-A57A-9321B7FC755F,26,745,12,12,24,31,12,10
sensitivity_1,margin,"m=0.3, theta=0.2891",test,8023FE1A-D3B0-4E2C-A57A-9321B7FC755F,27,1064,14,14,28,35,15,13
sensitivity_1,margin,"m=0.3, theta=0.2891",test,83CF687B-7CEC-434B-9FE8-00C3D5799BE6,9,1394,28,28,56,109,30,22
sensitivity_1,margin,"m=0.3, theta=0.2891",test,83CF687B-7CEC-434B-9FE8-00C3D5799BE6,10,485,7,7,14,10,8,7
sensitivity_1,margin,"m=0.3, theta=0.2891",test,9759096F-1119-4E19-A0AD-6F16989C7E1C,6,776,12,12,24,81,13,8
sensitivity_1,margin,"m=0.3, theta=0.2891",test,9759096F-1119-4E19-A0AD-6F16989C7E1C,7,1178,4,4,8,4,4,4
sensitivity_1,margin,"m=0.3, theta=0.2891",test,9DC38D04-E82E-4F29-AB52-B476535226F2,20,1909,4,4,8,6,4,4
sensitivity_1,margin,"m=0.3, theta=0.2891",test,A5CDF89D-02A2-4EC1-89F8-F534FDABDD96,16,350,4,4,8,4,4,4
sensitivity_1,margin,"m=0.3, theta=0.2891",test,A5CDF89D-02A2-4EC1-89F8-F534FDABDD96,17,470,10,10,20,20,13,10
sensitivity_1,margin,"m=0.3, theta=0.2891",test,A5CDF89D-02A2-4EC1-89F8-F534FDABDD96,18,359,3,3,6,3,3,3
sensitivity_1,margin,"m=0.3, theta=0.2891",test,A76A5AF5-5A93-4CF2-A16E-62353BB70E8A,4,555,0,0,0,0,0,0
sensitivity_1,margin,"m=0.3, theta=0.2891",test,A76A5AF5-5A93-4CF2-A16E-62353BB70E8A,5,920,0,0,0,0,0,0
sensitivity_1,margin,"m=0.3, theta=0.2891",test,B09E373F-8A54-44C8-895B-0039390B859F,11,566,0,0,0,0,0,0
sensitivity_1,margin,"m=0.3, theta=0.2891",test,B09E373F-8A54-44C8-895B-0039390B859F,12,833,2,2,4,2,2,2
sensitivity_1,margin,"m=0.3, theta=0.2891",test,B09E373F-8A54-44C8-895B-0039390B859F,14,198,3,3,6,7,4,3
sensitivity_1,margin,"m=0.3, theta=0.2891",test,B9724848-C7E2-45F4-9B3F-A1F38D864495,15,484,22,22,44,78,27,17
sensitivity_1,margin,"m=0.3, theta=0.2891",test,B9724848-C7E2-45F4-9B3F-A1F38D864495,16,1013,25,24,49,158,25,16
sensitivity_1,margin,"m=0.3, theta=0.2891",test,BE3CA5A6-A561-4BBD-B7C9-5DF6805400FC,18,223,2,2,4,5,2,2
sensitivity_1,margin,"m=0.3, theta=0.2891",test,BE3CA5A6-A561-4BBD-B7C9-5DF6805400FC,19,1410,8,8,16,21,8,7
sensitivity_1,margin,"m=0.3, theta=0.2891",test,C48CE857-A0DD-4DDB-BEA5-3A25449B2153,34,134,0,0,0,0,0,0
sensitivity_1,margin,"m=0.3, theta=0.2891",test,C48CE857-A0DD-4DDB-BEA5-3A25449B2153,35,109,0,0,0,0,0,0
sensitivity_1,margin,"m=0.3, theta=0.2891",test,C48CE857-A0DD-4DDB-BEA5-3A25449B2153,36,169,0,0,0,0,0,0
sensitivity_1,margin,"m=0.3, theta=0.2891",test,C48CE857-A0DD-4DDB-BEA5-3A25449B2153,37,133,0,0,0,0,0,0
sensitivity_1,margin,"m=0.3, theta=0.2891",test,C48CE857-A0DD-4DDB-BEA5-3A25449B2153,38,307,2,2,4,4,2,2
sensitivity_1,margin,"m=0.3, theta=0.2891",test,C48CE857-A0DD-4DDB-BEA5-3A25449B2153,39,85,0,0,0,0,0,0
sensitivity_1,margin,"m=0.3, theta=0.2891",test,CA820D43-E5E2-42EF-9798-BE56F776370B,10,997,22,22,44,34,26,22
sensitivity_1,margin,"m=0.3, theta=0.2891",test,CA820D43-E5E2-42EF-9798-BE56F776370B,12,546,16,16,32,27,21,16
sensitivity_1,margin,"m=0.3, theta=0.2891",test,CDA3BBF7-6631-45E8-85BA-EEB416B32A3C,5,537,1,1,2,1,1,1
sensitivity_1,margin,"m=0.3, theta=0.2891",test,CF722AA9-2533-4E51-9FEB-9EAC84EE9AAC,11,112,0,0,0,0,0,0
sensitivity_1,margin,"m=0.3, theta=0.2891",test,CF722AA9-2533-4E51-9FEB-9EAC84EE9AAC,12,371,5,5,10,7,5,5
sensitivity_1,margin,"m=0.3, theta=0.2891",test,CF722AA9-2533-4E51-9FEB-9EAC84EE9AAC,13,138,2,2,4,3,2,2
sensitivity_1,margin,"m=0.3, theta=0.2891",test,CF722AA9-2533-4E51-9FEB-9EAC84EE9AAC,14,73,6,6,12,14,8,5
sensitivity_1,margin,"m=0.3, theta=0.2891",test,D7D20E2E-FC78-405D-B346-DBD3FD8FC92B,14,121,0,0,0,0,0,0
sensitivity_1,margin,"m=0.3, theta=0.2891",test,D7D20E2E-FC78-405D-B346-DBD3FD8FC92B,15,826,13,13,26,26,15,12
sensitivity_1,margin,"m=0.3, theta=0.2891",test,D7D20E2E-FC78-405D-B346-DBD3FD8FC92B,16,265,2,2,4,8,1,1
sensitivity_1,margin,"m=0.3, theta=0.2891",test,E65577C1-8D5D-4F70-AF23-B3ADB9D3DBA3,5,657,24,24,48,128,30,17
sensitivity_1,margin,"m=0.3, theta=0.2891",test,ECECC2AB-D32F-4F90-B74C-E12A1C69BBE2,17,603,2,2,4,2,2,2
sensitivity_1,margin,"m=0.3, theta=0.2891",test,ECECC2AB-D32F-4F90-B74C-E12A1C69BBE2,18,74,0,0,0,0,0,0
sensitivity_1,margin,"m=0.3, theta=0.2891",test,FDAA70A1-42A3-4E3F-9AE3-3FDA412E03BF,20,966,11,11,22,37,12,9
sensitivity_1,hysteresis,"m=0.3, T=2, theta=0.5498",test,00EABED2-271D-49D8-B599-1D4A09240601,25,300,3,3,6,43,1,1
sensitivity_1,hysteresis,"m=0.3, T=2, theta=0.5498",test,00EABED2-271D-49D8-B599-1D4A09240601,42,96,3,2,5,83,1,1
sensitivity_1,hysteresis,"m=0.3, T=2, theta=0.5498",test,00EABED2-271D-49D8-B599-1D4A09240601,44,12,1,0,1,9,0,0
sensitivity_1,hysteresis,"m=0.3, T=2, theta=0.5498",test,098A72A5-E3E5-4F54-A152-BBDA0DF7B694,15,114,0,0,0,0,0,0
sensitivity_1,hysteresis,"m=0.3, T=2, theta=0.5498",test,098A72A5-E3E5-4F54-A152-BBDA0DF7B694,16,733,2,2,4,6,2,2
sensitivity_1,hysteresis,"m=0.3, T=2, theta=0.5498",test,098A72A5-E3E5-4F54-A152-BBDA0DF7B694,17,292,0,0,0,0,0,0
sensitivity_1,hysteresis,"m=0.3, T=2, theta=0.5498",test,098A72A5-E3E5-4F54-A152-BBDA0DF7B694,18,91,0,0,0,0,0,0
sensitivity_1,hysteresis,"m=0.3, T=2, theta=0.5498",test,098A72A5-E3E5-4F54-A152-BBDA0DF7B694,19,104,1,1,2,4,1,1
sensitivity_1,hysteresis,"m=0.3, T=2, theta=0.5498",test,0A986513-7828-4D53-AA1F-E02D6DF9561B,8,763,8,7,15,64,5,4
sensitivity_1,hysteresis,"m=0.3, T=2, theta=0.5498",test,11B5EC4D-4133-4289-B475-4E737182A406,7,1407,9,9,18,73,6,6
sensitivity_1,hysteresis,"m=0.3, T=2, theta=0.5498",test,11B5EC4D-4133-4289-B475-4E737182A406,8,333,3,3,6,18,2,2
sensitivity_1,hysteresis,"m=0.3, T=2, theta=0.5498",test,136562B6-95B2-483D-88DC-065F28409FD2,22,145,2,1,3,45,0,0
sensitivity_1,hysteresis,"m=0.3, T=2, theta=0.5498",test,136562B6-95B2-483D-88DC-065F28409FD2,23,747,7,7,14,171,2,1
sensitivity_1,hysteresis,"m=0.3, T=2, theta=0.5498",test,136562B6-95B2-483D-88DC-065F28409FD2,24,323,5,5,10,79,0,0
sensitivity_1,hysteresis,"m=0.3, T=2, theta=0.5498",test,1538C99F-BA1E-4EFB-A949-6C7C47701B20,30,406,2,2,4,5,2,2
sensitivity_1,hysteresis,"m=0.3, T=2, theta=0.5498",test,1538C99F-BA1E-4EFB-A949-6C7C47701B20,31,875,12,12,24,56,13,10
sensitivity_1,hysteresis,"m=0.3, T=2, theta=0.5498",test,24E40C4C-A349-4F9F-93AB-01D00FB994AF,18,68,0,0,0,0,0,0
sensitivity_1,hysteresis,"m=0.3, T=2, theta=0.5498",test,24E40C4C-A349-4F9F-93AB-01D00FB994AF,19,374,1,1,2,14,0,0
sensitivity_1,hysteresis,"m=0.3, T=2, theta=0.5498",test,24E40C4C-A349-4F9F-93AB-01D00FB994AF,20,166,2,2,4,13,1,1
sensitivity_1,hysteresis,"m=0.3, T=2, theta=0.5498",test,24E40C4C-A349-4F9F-93AB-01D00FB994AF,21,120,1,1,2,6,0,0
sensitivity_1,hysteresis,"m=0.3, T=2, theta=0.5498",test,24E40C4C-A349-4F9F-93AB-01D00FB994AF,22,198,0,0,0,0,0,0
sensitivity_1,hysteresis,"m=0.3, T=2, theta=0.5498",test,2C32C23E-E30C-498A-8DD2-0EFB9150A02E,11,377,4,4,8,20,3,3
sensitivity_1,hysteresis,"m=0.3, T=2, theta=0.5498",test,2C32C23E-E30C-498A-8DD2-0EFB9150A02E,12,1298,11,10,21,77,5,5
sensitivity_1,hysteresis,"m=0.3, T=2, theta=0.5498",test,3600D531-0C55-44A7-AE95-A7A38519464E,27,170,2,1,3,43,0,0
sensitivity_1,hysteresis,"m=0.3, T=2, theta=0.5498",test,3600D531-0C55-44A7-AE95-A7A38519464E,28,205,3,2,5,8,2,2
sensitivity_1,hysteresis,"m=0.3, T=2, theta=0.5498",test,3600D531-0C55-44A7-AE95-A7A38519464E,31,23,0,0,0,0,0,0
sensitivity_1,hysteresis,"m=0.3, T=2, theta=0.5498",test,3600D531-0C55-44A7-AE95-A7A38519464E,32,612,15,15,30,189,6,6
sensitivity_1,hysteresis,"m=0.3, T=2, theta=0.5498",test,3600D531-0C55-44A7-AE95-A7A38519464E,33,22,0,0,0,0,0,0
sensitivity_1,hysteresis,"m=0.3, T=2, theta=0.5498",test,4FC32141-E888-4BFF-8804-12559A491D8C,12,67,1,0,1,53,0,0
sensitivity_1,hysteresis,"m=0.3, T=2, theta=0.5498",test,4FC32141-E888-4BFF-8804-12559A491D8C,13,164,0,0,0,0,0,0
sensitivity_1,hysteresis,"m=0.3, T=2, theta=0.5498",test,4FC32141-E888-4BFF-8804-12559A491D8C,14,59,1,1,2,20,0,0
sensitivity_1,hysteresis,"m=0.3, T=2, theta=0.5498",test,4FC32141-E888-4BFF-8804-12559A491D8C,15,677,0,0,0,0,0,0
sensitivity_1,hysteresis,"m=0.3, T=2, theta=0.5498",test,5119D0F8-FCA8-4184-A4EB-19421A40DE0D,11,461,5,5,10,68,2,2
sensitivity_1,hysteresis,"m=0.3, T=2, theta=0.5498",test,5119D0F8-FCA8-4184-A4EB-19421A40DE0D,12,125,3,3,6,32,2,1
sensitivity_1,hysteresis,"m=0.3, T=2, theta=0.5498",test,5119D0F8-FCA8-4184-A4EB-19421A40DE0D,13,709,8,7,15,72,4,3
sensitivity_1,hysteresis,"m=0.3, T=2, theta=0.5498",test,5152A2DF-FAF3-4BA8-9CA9-E66B32671A53,9,775,13,13,26,136,7,6
sensitivity_1,hysteresis,"m=0.3, T=2, theta=0.5498",test,5152A2DF-FAF3-4BA8-9CA9-E66B32671A53,10,501,4,4,8,32,1,0
sensitivity_1,hysteresis,"m=0.3, T=2, theta=0.5498",test,5152A2DF-FAF3-4BA8-9CA9-E66B32671A53,11,19,0,0,0,0,0,0
sensitivity_1,hysteresis,"m=0.3, T=2, theta=0.5498",test,5EF64122-B513-46AE-BCF1-E62AAC285D2C,12,178,2,2,4,25,0,0
sensitivity_1,hysteresis,"m=0.3, T=2, theta=0.5498",test,5EF64122-B513-46AE-BCF1-E62AAC285D2C,13,576,5,4,9,13,5,4
sensitivity_1,hysteresis,"m=0.3, T=2, theta=0.5498",test,61976C24-1C50-4355-9C49-AAE44A7D09F6,48,1717,11,11,22,88,6,6
sensitivity_1,hysteresis,"m=0.3, T=2, theta=0.5498",test,78A91A4E-4A51-4065-BDA7-94755F0BB3BB,8,2371,47,46,93,601,29,19
sensitivity_1,hysteresis,"m=0.3, T=2, theta=0.5498",test,7CE37510-56D0-4120-A1CF-0E23351428D2,8,1924,13,12,25,143,6,5
sensitivity_1,hysteresis,"m=0.3, T=2, theta=0.5498",test,8023FE1A-D3B0-4E2C-A57A-9321B7FC755F,26,745,15,15,30,199,8,6
sensitivity_1,hysteresis,"m=0.3, T=2, theta=0.5498",test,8023FE1A-D3B0-4E2C-A57A-9321B7FC755F,27,1064,7,7,14,222,3,3
sensitivity_1,hysteresis,"m=0.3, T=2, theta=0.5498",test,83CF687B-7CEC-434B-9FE8-00C3D5799BE6,9,1394,12,12,24,348,2,1
sensitivity_1,hysteresis,"m=0.3, T=2, theta=0.5498",test,83CF687B-7CEC-434B-9FE8-00C3D5799BE6,10,485,6,6,12,49,4,4
sensitivity_1,hysteresis,"m=0.3, T=2, theta=0.5498",test,9759096F-1119-4E19-A0AD-6F16989C7E1C,6,776,5,5,10,217,3,1
sensitivity_1,hysteresis,"m=0.3, T=2, theta=0.5498",test,9759096F-1119-4E19-A0AD-6F16989C7E1C,7,1178,6,6,12,26,4,4
sensitivity_1,hysteresis,"m=0.3, T=2, theta=0.5498",test,9DC38D04-E82E-4F29-AB52-B476535226F2,20,1909,13,13,26,268,4,3
sensitivity_1,hysteresis,"m=0.3, T=2, theta=0.5498",test,A5CDF89D-02A2-4EC1-89F8-F534FDABDD96,16,350,3,3,6,9,3,3
sensitivity_1,hysteresis,"m=0.3, T=2, theta=0.5498",test,A5CDF89D-02A2-4EC1-89F8-F534FDABDD96,17,470,10,10,20,90,6,3
sensitivity_1,hysteresis,"m=0.3, T=2, theta=0.5498",test,A5CDF89D-02A2-4EC1-89F8-F534FDABDD96,18,359,1,1,2,2,1,1
sensitivity_1,hysteresis,"m=0.3, T=2, theta=0.5498",test,A76A5AF5-5A93-4CF2-A16E-62353BB70E8A,4,555,0,0,0,0,0,0
sensitivity_1,hysteresis,"m=0.3, T=2, theta=0.5498",test,A76A5AF5-5A93-4CF2-A16E-62353BB70E8A,5,920,0,0,0,0,0,0
sensitivity_1,hysteresis,"m=0.3, T=2, theta=0.5498",test,B09E373F-8A54-44C8-895B-0039390B859F,11,566,1,1,2,5,1,1
sensitivity_1,hysteresis,"m=0.3, T=2, theta=0.5498",test,B09E373F-8A54-44C8-895B-0039390B859F,12,833,5,4,9,9,4,4
sensitivity_1,hysteresis,"m=0.3, T=2, theta=0.5498",test,B09E373F-8A54-44C8-895B-0039390B859F,14,198,2,2,4,16,1,1
sensitivity_1,hysteresis,"m=0.3, T=2, theta=0.5498",test,B9724848-C7E2-45F4-9B3F-A1F38D864495,15,484,6,5,11,228,2,1
sensitivity_1,hysteresis,"m=0.3, T=2, theta=0.5498",test,B9724848-C7E2-45F4-9B3F-A1F38D864495,16,1013,11,10,21,253,7,5
sensitivity_1,hysteresis,"m=0.3, T=2, theta=0.5498",test,BE3CA5A6-A561-4BBD-B7C9-5DF6805400FC,18,223,3,2,5,99,0,0
sensitivity_1,hysteresis,"m=0.3, T=2, theta=0.5498",test,BE3CA5A6-A561-4BBD-B7C9-5DF6805400FC,19,1410,19,19,38,417,3,2
sensitivity_1,hysteresis,"m=0.3, T=2, theta=0.5498",test,C48CE857-A0DD-4DDB-BEA5-3A25449B2153,34,134,1,1,2,19,0,0
sensitivity_1,hysteresis,"m=0.3, T=2, theta=0.5498",test,C48CE857-A0DD-4DDB-BEA5-3A25449B2153,35,109,0,0,0,0,0,0
sensitivity_1,hysteresis,"m=0.3, T=2, theta=0.5498",test,C48CE857-A0DD-4DDB-BEA5-3A25449B2153,36,169,0,0,0,0,0,0
sensitivity_1,hysteresis,"m=0.3, T=2, theta=0.5498",test,C48CE857-A0DD-4DDB-BEA5-3A25449B2153,37,133,0,0,0,0,0,0
sensitivity_1,hysteresis,"m=0.3, T=2, theta=0.5498",test,C48CE857-A0DD-4DDB-BEA5-3A25449B2153,38,307,2,2,4,24,1,1
sensitivity_1,hysteresis,"m=0.3, T=2, theta=0.5498",test,C48CE857-A0DD-4DDB-BEA5-3A25449B2153,39,85,0,0,0,0,0,0
sensitivity_1,hysteresis,"m=0.3, T=2, theta=0.5498",test,CA820D43-E5E2-42EF-9798-BE56F776370B,10,997,18,18,36,226,13,9
sensitivity_1,hysteresis,"m=0.3, T=2, theta=0.5498",test,CA820D43-E5E2-42EF-9798-BE56F776370B,12,546,8,8,16,170,1,1
sensitivity_1,hysteresis,"m=0.3, T=2, theta=0.5498",test,CDA3BBF7-6631-45E8-85BA-EEB416B32A3C,5,537,1,1,2,5,1,1
sensitivity_1,hysteresis,"m=0.3, T=2, theta=0.5498",test,CF722AA9-2533-4E51-9FEB-9EAC84EE9AAC,11,112,0,0,0,0,0,0
sensitivity_1,hysteresis,"m=0.3, T=2, theta=0.5498",test,CF722AA9-2533-4E51-9FEB-9EAC84EE9AAC,12,371,3,3,6,24,0,0
sensitivity_1,hysteresis,"m=0.3, T=2, theta=0.5498",test,CF722AA9-2533-4E51-9FEB-9EAC84EE9AAC,13,138,4,4,8,25,3,2
sensitivity_1,hysteresis,"m=0.3, T=2, theta=0.5498",test,CF722AA9-2533-4E51-9FEB-9EAC84EE9AAC,14,73,3,3,6,41,2,2
sensitivity_1,hysteresis,"m=0.3, T=2, theta=0.5498",test,D7D20E2E-FC78-405D-B346-DBD3FD8FC92B,14,121,1,1,2,17,0,0
sensitivity_1,hysteresis,"m=0.3, T=2, theta=0.5498",test,D7D20E2E-FC78-405D-B346-DBD3FD8FC92B,15,826,10,10,20,126,2,2
sensitivity_1,hysteresis,"m=0.3, T=2, theta=0.5498",test,D7D20E2E-FC78-405D-B346-DBD3FD8FC92B,16,265,1,1,2,10,0,0
sensitivity_1,hysteresis,"m=0.3, T=2, theta=0.5498",test,E65577C1-8D5D-4F70-AF23-B3ADB9D3DBA3,5,657,6,6,12,234,4,2
sensitivity_1,hysteresis,"m=0.3, T=2, theta=0.5498",test,ECECC2AB-D32F-4F90-B74C-E12A1C69BBE2,17,603,0,0,0,0,0,0
sensitivity_1,hysteresis,"m=0.3, T=2, theta=0.5498",test,ECECC2AB-D32F-4F90-B74C-E12A1C69BBE2,18,74,1,1,2,3,1,1
sensitivity_1,hysteresis,"m=0.3, T=2, theta=0.5498",test,FDAA70A1-42A3-4E3F-9AE3-3FDA412E03BF,20,966,10,9,19,150,5,4
sensitivity_1,trust,"r=0.5, tau=0.5, theta=0.6225",test,00EABED2-271D-49D8-B599-1D4A09240601,25,300,2,1,3,58,0,0
sensitivity_1,trust,"r=0.5, tau=0.5, theta=0.6225",test,00EABED2-271D-49D8-B599-1D4A09240601,42,96,3,2,5,92,3,1
sensitivity_1,trust,"r=0.5, tau=0.5, theta=0.6225",test,00EABED2-271D-49D8-B599-1D4A09240601,44,12,1,0,1,9,0,0
sensitivity_1,trust,"r=0.5, tau=0.5, theta=0.6225",test,098A72A5-E3E5-4F54-A152-BBDA0DF7B694,15,114,0,0,0,0,0,0
sensitivity_1,trust,"r=0.5, tau=0.5, theta=0.6225",test,098A72A5-E3E5-4F54-A152-BBDA0DF7B694,16,733,4,4,8,26,3,3
sensitivity_1,trust,"r=0.5, tau=0.5, theta=0.6225",test,098A72A5-E3E5-4F54-A152-BBDA0DF7B694,17,292,3,3,6,3,5,3
sensitivity_1,trust,"r=0.5, tau=0.5, theta=0.6225",test,098A72A5-E3E5-4F54-A152-BBDA0DF7B694,18,91,0,0,0,0,0,0
sensitivity_1,trust,"r=0.5, tau=0.5, theta=0.6225",test,098A72A5-E3E5-4F54-A152-BBDA0DF7B694,19,104,2,2,4,18,1,0
sensitivity_1,trust,"r=0.5, tau=0.5, theta=0.6225",test,0A986513-7828-4D53-AA1F-E02D6DF9561B,8,763,15,15,30,146,20,10
sensitivity_1,trust,"r=0.5, tau=0.5, theta=0.6225",test,11B5EC4D-4133-4289-B475-4E737182A406,7,1407,9,9,18,101,7,4
sensitivity_1,trust,"r=0.5, tau=0.5, theta=0.6225",test,11B5EC4D-4133-4289-B475-4E737182A406,8,333,2,2,4,3,2,2
sensitivity_1,trust,"r=0.5, tau=0.5, theta=0.6225",test,136562B6-95B2-483D-88DC-065F28409FD2,22,145,1,0,1,57,0,0
sensitivity_1,trust,"r=0.5, tau=0.5, theta=0.6225",test,136562B6-95B2-483D-88DC-065F28409FD2,23,747,6,6,12,234,1,0
sensitivity_1,trust,"r=0.5, tau=0.5, theta=0.6225",test,136562B6-95B2-483D-88DC-065F28409FD2,24,323,8,7,15,155,6,2
sensitivity_1,trust,"r=0.5, tau=0.5, theta=0.6225",test,1538C99F-BA1E-4EFB-A949-6C7C47701B20,30,406,1,1,2,1,1,1
sensitivity_1,trust,"r=0.5, tau=0.5, theta=0.6225",test,1538C99F-BA1E-4EFB-A949-6C7C47701B20,31,875,10,10,20,84,11,6
sensitivity_1,trust,"r=0.5, tau=0.5, theta=0.6225",test,24E40C4C-A349-4F9F-93AB-01D00FB994AF,18,68,0,0,0,0,0,0
sensitivity_1,trust,"r=0.5, tau=0.5, theta=0.6225",test,24E40C4C-A349-4F9F-93AB-01D00FB994AF,19,374,3,2,5,113,2,1
sensitivity_1,trust,"r=0.5, tau=0.5, theta=0.6225",test,24E40C4C-A349-4F9F-93AB-01D00FB994AF,20,166,2,1,3,53,1,1
sensitivity_1,trust,"r=0.5, tau=0.5, theta=0.6225",test,24E40C4C-A349-4F9F-93AB-01D00FB994AF,21,120,4,3,7,21,4,2
sensitivity_1,trust,"r=0.5, tau=0.5, theta=0.6225",test,24E40C4C-A349-4F9F-93AB-01D00FB994AF,22,198,4,4,8,80,4,2
sensitivity_1,trust,"r=0.5, tau=0.5, theta=0.6225",test,2C32C23E-E30C-498A-8DD2-0EFB9150A02E,11,377,4,4,8,9,5,4
sensitivity_1,trust,"r=0.5, tau=0.5, theta=0.6225",test,2C32C23E-E30C-498A-8DD2-0EFB9150A02E,12,1298,13,12,25,92,8,6
sensitivity_1,trust,"r=0.5, tau=0.5, theta=0.6225",test,3600D531-0C55-44A7-AE95-A7A38519464E,27,170,4,3,7,83,4,2
sensitivity_1,trust,"r=0.5, tau=0.5, theta=0.6225",test,3600D531-0C55-44A7-AE95-A7A38519464E,28,205,3,2,5,4,3,2
sensitivity_1,trust,"r=0.5, tau=0.5, theta=0.6225",test,3600D531-0C55-44A7-AE95-A7A38519464E,31,23,1,0,1,3,0,0
sensitivity_1,trust,"r=0.5, tau=0.5, theta=0.6225",test,3600D531-0C55-44A7-AE95-A7A38519464E,32,612,15,14,29,468,15,6
sensitivity_1,trust,"r=0.5, tau=0.5, theta=0.6225",test,3600D531-0C55-44A7-AE95-A7A38519464E,33,22,1,0,1,1,0,0
sensitivity_1,trust,"r=0.5, tau=0.5, theta=0.6225",test,4FC32141-E888-4BFF-8804-12559A491D8C,12,67,1,0,1,52,0,0
sensitivity_1,trust,"r=0.5, tau=0.5, theta=0.6225",test,4FC32141-E888-4BFF-8804-12559A491D8C,13,164,0,0,0,0,0,0
sensitivity_1,trust,"r=0.5, tau=0.5, theta=0.6225",test,4FC32141-E888-4BFF-8804-12559A491D8C,14,59,1,1,2,24,0,0
sensitivity_1,trust,"r=0.5, tau=0.5, theta=0.6225",test,4FC32141-E888-4BFF-8804-12559A491D8C,15,677,1,1,2,30,0,0
sensitivity_1,trust,"r=0.5, tau=0.5, theta=0.6225",test,5119D0F8-FCA8-4184-A4EB-19421A40DE0D,11,461,6,6,12,116,4,2
sensitivity_1,trust,"r=0.5, tau=0.5, theta=0.6225",test,5119D0F8-FCA8-4184-A4EB-19421A40DE0D,12,125,2,2,4,70,1,1
sensitivity_1,trust,"r=0.5, tau=0.5, theta=0.6225",test,5119D0F8-FCA8-4184-A4EB-19421A40DE0D,13,709,9,8,17,178,5,3
sensitivity_1,trust,"r=0.5, tau=0.5, theta=0.6225",test,5152A2DF-FAF3-4BA8-9CA9-E66B32671A53,9,775,20,19,39,229,22,12
sensitivity_1,trust,"r=0.5, tau=0.5, theta=0.6225",test,5152A2DF-FAF3-4BA8-9CA9-E66B32671A53,10,501,13,13,26,181,13,5
sensitivity_1,trust,"r=0.5, tau=0.5, theta=0.6225",test,5152A2DF-FAF3-4BA8-9CA9-E66B32671A53,11,19,0,0,0,0,0,0
sensitivity_1,trust,"r=0.5, tau=0.5, theta=0.6225",test,5EF64122-B513-46AE-BCF1-E62AAC285D2C,12,178,2,2,4,39,0,0
sensitivity_1,trust,"r=0.5, tau=0.5, theta=0.6225",test,5EF64122-B513-46AE-BCF1-E62AAC285D2C,13,576,2,1,3,6,1,1
sensitivity_1,trust,"r=0.5, tau=0.5, theta=0.6225",test,61976C24-1C50-4355-9C49-AAE44A7D09F6,48,1717,16,16,32,103,14,10
sensitivity_1,trust,"r=0.5, tau=0.5, theta=0.6225",test,78A91A4E-4A51-4065-BDA7-94755F0BB3BB,8,2371,26,25,51,659,14,6
sensitivity_1,trust,"r=0.5, tau=0.5, theta=0.6225",test,7CE37510-56D0-4120-A1CF-0E23351428D2,8,1924,12,11,23,190,5,4
sensitivity_1,trust,"r=0.5, tau=0.5, theta=0.6225",test,8023FE1A-D3B0-4E2C-A57A-9321B7FC755F,26,745,17,17,34,212,18,11
sensitivity_1,trust,"r=0.5, tau=0.5, theta=0.6225",test,8023FE1A-D3B0-4E2C-A57A-9321B7FC755F,27,1064,8,8,16,226,6,4
sensitivity_1,trust,"r=0.5, tau=0.5, theta=0.6225",test,83CF687B-7CEC-434B-9FE8-00C3D5799BE6,9,1394,10,10,20,435,6,3
sensitivity_1,trust,"r=0.5, tau=0.5, theta=0.6225",test,83CF687B-7CEC-434B-9FE8-00C3D5799BE6,10,485,7,7,14,73,5,4
sensitivity_1,trust,"r=0.5, tau=0.5, theta=0.6225",test,9759096F-1119-4E19-A0AD-6F16989C7E1C,6,776,4,4,8,282,3,1
sensitivity_1,trust,"r=0.5, tau=0.5, theta=0.6225",test,9759096F-1119-4E19-A0AD-6F16989C7E1C,7,1178,5,5,10,52,4,1
sensitivity_1,trust,"r=0.5, tau=0.5, theta=0.6225",test,9DC38D04-E82E-4F29-AB52-B476535226F2,20,1909,23,22,45,754,13,7
sensitivity_1,trust,"r=0.5, tau=0.5, theta=0.6225",test,A5CDF89D-02A2-4EC1-89F8-F534FDABDD96,16,350,2,2,4,2,2,2
sensitivity_1,trust,"r=0.5, tau=0.5, theta=0.6225",test,A5CDF89D-02A2-4EC1-89F8-F534FDABDD96,17,470,8,7,15,171,6,2
sensitivity_1,trust,"r=0.5, tau=0.5, theta=0.6225",test,A5CDF89D-02A2-4EC1-89F8-F534FDABDD96,18,359,1,1,2,1,1,1
sensitivity_1,trust,"r=0.5, tau=0.5, theta=0.6225",test,A76A5AF5-5A93-4CF2-A16E-62353BB70E8A,4,555,0,0,0,0,0,0
sensitivity_1,trust,"r=0.5, tau=0.5, theta=0.6225",test,A76A5AF5-5A93-4CF2-A16E-62353BB70E8A,5,920,0,0,0,0,0,0
sensitivity_1,trust,"r=0.5, tau=0.5, theta=0.6225",test,B09E373F-8A54-44C8-895B-0039390B859F,11,566,0,0,0,0,0,0
sensitivity_1,trust,"r=0.5, tau=0.5, theta=0.6225",test,B09E373F-8A54-44C8-895B-0039390B859F,12,833,2,1,3,36,0,0
sensitivity_1,trust,"r=0.5, tau=0.5, theta=0.6225",test,B09E373F-8A54-44C8-895B-0039390B859F,14,198,3,3,6,92,1,1
sensitivity_1,trust,"r=0.5, tau=0.5, theta=0.6225",test,B9724848-C7E2-45F4-9B3F-A1F38D864495,15,484,5,4,9,245,3,1
sensitivity_1,trust,"r=0.5, tau=0.5, theta=0.6225",test,B9724848-C7E2-45F4-9B3F-A1F38D864495,16,1013,6,6,12,277,4,4
sensitivity_1,trust,"r=0.5, tau=0.5, theta=0.6225",test,BE3CA5A6-A561-4BBD-B7C9-5DF6805400FC,18,223,1,0,1,120,0,0
sensitivity_1,trust,"r=0.5, tau=0.5, theta=0.6225",test,BE3CA5A6-A561-4BBD-B7C9-5DF6805400FC,19,1410,21,20,41,499,8,4
sensitivity_1,trust,"r=0.5, tau=0.5, theta=0.6225",test,C48CE857-A0DD-4DDB-BEA5-3A25449B2153,34,134,1,1,2,22,0,0
sensitivity_1,trust,"r=0.5, tau=0.5, theta=0.6225",test,C48CE857-A0DD-4DDB-BEA5-3A25449B2153,35,109,0,0,0,0,0,0
sensitivity_1,trust,"r=0.5, tau=0.5, theta=0.6225",test,C48CE857-A0DD-4DDB-BEA5-3A25449B2153,36,169,0,0,0,0,0,0
sensitivity_1,trust,"r=0.5, tau=0.5, theta=0.6225",test,C48CE857-A0DD-4DDB-BEA5-3A25449B2153,37,133,0,0,0,0,0,0
sensitivity_1,trust,"r=0.5, tau=0.5, theta=0.6225",test,C48CE857-A0DD-4DDB-BEA5-3A25449B2153,38,307,5,5,10,22,7,4
sensitivity_1,trust,"r=0.5, tau=0.5, theta=0.6225",test,C48CE857-A0DD-4DDB-BEA5-3A25449B2153,39,85,0,0,0,0,0,0
sensitivity_1,trust,"r=0.5, tau=0.5, theta=0.6225",test,CA820D43-E5E2-42EF-9798-BE56F776370B,10,997,20,20,40,293,19,11
sensitivity_1,trust,"r=0.5, tau=0.5, theta=0.6225",test,CA820D43-E5E2-42EF-9798-BE56F776370B,12,546,7,7,14,191,1,1
sensitivity_1,trust,"r=0.5, tau=0.5, theta=0.6225",test,CDA3BBF7-6631-45E8-85BA-EEB416B32A3C,5,537,0,0,0,0,0,0
sensitivity_1,trust,"r=0.5, tau=0.5, theta=0.6225",test,CF722AA9-2533-4E51-9FEB-9EAC84EE9AAC,11,112,0,0,0,0,0,0
sensitivity_1,trust,"r=0.5, tau=0.5, theta=0.6225",test,CF722AA9-2533-4E51-9FEB-9EAC84EE9AAC,12,371,3,3,6,27,1,1
sensitivity_1,trust,"r=0.5, tau=0.5, theta=0.6225",test,CF722AA9-2533-4E51-9FEB-9EAC84EE9AAC,13,138,5,5,10,27,7,4
sensitivity_1,trust,"r=0.5, tau=0.5, theta=0.6225",test,CF722AA9-2533-4E51-9FEB-9EAC84EE9AAC,14,73,4,4,8,36,4,3
sensitivity_1,trust,"r=0.5, tau=0.5, theta=0.6225",test,D7D20E2E-FC78-405D-B346-DBD3FD8FC92B,14,121,2,2,4,25,1,1
sensitivity_1,trust,"r=0.5, tau=0.5, theta=0.6225",test,D7D20E2E-FC78-405D-B346-DBD3FD8FC92B,15,826,11,10,21,240,9,4
sensitivity_1,trust,"r=0.5, tau=0.5, theta=0.6225",test,D7D20E2E-FC78-405D-B346-DBD3FD8FC92B,16,265,2,2,4,15,1,1
sensitivity_1,trust,"r=0.5, tau=0.5, theta=0.6225",test,E65577C1-8D5D-4F70-AF23-B3ADB9D3DBA3,5,657,5,5,10,249,5,2
sensitivity_1,trust,"r=0.5, tau=0.5, theta=0.6225",test,ECECC2AB-D32F-4F90-B74C-E12A1C69BBE2,17,603,1,1,2,21,0,0
sensitivity_1,trust,"r=0.5, tau=0.5, theta=0.6225",test,ECECC2AB-D32F-4F90-B74C-E12A1C69BBE2,18,74,1,1,2,18,0,0
sensitivity_1,trust,"r=0.5, tau=0.5, theta=0.6225",test,FDAA70A1-42A3-4E3F-9AE3-3FDA412E03BF,20,966,11,10,21,211,7,4
sensitivity_1,sprt,"alpha=0.01, beta=0.2687",test,00EABED2-271D-49D8-B599-1D4A09240601,25,300,4,3,7,58,3,2
sensitivity_1,sprt,"alpha=0.01, beta=0.2687",test,00EABED2-271D-49D8-B599-1D4A09240601,42,96,2,1,3,76,0,0
sensitivity_1,sprt,"alpha=0.01, beta=0.2687",test,00EABED2-271D-49D8-B599-1D4A09240601,44,12,1,0,1,10,0,0
sensitivity_1,sprt,"alpha=0.01, beta=0.2687",test,098A72A5-E3E5-4F54-A152-BBDA0DF7B694,15,114,2,2,4,6,2,2
sensitivity_1,sprt,"alpha=0.01, beta=0.2687",test,098A72A5-E3E5-4F54-A152-BBDA0DF7B694,16,733,4,4,8,19,3,3
sensitivity_1,sprt,"alpha=0.01, beta=0.2687",test,098A72A5-E3E5-4F54-A152-BBDA0DF7B694,17,292,1,0,1,2,0,0
sensitivity_1,sprt,"alpha=0.01, beta=0.2687",test,098A72A5-E3E5-4F54-A152-BBDA0DF7B694,18,91,1,1,2,5,1,1
sensitivity_1,sprt,"alpha=0.01, beta=0.2687",test,098A72A5-E3E5-4F54-A152-BBDA0DF7B694,19,104,1,1,2,7,0,0
sensitivity_1,sprt,"alpha=0.01, beta=0.2687",test,0A986513-7828-4D53-AA1F-E02D6DF9561B,8,763,22,22,44,137,18,13
sensitivity_1,sprt,"alpha=0.01, beta=0.2687",test,11B5EC4D-4133-4289-B475-4E737182A406,7,1407,8,8,16,93,3,3
sensitivity_1,sprt,"alpha=0.01, beta=0.2687",test,11B5EC4D-4133-4289-B475-4E737182A406,8,333,4,4,8,19,2,2
sensitivity_1,sprt,"alpha=0.01, beta=0.2687",test,136562B6-95B2-483D-88DC-065F28409FD2,22,145,2,1,3,35,0,0
sensitivity_1,sprt,"alpha=0.01, beta=0.2687",test,136562B6-95B2-483D-88DC-065F28409FD2,23,747,5,5,10,142,1,0
sensitivity_1,sprt,"alpha=0.01, beta=0.2687",test,136562B6-95B2-483D-88DC-065F28409FD2,24,323,4,4,8,59,0,0
sensitivity_1,sprt,"alpha=0.01, beta=0.2687",test,1538C99F-BA1E-4EFB-A949-6C7C47701B20,30,406,2,2,4,2,2,2
sensitivity_1,sprt,"alpha=0.01, beta=0.2687",test,1538C99F-BA1E-4EFB-A949-6C7C47701B20,31,875,6,6,12,62,3,2
sensitivity_1,sprt,"alpha=0.01, beta=0.2687",test,24E40C4C-A349-4F9F-93AB-01D00FB994AF,18,68,0,0,0,0,0,0
sensitivity_1,sprt,"alpha=0.01, beta=0.2687",test,24E40C4C-A349-4F9F-93AB-01D00FB994AF,19,374,1,1,2,15,0,0
sensitivity_1,sprt,"alpha=0.01, beta=0.2687",test,24E40C4C-A349-4F9F-93AB-01D00FB994AF,20,166,0,0,0,0,0,0
sensitivity_1,sprt,"alpha=0.01, beta=0.2687",test,24E40C4C-A349-4F9F-93AB-01D00FB994AF,21,120,1,1,2,6,0,0
sensitivity_1,sprt,"alpha=0.01, beta=0.2687",test,24E40C4C-A349-4F9F-93AB-01D00FB994AF,22,198,0,0,0,0,0,0
sensitivity_1,sprt,"alpha=0.01, beta=0.2687",test,2C32C23E-E30C-498A-8DD2-0EFB9150A02E,11,377,3,3,6,17,2,2
sensitivity_1,sprt,"alpha=0.01, beta=0.2687",test,2C32C23E-E30C-498A-8DD2-0EFB9150A02E,12,1298,14,14,28,64,11,11
sensitivity_1,sprt,"alpha=0.01, beta=0.2687",test,3600D531-0C55-44A7-AE95-A7A38519464E,27,170,3,2,5,68,0,0
sensitivity_1,sprt,"alpha=0.01, beta=0.2687",test,3600D531-0C55-44A7-AE95-A7A38519464E,28,205,3,2,5,15,1,1
sensitivity_1,sprt,"alpha=0.01, beta=0.2687",test,3600D531-0C55-44A7-AE95-A7A38519464E,31,23,4,3,7,8,5,3
sensitivity_1,sprt,"alpha=0.01, beta=0.2687",test,3600D531-0C55-44A7-AE95-A7A38519464E,32,612,13,12,25,71,10,8
sensitivity_1,sprt,"alpha=0.01, beta=0.2687",test,3600D531-0C55-44A7-AE95-A7A38519464E,33,22,0,0,0,0,0,0
sensitivity_1,sprt,"alpha=0.01, beta=0.2687",test,4FC32141-E888-4BFF-8804-12559A491D8C,12,67,2,1,3,48,1,0
sensitivity_1,sprt,"alpha=0.01, beta=0.2687",test,4FC32141-E888-4BFF-8804-12559A491D8C,13,164,0,0,0,0,0,0
sensitivity_1,sprt,"alpha=0.01, beta=0.2687",test,4FC32141-E888-4BFF-8804-12559A491D8C,14,59,0,0,0,0,0,0
sensitivity_1,sprt,"alpha=0.01, beta=0.2687",test,4FC32141-E888-4BFF-8804-12559A491D8C,15,677,0,0,0,0,0,0
sensitivity_1,sprt,"alpha=0.01, beta=0.2687",test,5119D0F8-FCA8-4184-A4EB-19421A40DE0D,11,461,3,3,6,47,1,1
sensitivity_1,sprt,"alpha=0.01, beta=0.2687",test,5119D0F8-FCA8-4184-A4EB-19421A40DE0D,12,125,3,3,6,40,0,0
sensitivity_1,sprt,"alpha=0.01, beta=0.2687",test,5119D0F8-FCA8-4184-A4EB-19421A40DE0D,13,709,7,6,13,53,3,3
sensitivity_1,sprt,"alpha=0.01, beta=0.2687",test,5152A2DF-FAF3-4BA8-9CA9-E66B32671A53,9,775,9,9,18,111,3,3
sensitivity_1,sprt,"alpha=0.01, beta=0.2687",test,5152A2DF-FAF3-4BA8-9CA9-E66B32671A53,10,501,5,5,10,20,5,4
sensitivity_1,sprt,"alpha=0.01, beta=0.2687",test,5152A2DF-FAF3-4BA8-9CA9-E66B32671A53,11,19,0,0,0,0,0,0
sensitivity_1,sprt,"alpha=0.01, beta=0.2687",test,5EF64122-B513-46AE-BCF1-E62AAC285D2C,12,178,1,1,2,14,0,0
sensitivity_1,sprt,"alpha=0.01, beta=0.2687",test,5EF64122-B513-46AE-BCF1-E62AAC285D2C,13,576,2,1,3,6,1,1
sensitivity_1,sprt,"alpha=0.01, beta=0.2687",test,61976C24-1C50-4355-9C49-AAE44A7D09F6,48,1717,11,11,22,60,8,7
sensitivity_1,sprt,"alpha=0.01, beta=0.2687",test,78A91A4E-4A51-4065-BDA7-94755F0BB3BB,8,2371,41,40,81,483,31,22
sensitivity_1,sprt,"alpha=0.01, beta=0.2687",test,7CE37510-56D0-4120-A1CF-0E23351428D2,8,1924,14,13,27,127,8,8
sensitivity_1,sprt,"alpha=0.01, beta=0.2687",test,8023FE1A-D3B0-4E2C-A57A-9321B7FC755F,26,745,18,18,36,188,16,12
sensitivity_1,sprt,"alpha=0.01, beta=0.2687",test,8023FE1A-D3B0-4E2C-A57A-9321B7FC755F,27,1064,15,15,30,224,12,10
sensitivity_1,sprt,"alpha=0.01, beta=0.2687",test,83CF687B-7CEC-434B-9FE8-00C3D5799BE6,9,1394,12,12,24,349,3,1
sensitivity_1,sprt,"alpha=0.01, beta=0.2687",test,83CF687B-7CEC-434B-9FE8-00C3D5799BE6,10,485,5,5,10,55,1,1
sensitivity_1,sprt,"alpha=0.01, beta=0.2687",test,9759096F-1119-4E19-A0AD-6F16989C7E1C,6,776,3,3,6,193,0,0
sensitivity_1,sprt,"alpha=0.01, beta=0.2687",test,9759096F-1119-4E19-A0AD-6F16989C7E1C,7,1178,4,4,8,16,3,3
sensitivity_1,sprt,"alpha=0.01, beta=0.2687",test,9DC38D04-E82E-4F29-AB52-B476535226F2,20,1909,8,7,15,112,1,0
sensitivity_1,sprt,"alpha=0.01, beta=0.2687",test,A5CDF89D-02A2-4EC1-89F8-F534FDABDD96,16,350,5,5,10,24,5,4
sensitivity_1,sprt,"alpha=0.01, beta=0.2687",test,A5CDF89D-02A2-4EC1-89F8-F534FDABDD96,17,470,6,6,12,74,2,2
sensitivity_1,sprt,"alpha=0.01, beta=0.2687",test,A5CDF89D-02A2-4EC1-89F8-F534FDABDD96,18,359,1,1,2,3,1,1
sensitivity_1,sprt,"alpha=0.01, beta=0.2687",test,A76A5AF5-5A93-4CF2-A16E-62353BB70E8A,4,555,0,0,0,0,0,0
sensitivity_1,sprt,"alpha=0.01, beta=0.2687",test,A76A5AF5-5A93-4CF2-A16E-62353BB70E8A,5,920,0,0,0,0,0,0
sensitivity_1,sprt,"alpha=0.01, beta=0.2687",test,B09E373F-8A54-44C8-895B-0039390B859F,11,566,0,0,0,0,0,0
sensitivity_1,sprt,"alpha=0.01, beta=0.2687",test,B09E373F-8A54-44C8-895B-0039390B859F,12,833,3,3,6,5,3,3
sensitivity_1,sprt,"alpha=0.01, beta=0.2687",test,B09E373F-8A54-44C8-895B-0039390B859F,14,198,3,3,6,29,1,1
sensitivity_1,sprt,"alpha=0.01, beta=0.2687",test,B9724848-C7E2-45F4-9B3F-A1F38D864495,15,484,6,5,11,224,2,1
sensitivity_1,sprt,"alpha=0.01, beta=0.2687",test,B9724848-C7E2-45F4-9B3F-A1F38D864495,16,1013,17,16,33,274,13,10
sensitivity_1,sprt,"alpha=0.01, beta=0.2687",test,BE3CA5A6-A561-4BBD-B7C9-5DF6805400FC,18,223,1,1,2,58,0,0
sensitivity_1,sprt,"alpha=0.01, beta=0.2687",test,BE3CA5A6-A561-4BBD-B7C9-5DF6805400FC,19,1410,14,13,27,286,2,2
sensitivity_1,sprt,"alpha=0.01, beta=0.2687",test,C48CE857-A0DD-4DDB-BEA5-3A25449B2153,34,134,1,1,2,8,0,0
sensitivity_1,sprt,"alpha=0.01, beta=0.2687",test,C48CE857-A0DD-4DDB-BEA5-3A25449B2153,35,109,0,0,0,0,0,0
sensitivity_1,sprt,"alpha=0.01, beta=0.2687",test,C48CE857-A0DD-4DDB-BEA5-3A25449B2153,36,169,0,0,0,0,0,0
sensitivity_1,sprt,"alpha=0.01, beta=0.2687",test,C48CE857-A0DD-4DDB-BEA5-3A25449B2153,37,133,0,0,0,0,0,0
sensitivity_1,sprt,"alpha=0.01, beta=0.2687",test,C48CE857-A0DD-4DDB-BEA5-3A25449B2153,38,307,1,1,2,11,0,0
sensitivity_1,sprt,"alpha=0.01, beta=0.2687",test,C48CE857-A0DD-4DDB-BEA5-3A25449B2153,39,85,0,0,0,0,0,0
sensitivity_1,sprt,"alpha=0.01, beta=0.2687",test,CA820D43-E5E2-42EF-9798-BE56F776370B,10,997,16,16,32,179,9,8
sensitivity_1,sprt,"alpha=0.01, beta=0.2687",test,CA820D43-E5E2-42EF-9798-BE56F776370B,12,546,7,7,14,160,3,2
sensitivity_1,sprt,"alpha=0.01, beta=0.2687",test,CDA3BBF7-6631-45E8-85BA-EEB416B32A3C,5,537,1,1,2,9,0,0
sensitivity_1,sprt,"alpha=0.01, beta=0.2687",test,CF722AA9-2533-4E51-9FEB-9EAC84EE9AAC,11,112,0,0,0,0,0,0
sensitivity_1,sprt,"alpha=0.01, beta=0.2687",test,CF722AA9-2533-4E51-9FEB-9EAC84EE9AAC,12,371,4,4,8,27,2,2
sensitivity_1,sprt,"alpha=0.01, beta=0.2687",test,CF722AA9-2533-4E51-9FEB-9EAC84EE9AAC,13,138,2,2,4,7,1,1
sensitivity_1,sprt,"alpha=0.01, beta=0.2687",test,CF722AA9-2533-4E51-9FEB-9EAC84EE9AAC,14,73,3,3,6,39,3,2
sensitivity_1,sprt,"alpha=0.01, beta=0.2687",test,D7D20E2E-FC78-405D-B346-DBD3FD8FC92B,14,121,2,1,3,18,0,0
sensitivity_1,sprt,"alpha=0.01, beta=0.2687",test,D7D20E2E-FC78-405D-B346-DBD3FD8FC92B,15,826,8,8,16,147,3,3
sensitivity_1,sprt,"alpha=0.01, beta=0.2687",test,D7D20E2E-FC78-405D-B346-DBD3FD8FC92B,16,265,2,2,4,10,1,1
sensitivity_1,sprt,"alpha=0.01, beta=0.2687",test,E65577C1-8D5D-4F70-AF23-B3ADB9D3DBA3,5,657,10,10,20,234,10,5
sensitivity_1,sprt,"alpha=0.01, beta=0.2687",test,ECECC2AB-D32F-4F90-B74C-E12A1C69BBE2,17,603,3,3,6,23,2,2
sensitivity_1,sprt,"alpha=0.01, beta=0.2687",test,ECECC2AB-D32F-4F90-B74C-E12A1C69BBE2,18,74,1,1,2,2,1,1
sensitivity_1,sprt,"alpha=0.01, beta=0.2687",test,FDAA70A1-42A3-4E3F-9AE3-3FDA412E03BF,20,966,11,10,21,133,7,4
sensitivity_1,hmm,"rho=0.001, theta=0.9802",test,00EABED2-271D-49D8-B599-1D4A09240601,25,300,2,1,3,60,0,0
sensitivity_1,hmm,"rho=0.001, theta=0.9802",test,00EABED2-271D-49D8-B599-1D4A09240601,42,96,3,2,5,77,2,1
sensitivity_1,hmm,"rho=0.001, theta=0.9802",test,00EABED2-271D-49D8-B599-1D4A09240601,44,12,1,0,1,10,0,0
sensitivity_1,hmm,"rho=0.001, theta=0.9802",test,098A72A5-E3E5-4F54-A152-BBDA0DF7B694,15,114,0,0,0,0,0,0
sensitivity_1,hmm,"rho=0.001, theta=0.9802",test,098A72A5-E3E5-4F54-A152-BBDA0DF7B694,16,733,4,4,8,4,4,4
sensitivity_1,hmm,"rho=0.001, theta=0.9802",test,098A72A5-E3E5-4F54-A152-BBDA0DF7B694,17,292,0,0,0,0,0,0
sensitivity_1,hmm,"rho=0.001, theta=0.9802",test,098A72A5-E3E5-4F54-A152-BBDA0DF7B694,18,91,0,0,0,0,0,0
sensitivity_1,hmm,"rho=0.001, theta=0.9802",test,098A72A5-E3E5-4F54-A152-BBDA0DF7B694,19,104,1,1,2,11,0,0
sensitivity_1,hmm,"rho=0.001, theta=0.9802",test,0A986513-7828-4D53-AA1F-E02D6DF9561B,8,763,16,16,32,122,16,10
sensitivity_1,hmm,"rho=0.001, theta=0.9802",test,11B5EC4D-4133-4289-B475-4E737182A406,7,1407,7,7,14,48,9,5
sensitivity_1,hmm,"rho=0.001, theta=0.9802",test,11B5EC4D-4133-4289-B475-4E737182A406,8,333,1,1,2,3,1,1
sensitivity_1,hmm,"rho=0.001, theta=0.9802",test,136562B6-95B2-483D-88DC-065F28409FD2,22,145,1,0,1,36,0,0
sensitivity_1,hmm,"rho=0.001, theta=0.9802",test,136562B6-95B2-483D-88DC-065F28409FD2,23,747,5,5,10,127,1,1
sensitivity_1,hmm,"rho=0.001, theta=0.9802",test,136562B6-95B2-483D-88DC-065F28409FD2,24,323,9,9,18,64,10,6
sensitivity_1,hmm,"rho=0.001, theta=0.9802",test,1538C99F-BA1E-4EFB-A949-6C7C47701B20,30,406,1,1,2,1,1,1
sensitivity_1,hmm,"rho=0.001, theta=0.9802",test,1538C99F-BA1E-4EFB-A949-6C7C47701B20,31,875,6,6,12,61,4,2
sensitivity_1,hmm,"rho=0.001, theta=0.9802",test,24E40C4C-A349-4F9F-93AB-01D00FB994AF,18,68,0,0,0,0,0,0
sensitivity_1,hmm,"rho=0.001, theta=0.9802",test,24E40C4C-A349-4F9F-93AB-01D00FB994AF,19,374,4,4,8,24,5,3
sensitivity_1,hmm,"rho=0.001, theta=0.9802",test,24E40C4C-A349-4F9F-93AB-01D00FB994AF,20,166,1,1,2,3,1,1
sensitivity_1,hmm,"rho=0.001, theta=0.9802",test,24E40C4C-A349-4F9F-93AB-01D00FB994AF,21,120,2,2,4,7,1,1
sensitivity_1,hmm,"rho=0.001, theta=0.9802",test,24E40C4C-A349-4F9F-93AB-01D00FB994AF,22,198,2,2,4,5,2,2
sensitivity_1,hmm,"rho=0.001, theta=0.9802",test,2C32C23E-E30C-498A-8DD2-0EFB9150A02E,11,377,2,2,4,4,2,2
sensitivity_1,hmm,"rho=0.001, theta=0.9802",test,2C32C23E-E30C-498A-8DD2-0EFB9150A02E,12,1298,16,15,31,71,12,11
sensitivity_1,hmm,"rho=0.001, theta=0.9802",test,3600D531-0C55-44A7-AE95-A7A38519464E,27,170,5,4,9,45,4,3
sensitivity_1,hmm,"rho=0.001, theta=0.9802",test,3600D531-0C55-44A7-AE95-A7A38519464E,28,205,3,2,5,4,2,2
sensitivity_1,hmm,"rho=0.001, theta=0.9802",test,3600D531-0C55-44A7-AE95-A7A38519464E,31,23,1,1,2,1,1,1
sensitivity_1,hmm,"rho=0.001, theta=0.9802",test,3600D531-0C55-44A7-AE95-A7A38519464E,32,612,20,20,40,58,22,17
sensitivity_1,hmm,"rho=0.001, theta=0.9802",test,3600D531-0C55-44A7-AE95-A7A38519464E,33,22,0,0,0,0,0,0
sensitivity_1,hmm,"rho=0.001, theta=0.9802",test,4FC32141-E888-4BFF-8804-12559A491D8C,12,67,1,0,1,53,0,0
sensitivity_1,hmm,"rho=0.001, theta=0.9802",test,4FC32141-E888-4BFF-8804-12559A491D8C,13,164,0,0,0,0,0,0
sensitivity_1,hmm,"rho=0.001, theta=0.9802",test,4FC32141-E888-4BFF-8804-12559A491D8C,14,59,0,0,0,0,0,0
sensitivity_1,hmm,"rho=0.001, theta=0.9802",test,4FC32141-E888-4BFF-8804-12559A491D8C,15,677,0,0,0,0,0,0
sensitivity_1,hmm,"rho=0.001, theta=0.9802",test,5119D0F8-FCA8-4184-A4EB-19421A40DE0D,11,461,4,4,8,61,2,1
sensitivity_1,hmm,"rho=0.001, theta=0.9802",test,5119D0F8-FCA8-4184-A4EB-19421A40DE0D,12,125,6,6,12,40,6,4
sensitivity_1,hmm,"rho=0.001, theta=0.9802",test,5119D0F8-FCA8-4184-A4EB-19421A40DE0D,13,709,8,7,15,58,4,3
sensitivity_1,hmm,"rho=0.001, theta=0.9802",test,5152A2DF-FAF3-4BA8-9CA9-E66B32671A53,9,775,18,18,36,75,22,15
sensitivity_1,hmm,"rho=0.001, theta=0.9802",test,5152A2DF-FAF3-4BA8-9CA9-E66B32671A53,10,501,7,7,14,26,7,5
sensitivity_1,hmm,"rho=0.001, theta=0.9802",test,5152A2DF-FAF3-4BA8-9CA9-E66B32671A53,11,19,0,0,0,0,0,0
sensitivity_1,hmm,"rho=0.001, theta=0.9802",test,5EF64122-B513-46AE-BCF1-E62AAC285D2C,12,178,3,3,6,9,2,2
sensitivity_1,hmm,"rho=0.001, theta=0.9802",test,5EF64122-B513-46AE-BCF1-E62AAC285D2C,13,576,0,0,0,0,0,0
sensitivity_1,hmm,"rho=0.001, theta=0.9802",test,61976C24-1C50-4355-9C49-AAE44A7D09F6,48,1717,11,11,22,54,9,7
sensitivity_1,hmm,"rho=0.001, theta=0.9802",test,78A91A4E-4A51-4065-BDA7-94755F0BB3BB,8,2371,38,37,75,479,28,21
sensitivity_1,hmm,"rho=0.001, theta=0.9802",test,7CE37510-56D0-4120-A1CF-0E23351428D2,8,1924,16,15,31,112,14,9
sensitivity_1,hmm,"rho=0.001, theta=0.9802",test,8023FE1A-D3B0-4E2C-A57A-9321B7FC755F,26,745,15,15,30,135,16,11
sensitivity_1,hmm,"rho=0.001, theta=0.9802",test,8023FE1A-D3B0-4E2C-A57A-9321B7FC755F,27,1064,6,6,12,221,4,3
sensitivity_1,hmm,"rho=0.001, theta=0.9802",test,83CF687B-7CEC-434B-9FE8-00C3D5799BE6,9,1394,13,13,26,408,10,6
sensitivity_1,hmm,"rho=0.001, theta=0.9802",test,83CF687B-7CEC-434B-9FE8-00C3D5799BE6,10,485,7,7,14,50,5,4
sensitivity_1,hmm,"rho=0.001, theta=0.9802",test,9759096F-1119-4E19-A0AD-6F16989C7E1C,6,776,5,5,10,196,4,3
sensitivity_1,hmm,"rho=0.001, theta=0.9802",test,9759096F-1119-4E19-A0AD-6F16989C7E1C,7,1178,5,5,10,8,7,5
sensitivity_1,hmm,"rho=0.001, theta=0.9802",test,9DC38D04-E82E-4F29-AB52-B476535226F2,20,1909,15,14,29,87,14,9
sensitivity_1,hmm,"rho=0.001, theta=0.9802",test,A5CDF89D-02A2-4EC1-89F8-F534FDABDD96,16,350,3,3,6,5,3,3
sensitivity_1,hmm,"rho=0.001, theta=0.9802",test,A5CDF89D-02A2-4EC1-89F8-F534FDABDD96,17,470,11,11,22,72,9,6
sensitivity_1,hmm,"rho=0.001, theta=0.9802",test,A5CDF89D-02A2-4EC1-89F8-F534FDABDD96,18,359,2,2,4,2,2,2
sensitivity_1,hmm,"rho=0.001, theta=0.9802",test,A76A5AF5-5A93-4CF2-A16E-62353BB70E8A,4,555,0,0,0,0,0,0
sensitivity_1,hmm,"rho=0.001, theta=0.9802",test,A76A5AF5-5A93-4CF2-A16E-62353BB70E8A,5,920,0,0,0,0,0,0
sensitivity_1,hmm,"rho=0.001, theta=0.9802",test,B09E373F-8A54-44C8-895B-0039390B859F,11,566,0,0,0,0,0,0
sensitivity_1,hmm,"rho=0.001, theta=0.9802",test,B09E373F-8A54-44C8-895B-0039390B859F,12,833,3,2,5,4,2,2
sensitivity_1,hmm,"rho=0.001, theta=0.9802",test,B09E373F-8A54-44C8-895B-0039390B859F,14,198,2,2,4,21,1,1
sensitivity_1,hmm,"rho=0.001, theta=0.9802",test,B9724848-C7E2-45F4-9B3F-A1F38D864495,15,484,5,4,9,242,3,1
sensitivity_1,hmm,"rho=0.001, theta=0.9802",test,B9724848-C7E2-45F4-9B3F-A1F38D864495,16,1013,11,10,21,266,8,7
sensitivity_1,hmm,"rho=0.001, theta=0.9802",test,BE3CA5A6-A561-4BBD-B7C9-5DF6805400FC,18,223,5,4,9,85,4,2
sensitivity_1,hmm,"rho=0.001, theta=0.9802",test,BE3CA5A6-A561-4BBD-B7C9-5DF6805400FC,19,1410,23,22,45,358,18,10
sensitivity_1,hmm,"rho=0.001, theta=0.9802",test,C48CE857-A0DD-4DDB-BEA5-3A25449B2153,34,134,2,2,4,12,2,1
sensitivity_1,hmm,"rho=0.001, theta=0.9802",test,C48CE857-A0DD-4DDB-BEA5-3A25449B2153,35,109,0,0,0,0,0,0
sensitivity_1,hmm,"rho=0.001, theta=0.9802",test,C48CE857-A0DD-4DDB-BEA5-3A25449B2153,36,169,0,0,0,0,0,0
sensitivity_1,hmm,"rho=0.001, theta=0.9802",test,C48CE857-A0DD-4DDB-BEA5-3A25449B2153,37,133,0,0,0,0,0,0
sensitivity_1,hmm,"rho=0.001, theta=0.9802",test,C48CE857-A0DD-4DDB-BEA5-3A25449B2153,38,307,3,3,6,19,2,2
sensitivity_1,hmm,"rho=0.001, theta=0.9802",test,C48CE857-A0DD-4DDB-BEA5-3A25449B2153,39,85,0,0,0,0,0,0
sensitivity_1,hmm,"rho=0.001, theta=0.9802",test,CA820D43-E5E2-42EF-9798-BE56F776370B,10,997,23,23,46,171,20,16
sensitivity_1,hmm,"rho=0.001, theta=0.9802",test,CA820D43-E5E2-42EF-9798-BE56F776370B,12,546,8,8,16,150,4,2
sensitivity_1,hmm,"rho=0.001, theta=0.9802",test,CDA3BBF7-6631-45E8-85BA-EEB416B32A3C,5,537,1,1,2,1,1,1
sensitivity_1,hmm,"rho=0.001, theta=0.9802",test,CF722AA9-2533-4E51-9FEB-9EAC84EE9AAC,11,112,0,0,0,0,0,0
sensitivity_1,hmm,"rho=0.001, theta=0.9802",test,CF722AA9-2533-4E51-9FEB-9EAC84EE9AAC,12,371,5,5,10,15,6,4
sensitivity_1,hmm,"rho=0.001, theta=0.9802",test,CF722AA9-2533-4E51-9FEB-9EAC84EE9AAC,13,138,8,8,16,11,12,8
sensitivity_1,hmm,"rho=0.001, theta=0.9802",test,CF722AA9-2533-4E51-9FEB-9EAC84EE9AAC,14,73,4,4,8,39,4,3
sensitivity_1,hmm,"rho=0.001, theta=0.9802",test,D7D20E2E-FC78-405D-B346-DBD3FD8FC92B,14,121,1,1,2,2,1,1
sensitivity_1,hmm,"rho=0.001, theta=0.9802",test,D7D20E2E-FC78-405D-B346-DBD3FD8FC92B,15,826,9,9,18,134,6,4
sensitivity_1,hmm,"rho=0.001, theta=0.9802",test,D7D20E2E-FC78-405D-B346-DBD3FD8FC92B,16,265,1,1,2,10,0,0
sensitivity_1,hmm,"rho=0.001, theta=0.9802",test,E65577C1-8D5D-4F70-AF23-B3ADB9D3DBA3,5,657,4,4,8,241,2,1
sensitivity_1,hmm,"rho=0.001, theta=0.9802",test,ECECC2AB-D32F-4F90-B74C-E12A1C69BBE2,17,603,3,3,6,13,3,2
sensitivity_1,hmm,"rho=0.001, theta=0.9802",test,ECECC2AB-D32F-4F90-B74C-E12A1C69BBE2,18,74,0,0,0,0,0,0
sensitivity_1,hmm,"rho=0.001, theta=0.9802",test,FDAA70A1-42A3-4E3F-9AE3-3FDA412E03BF,20,966,16,15,31,149,16,11
sensitivity_2,threshold,theta=0.02931,test,00EABED2-271D-49D8-B599-1D4A09240601,25,300,1,1,2,1,1,1
sensitivity_2,threshold,theta=0.02931,test,00EABED2-271D-49D8-B599-1D4A09240601,42,96,3,3,6,4,5,3
sensitivity_2,threshold,theta=0.02931,test,00EABED2-271D-49D8-B599-1D4A09240601,44,12,1,1,2,1,1,1
sensitivity_2,threshold,theta=0.02931,test,098A72A5-E3E5-4F54-A152-BBDA0DF7B694,15,114,0,0,0,0,0,0
sensitivity_2,threshold,theta=0.02931,test,098A72A5-E3E5-4F54-A152-BBDA0DF7B694,16,733,0,0,0,0,0,0
sensitivity_2,threshold,theta=0.02931,test,098A72A5-E3E5-4F54-A152-BBDA0DF7B694,17,292,0,0,0,0,0,0
sensitivity_2,threshold,theta=0.02931,test,098A72A5-E3E5-4F54-A152-BBDA0DF7B694,18,91,0,0,0,0,0,0
sensitivity_2,threshold,theta=0.02931,test,098A72A5-E3E5-4F54-A152-BBDA0DF7B694,19,104,0,0,0,0,0,0
sensitivity_2,threshold,theta=0.02931,test,0A986513-7828-4D53-AA1F-E02D6DF9561B,8,763,8,8,16,8,9,8
sensitivity_2,threshold,theta=0.02931,test,11B5EC4D-4133-4289-B475-4E737182A406,7,1407,0,0,0,0,0,0
sensitivity_2,threshold,theta=0.02931,test,11B5EC4D-4133-4289-B475-4E737182A406,8,333,0,0,0,0,0,0
sensitivity_2,threshold,theta=0.02931,test,136562B6-95B2-483D-88DC-065F28409FD2,22,145,0,0,0,0,0,0
sensitivity_2,threshold,theta=0.02931,test,136562B6-95B2-483D-88DC-065F28409FD2,23,747,0,0,0,0,0,0
sensitivity_2,threshold,theta=0.02931,test,136562B6-95B2-483D-88DC-065F28409FD2,24,323,0,0,0,0,0,0
sensitivity_2,threshold,theta=0.02931,test,1538C99F-BA1E-4EFB-A949-6C7C47701B20,30,406,0,0,0,0,0,0
sensitivity_2,threshold,theta=0.02931,test,1538C99F-BA1E-4EFB-A949-6C7C47701B20,31,875,0,0,0,0,0,0
sensitivity_2,threshold,theta=0.02931,test,24E40C4C-A349-4F9F-93AB-01D00FB994AF,18,68,0,0,0,0,0,0
sensitivity_2,threshold,theta=0.02931,test,24E40C4C-A349-4F9F-93AB-01D00FB994AF,19,374,0,0,0,0,0,0
sensitivity_2,threshold,theta=0.02931,test,24E40C4C-A349-4F9F-93AB-01D00FB994AF,20,166,0,0,0,0,0,0
sensitivity_2,threshold,theta=0.02931,test,24E40C4C-A349-4F9F-93AB-01D00FB994AF,21,120,0,0,0,0,0,0
sensitivity_2,threshold,theta=0.02931,test,24E40C4C-A349-4F9F-93AB-01D00FB994AF,22,198,0,0,0,0,0,0
sensitivity_2,threshold,theta=0.02931,test,2C32C23E-E30C-498A-8DD2-0EFB9150A02E,11,377,0,0,0,0,0,0
sensitivity_2,threshold,theta=0.02931,test,2C32C23E-E30C-498A-8DD2-0EFB9150A02E,12,1298,2,2,4,2,3,2
sensitivity_2,threshold,theta=0.02931,test,3600D531-0C55-44A7-AE95-A7A38519464E,27,170,0,0,0,0,0,0
sensitivity_2,threshold,theta=0.02931,test,3600D531-0C55-44A7-AE95-A7A38519464E,28,205,0,0,0,0,0,0
sensitivity_2,threshold,theta=0.02931,test,3600D531-0C55-44A7-AE95-A7A38519464E,31,23,1,1,2,1,1,1
sensitivity_2,threshold,theta=0.02931,test,3600D531-0C55-44A7-AE95-A7A38519464E,32,612,0,0,0,0,0,0
sensitivity_2,threshold,theta=0.02931,test,3600D531-0C55-44A7-AE95-A7A38519464E,33,22,0,0,0,0,0,0
sensitivity_2,threshold,theta=0.02931,test,4FC32141-E888-4BFF-8804-12559A491D8C,12,67,0,0,0,0,0,0
sensitivity_2,threshold,theta=0.02931,test,4FC32141-E888-4BFF-8804-12559A491D8C,13,164,0,0,0,0,0,0
sensitivity_2,threshold,theta=0.02931,test,4FC32141-E888-4BFF-8804-12559A491D8C,14,59,0,0,0,0,0,0
sensitivity_2,threshold,theta=0.02931,test,4FC32141-E888-4BFF-8804-12559A491D8C,15,677,0,0,0,0,0,0
sensitivity_2,threshold,theta=0.02931,test,5119D0F8-FCA8-4184-A4EB-19421A40DE0D,11,461,0,0,0,0,0,0
sensitivity_2,threshold,theta=0.02931,test,5119D0F8-FCA8-4184-A4EB-19421A40DE0D,12,125,0,0,0,0,0,0
sensitivity_2,threshold,theta=0.02931,test,5119D0F8-FCA8-4184-A4EB-19421A40DE0D,13,709,0,0,0,0,0,0
sensitivity_2,threshold,theta=0.02931,test,5152A2DF-FAF3-4BA8-9CA9-E66B32671A53,9,775,0,0,0,0,0,0
sensitivity_2,threshold,theta=0.02931,test,5152A2DF-FAF3-4BA8-9CA9-E66B32671A53,10,501,0,0,0,0,0,0
sensitivity_2,threshold,theta=0.02931,test,5152A2DF-FAF3-4BA8-9CA9-E66B32671A53,11,19,0,0,0,0,0,0
sensitivity_2,threshold,theta=0.02931,test,5EF64122-B513-46AE-BCF1-E62AAC285D2C,12,178,0,0,0,0,0,0
sensitivity_2,threshold,theta=0.02931,test,5EF64122-B513-46AE-BCF1-E62AAC285D2C,13,576,0,0,0,0,0,0
sensitivity_2,threshold,theta=0.02931,test,61976C24-1C50-4355-9C49-AAE44A7D09F6,48,1717,1,1,2,1,1,1
sensitivity_2,threshold,theta=0.02931,test,78A91A4E-4A51-4065-BDA7-94755F0BB3BB,8,2371,4,4,8,5,4,4
sensitivity_2,threshold,theta=0.02931,test,7CE37510-56D0-4120-A1CF-0E23351428D2,8,1924,3,3,6,3,3,3
sensitivity_2,threshold,theta=0.02931,test,8023FE1A-D3B0-4E2C-A57A-9321B7FC755F,26,745,2,2,4,2,2,2
sensitivity_2,threshold,theta=0.02931,test,8023FE1A-D3B0-4E2C-A57A-9321B7FC755F,27,1064,0,0,0,0,0,0
sensitivity_2,threshold,theta=0.02931,test,83CF687B-7CEC-434B-9FE8-00C3D5799BE6,9,1394,7,7,14,10,11,7
sensitivity_2,threshold,theta=0.02931,test,83CF687B-7CEC-434B-9FE8-00C3D5799BE6,10,485,1,1,2,1,1,1
sensitivity_2,threshold,theta=0.02931,test,9759096F-1119-4E19-A0AD-6F16989C7E1C,6,776,1,1,2,1,1,1
sensitivity_2,threshold,theta=0.02931,test,9759096F-1119-4E19-A0AD-6F16989C7E1C,7,1178,0,0,0,0,0,0
sensitivity_2,threshold,theta=0.02931,test,9DC38D04-E82E-4F29-AB52-B476535226F2,20,1909,0,0,0,0,0,0
sensitivity_2,threshold,theta=0.02931,test,A5CDF89D-02A2-4EC1-89F8-F534FDABDD96,16,350,0,0,0,0,0,0
sensitivity_2,threshold,theta=0.02931,test,A5CDF89D-02A2-4EC1-89F8-F534FDABDD96,17,470,1,1,2,1,1,1
sensitivity_2,threshold,theta=0.02931,test,A5CDF89D-02A2-4EC1-89F8-F534FDABDD96,18,359,0,0,0,0,0,0
sensitivity_2,threshold,theta=0.02931,test,A76A5AF5-5A93-4CF2-A16E-62353BB70E8A,4,555,0,0,0,0,0,0
sensitivity_2,threshold,theta=0.02931,test,A76A5AF5-5A93-4CF2-A16E-62353BB70E8A,5,920,0,0,0,0,0,0
sensitivity_2,threshold,theta=0.02931,test,B09E373F-8A54-44C8-895B-0039390B859F,11,566,0,0,0,0,0,0
sensitivity_2,threshold,theta=0.02931,test,B09E373F-8A54-44C8-895B-0039390B859F,12,833,0,0,0,0,0,0
sensitivity_2,threshold,theta=0.02931,test,B09E373F-8A54-44C8-895B-0039390B859F,14,198,0,0,0,0,0,0
sensitivity_2,threshold,theta=0.02931,test,B9724848-C7E2-45F4-9B3F-A1F38D864495,15,484,1,1,2,1,1,1
sensitivity_2,threshold,theta=0.02931,test,B9724848-C7E2-45F4-9B3F-A1F38D864495,16,1013,27,27,54,49,47,25
sensitivity_2,threshold,theta=0.02931,test,BE3CA5A6-A561-4BBD-B7C9-5DF6805400FC,18,223,0,0,0,0,0,0
sensitivity_2,threshold,theta=0.02931,test,BE3CA5A6-A561-4BBD-B7C9-5DF6805400FC,19,1410,0,0,0,0,0,0
sensitivity_2,threshold,theta=0.02931,test,C48CE857-A0DD-4DDB-BEA5-3A25449B2153,34,134,0,0,0,0,0,0
sensitivity_2,threshold,theta=0.02931,test,C48CE857-A0DD-4DDB-BEA5-3A25449B2153,35,109,0,0,0,0,0,0
sensitivity_2,threshold,theta=0.02931,test,C48CE857-A0DD-4DDB-BEA5-3A25449B2153,36,169,0,0,0,0,0,0
sensitivity_2,threshold,theta=0.02931,test,C48CE857-A0DD-4DDB-BEA5-3A25449B2153,37,133,0,0,0,0,0,0
sensitivity_2,threshold,theta=0.02931,test,C48CE857-A0DD-4DDB-BEA5-3A25449B2153,38,307,0,0,0,0,0,0
sensitivity_2,threshold,theta=0.02931,test,C48CE857-A0DD-4DDB-BEA5-3A25449B2153,39,85,0,0,0,0,0,0
sensitivity_2,threshold,theta=0.02931,test,CA820D43-E5E2-42EF-9798-BE56F776370B,10,997,1,1,2,1,1,1
sensitivity_2,threshold,theta=0.02931,test,CA820D43-E5E2-42EF-9798-BE56F776370B,12,546,1,1,2,1,1,1
sensitivity_2,threshold,theta=0.02931,test,CDA3BBF7-6631-45E8-85BA-EEB416B32A3C,5,537,0,0,0,0,0,0
sensitivity_2,threshold,theta=0.02931,test,CF722AA9-2533-4E51-9FEB-9EAC84EE9AAC,11,112,0,0,0,0,0,0
sensitivity_2,threshold,theta=0.02931,test,CF722AA9-2533-4E51-9FEB-9EAC84EE9AAC,12,371,0,0,0,0,0,0
sensitivity_2,threshold,theta=0.02931,test,CF722AA9-2533-4E51-9FEB-9EAC84EE9AAC,13,138,0,0,0,0,0,0
sensitivity_2,threshold,theta=0.02931,test,CF722AA9-2533-4E51-9FEB-9EAC84EE9AAC,14,73,2,2,4,2,2,2
sensitivity_2,threshold,theta=0.02931,test,D7D20E2E-FC78-405D-B346-DBD3FD8FC92B,14,121,0,0,0,0,0,0
sensitivity_2,threshold,theta=0.02931,test,D7D20E2E-FC78-405D-B346-DBD3FD8FC92B,15,826,0,0,0,0,0,0
sensitivity_2,threshold,theta=0.02931,test,D7D20E2E-FC78-405D-B346-DBD3FD8FC92B,16,265,0,0,0,0,0,0
sensitivity_2,threshold,theta=0.02931,test,E65577C1-8D5D-4F70-AF23-B3ADB9D3DBA3,5,657,2,2,4,2,2,2
sensitivity_2,threshold,theta=0.02931,test,ECECC2AB-D32F-4F90-B74C-E12A1C69BBE2,17,603,0,0,0,0,0,0
sensitivity_2,threshold,theta=0.02931,test,ECECC2AB-D32F-4F90-B74C-E12A1C69BBE2,18,74,0,0,0,0,0,0
sensitivity_2,threshold,theta=0.02931,test,FDAA70A1-42A3-4E3F-9AE3-3FDA412E03BF,20,966,0,0,0,0,0,0
sensitivity_2,moving_average,"k=2, theta=0.07586",test,00EABED2-271D-49D8-B599-1D4A09240601,25,300,2,2,4,5,2,2
sensitivity_2,moving_average,"k=2, theta=0.07586",test,00EABED2-271D-49D8-B599-1D4A09240601,42,96,6,6,12,7,8,6
sensitivity_2,moving_average,"k=2, theta=0.07586",test,00EABED2-271D-49D8-B599-1D4A09240601,44,12,0,0,0,0,0,0
sensitivity_2,moving_average,"k=2, theta=0.07586",test,098A72A5-E3E5-4F54-A152-BBDA0DF7B694,15,114,0,0,0,0,0,0
sensitivity_2,moving_average,"k=2, theta=0.07586",test,098A72A5-E3E5-4F54-A152-BBDA0DF7B694,16,733,0,0,0,0,0,0
sensitivity_2,moving_average,"k=2, theta=0.07586",test,098A72A5-E3E5-4F54-A152-BBDA0DF7B694,17,292,0,0,0,0,0,0
sensitivity_2,moving_average,"k=2, theta=0.07586",test,098A72A5-E3E5-4F54-A152-BBDA0DF7B694,18,91,0,0,0,0,0,0
sensitivity_2,moving_average,"k=2, theta=0.07586",test,098A72A5-E3E5-4F54-A152-BBDA0DF7B694,19,104,1,1,2,2,1,1
sensitivity_2,moving_average,"k=2, theta=0.07586",test,0A986513-7828-4D53-AA1F-E02D6DF9561B,8,763,1,1,2,1,1,1
sensitivity_2,moving_average,"k=2, theta=0.07586",test,11B5EC4D-4133-4289-B475-4E737182A406,7,1407,0,0,0,0,0,0
sensitivity_2,moving_average,"k=2, theta=0.07586",test,11B5EC4D-4133-4289-B475-4E737182A406,8,333,0,0,0,0,0,0
sensitivity_2,moving_average,"k=2, theta=0.07586",test,136562B6-95B2-483D-88DC-065F28409FD2,22,145,0,0,0,0,0,0
sensitivity_2,moving_average,"k=2, theta=0.07586",test,136562B6-95B2-483D-88DC-065F28409FD2,23,747,0,0,0,0,0,0
sensitivity_2,moving_average,"k=2, theta=0.07586",test,136562B6-95B2-483D-88DC-065F28409FD2,24,323,0,0,0,0,0,0
sensitivity_2,moving_average,"k=2, theta=0.07586",test,1538C99F-BA1E-4EFB-A949-6C7C47701B20,30,406,0,0,0,0,0,0
sensitivity_2,moving_average,"k=2, theta=0.07586",test,1538C99F-BA1E-4EFB-A949-6C7C47701B20,31,875,0,0,0,0,0,0
sensitivity_2,moving_average,"k=2, theta=0.07586",test,24E40C4C-A349-4F9F-93AB-01D00FB994AF,18,68,0,0,0,0,0,0
sensitivity_2,moving_average,"k=2, theta=0.07586",test,24E40C4C-A349-4F9F-93AB-01D00FB994AF,19,374,0,0,0,0,0,0
sensitivity_2,moving_average,"k=2, theta=0.07586",test,24E40C4C-A349-4F9F-93AB-01D00FB994AF,20,166,0,0,0,0,0,0
sensitivity_2,moving_average,"k=2, theta=0.07586",test,24E40C4C-A349-4F9F-93AB-01D00FB994AF,21,120,0,0,0,0,0,0
sensitivity_2,moving_average,"k=2, theta=0.07586",test,24E40C4C-A349-4F9F-93AB-01D00FB994AF,22,198,0,0,0,0,0,0
sensitivity_2,moving_average,"k=2, theta=0.07586",test,2C32C23E-E30C-498A-8DD2-0EFB9150A02E,11,377,0,0,0,0,0,0
sensitivity_2,moving_average,"k=2, theta=0.07586",test,2C32C23E-E30C-498A-8DD2-0EFB9150A02E,12,1298,1,1,2,2,1,1
sensitivity_2,moving_average,"k=2, theta=0.07586",test,3600D531-0C55-44A7-AE95-A7A38519464E,27,170,1,1,2,1,1,1
sensitivity_2,moving_average,"k=2, theta=0.07586",test,3600D531-0C55-44A7-AE95-A7A38519464E,28,205,0,0,0,0,0,0
sensitivity_2,moving_average,"k=2, theta=0.07586",test,3600D531-0C55-44A7-AE95-A7A38519464E,31,23,0,0,0,0,0,0
sensitivity_2,moving_average,"k=2, theta=0.07586",test,3600D531-0C55-44A7-AE95-A7A38519464E,32,612,0,0,0,0,0,0
sensitivity_2,moving_average,"k=2, theta=0.07586",test,3600D531-0C55-44A7-AE95-A7A38519464E,33,22,0,0,0,0,0,0
sensitivity_2,moving_average,"k=2, theta=0.07586",test,4FC32141-E888-4BFF-8804-12559A491D8C,12,67,0,0,0,0,0,0
sensitivity_2,moving_average,"k=2, theta=0.07586",test,4FC32141-E888-4BFF-8804-12559A491D8C,13,164,0,0,0,0,0,0
sensitivity_2,moving_average,"k=2, theta=0.07586",test,4FC32141-E888-4BFF-8804-12559A491D8C,14,59,0,0,0,0,0,0
sensitivity_2,moving_average,"k=2, theta=0.07586",test,4FC32141-E888-4BFF-8804-12559A491D8C,15,677,0,0,0,0,0,0
sensitivity_2,moving_average,"k=2, theta=0.07586",test,5119D0F8-FCA8-4184-A4EB-19421A40DE0D,11,461,0,0,0,0,0,0
sensitivity_2,moving_average,"k=2, theta=0.07586",test,5119D0F8-FCA8-4184-A4EB-19421A40DE0D,12,125,2,2,4,3,3,2
sensitivity_2,moving_average,"k=2, theta=0.07586",test,5119D0F8-FCA8-4184-A4EB-19421A40DE0D,13,709,0,0,0,0,0,0
sensitivity_2,moving_average,"k=2, theta=0.07586",test,5152A2DF-FAF3-4BA8-9CA9-E66B32671A53,9,775,0,0,0,0,0,0
sensitivity_2,moving_average,"k=2, theta=0.07586",test,5152A2DF-FAF3-4BA8-9CA9-E66B32671A53,10,501,0,0,0,0,0,0
sensitivity_2,moving_average,"k=2, theta=0.07586",test,5152A2DF-FAF3-4BA8-9CA9-E66B32671A53,11,19,0,0,0,0,0,0
sensitivity_2,moving_average,"k=2, theta=0.07586",test,5EF64122-B513-46AE-BCF1-E62AAC285D2C,12,178,0,0,0,0,0,0
sensitivity_2,moving_average,"k=2, theta=0.07586",test,5EF64122-B513-46AE-BCF1-E62AAC285D2C,13,576,0,0,0,0,0,0
sensitivity_2,moving_average,"k=2, theta=0.07586",test,61976C24-1C50-4355-9C49-AAE44A7D09F6,48,1717,0,0,0,0,0,0
sensitivity_2,moving_average,"k=2, theta=0.07586",test,78A91A4E-4A51-4065-BDA7-94755F0BB3BB,8,2371,3,3,6,4,3,3
sensitivity_2,moving_average,"k=2, theta=0.07586",test,7CE37510-56D0-4120-A1CF-0E23351428D2,8,1924,1,1,2,1,1,1
sensitivity_2,moving_average,"k=2, theta=0.07586",test,8023FE1A-D3B0-4E2C-A57A-9321B7FC755F,26,745,1,1,2,1,1,1
sensitivity_2,moving_average,"k=2, theta=0.07586",test,8023FE1A-D3B0-4E2C-A57A-9321B7FC755F,27,1064,1,1,2,1,1,1
sensitivity_2,moving_average,"k=2, theta=0.07586",test,83CF687B-7CEC-434B-9FE8-00C3D5799BE6,9,1394,8,8,16,11,13,8
sensitivity_2,moving_average,"k=2, theta=0.07586",test,83CF687B-7CEC-434B-9FE8-00C3D5799BE6,10,485,0,0,0,0,0,0
sensitivity_2,moving_average,"k=2, theta=0.07586",test,9759096F-1119-4E19-A0AD-6F16989C7E1C,6,776,2,2,4,3,2,2
sensitivity_2,moving_average,"k=2, theta=0.07586",test,9759096F-1119-4E19-A0AD-6F16989C7E1C,7,1178,0,0,0,0,0,0
sensitivity_2,moving_average,"k=2, theta=0.07586",test,9DC38D04-E82E-4F29-AB52-B476535226F2,20,1909,0,0,0,0,0,0
sensitivity_2,moving_average,"k=2, theta=0.07586",test,A5CDF89D-02A2-4EC1-89F8-F534FDABDD96,16,350,0,0,0,0,0,0
sensitivity_2,moving_average,"k=2, theta=0.07586",test,A5CDF89D-02A2-4EC1-89F8-F534FDABDD96,17,470,1,1,2,1,1,1
sensitivity_2,moving_average,"k=2, theta=0.07586",test,A5CDF89D-02A2-4EC1-89F8-F534FDABDD96,18,359,0,0,0,0,0,0
sensitivity_2,moving_average,"k=2, theta=0.07586",test,A76A5AF5-5A93-4CF2-A16E-62353BB70E8A,4,555,0,0,0,0,0,0
sensitivity_2,moving_average,"k=2, theta=0.07586",test,A76A5AF5-5A93-4CF2-A16E-62353BB70E8A,5,920,0,0,0,0,0,0
sensitivity_2,moving_average,"k=2, theta=0.07586",test,B09E373F-8A54-44C8-895B-0039390B859F,11,566,0,0,0,0,0,0
sensitivity_2,moving_average,"k=2, theta=0.07586",test,B09E373F-8A54-44C8-895B-0039390B859F,12,833,0,0,0,0,0,0
sensitivity_2,moving_average,"k=2, theta=0.07586",test,B09E373F-8A54-44C8-895B-0039390B859F,14,198,0,0,0,0,0,0
sensitivity_2,moving_average,"k=2, theta=0.07586",test,B9724848-C7E2-45F4-9B3F-A1F38D864495,15,484,0,0,0,0,0,0
sensitivity_2,moving_average,"k=2, theta=0.07586",test,B9724848-C7E2-45F4-9B3F-A1F38D864495,16,1013,18,18,36,52,27,15
sensitivity_2,moving_average,"k=2, theta=0.07586",test,BE3CA5A6-A561-4BBD-B7C9-5DF6805400FC,18,223,0,0,0,0,0,0
sensitivity_2,moving_average,"k=2, theta=0.07586",test,BE3CA5A6-A561-4BBD-B7C9-5DF6805400FC,19,1410,0,0,0,0,0,0
sensitivity_2,moving_average,"k=2, theta=0.07586",test,C48CE857-A0DD-4DDB-BEA5-3A25449B2153,34,134,0,0,0,0,0,0
sensitivity_2,moving_average,"k=2, theta=0.07586",test,C48CE857-A0DD-4DDB-BEA5-3A25449B2153,35,109,0,0,0,0,0,0
sensitivity_2,moving_average,"k=2, theta=0.07586",test,C48CE857-A0DD-4DDB-BEA5-3A25449B2153,36,169,0,0,0,0,0,0
sensitivity_2,moving_average,"k=2, theta=0.07586",test,C48CE857-A0DD-4DDB-BEA5-3A25449B2153,37,133,0,0,0,0,0,0
sensitivity_2,moving_average,"k=2, theta=0.07586",test,C48CE857-A0DD-4DDB-BEA5-3A25449B2153,38,307,0,0,0,0,0,0
sensitivity_2,moving_average,"k=2, theta=0.07586",test,C48CE857-A0DD-4DDB-BEA5-3A25449B2153,39,85,0,0,0,0,0,0
sensitivity_2,moving_average,"k=2, theta=0.07586",test,CA820D43-E5E2-42EF-9798-BE56F776370B,10,997,0,0,0,0,0,0
sensitivity_2,moving_average,"k=2, theta=0.07586",test,CA820D43-E5E2-42EF-9798-BE56F776370B,12,546,2,2,4,2,2,2
sensitivity_2,moving_average,"k=2, theta=0.07586",test,CDA3BBF7-6631-45E8-85BA-EEB416B32A3C,5,537,0,0,0,0,0,0
sensitivity_2,moving_average,"k=2, theta=0.07586",test,CF722AA9-2533-4E51-9FEB-9EAC84EE9AAC,11,112,0,0,0,0,0,0
sensitivity_2,moving_average,"k=2, theta=0.07586",test,CF722AA9-2533-4E51-9FEB-9EAC84EE9AAC,12,371,0,0,0,0,0,0
sensitivity_2,moving_average,"k=2, theta=0.07586",test,CF722AA9-2533-4E51-9FEB-9EAC84EE9AAC,13,138,0,0,0,0,0,0
sensitivity_2,moving_average,"k=2, theta=0.07586",test,CF722AA9-2533-4E51-9FEB-9EAC84EE9AAC,14,73,0,0,0,0,0,0
sensitivity_2,moving_average,"k=2, theta=0.07586",test,D7D20E2E-FC78-405D-B346-DBD3FD8FC92B,14,121,0,0,0,0,0,0
sensitivity_2,moving_average,"k=2, theta=0.07586",test,D7D20E2E-FC78-405D-B346-DBD3FD8FC92B,15,826,0,0,0,0,0,0
sensitivity_2,moving_average,"k=2, theta=0.07586",test,D7D20E2E-FC78-405D-B346-DBD3FD8FC92B,16,265,0,0,0,0,0,0
sensitivity_2,moving_average,"k=2, theta=0.07586",test,E65577C1-8D5D-4F70-AF23-B3ADB9D3DBA3,5,657,11,11,22,27,14,10
sensitivity_2,moving_average,"k=2, theta=0.07586",test,ECECC2AB-D32F-4F90-B74C-E12A1C69BBE2,17,603,0,0,0,0,0,0
sensitivity_2,moving_average,"k=2, theta=0.07586",test,ECECC2AB-D32F-4F90-B74C-E12A1C69BBE2,18,74,0,0,0,0,0,0
sensitivity_2,moving_average,"k=2, theta=0.07586",test,FDAA70A1-42A3-4E3F-9AE3-3FDA412E03BF,20,966,1,1,2,2,1,1
sensitivity_2,ewma,"alpha=0.7, theta=0.09112",test,00EABED2-271D-49D8-B599-1D4A09240601,25,300,2,2,4,4,2,2
sensitivity_2,ewma,"alpha=0.7, theta=0.09112",test,00EABED2-271D-49D8-B599-1D4A09240601,42,96,8,8,16,11,12,8
sensitivity_2,ewma,"alpha=0.7, theta=0.09112",test,00EABED2-271D-49D8-B599-1D4A09240601,44,12,1,1,2,1,1,1
sensitivity_2,ewma,"alpha=0.7, theta=0.09112",test,098A72A5-E3E5-4F54-A152-BBDA0DF7B694,15,114,0,0,0,0,0,0
sensitivity_2,ewma,"alpha=0.7, theta=0.09112",test,098A72A5-E3E5-4F54-A152-BBDA0DF7B694,16,733,0,0,0,0,0,0
sensitivity_2,ewma,"alpha=0.7, theta=0.09112",test,098A72A5-E3E5-4F54-A152-BBDA0DF7B694,17,292,0,0,0,0,0,0
sensitivity_2,ewma,"alpha=0.7, theta=0.09112",test,098A72A5-E3E5-4F54-A152-BBDA0DF7B694,18,91,0,0,0,0,0,0
sensitivity_2,ewma,"alpha=0.7, theta=0.09112",test,098A72A5-E3E5-4F54-A152-BBDA0DF7B694,19,104,1,1,2,2,1,1
sensitivity_2,ewma,"alpha=0.7, theta=0.09112",test,0A986513-7828-4D53-AA1F-E02D6DF9561B,8,763,1,1,2,1,1,1
sensitivity_2,ewma,"alpha=0.7, theta=0.09112",test,11B5EC4D-4133-4289-B475-4E737182A406,7,1407,0,0,0,0,0,0
sensitivity_2,ewma,"alpha=0.7, theta=0.09112",test,11B5EC4D-4133-4289-B475-4E737182A406,8,333,0,0,0,0,0,0
sensitivity_2,ewma,"alpha=0.7, theta=0.09112",test,136562B6-95B2-483D-88DC-065F28409FD2,22,145,0,0,0,0,0,0
sensitivity_2,ewma,"alpha=0.7, theta=0.09112",test,136562B6-95B2-483D-88DC-065F28409FD2,23,747,0,0,0,0,0,0
sensitivity_2,ewma,"alpha=0.7, theta=0.09112",test,136562B6-95B2-483D-88DC-065F28409FD2,24,323,0,0,0,0,0,0
sensitivity_2,ewma,"alpha=0.7, theta=0.09112",test,1538C99F-BA1E-4EFB-A949-6C7C47701B20,30,406,0,0,0,0,0,0
sensitivity_2,ewma,"alpha=0.7, theta=0.09112",test,1538C99F-BA1E-4EFB-A949-6C7C47701B20,31,875,0,0,0,0,0,0
sensitivity_2,ewma,"alpha=0.7, theta=0.09112",test,24E40C4C-A349-4F9F-93AB-01D00FB994AF,18,68,0,0,0,0,0,0
sensitivity_2,ewma,"alpha=0.7, theta=0.09112",test,24E40C4C-A349-4F9F-93AB-01D00FB994AF,19,374,0,0,0,0,0,0
sensitivity_2,ewma,"alpha=0.7, theta=0.09112",test,24E40C4C-A349-4F9F-93AB-01D00FB994AF,20,166,0,0,0,0,0,0
sensitivity_2,ewma,"alpha=0.7, theta=0.09112",test,24E40C4C-A349-4F9F-93AB-01D00FB994AF,21,120,0,0,0,0,0,0
sensitivity_2,ewma,"alpha=0.7, theta=0.09112",test,24E40C4C-A349-4F9F-93AB-01D00FB994AF,22,198,0,0,0,0,0,0
sensitivity_2,ewma,"alpha=0.7, theta=0.09112",test,2C32C23E-E30C-498A-8DD2-0EFB9150A02E,11,377,0,0,0,0,0,0
sensitivity_2,ewma,"alpha=0.7, theta=0.09112",test,2C32C23E-E30C-498A-8DD2-0EFB9150A02E,12,1298,1,1,2,1,1,1
sensitivity_2,ewma,"alpha=0.7, theta=0.09112",test,3600D531-0C55-44A7-AE95-A7A38519464E,27,170,1,1,2,1,1,1
sensitivity_2,ewma,"alpha=0.7, theta=0.09112",test,3600D531-0C55-44A7-AE95-A7A38519464E,28,205,0,0,0,0,0,0
sensitivity_2,ewma,"alpha=0.7, theta=0.09112",test,3600D531-0C55-44A7-AE95-A7A38519464E,31,23,0,0,0,0,0,0
sensitivity_2,ewma,"alpha=0.7, theta=0.09112",test,3600D531-0C55-44A7-AE95-A7A38519464E,32,612,0,0,0,0,0,0
sensitivity_2,ewma,"alpha=0.7, theta=0.09112",test,3600D531-0C55-44A7-AE95-A7A38519464E,33,22,0,0,0,0,0,0
sensitivity_2,ewma,"alpha=0.7, theta=0.09112",test,4FC32141-E888-4BFF-8804-12559A491D8C,12,67,0,0,0,0,0,0
sensitivity_2,ewma,"alpha=0.7, theta=0.09112",test,4FC32141-E888-4BFF-8804-12559A491D8C,13,164,0,0,0,0,0,0
sensitivity_2,ewma,"alpha=0.7, theta=0.09112",test,4FC32141-E888-4BFF-8804-12559A491D8C,14,59,0,0,0,0,0,0
sensitivity_2,ewma,"alpha=0.7, theta=0.09112",test,4FC32141-E888-4BFF-8804-12559A491D8C,15,677,0,0,0,0,0,0
sensitivity_2,ewma,"alpha=0.7, theta=0.09112",test,5119D0F8-FCA8-4184-A4EB-19421A40DE0D,11,461,0,0,0,0,0,0
sensitivity_2,ewma,"alpha=0.7, theta=0.09112",test,5119D0F8-FCA8-4184-A4EB-19421A40DE0D,12,125,2,2,4,5,3,2
sensitivity_2,ewma,"alpha=0.7, theta=0.09112",test,5119D0F8-FCA8-4184-A4EB-19421A40DE0D,13,709,0,0,0,0,0,0
sensitivity_2,ewma,"alpha=0.7, theta=0.09112",test,5152A2DF-FAF3-4BA8-9CA9-E66B32671A53,9,775,0,0,0,0,0,0
sensitivity_2,ewma,"alpha=0.7, theta=0.09112",test,5152A2DF-FAF3-4BA8-9CA9-E66B32671A53,10,501,0,0,0,0,0,0
sensitivity_2,ewma,"alpha=0.7, theta=0.09112",test,5152A2DF-FAF3-4BA8-9CA9-E66B32671A53,11,19,0,0,0,0,0,0
sensitivity_2,ewma,"alpha=0.7, theta=0.09112",test,5EF64122-B513-46AE-BCF1-E62AAC285D2C,12,178,0,0,0,0,0,0
sensitivity_2,ewma,"alpha=0.7, theta=0.09112",test,5EF64122-B513-46AE-BCF1-E62AAC285D2C,13,576,0,0,0,0,0,0
sensitivity_2,ewma,"alpha=0.7, theta=0.09112",test,61976C24-1C50-4355-9C49-AAE44A7D09F6,48,1717,0,0,0,0,0,0
sensitivity_2,ewma,"alpha=0.7, theta=0.09112",test,78A91A4E-4A51-4065-BDA7-94755F0BB3BB,8,2371,3,3,6,4,3,3
sensitivity_2,ewma,"alpha=0.7, theta=0.09112",test,7CE37510-56D0-4120-A1CF-0E23351428D2,8,1924,1,1,2,1,1,1
sensitivity_2,ewma,"alpha=0.7, theta=0.09112",test,8023FE1A-D3B0-4E2C-A57A-9321B7FC755F,26,745,0,0,0,0,0,0
sensitivity_2,ewma,"alpha=0.7, theta=0.09112",test,8023FE1A-D3B0-4E2C-A57A-9321B7FC755F,27,1064,0,0,0,0,0,0
sensitivity_2,ewma,"alpha=0.7, theta=0.09112",test,83CF687B-7CEC-434B-9FE8-00C3D5799BE6,9,1394,8,8,16,13,12,8
sensitivity_2,ewma,"alpha=0.7, theta=0.09112",test,83CF687B-7CEC-434B-9FE8-00C3D5799BE6,10,485,0,0,0,0,0,0
sensitivity_2,ewma,"alpha=0.7, theta=0.09112",test,9759096F-1119-4E19-A0AD-6F16989C7E1C,6,776,4,4,8,6,5,4
sensitivity_2,ewma,"alpha=0.7, theta=0.09112",test,9759096F-1119-4E19-A0AD-6F16989C7E1C,7,1178,0,0,0,0,0,0
sensitivity_2,ewma,"alpha=0.7, theta=0.09112",test,9DC38D04-E82E-4F29-AB52-B476535226F2,20,1909,0,0,0,0,0,0
sensitivity_2,ewma,"alpha=0.7, theta=0.09112",test,A5CDF89D-02A2-4EC1-89F8-F534FDABDD96,16,350,0,0,0,0,0,0
sensitivity_2,ewma,"alpha=0.7, theta=0.09112",test,A5CDF89D-02A2-4EC1-89F8-F534FDABDD96,17,470,1,1,2,1,1,1
sensitivity_2,ewma,"alpha=0.7, theta=0.09112",test,A5CDF89D-02A2-4EC1-89F8-F534FDABDD96,18,359,0,0,0,0,0,0
sensitivity_2,ewma,"alpha=0.7, theta=0.09112",test,A76A5AF5-5A93-4CF2-A16E-62353BB70E8A,4,555,0,0,0,0,0,0
sensitivity_2,ewma,"alpha=0.7, theta=0.09112",test,A76A5AF5-5A93-4CF2-A16E-62353BB70E8A,5,920,0,0,0,0,0,0
sensitivity_2,ewma,"alpha=0.7, theta=0.09112",test,B09E373F-8A54-44C8-895B-0039390B859F,11,566,0,0,0,0,0,0
sensitivity_2,ewma,"alpha=0.7, theta=0.09112",test,B09E373F-8A54-44C8-895B-0039390B859F,12,833,0,0,0,0,0,0
sensitivity_2,ewma,"alpha=0.7, theta=0.09112",test,B09E373F-8A54-44C8-895B-0039390B859F,14,198,0,0,0,0,0,0
sensitivity_2,ewma,"alpha=0.7, theta=0.09112",test,B9724848-C7E2-45F4-9B3F-A1F38D864495,15,484,0,0,0,0,0,0
sensitivity_2,ewma,"alpha=0.7, theta=0.09112",test,B9724848-C7E2-45F4-9B3F-A1F38D864495,16,1013,21,21,42,60,35,18
sensitivity_2,ewma,"alpha=0.7, theta=0.09112",test,BE3CA5A6-A561-4BBD-B7C9-5DF6805400FC,18,223,0,0,0,0,0,0
sensitivity_2,ewma,"alpha=0.7, theta=0.09112",test,BE3CA5A6-A561-4BBD-B7C9-5DF6805400FC,19,1410,0,0,0,0,0,0
sensitivity_2,ewma,"alpha=0.7, theta=0.09112",test,C48CE857-A0DD-4DDB-BEA5-3A25449B2153,34,134,0,0,0,0,0,0
sensitivity_2,ewma,"alpha=0.7, theta=0.09112",test,C48CE857-A0DD-4DDB-BEA5-3A25449B2153,35,109,0,0,0,0,0,0
sensitivity_2,ewma,"alpha=0.7, theta=0.09112",test,C48CE857-A0DD-4DDB-BEA5-3A25449B2153,36,169,0,0,0,0,0,0
sensitivity_2,ewma,"alpha=0.7, theta=0.09112",test,C48CE857-A0DD-4DDB-BEA5-3A25449B2153,37,133,0,0,0,0,0,0
sensitivity_2,ewma,"alpha=0.7, theta=0.09112",test,C48CE857-A0DD-4DDB-BEA5-3A25449B2153,38,307,0,0,0,0,0,0
sensitivity_2,ewma,"alpha=0.7, theta=0.09112",test,C48CE857-A0DD-4DDB-BEA5-3A25449B2153,39,85,0,0,0,0,0,0
sensitivity_2,ewma,"alpha=0.7, theta=0.09112",test,CA820D43-E5E2-42EF-9798-BE56F776370B,10,997,0,0,0,0,0,0
sensitivity_2,ewma,"alpha=0.7, theta=0.09112",test,CA820D43-E5E2-42EF-9798-BE56F776370B,12,546,1,1,2,1,1,1
sensitivity_2,ewma,"alpha=0.7, theta=0.09112",test,CDA3BBF7-6631-45E8-85BA-EEB416B32A3C,5,537,0,0,0,0,0,0
sensitivity_2,ewma,"alpha=0.7, theta=0.09112",test,CF722AA9-2533-4E51-9FEB-9EAC84EE9AAC,11,112,0,0,0,0,0,0
sensitivity_2,ewma,"alpha=0.7, theta=0.09112",test,CF722AA9-2533-4E51-9FEB-9EAC84EE9AAC,12,371,0,0,0,0,0,0
sensitivity_2,ewma,"alpha=0.7, theta=0.09112",test,CF722AA9-2533-4E51-9FEB-9EAC84EE9AAC,13,138,0,0,0,0,0,0
sensitivity_2,ewma,"alpha=0.7, theta=0.09112",test,CF722AA9-2533-4E51-9FEB-9EAC84EE9AAC,14,73,1,1,2,1,1,1
sensitivity_2,ewma,"alpha=0.7, theta=0.09112",test,D7D20E2E-FC78-405D-B346-DBD3FD8FC92B,14,121,0,0,0,0,0,0
sensitivity_2,ewma,"alpha=0.7, theta=0.09112",test,D7D20E2E-FC78-405D-B346-DBD3FD8FC92B,15,826,0,0,0,0,0,0
sensitivity_2,ewma,"alpha=0.7, theta=0.09112",test,D7D20E2E-FC78-405D-B346-DBD3FD8FC92B,16,265,1,1,2,1,1,1
sensitivity_2,ewma,"alpha=0.7, theta=0.09112",test,E65577C1-8D5D-4F70-AF23-B3ADB9D3DBA3,5,657,14,14,28,32,21,13
sensitivity_2,ewma,"alpha=0.7, theta=0.09112",test,ECECC2AB-D32F-4F90-B74C-E12A1C69BBE2,17,603,0,0,0,0,0,0
sensitivity_2,ewma,"alpha=0.7, theta=0.09112",test,ECECC2AB-D32F-4F90-B74C-E12A1C69BBE2,18,74,0,0,0,0,0,0
sensitivity_2,ewma,"alpha=0.7, theta=0.09112",test,FDAA70A1-42A3-4E3F-9AE3-3FDA412E03BF,20,966,1,1,2,2,1,1
sensitivity_2,majority_vote,"k=3, theta=0.09112",test,00EABED2-271D-49D8-B599-1D4A09240601,25,300,3,3,6,9,4,3
sensitivity_2,majority_vote,"k=3, theta=0.09112",test,00EABED2-271D-49D8-B599-1D4A09240601,42,96,5,5,10,12,5,5
sensitivity_2,majority_vote,"k=3, theta=0.09112",test,00EABED2-271D-49D8-B599-1D4A09240601,44,12,0,0,0,0,0,0
sensitivity_2,majority_vote,"k=3, theta=0.09112",test,098A72A5-E3E5-4F54-A152-BBDA0DF7B694,15,114,0,0,0,0,0,0
sensitivity_2,majority_vote,"k=3, theta=0.09112",test,098A72A5-E3E5-4F54-A152-BBDA0DF7B694,16,733,0,0,0,0,0,0
sensitivity_2,majority_vote,"k=3, theta=0.09112",test,098A72A5-E3E5-4F54-A152-BBDA0DF7B694,17,292,0,0,0,0,0,0
sensitivity_2,majority_vote,"k=3, theta=0.09112",test,098A72A5-E3E5-4F54-A152-BBDA0DF7B694,18,91,0,0,0,0,0,0
sensitivity_2,majority_vote,"k=3, theta=0.09112",test,098A72A5-E3E5-4F54-A152-BBDA0DF7B694,19,104,1,1,2,3,1,1
sensitivity_2,majority_vote,"k=3, theta=0.09112",test,0A986513-7828-4D53-AA1F-E02D6DF9561B,8,763,2,2,4,4,2,2
sensitivity_2,majority_vote,"k=3, theta=0.09112",test,11B5EC4D-4133-4289-B475-4E737182A406,7,1407,0,0,0,0,0,0
sensitivity_2,majority_vote,"k=3, theta=0.09112",test,11B5EC4D-4133-4289-B475-4E737182A406,8,333,0,0,0,0,0,0
sensitivity_2,majority_vote,"k=3, theta=0.09112",test,136562B6-95B2-483D-88DC-065F28409FD2,22,145,0,0,0,0,0,0
sensitivity_2,majority_vote,"k=3, theta=0.09112",test,136562B6-95B2-483D-88DC-065F28409FD2,23,747,0,0,0,0,0,0
sensitivity_2,majority_vote,"k=3, theta=0.09112",test,136562B6-95B2-483D-88DC-065F28409FD2,24,323,0,0,0,0,0,0
sensitivity_2,majority_vote,"k=3, theta=0.09112",test,1538C99F-BA1E-4EFB-A949-6C7C47701B20,30,406,0,0,0,0,0,0
sensitivity_2,majority_vote,"k=3, theta=0.09112",test,1538C99F-BA1E-4EFB-A949-6C7C47701B20,31,875,0,0,0,0,0,0
sensitivity_2,majority_vote,"k=3, theta=0.09112",test,24E40C4C-A349-4F9F-93AB-01D00FB994AF,18,68,0,0,0,0,0,0
sensitivity_2,majority_vote,"k=3, theta=0.09112",test,24E40C4C-A349-4F9F-93AB-01D00FB994AF,19,374,0,0,0,0,0,0
sensitivity_2,majority_vote,"k=3, theta=0.09112",test,24E40C4C-A349-4F9F-93AB-01D00FB994AF,20,166,0,0,0,0,0,0
sensitivity_2,majority_vote,"k=3, theta=0.09112",test,24E40C4C-A349-4F9F-93AB-01D00FB994AF,21,120,0,0,0,0,0,0
sensitivity_2,majority_vote,"k=3, theta=0.09112",test,24E40C4C-A349-4F9F-93AB-01D00FB994AF,22,198,0,0,0,0,0,0
sensitivity_2,majority_vote,"k=3, theta=0.09112",test,2C32C23E-E30C-498A-8DD2-0EFB9150A02E,11,377,0,0,0,0,0,0
sensitivity_2,majority_vote,"k=3, theta=0.09112",test,2C32C23E-E30C-498A-8DD2-0EFB9150A02E,12,1298,1,1,2,1,1,1
sensitivity_2,majority_vote,"k=3, theta=0.09112",test,3600D531-0C55-44A7-AE95-A7A38519464E,27,170,0,0,0,0,0,0
sensitivity_2,majority_vote,"k=3, theta=0.09112",test,3600D531-0C55-44A7-AE95-A7A38519464E,28,205,0,0,0,0,0,0
sensitivity_2,majority_vote,"k=3, theta=0.09112",test,3600D531-0C55-44A7-AE95-A7A38519464E,31,23,0,0,0,0,0,0
sensitivity_2,majority_vote,"k=3, theta=0.09112",test,3600D531-0C55-44A7-AE95-A7A38519464E,32,612,0,0,0,0,0,0
sensitivity_2,majority_vote,"k=3, theta=0.09112",test,3600D531-0C55-44A7-AE95-A7A38519464E,33,22,0,0,0,0,0,0
sensitivity_2,majority_vote,"k=3, theta=0.09112",test,4FC32141-E888-4BFF-8804-12559A491D8C,12,67,0,0,0,0,0,0
sensitivity_2,majority_vote,"k=3, theta=0.09112",test,4FC32141-E888-4BFF-8804-12559A491D8C,13,164,0,0,0,0,0,0
sensitivity_2,majority_vote,"k=3, theta=0.09112",test,4FC32141-E888-4BFF-8804-12559A491D8C,14,59,0,0,0,0,0,0
sensitivity_2,majority_vote,"k=3, theta=0.09112",test,4FC32141-E888-4BFF-8804-12559A491D8C,15,677,0,0,0,0,0,0
sensitivity_2,majority_vote,"k=3, theta=0.09112",test,5119D0F8-FCA8-4184-A4EB-19421A40DE0D,11,461,0,0,0,0,0,0
sensitivity_2,majority_vote,"k=3, theta=0.09112",test,5119D0F8-FCA8-4184-A4EB-19421A40DE0D,12,125,1,1,2,6,0,0
sensitivity_2,majority_vote,"k=3, theta=0.09112",test,5119D0F8-FCA8-4184-A4EB-19421A40DE0D,13,709,0,0,0,0,0,0
sensitivity_2,majority_vote,"k=3, theta=0.09112",test,5152A2DF-FAF3-4BA8-9CA9-E66B32671A53,9,775,0,0,0,0,0,0
sensitivity_2,majority_vote,"k=3, theta=0.09112",test,5152A2DF-FAF3-4BA8-9CA9-E66B32671A53,10,501,0,0,0,0,0,0
sensitivity_2,majority_vote,"k=3, theta=0.09112",test,5152A2DF-FAF3-4BA8-9CA9-E66B32671A53,11,19,0,0,0,0,0,0
sensitivity_2,majority_vote,"k=3, theta=0.09112",test,5EF64122-B513-46AE-BCF1-E62AAC285D2C,12,178,0,0,0,0,0,0
sensitivity_2,majority_vote,"k=3, theta=0.09112",test,5EF64122-B513-46AE-BCF1-E62AAC285D2C,13,576,0,0,0,0,0,0
sensitivity_2,majority_vote,"k=3, theta=0.09112",test,61976C24-1C50-4355-9C49-AAE44A7D09F6,48,1717,0,0,0,0,0,0
sensitivity_2,majority_vote,"k=3, theta=0.09112",test,78A91A4E-4A51-4065-BDA7-94755F0BB3BB,8,2371,3,3,6,5,3,3
sensitivity_2,majority_vote,"k=3, theta=0.09112",test,7CE37510-56D0-4120-A1CF-0E23351428D2,8,1924,2,2,4,2,2,2
sensitivity_2,majority_vote,"k=3, theta=0.09112",test,8023FE1A-D3B0-4E2C-A57A-9321B7FC755F,26,745,1,1,2,2,1,1
sensitivity_2,majority_vote,"k=3, theta=0.09112",test,8023FE1A-D3B0-4E2C-A57A-9321B7FC755F,27,1064,2,2,4,5,2,2
sensitivity_2,majority_vote,"k=3, theta=0.09112",test,83CF687B-7CEC-434B-9FE8-00C3D5799BE6,9,1394,7,7,14,24,8,6
sensitivity_2,majority_vote,"k=3, theta=0.09112",test,83CF687B-7CEC-434B-9FE8-00C3D5799BE6,10,485,0,0,0,0,0,0
sensitivity_2,majority_vote,"k=3, theta=0.09112",test,9759096F-1119-4E19-A0AD-6F16989C7E1C,6,776,3,3,6,5,5,3
sensitivity_2,majority_vote,"k=3, theta=0.09112",test,9759096F-1119-4E19-A0AD-6F16989C7E1C,7,1178,0,0,0,0,0,0
sensitivity_2,majority_vote,"k=3, theta=0.09112",test,9DC38D04-E82E-4F29-AB52-B476535226F2,20,1909,0,0,0,0,0,0
sensitivity_2,majority_vote,"k=3, theta=0.09112",test,A5CDF89D-02A2-4EC1-89F8-F534FDABDD96,16,350,0,0,0,0,0,0
sensitivity_2,majority_vote,"k=3, theta=0.09112",test,A5CDF89D-02A2-4EC1-89F8-F534FDABDD96,17,470,1,1,2,2,1,1
sensitivity_2,majority_vote,"k=3, theta=0.09112",test,A5CDF89D-02A2-4EC1-89F8-F534FDABDD96,18,359,0,0,0,0,0,0
sensitivity_2,majority_vote,"k=3, theta=0.09112",test,A76A5AF5-5A93-4CF2-A16E-62353BB70E8A,4,555,0,0,0,0,0,0
sensitivity_2,majority_vote,"k=3, theta=0.09112",test,A76A5AF5-5A93-4CF2-A16E-62353BB70E8A,5,920,0,0,0,0,0,0
sensitivity_2,majority_vote,"k=3, theta=0.09112",test,B09E373F-8A54-44C8-895B-0039390B859F,11,566,0,0,0,0,0,0
sensitivity_2,majority_vote,"k=3, theta=0.09112",test,B09E373F-8A54-44C8-895B-0039390B859F,12,833,0,0,0,0,0,0
sensitivity_2,majority_vote,"k=3, theta=0.09112",test,B09E373F-8A54-44C8-895B-0039390B859F,14,198,0,0,0,0,0,0
sensitivity_2,majority_vote,"k=3, theta=0.09112",test,B9724848-C7E2-45F4-9B3F-A1F38D864495,15,484,2,2,4,2,2,2
sensitivity_2,majority_vote,"k=3, theta=0.09112",test,B9724848-C7E2-45F4-9B3F-A1F38D864495,16,1013,15,15,30,66,22,11
sensitivity_2,majority_vote,"k=3, theta=0.09112",test,BE3CA5A6-A561-4BBD-B7C9-5DF6805400FC,18,223,0,0,0,0,0,0
sensitivity_2,majority_vote,"k=3, theta=0.09112",test,BE3CA5A6-A561-4BBD-B7C9-5DF6805400FC,19,1410,0,0,0,0,0,0
sensitivity_2,majority_vote,"k=3, theta=0.09112",test,C48CE857-A0DD-4DDB-BEA5-3A25449B2153,34,134,0,0,0,0,0,0
sensitivity_2,majority_vote,"k=3, theta=0.09112",test,C48CE857-A0DD-4DDB-BEA5-3A25449B2153,35,109,0,0,0,0,0,0
sensitivity_2,majority_vote,"k=3, theta=0.09112",test,C48CE857-A0DD-4DDB-BEA5-3A25449B2153,36,169,0,0,0,0,0,0
sensitivity_2,majority_vote,"k=3, theta=0.09112",test,C48CE857-A0DD-4DDB-BEA5-3A25449B2153,37,133,0,0,0,0,0,0
sensitivity_2,majority_vote,"k=3, theta=0.09112",test,C48CE857-A0DD-4DDB-BEA5-3A25449B2153,38,307,0,0,0,0,0,0
sensitivity_2,majority_vote,"k=3, theta=0.09112",test,C48CE857-A0DD-4DDB-BEA5-3A25449B2153,39,85,0,0,0,0,0,0
sensitivity_2,majority_vote,"k=3, theta=0.09112",test,CA820D43-E5E2-42EF-9798-BE56F776370B,10,997,0,0,0,0,0,0
sensitivity_2,majority_vote,"k=3, theta=0.09112",test,CA820D43-E5E2-42EF-9798-BE56F776370B,12,546,2,2,4,4,2,2
sensitivity_2,majority_vote,"k=3, theta=0.09112",test,CDA3BBF7-6631-45E8-85BA-EEB416B32A3C,5,537,0,0,0,0,0,0
sensitivity_2,majority_vote,"k=3, theta=0.09112",test,CF722AA9-2533-4E51-9FEB-9EAC84EE9AAC,11,112,0,0,0,0,0,0
sensitivity_2,majority_vote,"k=3, theta=0.09112",test,CF722AA9-2533-4E51-9FEB-9EAC84EE9AAC,12,371,0,0,0,0,0,0
sensitivity_2,majority_vote,"k=3, theta=0.09112",test,CF722AA9-2533-4E51-9FEB-9EAC84EE9AAC,13,138,0,0,0,0,0,0
sensitivity_2,majority_vote,"k=3, theta=0.09112",test,CF722AA9-2533-4E51-9FEB-9EAC84EE9AAC,14,73,0,0,0,0,0,0
sensitivity_2,majority_vote,"k=3, theta=0.09112",test,D7D20E2E-FC78-405D-B346-DBD3FD8FC92B,14,121,0,0,0,0,0,0
sensitivity_2,majority_vote,"k=3, theta=0.09112",test,D7D20E2E-FC78-405D-B346-DBD3FD8FC92B,15,826,0,0,0,0,0,0
sensitivity_2,majority_vote,"k=3, theta=0.09112",test,D7D20E2E-FC78-405D-B346-DBD3FD8FC92B,16,265,0,0,0,0,0,0
sensitivity_2,majority_vote,"k=3, theta=0.09112",test,E65577C1-8D5D-4F70-AF23-B3ADB9D3DBA3,5,657,10,10,20,45,12,7
sensitivity_2,majority_vote,"k=3, theta=0.09112",test,ECECC2AB-D32F-4F90-B74C-E12A1C69BBE2,17,603,0,0,0,0,0,0
sensitivity_2,majority_vote,"k=3, theta=0.09112",test,ECECC2AB-D32F-4F90-B74C-E12A1C69BBE2,18,74,0,0,0,0,0,0
sensitivity_2,majority_vote,"k=3, theta=0.09112",test,FDAA70A1-42A3-4E3F-9AE3-3FDA412E03BF,20,966,1,1,2,3,1,1
sensitivity_2,debounce,"T=2, theta=0.09975",test,00EABED2-271D-49D8-B599-1D4A09240601,25,300,3,3,6,10,4,3
sensitivity_2,debounce,"T=2, theta=0.09975",test,00EABED2-271D-49D8-B599-1D4A09240601,42,96,6,6,12,19,7,5
sensitivity_2,debounce,"T=2, theta=0.09975",test,00EABED2-271D-49D8-B599-1D4A09240601,44,12,0,0,0,0,0,0
sensitivity_2,debounce,"T=2, theta=0.09975",test,098A72A5-E3E5-4F54-A152-BBDA0DF7B694,15,114,0,0,0,0,0,0
sensitivity_2,debounce,"T=2, theta=0.09975",test,098A72A5-E3E5-4F54-A152-BBDA0DF7B694,16,733,0,0,0,0,0,0
sensitivity_2,debounce,"T=2, theta=0.09975",test,098A72A5-E3E5-4F54-A152-BBDA0DF7B694,17,292,0,0,0,0,0,0
sensitivity_2,debounce,"T=2, theta=0.09975",test,098A72A5-E3E5-4F54-A152-BBDA0DF7B694,18,91,0,0,0,0,0,0
sensitivity_2,debounce,"T=2, theta=0.09975",test,098A72A5-E3E5-4F54-A152-BBDA0DF7B694,19,104,1,1,2,3,1,1
sensitivity_2,debounce,"T=2, theta=0.09975",test,0A986513-7828-4D53-AA1F-E02D6DF9561B,8,763,2,2,4,4,2,2
sensitivity_2,debounce,"T=2, theta=0.09975",test,11B5EC4D-4133-4289-B475-4E737182A406,7,1407,0,0,0,0,0,0
sensitivity_2,debounce,"T=2, theta=0.09975",test,11B5EC4D-4133-4289-B475-4E737182A406,8,333,0,0,0,0,0,0
sensitivity_2,debounce,"T=2, theta=0.09975",test,136562B6-95B2-483D-88DC-065F28409FD2,22,145,0,0,0,0,0,0
sensitivity_2,debounce,"T=2, theta=0.09975",test,136562B6-95B2-483D-88DC-065F28409FD2,23,747,0,0,0,0,0,0
sensitivity_2,debounce,"T=2, theta=0.09975",test,136562B6-95B2-483D-88DC-065F28409FD2,24,323,0,0,0,0,0,0
sensitivity_2,debounce,"T=2, theta=0.09975",test,1538C99F-BA1E-4EFB-A949-6C7C47701B20,30,406,0,0,0,0,0,0
sensitivity_2,debounce,"T=2, theta=0.09975",test,1538C99F-BA1E-4EFB-A949-6C7C47701B20,31,875,0,0,0,0,0,0
sensitivity_2,debounce,"T=2, theta=0.09975",test,24E40C4C-A349-4F9F-93AB-01D00FB994AF,18,68,0,0,0,0,0,0
sensitivity_2,debounce,"T=2, theta=0.09975",test,24E40C4C-A349-4F9F-93AB-01D00FB994AF,19,374,0,0,0,0,0,0
sensitivity_2,debounce,"T=2, theta=0.09975",test,24E40C4C-A349-4F9F-93AB-01D00FB994AF,20,166,0,0,0,0,0,0
sensitivity_2,debounce,"T=2, theta=0.09975",test,24E40C4C-A349-4F9F-93AB-01D00FB994AF,21,120,0,0,0,0,0,0
sensitivity_2,debounce,"T=2, theta=0.09975",test,24E40C4C-A349-4F9F-93AB-01D00FB994AF,22,198,0,0,0,0,0,0
sensitivity_2,debounce,"T=2, theta=0.09975",test,2C32C23E-E30C-498A-8DD2-0EFB9150A02E,11,377,0,0,0,0,0,0
sensitivity_2,debounce,"T=2, theta=0.09975",test,2C32C23E-E30C-498A-8DD2-0EFB9150A02E,12,1298,0,0,0,0,0,0
sensitivity_2,debounce,"T=2, theta=0.09975",test,3600D531-0C55-44A7-AE95-A7A38519464E,27,170,0,0,0,0,0,0
sensitivity_2,debounce,"T=2, theta=0.09975",test,3600D531-0C55-44A7-AE95-A7A38519464E,28,205,0,0,0,0,0,0
sensitivity_2,debounce,"T=2, theta=0.09975",test,3600D531-0C55-44A7-AE95-A7A38519464E,31,23,0,0,0,0,0,0
sensitivity_2,debounce,"T=2, theta=0.09975",test,3600D531-0C55-44A7-AE95-A7A38519464E,32,612,0,0,0,0,0,0
sensitivity_2,debounce,"T=2, theta=0.09975",test,3600D531-0C55-44A7-AE95-A7A38519464E,33,22,0,0,0,0,0,0
sensitivity_2,debounce,"T=2, theta=0.09975",test,4FC32141-E888-4BFF-8804-12559A491D8C,12,67,0,0,0,0,0,0
sensitivity_2,debounce,"T=2, theta=0.09975",test,4FC32141-E888-4BFF-8804-12559A491D8C,13,164,0,0,0,0,0,0
sensitivity_2,debounce,"T=2, theta=0.09975",test,4FC32141-E888-4BFF-8804-12559A491D8C,14,59,0,0,0,0,0,0
sensitivity_2,debounce,"T=2, theta=0.09975",test,4FC32141-E888-4BFF-8804-12559A491D8C,15,677,0,0,0,0,0,0
sensitivity_2,debounce,"T=2, theta=0.09975",test,5119D0F8-FCA8-4184-A4EB-19421A40DE0D,11,461,0,0,0,0,0,0
sensitivity_2,debounce,"T=2, theta=0.09975",test,5119D0F8-FCA8-4184-A4EB-19421A40DE0D,12,125,1,1,2,6,0,0
sensitivity_2,debounce,"T=2, theta=0.09975",test,5119D0F8-FCA8-4184-A4EB-19421A40DE0D,13,709,0,0,0,0,0,0
sensitivity_2,debounce,"T=2, theta=0.09975",test,5152A2DF-FAF3-4BA8-9CA9-E66B32671A53,9,775,0,0,0,0,0,0
sensitivity_2,debounce,"T=2, theta=0.09975",test,5152A2DF-FAF3-4BA8-9CA9-E66B32671A53,10,501,0,0,0,0,0,0
sensitivity_2,debounce,"T=2, theta=0.09975",test,5152A2DF-FAF3-4BA8-9CA9-E66B32671A53,11,19,0,0,0,0,0,0
sensitivity_2,debounce,"T=2, theta=0.09975",test,5EF64122-B513-46AE-BCF1-E62AAC285D2C,12,178,0,0,0,0,0,0
sensitivity_2,debounce,"T=2, theta=0.09975",test,5EF64122-B513-46AE-BCF1-E62AAC285D2C,13,576,0,0,0,0,0,0
sensitivity_2,debounce,"T=2, theta=0.09975",test,61976C24-1C50-4355-9C49-AAE44A7D09F6,48,1717,0,0,0,0,0,0
sensitivity_2,debounce,"T=2, theta=0.09975",test,78A91A4E-4A51-4065-BDA7-94755F0BB3BB,8,2371,3,3,6,9,3,3
sensitivity_2,debounce,"T=2, theta=0.09975",test,7CE37510-56D0-4120-A1CF-0E23351428D2,8,1924,1,1,2,2,1,1
sensitivity_2,debounce,"T=2, theta=0.09975",test,8023FE1A-D3B0-4E2C-A57A-9321B7FC755F,26,745,1,1,2,2,1,1
sensitivity_2,debounce,"T=2, theta=0.09975",test,8023FE1A-D3B0-4E2C-A57A-9321B7FC755F,27,1064,2,2,4,6,2,2
sensitivity_2,debounce,"T=2, theta=0.09975",test,83CF687B-7CEC-434B-9FE8-00C3D5799BE6,9,1394,6,6,12,25,7,5
sensitivity_2,debounce,"T=2, theta=0.09975",test,83CF687B-7CEC-434B-9FE8-00C3D5799BE6,10,485,0,0,0,0,0,0
sensitivity_2,debounce,"T=2, theta=0.09975",test,9759096F-1119-4E19-A0AD-6F16989C7E1C,6,776,2,2,4,12,1,1
sensitivity_2,debounce,"T=2, theta=0.09975",test,9759096F-1119-4E19-A0AD-6F16989C7E1C,7,1178,0,0,0,0,0,0
sensitivity_2,debounce,"T=2, theta=0.09975",test,9DC38D04-E82E-4F29-AB52-B476535226F2,20,1909,0,0,0,0,0,0
sensitivity_2,debounce,"T=2, theta=0.09975",test,A5CDF89D-02A2-4EC1-89F8-F534FDABDD96,16,350,0,0,0,0,0,0
sensitivity_2,debounce,"T=2, theta=0.09975",test,A5CDF89D-02A2-4EC1-89F8-F534FDABDD96,17,470,1,1,2,2,1,1
sensitivity_2,debounce,"T=2, theta=0.09975",test,A5CDF89D-02A2-4EC1-89F8-F534FDABDD96,18,359,0,0,0,0,0,0
sensitivity_2,debounce,"T=2, theta=0.09975",test,A76A5AF5-5A93-4CF2-A16E-62353BB70E8A,4,555,0,0,0,0,0,0
sensitivity_2,debounce,"T=2, theta=0.09975",test,A76A5AF5-5A93-4CF2-A16E-62353BB70E8A,5,920,0,0,0,0,0,0
sensitivity_2,debounce,"T=2, theta=0.09975",test,B09E373F-8A54-44C8-895B-0039390B859F,11,566,0,0,0,0,0,0
sensitivity_2,debounce,"T=2, theta=0.09975",test,B09E373F-8A54-44C8-895B-0039390B859F,12,833,0,0,0,0,0,0
sensitivity_2,debounce,"T=2, theta=0.09975",test,B09E373F-8A54-44C8-895B-0039390B859F,14,198,0,0,0,0,0,0
sensitivity_2,debounce,"T=2, theta=0.09975",test,B9724848-C7E2-45F4-9B3F-A1F38D864495,15,484,0,0,0,0,0,0
sensitivity_2,debounce,"T=2, theta=0.09975",test,B9724848-C7E2-45F4-9B3F-A1F38D864495,16,1013,11,11,22,74,11,5
sensitivity_2,debounce,"T=2, theta=0.09975",test,BE3CA5A6-A561-4BBD-B7C9-5DF6805400FC,18,223,0,0,0,0,0,0
sensitivity_2,debounce,"T=2, theta=0.09975",test,BE3CA5A6-A561-4BBD-B7C9-5DF6805400FC,19,1410,0,0,0,0,0,0
sensitivity_2,debounce,"T=2, theta=0.09975",test,C48CE857-A0DD-4DDB-BEA5-3A25449B2153,34,134,0,0,0,0,0,0
sensitivity_2,debounce,"T=2, theta=0.09975",test,C48CE857-A0DD-4DDB-BEA5-3A25449B2153,35,109,0,0,0,0,0,0
sensitivity_2,debounce,"T=2, theta=0.09975",test,C48CE857-A0DD-4DDB-BEA5-3A25449B2153,36,169,0,0,0,0,0,0
sensitivity_2,debounce,"T=2, theta=0.09975",test,C48CE857-A0DD-4DDB-BEA5-3A25449B2153,37,133,0,0,0,0,0,0
sensitivity_2,debounce,"T=2, theta=0.09975",test,C48CE857-A0DD-4DDB-BEA5-3A25449B2153,38,307,0,0,0,0,0,0
sensitivity_2,debounce,"T=2, theta=0.09975",test,C48CE857-A0DD-4DDB-BEA5-3A25449B2153,39,85,0,0,0,0,0,0
sensitivity_2,debounce,"T=2, theta=0.09975",test,CA820D43-E5E2-42EF-9798-BE56F776370B,10,997,0,0,0,0,0,0
sensitivity_2,debounce,"T=2, theta=0.09975",test,CA820D43-E5E2-42EF-9798-BE56F776370B,12,546,2,2,4,4,2,2
sensitivity_2,debounce,"T=2, theta=0.09975",test,CDA3BBF7-6631-45E8-85BA-EEB416B32A3C,5,537,0,0,0,0,0,0
sensitivity_2,debounce,"T=2, theta=0.09975",test,CF722AA9-2533-4E51-9FEB-9EAC84EE9AAC,11,112,0,0,0,0,0,0
sensitivity_2,debounce,"T=2, theta=0.09975",test,CF722AA9-2533-4E51-9FEB-9EAC84EE9AAC,12,371,0,0,0,0,0,0
sensitivity_2,debounce,"T=2, theta=0.09975",test,CF722AA9-2533-4E51-9FEB-9EAC84EE9AAC,13,138,0,0,0,0,0,0
sensitivity_2,debounce,"T=2, theta=0.09975",test,CF722AA9-2533-4E51-9FEB-9EAC84EE9AAC,14,73,0,0,0,0,0,0
sensitivity_2,debounce,"T=2, theta=0.09975",test,D7D20E2E-FC78-405D-B346-DBD3FD8FC92B,14,121,0,0,0,0,0,0
sensitivity_2,debounce,"T=2, theta=0.09975",test,D7D20E2E-FC78-405D-B346-DBD3FD8FC92B,15,826,0,0,0,0,0,0
sensitivity_2,debounce,"T=2, theta=0.09975",test,D7D20E2E-FC78-405D-B346-DBD3FD8FC92B,16,265,0,0,0,0,0,0
sensitivity_2,debounce,"T=2, theta=0.09975",test,E65577C1-8D5D-4F70-AF23-B3ADB9D3DBA3,5,657,7,7,14,48,7,5
sensitivity_2,debounce,"T=2, theta=0.09975",test,ECECC2AB-D32F-4F90-B74C-E12A1C69BBE2,17,603,0,0,0,0,0,0
sensitivity_2,debounce,"T=2, theta=0.09975",test,ECECC2AB-D32F-4F90-B74C-E12A1C69BBE2,18,74,0,0,0,0,0,0
sensitivity_2,debounce,"T=2, theta=0.09975",test,FDAA70A1-42A3-4E3F-9AE3-3FDA412E03BF,20,966,1,1,2,3,1,1
sensitivity_2,margin,"m=0.2, theta=0.1301",test,00EABED2-271D-49D8-B599-1D4A09240601,25,300,1,1,2,4,1,1
sensitivity_2,margin,"m=0.2, theta=0.1301",test,00EABED2-271D-49D8-B599-1D4A09240601,42,96,3,3,6,4,5,3
sensitivity_2,margin,"m=0.2, theta=0.1301",test,00EABED2-271D-49D8-B599-1D4A09240601,44,12,1,0,1,2,0,0
sensitivity_2,margin,"m=0.2, theta=0.1301",test,098A72A5-E3E5-4F54-A152-BBDA0DF7B694,15,114,0,0,0,0,0,0
sensitivity_2,margin,"m=0.2, theta=0.1301",test,098A72A5-E3E5-4F54-A152-BBDA0DF7B694,16,733,0,0,0,0,0,0
sensitivity_2,margin,"m=0.2, theta=0.1301",test,098A72A5-E3E5-4F54-A152-BBDA0DF7B694,17,292,0,0,0,0,0,0
sensitivity_2,margin,"m=0.2, theta=0.1301",test,098A72A5-E3E5-4F54-A152-BBDA0DF7B694,18,91,0,0,0,0,0,0
sensitivity_2,margin,"m=0.2, theta=0.1301",test,098A72A5-E3E5-4F54-A152-BBDA0DF7B694,19,104,0,0,0,0,0,0
sensitivity_2,margin,"m=0.2, theta=0.1301",test,0A986513-7828-4D53-AA1F-E02D6DF9561B,8,763,8,8,16,8,9,8
sensitivity_2,margin,"m=0.2, theta=0.1301",test,11B5EC4D-4133-4289-B475-4E737182A406,7,1407,0,0,0,0,0,0
sensitivity_2,margin,"m=0.2, theta=0.1301",test,11B5EC4D-4133-4289-B475-4E737182A406,8,333,0,0,0,0,0,0
sensitivity_2,margin,"m=0.2, theta=0.1301",test,136562B6-95B2-483D-88DC-065F28409FD2,22,145,0,0,0,0,0,0
sensitivity_2,margin,"m=0.2, theta=0.1301",test,136562B6-95B2-483D-88DC-065F28409FD2,23,747,0,0,0,0,0,0
sensitivity_2,margin,"m=0.2, theta=0.1301",test,136562B6-95B2-483D-88DC-065F28409FD2,24,323,0,0,0,0,0,0
sensitivity_2,margin,"m=0.2, theta=0.1301",test,1538C99F-BA1E-4EFB-A949-6C7C47701B20,30,406,0,0,0,0,0,0
sensitivity_2,margin,"m=0.2, theta=0.1301",test,1538C99F-BA1E-4EFB-A949-6C7C47701B20,31,875,0,0,0,0,0,0
sensitivity_2,margin,"m=0.2, theta=0.1301",test,24E40C4C-A349-4F9F-93AB-01D00FB994AF,18,68,0,0,0,0,0,0
sensitivity_2,margin,"m=0.2, theta=0.1301",test,24E40C4C-A349-4F9F-93AB-01D00FB994AF,19,374,0,0,0,0,0,0
sensitivity_2,margin,"m=0.2, theta=0.1301",test,24E40C4C-A349-4F9F-93AB-01D00FB994AF,20,166,0,0,0,0,0,0
sensitivity_2,margin,"m=0.2, theta=0.1301",test,24E40C4C-A349-4F9F-93AB-01D00FB994AF,21,120,0,0,0,0,0,0
sensitivity_2,margin,"m=0.2, theta=0.1301",test,24E40C4C-A349-4F9F-93AB-01D00FB994AF,22,198,0,0,0,0,0,0
sensitivity_2,margin,"m=0.2, theta=0.1301",test,2C32C23E-E30C-498A-8DD2-0EFB9150A02E,11,377,0,0,0,0,0,0
sensitivity_2,margin,"m=0.2, theta=0.1301",test,2C32C23E-E30C-498A-8DD2-0EFB9150A02E,12,1298,1,1,2,3,1,1
sensitivity_2,margin,"m=0.2, theta=0.1301",test,3600D531-0C55-44A7-AE95-A7A38519464E,27,170,0,0,0,0,0,0
sensitivity_2,margin,"m=0.2, theta=0.1301",test,3600D531-0C55-44A7-AE95-A7A38519464E,28,205,0,0,0,0,0,0
sensitivity_2,margin,"m=0.2, theta=0.1301",test,3600D531-0C55-44A7-AE95-A7A38519464E,31,23,1,1,2,1,1,1
sensitivity_2,margin,"m=0.2, theta=0.1301",test,3600D531-0C55-44A7-AE95-A7A38519464E,32,612,0,0,0,0,0,0
sensitivity_2,margin,"m=0.2, theta=0.1301",test,3600D531-0C55-44A7-AE95-A7A38519464E,33,22,0,0,0,0,0,0
sensitivity_2,margin,"m=0.2, theta=0.1301",test,4FC32141-E888-4BFF-8804-12559A491D8C,12,67,0,0,0,0,0,0
sensitivity_2,margin,"m=0.2, theta=0.1301",test,4FC32141-E888-4BFF-8804-12559A491D8C,13,164,0,0,0,0,0,0
sensitivity_2,margin,"m=0.2, theta=0.1301",test,4FC32141-E888-4BFF-8804-12559A491D8C,14,59,0,0,0,0,0,0
sensitivity_2,margin,"m=0.2, theta=0.1301",test,4FC32141-E888-4BFF-8804-12559A491D8C,15,677,0,0,0,0,0,0
sensitivity_2,margin,"m=0.2, theta=0.1301",test,5119D0F8-FCA8-4184-A4EB-19421A40DE0D,11,461,0,0,0,0,0,0
sensitivity_2,margin,"m=0.2, theta=0.1301",test,5119D0F8-FCA8-4184-A4EB-19421A40DE0D,12,125,0,0,0,0,0,0
sensitivity_2,margin,"m=0.2, theta=0.1301",test,5119D0F8-FCA8-4184-A4EB-19421A40DE0D,13,709,0,0,0,0,0,0
sensitivity_2,margin,"m=0.2, theta=0.1301",test,5152A2DF-FAF3-4BA8-9CA9-E66B32671A53,9,775,0,0,0,0,0,0
sensitivity_2,margin,"m=0.2, theta=0.1301",test,5152A2DF-FAF3-4BA8-9CA9-E66B32671A53,10,501,0,0,0,0,0,0
sensitivity_2,margin,"m=0.2, theta=0.1301",test,5152A2DF-FAF3-4BA8-9CA9-E66B32671A53,11,19,0,0,0,0,0,0
sensitivity_2,margin,"m=0.2, theta=0.1301",test,5EF64122-B513-46AE-BCF1-E62AAC285D2C,12,178,0,0,0,0,0,0
sensitivity_2,margin,"m=0.2, theta=0.1301",test,5EF64122-B513-46AE-BCF1-E62AAC285D2C,13,576,0,0,0,0,0,0
sensitivity_2,margin,"m=0.2, theta=0.1301",test,61976C24-1C50-4355-9C49-AAE44A7D09F6,48,1717,1,1,2,1,1,1
sensitivity_2,margin,"m=0.2, theta=0.1301",test,78A91A4E-4A51-4065-BDA7-94755F0BB3BB,8,2371,4,4,8,16,4,3
sensitivity_2,margin,"m=0.2, theta=0.1301",test,7CE37510-56D0-4120-A1CF-0E23351428D2,8,1924,3,3,6,3,3,3
sensitivity_2,margin,"m=0.2, theta=0.1301",test,8023FE1A-D3B0-4E2C-A57A-9321B7FC755F,26,745,2,2,4,3,2,2
sensitivity_2,margin,"m=0.2, theta=0.1301",test,8023FE1A-D3B0-4E2C-A57A-9321B7FC755F,27,1064,0,0,0,0,0,0
sensitivity_2,margin,"m=0.2, theta=0.1301",test,83CF687B-7CEC-434B-9FE8-00C3D5799BE6,9,1394,7,7,14,23,9,6
sensitivity_2,margin,"m=0.2, theta=0.1301",test,83CF687B-7CEC-434B-9FE8-00C3D5799BE6,10,485,1,1,2,1,1,1
sensitivity_2,margin,"m=0.2, theta=0.1301",test,9759096F-1119-4E19-A0AD-6F16989C7E1C,6,776,1,1,2,3,1,1
sensitivity_2,margin,"m=0.2, theta=0.1301",test,9759096F-1119-4E19-A0AD-6F16989C7E1C,7,1178,0,0,0,0,0,0
sensitivity_2,margin,"m=0.2, theta=0.1301",test,9DC38D04-E82E-4F29-AB52-B476535226F2,20,1909,0,0,0,0,0,0
sensitivity_2,margin,"m=0.2, theta=0.1301",test,A5CDF89D-02A2-4EC1-89F8-F534FDABDD96,16,350,0,0,0,0,0,0
sensitivity_2,margin,"m=0.2, theta=0.1301",test,A5CDF89D-02A2-4EC1-89F8-F534FDABDD96,17,470,1,1,2,2,1,1
sensitivity_2,margin,"m=0.2, theta=0.1301",test,A5CDF89D-02A2-4EC1-89F8-F534FDABDD96,18,359,0,0,0,0,0,0
sensitivity_2,margin,"m=0.2, theta=0.1301",test,A76A5AF5-5A93-4CF2-A16E-62353BB70E8A,4,555,0,0,0,0,0,0
sensitivity_2,margin,"m=0.2, theta=0.1301",test,A76A5AF5-5A93-4CF2-A16E-62353BB70E8A,5,920,0,0,0,0,0,0
sensitivity_2,margin,"m=0.2, theta=0.1301",test,B09E373F-8A54-44C8-895B-0039390B859F,11,566,0,0,0,0,0,0
sensitivity_2,margin,"m=0.2, theta=0.1301",test,B09E373F-8A54-44C8-895B-0039390B859F,12,833,0,0,0,0,0,0
sensitivity_2,margin,"m=0.2, theta=0.1301",test,B09E373F-8A54-44C8-895B-0039390B859F,14,198,0,0,0,0,0,0
sensitivity_2,margin,"m=0.2, theta=0.1301",test,B9724848-C7E2-45F4-9B3F-A1F38D864495,15,484,1,1,2,1,1,1
sensitivity_2,margin,"m=0.2, theta=0.1301",test,B9724848-C7E2-45F4-9B3F-A1F38D864495,16,1013,14,14,28,73,20,10
sensitivity_2,margin,"m=0.2, theta=0.1301",test,BE3CA5A6-A561-4BBD-B7C9-5DF6805400FC,18,223,0,0,0,0,0,0
sensitivity_2,margin,"m=0.2, theta=0.1301",test,BE3CA5A6-A561-4BBD-B7C9-5DF6805400FC,19,1410,0,0,0,0,0,0
sensitivity_2,margin,"m=0.2, theta=0.1301",test,C48CE857-A0DD-4DDB-BEA5-3A25449B2153,34,134,0,0,0,0,0,0
sensitivity_2,margin,"m=0.2, theta=0.1301",test,C48CE857-A0DD-4DDB-BEA5-3A25449B2153,35,109,0,0,0,0,0,0
sensitivity_2,margin,"m=0.2, theta=0.1301",test,C48CE857-A0DD-4DDB-BEA5-3A25449B2153,36,169,0,0,0,0,0,0
sensitivity_2,margin,"m=0.2, theta=0.1301",test,C48CE857-A0DD-4DDB-BEA5-3A25449B2153,37,133,0,0,0,0,0,0
sensitivity_2,margin,"m=0.2, theta=0.1301",test,C48CE857-A0DD-4DDB-BEA5-3A25449B2153,38,307,0,0,0,0,0,0
sensitivity_2,margin,"m=0.2, theta=0.1301",test,C48CE857-A0DD-4DDB-BEA5-3A25449B2153,39,85,0,0,0,0,0,0
sensitivity_2,margin,"m=0.2, theta=0.1301",test,CA820D43-E5E2-42EF-9798-BE56F776370B,10,997,1,1,2,1,1,1
sensitivity_2,margin,"m=0.2, theta=0.1301",test,CA820D43-E5E2-42EF-9798-BE56F776370B,12,546,1,1,2,1,1,1
sensitivity_2,margin,"m=0.2, theta=0.1301",test,CDA3BBF7-6631-45E8-85BA-EEB416B32A3C,5,537,0,0,0,0,0,0
sensitivity_2,margin,"m=0.2, theta=0.1301",test,CF722AA9-2533-4E51-9FEB-9EAC84EE9AAC,11,112,0,0,0,0,0,0
sensitivity_2,margin,"m=0.2, theta=0.1301",test,CF722AA9-2533-4E51-9FEB-9EAC84EE9AAC,12,371,0,0,0,0,0,0
sensitivity_2,margin,"m=0.2, theta=0.1301",test,CF722AA9-2533-4E51-9FEB-9EAC84EE9AAC,13,138,0,0,0,0,0,0
sensitivity_2,margin,"m=0.2, theta=0.1301",test,CF722AA9-2533-4E51-9FEB-9EAC84EE9AAC,14,73,2,2,4,3,2,2
sensitivity_2,margin,"m=0.2, theta=0.1301",test,D7D20E2E-FC78-405D-B346-DBD3FD8FC92B,14,121,0,0,0,0,0,0
sensitivity_2,margin,"m=0.2, theta=0.1301",test,D7D20E2E-FC78-405D-B346-DBD3FD8FC92B,15,826,0,0,0,0,0,0
sensitivity_2,margin,"m=0.2, theta=0.1301",test,D7D20E2E-FC78-405D-B346-DBD3FD8FC92B,16,265,0,0,0,0,0,0
sensitivity_2,margin,"m=0.2, theta=0.1301",test,E65577C1-8D5D-4F70-AF23-B3ADB9D3DBA3,5,657,2,2,4,19,0,0
sensitivity_2,margin,"m=0.2, theta=0.1301",test,ECECC2AB-D32F-4F90-B74C-E12A1C69BBE2,17,603,0,0,0,0,0,0
sensitivity_2,margin,"m=0.2, theta=0.1301",test,ECECC2AB-D32F-4F90-B74C-E12A1C69BBE2,18,74,0,0,0,0,0,0
sensitivity_2,margin,"m=0.2, theta=0.1301",test,FDAA70A1-42A3-4E3F-9AE3-3FDA412E03BF,20,966,0,0,0,0,0,0
sensitivity_2,hysteresis,"m=0.3, T=2, theta=0.2689",test,00EABED2-271D-49D8-B599-1D4A09240601,25,300,2,2,4,27,0,0
sensitivity_2,hysteresis,"m=0.3, T=2, theta=0.2689",test,00EABED2-271D-49D8-B599-1D4A09240601,42,96,2,2,4,52,0,0
sensitivity_2,hysteresis,"m=0.3, T=2, theta=0.2689",test,00EABED2-271D-49D8-B599-1D4A09240601,44,12,0,0,0,0,0,0
sensitivity_2,hysteresis,"m=0.3, T=2, theta=0.2689",test,098A72A5-E3E5-4F54-A152-BBDA0DF7B694,15,114,0,0,0,0,0,0
sensitivity_2,hysteresis,"m=0.3, T=2, theta=0.2689",test,098A72A5-E3E5-4F54-A152-BBDA0DF7B694,16,733,0,0,0,0,0,0
sensitivity_2,hysteresis,"m=0.3, T=2, theta=0.2689",test,098A72A5-E3E5-4F54-A152-BBDA0DF7B694,17,292,0,0,0,0,0,0
sensitivity_2,hysteresis,"m=0.3, T=2, theta=0.2689",test,098A72A5-E3E5-4F54-A152-BBDA0DF7B694,18,91,0,0,0,0,0,0
sensitivity_2,hysteresis,"m=0.3, T=2, theta=0.2689",test,098A72A5-E3E5-4F54-A152-BBDA0DF7B694,19,104,1,1,2,3,1,1
sensitivity_2,hysteresis,"m=0.3, T=2, theta=0.2689",test,0A986513-7828-4D53-AA1F-E02D6DF9561B,8,763,2,2,4,4,2,2
sensitivity_2,hysteresis,"m=0.3, T=2, theta=0.2689",test,11B5EC4D-4133-4289-B475-4E737182A406,7,1407,1,1,2,4,1,1
sensitivity_2,hysteresis,"m=0.3, T=2, theta=0.2689",test,11B5EC4D-4133-4289-B475-4E737182A406,8,333,0,0,0,0,0,0
sensitivity_2,hysteresis,"m=0.3, T=2, theta=0.2689",test,136562B6-95B2-483D-88DC-065F28409FD2,22,145,0,0,0,0,0,0
sensitivity_2,hysteresis,"m=0.3, T=2, theta=0.2689",test,136562B6-95B2-483D-88DC-065F28409FD2,23,747,0,0,0,0,0,0
sensitivity_2,hysteresis,"m=0.3, T=2, theta=0.2689",test,136562B6-95B2-483D-88DC-065F28409FD2,24,323,0,0,0,0,0,0
sensitivity_2,hysteresis,"m=0.3, T=2, theta=0.2689",test,1538C99F-BA1E-4EFB-A949-6C7C47701B20,30,406,0,0,0,0,0,0
sensitivity_2,hysteresis,"m=0.3, T=2, theta=0.2689",test,1538C99F-BA1E-4EFB-A949-6C7C47701B20,31,875,0,0,0,0,0,0
sensitivity_2,hysteresis,"m=0.3, T=2, theta=0.2689",test,24E40C4C-A349-4F9F-93AB-01D00FB994AF,18,68,0,0,0,0,0,0
sensitivity_2,hysteresis,"m=0.3, T=2, theta=0.2689",test,24E40C4C-A349-4F9F-93AB-01D00FB994AF,19,374,0,0,0,0,0,0
sensitivity_2,hysteresis,"m=0.3, T=2, theta=0.2689",test,24E40C4C-A349-4F9F-93AB-01D00FB994AF,20,166,0,0,0,0,0,0
sensitivity_2,hysteresis,"m=0.3, T=2, theta=0.2689",test,24E40C4C-A349-4F9F-93AB-01D00FB994AF,21,120,0,0,0,0,0,0
sensitivity_2,hysteresis,"m=0.3, T=2, theta=0.2689",test,24E40C4C-A349-4F9F-93AB-01D00FB994AF,22,198,0,0,0,0,0,0
sensitivity_2,hysteresis,"m=0.3, T=2, theta=0.2689",test,2C32C23E-E30C-498A-8DD2-0EFB9150A02E,11,377,0,0,0,0,0,0
sensitivity_2,hysteresis,"m=0.3, T=2, theta=0.2689",test,2C32C23E-E30C-498A-8DD2-0EFB9150A02E,12,1298,0,0,0,0,0,0
sensitivity_2,hysteresis,"m=0.3, T=2, theta=0.2689",test,3600D531-0C55-44A7-AE95-A7A38519464E,27,170,1,1,2,11,0,0
sensitivity_2,hysteresis,"m=0.3, T=2, theta=0.2689",test,3600D531-0C55-44A7-AE95-A7A38519464E,28,205,0,0,0,0,0,0
sensitivity_2,hysteresis,"m=0.3, T=2, theta=0.2689",test,3600D531-0C55-44A7-AE95-A7A38519464E,31,23,0,0,0,0,0,0
sensitivity_2,hysteresis,"m=0.3, T=2, theta=0.2689",test,3600D531-0C55-44A7-AE95-A7A38519464E,32,612,0,0,0,0,0,0
sensitivity_2,hysteresis,"m=0.3, T=2, theta=0.2689",test,3600D531-0C55-44A7-AE95-A7A38519464E,33,22,0,0,0,0,0,0
sensitivity_2,hysteresis,"m=0.3, T=2, theta=0.2689",test,4FC32141-E888-4BFF-8804-12559A491D8C,12,67,0,0,0,0,0,0
sensitivity_2,hysteresis,"m=0.3, T=2, theta=0.2689",test,4FC32141-E888-4BFF-8804-12559A491D8C,13,164,0,0,0,0,0,0
sensitivity_2,hysteresis,"m=0.3, T=2, theta=0.2689",test,4FC32141-E888-4BFF-8804-12559A491D8C,14,59,0,0,0,0,0,0
sensitivity_2,hysteresis,"m=0.3, T=2, theta=0.2689",test,4FC32141-E888-4BFF-8804-12559A491D8C,15,677,0,0,0,0,0,0
sensitivity_2,hysteresis,"m=0.3, T=2, theta=0.2689",test,5119D0F8-FCA8-4184-A4EB-19421A40DE0D,11,461,0,0,0,0,0,0
sensitivity_2,hysteresis,"m=0.3, T=2, theta=0.2689",test,5119D0F8-FCA8-4184-A4EB-19421A40DE0D,12,125,1,1,2,9,0,0
sensitivity_2,hysteresis,"m=0.3, T=2, theta=0.2689",test,5119D0F8-FCA8-4184-A4EB-19421A40DE0D,13,709,0,0,0,0,0,0
sensitivity_2,hysteresis,"m=0.3, T=2, theta=0.2689",test,5152A2DF-FAF3-4BA8-9CA9-E66B32671A53,9,775,0,0,0,0,0,0
sensitivity_2,hysteresis,"m=0.3, T=2, theta=0.2689",test,5152A2DF-FAF3-4BA8-9CA9-E66B32671A53,10,501,0,0,0,0,0,0
sensitivity_2,hysteresis,"m=0.3, T=2, theta=0.2689",test,5152A2DF-FAF3-4BA8-9CA9-E66B32671A53,11,19,0,0,0,0,0,0
sensitivity_2,hysteresis,"m=0.3, T=2, theta=0.2689",test,5EF64122-B513-46AE-BCF1-E62AAC285D2C,12,178,0,0,0,0,0,0
sensitivity_2,hysteresis,"m=0.3, T=2, theta=0.2689",test,5EF64122-B513-46AE-BCF1-E62AAC285D2C,13,576,0,0,0,0,0,0
sensitivity_2,hysteresis,"m=0.3, T=2, theta=0.2689",test,61976C24-1C50-4355-9C49-AAE44A7D09F6,48,1717,1,1,2,3,1,1
sensitivity_2,hysteresis,"m=0.3, T=2, theta=0.2689",test,78A91A4E-4A51-4065-BDA7-94755F0BB3BB,8,2371,2,2,4,34,0,0
sensitivity_2,hysteresis,"m=0.3, T=2, theta=0.2689",test,7CE37510-56D0-4120-A1CF-0E23351428D2,8,1924,1,1,2,2,1,1
sensitivity_2,hysteresis,"m=0.3, T=2, theta=0.2689",test,8023FE1A-D3B0-4E2C-A57A-9321B7FC755F,26,745,2,2,4,23,0,0
sensitivity_2,hysteresis,"m=0.3, T=2, theta=0.2689",test,8023FE1A-D3B0-4E2C-A57A-9321B7FC755F,27,1064,2,2,4,19,1,1
sensitivity_2,hysteresis,"m=0.3, T=2, theta=0.2689",test,83CF687B-7CEC-434B-9FE8-00C3D5799BE6,9,1394,4,4,8,68,2,2
sensitivity_2,hysteresis,"m=0.3, T=2, theta=0.2689",test,83CF687B-7CEC-434B-9FE8-00C3D5799BE6,10,485,0,0,0,0,0,0
sensitivity_2,hysteresis,"m=0.3, T=2, theta=0.2689",test,9759096F-1119-4E19-A0AD-6F16989C7E1C,6,776,1,1,2,60,0,0
sensitivity_2,hysteresis,"m=0.3, T=2, theta=0.2689",test,9759096F-1119-4E19-A0AD-6F16989C7E1C,7,1178,0,0,0,0,0,0
sensitivity_2,hysteresis,"m=0.3, T=2, theta=0.2689",test,9DC38D04-E82E-4F29-AB52-B476535226F2,20,1909,1,1,2,2,1,1
sensitivity_2,hysteresis,"m=0.3, T=2, theta=0.2689",test,A5CDF89D-02A2-4EC1-89F8-F534FDABDD96,16,350,0,0,0,0,0,0
sensitivity_2,hysteresis,"m=0.3, T=2, theta=0.2689",test,A5CDF89D-02A2-4EC1-89F8-F534FDABDD96,17,470,1,1,2,3,1,1
sensitivity_2,hysteresis,"m=0.3, T=2, theta=0.2689",test,A5CDF89D-02A2-4EC1-89F8-F534FDABDD96,18,359,0,0,0,0,0,0
sensitivity_2,hysteresis,"m=0.3, T=2, theta=0.2689",test,A76A5AF5-5A93-4CF2-A16E-62353BB70E8A,4,555,0,0,0,0,0,0
sensitivity_2,hysteresis,"m=0.3, T=2, theta=0.2689",test,A76A5AF5-5A93-4CF2-A16E-62353BB70E8A,5,920,0,0,0,0,0,0
sensitivity_2,hysteresis,"m=0.3, T=2, theta=0.2689",test,B09E373F-8A54-44C8-895B-0039390B859F,11,566,0,0,0,0,0,0
sensitivity_2,hysteresis,"m=0.3, T=2, theta=0.2689",test,B09E373F-8A54-44C8-895B-0039390B859F,12,833,0,0,0,0,0,0
sensitivity_2,hysteresis,"m=0.3, T=2, theta=0.2689",test,B09E373F-8A54-44C8-895B-0039390B859F,14,198,0,0,0,0,0,0
sensitivity_2,hysteresis,"m=0.3, T=2, theta=0.2689",test,B9724848-C7E2-45F4-9B3F-A1F38D864495,15,484,0,0,0,0,0,0
sensitivity_2,hysteresis,"m=0.3, T=2, theta=0.2689",test,B9724848-C7E2-45F4-9B3F-A1F38D864495,16,1013,6,6,12,152,2,0
sensitivity_2,hysteresis,"m=0.3, T=2, theta=0.2689",test,BE3CA5A6-A561-4BBD-B7C9-5DF6805400FC,18,223,0,0,0,0,0,0
sensitivity_2,hysteresis,"m=0.3, T=2, theta=0.2689",test,BE3CA5A6-A561-4BBD-B7C9-5DF6805400FC,19,1410,0,0,0,0,0,0
sensitivity_2,hysteresis,"m=0.3, T=2, theta=0.2689",test,C48CE857-A0DD-4DDB-BEA5-3A25449B2153,34,134,0,0,0,0,0,0
sensitivity_2,hysteresis,"m=0.3, T=2, theta=0.2689",test,C48CE857-A0DD-4DDB-BEA5-3A25449B2153,35,109,0,0,0,0,0,0
sensitivity_2,hysteresis,"m=0.3, T=2, theta=0.2689",test,C48CE857-A0DD-4DDB-BEA5-3A25449B2153,36,169,0,0,0,0,0,0
sensitivity_2,hysteresis,"m=0.3, T=2, theta=0.2689",test,C48CE857-A0DD-4DDB-BEA5-3A25449B2153,37,133,0,0,0,0,0,0
sensitivity_2,hysteresis,"m=0.3, T=2, theta=0.2689",test,C48CE857-A0DD-4DDB-BEA5-3A25449B2153,38,307,0,0,0,0,0,0
sensitivity_2,hysteresis,"m=0.3, T=2, theta=0.2689",test,C48CE857-A0DD-4DDB-BEA5-3A25449B2153,39,85,0,0,0,0,0,0
sensitivity_2,hysteresis,"m=0.3, T=2, theta=0.2689",test,CA820D43-E5E2-42EF-9798-BE56F776370B,10,997,0,0,0,0,0,0
sensitivity_2,hysteresis,"m=0.3, T=2, theta=0.2689",test,CA820D43-E5E2-42EF-9798-BE56F776370B,12,546,2,2,4,11,2,1
sensitivity_2,hysteresis,"m=0.3, T=2, theta=0.2689",test,CDA3BBF7-6631-45E8-85BA-EEB416B32A3C,5,537,0,0,0,0,0,0
sensitivity_2,hysteresis,"m=0.3, T=2, theta=0.2689",test,CF722AA9-2533-4E51-9FEB-9EAC84EE9AAC,11,112,0,0,0,0,0,0
sensitivity_2,hysteresis,"m=0.3, T=2, theta=0.2689",test,CF722AA9-2533-4E51-9FEB-9EAC84EE9AAC,12,371,1,1,2,2,1,1
sensitivity_2,hysteresis,"m=0.3, T=2, theta=0.2689",test,CF722AA9-2533-4E51-9FEB-9EAC84EE9AAC,13,138,0,0,0,0,0,0
sensitivity_2,hysteresis,"m=0.3, T=2, theta=0.2689",test,CF722AA9-2533-4E51-9FEB-9EAC84EE9AAC,14,73,0,0,0,0,0,0
sensitivity_2,hysteresis,"m=0.3, T=2, theta=0.2689",test,D7D20E2E-FC78-405D-B346-DBD3FD8FC92B,14,121,0,0,0,0,0,0
sensitivity_2,hysteresis,"m=0.3, T=2, theta=0.2689",test,D7D20E2E-FC78-405D-B346-DBD3FD8FC92B,15,826,1,1,2,8,0,0
sensitivity_2,hysteresis,"m=0.3, T=2, theta=0.2689",test,D7D20E2E-FC78-405D-B346-DBD3FD8FC92B,16,265,0,0,0,0,0,0
sensitivity_2,hysteresis,"m=0.3, T=2, theta=0.2689",test,E65577C1-8D5D-4F70-AF23-B3ADB9D3DBA3,5,657,4,4,8,131,1,1
sensitivity_2,hysteresis,"m=0.3, T=2, theta=0.2689",test,ECECC2AB-D32F-4F90-B74C-E12A1C69BBE2,17,603,0,0,0,0,0,0
sensitivity_2,hysteresis,"m=0.3, T=2, theta=0.2689",test,ECECC2AB-D32F-4F90-B74C-E12A1C69BBE2,18,74,0,0,0,0,0,0
sensitivity_2,hysteresis,"m=0.3, T=2, theta=0.2689",test,FDAA70A1-42A3-4E3F-9AE3-3FDA412E03BF,20,966,1,1,2,25,0,0
sensitivity_2,trust,"r=0.5, tau=0.5, theta=0.3318",test,00EABED2-271D-49D8-B599-1D4A09240601,25,300,1,1,2,17,0,0
sensitivity_2,trust,"r=0.5, tau=0.5, theta=0.3318",test,00EABED2-271D-49D8-B599-1D4A09240601,42,96,6,5,11,61,7,3
sensitivity_2,trust,"r=0.5, tau=0.5, theta=0.3318",test,00EABED2-271D-49D8-B599-1D4A09240601,44,12,0,0,0,0,0,0
sensitivity_2,trust,"r=0.5, tau=0.5, theta=0.3318",test,098A72A5-E3E5-4F54-A152-BBDA0DF7B694,15,114,0,0,0,0,0,0
sensitivity_2,trust,"r=0.5, tau=0.5, theta=0.3318",test,098A72A5-E3E5-4F54-A152-BBDA0DF7B694,16,733,0,0,0,0,0,0
sensitivity_2,trust,"r=0.5, tau=0.5, theta=0.3318",test,098A72A5-E3E5-4F54-A152-BBDA0DF7B694,17,292,0,0,0,0,0,0
sensitivity_2,trust,"r=0.5, tau=0.5, theta=0.3318",test,098A72A5-E3E5-4F54-A152-BBDA0DF7B694,18,91,0,0,0,0,0,0
sensitivity_2,trust,"r=0.5, tau=0.5, theta=0.3318",test,098A72A5-E3E5-4F54-A152-BBDA0DF7B694,19,104,0,0,0,0,0,0
sensitivity_2,trust,"r=0.5, tau=0.5, theta=0.3318",test,0A986513-7828-4D53-AA1F-E02D6DF9561B,8,763,2,2,4,6,2,2
sensitivity_2,trust,"r=0.5, tau=0.5, theta=0.3318",test,11B5EC4D-4133-4289-B475-4E737182A406,7,1407,0,0,0,0,0,0
sensitivity_2,trust,"r=0.5, tau=0.5, theta=0.3318",test,11B5EC4D-4133-4289-B475-4E737182A406,8,333,0,0,0,0,0,0
sensitivity_2,trust,"r=0.5, tau=0.5, theta=0.3318",test,136562B6-95B2-483D-88DC-065F28409FD2,22,145,0,0,0,0,0,0
sensitivity_2,trust,"r=0.5, tau=0.5, theta=0.3318",test,136562B6-95B2-483D-88DC-065F28409FD2,23,747,0,0,0,0,0,0
sensitivity_2,trust,"r=0.5, tau=0.5, theta=0.3318",test,136562B6-95B2-483D-88DC-065F28409FD2,24,323,0,0,0,0,0,0
sensitivity_2,trust,"r=0.5, tau=0.5, theta=0.3318",test,1538C99F-BA1E-4EFB-A949-6C7C47701B20,30,406,0,0,0,0,0,0
sensitivity_2,trust,"r=0.5, tau=0.5, theta=0.3318",test,1538C99F-BA1E-4EFB-A949-6C7C47701B20,31,875,0,0,0,0,0,0
sensitivity_2,trust,"r=0.5, tau=0.5, theta=0.3318",test,24E40C4C-A349-4F9F-93AB-01D00FB994AF,18,68,0,0,0,0,0,0
sensitivity_2,trust,"r=0.5, tau=0.5, theta=0.3318",test,24E40C4C-A349-4F9F-93AB-01D00FB994AF,19,374,0,0,0,0,0,0
sensitivity_2,trust,"r=0.5, tau=0.5, theta=0.3318",test,24E40C4C-A349-4F9F-93AB-01D00FB994AF,20,166,0,0,0,0,0,0
sensitivity_2,trust,"r=0.5, tau=0.5, theta=0.3318",test,24E40C4C-A349-4F9F-93AB-01D00FB994AF,21,120,0,0,0,0,0,0
sensitivity_2,trust,"r=0.5, tau=0.5, theta=0.3318",test,24E40C4C-A349-4F9F-93AB-01D00FB994AF,22,198,0,0,0,0,0,0
sensitivity_2,trust,"r=0.5, tau=0.5, theta=0.3318",test,2C32C23E-E30C-498A-8DD2-0EFB9150A02E,11,377,0,0,0,0,0,0
sensitivity_2,trust,"r=0.5, tau=0.5, theta=0.3318",test,2C32C23E-E30C-498A-8DD2-0EFB9150A02E,12,1298,0,0,0,0,0,0
sensitivity_2,trust,"r=0.5, tau=0.5, theta=0.3318",test,3600D531-0C55-44A7-AE95-A7A38519464E,27,170,3,2,5,8,3,2
sensitivity_2,trust,"r=0.5, tau=0.5, theta=0.3318",test,3600D531-0C55-44A7-AE95-A7A38519464E,28,205,0,0,0,0,0,0
sensitivity_2,trust,"r=0.5, tau=0.5, theta=0.3318",test,3600D531-0C55-44A7-AE95-A7A38519464E,31,23,0,0,0,0,0,0
sensitivity_2,trust,"r=0.5, tau=0.5, theta=0.3318",test,3600D531-0C55-44A7-AE95-A7A38519464E,32,612,0,0,0,0,0,0
sensitivity_2,trust,"r=0.5, tau=0.5, theta=0.3318",test,3600D531-0C55-44A7-AE95-A7A38519464E,33,22,0,0,0,0,0,0
sensitivity_2,trust,"r=0.5, tau=0.5, theta=0.3318",test,4FC32141-E888-4BFF-8804-12559A491D8C,12,67,2,1,3,24,0,0
sensitivity_2,trust,"r=0.5, tau=0.5, theta=0.3318",test,4FC32141-E888-4BFF-8804-12559A491D8C,13,164,0,0,0,0,0,0
sensitivity_2,trust,"r=0.5, tau=0.5, theta=0.3318",test,4FC32141-E888-4BFF-8804-12559A491D8C,14,59,0,0,0,0,0,0
sensitivity_2,trust,"r=0.5, tau=0.5, theta=0.3318",test,4FC32141-E888-4BFF-8804-12559A491D8C,15,677,0,0,0,0,0,0
sensitivity_2,trust,"r=0.5, tau=0.5, theta=0.3318",test,5119D0F8-FCA8-4184-A4EB-19421A40DE0D,11,461,1,1,2,1,1,1
sensitivity_2,trust,"r=0.5, tau=0.5, theta=0.3318",test,5119D0F8-FCA8-4184-A4EB-19421A40DE0D,12,125,1,1,2,13,0,0
sensitivity_2,trust,"r=0.5, tau=0.5, theta=0.3318",test,5119D0F8-FCA8-4184-A4EB-19421A40DE0D,13,709,1,1,2,1,1,1
sensitivity_2,trust,"r=0.5, tau=0.5, theta=0.3318",test,5152A2DF-FAF3-4BA8-9CA9-E66B32671A53,9,775,0,0,0,0,0,0
sensitivity_2,trust,"r=0.5, tau=0.5, theta=0.3318",test,5152A2DF-FAF3-4BA8-9CA9-E66B32671A53,10,501,0,0,0,0,0,0
sensitivity_2,trust,"r=0.5, tau=0.5, theta=0.3318",test,5152A2DF-FAF3-4BA8-9CA9-E66B32671A53,11,19,0,0,0,0,0,0
sensitivity_2,trust,"r=0.5, tau=0.5, theta=0.3318",test,5EF64122-B513-46AE-BCF1-E62AAC285D2C,12,178,0,0,0,0,0,0
sensitivity_2,trust,"r=0.5, tau=0.5, theta=0.3318",test,5EF64122-B513-46AE-BCF1-E62AAC285D2C,13,576,0,0,0,0,0,0
sensitivity_2,trust,"r=0.5, tau=0.5, theta=0.3318",test,61976C24-1C50-4355-9C49-AAE44A7D09F6,48,1717,1,1,2,3,1,1
sensitivity_2,trust,"r=0.5, tau=0.5, theta=0.3318",test,78A91A4E-4A51-4065-BDA7-94755F0BB3BB,8,2371,5,5,10,54,5,3
sensitivity_2,trust,"r=0.5, tau=0.5, theta=0.3318",test,7CE37510-56D0-4120-A1CF-0E23351428D2,8,1924,0,0,0,0,0,0
sensitivity_2,trust,"r=0.5, tau=0.5, theta=0.3318",test,8023FE1A-D3B0-4E2C-A57A-9321B7FC755F,26,745,2,2,4,2,2,2
sensitivity_2,trust,"r=0.5, tau=0.5, theta=0.3318",test,8023FE1A-D3B0-4E2C-A57A-9321B7FC755F,27,1064,1,1,2,8,0,0
sensitivity_2,trust,"r=0.5, tau=0.5, theta=0.3318",test,83CF687B-7CEC-434B-9FE8-00C3D5799BE6,9,1394,9,9,18,72,12,7
sensitivity_2,trust,"r=0.5, tau=0.5, theta=0.3318",test,83CF687B-7CEC-434B-9FE8-00C3D5799BE6,10,485,0,0,0,0,0,0
sensitivity_2,trust,"r=0.5, tau=0.5, theta=0.3318",test,9759096F-1119-4E19-A0AD-6F16989C7E1C,6,776,3,3,6,111,2,1
sensitivity_2,trust,"r=0.5, tau=0.5, theta=0.3318",test,9759096F-1119-4E19-A0AD-6F16989C7E1C,7,1178,0,0,0,0,0,0
sensitivity_2,trust,"r=0.5, tau=0.5, theta=0.3318",test,9DC38D04-E82E-4F29-AB52-B476535226F2,20,1909,1,1,2,3,1,1
sensitivity_2,trust,"r=0.5, tau=0.5, theta=0.3318",test,A5CDF89D-02A2-4EC1-89F8-F534FDABDD96,16,350,0,0,0,0,0,0
sensitivity_2,trust,"r=0.5, tau=0.5, theta=0.3318",test,A5CDF89D-02A2-4EC1-89F8-F534FDABDD96,17,470,0,0,0,0,0,0
sensitivity_2,trust,"r=0.5, tau=0.5, theta=0.3318",test,A5CDF89D-02A2-4EC1-89F8-F534FDABDD96,18,359,0,0,0,0,0,0
sensitivity_2,trust,"r=0.5, tau=0.5, theta=0.3318",test,A76A5AF5-5A93-4CF2-A16E-62353BB70E8A,4,555,0,0,0,0,0,0
sensitivity_2,trust,"r=0.5, tau=0.5, theta=0.3318",test,A76A5AF5-5A93-4CF2-A16E-62353BB70E8A,5,920,0,0,0,0,0,0
sensitivity_2,trust,"r=0.5, tau=0.5, theta=0.3318",test,B09E373F-8A54-44C8-895B-0039390B859F,11,566,0,0,0,0,0,0
sensitivity_2,trust,"r=0.5, tau=0.5, theta=0.3318",test,B09E373F-8A54-44C8-895B-0039390B859F,12,833,0,0,0,0,0,0
sensitivity_2,trust,"r=0.5, tau=0.5, theta=0.3318",test,B09E373F-8A54-44C8-895B-0039390B859F,14,198,0,0,0,0,0,0
sensitivity_2,trust,"r=0.5, tau=0.5, theta=0.3318",test,B9724848-C7E2-45F4-9B3F-A1F38D864495,15,484,6,6,12,58,6,4
sensitivity_2,trust,"r=0.5, tau=0.5, theta=0.3318",test,B9724848-C7E2-45F4-9B3F-A1F38D864495,16,1013,4,4,8,183,2,0
sensitivity_2,trust,"r=0.5, tau=0.5, theta=0.3318",test,BE3CA5A6-A561-4BBD-B7C9-5DF6805400FC,18,223,0,0,0,0,0,0
sensitivity_2,trust,"r=0.5, tau=0.5, theta=0.3318",test,BE3CA5A6-A561-4BBD-B7C9-5DF6805400FC,19,1410,2,2,4,12,2,1
sensitivity_2,trust,"r=0.5, tau=0.5, theta=0.3318",test,C48CE857-A0DD-4DDB-BEA5-3A25449B2153,34,134,0,0,0,0,0,0
sensitivity_2,trust,"r=0.5, tau=0.5, theta=0.3318",test,C48CE857-A0DD-4DDB-BEA5-3A25449B2153,35,109,0,0,0,0,0,0
sensitivity_2,trust,"r=0.5, tau=0.5, theta=0.3318",test,C48CE857-A0DD-4DDB-BEA5-3A25449B2153,36,169,0,0,0,0,0,0
sensitivity_2,trust,"r=0.5, tau=0.5, theta=0.3318",test,C48CE857-A0DD-4DDB-BEA5-3A25449B2153,37,133,0,0,0,0,0,0
sensitivity_2,trust,"r=0.5, tau=0.5, theta=0.3318",test,C48CE857-A0DD-4DDB-BEA5-3A25449B2153,38,307,0,0,0,0,0,0
sensitivity_2,trust,"r=0.5, tau=0.5, theta=0.3318",test,C48CE857-A0DD-4DDB-BEA5-3A25449B2153,39,85,0,0,0,0,0,0
sensitivity_2,trust,"r=0.5, tau=0.5, theta=0.3318",test,CA820D43-E5E2-42EF-9798-BE56F776370B,10,997,0,0,0,0,0,0
sensitivity_2,trust,"r=0.5, tau=0.5, theta=0.3318",test,CA820D43-E5E2-42EF-9798-BE56F776370B,12,546,0,0,0,0,0,0
sensitivity_2,trust,"r=0.5, tau=0.5, theta=0.3318",test,CDA3BBF7-6631-45E8-85BA-EEB416B32A3C,5,537,0,0,0,0,0,0
sensitivity_2,trust,"r=0.5, tau=0.5, theta=0.3318",test,CF722AA9-2533-4E51-9FEB-9EAC84EE9AAC,11,112,0,0,0,0,0,0
sensitivity_2,trust,"r=0.5, tau=0.5, theta=0.3318",test,CF722AA9-2533-4E51-9FEB-9EAC84EE9AAC,12,371,0,0,0,0,0,0
sensitivity_2,trust,"r=0.5, tau=0.5, theta=0.3318",test,CF722AA9-2533-4E51-9FEB-9EAC84EE9AAC,13,138,0,0,0,0,0,0
sensitivity_2,trust,"r=0.5, tau=0.5, theta=0.3318",test,CF722AA9-2533-4E51-9FEB-9EAC84EE9AAC,14,73,0,0,0,0,0,0
sensitivity_2,trust,"r=0.5, tau=0.5, theta=0.3318",test,D7D20E2E-FC78-405D-B346-DBD3FD8FC92B,14,121,0,0,0,0,0,0
sensitivity_2,trust,"r=0.5, tau=0.5, theta=0.3318",test,D7D20E2E-FC78-405D-B346-DBD3FD8FC92B,15,826,1,1,2,1,1,1
sensitivity_2,trust,"r=0.5, tau=0.5, theta=0.3318",test,D7D20E2E-FC78-405D-B346-DBD3FD8FC92B,16,265,1,1,2,4,1,1
sensitivity_2,trust,"r=0.5, tau=0.5, theta=0.3318",test,E65577C1-8D5D-4F70-AF23-B3ADB9D3DBA3,5,657,3,3,6,151,2,1
sensitivity_2,trust,"r=0.5, tau=0.5, theta=0.3318",test,ECECC2AB-D32F-4F90-B74C-E12A1C69BBE2,17,603,0,0,0,0,0,0
sensitivity_2,trust,"r=0.5, tau=0.5, theta=0.3318",test,ECECC2AB-D32F-4F90-B74C-E12A1C69BBE2,18,74,0,0,0,0,0,0
sensitivity_2,trust,"r=0.5, tau=0.5, theta=0.3318",test,FDAA70A1-42A3-4E3F-9AE3-3FDA412E03BF,20,966,1,1,2,16,0,0
sensitivity_2,sprt,"alpha=0.1, beta=1.343e-05",test,00EABED2-271D-49D8-B599-1D4A09240601,25,300,1,1,2,30,0,0
sensitivity_2,sprt,"alpha=0.1, beta=1.343e-05",test,00EABED2-271D-49D8-B599-1D4A09240601,42,96,2,1,3,68,0,0
sensitivity_2,sprt,"alpha=0.1, beta=1.343e-05",test,00EABED2-271D-49D8-B599-1D4A09240601,44,12,1,0,1,2,0,0
sensitivity_2,sprt,"alpha=0.1, beta=1.343e-05",test,098A72A5-E3E5-4F54-A152-BBDA0DF7B694,15,114,0,0,0,0,0,0
sensitivity_2,sprt,"alpha=0.1, beta=1.343e-05",test,098A72A5-E3E5-4F54-A152-BBDA0DF7B694,16,733,0,0,0,0,0,0
sensitivity_2,sprt,"alpha=0.1, beta=1.343e-05",test,098A72A5-E3E5-4F54-A152-BBDA0DF7B694,17,292,0,0,0,0,0,0
sensitivity_2,sprt,"alpha=0.1, beta=1.343e-05",test,098A72A5-E3E5-4F54-A152-BBDA0DF7B694,18,91,0,0,0,0,0,0
sensitivity_2,sprt,"alpha=0.1, beta=1.343e-05",test,098A72A5-E3E5-4F54-A152-BBDA0DF7B694,19,104,0,0,0,0,0,0
sensitivity_2,sprt,"alpha=0.1, beta=1.343e-05",test,0A986513-7828-4D53-AA1F-E02D6DF9561B,8,763,2,2,4,20,0,0
sensitivity_2,sprt,"alpha=0.1, beta=1.343e-05",test,11B5EC4D-4133-4289-B475-4E737182A406,7,1407,1,1,2,6,0,0
sensitivity_2,sprt,"alpha=0.1, beta=1.343e-05",test,11B5EC4D-4133-4289-B475-4E737182A406,8,333,0,0,0,0,0,0
sensitivity_2,sprt,"alpha=0.1, beta=1.343e-05",test,136562B6-95B2-483D-88DC-065F28409FD2,22,145,0,0,0,0,0,0
sensitivity_2,sprt,"alpha=0.1, beta=1.343e-05",test,136562B6-95B2-483D-88DC-065F28409FD2,23,747,0,0,0,0,0,0
sensitivity_2,sprt,"alpha=0.1, beta=1.343e-05",test,136562B6-95B2-483D-88DC-065F28409FD2,24,323,0,0,0,0,0,0
sensitivity_2,sprt,"alpha=0.1, beta=1.343e-05",test,1538C99F-BA1E-4EFB-A949-6C7C47701B20,30,406,0,0,0,0,0,0
sensitivity_2,sprt,"alpha=0.1, beta=1.343e-05",test,1538C99F-BA1E-4EFB-A949-6C7C47701B20,31,875,0,0,0,0,0,0
sensitivity_2,sprt,"alpha=0.1, beta=1.343e-05",test,24E40C4C-A349-4F9F-93AB-01D00FB994AF,18,68,0,0,0,0,0,0
sensitivity_2,sprt,"alpha=0.1, beta=1.343e-05",test,24E40C4C-A349-4F9F-93AB-01D00FB994AF,19,374,0,0,0,0,0,0
sensitivity_2,sprt,"alpha=0.1, beta=1.343e-05",test,24E40C4C-A349-4F9F-93AB-01D00FB994AF,20,166,0,0,0,0,0,0
sensitivity_2,sprt,"alpha=0.1, beta=1.343e-05",test,24E40C4C-A349-4F9F-93AB-01D00FB994AF,21,120,0,0,0,0,0,0
sensitivity_2,sprt,"alpha=0.1, beta=1.343e-05",test,24E40C4C-A349-4F9F-93AB-01D00FB994AF,22,198,0,0,0,0,0,0
sensitivity_2,sprt,"alpha=0.1, beta=1.343e-05",test,2C32C23E-E30C-498A-8DD2-0EFB9150A02E,11,377,0,0,0,0,0,0
sensitivity_2,sprt,"alpha=0.1, beta=1.343e-05",test,2C32C23E-E30C-498A-8DD2-0EFB9150A02E,12,1298,1,1,2,1,1,1
sensitivity_2,sprt,"alpha=0.1, beta=1.343e-05",test,3600D531-0C55-44A7-AE95-A7A38519464E,27,170,1,0,1,23,0,0
sensitivity_2,sprt,"alpha=0.1, beta=1.343e-05",test,3600D531-0C55-44A7-AE95-A7A38519464E,28,205,0,0,0,0,0,0
sensitivity_2,sprt,"alpha=0.1, beta=1.343e-05",test,3600D531-0C55-44A7-AE95-A7A38519464E,31,23,0,0,0,0,0,0
sensitivity_2,sprt,"alpha=0.1, beta=1.343e-05",test,3600D531-0C55-44A7-AE95-A7A38519464E,32,612,0,0,0,0,0,0
sensitivity_2,sprt,"alpha=0.1, beta=1.343e-05",test,3600D531-0C55-44A7-AE95-A7A38519464E,33,22,0,0,0,0,0,0
sensitivity_2,sprt,"alpha=0.1, beta=1.343e-05",test,4FC32141-E888-4BFF-8804-12559A491D8C,12,67,1,0,1,47,0,0
sensitivity_2,sprt,"alpha=0.1, beta=1.343e-05",test,4FC32141-E888-4BFF-8804-12559A491D8C,13,164,0,0,0,0,0,0
sensitivity_2,sprt,"alpha=0.1, beta=1.343e-05",test,4FC32141-E888-4BFF-8804-12559A491D8C,14,59,0,0,0,0,0,0
sensitivity_2,sprt,"alpha=0.1, beta=1.343e-05",test,4FC32141-E888-4BFF-8804-12559A491D8C,15,677,0,0,0,0,0,0
sensitivity_2,sprt,"alpha=0.1, beta=1.343e-05",test,5119D0F8-FCA8-4184-A4EB-19421A40DE0D,11,461,1,1,2,20,0,0
sensitivity_2,sprt,"alpha=0.1, beta=1.343e-05",test,5119D0F8-FCA8-4184-A4EB-19421A40DE0D,12,125,1,1,2,15,0,0
sensitivity_2,sprt,"alpha=0.1, beta=1.343e-05",test,5119D0F8-FCA8-4184-A4EB-19421A40DE0D,13,709,0,0,0,0,0,0
sensitivity_2,sprt,"alpha=0.1, beta=1.343e-05",test,5152A2DF-FAF3-4BA8-9CA9-E66B32671A53,9,775,0,0,0,0,0,0
sensitivity_2,sprt,"alpha=0.1, beta=1.343e-05",test,5152A2DF-FAF3-4BA8-9CA9-E66B32671A53,10,501,0,0,0,0,0,0
sensitivity_2,sprt,"alpha=0.1, beta=1.343e-05",test,5152A2DF-FAF3-4BA8-9CA9-E66B32671A53,11,19,0,0,0,0,0,0
sensitivity_2,sprt,"alpha=0.1, beta=1.343e-05",test,5EF64122-B513-46AE-BCF1-E62AAC285D2C,12,178,0,0,0,0,0,0
sensitivity_2,sprt,"alpha=0.1, beta=1.343e-05",test,5EF64122-B513-46AE-BCF1-E62AAC285D2C,13,576,0,0,0,0,0,0
sensitivity_2,sprt,"alpha=0.1, beta=1.343e-05",test,61976C24-1C50-4355-9C49-AAE44A7D09F6,48,1717,1,1,2,4,1,1
sensitivity_2,sprt,"alpha=0.1, beta=1.343e-05",test,78A91A4E-4A51-4065-BDA7-94755F0BB3BB,8,2371,5,5,10,200,1,1
sensitivity_2,sprt,"alpha=0.1, beta=1.343e-05",test,7CE37510-56D0-4120-A1CF-0E23351428D2,8,1924,1,1,2,11,0,0
sensitivity_2,sprt,"alpha=0.1, beta=1.343e-05",test,8023FE1A-D3B0-4E2C-A57A-9321B7FC755F,26,745,2,2,4,78,0,0
sensitivity_2,sprt,"alpha=0.1, beta=1.343e-05",test,8023FE1A-D3B0-4E2C-A57A-9321B7FC755F,27,1064,2,2,4,135,0,0
sensitivity_2,sprt,"alpha=0.1, beta=1.343e-05",test,83CF687B-7CEC-434B-9FE8-00C3D5799BE6,9,1394,7,7,14,188,2,2
sensitivity_2,sprt,"alpha=0.1, beta=1.343e-05",test,83CF687B-7CEC-434B-9FE8-00C3D5799BE6,10,485,0,0,0,0,0,0
sensitivity_2,sprt,"alpha=0.1, beta=1.343e-05",test,9759096F-1119-4E19-A0AD-6F16989C7E1C,6,776,1,1,2,141,0,0
sensitivity_2,sprt,"alpha=0.1, beta=1.343e-05",test,9759096F-1119-4E19-A0AD-6F16989C7E1C,7,1178,0,0,0,0,0,0
sensitivity_2,sprt,"alpha=0.1, beta=1.343e-05",test,9DC38D04-E82E-4F29-AB52-B476535226F2,20,1909,1,1,2,2,1,1
sensitivity_2,sprt,"alpha=0.1, beta=1.343e-05",test,A5CDF89D-02A2-4EC1-89F8-F534FDABDD96,16,350,0,0,0,0,0,0
sensitivity_2,sprt,"alpha=0.1, beta=1.343e-05",test,A5CDF89D-02A2-4EC1-89F8-F534FDABDD96,17,470,1,1,2,6,0,0
sensitivity_2,sprt,"alpha=0.1, beta=1.343e-05",test,A5CDF89D-02A2-4EC1-89F8-F534FDABDD96,18,359,0,0,0,0,0,0
sensitivity_2,sprt,"alpha=0.1, beta=1.343e-05",test,A76A5AF5-5A93-4CF2-A16E-62353BB70E8A,4,555,0,0,0,0,0,0
sensitivity_2,sprt,"alpha=0.1, beta=1.343e-05",test,A76A5AF5-5A93-4CF2-A16E-62353BB70E8A,5,920,0,0,0,0,0,0
sensitivity_2,sprt,"alpha=0.1, beta=1.343e-05",test,B09E373F-8A54-44C8-895B-0039390B859F,11,566,0,0,0,0,0,0
sensitivity_2,sprt,"alpha=0.1, beta=1.343e-05",test,B09E373F-8A54-44C8-895B-0039390B859F,12,833,0,0,0,0,0,0
sensitivity_2,sprt,"alpha=0.1, beta=1.343e-05",test,B09E373F-8A54-44C8-895B-0039390B859F,14,198,0,0,0,0,0,0
sensitivity_2,sprt,"alpha=0.1, beta=1.343e-05",test,B9724848-C7E2-45F4-9B3F-A1F38D864495,15,484,4,3,7,176,0,0
sensitivity_2,sprt,"alpha=0.1, beta=1.343e-05",test,B9724848-C7E2-45F4-9B3F-A1F38D864495,16,1013,2,2,4,220,0,0
sensitivity_2,sprt,"alpha=0.1, beta=1.343e-05",test,BE3CA5A6-A561-4BBD-B7C9-5DF6805400FC,18,223,1,1,2,26,0,0
sensitivity_2,sprt,"alpha=0.1, beta=1.343e-05",test,BE3CA5A6-A561-4BBD-B7C9-5DF6805400FC,19,1410,4,4,8,85,1,1
sensitivity_2,sprt,"alpha=0.1, beta=1.343e-05",test,C48CE857-A0DD-4DDB-BEA5-3A25449B2153,34,134,0,0,0,0,0,0
sensitivity_2,sprt,"alpha=0.1, beta=1.343e-05",test,C48CE857-A0DD-4DDB-BEA5-3A25449B2153,35,109,0,0,0,0,0,0
sensitivity_2,sprt,"alpha=0.1, beta=1.343e-05",test,C48CE857-A0DD-4DDB-BEA5-3A25449B2153,36,169,0,0,0,0,0,0
sensitivity_2,sprt,"alpha=0.1, beta=1.343e-05",test,C48CE857-A0DD-4DDB-BEA5-3A25449B2153,37,133,0,0,0,0,0,0
sensitivity_2,sprt,"alpha=0.1, beta=1.343e-05",test,C48CE857-A0DD-4DDB-BEA5-3A25449B2153,38,307,0,0,0,0,0,0
sensitivity_2,sprt,"alpha=0.1, beta=1.343e-05",test,C48CE857-A0DD-4DDB-BEA5-3A25449B2153,39,85,0,0,0,0,0,0
sensitivity_2,sprt,"alpha=0.1, beta=1.343e-05",test,CA820D43-E5E2-42EF-9798-BE56F776370B,10,997,1,1,2,15,0,0
sensitivity_2,sprt,"alpha=0.1, beta=1.343e-05",test,CA820D43-E5E2-42EF-9798-BE56F776370B,12,546,1,1,2,66,0,0
sensitivity_2,sprt,"alpha=0.1, beta=1.343e-05",test,CDA3BBF7-6631-45E8-85BA-EEB416B32A3C,5,537,0,0,0,0,0,0
sensitivity_2,sprt,"alpha=0.1, beta=1.343e-05",test,CF722AA9-2533-4E51-9FEB-9EAC84EE9AAC,11,112,0,0,0,0,0,0
sensitivity_2,sprt,"alpha=0.1, beta=1.343e-05",test,CF722AA9-2533-4E51-9FEB-9EAC84EE9AAC,12,371,0,0,0,0,0,0
sensitivity_2,sprt,"alpha=0.1, beta=1.343e-05",test,CF722AA9-2533-4E51-9FEB-9EAC84EE9AAC,13,138,0,0,0,0,0,0
sensitivity_2,sprt,"alpha=0.1, beta=1.343e-05",test,CF722AA9-2533-4E51-9FEB-9EAC84EE9AAC,14,73,1,1,2,20,0,0
sensitivity_2,sprt,"alpha=0.1, beta=1.343e-05",test,D7D20E2E-FC78-405D-B346-DBD3FD8FC92B,14,121,0,0,0,0,0,0
sensitivity_2,sprt,"alpha=0.1, beta=1.343e-05",test,D7D20E2E-FC78-405D-B346-DBD3FD8FC92B,15,826,2,2,4,56,0,0
sensitivity_2,sprt,"alpha=0.1, beta=1.343e-05",test,D7D20E2E-FC78-405D-B346-DBD3FD8FC92B,16,265,1,1,2,5,1,1
sensitivity_2,sprt,"alpha=0.1, beta=1.343e-05",test,E65577C1-8D5D-4F70-AF23-B3ADB9D3DBA3,5,657,3,3,6,199,1,1
sensitivity_2,sprt,"alpha=0.1, beta=1.343e-05",test,ECECC2AB-D32F-4F90-B74C-E12A1C69BBE2,17,603,0,0,0,0,0,0
sensitivity_2,sprt,"alpha=0.1, beta=1.343e-05",test,ECECC2AB-D32F-4F90-B74C-E12A1C69BBE2,18,74,0,0,0,0,0,0
sensitivity_2,sprt,"alpha=0.1, beta=1.343e-05",test,FDAA70A1-42A3-4E3F-9AE3-3FDA412E03BF,20,966,1,1,2,28,0,0
sensitivity_2,hmm,"rho=0.05, theta=0.001007",test,00EABED2-271D-49D8-B599-1D4A09240601,25,300,3,3,6,3,4,3
sensitivity_2,hmm,"rho=0.05, theta=0.001007",test,00EABED2-271D-49D8-B599-1D4A09240601,42,96,5,5,10,6,7,5
sensitivity_2,hmm,"rho=0.05, theta=0.001007",test,00EABED2-271D-49D8-B599-1D4A09240601,44,12,1,1,2,1,1,1
sensitivity_2,hmm,"rho=0.05, theta=0.001007",test,098A72A5-E3E5-4F54-A152-BBDA0DF7B694,15,114,0,0,0,0,0,0
sensitivity_2,hmm,"rho=0.05, theta=0.001007",test,098A72A5-E3E5-4F54-A152-BBDA0DF7B694,16,733,0,0,0,0,0,0
sensitivity_2,hmm,"rho=0.05, theta=0.001007",test,098A72A5-E3E5-4F54-A152-BBDA0DF7B694,17,292,0,0,0,0,0,0
sensitivity_2,hmm,"rho=0.05, theta=0.001007",test,098A72A5-E3E5-4F54-A152-BBDA0DF7B694,18,91,0,0,0,0,0,0
sensitivity_2,hmm,"rho=0.05, theta=0.001007",test,098A72A5-E3E5-4F54-A152-BBDA0DF7B694,19,104,0,0,0,0,0,0
sensitivity_2,hmm,"rho=0.05, theta=0.001007",test,0A986513-7828-4D53-AA1F-E02D6DF9561B,8,763,2,2,4,2,2,2
sensitivity_2,hmm,"rho=0.05, theta=0.001007",test,11B5EC4D-4133-4289-B475-4E737182A406,7,1407,0,0,0,0,0,0
sensitivity_2,hmm,"rho=0.05, theta=0.001007",test,11B5EC4D-4133-4289-B475-4E737182A406,8,333,0,0,0,0,0,0
sensitivity_2,hmm,"rho=0.05, theta=0.001007",test,136562B6-95B2-483D-88DC-065F28409FD2,22,145,0,0,0,0,0,0
sensitivity_2,hmm,"rho=0.05, theta=0.001007",test,136562B6-95B2-483D-88DC-065F28409FD2,23,747,0,0,0,0,0,0
sensitivity_2,hmm,"rho=0.05, theta=0.001007",test,136562B6-95B2-483D-88DC-065F28409FD2,24,323,0,0,0,0,0,0
sensitivity_2,hmm,"rho=0.05, theta=0.001007",test,1538C99F-BA1E-4EFB-A949-6C7C47701B20,30,406,0,0,0,0,0,0
sensitivity_2,hmm,"rho=0.05, theta=0.001007",test,1538C99F-BA1E-4EFB-A949-6C7C47701B20,31,875,0,0,0,0,0,0
sensitivity_2,hmm,"rho=0.05, theta=0.001007",test,24E40C4C-A349-4F9F-93AB-01D00FB994AF,18,68,0,0,0,0,0,0
sensitivity_2,hmm,"rho=0.05, theta=0.001007",test,24E40C4C-A349-4F9F-93AB-01D00FB994AF,19,374,0,0,0,0,0,0
sensitivity_2,hmm,"rho=0.05, theta=0.001007",test,24E40C4C-A349-4F9F-93AB-01D00FB994AF,20,166,0,0,0,0,0,0
sensitivity_2,hmm,"rho=0.05, theta=0.001007",test,24E40C4C-A349-4F9F-93AB-01D00FB994AF,21,120,0,0,0,0,0,0
sensitivity_2,hmm,"rho=0.05, theta=0.001007",test,24E40C4C-A349-4F9F-93AB-01D00FB994AF,22,198,0,0,0,0,0,0
sensitivity_2,hmm,"rho=0.05, theta=0.001007",test,2C32C23E-E30C-498A-8DD2-0EFB9150A02E,11,377,0,0,0,0,0,0
sensitivity_2,hmm,"rho=0.05, theta=0.001007",test,2C32C23E-E30C-498A-8DD2-0EFB9150A02E,12,1298,1,1,2,1,1,1
sensitivity_2,hmm,"rho=0.05, theta=0.001007",test,3600D531-0C55-44A7-AE95-A7A38519464E,27,170,1,1,2,1,1,1
sensitivity_2,hmm,"rho=0.05, theta=0.001007",test,3600D531-0C55-44A7-AE95-A7A38519464E,28,205,0,0,0,0,0,0
sensitivity_2,hmm,"rho=0.05, theta=0.001007",test,3600D531-0C55-44A7-AE95-A7A38519464E,31,23,0,0,0,0,0,0
sensitivity_2,hmm,"rho=0.05, theta=0.001007",test,3600D531-0C55-44A7-AE95-A7A38519464E,32,612,0,0,0,0,0,0
sensitivity_2,hmm,"rho=0.05, theta=0.001007",test,3600D531-0C55-44A7-AE95-A7A38519464E,33,22,0,0,0,0,0,0
sensitivity_2,hmm,"rho=0.05, theta=0.001007",test,4FC32141-E888-4BFF-8804-12559A491D8C,12,67,0,0,0,0,0,0
sensitivity_2,hmm,"rho=0.05, theta=0.001007",test,4FC32141-E888-4BFF-8804-12559A491D8C,13,164,0,0,0,0,0,0
sensitivity_2,hmm,"rho=0.05, theta=0.001007",test,4FC32141-E888-4BFF-8804-12559A491D8C,14,59,0,0,0,0,0,0
sensitivity_2,hmm,"rho=0.05, theta=0.001007",test,4FC32141-E888-4BFF-8804-12559A491D8C,15,677,0,0,0,0,0,0
sensitivity_2,hmm,"rho=0.05, theta=0.001007",test,5119D0F8-FCA8-4184-A4EB-19421A40DE0D,11,461,1,1,2,1,1,1
sensitivity_2,hmm,"rho=0.05, theta=0.001007",test,5119D0F8-FCA8-4184-A4EB-19421A40DE0D,12,125,1,1,2,3,1,1
sensitivity_2,hmm,"rho=0.05, theta=0.001007",test,5119D0F8-FCA8-4184-A4EB-19421A40DE0D,13,709,0,0,0,0,0,0
sensitivity_2,hmm,"rho=0.05, theta=0.001007",test,5152A2DF-FAF3-4BA8-9CA9-E66B32671A53,9,775,0,0,0,0,0,0
sensitivity_2,hmm,"rho=0.05, theta=0.001007",test,5152A2DF-FAF3-4BA8-9CA9-E66B32671A53,10,501,0,0,0,0,0,0
sensitivity_2,hmm,"rho=0.05, theta=0.001007",test,5152A2DF-FAF3-4BA8-9CA9-E66B32671A53,11,19,0,0,0,0,0,0
sensitivity_2,hmm,"rho=0.05, theta=0.001007",test,5EF64122-B513-46AE-BCF1-E62AAC285D2C,12,178,0,0,0,0,0,0
sensitivity_2,hmm,"rho=0.05, theta=0.001007",test,5EF64122-B513-46AE-BCF1-E62AAC285D2C,13,576,0,0,0,0,0,0
sensitivity_2,hmm,"rho=0.05, theta=0.001007",test,61976C24-1C50-4355-9C49-AAE44A7D09F6,48,1717,0,0,0,0,0,0
sensitivity_2,hmm,"rho=0.05, theta=0.001007",test,78A91A4E-4A51-4065-BDA7-94755F0BB3BB,8,2371,3,3,6,4,3,3
sensitivity_2,hmm,"rho=0.05, theta=0.001007",test,7CE37510-56D0-4120-A1CF-0E23351428D2,8,1924,1,1,2,1,1,1
sensitivity_2,hmm,"rho=0.05, theta=0.001007",test,8023FE1A-D3B0-4E2C-A57A-9321B7FC755F,26,745,0,0,0,0,0,0
sensitivity_2,hmm,"rho=0.05, theta=0.001007",test,8023FE1A-D3B0-4E2C-A57A-9321B7FC755F,27,1064,0,0,0,0,0,0
sensitivity_2,hmm,"rho=0.05, theta=0.001007",test,83CF687B-7CEC-434B-9FE8-00C3D5799BE6,9,1394,8,8,16,13,13,8
sensitivity_2,hmm,"rho=0.05, theta=0.001007",test,83CF687B-7CEC-434B-9FE8-00C3D5799BE6,10,485,0,0,0,0,0,0
sensitivity_2,hmm,"rho=0.05, theta=0.001007",test,9759096F-1119-4E19-A0AD-6F16989C7E1C,6,776,1,1,2,1,1,1
sensitivity_2,hmm,"rho=0.05, theta=0.001007",test,9759096F-1119-4E19-A0AD-6F16989C7E1C,7,1178,0,0,0,0,0,0
sensitivity_2,hmm,"rho=0.05, theta=0.001007",test,9DC38D04-E82E-4F29-AB52-B476535226F2,20,1909,0,0,0,0,0,0
sensitivity_2,hmm,"rho=0.05, theta=0.001007",test,A5CDF89D-02A2-4EC1-89F8-F534FDABDD96,16,350,0,0,0,0,0,0
sensitivity_2,hmm,"rho=0.05, theta=0.001007",test,A5CDF89D-02A2-4EC1-89F8-F534FDABDD96,17,470,1,1,2,1,1,1
sensitivity_2,hmm,"rho=0.05, theta=0.001007",test,A5CDF89D-02A2-4EC1-89F8-F534FDABDD96,18,359,0,0,0,0,0,0
sensitivity_2,hmm,"rho=0.05, theta=0.001007",test,A76A5AF5-5A93-4CF2-A16E-62353BB70E8A,4,555,0,0,0,0,0,0
sensitivity_2,hmm,"rho=0.05, theta=0.001007",test,A76A5AF5-5A93-4CF2-A16E-62353BB70E8A,5,920,0,0,0,0,0,0
sensitivity_2,hmm,"rho=0.05, theta=0.001007",test,B09E373F-8A54-44C8-895B-0039390B859F,11,566,0,0,0,0,0,0
sensitivity_2,hmm,"rho=0.05, theta=0.001007",test,B09E373F-8A54-44C8-895B-0039390B859F,12,833,0,0,0,0,0,0
sensitivity_2,hmm,"rho=0.05, theta=0.001007",test,B09E373F-8A54-44C8-895B-0039390B859F,14,198,0,0,0,0,0,0
sensitivity_2,hmm,"rho=0.05, theta=0.001007",test,B9724848-C7E2-45F4-9B3F-A1F38D864495,15,484,2,2,4,2,3,2
sensitivity_2,hmm,"rho=0.05, theta=0.001007",test,B9724848-C7E2-45F4-9B3F-A1F38D864495,16,1013,27,27,54,55,48,25
sensitivity_2,hmm,"rho=0.05, theta=0.001007",test,BE3CA5A6-A561-4BBD-B7C9-5DF6805400FC,18,223,0,0,0,0,0,0
sensitivity_2,hmm,"rho=0.05, theta=0.001007",test,BE3CA5A6-A561-4BBD-B7C9-5DF6805400FC,19,1410,0,0,0,0,0,0
sensitivity_2,hmm,"rho=0.05, theta=0.001007",test,C48CE857-A0DD-4DDB-BEA5-3A25449B2153,34,134,0,0,0,0,0,0
sensitivity_2,hmm,"rho=0.05, theta=0.001007",test,C48CE857-A0DD-4DDB-BEA5-3A25449B2153,35,109,0,0,0,0,0,0
sensitivity_2,hmm,"rho=0.05, theta=0.001007",test,C48CE857-A0DD-4DDB-BEA5-3A25449B2153,36,169,0,0,0,0,0,0
sensitivity_2,hmm,"rho=0.05, theta=0.001007",test,C48CE857-A0DD-4DDB-BEA5-3A25449B2153,37,133,0,0,0,0,0,0
sensitivity_2,hmm,"rho=0.05, theta=0.001007",test,C48CE857-A0DD-4DDB-BEA5-3A25449B2153,38,307,0,0,0,0,0,0
sensitivity_2,hmm,"rho=0.05, theta=0.001007",test,C48CE857-A0DD-4DDB-BEA5-3A25449B2153,39,85,0,0,0,0,0,0
sensitivity_2,hmm,"rho=0.05, theta=0.001007",test,CA820D43-E5E2-42EF-9798-BE56F776370B,10,997,0,0,0,0,0,0
sensitivity_2,hmm,"rho=0.05, theta=0.001007",test,CA820D43-E5E2-42EF-9798-BE56F776370B,12,546,2,2,4,2,2,2
sensitivity_2,hmm,"rho=0.05, theta=0.001007",test,CDA3BBF7-6631-45E8-85BA-EEB416B32A3C,5,537,0,0,0,0,0,0
sensitivity_2,hmm,"rho=0.05, theta=0.001007",test,CF722AA9-2533-4E51-9FEB-9EAC84EE9AAC,11,112,0,0,0,0,0,0
sensitivity_2,hmm,"rho=0.05, theta=0.001007",test,CF722AA9-2533-4E51-9FEB-9EAC84EE9AAC,12,371,0,0,0,0,0,0
sensitivity_2,hmm,"rho=0.05, theta=0.001007",test,CF722AA9-2533-4E51-9FEB-9EAC84EE9AAC,13,138,0,0,0,0,0,0
sensitivity_2,hmm,"rho=0.05, theta=0.001007",test,CF722AA9-2533-4E51-9FEB-9EAC84EE9AAC,14,73,1,1,2,1,1,1
sensitivity_2,hmm,"rho=0.05, theta=0.001007",test,D7D20E2E-FC78-405D-B346-DBD3FD8FC92B,14,121,0,0,0,0,0,0
sensitivity_2,hmm,"rho=0.05, theta=0.001007",test,D7D20E2E-FC78-405D-B346-DBD3FD8FC92B,15,826,0,0,0,0,0,0
sensitivity_2,hmm,"rho=0.05, theta=0.001007",test,D7D20E2E-FC78-405D-B346-DBD3FD8FC92B,16,265,0,0,0,0,0,0
sensitivity_2,hmm,"rho=0.05, theta=0.001007",test,E65577C1-8D5D-4F70-AF23-B3ADB9D3DBA3,5,657,16,16,32,17,24,16
sensitivity_2,hmm,"rho=0.05, theta=0.001007",test,ECECC2AB-D32F-4F90-B74C-E12A1C69BBE2,17,603,0,0,0,0,0,0
sensitivity_2,hmm,"rho=0.05, theta=0.001007",test,ECECC2AB-D32F-4F90-B74C-E12A1C69BBE2,18,74,0,0,0,0,0,0
sensitivity_2,hmm,"rho=0.05, theta=0.001007",test,FDAA70A1-42A3-4E3F-9AE3-3FDA412E03BF,20,966,2,2,4,2,2,2
primary,threshold,theta=0.05732,val,00EABED2-271D-49D8-B599-1D4A09240601,23,428,11,11,22,12,20,11
primary,threshold,theta=0.05732,val,098A72A5-E3E5-4F54-A152-BBDA0DF7B694,5,174,0,0,0,0,0,0
primary,threshold,theta=0.05732,val,098A72A5-E3E5-4F54-A152-BBDA0DF7B694,6,134,0,0,0,0,0,0
primary,threshold,theta=0.05732,val,098A72A5-E3E5-4F54-A152-BBDA0DF7B694,7,13,0,0,0,0,0,0
primary,threshold,theta=0.05732,val,098A72A5-E3E5-4F54-A152-BBDA0DF7B694,8,275,0,0,0,0,0,0
primary,threshold,theta=0.05732,val,098A72A5-E3E5-4F54-A152-BBDA0DF7B694,9,459,0,0,0,0,0,0
primary,threshold,theta=0.05732,val,098A72A5-E3E5-4F54-A152-BBDA0DF7B694,10,75,1,1,2,1,1,1
primary,threshold,theta=0.05732,val,098A72A5-E3E5-4F54-A152-BBDA0DF7B694,11,44,0,0,0,0,0,0
primary,threshold,theta=0.05732,val,098A72A5-E3E5-4F54-A152-BBDA0DF7B694,13,156,0,0,0,0,0,0
primary,threshold,theta=0.05732,val,0A986513-7828-4D53-AA1F-E02D6DF9561B,6,763,4,4,8,4,4,4
primary,threshold,theta=0.05732,val,11B5EC4D-4133-4289-B475-4E737182A406,3,616,0,0,0,0,0,0
primary,threshold,theta=0.05732,val,11B5EC4D-4133-4289-B475-4E737182A406,4,799,1,1,2,1,1,1
primary,threshold,theta=0.05732,val,11B5EC4D-4133-4289-B475-4E737182A406,5,324,0,0,0,0,0,0
primary,threshold,theta=0.05732,val,136562B6-95B2-483D-88DC-065F28409FD2,17,181,0,0,0,0,0,0
primary,threshold,theta=0.05732,val,136562B6-95B2-483D-88DC-065F28409FD2,18,847,0,0,0,0,0,0
primary,threshold,theta=0.05732,val,136562B6-95B2-483D-88DC-065F28409FD2,19,80,0,0,0,0,0,0
primary,threshold,theta=0.05732,val,136562B6-95B2-483D-88DC-065F28409FD2,20,107,0,0,0,0,0,0
primary,threshold,theta=0.05732,val,1538C99F-BA1E-4EFB-A949-6C7C47701B20,25,291,0,0,0,0,0,0
primary,threshold,theta=0.05732,val,1538C99F-BA1E-4EFB-A949-6C7C47701B20,26,82,0,0,0,0,0,0
primary,threshold,theta=0.05732,val,1538C99F-BA1E-4EFB-A949-6C7C47701B20,27,160,0,0,0,0,0,0
primary,threshold,theta=0.05732,val,1538C99F-BA1E-4EFB-A949-6C7C47701B20,28,748,2,2,4,2,2,2
primary,threshold,theta=0.05732,val,24E40C4C-A349-4F9F-93AB-01D00FB994AF,12,236,0,0,0,0,0,0
primary,threshold,theta=0.05732,val,24E40C4C-A349-4F9F-93AB-01D00FB994AF,13,213,1,1,2,1,1,1
primary,threshold,theta=0.05732,val,24E40C4C-A349-4F9F-93AB-01D00FB994AF,14,141,0,0,0,0,0,0
primary,threshold,theta=0.05732,val,24E40C4C-A349-4F9F-93AB-01D00FB994AF,15,317,1,1,2,1,1,1
primary,threshold,theta=0.05732,val,24E40C4C-A349-4F9F-93AB-01D00FB994AF,16,18,0,0,0,0,0,0
primary,threshold,theta=0.05732,val,2C32C23E-E30C-498A-8DD2-0EFB9150A02E,9,1674,9,9,18,9,9,9
primary,threshold,theta=0.05732,val,3600D531-0C55-44A7-AE95-A7A38519464E,20,842,1,1,2,1,1,1
primary,threshold,theta=0.05732,val,3600D531-0C55-44A7-AE95-A7A38519464E,21,54,0,0,0,0,0,0
primary,threshold,theta=0.05732,val,3600D531-0C55-44A7-AE95-A7A38519464E,22,107,0,0,0,0,0,0
primary,threshold,theta=0.05732,val,3600D531-0C55-44A7-AE95-A7A38519464E,24,14,0,0,0,0,0,0
primary,threshold,theta=0.05732,val,4FC32141-E888-4BFF-8804-12559A491D8C,4,43,0,0,0,0,0,0
primary,threshold,theta=0.05732,val,4FC32141-E888-4BFF-8804-12559A491D8C,5,325,0,0,0,0,0,0
primary,threshold,theta=0.05732,val,4FC32141-E888-4BFF-8804-12559A491D8C,6,427,0,0,0,0,0,0
primary,threshold,theta=0.05732,val,4FC32141-E888-4BFF-8804-12559A491D8C,7,102,0,0,0,0,0,0
primary,threshold,theta=0.05732,val,4FC32141-E888-4BFF-8804-12559A491D8C,8,18,0,0,0,0,0,0
primary,threshold,theta=0.05732,val,4FC32141-E888-4BFF-8804-12559A491D8C,10,43,0,0,0,0,0,0
primary,threshold,theta=0.05732,val,5119D0F8-FCA8-4184-A4EB-19421A40DE0D,9,1294,0,0,0,0,0,0
primary,threshold,theta=0.05732,val,5152A2DF-FAF3-4BA8-9CA9-E66B32671A53,6,697,4,4,8,4,5,4
primary,threshold,theta=0.05732,val,5152A2DF-FAF3-4BA8-9CA9-E66B32671A53,7,597,0,0,0,0,0,0
primary,threshold,theta=0.05732,val,5EF64122-B513-46AE-BCF1-E62AAC285D2C,9,116,0,0,0,0,0,0
primary,threshold,theta=0.05732,val,5EF64122-B513-46AE-BCF1-E62AAC285D2C,10,637,0,0,0,0,0,0
primary,threshold,theta=0.05732,val,61976C24-1C50-4355-9C49-AAE44A7D09F6,46,1717,2,2,4,2,2,2
primary,threshold,theta=0.05732,val,78A91A4E-4A51-4065-BDA7-94755F0BB3BB,5,597,5,5,10,5,6,5
primary,threshold,theta=0.05732,val,78A91A4E-4A51-4065-BDA7-94755F0BB3BB,6,1773,0,0,0,0,0,0
primary,threshold,theta=0.05732,val,7CE37510-56D0-4120-A1CF-0E23351428D2,6,1923,2,2,4,2,2,2
primary,threshold,theta=0.05732,val,8023FE1A-D3B0-4E2C-A57A-9321B7FC755F,23,972,1,1,2,1,1,1
primary,threshold,theta=0.05732,val,8023FE1A-D3B0-4E2C-A57A-9321B7FC755F,24,836,1,1,2,1,1,1
primary,threshold,theta=0.05732,val,83CF687B-7CEC-434B-9FE8-00C3D5799BE6,7,1879,8,8,16,8,8,8
primary,threshold,theta=0.05732,val,9759096F-1119-4E19-A0AD-6F16989C7E1C,3,474,7,7,14,8,10,7
primary,threshold,theta=0.05732,val,9759096F-1119-4E19-A0AD-6F16989C7E1C,4,1489,1,1,2,2,1,1
primary,threshold,theta=0.05732,val,9DC38D04-E82E-4F29-AB52-B476535226F2,12,1543,0,0,0,0,0,0
primary,threshold,theta=0.05732,val,9DC38D04-E82E-4F29-AB52-B476535226F2,18,359,0,0,0,0,0,0
primary,threshold,theta=0.05732,val,A5CDF89D-02A2-4EC1-89F8-F534FDABDD96,12,62,0,0,0,0,0,0
primary,threshold,theta=0.05732,val,A5CDF89D-02A2-4EC1-89F8-F534FDABDD96,13,841,1,1,2,1,1,1
primary,threshold,theta=0.05732,val,A5CDF89D-02A2-4EC1-89F8-F534FDABDD96,14,276,0,0,0,0,0,0
primary,threshold,theta=0.05732,val,A76A5AF5-5A93-4CF2-A16E-62353BB70E8A,2,1475,0,0,0,0,0,0
primary,threshold,theta=0.05732,val,B09E373F-8A54-44C8-895B-0039390B859F,9,1598,6,6,12,6,8,6
primary,threshold,theta=0.05732,val,B9724848-C7E2-45F4-9B3F-A1F38D864495,10,85,1,1,2,1,1,1
primary,threshold,theta=0.05732,val,B9724848-C7E2-45F4-9B3F-A1F38D864495,11,522,6,6,12,10,8,6
primary,threshold,theta=0.05732,val,B9724848-C7E2-45F4-9B3F-A1F38D864495,13,880,3,3,6,3,3,3
primary,threshold,theta=0.05732,val,BE3CA5A6-A561-4BBD-B7C9-5DF6805400FC,13,681,0,0,0,0,0,0
primary,threshold,theta=0.05732,val,BE3CA5A6-A561-4BBD-B7C9-5DF6805400FC,14,79,0,0,0,0,0,0
primary,threshold,theta=0.05732,val,BE3CA5A6-A561-4BBD-B7C9-5DF6805400FC,15,430,2,2,4,2,2,2
primary,threshold,theta=0.05732,val,BE3CA5A6-A561-4BBD-B7C9-5DF6805400FC,16,442,0,0,0,0,0,0
primary,threshold,theta=0.05732,val,C48CE857-A0DD-4DDB-BEA5-3A25449B2153,25,150,0,0,0,0,0,0
primary,threshold,theta=0.05732,val,C48CE857-A0DD-4DDB-BEA5-3A25449B2153,26,40,0,0,0,0,0,0
primary,threshold,theta=0.05732,val,C48CE857-A0DD-4DDB-BEA5-3A25449B2153,28,151,0,0,0,0,0,0
primary,threshold,theta=0.05732,val,C48CE857-A0DD-4DDB-BEA5-3A25449B2153,30,239,0,0,0,0,0,0
primary,threshold,theta=0.05732,val,C48CE857-A0DD-4DDB-BEA5-3A25449B2153,31,282,0,0,0,0,0,0
primary,threshold,theta=0.05732,val,C48CE857-A0DD-4DDB-BEA5-3A25449B2153,32,115,0,0,0,0,0,0
primary,threshold,theta=0.05732,val,CA820D43-E5E2-42EF-9798-BE56F776370B,4,1146,2,2,4,2,2,2
primary,threshold,theta=0.05732,val,CA820D43-E5E2-42EF-9798-BE56F776370B,8,394,1,1,2,1,1,1
primary,threshold,theta=0.05732,val,CDA3BBF7-6631-45E8-85BA-EEB416B32A3C,2,227,1,1,2,1,1,1
primary,threshold,theta=0.05732,val,CDA3BBF7-6631-45E8-85BA-EEB416B32A3C,3,316,0,0,0,0,0,0
primary,threshold,theta=0.05732,val,CF722AA9-2533-4E51-9FEB-9EAC84EE9AAC,7,113,2,2,4,2,2,2
primary,threshold,theta=0.05732,val,CF722AA9-2533-4E51-9FEB-9EAC84EE9AAC,8,371,3,3,6,4,5,3
primary,threshold,theta=0.05732,val,CF722AA9-2533-4E51-9FEB-9EAC84EE9AAC,9,210,0,0,0,0,0,0
primary,threshold,theta=0.05732,val,D7D20E2E-FC78-405D-B346-DBD3FD8FC92B,7,175,1,1,2,1,1,1
primary,threshold,theta=0.05732,val,D7D20E2E-FC78-405D-B346-DBD3FD8FC92B,8,528,1,1,2,1,1,1
primary,threshold,theta=0.05732,val,D7D20E2E-FC78-405D-B346-DBD3FD8FC92B,9,42,0,0,0,0,0,0
primary,threshold,theta=0.05732,val,D7D20E2E-FC78-405D-B346-DBD3FD8FC92B,10,153,4,4,8,5,4,4
primary,threshold,theta=0.05732,val,D7D20E2E-FC78-405D-B346-DBD3FD8FC92B,11,292,0,0,0,0,0,0
primary,threshold,theta=0.05732,val,D7D20E2E-FC78-405D-B346-DBD3FD8FC92B,12,23,0,0,0,0,0,0
primary,threshold,theta=0.05732,val,E65577C1-8D5D-4F70-AF23-B3ADB9D3DBA3,3,659,2,2,4,3,2,2
primary,threshold,theta=0.05732,val,ECECC2AB-D32F-4F90-B74C-E12A1C69BBE2,12,232,0,0,0,0,0,0
primary,threshold,theta=0.05732,val,ECECC2AB-D32F-4F90-B74C-E12A1C69BBE2,13,35,0,0,0,0,0,0
primary,threshold,theta=0.05732,val,ECECC2AB-D32F-4F90-B74C-E12A1C69BBE2,14,204,0,0,0,0,0,0
primary,threshold,theta=0.05732,val,ECECC2AB-D32F-4F90-B74C-E12A1C69BBE2,15,206,0,0,0,0,0,0
primary,threshold,theta=0.05732,val,FDAA70A1-42A3-4E3F-9AE3-3FDA412E03BF,18,966,2,2,4,6,2,2
primary,moving_average,"k=3, theta=0.1978",val,00EABED2-271D-49D8-B599-1D4A09240601,23,428,4,4,8,15,5,4
primary,moving_average,"k=3, theta=0.1978",val,098A72A5-E3E5-4F54-A152-BBDA0DF7B694,5,174,0,0,0,0,0,0
primary,moving_average,"k=3, theta=0.1978",val,098A72A5-E3E5-4F54-A152-BBDA0DF7B694,6,134,0,0,0,0,0,0
primary,moving_average,"k=3, theta=0.1978",val,098A72A5-E3E5-4F54-A152-BBDA0DF7B694,7,13,0,0,0,0,0,0
primary,moving_average,"k=3, theta=0.1978",val,098A72A5-E3E5-4F54-A152-BBDA0DF7B694,8,275,0,0,0,0,0,0
primary,moving_average,"k=3, theta=0.1978",val,098A72A5-E3E5-4F54-A152-BBDA0DF7B694,9,459,0,0,0,0,0,0
primary,moving_average,"k=3, theta=0.1978",val,098A72A5-E3E5-4F54-A152-BBDA0DF7B694,10,75,0,0,0,0,0,0
primary,moving_average,"k=3, theta=0.1978",val,098A72A5-E3E5-4F54-A152-BBDA0DF7B694,11,44,0,0,0,0,0,0
primary,moving_average,"k=3, theta=0.1978",val,098A72A5-E3E5-4F54-A152-BBDA0DF7B694,13,156,0,0,0,0,0,0
primary,moving_average,"k=3, theta=0.1978",val,0A986513-7828-4D53-AA1F-E02D6DF9561B,6,763,4,4,8,8,5,4
primary,moving_average,"k=3, theta=0.1978",val,11B5EC4D-4133-4289-B475-4E737182A406,3,616,2,2,4,2,3,2
primary,moving_average,"k=3, theta=0.1978",val,11B5EC4D-4133-4289-B475-4E737182A406,4,799,3,3,6,3,3,3
primary,moving_average,"k=3, theta=0.1978",val,11B5EC4D-4133-4289-B475-4E737182A406,5,324,0,0,0,0,0,0
primary,moving_average,"k=3, theta=0.1978",val,136562B6-95B2-483D-88DC-065F28409FD2,17,181,0,0,0,0,0,0
primary,moving_average,"k=3, theta=0.1978",val,136562B6-95B2-483D-88DC-065F28409FD2,18,847,1,1,2,3,1,1
primary,moving_average,"k=3, theta=0.1978",val,136562B6-95B2-483D-88DC-065F28409FD2,19,80,0,0,0,0,0,0
primary,moving_average,"k=3, theta=0.1978",val,136562B6-95B2-483D-88DC-065F28409FD2,20,107,1,1,2,2,1,1
primary,moving_average,"k=3, theta=0.1978",val,1538C99F-BA1E-4EFB-A949-6C7C47701B20,25,291,0,0,0,0,0,0
primary,moving_average,"k=3, theta=0.1978",val,1538C99F-BA1E-4EFB-A949-6C7C47701B20,26,82,0,0,0,0,0,0
primary,moving_average,"k=3, theta=0.1978",val,1538C99F-BA1E-4EFB-A949-6C7C47701B20,27,160,0,0,0,0,0,0
primary,moving_average,"k=3, theta=0.1978",val,1538C99F-BA1E-4EFB-A949-6C7C47701B20,28,748,2,2,4,2,2,2
primary,moving_average,"k=3, theta=0.1978",val,24E40C4C-A349-4F9F-93AB-01D00FB994AF,12,236,0,0,0,0,0,0
primary,moving_average,"k=3, theta=0.1978",val,24E40C4C-A349-4F9F-93AB-01D00FB994AF,13,213,2,2,4,5,3,2
primary,moving_average,"k=3, theta=0.1978",val,24E40C4C-A349-4F9F-93AB-01D00FB994AF,14,141,0,0,0,0,0,0
primary,moving_average,"k=3, theta=0.1978",val,24E40C4C-A349-4F9F-93AB-01D00FB994AF,15,317,0,0,0,0,0,0
primary,moving_average,"k=3, theta=0.1978",val,24E40C4C-A349-4F9F-93AB-01D00FB994AF,16,18,0,0,0,0,0,0
primary,moving_average,"k=3, theta=0.1978",val,2C32C23E-E30C-498A-8DD2-0EFB9150A02E,9,1674,8,8,16,17,10,8
primary,moving_average,"k=3, theta=0.1978",val,3600D531-0C55-44A7-AE95-A7A38519464E,20,842,0,0,0,0,0,0
primary,moving_average,"k=3, theta=0.1978",val,3600D531-0C55-44A7-AE95-A7A38519464E,21,54,0,0,0,0,0,0
primary,moving_average,"k=3, theta=0.1978",val,3600D531-0C55-44A7-AE95-A7A38519464E,22,107,0,0,0,0,0,0
primary,moving_average,"k=3, theta=0.1978",val,3600D531-0C55-44A7-AE95-A7A38519464E,24,14,0,0,0,0,0,0
primary,moving_average,"k=3, theta=0.1978",val,4FC32141-E888-4BFF-8804-12559A491D8C,4,43,0,0,0,0,0,0
primary,moving_average,"k=3, theta=0.1978",val,4FC32141-E888-4BFF-8804-12559A491D8C,5,325,1,1,2,9,0,0
primary,moving_average,"k=3, theta=0.1978",val,4FC32141-E888-4BFF-8804-12559A491D8C,6,427,0,0,0,0,0,0
primary,moving_average,"k=3, theta=0.1978",val,4FC32141-E888-4BFF-8804-12559A491D8C,7,102,0,0,0,0,0,0
primary,moving_average,"k=3, theta=0.1978",val,4FC32141-E888-4BFF-8804-12559A491D8C,8,18,0,0,0,0,0,0
primary,moving_average,"k=3, theta=0.1978",val,4FC32141-E888-4BFF-8804-12559A491D8C,10,43,0,0,0,0,0,0
primary,moving_average,"k=3, theta=0.1978",val,5119D0F8-FCA8-4184-A4EB-19421A40DE0D,9,1294,2,2,4,7,2,2
primary,moving_average,"k=3, theta=0.1978",val,5152A2DF-FAF3-4BA8-9CA9-E66B32671A53,6,697,6,6,12,6,8,6
primary,moving_average,"k=3, theta=0.1978",val,5152A2DF-FAF3-4BA8-9CA9-E66B32671A53,7,597,0,0,0,0,0,0
primary,moving_average,"k=3, theta=0.1978",val,5EF64122-B513-46AE-BCF1-E62AAC285D2C,9,116,0,0,0,0,0,0
primary,moving_average,"k=3, theta=0.1978",val,5EF64122-B513-46AE-BCF1-E62AAC285D2C,10,637,0,0,0,0,0,0
primary,moving_average,"k=3, theta=0.1978",val,61976C24-1C50-4355-9C49-AAE44A7D09F6,46,1717,4,4,8,9,4,4
primary,moving_average,"k=3, theta=0.1978",val,78A91A4E-4A51-4065-BDA7-94755F0BB3BB,5,597,8,8,16,28,7,6
primary,moving_average,"k=3, theta=0.1978",val,78A91A4E-4A51-4065-BDA7-94755F0BB3BB,6,1773,1,1,2,2,1,1
primary,moving_average,"k=3, theta=0.1978",val,7CE37510-56D0-4120-A1CF-0E23351428D2,6,1923,2,2,4,4,2,2
primary,moving_average,"k=3, theta=0.1978",val,8023FE1A-D3B0-4E2C-A57A-9321B7FC755F,23,972,2,2,4,9,1,1
primary,moving_average,"k=3, theta=0.1978",val,8023FE1A-D3B0-4E2C-A57A-9321B7FC755F,24,836,3,3,6,5,3,3
primary,moving_average,"k=3, theta=0.1978",val,83CF687B-7CEC-434B-9FE8-00C3D5799BE6,7,1879,4,4,8,5,4,4
primary,moving_average,"k=3, theta=0.1978",val,9759096F-1119-4E19-A0AD-6F16989C7E1C,3,474,3,3,6,9,2,2
primary,moving_average,"k=3, theta=0.1978",val,9759096F-1119-4E19-A0AD-6F16989C7E1C,4,1489,2,2,4,4,2,2
primary,moving_average,"k=3, theta=0.1978",val,9DC38D04-E82E-4F29-AB52-B476535226F2,12,1543,2,2,4,4,3,2
primary,moving_average,"k=3, theta=0.1978",val,9DC38D04-E82E-4F29-AB52-B476535226F2,18,359,0,0,0,0,0,0
primary,moving_average,"k=3, theta=0.1978",val,A5CDF89D-02A2-4EC1-89F8-F534FDABDD96,12,62,0,0,0,0,0,0
primary,moving_average,"k=3, theta=0.1978",val,A5CDF89D-02A2-4EC1-89F8-F534FDABDD96,13,841,1,1,2,1,1,1
primary,moving_average,"k=3, theta=0.1978",val,A5CDF89D-02A2-4EC1-89F8-F534FDABDD96,14,276,0,0,0,0,0,0
primary,moving_average,"k=3, theta=0.1978",val,A76A5AF5-5A93-4CF2-A16E-62353BB70E8A,2,1475,0,0,0,0,0,0
primary,moving_average,"k=3, theta=0.1978",val,B09E373F-8A54-44C8-895B-0039390B859F,9,1598,5,5,10,7,6,5
primary,moving_average,"k=3, theta=0.1978",val,B9724848-C7E2-45F4-9B3F-A1F38D864495,10,85,0,0,0,0,0,0
primary,moving_average,"k=3, theta=0.1978",val,B9724848-C7E2-45F4-9B3F-A1F38D864495,11,522,7,7,14,25,9,6
primary,moving_average,"k=3, theta=0.1978",val,B9724848-C7E2-45F4-9B3F-A1F38D864495,13,880,2,2,4,3,2,2
primary,moving_average,"k=3, theta=0.1978",val,BE3CA5A6-A561-4BBD-B7C9-5DF6805400FC,13,681,0,0,0,0,0,0
primary,moving_average,"k=3, theta=0.1978",val,BE3CA5A6-A561-4BBD-B7C9-5DF6805400FC,14,79,0,0,0,0,0,0
primary,moving_average,"k=3, theta=0.1978",val,BE3CA5A6-A561-4BBD-B7C9-5DF6805400FC,15,430,1,1,2,1,1,1
primary,moving_average,"k=3, theta=0.1978",val,BE3CA5A6-A561-4BBD-B7C9-5DF6805400FC,16,442,1,1,2,1,1,1
primary,moving_average,"k=3, theta=0.1978",val,C48CE857-A0DD-4DDB-BEA5-3A25449B2153,25,150,0,0,0,0,0,0
primary,moving_average,"k=3, theta=0.1978",val,C48CE857-A0DD-4DDB-BEA5-3A25449B2153,26,40,0,0,0,0,0,0
primary,moving_average,"k=3, theta=0.1978",val,C48CE857-A0DD-4DDB-BEA5-3A25449B2153,28,151,0,0,0,0,0,0
primary,moving_average,"k=3, theta=0.1978",val,C48CE857-A0DD-4DDB-BEA5-3A25449B2153,30,239,0,0,0,0,0,0
primary,moving_average,"k=3, theta=0.1978",val,C48CE857-A0DD-4DDB-BEA5-3A25449B2153,31,282,0,0,0,0,0,0
primary,moving_average,"k=3, theta=0.1978",val,C48CE857-A0DD-4DDB-BEA5-3A25449B2153,32,115,0,0,0,0,0,0
primary,moving_average,"k=3, theta=0.1978",val,CA820D43-E5E2-42EF-9798-BE56F776370B,4,1146,0,0,0,0,0,0
primary,moving_average,"k=3, theta=0.1978",val,CA820D43-E5E2-42EF-9798-BE56F776370B,8,394,1,1,2,2,1,1
primary,moving_average,"k=3, theta=0.1978",val,CDA3BBF7-6631-45E8-85BA-EEB416B32A3C,2,227,0,0,0,0,0,0
primary,moving_average,"k=3, theta=0.1978",val,CDA3BBF7-6631-45E8-85BA-EEB416B32A3C,3,316,0,0,0,0,0,0
primary,moving_average,"k=3, theta=0.1978",val,CF722AA9-2533-4E51-9FEB-9EAC84EE9AAC,7,113,1,1,2,3,1,1
primary,moving_average,"k=3, theta=0.1978",val,CF722AA9-2533-4E51-9FEB-9EAC84EE9AAC,8,371,3,3,6,3,4,3
primary,moving_average,"k=3, theta=0.1978",val,CF722AA9-2533-4E51-9FEB-9EAC84EE9AAC,9,210,0,0,0,0,0,0
primary,moving_average,"k=3, theta=0.1978",val,D7D20E2E-FC78-405D-B346-DBD3FD8FC92B,7,175,1,1,2,2,1,1
primary,moving_average,"k=3, theta=0.1978",val,D7D20E2E-FC78-405D-B346-DBD3FD8FC92B,8,528,0,0,0,0,0,0
primary,moving_average,"k=3, theta=0.1978",val,D7D20E2E-FC78-405D-B346-DBD3FD8FC92B,9,42,0,0,0,0,0,0
primary,moving_average,"k=3, theta=0.1978",val,D7D20E2E-FC78-405D-B346-DBD3FD8FC92B,10,153,5,5,10,19,6,4
primary,moving_average,"k=3, theta=0.1978",val,D7D20E2E-FC78-405D-B346-DBD3FD8FC92B,11,292,1,1,2,2,1,1
primary,moving_average,"k=3, theta=0.1978",val,D7D20E2E-FC78-405D-B346-DBD3FD8FC92B,12,23,0,0,0,0,0,0
primary,moving_average,"k=3, theta=0.1978",val,E65577C1-8D5D-4F70-AF23-B3ADB9D3DBA3,3,659,2,2,4,4,2,2
primary,moving_average,"k=3, theta=0.1978",val,ECECC2AB-D32F-4F90-B74C-E12A1C69BBE2,12,232,0,0,0,0,0,0
primary,moving_average,"k=3, theta=0.1978",val,ECECC2AB-D32F-4F90-B74C-E12A1C69BBE2,13,35,0,0,0,0,0,0
primary,moving_average,"k=3, theta=0.1978",val,ECECC2AB-D32F-4F90-B74C-E12A1C69BBE2,14,204,1,1,2,3,1,1
primary,moving_average,"k=3, theta=0.1978",val,ECECC2AB-D32F-4F90-B74C-E12A1C69BBE2,15,206,0,0,0,0,0,0
primary,moving_average,"k=3, theta=0.1978",val,FDAA70A1-42A3-4E3F-9AE3-3FDA412E03BF,18,966,3,3,6,7,3,3
primary,ewma,"alpha=0.7, theta=0.1419",val,00EABED2-271D-49D8-B599-1D4A09240601,23,428,5,5,10,17,5,3
primary,ewma,"alpha=0.7, theta=0.1419",val,098A72A5-E3E5-4F54-A152-BBDA0DF7B694,5,174,0,0,0,0,0,0
primary,ewma,"alpha=0.7, theta=0.1419",val,098A72A5-E3E5-4F54-A152-BBDA0DF7B694,6,134,0,0,0,0,0,0
primary,ewma,"alpha=0.7, theta=0.1419",val,098A72A5-E3E5-4F54-A152-BBDA0DF7B694,7,13,0,0,0,0,0,0
primary,ewma,"alpha=0.7, theta=0.1419",val,098A72A5-E3E5-4F54-A152-BBDA0DF7B694,8,275,0,0,0,0,0,0
primary,ewma,"alpha=0.7, theta=0.1419",val,098A72A5-E3E5-4F54-A152-BBDA0DF7B694,9,459,0,0,0,0,0,0
primary,ewma,"alpha=0.7, theta=0.1419",val,098A72A5-E3E5-4F54-A152-BBDA0DF7B694,10,75,0,0,0,0,0,0
primary,ewma,"alpha=0.7, theta=0.1419",val,098A72A5-E3E5-4F54-A152-BBDA0DF7B694,11,44,0,0,0,0,0,0
primary,ewma,"alpha=0.7, theta=0.1419",val,098A72A5-E3E5-4F54-A152-BBDA0DF7B694,13,156,0,0,0,0,0,0
primary,ewma,"alpha=0.7, theta=0.1419",val,0A986513-7828-4D53-AA1F-E02D6DF9561B,6,763,4,4,8,4,5,4
primary,ewma,"alpha=0.7, theta=0.1419",val,11B5EC4D-4133-4289-B475-4E737182A406,3,616,0,0,0,0,0,0
primary,ewma,"alpha=0.7, theta=0.1419",val,11B5EC4D-4133-4289-B475-4E737182A406,4,799,1,1,2,1,1,1
primary,ewma,"alpha=0.7, theta=0.1419",val,11B5EC4D-4133-4289-B475-4E737182A406,5,324,0,0,0,0,0,0
primary,ewma,"alpha=0.7, theta=0.1419",val,136562B6-95B2-483D-88DC-065F28409FD2,17,181,0,0,0,0,0,0
primary,ewma,"alpha=0.7, theta=0.1419",val,136562B6-95B2-483D-88DC-065F28409FD2,18,847,0,0,0,0,0,0
primary,ewma,"alpha=0.7, theta=0.1419",val,136562B6-95B2-483D-88DC-065F28409FD2,19,80,0,0,0,0,0,0
primary,ewma,"alpha=0.7, theta=0.1419",val,136562B6-95B2-483D-88DC-065F28409FD2,20,107,0,0,0,0,0,0
primary,ewma,"alpha=0.7, theta=0.1419",val,1538C99F-BA1E-4EFB-A949-6C7C47701B20,25,291,0,0,0,0,0,0
primary,ewma,"alpha=0.7, theta=0.1419",val,1538C99F-BA1E-4EFB-A949-6C7C47701B20,26,82,0,0,0,0,0,0
primary,ewma,"alpha=0.7, theta=0.1419",val,1538C99F-BA1E-4EFB-A949-6C7C47701B20,27,160,0,0,0,0,0,0
primary,ewma,"alpha=0.7, theta=0.1419",val,1538C99F-BA1E-4EFB-A949-6C7C47701B20,28,748,2,2,4,2,2,2
primary,ewma,"alpha=0.7, theta=0.1419",val,24E40C4C-A349-4F9F-93AB-01D00FB994AF,12,236,0,0,0,0,0,0
primary,ewma,"alpha=0.7, theta=0.1419",val,24E40C4C-A349-4F9F-93AB-01D00FB994AF,13,213,3,3,6,6,4,3
primary,ewma,"alpha=0.7, theta=0.1419",val,24E40C4C-A349-4F9F-93AB-01D00FB994AF,14,141,0,0,0,0,0,0
primary,ewma,"alpha=0.7, theta=0.1419",val,24E40C4C-A349-4F9F-93AB-01D00FB994AF,15,317,0,0,0,0,0,0
primary,ewma,"alpha=0.7, theta=0.1419",val,24E40C4C-A349-4F9F-93AB-01D00FB994AF,16,18,0,0,0,0,0,0
primary,ewma,"alpha=0.7, theta=0.1419",val,2C32C23E-E30C-498A-8DD2-0EFB9150A02E,9,1674,7,7,14,10,8,7
primary,ewma,"alpha=0.7, theta=0.1419",val,3600D531-0C55-44A7-AE95-A7A38519464E,20,842,0,0,0,0,0,0
primary,ewma,"alpha=0.7, theta=0.1419",val,3600D531-0C55-44A7-AE95-A7A38519464E,21,54,1,1,2,1,1,1
primary,ewma,"alpha=0.7, theta=0.1419",val,3600D531-0C55-44A7-AE95-A7A38519464E,22,107,0,0,0,0,0,0
primary,ewma,"alpha=0.7, theta=0.1419",val,3600D531-0C55-44A7-AE95-A7A38519464E,24,14,0,0,0,0,0,0
primary,ewma,"alpha=0.7, theta=0.1419",val,4FC32141-E888-4BFF-8804-12559A491D8C,4,43,0,0,0,0,0,0
primary,ewma,"alpha=0.7, theta=0.1419",val,4FC32141-E888-4BFF-8804-12559A491D8C,5,325,1,1,2,4,1,1
primary,ewma,"alpha=0.7, theta=0.1419",val,4FC32141-E888-4BFF-8804-12559A491D8C,6,427,0,0,0,0,0,0
primary,ewma,"alpha=0.7, theta=0.1419",val,4FC32141-E888-4BFF-8804-12559A491D8C,7,102,0,0,0,0,0,0
primary,ewma,"alpha=0.7, theta=0.1419",val,4FC32141-E888-4BFF-8804-12559A491D8C,8,18,0,0,0,0,0,0
primary,ewma,"alpha=0.7, theta=0.1419",val,4FC32141-E888-4BFF-8804-12559A491D8C,10,43,0,0,0,0,0,0
primary,ewma,"alpha=0.7, theta=0.1419",val,5119D0F8-FCA8-4184-A4EB-19421A40DE0D,9,1294,0,0,0,0,0,0
primary,ewma,"alpha=0.7, theta=0.1419",val,5152A2DF-FAF3-4BA8-9CA9-E66B32671A53,6,697,2,2,4,2,2,2
primary,ewma,"alpha=0.7, theta=0.1419",val,5152A2DF-FAF3-4BA8-9CA9-E66B32671A53,7,597,0,0,0,0,0,0
primary,ewma,"alpha=0.7, theta=0.1419",val,5EF64122-B513-46AE-BCF1-E62AAC285D2C,9,116,0,0,0,0,0,0
primary,ewma,"alpha=0.7, theta=0.1419",val,5EF64122-B513-46AE-BCF1-E62AAC285D2C,10,637,0,0,0,0,0,0
primary,ewma,"alpha=0.7, theta=0.1419",val,61976C24-1C50-4355-9C49-AAE44A7D09F6,46,1717,3,3,6,7,3,3
primary,ewma,"alpha=0.7, theta=0.1419",val,78A91A4E-4A51-4065-BDA7-94755F0BB3BB,5,597,6,6,12,16,8,6
primary,ewma,"alpha=0.7, theta=0.1419",val,78A91A4E-4A51-4065-BDA7-94755F0BB3BB,6,1773,0,0,0,0,0,0
primary,ewma,"alpha=0.7, theta=0.1419",val,7CE37510-56D0-4120-A1CF-0E23351428D2,6,1923,2,2,4,2,2,2
primary,ewma,"alpha=0.7, theta=0.1419",val,8023FE1A-D3B0-4E2C-A57A-9321B7FC755F,23,972,3,3,6,8,4,3
primary,ewma,"alpha=0.7, theta=0.1419",val,8023FE1A-D3B0-4E2C-A57A-9321B7FC755F,24,836,1,1,2,1,1,1
primary,ewma,"alpha=0.7, theta=0.1419",val,83CF687B-7CEC-434B-9FE8-00C3D5799BE6,7,1879,6,6,12,6,6,6
primary,ewma,"alpha=0.7, theta=0.1419",val,9759096F-1119-4E19-A0AD-6F16989C7E1C,3,474,4,4,8,7,6,4
primary,ewma,"alpha=0.7, theta=0.1419",val,9759096F-1119-4E19-A0AD-6F16989C7E1C,4,1489,2,2,4,3,2,2
primary,ewma,"alpha=0.7, theta=0.1419",val,9DC38D04-E82E-4F29-AB52-B476535226F2,12,1543,1,1,2,1,1,1
primary,ewma,"alpha=0.7, theta=0.1419",val,9DC38D04-E82E-4F29-AB52-B476535226F2,18,359,0,0,0,0,0,0
primary,ewma,"alpha=0.7, theta=0.1419",val,A5CDF89D-02A2-4EC1-89F8-F534FDABDD96,12,62,0,0,0,0,0,0
primary,ewma,"alpha=0.7, theta=0.1419",val,A5CDF89D-02A2-4EC1-89F8-F534FDABDD96,13,841,1,1,2,2,1,1
primary,ewma,"alpha=0.7, theta=0.1419",val,A5CDF89D-02A2-4EC1-89F8-F534FDABDD96,14,276,0,0,0,0,0,0
primary,ewma,"alpha=0.7, theta=0.1419",val,A76A5AF5-5A93-4CF2-A16E-62353BB70E8A,2,1475,0,0,0,0,0,0
primary,ewma,"alpha=0.7, theta=0.1419",val,B09E373F-8A54-44C8-895B-0039390B859F,9,1598,3,3,6,4,4,3
primary,ewma,"alpha=0.7, theta=0.1419",val,B9724848-C7E2-45F4-9B3F-A1F38D864495,10,85,0,0,0,0,0,0
primary,ewma,"alpha=0.7, theta=0.1419",val,B9724848-C7E2-45F4-9B3F-A1F38D864495,11,522,7,7,14,19,11,7
primary,ewma,"alpha=0.7, theta=0.1419",val,B9724848-C7E2-45F4-9B3F-A1F38D864495,13,880,1,1,2,1,1,1
primary,ewma,"alpha=0.7, theta=0.1419",val,BE3CA5A6-A561-4BBD-B7C9-5DF6805400FC,13,681,0,0,0,0,0,0
primary,ewma,"alpha=0.7, theta=0.1419",val,BE3CA5A6-A561-4BBD-B7C9-5DF6805400FC,14,79,0,0,0,0,0,0
primary,ewma,"alpha=0.7, theta=0.1419",val,BE3CA5A6-A561-4BBD-B7C9-5DF6805400FC,15,430,2,2,4,2,2,2
primary,ewma,"alpha=0.7, theta=0.1419",val,BE3CA5A6-A561-4BBD-B7C9-5DF6805400FC,16,442,0,0,0,0,0,0
primary,ewma,"alpha=0.7, theta=0.1419",val,C48CE857-A0DD-4DDB-BEA5-3A25449B2153,25,150,0,0,0,0,0,0
primary,ewma,"alpha=0.7, theta=0.1419",val,C48CE857-A0DD-4DDB-BEA5-3A25449B2153,26,40,0,0,0,0,0,0
primary,ewma,"alpha=0.7, theta=0.1419",val,C48CE857-A0DD-4DDB-BEA5-3A25449B2153,28,151,0,0,0,0,0,0
primary,ewma,"alpha=0.7, theta=0.1419",val,C48CE857-A0DD-4DDB-BEA5-3A25449B2153,30,239,0,0,0,0,0,0
primary,ewma,"alpha=0.7, theta=0.1419",val,C48CE857-A0DD-4DDB-BEA5-3A25449B2153,31,282,0,0,0,0,0,0
primary,ewma,"alpha=0.7, theta=0.1419",val,C48CE857-A0DD-4DDB-BEA5-3A25449B2153,32,115,0,0,0,0,0,0
primary,ewma,"alpha=0.7, theta=0.1419",val,CA820D43-E5E2-42EF-9798-BE56F776370B,4,1146,1,1,2,1,1,1
primary,ewma,"alpha=0.7, theta=0.1419",val,CA820D43-E5E2-42EF-9798-BE56F776370B,8,394,0,0,0,0,0,0
primary,ewma,"alpha=0.7, theta=0.1419",val,CDA3BBF7-6631-45E8-85BA-EEB416B32A3C,2,227,0,0,0,0,0,0
primary,ewma,"alpha=0.7, theta=0.1419",val,CDA3BBF7-6631-45E8-85BA-EEB416B32A3C,3,316,0,0,0,0,0,0
primary,ewma,"alpha=0.7, theta=0.1419",val,CF722AA9-2533-4E51-9FEB-9EAC84EE9AAC,7,113,1,1,2,3,1,1
primary,ewma,"alpha=0.7, theta=0.1419",val,CF722AA9-2533-4E51-9FEB-9EAC84EE9AAC,8,371,1,1,2,1,1,1
primary,ewma,"alpha=0.7, theta=0.1419",val,CF722AA9-2533-4E51-9FEB-9EAC84EE9AAC,9,210,0,0,0,0,0,0
primary,ewma,"alpha=0.7, theta=0.1419",val,D7D20E2E-FC78-405D-B346-DBD3FD8FC92B,7,175,1,1,2,2,1,1
primary,ewma,"alpha=0.7, theta=0.1419",val,D7D20E2E-FC78-405D-B346-DBD3FD8FC92B,8,528,0,0,0,0,0,0
primary,ewma,"alpha=0.7, theta=0.1419",val,D7D20E2E-FC78-405D-B346-DBD3FD8FC92B,9,42,0,0,0,0,0,0
primary,ewma,"alpha=0.7, theta=0.1419",val,D7D20E2E-FC78-405D-B346-DBD3FD8FC92B,10,153,4,4,8,11,4,4
primary,ewma,"alpha=0.7, theta=0.1419",val,D7D20E2E-FC78-405D-B346-DBD3FD8FC92B,11,292,1,1,2,1,1,1
primary,ewma,"alpha=0.7, theta=0.1419",val,D7D20E2E-FC78-405D-B346-DBD3FD8FC92B,12,23,0,0,0,0,0,0
primary,ewma,"alpha=0.7, theta=0.1419",val,E65577C1-8D5D-4F70-AF23-B3ADB9D3DBA3,3,659,1,1,2,2,1,1
primary,ewma,"alpha=0.7, theta=0.1419",val,ECECC2AB-D32F-4F90-B74C-E12A1C69BBE2,12,232,0,0,0,0,0,0
primary,ewma,"alpha=0.7, theta=0.1419",val,ECECC2AB-D32F-4F90-B74C-E12A1C69BBE2,13,35,0,0,0,0,0,0
primary,ewma,"alpha=0.7, theta=0.1419",val,ECECC2AB-D32F-4F90-B74C-E12A1C69BBE2,14,204,1,1,2,3,1,1
primary,ewma,"alpha=0.7, theta=0.1419",val,ECECC2AB-D32F-4F90-B74C-E12A1C69BBE2,15,206,0,0,0,0,0,0
primary,ewma,"alpha=0.7, theta=0.1419",val,FDAA70A1-42A3-4E3F-9AE3-3FDA412E03BF,18,966,2,2,4,6,2,2
primary,majority_vote,"k=3, theta=0.1545",val,00EABED2-271D-49D8-B599-1D4A09240601,23,428,4,4,8,23,4,3
primary,majority_vote,"k=3, theta=0.1545",val,098A72A5-E3E5-4F54-A152-BBDA0DF7B694,5,174,0,0,0,0,0,0
primary,majority_vote,"k=3, theta=0.1545",val,098A72A5-E3E5-4F54-A152-BBDA0DF7B694,6,134,1,1,2,2,1,1
primary,majority_vote,"k=3, theta=0.1545",val,098A72A5-E3E5-4F54-A152-BBDA0DF7B694,7,13,0,0,0,0,0,0
primary,majority_vote,"k=3, theta=0.1545",val,098A72A5-E3E5-4F54-A152-BBDA0DF7B694,8,275,0,0,0,0,0,0
primary,majority_vote,"k=3, theta=0.1545",val,098A72A5-E3E5-4F54-A152-BBDA0DF7B694,9,459,1,1,2,1,1,1
primary,majority_vote,"k=3, theta=0.1545",val,098A72A5-E3E5-4F54-A152-BBDA0DF7B694,10,75,0,0,0,0,0,0
primary,majority_vote,"k=3, theta=0.1545",val,098A72A5-E3E5-4F54-A152-BBDA0DF7B694,11,44,0,0,0,0,0,0
primary,majority_vote,"k=3, theta=0.1545",val,098A72A5-E3E5-4F54-A152-BBDA0DF7B694,13,156,0,0,0,0,0,0
primary,majority_vote,"k=3, theta=0.1545",val,0A986513-7828-4D53-AA1F-E02D6DF9561B,6,763,3,3,6,11,2,2
primary,majority_vote,"k=3, theta=0.1545",val,11B5EC4D-4133-4289-B475-4E737182A406,3,616,1,1,2,1,1,1
primary,majority_vote,"k=3, theta=0.1545",val,11B5EC4D-4133-4289-B475-4E737182A406,4,799,1,1,2,1,1,1
primary,majority_vote,"k=3, theta=0.1545",val,11B5EC4D-4133-4289-B475-4E737182A406,5,324,0,0,0,0,0,0
primary,majority_vote,"k=3, theta=0.1545",val,136562B6-95B2-483D-88DC-065F28409FD2,17,181,0,0,0,0,0,0
primary,majority_vote,"k=3, theta=0.1545",val,136562B6-95B2-483D-88DC-065F28409FD2,18,847,0,0,0,0,0,0
primary,majority_vote,"k=3, theta=0.1545",val,136562B6-95B2-483D-88DC-065F28409FD2,19,80,0,0,0,0,0,0
primary,majority_vote,"k=3, theta=0.1545",val,136562B6-95B2-483D-88DC-065F28409FD2,20,107,1,1,2,2,1,1
primary,majority_vote,"k=3, theta=0.1545",val,1538C99F-BA1E-4EFB-A949-6C7C47701B20,25,291,0,0,0,0,0,0
primary,majority_vote,"k=3, theta=0.1545",val,1538C99F-BA1E-4EFB-A949-6C7C47701B20,26,82,0,0,0,0,0,0
primary,majority_vote,"k=3, theta=0.1545",val,1538C99F-BA1E-4EFB-A949-6C7C47701B20,27,160,0,0,0,0,0,0
primary,majority_vote,"k=3, theta=0.1545",val,1538C99F-BA1E-4EFB-A949-6C7C47701B20,28,748,1,1,2,2,1,1
primary,majority_vote,"k=3, theta=0.1545",val,24E40C4C-A349-4F9F-93AB-01D00FB994AF,12,236,0,0,0,0,0,0
primary,majority_vote,"k=3, theta=0.1545",val,24E40C4C-A349-4F9F-93AB-01D00FB994AF,13,213,2,2,4,6,3,2
primary,majority_vote,"k=3, theta=0.1545",val,24E40C4C-A349-4F9F-93AB-01D00FB994AF,14,141,0,0,0,0,0,0
primary,majority_vote,"k=3, theta=0.1545",val,24E40C4C-A349-4F9F-93AB-01D00FB994AF,15,317,0,0,0,0,0,0
primary,majority_vote,"k=3, theta=0.1545",val,24E40C4C-A349-4F9F-93AB-01D00FB994AF,16,18,0,0,0,0,0,0
primary,majority_vote,"k=3, theta=0.1545",val,2C32C23E-E30C-498A-8DD2-0EFB9150A02E,9,1674,8,8,16,17,9,8
primary,majority_vote,"k=3, theta=0.1545",val,3600D531-0C55-44A7-AE95-A7A38519464E,20,842,0,0,0,0,0,0
primary,majority_vote,"k=3, theta=0.1545",val,3600D531-0C55-44A7-AE95-A7A38519464E,21,54,0,0,0,0,0,0
primary,majority_vote,"k=3, theta=0.1545",val,3600D531-0C55-44A7-AE95-A7A38519464E,22,107,0,0,0,0,0,0
primary,majority_vote,"k=3, theta=0.1545",val,3600D531-0C55-44A7-AE95-A7A38519464E,24,14,0,0,0,0,0,0
primary,majority_vote,"k=3, theta=0.1545",val,4FC32141-E888-4BFF-8804-12559A491D8C,4,43,0,0,0,0,0,0
primary,majority_vote,"k=3, theta=0.1545",val,4FC32141-E888-4BFF-8804-12559A491D8C,5,325,1,1,2,9,0,0
primary,majority_vote,"k=3, theta=0.1545",val,4FC32141-E888-4BFF-8804-12559A491D8C,6,427,0,0,0,0,0,0
primary,majority_vote,"k=3, theta=0.1545",val,4FC32141-E888-4BFF-8804-12559A491D8C,7,102,0,0,0,0,0,0
primary,majority_vote,"k=3, theta=0.1545",val,4FC32141-E888-4BFF-8804-12559A491D8C,8,18,0,0,0,0,0,0
primary,majority_vote,"k=3, theta=0.1545",val,4FC32141-E888-4BFF-8804-12559A491D8C,10,43,0,0,0,0,0,0
primary,majority_vote,"k=3, theta=0.1545",val,5119D0F8-FCA8-4184-A4EB-19421A40DE0D,9,1294,3,3,6,5,3,3
primary,majority_vote,"k=3, theta=0.1545",val,5152A2DF-FAF3-4BA8-9CA9-E66B32671A53,6,697,8,8,16,13,10,8
primary,majority_vote,"k=3, theta=0.1545",val,5152A2DF-FAF3-4BA8-9CA9-E66B32671A53,7,597,0,0,0,0,0,0
primary,majority_vote,"k=3, theta=0.1545",val,5EF64122-B513-46AE-BCF1-E62AAC285D2C,9,116,0,0,0,0,0,0
primary,majority_vote,"k=3, theta=0.1545",val,5EF64122-B513-46AE-BCF1-E62AAC285D2C,10,637,0,0,0,0,0,0
primary,majority_vote,"k=3, theta=0.1545",val,61976C24-1C50-4355-9C49-AAE44A7D09F6,46,1717,3,3,6,10,2,2
primary,majority_vote,"k=3, theta=0.1545",val,78A91A4E-4A51-4065-BDA7-94755F0BB3BB,5,597,6,6,12,22,6,4
primary,majority_vote,"k=3, theta=0.1545",val,78A91A4E-4A51-4065-BDA7-94755F0BB3BB,6,1773,2,2,4,3,2,2
primary,majority_vote,"k=3, theta=0.1545",val,7CE37510-56D0-4120-A1CF-0E23351428D2,6,1923,3,3,6,4,3,3
primary,majority_vote,"k=3, theta=0.1545",val,8023FE1A-D3B0-4E2C-A57A-9321B7FC755F,23,972,2,2,4,10,1,1
primary,majority_vote,"k=3, theta=0.1545",val,8023FE1A-D3B0-4E2C-A57A-9321B7FC755F,24,836,2,2,4,3,2,2
primary,majority_vote,"k=3, theta=0.1545",val,83CF687B-7CEC-434B-9FE8-00C3D5799BE6,7,1879,3,3,6,6,3,3
primary,majority_vote,"k=3, theta=0.1545",val,9759096F-1119-4E19-A0AD-6F16989C7E1C,3,474,6,6,12,13,8,6
primary,majority_vote,"k=3, theta=0.1545",val,9759096F-1119-4E19-A0AD-6F16989C7E1C,4,1489,2,2,4,6,2,2
primary,majority_vote,"k=3, theta=0.1545",val,9DC38D04-E82E-4F29-AB52-B476535226F2,12,1543,1,1,2,3,1,1
primary,majority_vote,"k=3, theta=0.1545",val,9DC38D04-E82E-4F29-AB52-B476535226F2,18,359,0,0,0,0,0,0
primary,majority_vote,"k=3, theta=0.1545",val,A5CDF89D-02A2-4EC1-89F8-F534FDABDD96,12,62,0,0,0,0,0,0
primary,majority_vote,"k=3, theta=0.1545",val,A5CDF89D-02A2-4EC1-89F8-F534FDABDD96,13,841,1,1,2,3,1,1
primary,majority_vote,"k=3, theta=0.1545",val,A5CDF89D-02A2-4EC1-89F8-F534FDABDD96,14,276,0,0,0,0,0,0
primary,majority_vote,"k=3, theta=0.1545",val,A76A5AF5-5A93-4CF2-A16E-62353BB70E8A,2,1475,0,0,0,0,0,0
primary,majority_vote,"k=3, theta=0.1545",val,B09E373F-8A54-44C8-895B-0039390B859F,9,1598,3,3,6,6,3,3
primary,majority_vote,"k=3, theta=0.1545",val,B9724848-C7E2-45F4-9B3F-A1F38D864495,10,85,0,0,0,0,0,0
primary,majority_vote,"k=3, theta=0.1545",val,B9724848-C7E2-45F4-9B3F-A1F38D864495,11,522,6,6,12,28,7,4
primary,majority_vote,"k=3, theta=0.1545",val,B9724848-C7E2-45F4-9B3F-A1F38D864495,13,880,3,3,6,6,3,3
primary,majority_vote,"k=3, theta=0.1545",val,BE3CA5A6-A561-4BBD-B7C9-5DF6805400FC,13,681,0,0,0,0,0,0
primary,majority_vote,"k=3, theta=0.1545",val,BE3CA5A6-A561-4BBD-B7C9-5DF6805400FC,14,79,0,0,0,0,0,0
primary,majority_vote,"k=3, theta=0.1545",val,BE3CA5A6-A561-4BBD-B7C9-5DF6805400FC,15,430,1,1,2,2,1,1
primary,majority_vote,"k=3, theta=0.1545",val,BE3CA5A6-A561-4BBD-B7C9-5DF6805400FC,16,442,0,0,0,0,0,0
primary,majority_vote,"k=3, theta=0.1545",val,C48CE857-A0DD-4DDB-BEA5-3A25449B2153,25,150,0,0,0,0,0,0
primary,majority_vote,"k=3, theta=0.1545",val,C48CE857-A0DD-4DDB-BEA5-3A25449B2153,26,40,0,0,0,0,0,0
primary,majority_vote,"k=3, theta=0.1545",val,C48CE857-A0DD-4DDB-BEA5-3A25449B2153,28,151,0,0,0,0,0,0
primary,majority_vote,"k=3, theta=0.1545",val,C48CE857-A0DD-4DDB-BEA5-3A25449B2153,30,239,0,0,0,0,0,0
primary,majority_vote,"k=3, theta=0.1545",val,C48CE857-A0DD-4DDB-BEA5-3A25449B2153,31,282,0,0,0,0,0,0
primary,majority_vote,"k=3, theta=0.1545",val,C48CE857-A0DD-4DDB-BEA5-3A25449B2153,32,115,0,0,0,0,0,0
primary,majority_vote,"k=3, theta=0.1545",val,CA820D43-E5E2-42EF-9798-BE56F776370B,4,1146,0,0,0,0,0,0
primary,majority_vote,"k=3, theta=0.1545",val,CA820D43-E5E2-42EF-9798-BE56F776370B,8,394,1,1,2,2,1,1
primary,majority_vote,"k=3, theta=0.1545",val,CDA3BBF7-6631-45E8-85BA-EEB416B32A3C,2,227,0,0,0,0,0,0
primary,majority_vote,"k=3, theta=0.1545",val,CDA3BBF7-6631-45E8-85BA-EEB416B32A3C,3,316,0,0,0,0,0,0
primary,majority_vote,"k=3, theta=0.1545",val,CF722AA9-2533-4E51-9FEB-9EAC84EE9AAC,7,113,1,1,2,4,1,1
primary,majority_vote,"k=3, theta=0.1545",val,CF722AA9-2533-4E51-9FEB-9EAC84EE9AAC,8,371,3,3,6,5,4,3
primary,majority_vote,"k=3, theta=0.1545",val,CF722AA9-2533-4E51-9FEB-9EAC84EE9AAC,9,210,0,0,0,0,0,0
primary,majority_vote,"k=3, theta=0.1545",val,D7D20E2E-FC78-405D-B346-DBD3FD8FC92B,7,175,1,1,2,2,1,1
primary,majority_vote,"k=3, theta=0.1545",val,D7D20E2E-FC78-405D-B346-DBD3FD8FC92B,8,528,0,0,0,0,0,0
primary,majority_vote,"k=3, theta=0.1545",val,D7D20E2E-FC78-405D-B346-DBD3FD8FC92B,9,42,0,0,0,0,0,0
primary,majority_vote,"k=3, theta=0.1545",val,D7D20E2E-FC78-405D-B346-DBD3FD8FC92B,10,153,3,3,6,12,4,3
primary,majority_vote,"k=3, theta=0.1545",val,D7D20E2E-FC78-405D-B346-DBD3FD8FC92B,11,292,1,1,2,1,1,1
primary,majority_vote,"k=3, theta=0.1545",val,D7D20E2E-FC78-405D-B346-DBD3FD8FC92B,12,23,0,0,0,0,0,0
primary,majority_vote,"k=3, theta=0.1545",val,E65577C1-8D5D-4F70-AF23-B3ADB9D3DBA3,3,659,2,2,4,5,2,2
primary,majority_vote,"k=3, theta=0.1545",val,ECECC2AB-D32F-4F90-B74C-E12A1C69BBE2,12,232,0,0,0,0,0,0
primary,majority_vote,"k=3, theta=0.1545",val,ECECC2AB-D32F-4F90-B74C-E12A1C69BBE2,13,35,0,0,0,0,0,0
primary,majority_vote,"k=3, theta=0.1545",val,ECECC2AB-D32F-4F90-B74C-E12A1C69BBE2,14,204,1,1,2,4,1,1
primary,majority_vote,"k=3, theta=0.1545",val,ECECC2AB-D32F-4F90-B74C-E12A1C69BBE2,15,206,0,0,0,0,0,0
primary,majority_vote,"k=3, theta=0.1545",val,FDAA70A1-42A3-4E3F-9AE3-3FDA412E03BF,18,966,2,2,4,8,1,1
primary,debounce,"T=3, theta=0.31",val,00EABED2-271D-49D8-B599-1D4A09240601,23,428,3,3,6,23,2,2
primary,debounce,"T=3, theta=0.31",val,098A72A5-E3E5-4F54-A152-BBDA0DF7B694,5,174,0,0,0,0,0,0
primary,debounce,"T=3, theta=0.31",val,098A72A5-E3E5-4F54-A152-BBDA0DF7B694,6,134,0,0,0,0,0,0
primary,debounce,"T=3, theta=0.31",val,098A72A5-E3E5-4F54-A152-BBDA0DF7B694,7,13,0,0,0,0,0,0
primary,debounce,"T=3, theta=0.31",val,098A72A5-E3E5-4F54-A152-BBDA0DF7B694,8,275,0,0,0,0,0,0
primary,debounce,"T=3, theta=0.31",val,098A72A5-E3E5-4F54-A152-BBDA0DF7B694,9,459,0,0,0,0,0,0
primary,debounce,"T=3, theta=0.31",val,098A72A5-E3E5-4F54-A152-BBDA0DF7B694,10,75,0,0,0,0,0,0
primary,debounce,"T=3, theta=0.31",val,098A72A5-E3E5-4F54-A152-BBDA0DF7B694,11,44,0,0,0,0,0,0
primary,debounce,"T=3, theta=0.31",val,098A72A5-E3E5-4F54-A152-BBDA0DF7B694,13,156,0,0,0,0,0,0
primary,debounce,"T=3, theta=0.31",val,0A986513-7828-4D53-AA1F-E02D6DF9561B,6,763,2,2,4,12,1,1
primary,debounce,"T=3, theta=0.31",val,11B5EC4D-4133-4289-B475-4E737182A406,3,616,1,1,2,21,0,0
primary,debounce,"T=3, theta=0.31",val,11B5EC4D-4133-4289-B475-4E737182A406,4,799,5,5,10,39,2,2
primary,debounce,"T=3, theta=0.31",val,11B5EC4D-4133-4289-B475-4E737182A406,5,324,0,0,0,0,0,0
primary,debounce,"T=3, theta=0.31",val,136562B6-95B2-483D-88DC-065F28409FD2,17,181,0,0,0,0,0,0
primary,debounce,"T=3, theta=0.31",val,136562B6-95B2-483D-88DC-065F28409FD2,18,847,3,3,6,22,0,0
primary,debounce,"T=3, theta=0.31",val,136562B6-95B2-483D-88DC-065F28409FD2,19,80,0,0,0,0,0,0
primary,debounce,"T=3, theta=0.31",val,136562B6-95B2-483D-88DC-065F28409FD2,20,107,1,0,1,4,0,0
primary,debounce,"T=3, theta=0.31",val,1538C99F-BA1E-4EFB-A949-6C7C47701B20,25,291,0,0,0,0,0,0
primary,debounce,"T=3, theta=0.31",val,1538C99F-BA1E-4EFB-A949-6C7C47701B20,26,82,0,0,0,0,0,0
primary,debounce,"T=3, theta=0.31",val,1538C99F-BA1E-4EFB-A949-6C7C47701B20,27,160,0,0,0,0,0,0
primary,debounce,"T=3, theta=0.31",val,1538C99F-BA1E-4EFB-A949-6C7C47701B20,28,748,2,2,4,17,1,1
primary,debounce,"T=3, theta=0.31",val,24E40C4C-A349-4F9F-93AB-01D00FB994AF,12,236,1,1,2,3,1,1
primary,debounce,"T=3, theta=0.31",val,24E40C4C-A349-4F9F-93AB-01D00FB994AF,13,213,1,1,2,10,0,0
primary,debounce,"T=3, theta=0.31",val,24E40C4C-A349-4F9F-93AB-01D00FB994AF,14,141,0,0,0,0,0,0
primary,debounce,"T=3, theta=0.31",val,24E40C4C-A349-4F9F-93AB-01D00FB994AF,15,317,0,0,0,0,0,0
primary,debounce,"T=3, theta=0.31",val,24E40C4C-A349-4F9F-93AB-01D00FB994AF,16,18,0,0,0,0,0,0
primary,debounce,"T=3, theta=0.31",val,2C32C23E-E30C-498A-8DD2-0EFB9150A02E,9,1674,3,3,6,26,1,1
primary,debounce,"T=3, theta=0.31",val,3600D531-0C55-44A7-AE95-A7A38519464E,20,842,1,1,2,3,1,1
primary,debounce,"T=3, theta=0.31",val,3600D531-0C55-44A7-AE95-A7A38519464E,21,54,0,0,0,0,0,0
primary,debounce,"T=3, theta=0.31",val,3600D531-0C55-44A7-AE95-A7A38519464E,22,107,0,0,0,0,0,0
primary,debounce,"T=3, theta=0.31",val,3600D531-0C55-44A7-AE95-A7A38519464E,24,14,0,0,0,0,0,0
primary,debounce,"T=3, theta=0.31",val,4FC32141-E888-4BFF-8804-12559A491D8C,4,43,0,0,0,0,0,0
primary,debounce,"T=3, theta=0.31",val,4FC32141-E888-4BFF-8804-12559A491D8C,5,325,2,2,4,20,0,0
primary,debounce,"T=3, theta=0.31",val,4FC32141-E888-4BFF-8804-12559A491D8C,6,427,0,0,0,0,0,0
primary,debounce,"T=3, theta=0.31",val,4FC32141-E888-4BFF-8804-12559A491D8C,7,102,0,0,0,0,0,0
primary,debounce,"T=3, theta=0.31",val,4FC32141-E888-4BFF-8804-12559A491D8C,8,18,0,0,0,0,0,0
primary,debounce,"T=3, theta=0.31",val,4FC32141-E888-4BFF-8804-12559A491D8C,10,43,0,0,0,0,0,0
primary,debounce,"T=3, theta=0.31",val,5119D0F8-FCA8-4184-A4EB-19421A40DE0D,9,1294,5,5,10,63,1,1
primary,debounce,"T=3, theta=0.31",val,5152A2DF-FAF3-4BA8-9CA9-E66B32671A53,6,697,3,3,6,26,0,0
primary,debounce,"T=3, theta=0.31",val,5152A2DF-FAF3-4BA8-9CA9-E66B32671A53,7,597,0,0,0,0,0,0
primary,debounce,"T=3, theta=0.31",val,5EF64122-B513-46AE-BCF1-E62AAC285D2C,9,116,0,0,0,0,0,0
primary,debounce,"T=3, theta=0.31",val,5EF64122-B513-46AE-BCF1-E62AAC285D2C,10,637,1,1,2,16,0,0
primary,debounce,"T=3, theta=0.31",val,61976C24-1C50-4355-9C49-AAE44A7D09F6,46,1717,3,3,6,20,1,1
primary,debounce,"T=3, theta=0.31",val,78A91A4E-4A51-4065-BDA7-94755F0BB3BB,5,597,5,5,10,76,2,2
primary,debounce,"T=3, theta=0.31",val,78A91A4E-4A51-4065-BDA7-94755F0BB3BB,6,1773,3,3,6,11,3,3
primary,debounce,"T=3, theta=0.31",val,7CE37510-56D0-4120-A1CF-0E23351428D2,6,1923,2,2,4,7,2,2
primary,debounce,"T=3, theta=0.31",val,8023FE1A-D3B0-4E2C-A57A-9321B7FC755F,23,972,3,3,6,17,2,2
primary,debounce,"T=3, theta=0.31",val,8023FE1A-D3B0-4E2C-A57A-9321B7FC755F,24,836,3,3,6,16,2,2
primary,debounce,"T=3, theta=0.31",val,83CF687B-7CEC-434B-9FE8-00C3D5799BE6,7,1879,4,4,8,13,4,4
primary,debounce,"T=3, theta=0.31",val,9759096F-1119-4E19-A0AD-6F16989C7E1C,3,474,3,3,6,17,2,2
primary,debounce,"T=3, theta=0.31",val,9759096F-1119-4E19-A0AD-6F16989C7E1C,4,1489,2,2,4,6,2,2
primary,debounce,"T=3, theta=0.31",val,9DC38D04-E82E-4F29-AB52-B476535226F2,12,1543,1,1,2,10,0,0
primary,debounce,"T=3, theta=0.31",val,9DC38D04-E82E-4F29-AB52-B476535226F2,18,359,0,0,0,0,0,0
primary,debounce,"T=3, theta=0.31",val,A5CDF89D-02A2-4EC1-89F8-F534FDABDD96,12,62,0,0,0,0,0,0
primary,debounce,"T=3, theta=0.31",val,A5CDF89D-02A2-4EC1-89F8-F534FDABDD96,13,841,1,1,2,3,1,1
primary,debounce,"T=3, theta=0.31",val,A5CDF89D-02A2-4EC1-89F8-F534FDABDD96,14,276,0,0,0,0,0,0
primary,debounce,"T=3, theta=0.31",val,A76A5AF5-5A93-4CF2-A16E-62353BB70E8A,2,1475,5,5,10,45,2,1
primary,debounce,"T=3, theta=0.31",val,B09E373F-8A54-44C8-895B-0039390B859F,9,1598,4,4,8,24,3,2
primary,debounce,"T=3, theta=0.31",val,B9724848-C7E2-45F4-9B3F-A1F38D864495,10,85,0,0,0,0,0,0
primary,debounce,"T=3, theta=0.31",val,B9724848-C7E2-45F4-9B3F-A1F38D864495,11,522,4,4,8,65,1,1
primary,debounce,"T=3, theta=0.31",val,B9724848-C7E2-45F4-9B3F-A1F38D864495,13,880,2,2,4,9,2,2
primary,debounce,"T=3, theta=0.31",val,BE3CA5A6-A561-4BBD-B7C9-5DF6805400FC,13,681,0,0,0,0,0,0
primary,debounce,"T=3, theta=0.31",val,BE3CA5A6-A561-4BBD-B7C9-5DF6805400FC,14,79,0,0,0,0,0,0
primary,debounce,"T=3, theta=0.31",val,BE3CA5A6-A561-4BBD-B7C9-5DF6805400FC,15,430,3,2,5,16,2,1
primary,debounce,"T=3, theta=0.31",val,BE3CA5A6-A561-4BBD-B7C9-5DF6805400FC,16,442,3,3,6,16,1,1
primary,debounce,"T=3, theta=0.31",val,C48CE857-A0DD-4DDB-BEA5-3A25449B2153,25,150,0,0,0,0,0,0
primary,debounce,"T=3, theta=0.31",val,C48CE857-A0DD-4DDB-BEA5-3A25449B2153,26,40,0,0,0,0,0,0
primary,debounce,"T=3, theta=0.31",val,C48CE857-A0DD-4DDB-BEA5-3A25449B2153,28,151,0,0,0,0,0,0
primary,debounce,"T=3, theta=0.31",val,C48CE857-A0DD-4DDB-BEA5-3A25449B2153,30,239,0,0,0,0,0,0
primary,debounce,"T=3, theta=0.31",val,C48CE857-A0DD-4DDB-BEA5-3A25449B2153,31,282,0,0,0,0,0,0
primary,debounce,"T=3, theta=0.31",val,C48CE857-A0DD-4DDB-BEA5-3A25449B2153,32,115,0,0,0,0,0,0
primary,debounce,"T=3, theta=0.31",val,CA820D43-E5E2-42EF-9798-BE56F776370B,4,1146,0,0,0,0,0,0
primary,debounce,"T=3, theta=0.31",val,CA820D43-E5E2-42EF-9798-BE56F776370B,8,394,1,1,2,4,1,1
primary,debounce,"T=3, theta=0.31",val,CDA3BBF7-6631-45E8-85BA-EEB416B32A3C,2,227,0,0,0,0,0,0
primary,debounce,"T=3, theta=0.31",val,CDA3BBF7-6631-45E8-85BA-EEB416B32A3C,3,316,0,0,0,0,0,0
primary,debounce,"T=3, theta=0.31",val,CF722AA9-2533-4E51-9FEB-9EAC84EE9AAC,7,113,1,1,2,9,0,0
primary,debounce,"T=3, theta=0.31",val,CF722AA9-2533-4E51-9FEB-9EAC84EE9AAC,8,371,2,2,4,17,0,0
primary,debounce,"T=3, theta=0.31",val,CF722AA9-2533-4E51-9FEB-9EAC84EE9AAC,9,210,0,0,0,0,0,0
primary,debounce,"T=3, theta=0.31",val,D7D20E2E-FC78-405D-B346-DBD3FD8FC92B,7,175,1,1,2,4,1,1
primary,debounce,"T=3, theta=0.31",val,D7D20E2E-FC78-405D-B346-DBD3FD8FC92B,8,528,0,0,0,0,0,0
primary,debounce,"T=3, theta=0.31",val,D7D20E2E-FC78-405D-B346-DBD3FD8FC92B,9,42,0,0,0,0,0,0
primary,debounce,"T=3, theta=0.31",val,D7D20E2E-FC78-405D-B346-DBD3FD8FC92B,10,153,3,3,6,55,2,1
primary,debounce,"T=3, theta=0.31",val,D7D20E2E-FC78-405D-B346-DBD3FD8FC92B,11,292,1,1,2,7,0,0
primary,debounce,"T=3, theta=0.31",val,D7D20E2E-FC78-405D-B346-DBD3FD8FC92B,12,23,0,0,0,0,0,0
primary,debounce,"T=3, theta=0.31",val,E65577C1-8D5D-4F70-AF23-B3ADB9D3DBA3,3,659,1,1,2,5,1,1
primary,debounce,"T=3, theta=0.31",val,ECECC2AB-D32F-4F90-B74C-E12A1C69BBE2,12,232,0,0,0,0,0,0
primary,debounce,"T=3, theta=0.31",val,ECECC2AB-D32F-4F90-B74C-E12A1C69BBE2,13,35,0,0,0,0,0,0
primary,debounce,"T=3, theta=0.31",val,ECECC2AB-D32F-4F90-B74C-E12A1C69BBE2,14,204,1,1,2,8,0,0
primary,debounce,"T=3, theta=0.31",val,ECECC2AB-D32F-4F90-B74C-E12A1C69BBE2,15,206,0,0,0,0,0,0
primary,debounce,"T=3, theta=0.31",val,FDAA70A1-42A3-4E3F-9AE3-3FDA412E03BF,18,966,3,3,6,13,2,2
primary,margin,"m=0.2, theta=0.1545",val,00EABED2-271D-49D8-B599-1D4A09240601,23,428,6,6,12,19,9,5
primary,margin,"m=0.2, theta=0.1545",val,098A72A5-E3E5-4F54-A152-BBDA0DF7B694,5,174,0,0,0,0,0,0
primary,margin,"m=0.2, theta=0.1545",val,098A72A5-E3E5-4F54-A152-BBDA0DF7B694,6,134,0,0,0,0,0,0
primary,margin,"m=0.2, theta=0.1545",val,098A72A5-E3E5-4F54-A152-BBDA0DF7B694,7,13,0,0,0,0,0,0
primary,margin,"m=0.2, theta=0.1545",val,098A72A5-E3E5-4F54-A152-BBDA0DF7B694,8,275,0,0,0,0,0,0
primary,margin,"m=0.2, theta=0.1545",val,098A72A5-E3E5-4F54-A152-BBDA0DF7B694,9,459,0,0,0,0,0,0
primary,margin,"m=0.2, theta=0.1545",val,098A72A5-E3E5-4F54-A152-BBDA0DF7B694,10,75,1,1,2,1,1,1
primary,margin,"m=0.2, theta=0.1545",val,098A72A5-E3E5-4F54-A152-BBDA0DF7B694,11,44,0,0,0,0,0,0
primary,margin,"m=0.2, theta=0.1545",val,098A72A5-E3E5-4F54-A152-BBDA0DF7B694,13,156,0,0,0,0,0,0
primary,margin,"m=0.2, theta=0.1545",val,0A986513-7828-4D53-AA1F-E02D6DF9561B,6,763,4,4,8,5,4,4
primary,margin,"m=0.2, theta=0.1545",val,11B5EC4D-4133-4289-B475-4E737182A406,3,616,0,0,0,0,0,0
primary,margin,"m=0.2, theta=0.1545",val,11B5EC4D-4133-4289-B475-4E737182A406,4,799,1,1,2,2,1,1
primary,margin,"m=0.2, theta=0.1545",val,11B5EC4D-4133-4289-B475-4E737182A406,5,324,0,0,0,0,0,0
primary,margin,"m=0.2, theta=0.1545",val,136562B6-95B2-483D-88DC-065F28409FD2,17,181,0,0,0,0,0,0
primary,margin,"m=0.2, theta=0.1545",val,136562B6-95B2-483D-88DC-065F28409FD2,18,847,0,0,0,0,0,0
primary,margin,"m=0.2, theta=0.1545",val,136562B6-95B2-483D-88DC-065F28409FD2,19,80,0,0,0,0,0,0
primary,margin,"m=0.2, theta=0.1545",val,136562B6-95B2-483D-88DC-065F28409FD2,20,107,0,0,0,0,0,0
primary,margin,"m=0.2, theta=0.1545",val,1538C99F-BA1E-4EFB-A949-6C7C47701B20,25,291,0,0,0,0,0,0
primary,margin,"m=0.2, theta=0.1545",val,1538C99F-BA1E-4EFB-A949-6C7C47701B20,26,82,0,0,0,0,0,0
primary,margin,"m=0.2, theta=0.1545",val,1538C99F-BA1E-4EFB-A949-6C7C47701B20,27,160,0,0,0,0,0,0
primary,margin,"m=0.2, theta=0.1545",val,1538C99F-BA1E-4EFB-A949-6C7C47701B20,28,748,2,2,4,2,2,2
primary,margin,"m=0.2, theta=0.1545",val,24E40C4C-A349-4F9F-93AB-01D00FB994AF,12,236,0,0,0,0,0,0
primary,margin,"m=0.2, theta=0.1545",val,24E40C4C-A349-4F9F-93AB-01D00FB994AF,13,213,1,1,2,1,1,1
primary,margin,"m=0.2, theta=0.1545",val,24E40C4C-A349-4F9F-93AB-01D00FB994AF,14,141,0,0,0,0,0,0
primary,margin,"m=0.2, theta=0.1545",val,24E40C4C-A349-4F9F-93AB-01D00FB994AF,15,317,1,1,2,1,1,1
primary,margin,"m=0.2, theta=0.1545",val,24E40C4C-A349-4F9F-93AB-01D00FB994AF,16,18,0,0,0,0,0,0
primary,margin,"m=0.2, theta=0.1545",val,2C32C23E-E30C-498A-8DD2-0EFB9150A02E,9,1674,9,9,18,19,9,8
primary,margin,"m=0.2, theta=0.1545",val,3600D531-0C55-44A7-AE95-A7A38519464E,20,842,1,1,2,1,1,1
primary,margin,"m=0.2, theta=0.1545",val,3600D531-0C55-44A7-AE95-A7A38519464E,21,54,0,0,0,0,0,0
primary,margin,"m=0.2, theta=0.1545",val,3600D531-0C55-44A7-AE95-A7A38519464E,22,107,0,0,0,0,0,0
primary,margin,"m=0.2, theta=0.1545",val,3600D531-0C55-44A7-AE95-A7A38519464E,24,14,0,0,0,0,0,0
primary,margin,"m=0.2, theta=0.1545",val,4FC32141-E888-4BFF-8804-12559A491D8C,4,43,0,0,0,0,0,0
primary,margin,"m=0.2, theta=0.1545",val,4FC32141-E888-4BFF-8804-12559A491D8C,5,325,0,0,0,0,0,0
primary,margin,"m=0.2, theta=0.1545",val,4FC32141-E888-4BFF-8804-12559A491D8C,6,427,0,0,0,0,0,0
primary,margin,"m=0.2, theta=0.1545",val,4FC32141-E888-4BFF-8804-12559A491D8C,7,102,0,0,0,0,0,0
primary,margin,"m=0.2, theta=0.1545",val,4FC32141-E888-4BFF-8804-12559A491D8C,8,18,0,0,0,0,0,0
primary,margin,"m=0.2, theta=0.1545",val,4FC32141-E888-4BFF-8804-12559A491D8C,10,43,0,0,0,0,0,0
primary,margin,"m=0.2, theta=0.1545",val,5119D0F8-FCA8-4184-A4EB-19421A40DE0D,9,1294,0,0,0,0,0,0
primary,margin,"m=0.2, theta=0.1545",val,5152A2DF-FAF3-4BA8-9CA9-E66B32671A53,6,697,3,3,6,4,3,3
primary,margin,"m=0.2, theta=0.1545",val,5152A2DF-FAF3-4BA8-9CA9-E66B32671A53,7,597,0,0,0,0,0,0
primary,margin,"m=0.2, theta=0.1545",val,5EF64122-B513-46AE-BCF1-E62AAC285D2C,9,116,0,0,0,0,0,0
primary,margin,"m=0.2, theta=0.1545",val,5EF64122-B513-46AE-BCF1-E62AAC285D2C,10,637,0,0,0,0,0,0
primary,margin,"m=0.2, theta=0.1545",val,61976C24-1C50-4355-9C49-AAE44A7D09F6,46,1717,1,1,2,1,1,1
primary,margin,"m=0.2, theta=0.1545",val,78A91A4E-4A51-4065-BDA7-94755F0BB3BB,5,597,4,4,8,10,3,3
primary,margin,"m=0.2, theta=0.1545",val,78A91A4E-4A51-4065-BDA7-94755F0BB3BB,6,1773,0,0,0,0,0,0
primary,margin,"m=0.2, theta=0.1545",val,7CE37510-56D0-4120-A1CF-0E23351428D2,6,1923,2,2,4,4,2,2
primary,margin,"m=0.2, theta=0.1545",val,8023FE1A-D3B0-4E2C-A57A-9321B7FC755F,23,972,1,1,2,4,1,1
primary,margin,"m=0.2, theta=0.1545",val,8023FE1A-D3B0-4E2C-A57A-9321B7FC755F,24,836,1,1,2,1,1,1
primary,margin,"m=0.2, theta=0.1545",val,83CF687B-7CEC-434B-9FE8-00C3D5799BE6,7,1879,8,8,16,10,8,8
primary,margin,"m=0.2, theta=0.1545",val,9759096F-1119-4E19-A0AD-6F16989C7E1C,3,474,7,7,14,9,10,7
primary,margin,"m=0.2, theta=0.1545",val,9759096F-1119-4E19-A0AD-6F16989C7E1C,4,1489,1,1,2,3,1,1
primary,margin,"m=0.2, theta=0.1545",val,9DC38D04-E82E-4F29-AB52-B476535226F2,12,1543,0,0,0,0,0,0
primary,margin,"m=0.2, theta=0.1545",val,9DC38D04-E82E-4F29-AB52-B476535226F2,18,359,0,0,0,0,0,0
primary,margin,"m=0.2, theta=0.1545",val,A5CDF89D-02A2-4EC1-89F8-F534FDABDD96,12,62,0,0,0,0,0,0
primary,margin,"m=0.2, theta=0.1545",val,A5CDF89D-02A2-4EC1-89F8-F534FDABDD96,13,841,1,1,2,2,1,1
primary,margin,"m=0.2, theta=0.1545",val,A5CDF89D-02A2-4EC1-89F8-F534FDABDD96,14,276,0,0,0,0,0,0
primary,margin,"m=0.2, theta=0.1545",val,A76A5AF5-5A93-4CF2-A16E-62353BB70E8A,2,1475,0,0,0,0,0,0
primary,margin,"m=0.2, theta=0.1545",val,B09E373F-8A54-44C8-895B-0039390B859F,9,1598,5,5,10,9,6,5
primary,margin,"m=0.2, theta=0.1545",val,B9724848-C7E2-45F4-9B3F-A1F38D864495,10,85,1,1,2,1,1,1
primary,margin,"m=0.2, theta=0.1545",val,B9724848-C7E2-45F4-9B3F-A1F38D864495,11,522,5,5,10,15,5,4
primary,margin,"m=0.2, theta=0.1545",val,B9724848-C7E2-45F4-9B3F-A1F38D864495,13,880,3,3,6,3,3,3
primary,margin,"m=0.2, theta=0.1545",val,BE3CA5A6-A561-4BBD-B7C9-5DF6805400FC,13,681,0,0,0,0,0,0
primary,margin,"m=0.2, theta=0.1545",val,BE3CA5A6-A561-4BBD-B7C9-5DF6805400FC,14,79,0,0,0,0,0,0
primary,margin,"m=0.2, theta=0.1545",val,BE3CA5A6-A561-4BBD-B7C9-5DF6805400FC,15,430,2,2,4,2,2,2
primary,margin,"m=0.2, theta=0.1545",val,BE3CA5A6-A561-4BBD-B7C9-5DF6805400FC,16,442,0,0,0,0,0,0
primary,margin,"m=0.2, theta=0.1545",val,C48CE857-A0DD-4DDB-BEA5-3A25449B2153,25,150,0,0,0,0,0,0
primary,margin,"m=0.2, theta=0.1545",val,C48CE857-A0DD-4DDB-BEA5-3A25449B2153,26,40,0,0,0,0,0,0
primary,margin,"m=0.2, theta=0.1545",val,C48CE857-A0DD-4DDB-BEA5-3A25449B2153,28,151,0,0,0,0,0,0
primary,margin,"m=0.2, theta=0.1545",val,C48CE857-A0DD-4DDB-BEA5-3A25449B2153,30,239,0,0,0,0,0,0
primary,margin,"m=0.2, theta=0.1545",val,C48CE857-A0DD-4DDB-BEA5-3A25449B2153,31,282,0,0,0,0,0,0
primary,margin,"m=0.2, theta=0.1545",val,C48CE857-A0DD-4DDB-BEA5-3A25449B2153,32,115,0,0,0,0,0,0
primary,margin,"m=0.2, theta=0.1545",val,CA820D43-E5E2-42EF-9798-BE56F776370B,4,1146,2,2,4,2,2,2
primary,margin,"m=0.2, theta=0.1545",val,CA820D43-E5E2-42EF-9798-BE56F776370B,8,394,1,1,2,2,1,1
primary,margin,"m=0.2, theta=0.1545",val,CDA3BBF7-6631-45E8-85BA-EEB416B32A3C,2,227,1,1,2,1,1,1
primary,margin,"m=0.2, theta=0.1545",val,CDA3BBF7-6631-45E8-85BA-EEB416B32A3C,3,316,0,0,0,0,0,0
primary,margin,"m=0.2, theta=0.1545",val,CF722AA9-2533-4E51-9FEB-9EAC84EE9AAC,7,113,2,2,4,4,2,2
primary,margin,"m=0.2, theta=0.1545",val,CF722AA9-2533-4E51-9FEB-9EAC84EE9AAC,8,371,3,3,6,5,5,3
primary,margin,"m=0.2, theta=0.1545",val,CF722AA9-2533-4E51-9FEB-9EAC84EE9AAC,9,210,0,0,0,0,0,0
primary,margin,"m=0.2, theta=0.1545",val,D7D20E2E-FC78-405D-B346-DBD3FD8FC92B,7,175,1,1,2,1,1,1
primary,margin,"m=0.2, theta=0.1545",val,D7D20E2E-FC78-405D-B346-DBD3FD8FC92B,8,528,1,0,1,2,0,0
primary,margin,"m=0.2, theta=0.1545",val,D7D20E2E-FC78-405D-B346-DBD3FD8FC92B,9,42,0,0,0,0,0,0
primary,margin,"m=0.2, theta=0.1545",val,D7D20E2E-FC78-405D-B346-DBD3FD8FC92B,10,153,4,4,8,10,3,3
primary,margin,"m=0.2, theta=0.1545",val,D7D20E2E-FC78-405D-B346-DBD3FD8FC92B,11,292,0,0,0,0,0,0
primary,margin,"m=0.2, theta=0.1545",val,D7D20E2E-FC78-405D-B346-DBD3FD8FC92B,12,23,0,0,0,0,0,0
primary,margin,"m=0.2, theta=0.1545",val,E65577C1-8D5D-4F70-AF23-B3ADB9D3DBA3,3,659,2,2,4,4,2,2
primary,margin,"m=0.2, theta=0.1545",val,ECECC2AB-D32F-4F90-B74C-E12A1C69BBE2,12,232,0,0,0,0,0,0
primary,margin,"m=0.2, theta=0.1545",val,ECECC2AB-D32F-4F90-B74C-E12A1C69BBE2,13,35,0,0,0,0,0,0
primary,margin,"m=0.2, theta=0.1545",val,ECECC2AB-D32F-4F90-B74C-E12A1C69BBE2,14,204,0,0,0,0,0,0
primary,margin,"m=0.2, theta=0.1545",val,ECECC2AB-D32F-4F90-B74C-E12A1C69BBE2,15,206,0,0,0,0,0,0
primary,margin,"m=0.2, theta=0.1545",val,FDAA70A1-42A3-4E3F-9AE3-3FDA412E03BF,18,966,2,2,4,6,2,2
primary,hysteresis,"m=0.3, T=2, theta=0.3543",val,00EABED2-271D-49D8-B599-1D4A09240601,23,428,3,3,6,23,2,2
primary,hysteresis,"m=0.3, T=2, theta=0.3543",val,098A72A5-E3E5-4F54-A152-BBDA0DF7B694,5,174,0,0,0,0,0,0
primary,hysteresis,"m=0.3, T=2, theta=0.3543",val,098A72A5-E3E5-4F54-A152-BBDA0DF7B694,6,134,1,1,2,2,1,1
primary,hysteresis,"m=0.3, T=2, theta=0.3543",val,098A72A5-E3E5-4F54-A152-BBDA0DF7B694,7,13,0,0,0,0,0,0
primary,hysteresis,"m=0.3, T=2, theta=0.3543",val,098A72A5-E3E5-4F54-A152-BBDA0DF7B694,8,275,0,0,0,0,0,0
primary,hysteresis,"m=0.3, T=2, theta=0.3543",val,098A72A5-E3E5-4F54-A152-BBDA0DF7B694,9,459,0,0,0,0,0,0
primary,hysteresis,"m=0.3, T=2, theta=0.3543",val,098A72A5-E3E5-4F54-A152-BBDA0DF7B694,10,75,0,0,0,0,0,0
primary,hysteresis,"m=0.3, T=2, theta=0.3543",val,098A72A5-E3E5-4F54-A152-BBDA0DF7B694,11,44,0,0,0,0,0,0
primary,hysteresis,"m=0.3, T=2, theta=0.3543",val,098A72A5-E3E5-4F54-A152-BBDA0DF7B694,13,156,1,1,2,3,1,1
primary,hysteresis,"m=0.3, T=2, theta=0.3543",val,0A986513-7828-4D53-AA1F-E02D6DF9561B,6,763,3,3,6,24,2,2
primary,hysteresis,"m=0.3, T=2, theta=0.3543",val,11B5EC4D-4133-4289-B475-4E737182A406,3,616,0,0,0,0,0,0
primary,hysteresis,"m=0.3, T=2, theta=0.3543",val,11B5EC4D-4133-4289-B475-4E737182A406,4,799,1,1,2,3,1,1
primary,hysteresis,"m=0.3, T=2, theta=0.3543",val,11B5EC4D-4133-4289-B475-4E737182A406,5,324,0,0,0,0,0,0
primary,hysteresis,"m=0.3, T=2, theta=0.3543",val,136562B6-95B2-483D-88DC-065F28409FD2,17,181,0,0,0,0,0,0
primary,hysteresis,"m=0.3, T=2, theta=0.3543",val,136562B6-95B2-483D-88DC-065F28409FD2,18,847,2,2,4,56,0,0
primary,hysteresis,"m=0.3, T=2, theta=0.3543",val,136562B6-95B2-483D-88DC-065F28409FD2,19,80,0,0,0,0,0,0
primary,hysteresis,"m=0.3, T=2, theta=0.3543",val,136562B6-95B2-483D-88DC-065F28409FD2,20,107,1,0,1,5,0,0
primary,hysteresis,"m=0.3, T=2, theta=0.3543",val,1538C99F-BA1E-4EFB-A949-6C7C47701B20,25,291,0,0,0,0,0,0
primary,hysteresis,"m=0.3, T=2, theta=0.3543",val,1538C99F-BA1E-4EFB-A949-6C7C47701B20,26,82,0,0,0,0,0,0
primary,hysteresis,"m=0.3, T=2, theta=0.3543",val,1538C99F-BA1E-4EFB-A949-6C7C47701B20,27,160,0,0,0,0,0,0
primary,hysteresis,"m=0.3, T=2, theta=0.3543",val,1538C99F-BA1E-4EFB-A949-6C7C47701B20,28,748,2,2,4,5,2,2
primary,hysteresis,"m=0.3, T=2, theta=0.3543",val,24E40C4C-A349-4F9F-93AB-01D00FB994AF,12,236,1,1,2,3,1,1
primary,hysteresis,"m=0.3, T=2, theta=0.3543",val,24E40C4C-A349-4F9F-93AB-01D00FB994AF,13,213,1,1,2,10,0,0
primary,hysteresis,"m=0.3, T=2, theta=0.3543",val,24E40C4C-A349-4F9F-93AB-01D00FB994AF,14,141,0,0,0,0,0,0
primary,hysteresis,"m=0.3, T=2, theta=0.3543",val,24E40C4C-A349-4F9F-93AB-01D00FB994AF,15,317,0,0,0,0,0,0
primary,hysteresis,"m=0.3, T=2, theta=0.3543",val,24E40C4C-A349-4F9F-93AB-01D00FB994AF,16,18,0,0,0,0,0,0
primary,hysteresis,"m=0.3, T=2, theta=0.3543",val,2C32C23E-E30C-498A-8DD2-0EFB9150A02E,9,1674,3,3,6,68,0,0
primary,hysteresis,"m=0.3, T=2, theta=0.3543",val,3600D531-0C55-44A7-AE95-A7A38519464E,20,842,0,0,0,0,0,0
primary,hysteresis,"m=0.3, T=2, theta=0.3543",val,3600D531-0C55-44A7-AE95-A7A38519464E,21,54,1,1,2,8,0,0
primary,hysteresis,"m=0.3, T=2, theta=0.3543",val,3600D531-0C55-44A7-AE95-A7A38519464E,22,107,0,0,0,0,0,0
primary,hysteresis,"m=0.3, T=2, theta=0.3543",val,3600D531-0C55-44A7-AE95-A7A38519464E,24,14,0,0,0,0,0,0
primary,hysteresis,"m=0.3, T=2, theta=0.3543",val,4FC32141-E888-4BFF-8804-12559A491D8C,4,43,0,0,0,0,0,0
primary,hysteresis,"m=0.3, T=2, theta=0.3543",val,4FC32141-E888-4BFF-8804-12559A491D8C,5,325,3,3,6,38,0,0
primary,hysteresis,"m=0.3, T=2, theta=0.3543",val,4FC32141-E888-4BFF-8804-12559A491D8C,6,427,0,0,0,0,0,0
primary,hysteresis,"m=0.3, T=2, theta=0.3543",val,4FC32141-E888-4BFF-8804-12559A491D8C,7,102,0,0,0,0,0,0
primary,hysteresis,"m=0.3, T=2, theta=0.3543",val,4FC32141-E888-4BFF-8804-12559A491D8C,8,18,0,0,0,0,0,0
primary,hysteresis,"m=0.3, T=2, theta=0.3543",val,4FC32141-E888-4BFF-8804-12559A491D8C,10,43,0,0,0,0,0,0
primary,hysteresis,"m=0.3, T=2, theta=0.3543",val,5119D0F8-FCA8-4184-A4EB-19421A40DE0D,9,1294,2,2,4,33,0,0
primary,hysteresis,"m=0.3, T=2, theta=0.3543",val,5152A2DF-FAF3-4BA8-9CA9-E66B32671A53,6,697,6,6,12,70,3,2
primary,hysteresis,"m=0.3, T=2, theta=0.3543",val,5152A2DF-FAF3-4BA8-9CA9-E66B32671A53,7,597,0,0,0,0,0,0
primary,hysteresis,"m=0.3, T=2, theta=0.3543",val,5EF64122-B513-46AE-BCF1-E62AAC285D2C,9,116,0,0,0,0,0,0
primary,hysteresis,"m=0.3, T=2, theta=0.3543",val,5EF64122-B513-46AE-BCF1-E62AAC285D2C,10,637,0,0,0,0,0,0
primary,hysteresis,"m=0.3, T=2, theta=0.3543",val,61976C24-1C50-4355-9C49-AAE44A7D09F6,46,1717,3,3,6,50,1,0
primary,hysteresis,"m=0.3, T=2, theta=0.3543",val,78A91A4E-4A51-4065-BDA7-94755F0BB3BB,5,597,5,5,10,63,3,3
primary,hysteresis,"m=0.3, T=2, theta=0.3543",val,78A91A4E-4A51-4065-BDA7-94755F0BB3BB,6,1773,2,2,4,4,2,2
primary,hysteresis,"m=0.3, T=2, theta=0.3543",val,7CE37510-56D0-4120-A1CF-0E23351428D2,6,1923,2,2,4,9,2,2
primary,hysteresis,"m=0.3, T=2, theta=0.3543",val,8023FE1A-D3B0-4E2C-A57A-9321B7FC755F,23,972,2,2,4,15,1,1
primary,hysteresis,"m=0.3, T=2, theta=0.3543",val,8023FE1A-D3B0-4E2C-A57A-9321B7FC755F,24,836,2,2,4,9,3,2
primary,hysteresis,"m=0.3, T=2, theta=0.3543",val,83CF687B-7CEC-434B-9FE8-00C3D5799BE6,7,1879,8,8,16,26,7,7
primary,hysteresis,"m=0.3, T=2, theta=0.3543",val,9759096F-1119-4E19-A0AD-6F16989C7E1C,3,474,4,4,8,25,4,3
primary,hysteresis,"m=0.3, T=2, theta=0.3543",val,9759096F-1119-4E19-A0AD-6F16989C7E1C,4,1489,2,2,4,10,1,1
primary,hysteresis,"m=0.3, T=2, theta=0.3543",val,9DC38D04-E82E-4F29-AB52-B476535226F2,12,1543,1,1,2,15,0,0
primary,hysteresis,"m=0.3, T=2, theta=0.3543",val,9DC38D04-E82E-4F29-AB52-B476535226F2,18,359,0,0,0,0,0,0
primary,hysteresis,"m=0.3, T=2, theta=0.3543",val,A5CDF89D-02A2-4EC1-89F8-F534FDABDD96,12,62,0,0,0,0,0,0
primary,hysteresis,"m=0.3, T=2, theta=0.3543",val,A5CDF89D-02A2-4EC1-89F8-F534FDABDD96,13,841,1,1,2,3,1,1
primary,hysteresis,"m=0.3, T=2, theta=0.3543",val,A5CDF89D-02A2-4EC1-89F8-F534FDABDD96,14,276,1,1,2,4,1,1
primary,hysteresis,"m=0.3, T=2, theta=0.3543",val,A76A5AF5-5A93-4CF2-A16E-62353BB70E8A,2,1475,0,0,0,0,0,0
primary,hysteresis,"m=0.3, T=2, theta=0.3543",val,B09E373F-8A54-44C8-895B-0039390B859F,9,1598,5,5,10,21,6,4
primary,hysteresis,"m=0.3, T=2, theta=0.3543",val,B9724848-C7E2-45F4-9B3F-A1F38D864495,10,85,0,0,0,0,0,0
primary,hysteresis,"m=0.3, T=2, theta=0.3543",val,B9724848-C7E2-45F4-9B3F-A1F38D864495,11,522,4,4,8,73,0,0
primary,hysteresis,"m=0.3, T=2, theta=0.3543",val,B9724848-C7E2-45F4-9B3F-A1F38D864495,13,880,4,4,8,11,4,4
primary,hysteresis,"m=0.3, T=2, theta=0.3543",val,BE3CA5A6-A561-4BBD-B7C9-5DF6805400FC,13,681,1,1,2,6,0,0
primary,hysteresis,"m=0.3, T=2, theta=0.3543",val,BE3CA5A6-A561-4BBD-B7C9-5DF6805400FC,14,79,0,0,0,0,0,0
primary,hysteresis,"m=0.3, T=2, theta=0.3543",val,BE3CA5A6-A561-4BBD-B7C9-5DF6805400FC,15,430,1,0,1,30,0,0
primary,hysteresis,"m=0.3, T=2, theta=0.3543",val,BE3CA5A6-A561-4BBD-B7C9-5DF6805400FC,16,442,1,1,2,16,0,0
primary,hysteresis,"m=0.3, T=2, theta=0.3543",val,C48CE857-A0DD-4DDB-BEA5-3A25449B2153,25,150,0,0,0,0,0,0
primary,hysteresis,"m=0.3, T=2, theta=0.3543",val,C48CE857-A0DD-4DDB-BEA5-3A25449B2153,26,40,0,0,0,0,0,0
primary,hysteresis,"m=0.3, T=2, theta=0.3543",val,C48CE857-A0DD-4DDB-BEA5-3A25449B2153,28,151,0,0,0,0,0,0
primary,hysteresis,"m=0.3, T=2, theta=0.3543",val,C48CE857-A0DD-4DDB-BEA5-3A25449B2153,30,239,0,0,0,0,0,0
primary,hysteresis,"m=0.3, T=2, theta=0.3543",val,C48CE857-A0DD-4DDB-BEA5-3A25449B2153,31,282,0,0,0,0,0,0
primary,hysteresis,"m=0.3, T=2, theta=0.3543",val,C48CE857-A0DD-4DDB-BEA5-3A25449B2153,32,115,0,0,0,0,0,0
primary,hysteresis,"m=0.3, T=2, theta=0.3543",val,CA820D43-E5E2-42EF-9798-BE56F776370B,4,1146,1,1,2,2,1,1
primary,hysteresis,"m=0.3, T=2, theta=0.3543",val,CA820D43-E5E2-42EF-9798-BE56F776370B,8,394,3,3,6,9,3,3
primary,hysteresis,"m=0.3, T=2, theta=0.3543",val,CDA3BBF7-6631-45E8-85BA-EEB416B32A3C,2,227,0,0,0,0,0,0
primary,hysteresis,"m=0.3, T=2, theta=0.3543",val,CDA3BBF7-6631-45E8-85BA-EEB416B32A3C,3,316,0,0,0,0,0,0
primary,hysteresis,"m=0.3, T=2, theta=0.3543",val,CF722AA9-2533-4E51-9FEB-9EAC84EE9AAC,7,113,1,1,2,11,0,0
primary,hysteresis,"m=0.3, T=2, theta=0.3543",val,CF722AA9-2533-4E51-9FEB-9EAC84EE9AAC,8,371,2,2,4,13,1,1
primary,hysteresis,"m=0.3, T=2, theta=0.3543",val,CF722AA9-2533-4E51-9FEB-9EAC84EE9AAC,9,210,0,0,0,0,0,0
primary,hysteresis,"m=0.3, T=2, theta=0.3543",val,D7D20E2E-FC78-405D-B346-DBD3FD8FC92B,7,175,1,1,2,3,1,1
primary,hysteresis,"m=0.3, T=2, theta=0.3543",val,D7D20E2E-FC78-405D-B346-DBD3FD8FC92B,8,528,0,0,0,0,0,0
primary,hysteresis,"m=0.3, T=2, theta=0.3543",val,D7D20E2E-FC78-405D-B346-DBD3FD8FC92B,9,42,0,0,0,0,0,0
primary,hysteresis,"m=0.3, T=2, theta=0.3543",val,D7D20E2E-FC78-405D-B346-DBD3FD8FC92B,10,153,2,2,4,46,1,1
primary,hysteresis,"m=0.3, T=2, theta=0.3543",val,D7D20E2E-FC78-405D-B346-DBD3FD8FC92B,11,292,1,1,2,7,0,0
primary,hysteresis,"m=0.3, T=2, theta=0.3543",val,D7D20E2E-FC78-405D-B346-DBD3FD8FC92B,12,23,0,0,0,0,0,0
primary,hysteresis,"m=0.3, T=2, theta=0.3543",val,E65577C1-8D5D-4F70-AF23-B3ADB9D3DBA3,3,659,2,2,4,9,2,2
primary,hysteresis,"m=0.3, T=2, theta=0.3543",val,ECECC2AB-D32F-4F90-B74C-E12A1C69BBE2,12,232,0,0,0,0,0,0
primary,hysteresis,"m=0.3, T=2, theta=0.3543",val,ECECC2AB-D32F-4F90-B74C-E12A1C69BBE2,13,35,0,0,0,0,0,0
primary,hysteresis,"m=0.3, T=2, theta=0.3543",val,ECECC2AB-D32F-4F90-B74C-E12A1C69BBE2,14,204,1,1,2,15,0,0
primary,hysteresis,"m=0.3, T=2, theta=0.3543",val,ECECC2AB-D32F-4F90-B74C-E12A1C69BBE2,15,206,0,0,0,0,0,0
primary,hysteresis,"m=0.3, T=2, theta=0.3543",val,FDAA70A1-42A3-4E3F-9AE3-3FDA412E03BF,18,966,3,3,6,30,1,1
primary,trust,"r=0.5, tau=0.5, theta=0.4013",val,00EABED2-271D-49D8-B599-1D4A09240601,23,428,4,4,8,21,5,3
primary,trust,"r=0.5, tau=0.5, theta=0.4013",val,098A72A5-E3E5-4F54-A152-BBDA0DF7B694,5,174,0,0,0,0,0,0
primary,trust,"r=0.5, tau=0.5, theta=0.4013",val,098A72A5-E3E5-4F54-A152-BBDA0DF7B694,6,134,0,0,0,0,0,0
primary,trust,"r=0.5, tau=0.5, theta=0.4013",val,098A72A5-E3E5-4F54-A152-BBDA0DF7B694,7,13,0,0,0,0,0,0
primary,trust,"r=0.5, tau=0.5, theta=0.4013",val,098A72A5-E3E5-4F54-A152-BBDA0DF7B694,8,275,0,0,0,0,0,0
primary,trust,"r=0.5, tau=0.5, theta=0.4013",val,098A72A5-E3E5-4F54-A152-BBDA0DF7B694,9,459,0,0,0,0,0,0
primary,trust,"r=0.5, tau=0.5, theta=0.4013",val,098A72A5-E3E5-4F54-A152-BBDA0DF7B694,10,75,0,0,0,0,0,0
primary,trust,"r=0.5, tau=0.5, theta=0.4013",val,098A72A5-E3E5-4F54-A152-BBDA0DF7B694,11,44,0,0,0,0,0,0
primary,trust,"r=0.5, tau=0.5, theta=0.4013",val,098A72A5-E3E5-4F54-A152-BBDA0DF7B694,13,156,0,0,0,0,0,0
primary,trust,"r=0.5, tau=0.5, theta=0.4013",val,0A986513-7828-4D53-AA1F-E02D6DF9561B,6,763,2,2,4,16,1,1
primary,trust,"r=0.5, tau=0.5, theta=0.4013",val,11B5EC4D-4133-4289-B475-4E737182A406,3,616,1,1,2,16,0,0
primary,trust,"r=0.5, tau=0.5, theta=0.4013",val,11B5EC4D-4133-4289-B475-4E737182A406,4,799,4,4,8,31,2,1
primary,trust,"r=0.5, tau=0.5, theta=0.4013",val,11B5EC4D-4133-4289-B475-4E737182A406,5,324,0,0,0,0,0,0
primary,trust,"r=0.5, tau=0.5, theta=0.4013",val,136562B6-95B2-483D-88DC-065F28409FD2,17,181,0,0,0,0,0,0
primary,trust,"r=0.5, tau=0.5, theta=0.4013",val,136562B6-95B2-483D-88DC-065F28409FD2,18,847,2,2,4,20,1,1
primary,trust,"r=0.5, tau=0.5, theta=0.4013",val,136562B6-95B2-483D-88DC-065F28409FD2,19,80,0,0,0,0,0,0
primary,trust,"r=0.5, tau=0.5, theta=0.4013",val,136562B6-95B2-483D-88DC-065F28409FD2,20,107,1,1,2,2,1,1
primary,trust,"r=0.5, tau=0.5, theta=0.4013",val,1538C99F-BA1E-4EFB-A949-6C7C47701B20,25,291,0,0,0,0,0,0
primary,trust,"r=0.5, tau=0.5, theta=0.4013",val,1538C99F-BA1E-4EFB-A949-6C7C47701B20,26,82,0,0,0,0,0,0
primary,trust,"r=0.5, tau=0.5, theta=0.4013",val,1538C99F-BA1E-4EFB-A949-6C7C47701B20,27,160,0,0,0,0,0,0
primary,trust,"r=0.5, tau=0.5, theta=0.4013",val,1538C99F-BA1E-4EFB-A949-6C7C47701B20,28,748,0,0,0,0,0,0
primary,trust,"r=0.5, tau=0.5, theta=0.4013",val,24E40C4C-A349-4F9F-93AB-01D00FB994AF,12,236,0,0,0,0,0,0
primary,trust,"r=0.5, tau=0.5, theta=0.4013",val,24E40C4C-A349-4F9F-93AB-01D00FB994AF,13,213,1,1,2,8,0,0
primary,trust,"r=0.5, tau=0.5, theta=0.4013",val,24E40C4C-A349-4F9F-93AB-01D00FB994AF,14,141,0,0,0,0,0,0
primary,trust,"r=0.5, tau=0.5, theta=0.4013",val,24E40C4C-A349-4F9F-93AB-01D00FB994AF,15,317,0,0,0,0,0,0
primary,trust,"r=0.5, tau=0.5, theta=0.4013",val,24E40C4C-A349-4F9F-93AB-01D00FB994AF,16,18,0,0,0,0,0,0
primary,trust,"r=0.5, tau=0.5, theta=0.4013",val,2C32C23E-E30C-498A-8DD2-0EFB9150A02E,9,1674,4,4,8,53,3,2
primary,trust,"r=0.5, tau=0.5, theta=0.4013",val,3600D531-0C55-44A7-AE95-A7A38519464E,20,842,0,0,0,0,0,0
primary,trust,"r=0.5, tau=0.5, theta=0.4013",val,3600D531-0C55-44A7-AE95-A7A38519464E,21,54,1,1,2,1,1,1
primary,trust,"r=0.5, tau=0.5, theta=0.4013",val,3600D531-0C55-44A7-AE95-A7A38519464E,22,107,0,0,0,0,0,0
primary,trust,"r=0.5, tau=0.5, theta=0.4013",val,3600D531-0C55-44A7-AE95-A7A38519464E,24,14,0,0,0,0,0,0
primary,trust,"r=0.5, tau=0.5, theta=0.4013",val,4FC32141-E888-4BFF-8804-12559A491D8C,4,43,0,0,0,0,0,0
primary,trust,"r=0.5, tau=0.5, theta=0.4013",val,4FC32141-E888-4BFF-8804-12559A491D8C,5,325,2,2,4,19,1,1
primary,trust,"r=0.5, tau=0.5, theta=0.4013",val,4FC32141-E888-4BFF-8804-12559A491D8C,6,427,0,0,0,0,0,0
primary,trust,"r=0.5, tau=0.5, theta=0.4013",val,4FC32141-E888-4BFF-8804-12559A491D8C,7,102,0,0,0,0,0,0
primary,trust,"r=0.5, tau=0.5, theta=0.4013",val,4FC32141-E888-4BFF-8804-12559A491D8C,8,18,0,0,0,0,0,0
primary,trust,"r=0.5, tau=0.5, theta=0.4013",val,4FC32141-E888-4BFF-8804-12559A491D8C,10,43,0,0,0,0,0,0
primary,trust,"r=0.5, tau=0.5, theta=0.4013",val,5119D0F8-FCA8-4184-A4EB-19421A40DE0D,9,1294,4,4,8,61,1,0
primary,trust,"r=0.5, tau=0.5, theta=0.4013",val,5152A2DF-FAF3-4BA8-9CA9-E66B32671A53,6,697,2,2,4,17,1,1
primary,trust,"r=0.5, tau=0.5, theta=0.4013",val,5152A2DF-FAF3-4BA8-9CA9-E66B32671A53,7,597,0,0,0,0,0,0
primary,trust,"r=0.5, tau=0.5, theta=0.4013",val,5EF64122-B513-46AE-BCF1-E62AAC285D2C,9,116,0,0,0,0,0,0
primary,trust,"r=0.5, tau=0.5, theta=0.4013",val,5EF64122-B513-46AE-BCF1-E62AAC285D2C,10,637,1,1,2,9,0,0
primary,trust,"r=0.5, tau=0.5, theta=0.4013",val,61976C24-1C50-4355-9C49-AAE44A7D09F6,46,1717,2,2,4,24,0,0
primary,trust,"r=0.5, tau=0.5, theta=0.4013",val,78A91A4E-4A51-4065-BDA7-94755F0BB3BB,5,597,5,5,10,63,4,3
primary,trust,"r=0.5, tau=0.5, theta=0.4013",val,78A91A4E-4A51-4065-BDA7-94755F0BB3BB,6,1773,1,1,2,1,1,1
primary,trust,"r=0.5, tau=0.5, theta=0.4013",val,7CE37510-56D0-4120-A1CF-0E23351428D2,6,1923,1,1,2,1,1,1
primary,trust,"r=0.5, tau=0.5, theta=0.4013",val,8023FE1A-D3B0-4E2C-A57A-9321B7FC755F,23,972,1,1,2,10,0,0
primary,trust,"r=0.5, tau=0.5, theta=0.4013",val,8023FE1A-D3B0-4E2C-A57A-9321B7FC755F,24,836,2,2,4,2,2,2
primary,trust,"r=0.5, tau=0.5, theta=0.4013",val,83CF687B-7CEC-434B-9FE8-00C3D5799BE6,7,1879,2,2,4,2,2,2
primary,trust,"r=0.5, tau=0.5, theta=0.4013",val,9759096F-1119-4E19-A0AD-6F16989C7E1C,3,474,3,3,6,28,3,1
primary,trust,"r=0.5, tau=0.5, theta=0.4013",val,9759096F-1119-4E19-A0AD-6F16989C7E1C,4,1489,2,2,4,3,3,2
primary,trust,"r=0.5, tau=0.5, theta=0.4013",val,9DC38D04-E82E-4F29-AB52-B476535226F2,12,1543,1,1,2,19,0,0
primary,trust,"r=0.5, tau=0.5, theta=0.4013",val,9DC38D04-E82E-4F29-AB52-B476535226F2,18,359,0,0,0,0,0,0
primary,trust,"r=0.5, tau=0.5, theta=0.4013",val,A5CDF89D-02A2-4EC1-89F8-F534FDABDD96,12,62,0,0,0,0,0,0
primary,trust,"r=0.5, tau=0.5, theta=0.4013",val,A5CDF89D-02A2-4EC1-89F8-F534FDABDD96,13,841,0,0,0,0,0,0
primary,trust,"r=0.5, tau=0.5, theta=0.4013",val,A5CDF89D-02A2-4EC1-89F8-F534FDABDD96,14,276,0,0,0,0,0,0
primary,trust,"r=0.5, tau=0.5, theta=0.4013",val,A76A5AF5-5A93-4CF2-A16E-62353BB70E8A,2,1475,1,1,2,290,0,0
primary,trust,"r=0.5, tau=0.5, theta=0.4013",val,B09E373F-8A54-44C8-895B-0039390B859F,9,1598,4,4,8,9,6,4
primary,trust,"r=0.5, tau=0.5, theta=0.4013",val,B9724848-C7E2-45F4-9B3F-A1F38D864495,10,85,0,0,0,0,0,0
primary,trust,"r=0.5, tau=0.5, theta=0.4013",val,B9724848-C7E2-45F4-9B3F-A1F38D864495,11,522,4,4,8,62,2,2
primary,trust,"r=0.5, tau=0.5, theta=0.4013",val,B9724848-C7E2-45F4-9B3F-A1F38D864495,13,880,2,2,4,3,2,2
primary,trust,"r=0.5, tau=0.5, theta=0.4013",val,BE3CA5A6-A561-4BBD-B7C9-5DF6805400FC,13,681,0,0,0,0,0,0
primary,trust,"r=0.5, tau=0.5, theta=0.4013",val,BE3CA5A6-A561-4BBD-B7C9-5DF6805400FC,14,79,0,0,0,0,0,0
primary,trust,"r=0.5, tau=0.5, theta=0.4013",val,BE3CA5A6-A561-4BBD-B7C9-5DF6805400FC,15,430,1,0,1,26,0,0
primary,trust,"r=0.5, tau=0.5, theta=0.4013",val,BE3CA5A6-A561-4BBD-B7C9-5DF6805400FC,16,442,3,3,6,42,2,1
primary,trust,"r=0.5, tau=0.5, theta=0.4013",val,C48CE857-A0DD-4DDB-BEA5-3A25449B2153,25,150,0,0,0,0,0,0
primary,trust,"r=0.5, tau=0.5, theta=0.4013",val,C48CE857-A0DD-4DDB-BEA5-3A25449B2153,26,40,0,0,0,0,0,0
primary,trust,"r=0.5, tau=0.5, theta=0.4013",val,C48CE857-A0DD-4DDB-BEA5-3A25449B2153,28,151,0,0,0,0,0,0
primary,trust,"r=0.5, tau=0.5, theta=0.4013",val,C48CE857-A0DD-4DDB-BEA5-3A25449B2153,30,239,0,0,0,0,0,0
primary,trust,"r=0.5, tau=0.5, theta=0.4013",val,C48CE857-A0DD-4DDB-BEA5-3A25449B2153,31,282,0,0,0,0,0,0
primary,trust,"r=0.5, tau=0.5, theta=0.4013",val,C48CE857-A0DD-4DDB-BEA5-3A25449B2153,32,115,0,0,0,0,0,0
primary,trust,"r=0.5, tau=0.5, theta=0.4013",val,CA820D43-E5E2-42EF-9798-BE56F776370B,4,1146,0,0,0,0,0,0
primary,trust,"r=0.5, tau=0.5, theta=0.4013",val,CA820D43-E5E2-42EF-9798-BE56F776370B,8,394,0,0,0,0,0,0
primary,trust,"r=0.5, tau=0.5, theta=0.4013",val,CDA3BBF7-6631-45E8-85BA-EEB416B32A3C,2,227,0,0,0,0,0,0
primary,trust,"r=0.5, tau=0.5, theta=0.4013",val,CDA3BBF7-6631-45E8-85BA-EEB416B32A3C,3,316,0,0,0,0,0,0
primary,trust,"r=0.5, tau=0.5, theta=0.4013",val,CF722AA9-2533-4E51-9FEB-9EAC84EE9AAC,7,113,1,1,2,17,0,0
primary,trust,"r=0.5, tau=0.5, theta=0.4013",val,CF722AA9-2533-4E51-9FEB-9EAC84EE9AAC,8,371,3,3,6,5,4,3
primary,trust,"r=0.5, tau=0.5, theta=0.4013",val,CF722AA9-2533-4E51-9FEB-9EAC84EE9AAC,9,210,0,0,0,0,0,0
primary,trust,"r=0.5, tau=0.5, theta=0.4013",val,D7D20E2E-FC78-405D-B346-DBD3FD8FC92B,7,175,1,1,2,1,1,1
primary,trust,"r=0.5, tau=0.5, theta=0.4013",val,D7D20E2E-FC78-405D-B346-DBD3FD8FC92B,8,528,0,0,0,0,0,0
primary,trust,"r=0.5, tau=0.5, theta=0.4013",val,D7D20E2E-FC78-405D-B346-DBD3FD8FC92B,9,42,0,0,0,0,0,0
primary,trust,"r=0.5, tau=0.5, theta=0.4013",val,D7D20E2E-FC78-405D-B346-DBD3FD8FC92B,10,153,3,3,6,57,3,2
primary,trust,"r=0.5, tau=0.5, theta=0.4013",val,D7D20E2E-FC78-405D-B346-DBD3FD8FC92B,11,292,1,1,2,4,1,1
primary,trust,"r=0.5, tau=0.5, theta=0.4013",val,D7D20E2E-FC78-405D-B346-DBD3FD8FC92B,12,23,0,0,0,0,0,0
primary,trust,"r=0.5, tau=0.5, theta=0.4013",val,E65577C1-8D5D-4F70-AF23-B3ADB9D3DBA3,3,659,1,1,2,4,1,1
primary,trust,"r=0.5, tau=0.5, theta=0.4013",val,ECECC2AB-D32F-4F90-B74C-E12A1C69BBE2,12,232,0,0,0,0,0,0
primary,trust,"r=0.5, tau=0.5, theta=0.4013",val,ECECC2AB-D32F-4F90-B74C-E12A1C69BBE2,13,35,0,0,0,0,0,0
primary,trust,"r=0.5, tau=0.5, theta=0.4013",val,ECECC2AB-D32F-4F90-B74C-E12A1C69BBE2,14,204,1,1,2,12,0,0
primary,trust,"r=0.5, tau=0.5, theta=0.4013",val,ECECC2AB-D32F-4F90-B74C-E12A1C69BBE2,15,206,0,0,0,0,0,0
primary,trust,"r=0.5, tau=0.5, theta=0.4013",val,FDAA70A1-42A3-4E3F-9AE3-3FDA412E03BF,18,966,3,3,6,13,2,2
primary,sprt,"alpha=0.001, beta=0.01804",val,00EABED2-271D-49D8-B599-1D4A09240601,23,428,2,2,4,36,0,0
primary,sprt,"alpha=0.001, beta=0.01804",val,098A72A5-E3E5-4F54-A152-BBDA0DF7B694,5,174,0,0,0,0,0,0
primary,sprt,"alpha=0.001, beta=0.01804",val,098A72A5-E3E5-4F54-A152-BBDA0DF7B694,6,134,0,0,0,0,0,0
primary,sprt,"alpha=0.001, beta=0.01804",val,098A72A5-E3E5-4F54-A152-BBDA0DF7B694,7,13,0,0,0,0,0,0
primary,sprt,"alpha=0.001, beta=0.01804",val,098A72A5-E3E5-4F54-A152-BBDA0DF7B694,8,275,0,0,0,0,0,0
primary,sprt,"alpha=0.001, beta=0.01804",val,098A72A5-E3E5-4F54-A152-BBDA0DF7B694,9,459,0,0,0,0,0,0
primary,sprt,"alpha=0.001, beta=0.01804",val,098A72A5-E3E5-4F54-A152-BBDA0DF7B694,10,75,0,0,0,0,0,0
primary,sprt,"alpha=0.001, beta=0.01804",val,098A72A5-E3E5-4F54-A152-BBDA0DF7B694,11,44,0,0,0,0,0,0
primary,sprt,"alpha=0.001, beta=0.01804",val,098A72A5-E3E5-4F54-A152-BBDA0DF7B694,13,156,0,0,0,0,0,0
primary,sprt,"alpha=0.001, beta=0.01804",val,0A986513-7828-4D53-AA1F-E02D6DF9561B,6,763,2,2,4,19,1,1
primary,sprt,"alpha=0.001, beta=0.01804",val,11B5EC4D-4133-4289-B475-4E737182A406,3,616,1,1,2,20,0,0
primary,sprt,"alpha=0.001, beta=0.01804",val,11B5EC4D-4133-4289-B475-4E737182A406,4,799,4,4,8,97,0,0
primary,sprt,"alpha=0.001, beta=0.01804",val,11B5EC4D-4133-4289-B475-4E737182A406,5,324,0,0,0,0,0,0
primary,sprt,"alpha=0.001, beta=0.01804",val,136562B6-95B2-483D-88DC-065F28409FD2,17,181,0,0,0,0,0,0
primary,sprt,"alpha=0.001, beta=0.01804",val,136562B6-95B2-483D-88DC-065F28409FD2,18,847,2,2,4,108,0,0
primary,sprt,"alpha=0.001, beta=0.01804",val,136562B6-95B2-483D-88DC-065F28409FD2,19,80,0,0,0,0,0,0
primary,sprt,"alpha=0.001, beta=0.01804",val,136562B6-95B2-483D-88DC-065F28409FD2,20,107,1,0,1,4,0,0
primary,sprt,"alpha=0.001, beta=0.01804",val,1538C99F-BA1E-4EFB-A949-6C7C47701B20,25,291,0,0,0,0,0,0
primary,sprt,"alpha=0.001, beta=0.01804",val,1538C99F-BA1E-4EFB-A949-6C7C47701B20,26,82,0,0,0,0,0,0
primary,sprt,"alpha=0.001, beta=0.01804",val,1538C99F-BA1E-4EFB-A949-6C7C47701B20,27,160,0,0,0,0,0,0
primary,sprt,"alpha=0.001, beta=0.01804",val,1538C99F-BA1E-4EFB-A949-6C7C47701B20,28,748,4,4,8,36,1,1
primary,sprt,"alpha=0.001, beta=0.01804",val,24E40C4C-A349-4F9F-93AB-01D00FB994AF,12,236,0,0,0,0,0,0
primary,sprt,"alpha=0.001, beta=0.01804",val,24E40C4C-A349-4F9F-93AB-01D00FB994AF,13,213,1,1,2,31,0,0
primary,sprt,"alpha=0.001, beta=0.01804",val,24E40C4C-A349-4F9F-93AB-01D00FB994AF,14,141,0,0,0,0,0,0
primary,sprt,"alpha=0.001, beta=0.01804",val,24E40C4C-A349-4F9F-93AB-01D00FB994AF,15,317,1,1,2,57,0,0
primary,sprt,"alpha=0.001, beta=0.01804",val,24E40C4C-A349-4F9F-93AB-01D00FB994AF,16,18,0,0,0,0,0,0
primary,sprt,"alpha=0.001, beta=0.01804",val,2C32C23E-E30C-498A-8DD2-0EFB9150A02E,9,1674,3,3,6,90,0,0
primary,sprt,"alpha=0.001, beta=0.01804",val,3600D531-0C55-44A7-AE95-A7A38519464E,20,842,0,0,0,0,0,0
primary,sprt,"alpha=0.001, beta=0.01804",val,3600D531-0C55-44A7-AE95-A7A38519464E,21,54,1,0,1,26,0,0
primary,sprt,"alpha=0.001, beta=0.01804",val,3600D531-0C55-44A7-AE95-A7A38519464E,22,107,0,0,0,0,0,0
primary,sprt,"alpha=0.001, beta=0.01804",val,3600D531-0C55-44A7-AE95-A7A38519464E,24,14,0,0,0,0,0,0
primary,sprt,"alpha=0.001, beta=0.01804",val,4FC32141-E888-4BFF-8804-12559A491D8C,4,43,0,0,0,0,0,0
primary,sprt,"alpha=0.001, beta=0.01804",val,4FC32141-E888-4BFF-8804-12559A491D8C,5,325,2,1,3,67,0,0
primary,sprt,"alpha=0.001, beta=0.01804",val,4FC32141-E888-4BFF-8804-12559A491D8C,6,427,0,0,0,0,0,0
primary,sprt,"alpha=0.001, beta=0.01804",val,4FC32141-E888-4BFF-8804-12559A491D8C,7,102,0,0,0,0,0,0
primary,sprt,"alpha=0.001, beta=0.01804",val,4FC32141-E888-4BFF-8804-12559A491D8C,8,18,0,0,0,0,0,0
primary,sprt,"alpha=0.001, beta=0.01804",val,4FC32141-E888-4BFF-8804-12559A491D8C,10,43,0,0,0,0,0,0
primary,sprt,"alpha=0.001, beta=0.01804",val,5119D0F8-FCA8-4184-A4EB-19421A40DE0D,9,1294,2,2,4,79,0,0
primary,sprt,"alpha=0.001, beta=0.01804",val,5152A2DF-FAF3-4BA8-9CA9-E66B32671A53,6,697,8,8,16,118,3,2
primary,sprt,"alpha=0.001, beta=0.01804",val,5152A2DF-FAF3-4BA8-9CA9-E66B32671A53,7,597,0,0,0,0,0,0
primary,sprt,"alpha=0.001, beta=0.01804",val,5EF64122-B513-46AE-BCF1-E62AAC285D2C,9,116,0,0,0,0,0,0
primary,sprt,"alpha=0.001, beta=0.01804",val,5EF64122-B513-46AE-BCF1-E62AAC285D2C,10,637,1,1,2,7,0,0
primary,sprt,"alpha=0.001, beta=0.01804",val,61976C24-1C50-4355-9C49-AAE44A7D09F6,46,1717,3,3,6,127,0,0
primary,sprt,"alpha=0.001, beta=0.01804",val,78A91A4E-4A51-4065-BDA7-94755F0BB3BB,5,597,4,4,8,77,2,2
primary,sprt,"alpha=0.001, beta=0.01804",val,78A91A4E-4A51-4065-BDA7-94755F0BB3BB,6,1773,2,2,4,53,0,0
primary,sprt,"alpha=0.001, beta=0.01804",val,7CE37510-56D0-4120-A1CF-0E23351428D2,6,1923,5,5,10,97,1,1
primary,sprt,"alpha=0.001, beta=0.01804",val,8023FE1A-D3B0-4E2C-A57A-9321B7FC755F,23,972,2,2,4,20,0,0
primary,sprt,"alpha=0.001, beta=0.01804",val,8023FE1A-D3B0-4E2C-A57A-9321B7FC755F,24,836,3,3,6,29,1,1
primary,sprt,"alpha=0.001, beta=0.01804",val,83CF687B-7CEC-434B-9FE8-00C3D5799BE6,7,1879,8,8,16,67,2,2
primary,sprt,"alpha=0.001, beta=0.01804",val,9759096F-1119-4E19-A0AD-6F16989C7E1C,3,474,2,2,4,111,0,0
primary,sprt,"alpha=0.001, beta=0.01804",val,9759096F-1119-4E19-A0AD-6F16989C7E1C,4,1489,1,1,2,29,0,0
primary,sprt,"alpha=0.001, beta=0.01804",val,9DC38D04-E82E-4F29-AB52-B476535226F2,12,1543,1,1,2,33,0,0
primary,sprt,"alpha=0.001, beta=0.01804",val,9DC38D04-E82E-4F29-AB52-B476535226F2,18,359,0,0,0,0,0,0
primary,sprt,"alpha=0.001, beta=0.01804",val,A5CDF89D-02A2-4EC1-89F8-F534FDABDD96,12,62,0,0,0,0,0,0
primary,sprt,"alpha=0.001, beta=0.01804",val,A5CDF89D-02A2-4EC1-89F8-F534FDABDD96,13,841,1,1,2,2,1,1
primary,sprt,"alpha=0.001, beta=0.01804",val,A5CDF89D-02A2-4EC1-89F8-F534FDABDD96,14,276,1,1,2,4,1,1
primary,sprt,"alpha=0.001, beta=0.01804",val,A76A5AF5-5A93-4CF2-A16E-62353BB70E8A,2,1475,1,1,2,415,0,0
primary,sprt,"alpha=0.001, beta=0.01804",val,B09E373F-8A54-44C8-895B-0039390B859F,9,1598,5,5,10,72,0,0
primary,sprt,"alpha=0.001, beta=0.01804",val,B9724848-C7E2-45F4-9B3F-A1F38D864495,10,85,1,1,2,2,1,1
primary,sprt,"alpha=0.001, beta=0.01804",val,B9724848-C7E2-45F4-9B3F-A1F38D864495,11,522,4,4,8,125,0,0
primary,sprt,"alpha=0.001, beta=0.01804",val,B9724848-C7E2-45F4-9B3F-A1F38D864495,13,880,4,4,8,16,3,3
primary,sprt,"alpha=0.001, beta=0.01804",val,BE3CA5A6-A561-4BBD-B7C9-5DF6805400FC,13,681,1,1,2,11,0,0
primary,sprt,"alpha=0.001, beta=0.01804",val,BE3CA5A6-A561-4BBD-B7C9-5DF6805400FC,14,79,0,0,0,0,0,0
primary,sprt,"alpha=0.001, beta=0.01804",val,BE3CA5A6-A561-4BBD-B7C9-5DF6805400FC,15,430,2,1,3,48,0,0
primary,sprt,"alpha=0.001, beta=0.01804",val,BE3CA5A6-A561-4BBD-B7C9-5DF6805400FC,16,442,1,1,2,84,0,0
primary,sprt,"alpha=0.001, beta=0.01804",val,C48CE857-A0DD-4DDB-BEA5-3A25449B2153,25,150,0,0,0,0,0,0
primary,sprt,"alpha=0.001, beta=0.01804",val,C48CE857-A0DD-4DDB-BEA5-3A25449B2153,26,40,0,0,0,0,0,0
primary,sprt,"alpha=0.001, beta=0.01804",val,C48CE857-A0DD-4DDB-BEA5-3A25449B2153,28,151,0,0,0,0,0,0
primary,sprt,"alpha=0.001, beta=0.01804",val,C48CE857-A0DD-4DDB-BEA5-3A25449B2153,30,239,0,0,0,0,0,0
primary,sprt,"alpha=0.001, beta=0.01804",val,C48CE857-A0DD-4DDB-BEA5-3A25449B2153,31,282,0,0,0,0,0,0
primary,sprt,"alpha=0.001, beta=0.01804",val,C48CE857-A0DD-4DDB-BEA5-3A25449B2153,32,115,0,0,0,0,0,0
primary,sprt,"alpha=0.001, beta=0.01804",val,CA820D43-E5E2-42EF-9798-BE56F776370B,4,1146,0,0,0,0,0,0
primary,sprt,"alpha=0.001, beta=0.01804",val,CA820D43-E5E2-42EF-9798-BE56F776370B,8,394,2,2,4,12,1,1
primary,sprt,"alpha=0.001, beta=0.01804",val,CDA3BBF7-6631-45E8-85BA-EEB416B32A3C,2,227,1,1,2,8,0,0
primary,sprt,"alpha=0.001, beta=0.01804",val,CDA3BBF7-6631-45E8-85BA-EEB416B32A3C,3,316,0,0,0,0,0,0
primary,sprt,"alpha=0.001, beta=0.01804",val,CF722AA9-2533-4E51-9FEB-9EAC84EE9AAC,7,113,1,1,2,18,0,0
primary,sprt,"alpha=0.001, beta=0.01804",val,CF722AA9-2533-4E51-9FEB-9EAC84EE9AAC,8,371,1,1,2,26,0,0
primary,sprt,"alpha=0.001, beta=0.01804",val,CF722AA9-2533-4E51-9FEB-9EAC84EE9AAC,9,210,0,0,0,0,0,0
primary,sprt,"alpha=0.001, beta=0.01804",val,D7D20E2E-FC78-405D-B346-DBD3FD8FC92B,7,175,2,2,4,18,1,1
primary,sprt,"alpha=0.001, beta=0.01804",val,D7D20E2E-FC78-405D-B346-DBD3FD8FC92B,8,528,1,0,1,2,0,0
primary,sprt,"alpha=0.001, beta=0.01804",val,D7D20E2E-FC78-405D-B346-DBD3FD8FC92B,9,42,0,0,0,0,0,0
primary,sprt,"alpha=0.001, beta=0.01804",val,D7D20E2E-FC78-405D-B346-DBD3FD8FC92B,10,153,1,1,2,72,0,0
primary,sprt,"alpha=0.001, beta=0.01804",val,D7D20E2E-FC78-405D-B346-DBD3FD8FC92B,11,292,0,0,0,0,0,0
primary,sprt,"alpha=0.001, beta=0.01804",val,D7D20E2E-FC78-405D-B346-DBD3FD8FC92B,12,23,0,0,0,0,0,0
primary,sprt,"alpha=0.001, beta=0.01804",val,E65577C1-8D5D-4F70-AF23-B3ADB9D3DBA3,3,659,2,2,4,24,0,0
primary,sprt,"alpha=0.001, beta=0.01804",val,ECECC2AB-D32F-4F90-B74C-E12A1C69BBE2,12,232,0,0,0,0,0,0
primary,sprt,"alpha=0.001, beta=0.01804",val,ECECC2AB-D32F-4F90-B74C-E12A1C69BBE2,13,35,0,0,0,0,0,0
primary,sprt,"alpha=0.001, beta=0.01804",val,ECECC2AB-D32F-4F90-B74C-E12A1C69BBE2,14,204,1,1,2,27,0,0
primary,sprt,"alpha=0.001, beta=0.01804",val,ECECC2AB-D32F-4F90-B74C-E12A1C69BBE2,15,206,0,0,0,0,0,0
primary,sprt,"alpha=0.001, beta=0.01804",val,FDAA70A1-42A3-4E3F-9AE3-3FDA412E03BF,18,966,3,3,6,40,0,0
primary,hmm,"rho=0.0001, theta=0.4013",val,00EABED2-271D-49D8-B599-1D4A09240601,23,428,2,2,4,33,0,0
primary,hmm,"rho=0.0001, theta=0.4013",val,098A72A5-E3E5-4F54-A152-BBDA0DF7B694,5,174,0,0,0,0,0,0
primary,hmm,"rho=0.0001, theta=0.4013",val,098A72A5-E3E5-4F54-A152-BBDA0DF7B694,6,134,0,0,0,0,0,0
primary,hmm,"rho=0.0001, theta=0.4013",val,098A72A5-E3E5-4F54-A152-BBDA0DF7B694,7,13,0,0,0,0,0,0
primary,hmm,"rho=0.0001, theta=0.4013",val,098A72A5-E3E5-4F54-A152-BBDA0DF7B694,8,275,0,0,0,0,0,0
primary,hmm,"rho=0.0001, theta=0.4013",val,098A72A5-E3E5-4F54-A152-BBDA0DF7B694,9,459,0,0,0,0,0,0
primary,hmm,"rho=0.0001, theta=0.4013",val,098A72A5-E3E5-4F54-A152-BBDA0DF7B694,10,75,0,0,0,0,0,0
primary,hmm,"rho=0.0001, theta=0.4013",val,098A72A5-E3E5-4F54-A152-BBDA0DF7B694,11,44,0,0,0,0,0,0
primary,hmm,"rho=0.0001, theta=0.4013",val,098A72A5-E3E5-4F54-A152-BBDA0DF7B694,13,156,0,0,0,0,0,0
primary,hmm,"rho=0.0001, theta=0.4013",val,0A986513-7828-4D53-AA1F-E02D6DF9561B,6,763,2,2,4,19,1,1
primary,hmm,"rho=0.0001, theta=0.4013",val,11B5EC4D-4133-4289-B475-4E737182A406,3,616,1,1,2,15,0,0
primary,hmm,"rho=0.0001, theta=0.4013",val,11B5EC4D-4133-4289-B475-4E737182A406,4,799,4,4,8,40,2,2
primary,hmm,"rho=0.0001, theta=0.4013",val,11B5EC4D-4133-4289-B475-4E737182A406,5,324,0,0,0,0,0,0
primary,hmm,"rho=0.0001, theta=0.4013",val,136562B6-95B2-483D-88DC-065F28409FD2,17,181,0,0,0,0,0,0
primary,hmm,"rho=0.0001, theta=0.4013",val,136562B6-95B2-483D-88DC-065F28409FD2,18,847,2,2,4,80,0,0
primary,hmm,"rho=0.0001, theta=0.4013",val,136562B6-95B2-483D-88DC-065F28409FD2,19,80,0,0,0,0,0,0
primary,hmm,"rho=0.0001, theta=0.4013",val,136562B6-95B2-483D-88DC-065F28409FD2,20,107,0,0,0,0,0,0
primary,hmm,"rho=0.0001, theta=0.4013",val,1538C99F-BA1E-4EFB-A949-6C7C47701B20,25,291,0,0,0,0,0,0
primary,hmm,"rho=0.0001, theta=0.4013",val,1538C99F-BA1E-4EFB-A949-6C7C47701B20,26,82,0,0,0,0,0,0
primary,hmm,"rho=0.0001, theta=0.4013",val,1538C99F-BA1E-4EFB-A949-6C7C47701B20,27,160,0,0,0,0,0,0
primary,hmm,"rho=0.0001, theta=0.4013",val,1538C99F-BA1E-4EFB-A949-6C7C47701B20,28,748,2,2,4,2,3,2
primary,hmm,"rho=0.0001, theta=0.4013",val,24E40C4C-A349-4F9F-93AB-01D00FB994AF,12,236,0,0,0,0,0,0
primary,hmm,"rho=0.0001, theta=0.4013",val,24E40C4C-A349-4F9F-93AB-01D00FB994AF,13,213,1,1,2,31,0,0
primary,hmm,"rho=0.0001, theta=0.4013",val,24E40C4C-A349-4F9F-93AB-01D00FB994AF,14,141,0,0,0,0,0,0
primary,hmm,"rho=0.0001, theta=0.4013",val,24E40C4C-A349-4F9F-93AB-01D00FB994AF,15,317,1,1,2,44,0,0
primary,hmm,"rho=0.0001, theta=0.4013",val,24E40C4C-A349-4F9F-93AB-01D00FB994AF,16,18,0,0,0,0,0,0
primary,hmm,"rho=0.0001, theta=0.4013",val,2C32C23E-E30C-498A-8DD2-0EFB9150A02E,9,1674,3,3,6,73,1,1
primary,hmm,"rho=0.0001, theta=0.4013",val,3600D531-0C55-44A7-AE95-A7A38519464E,20,842,0,0,0,0,0,0
primary,hmm,"rho=0.0001, theta=0.4013",val,3600D531-0C55-44A7-AE95-A7A38519464E,21,54,1,0,1,26,0,0
primary,hmm,"rho=0.0001, theta=0.4013",val,3600D531-0C55-44A7-AE95-A7A38519464E,22,107,0,0,0,0,0,0
primary,hmm,"rho=0.0001, theta=0.4013",val,3600D531-0C55-44A7-AE95-A7A38519464E,24,14,0,0,0,0,0,0
primary,hmm,"rho=0.0001, theta=0.4013",val,4FC32141-E888-4BFF-8804-12559A491D8C,4,43,0,0,0,0,0,0
primary,hmm,"rho=0.0001, theta=0.4013",val,4FC32141-E888-4BFF-8804-12559A491D8C,5,325,2,1,3,56,0,0
primary,hmm,"rho=0.0001, theta=0.4013",val,4FC32141-E888-4BFF-8804-12559A491D8C,6,427,0,0,0,0,0,0
primary,hmm,"rho=0.0001, theta=0.4013",val,4FC32141-E888-4BFF-8804-12559A491D8C,7,102,0,0,0,0,0,0
primary,hmm,"rho=0.0001, theta=0.4013",val,4FC32141-E888-4BFF-8804-12559A491D8C,8,18,0,0,0,0,0,0
primary,hmm,"rho=0.0001, theta=0.4013",val,4FC32141-E888-4BFF-8804-12559A491D8C,10,43,0,0,0,0,0,0
primary,hmm,"rho=0.0001, theta=0.4013",val,5119D0F8-FCA8-4184-A4EB-19421A40DE0D,9,1294,3,3,6,72,1,0
primary,hmm,"rho=0.0001, theta=0.4013",val,5152A2DF-FAF3-4BA8-9CA9-E66B32671A53,6,697,6,6,12,33,8,5
primary,hmm,"rho=0.0001, theta=0.4013",val,5152A2DF-FAF3-4BA8-9CA9-E66B32671A53,7,597,0,0,0,0,0,0
primary,hmm,"rho=0.0001, theta=0.4013",val,5EF64122-B513-46AE-BCF1-E62AAC285D2C,9,116,0,0,0,0,0,0
primary,hmm,"rho=0.0001, theta=0.4013",val,5EF64122-B513-46AE-BCF1-E62AAC285D2C,10,637,1,1,2,8,0,0
primary,hmm,"rho=0.0001, theta=0.4013",val,61976C24-1C50-4355-9C49-AAE44A7D09F6,46,1717,4,4,8,120,3,1
primary,hmm,"rho=0.0001, theta=0.4013",val,78A91A4E-4A51-4065-BDA7-94755F0BB3BB,5,597,10,10,20,91,13,8
primary,hmm,"rho=0.0001, theta=0.4013",val,78A91A4E-4A51-4065-BDA7-94755F0BB3BB,6,1773,3,3,6,39,2,1
primary,hmm,"rho=0.0001, theta=0.4013",val,7CE37510-56D0-4120-A1CF-0E23351428D2,6,1923,9,9,18,28,12,7
primary,hmm,"rho=0.0001, theta=0.4013",val,8023FE1A-D3B0-4E2C-A57A-9321B7FC755F,23,972,1,1,2,9,0,0
primary,hmm,"rho=0.0001, theta=0.4013",val,8023FE1A-D3B0-4E2C-A57A-9321B7FC755F,24,836,3,3,6,6,4,3
primary,hmm,"rho=0.0001, theta=0.4013",val,83CF687B-7CEC-434B-9FE8-00C3D5799BE6,7,1879,6,6,12,25,5,4
primary,hmm,"rho=0.0001, theta=0.4013",val,9759096F-1119-4E19-A0AD-6F16989C7E1C,3,474,3,3,6,99,2,1
primary,hmm,"rho=0.0001, theta=0.4013",val,9759096F-1119-4E19-A0AD-6F16989C7E1C,4,1489,4,4,8,15,6,3
primary,hmm,"rho=0.0001, theta=0.4013",val,9DC38D04-E82E-4F29-AB52-B476535226F2,12,1543,1,1,2,31,0,0
primary,hmm,"rho=0.0001, theta=0.4013",val,9DC38D04-E82E-4F29-AB52-B476535226F2,18,359,0,0,0,0,0,0
primary,hmm,"rho=0.0001, theta=0.4013",val,A5CDF89D-02A2-4EC1-89F8-F534FDABDD96,12,62,0,0,0,0,0,0
primary,hmm,"rho=0.0001, theta=0.4013",val,A5CDF89D-02A2-4EC1-89F8-F534FDABDD96,13,841,0,0,0,0,0,0
primary,hmm,"rho=0.0001, theta=0.4013",val,A5CDF89D-02A2-4EC1-89F8-F534FDABDD96,14,276,0,0,0,0,0,0
primary,hmm,"rho=0.0001, theta=0.4013",val,A76A5AF5-5A93-4CF2-A16E-62353BB70E8A,2,1475,1,1,2,404,0,0
primary,hmm,"rho=0.0001, theta=0.4013",val,B09E373F-8A54-44C8-895B-0039390B859F,9,1598,3,3,6,34,1,1
primary,hmm,"rho=0.0001, theta=0.4013",val,B9724848-C7E2-45F4-9B3F-A1F38D864495,10,85,0,0,0,0,0,0
primary,hmm,"rho=0.0001, theta=0.4013",val,B9724848-C7E2-45F4-9B3F-A1F38D864495,11,522,5,5,10,104,3,2
primary,hmm,"rho=0.0001, theta=0.4013",val,B9724848-C7E2-45F4-9B3F-A1F38D864495,13,880,1,1,2,1,1,1
primary,hmm,"rho=0.0001, theta=0.4013",val,BE3CA5A6-A561-4BBD-B7C9-5DF6805400FC,13,681,0,0,0,0,0,0
primary,hmm,"rho=0.0001, theta=0.4013",val,BE3CA5A6-A561-4BBD-B7C9-5DF6805400FC,14,79,0,0,0,0,0,0
primary,hmm,"rho=0.0001, theta=0.4013",val,BE3CA5A6-A561-4BBD-B7C9-5DF6805400FC,15,430,3,2,5,42,2,1
primary,hmm,"rho=0.0001, theta=0.4013",val,BE3CA5A6-A561-4BBD-B7C9-5DF6805400FC,16,442,1,1,2,81,0,0
primary,hmm,"rho=0.0001, theta=0.4013",val,C48CE857-A0DD-4DDB-BEA5-3A25449B2153,25,150,0,0,0,0,0,0
primary,hmm,"rho=0.0001, theta=0.4013",val,C48CE857-A0DD-4DDB-BEA5-3A25449B2153,26,40,0,0,0,0,0,0
primary,hmm,"rho=0.0001, theta=0.4013",val,C48CE857-A0DD-4DDB-BEA5-3A25449B2153,28,151,0,0,0,0,0,0
primary,hmm,"rho=0.0001, theta=0.4013",val,C48CE857-A0DD-4DDB-BEA5-3A25449B2153,30,239,0,0,0,0,0,0
primary,hmm,"rho=0.0001, theta=0.4013",val,C48CE857-A0DD-4DDB-BEA5-3A25449B2153,31,282,0,0,0,0,0,0
primary,hmm,"rho=0.0001, theta=0.4013",val,C48CE857-A0DD-4DDB-BEA5-3A25449B2153,32,115,0,0,0,0,0,0
primary,hmm,"rho=0.0001, theta=0.4013",val,CA820D43-E5E2-42EF-9798-BE56F776370B,4,1146,0,0,0,0,0,0
primary,hmm,"rho=0.0001, theta=0.4013",val,CA820D43-E5E2-42EF-9798-BE56F776370B,8,394,0,0,0,0,0,0
primary,hmm,"rho=0.0001, theta=0.4013",val,CDA3BBF7-6631-45E8-85BA-EEB416B32A3C,2,227,0,0,0,0,0,0
primary,hmm,"rho=0.0001, theta=0.4013",val,CDA3BBF7-6631-45E8-85BA-EEB416B32A3C,3,316,0,0,0,0,0,0
primary,hmm,"rho=0.0001, theta=0.4013",val,CF722AA9-2533-4E51-9FEB-9EAC84EE9AAC,7,113,1,1,2,19,0,0
primary,hmm,"rho=0.0001, theta=0.4013",val,CF722AA9-2533-4E51-9FEB-9EAC84EE9AAC,8,371,2,2,4,25,1,1
primary,hmm,"rho=0.0001, theta=0.4013",val,CF722AA9-2533-4E51-9FEB-9EAC84EE9AAC,9,210,0,0,0,0,0,0
primary,hmm,"rho=0.0001, theta=0.4013",val,D7D20E2E-FC78-405D-B346-DBD3FD8FC92B,7,175,1,1,2,4,1,1
primary,hmm,"rho=0.0001, theta=0.4013",val,D7D20E2E-FC78-405D-B346-DBD3FD8FC92B,8,528,0,0,0,0,0,0
primary,hmm,"rho=0.0001, theta=0.4013",val,D7D20E2E-FC78-405D-B346-DBD3FD8FC92B,9,42,0,0,0,0,0,0
primary,hmm,"rho=0.0001, theta=0.4013",val,D7D20E2E-FC78-405D-B346-DBD3FD8FC92B,10,153,2,2,4,69,2,1
primary,hmm,"rho=0.0001, theta=0.4013",val,D7D20E2E-FC78-405D-B346-DBD3FD8FC92B,11,292,1,1,2,1,1,1
primary,hmm,"rho=0.0001, theta=0.4013",val,D7D20E2E-FC78-405D-B346-DBD3FD8FC92B,12,23,0,0,0,0,0,0
primary,hmm,"rho=0.0001, theta=0.4013",val,E65577C1-8D5D-4F70-AF23-B3ADB9D3DBA3,3,659,3,3,6,17,3,2
primary,hmm,"rho=0.0001, theta=0.4013",val,ECECC2AB-D32F-4F90-B74C-E12A1C69BBE2,12,232,0,0,0,0,0,0
primary,hmm,"rho=0.0001, theta=0.4013",val,ECECC2AB-D32F-4F90-B74C-E12A1C69BBE2,13,35,0,0,0,0,0,0
primary,hmm,"rho=0.0001, theta=0.4013",val,ECECC2AB-D32F-4F90-B74C-E12A1C69BBE2,14,204,1,1,2,25,0,0
primary,hmm,"rho=0.0001, theta=0.4013",val,ECECC2AB-D32F-4F90-B74C-E12A1C69BBE2,15,206,0,0,0,0,0,0
primary,hmm,"rho=0.0001, theta=0.4013",val,FDAA70A1-42A3-4E3F-9AE3-3FDA412E03BF,18,966,2,2,4,35,0,0
sensitivity_1,threshold,theta=0.1301,val,00EABED2-271D-49D8-B599-1D4A09240601,23,428,9,9,18,24,13,7
sensitivity_1,threshold,theta=0.1301,val,098A72A5-E3E5-4F54-A152-BBDA0DF7B694,5,174,1,1,2,1,1,1
sensitivity_1,threshold,theta=0.1301,val,098A72A5-E3E5-4F54-A152-BBDA0DF7B694,6,134,1,1,2,2,1,1
sensitivity_1,threshold,theta=0.1301,val,098A72A5-E3E5-4F54-A152-BBDA0DF7B694,7,13,0,0,0,0,0,0
sensitivity_1,threshold,theta=0.1301,val,098A72A5-E3E5-4F54-A152-BBDA0DF7B694,8,275,0,0,0,0,0,0
sensitivity_1,threshold,theta=0.1301,val,098A72A5-E3E5-4F54-A152-BBDA0DF7B694,9,459,2,2,4,2,3,2
sensitivity_1,threshold,theta=0.1301,val,098A72A5-E3E5-4F54-A152-BBDA0DF7B694,10,75,1,1,2,1,1,1
sensitivity_1,threshold,theta=0.1301,val,098A72A5-E3E5-4F54-A152-BBDA0DF7B694,11,44,1,1,2,1,1,1
sensitivity_1,threshold,theta=0.1301,val,098A72A5-E3E5-4F54-A152-BBDA0DF7B694,13,156,0,0,0,0,0,0
sensitivity_1,threshold,theta=0.1301,val,0A986513-7828-4D53-AA1F-E02D6DF9561B,6,763,14,14,28,16,18,14
sensitivity_1,threshold,theta=0.1301,val,11B5EC4D-4133-4289-B475-4E737182A406,3,616,3,3,6,3,4,3
sensitivity_1,threshold,theta=0.1301,val,11B5EC4D-4133-4289-B475-4E737182A406,4,799,11,11,22,11,15,11
sensitivity_1,threshold,theta=0.1301,val,11B5EC4D-4133-4289-B475-4E737182A406,5,324,0,0,0,0,0,0
sensitivity_1,threshold,theta=0.1301,val,136562B6-95B2-483D-88DC-065F28409FD2,17,181,0,0,0,0,0,0
sensitivity_1,threshold,theta=0.1301,val,136562B6-95B2-483D-88DC-065F28409FD2,18,847,1,1,2,1,1,1
sensitivity_1,threshold,theta=0.1301,val,136562B6-95B2-483D-88DC-065F28409FD2,19,80,0,0,0,0,0,0
sensitivity_1,threshold,theta=0.1301,val,136562B6-95B2-483D-88DC-065F28409FD2,20,107,0,0,0,0,0,0
sensitivity_1,threshold,theta=0.1301,val,1538C99F-BA1E-4EFB-A949-6C7C47701B20,25,291,1,1,2,1,1,1
sensitivity_1,threshold,theta=0.1301,val,1538C99F-BA1E-4EFB-A949-6C7C47701B20,26,82,0,0,0,0,0,0
sensitivity_1,threshold,theta=0.1301,val,1538C99F-BA1E-4EFB-A949-6C7C47701B20,27,160,1,1,2,1,1,1
sensitivity_1,threshold,theta=0.1301,val,1538C99F-BA1E-4EFB-A949-6C7C47701B20,28,748,11,11,22,11,12,11
sensitivity_1,threshold,theta=0.1301,val,24E40C4C-A349-4F9F-93AB-01D00FB994AF,12,236,1,1,2,1,1,1
sensitivity_1,threshold,theta=0.1301,val,24E40C4C-A349-4F9F-93AB-01D00FB994AF,13,213,4,4,8,6,6,4
sensitivity_1,threshold,theta=0.1301,val,24E40C4C-A349-4F9F-93AB-01D00FB994AF,14,141,0,0,0,0,0,0
sensitivity_1,threshold,theta=0.1301,val,24E40C4C-A349-4F9F-93AB-01D00FB994AF,15,317,1,1,2,1,1,1
sensitivity_1,threshold,theta=0.1301,val,24E40C4C-A349-4F9F-93AB-01D00FB994AF,16,18,0,0,0,0,0,0
sensitivity_1,threshold,theta=0.1301,val,2C32C23E-E30C-498A-8DD2-0EFB9150A02E,9,1674,20,20,40,26,26,20
sensitivity_1,threshold,theta=0.1301,val,3600D531-0C55-44A7-AE95-A7A38519464E,20,842,2,2,4,2,2,2
sensitivity_1,threshold,theta=0.1301,val,3600D531-0C55-44A7-AE95-A7A38519464E,21,54,3,3,6,3,4,3
sensitivity_1,threshold,theta=0.1301,val,3600D531-0C55-44A7-AE95-A7A38519464E,22,107,2,2,4,2,2,2
sensitivity_1,threshold,theta=0.1301,val,3600D531-0C55-44A7-AE95-A7A38519464E,24,14,0,0,0,0,0,0
sensitivity_1,threshold,theta=0.1301,val,4FC32141-E888-4BFF-8804-12559A491D8C,4,43,0,0,0,0,0,0
sensitivity_1,threshold,theta=0.1301,val,4FC32141-E888-4BFF-8804-12559A491D8C,5,325,3,3,6,3,5,3
sensitivity_1,threshold,theta=0.1301,val,4FC32141-E888-4BFF-8804-12559A491D8C,6,427,0,0,0,0,0,0
sensitivity_1,threshold,theta=0.1301,val,4FC32141-E888-4BFF-8804-12559A491D8C,7,102,0,0,0,0,0,0
sensitivity_1,threshold,theta=0.1301,val,4FC32141-E888-4BFF-8804-12559A491D8C,8,18,0,0,0,0,0,0
sensitivity_1,threshold,theta=0.1301,val,4FC32141-E888-4BFF-8804-12559A491D8C,10,43,0,0,0,0,0,0
sensitivity_1,threshold,theta=0.1301,val,5119D0F8-FCA8-4184-A4EB-19421A40DE0D,9,1294,3,3,6,4,3,3
sensitivity_1,threshold,theta=0.1301,val,5152A2DF-FAF3-4BA8-9CA9-E66B32671A53,6,697,22,22,44,26,31,22
sensitivity_1,threshold,theta=0.1301,val,5152A2DF-FAF3-4BA8-9CA9-E66B32671A53,7,597,2,2,4,2,2,2
sensitivity_1,threshold,theta=0.1301,val,5EF64122-B513-46AE-BCF1-E62AAC285D2C,9,116,0,0,0,0,0,0
sensitivity_1,threshold,theta=0.1301,val,5EF64122-B513-46AE-BCF1-E62AAC285D2C,10,637,0,0,0,0,0,0
sensitivity_1,threshold,theta=0.1301,val,61976C24-1C50-4355-9C49-AAE44A7D09F6,46,1717,11,11,22,16,12,11
sensitivity_1,threshold,theta=0.1301,val,78A91A4E-4A51-4065-BDA7-94755F0BB3BB,5,597,17,17,34,26,24,17
sensitivity_1,threshold,theta=0.1301,val,78A91A4E-4A51-4065-BDA7-94755F0BB3BB,6,1773,12,12,24,12,12,12
sensitivity_1,threshold,theta=0.1301,val,7CE37510-56D0-4120-A1CF-0E23351428D2,6,1923,16,16,32,17,16,16
sensitivity_1,threshold,theta=0.1301,val,8023FE1A-D3B0-4E2C-A57A-9321B7FC755F,23,972,6,6,12,9,8,6
sensitivity_1,threshold,theta=0.1301,val,8023FE1A-D3B0-4E2C-A57A-9321B7FC755F,24,836,14,14,28,15,15,14
sensitivity_1,threshold,theta=0.1301,val,83CF687B-7CEC-434B-9FE8-00C3D5799BE6,7,1879,25,25,50,25,30,25
sensitivity_1,threshold,theta=0.1301,val,9759096F-1119-4E19-A0AD-6F16989C7E1C,3,474,17,17,34,21,26,17
sensitivity_1,threshold,theta=0.1301,val,9759096F-1119-4E19-A0AD-6F16989C7E1C,4,1489,13,13,26,15,16,13
sensitivity_1,threshold,theta=0.1301,val,9DC38D04-E82E-4F29-AB52-B476535226F2,12,1543,4,4,8,4,5,4
sensitivity_1,threshold,theta=0.1301,val,9DC38D04-E82E-4F29-AB52-B476535226F2,18,359,0,0,0,0,0,0
sensitivity_1,threshold,theta=0.1301,val,A5CDF89D-02A2-4EC1-89F8-F534FDABDD96,12,62,0,0,0,0,0,0
sensitivity_1,threshold,theta=0.1301,val,A5CDF89D-02A2-4EC1-89F8-F534FDABDD96,13,841,2,2,4,3,2,2
sensitivity_1,threshold,theta=0.1301,val,A5CDF89D-02A2-4EC1-89F8-F534FDABDD96,14,276,1,1,2,1,1,1
sensitivity_1,threshold,theta=0.1301,val,A76A5AF5-5A93-4CF2-A16E-62353BB70E8A,2,1475,0,0,0,0,0,0
sensitivity_1,threshold,theta=0.1301,val,B09E373F-8A54-44C8-895B-0039390B859F,9,1598,16,16,32,17,20,16
sensitivity_1,threshold,theta=0.1301,val,B9724848-C7E2-45F4-9B3F-A1F38D864495,10,85,3,3,6,3,3,3
sensitivity_1,threshold,theta=0.1301,val,B9724848-C7E2-45F4-9B3F-A1F38D864495,11,522,14,14,28,23,22,14
sensitivity_1,threshold,theta=0.1301,val,B9724848-C7E2-45F4-9B3F-A1F38D864495,13,880,10,10,20,11,11,10
sensitivity_1,threshold,theta=0.1301,val,BE3CA5A6-A561-4BBD-B7C9-5DF6805400FC,13,681,1,1,2,1,1,1
sensitivity_1,threshold,theta=0.1301,val,BE3CA5A6-A561-4BBD-B7C9-5DF6805400FC,14,79,0,0,0,0,0,0
sensitivity_1,threshold,theta=0.1301,val,BE3CA5A6-A561-4BBD-B7C9-5DF6805400FC,15,430,3,3,6,4,3,3
sensitivity_1,threshold,theta=0.1301,val,BE3CA5A6-A561-4BBD-B7C9-5DF6805400FC,16,442,0,0,0,0,0,0
sensitivity_1,threshold,theta=0.1301,val,C48CE857-A0DD-4DDB-BEA5-3A25449B2153,25,150,0,0,0,0,0,0
sensitivity_1,threshold,theta=0.1301,val,C48CE857-A0DD-4DDB-BEA5-3A25449B2153,26,40,0,0,0,0,0,0
sensitivity_1,threshold,theta=0.1301,val,C48CE857-A0DD-4DDB-BEA5-3A25449B2153,28,151,1,1,2,1,1,1
sensitivity_1,threshold,theta=0.1301,val,C48CE857-A0DD-4DDB-BEA5-3A25449B2153,30,239,0,0,0,0,0,0
sensitivity_1,threshold,theta=0.1301,val,C48CE857-A0DD-4DDB-BEA5-3A25449B2153,31,282,1,1,2,1,1,1
sensitivity_1,threshold,theta=0.1301,val,C48CE857-A0DD-4DDB-BEA5-3A25449B2153,32,115,0,0,0,0,0,0
sensitivity_1,threshold,theta=0.1301,val,CA820D43-E5E2-42EF-9798-BE56F776370B,4,1146,9,9,18,9,9,9
sensitivity_1,threshold,theta=0.1301,val,CA820D43-E5E2-42EF-9798-BE56F776370B,8,394,4,4,8,4,4,4
sensitivity_1,threshold,theta=0.1301,val,CDA3BBF7-6631-45E8-85BA-EEB416B32A3C,2,227,4,4,8,4,7,4
sensitivity_1,threshold,theta=0.1301,val,CDA3BBF7-6631-45E8-85BA-EEB416B32A3C,3,316,0,0,0,0,0,0
sensitivity_1,threshold,theta=0.1301,val,CF722AA9-2533-4E51-9FEB-9EAC84EE9AAC,7,113,4,4,8,6,6,4
sensitivity_1,threshold,theta=0.1301,val,CF722AA9-2533-4E51-9FEB-9EAC84EE9AAC,8,371,8,8,16,9,14,8
sensitivity_1,threshold,theta=0.1301,val,CF722AA9-2533-4E51-9FEB-9EAC84EE9AAC,9,210,2,2,4,2,2,2
sensitivity_1,threshold,theta=0.1301,val,D7D20E2E-FC78-405D-B346-DBD3FD8FC92B,7,175,3,3,6,4,3,3
sensitivity_1,threshold,theta=0.1301,val,D7D20E2E-FC78-405D-B346-DBD3FD8FC92B,8,528,1,1,2,1,1,1
sensitivity_1,threshold,theta=0.1301,val,D7D20E2E-FC78-405D-B346-DBD3FD8FC92B,9,42,0,0,0,0,0,0
sensitivity_1,threshold,theta=0.1301,val,D7D20E2E-FC78-405D-B346-DBD3FD8FC92B,10,153,7,7,14,12,8,7
sensitivity_1,threshold,theta=0.1301,val,D7D20E2E-FC78-405D-B346-DBD3FD8FC92B,11,292,3,3,6,3,3,3
sensitivity_1,threshold,theta=0.1301,val,D7D20E2E-FC78-405D-B346-DBD3FD8FC92B,12,23,0,0,0,0,0,0
sensitivity_1,threshold,theta=0.1301,val,E65577C1-8D5D-4F70-AF23-B3ADB9D3DBA3,3,659,9,9,18,11,12,9
sensitivity_1,threshold,theta=0.1301,val,ECECC2AB-D32F-4F90-B74C-E12A1C69BBE2,12,232,0,0,0,0,0,0
sensitivity_1,threshold,theta=0.1301,val,ECECC2AB-D32F-4F90-B74C-E12A1C69BBE2,13,35,0,0,0,0,0,0
sensitivity_1,threshold,theta=0.1301,val,ECECC2AB-D32F-4F90-B74C-E12A1C69BBE2,14,204,2,2,4,3,3,2
sensitivity_1,threshold,theta=0.1301,val,ECECC2AB-D32F-4F90-B74C-E12A1C69BBE2,15,206,1,1,2,1,1,1
sensitivity_1,threshold,theta=0.1301,val,FDAA70A1-42A3-4E3F-9AE3-3FDA412E03BF,18,966,11,11,22,16,11,10
sensitivity_1,moving_average,"k=2, theta=0.2689",val,00EABED2-271D-49D8-B599-1D4A09240601,23,428,7,7,14,22,9,5
sensitivity_1,moving_average,"k=2, theta=0.2689",val,098A72A5-E3E5-4F54-A152-BBDA0DF7B694,5,174,0,0,0,0,0,0
sensitivity_1,moving_average,"k=2, theta=0.2689",val,098A72A5-E3E5-4F54-A152-BBDA0DF7B694,6,134,1,1,2,1,1,1
sensitivity_1,moving_average,"k=2, theta=0.2689",val,098A72A5-E3E5-4F54-A152-BBDA0DF7B694,7,13,0,0,0,0,0,0
sensitivity_1,moving_average,"k=2, theta=0.2689",val,098A72A5-E3E5-4F54-A152-BBDA0DF7B694,8,275,0,0,0,0,0,0
sensitivity_1,moving_average,"k=2, theta=0.2689",val,098A72A5-E3E5-4F54-A152-BBDA0DF7B694,9,459,1,1,2,1,1,1
sensitivity_1,moving_average,"k=2, theta=0.2689",val,098A72A5-E3E5-4F54-A152-BBDA0DF7B694,10,75,0,0,0,0,0,0
sensitivity_1,moving_average,"k=2, theta=0.2689",val,098A72A5-E3E5-4F54-A152-BBDA0DF7B694,11,44,1,1,2,1,1,1
sensitivity_1,moving_average,"k=2, theta=0.2689",val,098A72A5-E3E5-4F54-A152-BBDA0DF7B694,13,156,1,1,2,1,1,1
sensitivity_1,moving_average,"k=2, theta=0.2689",val,0A986513-7828-4D53-AA1F-E02D6DF9561B,6,763,10,10,20,19,9,9
sensitivity_1,moving_average,"k=2, theta=0.2689",val,11B5EC4D-4133-4289-B475-4E737182A406,3,616,5,5,10,9,8,5
sensitivity_1,moving_average,"k=2, theta=0.2689",val,11B5EC4D-4133-4289-B475-4E737182A406,4,799,18,18,36,32,24,18
sensitivity_1,moving_average,"k=2, theta=0.2689",val,11B5EC4D-4133-4289-B475-4E737182A406,5,324,0,0,0,0,0,0
sensitivity_1,moving_average,"k=2, theta=0.2689",val,136562B6-95B2-483D-88DC-065F28409FD2,17,181,0,0,0,0,0,0
sensitivity_1,moving_average,"k=2, theta=0.2689",val,136562B6-95B2-483D-88DC-065F28409FD2,18,847,4,4,8,15,4,3
sensitivity_1,moving_average,"k=2, theta=0.2689",val,136562B6-95B2-483D-88DC-065F28409FD2,19,80,0,0,0,0,0,0
sensitivity_1,moving_average,"k=2, theta=0.2689",val,136562B6-95B2-483D-88DC-065F28409FD2,20,107,3,3,6,6,3,3
sensitivity_1,moving_average,"k=2, theta=0.2689",val,1538C99F-BA1E-4EFB-A949-6C7C47701B20,25,291,0,0,0,0,0,0
sensitivity_1,moving_average,"k=2, theta=0.2689",val,1538C99F-BA1E-4EFB-A949-6C7C47701B20,26,82,0,0,0,0,0,0
sensitivity_1,moving_average,"k=2, theta=0.2689",val,1538C99F-BA1E-4EFB-A949-6C7C47701B20,27,160,1,1,2,1,1,1
sensitivity_1,moving_average,"k=2, theta=0.2689",val,1538C99F-BA1E-4EFB-A949-6C7C47701B20,28,748,11,11,22,15,13,11
sensitivity_1,moving_average,"k=2, theta=0.2689",val,24E40C4C-A349-4F9F-93AB-01D00FB994AF,12,236,1,1,2,2,1,1
sensitivity_1,moving_average,"k=2, theta=0.2689",val,24E40C4C-A349-4F9F-93AB-01D00FB994AF,13,213,3,3,6,8,4,3
sensitivity_1,moving_average,"k=2, theta=0.2689",val,24E40C4C-A349-4F9F-93AB-01D00FB994AF,14,141,0,0,0,0,0,0
sensitivity_1,moving_average,"k=2, theta=0.2689",val,24E40C4C-A349-4F9F-93AB-01D00FB994AF,15,317,3,3,6,3,3,3
sensitivity_1,moving_average,"k=2, theta=0.2689",val,24E40C4C-A349-4F9F-93AB-01D00FB994AF,16,18,0,0,0,0,0,0
sensitivity_1,moving_average,"k=2, theta=0.2689",val,2C32C23E-E30C-498A-8DD2-0EFB9150A02E,9,1674,12,12,24,28,16,12
sensitivity_1,moving_average,"k=2, theta=0.2689",val,3600D531-0C55-44A7-AE95-A7A38519464E,20,842,2,2,4,3,2,2
sensitivity_1,moving_average,"k=2, theta=0.2689",val,3600D531-0C55-44A7-AE95-A7A38519464E,21,54,3,3,6,4,4,3
sensitivity_1,moving_average,"k=2, theta=0.2689",val,3600D531-0C55-44A7-AE95-A7A38519464E,22,107,1,1,2,1,1,1
sensitivity_1,moving_average,"k=2, theta=0.2689",val,3600D531-0C55-44A7-AE95-A7A38519464E,24,14,0,0,0,0,0,0
sensitivity_1,moving_average,"k=2, theta=0.2689",val,4FC32141-E888-4BFF-8804-12559A491D8C,4,43,0,0,0,0,0,0
sensitivity_1,moving_average,"k=2, theta=0.2689",val,4FC32141-E888-4BFF-8804-12559A491D8C,5,325,4,4,8,18,4,3
sensitivity_1,moving_average,"k=2, theta=0.2689",val,4FC32141-E888-4BFF-8804-12559A491D8C,6,427,1,1,2,1,1,1
sensitivity_1,moving_average,"k=2, theta=0.2689",val,4FC32141-E888-4BFF-8804-12559A491D8C,7,102,0,0,0,0,0,0
sensitivity_1,moving_average,"k=2, theta=0.2689",val,4FC32141-E888-4BFF-8804-12559A491D8C,8,18,0,0,0,0,0,0
sensitivity_1,moving_average,"k=2, theta=0.2689",val,4FC32141-E888-4BFF-8804-12559A491D8C,10,43,0,0,0,0,0,0
sensitivity_1,moving_average,"k=2, theta=0.2689",val,5119D0F8-FCA8-4184-A4EB-19421A40DE0D,9,1294,12,12,24,40,16,10
sensitivity_1,moving_average,"k=2, theta=0.2689",val,5152A2DF-FAF3-4BA8-9CA9-E66B32671A53,6,697,21,21,42,36,31,21
sensitivity_1,moving_average,"k=2, theta=0.2689",val,5152A2DF-FAF3-4BA8-9CA9-E66B32671A53,7,597,0,0,0,0,0,0
sensitivity_1,moving_average,"k=2, theta=0.2689",val,5EF64122-B513-46AE-BCF1-E62AAC285D2C,9,116,0,0,0,0,0,0
sensitivity_1,moving_average,"k=2, theta=0.2689",val,5EF64122-B513-46AE-BCF1-E62AAC285D2C,10,637,3,3,6,7,4,3
sensitivity_1,moving_average,"k=2, theta=0.2689",val,61976C24-1C50-4355-9C49-AAE44A7D09F6,46,1717,12,12,24,24,14,11
sensitivity_1,moving_average,"k=2, theta=0.2689",val,78A91A4E-4A51-4065-BDA7-94755F0BB3BB,5,597,25,25,50,68,34,22
sensitivity_1,moving_average,"k=2, theta=0.2689",val,78A91A4E-4A51-4065-BDA7-94755F0BB3BB,6,1773,19,19,38,27,22,19
sensitivity_1,moving_average,"k=2, theta=0.2689",val,7CE37510-56D0-4120-A1CF-0E23351428D2,6,1923,19,19,38,25,20,19
sensitivity_1,moving_average,"k=2, theta=0.2689",val,8023FE1A-D3B0-4E2C-A57A-9321B7FC755F,23,972,10,10,20,19,12,9
sensitivity_1,moving_average,"k=2, theta=0.2689",val,8023FE1A-D3B0-4E2C-A57A-9321B7FC755F,24,836,15,15,30,22,18,15
sensitivity_1,moving_average,"k=2, theta=0.2689",val,83CF687B-7CEC-434B-9FE8-00C3D5799BE6,7,1879,21,21,42,29,23,21
sensitivity_1,moving_average,"k=2, theta=0.2689",val,9759096F-1119-4E19-A0AD-6F16989C7E1C,3,474,11,11,22,21,15,10
sensitivity_1,moving_average,"k=2, theta=0.2689",val,9759096F-1119-4E19-A0AD-6F16989C7E1C,4,1489,5,5,10,9,7,5
sensitivity_1,moving_average,"k=2, theta=0.2689",val,9DC38D04-E82E-4F29-AB52-B476535226F2,12,1543,7,7,14,13,6,6
sensitivity_1,moving_average,"k=2, theta=0.2689",val,9DC38D04-E82E-4F29-AB52-B476535226F2,18,359,0,0,0,0,0,0
sensitivity_1,moving_average,"k=2, theta=0.2689",val,A5CDF89D-02A2-4EC1-89F8-F534FDABDD96,12,62,0,0,0,0,0,0
sensitivity_1,moving_average,"k=2, theta=0.2689",val,A5CDF89D-02A2-4EC1-89F8-F534FDABDD96,13,841,2,2,4,3,2,2
sensitivity_1,moving_average,"k=2, theta=0.2689",val,A5CDF89D-02A2-4EC1-89F8-F534FDABDD96,14,276,3,3,6,5,3,3
sensitivity_1,moving_average,"k=2, theta=0.2689",val,A76A5AF5-5A93-4CF2-A16E-62353BB70E8A,2,1475,0,0,0,0,0,0
sensitivity_1,moving_average,"k=2, theta=0.2689",val,B09E373F-8A54-44C8-895B-0039390B859F,9,1598,13,13,26,22,18,13
sensitivity_1,moving_average,"k=2, theta=0.2689",val,B9724848-C7E2-45F4-9B3F-A1F38D864495,10,85,0,0,0,0,0,0
sensitivity_1,moving_average,"k=2, theta=0.2689",val,B9724848-C7E2-45F4-9B3F-A1F38D864495,11,522,11,11,22,41,13,9
sensitivity_1,moving_average,"k=2, theta=0.2689",val,B9724848-C7E2-45F4-9B3F-A1F38D864495,13,880,7,7,14,12,8,7
sensitivity_1,moving_average,"k=2, theta=0.2689",val,BE3CA5A6-A561-4BBD-B7C9-5DF6805400FC,13,681,2,2,4,2,2,2
sensitivity_1,moving_average,"k=2, theta=0.2689",val,BE3CA5A6-A561-4BBD-B7C9-5DF6805400FC,14,79,0,0,0,0,0,0
sensitivity_1,moving_average,"k=2, theta=0.2689",val,BE3CA5A6-A561-4BBD-B7C9-5DF6805400FC,15,430,13,13,26,20,19,13
sensitivity_1,moving_average,"k=2, theta=0.2689",val,BE3CA5A6-A561-4BBD-B7C9-5DF6805400FC,16,442,8,8,16,15,9,7
sensitivity_1,moving_average,"k=2, theta=0.2689",val,C48CE857-A0DD-4DDB-BEA5-3A25449B2153,25,150,0,0,0,0,0,0
sensitivity_1,moving_average,"k=2, theta=0.2689",val,C48CE857-A0DD-4DDB-BEA5-3A25449B2153,26,40,0,0,0,0,0,0
sensitivity_1,moving_average,"k=2, theta=0.2689",val,C48CE857-A0DD-4DDB-BEA5-3A25449B2153,28,151,0,0,0,0,0,0
sensitivity_1,moving_average,"k=2, theta=0.2689",val,C48CE857-A0DD-4DDB-BEA5-3A25449B2153,30,239,0,0,0,0,0,0
sensitivity_1,moving_average,"k=2, theta=0.2689",val,C48CE857-A0DD-4DDB-BEA5-3A25449B2153,31,282,3,3,6,3,3,3
sensitivity_1,moving_average,"k=2, theta=0.2689",val,C48CE857-A0DD-4DDB-BEA5-3A25449B2153,32,115,0,0,0,0,0,0
sensitivity_1,moving_average,"k=2, theta=0.2689",val,CA820D43-E5E2-42EF-9798-BE56F776370B,4,1146,5,5,10,5,5,5
sensitivity_1,moving_average,"k=2, theta=0.2689",val,CA820D43-E5E2-42EF-9798-BE56F776370B,8,394,4,4,8,6,4,4
sensitivity_1,moving_average,"k=2, theta=0.2689",val,CDA3BBF7-6631-45E8-85BA-EEB416B32A3C,2,227,0,0,0,0,0,0
sensitivity_1,moving_average,"k=2, theta=0.2689",val,CDA3BBF7-6631-45E8-85BA-EEB416B32A3C,3,316,0,0,0,0,0,0
sensitivity_1,moving_average,"k=2, theta=0.2689",val,CF722AA9-2533-4E51-9FEB-9EAC84EE9AAC,7,113,4,4,8,8,6,4
sensitivity_1,moving_average,"k=2, theta=0.2689",val,CF722AA9-2533-4E51-9FEB-9EAC84EE9AAC,8,371,5,5,10,9,8,5
sensitivity_1,moving_average,"k=2, theta=0.2689",val,CF722AA9-2533-4E51-9FEB-9EAC84EE9AAC,9,210,1,1,2,1,1,1
sensitivity_1,moving_average,"k=2, theta=0.2689",val,D7D20E2E-FC78-405D-B346-DBD3FD8FC92B,7,175,3,3,6,6,3,3
sensitivity_1,moving_average,"k=2, theta=0.2689",val,D7D20E2E-FC78-405D-B346-DBD3FD8FC92B,8,528,1,0,1,1,0,0
sensitivity_1,moving_average,"k=2, theta=0.2689",val,D7D20E2E-FC78-405D-B346-DBD3FD8FC92B,9,42,1,1,2,1,1,1
sensitivity_1,moving_average,"k=2, theta=0.2689",val,D7D20E2E-FC78-405D-B346-DBD3FD8FC92B,10,153,13,13,26,40,19,9
sensitivity_1,moving_average,"k=2, theta=0.2689",val,D7D20E2E-FC78-405D-B346-DBD3FD8FC92B,11,292,3,3,6,5,3,3
sensitivity_1,moving_average,"k=2, theta=0.2689",val,D7D20E2E-FC78-405D-B346-DBD3FD8FC92B,12,23,0,0,0,0,0,0
sensitivity_1,moving_average,"k=2, theta=0.2689",val,E65577C1-8D5D-4F70-AF23-B3ADB9D3DBA3,3,659,8,8,16,13,9,8
sensitivity_1,moving_average,"k=2, theta=0.2689",val,ECECC2AB-D32F-4F90-B74C-E12A1C69BBE2,12,232,0,0,0,0,0,0
sensitivity_1,moving_average,"k=2, theta=0.2689",val,ECECC2AB-D32F-4F90-B74C-E12A1C69BBE2,13,35,0,0,0,0,0,0
sensitivity_1,moving_average,"k=2, theta=0.2689",val,ECECC2AB-D32F-4F90-B74C-E12A1C69BBE2,14,204,5,5,10,8,7,5
sensitivity_1,moving_average,"k=2, theta=0.2689",val,ECECC2AB-D32F-4F90-B74C-E12A1C69BBE2,15,206,0,0,0,0,0,0
sensitivity_1,moving_average,"k=2, theta=0.2689",val,FDAA70A1-42A3-4E3F-9AE3-3FDA412E03BF,18,966,8,8,16,21,10,8
sensitivity_1,ewma,"alpha=0.7, theta=0.2497",val,00EABED2-271D-49D8-B599-1D4A09240601,23,428,7,7,14,23,9,5
sensitivity_1,ewma,"alpha=0.7, theta=0.2497",val,098A72A5-E3E5-4F54-A152-BBDA0DF7B694,5,174,0,0,0,0,0,0
sensitivity_1,ewma,"alpha=0.7, theta=0.2497",val,098A72A5-E3E5-4F54-A152-BBDA0DF7B694,6,134,1,1,2,1,1,1
sensitivity_1,ewma,"alpha=0.7, theta=0.2497",val,098A72A5-E3E5-4F54-A152-BBDA0DF7B694,7,13,0,0,0,0,0,0
sensitivity_1,ewma,"alpha=0.7, theta=0.2497",val,098A72A5-E3E5-4F54-A152-BBDA0DF7B694,8,275,1,1,2,1,1,1
sensitivity_1,ewma,"alpha=0.7, theta=0.2497",val,098A72A5-E3E5-4F54-A152-BBDA0DF7B694,9,459,1,1,2,1,1,1
sensitivity_1,ewma,"alpha=0.7, theta=0.2497",val,098A72A5-E3E5-4F54-A152-BBDA0DF7B694,10,75,1,1,2,1,1,1
sensitivity_1,ewma,"alpha=0.7, theta=0.2497",val,098A72A5-E3E5-4F54-A152-BBDA0DF7B694,11,44,0,0,0,0,0,0
sensitivity_1,ewma,"alpha=0.7, theta=0.2497",val,098A72A5-E3E5-4F54-A152-BBDA0DF7B694,13,156,1,1,2,1,1,1
sensitivity_1,ewma,"alpha=0.7, theta=0.2497",val,0A986513-7828-4D53-AA1F-E02D6DF9561B,6,763,10,10,20,17,14,10
sensitivity_1,ewma,"alpha=0.7, theta=0.2497",val,11B5EC4D-4133-4289-B475-4E737182A406,3,616,7,7,14,9,12,7
sensitivity_1,ewma,"alpha=0.7, theta=0.2497",val,11B5EC4D-4133-4289-B475-4E737182A406,4,799,15,15,30,20,21,15
sensitivity_1,ewma,"alpha=0.7, theta=0.2497",val,11B5EC4D-4133-4289-B475-4E737182A406,5,324,0,0,0,0,0,0
sensitivity_1,ewma,"alpha=0.7, theta=0.2497",val,136562B6-95B2-483D-88DC-065F28409FD2,17,181,0,0,0,0,0,0
sensitivity_1,ewma,"alpha=0.7, theta=0.2497",val,136562B6-95B2-483D-88DC-065F28409FD2,18,847,5,5,10,13,7,5
sensitivity_1,ewma,"alpha=0.7, theta=0.2497",val,136562B6-95B2-483D-88DC-065F28409FD2,19,80,1,1,2,1,1,1
sensitivity_1,ewma,"alpha=0.7, theta=0.2497",val,136562B6-95B2-483D-88DC-065F28409FD2,20,107,2,2,4,4,2,2
sensitivity_1,ewma,"alpha=0.7, theta=0.2497",val,1538C99F-BA1E-4EFB-A949-6C7C47701B20,25,291,0,0,0,0,0,0
sensitivity_1,ewma,"alpha=0.7, theta=0.2497",val,1538C99F-BA1E-4EFB-A949-6C7C47701B20,26,82,0,0,0,0,0,0
sensitivity_1,ewma,"alpha=0.7, theta=0.2497",val,1538C99F-BA1E-4EFB-A949-6C7C47701B20,27,160,1,1,2,1,1,1
sensitivity_1,ewma,"alpha=0.7, theta=0.2497",val,1538C99F-BA1E-4EFB-A949-6C7C47701B20,28,748,11,11,22,14,13,11
sensitivity_1,ewma,"alpha=0.7, theta=0.2497",val,24E40C4C-A349-4F9F-93AB-01D00FB994AF,12,236,1,1,2,1,1,1
sensitivity_1,ewma,"alpha=0.7, theta=0.2497",val,24E40C4C-A349-4F9F-93AB-01D00FB994AF,13,213,3,3,6,8,4,3
sensitivity_1,ewma,"alpha=0.7, theta=0.2497",val,24E40C4C-A349-4F9F-93AB-01D00FB994AF,14,141,0,0,0,0,0,0
sensitivity_1,ewma,"alpha=0.7, theta=0.2497",val,24E40C4C-A349-4F9F-93AB-01D00FB994AF,15,317,2,2,4,2,2,2
sensitivity_1,ewma,"alpha=0.7, theta=0.2497",val,24E40C4C-A349-4F9F-93AB-01D00FB994AF,16,18,0,0,0,0,0,0
sensitivity_1,ewma,"alpha=0.7, theta=0.2497",val,2C32C23E-E30C-498A-8DD2-0EFB9150A02E,9,1674,15,15,30,28,22,15
sensitivity_1,ewma,"alpha=0.7, theta=0.2497",val,3600D531-0C55-44A7-AE95-A7A38519464E,20,842,1,1,2,1,1,1
sensitivity_1,ewma,"alpha=0.7, theta=0.2497",val,3600D531-0C55-44A7-AE95-A7A38519464E,21,54,3,3,6,3,4,3
sensitivity_1,ewma,"alpha=0.7, theta=0.2497",val,3600D531-0C55-44A7-AE95-A7A38519464E,22,107,1,1,2,1,1,1
sensitivity_1,ewma,"alpha=0.7, theta=0.2497",val,3600D531-0C55-44A7-AE95-A7A38519464E,24,14,0,0,0,0,0,0
sensitivity_1,ewma,"alpha=0.7, theta=0.2497",val,4FC32141-E888-4BFF-8804-12559A491D8C,4,43,0,0,0,0,0,0
sensitivity_1,ewma,"alpha=0.7, theta=0.2497",val,4FC32141-E888-4BFF-8804-12559A491D8C,5,325,4,4,8,13,4,3
sensitivity_1,ewma,"alpha=0.7, theta=0.2497",val,4FC32141-E888-4BFF-8804-12559A491D8C,6,427,0,0,0,0,0,0
sensitivity_1,ewma,"alpha=0.7, theta=0.2497",val,4FC32141-E888-4BFF-8804-12559A491D8C,7,102,0,0,0,0,0,0
sensitivity_1,ewma,"alpha=0.7, theta=0.2497",val,4FC32141-E888-4BFF-8804-12559A491D8C,8,18,0,0,0,0,0,0
sensitivity_1,ewma,"alpha=0.7, theta=0.2497",val,4FC32141-E888-4BFF-8804-12559A491D8C,10,43,0,0,0,0,0,0
sensitivity_1,ewma,"alpha=0.7, theta=0.2497",val,5119D0F8-FCA8-4184-A4EB-19421A40DE0D,9,1294,16,16,32,34,25,15
sensitivity_1,ewma,"alpha=0.7, theta=0.2497",val,5152A2DF-FAF3-4BA8-9CA9-E66B32671A53,6,697,19,19,38,26,27,19
sensitivity_1,ewma,"alpha=0.7, theta=0.2497",val,5152A2DF-FAF3-4BA8-9CA9-E66B32671A53,7,597,0,0,0,0,0,0
sensitivity_1,ewma,"alpha=0.7, theta=0.2497",val,5EF64122-B513-46AE-BCF1-E62AAC285D2C,9,116,0,0,0,0,0,0
sensitivity_1,ewma,"alpha=0.7, theta=0.2497",val,5EF64122-B513-46AE-BCF1-E62AAC285D2C,10,637,5,5,10,7,8,5
sensitivity_1,ewma,"alpha=0.7, theta=0.2497",val,61976C24-1C50-4355-9C49-AAE44A7D09F6,46,1717,11,11,22,20,13,10
sensitivity_1,ewma,"alpha=0.7, theta=0.2497",val,78A91A4E-4A51-4065-BDA7-94755F0BB3BB,5,597,23,23,46,50,33,21
sensitivity_1,ewma,"alpha=0.7, theta=0.2497",val,78A91A4E-4A51-4065-BDA7-94755F0BB3BB,6,1773,17,17,34,20,21,17
sensitivity_1,ewma,"alpha=0.7, theta=0.2497",val,7CE37510-56D0-4120-A1CF-0E23351428D2,6,1923,15,15,30,19,15,15
sensitivity_1,ewma,"alpha=0.7, theta=0.2497",val,8023FE1A-D3B0-4E2C-A57A-9321B7FC755F,23,972,6,6,12,15,6,5
sensitivity_1,ewma,"alpha=0.7, theta=0.2497",val,8023FE1A-D3B0-4E2C-A57A-9321B7FC755F,24,836,10,10,20,14,13,10
sensitivity_1,ewma,"alpha=0.7, theta=0.2497",val,83CF687B-7CEC-434B-9FE8-00C3D5799BE6,7,1879,21,21,42,28,22,21
sensitivity_1,ewma,"alpha=0.7, theta=0.2497",val,9759096F-1119-4E19-A0AD-6F16989C7E1C,3,474,14,14,28,27,21,13
sensitivity_1,ewma,"alpha=0.7, theta=0.2497",val,9759096F-1119-4E19-A0AD-6F16989C7E1C,4,1489,3,3,6,6,3,3
sensitivity_1,ewma,"alpha=0.7, theta=0.2497",val,9DC38D04-E82E-4F29-AB52-B476535226F2,12,1543,6,6,12,10,7,6
sensitivity_1,ewma,"alpha=0.7, theta=0.2497",val,9DC38D04-E82E-4F29-AB52-B476535226F2,18,359,0,0,0,0,0,0
sensitivity_1,ewma,"alpha=0.7, theta=0.2497",val,A5CDF89D-02A2-4EC1-89F8-F534FDABDD96,12,62,0,0,0,0,0,0
sensitivity_1,ewma,"alpha=0.7, theta=0.2497",val,A5CDF89D-02A2-4EC1-89F8-F534FDABDD96,13,841,3,3,6,4,3,3
sensitivity_1,ewma,"alpha=0.7, theta=0.2497",val,A5CDF89D-02A2-4EC1-89F8-F534FDABDD96,14,276,1,1,2,1,1,1
sensitivity_1,ewma,"alpha=0.7, theta=0.2497",val,A76A5AF5-5A93-4CF2-A16E-62353BB70E8A,2,1475,0,0,0,0,0,0
sensitivity_1,ewma,"alpha=0.7, theta=0.2497",val,B09E373F-8A54-44C8-895B-0039390B859F,9,1598,11,11,22,18,16,11
sensitivity_1,ewma,"alpha=0.7, theta=0.2497",val,B9724848-C7E2-45F4-9B3F-A1F38D864495,10,85,0,0,0,0,0,0
sensitivity_1,ewma,"alpha=0.7, theta=0.2497",val,B9724848-C7E2-45F4-9B3F-A1F38D864495,11,522,14,14,28,41,20,12
sensitivity_1,ewma,"alpha=0.7, theta=0.2497",val,B9724848-C7E2-45F4-9B3F-A1F38D864495,13,880,5,5,10,8,5,5
sensitivity_1,ewma,"alpha=0.7, theta=0.2497",val,BE3CA5A6-A561-4BBD-B7C9-5DF6805400FC,13,681,2,2,4,2,2,2
sensitivity_1,ewma,"alpha=0.7, theta=0.2497",val,BE3CA5A6-A561-4BBD-B7C9-5DF6805400FC,14,79,0,0,0,0,0,0
sensitivity_1,ewma,"alpha=0.7, theta=0.2497",val,BE3CA5A6-A561-4BBD-B7C9-5DF6805400FC,15,430,11,11,22,14,14,11
sensitivity_1,ewma,"alpha=0.7, theta=0.2497",val,BE3CA5A6-A561-4BBD-B7C9-5DF6805400FC,16,442,7,7,14,12,9,7
sensitivity_1,ewma,"alpha=0.7, theta=0.2497",val,C48CE857-A0DD-4DDB-BEA5-3A25449B2153,25,150,0,0,0,0,0,0
sensitivity_1,ewma,"alpha=0.7, theta=0.2497",val,C48CE857-A0DD-4DDB-BEA5-3A25449B2153,26,40,0,0,0,0,0,0
sensitivity_1,ewma,"alpha=0.7, theta=0.2497",val,C48CE857-A0DD-4DDB-BEA5-3A25449B2153,28,151,1,1,2,1,1,1
sensitivity_1,ewma,"alpha=0.7, theta=0.2497",val,C48CE857-A0DD-4DDB-BEA5-3A25449B2153,30,239,0,0,0,0,0,0
sensitivity_1,ewma,"alpha=0.7, theta=0.2497",val,C48CE857-A0DD-4DDB-BEA5-3A25449B2153,31,282,1,1,2,1,1,1
sensitivity_1,ewma,"alpha=0.7, theta=0.2497",val,C48CE857-A0DD-4DDB-BEA5-3A25449B2153,32,115,0,0,0,0,0,0
sensitivity_1,ewma,"alpha=0.7, theta=0.2497",val,CA820D43-E5E2-42EF-9798-BE56F776370B,4,1146,4,4,8,4,4,4
sensitivity_1,ewma,"alpha=0.7, theta=0.2497",val,CA820D43-E5E2-42EF-9798-BE56F776370B,8,394,3,3,6,5,3,3
sensitivity_1,ewma,"alpha=0.7, theta=0.2497",val,CDA3BBF7-6631-45E8-85BA-EEB416B32A3C,2,227,1,1,2,1,1,1
sensitivity_1,ewma,"alpha=0.7, theta=0.2497",val,CDA3BBF7-6631-45E8-85BA-EEB416B32A3C,3,316,0,0,0,0,0,0
sensitivity_1,ewma,"alpha=0.7, theta=0.2497",val,CF722AA9-2533-4E51-9FEB-9EAC84EE9AAC,7,113,5,5,10,10,9,5
sensitivity_1,ewma,"alpha=0.7, theta=0.2497",val,CF722AA9-2533-4E51-9FEB-9EAC84EE9AAC,8,371,6,6,12,9,10,6
sensitivity_1,ewma,"alpha=0.7, theta=0.2497",val,CF722AA9-2533-4E51-9FEB-9EAC84EE9AAC,9,210,0,0,0,0,0,0
sensitivity_1,ewma,"alpha=0.7, theta=0.2497",val,D7D20E2E-FC78-405D-B346-DBD3FD8FC92B,7,175,3,3,6,4,3,3
sensitivity_1,ewma,"alpha=0.7, theta=0.2497",val,D7D20E2E-FC78-405D-B346-DBD3FD8FC92B,8,528,1,0,1,2,0,0
sensitivity_1,ewma,"alpha=0.7, theta=0.2497",val,D7D20E2E-FC78-405D-B346-DBD3FD8FC92B,9,42,0,0,0,0,0,0
sensitivity_1,ewma,"alpha=0.7, theta=0.2497",val,D7D20E2E-FC78-405D-B346-DBD3FD8FC92B,10,153,14,14,28,34,21,11
sensitivity_1,ewma,"alpha=0.7, theta=0.2497",val,D7D20E2E-FC78-405D-B346-DBD3FD8FC92B,11,292,1,1,2,3,1,1
sensitivity_1,ewma,"alpha=0.7, theta=0.2497",val,D7D20E2E-FC78-405D-B346-DBD3FD8FC92B,12,23,0,0,0,0,0,0
sensitivity_1,ewma,"alpha=0.7, theta=0.2497",val,E65577C1-8D5D-4F70-AF23-B3ADB9D3DBA3,3,659,8,8,16,11,10,8
sensitivity_1,ewma,"alpha=0.7, theta=0.2497",val,ECECC2AB-D32F-4F90-B74C-E12A1C69BBE2,12,232,0,0,0,0,0,0
sensitivity_1,ewma,"alpha=0.7, theta=0.2497",val,ECECC2AB-D32F-4F90-B74C-E12A1C69BBE2,13,35,0,0,0,0,0,0
sensitivity_1,ewma,"alpha=0.7, theta=0.2497",val,ECECC2AB-D32F-4F90-B74C-E12A1C69BBE2,14,204,2,2,4,6,3,2
sensitivity_1,ewma,"alpha=0.7, theta=0.2497",val,ECECC2AB-D32F-4F90-B74C-E12A1C69BBE2,15,206,0,0,0,0,0,0
sensitivity_1,ewma,"alpha=0.7, theta=0.2497",val,FDAA70A1-42A3-4E3F-9AE3-3FDA412E03BF,18,966,9,9,18,15,13,9
sensitivity_1,majority_vote,"k=3, theta=0.2891",val,00EABED2-271D-49D8-B599-1D4A09240601,23,428,4,4,8,26,4,3
sensitivity_1,majority_vote,"k=3, theta=0.2891",val,098A72A5-E3E5-4F54-A152-BBDA0DF7B694,5,174,0,0,0,0,0,0
sensitivity_1,majority_vote,"k=3, theta=0.2891",val,098A72A5-E3E5-4F54-A152-BBDA0DF7B694,6,134,1,1,2,2,1,1
sensitivity_1,majority_vote,"k=3, theta=0.2891",val,098A72A5-E3E5-4F54-A152-BBDA0DF7B694,7,13,1,1,2,2,1,1
sensitivity_1,majority_vote,"k=3, theta=0.2891",val,098A72A5-E3E5-4F54-A152-BBDA0DF7B694,8,275,1,1,2,1,1,1
sensitivity_1,majority_vote,"k=3, theta=0.2891",val,098A72A5-E3E5-4F54-A152-BBDA0DF7B694,9,459,1,1,2,1,1,1
sensitivity_1,majority_vote,"k=3, theta=0.2891",val,098A72A5-E3E5-4F54-A152-BBDA0DF7B694,10,75,0,0,0,0,0,0
sensitivity_1,majority_vote,"k=3, theta=0.2891",val,098A72A5-E3E5-4F54-A152-BBDA0DF7B694,11,44,1,1,2,2,1,1
sensitivity_1,majority_vote,"k=3, theta=0.2891",val,098A72A5-E3E5-4F54-A152-BBDA0DF7B694,13,156,1,1,2,2,1,1
sensitivity_1,majority_vote,"k=3, theta=0.2891",val,0A986513-7828-4D53-AA1F-E02D6DF9561B,6,763,7,7,14,20,8,6
sensitivity_1,majority_vote,"k=3, theta=0.2891",val,11B5EC4D-4133-4289-B475-4E737182A406,3,616,4,4,8,13,5,3
sensitivity_1,majority_vote,"k=3, theta=0.2891",val,11B5EC4D-4133-4289-B475-4E737182A406,4,799,15,15,30,40,20,14
sensitivity_1,majority_vote,"k=3, theta=0.2891",val,11B5EC4D-4133-4289-B475-4E737182A406,5,324,0,0,0,0,0,0
sensitivity_1,majority_vote,"k=3, theta=0.2891",val,136562B6-95B2-483D-88DC-065F28409FD2,17,181,0,0,0,0,0,0
sensitivity_1,majority_vote,"k=3, theta=0.2891",val,136562B6-95B2-483D-88DC-065F28409FD2,18,847,4,4,8,19,3,2
sensitivity_1,majority_vote,"k=3, theta=0.2891",val,136562B6-95B2-483D-88DC-065F28409FD2,19,80,0,0,0,0,0,0
sensitivity_1,majority_vote,"k=3, theta=0.2891",val,136562B6-95B2-483D-88DC-065F28409FD2,20,107,2,2,4,6,2,2
sensitivity_1,majority_vote,"k=3, theta=0.2891",val,1538C99F-BA1E-4EFB-A949-6C7C47701B20,25,291,1,1,2,1,1,1
sensitivity_1,majority_vote,"k=3, theta=0.2891",val,1538C99F-BA1E-4EFB-A949-6C7C47701B20,26,82,0,0,0,0,0,0
sensitivity_1,majority_vote,"k=3, theta=0.2891",val,1538C99F-BA1E-4EFB-A949-6C7C47701B20,27,160,1,1,2,1,1,1
sensitivity_1,majority_vote,"k=3, theta=0.2891",val,1538C99F-BA1E-4EFB-A949-6C7C47701B20,28,748,12,12,24,24,15,12
sensitivity_1,majority_vote,"k=3, theta=0.2891",val,24E40C4C-A349-4F9F-93AB-01D00FB994AF,12,236,1,1,2,2,1,1
sensitivity_1,majority_vote,"k=3, theta=0.2891",val,24E40C4C-A349-4F9F-93AB-01D00FB994AF,13,213,1,1,2,11,0,0
sensitivity_1,majority_vote,"k=3, theta=0.2891",val,24E40C4C-A349-4F9F-93AB-01D00FB994AF,14,141,0,0,0,0,0,0
sensitivity_1,majority_vote,"k=3, theta=0.2891",val,24E40C4C-A349-4F9F-93AB-01D00FB994AF,15,317,4,4,8,6,4,4
sensitivity_1,majority_vote,"k=3, theta=0.2891",val,24E40C4C-A349-4F9F-93AB-01D00FB994AF,16,18,0,0,0,0,0,0
sensitivity_1,majority_vote,"k=3, theta=0.2891",val,2C32C23E-E30C-498A-8DD2-0EFB9150A02E,9,1674,15,15,30,37,22,14
sensitivity_1,majority_vote,"k=3, theta=0.2891",val,3600D531-0C55-44A7-AE95-A7A38519464E,20,842,2,2,4,6,2,2
sensitivity_1,majority_vote,"k=3, theta=0.2891",val,3600D531-0C55-44A7-AE95-A7A38519464E,21,54,2,2,4,8,2,2
sensitivity_1,majority_vote,"k=3, theta=0.2891",val,3600D531-0C55-44A7-AE95-A7A38519464E,22,107,1,1,2,2,1,1
sensitivity_1,majority_vote,"k=3, theta=0.2891",val,3600D531-0C55-44A7-AE95-A7A38519464E,24,14,0,0,0,0,0,0
sensitivity_1,majority_vote,"k=3, theta=0.2891",val,4FC32141-E888-4BFF-8804-12559A491D8C,4,43,0,0,0,0,0,0
sensitivity_1,majority_vote,"k=3, theta=0.2891",val,4FC32141-E888-4BFF-8804-12559A491D8C,5,325,9,9,18,26,14,8
sensitivity_1,majority_vote,"k=3, theta=0.2891",val,4FC32141-E888-4BFF-8804-12559A491D8C,6,427,1,1,2,2,1,1
sensitivity_1,majority_vote,"k=3, theta=0.2891",val,4FC32141-E888-4BFF-8804-12559A491D8C,7,102,1,1,2,1,1,1
sensitivity_1,majority_vote,"k=3, theta=0.2891",val,4FC32141-E888-4BFF-8804-12559A491D8C,8,18,0,0,0,0,0,0
sensitivity_1,majority_vote,"k=3, theta=0.2891",val,4FC32141-E888-4BFF-8804-12559A491D8C,10,43,0,0,0,0,0,0
sensitivity_1,majority_vote,"k=3, theta=0.2891",val,5119D0F8-FCA8-4184-A4EB-19421A40DE0D,9,1294,12,12,24,50,14,9
sensitivity_1,majority_vote,"k=3, theta=0.2891",val,5152A2DF-FAF3-4BA8-9CA9-E66B32671A53,6,697,19,19,38,48,27,18
sensitivity_1,majority_vote,"k=3, theta=0.2891",val,5152A2DF-FAF3-4BA8-9CA9-E66B32671A53,7,597,0,0,0,0,0,0
sensitivity_1,majority_vote,"k=3, theta=0.2891",val,5EF64122-B513-46AE-BCF1-E62AAC285D2C,9,116,0,0,0,0,0,0
sensitivity_1,majority_vote,"k=3, theta=0.2891",val,5EF64122-B513-46AE-BCF1-E62AAC285D2C,10,637,3,3,6,12,3,2
sensitivity_1,majority_vote,"k=3, theta=0.2891",val,61976C24-1C50-4355-9C49-AAE44A7D09F6,46,1717,10,10,20,25,12,9
sensitivity_1,majority_vote,"k=3, theta=0.2891",val,78A91A4E-4A51-4065-BDA7-94755F0BB3BB,5,597,17,17,34,79,18,14
sensitivity_1,majority_vote,"k=3, theta=0.2891",val,78A91A4E-4A51-4065-BDA7-94755F0BB3BB,6,1773,17,17,34,32,17,17
sensitivity_1,majority_vote,"k=3, theta=0.2891",val,7CE37510-56D0-4120-A1CF-0E23351428D2,6,1923,18,18,36,38,21,18
sensitivity_1,majority_vote,"k=3, theta=0.2891",val,8023FE1A-D3B0-4E2C-A57A-9321B7FC755F,23,972,6,6,12,28,5,4
sensitivity_1,majority_vote,"k=3, theta=0.2891",val,8023FE1A-D3B0-4E2C-A57A-9321B7FC755F,24,836,11,11,22,28,13,11
sensitivity_1,majority_vote,"k=3, theta=0.2891",val,83CF687B-7CEC-434B-9FE8-00C3D5799BE6,7,1879,25,25,50,49,31,25
sensitivity_1,majority_vote,"k=3, theta=0.2891",val,9759096F-1119-4E19-A0AD-6F16989C7E1C,3,474,13,13,26,32,19,12
sensitivity_1,majority_vote,"k=3, theta=0.2891",val,9759096F-1119-4E19-A0AD-6F16989C7E1C,4,1489,5,5,10,10,6,5
sensitivity_1,majority_vote,"k=3, theta=0.2891",val,9DC38D04-E82E-4F29-AB52-B476535226F2,12,1543,8,8,16,19,7,7
sensitivity_1,majority_vote,"k=3, theta=0.2891",val,9DC38D04-E82E-4F29-AB52-B476535226F2,18,359,0,0,0,0,0,0
sensitivity_1,majority_vote,"k=3, theta=0.2891",val,A5CDF89D-02A2-4EC1-89F8-F534FDABDD96,12,62,0,0,0,0,0,0
sensitivity_1,majority_vote,"k=3, theta=0.2891",val,A5CDF89D-02A2-4EC1-89F8-F534FDABDD96,13,841,3,3,6,7,3,3
sensitivity_1,majority_vote,"k=3, theta=0.2891",val,A5CDF89D-02A2-4EC1-89F8-F534FDABDD96,14,276,1,1,2,2,1,1
sensitivity_1,majority_vote,"k=3, theta=0.2891",val,A76A5AF5-5A93-4CF2-A16E-62353BB70E8A,2,1475,9,9,18,16,14,9
sensitivity_1,majority_vote,"k=3, theta=0.2891",val,B09E373F-8A54-44C8-895B-0039390B859F,9,1598,10,10,20,30,12,9
sensitivity_1,majority_vote,"k=3, theta=0.2891",val,B9724848-C7E2-45F4-9B3F-A1F38D864495,10,85,0,0,0,0,0,0
sensitivity_1,majority_vote,"k=3, theta=0.2891",val,B9724848-C7E2-45F4-9B3F-A1F38D864495,11,522,11,11,22,56,12,7
sensitivity_1,majority_vote,"k=3, theta=0.2891",val,B9724848-C7E2-45F4-9B3F-A1F38D864495,13,880,4,4,8,13,4,4
sensitivity_1,majority_vote,"k=3, theta=0.2891",val,BE3CA5A6-A561-4BBD-B7C9-5DF6805400FC,13,681,3,3,6,6,4,3
sensitivity_1,majority_vote,"k=3, theta=0.2891",val,BE3CA5A6-A561-4BBD-B7C9-5DF6805400FC,14,79,0,0,0,0,0,0
sensitivity_1,majority_vote,"k=3, theta=0.2891",val,BE3CA5A6-A561-4BBD-B7C9-5DF6805400FC,15,430,9,9,18,27,12,8
sensitivity_1,majority_vote,"k=3, theta=0.2891",val,BE3CA5A6-A561-4BBD-B7C9-5DF6805400FC,16,442,7,7,14,23,8,6
sensitivity_1,majority_vote,"k=3, theta=0.2891",val,C48CE857-A0DD-4DDB-BEA5-3A25449B2153,25,150,0,0,0,0,0,0
sensitivity_1,majority_vote,"k=3, theta=0.2891",val,C48CE857-A0DD-4DDB-BEA5-3A25449B2153,26,40,0,0,0,0,0,0
sensitivity_1,majority_vote,"k=3, theta=0.2891",val,C48CE857-A0DD-4DDB-BEA5-3A25449B2153,28,151,1,1,2,1,1,1
sensitivity_1,majority_vote,"k=3, theta=0.2891",val,C48CE857-A0DD-4DDB-BEA5-3A25449B2153,30,239,0,0,0,0,0,0
sensitivity_1,majority_vote,"k=3, theta=0.2891",val,C48CE857-A0DD-4DDB-BEA5-3A25449B2153,31,282,5,5,10,7,6,5
sensitivity_1,majority_vote,"k=3, theta=0.2891",val,C48CE857-A0DD-4DDB-BEA5-3A25449B2153,32,115,2,2,4,3,2,2
sensitivity_1,majority_vote,"k=3, theta=0.2891",val,CA820D43-E5E2-42EF-9798-BE56F776370B,4,1146,2,2,4,3,2,2
sensitivity_1,majority_vote,"k=3, theta=0.2891",val,CA820D43-E5E2-42EF-9798-BE56F776370B,8,394,5,5,10,10,5,5
sensitivity_1,majority_vote,"k=3, theta=0.2891",val,CDA3BBF7-6631-45E8-85BA-EEB416B32A3C,2,227,0,0,0,0,0,0
sensitivity_1,majority_vote,"k=3, theta=0.2891",val,CDA3BBF7-6631-45E8-85BA-EEB416B32A3C,3,316,0,0,0,0,0,0
sensitivity_1,majority_vote,"k=3, theta=0.2891",val,CF722AA9-2533-4E51-9FEB-9EAC84EE9AAC,7,113,3,3,6,10,4,2
sensitivity_1,majority_vote,"k=3, theta=0.2891",val,CF722AA9-2533-4E51-9FEB-9EAC84EE9AAC,8,371,4,4,8,17,2,2
sensitivity_1,majority_vote,"k=3, theta=0.2891",val,CF722AA9-2533-4E51-9FEB-9EAC84EE9AAC,9,210,2,2,4,3,2,2
sensitivity_1,majority_vote,"k=3, theta=0.2891",val,D7D20E2E-FC78-405D-B346-DBD3FD8FC92B,7,175,3,3,6,8,3,3
sensitivity_1,majority_vote,"k=3, theta=0.2891",val,D7D20E2E-FC78-405D-B346-DBD3FD8FC92B,8,528,1,0,1,1,0,0
sensitivity_1,majority_vote,"k=3, theta=0.2891",val,D7D20E2E-FC78-405D-B346-DBD3FD8FC92B,9,42,0,0,0,0,0,0
sensitivity_1,majority_vote,"k=3, theta=0.2891",val,D7D20E2E-FC78-405D-B346-DBD3FD8FC92B,10,153,8,8,16,48,9,4
sensitivity_1,majority_vote,"k=3, theta=0.2891",val,D7D20E2E-FC78-405D-B346-DBD3FD8FC92B,11,292,3,3,6,8,3,3
sensitivity_1,majority_vote,"k=3, theta=0.2891",val,D7D20E2E-FC78-405D-B346-DBD3FD8FC92B,12,23,0,0,0,0,0,0
sensitivity_1,majority_vote,"k=3, theta=0.2891",val,E65577C1-8D5D-4F70-AF23-B3ADB9D3DBA3,3,659,8,8,16,14,10,8
sensitivity_1,majority_vote,"k=3, theta=0.2891",val,ECECC2AB-D32F-4F90-B74C-E12A1C69BBE2,12,232,1,1,2,1,1,1
sensitivity_1,majority_vote,"k=3, theta=0.2891",val,ECECC2AB-D32F-4F90-B74C-E12A1C69BBE2,13,35,0,0,0,0,0,0
sensitivity_1,majority_vote,"k=3, theta=0.2891",val,ECECC2AB-D32F-4F90-B74C-E12A1C69BBE2,14,204,3,3,6,10,2,2
sensitivity_1,majority_vote,"k=3, theta=0.2891",val,ECECC2AB-D32F-4F90-B74C-E12A1C69BBE2,15,206,0,0,0,0,0,0
sensitivity_1,majority_vote,"k=3, theta=0.2891",val,FDAA70A1-42A3-4E3F-9AE3-3FDA412E03BF,18,966,10,10,20,29,11,9
sensitivity_1,debounce,"T=2, theta=0.3543",val,00EABED2-271D-49D8-B599-1D4A09240601,23,428,4,4,8,28,4,3
sensitivity_1,debounce,"T=2, theta=0.3543",val,098A72A5-E3E5-4F54-A152-BBDA0DF7B694,5,174,1,1,2,2,1,1
sensitivity_1,debounce,"T=2, theta=0.3543",val,098A72A5-E3E5-4F54-A152-BBDA0DF7B694,6,134,2,2,4,4,3,2
sensitivity_1,debounce,"T=2, theta=0.3543",val,098A72A5-E3E5-4F54-A152-BBDA0DF7B694,7,13,0,0,0,0,0,0
sensitivity_1,debounce,"T=2, theta=0.3543",val,098A72A5-E3E5-4F54-A152-BBDA0DF7B694,8,275,0,0,0,0,0,0
sensitivity_1,debounce,"T=2, theta=0.3543",val,098A72A5-E3E5-4F54-A152-BBDA0DF7B694,9,459,0,0,0,0,0,0
sensitivity_1,debounce,"T=2, theta=0.3543",val,098A72A5-E3E5-4F54-A152-BBDA0DF7B694,10,75,0,0,0,0,0,0
sensitivity_1,debounce,"T=2, theta=0.3543",val,098A72A5-E3E5-4F54-A152-BBDA0DF7B694,11,44,1,1,2,2,1,1
sensitivity_1,debounce,"T=2, theta=0.3543",val,098A72A5-E3E5-4F54-A152-BBDA0DF7B694,13,156,1,1,2,3,1,1
sensitivity_1,debounce,"T=2, theta=0.3543",val,0A986513-7828-4D53-AA1F-E02D6DF9561B,6,763,8,8,16,26,8,7
sensitivity_1,debounce,"T=2, theta=0.3543",val,11B5EC4D-4133-4289-B475-4E737182A406,3,616,4,4,8,27,4,3
sensitivity_1,debounce,"T=2, theta=0.3543",val,11B5EC4D-4133-4289-B475-4E737182A406,4,799,11,11,22,74,6,5
sensitivity_1,debounce,"T=2, theta=0.3543",val,11B5EC4D-4133-4289-B475-4E737182A406,5,324,0,0,0,0,0,0
sensitivity_1,debounce,"T=2, theta=0.3543",val,136562B6-95B2-483D-88DC-065F28409FD2,17,181,0,0,0,0,0,0
sensitivity_1,debounce,"T=2, theta=0.3543",val,136562B6-95B2-483D-88DC-065F28409FD2,18,847,6,6,12,31,3,3
sensitivity_1,debounce,"T=2, theta=0.3543",val,136562B6-95B2-483D-88DC-065F28409FD2,19,80,1,1,2,2,1,1
sensitivity_1,debounce,"T=2, theta=0.3543",val,136562B6-95B2-483D-88DC-065F28409FD2,20,107,3,3,6,9,3,3
sensitivity_1,debounce,"T=2, theta=0.3543",val,1538C99F-BA1E-4EFB-A949-6C7C47701B20,25,291,0,0,0,0,0,0
sensitivity_1,debounce,"T=2, theta=0.3543",val,1538C99F-BA1E-4EFB-A949-6C7C47701B20,26,82,0,0,0,0,0,0
sensitivity_1,debounce,"T=2, theta=0.3543",val,1538C99F-BA1E-4EFB-A949-6C7C47701B20,27,160,2,2,4,5,2,2
sensitivity_1,debounce,"T=2, theta=0.3543",val,1538C99F-BA1E-4EFB-A949-6C7C47701B20,28,748,9,9,18,31,10,8
sensitivity_1,debounce,"T=2, theta=0.3543",val,24E40C4C-A349-4F9F-93AB-01D00FB994AF,12,236,1,1,2,3,1,1
sensitivity_1,debounce,"T=2, theta=0.3543",val,24E40C4C-A349-4F9F-93AB-01D00FB994AF,13,213,2,2,4,12,1,1
sensitivity_1,debounce,"T=2, theta=0.3543",val,24E40C4C-A349-4F9F-93AB-01D00FB994AF,14,141,1,1,2,4,1,1
sensitivity_1,debounce,"T=2, theta=0.3543",val,24E40C4C-A349-4F9F-93AB-01D00FB994AF,15,317,6,6,12,16,5,5
sensitivity_1,debounce,"T=2, theta=0.3543",val,24E40C4C-A349-4F9F-93AB-01D00FB994AF,16,18,0,0,0,0,0,0
sensitivity_1,debounce,"T=2, theta=0.3543",val,2C32C23E-E30C-498A-8DD2-0EFB9150A02E,9,1674,7,7,14,49,5,4
sensitivity_1,debounce,"T=2, theta=0.3543",val,3600D531-0C55-44A7-AE95-A7A38519464E,20,842,3,3,6,10,2,2
sensitivity_1,debounce,"T=2, theta=0.3543",val,3600D531-0C55-44A7-AE95-A7A38519464E,21,54,2,2,4,8,1,1
sensitivity_1,debounce,"T=2, theta=0.3543",val,3600D531-0C55-44A7-AE95-A7A38519464E,22,107,1,1,2,2,1,1
sensitivity_1,debounce,"T=2, theta=0.3543",val,3600D531-0C55-44A7-AE95-A7A38519464E,24,14,0,0,0,0,0,0
sensitivity_1,debounce,"T=2, theta=0.3543",val,4FC32141-E888-4BFF-8804-12559A491D8C,4,43,0,0,0,0,0,0
sensitivity_1,debounce,"T=2, theta=0.3543",val,4FC32141-E888-4BFF-8804-12559A491D8C,5,325,5,5,10,35,3,3
sensitivity_1,debounce,"T=2, theta=0.3543",val,4FC32141-E888-4BFF-8804-12559A491D8C,6,427,2,2,4,4,2,2
sensitivity_1,debounce,"T=2, theta=0.3543",val,4FC32141-E888-4BFF-8804-12559A491D8C,7,102,0,0,0,0,0,0
sensitivity_1,debounce,"T=2, theta=0.3543",val,4FC32141-E888-4BFF-8804-12559A491D8C,8,18,0,0,0,0,0,0
sensitivity_1,debounce,"T=2, theta=0.3543",val,4FC32141-E888-4BFF-8804-12559A491D8C,10,43,0,0,0,0,0,0
sensitivity_1,debounce,"T=2, theta=0.3543",val,5119D0F8-FCA8-4184-A4EB-19421A40DE0D,9,1294,10,10,20,71,7,6
sensitivity_1,debounce,"T=2, theta=0.3543",val,5152A2DF-FAF3-4BA8-9CA9-E66B32671A53,6,697,19,19,38,69,21,16
sensitivity_1,debounce,"T=2, theta=0.3543",val,5152A2DF-FAF3-4BA8-9CA9-E66B32671A53,7,597,0,0,0,0,0,0
sensitivity_1,debounce,"T=2, theta=0.3543",val,5EF64122-B513-46AE-BCF1-E62AAC285D2C,9,116,0,0,0,0,0,0
sensitivity_1,debounce,"T=2, theta=0.3543",val,5EF64122-B513-46AE-BCF1-E62AAC285D2C,10,637,8,8,16,35,7,6
sensitivity_1,debounce,"T=2, theta=0.3543",val,61976C24-1C50-4355-9C49-AAE44A7D09F6,46,1717,11,11,22,46,9,8
sensitivity_1,debounce,"T=2, theta=0.3543",val,78A91A4E-4A51-4065-BDA7-94755F0BB3BB,5,597,15,15,30,113,12,8
sensitivity_1,debounce,"T=2, theta=0.3543",val,78A91A4E-4A51-4065-BDA7-94755F0BB3BB,6,1773,19,19,38,61,18,17
sensitivity_1,debounce,"T=2, theta=0.3543",val,7CE37510-56D0-4120-A1CF-0E23351428D2,6,1923,25,25,50,65,28,25
sensitivity_1,debounce,"T=2, theta=0.3543",val,8023FE1A-D3B0-4E2C-A57A-9321B7FC755F,23,972,7,7,14,36,6,5
sensitivity_1,debounce,"T=2, theta=0.3543",val,8023FE1A-D3B0-4E2C-A57A-9321B7FC755F,24,836,20,20,40,74,25,16
sensitivity_1,debounce,"T=2, theta=0.3543",val,83CF687B-7CEC-434B-9FE8-00C3D5799BE6,7,1879,23,23,46,75,23,21
sensitivity_1,debounce,"T=2, theta=0.3543",val,9759096F-1119-4E19-A0AD-6F16989C7E1C,3,474,9,9,18,36,10,8
sensitivity_1,debounce,"T=2, theta=0.3543",val,9759096F-1119-4E19-A0AD-6F16989C7E1C,4,1489,7,7,14,24,9,6
sensitivity_1,debounce,"T=2, theta=0.3543",val,9DC38D04-E82E-4F29-AB52-B476535226F2,12,1543,13,13,26,37,13,12
sensitivity_1,debounce,"T=2, theta=0.3543",val,9DC38D04-E82E-4F29-AB52-B476535226F2,18,359,0,0,0,0,0,0
sensitivity_1,debounce,"T=2, theta=0.3543",val,A5CDF89D-02A2-4EC1-89F8-F534FDABDD96,12,62,0,0,0,0,0,0
sensitivity_1,debounce,"T=2, theta=0.3543",val,A5CDF89D-02A2-4EC1-89F8-F534FDABDD96,13,841,3,3,6,11,3,3
sensitivity_1,debounce,"T=2, theta=0.3543",val,A5CDF89D-02A2-4EC1-89F8-F534FDABDD96,14,276,3,3,6,9,3,3
sensitivity_1,debounce,"T=2, theta=0.3543",val,A76A5AF5-5A93-4CF2-A16E-62353BB70E8A,2,1475,17,17,34,138,18,9
sensitivity_1,debounce,"T=2, theta=0.3543",val,B09E373F-8A54-44C8-895B-0039390B859F,9,1598,14,14,28,46,16,12
sensitivity_1,debounce,"T=2, theta=0.3543",val,B9724848-C7E2-45F4-9B3F-A1F38D864495,10,85,0,0,0,0,0,0
sensitivity_1,debounce,"T=2, theta=0.3543",val,B9724848-C7E2-45F4-9B3F-A1F38D864495,11,522,8,8,16,72,4,4
sensitivity_1,debounce,"T=2, theta=0.3543",val,B9724848-C7E2-45F4-9B3F-A1F38D864495,13,880,6,6,12,20,7,6
sensitivity_1,debounce,"T=2, theta=0.3543",val,BE3CA5A6-A561-4BBD-B7C9-5DF6805400FC,13,681,2,2,4,4,2,2
sensitivity_1,debounce,"T=2, theta=0.3543",val,BE3CA5A6-A561-4BBD-B7C9-5DF6805400FC,14,79,1,1,2,4,1,1
sensitivity_1,debounce,"T=2, theta=0.3543",val,BE3CA5A6-A561-4BBD-B7C9-5DF6805400FC,15,430,7,6,13,44,6,5
sensitivity_1,debounce,"T=2, theta=0.3543",val,BE3CA5A6-A561-4BBD-B7C9-5DF6805400FC,16,442,10,10,20,40,9,7
sensitivity_1,debounce,"T=2, theta=0.3543",val,C48CE857-A0DD-4DDB-BEA5-3A25449B2153,25,150,0,0,0,0,0,0
sensitivity_1,debounce,"T=2, theta=0.3543",val,C48CE857-A0DD-4DDB-BEA5-3A25449B2153,26,40,0,0,0,0,0,0
sensitivity_1,debounce,"T=2, theta=0.3543",val,C48CE857-A0DD-4DDB-BEA5-3A25449B2153,28,151,0,0,0,0,0,0
sensitivity_1,debounce,"T=2, theta=0.3543",val,C48CE857-A0DD-4DDB-BEA5-3A25449B2153,30,239,1,0,1,3,0,0
sensitivity_1,debounce,"T=2, theta=0.3543",val,C48CE857-A0DD-4DDB-BEA5-3A25449B2153,31,282,3,3,6,6,3,3
sensitivity_1,debounce,"T=2, theta=0.3543",val,C48CE857-A0DD-4DDB-BEA5-3A25449B2153,32,115,1,1,2,4,1,1
sensitivity_1,debounce,"T=2, theta=0.3543",val,CA820D43-E5E2-42EF-9798-BE56F776370B,4,1146,6,6,12,14,6,6
sensitivity_1,debounce,"T=2, theta=0.3543",val,CA820D43-E5E2-42EF-9798-BE56F776370B,8,394,5,5,10,12,5,5
sensitivity_1,debounce,"T=2, theta=0.3543",val,CDA3BBF7-6631-45E8-85BA-EEB416B32A3C,2,227,1,1,2,2,1,1
sensitivity_1,debounce,"T=2, theta=0.3543",val,CDA3BBF7-6631-45E8-85BA-EEB416B32A3C,3,316,0,0,0,0,0,0
sensitivity_1,debounce,"T=2, theta=0.3543",val,CF722AA9-2533-4E51-9FEB-9EAC84EE9AAC,7,113,2,2,4,11,2,1
sensitivity_1,debounce,"T=2, theta=0.3543",val,CF722AA9-2533-4E51-9FEB-9EAC84EE9AAC,8,371,2,2,4,18,0,0
sensitivity_1,debounce,"T=2, theta=0.3543",val,CF722AA9-2533-4E51-9FEB-9EAC84EE9AAC,9,210,1,1,2,4,1,1
sensitivity_1,debounce,"T=2, theta=0.3543",val,D7D20E2E-FC78-405D-B346-DBD3FD8FC92B,7,175,5,5,10,12,5,5
sensitivity_1,debounce,"T=2, theta=0.3543",val,D7D20E2E-FC78-405D-B346-DBD3FD8FC92B,8,528,1,0,1,1,0,0
sensitivity_1,debounce,"T=2, theta=0.3543",val,D7D20E2E-FC78-405D-B346-DBD3FD8FC92B,9,42,2,2,4,4,2,2
sensitivity_1,debounce,"T=2, theta=0.3543",val,D7D20E2E-FC78-405D-B346-DBD3FD8FC92B,10,153,7,7,14,57,7,3
sensitivity_1,debounce,"T=2, theta=0.3543",val,D7D20E2E-FC78-405D-B346-DBD3FD8FC92B,11,292,5,5,10,14,5,5
sensitivity_1,debounce,"T=2, theta=0.3543",val,D7D20E2E-FC78-405D-B346-DBD3FD8FC92B,12,23,0,0,0,0,0,0
sensitivity_1,debounce,"T=2, theta=0.3543",val,E65577C1-8D5D-4F70-AF23-B3ADB9D3DBA3,3,659,4,4,8,17,3,3
sensitivity_1,debounce,"T=2, theta=0.3543",val,ECECC2AB-D32F-4F90-B74C-E12A1C69BBE2,12,232,0,0,0,0,0,0
sensitivity_1,debounce,"T=2, theta=0.3543",val,ECECC2AB-D32F-4F90-B74C-E12A1C69BBE2,13,35,1,1,2,2,1,1
sensitivity_1,debounce,"T=2, theta=0.3543",val,ECECC2AB-D32F-4F90-B74C-E12A1C69BBE2,14,204,3,3,6,13,3,2
sensitivity_1,debounce,"T=2, theta=0.3543",val,ECECC2AB-D32F-4F90-B74C-E12A1C69BBE2,15,206,0,0,0,0,0,0
sensitivity_1,debounce,"T=2, theta=0.3543",val,FDAA70A1-42A3-4E3F-9AE3-3FDA412E03BF,18,966,8,8,16,28,8,7
sensitivity_1,margin,"m=0.3, theta=0.2891",val,00EABED2-271D-49D8-B599-1D4A09240601,23,428,8,8,16,27,11,6
sensitivity_1,margin,"m=0.3, theta=0.2891",val,098A72A5-E3E5-4F54-A152-BBDA0DF7B694,5,174,1,1,2,1,1,1
sensitivity_1,margin,"m=0.3, theta=0.2891",val,098A72A5-E3E5-4F54-A152-BBDA0DF7B694,6,134,1,1,2,2,1,1
sensitivity_1,margin,"m=0.3, theta=0.2891",val,098A72A5-E3E5-4F54-A152-BBDA0DF7B694,7,13,0,0,0,0,0,0
sensitivity_1,margin,"m=0.3, theta=0.2891",val,098A72A5-E3E5-4F54-A152-BBDA0DF7B694,8,275,0,0,0,0,0,0
sensitivity_1,margin,"m=0.3, theta=0.2891",val,098A72A5-E3E5-4F54-A152-BBDA0DF7B694,9,459,3,3,6,3,5,3
sensitivity_1,margin,"m=0.3, theta=0.2891",val,098A72A5-E3E5-4F54-A152-BBDA0DF7B694,10,75,1,1,2,1,1,1
sensitivity_1,margin,"m=0.3, theta=0.2891",val,098A72A5-E3E5-4F54-A152-BBDA0DF7B694,11,44,1,1,2,2,1,1
sensitivity_1,margin,"m=0.3, theta=0.2891",val,098A72A5-E3E5-4F54-A152-BBDA0DF7B694,13,156,0,0,0,0,0,0
sensitivity_1,margin,"m=0.3, theta=0.2891",val,0A986513-7828-4D53-AA1F-E02D6DF9561B,6,763,13,13,26,28,15,12
sensitivity_1,margin,"m=0.3, theta=0.2891",val,11B5EC4D-4133-4289-B475-4E737182A406,3,616,2,2,4,9,1,1
sensitivity_1,margin,"m=0.3, theta=0.2891",val,11B5EC4D-4133-4289-B475-4E737182A406,4,799,10,10,20,29,10,8
sensitivity_1,margin,"m=0.3, theta=0.2891",val,11B5EC4D-4133-4289-B475-4E737182A406,5,324,0,0,0,0,0,0
sensitivity_1,margin,"m=0.3, theta=0.2891",val,136562B6-95B2-483D-88DC-065F28409FD2,17,181,0,0,0,0,0,0
sensitivity_1,margin,"m=0.3, theta=0.2891",val,136562B6-95B2-483D-88DC-065F28409FD2,18,847,1,1,2,10,0,0
sensitivity_1,margin,"m=0.3, theta=0.2891",val,136562B6-95B2-483D-88DC-065F28409FD2,19,80,0,0,0,0,0,0
sensitivity_1,margin,"m=0.3, theta=0.2891",val,136562B6-95B2-483D-88DC-065F28409FD2,20,107,0,0,0,0,0,0
sensitivity_1,margin,"m=0.3, theta=0.2891",val,1538C99F-BA1E-4EFB-A949-6C7C47701B20,25,291,1,1,2,1,1,1
sensitivity_1,margin,"m=0.3, theta=0.2891",val,1538C99F-BA1E-4EFB-A949-6C7C47701B20,26,82,0,0,0,0,0,0
sensitivity_1,margin,"m=0.3, theta=0.2891",val,1538C99F-BA1E-4EFB-A949-6C7C47701B20,27,160,1,1,2,1,1,1
sensitivity_1,margin,"m=0.3, theta=0.2891",val,1538C99F-BA1E-4EFB-A949-6C7C47701B20,28,748,16,16,32,20,20,16
sensitivity_1,margin,"m=0.3, theta=0.2891",val,24E40C4C-A349-4F9F-93AB-01D00FB994AF,12,236,1,1,2,1,1,1
sensitivity_1,margin,"m=0.3, theta=0.2891",val,24E40C4C-A349-4F9F-93AB-01D00FB994AF,13,213,3,3,6,7,4,3
sensitivity_1,margin,"m=0.3, theta=0.2891",val,24E40C4C-A349-4F9F-93AB-01D00FB994AF,14,141,0,0,0,0,0,0
sensitivity_1,margin,"m=0.3, theta=0.2891",val,24E40C4C-A349-4F9F-93AB-01D00FB994AF,15,317,1,1,2,1,1,1
sensitivity_1,margin,"m=0.3, theta=0.2891",val,24E40C4C-A349-4F9F-93AB-01D00FB994AF,16,18,0,0,0,0,0,0
sensitivity_1,margin,"m=0.3, theta=0.2891",val,2C32C23E-E30C-498A-8DD2-0EFB9150A02E,9,1674,16,16,32,47,15,14
sensitivity_1,margin,"m=0.3, theta=0.2891",val,3600D531-0C55-44A7-AE95-A7A38519464E,20,842,2,2,4,2,2,2
sensitivity_1,margin,"m=0.3, theta=0.2891",val,3600D531-0C55-44A7-AE95-A7A38519464E,21,54,3,3,6,6,4,3
sensitivity_1,margin,"m=0.3, theta=0.2891",val,3600D531-0C55-44A7-AE95-A7A38519464E,22,107,2,2,4,2,2,2
sensitivity_1,margin,"m=0.3, theta=0.2891",val,3600D531-0C55-44A7-AE95-A7A38519464E,24,14,0,0,0,0,0,0
sensitivity_1,margin,"m=0.3, theta=0.2891",val,4FC32141-E888-4BFF-8804-12559A491D8C,4,43,0,0,0,0,0,0
sensitivity_1,margin,"m=0.3, theta=0.2891",val,4FC32141-E888-4BFF-8804-12559A491D8C,5,325,2,2,4,15,2,1
sensitivity_1,margin,"m=0.3, theta=0.2891",val,4FC32141-E888-4BFF-8804-12559A491D8C,6,427,0,0,0,0,0,0
sensitivity_1,margin,"m=0.3, theta=0.2891",val,4FC32141-E888-4BFF-8804-12559A491D8C,7,102,0,0,0,0,0,0
sensitivity_1,margin,"m=0.3, theta=0.2891",val,4FC32141-E888-4BFF-8804-12559A491D8C,8,18,0,0,0,0,0,0
sensitivity_1,margin,"m=0.3, theta=0.2891",val,4FC32141-E888-4BFF-8804-12559A491D8C,10,43,0,0,0,0,0,0
sensitivity_1,margin,"m=0.3, theta=0.2891",val,5119D0F8-FCA8-4184-A4EB-19421A40DE0D,9,1294,5,5,10,29,4,4
sensitivity_1,margin,"m=0.3, theta=0.2891",val,5152A2DF-FAF3-4BA8-9CA9-E66B32671A53,6,697,21,21,42,43,28,20
sensitivity_1,margin,"m=0.3, theta=0.2891",val,5152A2DF-FAF3-4BA8-9CA9-E66B32671A53,7,597,2,2,4,2,2,2
sensitivity_1,margin,"m=0.3, theta=0.2891",val,5EF64122-B513-46AE-BCF1-E62AAC285D2C,9,116,0,0,0,0,0,0
sensitivity_1,margin,"m=0.3, theta=0.2891",val,5EF64122-B513-46AE-BCF1-E62AAC285D2C,10,637,0,0,0,0,0,0
sensitivity_1,margin,"m=0.3, theta=0.2891",val,61976C24-1C50-4355-9C49-AAE44A7D09F6,46,1717,11,11,22,30,10,9
sensitivity_1,margin,"m=0.3, theta=0.2891",val,78A91A4E-4A51-4065-BDA7-94755F0BB3BB,5,597,10,10,20,54,7,7
sensitivity_1,margin,"m=0.3, theta=0.2891",val,78A91A4E-4A51-4065-BDA7-94755F0BB3BB,6,1773,14,14,28,18,16,14
sensitivity_1,margin,"m=0.3, theta=0.2891",val,7CE37510-56D0-4120-A1CF-0E23351428D2,6,1923,17,17,34,22,18,17
sensitivity_1,margin,"m=0.3, theta=0.2891",val,8023FE1A-D3B0-4E2C-A57A-9321B7FC755F,23,972,4,4,8,12,3,3
sensitivity_1,margin,"m=0.3, theta=0.2891",val,8023FE1A-D3B0-4E2C-A57A-9321B7FC755F,24,836,17,17,34,27,20,17
sensitivity_1,margin,"m=0.3, theta=0.2891",val,83CF687B-7CEC-434B-9FE8-00C3D5799BE6,7,1879,27,27,54,36,31,27
sensitivity_1,margin,"m=0.3, theta=0.2891",val,9759096F-1119-4E19-A0AD-6F16989C7E1C,3,474,17,17,34,32,26,17
sensitivity_1,margin,"m=0.3, theta=0.2891",val,9759096F-1119-4E19-A0AD-6F16989C7E1C,4,1489,12,12,24,21,13,11
sensitivity_1,margin,"m=0.3, theta=0.2891",val,9DC38D04-E82E-4F29-AB52-B476535226F2,12,1543,3,3,6,10,2,2
sensitivity_1,margin,"m=0.3, theta=0.2891",val,9DC38D04-E82E-4F29-AB52-B476535226F2,18,359,0,0,0,0,0,0
sensitivity_1,margin,"m=0.3, theta=0.2891",val,A5CDF89D-02A2-4EC1-89F8-F534FDABDD96,12,62,0,0,0,0,0,0
sensitivity_1,margin,"m=0.3, theta=0.2891",val,A5CDF89D-02A2-4EC1-89F8-F534FDABDD96,13,841,5,5,10,7,5,5
sensitivity_1,margin,"m=0.3, theta=0.2891",val,A5CDF89D-02A2-4EC1-89F8-F534FDABDD96,14,276,2,2,4,5,2,2
sensitivity_1,margin,"m=0.3, theta=0.2891",val,A76A5AF5-5A93-4CF2-A16E-62353BB70E8A,2,1475,0,0,0,0,0,0
sensitivity_1,margin,"m=0.3, theta=0.2891",val,B09E373F-8A54-44C8-895B-0039390B859F,9,1598,15,15,30,28,16,14
sensitivity_1,margin,"m=0.3, theta=0.2891",val,B9724848-C7E2-45F4-9B3F-A1F38D864495,10,85,3,3,6,3,3,3
sensitivity_1,margin,"m=0.3, theta=0.2891",val,B9724848-C7E2-45F4-9B3F-A1F38D864495,11,522,10,10,20,45,9,6
sensitivity_1,margin,"m=0.3, theta=0.2891",val,B9724848-C7E2-45F4-9B3F-A1F38D864495,13,880,10,10,20,19,11,10
sensitivity_1,margin,"m=0.3, theta=0.2891",val,BE3CA5A6-A561-4BBD-B7C9-5DF6805400FC,13,681,3,3,6,4,3,3
sensitivity_1,margin,"m=0.3, theta=0.2891",val,BE3CA5A6-A561-4BBD-B7C9-5DF6805400FC,14,79,0,0,0,0,0,0
sensitivity_1,margin,"m=0.3, theta=0.2891",val,BE3CA5A6-A561-4BBD-B7C9-5DF6805400FC,15,430,4,4,8,14,3,3
sensitivity_1,margin,"m=0.3, theta=0.2891",val,BE3CA5A6-A561-4BBD-B7C9-5DF6805400FC,16,442,1,1,2,1,1,1
sensitivity_1,margin,"m=0.3, theta=0.2891",val,C48CE857-A0DD-4DDB-BEA5-3A25449B2153,25,150,0,0,0,0,0,0
sensitivity_1,margin,"m=0.3, theta=0.2891",val,C48CE857-A0DD-4DDB-BEA5-3A25449B2153,26,40,0,0,0,0,0,0
sensitivity_1,margin,"m=0.3, theta=0.2891",val,C48CE857-A0DD-4DDB-BEA5-3A25449B2153,28,151,2,2,4,2,2,2
sensitivity_1,margin,"m=0.3, theta=0.2891",val,C48CE857-A0DD-4DDB-BEA5-3A25449B2153,30,239,0,0,0,0,0,0
sensitivity_1,margin,"m=0.3, theta=0.2891",val,C48CE857-A0DD-4DDB-BEA5-3A25449B2153,31,282,1,1,2,1,1,1
sensitivity_1,margin,"m=0.3, theta=0.2891",val,C48CE857-A0DD-4DDB-BEA5-3A25449B2153,32,115,0,0,0,0,0,0
sensitivity_1,margin,"m=0.3, theta=0.2891",val,CA820D43-E5E2-42EF-9798-BE56F776370B,4,1146,10,10,20,10,10,10
sensitivity_1,margin,"m=0.3, theta=0.2891",val,CA820D43-E5E2-42EF-9798-BE56F776370B,8,394,5,5,10,9,5,5
sensitivity_1,margin,"m=0.3, theta=0.2891",val,CDA3BBF7-6631-45E8-85BA-EEB416B32A3C,2,227,4,4,8,4,7,4
sensitivity_1,margin,"m=0.3, theta=0.2891",val,CDA3BBF7-6631-45E8-85BA-EEB416B32A3C,3,316,0,0,0,0,0,0
sensitivity_1,margin,"m=0.3, theta=0.2891",val,CF722AA9-2533-4E51-9FEB-9EAC84EE9AAC,7,113,4,4,8,11,6,3
sensitivity_1,margin,"m=0.3, theta=0.2891",val,CF722AA9-2533-4E51-9FEB-9EAC84EE9AAC,8,371,9,9,18,17,14,9
sensitivity_1,margin,"m=0.3, theta=0.2891",val,CF722AA9-2533-4E51-9FEB-9EAC84EE9AAC,9,210,2,2,4,2,2,2
sensitivity_1,margin,"m=0.3, theta=0.2891",val,D7D20E2E-FC78-405D-B346-DBD3FD8FC92B,7,175,3,3,6,6,3,3
sensitivity_1,margin,"m=0.3, theta=0.2891",val,D7D20E2E-FC78-405D-B346-DBD3FD8FC92B,8,528,1,0,1,2,0,0
sensitivity_1,margin,"m=0.3, theta=0.2891",val,D7D20E2E-FC78-405D-B346-DBD3FD8FC92B,9,42,0,0,0,0,0,0
sensitivity_1,margin,"m=0.3, theta=0.2891",val,D7D20E2E-FC78-405D-B346-DBD3FD8FC92B,10,153,6,6,12,45,6,3
sensitivity_1,margin,"m=0.3, theta=0.2891",val,D7D20E2E-FC78-405D-B346-DBD3FD8FC92B,11,292,3,3,6,8,3,3
sensitivity_1,margin,"m=0.3, theta=0.2891",val,D7D20E2E-FC78-405D-B346-DBD3FD8FC92B,12,23,0,0,0,0,0,0
sensitivity_1,margin,"m=0.3, theta=0.2891",val,E65577C1-8D5D-4F70-AF23-B3ADB9D3DBA3,3,659,8,8,16,16,10,8
sensitivity_1,margin,"m=0.3, theta=0.2891",val,ECECC2AB-D32F-4F90-B74C-E12A1C69BBE2,12,232,0,0,0,0,0,0
sensitivity_1,margin,"m=0.3, theta=0.2891",val,ECECC2AB-D32F-4F90-B74C-E12A1C69BBE2,13,35,0,0,0,0,0,0
sensitivity_1,margin,"m=0.3, theta=0.2891",val,ECECC2AB-D32F-4F90-B74C-E12A1C69BBE2,14,204,1,1,2,5,1,1
sensitivity_1,margin,"m=0.3, theta=0.2891",val,ECECC2AB-D32F-4F90-B74C-E12A1C69BBE2,15,206,1,1,2,1,1,1
sensitivity_1,margin,"m=0.3, theta=0.2891",val,FDAA70A1-42A3-4E3F-9AE3-3FDA412E03BF,18,966,10,10,20,22,9,9
sensitivity_1,hysteresis,"m=0.3, T=2, theta=0.5498",val,00EABED2-271D-49D8-B599-1D4A09240601,23,428,5,5,10,34,4,2
sensitivity_1,hysteresis,"m=0.3, T=2, theta=0.5498",val,098A72A5-E3E5-4F54-A152-BBDA0DF7B694,5,174,2,2,4,8,2,2
sensitivity_1,hysteresis,"m=0.3, T=2, theta=0.5498",val,098A72A5-E3E5-4F54-A152-BBDA0DF7B694,6,134,2,2,4,7,3,2
sensitivity_1,hysteresis,"m=0.3, T=2, theta=0.5498",val,098A72A5-E3E5-4F54-A152-BBDA0DF7B694,7,13,0,0,0,0,0,0
sensitivity_1,hysteresis,"m=0.3, T=2, theta=0.5498",val,098A72A5-E3E5-4F54-A152-BBDA0DF7B694,8,275,0,0,0,0,0,0
sensitivity_1,hysteresis,"m=0.3, T=2, theta=0.5498",val,098A72A5-E3E5-4F54-A152-BBDA0DF7B694,9,459,0,0,0,0,0,0
sensitivity_1,hysteresis,"m=0.3, T=2, theta=0.5498",val,098A72A5-E3E5-4F54-A152-BBDA0DF7B694,10,75,1,1,2,10,0,0
sensitivity_1,hysteresis,"m=0.3, T=2, theta=0.5498",val,098A72A5-E3E5-4F54-A152-BBDA0DF7B694,11,44,1,1,2,4,1,1
sensitivity_1,hysteresis,"m=0.3, T=2, theta=0.5498",val,098A72A5-E3E5-4F54-A152-BBDA0DF7B694,13,156,1,1,2,3,1,1
sensitivity_1,hysteresis,"m=0.3, T=2, theta=0.5498",val,0A986513-7828-4D53-AA1F-E02D6DF9561B,6,763,10,10,20,64,10,8
sensitivity_1,hysteresis,"m=0.3, T=2, theta=0.5498",val,11B5EC4D-4133-4289-B475-4E737182A406,3,616,5,5,10,43,3,2
sensitivity_1,hysteresis,"m=0.3, T=2, theta=0.5498",val,11B5EC4D-4133-4289-B475-4E737182A406,4,799,11,10,21,141,5,4
sensitivity_1,hysteresis,"m=0.3, T=2, theta=0.5498",val,11B5EC4D-4133-4289-B475-4E737182A406,5,324,0,0,0,0,0,0
sensitivity_1,hysteresis,"m=0.3, T=2, theta=0.5498",val,136562B6-95B2-483D-88DC-065F28409FD2,17,181,2,1,3,29,1,1
sensitivity_1,hysteresis,"m=0.3, T=2, theta=0.5498",val,136562B6-95B2-483D-88DC-065F28409FD2,18,847,3,3,6,157,0,0
sensitivity_1,hysteresis,"m=0.3, T=2, theta=0.5498",val,136562B6-95B2-483D-88DC-065F28409FD2,19,80,1,1,2,30,0,0
sensitivity_1,hysteresis,"m=0.3, T=2, theta=0.5498",val,136562B6-95B2-483D-88DC-065F28409FD2,20,107,3,2,5,73,0,0
sensitivity_1,hysteresis,"m=0.3, T=2, theta=0.5498",val,1538C99F-BA1E-4EFB-A949-6C7C47701B20,25,291,0,0,0,0,0,0
sensitivity_1,hysteresis,"m=0.3, T=2, theta=0.5498",val,1538C99F-BA1E-4EFB-A949-6C7C47701B20,26,82,0,0,0,0,0,0
sensitivity_1,hysteresis,"m=0.3, T=2, theta=0.5498",val,1538C99F-BA1E-4EFB-A949-6C7C47701B20,27,160,2,2,4,7,2,2
sensitivity_1,hysteresis,"m=0.3, T=2, theta=0.5498",val,1538C99F-BA1E-4EFB-A949-6C7C47701B20,28,748,11,11,22,101,7,5
sensitivity_1,hysteresis,"m=0.3, T=2, theta=0.5498",val,24E40C4C-A349-4F9F-93AB-01D00FB994AF,12,236,1,1,2,3,1,1
sensitivity_1,hysteresis,"m=0.3, T=2, theta=0.5498",val,24E40C4C-A349-4F9F-93AB-01D00FB994AF,13,213,2,2,4,22,1,1
sensitivity_1,hysteresis,"m=0.3, T=2, theta=0.5498",val,24E40C4C-A349-4F9F-93AB-01D00FB994AF,14,141,1,1,2,8,0,0
sensitivity_1,hysteresis,"m=0.3, T=2, theta=0.5498",val,24E40C4C-A349-4F9F-93AB-01D00FB994AF,15,317,5,5,10,177,1,1
sensitivity_1,hysteresis,"m=0.3, T=2, theta=0.5498",val,24E40C4C-A349-4F9F-93AB-01D00FB994AF,16,18,0,0,0,0,0,0
sensitivity_1,hysteresis,"m=0.3, T=2, theta=0.5498",val,2C32C23E-E30C-498A-8DD2-0EFB9150A02E,9,1674,5,5,10,90,3,2
sensitivity_1,hysteresis,"m=0.3, T=2, theta=0.5498",val,3600D531-0C55-44A7-AE95-A7A38519464E,20,842,5,4,9,103,1,0
sensitivity_1,hysteresis,"m=0.3, T=2, theta=0.5498",val,3600D531-0C55-44A7-AE95-A7A38519464E,21,54,1,0,1,37,0,0
sensitivity_1,hysteresis,"m=0.3, T=2, theta=0.5498",val,3600D531-0C55-44A7-AE95-A7A38519464E,22,107,2,2,4,5,2,2
sensitivity_1,hysteresis,"m=0.3, T=2, theta=0.5498",val,3600D531-0C55-44A7-AE95-A7A38519464E,24,14,0,0,0,0,0,0
sensitivity_1,hysteresis,"m=0.3, T=2, theta=0.5498",val,4FC32141-E888-4BFF-8804-12559A491D8C,4,43,0,0,0,0,0,0
sensitivity_1,hysteresis,"m=0.3, T=2, theta=0.5498",val,4FC32141-E888-4BFF-8804-12559A491D8C,5,325,2,1,3,197,0,0
sensitivity_1,hysteresis,"m=0.3, T=2, theta=0.5498",val,4FC32141-E888-4BFF-8804-12559A491D8C,6,427,2,1,3,59,0,0
sensitivity_1,hysteresis,"m=0.3, T=2, theta=0.5498",val,4FC32141-E888-4BFF-8804-12559A491D8C,7,102,1,0,1,39,0,0
sensitivity_1,hysteresis,"m=0.3, T=2, theta=0.5498",val,4FC32141-E888-4BFF-8804-12559A491D8C,8,18,0,0,0,0,0,0
sensitivity_1,hysteresis,"m=0.3, T=2, theta=0.5498",val,4FC32141-E888-4BFF-8804-12559A491D8C,10,43,0,0,0,0,0,0
sensitivity_1,hysteresis,"m=0.3, T=2, theta=0.5498",val,5119D0F8-FCA8-4184-A4EB-19421A40DE0D,9,1294,11,11,22,133,4,3
sensitivity_1,hysteresis,"m=0.3, T=2, theta=0.5498",val,5152A2DF-FAF3-4BA8-9CA9-E66B32671A53,6,697,16,16,32,248,7,5
sensitivity_1,hysteresis,"m=0.3, T=2, theta=0.5498",val,5152A2DF-FAF3-4BA8-9CA9-E66B32671A53,7,597,0,0,0,0,0,0
sensitivity_1,hysteresis,"m=0.3, T=2, theta=0.5498",val,5EF64122-B513-46AE-BCF1-E62AAC285D2C,9,116,0,0,0,0,0,0
sensitivity_1,hysteresis,"m=0.3, T=2, theta=0.5498",val,5EF64122-B513-46AE-BCF1-E62AAC285D2C,10,637,9,9,18,76,7,6
sensitivity_1,hysteresis,"m=0.3, T=2, theta=0.5498",val,61976C24-1C50-4355-9C49-AAE44A7D09F6,46,1717,11,11,22,192,6,5
sensitivity_1,hysteresis,"m=0.3, T=2, theta=0.5498",val,78A91A4E-4A51-4065-BDA7-94755F0BB3BB,5,597,13,13,26,213,7,3
sensitivity_1,hysteresis,"m=0.3, T=2, theta=0.5498",val,78A91A4E-4A51-4065-BDA7-94755F0BB3BB,6,1773,18,18,36,226,10,8
sensitivity_1,hysteresis,"m=0.3, T=2, theta=0.5498",val,7CE37510-56D0-4120-A1CF-0E23351428D2,6,1923,23,23,46,280,11,9
sensitivity_1,hysteresis,"m=0.3, T=2, theta=0.5498",val,8023FE1A-D3B0-4E2C-A57A-9321B7FC755F,23,972,7,7,14,69,4,4
sensitivity_1,hysteresis,"m=0.3, T=2, theta=0.5498",val,8023FE1A-D3B0-4E2C-A57A-9321B7FC755F,24,836,19,19,38,140,20,13
sensitivity_1,hysteresis,"m=0.3, T=2, theta=0.5498",val,83CF687B-7CEC-434B-9FE8-00C3D5799BE6,7,1879,22,22,44,145,13,13
sensitivity_1,hysteresis,"m=0.3, T=2, theta=0.5498",val,9759096F-1119-4E19-A0AD-6F16989C7E1C,3,474,6,6,12,87,4,3
sensitivity_1,hysteresis,"m=0.3, T=2, theta=0.5498",val,9759096F-1119-4E19-A0AD-6F16989C7E1C,4,1489,4,4,8,54,2,1
sensitivity_1,hysteresis,"m=0.3, T=2, theta=0.5498",val,9DC38D04-E82E-4F29-AB52-B476535226F2,12,1543,15,14,29,326,1,1
sensitivity_1,hysteresis,"m=0.3, T=2, theta=0.5498",val,9DC38D04-E82E-4F29-AB52-B476535226F2,18,359,0,0,0,0,0,0
sensitivity_1,hysteresis,"m=0.3, T=2, theta=0.5498",val,A5CDF89D-02A2-4EC1-89F8-F534FDABDD96,12,62,0,0,0,0,0,0
sensitivity_1,hysteresis,"m=0.3, T=2, theta=0.5498",val,A5CDF89D-02A2-4EC1-89F8-F534FDABDD96,13,841,4,4,8,15,3,3
sensitivity_1,hysteresis,"m=0.3, T=2, theta=0.5498",val,A5CDF89D-02A2-4EC1-89F8-F534FDABDD96,14,276,3,3,6,18,2,2
sensitivity_1,hysteresis,"m=0.3, T=2, theta=0.5498",val,A76A5AF5-5A93-4CF2-A16E-62353BB70E8A,2,1475,3,3,6,426,1,1
sensitivity_1,hysteresis,"m=0.3, T=2, theta=0.5498",val,B09E373F-8A54-44C8-895B-0039390B859F,9,1598,12,12,24,150,7,6
sensitivity_1,hysteresis,"m=0.3, T=2, theta=0.5498",val,B9724848-C7E2-45F4-9B3F-A1F38D864495,10,85,0,0,0,0,0,0
sensitivity_1,hysteresis,"m=0.3, T=2, theta=0.5498",val,B9724848-C7E2-45F4-9B3F-A1F38D864495,11,522,7,7,14,129,3,3
sensitivity_1,hysteresis,"m=0.3, T=2, theta=0.5498",val,B9724848-C7E2-45F4-9B3F-A1F38D864495,13,880,6,6,12,27,5,5
sensitivity_1,hysteresis,"m=0.3, T=2, theta=0.5498",val,BE3CA5A6-A561-4BBD-B7C9-5DF6805400FC,13,681,2,2,4,10,1,1
sensitivity_1,hysteresis,"m=0.3, T=2, theta=0.5498",val,BE3CA5A6-A561-4BBD-B7C9-5DF6805400FC,14,79,1,1,2,8,0,0
sensitivity_1,hysteresis,"m=0.3, T=2, theta=0.5498",val,BE3CA5A6-A561-4BBD-B7C9-5DF6805400FC,15,430,5,4,9,115,1,1
sensitivity_1,hysteresis,"m=0.3, T=2, theta=0.5498",val,BE3CA5A6-A561-4BBD-B7C9-5DF6805400FC,16,442,4,4,8,134,0,0
sensitivity_1,hysteresis,"m=0.3, T=2, theta=0.5498",val,C48CE857-A0DD-4DDB-BEA5-3A25449B2153,25,150,0,0,0,0,0,0
sensitivity_1,hysteresis,"m=0.3, T=2, theta=0.5498",val,C48CE857-A0DD-4DDB-BEA5-3A25449B2153,26,40,0,0,0,0,0,0
sensitivity_1,hysteresis,"m=0.3, T=2, theta=0.5498",val,C48CE857-A0DD-4DDB-BEA5-3A25449B2153,28,151,2,2,4,15,0,0
sensitivity_1,hysteresis,"m=0.3, T=2, theta=0.5498",val,C48CE857-A0DD-4DDB-BEA5-3A25449B2153,30,239,1,0,1,3,0,0
sensitivity_1,hysteresis,"m=0.3, T=2, theta=0.5498",val,C48CE857-A0DD-4DDB-BEA5-3A25449B2153,31,282,5,5,10,45,2,1
sensitivity_1,hysteresis,"m=0.3, T=2, theta=0.5498",val,C48CE857-A0DD-4DDB-BEA5-3A25449B2153,32,115,1,1,2,12,0,0
sensitivity_1,hysteresis,"m=0.3, T=2, theta=0.5498",val,CA820D43-E5E2-42EF-9798-BE56F776370B,4,1146,11,10,21,60,7,7
sensitivity_1,hysteresis,"m=0.3, T=2, theta=0.5498",val,CA820D43-E5E2-42EF-9798-BE56F776370B,8,394,5,5,10,29,3,3
sensitivity_1,hysteresis,"m=0.3, T=2, theta=0.5498",val,CDA3BBF7-6631-45E8-85BA-EEB416B32A3C,2,227,2,2,4,6,2,2
sensitivity_1,hysteresis,"m=0.3, T=2, theta=0.5498",val,CDA3BBF7-6631-45E8-85BA-EEB416B32A3C,3,316,2,2,4,6,2,2
sensitivity_1,hysteresis,"m=0.3, T=2, theta=0.5498",val,CF722AA9-2533-4E51-9FEB-9EAC84EE9AAC,7,113,1,1,2,21,0,0
sensitivity_1,hysteresis,"m=0.3, T=2, theta=0.5498",val,CF722AA9-2533-4E51-9FEB-9EAC84EE9AAC,8,371,3,3,6,33,1,1
sensitivity_1,hysteresis,"m=0.3, T=2, theta=0.5498",val,CF722AA9-2533-4E51-9FEB-9EAC84EE9AAC,9,210,1,1,2,15,0,0
sensitivity_1,hysteresis,"m=0.3, T=2, theta=0.5498",val,D7D20E2E-FC78-405D-B346-DBD3FD8FC92B,7,175,5,5,10,55,3,2
sensitivity_1,hysteresis,"m=0.3, T=2, theta=0.5498",val,D7D20E2E-FC78-405D-B346-DBD3FD8FC92B,8,528,1,0,1,1,0,0
sensitivity_1,hysteresis,"m=0.3, T=2, theta=0.5498",val,D7D20E2E-FC78-405D-B346-DBD3FD8FC92B,9,42,2,2,4,7,2,2
sensitivity_1,hysteresis,"m=0.3, T=2, theta=0.5498",val,D7D20E2E-FC78-405D-B346-DBD3FD8FC92B,10,153,3,3,6,96,2,1
sensitivity_1,hysteresis,"m=0.3, T=2, theta=0.5498",val,D7D20E2E-FC78-405D-B346-DBD3FD8FC92B,11,292,6,6,12,53,4,2
sensitivity_1,hysteresis,"m=0.3, T=2, theta=0.5498",val,D7D20E2E-FC78-405D-B346-DBD3FD8FC92B,12,23,0,0,0,0,0,0
sensitivity_1,hysteresis,"m=0.3, T=2, theta=0.5498",val,E65577C1-8D5D-4F70-AF23-B3ADB9D3DBA3,3,659,6,6,12,36,4,4
sensitivity_1,hysteresis,"m=0.3, T=2, theta=0.5498",val,ECECC2AB-D32F-4F90-B74C-E12A1C69BBE2,12,232,2,2,4,12,1,1
sensitivity_1,hysteresis,"m=0.3, T=2, theta=0.5498",val,ECECC2AB-D32F-4F90-B74C-E12A1C69BBE2,13,35,1,1,2,2,1,1
sensitivity_1,hysteresis,"m=0.3, T=2, theta=0.5498",val,ECECC2AB-D32F-4F90-B74C-E12A1C69BBE2,14,204,2,2,4,32,1,1
sensitivity_1,hysteresis,"m=0.3, T=2, theta=0.5498",val,ECECC2AB-D32F-4F90-B74C-E12A1C69BBE2,15,206,0,0,0,0,0,0
sensitivity_1,hysteresis,"m=0.3, T=2, theta=0.5498",val,FDAA70A1-42A3-4E3F-9AE3-3FDA412E03BF,18,966,6,6,12,60,2,2
sensitivity_1,trust,"r=0.5, tau=0.5, theta=0.6225",val,00EABED2-271D-49D8-B599-1D4A09240601,23,428,3,3,6,42,1,1
sensitivity_1,trust,"r=0.5, tau=0.5, theta=0.6225",val,098A72A5-E3E5-4F54-A152-BBDA0DF7B694,5,174,0,0,0,0,0,0
sensitivity_1,trust,"r=0.5, tau=0.5, theta=0.6225",val,098A72A5-E3E5-4F54-A152-BBDA0DF7B694,6,134,1,1,2,2,1,1
sensitivity_1,trust,"r=0.5, tau=0.5, theta=0.6225",val,098A72A5-E3E5-4F54-A152-BBDA0DF7B694,7,13,0,0,0,0,0,0
sensitivity_1,trust,"r=0.5, tau=0.5, theta=0.6225",val,098A72A5-E3E5-4F54-A152-BBDA0DF7B694,8,275,0,0,0,0,0,0
sensitivity_1,trust,"r=0.5, tau=0.5, theta=0.6225",val,098A72A5-E3E5-4F54-A152-BBDA0DF7B694,9,459,0,0,0,0,0,0
sensitivity_1,trust,"r=0.5, tau=0.5, theta=0.6225",val,098A72A5-E3E5-4F54-A152-BBDA0DF7B694,10,75,2,2,4,10,2,2
sensitivity_1,trust,"r=0.5, tau=0.5, theta=0.6225",val,098A72A5-E3E5-4F54-A152-BBDA0DF7B694,11,44,2,2,4,2,3,2
sensitivity_1,trust,"r=0.5, tau=0.5, theta=0.6225",val,098A72A5-E3E5-4F54-A152-BBDA0DF7B694,13,156,1,1,2,2,1,1
sensitivity_1,trust,"r=0.5, tau=0.5, theta=0.6225",val,0A986513-7828-4D53-AA1F-E02D6DF9561B,6,763,10,10,20,69,9,6
sensitivity_1,trust,"r=0.5, tau=0.5, theta=0.6225",val,11B5EC4D-4133-4289-B475-4E737182A406,3,616,11,11,22,59,14,8
sensitivity_1,trust,"r=0.5, tau=0.5, theta=0.6225",val,11B5EC4D-4133-4289-B475-4E737182A406,4,799,9,9,18,166,7,4
sensitivity_1,trust,"r=0.5, tau=0.5, theta=0.6225",val,11B5EC4D-4133-4289-B475-4E737182A406,5,324,0,0,0,0,0,0
sensitivity_1,trust,"r=0.5, tau=0.5, theta=0.6225",val,136562B6-95B2-483D-88DC-065F28409FD2,17,181,3,2,5,85,0,0
sensitivity_1,trust,"r=0.5, tau=0.5, theta=0.6225",val,136562B6-95B2-483D-88DC-065F28409FD2,18,847,4,4,8,179,0,0
sensitivity_1,trust,"r=0.5, tau=0.5, theta=0.6225",val,136562B6-95B2-483D-88DC-065F28409FD2,19,80,1,1,2,35,0,0
sensitivity_1,trust,"r=0.5, tau=0.5, theta=0.6225",val,136562B6-95B2-483D-88DC-065F28409FD2,20,107,2,1,3,91,0,0
sensitivity_1,trust,"r=0.5, tau=0.5, theta=0.6225",val,1538C99F-BA1E-4EFB-A949-6C7C47701B20,25,291,0,0,0,0,0,0
sensitivity_1,trust,"r=0.5, tau=0.5, theta=0.6225",val,1538C99F-BA1E-4EFB-A949-6C7C47701B20,26,82,0,0,0,0,0,0
sensitivity_1,trust,"r=0.5, tau=0.5, theta=0.6225",val,1538C99F-BA1E-4EFB-A949-6C7C47701B20,27,160,4,4,8,9,5,4
sensitivity_1,trust,"r=0.5, tau=0.5, theta=0.6225",val,1538C99F-BA1E-4EFB-A949-6C7C47701B20,28,748,15,15,30,142,15,9
sensitivity_1,trust,"r=0.5, tau=0.5, theta=0.6225",val,24E40C4C-A349-4F9F-93AB-01D00FB994AF,12,236,1,1,2,3,1,1
sensitivity_1,trust,"r=0.5, tau=0.5, theta=0.6225",val,24E40C4C-A349-4F9F-93AB-01D00FB994AF,13,213,3,3,6,55,1,1
sensitivity_1,trust,"r=0.5, tau=0.5, theta=0.6225",val,24E40C4C-A349-4F9F-93AB-01D00FB994AF,14,141,1,1,2,11,0,0
sensitivity_1,trust,"r=0.5, tau=0.5, theta=0.6225",val,24E40C4C-A349-4F9F-93AB-01D00FB994AF,15,317,5,5,10,281,4,1
sensitivity_1,trust,"r=0.5, tau=0.5, theta=0.6225",val,24E40C4C-A349-4F9F-93AB-01D00FB994AF,16,18,0,0,0,0,0,0
sensitivity_1,trust,"r=0.5, tau=0.5, theta=0.6225",val,2C32C23E-E30C-498A-8DD2-0EFB9150A02E,9,1674,6,6,12,112,4,2
sensitivity_1,trust,"r=0.5, tau=0.5, theta=0.6225",val,3600D531-0C55-44A7-AE95-A7A38519464E,20,842,2,1,3,182,0,0
sensitivity_1,trust,"r=0.5, tau=0.5, theta=0.6225",val,3600D531-0C55-44A7-AE95-A7A38519464E,21,54,1,0,1,45,0,0
sensitivity_1,trust,"r=0.5, tau=0.5, theta=0.6225",val,3600D531-0C55-44A7-AE95-A7A38519464E,22,107,2,2,4,5,2,2
sensitivity_1,trust,"r=0.5, tau=0.5, theta=0.6225",val,3600D531-0C55-44A7-AE95-A7A38519464E,24,14,0,0,0,0,0,0
sensitivity_1,trust,"r=0.5, tau=0.5, theta=0.6225",val,4FC32141-E888-4BFF-8804-12559A491D8C,4,43,0,0,0,0,0,0
sensitivity_1,trust,"r=0.5, tau=0.5, theta=0.6225",val,4FC32141-E888-4BFF-8804-12559A491D8C,5,325,3,2,5,267,3,1
sensitivity_1,trust,"r=0.5, tau=0.5, theta=0.6225",val,4FC32141-E888-4BFF-8804-12559A491D8C,6,427,3,2,5,133,0,0
sensitivity_1,trust,"r=0.5, tau=0.5, theta=0.6225",val,4FC32141-E888-4BFF-8804-12559A491D8C,7,102,1,0,1,83,0,0
sensitivity_1,trust,"r=0.5, tau=0.5, theta=0.6225",val,4FC32141-E888-4BFF-8804-12559A491D8C,8,18,0,0,0,0,0,0
sensitivity_1,trust,"r=0.5, tau=0.5, theta=0.6225",val,4FC32141-E888-4BFF-8804-12559A491D8C,10,43,0,0,0,0,0,0
sensitivity_1,trust,"r=0.5, tau=0.5, theta=0.6225",val,5119D0F8-FCA8-4184-A4EB-19421A40DE0D,9,1294,9,9,18,260,5,2
sensitivity_1,trust,"r=0.5, tau=0.5, theta=0.6225",val,5152A2DF-FAF3-4BA8-9CA9-E66B32671A53,6,697,17,16,33,391,14,7
sensitivity_1,trust,"r=0.5, tau=0.5, theta=0.6225",val,5152A2DF-FAF3-4BA8-9CA9-E66B32671A53,7,597,3,2,5,12,4,2
sensitivity_1,trust,"r=0.5, tau=0.5, theta=0.6225",val,5EF64122-B513-46AE-BCF1-E62AAC285D2C,9,116,0,0,0,0,0,0
sensitivity_1,trust,"r=0.5, tau=0.5, theta=0.6225",val,5EF64122-B513-46AE-BCF1-E62AAC285D2C,10,637,10,10,20,81,9,6
sensitivity_1,trust,"r=0.5, tau=0.5, theta=0.6225",val,61976C24-1C50-4355-9C49-AAE44A7D09F6,46,1717,11,11,22,275,10,6
sensitivity_1,trust,"r=0.5, tau=0.5, theta=0.6225",val,78A91A4E-4A51-4065-BDA7-94755F0BB3BB,5,597,8,8,16,243,4,3
sensitivity_1,trust,"r=0.5, tau=0.5, theta=0.6225",val,78A91A4E-4A51-4065-BDA7-94755F0BB3BB,6,1773,16,16,32,231,8,6
sensitivity_1,trust,"r=0.5, tau=0.5, theta=0.6225",val,7CE37510-56D0-4120-A1CF-0E23351428D2,6,1923,24,24,48,418,18,11
sensitivity_1,trust,"r=0.5, tau=0.5, theta=0.6225",val,8023FE1A-D3B0-4E2C-A57A-9321B7FC755F,23,972,6,6,12,66,4,3
sensitivity_1,trust,"r=0.5, tau=0.5, theta=0.6225",val,8023FE1A-D3B0-4E2C-A57A-9321B7FC755F,24,836,15,15,30,147,15,8
sensitivity_1,trust,"r=0.5, tau=0.5, theta=0.6225",val,83CF687B-7CEC-434B-9FE8-00C3D5799BE6,7,1879,24,24,48,189,20,14
sensitivity_1,trust,"r=0.5, tau=0.5, theta=0.6225",val,9759096F-1119-4E19-A0AD-6F16989C7E1C,3,474,8,8,16,166,9,6
sensitivity_1,trust,"r=0.5, tau=0.5, theta=0.6225",val,9759096F-1119-4E19-A0AD-6F16989C7E1C,4,1489,7,7,14,152,4,2
sensitivity_1,trust,"r=0.5, tau=0.5, theta=0.6225",val,9DC38D04-E82E-4F29-AB52-B476535226F2,12,1543,16,15,31,592,10,5
sensitivity_1,trust,"r=0.5, tau=0.5, theta=0.6225",val,9DC38D04-E82E-4F29-AB52-B476535226F2,18,359,0,0,0,0,0,0
sensitivity_1,trust,"r=0.5, tau=0.5, theta=0.6225",val,A5CDF89D-02A2-4EC1-89F8-F534FDABDD96,12,62,0,0,0,0,0,0
sensitivity_1,trust,"r=0.5, tau=0.5, theta=0.6225",val,A5CDF89D-02A2-4EC1-89F8-F534FDABDD96,13,841,5,5,10,38,4,3
sensitivity_1,trust,"r=0.5, tau=0.5, theta=0.6225",val,A5CDF89D-02A2-4EC1-89F8-F534FDABDD96,14,276,2,2,4,17,1,1
sensitivity_1,trust,"r=0.5, tau=0.5, theta=0.6225",val,A76A5AF5-5A93-4CF2-A16E-62353BB70E8A,2,1475,5,5,10,501,1,1
sensitivity_1,trust,"r=0.5, tau=0.5, theta=0.6225",val,B09E373F-8A54-44C8-895B-0039390B859F,9,1598,14,14,28,401,9,4
sensitivity_1,trust,"r=0.5, tau=0.5, theta=0.6225",val,B9724848-C7E2-45F4-9B3F-A1F38D864495,10,85,0,0,0,0,0,0
sensitivity_1,trust,"r=0.5, tau=0.5, theta=0.6225",val,B9724848-C7E2-45F4-9B3F-A1F38D864495,11,522,7,7,14,129,5,3
sensitivity_1,trust,"r=0.5, tau=0.5, theta=0.6225",val,B9724848-C7E2-45F4-9B3F-A1F38D864495,13,880,6,6,12,22,5,4
sensitivity_1,trust,"r=0.5, tau=0.5, theta=0.6225",val,BE3CA5A6-A561-4BBD-B7C9-5DF6805400FC,13,681,1,1,2,43,0,0
sensitivity_1,trust,"r=0.5, tau=0.5, theta=0.6225",val,BE3CA5A6-A561-4BBD-B7C9-5DF6805400FC,14,79,2,1,3,62,0,0
sensitivity_1,trust,"r=0.5, tau=0.5, theta=0.6225",val,BE3CA5A6-A561-4BBD-B7C9-5DF6805400FC,15,430,8,7,15,141,5,3
sensitivity_1,trust,"r=0.5, tau=0.5, theta=0.6225",val,BE3CA5A6-A561-4BBD-B7C9-5DF6805400FC,16,442,5,5,10,144,2,1
sensitivity_1,trust,"r=0.5, tau=0.5, theta=0.6225",val,C48CE857-A0DD-4DDB-BEA5-3A25449B2153,25,150,0,0,0,0,0,0
sensitivity_1,trust,"r=0.5, tau=0.5, theta=0.6225",val,C48CE857-A0DD-4DDB-BEA5-3A25449B2153,26,40,0,0,0,0,0,0
sensitivity_1,trust,"r=0.5, tau=0.5, theta=0.6225",val,C48CE857-A0DD-4DDB-BEA5-3A25449B2153,28,151,3,3,6,11,3,2
sensitivity_1,trust,"r=0.5, tau=0.5, theta=0.6225",val,C48CE857-A0DD-4DDB-BEA5-3A25449B2153,30,239,1,0,1,7,0,0
sensitivity_1,trust,"r=0.5, tau=0.5, theta=0.6225",val,C48CE857-A0DD-4DDB-BEA5-3A25449B2153,31,282,3,3,6,90,0,0
sensitivity_1,trust,"r=0.5, tau=0.5, theta=0.6225",val,C48CE857-A0DD-4DDB-BEA5-3A25449B2153,32,115,1,1,2,26,0,0
sensitivity_1,trust,"r=0.5, tau=0.5, theta=0.6225",val,CA820D43-E5E2-42EF-9798-BE56F776370B,4,1146,17,17,34,126,15,8
sensitivity_1,trust,"r=0.5, tau=0.5, theta=0.6225",val,CA820D43-E5E2-42EF-9798-BE56F776370B,8,394,6,6,12,80,6,4
sensitivity_1,trust,"r=0.5, tau=0.5, theta=0.6225",val,CDA3BBF7-6631-45E8-85BA-EEB416B32A3C,2,227,3,3,6,23,1,1
sensitivity_1,trust,"r=0.5, tau=0.5, theta=0.6225",val,CDA3BBF7-6631-45E8-85BA-EEB416B32A3C,3,316,0,0,0,0,0,0
sensitivity_1,trust,"r=0.5, tau=0.5, theta=0.6225",val,CF722AA9-2533-4E51-9FEB-9EAC84EE9AAC,7,113,1,1,2,24,0,0
sensitivity_1,trust,"r=0.5, tau=0.5, theta=0.6225",val,CF722AA9-2533-4E51-9FEB-9EAC84EE9AAC,8,371,2,2,4,56,0,0
sensitivity_1,trust,"r=0.5, tau=0.5, theta=0.6225",val,CF722AA9-2533-4E51-9FEB-9EAC84EE9AAC,9,210,3,3,6,8,4,2
sensitivity_1,trust,"r=0.5, tau=0.5, theta=0.6225",val,D7D20E2E-FC78-405D-B346-DBD3FD8FC92B,7,175,2,2,4,66,0,0
sensitivity_1,trust,"r=0.5, tau=0.5, theta=0.6225",val,D7D20E2E-FC78-405D-B346-DBD3FD8FC92B,8,528,1,0,1,1,0,0
sensitivity_1,trust,"r=0.5, tau=0.5, theta=0.6225",val,D7D20E2E-FC78-405D-B346-DBD3FD8FC92B,9,42,1,0,1,12,0,0
sensitivity_1,trust,"r=0.5, tau=0.5, theta=0.6225",val,D7D20E2E-FC78-405D-B346-DBD3FD8FC92B,10,153,3,3,6,96,2,1
sensitivity_1,trust,"r=0.5, tau=0.5, theta=0.6225",val,D7D20E2E-FC78-405D-B346-DBD3FD8FC92B,11,292,5,5,10,78,5,3
sensitivity_1,trust,"r=0.5, tau=0.5, theta=0.6225",val,D7D20E2E-FC78-405D-B346-DBD3FD8FC92B,12,23,0,0,0,0,0,0
sensitivity_1,trust,"r=0.5, tau=0.5, theta=0.6225",val,E65577C1-8D5D-4F70-AF23-B3ADB9D3DBA3,3,659,11,11,22,69,11,7
sensitivity_1,trust,"r=0.5, tau=0.5, theta=0.6225",val,ECECC2AB-D32F-4F90-B74C-E12A1C69BBE2,12,232,1,1,2,4,1,1
sensitivity_1,trust,"r=0.5, tau=0.5, theta=0.6225",val,ECECC2AB-D32F-4F90-B74C-E12A1C69BBE2,13,35,0,0,0,0,0,0
sensitivity_1,trust,"r=0.5, tau=0.5, theta=0.6225",val,ECECC2AB-D32F-4F90-B74C-E12A1C69BBE2,14,204,1,1,2,38,0,0
sensitivity_1,trust,"r=0.5, tau=0.5, theta=0.6225",val,ECECC2AB-D32F-4F90-B74C-E12A1C69BBE2,15,206,0,0,0,0,0,0
sensitivity_1,trust,"r=0.5, tau=0.5, theta=0.6225",val,FDAA70A1-42A3-4E3F-9AE3-3FDA412E03BF,18,966,7,7,14,120,5,2
sensitivity_1,sprt,"alpha=0.01, beta=0.2687",val,00EABED2-271D-49D8-B599-1D4A09240601,23,428,4,4,8,36,3,2
sensitivity_1,sprt,"alpha=0.01, beta=0.2687",val,098A72A5-E3E5-4F54-A152-BBDA0DF7B694,5,174,2,2,4,7,2,2
sensitivity_1,sprt,"alpha=0.01, beta=0.2687",val,098A72A5-E3E5-4F54-A152-BBDA0DF7B694,6,134,3,3,6,10,5,3
sensitivity_1,sprt,"alpha=0.01, beta=0.2687",val,098A72A5-E3E5-4F54-A152-BBDA0DF7B694,7,13,0,0,0,0,0,0
sensitivity_1,sprt,"alpha=0.01, beta=0.2687",val,098A72A5-E3E5-4F54-A152-BBDA0DF7B694,8,275,0,0,0,0,0,0
sensitivity_1,sprt,"alpha=0.01, beta=0.2687",val,098A72A5-E3E5-4F54-A152-BBDA0DF7B694,9,459,2,2,4,3,3,2
sensitivity_1,sprt,"alpha=0.01, beta=0.2687",val,098A72A5-E3E5-4F54-A152-BBDA0DF7B694,10,75,1,1,2,7,0,0
sensitivity_1,sprt,"alpha=0.01, beta=0.2687",val,098A72A5-E3E5-4F54-A152-BBDA0DF7B694,11,44,1,1,2,5,1,1
sensitivity_1,sprt,"alpha=0.01, beta=0.2687",val,098A72A5-E3E5-4F54-A152-BBDA0DF7B694,13,156,1,1,2,3,1,1
sensitivity_1,sprt,"alpha=0.01, beta=0.2687",val,0A986513-7828-4D53-AA1F-E02D6DF9561B,6,763,13,13,26,82,8,7
sensitivity_1,sprt,"alpha=0.01, beta=0.2687",val,11B5EC4D-4133-4289-B475-4E737182A406,3,616,3,3,6,25,2,2
sensitivity_1,sprt,"alpha=0.01, beta=0.2687",val,11B5EC4D-4133-4289-B475-4E737182A406,4,799,10,10,20,124,3,2
sensitivity_1,sprt,"alpha=0.01, beta=0.2687",val,11B5EC4D-4133-4289-B475-4E737182A406,5,324,0,0,0,0,0,0
sensitivity_1,sprt,"alpha=0.01, beta=0.2687",val,136562B6-95B2-483D-88DC-065F28409FD2,17,181,2,1,3,24,0,0
sensitivity_1,sprt,"alpha=0.01, beta=0.2687",val,136562B6-95B2-483D-88DC-065F28409FD2,18,847,3,3,6,129,0,0
sensitivity_1,sprt,"alpha=0.01, beta=0.2687",val,136562B6-95B2-483D-88DC-065F28409FD2,19,80,0,0,0,0,0,0
sensitivity_1,sprt,"alpha=0.01, beta=0.2687",val,136562B6-95B2-483D-88DC-065F28409FD2,20,107,3,2,5,69,0,0
sensitivity_1,sprt,"alpha=0.01, beta=0.2687",val,1538C99F-BA1E-4EFB-A949-6C7C47701B20,25,291,2,2,4,7,2,2
sensitivity_1,sprt,"alpha=0.01, beta=0.2687",val,1538C99F-BA1E-4EFB-A949-6C7C47701B20,26,82,0,0,0,0,0,0
sensitivity_1,sprt,"alpha=0.01, beta=0.2687",val,1538C99F-BA1E-4EFB-A949-6C7C47701B20,27,160,0,0,0,0,0,0
sensitivity_1,sprt,"alpha=0.01, beta=0.2687",val,1538C99F-BA1E-4EFB-A949-6C7C47701B20,28,748,12,12,24,75,8,7
sensitivity_1,sprt,"alpha=0.01, beta=0.2687",val,24E40C4C-A349-4F9F-93AB-01D00FB994AF,12,236,1,1,2,4,1,1
sensitivity_1,sprt,"alpha=0.01, beta=0.2687",val,24E40C4C-A349-4F9F-93AB-01D00FB994AF,13,213,2,2,4,23,0,0
sensitivity_1,sprt,"alpha=0.01, beta=0.2687",val,24E40C4C-A349-4F9F-93AB-01D00FB994AF,14,141,0,0,0,0,0,0
sensitivity_1,sprt,"alpha=0.01, beta=0.2687",val,24E40C4C-A349-4F9F-93AB-01D00FB994AF,15,317,4,4,8,125,1,1
sensitivity_1,sprt,"alpha=0.01, beta=0.2687",val,24E40C4C-A349-4F9F-93AB-01D00FB994AF,16,18,0,0,0,0,0,0
sensitivity_1,sprt,"alpha=0.01, beta=0.2687",val,2C32C23E-E30C-498A-8DD2-0EFB9150A02E,9,1674,10,10,20,102,9,7
sensitivity_1,sprt,"alpha=0.01, beta=0.2687",val,3600D531-0C55-44A7-AE95-A7A38519464E,20,842,1,0,1,11,0,0
sensitivity_1,sprt,"alpha=0.01, beta=0.2687",val,3600D531-0C55-44A7-AE95-A7A38519464E,21,54,1,1,2,32,0,0
sensitivity_1,sprt,"alpha=0.01, beta=0.2687",val,3600D531-0C55-44A7-AE95-A7A38519464E,22,107,3,3,6,19,2,1
sensitivity_1,sprt,"alpha=0.01, beta=0.2687",val,3600D531-0C55-44A7-AE95-A7A38519464E,24,14,1,1,2,2,1,1
sensitivity_1,sprt,"alpha=0.01, beta=0.2687",val,4FC32141-E888-4BFF-8804-12559A491D8C,4,43,0,0,0,0,0,0
sensitivity_1,sprt,"alpha=0.01, beta=0.2687",val,4FC32141-E888-4BFF-8804-12559A491D8C,5,325,3,3,6,93,0,0
sensitivity_1,sprt,"alpha=0.01, beta=0.2687",val,4FC32141-E888-4BFF-8804-12559A491D8C,6,427,1,0,1,5,0,0
sensitivity_1,sprt,"alpha=0.01, beta=0.2687",val,4FC32141-E888-4BFF-8804-12559A491D8C,7,102,1,1,2,26,0,0
sensitivity_1,sprt,"alpha=0.01, beta=0.2687",val,4FC32141-E888-4BFF-8804-12559A491D8C,8,18,0,0,0,0,0,0
sensitivity_1,sprt,"alpha=0.01, beta=0.2687",val,4FC32141-E888-4BFF-8804-12559A491D8C,10,43,0,0,0,0,0,0
sensitivity_1,sprt,"alpha=0.01, beta=0.2687",val,5119D0F8-FCA8-4184-A4EB-19421A40DE0D,9,1294,7,7,14,103,2,2
sensitivity_1,sprt,"alpha=0.01, beta=0.2687",val,5152A2DF-FAF3-4BA8-9CA9-E66B32671A53,6,697,14,14,28,141,10,6
sensitivity_1,sprt,"alpha=0.01, beta=0.2687",val,5152A2DF-FAF3-4BA8-9CA9-E66B32671A53,7,597,1,1,2,4,1,1
sensitivity_1,sprt,"alpha=0.01, beta=0.2687",val,5EF64122-B513-46AE-BCF1-E62AAC285D2C,9,116,0,0,0,0,0,0
sensitivity_1,sprt,"alpha=0.01, beta=0.2687",val,5EF64122-B513-46AE-BCF1-E62AAC285D2C,10,637,6,6,12,48,4,4
sensitivity_1,sprt,"alpha=0.01, beta=0.2687",val,61976C24-1C50-4355-9C49-AAE44A7D09F6,46,1717,11,11,22,149,6,5
sensitivity_1,sprt,"alpha=0.01, beta=0.2687",val,78A91A4E-4A51-4065-BDA7-94755F0BB3BB,5,597,10,10,20,167,5,3
sensitivity_1,sprt,"alpha=0.01, beta=0.2687",val,78A91A4E-4A51-4065-BDA7-94755F0BB3BB,6,1773,16,16,32,156,8,6
sensitivity_1,sprt,"alpha=0.01, beta=0.2687",val,7CE37510-56D0-4120-A1CF-0E23351428D2,6,1923,13,13,26,176,4,3
sensitivity_1,sprt,"alpha=0.01, beta=0.2687",val,8023FE1A-D3B0-4E2C-A57A-9321B7FC755F,23,972,7,7,14,59,4,4
sensitivity_1,sprt,"alpha=0.01, beta=0.2687",val,8023FE1A-D3B0-4E2C-A57A-9321B7FC755F,24,836,24,24,48,110,25,18
sensitivity_1,sprt,"alpha=0.01, beta=0.2687",val,83CF687B-7CEC-434B-9FE8-00C3D5799BE6,7,1879,24,23,47,148,14,13
sensitivity_1,sprt,"alpha=0.01, beta=0.2687",val,9759096F-1119-4E19-A0AD-6F16989C7E1C,3,474,6,6,12,116,3,2
sensitivity_1,sprt,"alpha=0.01, beta=0.2687",val,9759096F-1119-4E19-A0AD-6F16989C7E1C,4,1489,5,5,10,48,3,3
sensitivity_1,sprt,"alpha=0.01, beta=0.2687",val,9DC38D04-E82E-4F29-AB52-B476535226F2,12,1543,9,9,18,164,1,1
sensitivity_1,sprt,"alpha=0.01, beta=0.2687",val,9DC38D04-E82E-4F29-AB52-B476535226F2,18,359,0,0,0,0,0,0
sensitivity_1,sprt,"alpha=0.01, beta=0.2687",val,A5CDF89D-02A2-4EC1-89F8-F534FDABDD96,12,62,0,0,0,0,0,0
sensitivity_1,sprt,"alpha=0.01, beta=0.2687",val,A5CDF89D-02A2-4EC1-89F8-F534FDABDD96,13,841,4,4,8,31,2,1
sensitivity_1,sprt,"alpha=0.01, beta=0.2687",val,A5CDF89D-02A2-4EC1-89F8-F534FDABDD96,14,276,2,2,4,15,1,1
sensitivity_1,sprt,"alpha=0.01, beta=0.2687",val,A76A5AF5-5A93-4CF2-A16E-62353BB70E8A,2,1475,1,1,2,413,0,0
sensitivity_1,sprt,"alpha=0.01, beta=0.2687",val,B09E373F-8A54-44C8-895B-0039390B859F,9,1598,13,13,26,107,8,7
sensitivity_1,sprt,"alpha=0.01, beta=0.2687",val,B9724848-C7E2-45F4-9B3F-A1F38D864495,10,85,4,4,8,5,4,4
sensitivity_1,sprt,"alpha=0.01, beta=0.2687",val,B9724848-C7E2-45F4-9B3F-A1F38D864495,11,522,11,11,22,133,11,7
sensitivity_1,sprt,"alpha=0.01, beta=0.2687",val,B9724848-C7E2-45F4-9B3F-A1F38D864495,13,880,12,12,24,27,14,12
sensitivity_1,sprt,"alpha=0.01, beta=0.2687",val,BE3CA5A6-A561-4BBD-B7C9-5DF6805400FC,13,681,1,1,2,16,0,0
sensitivity_1,sprt,"alpha=0.01, beta=0.2687",val,BE3CA5A6-A561-4BBD-B7C9-5DF6805400FC,14,79,1,1,2,9,0,0
sensitivity_1,sprt,"alpha=0.01, beta=0.2687",val,BE3CA5A6-A561-4BBD-B7C9-5DF6805400FC,15,430,5,4,9,96,2,2
sensitivity_1,sprt,"alpha=0.01, beta=0.2687",val,BE3CA5A6-A561-4BBD-B7C9-5DF6805400FC,16,442,3,3,6,107,0,0
sensitivity_1,sprt,"alpha=0.01, beta=0.2687",val,C48CE857-A0DD-4DDB-BEA5-3A25449B2153,25,150,0,0,0,0,0,0
sensitivity_1,sprt,"alpha=0.01, beta=0.2687",val,C48CE857-A0DD-4DDB-BEA5-3A25449B2153,26,40,0,0,0,0,0,0
sensitivity_1,sprt,"alpha=0.01, beta=0.2687",val,C48CE857-A0DD-4DDB-BEA5-3A25449B2153,28,151,3,3,6,10,3,3
sensitivity_1,sprt,"alpha=0.01, beta=0.2687",val,C48CE857-A0DD-4DDB-BEA5-3A25449B2153,30,239,0,0,0,0,0,0
sensitivity_1,sprt,"alpha=0.01, beta=0.2687",val,C48CE857-A0DD-4DDB-BEA5-3A25449B2153,31,282,3,3,6,33,1,1
sensitivity_1,sprt,"alpha=0.01, beta=0.2687",val,C48CE857-A0DD-4DDB-BEA5-3A25449B2153,32,115,1,1,2,6,0,0
sensitivity_1,sprt,"alpha=0.01, beta=0.2687",val,CA820D43-E5E2-42EF-9798-BE56F776370B,4,1146,11,10,21,50,6,6
sensitivity_1,sprt,"alpha=0.01, beta=0.2687",val,CA820D43-E5E2-42EF-9798-BE56F776370B,8,394,6,6,12,28,4,3
sensitivity_1,sprt,"alpha=0.01, beta=0.2687",val,CDA3BBF7-6631-45E8-85BA-EEB416B32A3C,2,227,3,3,6,24,2,1
sensitivity_1,sprt,"alpha=0.01, beta=0.2687",val,CDA3BBF7-6631-45E8-85BA-EEB416B32A3C,3,316,0,0,0,0,0,0
sensitivity_1,sprt,"alpha=0.01, beta=0.2687",val,CF722AA9-2533-4E51-9FEB-9EAC84EE9AAC,7,113,1,1,2,20,0,0
sensitivity_1,sprt,"alpha=0.01, beta=0.2687",val,CF722AA9-2533-4E51-9FEB-9EAC84EE9AAC,8,371,3,3,6,29,1,0
sensitivity_1,sprt,"alpha=0.01, beta=0.2687",val,CF722AA9-2533-4E51-9FEB-9EAC84EE9AAC,9,210,0,0,0,0,0,0
sensitivity_1,sprt,"alpha=0.01, beta=0.2687",val,D7D20E2E-FC78-405D-B346-DBD3FD8FC92B,7,175,3,3,6,11,3,3
sensitivity_1,sprt,"alpha=0.01, beta=0.2687",val,D7D20E2E-FC78-405D-B346-DBD3FD8FC92B,8,528,2,1,3,3,1,1
sensitivity_1,sprt,"alpha=0.01, beta=0.2687",val,D7D20E2E-FC78-405D-B346-DBD3FD8FC92B,9,42,0,0,0,0,0,0
sensitivity_1,sprt,"alpha=0.01, beta=0.2687",val,D7D20E2E-FC78-405D-B346-DBD3FD8FC92B,10,153,2,2,4,90,0,0
sensitivity_1,sprt,"alpha=0.01, beta=0.2687",val,D7D20E2E-FC78-405D-B346-DBD3FD8FC92B,11,292,3,3,6,14,2,2
sensitivity_1,sprt,"alpha=0.01, beta=0.2687",val,D7D20E2E-FC78-405D-B346-DBD3FD8FC92B,12,23,0,0,0,0,0,0
sensitivity_1,sprt,"alpha=0.01, beta=0.2687",val,E65577C1-8D5D-4F70-AF23-B3ADB9D3DBA3,3,659,7,7,14,63,3,3
sensitivity_1,sprt,"alpha=0.01, beta=0.2687",val,ECECC2AB-D32F-4F90-B74C-E12A1C69BBE2,12,232,1,1,2,1,1,1
sensitivity_1,sprt,"alpha=0.01, beta=0.2687",val,ECECC2AB-D32F-4F90-B74C-E12A1C69BBE2,13,35,0,0,0,0,0,0
sensitivity_1,sprt,"alpha=0.01, beta=0.2687",val,ECECC2AB-D32F-4F90-B74C-E12A1C69BBE2,14,204,1,1,2,32,0,0
sensitivity_1,sprt,"alpha=0.01, beta=0.2687",val,ECECC2AB-D32F-4F90-B74C-E12A1C69BBE2,15,206,1,1,2,1,1,1
sensitivity_1,sprt,"alpha=0.01, beta=0.2687",val,FDAA70A1-42A3-4E3F-9AE3-3FDA412E03BF,18,966,7,7,14,73,4,3
sensitivity_1,hmm,"rho=0.001, theta=0.9802",val,00EABED2-271D-49D8-B599-1D4A09240601,23,428,4,4,8,43,3,2
sensitivity_1,hmm,"rho=0.001, theta=0.9802",val,098A72A5-E3E5-4F54-A152-BBDA0DF7B694,5,174,0,0,0,0,0,0
sensitivity_1,hmm,"rho=0.001, theta=0.9802",val,098A72A5-E3E5-4F54-A152-BBDA0DF7B694,6,134,1,1,2,4,1,1
sensitivity_1,hmm,"rho=0.001, theta=0.9802",val,098A72A5-E3E5-4F54-A152-BBDA0DF7B694,7,13,0,0,0,0,0,0
sensitivity_1,hmm,"rho=0.001, theta=0.9802",val,098A72A5-E3E5-4F54-A152-BBDA0DF7B694,8,275,1,1,2,1,1,1
sensitivity_1,hmm,"rho=0.001, theta=0.9802",val,098A72A5-E3E5-4F54-A152-BBDA0DF7B694,9,459,1,1,2,1,1,1
sensitivity_1,hmm,"rho=0.001, theta=0.9802",val,098A72A5-E3E5-4F54-A152-BBDA0DF7B694,10,75,1,1,2,5,1,1
sensitivity_1,hmm,"rho=0.001, theta=0.9802",val,098A72A5-E3E5-4F54-A152-BBDA0DF7B694,11,44,1,1,2,1,1,1
sensitivity_1,hmm,"rho=0.001, theta=0.9802",val,098A72A5-E3E5-4F54-A152-BBDA0DF7B694,13,156,1,1,2,2,1,1
sensitivity_1,hmm,"rho=0.001, theta=0.9802",val,0A986513-7828-4D53-AA1F-E02D6DF9561B,6,763,11,11,22,45,10,9
sensitivity_1,hmm,"rho=0.001, theta=0.9802",val,11B5EC4D-4133-4289-B475-4E737182A406,3,616,4,4,8,35,2,1
sensitivity_1,hmm,"rho=0.001, theta=0.9802",val,11B5EC4D-4133-4289-B475-4E737182A406,4,799,9,9,18,144,6,3
sensitivity_1,hmm,"rho=0.001, theta=0.9802",val,11B5EC4D-4133-4289-B475-4E737182A406,5,324,0,0,0,0,0,0
sensitivity_1,hmm,"rho=0.001, theta=0.9802",val,136562B6-95B2-483D-88DC-065F28409FD2,17,181,2,1,3,32,0,0
sensitivity_1,hmm,"rho=0.001, theta=0.9802",val,136562B6-95B2-483D-88DC-065F28409FD2,18,847,4,4,8,126,2,2
sensitivity_1,hmm,"rho=0.001, theta=0.9802",val,136562B6-95B2-483D-88DC-065F28409FD2,19,80,2,2,4,22,2,1
sensitivity_1,hmm,"rho=0.001, theta=0.9802",val,136562B6-95B2-483D-88DC-065F28409FD2,20,107,3,2,5,70,0,0
sensitivity_1,hmm,"rho=0.001, theta=0.9802",val,1538C99F-BA1E-4EFB-A949-6C7C47701B20,25,291,0,0,0,0,0,0
sensitivity_1,hmm,"rho=0.001, theta=0.9802",val,1538C99F-BA1E-4EFB-A949-6C7C47701B20,26,82,0,0,0,0,0,0
sensitivity_1,hmm,"rho=0.001, theta=0.9802",val,1538C99F-BA1E-4EFB-A949-6C7C47701B20,27,160,3,3,6,4,4,3
sensitivity_1,hmm,"rho=0.001, theta=0.9802",val,1538C99F-BA1E-4EFB-A949-6C7C47701B20,28,748,18,18,36,75,16,13
sensitivity_1,hmm,"rho=0.001, theta=0.9802",val,24E40C4C-A349-4F9F-93AB-01D00FB994AF,12,236,1,1,2,3,1,1
sensitivity_1,hmm,"rho=0.001, theta=0.9802",val,24E40C4C-A349-4F9F-93AB-01D00FB994AF,13,213,1,1,2,39,0,0
sensitivity_1,hmm,"rho=0.001, theta=0.9802",val,24E40C4C-A349-4F9F-93AB-01D00FB994AF,14,141,1,1,2,2,1,1
sensitivity_1,hmm,"rho=0.001, theta=0.9802",val,24E40C4C-A349-4F9F-93AB-01D00FB994AF,15,317,3,3,6,132,1,1
sensitivity_1,hmm,"rho=0.001, theta=0.9802",val,24E40C4C-A349-4F9F-93AB-01D00FB994AF,16,18,0,0,0,0,0,0
sensitivity_1,hmm,"rho=0.001, theta=0.9802",val,2C32C23E-E30C-498A-8DD2-0EFB9150A02E,9,1674,9,9,18,103,7,6
sensitivity_1,hmm,"rho=0.001, theta=0.9802",val,3600D531-0C55-44A7-AE95-A7A38519464E,20,842,8,7,15,22,9,7
sensitivity_1,hmm,"rho=0.001, theta=0.9802",val,3600D531-0C55-44A7-AE95-A7A38519464E,21,54,1,0,1,40,0,0
sensitivity_1,hmm,"rho=0.001, theta=0.9802",val,3600D531-0C55-44A7-AE95-A7A38519464E,22,107,2,2,4,3,2,2
sensitivity_1,hmm,"rho=0.001, theta=0.9802",val,3600D531-0C55-44A7-AE95-A7A38519464E,24,14,0,0,0,0,0,0
sensitivity_1,hmm,"rho=0.001, theta=0.9802",val,4FC32141-E888-4BFF-8804-12559A491D8C,4,43,0,0,0,0,0,0
sensitivity_1,hmm,"rho=0.001, theta=0.9802",val,4FC32141-E888-4BFF-8804-12559A491D8C,5,325,6,5,11,111,6,4
sensitivity_1,hmm,"rho=0.001, theta=0.9802",val,4FC32141-E888-4BFF-8804-12559A491D8C,6,427,5,4,9,36,4,2
sensitivity_1,hmm,"rho=0.001, theta=0.9802",val,4FC32141-E888-4BFF-8804-12559A491D8C,7,102,5,5,10,24,6,4
sensitivity_1,hmm,"rho=0.001, theta=0.9802",val,4FC32141-E888-4BFF-8804-12559A491D8C,8,18,0,0,0,0,0,0
sensitivity_1,hmm,"rho=0.001, theta=0.9802",val,4FC32141-E888-4BFF-8804-12559A491D8C,10,43,0,0,0,0,0,0
sensitivity_1,hmm,"rho=0.001, theta=0.9802",val,5119D0F8-FCA8-4184-A4EB-19421A40DE0D,9,1294,10,10,20,118,9,7
sensitivity_1,hmm,"rho=0.001, theta=0.9802",val,5152A2DF-FAF3-4BA8-9CA9-E66B32671A53,6,697,20,20,40,155,16,13
sensitivity_1,hmm,"rho=0.001, theta=0.9802",val,5152A2DF-FAF3-4BA8-9CA9-E66B32671A53,7,597,1,1,2,1,1,1
sensitivity_1,hmm,"rho=0.001, theta=0.9802",val,5EF64122-B513-46AE-BCF1-E62AAC285D2C,9,116,0,0,0,0,0,0
sensitivity_1,hmm,"rho=0.001, theta=0.9802",val,5EF64122-B513-46AE-BCF1-E62AAC285D2C,10,637,7,7,14,34,6,5
sensitivity_1,hmm,"rho=0.001, theta=0.9802",val,61976C24-1C50-4355-9C49-AAE44A7D09F6,46,1717,10,10,20,169,10,7
sensitivity_1,hmm,"rho=0.001, theta=0.9802",val,78A91A4E-4A51-4065-BDA7-94755F0BB3BB,5,597,14,14,28,169,15,9
sensitivity_1,hmm,"rho=0.001, theta=0.9802",val,78A91A4E-4A51-4065-BDA7-94755F0BB3BB,6,1773,21,21,42,141,19,14
sensitivity_1,hmm,"rho=0.001, theta=0.9802",val,7CE37510-56D0-4120-A1CF-0E23351428D2,6,1923,25,25,50,198,25,18
sensitivity_1,hmm,"rho=0.001, theta=0.9802",val,8023FE1A-D3B0-4E2C-A57A-9321B7FC755F,23,972,5,5,10,45,2,2
sensitivity_1,hmm,"rho=0.001, theta=0.9802",val,8023FE1A-D3B0-4E2C-A57A-9321B7FC755F,24,836,16,16,32,65,17,12
sensitivity_1,hmm,"rho=0.001, theta=0.9802",val,83CF687B-7CEC-434B-9FE8-00C3D5799BE6,7,1879,26,26,52,153,22,18
sensitivity_1,hmm,"rho=0.001, theta=0.9802",val,9759096F-1119-4E19-A0AD-6F16989C7E1C,3,474,6,6,12,134,7,5
sensitivity_1,hmm,"rho=0.001, theta=0.9802",val,9759096F-1119-4E19-A0AD-6F16989C7E1C,4,1489,7,7,14,49,8,5
sensitivity_1,hmm,"rho=0.001, theta=0.9802",val,9DC38D04-E82E-4F29-AB52-B476535226F2,12,1543,14,14,28,162,6,5
sensitivity_1,hmm,"rho=0.001, theta=0.9802",val,9DC38D04-E82E-4F29-AB52-B476535226F2,18,359,0,0,0,0,0,0
sensitivity_1,hmm,"rho=0.001, theta=0.9802",val,A5CDF89D-02A2-4EC1-89F8-F534FDABDD96,12,62,0,0,0,0,0,0
sensitivity_1,hmm,"rho=0.001, theta=0.9802",val,A5CDF89D-02A2-4EC1-89F8-F534FDABDD96,13,841,4,4,8,13,4,3
sensitivity_1,hmm,"rho=0.001, theta=0.9802",val,A5CDF89D-02A2-4EC1-89F8-F534FDABDD96,14,276,3,3,6,6,4,3
sensitivity_1,hmm,"rho=0.001, theta=0.9802",val,A76A5AF5-5A93-4CF2-A16E-62353BB70E8A,2,1475,1,1,2,418,0,0
sensitivity_1,hmm,"rho=0.001, theta=0.9802",val,B09E373F-8A54-44C8-895B-0039390B859F,9,1598,13,13,26,105,9,7
sensitivity_1,hmm,"rho=0.001, theta=0.9802",val,B9724848-C7E2-45F4-9B3F-A1F38D864495,10,85,1,1,2,1,1,1
sensitivity_1,hmm,"rho=0.001, theta=0.9802",val,B9724848-C7E2-45F4-9B3F-A1F38D864495,11,522,7,7,14,128,4,3
sensitivity_1,hmm,"rho=0.001, theta=0.9802",val,B9724848-C7E2-45F4-9B3F-A1F38D864495,13,880,7,7,14,19,8,7
sensitivity_1,hmm,"rho=0.001, theta=0.9802",val,BE3CA5A6-A561-4BBD-B7C9-5DF6805400FC,13,681,3,3,6,20,2,1
sensitivity_1,hmm,"rho=0.001, theta=0.9802",val,BE3CA5A6-A561-4BBD-B7C9-5DF6805400FC,14,79,1,1,2,4,1,1
sensitivity_1,hmm,"rho=0.001, theta=0.9802",val,BE3CA5A6-A561-4BBD-B7C9-5DF6805400FC,15,430,6,5,11,107,5,3
sensitivity_1,hmm,"rho=0.001, theta=0.9802",val,BE3CA5A6-A561-4BBD-B7C9-5DF6805400FC,16,442,4,4,8,105,2,1
sensitivity_1,hmm,"rho=0.001, theta=0.9802",val,C48CE857-A0DD-4DDB-BEA5-3A25449B2153,25,150,0,0,0,0,0,0
sensitivity_1,hmm,"rho=0.001, theta=0.9802",val,C48CE857-A0DD-4DDB-BEA5-3A25449B2153,26,40,0,0,0,0,0,0
sensitivity_1,hmm,"rho=0.001, theta=0.9802",val,C48CE857-A0DD-4DDB-BEA5-3A25449B2153,28,151,3,3,6,5,4,3
sensitivity_1,hmm,"rho=0.001, theta=0.9802",val,C48CE857-A0DD-4DDB-BEA5-3A25449B2153,30,239,1,0,1,2,0,0
sensitivity_1,hmm,"rho=0.001, theta=0.9802",val,C48CE857-A0DD-4DDB-BEA5-3A25449B2153,31,282,5,5,10,39,3,3
sensitivity_1,hmm,"rho=0.001, theta=0.9802",val,C48CE857-A0DD-4DDB-BEA5-3A25449B2153,32,115,1,1,2,4,1,1
sensitivity_1,hmm,"rho=0.001, theta=0.9802",val,CA820D43-E5E2-42EF-9798-BE56F776370B,4,1146,11,11,22,27,10,10
sensitivity_1,hmm,"rho=0.001, theta=0.9802",val,CA820D43-E5E2-42EF-9798-BE56F776370B,8,394,7,7,14,21,8,7
sensitivity_1,hmm,"rho=0.001, theta=0.9802",val,CDA3BBF7-6631-45E8-85BA-EEB416B32A3C,2,227,2,2,4,12,1,1
sensitivity_1,hmm,"rho=0.001, theta=0.9802",val,CDA3BBF7-6631-45E8-85BA-EEB416B32A3C,3,316,0,0,0,0,0,0
sensitivity_1,hmm,"rho=0.001, theta=0.9802",val,CF722AA9-2533-4E51-9FEB-9EAC84EE9AAC,7,113,2,2,4,25,2,1
sensitivity_1,hmm,"rho=0.001, theta=0.9802",val,CF722AA9-2533-4E51-9FEB-9EAC84EE9AAC,8,371,3,3,6,39,1,1
sensitivity_1,hmm,"rho=0.001, theta=0.9802",val,CF722AA9-2533-4E51-9FEB-9EAC84EE9AAC,9,210,2,2,4,6,2,2
sensitivity_1,hmm,"rho=0.001, theta=0.9802",val,D7D20E2E-FC78-405D-B346-DBD3FD8FC92B,7,175,4,4,8,15,3,3
sensitivity_1,hmm,"rho=0.001, theta=0.9802",val,D7D20E2E-FC78-405D-B346-DBD3FD8FC92B,8,528,1,0,1,2,0,0
sensitivity_1,hmm,"rho=0.001, theta=0.9802",val,D7D20E2E-FC78-405D-B346-DBD3FD8FC92B,9,42,1,1,2,3,1,1
sensitivity_1,hmm,"rho=0.001, theta=0.9802",val,D7D20E2E-FC78-405D-B346-DBD3FD8FC92B,10,153,3,3,6,85,3,2
sensitivity_1,hmm,"rho=0.001, theta=0.9802",val,D7D20E2E-FC78-405D-B346-DBD3FD8FC92B,11,292,3,3,6,16,2,2
sensitivity_1,hmm,"rho=0.001, theta=0.9802",val,D7D20E2E-FC78-405D-B346-DBD3FD8FC92B,12,23,0,0,0,0,0,0
sensitivity_1,hmm,"rho=0.001, theta=0.9802",val,E65577C1-8D5D-4F70-AF23-B3ADB9D3DBA3,3,659,6,6,12,48,4,4
sensitivity_1,hmm,"rho=0.001, theta=0.9802",val,ECECC2AB-D32F-4F90-B74C-E12A1C69BBE2,12,232,0,0,0,0,0,0
sensitivity_1,hmm,"rho=0.001, theta=0.9802",val,ECECC2AB-D32F-4F90-B74C-E12A1C69BBE2,13,35,1,1,2,1,1,1
sensitivity_1,hmm,"rho=0.001, theta=0.9802",val,ECECC2AB-D32F-4F90-B74C-E12A1C69BBE2,14,204,2,2,4,32,1,1
sensitivity_1,hmm,"rho=0.001, theta=0.9802",val,ECECC2AB-D32F-4F90-B74C-E12A1C69BBE2,15,206,0,0,0,0,0,0
sensitivity_1,hmm,"rho=0.001, theta=0.9802",val,FDAA70A1-42A3-4E3F-9AE3-3FDA412E03BF,18,966,11,11,22,73,10,7
sensitivity_2,threshold,theta=0.02931,val,00EABED2-271D-49D8-B599-1D4A09240601,23,428,1,1,2,1,1,1
sensitivity_2,threshold,theta=0.02931,val,098A72A5-E3E5-4F54-A152-BBDA0DF7B694,5,174,0,0,0,0,0,0
sensitivity_2,threshold,theta=0.02931,val,098A72A5-E3E5-4F54-A152-BBDA0DF7B694,6,134,0,0,0,0,0,0
sensitivity_2,threshold,theta=0.02931,val,098A72A5-E3E5-4F54-A152-BBDA0DF7B694,7,13,0,0,0,0,0,0
sensitivity_2,threshold,theta=0.02931,val,098A72A5-E3E5-4F54-A152-BBDA0DF7B694,8,275,0,0,0,0,0,0
sensitivity_2,threshold,theta=0.02931,val,098A72A5-E3E5-4F54-A152-BBDA0DF7B694,9,459,0,0,0,0,0,0
sensitivity_2,threshold,theta=0.02931,val,098A72A5-E3E5-4F54-A152-BBDA0DF7B694,10,75,0,0,0,0,0,0
sensitivity_2,threshold,theta=0.02931,val,098A72A5-E3E5-4F54-A152-BBDA0DF7B694,11,44,0,0,0,0,0,0
sensitivity_2,threshold,theta=0.02931,val,098A72A5-E3E5-4F54-A152-BBDA0DF7B694,13,156,0,0,0,0,0,0
sensitivity_2,threshold,theta=0.02931,val,0A986513-7828-4D53-AA1F-E02D6DF9561B,6,763,2,2,4,2,2,2
sensitivity_2,threshold,theta=0.02931,val,11B5EC4D-4133-4289-B475-4E737182A406,3,616,0,0,0,0,0,0
sensitivity_2,threshold,theta=0.02931,val,11B5EC4D-4133-4289-B475-4E737182A406,4,799,0,0,0,0,0,0
sensitivity_2,threshold,theta=0.02931,val,11B5EC4D-4133-4289-B475-4E737182A406,5,324,0,0,0,0,0,0
sensitivity_2,threshold,theta=0.02931,val,136562B6-95B2-483D-88DC-065F28409FD2,17,181,0,0,0,0,0,0
sensitivity_2,threshold,theta=0.02931,val,136562B6-95B2-483D-88DC-065F28409FD2,18,847,0,0,0,0,0,0
sensitivity_2,threshold,theta=0.02931,val,136562B6-95B2-483D-88DC-065F28409FD2,19,80,0,0,0,0,0,0
sensitivity_2,threshold,theta=0.02931,val,136562B6-95B2-483D-88DC-065F28409FD2,20,107,0,0,0,0,0,0
sensitivity_2,threshold,theta=0.02931,val,1538C99F-BA1E-4EFB-A949-6C7C47701B20,25,291,0,0,0,0,0,0
sensitivity_2,threshold,theta=0.02931,val,1538C99F-BA1E-4EFB-A949-6C7C47701B20,26,82,0,0,0,0,0,0
sensitivity_2,threshold,theta=0.02931,val,1538C99F-BA1E-4EFB-A949-6C7C47701B20,27,160,0,0,0,0,0,0
sensitivity_2,threshold,theta=0.02931,val,1538C99F-BA1E-4EFB-A949-6C7C47701B20,28,748,0,0,0,0,0,0
sensitivity_2,threshold,theta=0.02931,val,24E40C4C-A349-4F9F-93AB-01D00FB994AF,12,236,0,0,0,0,0,0
sensitivity_2,threshold,theta=0.02931,val,24E40C4C-A349-4F9F-93AB-01D00FB994AF,13,213,1,1,2,1,1,1
sensitivity_2,threshold,theta=0.02931,val,24E40C4C-A349-4F9F-93AB-01D00FB994AF,14,141,0,0,0,0,0,0
sensitivity_2,threshold,theta=0.02931,val,24E40C4C-A349-4F9F-93AB-01D00FB994AF,15,317,0,0,0,0,0,0
sensitivity_2,threshold,theta=0.02931,val,24E40C4C-A349-4F9F-93AB-01D00FB994AF,16,18,0,0,0,0,0,0
sensitivity_2,threshold,theta=0.02931,val,2C32C23E-E30C-498A-8DD2-0EFB9150A02E,9,1674,4,4,8,4,4,4
sensitivity_2,threshold,theta=0.02931,val,3600D531-0C55-44A7-AE95-A7A38519464E,20,842,0,0,0,0,0,0
sensitivity_2,threshold,theta=0.02931,val,3600D531-0C55-44A7-AE95-A7A38519464E,21,54,0,0,0,0,0,0
sensitivity_2,threshold,theta=0.02931,val,3600D531-0C55-44A7-AE95-A7A38519464E,22,107,0,0,0,0,0,0
sensitivity_2,threshold,theta=0.02931,val,3600D531-0C55-44A7-AE95-A7A38519464E,24,14,0,0,0,0,0,0
sensitivity_2,threshold,theta=0.02931,val,4FC32141-E888-4BFF-8804-12559A491D8C,4,43,0,0,0,0,0,0
sensitivity_2,threshold,theta=0.02931,val,4FC32141-E888-4BFF-8804-12559A491D8C,5,325,0,0,0,0,0,0
sensitivity_2,threshold,theta=0.02931,val,4FC32141-E888-4BFF-8804-12559A491D8C,6,427,0,0,0,0,0,0
sensitivity_2,threshold,theta=0.02931,val,4FC32141-E888-4BFF-8804-12559A491D8C,7,102,0,0,0,0,0,0
sensitivity_2,threshold,theta=0.02931,val,4FC32141-E888-4BFF-8804-12559A491D8C,8,18,0,0,0,0,0,0
sensitivity_2,threshold,theta=0.02931,val,4FC32141-E888-4BFF-8804-12559A491D8C,10,43,0,0,0,0,0,0
sensitivity_2,threshold,theta=0.02931,val,5119D0F8-FCA8-4184-A4EB-19421A40DE0D,9,1294,0,0,0,0,0,0
sensitivity_2,threshold,theta=0.02931,val,5152A2DF-FAF3-4BA8-9CA9-E66B32671A53,6,697,0,0,0,0,0,0
sensitivity_2,threshold,theta=0.02931,val,5152A2DF-FAF3-4BA8-9CA9-E66B32671A53,7,597,0,0,0,0,0,0
sensitivity_2,threshold,theta=0.02931,val,5EF64122-B513-46AE-BCF1-E62AAC285D2C,9,116,0,0,0,0,0,0
sensitivity_2,threshold,theta=0.02931,val,5EF64122-B513-46AE-BCF1-E62AAC285D2C,10,637,0,0,0,0,0,0
sensitivity_2,threshold,theta=0.02931,val,61976C24-1C50-4355-9C49-AAE44A7D09F6,46,1717,0,0,0,0,0,0
sensitivity_2,threshold,theta=0.02931,val,78A91A4E-4A51-4065-BDA7-94755F0BB3BB,5,597,2,2,4,2,2,2
sensitivity_2,threshold,theta=0.02931,val,78A91A4E-4A51-4065-BDA7-94755F0BB3BB,6,1773,0,0,0,0,0,0
sensitivity_2,threshold,theta=0.02931,val,7CE37510-56D0-4120-A1CF-0E23351428D2,6,1923,0,0,0,0,0,0
sensitivity_2,threshold,theta=0.02931,val,8023FE1A-D3B0-4E2C-A57A-9321B7FC755F,23,972,0,0,0,0,0,0
sensitivity_2,threshold,theta=0.02931,val,8023FE1A-D3B0-4E2C-A57A-9321B7FC755F,24,836,0,0,0,0,0,0
sensitivity_2,threshold,theta=0.02931,val,83CF687B-7CEC-434B-9FE8-00C3D5799BE6,7,1879,5,5,10,5,5,5
sensitivity_2,threshold,theta=0.02931,val,9759096F-1119-4E19-A0AD-6F16989C7E1C,3,474,1,1,2,1,1,1
sensitivity_2,threshold,theta=0.02931,val,9759096F-1119-4E19-A0AD-6F16989C7E1C,4,1489,0,0,0,0,0,0
sensitivity_2,threshold,theta=0.02931,val,9DC38D04-E82E-4F29-AB52-B476535226F2,12,1543,0,0,0,0,0,0
sensitivity_2,threshold,theta=0.02931,val,9DC38D04-E82E-4F29-AB52-B476535226F2,18,359,0,0,0,0,0,0
sensitivity_2,threshold,theta=0.02931,val,A5CDF89D-02A2-4EC1-89F8-F534FDABDD96,12,62,0,0,0,0,0,0
sensitivity_2,threshold,theta=0.02931,val,A5CDF89D-02A2-4EC1-89F8-F534FDABDD96,13,841,0,0,0,0,0,0
sensitivity_2,threshold,theta=0.02931,val,A5CDF89D-02A2-4EC1-89F8-F534FDABDD96,14,276,0,0,0,0,0,0
sensitivity_2,threshold,theta=0.02931,val,A76A5AF5-5A93-4CF2-A16E-62353BB70E8A,2,1475,0,0,0,0,0,0
sensitivity_2,threshold,theta=0.02931,val,B09E373F-8A54-44C8-895B-0039390B859F,9,1598,3,3,6,3,4,3
sensitivity_2,threshold,theta=0.02931,val,B9724848-C7E2-45F4-9B3F-A1F38D864495,10,85,0,0,0,0,0,0
sensitivity_2,threshold,theta=0.02931,val,B9724848-C7E2-45F4-9B3F-A1F38D864495,11,522,5,5,10,5,6,5
sensitivity_2,threshold,theta=0.02931,val,B9724848-C7E2-45F4-9B3F-A1F38D864495,13,880,0,0,0,0,0,0
sensitivity_2,threshold,theta=0.02931,val,BE3CA5A6-A561-4BBD-B7C9-5DF6805400FC,13,681,0,0,0,0,0,0
sensitivity_2,threshold,theta=0.02931,val,BE3CA5A6-A561-4BBD-B7C9-5DF6805400FC,14,79,0,0,0,0,0,0
sensitivity_2,threshold,theta=0.02931,val,BE3CA5A6-A561-4BBD-B7C9-5DF6805400FC,15,430,0,0,0,0,0,0
sensitivity_2,threshold,theta=0.02931,val,BE3CA5A6-A561-4BBD-B7C9-5DF6805400FC,16,442,0,0,0,0,0,0
sensitivity_2,threshold,theta=0.02931,val,C48CE857-A0DD-4DDB-BEA5-3A25449B2153,25,150,0,0,0,0,0,0
sensitivity_2,threshold,theta=0.02931,val,C48CE857-A0DD-4DDB-BEA5-3A25449B2153,26,40,0,0,0,0,0,0
sensitivity_2,threshold,theta=0.02931,val,C48CE857-A0DD-4DDB-BEA5-3A25449B2153,28,151,0,0,0,0,0,0
sensitivity_2,threshold,theta=0.02931,val,C48CE857-A0DD-4DDB-BEA5-3A25449B2153,30,239,0,0,0,0,0,0
sensitivity_2,threshold,theta=0.02931,val,C48CE857-A0DD-4DDB-BEA5-3A25449B2153,31,282,0,0,0,0,0,0
sensitivity_2,threshold,theta=0.02931,val,C48CE857-A0DD-4DDB-BEA5-3A25449B2153,32,115,0,0,0,0,0,0
sensitivity_2,threshold,theta=0.02931,val,CA820D43-E5E2-42EF-9798-BE56F776370B,4,1146,1,1,2,1,1,1
sensitivity_2,threshold,theta=0.02931,val,CA820D43-E5E2-42EF-9798-BE56F776370B,8,394,1,1,2,1,1,1
sensitivity_2,threshold,theta=0.02931,val,CDA3BBF7-6631-45E8-85BA-EEB416B32A3C,2,227,0,0,0,0,0,0
sensitivity_2,threshold,theta=0.02931,val,CDA3BBF7-6631-45E8-85BA-EEB416B32A3C,3,316,0,0,0,0,0,0
sensitivity_2,threshold,theta=0.02931,val,CF722AA9-2533-4E51-9FEB-9EAC84EE9AAC,7,113,0,0,0,0,0,0
sensitivity_2,threshold,theta=0.02931,val,CF722AA9-2533-4E51-9FEB-9EAC84EE9AAC,8,371,3,3,6,3,5,3
sensitivity_2,threshold,theta=0.02931,val,CF722AA9-2533-4E51-9FEB-9EAC84EE9AAC,9,210,0,0,0,0,0,0
sensitivity_2,threshold,theta=0.02931,val,D7D20E2E-FC78-405D-B346-DBD3FD8FC92B,7,175,0,0,0,0,0,0
sensitivity_2,threshold,theta=0.02931,val,D7D20E2E-FC78-405D-B346-DBD3FD8FC92B,8,528,0,0,0,0,0,0
sensitivity_2,threshold,theta=0.02931,val,D7D20E2E-FC78-405D-B346-DBD3FD8FC92B,9,42,0,0,0,0,0,0
sensitivity_2,threshold,theta=0.02931,val,D7D20E2E-FC78-405D-B346-DBD3FD8FC92B,10,153,1,1,2,1,1,1
sensitivity_2,threshold,theta=0.02931,val,D7D20E2E-FC78-405D-B346-DBD3FD8FC92B,11,292,0,0,0,0,0,0
sensitivity_2,threshold,theta=0.02931,val,D7D20E2E-FC78-405D-B346-DBD3FD8FC92B,12,23,0,0,0,0,0,0
sensitivity_2,threshold,theta=0.02931,val,E65577C1-8D5D-4F70-AF23-B3ADB9D3DBA3,3,659,0,0,0,0,0,0
sensitivity_2,threshold,theta=0.02931,val,ECECC2AB-D32F-4F90-B74C-E12A1C69BBE2,12,232,0,0,0,0,0,0
sensitivity_2,threshold,theta=0.02931,val,ECECC2AB-D32F-4F90-B74C-E12A1C69BBE2,13,35,0,0,0,0,0,0
sensitivity_2,threshold,theta=0.02931,val,ECECC2AB-D32F-4F90-B74C-E12A1C69BBE2,14,204,0,0,0,0,0,0
sensitivity_2,threshold,theta=0.02931,val,ECECC2AB-D32F-4F90-B74C-E12A1C69BBE2,15,206,0,0,0,0,0,0
sensitivity_2,threshold,theta=0.02931,val,FDAA70A1-42A3-4E3F-9AE3-3FDA412E03BF,18,966,3,3,6,4,4,3
sensitivity_2,moving_average,"k=2, theta=0.07586",val,00EABED2-271D-49D8-B599-1D4A09240601,23,428,5,5,10,10,8,5
sensitivity_2,moving_average,"k=2, theta=0.07586",val,098A72A5-E3E5-4F54-A152-BBDA0DF7B694,5,174,0,0,0,0,0,0
sensitivity_2,moving_average,"k=2, theta=0.07586",val,098A72A5-E3E5-4F54-A152-BBDA0DF7B694,6,134,1,1,2,1,1,1
sensitivity_2,moving_average,"k=2, theta=0.07586",val,098A72A5-E3E5-4F54-A152-BBDA0DF7B694,7,13,0,0,0,0,0,0
sensitivity_2,moving_average,"k=2, theta=0.07586",val,098A72A5-E3E5-4F54-A152-BBDA0DF7B694,8,275,0,0,0,0,0,0
sensitivity_2,moving_average,"k=2, theta=0.07586",val,098A72A5-E3E5-4F54-A152-BBDA0DF7B694,9,459,0,0,0,0,0,0
sensitivity_2,moving_average,"k=2, theta=0.07586",val,098A72A5-E3E5-4F54-A152-BBDA0DF7B694,10,75,0,0,0,0,0,0
sensitivity_2,moving_average,"k=2, theta=0.07586",val,098A72A5-E3E5-4F54-A152-BBDA0DF7B694,11,44,0,0,0,0,0,0
sensitivity_2,moving_average,"k=2, theta=0.07586",val,098A72A5-E3E5-4F54-A152-BBDA0DF7B694,13,156,0,0,0,0,0,0
sensitivity_2,moving_average,"k=2, theta=0.07586",val,0A986513-7828-4D53-AA1F-E02D6DF9561B,6,763,1,1,2,1,1,1
sensitivity_2,moving_average,"k=2, theta=0.07586",val,11B5EC4D-4133-4289-B475-4E737182A406,3,616,0,0,0,0,0,0
sensitivity_2,moving_average,"k=2, theta=0.07586",val,11B5EC4D-4133-4289-B475-4E737182A406,4,799,0,0,0,0,0,0
sensitivity_2,moving_average,"k=2, theta=0.07586",val,11B5EC4D-4133-4289-B475-4E737182A406,5,324,0,0,0,0,0,0
sensitivity_2,moving_average,"k=2, theta=0.07586",val,136562B6-95B2-483D-88DC-065F28409FD2,17,181,0,0,0,0,0,0
sensitivity_2,moving_average,"k=2, theta=0.07586",val,136562B6-95B2-483D-88DC-065F28409FD2,18,847,0,0,0,0,0,0
sensitivity_2,moving_average,"k=2, theta=0.07586",val,136562B6-95B2-483D-88DC-065F28409FD2,19,80,0,0,0,0,0,0
sensitivity_2,moving_average,"k=2, theta=0.07586",val,136562B6-95B2-483D-88DC-065F28409FD2,20,107,0,0,0,0,0,0
sensitivity_2,moving_average,"k=2, theta=0.07586",val,1538C99F-BA1E-4EFB-A949-6C7C47701B20,25,291,0,0,0,0,0,0
sensitivity_2,moving_average,"k=2, theta=0.07586",val,1538C99F-BA1E-4EFB-A949-6C7C47701B20,26,82,0,0,0,0,0,0
sensitivity_2,moving_average,"k=2, theta=0.07586",val,1538C99F-BA1E-4EFB-A949-6C7C47701B20,27,160,0,0,0,0,0,0
sensitivity_2,moving_average,"k=2, theta=0.07586",val,1538C99F-BA1E-4EFB-A949-6C7C47701B20,28,748,0,0,0,0,0,0
sensitivity_2,moving_average,"k=2, theta=0.07586",val,24E40C4C-A349-4F9F-93AB-01D00FB994AF,12,236,0,0,0,0,0,0
sensitivity_2,moving_average,"k=2, theta=0.07586",val,24E40C4C-A349-4F9F-93AB-01D00FB994AF,13,213,0,0,0,0,0,0
sensitivity_2,moving_average,"k=2, theta=0.07586",val,24E40C4C-A349-4F9F-93AB-01D00FB994AF,14,141,0,0,0,0,0,0
sensitivity_2,moving_average,"k=2, theta=0.07586",val,24E40C4C-A349-4F9F-93AB-01D00FB994AF,15,317,0,0,0,0,0,0
sensitivity_2,moving_average,"k=2, theta=0.07586",val,24E40C4C-A349-4F9F-93AB-01D00FB994AF,16,18,0,0,0,0,0,0
sensitivity_2,moving_average,"k=2, theta=0.07586",val,2C32C23E-E30C-498A-8DD2-0EFB9150A02E,9,1674,3,3,6,3,3,3
sensitivity_2,moving_average,"k=2, theta=0.07586",val,3600D531-0C55-44A7-AE95-A7A38519464E,20,842,0,0,0,0,0,0
sensitivity_2,moving_average,"k=2, theta=0.07586",val,3600D531-0C55-44A7-AE95-A7A38519464E,21,54,0,0,0,0,0,0
sensitivity_2,moving_average,"k=2, theta=0.07586",val,3600D531-0C55-44A7-AE95-A7A38519464E,22,107,0,0,0,0,0,0
sensitivity_2,moving_average,"k=2, theta=0.07586",val,3600D531-0C55-44A7-AE95-A7A38519464E,24,14,0,0,0,0,0,0
sensitivity_2,moving_average,"k=2, theta=0.07586",val,4FC32141-E888-4BFF-8804-12559A491D8C,4,43,0,0,0,0,0,0
sensitivity_2,moving_average,"k=2, theta=0.07586",val,4FC32141-E888-4BFF-8804-12559A491D8C,5,325,0,0,0,0,0,0
sensitivity_2,moving_average,"k=2, theta=0.07586",val,4FC32141-E888-4BFF-8804-12559A491D8C,6,427,0,0,0,0,0,0
sensitivity_2,moving_average,"k=2, theta=0.07586",val,4FC32141-E888-4BFF-8804-12559A491D8C,7,102,0,0,0,0,0,0
sensitivity_2,moving_average,"k=2, theta=0.07586",val,4FC32141-E888-4BFF-8804-12559A491D8C,8,18,0,0,0,0,0,0
sensitivity_2,moving_average,"k=2, theta=0.07586",val,4FC32141-E888-4BFF-8804-12559A491D8C,10,43,0,0,0,0,0,0
sensitivity_2,moving_average,"k=2, theta=0.07586",val,5119D0F8-FCA8-4184-A4EB-19421A40DE0D,9,1294,0,0,0,0,0,0
sensitivity_2,moving_average,"k=2, theta=0.07586",val,5152A2DF-FAF3-4BA8-9CA9-E66B32671A53,6,697,0,0,0,0,0,0
sensitivity_2,moving_average,"k=2, theta=0.07586",val,5152A2DF-FAF3-4BA8-9CA9-E66B32671A53,7,597,0,0,0,0,0,0
sensitivity_2,moving_average,"k=2, theta=0.07586",val,5EF64122-B513-46AE-BCF1-E62AAC285D2C,9,116,0,0,0,0,0,0
sensitivity_2,moving_average,"k=2, theta=0.07586",val,5EF64122-B513-46AE-BCF1-E62AAC285D2C,10,637,0,0,0,0,0,0
sensitivity_2,moving_average,"k=2, theta=0.07586",val,61976C24-1C50-4355-9C49-AAE44A7D09F6,46,1717,1,1,2,2,1,1
sensitivity_2,moving_average,"k=2, theta=0.07586",val,78A91A4E-4A51-4065-BDA7-94755F0BB3BB,5,597,3,3,6,5,3,3
sensitivity_2,moving_average,"k=2, theta=0.07586",val,78A91A4E-4A51-4065-BDA7-94755F0BB3BB,6,1773,0,0,0,0,0,0
sensitivity_2,moving_average,"k=2, theta=0.07586",val,7CE37510-56D0-4120-A1CF-0E23351428D2,6,1923,1,1,2,1,1,1
sensitivity_2,moving_average,"k=2, theta=0.07586",val,8023FE1A-D3B0-4E2C-A57A-9321B7FC755F,23,972,1,1,2,1,1,1
sensitivity_2,moving_average,"k=2, theta=0.07586",val,8023FE1A-D3B0-4E2C-A57A-9321B7FC755F,24,836,0,0,0,0,0,0
sensitivity_2,moving_average,"k=2, theta=0.07586",val,83CF687B-7CEC-434B-9FE8-00C3D5799BE6,7,1879,0,0,0,0,0,0
sensitivity_2,moving_average,"k=2, theta=0.07586",val,9759096F-1119-4E19-A0AD-6F16989C7E1C,3,474,2,2,4,3,2,2
sensitivity_2,moving_average,"k=2, theta=0.07586",val,9759096F-1119-4E19-A0AD-6F16989C7E1C,4,1489,1,1,2,1,1,1
sensitivity_2,moving_average,"k=2, theta=0.07586",val,9DC38D04-E82E-4F29-AB52-B476535226F2,12,1543,0,0,0,0,0,0
sensitivity_2,moving_average,"k=2, theta=0.07586",val,9DC38D04-E82E-4F29-AB52-B476535226F2,18,359,0,0,0,0,0,0
sensitivity_2,moving_average,"k=2, theta=0.07586",val,A5CDF89D-02A2-4EC1-89F8-F534FDABDD96,12,62,0,0,0,0,0,0
sensitivity_2,moving_average,"k=2, theta=0.07586",val,A5CDF89D-02A2-4EC1-89F8-F534FDABDD96,13,841,1,1,2,1,1,1
sensitivity_2,moving_average,"k=2, theta=0.07586",val,A5CDF89D-02A2-4EC1-89F8-F534FDABDD96,14,276,0,0,0,0,0,0
sensitivity_2,moving_average,"k=2, theta=0.07586",val,A76A5AF5-5A93-4CF2-A16E-62353BB70E8A,2,1475,0,0,0,0,0,0
sensitivity_2,moving_average,"k=2, theta=0.07586",val,B09E373F-8A54-44C8-895B-0039390B859F,9,1598,0,0,0,0,0,0
sensitivity_2,moving_average,"k=2, theta=0.07586",val,B9724848-C7E2-45F4-9B3F-A1F38D864495,10,85,0,0,0,0,0,0
sensitivity_2,moving_average,"k=2, theta=0.07586",val,B9724848-C7E2-45F4-9B3F-A1F38D864495,11,522,4,4,8,7,6,4
sensitivity_2,moving_average,"k=2, theta=0.07586",val,B9724848-C7E2-45F4-9B3F-A1F38D864495,13,880,1,1,2,1,1,1
sensitivity_2,moving_average,"k=2, theta=0.07586",val,BE3CA5A6-A561-4BBD-B7C9-5DF6805400FC,13,681,0,0,0,0,0,0
sensitivity_2,moving_average,"k=2, theta=0.07586",val,BE3CA5A6-A561-4BBD-B7C9-5DF6805400FC,14,79,0,0,0,0,0,0
sensitivity_2,moving_average,"k=2, theta=0.07586",val,BE3CA5A6-A561-4BBD-B7C9-5DF6805400FC,15,430,1,1,2,1,1,1
sensitivity_2,moving_average,"k=2, theta=0.07586",val,BE3CA5A6-A561-4BBD-B7C9-5DF6805400FC,16,442,0,0,0,0,0,0
sensitivity_2,moving_average,"k=2, theta=0.07586",val,C48CE857-A0DD-4DDB-BEA5-3A25449B2153,25,150,0,0,0,0,0,0
sensitivity_2,moving_average,"k=2, theta=0.07586",val,C48CE857-A0DD-4DDB-BEA5-3A25449B2153,26,40,0,0,0,0,0,0
sensitivity_2,moving_average,"k=2, theta=0.07586",val,C48CE857-A0DD-4DDB-BEA5-3A25449B2153,28,151,0,0,0,0,0,0
sensitivity_2,moving_average,"k=2, theta=0.07586",val,C48CE857-A0DD-4DDB-BEA5-3A25449B2153,30,239,0,0,0,0,0,0
sensitivity_2,moving_average,"k=2, theta=0.07586",val,C48CE857-A0DD-4DDB-BEA5-3A25449B2153,31,282,0,0,0,0,0,0
sensitivity_2,moving_average,"k=2, theta=0.07586",val,C48CE857-A0DD-4DDB-BEA5-3A25449B2153,32,115,0,0,0,0,0,0
sensitivity_2,moving_average,"k=2, theta=0.07586",val,CA820D43-E5E2-42EF-9798-BE56F776370B,4,1146,0,0,0,0,0,0
sensitivity_2,moving_average,"k=2, theta=0.07586",val,CA820D43-E5E2-42EF-9798-BE56F776370B,8,394,1,1,2,1,1,1
sensitivity_2,moving_average,"k=2, theta=0.07586",val,CDA3BBF7-6631-45E8-85BA-EEB416B32A3C,2,227,0,0,0,0,0,0
sensitivity_2,moving_average,"k=2, theta=0.07586",val,CDA3BBF7-6631-45E8-85BA-EEB416B32A3C,3,316,0,0,0,0,0,0
sensitivity_2,moving_average,"k=2, theta=0.07586",val,CF722AA9-2533-4E51-9FEB-9EAC84EE9AAC,7,113,0,0,0,0,0,0
sensitivity_2,moving_average,"k=2, theta=0.07586",val,CF722AA9-2533-4E51-9FEB-9EAC84EE9AAC,8,371,1,1,2,1,1,1
sensitivity_2,moving_average,"k=2, theta=0.07586",val,CF722AA9-2533-4E51-9FEB-9EAC84EE9AAC,9,210,0,0,0,0,0,0
sensitivity_2,moving_average,"k=2, theta=0.07586",val,D7D20E2E-FC78-405D-B346-DBD3FD8FC92B,7,175,1,1,2,1,1,1
sensitivity_2,moving_average,"k=2, theta=0.07586",val,D7D20E2E-FC78-405D-B346-DBD3FD8FC92B,8,528,0,0,0,0,0,0
sensitivity_2,moving_average,"k=2, theta=0.07586",val,D7D20E2E-FC78-405D-B346-DBD3FD8FC92B,9,42,0,0,0,0,0,0
sensitivity_2,moving_average,"k=2, theta=0.07586",val,D7D20E2E-FC78-405D-B346-DBD3FD8FC92B,10,153,2,2,4,2,2,2
sensitivity_2,moving_average,"k=2, theta=0.07586",val,D7D20E2E-FC78-405D-B346-DBD3FD8FC92B,11,292,0,0,0,0,0,0
sensitivity_2,moving_average,"k=2, theta=0.07586",val,D7D20E2E-FC78-405D-B346-DBD3FD8FC92B,12,23,0,0,0,0,0,0
sensitivity_2,moving_average,"k=2, theta=0.07586",val,E65577C1-8D5D-4F70-AF23-B3ADB9D3DBA3,3,659,1,1,2,2,1,1
sensitivity_2,moving_average,"k=2, theta=0.07586",val,ECECC2AB-D32F-4F90-B74C-E12A1C69BBE2,12,232,0,0,0,0,0,0
sensitivity_2,moving_average,"k=2, theta=0.07586",val,ECECC2AB-D32F-4F90-B74C-E12A1C69BBE2,13,35,0,0,0,0,0,0
sensitivity_2,moving_average,"k=2, theta=0.07586",val,ECECC2AB-D32F-4F90-B74C-E12A1C69BBE2,14,204,0,0,0,0,0,0
sensitivity_2,moving_average,"k=2, theta=0.07586",val,ECECC2AB-D32F-4F90-B74C-E12A1C69BBE2,15,206,0,0,0,0,0,0
sensitivity_2,moving_average,"k=2, theta=0.07586",val,FDAA70A1-42A3-4E3F-9AE3-3FDA412E03BF,18,966,1,1,2,5,1,1
sensitivity_2,ewma,"alpha=0.7, theta=0.09112",val,00EABED2-271D-49D8-B599-1D4A09240601,23,428,5,5,10,11,8,5
sensitivity_2,ewma,"alpha=0.7, theta=0.09112",val,098A72A5-E3E5-4F54-A152-BBDA0DF7B694,5,174,0,0,0,0,0,0
sensitivity_2,ewma,"alpha=0.7, theta=0.09112",val,098A72A5-E3E5-4F54-A152-BBDA0DF7B694,6,134,0,0,0,0,0,0
sensitivity_2,ewma,"alpha=0.7, theta=0.09112",val,098A72A5-E3E5-4F54-A152-BBDA0DF7B694,7,13,0,0,0,0,0,0
sensitivity_2,ewma,"alpha=0.7, theta=0.09112",val,098A72A5-E3E5-4F54-A152-BBDA0DF7B694,8,275,0,0,0,0,0,0
sensitivity_2,ewma,"alpha=0.7, theta=0.09112",val,098A72A5-E3E5-4F54-A152-BBDA0DF7B694,9,459,0,0,0,0,0,0
sensitivity_2,ewma,"alpha=0.7, theta=0.09112",val,098A72A5-E3E5-4F54-A152-BBDA0DF7B694,10,75,0,0,0,0,0,0
sensitivity_2,ewma,"alpha=0.7, theta=0.09112",val,098A72A5-E3E5-4F54-A152-BBDA0DF7B694,11,44,0,0,0,0,0,0
sensitivity_2,ewma,"alpha=0.7, theta=0.09112",val,098A72A5-E3E5-4F54-A152-BBDA0DF7B694,13,156,0,0,0,0,0,0
sensitivity_2,ewma,"alpha=0.7, theta=0.09112",val,0A986513-7828-4D53-AA1F-E02D6DF9561B,6,763,2,2,4,2,2,2
sensitivity_2,ewma,"alpha=0.7, theta=0.09112",val,11B5EC4D-4133-4289-B475-4E737182A406,3,616,0,0,0,0,0,0
sensitivity_2,ewma,"alpha=0.7, theta=0.09112",val,11B5EC4D-4133-4289-B475-4E737182A406,4,799,0,0,0,0,0,0
sensitivity_2,ewma,"alpha=0.7, theta=0.09112",val,11B5EC4D-4133-4289-B475-4E737182A406,5,324,0,0,0,0,0,0
sensitivity_2,ewma,"alpha=0.7, theta=0.09112",val,136562B6-95B2-483D-88DC-065F28409FD2,17,181,0,0,0,0,0,0
sensitivity_2,ewma,"alpha=0.7, theta=0.09112",val,136562B6-95B2-483D-88DC-065F28409FD2,18,847,0,0,0,0,0,0
sensitivity_2,ewma,"alpha=0.7, theta=0.09112",val,136562B6-95B2-483D-88DC-065F28409FD2,19,80,0,0,0,0,0,0
sensitivity_2,ewma,"alpha=0.7, theta=0.09112",val,136562B6-95B2-483D-88DC-065F28409FD2,20,107,0,0,0,0,0,0
sensitivity_2,ewma,"alpha=0.7, theta=0.09112",val,1538C99F-BA1E-4EFB-A949-6C7C47701B20,25,291,0,0,0,0,0,0
sensitivity_2,ewma,"alpha=0.7, theta=0.09112",val,1538C99F-BA1E-4EFB-A949-6C7C47701B20,26,82,0,0,0,0,0,0
sensitivity_2,ewma,"alpha=0.7, theta=0.09112",val,1538C99F-BA1E-4EFB-A949-6C7C47701B20,27,160,0,0,0,0,0,0
sensitivity_2,ewma,"alpha=0.7, theta=0.09112",val,1538C99F-BA1E-4EFB-A949-6C7C47701B20,28,748,0,0,0,0,0,0
sensitivity_2,ewma,"alpha=0.7, theta=0.09112",val,24E40C4C-A349-4F9F-93AB-01D00FB994AF,12,236,0,0,0,0,0,0
sensitivity_2,ewma,"alpha=0.7, theta=0.09112",val,24E40C4C-A349-4F9F-93AB-01D00FB994AF,13,213,0,0,0,0,0,0
sensitivity_2,ewma,"alpha=0.7, theta=0.09112",val,24E40C4C-A349-4F9F-93AB-01D00FB994AF,14,141,0,0,0,0,0,0
sensitivity_2,ewma,"alpha=0.7, theta=0.09112",val,24E40C4C-A349-4F9F-93AB-01D00FB994AF,15,317,0,0,0,0,0,0
sensitivity_2,ewma,"alpha=0.7, theta=0.09112",val,24E40C4C-A349-4F9F-93AB-01D00FB994AF,16,18,0,0,0,0,0,0
sensitivity_2,ewma,"alpha=0.7, theta=0.09112",val,2C32C23E-E30C-498A-8DD2-0EFB9150A02E,9,1674,1,1,2,1,1,1
sensitivity_2,ewma,"alpha=0.7, theta=0.09112",val,3600D531-0C55-44A7-AE95-A7A38519464E,20,842,0,0,0,0,0,0
sensitivity_2,ewma,"alpha=0.7, theta=0.09112",val,3600D531-0C55-44A7-AE95-A7A38519464E,21,54,0,0,0,0,0,0
sensitivity_2,ewma,"alpha=0.7, theta=0.09112",val,3600D531-0C55-44A7-AE95-A7A38519464E,22,107,0,0,0,0,0,0
sensitivity_2,ewma,"alpha=0.7, theta=0.09112",val,3600D531-0C55-44A7-AE95-A7A38519464E,24,14,0,0,0,0,0,0
sensitivity_2,ewma,"alpha=0.7, theta=0.09112",val,4FC32141-E888-4BFF-8804-12559A491D8C,4,43,0,0,0,0,0,0
sensitivity_2,ewma,"alpha=0.7, theta=0.09112",val,4FC32141-E888-4BFF-8804-12559A491D8C,5,325,0,0,0,0,0,0
sensitivity_2,ewma,"alpha=0.7, theta=0.09112",val,4FC32141-E888-4BFF-8804-12559A491D8C,6,427,0,0,0,0,0,0
sensitivity_2,ewma,"alpha=0.7, theta=0.09112",val,4FC32141-E888-4BFF-8804-12559A491D8C,7,102,0,0,0,0,0,0
sensitivity_2,ewma,"alpha=0.7, theta=0.09112",val,4FC32141-E888-4BFF-8804-12559A491D8C,8,18,0,0,0,0,0,0
sensitivity_2,ewma,"alpha=0.7, theta=0.09112",val,4FC32141-E888-4BFF-8804-12559A491D8C,10,43,0,0,0,0,0,0
sensitivity_2,ewma,"alpha=0.7, theta=0.09112",val,5119D0F8-FCA8-4184-A4EB-19421A40DE0D,9,1294,0,0,0,0,0,0
sensitivity_2,ewma,"alpha=0.7, theta=0.09112",val,5152A2DF-FAF3-4BA8-9CA9-E66B32671A53,6,697,0,0,0,0,0,0
sensitivity_2,ewma,"alpha=0.7, theta=0.09112",val,5152A2DF-FAF3-4BA8-9CA9-E66B32671A53,7,597,0,0,0,0,0,0
sensitivity_2,ewma,"alpha=0.7, theta=0.09112",val,5EF64122-B513-46AE-BCF1-E62AAC285D2C,9,116,0,0,0,0,0,0
sensitivity_2,ewma,"alpha=0.7, theta=0.09112",val,5EF64122-B513-46AE-BCF1-E62AAC285D2C,10,637,0,0,0,0,0,0
sensitivity_2,ewma,"alpha=0.7, theta=0.09112",val,61976C24-1C50-4355-9C49-AAE44A7D09F6,46,1717,1,1,2,4,1,1
sensitivity_2,ewma,"alpha=0.7, theta=0.09112",val,78A91A4E-4A51-4065-BDA7-94755F0BB3BB,5,597,5,5,10,8,5,5
sensitivity_2,ewma,"alpha=0.7, theta=0.09112",val,78A91A4E-4A51-4065-BDA7-94755F0BB3BB,6,1773,0,0,0,0,0,0
sensitivity_2,ewma,"alpha=0.7, theta=0.09112",val,7CE37510-56D0-4120-A1CF-0E23351428D2,6,1923,1,1,2,1,1,1
sensitivity_2,ewma,"alpha=0.7, theta=0.09112",val,8023FE1A-D3B0-4E2C-A57A-9321B7FC755F,23,972,3,3,6,3,5,3
sensitivity_2,ewma,"alpha=0.7, theta=0.09112",val,8023FE1A-D3B0-4E2C-A57A-9321B7FC755F,24,836,0,0,0,0,0,0
sensitivity_2,ewma,"alpha=0.7, theta=0.09112",val,83CF687B-7CEC-434B-9FE8-00C3D5799BE6,7,1879,1,1,2,1,1,1
sensitivity_2,ewma,"alpha=0.7, theta=0.09112",val,9759096F-1119-4E19-A0AD-6F16989C7E1C,3,474,1,1,2,2,1,1
sensitivity_2,ewma,"alpha=0.7, theta=0.09112",val,9759096F-1119-4E19-A0AD-6F16989C7E1C,4,1489,0,0,0,0,0,0
sensitivity_2,ewma,"alpha=0.7, theta=0.09112",val,9DC38D04-E82E-4F29-AB52-B476535226F2,12,1543,0,0,0,0,0,0
sensitivity_2,ewma,"alpha=0.7, theta=0.09112",val,9DC38D04-E82E-4F29-AB52-B476535226F2,18,359,0,0,0,0,0,0
sensitivity_2,ewma,"alpha=0.7, theta=0.09112",val,A5CDF89D-02A2-4EC1-89F8-F534FDABDD96,12,62,0,0,0,0,0,0
sensitivity_2,ewma,"alpha=0.7, theta=0.09112",val,A5CDF89D-02A2-4EC1-89F8-F534FDABDD96,13,841,0,0,0,0,0,0
sensitivity_2,ewma,"alpha=0.7, theta=0.09112",val,A5CDF89D-02A2-4EC1-89F8-F534FDABDD96,14,276,0,0,0,0,0,0
sensitivity_2,ewma,"alpha=0.7, theta=0.09112",val,A76A5AF5-5A93-4CF2-A16E-62353BB70E8A,2,1475,0,0,0,0,0,0
sensitivity_2,ewma,"alpha=0.7, theta=0.09112",val,B09E373F-8A54-44C8-895B-0039390B859F,9,1598,0,0,0,0,0,0
sensitivity_2,ewma,"alpha=0.7, theta=0.09112",val,B9724848-C7E2-45F4-9B3F-A1F38D864495,10,85,0,0,0,0,0,0
sensitivity_2,ewma,"alpha=0.7, theta=0.09112",val,B9724848-C7E2-45F4-9B3F-A1F38D864495,11,522,5,5,10,8,8,5
sensitivity_2,ewma,"alpha=0.7, theta=0.09112",val,B9724848-C7E2-45F4-9B3F-A1F38D864495,13,880,1,1,2,1,1,1
sensitivity_2,ewma,"alpha=0.7, theta=0.09112",val,BE3CA5A6-A561-4BBD-B7C9-5DF6805400FC,13,681,0,0,0,0,0,0
sensitivity_2,ewma,"alpha=0.7, theta=0.09112",val,BE3CA5A6-A561-4BBD-B7C9-5DF6805400FC,14,79,0,0,0,0,0,0
sensitivity_2,ewma,"alpha=0.7, theta=0.09112",val,BE3CA5A6-A561-4BBD-B7C9-5DF6805400FC,15,430,0,0,0,0,0,0
sensitivity_2,ewma,"alpha=0.7, theta=0.09112",val,BE3CA5A6-A561-4BBD-B7C9-5DF6805400FC,16,442,0,0,0,0,0,0
sensitivity_2,ewma,"alpha=0.7, theta=0.09112",val,C48CE857-A0DD-4DDB-BEA5-3A25449B2153,25,150,0,0,0,0,0,0
sensitivity_2,ewma,"alpha=0.7, theta=0.09112",val,C48CE857-A0DD-4DDB-BEA5-3A25449B2153,26,40,0,0,0,0,0,0
sensitivity_2,ewma,"alpha=0.7, theta=0.09112",val,C48CE857-A0DD-4DDB-BEA5-3A25449B2153,28,151,0,0,0,0,0,0
sensitivity_2,ewma,"alpha=0.7, theta=0.09112",val,C48CE857-A0DD-4DDB-BEA5-3A25449B2153,30,239,0,0,0,0,0,0
sensitivity_2,ewma,"alpha=0.7, theta=0.09112",val,C48CE857-A0DD-4DDB-BEA5-3A25449B2153,31,282,0,0,0,0,0,0
sensitivity_2,ewma,"alpha=0.7, theta=0.09112",val,C48CE857-A0DD-4DDB-BEA5-3A25449B2153,32,115,0,0,0,0,0,0
sensitivity_2,ewma,"alpha=0.7, theta=0.09112",val,CA820D43-E5E2-42EF-9798-BE56F776370B,4,1146,0,0,0,0,0,0
sensitivity_2,ewma,"alpha=0.7, theta=0.09112",val,CA820D43-E5E2-42EF-9798-BE56F776370B,8,394,0,0,0,0,0,0
sensitivity_2,ewma,"alpha=0.7, theta=0.09112",val,CDA3BBF7-6631-45E8-85BA-EEB416B32A3C,2,227,0,0,0,0,0,0
sensitivity_2,ewma,"alpha=0.7, theta=0.09112",val,CDA3BBF7-6631-45E8-85BA-EEB416B32A3C,3,316,0,0,0,0,0,0
sensitivity_2,ewma,"alpha=0.7, theta=0.09112",val,CF722AA9-2533-4E51-9FEB-9EAC84EE9AAC,7,113,1,1,2,1,1,1
sensitivity_2,ewma,"alpha=0.7, theta=0.09112",val,CF722AA9-2533-4E51-9FEB-9EAC84EE9AAC,8,371,1,1,2,1,1,1
sensitivity_2,ewma,"alpha=0.7, theta=0.09112",val,CF722AA9-2533-4E51-9FEB-9EAC84EE9AAC,9,210,0,0,0,0,0,0
sensitivity_2,ewma,"alpha=0.7, theta=0.09112",val,D7D20E2E-FC78-405D-B346-DBD3FD8FC92B,7,175,1,1,2,1,1,1
sensitivity_2,ewma,"alpha=0.7, theta=0.09112",val,D7D20E2E-FC78-405D-B346-DBD3FD8FC92B,8,528,0,0,0,0,0,0
sensitivity_2,ewma,"alpha=0.7, theta=0.09112",val,D7D20E2E-FC78-405D-B346-DBD3FD8FC92B,9,42,0,0,0,0,0,0
sensitivity_2,ewma,"alpha=0.7, theta=0.09112",val,D7D20E2E-FC78-405D-B346-DBD3FD8FC92B,10,153,3,3,6,3,4,3
sensitivity_2,ewma,"alpha=0.7, theta=0.09112",val,D7D20E2E-FC78-405D-B346-DBD3FD8FC92B,11,292,0,0,0,0,0,0
sensitivity_2,ewma,"alpha=0.7, theta=0.09112",val,D7D20E2E-FC78-405D-B346-DBD3FD8FC92B,12,23,0,0,0,0,0,0
sensitivity_2,ewma,"alpha=0.7, theta=0.09112",val,E65577C1-8D5D-4F70-AF23-B3ADB9D3DBA3,3,659,1,1,2,2,1,1
sensitivity_2,ewma,"alpha=0.7, theta=0.09112",val,ECECC2AB-D32F-4F90-B74C-E12A1C69BBE2,12,232,0,0,0,0,0,0
sensitivity_2,ewma,"alpha=0.7, theta=0.09112",val,ECECC2AB-D32F-4F90-B74C-E12A1C69BBE2,13,35,0,0,0,0,0,0
sensitivity_2,ewma,"alpha=0.7, theta=0.09112",val,ECECC2AB-D32F-4F90-B74C-E12A1C69BBE2,14,204,0,0,0,0,0,0
sensitivity_2,ewma,"alpha=0.7, theta=0.09112",val,ECECC2AB-D32F-4F90-B74C-E12A1C69BBE2,15,206,0,0,0,0,0,0
sensitivity_2,ewma,"alpha=0.7, theta=0.09112",val,FDAA70A1-42A3-4E3F-9AE3-3FDA412E03BF,18,966,1,1,2,4,1,1
sensitivity_2,majority_vote,"k=3, theta=0.09112",val,00EABED2-271D-49D8-B599-1D4A09240601,23,428,5,5,10,13,8,5
sensitivity_2,majority_vote,"k=3, theta=0.09112",val,098A72A5-E3E5-4F54-A152-BBDA0DF7B694,5,174,0,0,0,0,0,0
sensitivity_2,majority_vote,"k=3, theta=0.09112",val,098A72A5-E3E5-4F54-A152-BBDA0DF7B694,6,134,1,1,2,2,1,1
sensitivity_2,majority_vote,"k=3, theta=0.09112",val,098A72A5-E3E5-4F54-A152-BBDA0DF7B694,7,13,0,0,0,0,0,0
sensitivity_2,majority_vote,"k=3, theta=0.09112",val,098A72A5-E3E5-4F54-A152-BBDA0DF7B694,8,275,0,0,0,0,0,0
sensitivity_2,majority_vote,"k=3, theta=0.09112",val,098A72A5-E3E5-4F54-A152-BBDA0DF7B694,9,459,0,0,0,0,0,0
sensitivity_2,majority_vote,"k=3, theta=0.09112",val,098A72A5-E3E5-4F54-A152-BBDA0DF7B694,10,75,0,0,0,0,0,0
sensitivity_2,majority_vote,"k=3, theta=0.09112",val,098A72A5-E3E5-4F54-A152-BBDA0DF7B694,11,44,0,0,0,0,0,0
sensitivity_2,majority_vote,"k=3, theta=0.09112",val,098A72A5-E3E5-4F54-A152-BBDA0DF7B694,13,156,0,0,0,0,0,0
sensitivity_2,majority_vote,"k=3, theta=0.09112",val,0A986513-7828-4D53-AA1F-E02D6DF9561B,6,763,2,2,4,3,2,2
sensitivity_2,majority_vote,"k=3, theta=0.09112",val,11B5EC4D-4133-4289-B475-4E737182A406,3,616,0,0,0,0,0,0
sensitivity_2,majority_vote,"k=3, theta=0.09112",val,11B5EC4D-4133-4289-B475-4E737182A406,4,799,0,0,0,0,0,0
sensitivity_2,majority_vote,"k=3, theta=0.09112",val,11B5EC4D-4133-4289-B475-4E737182A406,5,324,0,0,0,0,0,0
sensitivity_2,majority_vote,"k=3, theta=0.09112",val,136562B6-95B2-483D-88DC-065F28409FD2,17,181,0,0,0,0,0,0
sensitivity_2,majority_vote,"k=3, theta=0.09112",val,136562B6-95B2-483D-88DC-065F28409FD2,18,847,0,0,0,0,0,0
sensitivity_2,majority_vote,"k=3, theta=0.09112",val,136562B6-95B2-483D-88DC-065F28409FD2,19,80,0,0,0,0,0,0
sensitivity_2,majority_vote,"k=3, theta=0.09112",val,136562B6-95B2-483D-88DC-065F28409FD2,20,107,0,0,0,0,0,0
sensitivity_2,majority_vote,"k=3, theta=0.09112",val,1538C99F-BA1E-4EFB-A949-6C7C47701B20,25,291,0,0,0,0,0,0
sensitivity_2,majority_vote,"k=3, theta=0.09112",val,1538C99F-BA1E-4EFB-A949-6C7C47701B20,26,82,0,0,0,0,0,0
sensitivity_2,majority_vote,"k=3, theta=0.09112",val,1538C99F-BA1E-4EFB-A949-6C7C47701B20,27,160,0,0,0,0,0,0
sensitivity_2,majority_vote,"k=3, theta=0.09112",val,1538C99F-BA1E-4EFB-A949-6C7C47701B20,28,748,0,0,0,0,0,0
sensitivity_2,majority_vote,"k=3, theta=0.09112",val,24E40C4C-A349-4F9F-93AB-01D00FB994AF,12,236,0,0,0,0,0,0
sensitivity_2,majority_vote,"k=3, theta=0.09112",val,24E40C4C-A349-4F9F-93AB-01D00FB994AF,13,213,0,0,0,0,0,0
sensitivity_2,majority_vote,"k=3, theta=0.09112",val,24E40C4C-A349-4F9F-93AB-01D00FB994AF,14,141,0,0,0,0,0,0
sensitivity_2,majority_vote,"k=3, theta=0.09112",val,24E40C4C-A349-4F9F-93AB-01D00FB994AF,15,317,0,0,0,0,0,0
sensitivity_2,majority_vote,"k=3, theta=0.09112",val,24E40C4C-A349-4F9F-93AB-01D00FB994AF,16,18,0,0,0,0,0,0
sensitivity_2,majority_vote,"k=3, theta=0.09112",val,2C32C23E-E30C-498A-8DD2-0EFB9150A02E,9,1674,2,2,4,5,2,2
sensitivity_2,majority_vote,"k=3, theta=0.09112",val,3600D531-0C55-44A7-AE95-A7A38519464E,20,842,0,0,0,0,0,0
sensitivity_2,majority_vote,"k=3, theta=0.09112",val,3600D531-0C55-44A7-AE95-A7A38519464E,21,54,0,0,0,0,0,0
sensitivity_2,majority_vote,"k=3, theta=0.09112",val,3600D531-0C55-44A7-AE95-A7A38519464E,22,107,0,0,0,0,0,0
sensitivity_2,majority_vote,"k=3, theta=0.09112",val,3600D531-0C55-44A7-AE95-A7A38519464E,24,14,0,0,0,0,0,0
sensitivity_2,majority_vote,"k=3, theta=0.09112",val,4FC32141-E888-4BFF-8804-12559A491D8C,4,43,0,0,0,0,0,0
sensitivity_2,majority_vote,"k=3, theta=0.09112",val,4FC32141-E888-4BFF-8804-12559A491D8C,5,325,0,0,0,0,0,0
sensitivity_2,majority_vote,"k=3, theta=0.09112",val,4FC32141-E888-4BFF-8804-12559A491D8C,6,427,0,0,0,0,0,0
sensitivity_2,majority_vote,"k=3, theta=0.09112",val,4FC32141-E888-4BFF-8804-12559A491D8C,7,102,0,0,0,0,0,0
sensitivity_2,majority_vote,"k=3, theta=0.09112",val,4FC32141-E888-4BFF-8804-12559A491D8C,8,18,0,0,0,0,0,0
sensitivity_2,majority_vote,"k=3, theta=0.09112",val,4FC32141-E888-4BFF-8804-12559A491D8C,10,43,0,0,0,0,0,0
sensitivity_2,majority_vote,"k=3, theta=0.09112",val,5119D0F8-FCA8-4184-A4EB-19421A40DE0D,9,1294,0,0,0,0,0,0
sensitivity_2,majority_vote,"k=3, theta=0.09112",val,5152A2DF-FAF3-4BA8-9CA9-E66B32671A53,6,697,0,0,0,0,0,0
sensitivity_2,majority_vote,"k=3, theta=0.09112",val,5152A2DF-FAF3-4BA8-9CA9-E66B32671A53,7,597,0,0,0,0,0,0
sensitivity_2,majority_vote,"k=3, theta=0.09112",val,5EF64122-B513-46AE-BCF1-E62AAC285D2C,9,116,0,0,0,0,0,0
sensitivity_2,majority_vote,"k=3, theta=0.09112",val,5EF64122-B513-46AE-BCF1-E62AAC285D2C,10,637,0,0,0,0,0,0
sensitivity_2,majority_vote,"k=3, theta=0.09112",val,61976C24-1C50-4355-9C49-AAE44A7D09F6,46,1717,1,1,2,5,1,1
sensitivity_2,majority_vote,"k=3, theta=0.09112",val,78A91A4E-4A51-4065-BDA7-94755F0BB3BB,5,597,4,4,8,7,5,4
sensitivity_2,majority_vote,"k=3, theta=0.09112",val,78A91A4E-4A51-4065-BDA7-94755F0BB3BB,6,1773,0,0,0,0,0,0
sensitivity_2,majority_vote,"k=3, theta=0.09112",val,7CE37510-56D0-4120-A1CF-0E23351428D2,6,1923,0,0,0,0,0,0
sensitivity_2,majority_vote,"k=3, theta=0.09112",val,8023FE1A-D3B0-4E2C-A57A-9321B7FC755F,23,972,2,2,4,4,3,2
sensitivity_2,majority_vote,"k=3, theta=0.09112",val,8023FE1A-D3B0-4E2C-A57A-9321B7FC755F,24,836,0,0,0,0,0,0
sensitivity_2,majority_vote,"k=3, theta=0.09112",val,83CF687B-7CEC-434B-9FE8-00C3D5799BE6,7,1879,0,0,0,0,0,0
sensitivity_2,majority_vote,"k=3, theta=0.09112",val,9759096F-1119-4E19-A0AD-6F16989C7E1C,3,474,4,4,8,8,4,4
sensitivity_2,majority_vote,"k=3, theta=0.09112",val,9759096F-1119-4E19-A0AD-6F16989C7E1C,4,1489,1,1,2,2,1,1
sensitivity_2,majority_vote,"k=3, theta=0.09112",val,9DC38D04-E82E-4F29-AB52-B476535226F2,12,1543,0,0,0,0,0,0
sensitivity_2,majority_vote,"k=3, theta=0.09112",val,9DC38D04-E82E-4F29-AB52-B476535226F2,18,359,0,0,0,0,0,0
sensitivity_2,majority_vote,"k=3, theta=0.09112",val,A5CDF89D-02A2-4EC1-89F8-F534FDABDD96,12,62,0,0,0,0,0,0
sensitivity_2,majority_vote,"k=3, theta=0.09112",val,A5CDF89D-02A2-4EC1-89F8-F534FDABDD96,13,841,0,0,0,0,0,0
sensitivity_2,majority_vote,"k=3, theta=0.09112",val,A5CDF89D-02A2-4EC1-89F8-F534FDABDD96,14,276,0,0,0,0,0,0
sensitivity_2,majority_vote,"k=3, theta=0.09112",val,A76A5AF5-5A93-4CF2-A16E-62353BB70E8A,2,1475,0,0,0,0,0,0
sensitivity_2,majority_vote,"k=3, theta=0.09112",val,B09E373F-8A54-44C8-895B-0039390B859F,9,1598,1,1,2,1,1,1
sensitivity_2,majority_vote,"k=3, theta=0.09112",val,B9724848-C7E2-45F4-9B3F-A1F38D864495,10,85,0,0,0,0,0,0
sensitivity_2,majority_vote,"k=3, theta=0.09112",val,B9724848-C7E2-45F4-9B3F-A1F38D864495,11,522,3,3,6,12,3,2
sensitivity_2,majority_vote,"k=3, theta=0.09112",val,B9724848-C7E2-45F4-9B3F-A1F38D864495,13,880,1,1,2,2,1,1
sensitivity_2,majority_vote,"k=3, theta=0.09112",val,BE3CA5A6-A561-4BBD-B7C9-5DF6805400FC,13,681,0,0,0,0,0,0
sensitivity_2,majority_vote,"k=3, theta=0.09112",val,BE3CA5A6-A561-4BBD-B7C9-5DF6805400FC,14,79,0,0,0,0,0,0
sensitivity_2,majority_vote,"k=3, theta=0.09112",val,BE3CA5A6-A561-4BBD-B7C9-5DF6805400FC,15,430,0,0,0,0,0,0
sensitivity_2,majority_vote,"k=3, theta=0.09112",val,BE3CA5A6-A561-4BBD-B7C9-5DF6805400FC,16,442,0,0,0,0,0,0
sensitivity_2,majority_vote,"k=3, theta=0.09112",val,C48CE857-A0DD-4DDB-BEA5-3A25449B2153,25,150,0,0,0,0,0,0
sensitivity_2,majority_vote,"k=3, theta=0.09112",val,C48CE857-A0DD-4DDB-BEA5-3A25449B2153,26,40,0,0,0,0,0,0
sensitivity_2,majority_vote,"k=3, theta=0.09112",val,C48CE857-A0DD-4DDB-BEA5-3A25449B2153,28,151,0,0,0,0,0,0
sensitivity_2,majority_vote,"k=3, theta=0.09112",val,C48CE857-A0DD-4DDB-BEA5-3A25449B2153,30,239,0,0,0,0,0,0
sensitivity_2,majority_vote,"k=3, theta=0.09112",val,C48CE857-A0DD-4DDB-BEA5-3A25449B2153,31,282,0,0,0,0,0,0
sensitivity_2,majority_vote,"k=3, theta=0.09112",val,C48CE857-A0DD-4DDB-BEA5-3A25449B2153,32,115,0,0,0,0,0,0
sensitivity_2,majority_vote,"k=3, theta=0.09112",val,CA820D43-E5E2-42EF-9798-BE56F776370B,4,1146,0,0,0,0,0,0
sensitivity_2,majority_vote,"k=3, theta=0.09112",val,CA820D43-E5E2-42EF-9798-BE56F776370B,8,394,0,0,0,0,0,0
sensitivity_2,majority_vote,"k=3, theta=0.09112",val,CDA3BBF7-6631-45E8-85BA-EEB416B32A3C,2,227,0,0,0,0,0,0
sensitivity_2,majority_vote,"k=3, theta=0.09112",val,CDA3BBF7-6631-45E8-85BA-EEB416B32A3C,3,316,0,0,0,0,0,0
sensitivity_2,majority_vote,"k=3, theta=0.09112",val,CF722AA9-2533-4E51-9FEB-9EAC84EE9AAC,7,113,0,0,0,0,0,0
sensitivity_2,majority_vote,"k=3, theta=0.09112",val,CF722AA9-2533-4E51-9FEB-9EAC84EE9AAC,8,371,1,1,2,3,1,1
sensitivity_2,majority_vote,"k=3, theta=0.09112",val,CF722AA9-2533-4E51-9FEB-9EAC84EE9AAC,9,210,0,0,0,0,0,0
sensitivity_2,majority_vote,"k=3, theta=0.09112",val,D7D20E2E-FC78-405D-B346-DBD3FD8FC92B,7,175,1,1,2,2,1,1
sensitivity_2,majority_vote,"k=3, theta=0.09112",val,D7D20E2E-FC78-405D-B346-DBD3FD8FC92B,8,528,0,0,0,0,0,0
sensitivity_2,majority_vote,"k=3, theta=0.09112",val,D7D20E2E-FC78-405D-B346-DBD3FD8FC92B,9,42,0,0,0,0,0,0
sensitivity_2,majority_vote,"k=3, theta=0.09112",val,D7D20E2E-FC78-405D-B346-DBD3FD8FC92B,10,153,2,2,4,4,2,2
sensitivity_2,majority_vote,"k=3, theta=0.09112",val,D7D20E2E-FC78-405D-B346-DBD3FD8FC92B,11,292,0,0,0,0,0,0
sensitivity_2,majority_vote,"k=3, theta=0.09112",val,D7D20E2E-FC78-405D-B346-DBD3FD8FC92B,12,23,0,0,0,0,0,0
sensitivity_2,majority_vote,"k=3, theta=0.09112",val,E65577C1-8D5D-4F70-AF23-B3ADB9D3DBA3,3,659,1,1,2,3,1,1
sensitivity_2,majority_vote,"k=3, theta=0.09112",val,ECECC2AB-D32F-4F90-B74C-E12A1C69BBE2,12,232,0,0,0,0,0,0
sensitivity_2,majority_vote,"k=3, theta=0.09112",val,ECECC2AB-D32F-4F90-B74C-E12A1C69BBE2,13,35,0,0,0,0,0,0
sensitivity_2,majority_vote,"k=3, theta=0.09112",val,ECECC2AB-D32F-4F90-B74C-E12A1C69BBE2,14,204,0,0,0,0,0,0
sensitivity_2,majority_vote,"k=3, theta=0.09112",val,ECECC2AB-D32F-4F90-B74C-E12A1C69BBE2,15,206,0,0,0,0,0,0
sensitivity_2,majority_vote,"k=3, theta=0.09112",val,FDAA70A1-42A3-4E3F-9AE3-3FDA412E03BF,18,966,1,1,2,5,1,1
sensitivity_2,debounce,"T=2, theta=0.09975",val,00EABED2-271D-49D8-B599-1D4A09240601,23,428,2,2,4,14,1,1
sensitivity_2,debounce,"T=2, theta=0.09975",val,098A72A5-E3E5-4F54-A152-BBDA0DF7B694,5,174,0,0,0,0,0,0
sensitivity_2,debounce,"T=2, theta=0.09975",val,098A72A5-E3E5-4F54-A152-BBDA0DF7B694,6,134,1,1,2,2,1,1
sensitivity_2,debounce,"T=2, theta=0.09975",val,098A72A5-E3E5-4F54-A152-BBDA0DF7B694,7,13,0,0,0,0,0,0
sensitivity_2,debounce,"T=2, theta=0.09975",val,098A72A5-E3E5-4F54-A152-BBDA0DF7B694,8,275,0,0,0,0,0,0
sensitivity_2,debounce,"T=2, theta=0.09975",val,098A72A5-E3E5-4F54-A152-BBDA0DF7B694,9,459,0,0,0,0,0,0
sensitivity_2,debounce,"T=2, theta=0.09975",val,098A72A5-E3E5-4F54-A152-BBDA0DF7B694,10,75,0,0,0,0,0,0
sensitivity_2,debounce,"T=2, theta=0.09975",val,098A72A5-E3E5-4F54-A152-BBDA0DF7B694,11,44,0,0,0,0,0,0
sensitivity_2,debounce,"T=2, theta=0.09975",val,098A72A5-E3E5-4F54-A152-BBDA0DF7B694,13,156,0,0,0,0,0,0
sensitivity_2,debounce,"T=2, theta=0.09975",val,0A986513-7828-4D53-AA1F-E02D6DF9561B,6,763,1,1,2,2,1,1
sensitivity_2,debounce,"T=2, theta=0.09975",val,11B5EC4D-4133-4289-B475-4E737182A406,3,616,0,0,0,0,0,0
sensitivity_2,debounce,"T=2, theta=0.09975",val,11B5EC4D-4133-4289-B475-4E737182A406,4,799,0,0,0,0,0,0
sensitivity_2,debounce,"T=2, theta=0.09975",val,11B5EC4D-4133-4289-B475-4E737182A406,5,324,0,0,0,0,0,0
sensitivity_2,debounce,"T=2, theta=0.09975",val,136562B6-95B2-483D-88DC-065F28409FD2,17,181,0,0,0,0,0,0
sensitivity_2,debounce,"T=2, theta=0.09975",val,136562B6-95B2-483D-88DC-065F28409FD2,18,847,0,0,0,0,0,0
sensitivity_2,debounce,"T=2, theta=0.09975",val,136562B6-95B2-483D-88DC-065F28409FD2,19,80,0,0,0,0,0,0
sensitivity_2,debounce,"T=2, theta=0.09975",val,136562B6-95B2-483D-88DC-065F28409FD2,20,107,0,0,0,0,0,0
sensitivity_2,debounce,"T=2, theta=0.09975",val,1538C99F-BA1E-4EFB-A949-6C7C47701B20,25,291,0,0,0,0,0,0
sensitivity_2,debounce,"T=2, theta=0.09975",val,1538C99F-BA1E-4EFB-A949-6C7C47701B20,26,82,0,0,0,0,0,0
sensitivity_2,debounce,"T=2, theta=0.09975",val,1538C99F-BA1E-4EFB-A949-6C7C47701B20,27,160,0,0,0,0,0,0
sensitivity_2,debounce,"T=2, theta=0.09975",val,1538C99F-BA1E-4EFB-A949-6C7C47701B20,28,748,0,0,0,0,0,0
sensitivity_2,debounce,"T=2, theta=0.09975",val,24E40C4C-A349-4F9F-93AB-01D00FB994AF,12,236,0,0,0,0,0,0
sensitivity_2,debounce,"T=2, theta=0.09975",val,24E40C4C-A349-4F9F-93AB-01D00FB994AF,13,213,0,0,0,0,0,0
sensitivity_2,debounce,"T=2, theta=0.09975",val,24E40C4C-A349-4F9F-93AB-01D00FB994AF,14,141,0,0,0,0,0,0
sensitivity_2,debounce,"T=2, theta=0.09975",val,24E40C4C-A349-4F9F-93AB-01D00FB994AF,15,317,0,0,0,0,0,0
sensitivity_2,debounce,"T=2, theta=0.09975",val,24E40C4C-A349-4F9F-93AB-01D00FB994AF,16,18,0,0,0,0,0,0
sensitivity_2,debounce,"T=2, theta=0.09975",val,2C32C23E-E30C-498A-8DD2-0EFB9150A02E,9,1674,3,3,6,6,3,3
sensitivity_2,debounce,"T=2, theta=0.09975",val,3600D531-0C55-44A7-AE95-A7A38519464E,20,842,0,0,0,0,0,0
sensitivity_2,debounce,"T=2, theta=0.09975",val,3600D531-0C55-44A7-AE95-A7A38519464E,21,54,0,0,0,0,0,0
sensitivity_2,debounce,"T=2, theta=0.09975",val,3600D531-0C55-44A7-AE95-A7A38519464E,22,107,0,0,0,0,0,0
sensitivity_2,debounce,"T=2, theta=0.09975",val,3600D531-0C55-44A7-AE95-A7A38519464E,24,14,0,0,0,0,0,0
sensitivity_2,debounce,"T=2, theta=0.09975",val,4FC32141-E888-4BFF-8804-12559A491D8C,4,43,0,0,0,0,0,0
sensitivity_2,debounce,"T=2, theta=0.09975",val,4FC32141-E888-4BFF-8804-12559A491D8C,5,325,0,0,0,0,0,0
sensitivity_2,debounce,"T=2, theta=0.09975",val,4FC32141-E888-4BFF-8804-12559A491D8C,6,427,0,0,0,0,0,0
sensitivity_2,debounce,"T=2, theta=0.09975",val,4FC32141-E888-4BFF-8804-12559A491D8C,7,102,0,0,0,0,0,0
sensitivity_2,debounce,"T=2, theta=0.09975",val,4FC32141-E888-4BFF-8804-12559A491D8C,8,18,0,0,0,0,0,0
sensitivity_2,debounce,"T=2, theta=0.09975",val,4FC32141-E888-4BFF-8804-12559A491D8C,10,43,0,0,0,0,0,0
sensitivity_2,debounce,"T=2, theta=0.09975",val,5119D0F8-FCA8-4184-A4EB-19421A40DE0D,9,1294,0,0,0,0,0,0
sensitivity_2,debounce,"T=2, theta=0.09975",val,5152A2DF-FAF3-4BA8-9CA9-E66B32671A53,6,697,0,0,0,0,0,0
sensitivity_2,debounce,"T=2, theta=0.09975",val,5152A2DF-FAF3-4BA8-9CA9-E66B32671A53,7,597,0,0,0,0,0,0
sensitivity_2,debounce,"T=2, theta=0.09975",val,5EF64122-B513-46AE-BCF1-E62AAC285D2C,9,116,0,0,0,0,0,0
sensitivity_2,debounce,"T=2, theta=0.09975",val,5EF64122-B513-46AE-BCF1-E62AAC285D2C,10,637,0,0,0,0,0,0
sensitivity_2,debounce,"T=2, theta=0.09975",val,61976C24-1C50-4355-9C49-AAE44A7D09F6,46,1717,2,2,4,7,2,2
sensitivity_2,debounce,"T=2, theta=0.09975",val,78A91A4E-4A51-4065-BDA7-94755F0BB3BB,5,597,4,4,8,11,5,4
sensitivity_2,debounce,"T=2, theta=0.09975",val,78A91A4E-4A51-4065-BDA7-94755F0BB3BB,6,1773,0,0,0,0,0,0
sensitivity_2,debounce,"T=2, theta=0.09975",val,7CE37510-56D0-4120-A1CF-0E23351428D2,6,1923,1,1,2,2,1,1
sensitivity_2,debounce,"T=2, theta=0.09975",val,8023FE1A-D3B0-4E2C-A57A-9321B7FC755F,23,972,1,1,2,3,1,1
sensitivity_2,debounce,"T=2, theta=0.09975",val,8023FE1A-D3B0-4E2C-A57A-9321B7FC755F,24,836,0,0,0,0,0,0
sensitivity_2,debounce,"T=2, theta=0.09975",val,83CF687B-7CEC-434B-9FE8-00C3D5799BE6,7,1879,0,0,0,0,0,0
sensitivity_2,debounce,"T=2, theta=0.09975",val,9759096F-1119-4E19-A0AD-6F16989C7E1C,3,474,2,2,4,7,2,2
sensitivity_2,debounce,"T=2, theta=0.09975",val,9759096F-1119-4E19-A0AD-6F16989C7E1C,4,1489,1,1,2,2,1,1
sensitivity_2,debounce,"T=2, theta=0.09975",val,9DC38D04-E82E-4F29-AB52-B476535226F2,12,1543,0,0,0,0,0,0
sensitivity_2,debounce,"T=2, theta=0.09975",val,9DC38D04-E82E-4F29-AB52-B476535226F2,18,359,0,0,0,0,0,0
sensitivity_2,debounce,"T=2, theta=0.09975",val,A5CDF89D-02A2-4EC1-89F8-F534FDABDD96,12,62,0,0,0,0,0,0
sensitivity_2,debounce,"T=2, theta=0.09975",val,A5CDF89D-02A2-4EC1-89F8-F534FDABDD96,13,841,0,0,0,0,0,0
sensitivity_2,debounce,"T=2, theta=0.09975",val,A5CDF89D-02A2-4EC1-89F8-F534FDABDD96,14,276,0,0,0,0,0,0
sensitivity_2,debounce,"T=2, theta=0.09975",val,A76A5AF5-5A93-4CF2-A16E-62353BB70E8A,2,1475,0,0,0,0,0,0
sensitivity_2,debounce,"T=2, theta=0.09975",val,B09E373F-8A54-44C8-895B-0039390B859F,9,1598,0,0,0,0,0,0
sensitivity_2,debounce,"T=2, theta=0.09975",val,B9724848-C7E2-45F4-9B3F-A1F38D864495,10,85,0,0,0,0,0,0
sensitivity_2,debounce,"T=2, theta=0.09975",val,B9724848-C7E2-45F4-9B3F-A1F38D864495,11,522,1,1,2,10,0,0
sensitivity_2,debounce,"T=2, theta=0.09975",val,B9724848-C7E2-45F4-9B3F-A1F38D864495,13,880,1,1,2,2,1,1
sensitivity_2,debounce,"T=2, theta=0.09975",val,BE3CA5A6-A561-4BBD-B7C9-5DF6805400FC,13,681,0,0,0,0,0,0
sensitivity_2,debounce,"T=2, theta=0.09975",val,BE3CA5A6-A561-4BBD-B7C9-5DF6805400FC,14,79,0,0,0,0,0,0
sensitivity_2,debounce,"T=2, theta=0.09975",val,BE3CA5A6-A561-4BBD-B7C9-5DF6805400FC,15,430,0,0,0,0,0,0
sensitivity_2,debounce,"T=2, theta=0.09975",val,BE3CA5A6-A561-4BBD-B7C9-5DF6805400FC,16,442,0,0,0,0,0,0
sensitivity_2,debounce,"T=2, theta=0.09975",val,C48CE857-A0DD-4DDB-BEA5-3A25449B2153,25,150,0,0,0,0,0,0
sensitivity_2,debounce,"T=2, theta=0.09975",val,C48CE857-A0DD-4DDB-BEA5-3A25449B2153,26,40,0,0,0,0,0,0
sensitivity_2,debounce,"T=2, theta=0.09975",val,C48CE857-A0DD-4DDB-BEA5-3A25449B2153,28,151,0,0,0,0,0,0
sensitivity_2,debounce,"T=2, theta=0.09975",val,C48CE857-A0DD-4DDB-BEA5-3A25449B2153,30,239,0,0,0,0,0,0
sensitivity_2,debounce,"T=2, theta=0.09975",val,C48CE857-A0DD-4DDB-BEA5-3A25449B2153,31,282,0,0,0,0,0,0
sensitivity_2,debounce,"T=2, theta=0.09975",val,C48CE857-A0DD-4DDB-BEA5-3A25449B2153,32,115,0,0,0,0,0,0
sensitivity_2,debounce,"T=2, theta=0.09975",val,CA820D43-E5E2-42EF-9798-BE56F776370B,4,1146,0,0,0,0,0,0
sensitivity_2,debounce,"T=2, theta=0.09975",val,CA820D43-E5E2-42EF-9798-BE56F776370B,8,394,0,0,0,0,0,0
sensitivity_2,debounce,"T=2, theta=0.09975",val,CDA3BBF7-6631-45E8-85BA-EEB416B32A3C,2,227,0,0,0,0,0,0
sensitivity_2,debounce,"T=2, theta=0.09975",val,CDA3BBF7-6631-45E8-85BA-EEB416B32A3C,3,316,0,0,0,0,0,0
sensitivity_2,debounce,"T=2, theta=0.09975",val,CF722AA9-2533-4E51-9FEB-9EAC84EE9AAC,7,113,1,1,2,3,1,1
sensitivity_2,debounce,"T=2, theta=0.09975",val,CF722AA9-2533-4E51-9FEB-9EAC84EE9AAC,8,371,1,1,2,2,1,1
sensitivity_2,debounce,"T=2, theta=0.09975",val,CF722AA9-2533-4E51-9FEB-9EAC84EE9AAC,9,210,0,0,0,0,0,0
sensitivity_2,debounce,"T=2, theta=0.09975",val,D7D20E2E-FC78-405D-B346-DBD3FD8FC92B,7,175,1,1,2,2,1,1
sensitivity_2,debounce,"T=2, theta=0.09975",val,D7D20E2E-FC78-405D-B346-DBD3FD8FC92B,8,528,0,0,0,0,0,0
sensitivity_2,debounce,"T=2, theta=0.09975",val,D7D20E2E-FC78-405D-B346-DBD3FD8FC92B,9,42,0,0,0,0,0,0
sensitivity_2,debounce,"T=2, theta=0.09975",val,D7D20E2E-FC78-405D-B346-DBD3FD8FC92B,10,153,2,2,4,4,2,2
sensitivity_2,debounce,"T=2, theta=0.09975",val,D7D20E2E-FC78-405D-B346-DBD3FD8FC92B,11,292,0,0,0,0,0,0
sensitivity_2,debounce,"T=2, theta=0.09975",val,D7D20E2E-FC78-405D-B346-DBD3FD8FC92B,12,23,0,0,0,0,0,0
sensitivity_2,debounce,"T=2, theta=0.09975",val,E65577C1-8D5D-4F70-AF23-B3ADB9D3DBA3,3,659,1,1,2,3,1,1
sensitivity_2,debounce,"T=2, theta=0.09975",val,ECECC2AB-D32F-4F90-B74C-E12A1C69BBE2,12,232,0,0,0,0,0,0
sensitivity_2,debounce,"T=2, theta=0.09975",val,ECECC2AB-D32F-4F90-B74C-E12A1C69BBE2,13,35,0,0,0,0,0,0
sensitivity_2,debounce,"T=2, theta=0.09975",val,ECECC2AB-D32F-4F90-B74C-E12A1C69BBE2,14,204,0,0,0,0,0,0
sensitivity_2,debounce,"T=2, theta=0.09975",val,ECECC2AB-D32F-4F90-B74C-E12A1C69BBE2,15,206,0,0,0,0,0,0
sensitivity_2,debounce,"T=2, theta=0.09975",val,FDAA70A1-42A3-4E3F-9AE3-3FDA412E03BF,18,966,1,1,2,5,1,1
sensitivity_2,margin,"m=0.2, theta=0.1301",val,00EABED2-271D-49D8-B599-1D4A09240601,23,428,1,1,2,5,1,1
sensitivity_2,margin,"m=0.2, theta=0.1301",val,098A72A5-E3E5-4F54-A152-BBDA0DF7B694,5,174,0,0,0,0,0,0
sensitivity_2,margin,"m=0.2, theta=0.1301",val,098A72A5-E3E5-4F54-A152-BBDA0DF7B694,6,134,0,0,0,0,0,0
sensitivity_2,margin,"m=0.2, theta=0.1301",val,098A72A5-E3E5-4F54-A152-BBDA0DF7B694,7,13,0,0,0,0,0,0
sensitivity_2,margin,"m=0.2, theta=0.1301",val,098A72A5-E3E5-4F54-A152-BBDA0DF7B694,8,275,0,0,0,0,0,0
sensitivity_2,margin,"m=0.2, theta=0.1301",val,098A72A5-E3E5-4F54-A152-BBDA0DF7B694,9,459,0,0,0,0,0,0
sensitivity_2,margin,"m=0.2, theta=0.1301",val,098A72A5-E3E5-4F54-A152-BBDA0DF7B694,10,75,0,0,0,0,0,0
sensitivity_2,margin,"m=0.2, theta=0.1301",val,098A72A5-E3E5-4F54-A152-BBDA0DF7B694,11,44,0,0,0,0,0,0
sensitivity_2,margin,"m=0.2, theta=0.1301",val,098A72A5-E3E5-4F54-A152-BBDA0DF7B694,13,156,0,0,0,0,0,0
sensitivity_2,margin,"m=0.2, theta=0.1301",val,0A986513-7828-4D53-AA1F-E02D6DF9561B,6,763,2,2,4,2,2,2
sensitivity_2,margin,"m=0.2, theta=0.1301",val,11B5EC4D-4133-4289-B475-4E737182A406,3,616,0,0,0,0,0,0
sensitivity_2,margin,"m=0.2, theta=0.1301",val,11B5EC4D-4133-4289-B475-4E737182A406,4,799,0,0,0,0,0,0
sensitivity_2,margin,"m=0.2, theta=0.1301",val,11B5EC4D-4133-4289-B475-4E737182A406,5,324,0,0,0,0,0,0
sensitivity_2,margin,"m=0.2, theta=0.1301",val,136562B6-95B2-483D-88DC-065F28409FD2,17,181,0,0,0,0,0,0
sensitivity_2,margin,"m=0.2, theta=0.1301",val,136562B6-95B2-483D-88DC-065F28409FD2,18,847,0,0,0,0,0,0
sensitivity_2,margin,"m=0.2, theta=0.1301",val,136562B6-95B2-483D-88DC-065F28409FD2,19,80,0,0,0,0,0,0
sensitivity_2,margin,"m=0.2, theta=0.1301",val,136562B6-95B2-483D-88DC-065F28409FD2,20,107,0,0,0,0,0,0
sensitivity_2,margin,"m=0.2, theta=0.1301",val,1538C99F-BA1E-4EFB-A949-6C7C47701B20,25,291,0,0,0,0,0,0
sensitivity_2,margin,"m=0.2, theta=0.1301",val,1538C99F-BA1E-4EFB-A949-6C7C47701B20,26,82,0,0,0,0,0,0
sensitivity_2,margin,"m=0.2, theta=0.1301",val,1538C99F-BA1E-4EFB-A949-6C7C47701B20,27,160,0,0,0,0,0,0
sensitivity_2,margin,"m=0.2, theta=0.1301",val,1538C99F-BA1E-4EFB-A949-6C7C47701B20,28,748,0,0,0,0,0,0
sensitivity_2,margin,"m=0.2, theta=0.1301",val,24E40C4C-A349-4F9F-93AB-01D00FB994AF,12,236,0,0,0,0,0,0
sensitivity_2,margin,"m=0.2, theta=0.1301",val,24E40C4C-A349-4F9F-93AB-01D00FB994AF,13,213,1,1,2,1,1,1
sensitivity_2,margin,"m=0.2, theta=0.1301",val,24E40C4C-A349-4F9F-93AB-01D00FB994AF,14,141,0,0,0,0,0,0
sensitivity_2,margin,"m=0.2, theta=0.1301",val,24E40C4C-A349-4F9F-93AB-01D00FB994AF,15,317,0,0,0,0,0,0
sensitivity_2,margin,"m=0.2, theta=0.1301",val,24E40C4C-A349-4F9F-93AB-01D00FB994AF,16,18,0,0,0,0,0,0
sensitivity_2,margin,"m=0.2, theta=0.1301",val,2C32C23E-E30C-498A-8DD2-0EFB9150A02E,9,1674,4,4,8,12,4,3
sensitivity_2,margin,"m=0.2, theta=0.1301",val,3600D531-0C55-44A7-AE95-A7A38519464E,20,842,0,0,0,0,0,0
sensitivity_2,margin,"m=0.2, theta=0.1301",val,3600D531-0C55-44A7-AE95-A7A38519464E,21,54,0,0,0,0,0,0
sensitivity_2,margin,"m=0.2, theta=0.1301",val,3600D531-0C55-44A7-AE95-A7A38519464E,22,107,0,0,0,0,0,0
sensitivity_2,margin,"m=0.2, theta=0.1301",val,3600D531-0C55-44A7-AE95-A7A38519464E,24,14,0,0,0,0,0,0
sensitivity_2,margin,"m=0.2, theta=0.1301",val,4FC32141-E888-4BFF-8804-12559A491D8C,4,43,0,0,0,0,0,0
sensitivity_2,margin,"m=0.2, theta=0.1301",val,4FC32141-E888-4BFF-8804-12559A491D8C,5,325,0,0,0,0,0,0
sensitivity_2,margin,"m=0.2, theta=0.1301",val,4FC32141-E888-4BFF-8804-12559A491D8C,6,427,0,0,0,0,0,0
sensitivity_2,margin,"m=0.2, theta=0.1301",val,4FC32141-E888-4BFF-8804-12559A491D8C,7,102,0,0,0,0,0,0
sensitivity_2,margin,"m=0.2, theta=0.1301",val,4FC32141-E888-4BFF-8804-12559A491D8C,8,18,0,0,0,0,0,0
sensitivity_2,margin,"m=0.2, theta=0.1301",val,4FC32141-E888-4BFF-8804-12559A491D8C,10,43,0,0,0,0,0,0
sensitivity_2,margin,"m=0.2, theta=0.1301",val,5119D0F8-FCA8-4184-A4EB-19421A40DE0D,9,1294,0,0,0,0,0,0
sensitivity_2,margin,"m=0.2, theta=0.1301",val,5152A2DF-FAF3-4BA8-9CA9-E66B32671A53,6,697,1,1,2,1,1,1
sensitivity_2,margin,"m=0.2, theta=0.1301",val,5152A2DF-FAF3-4BA8-9CA9-E66B32671A53,7,597,0,0,0,0,0,0
sensitivity_2,margin,"m=0.2, theta=0.1301",val,5EF64122-B513-46AE-BCF1-E62AAC285D2C,9,116,0,0,0,0,0,0
sensitivity_2,margin,"m=0.2, theta=0.1301",val,5EF64122-B513-46AE-BCF1-E62AAC285D2C,10,637,0,0,0,0,0,0
sensitivity_2,margin,"m=0.2, theta=0.1301",val,61976C24-1C50-4355-9C49-AAE44A7D09F6,46,1717,0,0,0,0,0,0
sensitivity_2,margin,"m=0.2, theta=0.1301",val,78A91A4E-4A51-4065-BDA7-94755F0BB3BB,5,597,2,2,4,2,2,2
sensitivity_2,margin,"m=0.2, theta=0.1301",val,78A91A4E-4A51-4065-BDA7-94755F0BB3BB,6,1773,0,0,0,0,0,0
sensitivity_2,margin,"m=0.2, theta=0.1301",val,7CE37510-56D0-4120-A1CF-0E23351428D2,6,1923,0,0,0,0,0,0
sensitivity_2,margin,"m=0.2, theta=0.1301",val,8023FE1A-D3B0-4E2C-A57A-9321B7FC755F,23,972,0,0,0,0,0,0
sensitivity_2,margin,"m=0.2, theta=0.1301",val,8023FE1A-D3B0-4E2C-A57A-9321B7FC755F,24,836,0,0,0,0,0,0
sensitivity_2,margin,"m=0.2, theta=0.1301",val,83CF687B-7CEC-434B-9FE8-00C3D5799BE6,7,1879,5,5,10,5,5,5
sensitivity_2,margin,"m=0.2, theta=0.1301",val,9759096F-1119-4E19-A0AD-6F16989C7E1C,3,474,1,1,2,1,1,1
sensitivity_2,margin,"m=0.2, theta=0.1301",val,9759096F-1119-4E19-A0AD-6F16989C7E1C,4,1489,0,0,0,0,0,0
sensitivity_2,margin,"m=0.2, theta=0.1301",val,9DC38D04-E82E-4F29-AB52-B476535226F2,12,1543,0,0,0,0,0,0
sensitivity_2,margin,"m=0.2, theta=0.1301",val,9DC38D04-E82E-4F29-AB52-B476535226F2,18,359,0,0,0,0,0,0
sensitivity_2,margin,"m=0.2, theta=0.1301",val,A5CDF89D-02A2-4EC1-89F8-F534FDABDD96,12,62,0,0,0,0,0,0
sensitivity_2,margin,"m=0.2, theta=0.1301",val,A5CDF89D-02A2-4EC1-89F8-F534FDABDD96,13,841,0,0,0,0,0,0
sensitivity_2,margin,"m=0.2, theta=0.1301",val,A5CDF89D-02A2-4EC1-89F8-F534FDABDD96,14,276,0,0,0,0,0,0
sensitivity_2,margin,"m=0.2, theta=0.1301",val,A76A5AF5-5A93-4CF2-A16E-62353BB70E8A,2,1475,0,0,0,0,0,0
sensitivity_2,margin,"m=0.2, theta=0.1301",val,B09E373F-8A54-44C8-895B-0039390B859F,9,1598,3,3,6,5,4,3
sensitivity_2,margin,"m=0.2, theta=0.1301",val,B9724848-C7E2-45F4-9B3F-A1F38D864495,10,85,0,0,0,0,0,0
sensitivity_2,margin,"m=0.2, theta=0.1301",val,B9724848-C7E2-45F4-9B3F-A1F38D864495,11,522,4,4,8,10,3,3
sensitivity_2,margin,"m=0.2, theta=0.1301",val,B9724848-C7E2-45F4-9B3F-A1F38D864495,13,880,0,0,0,0,0,0
sensitivity_2,margin,"m=0.2, theta=0.1301",val,BE3CA5A6-A561-4BBD-B7C9-5DF6805400FC,13,681,0,0,0,0,0,0
sensitivity_2,margin,"m=0.2, theta=0.1301",val,BE3CA5A6-A561-4BBD-B7C9-5DF6805400FC,14,79,0,0,0,0,0,0
sensitivity_2,margin,"m=0.2, theta=0.1301",val,BE3CA5A6-A561-4BBD-B7C9-5DF6805400FC,15,430,0,0,0,0,0,0
sensitivity_2,margin,"m=0.2, theta=0.1301",val,BE3CA5A6-A561-4BBD-B7C9-5DF6805400FC,16,442,0,0,0,0,0,0
sensitivity_2,margin,"m=0.2, theta=0.1301",val,C48CE857-A0DD-4DDB-BEA5-3A25449B2153,25,150,0,0,0,0,0,0
sensitivity_2,margin,"m=0.2, theta=0.1301",val,C48CE857-A0DD-4DDB-BEA5-3A25449B2153,26,40,0,0,0,0,0,0
sensitivity_2,margin,"m=0.2, theta=0.1301",val,C48CE857-A0DD-4DDB-BEA5-3A25449B2153,28,151,0,0,0,0,0,0
sensitivity_2,margin,"m=0.2, theta=0.1301",val,C48CE857-A0DD-4DDB-BEA5-3A25449B2153,30,239,0,0,0,0,0,0
sensitivity_2,margin,"m=0.2, theta=0.1301",val,C48CE857-A0DD-4DDB-BEA5-3A25449B2153,31,282,0,0,0,0,0,0
sensitivity_2,margin,"m=0.2, theta=0.1301",val,C48CE857-A0DD-4DDB-BEA5-3A25449B2153,32,115,0,0,0,0,0,0
sensitivity_2,margin,"m=0.2, theta=0.1301",val,CA820D43-E5E2-42EF-9798-BE56F776370B,4,1146,1,1,2,1,1,1
sensitivity_2,margin,"m=0.2, theta=0.1301",val,CA820D43-E5E2-42EF-9798-BE56F776370B,8,394,1,1,2,2,1,1
sensitivity_2,margin,"m=0.2, theta=0.1301",val,CDA3BBF7-6631-45E8-85BA-EEB416B32A3C,2,227,0,0,0,0,0,0
sensitivity_2,margin,"m=0.2, theta=0.1301",val,CDA3BBF7-6631-45E8-85BA-EEB416B32A3C,3,316,0,0,0,0,0,0
sensitivity_2,margin,"m=0.2, theta=0.1301",val,CF722AA9-2533-4E51-9FEB-9EAC84EE9AAC,7,113,1,1,2,1,1,1
sensitivity_2,margin,"m=0.2, theta=0.1301",val,CF722AA9-2533-4E51-9FEB-9EAC84EE9AAC,8,371,3,3,6,4,5,3
sensitivity_2,margin,"m=0.2, theta=0.1301",val,CF722AA9-2533-4E51-9FEB-9EAC84EE9AAC,9,210,0,0,0,0,0,0
sensitivity_2,margin,"m=0.2, theta=0.1301",val,D7D20E2E-FC78-405D-B346-DBD3FD8FC92B,7,175,0,0,0,0,0,0
sensitivity_2,margin,"m=0.2, theta=0.1301",val,D7D20E2E-FC78-405D-B346-DBD3FD8FC92B,8,528,0,0,0,0,0,0
sensitivity_2,margin,"m=0.2, theta=0.1301",val,D7D20E2E-FC78-405D-B346-DBD3FD8FC92B,9,42,0,0,0,0,0,0
sensitivity_2,margin,"m=0.2, theta=0.1301",val,D7D20E2E-FC78-405D-B346-DBD3FD8FC92B,10,153,1,1,2,2,1,1
sensitivity_2,margin,"m=0.2, theta=0.1301",val,D7D20E2E-FC78-405D-B346-DBD3FD8FC92B,11,292,0,0,0,0,0,0
sensitivity_2,margin,"m=0.2, theta=0.1301",val,D7D20E2E-FC78-405D-B346-DBD3FD8FC92B,12,23,0,0,0,0,0,0
sensitivity_2,margin,"m=0.2, theta=0.1301",val,E65577C1-8D5D-4F70-AF23-B3ADB9D3DBA3,3,659,0,0,0,0,0,0
sensitivity_2,margin,"m=0.2, theta=0.1301",val,ECECC2AB-D32F-4F90-B74C-E12A1C69BBE2,12,232,0,0,0,0,0,0
sensitivity_2,margin,"m=0.2, theta=0.1301",val,ECECC2AB-D32F-4F90-B74C-E12A1C69BBE2,13,35,0,0,0,0,0,0
sensitivity_2,margin,"m=0.2, theta=0.1301",val,ECECC2AB-D32F-4F90-B74C-E12A1C69BBE2,14,204,0,0,0,0,0,0
sensitivity_2,margin,"m=0.2, theta=0.1301",val,ECECC2AB-D32F-4F90-B74C-E12A1C69BBE2,15,206,0,0,0,0,0,0
sensitivity_2,margin,"m=0.2, theta=0.1301",val,FDAA70A1-42A3-4E3F-9AE3-3FDA412E03BF,18,966,2,2,4,6,2,2
sensitivity_2,hysteresis,"m=0.3, T=2, theta=0.2689",val,00EABED2-271D-49D8-B599-1D4A09240601,23,428,2,2,4,18,1,1
sensitivity_2,hysteresis,"m=0.3, T=2, theta=0.2689",val,098A72A5-E3E5-4F54-A152-BBDA0DF7B694,5,174,0,0,0,0,0,0
sensitivity_2,hysteresis,"m=0.3, T=2, theta=0.2689",val,098A72A5-E3E5-4F54-A152-BBDA0DF7B694,6,134,1,1,2,2,1,1
sensitivity_2,hysteresis,"m=0.3, T=2, theta=0.2689",val,098A72A5-E3E5-4F54-A152-BBDA0DF7B694,7,13,0,0,0,0,0,0
sensitivity_2,hysteresis,"m=0.3, T=2, theta=0.2689",val,098A72A5-E3E5-4F54-A152-BBDA0DF7B694,8,275,0,0,0,0,0,0
sensitivity_2,hysteresis,"m=0.3, T=2, theta=0.2689",val,098A72A5-E3E5-4F54-A152-BBDA0DF7B694,9,459,0,0,0,0,0,0
sensitivity_2,hysteresis,"m=0.3, T=2, theta=0.2689",val,098A72A5-E3E5-4F54-A152-BBDA0DF7B694,10,75,0,0,0,0,0,0
sensitivity_2,hysteresis,"m=0.3, T=2, theta=0.2689",val,098A72A5-E3E5-4F54-A152-BBDA0DF7B694,11,44,0,0,0,0,0,0
sensitivity_2,hysteresis,"m=0.3, T=2, theta=0.2689",val,098A72A5-E3E5-4F54-A152-BBDA0DF7B694,13,156,0,0,0,0,0,0
sensitivity_2,hysteresis,"m=0.3, T=2, theta=0.2689",val,0A986513-7828-4D53-AA1F-E02D6DF9561B,6,763,2,2,4,19,1,1
sensitivity_2,hysteresis,"m=0.3, T=2, theta=0.2689",val,11B5EC4D-4133-4289-B475-4E737182A406,3,616,0,0,0,0,0,0
sensitivity_2,hysteresis,"m=0.3, T=2, theta=0.2689",val,11B5EC4D-4133-4289-B475-4E737182A406,4,799,0,0,0,0,0,0
sensitivity_2,hysteresis,"m=0.3, T=2, theta=0.2689",val,11B5EC4D-4133-4289-B475-4E737182A406,5,324,0,0,0,0,0,0
sensitivity_2,hysteresis,"m=0.3, T=2, theta=0.2689",val,136562B6-95B2-483D-88DC-065F28409FD2,17,181,0,0,0,0,0,0
sensitivity_2,hysteresis,"m=0.3, T=2, theta=0.2689",val,136562B6-95B2-483D-88DC-065F28409FD2,18,847,0,0,0,0,0,0
sensitivity_2,hysteresis,"m=0.3, T=2, theta=0.2689",val,136562B6-95B2-483D-88DC-065F28409FD2,19,80,0,0,0,0,0,0
sensitivity_2,hysteresis,"m=0.3, T=2, theta=0.2689",val,136562B6-95B2-483D-88DC-065F28409FD2,20,107,0,0,0,0,0,0
sensitivity_2,hysteresis,"m=0.3, T=2, theta=0.2689",val,1538C99F-BA1E-4EFB-A949-6C7C47701B20,25,291,0,0,0,0,0,0
sensitivity_2,hysteresis,"m=0.3, T=2, theta=0.2689",val,1538C99F-BA1E-4EFB-A949-6C7C47701B20,26,82,0,0,0,0,0,0
sensitivity_2,hysteresis,"m=0.3, T=2, theta=0.2689",val,1538C99F-BA1E-4EFB-A949-6C7C47701B20,27,160,0,0,0,0,0,0
sensitivity_2,hysteresis,"m=0.3, T=2, theta=0.2689",val,1538C99F-BA1E-4EFB-A949-6C7C47701B20,28,748,0,0,0,0,0,0
sensitivity_2,hysteresis,"m=0.3, T=2, theta=0.2689",val,24E40C4C-A349-4F9F-93AB-01D00FB994AF,12,236,0,0,0,0,0,0
sensitivity_2,hysteresis,"m=0.3, T=2, theta=0.2689",val,24E40C4C-A349-4F9F-93AB-01D00FB994AF,13,213,1,1,2,4,1,1
sensitivity_2,hysteresis,"m=0.3, T=2, theta=0.2689",val,24E40C4C-A349-4F9F-93AB-01D00FB994AF,14,141,0,0,0,0,0,0
sensitivity_2,hysteresis,"m=0.3, T=2, theta=0.2689",val,24E40C4C-A349-4F9F-93AB-01D00FB994AF,15,317,0,0,0,0,0,0
sensitivity_2,hysteresis,"m=0.3, T=2, theta=0.2689",val,24E40C4C-A349-4F9F-93AB-01D00FB994AF,16,18,0,0,0,0,0,0
sensitivity_2,hysteresis,"m=0.3, T=2, theta=0.2689",val,2C32C23E-E30C-498A-8DD2-0EFB9150A02E,9,1674,3,3,6,39,1,1
sensitivity_2,hysteresis,"m=0.3, T=2, theta=0.2689",val,3600D531-0C55-44A7-AE95-A7A38519464E,20,842,0,0,0,0,0,0
sensitivity_2,hysteresis,"m=0.3, T=2, theta=0.2689",val,3600D531-0C55-44A7-AE95-A7A38519464E,21,54,0,0,0,0,0,0
sensitivity_2,hysteresis,"m=0.3, T=2, theta=0.2689",val,3600D531-0C55-44A7-AE95-A7A38519464E,22,107,0,0,0,0,0,0
sensitivity_2,hysteresis,"m=0.3, T=2, theta=0.2689",val,3600D531-0C55-44A7-AE95-A7A38519464E,24,14,0,0,0,0,0,0
sensitivity_2,hysteresis,"m=0.3, T=2, theta=0.2689",val,4FC32141-E888-4BFF-8804-12559A491D8C,4,43,0,0,0,0,0,0
sensitivity_2,hysteresis,"m=0.3, T=2, theta=0.2689",val,4FC32141-E888-4BFF-8804-12559A491D8C,5,325,0,0,0,0,0,0
sensitivity_2,hysteresis,"m=0.3, T=2, theta=0.2689",val,4FC32141-E888-4BFF-8804-12559A491D8C,6,427,0,0,0,0,0,0
sensitivity_2,hysteresis,"m=0.3, T=2, theta=0.2689",val,4FC32141-E888-4BFF-8804-12559A491D8C,7,102,0,0,0,0,0,0
sensitivity_2,hysteresis,"m=0.3, T=2, theta=0.2689",val,4FC32141-E888-4BFF-8804-12559A491D8C,8,18,0,0,0,0,0,0
sensitivity_2,hysteresis,"m=0.3, T=2, theta=0.2689",val,4FC32141-E888-4BFF-8804-12559A491D8C,10,43,0,0,0,0,0,0
sensitivity_2,hysteresis,"m=0.3, T=2, theta=0.2689",val,5119D0F8-FCA8-4184-A4EB-19421A40DE0D,9,1294,0,0,0,0,0,0
sensitivity_2,hysteresis,"m=0.3, T=2, theta=0.2689",val,5152A2DF-FAF3-4BA8-9CA9-E66B32671A53,6,697,2,2,4,10,1,1
sensitivity_2,hysteresis,"m=0.3, T=2, theta=0.2689",val,5152A2DF-FAF3-4BA8-9CA9-E66B32671A53,7,597,0,0,0,0,0,0
sensitivity_2,hysteresis,"m=0.3, T=2, theta=0.2689",val,5EF64122-B513-46AE-BCF1-E62AAC285D2C,9,116,0,0,0,0,0,0
sensitivity_2,hysteresis,"m=0.3, T=2, theta=0.2689",val,5EF64122-B513-46AE-BCF1-E62AAC285D2C,10,637,0,0,0,0,0,0
sensitivity_2,hysteresis,"m=0.3, T=2, theta=0.2689",val,61976C24-1C50-4355-9C49-AAE44A7D09F6,46,1717,2,2,4,17,0,0
sensitivity_2,hysteresis,"m=0.3, T=2, theta=0.2689",val,78A91A4E-4A51-4065-BDA7-94755F0BB3BB,5,597,2,2,4,36,0,0
sensitivity_2,hysteresis,"m=0.3, T=2, theta=0.2689",val,78A91A4E-4A51-4065-BDA7-94755F0BB3BB,6,1773,0,0,0,0,0,0
sensitivity_2,hysteresis,"m=0.3, T=2, theta=0.2689",val,7CE37510-56D0-4120-A1CF-0E23351428D2,6,1923,1,1,2,4,1,1
sensitivity_2,hysteresis,"m=0.3, T=2, theta=0.2689",val,8023FE1A-D3B0-4E2C-A57A-9321B7FC755F,23,972,1,1,2,9,0,0
sensitivity_2,hysteresis,"m=0.3, T=2, theta=0.2689",val,8023FE1A-D3B0-4E2C-A57A-9321B7FC755F,24,836,0,0,0,0,0,0
sensitivity_2,hysteresis,"m=0.3, T=2, theta=0.2689",val,83CF687B-7CEC-434B-9FE8-00C3D5799BE6,7,1879,0,0,0,0,0,0
sensitivity_2,hysteresis,"m=0.3, T=2, theta=0.2689",val,9759096F-1119-4E19-A0AD-6F16989C7E1C,3,474,2,2,4,17,2,1
sensitivity_2,hysteresis,"m=0.3, T=2, theta=0.2689",val,9759096F-1119-4E19-A0AD-6F16989C7E1C,4,1489,2,2,4,6,2,2
sensitivity_2,hysteresis,"m=0.3, T=2, theta=0.2689",val,9DC38D04-E82E-4F29-AB52-B476535226F2,12,1543,0,0,0,0,0,0
sensitivity_2,hysteresis,"m=0.3, T=2, theta=0.2689",val,9DC38D04-E82E-4F29-AB52-B476535226F2,18,359,0,0,0,0,0,0
sensitivity_2,hysteresis,"m=0.3, T=2, theta=0.2689",val,A5CDF89D-02A2-4EC1-89F8-F534FDABDD96,12,62,0,0,0,0,0,0
sensitivity_2,hysteresis,"m=0.3, T=2, theta=0.2689",val,A5CDF89D-02A2-4EC1-89F8-F534FDABDD96,13,841,1,1,2,2,1,1
sensitivity_2,hysteresis,"m=0.3, T=2, theta=0.2689",val,A5CDF89D-02A2-4EC1-89F8-F534FDABDD96,14,276,0,0,0,0,0,0
sensitivity_2,hysteresis,"m=0.3, T=2, theta=0.2689",val,A76A5AF5-5A93-4CF2-A16E-62353BB70E8A,2,1475,0,0,0,0,0,0
sensitivity_2,hysteresis,"m=0.3, T=2, theta=0.2689",val,B09E373F-8A54-44C8-895B-0039390B859F,9,1598,0,0,0,0,0,0
sensitivity_2,hysteresis,"m=0.3, T=2, theta=0.2689",val,B9724848-C7E2-45F4-9B3F-A1F38D864495,10,85,0,0,0,0,0,0
sensitivity_2,hysteresis,"m=0.3, T=2, theta=0.2689",val,B9724848-C7E2-45F4-9B3F-A1F38D864495,11,522,2,2,4,29,0,0
sensitivity_2,hysteresis,"m=0.3, T=2, theta=0.2689",val,B9724848-C7E2-45F4-9B3F-A1F38D864495,13,880,1,1,2,5,1,1
sensitivity_2,hysteresis,"m=0.3, T=2, theta=0.2689",val,BE3CA5A6-A561-4BBD-B7C9-5DF6805400FC,13,681,0,0,0,0,0,0
sensitivity_2,hysteresis,"m=0.3, T=2, theta=0.2689",val,BE3CA5A6-A561-4BBD-B7C9-5DF6805400FC,14,79,0,0,0,0,0,0
sensitivity_2,hysteresis,"m=0.3, T=2, theta=0.2689",val,BE3CA5A6-A561-4BBD-B7C9-5DF6805400FC,15,430,1,1,2,7,0,0
sensitivity_2,hysteresis,"m=0.3, T=2, theta=0.2689",val,BE3CA5A6-A561-4BBD-B7C9-5DF6805400FC,16,442,0,0,0,0,0,0
sensitivity_2,hysteresis,"m=0.3, T=2, theta=0.2689",val,C48CE857-A0DD-4DDB-BEA5-3A25449B2153,25,150,0,0,0,0,0,0
sensitivity_2,hysteresis,"m=0.3, T=2, theta=0.2689",val,C48CE857-A0DD-4DDB-BEA5-3A25449B2153,26,40,0,0,0,0,0,0
sensitivity_2,hysteresis,"m=0.3, T=2, theta=0.2689",val,C48CE857-A0DD-4DDB-BEA5-3A25449B2153,28,151,0,0,0,0,0,0
sensitivity_2,hysteresis,"m=0.3, T=2, theta=0.2689",val,C48CE857-A0DD-4DDB-BEA5-3A25449B2153,30,239,0,0,0,0,0,0
sensitivity_2,hysteresis,"m=0.3, T=2, theta=0.2689",val,C48CE857-A0DD-4DDB-BEA5-3A25449B2153,31,282,0,0,0,0,0,0
sensitivity_2,hysteresis,"m=0.3, T=2, theta=0.2689",val,C48CE857-A0DD-4DDB-BEA5-3A25449B2153,32,115,0,0,0,0,0,0
sensitivity_2,hysteresis,"m=0.3, T=2, theta=0.2689",val,CA820D43-E5E2-42EF-9798-BE56F776370B,4,1146,0,0,0,0,0,0
sensitivity_2,hysteresis,"m=0.3, T=2, theta=0.2689",val,CA820D43-E5E2-42EF-9798-BE56F776370B,8,394,0,0,0,0,0,0
sensitivity_2,hysteresis,"m=0.3, T=2, theta=0.2689",val,CDA3BBF7-6631-45E8-85BA-EEB416B32A3C,2,227,0,0,0,0,0,0
sensitivity_2,hysteresis,"m=0.3, T=2, theta=0.2689",val,CDA3BBF7-6631-45E8-85BA-EEB416B32A3C,3,316,0,0,0,0,0,0
sensitivity_2,hysteresis,"m=0.3, T=2, theta=0.2689",val,CF722AA9-2533-4E51-9FEB-9EAC84EE9AAC,7,113,1,1,2,7,0,0
sensitivity_2,hysteresis,"m=0.3, T=2, theta=0.2689",val,CF722AA9-2533-4E51-9FEB-9EAC84EE9AAC,8,371,1,1,2,5,1,1
sensitivity_2,hysteresis,"m=0.3, T=2, theta=0.2689",val,CF722AA9-2533-4E51-9FEB-9EAC84EE9AAC,9,210,0,0,0,0,0,0
sensitivity_2,hysteresis,"m=0.3, T=2, theta=0.2689",val,D7D20E2E-FC78-405D-B346-DBD3FD8FC92B,7,175,1,1,2,2,1,1
sensitivity_2,hysteresis,"m=0.3, T=2, theta=0.2689",val,D7D20E2E-FC78-405D-B346-DBD3FD8FC92B,8,528,0,0,0,0,0,0
sensitivity_2,hysteresis,"m=0.3, T=2, theta=0.2689",val,D7D20E2E-FC78-405D-B346-DBD3FD8FC92B,9,42,0,0,0,0,0,0
sensitivity_2,hysteresis,"m=0.3, T=2, theta=0.2689",val,D7D20E2E-FC78-405D-B346-DBD3FD8FC92B,10,153,2,2,4,17,0,0
sensitivity_2,hysteresis,"m=0.3, T=2, theta=0.2689",val,D7D20E2E-FC78-405D-B346-DBD3FD8FC92B,11,292,0,0,0,0,0,0
sensitivity_2,hysteresis,"m=0.3, T=2, theta=0.2689",val,D7D20E2E-FC78-405D-B346-DBD3FD8FC92B,12,23,0,0,0,0,0,0
sensitivity_2,hysteresis,"m=0.3, T=2, theta=0.2689",val,E65577C1-8D5D-4F70-AF23-B3ADB9D3DBA3,3,659,1,1,2,5,1,1
sensitivity_2,hysteresis,"m=0.3, T=2, theta=0.2689",val,ECECC2AB-D32F-4F90-B74C-E12A1C69BBE2,12,232,0,0,0,0,0,0
sensitivity_2,hysteresis,"m=0.3, T=2, theta=0.2689",val,ECECC2AB-D32F-4F90-B74C-E12A1C69BBE2,13,35,0,0,0,0,0,0
sensitivity_2,hysteresis,"m=0.3, T=2, theta=0.2689",val,ECECC2AB-D32F-4F90-B74C-E12A1C69BBE2,14,204,1,1,2,11,0,0
sensitivity_2,hysteresis,"m=0.3, T=2, theta=0.2689",val,ECECC2AB-D32F-4F90-B74C-E12A1C69BBE2,15,206,0,0,0,0,0,0
sensitivity_2,hysteresis,"m=0.3, T=2, theta=0.2689",val,FDAA70A1-42A3-4E3F-9AE3-3FDA412E03BF,18,966,1,1,2,5,1,1
sensitivity_2,trust,"r=0.5, tau=0.5, theta=0.3318",val,00EABED2-271D-49D8-B599-1D4A09240601,23,428,2,2,4,14,1,1
sensitivity_2,trust,"r=0.5, tau=0.5, theta=0.3318",val,098A72A5-E3E5-4F54-A152-BBDA0DF7B694,5,174,0,0,0,0,0,0
sensitivity_2,trust,"r=0.5, tau=0.5, theta=0.3318",val,098A72A5-E3E5-4F54-A152-BBDA0DF7B694,6,134,0,0,0,0,0,0
sensitivity_2,trust,"r=0.5, tau=0.5, theta=0.3318",val,098A72A5-E3E5-4F54-A152-BBDA0DF7B694,7,13,0,0,0,0,0,0
sensitivity_2,trust,"r=0.5, tau=0.5, theta=0.3318",val,098A72A5-E3E5-4F54-A152-BBDA0DF7B694,8,275,0,0,0,0,0,0
sensitivity_2,trust,"r=0.5, tau=0.5, theta=0.3318",val,098A72A5-E3E5-4F54-A152-BBDA0DF7B694,9,459,0,0,0,0,0,0
sensitivity_2,trust,"r=0.5, tau=0.5, theta=0.3318",val,098A72A5-E3E5-4F54-A152-BBDA0DF7B694,10,75,0,0,0,0,0,0
sensitivity_2,trust,"r=0.5, tau=0.5, theta=0.3318",val,098A72A5-E3E5-4F54-A152-BBDA0DF7B694,11,44,0,0,0,0,0,0
sensitivity_2,trust,"r=0.5, tau=0.5, theta=0.3318",val,098A72A5-E3E5-4F54-A152-BBDA0DF7B694,13,156,0,0,0,0,0,0
sensitivity_2,trust,"r=0.5, tau=0.5, theta=0.3318",val,0A986513-7828-4D53-AA1F-E02D6DF9561B,6,763,1,1,2,12,0,0
sensitivity_2,trust,"r=0.5, tau=0.5, theta=0.3318",val,11B5EC4D-4133-4289-B475-4E737182A406,3,616,1,1,2,1,1,1
sensitivity_2,trust,"r=0.5, tau=0.5, theta=0.3318",val,11B5EC4D-4133-4289-B475-4E737182A406,4,799,0,0,0,0,0,0
sensitivity_2,trust,"r=0.5, tau=0.5, theta=0.3318",val,11B5EC4D-4133-4289-B475-4E737182A406,5,324,0,0,0,0,0,0
sensitivity_2,trust,"r=0.5, tau=0.5, theta=0.3318",val,136562B6-95B2-483D-88DC-065F28409FD2,17,181,0,0,0,0,0,0
sensitivity_2,trust,"r=0.5, tau=0.5, theta=0.3318",val,136562B6-95B2-483D-88DC-065F28409FD2,18,847,0,0,0,0,0,0
sensitivity_2,trust,"r=0.5, tau=0.5, theta=0.3318",val,136562B6-95B2-483D-88DC-065F28409FD2,19,80,0,0,0,0,0,0
sensitivity_2,trust,"r=0.5, tau=0.5, theta=0.3318",val,136562B6-95B2-483D-88DC-065F28409FD2,20,107,0,0,0,0,0,0
sensitivity_2,trust,"r=0.5, tau=0.5, theta=0.3318",val,1538C99F-BA1E-4EFB-A949-6C7C47701B20,25,291,0,0,0,0,0,0
sensitivity_2,trust,"r=0.5, tau=0.5, theta=0.3318",val,1538C99F-BA1E-4EFB-A949-6C7C47701B20,26,82,0,0,0,0,0,0
sensitivity_2,trust,"r=0.5, tau=0.5, theta=0.3318",val,1538C99F-BA1E-4EFB-A949-6C7C47701B20,27,160,0,0,0,0,0,0
sensitivity_2,trust,"r=0.5, tau=0.5, theta=0.3318",val,1538C99F-BA1E-4EFB-A949-6C7C47701B20,28,748,0,0,0,0,0,0
sensitivity_2,trust,"r=0.5, tau=0.5, theta=0.3318",val,24E40C4C-A349-4F9F-93AB-01D00FB994AF,12,236,0,0,0,0,0,0
sensitivity_2,trust,"r=0.5, tau=0.5, theta=0.3318",val,24E40C4C-A349-4F9F-93AB-01D00FB994AF,13,213,1,1,2,4,1,1
sensitivity_2,trust,"r=0.5, tau=0.5, theta=0.3318",val,24E40C4C-A349-4F9F-93AB-01D00FB994AF,14,141,0,0,0,0,0,0
sensitivity_2,trust,"r=0.5, tau=0.5, theta=0.3318",val,24E40C4C-A349-4F9F-93AB-01D00FB994AF,15,317,0,0,0,0,0,0
sensitivity_2,trust,"r=0.5, tau=0.5, theta=0.3318",val,24E40C4C-A349-4F9F-93AB-01D00FB994AF,16,18,0,0,0,0,0,0
sensitivity_2,trust,"r=0.5, tau=0.5, theta=0.3318",val,2C32C23E-E30C-498A-8DD2-0EFB9150A02E,9,1674,3,3,6,16,2,1
sensitivity_2,trust,"r=0.5, tau=0.5, theta=0.3318",val,3600D531-0C55-44A7-AE95-A7A38519464E,20,842,0,0,0,0,0,0
sensitivity_2,trust,"r=0.5, tau=0.5, theta=0.3318",val,3600D531-0C55-44A7-AE95-A7A38519464E,21,54,0,0,0,0,0,0
sensitivity_2,trust,"r=0.5, tau=0.5, theta=0.3318",val,3600D531-0C55-44A7-AE95-A7A38519464E,22,107,0,0,0,0,0,0
sensitivity_2,trust,"r=0.5, tau=0.5, theta=0.3318",val,3600D531-0C55-44A7-AE95-A7A38519464E,24,14,0,0,0,0,0,0
sensitivity_2,trust,"r=0.5, tau=0.5, theta=0.3318",val,4FC32141-E888-4BFF-8804-12559A491D8C,4,43,0,0,0,0,0,0
sensitivity_2,trust,"r=0.5, tau=0.5, theta=0.3318",val,4FC32141-E888-4BFF-8804-12559A491D8C,5,325,1,1,2,12,0,0
sensitivity_2,trust,"r=0.5, tau=0.5, theta=0.3318",val,4FC32141-E888-4BFF-8804-12559A491D8C,6,427,0,0,0,0,0,0
sensitivity_2,trust,"r=0.5, tau=0.5, theta=0.3318",val,4FC32141-E888-4BFF-8804-12559A491D8C,7,102,0,0,0,0,0,0
sensitivity_2,trust,"r=0.5, tau=0.5, theta=0.3318",val,4FC32141-E888-4BFF-8804-12559A491D8C,8,18,0,0,0,0,0,0
sensitivity_2,trust,"r=0.5, tau=0.5, theta=0.3318",val,4FC32141-E888-4BFF-8804-12559A491D8C,10,43,0,0,0,0,0,0
sensitivity_2,trust,"r=0.5, tau=0.5, theta=0.3318",val,5119D0F8-FCA8-4184-A4EB-19421A40DE0D,9,1294,4,4,8,28,4,3
sensitivity_2,trust,"r=0.5, tau=0.5, theta=0.3318",val,5152A2DF-FAF3-4BA8-9CA9-E66B32671A53,6,697,0,0,0,0,0,0
sensitivity_2,trust,"r=0.5, tau=0.5, theta=0.3318",val,5152A2DF-FAF3-4BA8-9CA9-E66B32671A53,7,597,0,0,0,0,0,0
sensitivity_2,trust,"r=0.5, tau=0.5, theta=0.3318",val,5EF64122-B513-46AE-BCF1-E62AAC285D2C,9,116,0,0,0,0,0,0
sensitivity_2,trust,"r=0.5, tau=0.5, theta=0.3318",val,5EF64122-B513-46AE-BCF1-E62AAC285D2C,10,637,0,0,0,0,0,0
sensitivity_2,trust,"r=0.5, tau=0.5, theta=0.3318",val,61976C24-1C50-4355-9C49-AAE44A7D09F6,46,1717,2,2,4,6,2,2
sensitivity_2,trust,"r=0.5, tau=0.5, theta=0.3318",val,78A91A4E-4A51-4065-BDA7-94755F0BB3BB,5,597,2,2,4,46,0,0
sensitivity_2,trust,"r=0.5, tau=0.5, theta=0.3318",val,78A91A4E-4A51-4065-BDA7-94755F0BB3BB,6,1773,0,0,0,0,0,0
sensitivity_2,trust,"r=0.5, tau=0.5, theta=0.3318",val,7CE37510-56D0-4120-A1CF-0E23351428D2,6,1923,0,0,0,0,0,0
sensitivity_2,trust,"r=0.5, tau=0.5, theta=0.3318",val,8023FE1A-D3B0-4E2C-A57A-9321B7FC755F,23,972,1,1,2,8,0,0
sensitivity_2,trust,"r=0.5, tau=0.5, theta=0.3318",val,8023FE1A-D3B0-4E2C-A57A-9321B7FC755F,24,836,0,0,0,0,0,0
sensitivity_2,trust,"r=0.5, tau=0.5, theta=0.3318",val,83CF687B-7CEC-434B-9FE8-00C3D5799BE6,7,1879,0,0,0,0,0,0
sensitivity_2,trust,"r=0.5, tau=0.5, theta=0.3318",val,9759096F-1119-4E19-A0AD-6F16989C7E1C,3,474,1,1,2,8,0,0
sensitivity_2,trust,"r=0.5, tau=0.5, theta=0.3318",val,9759096F-1119-4E19-A0AD-6F16989C7E1C,4,1489,0,0,0,0,0,0
sensitivity_2,trust,"r=0.5, tau=0.5, theta=0.3318",val,9DC38D04-E82E-4F29-AB52-B476535226F2,12,1543,2,2,4,6,3,2
sensitivity_2,trust,"r=0.5, tau=0.5, theta=0.3318",val,9DC38D04-E82E-4F29-AB52-B476535226F2,18,359,0,0,0,0,0,0
sensitivity_2,trust,"r=0.5, tau=0.5, theta=0.3318",val,A5CDF89D-02A2-4EC1-89F8-F534FDABDD96,12,62,0,0,0,0,0,0
sensitivity_2,trust,"r=0.5, tau=0.5, theta=0.3318",val,A5CDF89D-02A2-4EC1-89F8-F534FDABDD96,13,841,0,0,0,0,0,0
sensitivity_2,trust,"r=0.5, tau=0.5, theta=0.3318",val,A5CDF89D-02A2-4EC1-89F8-F534FDABDD96,14,276,0,0,0,0,0,0
sensitivity_2,trust,"r=0.5, tau=0.5, theta=0.3318",val,A76A5AF5-5A93-4CF2-A16E-62353BB70E8A,2,1475,0,0,0,0,0,0
sensitivity_2,trust,"r=0.5, tau=0.5, theta=0.3318",val,B09E373F-8A54-44C8-895B-0039390B859F,9,1598,1,1,2,1,1,1
sensitivity_2,trust,"r=0.5, tau=0.5, theta=0.3318",val,B9724848-C7E2-45F4-9B3F-A1F38D864495,10,85,0,0,0,0,0,0
sensitivity_2,trust,"r=0.5, tau=0.5, theta=0.3318",val,B9724848-C7E2-45F4-9B3F-A1F38D864495,11,522,3,3,6,51,1,1
sensitivity_2,trust,"r=0.5, tau=0.5, theta=0.3318",val,B9724848-C7E2-45F4-9B3F-A1F38D864495,13,880,0,0,0,0,0,0
sensitivity_2,trust,"r=0.5, tau=0.5, theta=0.3318",val,BE3CA5A6-A561-4BBD-B7C9-5DF6805400FC,13,681,0,0,0,0,0,0
sensitivity_2,trust,"r=0.5, tau=0.5, theta=0.3318",val,BE3CA5A6-A561-4BBD-B7C9-5DF6805400FC,14,79,0,0,0,0,0,0
sensitivity_2,trust,"r=0.5, tau=0.5, theta=0.3318",val,BE3CA5A6-A561-4BBD-B7C9-5DF6805400FC,15,430,0,0,0,0,0,0
sensitivity_2,trust,"r=0.5, tau=0.5, theta=0.3318",val,BE3CA5A6-A561-4BBD-B7C9-5DF6805400FC,16,442,1,1,2,1,1,1
sensitivity_2,trust,"r=0.5, tau=0.5, theta=0.3318",val,C48CE857-A0DD-4DDB-BEA5-3A25449B2153,25,150,0,0,0,0,0,0
sensitivity_2,trust,"r=0.5, tau=0.5, theta=0.3318",val,C48CE857-A0DD-4DDB-BEA5-3A25449B2153,26,40,0,0,0,0,0,0
sensitivity_2,trust,"r=0.5, tau=0.5, theta=0.3318",val,C48CE857-A0DD-4DDB-BEA5-3A25449B2153,28,151,0,0,0,0,0,0
sensitivity_2,trust,"r=0.5, tau=0.5, theta=0.3318",val,C48CE857-A0DD-4DDB-BEA5-3A25449B2153,30,239,0,0,0,0,0,0
sensitivity_2,trust,"r=0.5, tau=0.5, theta=0.3318",val,C48CE857-A0DD-4DDB-BEA5-3A25449B2153,31,282,0,0,0,0,0,0
sensitivity_2,trust,"r=0.5, tau=0.5, theta=0.3318",val,C48CE857-A0DD-4DDB-BEA5-3A25449B2153,32,115,0,0,0,0,0,0
sensitivity_2,trust,"r=0.5, tau=0.5, theta=0.3318",val,CA820D43-E5E2-42EF-9798-BE56F776370B,4,1146,0,0,0,0,0,0
sensitivity_2,trust,"r=0.5, tau=0.5, theta=0.3318",val,CA820D43-E5E2-42EF-9798-BE56F776370B,8,394,0,0,0,0,0,0
sensitivity_2,trust,"r=0.5, tau=0.5, theta=0.3318",val,CDA3BBF7-6631-45E8-85BA-EEB416B32A3C,2,227,0,0,0,0,0,0
sensitivity_2,trust,"r=0.5, tau=0.5, theta=0.3318",val,CDA3BBF7-6631-45E8-85BA-EEB416B32A3C,3,316,0,0,0,0,0,0
sensitivity_2,trust,"r=0.5, tau=0.5, theta=0.3318",val,CF722AA9-2533-4E51-9FEB-9EAC84EE9AAC,7,113,1,1,2,8,0,0
sensitivity_2,trust,"r=0.5, tau=0.5, theta=0.3318",val,CF722AA9-2533-4E51-9FEB-9EAC84EE9AAC,8,371,0,0,0,0,0,0
sensitivity_2,trust,"r=0.5, tau=0.5, theta=0.3318",val,CF722AA9-2533-4E51-9FEB-9EAC84EE9AAC,9,210,0,0,0,0,0,0
sensitivity_2,trust,"r=0.5, tau=0.5, theta=0.3318",val,D7D20E2E-FC78-405D-B346-DBD3FD8FC92B,7,175,0,0,0,0,0,0
sensitivity_2,trust,"r=0.5, tau=0.5, theta=0.3318",val,D7D20E2E-FC78-405D-B346-DBD3FD8FC92B,8,528,0,0,0,0,0,0
sensitivity_2,trust,"r=0.5, tau=0.5, theta=0.3318",val,D7D20E2E-FC78-405D-B346-DBD3FD8FC92B,9,42,0,0,0,0,0,0
sensitivity_2,trust,"r=0.5, tau=0.5, theta=0.3318",val,D7D20E2E-FC78-405D-B346-DBD3FD8FC92B,10,153,2,2,4,44,2,1
sensitivity_2,trust,"r=0.5, tau=0.5, theta=0.3318",val,D7D20E2E-FC78-405D-B346-DBD3FD8FC92B,11,292,0,0,0,0,0,0
sensitivity_2,trust,"r=0.5, tau=0.5, theta=0.3318",val,D7D20E2E-FC78-405D-B346-DBD3FD8FC92B,12,23,0,0,0,0,0,0
sensitivity_2,trust,"r=0.5, tau=0.5, theta=0.3318",val,E65577C1-8D5D-4F70-AF23-B3ADB9D3DBA3,3,659,0,0,0,0,0,0
sensitivity_2,trust,"r=0.5, tau=0.5, theta=0.3318",val,ECECC2AB-D32F-4F90-B74C-E12A1C69BBE2,12,232,0,0,0,0,0,0
sensitivity_2,trust,"r=0.5, tau=0.5, theta=0.3318",val,ECECC2AB-D32F-4F90-B74C-E12A1C69BBE2,13,35,0,0,0,0,0,0
sensitivity_2,trust,"r=0.5, tau=0.5, theta=0.3318",val,ECECC2AB-D32F-4F90-B74C-E12A1C69BBE2,14,204,2,2,4,4,3,2
sensitivity_2,trust,"r=0.5, tau=0.5, theta=0.3318",val,ECECC2AB-D32F-4F90-B74C-E12A1C69BBE2,15,206,0,0,0,0,0,0
sensitivity_2,trust,"r=0.5, tau=0.5, theta=0.3318",val,FDAA70A1-42A3-4E3F-9AE3-3FDA412E03BF,18,966,1,1,2,5,1,1
sensitivity_2,sprt,"alpha=0.1, beta=1.343e-05",val,00EABED2-271D-49D8-B599-1D4A09240601,23,428,2,2,4,25,0,0
sensitivity_2,sprt,"alpha=0.1, beta=1.343e-05",val,098A72A5-E3E5-4F54-A152-BBDA0DF7B694,5,174,0,0,0,0,0,0
sensitivity_2,sprt,"alpha=0.1, beta=1.343e-05",val,098A72A5-E3E5-4F54-A152-BBDA0DF7B694,6,134,0,0,0,0,0,0
sensitivity_2,sprt,"alpha=0.1, beta=1.343e-05",val,098A72A5-E3E5-4F54-A152-BBDA0DF7B694,7,13,0,0,0,0,0,0
sensitivity_2,sprt,"alpha=0.1, beta=1.343e-05",val,098A72A5-E3E5-4F54-A152-BBDA0DF7B694,8,275,0,0,0,0,0,0
sensitivity_2,sprt,"alpha=0.1, beta=1.343e-05",val,098A72A5-E3E5-4F54-A152-BBDA0DF7B694,9,459,0,0,0,0,0,0
sensitivity_2,sprt,"alpha=0.1, beta=1.343e-05",val,098A72A5-E3E5-4F54-A152-BBDA0DF7B694,10,75,0,0,0,0,0,0
sensitivity_2,sprt,"alpha=0.1, beta=1.343e-05",val,098A72A5-E3E5-4F54-A152-BBDA0DF7B694,11,44,0,0,0,0,0,0
sensitivity_2,sprt,"alpha=0.1, beta=1.343e-05",val,098A72A5-E3E5-4F54-A152-BBDA0DF7B694,13,156,0,0,0,0,0,0
sensitivity_2,sprt,"alpha=0.1, beta=1.343e-05",val,0A986513-7828-4D53-AA1F-E02D6DF9561B,6,763,1,1,2,11,0,0
sensitivity_2,sprt,"alpha=0.1, beta=1.343e-05",val,11B5EC4D-4133-4289-B475-4E737182A406,3,616,1,1,2,15,0,0
sensitivity_2,sprt,"alpha=0.1, beta=1.343e-05",val,11B5EC4D-4133-4289-B475-4E737182A406,4,799,2,2,4,17,0,0
sensitivity_2,sprt,"alpha=0.1, beta=1.343e-05",val,11B5EC4D-4133-4289-B475-4E737182A406,5,324,0,0,0,0,0,0
sensitivity_2,sprt,"alpha=0.1, beta=1.343e-05",val,136562B6-95B2-483D-88DC-065F28409FD2,17,181,0,0,0,0,0,0
sensitivity_2,sprt,"alpha=0.1, beta=1.343e-05",val,136562B6-95B2-483D-88DC-065F28409FD2,18,847,1,1,2,64,0,0
sensitivity_2,sprt,"alpha=0.1, beta=1.343e-05",val,136562B6-95B2-483D-88DC-065F28409FD2,19,80,0,0,0,0,0,0
sensitivity_2,sprt,"alpha=0.1, beta=1.343e-05",val,136562B6-95B2-483D-88DC-065F28409FD2,20,107,0,0,0,0,0,0
sensitivity_2,sprt,"alpha=0.1, beta=1.343e-05",val,1538C99F-BA1E-4EFB-A949-6C7C47701B20,25,291,0,0,0,0,0,0
sensitivity_2,sprt,"alpha=0.1, beta=1.343e-05",val,1538C99F-BA1E-4EFB-A949-6C7C47701B20,26,82,0,0,0,0,0,0
sensitivity_2,sprt,"alpha=0.1, beta=1.343e-05",val,1538C99F-BA1E-4EFB-A949-6C7C47701B20,27,160,0,0,0,0,0,0
sensitivity_2,sprt,"alpha=0.1, beta=1.343e-05",val,1538C99F-BA1E-4EFB-A949-6C7C47701B20,28,748,0,0,0,0,0,0
sensitivity_2,sprt,"alpha=0.1, beta=1.343e-05",val,24E40C4C-A349-4F9F-93AB-01D00FB994AF,12,236,0,0,0,0,0,0
sensitivity_2,sprt,"alpha=0.1, beta=1.343e-05",val,24E40C4C-A349-4F9F-93AB-01D00FB994AF,13,213,1,1,2,8,0,0
sensitivity_2,sprt,"alpha=0.1, beta=1.343e-05",val,24E40C4C-A349-4F9F-93AB-01D00FB994AF,14,141,0,0,0,0,0,0
sensitivity_2,sprt,"alpha=0.1, beta=1.343e-05",val,24E40C4C-A349-4F9F-93AB-01D00FB994AF,15,317,0,0,0,0,0,0
sensitivity_2,sprt,"alpha=0.1, beta=1.343e-05",val,24E40C4C-A349-4F9F-93AB-01D00FB994AF,16,18,0,0,0,0,0,0
sensitivity_2,sprt,"alpha=0.1, beta=1.343e-05",val,2C32C23E-E30C-498A-8DD2-0EFB9150A02E,9,1674,1,1,2,57,0,0
sensitivity_2,sprt,"alpha=0.1, beta=1.343e-05",val,3600D531-0C55-44A7-AE95-A7A38519464E,20,842,0,0,0,0,0,0
sensitivity_2,sprt,"alpha=0.1, beta=1.343e-05",val,3600D531-0C55-44A7-AE95-A7A38519464E,21,54,1,1,2,17,0,0
sensitivity_2,sprt,"alpha=0.1, beta=1.343e-05",val,3600D531-0C55-44A7-AE95-A7A38519464E,22,107,0,0,0,0,0,0
sensitivity_2,sprt,"alpha=0.1, beta=1.343e-05",val,3600D531-0C55-44A7-AE95-A7A38519464E,24,14,0,0,0,0,0,0
sensitivity_2,sprt,"alpha=0.1, beta=1.343e-05",val,4FC32141-E888-4BFF-8804-12559A491D8C,4,43,0,0,0,0,0,0
sensitivity_2,sprt,"alpha=0.1, beta=1.343e-05",val,4FC32141-E888-4BFF-8804-12559A491D8C,5,325,2,1,3,30,0,0
sensitivity_2,sprt,"alpha=0.1, beta=1.343e-05",val,4FC32141-E888-4BFF-8804-12559A491D8C,6,427,0,0,0,0,0,0
sensitivity_2,sprt,"alpha=0.1, beta=1.343e-05",val,4FC32141-E888-4BFF-8804-12559A491D8C,7,102,0,0,0,0,0,0
sensitivity_2,sprt,"alpha=0.1, beta=1.343e-05",val,4FC32141-E888-4BFF-8804-12559A491D8C,8,18,0,0,0,0,0,0
sensitivity_2,sprt,"alpha=0.1, beta=1.343e-05",val,4FC32141-E888-4BFF-8804-12559A491D8C,10,43,0,0,0,0,0,0
sensitivity_2,sprt,"alpha=0.1, beta=1.343e-05",val,5119D0F8-FCA8-4184-A4EB-19421A40DE0D,9,1294,3,3,6,33,0,0
sensitivity_2,sprt,"alpha=0.1, beta=1.343e-05",val,5152A2DF-FAF3-4BA8-9CA9-E66B32671A53,6,697,3,3,6,17,2,2
sensitivity_2,sprt,"alpha=0.1, beta=1.343e-05",val,5152A2DF-FAF3-4BA8-9CA9-E66B32671A53,7,597,0,0,0,0,0,0
sensitivity_2,sprt,"alpha=0.1, beta=1.343e-05",val,5EF64122-B513-46AE-BCF1-E62AAC285D2C,9,116,0,0,0,0,0,0
sensitivity_2,sprt,"alpha=0.1, beta=1.343e-05",val,5EF64122-B513-46AE-BCF1-E62AAC285D2C,10,637,1,1,2,4,1,1
sensitivity_2,sprt,"alpha=0.1, beta=1.343e-05",val,61976C24-1C50-4355-9C49-AAE44A7D09F6,46,1717,1,1,2,116,0,0
sensitivity_2,sprt,"alpha=0.1, beta=1.343e-05",val,78A91A4E-4A51-4065-BDA7-94755F0BB3BB,5,597,3,3,6,62,1,1
sensitivity_2,sprt,"alpha=0.1, beta=1.343e-05",val,78A91A4E-4A51-4065-BDA7-94755F0BB3BB,6,1773,1,1,2,9,0,0
sensitivity_2,sprt,"alpha=0.1, beta=1.343e-05",val,7CE37510-56D0-4120-A1CF-0E23351428D2,6,1923,1,1,2,2,1,1
sensitivity_2,sprt,"alpha=0.1, beta=1.343e-05",val,8023FE1A-D3B0-4E2C-A57A-9321B7FC755F,23,972,1,1,2,7,0,0
sensitivity_2,sprt,"alpha=0.1, beta=1.343e-05",val,8023FE1A-D3B0-4E2C-A57A-9321B7FC755F,24,836,1,1,2,2,1,1
sensitivity_2,sprt,"alpha=0.1, beta=1.343e-05",val,83CF687B-7CEC-434B-9FE8-00C3D5799BE6,7,1879,0,0,0,0,0,0
sensitivity_2,sprt,"alpha=0.1, beta=1.343e-05",val,9759096F-1119-4E19-A0AD-6F16989C7E1C,3,474,1,1,2,81,0,0
sensitivity_2,sprt,"alpha=0.1, beta=1.343e-05",val,9759096F-1119-4E19-A0AD-6F16989C7E1C,4,1489,1,1,2,2,1,1
sensitivity_2,sprt,"alpha=0.1, beta=1.343e-05",val,9DC38D04-E82E-4F29-AB52-B476535226F2,12,1543,1,1,2,29,0,0
sensitivity_2,sprt,"alpha=0.1, beta=1.343e-05",val,9DC38D04-E82E-4F29-AB52-B476535226F2,18,359,0,0,0,0,0,0
sensitivity_2,sprt,"alpha=0.1, beta=1.343e-05",val,A5CDF89D-02A2-4EC1-89F8-F534FDABDD96,12,62,0,0,0,0,0,0
sensitivity_2,sprt,"alpha=0.1, beta=1.343e-05",val,A5CDF89D-02A2-4EC1-89F8-F534FDABDD96,13,841,0,0,0,0,0,0
sensitivity_2,sprt,"alpha=0.1, beta=1.343e-05",val,A5CDF89D-02A2-4EC1-89F8-F534FDABDD96,14,276,0,0,0,0,0,0
sensitivity_2,sprt,"alpha=0.1, beta=1.343e-05",val,A76A5AF5-5A93-4CF2-A16E-62353BB70E8A,2,1475,1,1,2,403,0,0
sensitivity_2,sprt,"alpha=0.1, beta=1.343e-05",val,B09E373F-8A54-44C8-895B-0039390B859F,9,1598,3,3,6,27,1,1
sensitivity_2,sprt,"alpha=0.1, beta=1.343e-05",val,B9724848-C7E2-45F4-9B3F-A1F38D864495,10,85,0,0,0,0,0,0
sensitivity_2,sprt,"alpha=0.1, beta=1.343e-05",val,B9724848-C7E2-45F4-9B3F-A1F38D864495,11,522,3,3,6,99,0,0
sensitivity_2,sprt,"alpha=0.1, beta=1.343e-05",val,B9724848-C7E2-45F4-9B3F-A1F38D864495,13,880,0,0,0,0,0,0
sensitivity_2,sprt,"alpha=0.1, beta=1.343e-05",val,BE3CA5A6-A561-4BBD-B7C9-5DF6805400FC,13,681,0,0,0,0,0,0
sensitivity_2,sprt,"alpha=0.1, beta=1.343e-05",val,BE3CA5A6-A561-4BBD-B7C9-5DF6805400FC,14,79,0,0,0,0,0,0
sensitivity_2,sprt,"alpha=0.1, beta=1.343e-05",val,BE3CA5A6-A561-4BBD-B7C9-5DF6805400FC,15,430,1,0,1,25,0,0
sensitivity_2,sprt,"alpha=0.1, beta=1.343e-05",val,BE3CA5A6-A561-4BBD-B7C9-5DF6805400FC,16,442,1,1,2,76,0,0
sensitivity_2,sprt,"alpha=0.1, beta=1.343e-05",val,C48CE857-A0DD-4DDB-BEA5-3A25449B2153,25,150,0,0,0,0,0,0
sensitivity_2,sprt,"alpha=0.1, beta=1.343e-05",val,C48CE857-A0DD-4DDB-BEA5-3A25449B2153,26,40,0,0,0,0,0,0
sensitivity_2,sprt,"alpha=0.1, beta=1.343e-05",val,C48CE857-A0DD-4DDB-BEA5-3A25449B2153,28,151,0,0,0,0,0,0
sensitivity_2,sprt,"alpha=0.1, beta=1.343e-05",val,C48CE857-A0DD-4DDB-BEA5-3A25449B2153,30,239,0,0,0,0,0,0
sensitivity_2,sprt,"alpha=0.1, beta=1.343e-05",val,C48CE857-A0DD-4DDB-BEA5-3A25449B2153,31,282,0,0,0,0,0,0
sensitivity_2,sprt,"alpha=0.1, beta=1.343e-05",val,C48CE857-A0DD-4DDB-BEA5-3A25449B2153,32,115,0,0,0,0,0,0
sensitivity_2,sprt,"alpha=0.1, beta=1.343e-05",val,CA820D43-E5E2-42EF-9798-BE56F776370B,4,1146,0,0,0,0,0,0
sensitivity_2,sprt,"alpha=0.1, beta=1.343e-05",val,CA820D43-E5E2-42EF-9798-BE56F776370B,8,394,0,0,0,0,0,0
sensitivity_2,sprt,"alpha=0.1, beta=1.343e-05",val,CDA3BBF7-6631-45E8-85BA-EEB416B32A3C,2,227,0,0,0,0,0,0
sensitivity_2,sprt,"alpha=0.1, beta=1.343e-05",val,CDA3BBF7-6631-45E8-85BA-EEB416B32A3C,3,316,0,0,0,0,0,0
sensitivity_2,sprt,"alpha=0.1, beta=1.343e-05",val,CF722AA9-2533-4E51-9FEB-9EAC84EE9AAC,7,113,1,1,2,17,0,0
sensitivity_2,sprt,"alpha=0.1, beta=1.343e-05",val,CF722AA9-2533-4E51-9FEB-9EAC84EE9AAC,8,371,1,1,2,23,0,0
sensitivity_2,sprt,"alpha=0.1, beta=1.343e-05",val,CF722AA9-2533-4E51-9FEB-9EAC84EE9AAC,9,210,0,0,0,0,0,0
sensitivity_2,sprt,"alpha=0.1, beta=1.343e-05",val,D7D20E2E-FC78-405D-B346-DBD3FD8FC92B,7,175,0,0,0,0,0,0
sensitivity_2,sprt,"alpha=0.1, beta=1.343e-05",val,D7D20E2E-FC78-405D-B346-DBD3FD8FC92B,8,528,0,0,0,0,0,0
sensitivity_2,sprt,"alpha=0.1, beta=1.343e-05",val,D7D20E2E-FC78-405D-B346-DBD3FD8FC92B,9,42,0,0,0,0,0,0
sensitivity_2,sprt,"alpha=0.1, beta=1.343e-05",val,D7D20E2E-FC78-405D-B346-DBD3FD8FC92B,10,153,1,1,2,69,0,0
sensitivity_2,sprt,"alpha=0.1, beta=1.343e-05",val,D7D20E2E-FC78-405D-B346-DBD3FD8FC92B,11,292,0,0,0,0,0,0
sensitivity_2,sprt,"alpha=0.1, beta=1.343e-05",val,D7D20E2E-FC78-405D-B346-DBD3FD8FC92B,12,23,0,0,0,0,0,0
sensitivity_2,sprt,"alpha=0.1, beta=1.343e-05",val,E65577C1-8D5D-4F70-AF23-B3ADB9D3DBA3,3,659,2,2,4,10,1,1
sensitivity_2,sprt,"alpha=0.1, beta=1.343e-05",val,ECECC2AB-D32F-4F90-B74C-E12A1C69BBE2,12,232,0,0,0,0,0,0
sensitivity_2,sprt,"alpha=0.1, beta=1.343e-05",val,ECECC2AB-D32F-4F90-B74C-E12A1C69BBE2,13,35,0,0,0,0,0,0
sensitivity_2,sprt,"alpha=0.1, beta=1.343e-05",val,ECECC2AB-D32F-4F90-B74C-E12A1C69BBE2,14,204,1,1,2,24,0,0
sensitivity_2,sprt,"alpha=0.1, beta=1.343e-05",val,ECECC2AB-D32F-4F90-B74C-E12A1C69BBE2,15,206,0,0,0,0,0,0
sensitivity_2,sprt,"alpha=0.1, beta=1.343e-05",val,FDAA70A1-42A3-4E3F-9AE3-3FDA412E03BF,18,966,2,2,4,19,0,0
sensitivity_2,hmm,"rho=0.05, theta=0.001007",val,00EABED2-271D-49D8-B599-1D4A09240601,23,428,6,6,12,7,9,6
sensitivity_2,hmm,"rho=0.05, theta=0.001007",val,098A72A5-E3E5-4F54-A152-BBDA0DF7B694,5,174,0,0,0,0,0,0
sensitivity_2,hmm,"rho=0.05, theta=0.001007",val,098A72A5-E3E5-4F54-A152-BBDA0DF7B694,6,134,0,0,0,0,0,0
sensitivity_2,hmm,"rho=0.05, theta=0.001007",val,098A72A5-E3E5-4F54-A152-BBDA0DF7B694,7,13,0,0,0,0,0,0
sensitivity_2,hmm,"rho=0.05, theta=0.001007",val,098A72A5-E3E5-4F54-A152-BBDA0DF7B694,8,275,0,0,0,0,0,0
sensitivity_2,hmm,"rho=0.05, theta=0.001007",val,098A72A5-E3E5-4F54-A152-BBDA0DF7B694,9,459,0,0,0,0,0,0
sensitivity_2,hmm,"rho=0.05, theta=0.001007",val,098A72A5-E3E5-4F54-A152-BBDA0DF7B694,10,75,0,0,0,0,0,0
sensitivity_2,hmm,"rho=0.05, theta=0.001007",val,098A72A5-E3E5-4F54-A152-BBDA0DF7B694,11,44,0,0,0,0,0,0
sensitivity_2,hmm,"rho=0.05, theta=0.001007",val,098A72A5-E3E5-4F54-A152-BBDA0DF7B694,13,156,0,0,0,0,0,0
sensitivity_2,hmm,"rho=0.05, theta=0.001007",val,0A986513-7828-4D53-AA1F-E02D6DF9561B,6,763,3,3,6,3,3,3
sensitivity_2,hmm,"rho=0.05, theta=0.001007",val,11B5EC4D-4133-4289-B475-4E737182A406,3,616,0,0,0,0,0,0
sensitivity_2,hmm,"rho=0.05, theta=0.001007",val,11B5EC4D-4133-4289-B475-4E737182A406,4,799,0,0,0,0,0,0
sensitivity_2,hmm,"rho=0.05, theta=0.001007",val,11B5EC4D-4133-4289-B475-4E737182A406,5,324,0,0,0,0,0,0
sensitivity_2,hmm,"rho=0.05, theta=0.001007",val,136562B6-95B2-483D-88DC-065F28409FD2,17,181,0,0,0,0,0,0
sensitivity_2,hmm,"rho=0.05, theta=0.001007",val,136562B6-95B2-483D-88DC-065F28409FD2,18,847,0,0,0,0,0,0
sensitivity_2,hmm,"rho=0.05, theta=0.001007",val,136562B6-95B2-483D-88DC-065F28409FD2,19,80,0,0,0,0,0,0
sensitivity_2,hmm,"rho=0.05, theta=0.001007",val,136562B6-95B2-483D-88DC-065F28409FD2,20,107,0,0,0,0,0,0
sensitivity_2,hmm,"rho=0.05, theta=0.001007",val,1538C99F-BA1E-4EFB-A949-6C7C47701B20,25,291,0,0,0,0,0,0
sensitivity_2,hmm,"rho=0.05, theta=0.001007",val,1538C99F-BA1E-4EFB-A949-6C7C47701B20,26,82,0,0,0,0,0,0
sensitivity_2,hmm,"rho=0.05, theta=0.001007",val,1538C99F-BA1E-4EFB-A949-6C7C47701B20,27,160,0,0,0,0,0,0
sensitivity_2,hmm,"rho=0.05, theta=0.001007",val,1538C99F-BA1E-4EFB-A949-6C7C47701B20,28,748,0,0,0,0,0,0
sensitivity_2,hmm,"rho=0.05, theta=0.001007",val,24E40C4C-A349-4F9F-93AB-01D00FB994AF,12,236,0,0,0,0,0,0
sensitivity_2,hmm,"rho=0.05, theta=0.001007",val,24E40C4C-A349-4F9F-93AB-01D00FB994AF,13,213,0,0,0,0,0,0
sensitivity_2,hmm,"rho=0.05, theta=0.001007",val,24E40C4C-A349-4F9F-93AB-01D00FB994AF,14,141,0,0,0,0,0,0
sensitivity_2,hmm,"rho=0.05, theta=0.001007",val,24E40C4C-A349-4F9F-93AB-01D00FB994AF,15,317,0,0,0,0,0,0
sensitivity_2,hmm,"rho=0.05, theta=0.001007",val,24E40C4C-A349-4F9F-93AB-01D00FB994AF,16,18,0,0,0,0,0,0
sensitivity_2,hmm,"rho=0.05, theta=0.001007",val,2C32C23E-E30C-498A-8DD2-0EFB9150A02E,9,1674,2,2,4,2,2,2
sensitivity_2,hmm,"rho=0.05, theta=0.001007",val,3600D531-0C55-44A7-AE95-A7A38519464E,20,842,0,0,0,0,0,0
sensitivity_2,hmm,"rho=0.05, theta=0.001007",val,3600D531-0C55-44A7-AE95-A7A38519464E,21,54,0,0,0,0,0,0
sensitivity_2,hmm,"rho=0.05, theta=0.001007",val,3600D531-0C55-44A7-AE95-A7A38519464E,22,107,0,0,0,0,0,0
sensitivity_2,hmm,"rho=0.05, theta=0.001007",val,3600D531-0C55-44A7-AE95-A7A38519464E,24,14,0,0,0,0,0,0
sensitivity_2,hmm,"rho=0.05, theta=0.001007",val,4FC32141-E888-4BFF-8804-12559A491D8C,4,43,0,0,0,0,0,0
sensitivity_2,hmm,"rho=0.05, theta=0.001007",val,4FC32141-E888-4BFF-8804-12559A491D8C,5,325,0,0,0,0,0,0
sensitivity_2,hmm,"rho=0.05, theta=0.001007",val,4FC32141-E888-4BFF-8804-12559A491D8C,6,427,0,0,0,0,0,0
sensitivity_2,hmm,"rho=0.05, theta=0.001007",val,4FC32141-E888-4BFF-8804-12559A491D8C,7,102,0,0,0,0,0,0
sensitivity_2,hmm,"rho=0.05, theta=0.001007",val,4FC32141-E888-4BFF-8804-12559A491D8C,8,18,0,0,0,0,0,0
sensitivity_2,hmm,"rho=0.05, theta=0.001007",val,4FC32141-E888-4BFF-8804-12559A491D8C,10,43,0,0,0,0,0,0
sensitivity_2,hmm,"rho=0.05, theta=0.001007",val,5119D0F8-FCA8-4184-A4EB-19421A40DE0D,9,1294,0,0,0,0,0,0
sensitivity_2,hmm,"rho=0.05, theta=0.001007",val,5152A2DF-FAF3-4BA8-9CA9-E66B32671A53,6,697,0,0,0,0,0,0
sensitivity_2,hmm,"rho=0.05, theta=0.001007",val,5152A2DF-FAF3-4BA8-9CA9-E66B32671A53,7,597,0,0,0,0,0,0
sensitivity_2,hmm,"rho=0.05, theta=0.001007",val,5EF64122-B513-46AE-BCF1-E62AAC285D2C,9,116,0,0,0,0,0,0
sensitivity_2,hmm,"rho=0.05, theta=0.001007",val,5EF64122-B513-46AE-BCF1-E62AAC285D2C,10,637,0,0,0,0,0,0
sensitivity_2,hmm,"rho=0.05, theta=0.001007",val,61976C24-1C50-4355-9C49-AAE44A7D09F6,46,1717,0,0,0,0,0,0
sensitivity_2,hmm,"rho=0.05, theta=0.001007",val,78A91A4E-4A51-4065-BDA7-94755F0BB3BB,5,597,4,4,8,4,5,4
sensitivity_2,hmm,"rho=0.05, theta=0.001007",val,78A91A4E-4A51-4065-BDA7-94755F0BB3BB,6,1773,0,0,0,0,0,0
sensitivity_2,hmm,"rho=0.05, theta=0.001007",val,7CE37510-56D0-4120-A1CF-0E23351428D2,6,1923,1,1,2,1,1,1
sensitivity_2,hmm,"rho=0.05, theta=0.001007",val,8023FE1A-D3B0-4E2C-A57A-9321B7FC755F,23,972,1,1,2,1,1,1
sensitivity_2,hmm,"rho=0.05, theta=0.001007",val,8023FE1A-D3B0-4E2C-A57A-9321B7FC755F,24,836,0,0,0,0,0,0
sensitivity_2,hmm,"rho=0.05, theta=0.001007",val,83CF687B-7CEC-434B-9FE8-00C3D5799BE6,7,1879,1,1,2,1,1,1
sensitivity_2,hmm,"rho=0.05, theta=0.001007",val,9759096F-1119-4E19-A0AD-6F16989C7E1C,3,474,2,2,4,2,2,2
sensitivity_2,hmm,"rho=0.05, theta=0.001007",val,9759096F-1119-4E19-A0AD-6F16989C7E1C,4,1489,0,0,0,0,0,0
sensitivity_2,hmm,"rho=0.05, theta=0.001007",val,9DC38D04-E82E-4F29-AB52-B476535226F2,12,1543,0,0,0,0,0,0
sensitivity_2,hmm,"rho=0.05, theta=0.001007",val,9DC38D04-E82E-4F29-AB52-B476535226F2,18,359,0,0,0,0,0,0
sensitivity_2,hmm,"rho=0.05, theta=0.001007",val,A5CDF89D-02A2-4EC1-89F8-F534FDABDD96,12,62,0,0,0,0,0,0
sensitivity_2,hmm,"rho=0.05, theta=0.001007",val,A5CDF89D-02A2-4EC1-89F8-F534FDABDD96,13,841,0,0,0,0,0,0
sensitivity_2,hmm,"rho=0.05, theta=0.001007",val,A5CDF89D-02A2-4EC1-89F8-F534FDABDD96,14,276,0,0,0,0,0,0
sensitivity_2,hmm,"rho=0.05, theta=0.001007",val,A76A5AF5-5A93-4CF2-A16E-62353BB70E8A,2,1475,0,0,0,0,0,0
sensitivity_2,hmm,"rho=0.05, theta=0.001007",val,B09E373F-8A54-44C8-895B-0039390B859F,9,1598,1,1,2,1,1,1
sensitivity_2,hmm,"rho=0.05, theta=0.001007",val,B9724848-C7E2-45F4-9B3F-A1F38D864495,10,85,0,0,0,0,0,0
sensitivity_2,hmm,"rho=0.05, theta=0.001007",val,B9724848-C7E2-45F4-9B3F-A1F38D864495,11,522,5,5,10,6,8,5
sensitivity_2,hmm,"rho=0.05, theta=0.001007",val,B9724848-C7E2-45F4-9B3F-A1F38D864495,13,880,1,1,2,1,1,1
sensitivity_2,hmm,"rho=0.05, theta=0.001007",val,BE3CA5A6-A561-4BBD-B7C9-5DF6805400FC,13,681,0,0,0,0,0,0
sensitivity_2,hmm,"rho=0.05, theta=0.001007",val,BE3CA5A6-A561-4BBD-B7C9-5DF6805400FC,14,79,0,0,0,0,0,0
sensitivity_2,hmm,"rho=0.05, theta=0.001007",val,BE3CA5A6-A561-4BBD-B7C9-5DF6805400FC,15,430,1,1,2,1,1,1
sensitivity_2,hmm,"rho=0.05, theta=0.001007",val,BE3CA5A6-A561-4BBD-B7C9-5DF6805400FC,16,442,0,0,0,0,0,0
sensitivity_2,hmm,"rho=0.05, theta=0.001007",val,C48CE857-A0DD-4DDB-BEA5-3A25449B2153,25,150,0,0,0,0,0,0
sensitivity_2,hmm,"rho=0.05, theta=0.001007",val,C48CE857-A0DD-4DDB-BEA5-3A25449B2153,26,40,0,0,0,0,0,0
sensitivity_2,hmm,"rho=0.05, theta=0.001007",val,C48CE857-A0DD-4DDB-BEA5-3A25449B2153,28,151,0,0,0,0,0,0
sensitivity_2,hmm,"rho=0.05, theta=0.001007",val,C48CE857-A0DD-4DDB-BEA5-3A25449B2153,30,239,0,0,0,0,0,0
sensitivity_2,hmm,"rho=0.05, theta=0.001007",val,C48CE857-A0DD-4DDB-BEA5-3A25449B2153,31,282,0,0,0,0,0,0
sensitivity_2,hmm,"rho=0.05, theta=0.001007",val,C48CE857-A0DD-4DDB-BEA5-3A25449B2153,32,115,0,0,0,0,0,0
sensitivity_2,hmm,"rho=0.05, theta=0.001007",val,CA820D43-E5E2-42EF-9798-BE56F776370B,4,1146,0,0,0,0,0,0
sensitivity_2,hmm,"rho=0.05, theta=0.001007",val,CA820D43-E5E2-42EF-9798-BE56F776370B,8,394,0,0,0,0,0,0
sensitivity_2,hmm,"rho=0.05, theta=0.001007",val,CDA3BBF7-6631-45E8-85BA-EEB416B32A3C,2,227,0,0,0,0,0,0
sensitivity_2,hmm,"rho=0.05, theta=0.001007",val,CDA3BBF7-6631-45E8-85BA-EEB416B32A3C,3,316,0,0,0,0,0,0
sensitivity_2,hmm,"rho=0.05, theta=0.001007",val,CF722AA9-2533-4E51-9FEB-9EAC84EE9AAC,7,113,0,0,0,0,0,0
sensitivity_2,hmm,"rho=0.05, theta=0.001007",val,CF722AA9-2533-4E51-9FEB-9EAC84EE9AAC,8,371,1,1,2,1,1,1
sensitivity_2,hmm,"rho=0.05, theta=0.001007",val,CF722AA9-2533-4E51-9FEB-9EAC84EE9AAC,9,210,0,0,0,0,0,0
sensitivity_2,hmm,"rho=0.05, theta=0.001007",val,D7D20E2E-FC78-405D-B346-DBD3FD8FC92B,7,175,1,1,2,1,1,1
sensitivity_2,hmm,"rho=0.05, theta=0.001007",val,D7D20E2E-FC78-405D-B346-DBD3FD8FC92B,8,528,0,0,0,0,0,0
sensitivity_2,hmm,"rho=0.05, theta=0.001007",val,D7D20E2E-FC78-405D-B346-DBD3FD8FC92B,9,42,0,0,0,0,0,0
sensitivity_2,hmm,"rho=0.05, theta=0.001007",val,D7D20E2E-FC78-405D-B346-DBD3FD8FC92B,10,153,3,3,6,3,3,3
sensitivity_2,hmm,"rho=0.05, theta=0.001007",val,D7D20E2E-FC78-405D-B346-DBD3FD8FC92B,11,292,0,0,0,0,0,0
sensitivity_2,hmm,"rho=0.05, theta=0.001007",val,D7D20E2E-FC78-405D-B346-DBD3FD8FC92B,12,23,0,0,0,0,0,0
sensitivity_2,hmm,"rho=0.05, theta=0.001007",val,E65577C1-8D5D-4F70-AF23-B3ADB9D3DBA3,3,659,0,0,0,0,0,0
sensitivity_2,hmm,"rho=0.05, theta=0.001007",val,ECECC2AB-D32F-4F90-B74C-E12A1C69BBE2,12,232,0,0,0,0,0,0
sensitivity_2,hmm,"rho=0.05, theta=0.001007",val,ECECC2AB-D32F-4F90-B74C-E12A1C69BBE2,13,35,0,0,0,0,0,0
sensitivity_2,hmm,"rho=0.05, theta=0.001007",val,ECECC2AB-D32F-4F90-B74C-E12A1C69BBE2,14,204,0,0,0,0,0,0
sensitivity_2,hmm,"rho=0.05, theta=0.001007",val,ECECC2AB-D32F-4F90-B74C-E12A1C69BBE2,15,206,0,0,0,0,0,0
sensitivity_2,hmm,"rho=0.05, theta=0.001007",val,FDAA70A1-42A3-4E3F-9AE3-3FDA412E03BF,18,966,1,1,2,4,1,1
