enrolled_user,sequence_id,impostor_user,mechanism,params,length,transition_idx,recovery_idx,FAR,FRR,false_accept_frames,false_reject_frames,n_impostor_frames,n_genuine_frames,n_transitions,transition_rate_per_100,n_flip_events,mean_run_length_frames,median_run_length_frames,frac_frames_authenticated,detection_latency_frames,lockout_frames_during_genuine,lockout_fraction_during_genuine,recovery_latency_frames
098A72A5-E3E5-4F54-A152-BBDA0DF7B694,098A72A5_tsts0,665514DE-49DC-421F-8DCB-145D0B2609AD,instantaneous,"{""theta"": 0.9999035028466661}",180,60,120,0.0,0.0,0,0,60,120,2,1.1173184357541899,0,60.0,60.0,0.6666666666666666,0.0,0,0.0,0.0
098A72A5-E3E5-4F54-A152-BBDA0DF7B694,098A72A5_tsts0,665514DE-49DC-421F-8DCB-145D0B2609AD,moving_average,"{""theta"": 0.9999035028466661, ""w"": 10}",180,60,120,0.0,0.9416666666666667,0,113,60,120,3,1.675977653631285,2,45.0,3.5,0.03888888888888889,0.0,113,0.9416666666666667,
098A72A5-E3E5-4F54-A152-BBDA0DF7B694,098A72A5_tsts0,665514DE-49DC-421F-8DCB-145D0B2609AD,ewma,"{""theta"": 0.9999035028466661, ""alpha"": 0.2}",180,60,120,0.0,0.5,0,60,60,120,1,0.5586592178770949,0,90.0,90.0,0.3333333333333333,0.0,60,0.5,
098A72A5-E3E5-4F54-A152-BBDA0DF7B694,098A72A5_tsts0,665514DE-49DC-421F-8DCB-145D0B2609AD,majority_vote,"{""theta"": 0.9999035028466661, ""w"": 5, ""k"": 4}",180,60,120,0.016666666666666666,0.025,1,3,60,120,2,1.1173184357541899,0,60.0,61.0,0.6555555555555556,1.0,3,0.025,3.0
098A72A5-E3E5-4F54-A152-BBDA0DF7B694,098A72A5_tsts0,665514DE-49DC-421F-8DCB-145D0B2609AD,debounce,"{""theta"": 0.9999035028466661, ""n"": 2}",180,60,120,0.016666666666666666,0.008333333333333333,1,1,60,120,2,1.1173184357541899,0,60.0,60.0,0.6666666666666666,1.0,1,0.008333333333333333,1.0
098A72A5-E3E5-4F54-A152-BBDA0DF7B694,098A72A5_tsts0,665514DE-49DC-421F-8DCB-145D0B2609AD,margin_dual_threshold,"{""theta"": 0.9999035028466661, ""margin"": 0.05}",180,60,120,0.0,0.5,0,60,60,120,1,0.5586592178770949,0,90.0,90.0,0.3333333333333333,0.0,60,0.5,
098A72A5-E3E5-4F54-A152-BBDA0DF7B694,098A72A5_tsts0,665514DE-49DC-421F-8DCB-145D0B2609AD,hysteresis,"{""theta"": 0.9999035028466661, ""margin"": 0.05, ""ttt_frames"": 2}",180,60,120,0.016666666666666666,0.5,1,60,60,120,1,0.5586592178770949,0,90.0,90.0,0.3388888888888889,1.0,60,0.5,
098A72A5-E3E5-4F54-A152-BBDA0DF7B694,098A72A5_tsts0,665514DE-49DC-421F-8DCB-145D0B2609AD,trust_model,"{""theta"": 0.9999035028466661, ""gain"": 0.3, ""decay"": 0.2, ""tau_lo"": 0.4, ""tau_hi"": 0.6}",180,60,120,0.0,0.5,0,60,60,120,1,0.5586592178770949,0,90.0,90.0,0.3333333333333333,0.0,60,0.5,
098A72A5-E3E5-4F54-A152-BBDA0DF7B694,098A72A5_tsts0,665514DE-49DC-421F-8DCB-145D0B2609AD,sprt,"{""A"": 16, ""B"": 1, ""mu_gen"": 0.995493013338051, ""sd_gen"": 0.0491565978237161, ""mu_imp"": 0.6454403754811456, ""sd_imp"": 0.3767589736694349}",180,60,120,0.0,0.05,0,6,60,120,2,1.1173184357541899,0,60.0,60.0,0.6333333333333333,0.0,6,0.05,6.0
098A72A5-E3E5-4F54-A152-BBDA0DF7B694,098A72A5_tsts1,B9724848-C7E2-45F4-9B3F-A1F38D864495,instantaneous,"{""theta"": 0.9999035028466661}",180,60,120,1.0,0.0,60,0,60,120,0,0.0,0,180.0,180.0,1.0,,0,0.0,0.0
098A72A5-E3E5-4F54-A152-BBDA0DF7B694,098A72A5_tsts1,B9724848-C7E2-45F4-9B3F-A1F38D864495,moving_average,"{""theta"": 0.9999035028466661, ""w"": 10}",180,60,120,0.0,0.9416666666666667,0,113,60,120,3,1.675977653631285,2,45.0,3.5,0.03888888888888889,0.0,113,0.9416666666666667,
098A72A5-E3E5-4F54-A152-BBDA0DF7B694,098A72A5_tsts1,B9724848-C7E2-45F4-9B3F-A1F38D864495,ewma,"{""theta"": 0.9999035028466661, ""alpha"": 0.2}",180,60,120,1.0,0.0,60,0,60,120,0,0.0,0,180.0,180.0,1.0,,0,0.0,0.0
098A72A5-E3E5-4F54-A152-BBDA0DF7B694,098A72A5_tsts1,B9724848-C7E2-45F4-9B3F-A1F38D864495,majority_vote,"{""theta"": 0.9999035028466661, ""w"": 5, ""k"": 4}",180,60,120,1.0,0.0,60,0,60,120,0,0.0,0,180.0,180.0,1.0,,0,0.0,0.0
098A72A5-E3E5-4F54-A152-BBDA0DF7B694,098A72A5_tsts1,B9724848-C7E2-45F4-9B3F-A1F38D864495,debounce,"{""theta"": 0.9999035028466661, ""n"": 2}",180,60,120,1.0,0.0,60,0,60,120,0,0.0,0,180.0,180.0,1.0,,0,0.0,0.0
098A72A5-E3E5-4F54-A152-BBDA0DF7B694,098A72A5_tsts1,B9724848-C7E2-45F4-9B3F-A1F38D864495,margin_dual_threshold,"{""theta"": 0.9999035028466661, ""margin"": 0.05}",180,60,120,1.0,0.0,60,0,60,120,0,0.0,0,180.0,180.0,1.0,,0,0.0,0.0
098A72A5-E3E5-4F54-A152-BBDA0DF7B694,098A72A5_tsts1,B9724848-C7E2-45F4-9B3F-A1F38D864495,hysteresis,"{""theta"": 0.9999035028466661, ""margin"": 0.05, ""ttt_frames"": 2}",180,60,120,1.0,0.0,60,0,60,120,0,0.0,0,180.0,180.0,1.0,,0,0.0,0.0
098A72A5-E3E5-4F54-A152-BBDA0DF7B694,098A72A5_tsts1,B9724848-C7E2-45F4-9B3F-A1F38D864495,trust_model,"{""theta"": 0.9999035028466661, ""gain"": 0.3, ""decay"": 0.2, ""tau_lo"": 0.4, ""tau_hi"": 0.6}",180,60,120,1.0,0.0,60,0,60,120,0,0.0,0,180.0,180.0,1.0,,0,0.0,0.0
098A72A5-E3E5-4F54-A152-BBDA0DF7B694,098A72A5_tsts1,B9724848-C7E2-45F4-9B3F-A1F38D864495,sprt,"{""A"": 16, ""B"": 1, ""mu_gen"": 0.995493013338051, ""sd_gen"": 0.0491565978237161, ""mu_imp"": 0.6454403754811456, ""sd_imp"": 0.3767589736694349}",180,60,120,1.0,0.0,60,0,60,120,0,0.0,0,180.0,180.0,1.0,,0,0.0,0.0
098A72A5-E3E5-4F54-A152-BBDA0DF7B694,098A72A5_tsts2,0BFC35E2-4817-4865-BFA7-764742302A2D,instantaneous,"{""theta"": 0.9999035028466661}",180,60,120,0.0,0.0,0,0,60,120,2,1.1173184357541899,0,60.0,60.0,0.6666666666666666,0.0,0,0.0,0.0
098A72A5-E3E5-4F54-A152-BBDA0DF7B694,098A72A5_tsts2,0BFC35E2-4817-4865-BFA7-764742302A2D,moving_average,"{""theta"": 0.9999035028466661, ""w"": 10}",180,60,120,0.0,0.9416666666666667,0,113,60,120,3,1.675977653631285,2,45.0,3.5,0.03888888888888889,0.0,113,0.9416666666666667,
098A72A5-E3E5-4F54-A152-BBDA0DF7B694,098A72A5_tsts2,0BFC35E2-4817-4865-BFA7-764742302A2D,ewma,"{""theta"": 0.9999035028466661, ""alpha"": 0.2}",180,60,120,0.0,0.5,0,60,60,120,1,0.5586592178770949,0,90.0,90.0,0.3333333333333333,0.0,60,0.5,
098A72A5-E3E5-4F54-A152-BBDA0DF7B694,098A72A5_tsts2,0BFC35E2-4817-4865-BFA7-764742302A2D,majority_vote,"{""theta"": 0.9999035028466661, ""w"": 5, ""k"": 4}",180,60,120,0.016666666666666666,0.025,1,3,60,120,2,1.1173184357541899,0,60.0,61.0,0.6555555555555556,1.0,3,0.025,3.0
098A72A5-E3E5-4F54-A152-BBDA0DF7B694,098A72A5_tsts2,0BFC35E2-4817-4865-BFA7-764742302A2D,debounce,"{""theta"": 0.9999035028466661, ""n"": 2}",180,60,120,0.016666666666666666,0.008333333333333333,1,1,60,120,2,1.1173184357541899,0,60.0,60.0,0.6666666666666666,1.0,1,0.008333333333333333,1.0
098A72A5-E3E5-4F54-A152-BBDA0DF7B694,098A72A5_tsts2,0BFC35E2-4817-4865-BFA7-764742302A2D,margin_dual_threshold,"{""theta"": 0.9999035028466661, ""margin"": 0.05}",180,60,120,0.0,0.5,0,60,60,120,1,0.5586592178770949,0,90.0,90.0,0.3333333333333333,0.0,60,0.5,
098A72A5-E3E5-4F54-A152-BBDA0DF7B694,098A72A5_tsts2,0BFC35E2-4817-4865-BFA7-764742302A2D,hysteresis,"{""theta"": 0.9999035028466661, ""margin"": 0.05, ""ttt_frames"": 2}",180,60,120,0.016666666666666666,0.5,1,60,60,120,1,0.5586592178770949,0,90.0,90.0,0.3388888888888889,1.0,60,0.5,
098A72A5-E3E5-4F54-A152-BBDA0DF7B694,098A72A5_tsts2,0BFC35E2-4817-4865-BFA7-764742302A2D,trust_model,"{""theta"": 0.9999035028466661, ""gain"": 0.3, ""decay"": 0.2, ""tau_lo"": 0.4, ""tau_hi"": 0.6}",180,60,120,0.0,0.5,0,60,60,120,1,0.5586592178770949,0,90.0,90.0,0.3333333333333333,0.0,60,0.5,
098A72A5-E3E5-4F54-A152-BBDA0DF7B694,098A72A5_tsts2,0BFC35E2-4817-4865-BFA7-764742302A2D,sprt,"{""A"": 16, ""B"": 1, ""mu_gen"": 0.995493013338051, ""sd_gen"": 0.0491565978237161, ""mu_imp"": 0.6454403754811456, ""sd_imp"": 0.3767589736694349}",180,60,120,0.0,0.05,0,6,60,120,2,1.1173184357541899,0,60.0,60.0,0.6333333333333333,0.0,6,0.05,6.0
098A72A5-E3E5-4F54-A152-BBDA0DF7B694,098A72A5_tsts3,11B5EC4D-4133-4289-B475-4E737182A406,instantaneous,"{""theta"": 0.9999035028466661}",180,60,120,1.0,0.19166666666666668,60,23,60,120,2,1.1173184357541899,0,60.0,23.0,0.8722222222222222,,23,0.19166666666666668,0.0
098A72A5-E3E5-4F54-A152-BBDA0DF7B694,098A72A5_tsts3,11B5EC4D-4133-4289-B475-4E737182A406,moving_average,"{""theta"": 0.9999035028466661, ""w"": 10}",180,60,120,0.0,0.9416666666666667,0,113,60,120,3,1.675977653631285,2,45.0,3.5,0.03888888888888889,0.0,113,0.9416666666666667,
098A72A5-E3E5-4F54-A152-BBDA0DF7B694,098A72A5_tsts3,11B5EC4D-4133-4289-B475-4E737182A406,ewma,"{""theta"": 0.9999035028466661, ""alpha"": 0.2}",180,60,120,1.0,0.31666666666666665,60,38,60,120,1,0.5586592178770949,0,90.0,90.0,0.7888888888888889,,38,0.31666666666666665,0.0
098A72A5-E3E5-4F54-A152-BBDA0DF7B694,098A72A5_tsts3,11B5EC4D-4133-4289-B475-4E737182A406,majority_vote,"{""theta"": 0.9999035028466661, ""w"": 5, ""k"": 4}",180,60,120,1.0,0.20833333333333334,60,25,60,120,2,1.1173184357541899,0,60.0,25.0,0.8611111111111112,,25,0.20833333333333334,0.0
098A72A5-E3E5-4F54-A152-BBDA0DF7B694,098A72A5_tsts3,11B5EC4D-4133-4289-B475-4E737182A406,debounce,"{""theta"": 0.9999035028466661, ""n"": 2}",180,60,120,1.0,0.19166666666666668,60,23,60,120,2,1.1173184357541899,0,60.0,23.0,0.8722222222222222,,23,0.19166666666666668,0.0
098A72A5-E3E5-4F54-A152-BBDA0DF7B694,098A72A5_tsts3,11B5EC4D-4133-4289-B475-4E737182A406,margin_dual_threshold,"{""theta"": 0.9999035028466661, ""margin"": 0.05}",180,60,120,1.0,0.31666666666666665,60,38,60,120,1,0.5586592178770949,0,90.0,90.0,0.7888888888888889,,38,0.31666666666666665,0.0
098A72A5-E3E5-4F54-A152-BBDA0DF7B694,098A72A5_tsts3,11B5EC4D-4133-4289-B475-4E737182A406,hysteresis,"{""theta"": 0.9999035028466661, ""margin"": 0.05, ""ttt_frames"": 2}",180,60,120,1.0,0.30833333333333335,60,37,60,120,1,0.5586592178770949,0,90.0,90.0,0.7944444444444444,,37,0.30833333333333335,0.0
098A72A5-E3E5-4F54-A152-BBDA0DF7B694,098A72A5_tsts3,11B5EC4D-4133-4289-B475-4E737182A406,trust_model,"{""theta"": 0.9999035028466661, ""gain"": 0.3, ""decay"": 0.2, ""tau_lo"": 0.4, ""tau_hi"": 0.6}",180,60,120,1.0,0.31666666666666665,60,38,60,120,1,0.5586592178770949,0,90.0,90.0,0.7888888888888889,,38,0.31666666666666665,0.0
098A72A5-E3E5-4F54-A152-BBDA0DF7B694,098A72A5_tsts3,11B5EC4D-4133-4289-B475-4E737182A406,sprt,"{""A"": 16, ""B"": 1, ""mu_gen"": 0.995493013338051, ""sd_gen"": 0.0491565978237161, ""mu_imp"": 0.6454403754811456, ""sd_imp"": 0.3767589736694349}",180,60,120,1.0,0.24166666666666667,60,29,60,120,2,1.1173184357541899,0,60.0,29.0,0.8388888888888889,,29,0.24166666666666667,0.0
098A72A5-E3E5-4F54-A152-BBDA0DF7B694,098A72A5_tsts4,ECECC2AB-D32F-4F90-B74C-E12A1C69BBE2,instantaneous,"{""theta"": 0.9999035028466661}",180,60,120,0.1,0.0,6,0,60,120,2,1.1173184357541899,0,60.0,60.0,0.7,6.0,0,0.0,0.0
098A72A5-E3E5-4F54-A152-BBDA0DF7B694,098A72A5_tsts4,ECECC2AB-D32F-4F90-B74C-E12A1C69BBE2,moving_average,"{""theta"": 0.9999035028466661, ""w"": 10}",180,60,120,0.0,0.9416666666666667,0,113,60,120,3,1.675977653631285,2,45.0,3.5,0.03888888888888889,0.0,113,0.9416666666666667,
098A72A5-E3E5-4F54-A152-BBDA0DF7B694,098A72A5_tsts4,ECECC2AB-D32F-4F90-B74C-E12A1C69BBE2,ewma,"{""theta"": 0.9999035028466661, ""alpha"": 0.2}",180,60,120,0.1,0.5,6,60,60,120,1,0.5586592178770949,0,90.0,90.0,0.36666666666666664,6.0,60,0.5,
098A72A5-E3E5-4F54-A152-BBDA0DF7B694,098A72A5_tsts4,ECECC2AB-D32F-4F90-B74C-E12A1C69BBE2,majority_vote,"{""theta"": 0.9999035028466661, ""w"": 5, ""k"": 4}",180,60,120,0.11666666666666667,0.025,7,3,60,120,2,1.1173184357541899,0,60.0,57.0,0.6888888888888889,7.0,3,0.025,3.0
098A72A5-E3E5-4F54-A152-BBDA0DF7B694,098A72A5_tsts4,ECECC2AB-D32F-4F90-B74C-E12A1C69BBE2,debounce,"{""theta"": 0.9999035028466661, ""n"": 2}",180,60,120,0.11666666666666667,0.008333333333333333,7,1,60,120,2,1.1173184357541899,0,60.0,59.0,0.7,7.0,1,0.008333333333333333,1.0
098A72A5-E3E5-4F54-A152-BBDA0DF7B694,098A72A5_tsts4,ECECC2AB-D32F-4F90-B74C-E12A1C69BBE2,margin_dual_threshold,"{""theta"": 0.9999035028466661, ""margin"": 0.05}",180,60,120,0.1,0.5,6,60,60,120,1,0.5586592178770949,0,90.0,90.0,0.36666666666666664,6.0,60,0.5,
098A72A5-E3E5-4F54-A152-BBDA0DF7B694,098A72A5_tsts4,ECECC2AB-D32F-4F90-B74C-E12A1C69BBE2,hysteresis,"{""theta"": 0.9999035028466661, ""margin"": 0.05, ""ttt_frames"": 2}",180,60,120,0.11666666666666667,0.5,7,60,60,120,1,0.5586592178770949,0,90.0,90.0,0.37222222222222223,7.0,60,0.5,
098A72A5-E3E5-4F54-A152-BBDA0DF7B694,098A72A5_tsts4,ECECC2AB-D32F-4F90-B74C-E12A1C69BBE2,trust_model,"{""theta"": 0.9999035028466661, ""gain"": 0.3, ""decay"": 0.2, ""tau_lo"": 0.4, ""tau_hi"": 0.6}",180,60,120,0.1,0.5,6,60,60,120,1,0.5586592178770949,0,90.0,90.0,0.36666666666666664,6.0,60,0.5,
098A72A5-E3E5-4F54-A152-BBDA0DF7B694,098A72A5_tsts4,ECECC2AB-D32F-4F90-B74C-E12A1C69BBE2,sprt,"{""A"": 16, ""B"": 1, ""mu_gen"": 0.995493013338051, ""sd_gen"": 0.0491565978237161, ""mu_imp"": 0.6454403754811456, ""sd_imp"": 0.3767589736694349}",180,60,120,0.1,0.05,6,6,60,120,2,1.1173184357541899,0,60.0,60.0,0.6666666666666666,6.0,6,0.05,6.0
098A72A5-E3E5-4F54-A152-BBDA0DF7B694,098A72A5_tsts5,FDAA70A1-42A3-4E3F-9AE3-3FDA412E03BF,instantaneous,"{""theta"": 0.9999035028466661}",180,60,120,1.0,0.0,60,0,60,120,0,0.0,0,180.0,180.0,1.0,,0,0.0,0.0
098A72A5-E3E5-4F54-A152-BBDA0DF7B694,098A72A5_tsts5,FDAA70A1-42A3-4E3F-9AE3-3FDA412E03BF,moving_average,"{""theta"": 0.9999035028466661, ""w"": 10}",180,60,120,0.0,0.9416666666666667,0,113,60,120,3,1.675977653631285,2,45.0,3.5,0.03888888888888889,0.0,113,0.9416666666666667,
098A72A5-E3E5-4F54-A152-BBDA0DF7B694,098A72A5_tsts5,FDAA70A1-42A3-4E3F-9AE3-3FDA412E03BF,ewma,"{""theta"": 0.9999035028466661, ""alpha"": 0.2}",180,60,120,1.0,0.0,60,0,60,120,0,0.0,0,180.0,180.0,1.0,,0,0.0,0.0
098A72A5-E3E5-4F54-A152-BBDA0DF7B694,098A72A5_tsts5,FDAA70A1-42A3-4E3F-9AE3-3FDA412E03BF,majority_vote,"{""theta"": 0.9999035028466661, ""w"": 5, ""k"": 4}",180,60,120,1.0,0.0,60,0,60,120,0,0.0,0,180.0,180.0,1.0,,0,0.0,0.0
098A72A5-E3E5-4F54-A152-BBDA0DF7B694,098A72A5_tsts5,FDAA70A1-42A3-4E3F-9AE3-3FDA412E03BF,debounce,"{""theta"": 0.9999035028466661, ""n"": 2}",180,60,120,1.0,0.0,60,0,60,120,0,0.0,0,180.0,180.0,1.0,,0,0.0,0.0
098A72A5-E3E5-4F54-A152-BBDA0DF7B694,098A72A5_tsts5,FDAA70A1-42A3-4E3F-9AE3-3FDA412E03BF,margin_dual_threshold,"{""theta"": 0.9999035028466661, ""margin"": 0.05}",180,60,120,1.0,0.0,60,0,60,120,0,0.0,0,180.0,180.0,1.0,,0,0.0,0.0
098A72A5-E3E5-4F54-A152-BBDA0DF7B694,098A72A5_tsts5,FDAA70A1-42A3-4E3F-9AE3-3FDA412E03BF,hysteresis,"{""theta"": 0.9999035028466661, ""margin"": 0.05, ""ttt_frames"": 2}",180,60,120,1.0,0.0,60,0,60,120,0,0.0,0,180.0,180.0,1.0,,0,0.0,0.0
098A72A5-E3E5-4F54-A152-BBDA0DF7B694,098A72A5_tsts5,FDAA70A1-42A3-4E3F-9AE3-3FDA412E03BF,trust_model,"{""theta"": 0.9999035028466661, ""gain"": 0.3, ""decay"": 0.2, ""tau_lo"": 0.4, ""tau_hi"": 0.6}",180,60,120,1.0,0.0,60,0,60,120,0,0.0,0,180.0,180.0,1.0,,0,0.0,0.0
098A72A5-E3E5-4F54-A152-BBDA0DF7B694,098A72A5_tsts5,FDAA70A1-42A3-4E3F-9AE3-3FDA412E03BF,sprt,"{""A"": 16, ""B"": 1, ""mu_gen"": 0.995493013338051, ""sd_gen"": 0.0491565978237161, ""mu_imp"": 0.6454403754811456, ""sd_imp"": 0.3767589736694349}",180,60,120,1.0,0.0,60,0,60,120,0,0.0,0,180.0,180.0,1.0,,0,0.0,0.0
0A986513-7828-4D53-AA1F-E02D6DF9561B,0A986513_tsts0,7D9BB102-A612-4E2A-8E22-3159752F55D8,instantaneous,"{""theta"": 1.0}",180,60,120,1.0,0.0,60,0,60,120,0,0.0,0,180.0,180.0,1.0,,0,0.0,0.0
0A986513-7828-4D53-AA1F-E02D6DF9561B,0A986513_tsts0,7D9BB102-A612-4E2A-8E22-3159752F55D8,moving_average,"{""theta"": 1.0, ""w"": 20}",180,60,120,1.0,0.0,60,0,60,120,0,0.0,0,180.0,180.0,1.0,,0,0.0,0.0
0A986513-7828-4D53-AA1F-E02D6DF9561B,0A986513_tsts0,7D9BB102-A612-4E2A-8E22-3159752F55D8,ewma,"{""theta"": 1.0, ""alpha"": 0.5}",180,60,120,1.0,0.0,60,0,60,120,0,0.0,0,180.0,180.0,1.0,,0,0.0,0.0
0A986513-7828-4D53-AA1F-E02D6DF9561B,0A986513_tsts0,7D9BB102-A612-4E2A-8E22-3159752F55D8,majority_vote,"{""theta"": 1.0, ""w"": 5, ""k"": 4}",180,60,120,1.0,0.0,60,0,60,120,0,0.0,0,180.0,180.0,1.0,,0,0.0,0.0
0A986513-7828-4D53-AA1F-E02D6DF9561B,0A986513_tsts0,7D9BB102-A612-4E2A-8E22-3159752F55D8,debounce,"{""theta"": 1.0, ""n"": 2}",180,60,120,1.0,0.0,60,0,60,120,0,0.0,0,180.0,180.0,1.0,,0,0.0,0.0
0A986513-7828-4D53-AA1F-E02D6DF9561B,0A986513_tsts0,7D9BB102-A612-4E2A-8E22-3159752F55D8,margin_dual_threshold,"{""theta"": 1.0, ""margin"": 0.05}",180,60,120,1.0,0.0,60,0,60,120,0,0.0,0,180.0,180.0,1.0,,0,0.0,0.0
0A986513-7828-4D53-AA1F-E02D6DF9561B,0A986513_tsts0,7D9BB102-A612-4E2A-8E22-3159752F55D8,hysteresis,"{""theta"": 1.0, ""margin"": 0.05, ""ttt_frames"": 2}",180,60,120,1.0,0.0,60,0,60,120,0,0.0,0,180.0,180.0,1.0,,0,0.0,0.0
0A986513-7828-4D53-AA1F-E02D6DF9561B,0A986513_tsts0,7D9BB102-A612-4E2A-8E22-3159752F55D8,trust_model,"{""theta"": 1.0, ""gain"": 0.3, ""decay"": 0.05, ""tau_lo"": 0.4, ""tau_hi"": 0.6}",180,60,120,1.0,0.0,60,0,60,120,0,0.0,0,180.0,180.0,1.0,,0,0.0,0.0
0A986513-7828-4D53-AA1F-E02D6DF9561B,0A986513_tsts0,7D9BB102-A612-4E2A-8E22-3159752F55D8,sprt,"{""A"": 16, ""B"": 1, ""mu_gen"": 1.0, ""sd_gen"": 0.001, ""mu_imp"": 0.6394182325708061, ""sd_imp"": 0.35304445138279894}",180,60,120,1.0,0.0,60,0,60,120,0,0.0,0,180.0,180.0,1.0,,0,0.0,0.0
0A986513-7828-4D53-AA1F-E02D6DF9561B,0A986513_tsts1,F50235E0-DD67-4F2A-B00B-1F31ADA998B9,instantaneous,"{""theta"": 1.0}",180,60,120,0.0,0.0,0,0,60,120,2,1.1173184357541899,0,60.0,60.0,0.6666666666666666,0.0,0,0.0,0.0
0A986513-7828-4D53-AA1F-E02D6DF9561B,0A986513_tsts1,F50235E0-DD67-4F2A-B00B-1F31ADA998B9,moving_average,"{""theta"": 1.0, ""w"": 20}",180,60,120,0.0,0.15833333333333333,0,19,60,120,2,1.1173184357541899,0,60.0,60.0,0.5611111111111111,0.0,19,0.15833333333333333,19.0
0A986513-7828-4D53-AA1F-E02D6DF9561B,0A986513_tsts1,F50235E0-DD67-4F2A-B00B-1F31ADA998B9,ewma,"{""theta"": 1.0, ""alpha"": 0.5}",180,60,120,0.0,0.44166666666666665,0,53,60,120,2,1.1173184357541899,0,60.0,60.0,0.37222222222222223,0.0,53,0.44166666666666665,53.0
0A986513-7828-4D53-AA1F-E02D6DF9561B,0A986513_tsts1,F50235E0-DD67-4F2A-B00B-1F31ADA998B9,majority_vote,"{""theta"": 1.0, ""w"": 5, ""k"": 4}",180,60,120,0.016666666666666666,0.025,1,3,60,120,2,1.1173184357541899,0,60.0,61.0,0.6555555555555556,1.0,3,0.025,3.0
0A986513-7828-4D53-AA1F-E02D6DF9561B,0A986513_tsts1,F50235E0-DD67-4F2A-B00B-1F31ADA998B9,debounce,"{""theta"": 1.0, ""n"": 2}",180,60,120,0.016666666666666666,0.008333333333333333,1,1,60,120,2,1.1173184357541899,0,60.0,60.0,0.6666666666666666,1.0,1,0.008333333333333333,1.0
0A986513-7828-4D53-AA1F-E02D6DF9561B,0A986513_tsts1,F50235E0-DD67-4F2A-B00B-1F31ADA998B9,margin_dual_threshold,"{""theta"": 1.0, ""margin"": 0.05}",180,60,120,0.0,0.5,0,60,60,120,1,0.5586592178770949,0,90.0,90.0,0.3333333333333333,0.0,60,0.5,
0A986513-7828-4D53-AA1F-E02D6DF9561B,0A986513_tsts1,F50235E0-DD67-4F2A-B00B-1F31ADA998B9,hysteresis,"{""theta"": 1.0, ""margin"": 0.05, ""ttt_frames"": 2}",180,60,120,0.016666666666666666,0.5,1,60,60,120,1,0.5586592178770949,0,90.0,90.0,0.3388888888888889,1.0,60,0.5,
0A986513-7828-4D53-AA1F-E02D6DF9561B,0A986513_tsts1,F50235E0-DD67-4F2A-B00B-1F31ADA998B9,trust_model,"{""theta"": 1.0, ""gain"": 0.3, ""decay"": 0.05, ""tau_lo"": 0.4, ""tau_hi"": 0.6}",180,60,120,0.0,0.5,0,60,60,120,1,0.5586592178770949,0,90.0,90.0,0.3333333333333333,0.0,60,0.5,
0A986513-7828-4D53-AA1F-E02D6DF9561B,0A986513_tsts1,F50235E0-DD67-4F2A-B00B-1F31ADA998B9,sprt,"{""A"": 16, ""B"": 1, ""mu_gen"": 1.0, ""sd_gen"": 0.001, ""mu_imp"": 0.6394182325708061, ""sd_imp"": 0.35304445138279894}",180,60,120,0.0,0.016666666666666666,0,2,60,120,2,1.1173184357541899,0,60.0,60.0,0.6555555555555556,0.0,2,0.016666666666666666,2.0
0A986513-7828-4D53-AA1F-E02D6DF9561B,0A986513_tsts2,33A85C34-CFE4-4732-9E73-0A7AC861B27A,instantaneous,"{""theta"": 1.0}",180,60,120,0.0,0.0,0,0,60,120,2,1.1173184357541899,0,60.0,60.0,0.6666666666666666,0.0,0,0.0,0.0
0A986513-7828-4D53-AA1F-E02D6DF9561B,0A986513_tsts2,33A85C34-CFE4-4732-9E73-0A7AC861B27A,moving_average,"{""theta"": 1.0, ""w"": 20}",180,60,120,0.0,0.15833333333333333,0,19,60,120,2,1.1173184357541899,0,60.0,60.0,0.5611111111111111,0.0,19,0.15833333333333333,19.0
0A986513-7828-4D53-AA1F-E02D6DF9561B,0A986513_tsts2,33A85C34-CFE4-4732-9E73-0A7AC861B27A,ewma,"{""theta"": 1.0, ""alpha"": 0.5}",180,60,120,0.0,0.43333333333333335,0,52,60,120,2,1.1173184357541899,0,60.0,60.0,0.37777777777777777,0.0,52,0.43333333333333335,52.0
0A986513-7828-4D53-AA1F-E02D6DF9561B,0A986513_tsts2,33A85C34-CFE4-4732-9E73-0A7AC861B27A,majority_vote,"{""theta"": 1.0, ""w"": 5, ""k"": 4}",180,60,120,0.016666666666666666,0.025,1,3,60,120,2,1.1173184357541899,0,60.0,61.0,0.6555555555555556,1.0,3,0.025,3.0
0A986513-7828-4D53-AA1F-E02D6DF9561B,0A986513_tsts2,33A85C34-CFE4-4732-9E73-0A7AC861B27A,debounce,"{""theta"": 1.0, ""n"": 2}",180,60,120,0.016666666666666666,0.008333333333333333,1,1,60,120,2,1.1173184357541899,0,60.0,60.0,0.6666666666666666,1.0,1,0.008333333333333333,1.0
0A986513-7828-4D53-AA1F-E02D6DF9561B,0A986513_tsts2,33A85C34-CFE4-4732-9E73-0A7AC861B27A,margin_dual_threshold,"{""theta"": 1.0, ""margin"": 0.05}",180,60,120,0.0,0.5,0,60,60,120,1,0.5586592178770949,0,90.0,90.0,0.3333333333333333,0.0,60,0.5,
0A986513-7828-4D53-AA1F-E02D6DF9561B,0A986513_tsts2,33A85C34-CFE4-4732-9E73-0A7AC861B27A,hysteresis,"{""theta"": 1.0, ""margin"": 0.05, ""ttt_frames"": 2}",180,60,120,0.016666666666666666,0.5,1,60,60,120,1,0.5586592178770949,0,90.0,90.0,0.3388888888888889,1.0,60,0.5,
0A986513-7828-4D53-AA1F-E02D6DF9561B,0A986513_tsts2,33A85C34-CFE4-4732-9E73-0A7AC861B27A,trust_model,"{""theta"": 1.0, ""gain"": 0.3, ""decay"": 0.05, ""tau_lo"": 0.4, ""tau_hi"": 0.6}",180,60,120,0.0,0.5,0,60,60,120,1,0.5586592178770949,0,90.0,90.0,0.3333333333333333,0.0,60,0.5,
0A986513-7828-4D53-AA1F-E02D6DF9561B,0A986513_tsts2,33A85C34-CFE4-4732-9E73-0A7AC861B27A,sprt,"{""A"": 16, ""B"": 1, ""mu_gen"": 1.0, ""sd_gen"": 0.001, ""mu_imp"": 0.6394182325708061, ""sd_imp"": 0.35304445138279894}",180,60,120,0.0,0.016666666666666666,0,2,60,120,2,1.1173184357541899,0,60.0,60.0,0.6555555555555556,0.0,2,0.016666666666666666,2.0
0A986513-7828-4D53-AA1F-E02D6DF9561B,0A986513_tsts3,33A85C34-CFE4-4732-9E73-0A7AC861B27A,instantaneous,"{""theta"": 1.0}",180,60,120,0.0,0.0,0,0,60,120,2,1.1173184357541899,0,60.0,60.0,0.6666666666666666,0.0,0,0.0,0.0
0A986513-7828-4D53-AA1F-E02D6DF9561B,0A986513_tsts3,33A85C34-CFE4-4732-9E73-0A7AC861B27A,moving_average,"{""theta"": 1.0, ""w"": 20}",180,60,120,0.0,0.15833333333333333,0,19,60,120,2,1.1173184357541899,0,60.0,60.0,0.5611111111111111,0.0,19,0.15833333333333333,19.0
0A986513-7828-4D53-AA1F-E02D6DF9561B,0A986513_tsts3,33A85C34-CFE4-4732-9E73-0A7AC861B27A,ewma,"{""theta"": 1.0, ""alpha"": 0.5}",180,60,120,0.0,0.43333333333333335,0,52,60,120,2,1.1173184357541899,0,60.0,60.0,0.37777777777777777,0.0,52,0.43333333333333335,52.0
0A986513-7828-4D53-AA1F-E02D6DF9561B,0A986513_tsts3,33A85C34-CFE4-4732-9E73-0A7AC861B27A,majority_vote,"{""theta"": 1.0, ""w"": 5, ""k"": 4}",180,60,120,0.016666666666666666,0.025,1,3,60,120,2,1.1173184357541899,0,60.0,61.0,0.6555555555555556,1.0,3,0.025,3.0
0A986513-7828-4D53-AA1F-E02D6DF9561B,0A986513_tsts3,33A85C34-CFE4-4732-9E73-0A7AC861B27A,debounce,"{""theta"": 1.0, ""n"": 2}",180,60,120,0.016666666666666666,0.008333333333333333,1,1,60,120,2,1.1173184357541899,0,60.0,60.0,0.6666666666666666,1.0,1,0.008333333333333333,1.0
0A986513-7828-4D53-AA1F-E02D6DF9561B,0A986513_tsts3,33A85C34-CFE4-4732-9E73-0A7AC861B27A,margin_dual_threshold,"{""theta"": 1.0, ""margin"": 0.05}",180,60,120,0.0,0.5,0,60,60,120,1,0.5586592178770949,0,90.0,90.0,0.3333333333333333,0.0,60,0.5,
0A986513-7828-4D53-AA1F-E02D6DF9561B,0A986513_tsts3,33A85C34-CFE4-4732-9E73-0A7AC861B27A,hysteresis,"{""theta"": 1.0, ""margin"": 0.05, ""ttt_frames"": 2}",180,60,120,0.016666666666666666,0.5,1,60,60,120,1,0.5586592178770949,0,90.0,90.0,0.3388888888888889,1.0,60,0.5,
0A986513-7828-4D53-AA1F-E02D6DF9561B,0A986513_tsts3,33A85C34-CFE4-4732-9E73-0A7AC861B27A,trust_model,"{""theta"": 1.0, ""gain"": 0.3, ""decay"": 0.05, ""tau_lo"": 0.4, ""tau_hi"": 0.6}",180,60,120,0.0,0.5,0,60,60,120,1,0.5586592178770949,0,90.0,90.0,0.3333333333333333,0.0,60,0.5,
0A986513-7828-4D53-AA1F-E02D6DF9561B,0A986513_tsts3,33A85C34-CFE4-4732-9E73-0A7AC861B27A,sprt,"{""A"": 16, ""B"": 1, ""mu_gen"": 1.0, ""sd_gen"": 0.001, ""mu_imp"": 0.6394182325708061, ""sd_imp"": 0.35304445138279894}",180,60,120,0.0,0.016666666666666666,0,2,60,120,2,1.1173184357541899,0,60.0,60.0,0.6555555555555556,0.0,2,0.016666666666666666,2.0
0A986513-7828-4D53-AA1F-E02D6DF9561B,0A986513_tsts4,11B5EC4D-4133-4289-B475-4E737182A406,instantaneous,"{""theta"": 1.0}",180,60,120,1.0,0.0,60,0,60,120,0,0.0,0,180.0,180.0,1.0,,0,0.0,0.0
0A986513-7828-4D53-AA1F-E02D6DF9561B,0A986513_tsts4,11B5EC4D-4133-4289-B475-4E737182A406,moving_average,"{""theta"": 1.0, ""w"": 20}",180,60,120,1.0,0.0,60,0,60,120,0,0.0,0,180.0,180.0,1.0,,0,0.0,0.0
0A986513-7828-4D53-AA1F-E02D6DF9561B,0A986513_tsts4,11B5EC4D-4133-4289-B475-4E737182A406,ewma,"{""theta"": 1.0, ""alpha"": 0.5}",180,60,120,1.0,0.0,60,0,60,120,0,0.0,0,180.0,180.0,1.0,,0,0.0,0.0
0A986513-7828-4D53-AA1F-E02D6DF9561B,0A986513_tsts4,11B5EC4D-4133-4289-B475-4E737182A406,majority_vote,"{""theta"": 1.0, ""w"": 5, ""k"": 4}",180,60,120,1.0,0.0,60,0,60,120,0,0.0,0,180.0,180.0,1.0,,0,0.0,0.0
0A986513-7828-4D53-AA1F-E02D6DF9561B,0A986513_tsts4,11B5EC4D-4133-4289-B475-4E737182A406,debounce,"{""theta"": 1.0, ""n"": 2}",180,60,120,1.0,0.0,60,0,60,120,0,0.0,0,180.0,180.0,1.0,,0,0.0,0.0
0A986513-7828-4D53-AA1F-E02D6DF9561B,0A986513_tsts4,11B5EC4D-4133-4289-B475-4E737182A406,margin_dual_threshold,"{""theta"": 1.0, ""margin"": 0.05}",180,60,120,1.0,0.0,60,0,60,120,0,0.0,0,180.0,180.0,1.0,,0,0.0,0.0
0A986513-7828-4D53-AA1F-E02D6DF9561B,0A986513_tsts4,11B5EC4D-4133-4289-B475-4E737182A406,hysteresis,"{""theta"": 1.0, ""margin"": 0.05, ""ttt_frames"": 2}",180,60,120,1.0,0.0,60,0,60,120,0,0.0,0,180.0,180.0,1.0,,0,0.0,0.0
0A986513-7828-4D53-AA1F-E02D6DF9561B,0A986513_tsts4,11B5EC4D-4133-4289-B475-4E737182A406,trust_model,"{""theta"": 1.0, ""gain"": 0.3, ""decay"": 0.05, ""tau_lo"": 0.4, ""tau_hi"": 0.6}",180,60,120,1.0,0.0,60,0,60,120,0,0.0,0,180.0,180.0,1.0,,0,0.0,0.0
0A986513-7828-4D53-AA1F-E02D6DF9561B,0A986513_tsts4,11B5EC4D-4133-4289-B475-4E737182A406,sprt,"{""A"": 16, ""B"": 1, ""mu_gen"": 1.0, ""sd_gen"": 0.001, ""mu_imp"": 0.6394182325708061, ""sd_imp"": 0.35304445138279894}",180,60,120,1.0,0.0,60,0,60,120,0,0.0,0,180.0,180.0,1.0,,0,0.0,0.0
0A986513-7828-4D53-AA1F-E02D6DF9561B,0A986513_tsts5,A7599A50-24AE-46A6-8EA6-2576F1011D81,instantaneous,"{""theta"": 1.0}",180,60,120,0.0,0.008333333333333333,0,1,60,120,4,2.2346368715083798,2,36.0,56.0,0.6611111111111111,0.0,1,0.008333333333333333,0.0
0A986513-7828-4D53-AA1F-E02D6DF9561B,0A986513_tsts5,A7599A50-24AE-46A6-8EA6-2576F1011D81,moving_average,"{""theta"": 1.0, ""w"": 20}",180,60,120,0.0,0.19166666666666668,0,23,60,120,3,1.675977653631285,0,45.0,48.5,0.5388888888888889,0.0,23,0.19166666666666668,19.0
0A986513-7828-4D53-AA1F-E02D6DF9561B,0A986513_tsts5,A7599A50-24AE-46A6-8EA6-2576F1011D81,ewma,"{""theta"": 1.0, ""alpha"": 0.5}",180,60,120,0.0,0.4666666666666667,0,56,60,120,3,1.675977653631285,0,45.0,32.0,0.35555555555555557,0.0,56,0.4666666666666667,52.0
0A986513-7828-4D53-AA1F-E02D6DF9561B,0A986513_tsts5,A7599A50-24AE-46A6-8EA6-2576F1011D81,majority_vote,"{""theta"": 1.0, ""w"": 5, ""k"": 4}",180,60,120,0.016666666666666666,0.025,1,3,60,120,2,1.1173184357541899,0,60.0,61.0,0.6555555555555556,1.0,3,0.025,3.0
0A986513-7828-4D53-AA1F-E02D6DF9561B,0A986513_tsts5,A7599A50-24AE-46A6-8EA6-2576F1011D81,debounce,"{""theta"": 1.0, ""n"": 2}",180,60,120,0.016666666666666666,0.008333333333333333,1,1,60,120,2,1.1173184357541899,0,60.0,60.0,0.6666666666666666,1.0,1,0.008333333333333333,1.0
0A986513-7828-4D53-AA1F-E02D6DF9561B,0A986513_tsts5,A7599A50-24AE-46A6-8EA6-2576F1011D81,margin_dual_threshold,"{""theta"": 1.0, ""margin"": 0.05}",180,60,120,0.0,0.5,0,60,60,120,1,0.5586592178770949,0,90.0,90.0,0.3333333333333333,0.0,60,0.5,
0A986513-7828-4D53-AA1F-E02D6DF9561B,0A986513_tsts5,A7599A50-24AE-46A6-8EA6-2576F1011D81,hysteresis,"{""theta"": 1.0, ""margin"": 0.05, ""ttt_frames"": 2}",180,60,120,0.016666666666666666,0.5,1,60,60,120,1,0.5586592178770949,0,90.0,90.0,0.3388888888888889,1.0,60,0.5,
0A986513-7828-4D53-AA1F-E02D6DF9561B,0A986513_tsts5,A7599A50-24AE-46A6-8EA6-2576F1011D81,trust_model,"{""theta"": 1.0, ""gain"": 0.3, ""decay"": 0.05, ""tau_lo"": 0.4, ""tau_hi"": 0.6}",180,60,120,0.0,0.5,0,60,60,120,1,0.5586592178770949,0,90.0,90.0,0.3333333333333333,0.0,60,0.5,
0A986513-7828-4D53-AA1F-E02D6DF9561B,0A986513_tsts5,A7599A50-24AE-46A6-8EA6-2576F1011D81,sprt,"{""A"": 16, ""B"": 1, ""mu_gen"": 1.0, ""sd_gen"": 0.001, ""mu_imp"": 0.6394182325708061, ""sd_imp"": 0.35304445138279894}",180,60,120,0.0,0.041666666666666664,0,5,60,120,4,2.2346368715083798,2,36.0,54.0,0.6388888888888888,0.0,5,0.041666666666666664,2.0
136562B6-95B2-483D-88DC-065F28409FD2,136562B6_tsts0,24E40C4C-A349-4F9F-93AB-01D00FB994AF,instantaneous,"{""theta"": 0.9921725287597993}",180,60,120,0.016666666666666666,0.975,1,117,60,120,8,4.4692737430167595,8,20.0,2.0,0.022222222222222223,1.0,117,0.975,
136562B6-95B2-483D-88DC-065F28409FD2,136562B6_tsts0,24E40C4C-A349-4F9F-93AB-01D00FB994AF,moving_average,"{""theta"": 0.9921725287597993, ""w"": 3}",180,60,120,0.05,0.925,3,111,60,120,6,3.35195530726257,4,25.714285714285715,12.0,0.06666666666666667,3.0,111,0.925,13.0
136562B6-95B2-483D-88DC-065F28409FD2,136562B6_tsts0,24E40C4C-A349-4F9F-93AB-01D00FB994AF,ewma,"{""theta"": 0.9921725287597993, ""alpha"": 0.3}",180,60,120,0.016666666666666666,0.975,1,117,60,120,8,4.4692737430167595,8,20.0,2.0,0.022222222222222223,1.0,117,0.975,
136562B6-95B2-483D-88DC-065F28409FD2,136562B6_tsts0,24E40C4C-A349-4F9F-93AB-01D00FB994AF,majority_vote,"{""theta"": 0.9921725287597993, ""w"": 3, ""k"": 2}",180,60,120,0.0,1.0,0,120,60,120,0,0.0,0,180.0,180.0,0.0,0.0,120,1.0,
136562B6-95B2-483D-88DC-065F28409FD2,136562B6_tsts0,24E40C4C-A349-4F9F-93AB-01D00FB994AF,debounce,"{""theta"": 0.9921725287597993, ""n"": 3}",180,60,120,0.0,0.9833333333333333,0,118,60,120,1,0.5586592178770949,0,90.0,90.0,0.011111111111111112,0.0,118,0.9833333333333333,
136562B6-95B2-483D-88DC-065F28409FD2,136562B6_tsts0,24E40C4C-A349-4F9F-93AB-01D00FB994AF,margin_dual_threshold,"{""theta"": 0.9910191331511129, ""margin"": 0.05}",180,60,120,1.0,0.0,60,0,60,120,0,0.0,0,180.0,180.0,1.0,,0,0.0,0.0
136562B6-95B2-483D-88DC-065F28409FD2,136562B6_tsts0,24E40C4C-A349-4F9F-93AB-01D00FB994AF,hysteresis,"{""theta"": 0.9910191331511129, ""margin"": 0.05, ""ttt_frames"": 2}",180,60,120,1.0,0.0,60,0,60,120,0,0.0,0,180.0,180.0,1.0,,0,0.0,0.0
136562B6-95B2-483D-88DC-065F28409FD2,136562B6_tsts0,24E40C4C-A349-4F9F-93AB-01D00FB994AF,trust_model,"{""theta"": 1.0, ""gain"": 0.6, ""decay"": 0.05, ""tau_lo"": 0.4, ""tau_hi"": 0.6}",180,60,120,0.43333333333333335,0.5,26,60,60,120,1,0.5586592178770949,0,90.0,90.0,0.4777777777777778,26.0,60,0.5,
136562B6-95B2-483D-88DC-065F28409FD2,136562B6_tsts0,24E40C4C-A349-4F9F-93AB-01D00FB994AF,sprt,"{""A"": 16, ""B"": 1, ""mu_gen"": 0.9910797377326566, ""sd_gen"": 0.001, ""mu_imp"": 0.6990167008330079, ""sd_imp"": 0.35130695201736056}",180,60,120,0.95,0.05,57,6,60,120,6,3.35195530726257,6,25.714285714285715,12.0,0.95,0.0,6,0.05,0.0
136562B6-95B2-483D-88DC-065F28409FD2,136562B6_tsts1,78A91A4E-4A51-4065-BDA7-94755F0BB3BB,instantaneous,"{""theta"": 0.9921725287597993}",180,60,120,0.0,0.9916666666666667,0,119,60,120,2,1.1173184357541899,2,60.0,31.0,0.005555555555555556,0.0,119,0.9916666666666667,
136562B6-95B2-483D-88DC-065F28409FD2,136562B6_tsts1,78A91A4E-4A51-4065-BDA7-94755F0BB3BB,moving_average,"{""theta"": 0.9921725287597993, ""w"": 3}",180,60,120,0.0,0.975,0,117,60,120,2,1.1173184357541899,2,60.0,31.0,0.016666666666666666,0.0,117,0.975,
136562B6-95B2-483D-88DC-065F28409FD2,136562B6_tsts1,78A91A4E-4A51-4065-BDA7-94755F0BB3BB,ewma,"{""theta"": 0.9921725287597993, ""alpha"": 0.3}",180,60,120,0.0,0.9916666666666667,0,119,60,120,2,1.1173184357541899,2,60.0,31.0,0.005555555555555556,0.0,119,0.9916666666666667,
136562B6-95B2-483D-88DC-065F28409FD2,136562B6_tsts1,78A91A4E-4A51-4065-BDA7-94755F0BB3BB,majority_vote,"{""theta"": 0.9921725287597993, ""w"": 3, ""k"": 2}",180,60,120,0.0,1.0,0,120,60,120,0,0.0,0,180.0,180.0,0.0,0.0,120,1.0,
136562B6-95B2-483D-88DC-065F28409FD2,136562B6_tsts1,78A91A4E-4A51-4065-BDA7-94755F0BB3BB,debounce,"{""theta"": 0.9921725287597993, ""n"": 3}",180,60,120,0.0,0.9833333333333333,0,118,60,120,1,0.5586592178770949,0,90.0,90.0,0.011111111111111112,0.0,118,0.9833333333333333,
136562B6-95B2-483D-88DC-065F28409FD2,136562B6_tsts1,78A91A4E-4A51-4065-BDA7-94755F0BB3BB,margin_dual_threshold,"{""theta"": 0.9910191331511129, ""margin"": 0.05}",180,60,120,0.11666666666666667,0.5,7,60,60,120,1,0.5586592178770949,0,90.0,90.0,0.37222222222222223,7.0,60,0.5,
136562B6-95B2-483D-88DC-065F28409FD2,136562B6_tsts1,78A91A4E-4A51-4065-BDA7-94755F0BB3BB,hysteresis,"{""theta"": 0.9910191331511129, ""margin"": 0.05, ""ttt_frames"": 2}",180,60,120,1.0,0.0,60,0,60,120,0,0.0,0,180.0,180.0,1.0,,0,0.0,0.0
136562B6-95B2-483D-88DC-065F28409FD2,136562B6_tsts1,78A91A4E-4A51-4065-BDA7-94755F0BB3BB,trust_model,"{""theta"": 1.0, ""gain"": 0.6, ""decay"": 0.05, ""tau_lo"": 0.4, ""tau_hi"": 0.6}",180,60,120,0.11666666666666667,0.5,7,60,60,120,1,0.5586592178770949,0,90.0,90.0,0.37222222222222223,7.0,60,0.5,
136562B6-95B2-483D-88DC-065F28409FD2,136562B6_tsts1,78A91A4E-4A51-4065-BDA7-94755F0BB3BB,sprt,"{""A"": 16, ""B"": 1, ""mu_gen"": 0.9910797377326566, ""sd_gen"": 0.001, ""mu_imp"": 0.6990167008330079, ""sd_imp"": 0.35130695201736056}",180,60,120,0.85,0.0,51,0,60,120,6,3.35195530726257,6,25.714285714285715,5.0,0.95,7.0,0,0.0,0.0
136562B6-95B2-483D-88DC-065F28409FD2,136562B6_tsts2,665514DE-49DC-421F-8DCB-145D0B2609AD,instantaneous,"{""theta"": 0.9921725287597993}",180,60,120,0.0,0.9083333333333333,0,109,60,120,4,2.2346368715083798,2,36.0,20.0,0.06111111111111111,0.0,109,0.9083333333333333,5.0
136562B6-95B2-483D-88DC-065F28409FD2,136562B6_tsts2,665514DE-49DC-421F-8DCB-145D0B2609AD,moving_average,"{""theta"": 0.9921725287597993, ""w"": 3}",180,60,120,0.0,0.875,0,105,60,120,4,2.2346368715083798,2,36.0,18.0,0.08333333333333333,0.0,105,0.875,5.0
136562B6-95B2-483D-88DC-065F28409FD2,136562B6_tsts2,665514DE-49DC-421F-8DCB-145D0B2609AD,ewma,"{""theta"": 0.9921725287597993, ""alpha"": 0.3}",180,60,120,0.0,0.9333333333333333,0,112,60,120,4,2.2346368715083798,2,36.0,20.0,0.044444444444444446,0.0,112,0.9333333333333333,12.0
136562B6-95B2-483D-88DC-065F28409FD2,136562B6_tsts2,665514DE-49DC-421F-8DCB-145D0B2609AD,majority_vote,"{""theta"": 0.9921725287597993, ""w"": 3, ""k"": 2}",180,60,120,0.0,0.9166666666666666,0,110,60,120,2,1.1173184357541899,0,60.0,44.0,0.05555555555555555,0.0,110,0.9166666666666666,6.0
136562B6-95B2-483D-88DC-065F28409FD2,136562B6_tsts2,665514DE-49DC-421F-8DCB-145D0B2609AD,debounce,"{""theta"": 0.9921725287597993, ""n"": 3}",180,60,120,0.0,0.9,0,108,60,120,3,1.675977653631285,0,45.0,26.5,0.06666666666666667,0.0,108,0.9,7.0
136562B6-95B2-483D-88DC-065F28409FD2,136562B6_tsts2,665514DE-49DC-421F-8DCB-145D0B2609AD,margin_dual_threshold,"{""theta"": 0.9910191331511129, ""margin"": 0.05}",180,60,120,0.0,0.5,0,60,60,120,1,0.5586592178770949,0,90.0,90.0,0.3333333333333333,0.0,60,0.5,
136562B6-95B2-483D-88DC-065F28409FD2,136562B6_tsts2,665514DE-49DC-421F-8DCB-145D0B2609AD,hysteresis,"{""theta"": 0.9910191331511129, ""margin"": 0.05, ""ttt_frames"": 2}",180,60,120,0.016666666666666666,0.5,1,60,60,120,1,0.5586592178770949,0,90.0,90.0,0.3388888888888889,1.0,60,0.5,
136562B6-95B2-483D-88DC-065F28409FD2,136562B6_tsts2,665514DE-49DC-421F-8DCB-145D0B2609AD,trust_model,"{""theta"": 1.0, ""gain"": 0.6, ""decay"": 0.05, ""tau_lo"": 0.4, ""tau_hi"": 0.6}",180,60,120,0.0,0.5,0,60,60,120,1,0.5586592178770949,0,90.0,90.0,0.3333333333333333,0.0,60,0.5,
136562B6-95B2-483D-88DC-065F28409FD2,136562B6_tsts2,665514DE-49DC-421F-8DCB-145D0B2609AD,sprt,"{""A"": 16, ""B"": 1, ""mu_gen"": 0.9910797377326566, ""sd_gen"": 0.001, ""mu_imp"": 0.6990167008330079, ""sd_imp"": 0.35130695201736056}",180,60,120,0.0,0.14166666666666666,0,17,60,120,6,3.35195530726257,4,25.714285714285715,18.0,0.5722222222222222,0.0,17,0.14166666666666666,2.0
136562B6-95B2-483D-88DC-065F28409FD2,136562B6_tsts3,481F4DD2-7689-43B9-A2AA-C8772227162B,instantaneous,"{""theta"": 0.9921725287597993}",180,60,120,0.0,0.95,0,114,60,120,8,4.4692737430167595,8,20.0,3.0,0.03333333333333333,0.0,114,0.95,50.0
136562B6-95B2-483D-88DC-065F28409FD2,136562B6_tsts3,481F4DD2-7689-43B9-A2AA-C8772227162B,moving_average,"{""theta"": 0.9921725287597993, ""w"": 3}",180,60,120,0.0,0.8833333333333333,0,106,60,120,6,3.35195530726257,3,25.714285714285715,5.0,0.07777777777777778,0.0,106,0.8833333333333333,7.0
136562B6-95B2-483D-88DC-065F28409FD2,136562B6_tsts3,481F4DD2-7689-43B9-A2AA-C8772227162B,ewma,"{""theta"": 0.9921725287597993, ""alpha"": 0.3}",180,60,120,0.0,0.95,0,114,60,120,4,2.2346368715083798,3,36.0,5.0,0.03333333333333333,0.0,114,0.95,50.0
136562B6-95B2-483D-88DC-065F28409FD2,136562B6_tsts3,481F4DD2-7689-43B9-A2AA-C8772227162B,majority_vote,"{""theta"": 0.9921725287597993, ""w"": 3, ""k"": 2}",180,60,120,0.0,0.975,0,117,60,120,2,1.1173184357541899,2,60.0,6.0,0.016666666666666666,0.0,117,0.975,51.0
136562B6-95B2-483D-88DC-065F28409FD2,136562B6_tsts3,481F4DD2-7689-43B9-A2AA-C8772227162B,debounce,"{""theta"": 0.9921725287597993, ""n"": 3}",180,60,120,0.0,0.9583333333333334,0,115,60,120,3,1.675977653631285,2,45.0,4.0,0.027777777777777776,0.0,115,0.9583333333333334,52.0
136562B6-95B2-483D-88DC-065F28409FD2,136562B6_tsts3,481F4DD2-7689-43B9-A2AA-C8772227162B,margin_dual_threshold,"{""theta"": 0.9910191331511129, ""margin"": 0.05}",180,60,120,0.0,0.5,0,60,60,120,1,0.5586592178770949,0,90.0,90.0,0.3333333333333333,0.0,60,0.5,
136562B6-95B2-483D-88DC-065F28409FD2,136562B6_tsts3,481F4DD2-7689-43B9-A2AA-C8772227162B,hysteresis,"{""theta"": 0.9910191331511129, ""margin"": 0.05, ""ttt_frames"": 2}",180,60,120,0.016666666666666666,0.5,1,60,60,120,1,0.5586592178770949,0,90.0,90.0,0.3388888888888889,1.0,60,0.5,
136562B6-95B2-483D-88DC-065F28409FD2,136562B6_tsts3,481F4DD2-7689-43B9-A2AA-C8772227162B,trust_model,"{""theta"": 1.0, ""gain"": 0.6, ""decay"": 0.05, ""tau_lo"": 0.4, ""tau_hi"": 0.6}",180,60,120,0.0,0.5,0,60,60,120,1,0.5586592178770949,0,90.0,90.0,0.3333333333333333,0.0,60,0.5,
136562B6-95B2-483D-88DC-065F28409FD2,136562B6_tsts3,481F4DD2-7689-43B9-A2AA-C8772227162B,sprt,"{""A"": 16, ""B"": 1, ""mu_gen"": 0.9910797377326566, ""sd_gen"": 0.001, ""mu_imp"": 0.6990167008330079, ""sd_imp"": 0.35130695201736056}",180,60,120,0.0,0.041666666666666664,0,5,60,120,4,2.2346368715083798,2,36.0,47.0,0.6388888888888888,0.0,5,0.041666666666666664,2.0
136562B6-95B2-483D-88DC-065F28409FD2,136562B6_tsts4,ECECC2AB-D32F-4F90-B74C-E12A1C69BBE2,instantaneous,"{""theta"": 0.9921725287597993}",180,60,120,1.0,0.975,60,117,60,120,4,2.2346368715083798,2,36.0,49.0,0.35,,117,0.975,
136562B6-95B2-483D-88DC-065F28409FD2,136562B6_tsts4,ECECC2AB-D32F-4F90-B74C-E12A1C69BBE2,moving_average,"{""theta"": 0.9921725287597993, ""w"": 3}",180,60,120,1.0,0.9416666666666667,60,113,60,120,4,2.2346368715083798,0,36.0,49.0,0.37222222222222223,,113,0.9416666666666667,
136562B6-95B2-483D-88DC-065F28409FD2,136562B6_tsts4,ECECC2AB-D32F-4F90-B74C-E12A1C69BBE2,ewma,"{""theta"": 0.9921725287597993, ""alpha"": 0.3}",180,60,120,1.0,0.9,60,108,60,120,4,2.2346368715083798,0,36.0,49.0,0.4,,108,0.9,0.0
136562B6-95B2-483D-88DC-065F28409FD2,136562B6_tsts4,ECECC2AB-D32F-4F90-B74C-E12A1C69BBE2,majority_vote,"{""theta"": 0.9921725287597993, ""w"": 3, ""k"": 2}",180,60,120,0.9833333333333333,0.9666666666666667,59,116,60,120,4,2.2346368715083798,2,36.0,50.0,0.35,,116,0.9666666666666667,
136562B6-95B2-483D-88DC-065F28409FD2,136562B6_tsts4,ECECC2AB-D32F-4F90-B74C-E12A1C69BBE2,debounce,"{""theta"": 0.9921725287597993, ""n"": 3}",180,60,120,0.9666666666666667,0.9416666666666667,58,113,60,120,5,2.793296089385475,2,30.0,28.5,0.3611111111111111,,113,0.9416666666666667,
136562B6-95B2-483D-88DC-065F28409FD2,136562B6_tsts4,ECECC2AB-D32F-4F90-B74C-E12A1C69BBE2,margin_dual_threshold,"{""theta"": 0.9910191331511129, ""margin"": 0.05}",180,60,120,1.0,0.0,60,0,60,120,0,0.0,0,180.0,180.0,1.0,,0,0.0,0.0
136562B6-95B2-483D-88DC-065F28409FD2,136562B6_tsts4,ECECC2AB-D32F-4F90-B74C-E12A1C69BBE2,hysteresis,"{""theta"": 0.9910191331511129, ""margin"": 0.05, ""ttt_frames"": 2}",180,60,120,1.0,0.0,60,0,60,120,0,0.0,0,180.0,180.0,1.0,,0,0.0,0.0
136562B6-95B2-483D-88DC-065F28409FD2,136562B6_tsts4,ECECC2AB-D32F-4F90-B74C-E12A1C69BBE2,trust_model,"{""theta"": 1.0, ""gain"": 0.6, ""decay"": 0.05, ""tau_lo"": 0.4, ""tau_hi"": 0.6}",180,60,120,1.0,0.08333333333333333,60,10,60,120,1,0.5586592178770949,0,90.0,90.0,0.9444444444444444,,10,0.08333333333333333,0.0
136562B6-95B2-483D-88DC-065F28409FD2,136562B6_tsts4,ECECC2AB-D32F-4F90-B74C-E12A1C69BBE2,sprt,"{""A"": 16, ""B"": 1, ""mu_gen"": 0.9910797377326566, ""sd_gen"": 0.001, ""mu_imp"": 0.6990167008330079, ""sd_imp"": 0.35130695201736056}",180,60,120,0.0,0.058333333333333334,0,7,60,120,4,2.2346368715083798,0,36.0,49.0,0.6277777777777778,0.0,7,0.058333333333333334,2.0
136562B6-95B2-483D-88DC-065F28409FD2,136562B6_tsts5,F50235E0-DD67-4F2A-B00B-1F31ADA998B9,instantaneous,"{""theta"": 0.9921725287597993}",180,60,120,0.0,1.0,0,120,60,120,0,0.0,0,180.0,180.0,0.0,0.0,120,1.0,
136562B6-95B2-483D-88DC-065F28409FD2,136562B6_tsts5,F50235E0-DD67-4F2A-B00B-1F31ADA998B9,moving_average,"{""theta"": 0.9921725287597993, ""w"": 3}",180,60,120,0.0,1.0,0,120,60,120,0,0.0,0,180.0,180.0,0.0,0.0,120,1.0,
136562B6-95B2-483D-88DC-065F28409FD2,136562B6_tsts5,F50235E0-DD67-4F2A-B00B-1F31ADA998B9,ewma,"{""theta"": 0.9921725287597993, ""alpha"": 0.3}",180,60,120,0.0,1.0,0,120,60,120,0,0.0,0,180.0,180.0,0.0,0.0,120,1.0,
136562B6-95B2-483D-88DC-065F28409FD2,136562B6_tsts5,F50235E0-DD67-4F2A-B00B-1F31ADA998B9,majority_vote,"{""theta"": 0.9921725287597993, ""w"": 3, ""k"": 2}",180,60,120,0.0,1.0,0,120,60,120,0,0.0,0,180.0,180.0,0.0,0.0,120,1.0,
136562B6-95B2-483D-88DC-065F28409FD2,136562B6_tsts5,F50235E0-DD67-4F2A-B00B-1F31ADA998B9,debounce,"{""theta"": 0.9921725287597993, ""n"": 3}",180,60,120,0.0,0.9833333333333333,0,118,60,120,1,0.5586592178770949,0,90.0,90.0,0.011111111111111112,0.0,118,0.9833333333333333,
136562B6-95B2-483D-88DC-065F28409FD2,136562B6_tsts5,F50235E0-DD67-4F2A-B00B-1F31ADA998B9,margin_dual_threshold,"{""theta"": 0.9910191331511129, ""margin"": 0.05}",180,60,120,0.0,0.5,0,60,60,120,1,0.5586592178770949,0,90.0,90.0,0.3333333333333333,0.0,60,0.5,
136562B6-95B2-483D-88DC-065F28409FD2,136562B6_tsts5,F50235E0-DD67-4F2A-B00B-1F31ADA998B9,hysteresis,"{""theta"": 0.9910191331511129, ""margin"": 0.05, ""ttt_frames"": 2}",180,60,120,0.016666666666666666,0.5,1,60,60,120,1,0.5586592178770949,0,90.0,90.0,0.3388888888888889,1.0,60,0.5,
136562B6-95B2-483D-88DC-065F28409FD2,136562B6_tsts5,F50235E0-DD67-4F2A-B00B-1F31ADA998B9,trust_model,"{""theta"": 1.0, ""gain"": 0.6, ""decay"": 0.05, ""tau_lo"": 0.4, ""tau_hi"": 0.6}",180,60,120,0.0,0.5,0,60,60,120,1,0.5586592178770949,0,90.0,90.0,0.3333333333333333,0.0,60,0.5,
136562B6-95B2-483D-88DC-065F28409FD2,136562B6_tsts5,F50235E0-DD67-4F2A-B00B-1F31ADA998B9,sprt,"{""A"": 16, ""B"": 1, ""mu_gen"": 0.9910797377326566, ""sd_gen"": 0.001, ""mu_imp"": 0.6990167008330079, ""sd_imp"": 0.35130695201736056}",180,60,120,0.0,0.016666666666666666,0,2,60,120,2,1.1173184357541899,0,60.0,60.0,0.6555555555555556,0.0,2,0.016666666666666666,2.0
1538C99F-BA1E-4EFB-A949-6C7C47701B20,1538C99F_tsts0,00EABED2-271D-49D8-B599-1D4A09240601,instantaneous,"{""theta"": 0.9958292919495635}",180,60,120,0.9666666666666667,0.0,58,0,60,120,2,1.1173184357541899,2,60.0,64.0,0.9888888888888889,,0,0.0,0.0
1538C99F-BA1E-4EFB-A949-6C7C47701B20,1538C99F_tsts0,00EABED2-271D-49D8-B599-1D4A09240601,moving_average,"{""theta"": 0.9958292919495635, ""w"": 20}",180,60,120,0.0,0.875,0,105,60,120,3,1.675977653631285,2,45.0,7.5,0.08333333333333333,0.0,105,0.875,
1538C99F-BA1E-4EFB-A949-6C7C47701B20,1538C99F_tsts0,00EABED2-271D-49D8-B599-1D4A09240601,ewma,"{""theta"": 0.9958292919495635, ""alpha"": 0.1}",180,60,120,0.06666666666666667,0.5,4,60,60,120,1,0.5586592178770949,0,90.0,90.0,0.35555555555555557,4.0,60,0.5,
1538C99F-BA1E-4EFB-A949-6C7C47701B20,1538C99F_tsts0,00EABED2-271D-49D8-B599-1D4A09240601,majority_vote,"{""theta"": 0.9958292919495635, ""w"": 5, ""k"": 4}",180,60,120,0.9333333333333333,0.0,56,0,60,120,2,1.1173184357541899,0,60.0,65.0,0.9777777777777777,5.0,0,0.0,0.0
1538C99F-BA1E-4EFB-A949-6C7C47701B20,1538C99F_tsts0,00EABED2-271D-49D8-B599-1D4A09240601,debounce,"{""theta"": 0.9958292919495635, ""n"": 2}",180,60,120,0.9666666666666667,0.0,58,0,60,120,2,1.1173184357541899,2,60.0,65.0,0.9888888888888889,,0,0.0,0.0
1538C99F-BA1E-4EFB-A949-6C7C47701B20,1538C99F_tsts0,00EABED2-271D-49D8-B599-1D4A09240601,margin_dual_threshold,"{""theta"": 0.9958292919495635, ""margin"": 0.05}",180,60,120,0.06666666666666667,0.5,4,60,60,120,1,0.5586592178770949,0,90.0,90.0,0.35555555555555557,4.0,60,0.5,
1538C99F-BA1E-4EFB-A949-6C7C47701B20,1538C99F_tsts0,00EABED2-271D-49D8-B599-1D4A09240601,hysteresis,"{""theta"": 0.9958292919495635, ""margin"": 0.05, ""ttt_frames"": 2}",180,60,120,0.08333333333333333,0.5,5,60,60,120,1,0.5586592178770949,0,90.0,90.0,0.3611111111111111,5.0,60,0.5,
1538C99F-BA1E-4EFB-A949-6C7C47701B20,1538C99F_tsts0,00EABED2-271D-49D8-B599-1D4A09240601,trust_model,"{""theta"": 0.9958292919495635, ""gain"": 0.3, ""decay"": 0.05, ""tau_lo"": 0.4, ""tau_hi"": 0.6}",180,60,120,0.06666666666666667,0.5,4,60,60,120,1,0.5586592178770949,0,90.0,90.0,0.35555555555555557,4.0,60,0.5,
1538C99F-BA1E-4EFB-A949-6C7C47701B20,1538C99F_tsts0,00EABED2-271D-49D8-B599-1D4A09240601,sprt,"{""A"": 16, ""B"": 1, ""mu_gen"": 0.9933647214139455, ""sd_gen"": 0.03679536487228122, ""mu_imp"": 0.6731273574738657, ""sd_imp"": 0.3813823609493289}",180,60,120,0.8833333333333333,0.0,53,0,60,120,2,1.1173184357541899,0,60.0,64.0,0.9611111111111111,4.0,0,0.0,0.0
1538C99F-BA1E-4EFB-A949-6C7C47701B20,1538C99F_tsts1,33A85C34-CFE4-4732-9E73-0A7AC861B27A,instantaneous,"{""theta"": 0.9958292919495635}",180,60,120,0.0,0.0,0,0,60,120,2,1.1173184357541899,0,60.0,60.0,0.6666666666666666,0.0,0,0.0,0.0
1538C99F-BA1E-4EFB-A949-6C7C47701B20,1538C99F_tsts1,33A85C34-CFE4-4732-9E73-0A7AC861B27A,moving_average,"{""theta"": 0.9958292919495635, ""w"": 20}",180,60,120,0.0,0.875,0,105,60,120,3,1.675977653631285,2,45.0,7.5,0.08333333333333333,0.0,105,0.875,
1538C99F-BA1E-4EFB-A949-6C7C47701B20,1538C99F_tsts1,33A85C34-CFE4-4732-9E73-0A7AC861B27A,ewma,"{""theta"": 0.9958292919495635, ""alpha"": 0.1}",180,60,120,0.0,0.5,0,60,60,120,1,0.5586592178770949,0,90.0,90.0,0.3333333333333333,0.0,60,0.5,
1538C99F-BA1E-4EFB-A949-6C7C47701B20,1538C99F_tsts1,33A85C34-CFE4-4732-9E73-0A7AC861B27A,majority_vote,"{""theta"": 0.9958292919495635, ""w"": 5, ""k"": 4}",180,60,120,0.016666666666666666,0.025,1,3,60,120,2,1.1173184357541899,0,60.0,61.0,0.6555555555555556,1.0,3,0.025,3.0
1538C99F-BA1E-4EFB-A949-6C7C47701B20,1538C99F_tsts1,33A85C34-CFE4-4732-9E73-0A7AC861B27A,debounce,"{""theta"": 0.9958292919495635, ""n"": 2}",180,60,120,0.016666666666666666,0.008333333333333333,1,1,60,120,2,1.1173184357541899,0,60.0,60.0,0.6666666666666666,1.0,1,0.008333333333333333,1.0
1538C99F-BA1E-4EFB-A949-6C7C47701B20,1538C99F_tsts1,33A85C34-CFE4-4732-9E73-0A7AC861B27A,margin_dual_threshold,"{""theta"": 0.9958292919495635, ""margin"": 0.05}",180,60,120,0.0,0.5,0,60,60,120,1,0.5586592178770949,0,90.0,90.0,0.3333333333333333,0.0,60,0.5,
1538C99F-BA1E-4EFB-A949-6C7C47701B20,1538C99F_tsts1,33A85C34-CFE4-4732-9E73-0A7AC861B27A,hysteresis,"{""theta"": 0.9958292919495635, ""margin"": 0.05, ""ttt_frames"": 2}",180,60,120,0.016666666666666666,0.5,1,60,60,120,1,0.5586592178770949,0,90.0,90.0,0.3388888888888889,1.0,60,0.5,
1538C99F-BA1E-4EFB-A949-6C7C47701B20,1538C99F_tsts1,33A85C34-CFE4-4732-9E73-0A7AC861B27A,trust_model,"{""theta"": 0.9958292919495635, ""gain"": 0.3, ""decay"": 0.05, ""tau_lo"": 0.4, ""tau_hi"": 0.6}",180,60,120,0.0,0.5,0,60,60,120,1,0.5586592178770949,0,90.0,90.0,0.3333333333333333,0.0,60,0.5,
1538C99F-BA1E-4EFB-A949-6C7C47701B20,1538C99F_tsts1,33A85C34-CFE4-4732-9E73-0A7AC861B27A,sprt,"{""A"": 16, ""B"": 1, ""mu_gen"": 0.9933647214139455, ""sd_gen"": 0.03679536487228122, ""mu_imp"": 0.6731273574738657, ""sd_imp"": 0.3813823609493289}",180,60,120,0.0,0.041666666666666664,0,5,60,120,2,1.1173184357541899,0,60.0,60.0,0.6388888888888888,0.0,5,0.041666666666666664,5.0
1538C99F-BA1E-4EFB-A949-6C7C47701B20,1538C99F_tsts2,665514DE-49DC-421F-8DCB-145D0B2609AD,instantaneous,"{""theta"": 0.9958292919495635}",180,60,120,0.0,0.0,0,0,60,120,2,1.1173184357541899,0,60.0,60.0,0.6666666666666666,0.0,0,0.0,0.0
1538C99F-BA1E-4EFB-A949-6C7C47701B20,1538C99F_tsts2,665514DE-49DC-421F-8DCB-145D0B2609AD,moving_average,"{""theta"": 0.9958292919495635, ""w"": 20}",180,60,120,0.0,0.5416666666666666,0,65,60,120,3,1.675977653631285,2,45.0,27.5,0.3055555555555556,0.0,65,0.5416666666666666,
1538C99F-BA1E-4EFB-A949-6C7C47701B20,1538C99F_tsts2,665514DE-49DC-421F-8DCB-145D0B2609AD,ewma,"{""theta"": 0.9958292919495635, ""alpha"": 0.1}",180,60,120,0.0,0.5,0,60,60,120,1,0.5586592178770949,0,90.0,90.0,0.3333333333333333,0.0,60,0.5,
1538C99F-BA1E-4EFB-A949-6C7C47701B20,1538C99F_tsts2,665514DE-49DC-421F-8DCB-145D0B2609AD,majority_vote,"{""theta"": 0.9958292919495635, ""w"": 5, ""k"": 4}",180,60,120,0.016666666666666666,0.025,1,3,60,120,2,1.1173184357541899,0,60.0,61.0,0.6555555555555556,1.0,3,0.025,3.0
1538C99F-BA1E-4EFB-A949-6C7C47701B20,1538C99F_tsts2,665514DE-49DC-421F-8DCB-145D0B2609AD,debounce,"{""theta"": 0.9958292919495635, ""n"": 2}",180,60,120,0.016666666666666666,0.008333333333333333,1,1,60,120,2,1.1173184357541899,0,60.0,60.0,0.6666666666666666,1.0,1,0.008333333333333333,1.0
1538C99F-BA1E-4EFB-A949-6C7C47701B20,1538C99F_tsts2,665514DE-49DC-421F-8DCB-145D0B2609AD,margin_dual_threshold,"{""theta"": 0.9958292919495635, ""margin"": 0.05}",180,60,120,0.0,0.5,0,60,60,120,1,0.5586592178770949,0,90.0,90.0,0.3333333333333333,0.0,60,0.5,
1538C99F-BA1E-4EFB-A949-6C7C47701B20,1538C99F_tsts2,665514DE-49DC-421F-8DCB-145D0B2609AD,hysteresis,"{""theta"": 0.9958292919495635, ""margin"": 0.05, ""ttt_frames"": 2}",180,60,120,0.016666666666666666,0.5,1,60,60,120,1,0.5586592178770949,0,90.0,90.0,0.3388888888888889,1.0,60,0.5,
1538C99F-BA1E-4EFB-A949-6C7C47701B20,1538C99F_tsts2,665514DE-49DC-421F-8DCB-145D0B2609AD,trust_model,"{""theta"": 0.9958292919495635, ""gain"": 0.3, ""decay"": 0.05, ""tau_lo"": 0.4, ""tau_hi"": 0.6}",180,60,120,0.0,0.5,0,60,60,120,1,0.5586592178770949,0,90.0,90.0,0.3333333333333333,0.0,60,0.5,
1538C99F-BA1E-4EFB-A949-6C7C47701B20,1538C99F_tsts2,665514DE-49DC-421F-8DCB-145D0B2609AD,sprt,"{""A"": 16, ""B"": 1, ""mu_gen"": 0.9933647214139455, ""sd_gen"": 0.03679536487228122, ""mu_imp"": 0.6731273574738657, ""sd_imp"": 0.3813823609493289}",180,60,120,0.0,0.041666666666666664,0,5,60,120,2,1.1173184357541899,0,60.0,60.0,0.6388888888888888,0.0,5,0.041666666666666664,5.0
1538C99F-BA1E-4EFB-A949-6C7C47701B20,1538C99F_tsts3,61359772-D8D8-480D-B623-7C636EAD0C81,instantaneous,"{""theta"": 0.9958292919495635}",180,60,120,0.0,0.0,0,0,60,120,2,1.1173184357541899,0,60.0,60.0,0.6666666666666666,0.0,0,0.0,0.0
1538C99F-BA1E-4EFB-A949-6C7C47701B20,1538C99F_tsts3,61359772-D8D8-480D-B623-7C636EAD0C81,moving_average,"{""theta"": 0.9958292919495635, ""w"": 20}",180,60,120,0.0,0.875,0,105,60,120,3,1.675977653631285,2,45.0,7.5,0.08333333333333333,0.0,105,0.875,
1538C99F-BA1E-4EFB-A949-6C7C47701B20,1538C99F_tsts3,61359772-D8D8-480D-B623-7C636EAD0C81,ewma,"{""theta"": 0.9958292919495635, ""alpha"": 0.1}",180,60,120,0.0,0.5,0,60,60,120,1,0.5586592178770949,0,90.0,90.0,0.3333333333333333,0.0,60,0.5,
1538C99F-BA1E-4EFB-A949-6C7C47701B20,1538C99F_tsts3,61359772-D8D8-480D-B623-7C636EAD0C81,majority_vote,"{""theta"": 0.9958292919495635, ""w"": 5, ""k"": 4}",180,60,120,0.016666666666666666,0.025,1,3,60,120,2,1.1173184357541899,0,60.0,61.0,0.6555555555555556,1.0,3,0.025,3.0
1538C99F-BA1E-4EFB-A949-6C7C47701B20,1538C99F_tsts3,61359772-D8D8-480D-B623-7C636EAD0C81,debounce,"{""theta"": 0.9958292919495635, ""n"": 2}",180,60,120,0.016666666666666666,0.008333333333333333,1,1,60,120,2,1.1173184357541899,0,60.0,60.0,0.6666666666666666,1.0,1,0.008333333333333333,1.0
1538C99F-BA1E-4EFB-A949-6C7C47701B20,1538C99F_tsts3,61359772-D8D8-480D-B623-7C636EAD0C81,margin_dual_threshold,"{""theta"": 0.9958292919495635, ""margin"": 0.05}",180,60,120,0.0,0.5,0,60,60,120,1,0.5586592178770949,0,90.0,90.0,0.3333333333333333,0.0,60,0.5,
1538C99F-BA1E-4EFB-A949-6C7C47701B20,1538C99F_tsts3,61359772-D8D8-480D-B623-7C636EAD0C81,hysteresis,"{""theta"": 0.9958292919495635, ""margin"": 0.05, ""ttt_frames"": 2}",180,60,120,0.016666666666666666,0.5,1,60,60,120,1,0.5586592178770949,0,90.0,90.0,0.3388888888888889,1.0,60,0.5,
1538C99F-BA1E-4EFB-A949-6C7C47701B20,1538C99F_tsts3,61359772-D8D8-480D-B623-7C636EAD0C81,trust_model,"{""theta"": 0.9958292919495635, ""gain"": 0.3, ""decay"": 0.05, ""tau_lo"": 0.4, ""tau_hi"": 0.6}",180,60,120,0.0,0.5,0,60,60,120,1,0.5586592178770949,0,90.0,90.0,0.3333333333333333,0.0,60,0.5,
1538C99F-BA1E-4EFB-A949-6C7C47701B20,1538C99F_tsts3,61359772-D8D8-480D-B623-7C636EAD0C81,sprt,"{""A"": 16, ""B"": 1, ""mu_gen"": 0.9933647214139455, ""sd_gen"": 0.03679536487228122, ""mu_imp"": 0.6731273574738657, ""sd_imp"": 0.3813823609493289}",180,60,120,0.0,0.041666666666666664,0,5,60,120,2,1.1173184357541899,0,60.0,60.0,0.6388888888888888,0.0,5,0.041666666666666664,5.0
1538C99F-BA1E-4EFB-A949-6C7C47701B20,1538C99F_tsts4,ECECC2AB-D32F-4F90-B74C-E12A1C69BBE2,instantaneous,"{""theta"": 0.9958292919495635}",180,60,120,1.0,0.0,60,0,60,120,0,0.0,0,180.0,180.0,1.0,,0,0.0,0.0
1538C99F-BA1E-4EFB-A949-6C7C47701B20,1538C99F_tsts4,ECECC2AB-D32F-4F90-B74C-E12A1C69BBE2,moving_average,"{""theta"": 0.9958292919495635, ""w"": 20}",180,60,120,1.0,0.5416666666666666,60,65,60,120,5,2.793296089385475,2,30.0,16.5,0.6388888888888888,,65,0.5416666666666666,0.0
1538C99F-BA1E-4EFB-A949-6C7C47701B20,1538C99F_tsts4,ECECC2AB-D32F-4F90-B74C-E12A1C69BBE2,ewma,"{""theta"": 0.9958292919495635, ""alpha"": 0.1}",180,60,120,1.0,0.0,60,0,60,120,0,0.0,0,180.0,180.0,1.0,,0,0.0,0.0
1538C99F-BA1E-4EFB-A949-6C7C47701B20,1538C99F_tsts4,ECECC2AB-D32F-4F90-B74C-E12A1C69BBE2,majority_vote,"{""theta"": 0.9958292919495635, ""w"": 5, ""k"": 4}",180,60,120,1.0,0.0,60,0,60,120,0,0.0,0,180.0,180.0,1.0,,0,0.0,0.0
1538C99F-BA1E-4EFB-A949-6C7C47701B20,1538C99F_tsts4,ECECC2AB-D32F-4F90-B74C-E12A1C69BBE2,debounce,"{""theta"": 0.9958292919495635, ""n"": 2}",180,60,120,1.0,0.0,60,0,60,120,0,0.0,0,180.0,180.0,1.0,,0,0.0,0.0
1538C99F-BA1E-4EFB-A949-6C7C47701B20,1538C99F_tsts4,ECECC2AB-D32F-4F90-B74C-E12A1C69BBE2,margin_dual_threshold,"{""theta"": 0.9958292919495635, ""margin"": 0.05}",180,60,120,1.0,0.0,60,0,60,120,0,0.0,0,180.0,180.0,1.0,,0,0.0,0.0
1538C99F-BA1E-4EFB-A949-6C7C47701B20,1538C99F_tsts4,ECECC2AB-D32F-4F90-B74C-E12A1C69BBE2,hysteresis,"{""theta"": 0.9958292919495635, ""margin"": 0.05, ""ttt_frames"": 2}",180,60,120,1.0,0.0,60,0,60,120,0,0.0,0,180.0,180.0,1.0,,0,0.0,0.0
1538C99F-BA1E-4EFB-A949-6C7C47701B20,1538C99F_tsts4,ECECC2AB-D32F-4F90-B74C-E12A1C69BBE2,trust_model,"{""theta"": 0.9958292919495635, ""gain"": 0.3, ""decay"": 0.05, ""tau_lo"": 0.4, ""tau_hi"": 0.6}",180,60,120,1.0,0.0,60,0,60,120,0,0.0,0,180.0,180.0,1.0,,0,0.0,0.0
1538C99F-BA1E-4EFB-A949-6C7C47701B20,1538C99F_tsts4,ECECC2AB-D32F-4F90-B74C-E12A1C69BBE2,sprt,"{""A"": 16, ""B"": 1, ""mu_gen"": 0.9933647214139455, ""sd_gen"": 0.03679536487228122, ""mu_imp"": 0.6731273574738657, ""sd_imp"": 0.3813823609493289}",180,60,120,1.0,0.0,60,0,60,120,0,0.0,0,180.0,180.0,1.0,,0,0.0,0.0
1538C99F-BA1E-4EFB-A949-6C7C47701B20,1538C99F_tsts5,806289BC-AD52-4CC1-806C-0CDB14D65EB6,instantaneous,"{""theta"": 0.9958292919495635}",180,60,120,0.0,0.0,0,0,60,120,2,1.1173184357541899,0,60.0,60.0,0.6666666666666666,0.0,0,0.0,0.0
1538C99F-BA1E-4EFB-A949-6C7C47701B20,1538C99F_tsts5,806289BC-AD52-4CC1-806C-0CDB14D65EB6,moving_average,"{""theta"": 0.9958292919495635, ""w"": 20}",180,60,120,0.0,0.625,0,75,60,120,7,3.910614525139665,4,22.5,11.0,0.25,0.0,75,0.625,19.0
1538C99F-BA1E-4EFB-A949-6C7C47701B20,1538C99F_tsts5,806289BC-AD52-4CC1-806C-0CDB14D65EB6,ewma,"{""theta"": 0.9958292919495635, ""alpha"": 0.1}",180,60,120,0.0,0.5,0,60,60,120,1,0.5586592178770949,0,90.0,90.0,0.3333333333333333,0.0,60,0.5,
1538C99F-BA1E-4EFB-A949-6C7C47701B20,1538C99F_tsts5,806289BC-AD52-4CC1-806C-0CDB14D65EB6,majority_vote,"{""theta"": 0.9958292919495635, ""w"": 5, ""k"": 4}",180,60,120,0.016666666666666666,0.025,1,3,60,120,2,1.1173184357541899,0,60.0,61.0,0.6555555555555556,1.0,3,0.025,3.0
1538C99F-BA1E-4EFB-A949-6C7C47701B20,1538C99F_tsts5,806289BC-AD52-4CC1-806C-0CDB14D65EB6,debounce,"{""theta"": 0.9958292919495635, ""n"": 2}",180,60,120,0.016666666666666666,0.008333333333333333,1,1,60,120,2,1.1173184357541899,0,60.0,60.0,0.6666666666666666,1.0,1,0.008333333333333333,1.0
1538C99F-BA1E-4EFB-A949-6C7C47701B20,1538C99F_tsts5,806289BC-AD52-4CC1-806C-0CDB14D65EB6,margin_dual_threshold,"{""theta"": 0.9958292919495635, ""margin"": 0.05}",180,60,120,0.0,0.5,0,60,60,120,1,0.5586592178770949,0,90.0,90.0,0.3333333333333333,0.0,60,0.5,
1538C99F-BA1E-4EFB-A949-6C7C47701B20,1538C99F_tsts5,806289BC-AD52-4CC1-806C-0CDB14D65EB6,hysteresis,"{""theta"": 0.9958292919495635, ""margin"": 0.05, ""ttt_frames"": 2}",180,60,120,0.016666666666666666,0.5,1,60,60,120,1,0.5586592178770949,0,90.0,90.0,0.3388888888888889,1.0,60,0.5,
1538C99F-BA1E-4EFB-A949-6C7C47701B20,1538C99F_tsts5,806289BC-AD52-4CC1-806C-0CDB14D65EB6,trust_model,"{""theta"": 0.9958292919495635, ""gain"": 0.3, ""decay"": 0.05, ""tau_lo"": 0.4, ""tau_hi"": 0.6}",180,60,120,0.0,0.5,0,60,60,120,1,0.5586592178770949,0,90.0,90.0,0.3333333333333333,0.0,60,0.5,
1538C99F-BA1E-4EFB-A949-6C7C47701B20,1538C99F_tsts5,806289BC-AD52-4CC1-806C-0CDB14D65EB6,sprt,"{""A"": 16, ""B"": 1, ""mu_gen"": 0.9933647214139455, ""sd_gen"": 0.03679536487228122, ""mu_imp"": 0.6731273574738657, ""sd_imp"": 0.3813823609493289}",180,60,120,0.0,0.041666666666666664,0,5,60,120,2,1.1173184357541899,0,60.0,60.0,0.6388888888888888,0.0,5,0.041666666666666664,5.0
24E40C4C-A349-4F9F-93AB-01D00FB994AF,24E40C4C_tsts0,CF722AA9-2533-4E51-9FEB-9EAC84EE9AAC,instantaneous,"{""theta"": 0.9906570223025919}",180,60,120,0.0,0.9916666666666667,0,119,60,120,2,1.1173184357541899,2,60.0,50.0,0.005555555555555556,0.0,119,0.9916666666666667,
24E40C4C-A349-4F9F-93AB-01D00FB994AF,24E40C4C_tsts0,CF722AA9-2533-4E51-9FEB-9EAC84EE9AAC,moving_average,"{""theta"": 0.9906570223025919, ""w"": 3}",180,60,120,0.0,1.0,0,120,60,120,0,0.0,0,180.0,180.0,0.0,0.0,120,1.0,
24E40C4C-A349-4F9F-93AB-01D00FB994AF,24E40C4C_tsts0,CF722AA9-2533-4E51-9FEB-9EAC84EE9AAC,ewma,"{""theta"": 0.9816154309825196, ""alpha"": 0.5}",180,60,120,0.0,0.9916666666666667,0,119,60,120,2,1.1173184357541899,2,60.0,50.0,0.005555555555555556,0.0,119,0.9916666666666667,
24E40C4C-A349-4F9F-93AB-01D00FB994AF,24E40C4C_tsts0,CF722AA9-2533-4E51-9FEB-9EAC84EE9AAC,majority_vote,"{""theta"": 0.9798051034759888, ""w"": 10, ""k"": 6}",180,60,120,0.0,1.0,0,120,60,120,0,0.0,0,180.0,180.0,0.0,0.0,120,1.0,
24E40C4C-A349-4F9F-93AB-01D00FB994AF,24E40C4C_tsts0,CF722AA9-2533-4E51-9FEB-9EAC84EE9AAC,debounce,"{""theta"": 0.9798051034759888, ""n"": 5}",180,60,120,0.0,0.9666666666666667,0,116,60,120,1,0.5586592178770949,0,90.0,90.0,0.022222222222222223,0.0,116,0.9666666666666667,
24E40C4C-A349-4F9F-93AB-01D00FB994AF,24E40C4C_tsts0,CF722AA9-2533-4E51-9FEB-9EAC84EE9AAC,margin_dual_threshold,"{""theta"": 0.9762909383162548, ""margin"": 0.05}",180,60,120,1.0,0.0,60,0,60,120,0,0.0,0,180.0,180.0,1.0,,0,0.0,0.0
24E40C4C-A349-4F9F-93AB-01D00FB994AF,24E40C4C_tsts0,CF722AA9-2533-4E51-9FEB-9EAC84EE9AAC,hysteresis,"{""theta"": 0.9762909383162548, ""margin"": 0.05, ""ttt_frames"": 2}",180,60,120,1.0,0.0,60,0,60,120,0,0.0,0,180.0,180.0,1.0,,0,0.0,0.0
24E40C4C-A349-4F9F-93AB-01D00FB994AF,24E40C4C_tsts0,CF722AA9-2533-4E51-9FEB-9EAC84EE9AAC,trust_model,"{""theta"": 1.0, ""gain"": 0.3, ""decay"": 0.05, ""tau_lo"": 0.4, ""tau_hi"": 0.6}",180,60,120,0.0,0.5583333333333333,0,67,60,120,1,0.5586592178770949,0,90.0,90.0,0.29444444444444445,0.0,67,0.5583333333333333,
24E40C4C-A349-4F9F-93AB-01D00FB994AF,24E40C4C_tsts0,CF722AA9-2533-4E51-9FEB-9EAC84EE9AAC,sprt,"{""A"": 4, ""B"": 16, ""mu_gen"": 0.9777635456432925, ""sd_gen"": 0.005081278103248425, ""mu_imp"": 0.6888082401268055, ""sd_imp"": 0.35305493364979523}",180,60,120,1.0,0.0,60,0,60,120,0,0.0,0,180.0,180.0,1.0,,0,0.0,0.0
24E40C4C-A349-4F9F-93AB-01D00FB994AF,24E40C4C_tsts1,61359772-D8D8-480D-B623-7C636EAD0C81,instantaneous,"{""theta"": 0.9906570223025919}",180,60,120,0.0,0.9666666666666667,0,116,60,120,3,1.675977653631285,3,45.0,2.5,0.022222222222222223,0.0,116,0.9666666666666667,
24E40C4C-A349-4F9F-93AB-01D00FB994AF,24E40C4C_tsts1,61359772-D8D8-480D-B623-7C636EAD0C81,moving_average,"{""theta"": 0.9906570223025919, ""w"": 3}",180,60,120,0.0,0.975,0,117,60,120,1,0.5586592178770949,0,90.0,90.0,0.016666666666666666,0.0,117,0.975,
24E40C4C-A349-4F9F-93AB-01D00FB994AF,24E40C4C_tsts1,61359772-D8D8-480D-B623-7C636EAD0C81,ewma,"{""theta"": 0.9816154309825196, ""alpha"": 0.5}",180,60,120,0.0,0.9583333333333334,0,115,60,120,3,1.675977653631285,3,45.0,2.5,0.027777777777777776,0.0,115,0.9583333333333334,
24E40C4C-A349-4F9F-93AB-01D00FB994AF,24E40C4C_tsts1,61359772-D8D8-480D-B623-7C636EAD0C81,majority_vote,"{""theta"": 0.9798051034759888, ""w"": 10, ""k"": 6}",180,60,120,0.0,0.95,0,114,60,120,1,0.5586592178770949,0,90.0,90.0,0.03333333333333333,0.0,114,0.95,
24E40C4C-A349-4F9F-93AB-01D00FB994AF,24E40C4C_tsts1,61359772-D8D8-480D-B623-7C636EAD0C81,debounce,"{""theta"": 0.9798051034759888, ""n"": 5}",180,60,120,0.0,0.9166666666666666,0,110,60,120,1,0.5586592178770949,0,90.0,90.0,0.05555555555555555,0.0,110,0.9166666666666666,
24E40C4C-A349-4F9F-93AB-01D00FB994AF,24E40C4C_tsts1,61359772-D8D8-480D-B623-7C636EAD0C81,margin_dual_threshold,"{""theta"": 0.9762909383162548, ""margin"": 0.05}",180,60,120,0.0,0.5,0,60,60,120,1,0.5586592178770949,0,90.0,90.0,0.3333333333333333,0.0,60,0.5,
24E40C4C-A349-4F9F-93AB-01D00FB994AF,24E40C4C_tsts1,61359772-D8D8-480D-B623-7C636EAD0C81,hysteresis,"{""theta"": 0.9762909383162548, ""margin"": 0.05, ""ttt_frames"": 2}",180,60,120,0.016666666666666666,0.5,1,60,60,120,1,0.5586592178770949,0,90.0,90.0,0.3388888888888889,1.0,60,0.5,
24E40C4C-A349-4F9F-93AB-01D00FB994AF,24E40C4C_tsts1,61359772-D8D8-480D-B623-7C636EAD0C81,trust_model,"{""theta"": 1.0, ""gain"": 0.3, ""decay"": 0.05, ""tau_lo"": 0.4, ""tau_hi"": 0.6}",180,60,120,0.0,0.5583333333333333,0,67,60,120,1,0.5586592178770949,0,90.0,90.0,0.29444444444444445,0.0,67,0.5583333333333333,
24E40C4C-A349-4F9F-93AB-01D00FB994AF,24E40C4C_tsts1,61359772-D8D8-480D-B623-7C636EAD0C81,sprt,"{""A"": 4, ""B"": 16, ""mu_gen"": 0.9777635456432925, ""sd_gen"": 0.005081278103248425, ""mu_imp"": 0.6888082401268055, ""sd_imp"": 0.35305493364979523}",180,60,120,0.0,0.0,0,0,60,120,2,1.1173184357541899,0,60.0,60.0,0.6666666666666666,0.0,0,0.0,0.0
24E40C4C-A349-4F9F-93AB-01D00FB994AF,24E40C4C_tsts2,61359772-D8D8-480D-B623-7C636EAD0C81,instantaneous,"{""theta"": 0.9906570223025919}",180,60,120,0.0,1.0,0,120,60,120,0,0.0,0,180.0,180.0,0.0,0.0,120,1.0,
24E40C4C-A349-4F9F-93AB-01D00FB994AF,24E40C4C_tsts2,61359772-D8D8-480D-B623-7C636EAD0C81,moving_average,"{""theta"": 0.9906570223025919, ""w"": 3}",180,60,120,0.0,1.0,0,120,60,120,0,0.0,0,180.0,180.0,0.0,0.0,120,1.0,
24E40C4C-A349-4F9F-93AB-01D00FB994AF,24E40C4C_tsts2,61359772-D8D8-480D-B623-7C636EAD0C81,ewma,"{""theta"": 0.9816154309825196, ""alpha"": 0.5}",180,60,120,0.0,1.0,0,120,60,120,0,0.0,0,180.0,180.0,0.0,0.0,120,1.0,
24E40C4C-A349-4F9F-93AB-01D00FB994AF,24E40C4C_tsts2,61359772-D8D8-480D-B623-7C636EAD0C81,majority_vote,"{""theta"": 0.9798051034759888, ""w"": 10, ""k"": 6}",180,60,120,0.0,1.0,0,120,60,120,0,0.0,0,180.0,180.0,0.0,0.0,120,1.0,
24E40C4C-A349-4F9F-93AB-01D00FB994AF,24E40C4C_tsts2,61359772-D8D8-480D-B623-7C636EAD0C81,debounce,"{""theta"": 0.9798051034759888, ""n"": 5}",180,60,120,0.0,0.9666666666666667,0,116,60,120,1,0.5586592178770949,0,90.0,90.0,0.022222222222222223,0.0,116,0.9666666666666667,
24E40C4C-A349-4F9F-93AB-01D00FB994AF,24E40C4C_tsts2,61359772-D8D8-480D-B623-7C636EAD0C81,margin_dual_threshold,"{""theta"": 0.9762909383162548, ""margin"": 0.05}",180,60,120,0.0,0.5,0,60,60,120,1,0.5586592178770949,0,90.0,90.0,0.3333333333333333,0.0,60,0.5,
24E40C4C-A349-4F9F-93AB-01D00FB994AF,24E40C4C_tsts2,61359772-D8D8-480D-B623-7C636EAD0C81,hysteresis,"{""theta"": 0.9762909383162548, ""margin"": 0.05, ""ttt_frames"": 2}",180,60,120,0.016666666666666666,0.5,1,60,60,120,1,0.5586592178770949,0,90.0,90.0,0.3388888888888889,1.0,60,0.5,
24E40C4C-A349-4F9F-93AB-01D00FB994AF,24E40C4C_tsts2,61359772-D8D8-480D-B623-7C636EAD0C81,trust_model,"{""theta"": 1.0, ""gain"": 0.3, ""decay"": 0.05, ""tau_lo"": 0.4, ""tau_hi"": 0.6}",180,60,120,0.0,0.5583333333333333,0,67,60,120,1,0.5586592178770949,0,90.0,90.0,0.29444444444444445,0.0,67,0.5583333333333333,
24E40C4C-A349-4F9F-93AB-01D00FB994AF,24E40C4C_tsts2,61359772-D8D8-480D-B623-7C636EAD0C81,sprt,"{""A"": 4, ""B"": 16, ""mu_gen"": 0.9777635456432925, ""sd_gen"": 0.005081278103248425, ""mu_imp"": 0.6888082401268055, ""sd_imp"": 0.35305493364979523}",180,60,120,0.0,0.0,0,0,60,120,2,1.1173184357541899,0,60.0,60.0,0.6666666666666666,0.0,0,0.0,0.0
24E40C4C-A349-4F9F-93AB-01D00FB994AF,24E40C4C_tsts3,78A91A4E-4A51-4065-BDA7-94755F0BB3BB,instantaneous,"{""theta"": 0.9906570223025919}",180,60,120,0.0,1.0,0,120,60,120,0,0.0,0,180.0,180.0,0.0,0.0,120,1.0,
24E40C4C-A349-4F9F-93AB-01D00FB994AF,24E40C4C_tsts3,78A91A4E-4A51-4065-BDA7-94755F0BB3BB,moving_average,"{""theta"": 0.9906570223025919, ""w"": 3}",180,60,120,0.0,1.0,0,120,60,120,0,0.0,0,180.0,180.0,0.0,0.0,120,1.0,
24E40C4C-A349-4F9F-93AB-01D00FB994AF,24E40C4C_tsts3,78A91A4E-4A51-4065-BDA7-94755F0BB3BB,ewma,"{""theta"": 0.9816154309825196, ""alpha"": 0.5}",180,60,120,0.0,1.0,0,120,60,120,0,0.0,0,180.0,180.0,0.0,0.0,120,1.0,
24E40C4C-A349-4F9F-93AB-01D00FB994AF,24E40C4C_tsts3,78A91A4E-4A51-4065-BDA7-94755F0BB3BB,majority_vote,"{""theta"": 0.9798051034759888, ""w"": 10, ""k"": 6}",180,60,120,0.0,1.0,0,120,60,120,0,0.0,0,180.0,180.0,0.0,0.0,120,1.0,
24E40C4C-A349-4F9F-93AB-01D00FB994AF,24E40C4C_tsts3,78A91A4E-4A51-4065-BDA7-94755F0BB3BB,debounce,"{""theta"": 0.9798051034759888, ""n"": 5}",180,60,120,0.0,0.9666666666666667,0,116,60,120,1,0.5586592178770949,0,90.0,90.0,0.022222222222222223,0.0,116,0.9666666666666667,
24E40C4C-A349-4F9F-93AB-01D00FB994AF,24E40C4C_tsts3,78A91A4E-4A51-4065-BDA7-94755F0BB3BB,margin_dual_threshold,"{""theta"": 0.9762909383162548, ""margin"": 0.05}",180,60,120,1.0,0.0,60,0,60,120,0,0.0,0,180.0,180.0,1.0,,0,0.0,0.0
24E40C4C-A349-4F9F-93AB-01D00FB994AF,24E40C4C_tsts3,78A91A4E-4A51-4065-BDA7-94755F0BB3BB,hysteresis,"{""theta"": 0.9762909383162548, ""margin"": 0.05, ""ttt_frames"": 2}",180,60,120,1.0,0.0,60,0,60,120,0,0.0,0,180.0,180.0,1.0,,0,0.0,0.0
24E40C4C-A349-4F9F-93AB-01D00FB994AF,24E40C4C_tsts3,78A91A4E-4A51-4065-BDA7-94755F0BB3BB,trust_model,"{""theta"": 1.0, ""gain"": 0.3, ""decay"": 0.05, ""tau_lo"": 0.4, ""tau_hi"": 0.6}",180,60,120,0.0,0.5583333333333333,0,67,60,120,1,0.5586592178770949,0,90.0,90.0,0.29444444444444445,0.0,67,0.5583333333333333,
24E40C4C-A349-4F9F-93AB-01D00FB994AF,24E40C4C_tsts3,78A91A4E-4A51-4065-BDA7-94755F0BB3BB,sprt,"{""A"": 4, ""B"": 16, ""mu_gen"": 0.9777635456432925, ""sd_gen"": 0.005081278103248425, ""mu_imp"": 0.6888082401268055, ""sd_imp"": 0.35305493364979523}",180,60,120,1.0,0.0,60,0,60,120,0,0.0,0,180.0,180.0,1.0,,0,0.0,0.0
24E40C4C-A349-4F9F-93AB-01D00FB994AF,24E40C4C_tsts4,665514DE-49DC-421F-8DCB-145D0B2609AD,instantaneous,"{""theta"": 0.9906570223025919}",180,60,120,0.0,1.0,0,120,60,120,0,0.0,0,180.0,180.0,0.0,0.0,120,1.0,
24E40C4C-A349-4F9F-93AB-01D00FB994AF,24E40C4C_tsts4,665514DE-49DC-421F-8DCB-145D0B2609AD,moving_average,"{""theta"": 0.9906570223025919, ""w"": 3}",180,60,120,0.0,1.0,0,120,60,120,0,0.0,0,180.0,180.0,0.0,0.0,120,1.0,
24E40C4C-A349-4F9F-93AB-01D00FB994AF,24E40C4C_tsts4,665514DE-49DC-421F-8DCB-145D0B2609AD,ewma,"{""theta"": 0.9816154309825196, ""alpha"": 0.5}",180,60,120,0.0,1.0,0,120,60,120,0,0.0,0,180.0,180.0,0.0,0.0,120,1.0,
24E40C4C-A349-4F9F-93AB-01D00FB994AF,24E40C4C_tsts4,665514DE-49DC-421F-8DCB-145D0B2609AD,majority_vote,"{""theta"": 0.9798051034759888, ""w"": 10, ""k"": 6}",180,60,120,0.0,1.0,0,120,60,120,0,0.0,0,180.0,180.0,0.0,0.0,120,1.0,
24E40C4C-A349-4F9F-93AB-01D00FB994AF,24E40C4C_tsts4,665514DE-49DC-421F-8DCB-145D0B2609AD,debounce,"{""theta"": 0.9798051034759888, ""n"": 5}",180,60,120,0.0,0.9666666666666667,0,116,60,120,1,0.5586592178770949,0,90.0,90.0,0.022222222222222223,0.0,116,0.9666666666666667,
24E40C4C-A349-4F9F-93AB-01D00FB994AF,24E40C4C_tsts4,665514DE-49DC-421F-8DCB-145D0B2609AD,margin_dual_threshold,"{""theta"": 0.9762909383162548, ""margin"": 0.05}",180,60,120,0.0,0.5,0,60,60,120,1,0.5586592178770949,0,90.0,90.0,0.3333333333333333,0.0,60,0.5,
24E40C4C-A349-4F9F-93AB-01D00FB994AF,24E40C4C_tsts4,665514DE-49DC-421F-8DCB-145D0B2609AD,hysteresis,"{""theta"": 0.9762909383162548, ""margin"": 0.05, ""ttt_frames"": 2}",180,60,120,0.016666666666666666,0.5,1,60,60,120,1,0.5586592178770949,0,90.0,90.0,0.3388888888888889,1.0,60,0.5,
24E40C4C-A349-4F9F-93AB-01D00FB994AF,24E40C4C_tsts4,665514DE-49DC-421F-8DCB-145D0B2609AD,trust_model,"{""theta"": 1.0, ""gain"": 0.3, ""decay"": 0.05, ""tau_lo"": 0.4, ""tau_hi"": 0.6}",180,60,120,0.0,0.5583333333333333,0,67,60,120,1,0.5586592178770949,0,90.0,90.0,0.29444444444444445,0.0,67,0.5583333333333333,
24E40C4C-A349-4F9F-93AB-01D00FB994AF,24E40C4C_tsts4,665514DE-49DC-421F-8DCB-145D0B2609AD,sprt,"{""A"": 4, ""B"": 16, ""mu_gen"": 0.9777635456432925, ""sd_gen"": 0.005081278103248425, ""mu_imp"": 0.6888082401268055, ""sd_imp"": 0.35305493364979523}",180,60,120,0.0,0.0,0,0,60,120,2,1.1173184357541899,0,60.0,60.0,0.6666666666666666,0.0,0,0.0,0.0
24E40C4C-A349-4F9F-93AB-01D00FB994AF,24E40C4C_tsts5,61359772-D8D8-480D-B623-7C636EAD0C81,instantaneous,"{""theta"": 0.9906570223025919}",180,60,120,0.0,0.9916666666666667,0,119,60,120,2,1.1173184357541899,2,60.0,7.0,0.005555555555555556,0.0,119,0.9916666666666667,
24E40C4C-A349-4F9F-93AB-01D00FB994AF,24E40C4C_tsts5,61359772-D8D8-480D-B623-7C636EAD0C81,moving_average,"{""theta"": 0.9906570223025919, ""w"": 3}",180,60,120,0.0,1.0,0,120,60,120,0,0.0,0,180.0,180.0,0.0,0.0,120,1.0,
24E40C4C-A349-4F9F-93AB-01D00FB994AF,24E40C4C_tsts5,61359772-D8D8-480D-B623-7C636EAD0C81,ewma,"{""theta"": 0.9816154309825196, ""alpha"": 0.5}",180,60,120,0.0,0.9833333333333333,0,118,60,120,2,1.1173184357541899,2,60.0,6.0,0.011111111111111112,0.0,118,0.9833333333333333,
24E40C4C-A349-4F9F-93AB-01D00FB994AF,24E40C4C_tsts5,61359772-D8D8-480D-B623-7C636EAD0C81,majority_vote,"{""theta"": 0.9798051034759888, ""w"": 10, ""k"": 6}",180,60,120,0.0,1.0,0,120,60,120,0,0.0,0,180.0,180.0,0.0,0.0,120,1.0,
24E40C4C-A349-4F9F-93AB-01D00FB994AF,24E40C4C_tsts5,61359772-D8D8-480D-B623-7C636EAD0C81,debounce,"{""theta"": 0.9798051034759888, ""n"": 5}",180,60,120,0.0,0.9666666666666667,0,116,60,120,1,0.5586592178770949,0,90.0,90.0,0.022222222222222223,0.0,116,0.9666666666666667,
24E40C4C-A349-4F9F-93AB-01D00FB994AF,24E40C4C_tsts5,61359772-D8D8-480D-B623-7C636EAD0C81,margin_dual_threshold,"{""theta"": 0.9762909383162548, ""margin"": 0.05}",180,60,120,0.0,0.5,0,60,60,120,1,0.5586592178770949,0,90.0,90.0,0.3333333333333333,0.0,60,0.5,
24E40C4C-A349-4F9F-93AB-01D00FB994AF,24E40C4C_tsts5,61359772-D8D8-480D-B623-7C636EAD0C81,hysteresis,"{""theta"": 0.9762909383162548, ""margin"": 0.05, ""ttt_frames"": 2}",180,60,120,0.016666666666666666,0.5,1,60,60,120,1,0.5586592178770949,0,90.0,90.0,0.3388888888888889,1.0,60,0.5,
24E40C4C-A349-4F9F-93AB-01D00FB994AF,24E40C4C_tsts5,61359772-D8D8-480D-B623-7C636EAD0C81,trust_model,"{""theta"": 1.0, ""gain"": 0.3, ""decay"": 0.05, ""tau_lo"": 0.4, ""tau_hi"": 0.6}",180,60,120,0.0,0.5583333333333333,0,67,60,120,1,0.5586592178770949,0,90.0,90.0,0.29444444444444445,0.0,67,0.5583333333333333,
24E40C4C-A349-4F9F-93AB-01D00FB994AF,24E40C4C_tsts5,61359772-D8D8-480D-B623-7C636EAD0C81,sprt,"{""A"": 4, ""B"": 16, ""mu_gen"": 0.9777635456432925, ""sd_gen"": 0.005081278103248425, ""mu_imp"": 0.6888082401268055, ""sd_imp"": 0.35305493364979523}",180,60,120,0.0,0.0,0,0,60,120,2,1.1173184357541899,0,60.0,60.0,0.6666666666666666,0.0,0,0.0,0.0
2C32C23E-E30C-498A-8DD2-0EFB9150A02E,2C32C23E_tsts0,ECECC2AB-D32F-4F90-B74C-E12A1C69BBE2,instantaneous,"{""theta"": 0.9928057553956835}",180,60,120,1.0,1.0,60,120,60,120,2,1.1173184357541899,0,60.0,60.0,0.3333333333333333,,120,1.0,
2C32C23E-E30C-498A-8DD2-0EFB9150A02E,2C32C23E_tsts0,ECECC2AB-D32F-4F90-B74C-E12A1C69BBE2,moving_average,"{""theta"": 0.9928057553956835, ""w"": 20}",180,60,120,0.8833333333333333,0.9,53,108,60,120,2,1.1173184357541899,0,60.0,65.0,0.3611111111111111,0.0,108,0.9,0.0
2C32C23E-E30C-498A-8DD2-0EFB9150A02E,2C32C23E_tsts0,ECECC2AB-D32F-4F90-B74C-E12A1C69BBE2,ewma,"{""theta"": 0.9928057553956835, ""alpha"": 0.1}",180,60,120,0.9333333333333333,0.925,56,111,60,120,2,1.1173184357541899,0,60.0,64.0,0.3611111111111111,0.0,111,0.925,0.0
2C32C23E-E30C-498A-8DD2-0EFB9150A02E,2C32C23E_tsts0,ECECC2AB-D32F-4F90-B74C-E12A1C69BBE2,majority_vote,"{""theta"": 0.9928057553956835, ""w"": 5, ""k"": 3}",180,60,120,0.9666666666666667,0.9833333333333333,58,118,60,120,2,1.1173184357541899,0,60.0,60.0,0.3333333333333333,,118,0.9833333333333333,
2C32C23E-E30C-498A-8DD2-0EFB9150A02E,2C32C23E_tsts0,ECECC2AB-D32F-4F90-B74C-E12A1C69BBE2,debounce,"{""theta"": 0.9928057553956835, ""n"": 10}",180,60,120,0.85,0.85,51,102,60,120,3,1.675977653631285,0,45.0,55.5,0.38333333333333336,0.0,102,0.85,0.0
2C32C23E-E30C-498A-8DD2-0EFB9150A02E,2C32C23E_tsts0,ECECC2AB-D32F-4F90-B74C-E12A1C69BBE2,margin_dual_threshold,"{""theta"": 0.9887881902270391, ""margin"": 0.05}",180,60,120,1.0,0.0,60,0,60,120,0,0.0,0,180.0,180.0,1.0,,0,0.0,0.0
2C32C23E-E30C-498A-8DD2-0EFB9150A02E,2C32C23E_tsts0,ECECC2AB-D32F-4F90-B74C-E12A1C69BBE2,hysteresis,"{""theta"": 0.9887881902270391, ""margin"": 0.05, ""ttt_frames"": 2}",180,60,120,1.0,0.0,60,0,60,120,0,0.0,0,180.0,180.0,1.0,,0,0.0,0.0
2C32C23E-E30C-498A-8DD2-0EFB9150A02E,2C32C23E_tsts0,ECECC2AB-D32F-4F90-B74C-E12A1C69BBE2,trust_model,"{""theta"": 1.0, ""gain"": 0.6, ""decay"": 0.05, ""tau_lo"": 0.4, ""tau_hi"": 0.6}",180,60,120,0.0,0.5333333333333333,0,64,60,120,1,0.5586592178770949,0,90.0,90.0,0.3111111111111111,0.0,64,0.5333333333333333,
2C32C23E-E30C-498A-8DD2-0EFB9150A02E,2C32C23E_tsts0,ECECC2AB-D32F-4F90-B74C-E12A1C69BBE2,sprt,"{""A"": 16, ""B"": 16, ""mu_gen"": 0.9892149916430493, ""sd_gen"": 0.0020201957477646556, ""mu_imp"": 0.6543697509524847, ""sd_imp"": 0.36376831809609694}",180,60,120,0.016666666666666666,0.016666666666666666,1,2,60,120,2,1.1173184357541899,0,60.0,61.0,0.6611111111111111,1.0,2,0.016666666666666666,2.0
2C32C23E-E30C-498A-8DD2-0EFB9150A02E,2C32C23E_tsts1,61976C24-1C50-4355-9C49-AAE44A7D09F6,instantaneous,"{""theta"": 0.9928057553956835}",180,60,120,0.0,1.0,0,120,60,120,0,0.0,0,180.0,180.0,0.0,0.0,120,1.0,
2C32C23E-E30C-498A-8DD2-0EFB9150A02E,2C32C23E_tsts1,61976C24-1C50-4355-9C49-AAE44A7D09F6,moving_average,"{""theta"": 0.9928057553956835, ""w"": 20}",180,60,120,0.0,1.0,0,120,60,120,0,0.0,0,180.0,180.0,0.0,0.0,120,1.0,
2C32C23E-E30C-498A-8DD2-0EFB9150A02E,2C32C23E_tsts1,61976C24-1C50-4355-9C49-AAE44A7D09F6,ewma,"{""theta"": 0.9928057553956835, ""alpha"": 0.1}",180,60,120,0.0,1.0,0,120,60,120,0,0.0,0,180.0,180.0,0.0,0.0,120,1.0,
2C32C23E-E30C-498A-8DD2-0EFB9150A02E,2C32C23E_tsts1,61976C24-1C50-4355-9C49-AAE44A7D09F6,majority_vote,"{""theta"": 0.9928057553956835, ""w"": 5, ""k"": 3}",180,60,120,0.0,1.0,0,120,60,120,0,0.0,0,180.0,180.0,0.0,0.0,120,1.0,
2C32C23E-E30C-498A-8DD2-0EFB9150A02E,2C32C23E_tsts1,61976C24-1C50-4355-9C49-AAE44A7D09F6,debounce,"{""theta"": 0.9928057553956835, ""n"": 10}",180,60,120,0.0,0.925,0,111,60,120,1,0.5586592178770949,0,90.0,90.0,0.05,0.0,111,0.925,
2C32C23E-E30C-498A-8DD2-0EFB9150A02E,2C32C23E_tsts1,61976C24-1C50-4355-9C49-AAE44A7D09F6,margin_dual_threshold,"{""theta"": 0.9887881902270391, ""margin"": 0.05}",180,60,120,0.016666666666666666,0.5,1,60,60,120,1,0.5586592178770949,0,90.0,90.0,0.3388888888888889,1.0,60,0.5,
2C32C23E-E30C-498A-8DD2-0EFB9150A02E,2C32C23E_tsts1,61976C24-1C50-4355-9C49-AAE44A7D09F6,hysteresis,"{""theta"": 0.9887881902270391, ""margin"": 0.05, ""ttt_frames"": 2}",180,60,120,0.48333333333333334,0.5,29,60,60,120,1,0.5586592178770949,0,90.0,90.0,0.49444444444444446,29.0,60,0.5,
2C32C23E-E30C-498A-8DD2-0EFB9150A02E,2C32C23E_tsts1,61976C24-1C50-4355-9C49-AAE44A7D09F6,trust_model,"{""theta"": 1.0, ""gain"": 0.6, ""decay"": 0.05, ""tau_lo"": 0.4, ""tau_hi"": 0.6}",180,60,120,0.0,0.5333333333333333,0,64,60,120,1,0.5586592178770949,0,90.0,90.0,0.3111111111111111,0.0,64,0.5333333333333333,
2C32C23E-E30C-498A-8DD2-0EFB9150A02E,2C32C23E_tsts1,61976C24-1C50-4355-9C49-AAE44A7D09F6,sprt,"{""A"": 16, ""B"": 16, ""mu_gen"": 0.9892149916430493, ""sd_gen"": 0.0020201957477646556, ""mu_imp"": 0.6543697509524847, ""sd_imp"": 0.36376831809609694}",180,60,120,0.5,0.016666666666666666,30,2,60,120,14,7.82122905027933,13,12.0,3.0,0.8222222222222222,1.0,2,0.016666666666666666,2.0
2C32C23E-E30C-498A-8DD2-0EFB9150A02E,2C32C23E_tsts2,481F4DD2-7689-43B9-A2AA-C8772227162B,instantaneous,"{""theta"": 0.9928057553956835}",180,60,120,0.0,1.0,0,120,60,120,0,0.0,0,180.0,180.0,0.0,0.0,120,1.0,
2C32C23E-E30C-498A-8DD2-0EFB9150A02E,2C32C23E_tsts2,481F4DD2-7689-43B9-A2AA-C8772227162B,moving_average,"{""theta"": 0.9928057553956835, ""w"": 20}",180,60,120,0.0,1.0,0,120,60,120,0,0.0,0,180.0,180.0,0.0,0.0,120,1.0,
2C32C23E-E30C-498A-8DD2-0EFB9150A02E,2C32C23E_tsts2,481F4DD2-7689-43B9-A2AA-C8772227162B,ewma,"{""theta"": 0.9928057553956835, ""alpha"": 0.1}",180,60,120,0.0,1.0,0,120,60,120,0,0.0,0,180.0,180.0,0.0,0.0,120,1.0,
2C32C23E-E30C-498A-8DD2-0EFB9150A02E,2C32C23E_tsts2,481F4DD2-7689-43B9-A2AA-C8772227162B,majority_vote,"{""theta"": 0.9928057553956835, ""w"": 5, ""k"": 3}",180,60,120,0.0,1.0,0,120,60,120,0,0.0,0,180.0,180.0,0.0,0.0,120,1.0,
2C32C23E-E30C-498A-8DD2-0EFB9150A02E,2C32C23E_tsts2,481F4DD2-7689-43B9-A2AA-C8772227162B,debounce,"{""theta"": 0.9928057553956835, ""n"": 10}",180,60,120,0.0,0.925,0,111,60,120,1,0.5586592178770949,0,90.0,90.0,0.05,0.0,111,0.925,
2C32C23E-E30C-498A-8DD2-0EFB9150A02E,2C32C23E_tsts2,481F4DD2-7689-43B9-A2AA-C8772227162B,margin_dual_threshold,"{""theta"": 0.9887881902270391, ""margin"": 0.05}",180,60,120,0.0,0.5,0,60,60,120,1,0.5586592178770949,0,90.0,90.0,0.3333333333333333,0.0,60,0.5,
2C32C23E-E30C-498A-8DD2-0EFB9150A02E,2C32C23E_tsts2,481F4DD2-7689-43B9-A2AA-C8772227162B,hysteresis,"{""theta"": 0.9887881902270391, ""margin"": 0.05, ""ttt_frames"": 2}",180,60,120,0.016666666666666666,0.5,1,60,60,120,1,0.5586592178770949,0,90.0,90.0,0.3388888888888889,1.0,60,0.5,
2C32C23E-E30C-498A-8DD2-0EFB9150A02E,2C32C23E_tsts2,481F4DD2-7689-43B9-A2AA-C8772227162B,trust_model,"{""theta"": 1.0, ""gain"": 0.6, ""decay"": 0.05, ""tau_lo"": 0.4, ""tau_hi"": 0.6}",180,60,120,0.0,0.5333333333333333,0,64,60,120,1,0.5586592178770949,0,90.0,90.0,0.3111111111111111,0.0,64,0.5333333333333333,
2C32C23E-E30C-498A-8DD2-0EFB9150A02E,2C32C23E_tsts2,481F4DD2-7689-43B9-A2AA-C8772227162B,sprt,"{""A"": 16, ""B"": 16, ""mu_gen"": 0.9892149916430493, ""sd_gen"": 0.0020201957477646556, ""mu_imp"": 0.6543697509524847, ""sd_imp"": 0.36376831809609694}",180,60,120,0.0,0.016666666666666666,0,2,60,120,2,1.1173184357541899,0,60.0,60.0,0.6555555555555556,0.0,2,0.016666666666666666,2.0
2C32C23E-E30C-498A-8DD2-0EFB9150A02E,2C32C23E_tsts3,4E98F91F-4654-42EF-B908-A3389443F2E7,instantaneous,"{""theta"": 0.9928057553956835}",180,60,120,0.0,1.0,0,120,60,120,0,0.0,0,180.0,180.0,0.0,0.0,120,1.0,
2C32C23E-E30C-498A-8DD2-0EFB9150A02E,2C32C23E_tsts3,4E98F91F-4654-42EF-B908-A3389443F2E7,moving_average,"{""theta"": 0.9928057553956835, ""w"": 20}",180,60,120,0.0,1.0,0,120,60,120,0,0.0,0,180.0,180.0,0.0,0.0,120,1.0,
2C32C23E-E30C-498A-8DD2-0EFB9150A02E,2C32C23E_tsts3,4E98F91F-4654-42EF-B908-A3389443F2E7,ewma,"{""theta"": 0.9928057553956835, ""alpha"": 0.1}",180,60,120,0.0,1.0,0,120,60,120,0,0.0,0,180.0,180.0,0.0,0.0,120,1.0,
2C32C23E-E30C-498A-8DD2-0EFB9150A02E,2C32C23E_tsts3,4E98F91F-4654-42EF-B908-A3389443F2E7,majority_vote,"{""theta"": 0.9928057553956835, ""w"": 5, ""k"": 3}",180,60,120,0.0,1.0,0,120,60,120,0,0.0,0,180.0,180.0,0.0,0.0,120,1.0,
2C32C23E-E30C-498A-8DD2-0EFB9150A02E,2C32C23E_tsts3,4E98F91F-4654-42EF-B908-A3389443F2E7,debounce,"{""theta"": 0.9928057553956835, ""n"": 10}",180,60,120,0.0,0.925,0,111,60,120,1,0.5586592178770949,0,90.0,90.0,0.05,0.0,111,0.925,
2C32C23E-E30C-498A-8DD2-0EFB9150A02E,2C32C23E_tsts3,4E98F91F-4654-42EF-B908-A3389443F2E7,margin_dual_threshold,"{""theta"": 0.9887881902270391, ""margin"": 0.05}",180,60,120,0.0,0.5,0,60,60,120,1,0.5586592178770949,0,90.0,90.0,0.3333333333333333,0.0,60,0.5,
2C32C23E-E30C-498A-8DD2-0EFB9150A02E,2C32C23E_tsts3,4E98F91F-4654-42EF-B908-A3389443F2E7,hysteresis,"{""theta"": 0.9887881902270391, ""margin"": 0.05, ""ttt_frames"": 2}",180,60,120,0.016666666666666666,0.5,1,60,60,120,1,0.5586592178770949,0,90.0,90.0,0.3388888888888889,1.0,60,0.5,
2C32C23E-E30C-498A-8DD2-0EFB9150A02E,2C32C23E_tsts3,4E98F91F-4654-42EF-B908-A3389443F2E7,trust_model,"{""theta"": 1.0, ""gain"": 0.6, ""decay"": 0.05, ""tau_lo"": 0.4, ""tau_hi"": 0.6}",180,60,120,0.0,0.5333333333333333,0,64,60,120,1,0.5586592178770949,0,90.0,90.0,0.3111111111111111,0.0,64,0.5333333333333333,
2C32C23E-E30C-498A-8DD2-0EFB9150A02E,2C32C23E_tsts3,4E98F91F-4654-42EF-B908-A3389443F2E7,sprt,"{""A"": 16, ""B"": 16, ""mu_gen"": 0.9892149916430493, ""sd_gen"": 0.0020201957477646556, ""mu_imp"": 0.6543697509524847, ""sd_imp"": 0.36376831809609694}",180,60,120,0.0,0.016666666666666666,0,2,60,120,2,1.1173184357541899,0,60.0,60.0,0.6555555555555556,0.0,2,0.016666666666666666,2.0
2C32C23E-E30C-498A-8DD2-0EFB9150A02E,2C32C23E_tsts4,481F4DD2-7689-43B9-A2AA-C8772227162B,instantaneous,"{""theta"": 0.9928057553956835}",180,60,120,0.0,1.0,0,120,60,120,0,0.0,0,180.0,180.0,0.0,0.0,120,1.0,
2C32C23E-E30C-498A-8DD2-0EFB9150A02E,2C32C23E_tsts4,481F4DD2-7689-43B9-A2AA-C8772227162B,moving_average,"{""theta"": 0.9928057553956835, ""w"": 20}",180,60,120,0.0,1.0,0,120,60,120,0,0.0,0,180.0,180.0,0.0,0.0,120,1.0,
2C32C23E-E30C-498A-8DD2-0EFB9150A02E,2C32C23E_tsts4,481F4DD2-7689-43B9-A2AA-C8772227162B,ewma,"{""theta"": 0.9928057553956835, ""alpha"": 0.1}",180,60,120,0.0,1.0,0,120,60,120,0,0.0,0,180.0,180.0,0.0,0.0,120,1.0,
2C32C23E-E30C-498A-8DD2-0EFB9150A02E,2C32C23E_tsts4,481F4DD2-7689-43B9-A2AA-C8772227162B,majority_vote,"{""theta"": 0.9928057553956835, ""w"": 5, ""k"": 3}",180,60,120,0.0,1.0,0,120,60,120,0,0.0,0,180.0,180.0,0.0,0.0,120,1.0,
2C32C23E-E30C-498A-8DD2-0EFB9150A02E,2C32C23E_tsts4,481F4DD2-7689-43B9-A2AA-C8772227162B,debounce,"{""theta"": 0.9928057553956835, ""n"": 10}",180,60,120,0.0,0.925,0,111,60,120,1,0.5586592178770949,0,90.0,90.0,0.05,0.0,111,0.925,
2C32C23E-E30C-498A-8DD2-0EFB9150A02E,2C32C23E_tsts4,481F4DD2-7689-43B9-A2AA-C8772227162B,margin_dual_threshold,"{""theta"": 0.9887881902270391, ""margin"": 0.05}",180,60,120,0.0,0.5,0,60,60,120,1,0.5586592178770949,0,90.0,90.0,0.3333333333333333,0.0,60,0.5,
2C32C23E-E30C-498A-8DD2-0EFB9150A02E,2C32C23E_tsts4,481F4DD2-7689-43B9-A2AA-C8772227162B,hysteresis,"{""theta"": 0.9887881902270391, ""margin"": 0.05, ""ttt_frames"": 2}",180,60,120,0.016666666666666666,0.5,1,60,60,120,1,0.5586592178770949,0,90.0,90.0,0.3388888888888889,1.0,60,0.5,
2C32C23E-E30C-498A-8DD2-0EFB9150A02E,2C32C23E_tsts4,481F4DD2-7689-43B9-A2AA-C8772227162B,trust_model,"{""theta"": 1.0, ""gain"": 0.6, ""decay"": 0.05, ""tau_lo"": 0.4, ""tau_hi"": 0.6}",180,60,120,0.0,0.5333333333333333,0,64,60,120,1,0.5586592178770949,0,90.0,90.0,0.3111111111111111,0.0,64,0.5333333333333333,
2C32C23E-E30C-498A-8DD2-0EFB9150A02E,2C32C23E_tsts4,481F4DD2-7689-43B9-A2AA-C8772227162B,sprt,"{""A"": 16, ""B"": 16, ""mu_gen"": 0.9892149916430493, ""sd_gen"": 0.0020201957477646556, ""mu_imp"": 0.6543697509524847, ""sd_imp"": 0.36376831809609694}",180,60,120,0.0,0.016666666666666666,0,2,60,120,2,1.1173184357541899,0,60.0,60.0,0.6555555555555556,0.0,2,0.016666666666666666,2.0
2C32C23E-E30C-498A-8DD2-0EFB9150A02E,2C32C23E_tsts5,24E40C4C-A349-4F9F-93AB-01D00FB994AF,instantaneous,"{""theta"": 0.9928057553956835}",180,60,120,0.0,1.0,0,120,60,120,0,0.0,0,180.0,180.0,0.0,0.0,120,1.0,
2C32C23E-E30C-498A-8DD2-0EFB9150A02E,2C32C23E_tsts5,24E40C4C-A349-4F9F-93AB-01D00FB994AF,moving_average,"{""theta"": 0.9928057553956835, ""w"": 20}",180,60,120,0.0,1.0,0,120,60,120,0,0.0,0,180.0,180.0,0.0,0.0,120,1.0,
2C32C23E-E30C-498A-8DD2-0EFB9150A02E,2C32C23E_tsts5,24E40C4C-A349-4F9F-93AB-01D00FB994AF,ewma,"{""theta"": 0.9928057553956835, ""alpha"": 0.1}",180,60,120,0.0,1.0,0,120,60,120,0,0.0,0,180.0,180.0,0.0,0.0,120,1.0,
2C32C23E-E30C-498A-8DD2-0EFB9150A02E,2C32C23E_tsts5,24E40C4C-A349-4F9F-93AB-01D00FB994AF,majority_vote,"{""theta"": 0.9928057553956835, ""w"": 5, ""k"": 3}",180,60,120,0.0,1.0,0,120,60,120,0,0.0,0,180.0,180.0,0.0,0.0,120,1.0,
2C32C23E-E30C-498A-8DD2-0EFB9150A02E,2C32C23E_tsts5,24E40C4C-A349-4F9F-93AB-01D00FB994AF,debounce,"{""theta"": 0.9928057553956835, ""n"": 10}",180,60,120,0.0,0.925,0,111,60,120,1,0.5586592178770949,0,90.0,90.0,0.05,0.0,111,0.925,
2C32C23E-E30C-498A-8DD2-0EFB9150A02E,2C32C23E_tsts5,24E40C4C-A349-4F9F-93AB-01D00FB994AF,margin_dual_threshold,"{""theta"": 0.9887881902270391, ""margin"": 0.05}",180,60,120,1.0,0.0,60,0,60,120,0,0.0,0,180.0,180.0,1.0,,0,0.0,0.0
2C32C23E-E30C-498A-8DD2-0EFB9150A02E,2C32C23E_tsts5,24E40C4C-A349-4F9F-93AB-01D00FB994AF,hysteresis,"{""theta"": 0.9887881902270391, ""margin"": 0.05, ""ttt_frames"": 2}",180,60,120,1.0,0.0,60,0,60,120,0,0.0,0,180.0,180.0,1.0,,0,0.0,0.0
2C32C23E-E30C-498A-8DD2-0EFB9150A02E,2C32C23E_tsts5,24E40C4C-A349-4F9F-93AB-01D00FB994AF,trust_model,"{""theta"": 1.0, ""gain"": 0.6, ""decay"": 0.05, ""tau_lo"": 0.4, ""tau_hi"": 0.6}",180,60,120,0.0,0.5333333333333333,0,64,60,120,1,0.5586592178770949,0,90.0,90.0,0.3111111111111111,0.0,64,0.5333333333333333,
2C32C23E-E30C-498A-8DD2-0EFB9150A02E,2C32C23E_tsts5,24E40C4C-A349-4F9F-93AB-01D00FB994AF,sprt,"{""A"": 16, ""B"": 16, ""mu_gen"": 0.9892149916430493, ""sd_gen"": 0.0020201957477646556, ""mu_imp"": 0.6543697509524847, ""sd_imp"": 0.36376831809609694}",180,60,120,1.0,0.0,60,0,60,120,0,0.0,0,180.0,180.0,1.0,,0,0.0,0.0
3600D531-0C55-44A7-AE95-A7A38519464E,3600D531_tsts0,33A85C34-CFE4-4732-9E73-0A7AC861B27A,instantaneous,"{""theta"": 0.9961159247086944}",180,60,120,0.0,0.0,0,0,60,120,2,1.1173184357541899,0,60.0,60.0,0.6666666666666666,0.0,0,0.0,0.0
3600D531-0C55-44A7-AE95-A7A38519464E,3600D531_tsts0,33A85C34-CFE4-4732-9E73-0A7AC861B27A,moving_average,"{""theta"": 0.9961159247086944, ""w"": 20}",180,60,120,0.0,0.8833333333333333,0,106,60,120,3,1.675977653631285,2,45.0,7.0,0.07777777777777778,0.0,106,0.8833333333333333,
3600D531-0C55-44A7-AE95-A7A38519464E,3600D531_tsts0,33A85C34-CFE4-4732-9E73-0A7AC861B27A,ewma,"{""theta"": 0.9961159247086944, ""alpha"": 0.1}",180,60,120,0.0,0.5,0,60,60,120,1,0.5586592178770949,0,90.0,90.0,0.3333333333333333,0.0,60,0.5,
3600D531-0C55-44A7-AE95-A7A38519464E,3600D531_tsts0,33A85C34-CFE4-4732-9E73-0A7AC861B27A,majority_vote,"{""theta"": 0.9961159247086944, ""w"": 5, ""k"": 4}",180,60,120,0.016666666666666666,0.025,1,3,60,120,2,1.1173184357541899,0,60.0,61.0,0.6555555555555556,1.0,3,0.025,3.0
3600D531-0C55-44A7-AE95-A7A38519464E,3600D531_tsts0,33A85C34-CFE4-4732-9E73-0A7AC861B27A,debounce,"{""theta"": 0.9961159247086944, ""n"": 2}",180,60,120,0.016666666666666666,0.008333333333333333,1,1,60,120,2,1.1173184357541899,0,60.0,60.0,0.6666666666666666,1.0,1,0.008333333333333333,1.0
3600D531-0C55-44A7-AE95-A7A38519464E,3600D531_tsts0,33A85C34-CFE4-4732-9E73-0A7AC861B27A,margin_dual_threshold,"{""theta"": 0.9961159247086944, ""margin"": 0.05}",180,60,120,0.0,0.5,0,60,60,120,1,0.5586592178770949,0,90.0,90.0,0.3333333333333333,0.0,60,0.5,
3600D531-0C55-44A7-AE95-A7A38519464E,3600D531_tsts0,33A85C34-CFE4-4732-9E73-0A7AC861B27A,hysteresis,"{""theta"": 0.9961159247086944, ""margin"": 0.05, ""ttt_frames"": 2}",180,60,120,0.016666666666666666,0.5,1,60,60,120,1,0.5586592178770949,0,90.0,90.0,0.3388888888888889,1.0,60,0.5,
3600D531-0C55-44A7-AE95-A7A38519464E,3600D531_tsts0,33A85C34-CFE4-4732-9E73-0A7AC861B27A,trust_model,"{""theta"": 0.9961159247086944, ""gain"": 0.3, ""decay"": 0.2, ""tau_lo"": 0.4, ""tau_hi"": 0.6}",180,60,120,0.0,0.5,0,60,60,120,1,0.5586592178770949,0,90.0,90.0,0.3333333333333333,0.0,60,0.5,
3600D531-0C55-44A7-AE95-A7A38519464E,3600D531_tsts0,33A85C34-CFE4-4732-9E73-0A7AC861B27A,sprt,"{""A"": 16, ""B"": 1, ""mu_gen"": 0.9951827714703051, ""sd_gen"": 0.022376228583743062, ""mu_imp"": 0.6705527476236319, ""sd_imp"": 0.3617820667996491}",180,60,120,0.0,0.041666666666666664,0,5,60,120,2,1.1173184357541899,0,60.0,60.0,0.6388888888888888,0.0,5,0.041666666666666664,5.0
3600D531-0C55-44A7-AE95-A7A38519464E,3600D531_tsts1,8023FE1A-D3B0-4E2C-A57A-9321B7FC755F,instantaneous,"{""theta"": 0.9961159247086944}",180,60,120,1.0,0.008333333333333333,60,1,60,120,2,1.1173184357541899,2,60.0,54.0,0.9944444444444445,,1,0.008333333333333333,0.0
3600D531-0C55-44A7-AE95-A7A38519464E,3600D531_tsts1,8023FE1A-D3B0-4E2C-A57A-9321B7FC755F,moving_average,"{""theta"": 0.9961159247086944, ""w"": 20}",180,60,120,0.0,0.8833333333333333,0,106,60,120,3,1.675977653631285,2,45.0,7.0,0.07777777777777778,0.0,106,0.8833333333333333,
3600D531-0C55-44A7-AE95-A7A38519464E,3600D531_tsts1,8023FE1A-D3B0-4E2C-A57A-9321B7FC755F,ewma,"{""theta"": 0.9961159247086944, ""alpha"": 0.1}",180,60,120,0.0,0.55,0,66,60,120,1,0.5586592178770949,0,90.0,90.0,0.3,0.0,66,0.55,
3600D531-0C55-44A7-AE95-A7A38519464E,3600D531_tsts1,8023FE1A-D3B0-4E2C-A57A-9321B7FC755F,majority_vote,"{""theta"": 0.9961159247086944, ""w"": 5, ""k"": 4}",180,60,120,1.0,0.0,60,0,60,120,0,0.0,0,180.0,180.0,1.0,,0,0.0,0.0
3600D531-0C55-44A7-AE95-A7A38519464E,3600D531_tsts1,8023FE1A-D3B0-4E2C-A57A-9321B7FC755F,debounce,"{""theta"": 0.9961159247086944, ""n"": 2}",180,60,120,1.0,0.0,60,0,60,120,0,0.0,0,180.0,180.0,1.0,,0,0.0,0.0
3600D531-0C55-44A7-AE95-A7A38519464E,3600D531_tsts1,8023FE1A-D3B0-4E2C-A57A-9321B7FC755F,margin_dual_threshold,"{""theta"": 0.9961159247086944, ""margin"": 0.05}",180,60,120,0.0,0.55,0,66,60,120,1,0.5586592178770949,0,90.0,90.0,0.3,0.0,66,0.55,
3600D531-0C55-44A7-AE95-A7A38519464E,3600D531_tsts1,8023FE1A-D3B0-4E2C-A57A-9321B7FC755F,hysteresis,"{""theta"": 0.9961159247086944, ""margin"": 0.05, ""ttt_frames"": 2}",180,60,120,1.0,0.0,60,0,60,120,0,0.0,0,180.0,180.0,1.0,,0,0.0,0.0
3600D531-0C55-44A7-AE95-A7A38519464E,3600D531_tsts1,8023FE1A-D3B0-4E2C-A57A-9321B7FC755F,trust_model,"{""theta"": 0.9961159247086944, ""gain"": 0.3, ""decay"": 0.2, ""tau_lo"": 0.4, ""tau_hi"": 0.6}",180,60,120,0.0,0.55,0,66,60,120,1,0.5586592178770949,0,90.0,90.0,0.3,0.0,66,0.55,
3600D531-0C55-44A7-AE95-A7A38519464E,3600D531_tsts1,8023FE1A-D3B0-4E2C-A57A-9321B7FC755F,sprt,"{""A"": 16, ""B"": 1, ""mu_gen"": 0.9951827714703051, ""sd_gen"": 0.022376228583743062, ""mu_imp"": 0.6705527476236319, ""sd_imp"": 0.3617820667996491}",180,60,120,1.0,0.05,60,6,60,120,2,1.1173184357541899,0,60.0,54.0,0.9666666666666667,,6,0.05,0.0
3600D531-0C55-44A7-AE95-A7A38519464E,3600D531_tsts2,61359772-D8D8-480D-B623-7C636EAD0C81,instantaneous,"{""theta"": 0.9961159247086944}",180,60,120,0.0,0.008333333333333333,0,1,60,120,4,2.2346368715083798,2,36.0,55.0,0.6611111111111111,0.0,1,0.008333333333333333,0.0
3600D531-0C55-44A7-AE95-A7A38519464E,3600D531_tsts2,61359772-D8D8-480D-B623-7C636EAD0C81,moving_average,"{""theta"": 0.9961159247086944, ""w"": 20}",180,60,120,0.0,0.9666666666666667,0,116,60,120,1,0.5586592178770949,0,90.0,90.0,0.022222222222222223,0.0,116,0.9666666666666667,
3600D531-0C55-44A7-AE95-A7A38519464E,3600D531_tsts2,61359772-D8D8-480D-B623-7C636EAD0C81,ewma,"{""theta"": 0.9961159247086944, ""alpha"": 0.1}",180,60,120,0.0,0.9666666666666667,0,116,60,120,1,0.5586592178770949,0,90.0,90.0,0.022222222222222223,0.0,116,0.9666666666666667,
3600D531-0C55-44A7-AE95-A7A38519464E,3600D531_tsts2,61359772-D8D8-480D-B623-7C636EAD0C81,majority_vote,"{""theta"": 0.9961159247086944, ""w"": 5, ""k"": 4}",180,60,120,0.016666666666666666,0.025,1,3,60,120,2,1.1173184357541899,0,60.0,61.0,0.6555555555555556,1.0,3,0.025,3.0
3600D531-0C55-44A7-AE95-A7A38519464E,3600D531_tsts2,61359772-D8D8-480D-B623-7C636EAD0C81,debounce,"{""theta"": 0.9961159247086944, ""n"": 2}",180,60,120,0.016666666666666666,0.008333333333333333,1,1,60,120,2,1.1173184357541899,0,60.0,60.0,0.6666666666666666,1.0,1,0.008333333333333333,1.0
3600D531-0C55-44A7-AE95-A7A38519464E,3600D531_tsts2,61359772-D8D8-480D-B623-7C636EAD0C81,margin_dual_threshold,"{""theta"": 0.9961159247086944, ""margin"": 0.05}",180,60,120,0.0,0.9666666666666667,0,116,60,120,1,0.5586592178770949,0,90.0,90.0,0.022222222222222223,0.0,116,0.9666666666666667,
3600D531-0C55-44A7-AE95-A7A38519464E,3600D531_tsts2,61359772-D8D8-480D-B623-7C636EAD0C81,hysteresis,"{""theta"": 0.9961159247086944, ""margin"": 0.05, ""ttt_frames"": 2}",180,60,120,0.016666666666666666,0.5,1,60,60,120,1,0.5586592178770949,0,90.0,90.0,0.3388888888888889,1.0,60,0.5,
3600D531-0C55-44A7-AE95-A7A38519464E,3600D531_tsts2,61359772-D8D8-480D-B623-7C636EAD0C81,trust_model,"{""theta"": 0.9961159247086944, ""gain"": 0.3, ""decay"": 0.2, ""tau_lo"": 0.4, ""tau_hi"": 0.6}",180,60,120,0.0,0.5,0,60,60,120,1,0.5586592178770949,0,90.0,90.0,0.3333333333333333,0.0,60,0.5,
3600D531-0C55-44A7-AE95-A7A38519464E,3600D531_tsts2,61359772-D8D8-480D-B623-7C636EAD0C81,sprt,"{""A"": 16, ""B"": 1, ""mu_gen"": 0.9951827714703051, ""sd_gen"": 0.022376228583743062, ""mu_imp"": 0.6705527476236319, ""sd_imp"": 0.3617820667996491}",180,60,120,0.0,0.09166666666666666,0,11,60,120,4,2.2346368715083798,0,36.0,50.0,0.6055555555555555,0.0,11,0.09166666666666666,5.0
3600D531-0C55-44A7-AE95-A7A38519464E,3600D531_tsts3,665514DE-49DC-421F-8DCB-145D0B2609AD,instantaneous,"{""theta"": 0.9961159247086944}",180,60,120,0.0,0.0,0,0,60,120,2,1.1173184357541899,0,60.0,60.0,0.6666666666666666,0.0,0,0.0,0.0
3600D531-0C55-44A7-AE95-A7A38519464E,3600D531_tsts3,665514DE-49DC-421F-8DCB-145D0B2609AD,moving_average,"{""theta"": 0.9961159247086944, ""w"": 20}",180,60,120,0.0,0.8833333333333333,0,106,60,120,3,1.675977653631285,2,45.0,7.0,0.07777777777777778,0.0,106,0.8833333333333333,
3600D531-0C55-44A7-AE95-A7A38519464E,3600D531_tsts3,665514DE-49DC-421F-8DCB-145D0B2609AD,ewma,"{""theta"": 0.9961159247086944, ""alpha"": 0.1}",180,60,120,0.0,0.5,0,60,60,120,1,0.5586592178770949,0,90.0,90.0,0.3333333333333333,0.0,60,0.5,
3600D531-0C55-44A7-AE95-A7A38519464E,3600D531_tsts3,665514DE-49DC-421F-8DCB-145D0B2609AD,majority_vote,"{""theta"": 0.9961159247086944, ""w"": 5, ""k"": 4}",180,60,120,0.016666666666666666,0.025,1,3,60,120,2,1.1173184357541899,0,60.0,61.0,0.6555555555555556,1.0,3,0.025,3.0
3600D531-0C55-44A7-AE95-A7A38519464E,3600D531_tsts3,665514DE-49DC-421F-8DCB-145D0B2609AD,debounce,"{""theta"": 0.9961159247086944, ""n"": 2}",180,60,120,0.016666666666666666,0.008333333333333333,1,1,60,120,2,1.1173184357541899,0,60.0,60.0,0.6666666666666666,1.0,1,0.008333333333333333,1.0
3600D531-0C55-44A7-AE95-A7A38519464E,3600D531_tsts3,665514DE-49DC-421F-8DCB-145D0B2609AD,margin_dual_threshold,"{""theta"": 0.9961159247086944, ""margin"": 0.05}",180,60,120,0.0,0.5,0,60,60,120,1,0.5586592178770949,0,90.0,90.0,0.3333333333333333,0.0,60,0.5,
3600D531-0C55-44A7-AE95-A7A38519464E,3600D531_tsts3,665514DE-49DC-421F-8DCB-145D0B2609AD,hysteresis,"{""theta"": 0.9961159247086944, ""margin"": 0.05, ""ttt_frames"": 2}",180,60,120,0.016666666666666666,0.5,1,60,60,120,1,0.5586592178770949,0,90.0,90.0,0.3388888888888889,1.0,60,0.5,
3600D531-0C55-44A7-AE95-A7A38519464E,3600D531_tsts3,665514DE-49DC-421F-8DCB-145D0B2609AD,trust_model,"{""theta"": 0.9961159247086944, ""gain"": 0.3, ""decay"": 0.2, ""tau_lo"": 0.4, ""tau_hi"": 0.6}",180,60,120,0.0,0.5,0,60,60,120,1,0.5586592178770949,0,90.0,90.0,0.3333333333333333,0.0,60,0.5,
3600D531-0C55-44A7-AE95-A7A38519464E,3600D531_tsts3,665514DE-49DC-421F-8DCB-145D0B2609AD,sprt,"{""A"": 16, ""B"": 1, ""mu_gen"": 0.9951827714703051, ""sd_gen"": 0.022376228583743062, ""mu_imp"": 0.6705527476236319, ""sd_imp"": 0.3617820667996491}",180,60,120,0.0,0.041666666666666664,0,5,60,120,2,1.1173184357541899,0,60.0,60.0,0.6388888888888888,0.0,5,0.041666666666666664,5.0
3600D531-0C55-44A7-AE95-A7A38519464E,3600D531_tsts4,ECECC2AB-D32F-4F90-B74C-E12A1C69BBE2,instantaneous,"{""theta"": 0.9961159247086944}",180,60,120,0.8333333333333334,0.0,50,0,60,120,2,1.1173184357541899,0,60.0,60.0,0.9444444444444444,0.0,0,0.0,0.0
3600D531-0C55-44A7-AE95-A7A38519464E,3600D531_tsts4,ECECC2AB-D32F-4F90-B74C-E12A1C69BBE2,moving_average,"{""theta"": 0.9961159247086944, ""w"": 20}",180,60,120,0.5166666666666667,0.725,31,87,60,120,5,2.793296089385475,2,30.0,25.0,0.35555555555555557,0.0,87,0.725,0.0
3600D531-0C55-44A7-AE95-A7A38519464E,3600D531_tsts4,ECECC2AB-D32F-4F90-B74C-E12A1C69BBE2,ewma,"{""theta"": 0.9961159247086944, ""alpha"": 0.1}",180,60,120,0.08333333333333333,0.0,5,0,60,120,2,1.1173184357541899,0,60.0,60.0,0.6944444444444444,0.0,0,0.0,0.0
3600D531-0C55-44A7-AE95-A7A38519464E,3600D531_tsts4,ECECC2AB-D32F-4F90-B74C-E12A1C69BBE2,majority_vote,"{""theta"": 0.9961159247086944, ""w"": 5, ""k"": 4}",180,60,120,0.8,0.0,48,0,60,120,2,1.1173184357541899,0,60.0,61.0,0.9333333333333333,1.0,0,0.0,0.0
3600D531-0C55-44A7-AE95-A7A38519464E,3600D531_tsts4,ECECC2AB-D32F-4F90-B74C-E12A1C69BBE2,debounce,"{""theta"": 0.9961159247086944, ""n"": 2}",180,60,120,0.8333333333333334,0.0,50,0,60,120,2,1.1173184357541899,0,60.0,61.0,0.9444444444444444,1.0,0,0.0,0.0
3600D531-0C55-44A7-AE95-A7A38519464E,3600D531_tsts4,ECECC2AB-D32F-4F90-B74C-E12A1C69BBE2,margin_dual_threshold,"{""theta"": 0.9961159247086944, ""margin"": 0.05}",180,60,120,0.0,0.5,0,60,60,120,1,0.5586592178770949,0,90.0,90.0,0.3333333333333333,0.0,60,0.5,
3600D531-0C55-44A7-AE95-A7A38519464E,3600D531_tsts4,ECECC2AB-D32F-4F90-B74C-E12A1C69BBE2,hysteresis,"{""theta"": 0.9961159247086944, ""margin"": 0.05, ""ttt_frames"": 2}",180,60,120,0.016666666666666666,0.5,1,60,60,120,1,0.5586592178770949,0,90.0,90.0,0.3388888888888889,1.0,60,0.5,
3600D531-0C55-44A7-AE95-A7A38519464E,3600D531_tsts4,ECECC2AB-D32F-4F90-B74C-E12A1C69BBE2,trust_model,"{""theta"": 0.9961159247086944, ""gain"": 0.3, ""decay"": 0.2, ""tau_lo"": 0.4, ""tau_hi"": 0.6}",180,60,120,0.0,0.5,0,60,60,120,1,0.5586592178770949,0,90.0,90.0,0.3333333333333333,0.0,60,0.5,
3600D531-0C55-44A7-AE95-A7A38519464E,3600D531_tsts4,ECECC2AB-D32F-4F90-B74C-E12A1C69BBE2,sprt,"{""A"": 16, ""B"": 1, ""mu_gen"": 0.9951827714703051, ""sd_gen"": 0.022376228583743062, ""mu_imp"": 0.6705527476236319, ""sd_imp"": 0.3617820667996491}",180,60,120,0.75,0.0,45,0,60,120,2,1.1173184357541899,0,60.0,60.0,0.9166666666666666,0.0,0,0.0,0.0
3600D531-0C55-44A7-AE95-A7A38519464E,3600D531_tsts5,00EABED2-271D-49D8-B599-1D4A09240601,instantaneous,"{""theta"": 0.9961159247086944}",180,60,120,1.0,0.0,60,0,60,120,0,0.0,0,180.0,180.0,1.0,,0,0.0,0.0
3600D531-0C55-44A7-AE95-A7A38519464E,3600D531_tsts5,00EABED2-271D-49D8-B599-1D4A09240601,moving_average,"{""theta"": 0.9961159247086944, ""w"": 20}",180,60,120,0.0,0.8833333333333333,0,106,60,120,3,1.675977653631285,2,45.0,7.0,0.07777777777777778,0.0,106,0.8833333333333333,
3600D531-0C55-44A7-AE95-A7A38519464E,3600D531_tsts5,00EABED2-271D-49D8-B599-1D4A09240601,ewma,"{""theta"": 0.9961159247086944, ""alpha"": 0.1}",180,60,120,1.0,0.0,60,0,60,120,0,0.0,0,180.0,180.0,1.0,,0,0.0,0.0
3600D531-0C55-44A7-AE95-A7A38519464E,3600D531_tsts5,00EABED2-271D-49D8-B599-1D4A09240601,majority_vote,"{""theta"": 0.9961159247086944, ""w"": 5, ""k"": 4}",180,60,120,1.0,0.0,60,0,60,120,0,0.0,0,180.0,180.0,1.0,,0,0.0,0.0
3600D531-0C55-44A7-AE95-A7A38519464E,3600D531_tsts5,00EABED2-271D-49D8-B599-1D4A09240601,debounce,"{""theta"": 0.9961159247086944, ""n"": 2}",180,60,120,1.0,0.0,60,0,60,120,0,0.0,0,180.0,180.0,1.0,,0,0.0,0.0
3600D531-0C55-44A7-AE95-A7A38519464E,3600D531_tsts5,00EABED2-271D-49D8-B599-1D4A09240601,margin_dual_threshold,"{""theta"": 0.9961159247086944, ""margin"": 0.05}",180,60,120,1.0,0.0,60,0,60,120,0,0.0,0,180.0,180.0,1.0,,0,0.0,0.0
3600D531-0C55-44A7-AE95-A7A38519464E,3600D531_tsts5,00EABED2-271D-49D8-B599-1D4A09240601,hysteresis,"{""theta"": 0.9961159247086944, ""margin"": 0.05, ""ttt_frames"": 2}",180,60,120,1.0,0.0,60,0,60,120,0,0.0,0,180.0,180.0,1.0,,0,0.0,0.0
3600D531-0C55-44A7-AE95-A7A38519464E,3600D531_tsts5,00EABED2-271D-49D8-B599-1D4A09240601,trust_model,"{""theta"": 0.9961159247086944, ""gain"": 0.3, ""decay"": 0.2, ""tau_lo"": 0.4, ""tau_hi"": 0.6}",180,60,120,1.0,0.0,60,0,60,120,0,0.0,0,180.0,180.0,1.0,,0,0.0,0.0
3600D531-0C55-44A7-AE95-A7A38519464E,3600D531_tsts5,00EABED2-271D-49D8-B599-1D4A09240601,sprt,"{""A"": 16, ""B"": 1, ""mu_gen"": 0.9951827714703051, ""sd_gen"": 0.022376228583743062, ""mu_imp"": 0.6705527476236319, ""sd_imp"": 0.3617820667996491}",180,60,120,1.0,0.0,60,0,60,120,0,0.0,0,180.0,180.0,1.0,,0,0.0,0.0
4FC32141-E888-4BFF-8804-12559A491D8C,4FC32141_tsts0,24E40C4C-A349-4F9F-93AB-01D00FB994AF,instantaneous,"{""theta"": 0.9955982392957183}",180,60,120,1.0,0.0,60,0,60,120,0,0.0,0,180.0,180.0,1.0,,0,0.0,0.0
4FC32141-E888-4BFF-8804-12559A491D8C,4FC32141_tsts0,24E40C4C-A349-4F9F-93AB-01D00FB994AF,moving_average,"{""theta"": 0.9955982392957183, ""w"": 20}",180,60,120,0.0,0.7083333333333334,0,85,60,120,5,2.793296089385475,2,30.0,10.5,0.19444444444444445,0.0,85,0.7083333333333334,32.0
4FC32141-E888-4BFF-8804-12559A491D8C,4FC32141_tsts0,24E40C4C-A349-4F9F-93AB-01D00FB994AF,ewma,"{""theta"": 0.9955982392957183, ""alpha"": 0.5}",180,60,120,1.0,0.0,60,0,60,120,0,0.0,0,180.0,180.0,1.0,,0,0.0,0.0
4FC32141-E888-4BFF-8804-12559A491D8C,4FC32141_tsts0,24E40C4C-A349-4F9F-93AB-01D00FB994AF,majority_vote,"{""theta"": 0.9955982392957183, ""w"": 10, ""k"": 8}",180,60,120,1.0,0.0,60,0,60,120,0,0.0,0,180.0,180.0,1.0,,0,0.0,0.0
4FC32141-E888-4BFF-8804-12559A491D8C,4FC32141_tsts0,24E40C4C-A349-4F9F-93AB-01D00FB994AF,debounce,"{""theta"": 0.9955982392957183, ""n"": 2}",180,60,120,1.0,0.0,60,0,60,120,0,0.0,0,180.0,180.0,1.0,,0,0.0,0.0
4FC32141-E888-4BFF-8804-12559A491D8C,4FC32141_tsts0,24E40C4C-A349-4F9F-93AB-01D00FB994AF,margin_dual_threshold,"{""theta"": 0.9955982392957183, ""margin"": 0.05}",180,60,120,1.0,0.0,60,0,60,120,0,0.0,0,180.0,180.0,1.0,,0,0.0,0.0
4FC32141-E888-4BFF-8804-12559A491D8C,4FC32141_tsts0,24E40C4C-A349-4F9F-93AB-01D00FB994AF,hysteresis,"{""theta"": 0.9955982392957183, ""margin"": 0.05, ""ttt_frames"": 2}",180,60,120,1.0,0.0,60,0,60,120,0,0.0,0,180.0,180.0,1.0,,0,0.0,0.0
4FC32141-E888-4BFF-8804-12559A491D8C,4FC32141_tsts0,24E40C4C-A349-4F9F-93AB-01D00FB994AF,trust_model,"{""theta"": 0.9955982392957183, ""gain"": 0.3, ""decay"": 0.05, ""tau_lo"": 0.4, ""tau_hi"": 0.6}",180,60,120,1.0,0.0,60,0,60,120,0,0.0,0,180.0,180.0,1.0,,0,0.0,0.0
4FC32141-E888-4BFF-8804-12559A491D8C,4FC32141_tsts0,24E40C4C-A349-4F9F-93AB-01D00FB994AF,sprt,"{""A"": 16, ""B"": 1, ""mu_gen"": 0.9956226935218534, ""sd_gen"": 0.001, ""mu_imp"": 0.6824139377973413, ""sd_imp"": 0.3588706601574744}",180,60,120,1.0,0.0,60,0,60,120,0,0.0,0,180.0,180.0,1.0,,0,0.0,0.0
4FC32141-E888-4BFF-8804-12559A491D8C,4FC32141_tsts1,F50235E0-DD67-4F2A-B00B-1F31ADA998B9,instantaneous,"{""theta"": 0.9955982392957183}",180,60,120,0.0,0.0,0,0,60,120,2,1.1173184357541899,0,60.0,60.0,0.6666666666666666,0.0,0,0.0,0.0
4FC32141-E888-4BFF-8804-12559A491D8C,4FC32141_tsts1,F50235E0-DD67-4F2A-B00B-1F31ADA998B9,moving_average,"{""theta"": 0.9955982392957183, ""w"": 20}",180,60,120,0.0,0.7833333333333333,0,94,60,120,5,2.793296089385475,2,30.0,12.0,0.14444444444444443,0.0,94,0.7833333333333333,19.0
4FC32141-E888-4BFF-8804-12559A491D8C,4FC32141_tsts1,F50235E0-DD67-4F2A-B00B-1F31ADA998B9,ewma,"{""theta"": 0.9955982392957183, ""alpha"": 0.5}",180,60,120,0.0,0.075,0,9,60,120,2,1.1173184357541899,0,60.0,60.0,0.6166666666666667,0.0,9,0.075,9.0
4FC32141-E888-4BFF-8804-12559A491D8C,4FC32141_tsts1,F50235E0-DD67-4F2A-B00B-1F31ADA998B9,majority_vote,"{""theta"": 0.9955982392957183, ""w"": 10, ""k"": 8}",180,60,120,0.03333333333333333,0.058333333333333334,2,7,60,120,2,1.1173184357541899,0,60.0,62.0,0.6388888888888888,2.0,7,0.058333333333333334,7.0
4FC32141-E888-4BFF-8804-12559A491D8C,4FC32141_tsts1,F50235E0-DD67-4F2A-B00B-1F31ADA998B9,debounce,"{""theta"": 0.9955982392957183, ""n"": 2}",180,60,120,0.016666666666666666,0.008333333333333333,1,1,60,120,2,1.1173184357541899,0,60.0,60.0,0.6666666666666666,1.0,1,0.008333333333333333,1.0
4FC32141-E888-4BFF-8804-12559A491D8C,4FC32141_tsts1,F50235E0-DD67-4F2A-B00B-1F31ADA998B9,margin_dual_threshold,"{""theta"": 0.9955982392957183, ""margin"": 0.05}",180,60,120,0.0,0.5,0,60,60,120,1,0.5586592178770949,0,90.0,90.0,0.3333333333333333,0.0,60,0.5,
4FC32141-E888-4BFF-8804-12559A491D8C,4FC32141_tsts1,F50235E0-DD67-4F2A-B00B-1F31ADA998B9,hysteresis,"{""theta"": 0.9955982392957183, ""margin"": 0.05, ""ttt_frames"": 2}",180,60,120,0.016666666666666666,0.5,1,60,60,120,1,0.5586592178770949,0,90.0,90.0,0.3388888888888889,1.0,60,0.5,
4FC32141-E888-4BFF-8804-12559A491D8C,4FC32141_tsts1,F50235E0-DD67-4F2A-B00B-1F31ADA998B9,trust_model,"{""theta"": 0.9955982392957183, ""gain"": 0.3, ""decay"": 0.05, ""tau_lo"": 0.4, ""tau_hi"": 0.6}",180,60,120,0.0,0.5,0,60,60,120,1,0.5586592178770949,0,90.0,90.0,0.3333333333333333,0.0,60,0.5,
4FC32141-E888-4BFF-8804-12559A491D8C,4FC32141_tsts1,F50235E0-DD67-4F2A-B00B-1F31ADA998B9,sprt,"{""A"": 16, ""B"": 1, ""mu_gen"": 0.9956226935218534, ""sd_gen"": 0.001, ""mu_imp"": 0.6824139377973413, ""sd_imp"": 0.3588706601574744}",180,60,120,0.0,0.05,0,6,60,120,4,2.2346368715083798,0,36.0,47.0,0.6333333333333333,0.0,6,0.05,2.0
4FC32141-E888-4BFF-8804-12559A491D8C,4FC32141_tsts2,0BFC35E2-4817-4865-BFA7-764742302A2D,instantaneous,"{""theta"": 0.9955982392957183}",180,60,120,0.0,0.0,0,0,60,120,2,1.1173184357541899,0,60.0,60.0,0.6666666666666666,0.0,0,0.0,0.0
4FC32141-E888-4BFF-8804-12559A491D8C,4FC32141_tsts2,0BFC35E2-4817-4865-BFA7-764742302A2D,moving_average,"{""theta"": 0.9955982392957183, ""w"": 20}",180,60,120,0.0,0.5333333333333333,0,64,60,120,4,2.2346368715083798,2,36.0,13.0,0.3111111111111111,0.0,64,0.5333333333333333,19.0
4FC32141-E888-4BFF-8804-12559A491D8C,4FC32141_tsts2,0BFC35E2-4817-4865-BFA7-764742302A2D,ewma,"{""theta"": 0.9955982392957183, ""alpha"": 0.5}",180,60,120,0.0,0.09166666666666666,0,11,60,120,2,1.1173184357541899,0,60.0,60.0,0.6055555555555555,0.0,11,0.09166666666666666,11.0
4FC32141-E888-4BFF-8804-12559A491D8C,4FC32141_tsts2,0BFC35E2-4817-4865-BFA7-764742302A2D,majority_vote,"{""theta"": 0.9955982392957183, ""w"": 10, ""k"": 8}",180,60,120,0.03333333333333333,0.058333333333333334,2,7,60,120,2,1.1173184357541899,0,60.0,62.0,0.6388888888888888,2.0,7,0.058333333333333334,7.0
4FC32141-E888-4BFF-8804-12559A491D8C,4FC32141_tsts2,0BFC35E2-4817-4865-BFA7-764742302A2D,debounce,"{""theta"": 0.9955982392957183, ""n"": 2}",180,60,120,0.016666666666666666,0.008333333333333333,1,1,60,120,2,1.1173184357541899,0,60.0,60.0,0.6666666666666666,1.0,1,0.008333333333333333,1.0
4FC32141-E888-4BFF-8804-12559A491D8C,4FC32141_tsts2,0BFC35E2-4817-4865-BFA7-764742302A2D,margin_dual_threshold,"{""theta"": 0.9955982392957183, ""margin"": 0.05}",180,60,120,0.0,0.5,0,60,60,120,1,0.5586592178770949,0,90.0,90.0,0.3333333333333333,0.0,60,0.5,
4FC32141-E888-4BFF-8804-12559A491D8C,4FC32141_tsts2,0BFC35E2-4817-4865-BFA7-764742302A2D,hysteresis,"{""theta"": 0.9955982392957183, ""margin"": 0.05, ""ttt_frames"": 2}",180,60,120,0.016666666666666666,0.5,1,60,60,120,1,0.5586592178770949,0,90.0,90.0,0.3388888888888889,1.0,60,0.5,
4FC32141-E888-4BFF-8804-12559A491D8C,4FC32141_tsts2,0BFC35E2-4817-4865-BFA7-764742302A2D,trust_model,"{""theta"": 0.9955982392957183, ""gain"": 0.3, ""decay"": 0.05, ""tau_lo"": 0.4, ""tau_hi"": 0.6}",180,60,120,0.0,0.5,0,60,60,120,1,0.5586592178770949,0,90.0,90.0,0.3333333333333333,0.0,60,0.5,
4FC32141-E888-4BFF-8804-12559A491D8C,4FC32141_tsts2,0BFC35E2-4817-4865-BFA7-764742302A2D,sprt,"{""A"": 16, ""B"": 1, ""mu_gen"": 0.9956226935218534, ""sd_gen"": 0.001, ""mu_imp"": 0.6824139377973413, ""sd_imp"": 0.3588706601574744}",180,60,120,0.0,0.016666666666666666,0,2,60,120,2,1.1173184357541899,0,60.0,60.0,0.6555555555555556,0.0,2,0.016666666666666666,2.0
4FC32141-E888-4BFF-8804-12559A491D8C,4FC32141_tsts3,11B5EC4D-4133-4289-B475-4E737182A406,instantaneous,"{""theta"": 0.9955982392957183}",180,60,120,1.0,0.0,60,0,60,120,0,0.0,0,180.0,180.0,1.0,,0,0.0,0.0
4FC32141-E888-4BFF-8804-12559A491D8C,4FC32141_tsts3,11B5EC4D-4133-4289-B475-4E737182A406,moving_average,"{""theta"": 0.9955982392957183, ""w"": 20}",180,60,120,0.0,0.7083333333333334,0,85,60,120,5,2.793296089385475,2,30.0,16.5,0.19444444444444445,0.0,85,0.7083333333333334,14.0
4FC32141-E888-4BFF-8804-12559A491D8C,4FC32141_tsts3,11B5EC4D-4133-4289-B475-4E737182A406,ewma,"{""theta"": 0.9955982392957183, ""alpha"": 0.5}",180,60,120,1.0,0.0,60,0,60,120,0,0.0,0,180.0,180.0,1.0,,0,0.0,0.0
4FC32141-E888-4BFF-8804-12559A491D8C,4FC32141_tsts3,11B5EC4D-4133-4289-B475-4E737182A406,majority_vote,"{""theta"": 0.9955982392957183, ""w"": 10, ""k"": 8}",180,60,120,1.0,0.0,60,0,60,120,0,0.0,0,180.0,180.0,1.0,,0,0.0,0.0
4FC32141-E888-4BFF-8804-12559A491D8C,4FC32141_tsts3,11B5EC4D-4133-4289-B475-4E737182A406,debounce,"{""theta"": 0.9955982392957183, ""n"": 2}",180,60,120,1.0,0.0,60,0,60,120,0,0.0,0,180.0,180.0,1.0,,0,0.0,0.0
4FC32141-E888-4BFF-8804-12559A491D8C,4FC32141_tsts3,11B5EC4D-4133-4289-B475-4E737182A406,margin_dual_threshold,"{""theta"": 0.9955982392957183, ""margin"": 0.05}",180,60,120,1.0,0.0,60,0,60,120,0,0.0,0,180.0,180.0,1.0,,0,0.0,0.0
4FC32141-E888-4BFF-8804-12559A491D8C,4FC32141_tsts3,11B5EC4D-4133-4289-B475-4E737182A406,hysteresis,"{""theta"": 0.9955982392957183, ""margin"": 0.05, ""ttt_frames"": 2}",180,60,120,1.0,0.0,60,0,60,120,0,0.0,0,180.0,180.0,1.0,,0,0.0,0.0
4FC32141-E888-4BFF-8804-12559A491D8C,4FC32141_tsts3,11B5EC4D-4133-4289-B475-4E737182A406,trust_model,"{""theta"": 0.9955982392957183, ""gain"": 0.3, ""decay"": 0.05, ""tau_lo"": 0.4, ""tau_hi"": 0.6}",180,60,120,1.0,0.0,60,0,60,120,0,0.0,0,180.0,180.0,1.0,,0,0.0,0.0
4FC32141-E888-4BFF-8804-12559A491D8C,4FC32141_tsts3,11B5EC4D-4133-4289-B475-4E737182A406,sprt,"{""A"": 16, ""B"": 1, ""mu_gen"": 0.9956226935218534, ""sd_gen"": 0.001, ""mu_imp"": 0.6824139377973413, ""sd_imp"": 0.3588706601574744}",180,60,120,1.0,0.0,60,0,60,120,0,0.0,0,180.0,180.0,1.0,,0,0.0,0.0
4FC32141-E888-4BFF-8804-12559A491D8C,4FC32141_tsts4,F50235E0-DD67-4F2A-B00B-1F31ADA998B9,instantaneous,"{""theta"": 0.9955982392957183}",180,60,120,0.0,0.0,0,0,60,120,2,1.1173184357541899,0,60.0,60.0,0.6666666666666666,0.0,0,0.0,0.0
4FC32141-E888-4BFF-8804-12559A491D8C,4FC32141_tsts4,F50235E0-DD67-4F2A-B00B-1F31ADA998B9,moving_average,"{""theta"": 0.9955982392957183, ""w"": 20}",180,60,120,0.0,0.7916666666666666,0,95,60,120,5,2.793296089385475,2,30.0,11.5,0.1388888888888889,0.0,95,0.7916666666666666,19.0
4FC32141-E888-4BFF-8804-12559A491D8C,4FC32141_tsts4,F50235E0-DD67-4F2A-B00B-1F31ADA998B9,ewma,"{""theta"": 0.9955982392957183, ""alpha"": 0.5}",180,60,120,0.0,0.075,0,9,60,120,2,1.1173184357541899,0,60.0,60.0,0.6166666666666667,0.0,9,0.075,9.0
4FC32141-E888-4BFF-8804-12559A491D8C,4FC32141_tsts4,F50235E0-DD67-4F2A-B00B-1F31ADA998B9,majority_vote,"{""theta"": 0.9955982392957183, ""w"": 10, ""k"": 8}",180,60,120,0.03333333333333333,0.058333333333333334,2,7,60,120,2,1.1173184357541899,0,60.0,62.0,0.6388888888888888,2.0,7,0.058333333333333334,7.0
4FC32141-E888-4BFF-8804-12559A491D8C,4FC32141_tsts4,F50235E0-DD67-4F2A-B00B-1F31ADA998B9,debounce,"{""theta"": 0.9955982392957183, ""n"": 2}",180,60,120,0.016666666666666666,0.008333333333333333,1,1,60,120,2,1.1173184357541899,0,60.0,60.0,0.6666666666666666,1.0,1,0.008333333333333333,1.0
4FC32141-E888-4BFF-8804-12559A491D8C,4FC32141_tsts4,F50235E0-DD67-4F2A-B00B-1F31ADA998B9,margin_dual_threshold,"{""theta"": 0.9955982392957183, ""margin"": 0.05}",180,60,120,0.0,0.5,0,60,60,120,1,0.5586592178770949,0,90.0,90.0,0.3333333333333333,0.0,60,0.5,
4FC32141-E888-4BFF-8804-12559A491D8C,4FC32141_tsts4,F50235E0-DD67-4F2A-B00B-1F31ADA998B9,hysteresis,"{""theta"": 0.9955982392957183, ""margin"": 0.05, ""ttt_frames"": 2}",180,60,120,0.016666666666666666,0.5,1,60,60,120,1,0.5586592178770949,0,90.0,90.0,0.3388888888888889,1.0,60,0.5,
4FC32141-E888-4BFF-8804-12559A491D8C,4FC32141_tsts4,F50235E0-DD67-4F2A-B00B-1F31ADA998B9,trust_model,"{""theta"": 0.9955982392957183, ""gain"": 0.3, ""decay"": 0.05, ""tau_lo"": 0.4, ""tau_hi"": 0.6}",180,60,120,0.0,0.5,0,60,60,120,1,0.5586592178770949,0,90.0,90.0,0.3333333333333333,0.0,60,0.5,
4FC32141-E888-4BFF-8804-12559A491D8C,4FC32141_tsts4,F50235E0-DD67-4F2A-B00B-1F31ADA998B9,sprt,"{""A"": 16, ""B"": 1, ""mu_gen"": 0.9956226935218534, ""sd_gen"": 0.001, ""mu_imp"": 0.6824139377973413, ""sd_imp"": 0.3588706601574744}",180,60,120,0.0,0.041666666666666664,0,5,60,120,4,2.2346368715083798,2,36.0,48.0,0.6388888888888888,0.0,5,0.041666666666666664,2.0
5119D0F8-FCA8-4184-A4EB-19421A40DE0D,5119D0F8_tsts0,481F4DD2-7689-43B9-A2AA-C8772227162B,instantaneous,"{""theta"": 0.999903128935387}",180,60,120,0.0,0.9666666666666667,0,116,60,120,6,3.35195530726257,6,25.714285714285715,2.0,0.022222222222222223,0.0,116,0.9666666666666667,
5119D0F8-FCA8-4184-A4EB-19421A40DE0D,5119D0F8_tsts0,481F4DD2-7689-43B9-A2AA-C8772227162B,moving_average,"{""theta"": 0.9438147825244599, ""w"": 5}",180,60,120,0.0,0.875,0,105,60,120,5,2.793296089385475,2,30.0,4.5,0.08333333333333333,0.0,105,0.875,42.0
5119D0F8-FCA8-4184-A4EB-19421A40DE0D,5119D0F8_tsts0,481F4DD2-7689-43B9-A2AA-C8772227162B,ewma,"{""theta"": 0.999903128935387, ""alpha"": 0.5}",180,60,120,0.0,1.0,0,120,60,120,0,0.0,0,180.0,180.0,0.0,0.0,120,1.0,
5119D0F8-FCA8-4184-A4EB-19421A40DE0D,5119D0F8_tsts0,481F4DD2-7689-43B9-A2AA-C8772227162B,majority_vote,"{""theta"": 0.999903128935387, ""w"": 5, ""k"": 3}",180,60,120,0.0,0.9916666666666667,0,119,60,120,2,1.1173184357541899,2,60.0,13.0,0.005555555555555556,0.0,119,0.9916666666666667,
5119D0F8-FCA8-4184-A4EB-19421A40DE0D,5119D0F8_tsts0,481F4DD2-7689-43B9-A2AA-C8772227162B,debounce,"{""theta"": 0.999903128935387, ""n"": 3}",180,60,120,0.0,0.9833333333333333,0,118,60,120,1,0.5586592178770949,0,90.0,90.0,0.011111111111111112,0.0,118,0.9833333333333333,
5119D0F8-FCA8-4184-A4EB-19421A40DE0D,5119D0F8_tsts0,481F4DD2-7689-43B9-A2AA-C8772227162B,margin_dual_threshold,"{""theta"": 0.999903128935387, ""margin"": 0.05}",180,60,120,0.0,1.0,0,120,60,120,0,0.0,0,180.0,180.0,0.0,0.0,120,1.0,
5119D0F8-FCA8-4184-A4EB-19421A40DE0D,5119D0F8_tsts0,481F4DD2-7689-43B9-A2AA-C8772227162B,hysteresis,"{""theta"": 0.999903128935387, ""margin"": 0.05, ""ttt_frames"": 10}",180,60,120,0.0,0.925,0,111,60,120,1,0.5586592178770949,0,90.0,90.0,0.05,0.0,111,0.925,
5119D0F8-FCA8-4184-A4EB-19421A40DE0D,5119D0F8_tsts0,481F4DD2-7689-43B9-A2AA-C8772227162B,trust_model,"{""theta"": 0.999903128935387, ""gain"": 0.6, ""decay"": 0.0, ""tau_lo"": 0.4, ""tau_hi"": 0.6}",180,60,120,0.0,0.8583333333333333,0,103,60,120,1,0.5586592178770949,0,90.0,90.0,0.09444444444444444,0.0,103,0.8583333333333333,
5119D0F8-FCA8-4184-A4EB-19421A40DE0D,5119D0F8_tsts0,481F4DD2-7689-43B9-A2AA-C8772227162B,sprt,"{""A"": 16, ""B"": 1, ""mu_gen"": 0.9674496068649293, ""sd_gen"": 0.049046463590113054, ""mu_imp"": 0.5887587183958151, ""sd_imp"": 0.3880954249371151}",180,60,120,0.0,0.06666666666666667,0,8,60,120,3,1.675977653631285,0,45.0,56.0,0.6222222222222222,0.0,8,0.06666666666666667,6.0
5119D0F8-FCA8-4184-A4EB-19421A40DE0D,5119D0F8_tsts1,F50235E0-DD67-4F2A-B00B-1F31ADA998B9,instantaneous,"{""theta"": 0.999903128935387}",180,60,120,0.0,0.9,0,108,60,120,11,6.145251396648045,11,15.0,2.5,0.06666666666666667,0.0,108,0.9,51.0
5119D0F8-FCA8-4184-A4EB-19421A40DE0D,5119D0F8_tsts1,F50235E0-DD67-4F2A-B00B-1F31ADA998B9,moving_average,"{""theta"": 0.9438147825244599, ""w"": 5}",180,60,120,0.0,0.7583333333333333,0,91,60,120,8,4.4692737430167595,2,20.0,9.0,0.16111111111111112,0.0,91,0.7583333333333333,35.0
5119D0F8-FCA8-4184-A4EB-19421A40DE0D,5119D0F8_tsts1,F50235E0-DD67-4F2A-B00B-1F31ADA998B9,ewma,"{""theta"": 0.999903128935387, ""alpha"": 0.5}",180,60,120,0.0,1.0,0,120,60,120,0,0.0,0,180.0,180.0,0.0,0.0,120,1.0,
5119D0F8-FCA8-4184-A4EB-19421A40DE0D,5119D0F8_tsts1,F50235E0-DD67-4F2A-B00B-1F31ADA998B9,majority_vote,"{""theta"": 0.999903128935387, ""w"": 5, ""k"": 3}",180,60,120,0.0,0.9333333333333333,0,112,60,120,3,1.675977653631285,2,45.0,13.5,0.044444444444444446,0.0,112,0.9333333333333333,53.0
5119D0F8-FCA8-4184-A4EB-19421A40DE0D,5119D0F8_tsts1,F50235E0-DD67-4F2A-B00B-1F31ADA998B9,debounce,"{""theta"": 0.999903128935387, ""n"": 3}",180,60,120,0.0,0.925,0,111,60,120,2,1.1173184357541899,0,60.0,7.0,0.05,0.0,111,0.925,53.0
5119D0F8-FCA8-4184-A4EB-19421A40DE0D,5119D0F8_tsts1,F50235E0-DD67-4F2A-B00B-1F31ADA998B9,margin_dual_threshold,"{""theta"": 0.999903128935387, ""margin"": 0.05}",180,60,120,0.0,1.0,0,120,60,120,0,0.0,0,180.0,180.0,0.0,0.0,120,1.0,
5119D0F8-FCA8-4184-A4EB-19421A40DE0D,5119D0F8_tsts1,F50235E0-DD67-4F2A-B00B-1F31ADA998B9,hysteresis,"{""theta"": 0.999903128935387, ""margin"": 0.05, ""ttt_frames"": 10}",180,60,120,0.0,0.925,0,111,60,120,1,0.5586592178770949,0,90.0,90.0,0.05,0.0,111,0.925,
5119D0F8-FCA8-4184-A4EB-19421A40DE0D,5119D0F8_tsts1,F50235E0-DD67-4F2A-B00B-1F31ADA998B9,trust_model,"{""theta"": 0.999903128935387, ""gain"": 0.6, ""decay"": 0.0, ""tau_lo"": 0.4, ""tau_hi"": 0.6}",180,60,120,0.0,0.85,0,102,60,120,1,0.5586592178770949,0,90.0,90.0,0.1,0.0,102,0.85,
5119D0F8-FCA8-4184-A4EB-19421A40DE0D,5119D0F8_tsts1,F50235E0-DD67-4F2A-B00B-1F31ADA998B9,sprt,"{""A"": 16, ""B"": 1, ""mu_gen"": 0.9674496068649293, ""sd_gen"": 0.049046463590113054, ""mu_imp"": 0.5887587183958151, ""sd_imp"": 0.3880954249371151}",180,60,120,0.0,0.10833333333333334,0,13,60,120,4,2.2346368715083798,0,36.0,32.0,0.5944444444444444,0.0,13,0.10833333333333334,6.0
5119D0F8-FCA8-4184-A4EB-19421A40DE0D,5119D0F8_tsts2,7CE37510-56D0-4120-A1CF-0E23351428D2,instantaneous,"{""theta"": 0.999903128935387}",180,60,120,0.0,0.65,0,78,60,120,15,8.379888268156424,15,11.25,1.0,0.23333333333333334,0.0,78,0.65,17.0
5119D0F8-FCA8-4184-A4EB-19421A40DE0D,5119D0F8_tsts2,7CE37510-56D0-4120-A1CF-0E23351428D2,moving_average,"{""theta"": 0.9438147825244599, ""w"": 5}",180,60,120,0.0,0.525,0,63,60,120,4,2.2346368715083798,0,36.0,7.0,0.31666666666666665,0.0,63,0.525,14.0
5119D0F8-FCA8-4184-A4EB-19421A40DE0D,5119D0F8_tsts2,7CE37510-56D0-4120-A1CF-0E23351428D2,ewma,"{""theta"": 0.999903128935387, ""alpha"": 0.5}",180,60,120,0.0,1.0,0,120,60,120,0,0.0,0,180.0,180.0,0.0,0.0,120,1.0,
5119D0F8-FCA8-4184-A4EB-19421A40DE0D,5119D0F8_tsts2,7CE37510-56D0-4120-A1CF-0E23351428D2,majority_vote,"{""theta"": 0.999903128935387, ""w"": 5, ""k"": 3}",180,60,120,0.0,0.65,0,78,60,120,1,0.5586592178770949,0,90.0,90.0,0.23333333333333334,0.0,78,0.65,18.0
5119D0F8-FCA8-4184-A4EB-19421A40DE0D,5119D0F8_tsts2,7CE37510-56D0-4120-A1CF-0E23351428D2,debounce,"{""theta"": 0.999903128935387, ""n"": 3}",180,60,120,0.0,0.6416666666666667,0,77,60,120,2,1.1173184357541899,0,60.0,41.0,0.2388888888888889,0.0,77,0.6416666666666667,19.0
5119D0F8-FCA8-4184-A4EB-19421A40DE0D,5119D0F8_tsts2,7CE37510-56D0-4120-A1CF-0E23351428D2,margin_dual_threshold,"{""theta"": 0.999903128935387, ""margin"": 0.05}",180,60,120,0.0,1.0,0,120,60,120,0,0.0,0,180.0,180.0,0.0,0.0,120,1.0,
5119D0F8-FCA8-4184-A4EB-19421A40DE0D,5119D0F8_tsts2,7CE37510-56D0-4120-A1CF-0E23351428D2,hysteresis,"{""theta"": 0.999903128935387, ""margin"": 0.05, ""ttt_frames"": 10}",180,60,120,0.0,0.825,0,99,60,120,1,0.5586592178770949,0,90.0,90.0,0.11666666666666667,0.0,99,0.825,
5119D0F8-FCA8-4184-A4EB-19421A40DE0D,5119D0F8_tsts2,7CE37510-56D0-4120-A1CF-0E23351428D2,trust_model,"{""theta"": 0.999903128935387, ""gain"": 0.6, ""decay"": 0.0, ""tau_lo"": 0.4, ""tau_hi"": 0.6}",180,60,120,0.0,0.8416666666666667,0,101,60,120,1,0.5586592178770949,0,90.0,90.0,0.10555555555555556,0.0,101,0.8416666666666667,
5119D0F8-FCA8-4184-A4EB-19421A40DE0D,5119D0F8_tsts2,7CE37510-56D0-4120-A1CF-0E23351428D2,sprt,"{""A"": 16, ""B"": 1, ""mu_gen"": 0.9674496068649293, ""sd_gen"": 0.049046463590113054, ""mu_imp"": 0.5887587183958151, ""sd_imp"": 0.3880954249371151}",180,60,120,1.0,0.0,60,0,60,120,0,0.0,0,180.0,180.0,1.0,,0,0.0,0.0
5119D0F8-FCA8-4184-A4EB-19421A40DE0D,5119D0F8_tsts3,665514DE-49DC-421F-8DCB-145D0B2609AD,instantaneous,"{""theta"": 0.999903128935387}",180,60,120,0.0,0.6166666666666667,0,74,60,120,18,10.05586592178771,17,9.473684210526315,2.0,0.25555555555555554,0.0,74,0.6166666666666667,
5119D0F8-FCA8-4184-A4EB-19421A40DE0D,5119D0F8_tsts3,665514DE-49DC-421F-8DCB-145D0B2609AD,moving_average,"{""theta"": 0.9438147825244599, ""w"": 5}",180,60,120,0.0,0.4666666666666667,0,56,60,120,7,3.910614525139665,0,22.5,12.0,0.35555555555555557,0.0,56,0.4666666666666667,4.0
5119D0F8-FCA8-4184-A4EB-19421A40DE0D,5119D0F8_tsts3,665514DE-49DC-421F-8DCB-145D0B2609AD,ewma,"{""theta"": 0.999903128935387, ""alpha"": 0.5}",180,60,120,0.0,1.0,0,120,60,120,0,0.0,0,180.0,180.0,0.0,0.0,120,1.0,
5119D0F8-FCA8-4184-A4EB-19421A40DE0D,5119D0F8_tsts3,665514DE-49DC-421F-8DCB-145D0B2609AD,majority_vote,"{""theta"": 0.999903128935387, ""w"": 5, ""k"": 3}",180,60,120,0.03333333333333333,0.6333333333333333,2,76,60,120,2,1.1173184357541899,0,60.0,46.0,0.25555555555555554,2.0,76,0.6333333333333333,
5119D0F8-FCA8-4184-A4EB-19421A40DE0D,5119D0F8_tsts3,665514DE-49DC-421F-8DCB-145D0B2609AD,debounce,"{""theta"": 0.999903128935387, ""n"": 3}",180,60,120,0.03333333333333333,0.625,2,75,60,120,3,1.675977653631285,0,45.0,30.0,0.2611111111111111,2.0,75,0.625,
5119D0F8-FCA8-4184-A4EB-19421A40DE0D,5119D0F8_tsts3,665514DE-49DC-421F-8DCB-145D0B2609AD,margin_dual_threshold,"{""theta"": 0.999903128935387, ""margin"": 0.05}",180,60,120,0.0,1.0,0,120,60,120,0,0.0,0,180.0,180.0,0.0,0.0,120,1.0,
5119D0F8-FCA8-4184-A4EB-19421A40DE0D,5119D0F8_tsts3,665514DE-49DC-421F-8DCB-145D0B2609AD,hysteresis,"{""theta"": 0.999903128935387, ""margin"": 0.05, ""ttt_frames"": 10}",180,60,120,0.0,0.925,0,111,60,120,1,0.5586592178770949,0,90.0,90.0,0.05,0.0,111,0.925,
5119D0F8-FCA8-4184-A4EB-19421A40DE0D,5119D0F8_tsts3,665514DE-49DC-421F-8DCB-145D0B2609AD,trust_model,"{""theta"": 0.999903128935387, ""gain"": 0.6, ""decay"": 0.0, ""tau_lo"": 0.4, ""tau_hi"": 0.6}",180,60,120,0.0,0.6166666666666667,0,74,60,120,1,0.5586592178770949,0,90.0,90.0,0.25555555555555554,0.0,74,0.6166666666666667,
5119D0F8-FCA8-4184-A4EB-19421A40DE0D,5119D0F8_tsts3,665514DE-49DC-421F-8DCB-145D0B2609AD,sprt,"{""A"": 16, ""B"": 1, ""mu_gen"": 0.9674496068649293, ""sd_gen"": 0.049046463590113054, ""mu_imp"": 0.5887587183958151, ""sd_imp"": 0.3880954249371151}",180,60,120,0.0,0.05,0,6,60,120,2,1.1173184357541899,0,60.0,60.0,0.6333333333333333,0.0,6,0.05,6.0
5119D0F8-FCA8-4184-A4EB-19421A40DE0D,5119D0F8_tsts4,8023FE1A-D3B0-4E2C-A57A-9321B7FC755F,instantaneous,"{""theta"": 0.999903128935387}",180,60,120,0.0,0.9583333333333334,0,115,60,120,8,4.4692737430167595,8,20.0,2.0,0.027777777777777776,0.0,115,0.9583333333333334,
5119D0F8-FCA8-4184-A4EB-19421A40DE0D,5119D0F8_tsts4,8023FE1A-D3B0-4E2C-A57A-9321B7FC755F,moving_average,"{""theta"": 0.9438147825244599, ""w"": 5}",180,60,120,0.0,0.8333333333333334,0,100,60,120,7,3.910614525139665,2,22.5,7.0,0.1111111111111111,0.0,100,0.8333333333333334,19.0
5119D0F8-FCA8-4184-A4EB-19421A40DE0D,5119D0F8_tsts4,8023FE1A-D3B0-4E2C-A57A-9321B7FC755F,ewma,"{""theta"": 0.999903128935387, ""alpha"": 0.5}",180,60,120,0.0,1.0,0,120,60,120,0,0.0,0,180.0,180.0,0.0,0.0,120,1.0,
5119D0F8-FCA8-4184-A4EB-19421A40DE0D,5119D0F8_tsts4,8023FE1A-D3B0-4E2C-A57A-9321B7FC755F,majority_vote,"{""theta"": 0.999903128935387, ""w"": 5, ""k"": 3}",180,60,120,0.0,0.9916666666666667,0,119,60,120,2,1.1173184357541899,2,60.0,36.0,0.005555555555555556,0.0,119,0.9916666666666667,
5119D0F8-FCA8-4184-A4EB-19421A40DE0D,5119D0F8_tsts4,8023FE1A-D3B0-4E2C-A57A-9321B7FC755F,debounce,"{""theta"": 0.999903128935387, ""n"": 3}",180,60,120,0.0,0.9833333333333333,0,118,60,120,1,0.5586592178770949,0,90.0,90.0,0.011111111111111112,0.0,118,0.9833333333333333,
5119D0F8-FCA8-4184-A4EB-19421A40DE0D,5119D0F8_tsts4,8023FE1A-D3B0-4E2C-A57A-9321B7FC755F,margin_dual_threshold,"{""theta"": 0.999903128935387, ""margin"": 0.05}",180,60,120,0.0,1.0,0,120,60,120,0,0.0,0,180.0,180.0,0.0,0.0,120,1.0,
5119D0F8-FCA8-4184-A4EB-19421A40DE0D,5119D0F8_tsts4,8023FE1A-D3B0-4E2C-A57A-9321B7FC755F,hysteresis,"{""theta"": 0.999903128935387, ""margin"": 0.05, ""ttt_frames"": 10}",180,60,120,0.0,0.925,0,111,60,120,1,0.5586592178770949,0,90.0,90.0,0.05,0.0,111,0.925,
5119D0F8-FCA8-4184-A4EB-19421A40DE0D,5119D0F8_tsts4,8023FE1A-D3B0-4E2C-A57A-9321B7FC755F,trust_model,"{""theta"": 0.999903128935387, ""gain"": 0.6, ""decay"": 0.0, ""tau_lo"": 0.4, ""tau_hi"": 0.6}",180,60,120,0.0,0.8583333333333333,0,103,60,120,1,0.5586592178770949,0,90.0,90.0,0.09444444444444444,0.0,103,0.8583333333333333,
5119D0F8-FCA8-4184-A4EB-19421A40DE0D,5119D0F8_tsts4,8023FE1A-D3B0-4E2C-A57A-9321B7FC755F,sprt,"{""A"": 16, ""B"": 1, ""mu_gen"": 0.9674496068649293, ""sd_gen"": 0.049046463590113054, ""mu_imp"": 0.5887587183958151, ""sd_imp"": 0.3880954249371151}",180,60,120,1.0,0.058333333333333334,60,7,60,120,2,1.1173184357541899,0,60.0,18.0,0.9611111111111111,,7,0.058333333333333334,0.0
5119D0F8-FCA8-4184-A4EB-19421A40DE0D,5119D0F8_tsts5,A5CDF89D-02A2-4EC1-89F8-F534FDABDD96,instantaneous,"{""theta"": 0.999903128935387}",180,60,120,0.0,0.975,0,117,60,120,6,3.35195530726257,6,25.714285714285715,5.0,0.016666666666666666,0.0,117,0.975,
5119D0F8-FCA8-4184-A4EB-19421A40DE0D,5119D0F8_tsts5,A5CDF89D-02A2-4EC1-89F8-F534FDABDD96,moving_average,"{""theta"": 0.9438147825244599, ""w"": 5}",180,60,120,0.0,0.8416666666666667,0,101,60,120,7,3.910614525139665,2,22.5,5.0,0.10555555555555556,0.0,101,0.8416666666666667,8.0
5119D0F8-FCA8-4184-A4EB-19421A40DE0D,5119D0F8_tsts5,A5CDF89D-02A2-4EC1-89F8-F534FDABDD96,ewma,"{""theta"": 0.999903128935387, ""alpha"": 0.5}",180,60,120,0.0,1.0,0,120,60,120,0,0.0,0,180.0,180.0,0.0,0.0,120,1.0,
5119D0F8-FCA8-4184-A4EB-19421A40DE0D,5119D0F8_tsts5,A5CDF89D-02A2-4EC1-89F8-F534FDABDD96,majority_vote,"{""theta"": 0.999903128935387, ""w"": 5, ""k"": 3}",180,60,120,0.0,1.0,0,120,60,120,0,0.0,0,180.0,180.0,0.0,0.0,120,1.0,
5119D0F8-FCA8-4184-A4EB-19421A40DE0D,5119D0F8_tsts5,A5CDF89D-02A2-4EC1-89F8-F534FDABDD96,debounce,"{""theta"": 0.999903128935387, ""n"": 3}",180,60,120,0.0,0.9833333333333333,0,118,60,120,1,0.5586592178770949,0,90.0,90.0,0.011111111111111112,0.0,118,0.9833333333333333,
5119D0F8-FCA8-4184-A4EB-19421A40DE0D,5119D0F8_tsts5,A5CDF89D-02A2-4EC1-89F8-F534FDABDD96,margin_dual_threshold,"{""theta"": 0.999903128935387, ""margin"": 0.05}",180,60,120,0.0,1.0,0,120,60,120,0,0.0,0,180.0,180.0,0.0,0.0,120,1.0,
5119D0F8-FCA8-4184-A4EB-19421A40DE0D,5119D0F8_tsts5,A5CDF89D-02A2-4EC1-89F8-F534FDABDD96,hysteresis,"{""theta"": 0.999903128935387, ""margin"": 0.05, ""ttt_frames"": 10}",180,60,120,0.0,0.925,0,111,60,120,1,0.5586592178770949,0,90.0,90.0,0.05,0.0,111,0.925,
5119D0F8-FCA8-4184-A4EB-19421A40DE0D,5119D0F8_tsts5,A5CDF89D-02A2-4EC1-89F8-F534FDABDD96,trust_model,"{""theta"": 0.999903128935387, ""gain"": 0.6, ""decay"": 0.0, ""tau_lo"": 0.4, ""tau_hi"": 0.6}",180,60,120,0.0,0.8583333333333333,0,103,60,120,1,0.5586592178770949,0,90.0,90.0,0.09444444444444444,0.0,103,0.8583333333333333,
5119D0F8-FCA8-4184-A4EB-19421A40DE0D,5119D0F8_tsts5,A5CDF89D-02A2-4EC1-89F8-F534FDABDD96,sprt,"{""A"": 16, ""B"": 1, ""mu_gen"": 0.9674496068649293, ""sd_gen"": 0.049046463590113054, ""mu_imp"": 0.5887587183958151, ""sd_imp"": 0.3880954249371151}",180,60,120,1.0,0.0,60,0,60,120,0,0.0,0,180.0,180.0,1.0,,0,0.0,0.0
5152A2DF-FAF3-4BA8-9CA9-E66B32671A53,5152A2DF_tsts1,11B5EC4D-4133-4289-B475-4E737182A406,instantaneous,"{""theta"": 0.995931415286254}",180,60,120,1.0,0.0,60,0,60,120,0,0.0,0,180.0,180.0,1.0,,0,0.0,0.0
5152A2DF-FAF3-4BA8-9CA9-E66B32671A53,5152A2DF_tsts1,11B5EC4D-4133-4289-B475-4E737182A406,moving_average,"{""theta"": 0.995931415286254, ""w"": 20}",180,60,120,1.0,0.0,60,0,60,120,0,0.0,0,180.0,180.0,1.0,,0,0.0,0.0
5152A2DF-FAF3-4BA8-9CA9-E66B32671A53,5152A2DF_tsts1,11B5EC4D-4133-4289-B475-4E737182A406,ewma,"{""theta"": 0.995931415286254, ""alpha"": 0.2}",180,60,120,1.0,0.0,60,0,60,120,0,0.0,0,180.0,180.0,1.0,,0,0.0,0.0
5152A2DF-FAF3-4BA8-9CA9-E66B32671A53,5152A2DF_tsts1,11B5EC4D-4133-4289-B475-4E737182A406,majority_vote,"{""theta"": 0.995931415286254, ""w"": 5, ""k"": 4}",180,60,120,1.0,0.0,60,0,60,120,0,0.0,0,180.0,180.0,1.0,,0,0.0,0.0
5152A2DF-FAF3-4BA8-9CA9-E66B32671A53,5152A2DF_tsts1,11B5EC4D-4133-4289-B475-4E737182A406,debounce,"{""theta"": 0.995931415286254, ""n"": 2}",180,60,120,1.0,0.0,60,0,60,120,0,0.0,0,180.0,180.0,1.0,,0,0.0,0.0
5152A2DF-FAF3-4BA8-9CA9-E66B32671A53,5152A2DF_tsts1,11B5EC4D-4133-4289-B475-4E737182A406,margin_dual_threshold,"{""theta"": 0.995931415286254, ""margin"": 0.05}",180,60,120,1.0,0.0,60,0,60,120,0,0.0,0,180.0,180.0,1.0,,0,0.0,0.0
5152A2DF-FAF3-4BA8-9CA9-E66B32671A53,5152A2DF_tsts1,11B5EC4D-4133-4289-B475-4E737182A406,hysteresis,"{""theta"": 0.995931415286254, ""margin"": 0.05, ""ttt_frames"": 2}",180,60,120,1.0,0.0,60,0,60,120,0,0.0,0,180.0,180.0,1.0,,0,0.0,0.0
5152A2DF-FAF3-4BA8-9CA9-E66B32671A53,5152A2DF_tsts1,11B5EC4D-4133-4289-B475-4E737182A406,trust_model,"{""theta"": 0.995931415286254, ""gain"": 0.3, ""decay"": 0.2, ""tau_lo"": 0.4, ""tau_hi"": 0.6}",180,60,120,1.0,0.0,60,0,60,120,0,0.0,0,180.0,180.0,1.0,,0,0.0,0.0
5152A2DF-FAF3-4BA8-9CA9-E66B32671A53,5152A2DF_tsts1,11B5EC4D-4133-4289-B475-4E737182A406,sprt,"{""A"": 16, ""B"": 1, ""mu_gen"": 0.9835839199414467, ""sd_gen"": 0.08138121981451024, ""mu_imp"": 0.619301425080995, ""sd_imp"": 0.3925031068939111}",180,60,120,1.0,0.0,60,0,60,120,0,0.0,0,180.0,180.0,1.0,,0,0.0,0.0
5152A2DF-FAF3-4BA8-9CA9-E66B32671A53,5152A2DF_tsts2,7D9BB102-A612-4E2A-8E22-3159752F55D8,instantaneous,"{""theta"": 0.995931415286254}",180,60,120,1.0,0.0,60,0,60,120,0,0.0,0,180.0,180.0,1.0,,0,0.0,0.0
5152A2DF-FAF3-4BA8-9CA9-E66B32671A53,5152A2DF_tsts2,7D9BB102-A612-4E2A-8E22-3159752F55D8,moving_average,"{""theta"": 0.995931415286254, ""w"": 20}",180,60,120,1.0,0.0,60,0,60,120,0,0.0,0,180.0,180.0,1.0,,0,0.0,0.0
5152A2DF-FAF3-4BA8-9CA9-E66B32671A53,5152A2DF_tsts2,7D9BB102-A612-4E2A-8E22-3159752F55D8,ewma,"{""theta"": 0.995931415286254, ""alpha"": 0.2}",180,60,120,1.0,0.0,60,0,60,120,0,0.0,0,180.0,180.0,1.0,,0,0.0,0.0
5152A2DF-FAF3-4BA8-9CA9-E66B32671A53,5152A2DF_tsts2,7D9BB102-A612-4E2A-8E22-3159752F55D8,majority_vote,"{""theta"": 0.995931415286254, ""w"": 5, ""k"": 4}",180,60,120,1.0,0.0,60,0,60,120,0,0.0,0,180.0,180.0,1.0,,0,0.0,0.0
5152A2DF-FAF3-4BA8-9CA9-E66B32671A53,5152A2DF_tsts2,7D9BB102-A612-4E2A-8E22-3159752F55D8,debounce,"{""theta"": 0.995931415286254, ""n"": 2}",180,60,120,1.0,0.0,60,0,60,120,0,0.0,0,180.0,180.0,1.0,,0,0.0,0.0
5152A2DF-FAF3-4BA8-9CA9-E66B32671A53,5152A2DF_tsts2,7D9BB102-A612-4E2A-8E22-3159752F55D8,margin_dual_threshold,"{""theta"": 0.995931415286254, ""margin"": 0.05}",180,60,120,1.0,0.0,60,0,60,120,0,0.0,0,180.0,180.0,1.0,,0,0.0,0.0
5152A2DF-FAF3-4BA8-9CA9-E66B32671A53,5152A2DF_tsts2,7D9BB102-A612-4E2A-8E22-3159752F55D8,hysteresis,"{""theta"": 0.995931415286254, ""margin"": 0.05, ""ttt_frames"": 2}",180,60,120,1.0,0.0,60,0,60,120,0,0.0,0,180.0,180.0,1.0,,0,0.0,0.0
5152A2DF-FAF3-4BA8-9CA9-E66B32671A53,5152A2DF_tsts2,7D9BB102-A612-4E2A-8E22-3159752F55D8,trust_model,"{""theta"": 0.995931415286254, ""gain"": 0.3, ""decay"": 0.2, ""tau_lo"": 0.4, ""tau_hi"": 0.6}",180,60,120,1.0,0.0,60,0,60,120,0,0.0,0,180.0,180.0,1.0,,0,0.0,0.0
5152A2DF-FAF3-4BA8-9CA9-E66B32671A53,5152A2DF_tsts2,7D9BB102-A612-4E2A-8E22-3159752F55D8,sprt,"{""A"": 16, ""B"": 1, ""mu_gen"": 0.9835839199414467, ""sd_gen"": 0.08138121981451024, ""mu_imp"": 0.619301425080995, ""sd_imp"": 0.3925031068939111}",180,60,120,1.0,0.0,60,0,60,120,0,0.0,0,180.0,180.0,1.0,,0,0.0,0.0
5152A2DF-FAF3-4BA8-9CA9-E66B32671A53,5152A2DF_tsts3,098A72A5-E3E5-4F54-A152-BBDA0DF7B694,instantaneous,"{""theta"": 0.995931415286254}",180,60,120,1.0,0.0,60,0,60,120,0,0.0,0,180.0,180.0,1.0,,0,0.0,0.0
5152A2DF-FAF3-4BA8-9CA9-E66B32671A53,5152A2DF_tsts3,098A72A5-E3E5-4F54-A152-BBDA0DF7B694,moving_average,"{""theta"": 0.995931415286254, ""w"": 20}",180,60,120,1.0,0.0,60,0,60,120,0,0.0,0,180.0,180.0,1.0,,0,0.0,0.0
5152A2DF-FAF3-4BA8-9CA9-E66B32671A53,5152A2DF_tsts3,098A72A5-E3E5-4F54-A152-BBDA0DF7B694,ewma,"{""theta"": 0.995931415286254, ""alpha"": 0.2}",180,60,120,1.0,0.0,60,0,60,120,0,0.0,0,180.0,180.0,1.0,,0,0.0,0.0
5152A2DF-FAF3-4BA8-9CA9-E66B32671A53,5152A2DF_tsts3,098A72A5-E3E5-4F54-A152-BBDA0DF7B694,majority_vote,"{""theta"": 0.995931415286254, ""w"": 5, ""k"": 4}",180,60,120,1.0,0.0,60,0,60,120,0,0.0,0,180.0,180.0,1.0,,0,0.0,0.0
5152A2DF-FAF3-4BA8-9CA9-E66B32671A53,5152A2DF_tsts3,098A72A5-E3E5-4F54-A152-BBDA0DF7B694,debounce,"{""theta"": 0.995931415286254, ""n"": 2}",180,60,120,1.0,0.0,60,0,60,120,0,0.0,0,180.0,180.0,1.0,,0,0.0,0.0
5152A2DF-FAF3-4BA8-9CA9-E66B32671A53,5152A2DF_tsts3,098A72A5-E3E5-4F54-A152-BBDA0DF7B694,margin_dual_threshold,"{""theta"": 0.995931415286254, ""margin"": 0.05}",180,60,120,1.0,0.0,60,0,60,120,0,0.0,0,180.0,180.0,1.0,,0,0.0,0.0
5152A2DF-FAF3-4BA8-9CA9-E66B32671A53,5152A2DF_tsts3,098A72A5-E3E5-4F54-A152-BBDA0DF7B694,hysteresis,"{""theta"": 0.995931415286254, ""margin"": 0.05, ""ttt_frames"": 2}",180,60,120,1.0,0.0,60,0,60,120,0,0.0,0,180.0,180.0,1.0,,0,0.0,0.0
5152A2DF-FAF3-4BA8-9CA9-E66B32671A53,5152A2DF_tsts3,098A72A5-E3E5-4F54-A152-BBDA0DF7B694,trust_model,"{""theta"": 0.995931415286254, ""gain"": 0.3, ""decay"": 0.2, ""tau_lo"": 0.4, ""tau_hi"": 0.6}",180,60,120,1.0,0.0,60,0,60,120,0,0.0,0,180.0,180.0,1.0,,0,0.0,0.0
5152A2DF-FAF3-4BA8-9CA9-E66B32671A53,5152A2DF_tsts3,098A72A5-E3E5-4F54-A152-BBDA0DF7B694,sprt,"{""A"": 16, ""B"": 1, ""mu_gen"": 0.9835839199414467, ""sd_gen"": 0.08138121981451024, ""mu_imp"": 0.619301425080995, ""sd_imp"": 0.3925031068939111}",180,60,120,1.0,0.0,60,0,60,120,0,0.0,0,180.0,180.0,1.0,,0,0.0,0.0
5152A2DF-FAF3-4BA8-9CA9-E66B32671A53,5152A2DF_tsts4,FDAA70A1-42A3-4E3F-9AE3-3FDA412E03BF,instantaneous,"{""theta"": 0.995931415286254}",180,60,120,1.0,0.016666666666666666,60,2,60,120,4,2.2346368715083798,4,36.0,2.0,0.9888888888888889,,2,0.016666666666666666,0.0
5152A2DF-FAF3-4BA8-9CA9-E66B32671A53,5152A2DF_tsts4,FDAA70A1-42A3-4E3F-9AE3-3FDA412E03BF,moving_average,"{""theta"": 0.995931415286254, ""w"": 20}",180,60,120,1.0,0.18333333333333332,60,22,60,120,1,0.5586592178770949,0,90.0,90.0,0.8777777777777778,,22,0.18333333333333332,0.0
5152A2DF-FAF3-4BA8-9CA9-E66B32671A53,5152A2DF_tsts4,FDAA70A1-42A3-4E3F-9AE3-3FDA412E03BF,ewma,"{""theta"": 0.995931415286254, ""alpha"": 0.2}",180,60,120,1.0,0.18333333333333332,60,22,60,120,1,0.5586592178770949,0,90.0,90.0,0.8777777777777778,,22,0.18333333333333332,0.0
5152A2DF-FAF3-4BA8-9CA9-E66B32671A53,5152A2DF_tsts4,FDAA70A1-42A3-4E3F-9AE3-3FDA412E03BF,majority_vote,"{""theta"": 0.995931415286254, ""w"": 5, ""k"": 4}",180,60,120,1.0,0.016666666666666666,60,2,60,120,2,1.1173184357541899,2,60.0,17.0,0.9888888888888889,,2,0.016666666666666666,0.0
5152A2DF-FAF3-4BA8-9CA9-E66B32671A53,5152A2DF_tsts4,FDAA70A1-42A3-4E3F-9AE3-3FDA412E03BF,debounce,"{""theta"": 0.995931415286254, ""n"": 2}",180,60,120,1.0,0.0,60,0,60,120,0,0.0,0,180.0,180.0,1.0,,0,0.0,0.0
5152A2DF-FAF3-4BA8-9CA9-E66B32671A53,5152A2DF_tsts4,FDAA70A1-42A3-4E3F-9AE3-3FDA412E03BF,margin_dual_threshold,"{""theta"": 0.995931415286254, ""margin"": 0.05}",180,60,120,1.0,0.18333333333333332,60,22,60,120,1,0.5586592178770949,0,90.0,90.0,0.8777777777777778,,22,0.18333333333333332,0.0
5152A2DF-FAF3-4BA8-9CA9-E66B32671A53,5152A2DF_tsts4,FDAA70A1-42A3-4E3F-9AE3-3FDA412E03BF,hysteresis,"{""theta"": 0.995931415286254, ""margin"": 0.05, ""ttt_frames"": 2}",180,60,120,1.0,0.0,60,0,60,120,0,0.0,0,180.0,180.0,1.0,,0,0.0,0.0
5152A2DF-FAF3-4BA8-9CA9-E66B32671A53,5152A2DF_tsts4,FDAA70A1-42A3-4E3F-9AE3-3FDA412E03BF,trust_model,"{""theta"": 0.995931415286254, ""gain"": 0.3, ""decay"": 0.2, ""tau_lo"": 0.4, ""tau_hi"": 0.6}",180,60,120,1.0,0.18333333333333332,60,22,60,120,1,0.5586592178770949,0,90.0,90.0,0.8777777777777778,,22,0.18333333333333332,0.0
5152A2DF-FAF3-4BA8-9CA9-E66B32671A53,5152A2DF_tsts4,FDAA70A1-42A3-4E3F-9AE3-3FDA412E03BF,sprt,"{""A"": 16, ""B"": 1, ""mu_gen"": 0.9835839199414467, ""sd_gen"": 0.08138121981451024, ""mu_imp"": 0.619301425080995, ""sd_imp"": 0.3925031068939111}",180,60,120,1.0,0.09166666666666666,60,11,60,120,2,1.1173184357541899,0,60.0,11.0,0.9388888888888889,,11,0.09166666666666666,0.0
5152A2DF-FAF3-4BA8-9CA9-E66B32671A53,5152A2DF_tsts5,ECECC2AB-D32F-4F90-B74C-E12A1C69BBE2,instantaneous,"{""theta"": 0.995931415286254}",180,60,120,1.0,0.0,60,0,60,120,0,0.0,0,180.0,180.0,1.0,,0,0.0,0.0
5152A2DF-FAF3-4BA8-9CA9-E66B32671A53,5152A2DF_tsts5,ECECC2AB-D32F-4F90-B74C-E12A1C69BBE2,moving_average,"{""theta"": 0.995931415286254, ""w"": 20}",180,60,120,1.0,0.0,60,0,60,120,0,0.0,0,180.0,180.0,1.0,,0,0.0,0.0
5152A2DF-FAF3-4BA8-9CA9-E66B32671A53,5152A2DF_tsts5,ECECC2AB-D32F-4F90-B74C-E12A1C69BBE2,ewma,"{""theta"": 0.995931415286254, ""alpha"": 0.2}",180,60,120,1.0,0.0,60,0,60,120,0,0.0,0,180.0,180.0,1.0,,0,0.0,0.0
5152A2DF-FAF3-4BA8-9CA9-E66B32671A53,5152A2DF_tsts5,ECECC2AB-D32F-4F90-B74C-E12A1C69BBE2,majority_vote,"{""theta"": 0.995931415286254, ""w"": 5, ""k"": 4}",180,60,120,1.0,0.0,60,0,60,120,0,0.0,0,180.0,180.0,1.0,,0,0.0,0.0
5152A2DF-FAF3-4BA8-9CA9-E66B32671A53,5152A2DF_tsts5,ECECC2AB-D32F-4F90-B74C-E12A1C69BBE2,debounce,"{""theta"": 0.995931415286254, ""n"": 2}",180,60,120,1.0,0.0,60,0,60,120,0,0.0,0,180.0,180.0,1.0,,0,0.0,0.0
5152A2DF-FAF3-4BA8-9CA9-E66B32671A53,5152A2DF_tsts5,ECECC2AB-D32F-4F90-B74C-E12A1C69BBE2,margin_dual_threshold,"{""theta"": 0.995931415286254, ""margin"": 0.05}",180,60,120,1.0,0.0,60,0,60,120,0,0.0,0,180.0,180.0,1.0,,0,0.0,0.0
5152A2DF-FAF3-4BA8-9CA9-E66B32671A53,5152A2DF_tsts5,ECECC2AB-D32F-4F90-B74C-E12A1C69BBE2,hysteresis,"{""theta"": 0.995931415286254, ""margin"": 0.05, ""ttt_frames"": 2}",180,60,120,1.0,0.0,60,0,60,120,0,0.0,0,180.0,180.0,1.0,,0,0.0,0.0
5152A2DF-FAF3-4BA8-9CA9-E66B32671A53,5152A2DF_tsts5,ECECC2AB-D32F-4F90-B74C-E12A1C69BBE2,trust_model,"{""theta"": 0.995931415286254, ""gain"": 0.3, ""decay"": 0.2, ""tau_lo"": 0.4, ""tau_hi"": 0.6}",180,60,120,1.0,0.0,60,0,60,120,0,0.0,0,180.0,180.0,1.0,,0,0.0,0.0
5152A2DF-FAF3-4BA8-9CA9-E66B32671A53,5152A2DF_tsts5,ECECC2AB-D32F-4F90-B74C-E12A1C69BBE2,sprt,"{""A"": 16, ""B"": 1, ""mu_gen"": 0.9835839199414467, ""sd_gen"": 0.08138121981451024, ""mu_imp"": 0.619301425080995, ""sd_imp"": 0.3925031068939111}",180,60,120,1.0,0.0,60,0,60,120,0,0.0,0,180.0,180.0,1.0,,0,0.0,0.0
5EF64122-B513-46AE-BCF1-E62AAC285D2C,5EF64122_tsts0,7D9BB102-A612-4E2A-8E22-3159752F55D8,instantaneous,"{""theta"": 0.9798581381815872}",180,60,120,0.0,1.0,0,120,60,120,0,0.0,0,180.0,180.0,0.0,0.0,120,1.0,
5EF64122-B513-46AE-BCF1-E62AAC285D2C,5EF64122_tsts0,7D9BB102-A612-4E2A-8E22-3159752F55D8,moving_average,"{""theta"": 0.9798581381815872, ""w"": 5}",180,60,120,0.0,1.0,0,120,60,120,0,0.0,0,180.0,180.0,0.0,0.0,120,1.0,
5EF64122-B513-46AE-BCF1-E62AAC285D2C,5EF64122_tsts0,7D9BB102-A612-4E2A-8E22-3159752F55D8,ewma,"{""theta"": 0.9798581381815872, ""alpha"": 0.3}",180,60,120,0.0,1.0,0,120,60,120,0,0.0,0,180.0,180.0,0.0,0.0,120,1.0,
5EF64122-B513-46AE-BCF1-E62AAC285D2C,5EF64122_tsts0,7D9BB102-A612-4E2A-8E22-3159752F55D8,majority_vote,"{""theta"": 0.9798581381815872, ""w"": 3, ""k"": 2}",180,60,120,0.0,1.0,0,120,60,120,0,0.0,0,180.0,180.0,0.0,0.0,120,1.0,
5EF64122-B513-46AE-BCF1-E62AAC285D2C,5EF64122_tsts0,7D9BB102-A612-4E2A-8E22-3159752F55D8,debounce,"{""theta"": 0.9798581381815872, ""n"": 2}",180,60,120,0.0,0.9916666666666667,0,119,60,120,1,0.5586592178770949,0,90.0,90.0,0.005555555555555556,0.0,119,0.9916666666666667,
5EF64122-B513-46AE-BCF1-E62AAC285D2C,5EF64122_tsts0,7D9BB102-A612-4E2A-8E22-3159752F55D8,margin_dual_threshold,"{""theta"": 0.9992843999182172, ""margin"": 0.05}",180,60,120,0.0,1.0,0,120,60,120,0,0.0,0,180.0,180.0,0.0,0.0,120,1.0,
5EF64122-B513-46AE-BCF1-E62AAC285D2C,5EF64122_tsts0,7D9BB102-A612-4E2A-8E22-3159752F55D8,hysteresis,"{""theta"": 0.9992843999182172, ""margin"": 0.05, ""ttt_frames"": 10}",180,60,120,0.0,0.925,0,111,60,120,1,0.5586592178770949,0,90.0,90.0,0.05,0.0,111,0.925,
5EF64122-B513-46AE-BCF1-E62AAC285D2C,5EF64122_tsts0,7D9BB102-A612-4E2A-8E22-3159752F55D8,trust_model,"{""theta"": 0.9992843999182172, ""gain"": 0.6, ""decay"": 0.2, ""tau_lo"": 0.4, ""tau_hi"": 0.6}",180,60,120,0.0,0.825,0,99,60,120,1,0.5586592178770949,0,90.0,90.0,0.11666666666666667,0.0,99,0.825,
5EF64122-B513-46AE-BCF1-E62AAC285D2C,5EF64122_tsts0,7D9BB102-A612-4E2A-8E22-3159752F55D8,sprt,"{""A"": 16, ""B"": 1, ""mu_gen"": 0.9757043123423977, ""sd_gen"": 0.01644617962093875, ""mu_imp"": 0.6503299001567504, ""sd_imp"": 0.38642912335801927}",180,60,120,1.0,0.0,60,0,60,120,0,0.0,0,180.0,180.0,1.0,,0,0.0,0.0
5EF64122-B513-46AE-BCF1-E62AAC285D2C,5EF64122_tsts1,00EABED2-271D-49D8-B599-1D4A09240601,instantaneous,"{""theta"": 0.9798581381815872}",180,60,120,0.0,0.875,0,105,60,120,10,5.58659217877095,7,16.363636363636363,4.0,0.08333333333333333,0.0,105,0.875,0.0
5EF64122-B513-46AE-BCF1-E62AAC285D2C,5EF64122_tsts1,00EABED2-271D-49D8-B599-1D4A09240601,moving_average,"{""theta"": 0.9798581381815872, ""w"": 5}",180,60,120,0.0,0.9083333333333333,0,109,60,120,4,2.2346368715083798,0,36.0,23.0,0.06111111111111111,0.0,109,0.9083333333333333,2.0
5EF64122-B513-46AE-BCF1-E62AAC285D2C,5EF64122_tsts1,00EABED2-271D-49D8-B599-1D4A09240601,ewma,"{""theta"": 0.9798581381815872, ""alpha"": 0.3}",180,60,120,0.0,0.8833333333333333,0,106,60,120,6,3.35195530726257,3,25.714285714285715,6.0,0.07777777777777778,0.0,106,0.8833333333333333,1.0
5EF64122-B513-46AE-BCF1-E62AAC285D2C,5EF64122_tsts1,00EABED2-271D-49D8-B599-1D4A09240601,majority_vote,"{""theta"": 0.9798581381815872, ""w"": 3, ""k"": 2}",180,60,120,0.0,0.8916666666666667,0,107,60,120,6,3.35195530726257,3,25.714285714285715,6.0,0.07222222222222222,0.0,107,0.8916666666666667,1.0
5EF64122-B513-46AE-BCF1-E62AAC285D2C,5EF64122_tsts1,00EABED2-271D-49D8-B599-1D4A09240601,debounce,"{""theta"": 0.9798581381815872, ""n"": 2}",180,60,120,0.0,0.8833333333333333,0,106,60,120,7,3.910614525139665,3,22.5,5.5,0.07777777777777778,0.0,106,0.8833333333333333,1.0
5EF64122-B513-46AE-BCF1-E62AAC285D2C,5EF64122_tsts1,00EABED2-271D-49D8-B599-1D4A09240601,margin_dual_threshold,"{""theta"": 0.9992843999182172, ""margin"": 0.05}",180,60,120,0.0,1.0,0,120,60,120,0,0.0,0,180.0,180.0,0.0,0.0,120,1.0,
5EF64122-B513-46AE-BCF1-E62AAC285D2C,5EF64122_tsts1,00EABED2-271D-49D8-B599-1D4A09240601,hysteresis,"{""theta"": 0.9992843999182172, ""margin"": 0.05, ""ttt_frames"": 10}",180,60,120,0.0,0.925,0,111,60,120,1,0.5586592178770949,0,90.0,90.0,0.05,0.0,111,0.925,
5EF64122-B513-46AE-BCF1-E62AAC285D2C,5EF64122_tsts1,00EABED2-271D-49D8-B599-1D4A09240601,trust_model,"{""theta"": 0.9992843999182172, ""gain"": 0.6, ""decay"": 0.2, ""tau_lo"": 0.4, ""tau_hi"": 0.6}",180,60,120,0.0,0.825,0,99,60,120,1,0.5586592178770949,0,90.0,90.0,0.11666666666666667,0.0,99,0.825,
5EF64122-B513-46AE-BCF1-E62AAC285D2C,5EF64122_tsts1,00EABED2-271D-49D8-B599-1D4A09240601,sprt,"{""A"": 16, ""B"": 1, ""mu_gen"": 0.9757043123423977, ""sd_gen"": 0.01644617962093875, ""mu_imp"": 0.6503299001567504, ""sd_imp"": 0.38642912335801927}",180,60,120,1.0,0.0,60,0,60,120,0,0.0,0,180.0,180.0,1.0,,0,0.0,0.0
5EF64122-B513-46AE-BCF1-E62AAC285D2C,5EF64122_tsts2,A7599A50-24AE-46A6-8EA6-2576F1011D81,instantaneous,"{""theta"": 0.9798581381815872}",180,60,120,0.0,0.48333333333333334,0,58,60,120,5,2.793296089385475,4,30.0,3.0,0.34444444444444444,0.0,58,0.48333333333333334,0.0
5EF64122-B513-46AE-BCF1-E62AAC285D2C,5EF64122_tsts2,A7599A50-24AE-46A6-8EA6-2576F1011D81,moving_average,"{""theta"": 0.9798581381815872, ""w"": 5}",180,60,120,0.0,0.5333333333333333,0,64,60,120,1,0.5586592178770949,0,90.0,90.0,0.3111111111111111,0.0,64,0.5333333333333333,4.0
5EF64122-B513-46AE-BCF1-E62AAC285D2C,5EF64122_tsts2,A7599A50-24AE-46A6-8EA6-2576F1011D81,ewma,"{""theta"": 0.9798581381815872, ""alpha"": 0.3}",180,60,120,0.0,0.5833333333333334,0,70,60,120,1,0.5586592178770949,0,90.0,90.0,0.2777777777777778,0.0,70,0.5833333333333334,10.0
5EF64122-B513-46AE-BCF1-E62AAC285D2C,5EF64122_tsts2,A7599A50-24AE-46A6-8EA6-2576F1011D81,majority_vote,"{""theta"": 0.9798581381815872, ""w"": 3, ""k"": 2}",180,60,120,0.0,0.5083333333333333,0,61,60,120,1,0.5586592178770949,0,90.0,90.0,0.3277777777777778,0.0,61,0.5083333333333333,1.0
5EF64122-B513-46AE-BCF1-E62AAC285D2C,5EF64122_tsts2,A7599A50-24AE-46A6-8EA6-2576F1011D81,debounce,"{""theta"": 0.9798581381815872, ""n"": 2}",180,60,120,0.0,0.5,0,60,60,120,2,1.1173184357541899,0,60.0,59.0,0.3333333333333333,0.0,60,0.5,1.0
5EF64122-B513-46AE-BCF1-E62AAC285D2C,5EF64122_tsts2,A7599A50-24AE-46A6-8EA6-2576F1011D81,margin_dual_threshold,"{""theta"": 0.9992843999182172, ""margin"": 0.05}",180,60,120,0.0,1.0,0,120,60,120,0,0.0,0,180.0,180.0,0.0,0.0,120,1.0,
5EF64122-B513-46AE-BCF1-E62AAC285D2C,5EF64122_tsts2,A7599A50-24AE-46A6-8EA6-2576F1011D81,hysteresis,"{""theta"": 0.9992843999182172, ""margin"": 0.05, ""ttt_frames"": 10}",180,60,120,0.0,0.8583333333333333,0,103,60,120,1,0.5586592178770949,0,90.0,90.0,0.09444444444444444,0.0,103,0.8583333333333333,
5EF64122-B513-46AE-BCF1-E62AAC285D2C,5EF64122_tsts2,A7599A50-24AE-46A6-8EA6-2576F1011D81,trust_model,"{""theta"": 0.9992843999182172, ""gain"": 0.6, ""decay"": 0.2, ""tau_lo"": 0.4, ""tau_hi"": 0.6}",180,60,120,0.0,0.8166666666666667,0,98,60,120,1,0.5586592178770949,0,90.0,90.0,0.12222222222222222,0.0,98,0.8166666666666667,
5EF64122-B513-46AE-BCF1-E62AAC285D2C,5EF64122_tsts2,A7599A50-24AE-46A6-8EA6-2576F1011D81,sprt,"{""A"": 16, ""B"": 1, ""mu_gen"": 0.9757043123423977, ""sd_gen"": 0.01644617962093875, ""mu_imp"": 0.6503299001567504, ""sd_imp"": 0.38642912335801927}",180,60,120,0.0,0.05,0,6,60,120,2,1.1173184357541899,0,60.0,60.0,0.6333333333333333,0.0,6,0.05,6.0
5EF64122-B513-46AE-BCF1-E62AAC285D2C,5EF64122_tsts3,0BFC35E2-4817-4865-BFA7-764742302A2D,instantaneous,"{""theta"": 0.9798581381815872}",180,60,120,0.0,0.36666666666666664,0,44,60,120,19,10.614525139664805,16,9.0,2.0,0.4222222222222222,0.0,44,0.36666666666666664,7.0
5EF64122-B513-46AE-BCF1-E62AAC285D2C,5EF64122_tsts3,0BFC35E2-4817-4865-BFA7-764742302A2D,moving_average,"{""theta"": 0.9798581381815872, ""w"": 5}",180,60,120,0.0,0.35833333333333334,0,43,60,120,11,6.145251396648045,7,15.0,4.0,0.42777777777777776,0.0,43,0.35833333333333334,9.0
5EF64122-B513-46AE-BCF1-E62AAC285D2C,5EF64122_tsts3,0BFC35E2-4817-4865-BFA7-764742302A2D,ewma,"{""theta"": 0.9798581381815872, ""alpha"": 0.3}",180,60,120,0.0,0.35,0,42,60,120,13,7.262569832402234,10,12.857142857142858,3.0,0.43333333333333335,0.0,42,0.35,11.0
5EF64122-B513-46AE-BCF1-E62AAC285D2C,5EF64122_tsts3,0BFC35E2-4817-4865-BFA7-764742302A2D,majority_vote,"{""theta"": 0.9798581381815872, ""w"": 3, ""k"": 2}",180,60,120,0.0,0.3416666666666667,0,41,60,120,9,5.027932960893855,4,18.0,4.5,0.4388888888888889,0.0,41,0.3416666666666667,8.0
5EF64122-B513-46AE-BCF1-E62AAC285D2C,5EF64122_tsts3,0BFC35E2-4817-4865-BFA7-764742302A2D,debounce,"{""theta"": 0.9798581381815872, ""n"": 2}",180,60,120,0.0,0.35,0,42,60,120,9,5.027932960893855,3,18.0,4.5,0.43333333333333335,0.0,42,0.35,8.0
5EF64122-B513-46AE-BCF1-E62AAC285D2C,5EF64122_tsts3,0BFC35E2-4817-4865-BFA7-764742302A2D,margin_dual_threshold,"{""theta"": 0.9992843999182172, ""margin"": 0.05}",180,60,120,0.0,0.5833333333333334,0,70,60,120,1,0.5586592178770949,0,90.0,90.0,0.2777777777777778,0.0,70,0.5833333333333334,
5EF64122-B513-46AE-BCF1-E62AAC285D2C,5EF64122_tsts3,0BFC35E2-4817-4865-BFA7-764742302A2D,hysteresis,"{""theta"": 0.9992843999182172, ""margin"": 0.05, ""ttt_frames"": 10}",180,60,120,0.0,0.5083333333333333,0,61,60,120,1,0.5586592178770949,0,90.0,90.0,0.3277777777777778,0.0,61,0.5083333333333333,
5EF64122-B513-46AE-BCF1-E62AAC285D2C,5EF64122_tsts3,0BFC35E2-4817-4865-BFA7-764742302A2D,trust_model,"{""theta"": 0.9992843999182172, ""gain"": 0.6, ""decay"": 0.2, ""tau_lo"": 0.4, ""tau_hi"": 0.6}",180,60,120,0.0,0.5,0,60,60,120,1,0.5586592178770949,0,90.0,90.0,0.3333333333333333,0.0,60,0.5,
5EF64122-B513-46AE-BCF1-E62AAC285D2C,5EF64122_tsts3,0BFC35E2-4817-4865-BFA7-764742302A2D,sprt,"{""A"": 16, ""B"": 1, ""mu_gen"": 0.9757043123423977, ""sd_gen"": 0.01644617962093875, ""mu_imp"": 0.6503299001567504, ""sd_imp"": 0.38642912335801927}",180,60,120,0.0,0.03333333333333333,0,4,60,120,2,1.1173184357541899,0,60.0,60.0,0.6444444444444445,0.0,4,0.03333333333333333,4.0
5EF64122-B513-46AE-BCF1-E62AAC285D2C,5EF64122_tsts4,F50235E0-DD67-4F2A-B00B-1F31ADA998B9,instantaneous,"{""theta"": 0.9798581381815872}",180,60,120,0.0,0.5,0,60,60,120,1,0.5586592178770949,0,90.0,90.0,0.3333333333333333,0.0,60,0.5,
5EF64122-B513-46AE-BCF1-E62AAC285D2C,5EF64122_tsts4,F50235E0-DD67-4F2A-B00B-1F31ADA998B9,moving_average,"{""theta"": 0.9798581381815872, ""w"": 5}",180,60,120,0.0,0.5,0,60,60,120,1,0.5586592178770949,0,90.0,90.0,0.3333333333333333,0.0,60,0.5,
5EF64122-B513-46AE-BCF1-E62AAC285D2C,5EF64122_tsts4,F50235E0-DD67-4F2A-B00B-1F31ADA998B9,ewma,"{""theta"": 0.9798581381815872, ""alpha"": 0.3}",180,60,120,0.0,0.5,0,60,60,120,1,0.5586592178770949,0,90.0,90.0,0.3333333333333333,0.0,60,0.5,
5EF64122-B513-46AE-BCF1-E62AAC285D2C,5EF64122_tsts4,F50235E0-DD67-4F2A-B00B-1F31ADA998B9,majority_vote,"{""theta"": 0.9798581381815872, ""w"": 3, ""k"": 2}",180,60,120,0.016666666666666666,0.5,1,60,60,120,1,0.5586592178770949,0,90.0,90.0,0.3388888888888889,1.0,60,0.5,
5EF64122-B513-46AE-BCF1-E62AAC285D2C,5EF64122_tsts4,F50235E0-DD67-4F2A-B00B-1F31ADA998B9,debounce,"{""theta"": 0.9798581381815872, ""n"": 2}",180,60,120,0.016666666666666666,0.5,1,60,60,120,1,0.5586592178770949,0,90.0,90.0,0.3388888888888889,1.0,60,0.5,
5EF64122-B513-46AE-BCF1-E62AAC285D2C,5EF64122_tsts4,F50235E0-DD67-4F2A-B00B-1F31ADA998B9,margin_dual_threshold,"{""theta"": 0.9992843999182172, ""margin"": 0.05}",180,60,120,0.0,0.5,0,60,60,120,1,0.5586592178770949,0,90.0,90.0,0.3333333333333333,0.0,60,0.5,
5EF64122-B513-46AE-BCF1-E62AAC285D2C,5EF64122_tsts4,F50235E0-DD67-4F2A-B00B-1F31ADA998B9,hysteresis,"{""theta"": 0.9992843999182172, ""margin"": 0.05, ""ttt_frames"": 10}",180,60,120,0.15,0.5,9,60,60,120,1,0.5586592178770949,0,90.0,90.0,0.38333333333333336,9.0,60,0.5,
5EF64122-B513-46AE-BCF1-E62AAC285D2C,5EF64122_tsts4,F50235E0-DD67-4F2A-B00B-1F31ADA998B9,trust_model,"{""theta"": 0.9992843999182172, ""gain"": 0.6, ""decay"": 0.2, ""tau_lo"": 0.4, ""tau_hi"": 0.6}",180,60,120,0.0,0.5,0,60,60,120,1,0.5586592178770949,0,90.0,90.0,0.3333333333333333,0.0,60,0.5,
5EF64122-B513-46AE-BCF1-E62AAC285D2C,5EF64122_tsts4,F50235E0-DD67-4F2A-B00B-1F31ADA998B9,sprt,"{""A"": 16, ""B"": 1, ""mu_gen"": 0.9757043123423977, ""sd_gen"": 0.01644617962093875, ""mu_imp"": 0.6503299001567504, ""sd_imp"": 0.38642912335801927}",180,60,120,0.0,0.03333333333333333,0,4,60,120,2,1.1173184357541899,0,60.0,60.0,0.6444444444444445,0.0,4,0.03333333333333333,4.0
5EF64122-B513-46AE-BCF1-E62AAC285D2C,5EF64122_tsts5,806289BC-AD52-4CC1-806C-0CDB14D65EB6,instantaneous,"{""theta"": 0.9798581381815872}",180,60,120,0.0,0.9666666666666667,0,116,60,120,6,3.35195530726257,6,25.714285714285715,10.0,0.022222222222222223,0.0,116,0.9666666666666667,
5EF64122-B513-46AE-BCF1-E62AAC285D2C,5EF64122_tsts5,806289BC-AD52-4CC1-806C-0CDB14D65EB6,moving_average,"{""theta"": 0.9798581381815872, ""w"": 5}",180,60,120,0.0,1.0,0,120,60,120,0,0.0,0,180.0,180.0,0.0,0.0,120,1.0,
5EF64122-B513-46AE-BCF1-E62AAC285D2C,5EF64122_tsts5,806289BC-AD52-4CC1-806C-0CDB14D65EB6,ewma,"{""theta"": 0.9798581381815872, ""alpha"": 0.3}",180,60,120,0.0,0.9916666666666667,0,119,60,120,2,1.1173184357541899,2,60.0,24.0,0.005555555555555556,0.0,119,0.9916666666666667,
5EF64122-B513-46AE-BCF1-E62AAC285D2C,5EF64122_tsts5,806289BC-AD52-4CC1-806C-0CDB14D65EB6,majority_vote,"{""theta"": 0.9798581381815872, ""w"": 3, ""k"": 2}",180,60,120,0.0,0.9833333333333333,0,118,60,120,2,1.1173184357541899,2,60.0,23.0,0.011111111111111112,0.0,118,0.9833333333333333,
5EF64122-B513-46AE-BCF1-E62AAC285D2C,5EF64122_tsts5,806289BC-AD52-4CC1-806C-0CDB14D65EB6,debounce,"{""theta"": 0.9798581381815872, ""n"": 2}",180,60,120,0.0,0.975,0,117,60,120,3,1.675977653631285,2,45.0,12.5,0.016666666666666666,0.0,117,0.975,
5EF64122-B513-46AE-BCF1-E62AAC285D2C,5EF64122_tsts5,806289BC-AD52-4CC1-806C-0CDB14D65EB6,margin_dual_threshold,"{""theta"": 0.9992843999182172, ""margin"": 0.05}",180,60,120,0.0,1.0,0,120,60,120,0,0.0,0,180.0,180.0,0.0,0.0,120,1.0,
5EF64122-B513-46AE-BCF1-E62AAC285D2C,5EF64122_tsts5,806289BC-AD52-4CC1-806C-0CDB14D65EB6,hysteresis,"{""theta"": 0.9992843999182172, ""margin"": 0.05, ""ttt_frames"": 10}",180,60,120,0.0,0.925,0,111,60,120,1,0.5586592178770949,0,90.0,90.0,0.05,0.0,111,0.925,
5EF64122-B513-46AE-BCF1-E62AAC285D2C,5EF64122_tsts5,806289BC-AD52-4CC1-806C-0CDB14D65EB6,trust_model,"{""theta"": 0.9992843999182172, ""gain"": 0.6, ""decay"": 0.2, ""tau_lo"": 0.4, ""tau_hi"": 0.6}",180,60,120,0.0,0.825,0,99,60,120,1,0.5586592178770949,0,90.0,90.0,0.11666666666666667,0.0,99,0.825,
5EF64122-B513-46AE-BCF1-E62AAC285D2C,5EF64122_tsts5,806289BC-AD52-4CC1-806C-0CDB14D65EB6,sprt,"{""A"": 16, ""B"": 1, ""mu_gen"": 0.9757043123423977, ""sd_gen"": 0.01644617962093875, ""mu_imp"": 0.6503299001567504, ""sd_imp"": 0.38642912335801927}",180,60,120,0.0,0.03333333333333333,0,4,60,120,2,1.1173184357541899,0,60.0,60.0,0.6444444444444445,0.0,4,0.03333333333333333,4.0
61976C24-1C50-4355-9C49-AAE44A7D09F6,61976C24_tsts0,00EABED2-271D-49D8-B599-1D4A09240601,instantaneous,"{""theta"": 0.9878452089507375}",180,60,120,0.0,0.5,0,60,60,120,1,0.5586592178770949,0,90.0,90.0,0.3333333333333333,0.0,60,0.5,0.0
61976C24-1C50-4355-9C49-AAE44A7D09F6,61976C24_tsts0,00EABED2-271D-49D8-B599-1D4A09240601,moving_average,"{""theta"": 0.9878452089507375, ""w"": 3}",180,60,120,0.0,0.5083333333333333,0,61,60,120,1,0.5586592178770949,0,90.0,90.0,0.3277777777777778,0.0,61,0.5083333333333333,1.0
61976C24-1C50-4355-9C49-AAE44A7D09F6,61976C24_tsts0,00EABED2-271D-49D8-B599-1D4A09240601,ewma,"{""theta"": 0.9878452089507375, ""alpha"": 0.5}",180,60,120,0.0,0.5083333333333333,0,61,60,120,1,0.5586592178770949,0,90.0,90.0,0.3277777777777778,0.0,61,0.5083333333333333,1.0
61976C24-1C50-4355-9C49-AAE44A7D09F6,61976C24_tsts0,00EABED2-271D-49D8-B599-1D4A09240601,majority_vote,"{""theta"": 0.9878452089507375, ""w"": 3, ""k"": 2}",180,60,120,0.0,0.5083333333333333,0,61,60,120,1,0.5586592178770949,0,90.0,90.0,0.3277777777777778,0.0,61,0.5083333333333333,1.0
61976C24-1C50-4355-9C49-AAE44A7D09F6,61976C24_tsts0,00EABED2-271D-49D8-B599-1D4A09240601,debounce,"{""theta"": 0.9878452089507375, ""n"": 2}",180,60,120,0.0,0.5,0,60,60,120,2,1.1173184357541899,0,60.0,59.0,0.3333333333333333,0.0,60,0.5,1.0
61976C24-1C50-4355-9C49-AAE44A7D09F6,61976C24_tsts0,00EABED2-271D-49D8-B599-1D4A09240601,margin_dual_threshold,"{""theta"": 0.9722687511632235, ""margin"": 0.05}",180,60,120,1.0,0.0,60,0,60,120,0,0.0,0,180.0,180.0,1.0,,0,0.0,0.0
61976C24-1C50-4355-9C49-AAE44A7D09F6,61976C24_tsts0,00EABED2-271D-49D8-B599-1D4A09240601,hysteresis,"{""theta"": 0.9722687511632235, ""margin"": 0.05, ""ttt_frames"": 2}",180,60,120,1.0,0.0,60,0,60,120,0,0.0,0,180.0,180.0,1.0,,0,0.0,0.0
61976C24-1C50-4355-9C49-AAE44A7D09F6,61976C24_tsts0,00EABED2-271D-49D8-B599-1D4A09240601,trust_model,"{""theta"": 0.9960915689558906, ""gain"": 0.3, ""decay"": 0.05, ""tau_lo"": 0.4, ""tau_hi"": 0.6}",180,60,120,0.0,0.5666666666666667,0,68,60,120,1,0.5586592178770949,0,90.0,90.0,0.28888888888888886,0.0,68,0.5666666666666667,
61976C24-1C50-4355-9C49-AAE44A7D09F6,61976C24_tsts0,00EABED2-271D-49D8-B599-1D4A09240601,sprt,"{""A"": 4, ""B"": 1, ""mu_gen"": 0.9743697913435493, ""sd_gen"": 0.006755614520650538, ""mu_imp"": 0.6553108908741238, ""sd_imp"": 0.38224925557909634}",180,60,120,1.0,0.49166666666666664,60,59,60,120,1,0.5586592178770949,0,90.0,90.0,0.6722222222222223,,59,0.49166666666666664,
61976C24-1C50-4355-9C49-AAE44A7D09F6,61976C24_tsts1,481F4DD2-7689-43B9-A2AA-C8772227162B,instantaneous,"{""theta"": 0.9878452089507375}",180,60,120,0.0,1.0,0,120,60,120,0,0.0,0,180.0,180.0,0.0,0.0,120,1.0,
61976C24-1C50-4355-9C49-AAE44A7D09F6,61976C24_tsts1,481F4DD2-7689-43B9-A2AA-C8772227162B,moving_average,"{""theta"": 0.9878452089507375, ""w"": 3}",180,60,120,0.0,1.0,0,120,60,120,0,0.0,0,180.0,180.0,0.0,0.0,120,1.0,
61976C24-1C50-4355-9C49-AAE44A7D09F6,61976C24_tsts1,481F4DD2-7689-43B9-A2AA-C8772227162B,ewma,"{""theta"": 0.9878452089507375, ""alpha"": 0.5}",180,60,120,0.0,1.0,0,120,60,120,0,0.0,0,180.0,180.0,0.0,0.0,120,1.0,
61976C24-1C50-4355-9C49-AAE44A7D09F6,61976C24_tsts1,481F4DD2-7689-43B9-A2AA-C8772227162B,majority_vote,"{""theta"": 0.9878452089507375, ""w"": 3, ""k"": 2}",180,60,120,0.0,1.0,0,120,60,120,0,0.0,0,180.0,180.0,0.0,0.0,120,1.0,
61976C24-1C50-4355-9C49-AAE44A7D09F6,61976C24_tsts1,481F4DD2-7689-43B9-A2AA-C8772227162B,debounce,"{""theta"": 0.9878452089507375, ""n"": 2}",180,60,120,0.0,0.9916666666666667,0,119,60,120,1,0.5586592178770949,0,90.0,90.0,0.005555555555555556,0.0,119,0.9916666666666667,
61976C24-1C50-4355-9C49-AAE44A7D09F6,61976C24_tsts1,481F4DD2-7689-43B9-A2AA-C8772227162B,margin_dual_threshold,"{""theta"": 0.9722687511632235, ""margin"": 0.05}",180,60,120,0.0,0.5,0,60,60,120,1,0.5586592178770949,0,90.0,90.0,0.3333333333333333,0.0,60,0.5,
61976C24-1C50-4355-9C49-AAE44A7D09F6,61976C24_tsts1,481F4DD2-7689-43B9-A2AA-C8772227162B,hysteresis,"{""theta"": 0.9722687511632235, ""margin"": 0.05, ""ttt_frames"": 2}",180,60,120,0.016666666666666666,0.5,1,60,60,120,1,0.5586592178770949,0,90.0,90.0,0.3388888888888889,1.0,60,0.5,
61976C24-1C50-4355-9C49-AAE44A7D09F6,61976C24_tsts1,481F4DD2-7689-43B9-A2AA-C8772227162B,trust_model,"{""theta"": 0.9960915689558906, ""gain"": 0.3, ""decay"": 0.05, ""tau_lo"": 0.4, ""tau_hi"": 0.6}",180,60,120,0.0,0.5666666666666667,0,68,60,120,1,0.5586592178770949,0,90.0,90.0,0.28888888888888886,0.0,68,0.5666666666666667,
61976C24-1C50-4355-9C49-AAE44A7D09F6,61976C24_tsts1,481F4DD2-7689-43B9-A2AA-C8772227162B,sprt,"{""A"": 4, ""B"": 1, ""mu_gen"": 0.9743697913435493, ""sd_gen"": 0.006755614520650538, ""mu_imp"": 0.6553108908741238, ""sd_imp"": 0.38224925557909634}",180,60,120,0.0,0.0,0,0,60,120,2,1.1173184357541899,0,60.0,60.0,0.6666666666666666,0.0,0,0.0,0.0
61976C24-1C50-4355-9C49-AAE44A7D09F6,61976C24_tsts2,78A91A4E-4A51-4065-BDA7-94755F0BB3BB,instantaneous,"{""theta"": 0.9878452089507375}",180,60,120,0.03333333333333333,0.6833333333333333,2,82,60,120,17,9.497206703910615,16,10.0,2.0,0.2222222222222222,0.0,82,0.6833333333333333,
61976C24-1C50-4355-9C49-AAE44A7D09F6,61976C24_tsts2,78A91A4E-4A51-4065-BDA7-94755F0BB3BB,moving_average,"{""theta"": 0.9878452089507375, ""w"": 3}",180,60,120,0.05,0.6916666666666667,3,83,60,120,9,5.027932960893855,6,18.0,17.0,0.2222222222222222,1.0,83,0.6916666666666667,5.0
61976C24-1C50-4355-9C49-AAE44A7D09F6,61976C24_tsts2,78A91A4E-4A51-4065-BDA7-94755F0BB3BB,ewma,"{""theta"": 0.9878452089507375, ""alpha"": 0.5}",180,60,120,0.016666666666666666,0.7333333333333333,1,88,60,120,11,6.145251396648045,10,15.0,7.5,0.18333333333333332,0.0,88,0.7333333333333333,
61976C24-1C50-4355-9C49-AAE44A7D09F6,61976C24_tsts2,78A91A4E-4A51-4065-BDA7-94755F0BB3BB,majority_vote,"{""theta"": 0.9878452089507375, ""w"": 3, ""k"": 2}",180,60,120,0.05,0.6916666666666667,3,83,60,120,9,5.027932960893855,6,18.0,17.0,0.2222222222222222,1.0,83,0.6916666666666667,5.0
61976C24-1C50-4355-9C49-AAE44A7D09F6,61976C24_tsts2,78A91A4E-4A51-4065-BDA7-94755F0BB3BB,debounce,"{""theta"": 0.9878452089507375, ""n"": 2}",180,60,120,0.05,0.7,3,84,60,120,9,5.027932960893855,6,18.0,17.0,0.21666666666666667,1.0,84,0.7,5.0
61976C24-1C50-4355-9C49-AAE44A7D09F6,61976C24_tsts2,78A91A4E-4A51-4065-BDA7-94755F0BB3BB,margin_dual_threshold,"{""theta"": 0.9722687511632235, ""margin"": 0.05}",180,60,120,1.0,0.0,60,0,60,120,0,0.0,0,180.0,180.0,1.0,,0,0.0,0.0
61976C24-1C50-4355-9C49-AAE44A7D09F6,61976C24_tsts2,78A91A4E-4A51-4065-BDA7-94755F0BB3BB,hysteresis,"{""theta"": 0.9722687511632235, ""margin"": 0.05, ""ttt_frames"": 2}",180,60,120,1.0,0.0,60,0,60,120,0,0.0,0,180.0,180.0,1.0,,0,0.0,0.0
61976C24-1C50-4355-9C49-AAE44A7D09F6,61976C24_tsts2,78A91A4E-4A51-4065-BDA7-94755F0BB3BB,trust_model,"{""theta"": 0.9960915689558906, ""gain"": 0.3, ""decay"": 0.05, ""tau_lo"": 0.4, ""tau_hi"": 0.6}",180,60,120,0.15,0.5,9,60,60,120,1,0.5586592178770949,0,90.0,90.0,0.38333333333333336,9.0,60,0.5,
61976C24-1C50-4355-9C49-AAE44A7D09F6,61976C24_tsts2,78A91A4E-4A51-4065-BDA7-94755F0BB3BB,sprt,"{""A"": 4, ""B"": 1, ""mu_gen"": 0.9743697913435493, ""sd_gen"": 0.006755614520650538, ""mu_imp"": 0.6553108908741238, ""sd_imp"": 0.38224925557909634}",180,60,120,0.9666666666666667,0.25,58,30,60,120,10,5.58659217877095,8,16.363636363636363,2.0,0.8222222222222222,,30,0.25,0.0
61976C24-1C50-4355-9C49-AAE44A7D09F6,61976C24_tsts3,806289BC-AD52-4CC1-806C-0CDB14D65EB6,instantaneous,"{""theta"": 0.9878452089507375}",180,60,120,0.0,0.95,0,114,60,120,8,4.4692737430167595,8,20.0,2.0,0.03333333333333333,0.0,114,0.95,
61976C24-1C50-4355-9C49-AAE44A7D09F6,61976C24_tsts3,806289BC-AD52-4CC1-806C-0CDB14D65EB6,moving_average,"{""theta"": 0.9878452089507375, ""w"": 3}",180,60,120,0.0,0.9583333333333334,0,115,60,120,2,1.1173184357541899,0,60.0,47.0,0.027777777777777776,0.0,115,0.9583333333333334,
61976C24-1C50-4355-9C49-AAE44A7D09F6,61976C24_tsts3,806289BC-AD52-4CC1-806C-0CDB14D65EB6,ewma,"{""theta"": 0.9878452089507375, ""alpha"": 0.5}",180,60,120,0.0,0.975,0,117,60,120,4,2.2346368715083798,4,36.0,2.0,0.016666666666666666,0.0,117,0.975,
61976C24-1C50-4355-9C49-AAE44A7D09F6,61976C24_tsts3,806289BC-AD52-4CC1-806C-0CDB14D65EB6,majority_vote,"{""theta"": 0.9878452089507375, ""w"": 3, ""k"": 2}",180,60,120,0.0,0.9583333333333334,0,115,60,120,2,1.1173184357541899,0,60.0,47.0,0.027777777777777776,0.0,115,0.9583333333333334,
61976C24-1C50-4355-9C49-AAE44A7D09F6,61976C24_tsts3,806289BC-AD52-4CC1-806C-0CDB14D65EB6,debounce,"{""theta"": 0.9878452089507375, ""n"": 2}",180,60,120,0.0,0.95,0,114,60,120,3,1.675977653631285,0,45.0,25.5,0.03333333333333333,0.0,114,0.95,
61976C24-1C50-4355-9C49-AAE44A7D09F6,61976C24_tsts3,806289BC-AD52-4CC1-806C-0CDB14D65EB6,margin_dual_threshold,"{""theta"": 0.9722687511632235, ""margin"": 0.05}",180,60,120,0.0,0.5,0,60,60,120,1,0.5586592178770949,0,90.0,90.0,0.3333333333333333,0.0,60,0.5,
61976C24-1C50-4355-9C49-AAE44A7D09F6,61976C24_tsts3,806289BC-AD52-4CC1-806C-0CDB14D65EB6,hysteresis,"{""theta"": 0.9722687511632235, ""margin"": 0.05, ""ttt_frames"": 2}",180,60,120,0.016666666666666666,0.5,1,60,60,120,1,0.5586592178770949,0,90.0,90.0,0.3388888888888889,1.0,60,0.5,
61976C24-1C50-4355-9C49-AAE44A7D09F6,61976C24_tsts3,806289BC-AD52-4CC1-806C-0CDB14D65EB6,trust_model,"{""theta"": 0.9960915689558906, ""gain"": 0.3, ""decay"": 0.05, ""tau_lo"": 0.4, ""tau_hi"": 0.6}",180,60,120,0.0,0.5,0,60,60,120,1,0.5586592178770949,0,90.0,90.0,0.3333333333333333,0.0,60,0.5,
61976C24-1C50-4355-9C49-AAE44A7D09F6,61976C24_tsts3,806289BC-AD52-4CC1-806C-0CDB14D65EB6,sprt,"{""A"": 4, ""B"": 1, ""mu_gen"": 0.9743697913435493, ""sd_gen"": 0.006755614520650538, ""mu_imp"": 0.6553108908741238, ""sd_imp"": 0.38224925557909634}",180,60,120,0.0,0.016666666666666666,0,2,60,120,6,3.35195530726257,4,25.714285714285715,9.0,0.6555555555555556,0.0,2,0.016666666666666666,0.0
61976C24-1C50-4355-9C49-AAE44A7D09F6,61976C24_tsts4,33A85C34-CFE4-4732-9E73-0A7AC861B27A,instantaneous,"{""theta"": 0.9878452089507375}",180,60,120,0.0,0.9916666666666667,0,119,60,120,2,1.1173184357541899,2,60.0,32.0,0.005555555555555556,0.0,119,0.9916666666666667,
61976C24-1C50-4355-9C49-AAE44A7D09F6,61976C24_tsts4,33A85C34-CFE4-4732-9E73-0A7AC861B27A,moving_average,"{""theta"": 0.9878452089507375, ""w"": 3}",180,60,120,0.0,1.0,0,120,60,120,0,0.0,0,180.0,180.0,0.0,0.0,120,1.0,
61976C24-1C50-4355-9C49-AAE44A7D09F6,61976C24_tsts4,33A85C34-CFE4-4732-9E73-0A7AC861B27A,ewma,"{""theta"": 0.9878452089507375, ""alpha"": 0.5}",180,60,120,0.0,1.0,0,120,60,120,0,0.0,0,180.0,180.0,0.0,0.0,120,1.0,
61976C24-1C50-4355-9C49-AAE44A7D09F6,61976C24_tsts4,33A85C34-CFE4-4732-9E73-0A7AC861B27A,majority_vote,"{""theta"": 0.9878452089507375, ""w"": 3, ""k"": 2}",180,60,120,0.0,1.0,0,120,60,120,0,0.0,0,180.0,180.0,0.0,0.0,120,1.0,
61976C24-1C50-4355-9C49-AAE44A7D09F6,61976C24_tsts4,33A85C34-CFE4-4732-9E73-0A7AC861B27A,debounce,"{""theta"": 0.9878452089507375, ""n"": 2}",180,60,120,0.0,0.9916666666666667,0,119,60,120,1,0.5586592178770949,0,90.0,90.0,0.005555555555555556,0.0,119,0.9916666666666667,
61976C24-1C50-4355-9C49-AAE44A7D09F6,61976C24_tsts4,33A85C34-CFE4-4732-9E73-0A7AC861B27A,margin_dual_threshold,"{""theta"": 0.9722687511632235, ""margin"": 0.05}",180,60,120,0.0,0.5,0,60,60,120,1,0.5586592178770949,0,90.0,90.0,0.3333333333333333,0.0,60,0.5,
61976C24-1C50-4355-9C49-AAE44A7D09F6,61976C24_tsts4,33A85C34-CFE4-4732-9E73-0A7AC861B27A,hysteresis,"{""theta"": 0.9722687511632235, ""margin"": 0.05, ""ttt_frames"": 2}",180,60,120,0.016666666666666666,0.5,1,60,60,120,1,0.5586592178770949,0,90.0,90.0,0.3388888888888889,1.0,60,0.5,
61976C24-1C50-4355-9C49-AAE44A7D09F6,61976C24_tsts4,33A85C34-CFE4-4732-9E73-0A7AC861B27A,trust_model,"{""theta"": 0.9960915689558906, ""gain"": 0.3, ""decay"": 0.05, ""tau_lo"": 0.4, ""tau_hi"": 0.6}",180,60,120,0.0,0.5583333333333333,0,67,60,120,1,0.5586592178770949,0,90.0,90.0,0.29444444444444445,0.0,67,0.5583333333333333,
61976C24-1C50-4355-9C49-AAE44A7D09F6,61976C24_tsts4,33A85C34-CFE4-4732-9E73-0A7AC861B27A,sprt,"{""A"": 4, ""B"": 1, ""mu_gen"": 0.9743697913435493, ""sd_gen"": 0.006755614520650538, ""mu_imp"": 0.6553108908741238, ""sd_imp"": 0.38224925557909634}",180,60,120,0.0,0.0,0,0,60,120,2,1.1173184357541899,0,60.0,60.0,0.6666666666666666,0.0,0,0.0,0.0
61976C24-1C50-4355-9C49-AAE44A7D09F6,61976C24_tsts5,00EABED2-271D-49D8-B599-1D4A09240601,instantaneous,"{""theta"": 0.9878452089507375}",180,60,120,0.0,0.7166666666666667,0,86,60,120,17,9.497206703910615,17,10.0,2.0,0.18888888888888888,0.0,86,0.7166666666666667,
61976C24-1C50-4355-9C49-AAE44A7D09F6,61976C24_tsts5,00EABED2-271D-49D8-B599-1D4A09240601,moving_average,"{""theta"": 0.9878452089507375, ""w"": 3}",180,60,120,0.0,0.7083333333333334,0,85,60,120,11,6.145251396648045,9,15.0,4.0,0.19444444444444445,0.0,85,0.7083333333333334,12.0
61976C24-1C50-4355-9C49-AAE44A7D09F6,61976C24_tsts5,00EABED2-271D-49D8-B599-1D4A09240601,ewma,"{""theta"": 0.9878452089507375, ""alpha"": 0.5}",180,60,120,0.0,0.7666666666666667,0,92,60,120,15,8.379888268156424,15,11.25,1.5,0.15555555555555556,0.0,92,0.7666666666666667,
61976C24-1C50-4355-9C49-AAE44A7D09F6,61976C24_tsts5,00EABED2-271D-49D8-B599-1D4A09240601,majority_vote,"{""theta"": 0.9878452089507375, ""w"": 3, ""k"": 2}",180,60,120,0.0,0.7083333333333334,0,85,60,120,11,6.145251396648045,9,15.0,4.0,0.19444444444444445,0.0,85,0.7083333333333334,12.0
61976C24-1C50-4355-9C49-AAE44A7D09F6,61976C24_tsts5,00EABED2-271D-49D8-B599-1D4A09240601,debounce,"{""theta"": 0.9878452089507375, ""n"": 2}",180,60,120,0.0,0.7,0,84,60,120,11,6.145251396648045,9,15.0,4.5,0.2,0.0,84,0.7,12.0
61976C24-1C50-4355-9C49-AAE44A7D09F6,61976C24_tsts5,00EABED2-271D-49D8-B599-1D4A09240601,margin_dual_threshold,"{""theta"": 0.9722687511632235, ""margin"": 0.05}",180,60,120,1.0,0.0,60,0,60,120,0,0.0,0,180.0,180.0,1.0,,0,0.0,0.0
61976C24-1C50-4355-9C49-AAE44A7D09F6,61976C24_tsts5,00EABED2-271D-49D8-B599-1D4A09240601,hysteresis,"{""theta"": 0.9722687511632235, ""margin"": 0.05, ""ttt_frames"": 2}",180,60,120,1.0,0.0,60,0,60,120,0,0.0,0,180.0,180.0,1.0,,0,0.0,0.0
61976C24-1C50-4355-9C49-AAE44A7D09F6,61976C24_tsts5,00EABED2-271D-49D8-B599-1D4A09240601,trust_model,"{""theta"": 0.9960915689558906, ""gain"": 0.3, ""decay"": 0.05, ""tau_lo"": 0.4, ""tau_hi"": 0.6}",180,60,120,0.05,0.5,3,60,60,120,1,0.5586592178770949,0,90.0,90.0,0.35,3.0,60,0.5,
61976C24-1C50-4355-9C49-AAE44A7D09F6,61976C24_tsts5,00EABED2-271D-49D8-B599-1D4A09240601,sprt,"{""A"": 4, ""B"": 1, ""mu_gen"": 0.9743697913435493, ""sd_gen"": 0.006755614520650538, ""mu_imp"": 0.6553108908741238, ""sd_imp"": 0.38224925557909634}",180,60,120,1.0,0.20833333333333334,60,25,60,120,14,7.82122905027933,13,12.0,2.0,0.8611111111111112,,25,0.20833333333333334,0.0
78A91A4E-4A51-4065-BDA7-94755F0BB3BB,78A91A4E_tsts0,11B5EC4D-4133-4289-B475-4E737182A406,instantaneous,"{""theta"": 1.0}",180,60,120,0.0,0.9583333333333334,0,115,60,120,3,1.675977653631285,2,45.0,8.5,0.027777777777777776,0.0,115,0.9583333333333334,
78A91A4E-4A51-4065-BDA7-94755F0BB3BB,78A91A4E_tsts0,11B5EC4D-4133-4289-B475-4E737182A406,moving_average,"{""theta"": 1.0, ""w"": 3}",180,60,120,0.0,0.9666666666666667,0,116,60,120,1,0.5586592178770949,0,90.0,90.0,0.022222222222222223,0.0,116,0.9666666666666667,
78A91A4E-4A51-4065-BDA7-94755F0BB3BB,78A91A4E_tsts0,11B5EC4D-4133-4289-B475-4E737182A406,ewma,"{""theta"": 1.0, ""alpha"": 0.5}",180,60,120,0.0,0.9666666666666667,0,116,60,120,1,0.5586592178770949,0,90.0,90.0,0.022222222222222223,0.0,116,0.9666666666666667,
78A91A4E-4A51-4065-BDA7-94755F0BB3BB,78A91A4E_tsts0,11B5EC4D-4133-4289-B475-4E737182A406,majority_vote,"{""theta"": 1.0, ""w"": 10, ""k"": 8}",180,60,120,0.0,0.9583333333333334,0,115,60,120,1,0.5586592178770949,0,90.0,90.0,0.027777777777777776,0.0,115,0.9583333333333334,
78A91A4E-4A51-4065-BDA7-94755F0BB3BB,78A91A4E_tsts0,11B5EC4D-4133-4289-B475-4E737182A406,debounce,"{""theta"": 1.0, ""n"": 10}",180,60,120,0.0,0.8916666666666667,0,107,60,120,1,0.5586592178770949,0,90.0,90.0,0.07222222222222222,0.0,107,0.8916666666666667,
78A91A4E-4A51-4065-BDA7-94755F0BB3BB,78A91A4E_tsts0,11B5EC4D-4133-4289-B475-4E737182A406,margin_dual_threshold,"{""theta"": 1.0, ""margin"": 0.05}",180,60,120,0.0,0.9666666666666667,0,116,60,120,1,0.5586592178770949,0,90.0,90.0,0.022222222222222223,0.0,116,0.9666666666666667,
78A91A4E-4A51-4065-BDA7-94755F0BB3BB,78A91A4E_tsts0,11B5EC4D-4133-4289-B475-4E737182A406,hysteresis,"{""theta"": 1.0, ""margin"": 0.05, ""ttt_frames"": 10}",180,60,120,0.0,0.8916666666666667,0,107,60,120,1,0.5586592178770949,0,90.0,90.0,0.07222222222222222,0.0,107,0.8916666666666667,
78A91A4E-4A51-4065-BDA7-94755F0BB3BB,78A91A4E_tsts0,11B5EC4D-4133-4289-B475-4E737182A406,trust_model,"{""theta"": 1.0, ""gain"": 0.3, ""decay"": 0.0, ""tau_lo"": 0.4, ""tau_hi"": 0.6}",180,60,120,0.0,0.5,0,60,60,120,1,0.5586592178770949,0,90.0,90.0,0.3333333333333333,0.0,60,0.5,
78A91A4E-4A51-4065-BDA7-94755F0BB3BB,78A91A4E_tsts0,11B5EC4D-4133-4289-B475-4E737182A406,sprt,"{""A"": 16, ""B"": 1, ""mu_gen"": 0.9682033511711552, ""sd_gen"": 0.04603140539063723, ""mu_imp"": 0.6395393479934887, ""sd_imp"": 0.38581142055536877}",180,60,120,1.0,0.0,60,0,60,120,0,0.0,0,180.0,180.0,1.0,,0,0.0,0.0
78A91A4E-4A51-4065-BDA7-94755F0BB3BB,78A91A4E_tsts1,33A85C34-CFE4-4732-9E73-0A7AC861B27A,instantaneous,"{""theta"": 1.0}",180,60,120,0.0,1.0,0,120,60,120,0,0.0,0,180.0,180.0,0.0,0.0,120,1.0,
78A91A4E-4A51-4065-BDA7-94755F0BB3BB,78A91A4E_tsts1,33A85C34-CFE4-4732-9E73-0A7AC861B27A,moving_average,"{""theta"": 1.0, ""w"": 3}",180,60,120,0.0,1.0,0,120,60,120,0,0.0,0,180.0,180.0,0.0,0.0,120,1.0,
78A91A4E-4A51-4065-BDA7-94755F0BB3BB,78A91A4E_tsts1,33A85C34-CFE4-4732-9E73-0A7AC861B27A,ewma,"{""theta"": 1.0, ""alpha"": 0.5}",180,60,120,0.0,1.0,0,120,60,120,0,0.0,0,180.0,180.0,0.0,0.0,120,1.0,
78A91A4E-4A51-4065-BDA7-94755F0BB3BB,78A91A4E_tsts1,33A85C34-CFE4-4732-9E73-0A7AC861B27A,majority_vote,"{""theta"": 1.0, ""w"": 10, ""k"": 8}",180,60,120,0.0,1.0,0,120,60,120,0,0.0,0,180.0,180.0,0.0,0.0,120,1.0,
78A91A4E-4A51-4065-BDA7-94755F0BB3BB,78A91A4E_tsts1,33A85C34-CFE4-4732-9E73-0A7AC861B27A,debounce,"{""theta"": 1.0, ""n"": 10}",180,60,120,0.0,0.925,0,111,60,120,1,0.5586592178770949,0,90.0,90.0,0.05,0.0,111,0.925,
78A91A4E-4A51-4065-BDA7-94755F0BB3BB,78A91A4E_tsts1,33A85C34-CFE4-4732-9E73-0A7AC861B27A,margin_dual_threshold,"{""theta"": 1.0, ""margin"": 0.05}",180,60,120,0.0,1.0,0,120,60,120,0,0.0,0,180.0,180.0,0.0,0.0,120,1.0,
78A91A4E-4A51-4065-BDA7-94755F0BB3BB,78A91A4E_tsts1,33A85C34-CFE4-4732-9E73-0A7AC861B27A,hysteresis,"{""theta"": 1.0, ""margin"": 0.05, ""ttt_frames"": 10}",180,60,120,0.0,0.925,0,111,60,120,1,0.5586592178770949,0,90.0,90.0,0.05,0.0,111,0.925,
78A91A4E-4A51-4065-BDA7-94755F0BB3BB,78A91A4E_tsts1,33A85C34-CFE4-4732-9E73-0A7AC861B27A,trust_model,"{""theta"": 1.0, ""gain"": 0.3, ""decay"": 0.0, ""tau_lo"": 0.4, ""tau_hi"": 0.6}",180,60,120,0.0,0.5416666666666666,0,65,60,120,1,0.5586592178770949,0,90.0,90.0,0.3055555555555556,0.0,65,0.5416666666666666,
78A91A4E-4A51-4065-BDA7-94755F0BB3BB,78A91A4E_tsts1,33A85C34-CFE4-4732-9E73-0A7AC861B27A,sprt,"{""A"": 16, ""B"": 1, ""mu_gen"": 0.9682033511711552, ""sd_gen"": 0.04603140539063723, ""mu_imp"": 0.6395393479934887, ""sd_imp"": 0.38581142055536877}",180,60,120,0.0,0.05,0,6,60,120,2,1.1173184357541899,0,60.0,60.0,0.6333333333333333,0.0,6,0.05,6.0
78A91A4E-4A51-4065-BDA7-94755F0BB3BB,78A91A4E_tsts2,FDAA70A1-42A3-4E3F-9AE3-3FDA412E03BF,instantaneous,"{""theta"": 1.0}",180,60,120,0.0,0.975,0,117,60,120,6,3.35195530726257,6,25.714285714285715,1.0,0.016666666666666666,0.0,117,0.975,
78A91A4E-4A51-4065-BDA7-94755F0BB3BB,78A91A4E_tsts2,FDAA70A1-42A3-4E3F-9AE3-3FDA412E03BF,moving_average,"{""theta"": 1.0, ""w"": 3}",180,60,120,0.0,1.0,0,120,60,120,0,0.0,0,180.0,180.0,0.0,0.0,120,1.0,
78A91A4E-4A51-4065-BDA7-94755F0BB3BB,78A91A4E_tsts2,FDAA70A1-42A3-4E3F-9AE3-3FDA412E03BF,ewma,"{""theta"": 1.0, ""alpha"": 0.5}",180,60,120,0.0,1.0,0,120,60,120,0,0.0,0,180.0,180.0,0.0,0.0,120,1.0,
78A91A4E-4A51-4065-BDA7-94755F0BB3BB,78A91A4E_tsts2,FDAA70A1-42A3-4E3F-9AE3-3FDA412E03BF,majority_vote,"{""theta"": 1.0, ""w"": 10, ""k"": 8}",180,60,120,0.0,1.0,0,120,60,120,0,0.0,0,180.0,180.0,0.0,0.0,120,1.0,
78A91A4E-4A51-4065-BDA7-94755F0BB3BB,78A91A4E_tsts2,FDAA70A1-42A3-4E3F-9AE3-3FDA412E03BF,debounce,"{""theta"": 1.0, ""n"": 10}",180,60,120,0.0,0.925,0,111,60,120,1,0.5586592178770949,0,90.0,90.0,0.05,0.0,111,0.925,
78A91A4E-4A51-4065-BDA7-94755F0BB3BB,78A91A4E_tsts2,FDAA70A1-42A3-4E3F-9AE3-3FDA412E03BF,margin_dual_threshold,"{""theta"": 1.0, ""margin"": 0.05}",180,60,120,0.0,1.0,0,120,60,120,0,0.0,0,180.0,180.0,0.0,0.0,120,1.0,
78A91A4E-4A51-4065-BDA7-94755F0BB3BB,78A91A4E_tsts2,FDAA70A1-42A3-4E3F-9AE3-3FDA412E03BF,hysteresis,"{""theta"": 1.0, ""margin"": 0.05, ""ttt_frames"": 10}",180,60,120,0.0,0.925,0,111,60,120,1,0.5586592178770949,0,90.0,90.0,0.05,0.0,111,0.925,
78A91A4E-4A51-4065-BDA7-94755F0BB3BB,78A91A4E_tsts2,FDAA70A1-42A3-4E3F-9AE3-3FDA412E03BF,trust_model,"{""theta"": 1.0, ""gain"": 0.3, ""decay"": 0.0, ""tau_lo"": 0.4, ""tau_hi"": 0.6}",180,60,120,0.0,0.5166666666666667,0,62,60,120,1,0.5586592178770949,0,90.0,90.0,0.32222222222222224,0.0,62,0.5166666666666667,
78A91A4E-4A51-4065-BDA7-94755F0BB3BB,78A91A4E_tsts2,FDAA70A1-42A3-4E3F-9AE3-3FDA412E03BF,sprt,"{""A"": 16, ""B"": 1, ""mu_gen"": 0.9682033511711552, ""sd_gen"": 0.04603140539063723, ""mu_imp"": 0.6395393479934887, ""sd_imp"": 0.38581142055536877}",180,60,120,0.85,0.0,51,0,60,120,2,1.1173184357541899,0,60.0,64.0,0.95,4.0,0,0.0,0.0
78A91A4E-4A51-4065-BDA7-94755F0BB3BB,78A91A4E_tsts3,24E40C4C-A349-4F9F-93AB-01D00FB994AF,instantaneous,"{""theta"": 1.0}",180,60,120,0.0,0.95,0,114,60,120,8,4.4692737430167595,8,20.0,3.0,0.03333333333333333,0.0,114,0.95,
78A91A4E-4A51-4065-BDA7-94755F0BB3BB,78A91A4E_tsts3,24E40C4C-A349-4F9F-93AB-01D00FB994AF,moving_average,"{""theta"": 1.0, ""w"": 3}",180,60,120,0.0,1.0,0,120,60,120,0,0.0,0,180.0,180.0,0.0,0.0,120,1.0,
78A91A4E-4A51-4065-BDA7-94755F0BB3BB,78A91A4E_tsts3,24E40C4C-A349-4F9F-93AB-01D00FB994AF,ewma,"{""theta"": 1.0, ""alpha"": 0.5}",180,60,120,0.0,1.0,0,120,60,120,0,0.0,0,180.0,180.0,0.0,0.0,120,1.0,
78A91A4E-4A51-4065-BDA7-94755F0BB3BB,78A91A4E_tsts3,24E40C4C-A349-4F9F-93AB-01D00FB994AF,majority_vote,"{""theta"": 1.0, ""w"": 10, ""k"": 8}",180,60,120,0.0,1.0,0,120,60,120,0,0.0,0,180.0,180.0,0.0,0.0,120,1.0,
78A91A4E-4A51-4065-BDA7-94755F0BB3BB,78A91A4E_tsts3,24E40C4C-A349-4F9F-93AB-01D00FB994AF,debounce,"{""theta"": 1.0, ""n"": 10}",180,60,120,0.0,0.925,0,111,60,120,1,0.5586592178770949,0,90.0,90.0,0.05,0.0,111,0.925,
78A91A4E-4A51-4065-BDA7-94755F0BB3BB,78A91A4E_tsts3,24E40C4C-A349-4F9F-93AB-01D00FB994AF,margin_dual_threshold,"{""theta"": 1.0, ""margin"": 0.05}",180,60,120,0.0,1.0,0,120,60,120,0,0.0,0,180.0,180.0,0.0,0.0,120,1.0,
78A91A4E-4A51-4065-BDA7-94755F0BB3BB,78A91A4E_tsts3,24E40C4C-A349-4F9F-93AB-01D00FB994AF,hysteresis,"{""theta"": 1.0, ""margin"": 0.05, ""ttt_frames"": 10}",180,60,120,0.0,0.925,0,111,60,120,1,0.5586592178770949,0,90.0,90.0,0.05,0.0,111,0.925,
78A91A4E-4A51-4065-BDA7-94755F0BB3BB,78A91A4E_tsts3,24E40C4C-A349-4F9F-93AB-01D00FB994AF,trust_model,"{""theta"": 1.0, ""gain"": 0.3, ""decay"": 0.0, ""tau_lo"": 0.4, ""tau_hi"": 0.6}",180,60,120,0.0,0.5333333333333333,0,64,60,120,1,0.5586592178770949,0,90.0,90.0,0.3111111111111111,0.0,64,0.5333333333333333,
78A91A4E-4A51-4065-BDA7-94755F0BB3BB,78A91A4E_tsts3,24E40C4C-A349-4F9F-93AB-01D00FB994AF,sprt,"{""A"": 16, ""B"": 1, ""mu_gen"": 0.9682033511711552, ""sd_gen"": 0.04603140539063723, ""mu_imp"": 0.6395393479934887, ""sd_imp"": 0.38581142055536877}",180,60,120,0.8833333333333333,0.0,53,0,60,120,2,1.1173184357541899,0,60.0,77.0,0.9611111111111111,17.0,0,0.0,0.0
78A91A4E-4A51-4065-BDA7-94755F0BB3BB,78A91A4E_tsts4,7D9BB102-A612-4E2A-8E22-3159752F55D8,instantaneous,"{""theta"": 1.0}",180,60,120,0.0,1.0,0,120,60,120,0,0.0,0,180.0,180.0,0.0,0.0,120,1.0,
78A91A4E-4A51-4065-BDA7-94755F0BB3BB,78A91A4E_tsts4,7D9BB102-A612-4E2A-8E22-3159752F55D8,moving_average,"{""theta"": 1.0, ""w"": 3}",180,60,120,0.0,1.0,0,120,60,120,0,0.0,0,180.0,180.0,0.0,0.0,120,1.0,
78A91A4E-4A51-4065-BDA7-94755F0BB3BB,78A91A4E_tsts4,7D9BB102-A612-4E2A-8E22-3159752F55D8,ewma,"{""theta"": 1.0, ""alpha"": 0.5}",180,60,120,0.0,1.0,0,120,60,120,0,0.0,0,180.0,180.0,0.0,0.0,120,1.0,
78A91A4E-4A51-4065-BDA7-94755F0BB3BB,78A91A4E_tsts4,7D9BB102-A612-4E2A-8E22-3159752F55D8,majority_vote,"{""theta"": 1.0, ""w"": 10, ""k"": 8}",180,60,120,0.0,1.0,0,120,60,120,0,0.0,0,180.0,180.0,0.0,0.0,120,1.0,
78A91A4E-4A51-4065-BDA7-94755F0BB3BB,78A91A4E_tsts4,7D9BB102-A612-4E2A-8E22-3159752F55D8,debounce,"{""theta"": 1.0, ""n"": 10}",180,60,120,0.0,0.925,0,111,60,120,1,0.5586592178770949,0,90.0,90.0,0.05,0.0,111,0.925,
78A91A4E-4A51-4065-BDA7-94755F0BB3BB,78A91A4E_tsts4,7D9BB102-A612-4E2A-8E22-3159752F55D8,margin_dual_threshold,"{""theta"": 1.0, ""margin"": 0.05}",180,60,120,0.0,1.0,0,120,60,120,0,0.0,0,180.0,180.0,0.0,0.0,120,1.0,
78A91A4E-4A51-4065-BDA7-94755F0BB3BB,78A91A4E_tsts4,7D9BB102-A612-4E2A-8E22-3159752F55D8,hysteresis,"{""theta"": 1.0, ""margin"": 0.05, ""ttt_frames"": 10}",180,60,120,0.0,0.925,0,111,60,120,1,0.5586592178770949,0,90.0,90.0,0.05,0.0,111,0.925,
78A91A4E-4A51-4065-BDA7-94755F0BB3BB,78A91A4E_tsts4,7D9BB102-A612-4E2A-8E22-3159752F55D8,trust_model,"{""theta"": 1.0, ""gain"": 0.3, ""decay"": 0.0, ""tau_lo"": 0.4, ""tau_hi"": 0.6}",180,60,120,0.0,0.5416666666666666,0,65,60,120,1,0.5586592178770949,0,90.0,90.0,0.3055555555555556,0.0,65,0.5416666666666666,
78A91A4E-4A51-4065-BDA7-94755F0BB3BB,78A91A4E_tsts4,7D9BB102-A612-4E2A-8E22-3159752F55D8,sprt,"{""A"": 16, ""B"": 1, ""mu_gen"": 0.9682033511711552, ""sd_gen"": 0.04603140539063723, ""mu_imp"": 0.6395393479934887, ""sd_imp"": 0.38581142055536877}",180,60,120,1.0,0.0,60,0,60,120,0,0.0,0,180.0,180.0,1.0,,0,0.0,0.0
78A91A4E-4A51-4065-BDA7-94755F0BB3BB,78A91A4E_tsts5,A5CDF89D-02A2-4EC1-89F8-F534FDABDD96,instantaneous,"{""theta"": 1.0}",180,60,120,0.0,0.9666666666666667,0,116,60,120,4,2.2346368715083798,4,36.0,18.0,0.022222222222222223,0.0,116,0.9666666666666667,
78A91A4E-4A51-4065-BDA7-94755F0BB3BB,78A91A4E_tsts5,A5CDF89D-02A2-4EC1-89F8-F534FDABDD96,moving_average,"{""theta"": 1.0, ""w"": 3}",180,60,120,0.0,1.0,0,120,60,120,0,0.0,0,180.0,180.0,0.0,0.0,120,1.0,
78A91A4E-4A51-4065-BDA7-94755F0BB3BB,78A91A4E_tsts5,A5CDF89D-02A2-4EC1-89F8-F534FDABDD96,ewma,"{""theta"": 1.0, ""alpha"": 0.5}",180,60,120,0.0,1.0,0,120,60,120,0,0.0,0,180.0,180.0,0.0,0.0,120,1.0,
78A91A4E-4A51-4065-BDA7-94755F0BB3BB,78A91A4E_tsts5,A5CDF89D-02A2-4EC1-89F8-F534FDABDD96,majority_vote,"{""theta"": 1.0, ""w"": 10, ""k"": 8}",180,60,120,0.0,1.0,0,120,60,120,0,0.0,0,180.0,180.0,0.0,0.0,120,1.0,
78A91A4E-4A51-4065-BDA7-94755F0BB3BB,78A91A4E_tsts5,A5CDF89D-02A2-4EC1-89F8-F534FDABDD96,debounce,"{""theta"": 1.0, ""n"": 10}",180,60,120,0.0,0.925,0,111,60,120,1,0.5586592178770949,0,90.0,90.0,0.05,0.0,111,0.925,
78A91A4E-4A51-4065-BDA7-94755F0BB3BB,78A91A4E_tsts5,A5CDF89D-02A2-4EC1-89F8-F534FDABDD96,margin_dual_threshold,"{""theta"": 1.0, ""margin"": 0.05}",180,60,120,0.0,1.0,0,120,60,120,0,0.0,0,180.0,180.0,0.0,0.0,120,1.0,
78A91A4E-4A51-4065-BDA7-94755F0BB3BB,78A91A4E_tsts5,A5CDF89D-02A2-4EC1-89F8-F534FDABDD96,hysteresis,"{""theta"": 1.0, ""margin"": 0.05, ""ttt_frames"": 10}",180,60,120,0.0,0.925,0,111,60,120,1,0.5586592178770949,0,90.0,90.0,0.05,0.0,111,0.925,
78A91A4E-4A51-4065-BDA7-94755F0BB3BB,78A91A4E_tsts5,A5CDF89D-02A2-4EC1-89F8-F534FDABDD96,trust_model,"{""theta"": 1.0, ""gain"": 0.3, ""decay"": 0.0, ""tau_lo"": 0.4, ""tau_hi"": 0.6}",180,60,120,0.0,0.5416666666666666,0,65,60,120,1,0.5586592178770949,0,90.0,90.0,0.3055555555555556,0.0,65,0.5416666666666666,
78A91A4E-4A51-4065-BDA7-94755F0BB3BB,78A91A4E_tsts5,A5CDF89D-02A2-4EC1-89F8-F534FDABDD96,sprt,"{""A"": 16, ""B"": 1, ""mu_gen"": 0.9682033511711552, ""sd_gen"": 0.04603140539063723, ""mu_imp"": 0.6395393479934887, ""sd_imp"": 0.38581142055536877}",180,60,120,1.0,0.0,60,0,60,120,0,0.0,0,180.0,180.0,1.0,,0,0.0,0.0
7CE37510-56D0-4120-A1CF-0E23351428D2,7CE37510_tsts0,0BFC35E2-4817-4865-BFA7-764742302A2D,instantaneous,"{""theta"": 0.992729954486711}",180,60,120,0.0,1.0,0,120,60,120,0,0.0,0,180.0,180.0,0.0,0.0,120,1.0,
7CE37510-56D0-4120-A1CF-0E23351428D2,7CE37510_tsts0,0BFC35E2-4817-4865-BFA7-764742302A2D,moving_average,"{""theta"": 0.992729954486711, ""w"": 10}",180,60,120,0.0,1.0,0,120,60,120,0,0.0,0,180.0,180.0,0.0,0.0,120,1.0,
7CE37510-56D0-4120-A1CF-0E23351428D2,7CE37510_tsts0,0BFC35E2-4817-4865-BFA7-764742302A2D,ewma,"{""theta"": 0.992729954486711, ""alpha"": 0.5}",180,60,120,0.0,1.0,0,120,60,120,0,0.0,0,180.0,180.0,0.0,0.0,120,1.0,
7CE37510-56D0-4120-A1CF-0E23351428D2,7CE37510_tsts0,0BFC35E2-4817-4865-BFA7-764742302A2D,majority_vote,"{""theta"": 0.992729954486711, ""w"": 3, ""k"": 2}",180,60,120,0.0,1.0,0,120,60,120,0,0.0,0,180.0,180.0,0.0,0.0,120,1.0,
7CE37510-56D0-4120-A1CF-0E23351428D2,7CE37510_tsts0,0BFC35E2-4817-4865-BFA7-764742302A2D,debounce,"{""theta"": 0.992729954486711, ""n"": 2}",180,60,120,0.0,0.9916666666666667,0,119,60,120,1,0.5586592178770949,0,90.0,90.0,0.005555555555555556,0.0,119,0.9916666666666667,
7CE37510-56D0-4120-A1CF-0E23351428D2,7CE37510_tsts0,0BFC35E2-4817-4865-BFA7-764742302A2D,margin_dual_threshold,"{""theta"": 0.989682249817385, ""margin"": 0.05}",180,60,120,0.0,0.5,0,60,60,120,1,0.5586592178770949,0,90.0,90.0,0.3333333333333333,0.0,60,0.5,
7CE37510-56D0-4120-A1CF-0E23351428D2,7CE37510_tsts0,0BFC35E2-4817-4865-BFA7-764742302A2D,hysteresis,"{""theta"": 0.989682249817385, ""margin"": 0.05, ""ttt_frames"": 2}",180,60,120,0.016666666666666666,0.5,1,60,60,120,1,0.5586592178770949,0,90.0,90.0,0.3388888888888889,1.0,60,0.5,
7CE37510-56D0-4120-A1CF-0E23351428D2,7CE37510_tsts0,0BFC35E2-4817-4865-BFA7-764742302A2D,trust_model,"{""theta"": 1.0, ""gain"": 0.6, ""decay"": 0.05, ""tau_lo"": 0.4, ""tau_hi"": 0.6}",180,60,120,0.0,0.5,0,60,60,120,1,0.5586592178770949,0,90.0,90.0,0.3333333333333333,0.0,60,0.5,
7CE37510-56D0-4120-A1CF-0E23351428D2,7CE37510_tsts0,0BFC35E2-4817-4865-BFA7-764742302A2D,sprt,"{""A"": 16, ""B"": 1, ""mu_gen"": 0.9889666905080756, ""sd_gen"": 0.021322393948050272, ""mu_imp"": 0.6699019965911858, ""sd_imp"": 0.3780753745140057}",180,60,120,0.0,0.03333333333333333,0,4,60,120,2,1.1173184357541899,0,60.0,60.0,0.6444444444444445,0.0,4,0.03333333333333333,4.0
7CE37510-56D0-4120-A1CF-0E23351428D2,7CE37510_tsts1,A5CDF89D-02A2-4EC1-89F8-F534FDABDD96,instantaneous,"{""theta"": 0.992729954486711}",180,60,120,0.0,1.0,0,120,60,120,0,0.0,0,180.0,180.0,0.0,0.0,120,1.0,
7CE37510-56D0-4120-A1CF-0E23351428D2,7CE37510_tsts1,A5CDF89D-02A2-4EC1-89F8-F534FDABDD96,moving_average,"{""theta"": 0.992729954486711, ""w"": 10}",180,60,120,0.0,1.0,0,120,60,120,0,0.0,0,180.0,180.0,0.0,0.0,120,1.0,
7CE37510-56D0-4120-A1CF-0E23351428D2,7CE37510_tsts1,A5CDF89D-02A2-4EC1-89F8-F534FDABDD96,ewma,"{""theta"": 0.992729954486711, ""alpha"": 0.5}",180,60,120,0.0,1.0,0,120,60,120,0,0.0,0,180.0,180.0,0.0,0.0,120,1.0,
7CE37510-56D0-4120-A1CF-0E23351428D2,7CE37510_tsts1,A5CDF89D-02A2-4EC1-89F8-F534FDABDD96,majority_vote,"{""theta"": 0.992729954486711, ""w"": 3, ""k"": 2}",180,60,120,0.0,1.0,0,120,60,120,0,0.0,0,180.0,180.0,0.0,0.0,120,1.0,
7CE37510-56D0-4120-A1CF-0E23351428D2,7CE37510_tsts1,A5CDF89D-02A2-4EC1-89F8-F534FDABDD96,debounce,"{""theta"": 0.992729954486711, ""n"": 2}",180,60,120,0.0,0.9916666666666667,0,119,60,120,1,0.5586592178770949,0,90.0,90.0,0.005555555555555556,0.0,119,0.9916666666666667,
7CE37510-56D0-4120-A1CF-0E23351428D2,7CE37510_tsts1,A5CDF89D-02A2-4EC1-89F8-F534FDABDD96,margin_dual_threshold,"{""theta"": 0.989682249817385, ""margin"": 0.05}",180,60,120,1.0,0.0,60,0,60,120,0,0.0,0,180.0,180.0,1.0,,0,0.0,0.0
7CE37510-56D0-4120-A1CF-0E23351428D2,7CE37510_tsts1,A5CDF89D-02A2-4EC1-89F8-F534FDABDD96,hysteresis,"{""theta"": 0.989682249817385, ""margin"": 0.05, ""ttt_frames"": 2}",180,60,120,1.0,0.0,60,0,60,120,0,0.0,0,180.0,180.0,1.0,,0,0.0,0.0
7CE37510-56D0-4120-A1CF-0E23351428D2,7CE37510_tsts1,A5CDF89D-02A2-4EC1-89F8-F534FDABDD96,trust_model,"{""theta"": 1.0, ""gain"": 0.6, ""decay"": 0.05, ""tau_lo"": 0.4, ""tau_hi"": 0.6}",180,60,120,0.05,0.5,3,60,60,120,1,0.5586592178770949,0,90.0,90.0,0.35,3.0,60,0.5,
7CE37510-56D0-4120-A1CF-0E23351428D2,7CE37510_tsts1,A5CDF89D-02A2-4EC1-89F8-F534FDABDD96,sprt,"{""A"": 16, ""B"": 1, ""mu_gen"": 0.9889666905080756, ""sd_gen"": 0.021322393948050272, ""mu_imp"": 0.6699019965911858, ""sd_imp"": 0.3780753745140057}",180,60,120,1.0,0.0,60,0,60,120,0,0.0,0,180.0,180.0,1.0,,0,0.0,0.0
7CE37510-56D0-4120-A1CF-0E23351428D2,7CE37510_tsts2,4E98F91F-4654-42EF-B908-A3389443F2E7,instantaneous,"{""theta"": 0.992729954486711}",180,60,120,0.0,1.0,0,120,60,120,0,0.0,0,180.0,180.0,0.0,0.0,120,1.0,
7CE37510-56D0-4120-A1CF-0E23351428D2,7CE37510_tsts2,4E98F91F-4654-42EF-B908-A3389443F2E7,moving_average,"{""theta"": 0.992729954486711, ""w"": 10}",180,60,120,0.0,1.0,0,120,60,120,0,0.0,0,180.0,180.0,0.0,0.0,120,1.0,
7CE37510-56D0-4120-A1CF-0E23351428D2,7CE37510_tsts2,4E98F91F-4654-42EF-B908-A3389443F2E7,ewma,"{""theta"": 0.992729954486711, ""alpha"": 0.5}",180,60,120,0.0,1.0,0,120,60,120,0,0.0,0,180.0,180.0,0.0,0.0,120,1.0,
7CE37510-56D0-4120-A1CF-0E23351428D2,7CE37510_tsts2,4E98F91F-4654-42EF-B908-A3389443F2E7,majority_vote,"{""theta"": 0.992729954486711, ""w"": 3, ""k"": 2}",180,60,120,0.0,1.0,0,120,60,120,0,0.0,0,180.0,180.0,0.0,0.0,120,1.0,
7CE37510-56D0-4120-A1CF-0E23351428D2,7CE37510_tsts2,4E98F91F-4654-42EF-B908-A3389443F2E7,debounce,"{""theta"": 0.992729954486711, ""n"": 2}",180,60,120,0.0,0.9916666666666667,0,119,60,120,1,0.5586592178770949,0,90.0,90.0,0.005555555555555556,0.0,119,0.9916666666666667,
7CE37510-56D0-4120-A1CF-0E23351428D2,7CE37510_tsts2,4E98F91F-4654-42EF-B908-A3389443F2E7,margin_dual_threshold,"{""theta"": 0.989682249817385, ""margin"": 0.05}",180,60,120,0.0,0.5,0,60,60,120,1,0.5586592178770949,0,90.0,90.0,0.3333333333333333,0.0,60,0.5,
7CE37510-56D0-4120-A1CF-0E23351428D2,7CE37510_tsts2,4E98F91F-4654-42EF-B908-A3389443F2E7,hysteresis,"{""theta"": 0.989682249817385, ""margin"": 0.05, ""ttt_frames"": 2}",180,60,120,0.016666666666666666,0.5,1,60,60,120,1,0.5586592178770949,0,90.0,90.0,0.3388888888888889,1.0,60,0.5,
7CE37510-56D0-4120-A1CF-0E23351428D2,7CE37510_tsts2,4E98F91F-4654-42EF-B908-A3389443F2E7,trust_model,"{""theta"": 1.0, ""gain"": 0.6, ""decay"": 0.05, ""tau_lo"": 0.4, ""tau_hi"": 0.6}",180,60,120,0.0,0.5,0,60,60,120,1,0.5586592178770949,0,90.0,90.0,0.3333333333333333,0.0,60,0.5,
7CE37510-56D0-4120-A1CF-0E23351428D2,7CE37510_tsts2,4E98F91F-4654-42EF-B908-A3389443F2E7,sprt,"{""A"": 16, ""B"": 1, ""mu_gen"": 0.9889666905080756, ""sd_gen"": 0.021322393948050272, ""mu_imp"": 0.6699019965911858, ""sd_imp"": 0.3780753745140057}",180,60,120,0.0,0.03333333333333333,0,4,60,120,2,1.1173184357541899,0,60.0,60.0,0.6444444444444445,0.0,4,0.03333333333333333,4.0
7CE37510-56D0-4120-A1CF-0E23351428D2,7CE37510_tsts3,A7599A50-24AE-46A6-8EA6-2576F1011D81,instantaneous,"{""theta"": 0.992729954486711}",180,60,120,0.0,1.0,0,120,60,120,0,0.0,0,180.0,180.0,0.0,0.0,120,1.0,
7CE37510-56D0-4120-A1CF-0E23351428D2,7CE37510_tsts3,A7599A50-24AE-46A6-8EA6-2576F1011D81,moving_average,"{""theta"": 0.992729954486711, ""w"": 10}",180,60,120,0.0,1.0,0,120,60,120,0,0.0,0,180.0,180.0,0.0,0.0,120,1.0,
7CE37510-56D0-4120-A1CF-0E23351428D2,7CE37510_tsts3,A7599A50-24AE-46A6-8EA6-2576F1011D81,ewma,"{""theta"": 0.992729954486711, ""alpha"": 0.5}",180,60,120,0.0,1.0,0,120,60,120,0,0.0,0,180.0,180.0,0.0,0.0,120,1.0,
7CE37510-56D0-4120-A1CF-0E23351428D2,7CE37510_tsts3,A7599A50-24AE-46A6-8EA6-2576F1011D81,majority_vote,"{""theta"": 0.992729954486711, ""w"": 3, ""k"": 2}",180,60,120,0.0,1.0,0,120,60,120,0,0.0,0,180.0,180.0,0.0,0.0,120,1.0,
7CE37510-56D0-4120-A1CF-0E23351428D2,7CE37510_tsts3,A7599A50-24AE-46A6-8EA6-2576F1011D81,debounce,"{""theta"": 0.992729954486711, ""n"": 2}",180,60,120,0.0,0.9916666666666667,0,119,60,120,1,0.5586592178770949,0,90.0,90.0,0.005555555555555556,0.0,119,0.9916666666666667,
7CE37510-56D0-4120-A1CF-0E23351428D2,7CE37510_tsts3,A7599A50-24AE-46A6-8EA6-2576F1011D81,margin_dual_threshold,"{""theta"": 0.989682249817385, ""margin"": 0.05}",180,60,120,0.0,0.7666666666666667,0,92,60,120,1,0.5586592178770949,0,90.0,90.0,0.15555555555555556,0.0,92,0.7666666666666667,
7CE37510-56D0-4120-A1CF-0E23351428D2,7CE37510_tsts3,A7599A50-24AE-46A6-8EA6-2576F1011D81,hysteresis,"{""theta"": 0.989682249817385, ""margin"": 0.05, ""ttt_frames"": 2}",180,60,120,0.0,0.7583333333333333,0,91,60,120,1,0.5586592178770949,0,90.0,90.0,0.16111111111111112,0.0,91,0.7583333333333333,
7CE37510-56D0-4120-A1CF-0E23351428D2,7CE37510_tsts3,A7599A50-24AE-46A6-8EA6-2576F1011D81,trust_model,"{""theta"": 1.0, ""gain"": 0.6, ""decay"": 0.05, ""tau_lo"": 0.4, ""tau_hi"": 0.6}",180,60,120,0.0,0.7666666666666667,0,92,60,120,1,0.5586592178770949,0,90.0,90.0,0.15555555555555556,0.0,92,0.7666666666666667,
7CE37510-56D0-4120-A1CF-0E23351428D2,7CE37510_tsts3,A7599A50-24AE-46A6-8EA6-2576F1011D81,sprt,"{""A"": 16, ""B"": 1, ""mu_gen"": 0.9889666905080756, ""sd_gen"": 0.021322393948050272, ""mu_imp"": 0.6699019965911858, ""sd_imp"": 0.3780753745140057}",180,60,120,0.0,0.16666666666666666,0,20,60,120,4,2.2346368715083798,0,36.0,28.0,0.5555555555555556,0.0,20,0.16666666666666666,4.0
7CE37510-56D0-4120-A1CF-0E23351428D2,7CE37510_tsts4,8023FE1A-D3B0-4E2C-A57A-9321B7FC755F,instantaneous,"{""theta"": 0.992729954486711}",180,60,120,0.0,1.0,0,120,60,120,0,0.0,0,180.0,180.0,0.0,0.0,120,1.0,
7CE37510-56D0-4120-A1CF-0E23351428D2,7CE37510_tsts4,8023FE1A-D3B0-4E2C-A57A-9321B7FC755F,moving_average,"{""theta"": 0.992729954486711, ""w"": 10}",180,60,120,0.0,1.0,0,120,60,120,0,0.0,0,180.0,180.0,0.0,0.0,120,1.0,
7CE37510-56D0-4120-A1CF-0E23351428D2,7CE37510_tsts4,8023FE1A-D3B0-4E2C-A57A-9321B7FC755F,ewma,"{""theta"": 0.992729954486711, ""alpha"": 0.5}",180,60,120,0.0,1.0,0,120,60,120,0,0.0,0,180.0,180.0,0.0,0.0,120,1.0,
7CE37510-56D0-4120-A1CF-0E23351428D2,7CE37510_tsts4,8023FE1A-D3B0-4E2C-A57A-9321B7FC755F,majority_vote,"{""theta"": 0.992729954486711, ""w"": 3, ""k"": 2}",180,60,120,0.0,1.0,0,120,60,120,0,0.0,0,180.0,180.0,0.0,0.0,120,1.0,
7CE37510-56D0-4120-A1CF-0E23351428D2,7CE37510_tsts4,8023FE1A-D3B0-4E2C-A57A-9321B7FC755F,debounce,"{""theta"": 0.992729954486711, ""n"": 2}",180,60,120,0.0,0.9916666666666667,0,119,60,120,1,0.5586592178770949,0,90.0,90.0,0.005555555555555556,0.0,119,0.9916666666666667,
7CE37510-56D0-4120-A1CF-0E23351428D2,7CE37510_tsts4,8023FE1A-D3B0-4E2C-A57A-9321B7FC755F,margin_dual_threshold,"{""theta"": 0.989682249817385, ""margin"": 0.05}",180,60,120,1.0,0.0,60,0,60,120,0,0.0,0,180.0,180.0,1.0,,0,0.0,0.0
7CE37510-56D0-4120-A1CF-0E23351428D2,7CE37510_tsts4,8023FE1A-D3B0-4E2C-A57A-9321B7FC755F,hysteresis,"{""theta"": 0.989682249817385, ""margin"": 0.05, ""ttt_frames"": 2}",180,60,120,1.0,0.0,60,0,60,120,0,0.0,0,180.0,180.0,1.0,,0,0.0,0.0
7CE37510-56D0-4120-A1CF-0E23351428D2,7CE37510_tsts4,8023FE1A-D3B0-4E2C-A57A-9321B7FC755F,trust_model,"{""theta"": 1.0, ""gain"": 0.6, ""decay"": 0.05, ""tau_lo"": 0.4, ""tau_hi"": 0.6}",180,60,120,0.05,0.5,3,60,60,120,1,0.5586592178770949,0,90.0,90.0,0.35,3.0,60,0.5,
7CE37510-56D0-4120-A1CF-0E23351428D2,7CE37510_tsts4,8023FE1A-D3B0-4E2C-A57A-9321B7FC755F,sprt,"{""A"": 16, ""B"": 1, ""mu_gen"": 0.9889666905080756, ""sd_gen"": 0.021322393948050272, ""mu_imp"": 0.6699019965911858, ""sd_imp"": 0.3780753745140057}",180,60,120,1.0,0.0,60,0,60,120,0,0.0,0,180.0,180.0,1.0,,0,0.0,0.0
7D9BB102-A612-4E2A-8E22-3159752F55D8,7D9BB102_tsts0,33A85C34-CFE4-4732-9E73-0A7AC861B27A,instantaneous,"{""theta"": 1.0}",180,60,120,0.0,0.0,0,0,60,120,2,1.1173184357541899,0,60.0,60.0,0.6666666666666666,0.0,0,0.0,0.0
7D9BB102-A612-4E2A-8E22-3159752F55D8,7D9BB102_tsts0,33A85C34-CFE4-4732-9E73-0A7AC861B27A,moving_average,"{""theta"": 1.0, ""w"": 20}",180,60,120,0.0,0.15833333333333333,0,19,60,120,2,1.1173184357541899,0,60.0,60.0,0.5611111111111111,0.0,19,0.15833333333333333,19.0
7D9BB102-A612-4E2A-8E22-3159752F55D8,7D9BB102_tsts0,33A85C34-CFE4-4732-9E73-0A7AC861B27A,ewma,"{""theta"": 1.0, ""alpha"": 0.5}",180,60,120,0.0,0.43333333333333335,0,52,60,120,2,1.1173184357541899,0,60.0,60.0,0.37777777777777777,0.0,52,0.43333333333333335,52.0
7D9BB102-A612-4E2A-8E22-3159752F55D8,7D9BB102_tsts0,33A85C34-CFE4-4732-9E73-0A7AC861B27A,majority_vote,"{""theta"": 1.0, ""w"": 5, ""k"": 4}",180,60,120,0.016666666666666666,0.025,1,3,60,120,2,1.1173184357541899,0,60.0,61.0,0.6555555555555556,1.0,3,0.025,3.0
7D9BB102-A612-4E2A-8E22-3159752F55D8,7D9BB102_tsts0,33A85C34-CFE4-4732-9E73-0A7AC861B27A,debounce,"{""theta"": 1.0, ""n"": 2}",180,60,120,0.016666666666666666,0.008333333333333333,1,1,60,120,2,1.1173184357541899,0,60.0,60.0,0.6666666666666666,1.0,1,0.008333333333333333,1.0
7D9BB102-A612-4E2A-8E22-3159752F55D8,7D9BB102_tsts0,33A85C34-CFE4-4732-9E73-0A7AC861B27A,margin_dual_threshold,"{""theta"": 1.0, ""margin"": 0.05}",180,60,120,0.0,0.5,0,60,60,120,1,0.5586592178770949,0,90.0,90.0,0.3333333333333333,0.0,60,0.5,
7D9BB102-A612-4E2A-8E22-3159752F55D8,7D9BB102_tsts0,33A85C34-CFE4-4732-9E73-0A7AC861B27A,hysteresis,"{""theta"": 1.0, ""margin"": 0.05, ""ttt_frames"": 2}",180,60,120,0.016666666666666666,0.5,1,60,60,120,1,0.5586592178770949,0,90.0,90.0,0.3388888888888889,1.0,60,0.5,
7D9BB102-A612-4E2A-8E22-3159752F55D8,7D9BB102_tsts0,33A85C34-CFE4-4732-9E73-0A7AC861B27A,trust_model,"{""theta"": 1.0, ""gain"": 0.3, ""decay"": 0.05, ""tau_lo"": 0.4, ""tau_hi"": 0.6}",180,60,120,0.0,0.5,0,60,60,120,1,0.5586592178770949,0,90.0,90.0,0.3333333333333333,0.0,60,0.5,
7D9BB102-A612-4E2A-8E22-3159752F55D8,7D9BB102_tsts0,33A85C34-CFE4-4732-9E73-0A7AC861B27A,sprt,"{""A"": 16, ""B"": 1, ""mu_gen"": 1.0, ""sd_gen"": 0.001, ""mu_imp"": 0.6957181390081068, ""sd_imp"": 0.3473417441660845}",180,60,120,0.0,0.016666666666666666,0,2,60,120,2,1.1173184357541899,0,60.0,60.0,0.6555555555555556,0.0,2,0.016666666666666666,2.0
7D9BB102-A612-4E2A-8E22-3159752F55D8,7D9BB102_tsts1,098A72A5-E3E5-4F54-A152-BBDA0DF7B694,instantaneous,"{""theta"": 1.0}",180,60,120,1.0,0.0,60,0,60,120,0,0.0,0,180.0,180.0,1.0,,0,0.0,0.0
7D9BB102-A612-4E2A-8E22-3159752F55D8,7D9BB102_tsts1,098A72A5-E3E5-4F54-A152-BBDA0DF7B694,moving_average,"{""theta"": 1.0, ""w"": 20}",180,60,120,1.0,0.0,60,0,60,120,0,0.0,0,180.0,180.0,1.0,,0,0.0,0.0
7D9BB102-A612-4E2A-8E22-3159752F55D8,7D9BB102_tsts1,098A72A5-E3E5-4F54-A152-BBDA0DF7B694,ewma,"{""theta"": 1.0, ""alpha"": 0.5}",180,60,120,1.0,0.0,60,0,60,120,0,0.0,0,180.0,180.0,1.0,,0,0.0,0.0
7D9BB102-A612-4E2A-8E22-3159752F55D8,7D9BB102_tsts1,098A72A5-E3E5-4F54-A152-BBDA0DF7B694,majority_vote,"{""theta"": 1.0, ""w"": 5, ""k"": 4}",180,60,120,1.0,0.0,60,0,60,120,0,0.0,0,180.0,180.0,1.0,,0,0.0,0.0
7D9BB102-A612-4E2A-8E22-3159752F55D8,7D9BB102_tsts1,098A72A5-E3E5-4F54-A152-BBDA0DF7B694,debounce,"{""theta"": 1.0, ""n"": 2}",180,60,120,1.0,0.0,60,0,60,120,0,0.0,0,180.0,180.0,1.0,,0,0.0,0.0
7D9BB102-A612-4E2A-8E22-3159752F55D8,7D9BB102_tsts1,098A72A5-E3E5-4F54-A152-BBDA0DF7B694,margin_dual_threshold,"{""theta"": 1.0, ""margin"": 0.05}",180,60,120,1.0,0.0,60,0,60,120,0,0.0,0,180.0,180.0,1.0,,0,0.0,0.0
7D9BB102-A612-4E2A-8E22-3159752F55D8,7D9BB102_tsts1,098A72A5-E3E5-4F54-A152-BBDA0DF7B694,hysteresis,"{""theta"": 1.0, ""margin"": 0.05, ""ttt_frames"": 2}",180,60,120,1.0,0.0,60,0,60,120,0,0.0,0,180.0,180.0,1.0,,0,0.0,0.0
7D9BB102-A612-4E2A-8E22-3159752F55D8,7D9BB102_tsts1,098A72A5-E3E5-4F54-A152-BBDA0DF7B694,trust_model,"{""theta"": 1.0, ""gain"": 0.3, ""decay"": 0.05, ""tau_lo"": 0.4, ""tau_hi"": 0.6}",180,60,120,1.0,0.0,60,0,60,120,0,0.0,0,180.0,180.0,1.0,,0,0.0,0.0
7D9BB102-A612-4E2A-8E22-3159752F55D8,7D9BB102_tsts1,098A72A5-E3E5-4F54-A152-BBDA0DF7B694,sprt,"{""A"": 16, ""B"": 1, ""mu_gen"": 1.0, ""sd_gen"": 0.001, ""mu_imp"": 0.6957181390081068, ""sd_imp"": 0.3473417441660845}",180,60,120,1.0,0.0,60,0,60,120,0,0.0,0,180.0,180.0,1.0,,0,0.0,0.0
7D9BB102-A612-4E2A-8E22-3159752F55D8,7D9BB102_tsts2,0BFC35E2-4817-4865-BFA7-764742302A2D,instantaneous,"{""theta"": 1.0}",180,60,120,0.0,0.0,0,0,60,120,2,1.1173184357541899,0,60.0,60.0,0.6666666666666666,0.0,0,0.0,0.0
7D9BB102-A612-4E2A-8E22-3159752F55D8,7D9BB102_tsts2,0BFC35E2-4817-4865-BFA7-764742302A2D,moving_average,"{""theta"": 1.0, ""w"": 20}",180,60,120,0.0,0.15833333333333333,0,19,60,120,2,1.1173184357541899,0,60.0,60.0,0.5611111111111111,0.0,19,0.15833333333333333,19.0
7D9BB102-A612-4E2A-8E22-3159752F55D8,7D9BB102_tsts2,0BFC35E2-4817-4865-BFA7-764742302A2D,ewma,"{""theta"": 1.0, ""alpha"": 0.5}",180,60,120,0.0,0.44166666666666665,0,53,60,120,2,1.1173184357541899,0,60.0,60.0,0.37222222222222223,0.0,53,0.44166666666666665,53.0
7D9BB102-A612-4E2A-8E22-3159752F55D8,7D9BB102_tsts2,0BFC35E2-4817-4865-BFA7-764742302A2D,majority_vote,"{""theta"": 1.0, ""w"": 5, ""k"": 4}",180,60,120,0.016666666666666666,0.025,1,3,60,120,2,1.1173184357541899,0,60.0,61.0,0.6555555555555556,1.0,3,0.025,3.0
7D9BB102-A612-4E2A-8E22-3159752F55D8,7D9BB102_tsts2,0BFC35E2-4817-4865-BFA7-764742302A2D,debounce,"{""theta"": 1.0, ""n"": 2}",180,60,120,0.016666666666666666,0.008333333333333333,1,1,60,120,2,1.1173184357541899,0,60.0,60.0,0.6666666666666666,1.0,1,0.008333333333333333,1.0
7D9BB102-A612-4E2A-8E22-3159752F55D8,7D9BB102_tsts2,0BFC35E2-4817-4865-BFA7-764742302A2D,margin_dual_threshold,"{""theta"": 1.0, ""margin"": 0.05}",180,60,120,0.0,0.5,0,60,60,120,1,0.5586592178770949,0,90.0,90.0,0.3333333333333333,0.0,60,0.5,
7D9BB102-A612-4E2A-8E22-3159752F55D8,7D9BB102_tsts2,0BFC35E2-4817-4865-BFA7-764742302A2D,hysteresis,"{""theta"": 1.0, ""margin"": 0.05, ""ttt_frames"": 2}",180,60,120,0.016666666666666666,0.5,1,60,60,120,1,0.5586592178770949,0,90.0,90.0,0.3388888888888889,1.0,60,0.5,
7D9BB102-A612-4E2A-8E22-3159752F55D8,7D9BB102_tsts2,0BFC35E2-4817-4865-BFA7-764742302A2D,trust_model,"{""theta"": 1.0, ""gain"": 0.3, ""decay"": 0.05, ""tau_lo"": 0.4, ""tau_hi"": 0.6}",180,60,120,0.0,0.5,0,60,60,120,1,0.5586592178770949,0,90.0,90.0,0.3333333333333333,0.0,60,0.5,
7D9BB102-A612-4E2A-8E22-3159752F55D8,7D9BB102_tsts2,0BFC35E2-4817-4865-BFA7-764742302A2D,sprt,"{""A"": 16, ""B"": 1, ""mu_gen"": 1.0, ""sd_gen"": 0.001, ""mu_imp"": 0.6957181390081068, ""sd_imp"": 0.3473417441660845}",180,60,120,0.0,0.016666666666666666,0,2,60,120,2,1.1173184357541899,0,60.0,60.0,0.6555555555555556,0.0,2,0.016666666666666666,2.0
7D9BB102-A612-4E2A-8E22-3159752F55D8,7D9BB102_tsts3,665514DE-49DC-421F-8DCB-145D0B2609AD,instantaneous,"{""theta"": 1.0}",180,60,120,0.0,0.0,0,0,60,120,2,1.1173184357541899,0,60.0,60.0,0.6666666666666666,0.0,0,0.0,0.0
7D9BB102-A612-4E2A-8E22-3159752F55D8,7D9BB102_tsts3,665514DE-49DC-421F-8DCB-145D0B2609AD,moving_average,"{""theta"": 1.0, ""w"": 20}",180,60,120,0.0,0.15833333333333333,0,19,60,120,2,1.1173184357541899,0,60.0,60.0,0.5611111111111111,0.0,19,0.15833333333333333,19.0
7D9BB102-A612-4E2A-8E22-3159752F55D8,7D9BB102_tsts3,665514DE-49DC-421F-8DCB-145D0B2609AD,ewma,"{""theta"": 1.0, ""alpha"": 0.5}",180,60,120,0.0,0.44166666666666665,0,53,60,120,2,1.1173184357541899,0,60.0,60.0,0.37222222222222223,0.0,53,0.44166666666666665,53.0
7D9BB102-A612-4E2A-8E22-3159752F55D8,7D9BB102_tsts3,665514DE-49DC-421F-8DCB-145D0B2609AD,majority_vote,"{""theta"": 1.0, ""w"": 5, ""k"": 4}",180,60,120,0.016666666666666666,0.025,1,3,60,120,2,1.1173184357541899,0,60.0,61.0,0.6555555555555556,1.0,3,0.025,3.0
7D9BB102-A612-4E2A-8E22-3159752F55D8,7D9BB102_tsts3,665514DE-49DC-421F-8DCB-145D0B2609AD,debounce,"{""theta"": 1.0, ""n"": 2}",180,60,120,0.016666666666666666,0.008333333333333333,1,1,60,120,2,1.1173184357541899,0,60.0,60.0,0.6666666666666666,1.0,1,0.008333333333333333,1.0
7D9BB102-A612-4E2A-8E22-3159752F55D8,7D9BB102_tsts3,665514DE-49DC-421F-8DCB-145D0B2609AD,margin_dual_threshold,"{""theta"": 1.0, ""margin"": 0.05}",180,60,120,0.0,0.5,0,60,60,120,1,0.5586592178770949,0,90.0,90.0,0.3333333333333333,0.0,60,0.5,
7D9BB102-A612-4E2A-8E22-3159752F55D8,7D9BB102_tsts3,665514DE-49DC-421F-8DCB-145D0B2609AD,hysteresis,"{""theta"": 1.0, ""margin"": 0.05, ""ttt_frames"": 2}",180,60,120,0.016666666666666666,0.5,1,60,60,120,1,0.5586592178770949,0,90.0,90.0,0.3388888888888889,1.0,60,0.5,
7D9BB102-A612-4E2A-8E22-3159752F55D8,7D9BB102_tsts3,665514DE-49DC-421F-8DCB-145D0B2609AD,trust_model,"{""theta"": 1.0, ""gain"": 0.3, ""decay"": 0.05, ""tau_lo"": 0.4, ""tau_hi"": 0.6}",180,60,120,0.0,0.5,0,60,60,120,1,0.5586592178770949,0,90.0,90.0,0.3333333333333333,0.0,60,0.5,
7D9BB102-A612-4E2A-8E22-3159752F55D8,7D9BB102_tsts3,665514DE-49DC-421F-8DCB-145D0B2609AD,sprt,"{""A"": 16, ""B"": 1, ""mu_gen"": 1.0, ""sd_gen"": 0.001, ""mu_imp"": 0.6957181390081068, ""sd_imp"": 0.3473417441660845}",180,60,120,0.0,0.016666666666666666,0,2,60,120,2,1.1173184357541899,0,60.0,60.0,0.6555555555555556,0.0,2,0.016666666666666666,2.0
7D9BB102-A612-4E2A-8E22-3159752F55D8,7D9BB102_tsts4,61976C24-1C50-4355-9C49-AAE44A7D09F6,instantaneous,"{""theta"": 1.0}",180,60,120,0.48333333333333334,0.0,29,0,60,120,6,3.35195530726257,4,25.714285714285715,15.0,0.8277777777777777,0.0,0,0.0,0.0
7D9BB102-A612-4E2A-8E22-3159752F55D8,7D9BB102_tsts4,61976C24-1C50-4355-9C49-AAE44A7D09F6,moving_average,"{""theta"": 1.0, ""w"": 20}",180,60,120,0.0,0.05,0,6,60,120,2,1.1173184357541899,0,60.0,60.0,0.6333333333333333,0.0,6,0.05,6.0
7D9BB102-A612-4E2A-8E22-3159752F55D8,7D9BB102_tsts4,61976C24-1C50-4355-9C49-AAE44A7D09F6,ewma,"{""theta"": 1.0, ""alpha"": 0.5}",180,60,120,0.0,0.3333333333333333,0,40,60,120,2,1.1173184357541899,0,60.0,60.0,0.4444444444444444,0.0,40,0.3333333333333333,40.0
7D9BB102-A612-4E2A-8E22-3159752F55D8,7D9BB102_tsts4,61976C24-1C50-4355-9C49-AAE44A7D09F6,majority_vote,"{""theta"": 1.0, ""w"": 5, ""k"": 4}",180,60,120,0.4166666666666667,0.0,25,0,60,120,4,2.2346368715083798,0,36.0,30.0,0.8055555555555556,1.0,0,0.0,0.0
7D9BB102-A612-4E2A-8E22-3159752F55D8,7D9BB102_tsts4,61976C24-1C50-4355-9C49-AAE44A7D09F6,debounce,"{""theta"": 1.0, ""n"": 2}",180,60,120,0.5,0.0,30,0,60,120,4,2.2346368715083798,2,36.0,28.0,0.8333333333333334,1.0,0,0.0,0.0
7D9BB102-A612-4E2A-8E22-3159752F55D8,7D9BB102_tsts4,61976C24-1C50-4355-9C49-AAE44A7D09F6,margin_dual_threshold,"{""theta"": 1.0, ""margin"": 0.05}",180,60,120,0.0,0.5,0,60,60,120,1,0.5586592178770949,0,90.0,90.0,0.3333333333333333,0.0,60,0.5,
7D9BB102-A612-4E2A-8E22-3159752F55D8,7D9BB102_tsts4,61976C24-1C50-4355-9C49-AAE44A7D09F6,hysteresis,"{""theta"": 1.0, ""margin"": 0.05, ""ttt_frames"": 2}",180,60,120,0.016666666666666666,0.5,1,60,60,120,1,0.5586592178770949,0,90.0,90.0,0.3388888888888889,1.0,60,0.5,
7D9BB102-A612-4E2A-8E22-3159752F55D8,7D9BB102_tsts4,61976C24-1C50-4355-9C49-AAE44A7D09F6,trust_model,"{""theta"": 1.0, ""gain"": 0.3, ""decay"": 0.05, ""tau_lo"": 0.4, ""tau_hi"": 0.6}",180,60,120,0.0,0.5,0,60,60,120,1,0.5586592178770949,0,90.0,90.0,0.3333333333333333,0.0,60,0.5,
7D9BB102-A612-4E2A-8E22-3159752F55D8,7D9BB102_tsts4,61976C24-1C50-4355-9C49-AAE44A7D09F6,sprt,"{""A"": 16, ""B"": 1, ""mu_gen"": 1.0, ""sd_gen"": 0.001, ""mu_imp"": 0.6957181390081068, ""sd_imp"": 0.3473417441660845}",180,60,120,0.4,0.0,24,0,60,120,4,2.2346368715083798,0,36.0,30.0,0.8,0.0,0,0.0,0.0
7D9BB102-A612-4E2A-8E22-3159752F55D8,7D9BB102_tsts5,8023FE1A-D3B0-4E2C-A57A-9321B7FC755F,instantaneous,"{""theta"": 1.0}",180,60,120,1.0,0.0,60,0,60,120,0,0.0,0,180.0,180.0,1.0,,0,0.0,0.0
7D9BB102-A612-4E2A-8E22-3159752F55D8,7D9BB102_tsts5,8023FE1A-D3B0-4E2C-A57A-9321B7FC755F,moving_average,"{""theta"": 1.0, ""w"": 20}",180,60,120,1.0,0.0,60,0,60,120,0,0.0,0,180.0,180.0,1.0,,0,0.0,0.0
7D9BB102-A612-4E2A-8E22-3159752F55D8,7D9BB102_tsts5,8023FE1A-D3B0-4E2C-A57A-9321B7FC755F,ewma,"{""theta"": 1.0, ""alpha"": 0.5}",180,60,120,1.0,0.0,60,0,60,120,0,0.0,0,180.0,180.0,1.0,,0,0.0,0.0
7D9BB102-A612-4E2A-8E22-3159752F55D8,7D9BB102_tsts5,8023FE1A-D3B0-4E2C-A57A-9321B7FC755F,majority_vote,"{""theta"": 1.0, ""w"": 5, ""k"": 4}",180,60,120,1.0,0.0,60,0,60,120,0,0.0,0,180.0,180.0,1.0,,0,0.0,0.0
7D9BB102-A612-4E2A-8E22-3159752F55D8,7D9BB102_tsts5,8023FE1A-D3B0-4E2C-A57A-9321B7FC755F,debounce,"{""theta"": 1.0, ""n"": 2}",180,60,120,1.0,0.0,60,0,60,120,0,0.0,0,180.0,180.0,1.0,,0,0.0,0.0
7D9BB102-A612-4E2A-8E22-3159752F55D8,7D9BB102_tsts5,8023FE1A-D3B0-4E2C-A57A-9321B7FC755F,margin_dual_threshold,"{""theta"": 1.0, ""margin"": 0.05}",180,60,120,1.0,0.0,60,0,60,120,0,0.0,0,180.0,180.0,1.0,,0,0.0,0.0
7D9BB102-A612-4E2A-8E22-3159752F55D8,7D9BB102_tsts5,8023FE1A-D3B0-4E2C-A57A-9321B7FC755F,hysteresis,"{""theta"": 1.0, ""margin"": 0.05, ""ttt_frames"": 2}",180,60,120,1.0,0.0,60,0,60,120,0,0.0,0,180.0,180.0,1.0,,0,0.0,0.0
7D9BB102-A612-4E2A-8E22-3159752F55D8,7D9BB102_tsts5,8023FE1A-D3B0-4E2C-A57A-9321B7FC755F,trust_model,"{""theta"": 1.0, ""gain"": 0.3, ""decay"": 0.05, ""tau_lo"": 0.4, ""tau_hi"": 0.6}",180,60,120,1.0,0.0,60,0,60,120,0,0.0,0,180.0,180.0,1.0,,0,0.0,0.0
7D9BB102-A612-4E2A-8E22-3159752F55D8,7D9BB102_tsts5,8023FE1A-D3B0-4E2C-A57A-9321B7FC755F,sprt,"{""A"": 16, ""B"": 1, ""mu_gen"": 1.0, ""sd_gen"": 0.001, ""mu_imp"": 0.6957181390081068, ""sd_imp"": 0.3473417441660845}",180,60,120,1.0,0.0,60,0,60,120,0,0.0,0,180.0,180.0,1.0,,0,0.0,0.0
8023FE1A-D3B0-4E2C-A57A-9321B7FC755F,8023FE1A_tsts0,0BFC35E2-4817-4865-BFA7-764742302A2D,instantaneous,"{""theta"": 0.9964938180476103}",180,60,120,0.0,0.0,0,0,60,120,2,1.1173184357541899,0,60.0,60.0,0.6666666666666666,0.0,0,0.0,0.0
8023FE1A-D3B0-4E2C-A57A-9321B7FC755F,8023FE1A_tsts0,0BFC35E2-4817-4865-BFA7-764742302A2D,moving_average,"{""theta"": 0.9964938180476103, ""w"": 20}",180,60,120,0.0,0.16666666666666666,0,20,60,120,4,2.2346368715083798,2,36.0,41.0,0.5555555555555556,0.0,20,0.16666666666666666,19.0
8023FE1A-D3B0-4E2C-A57A-9321B7FC755F,8023FE1A_tsts0,0BFC35E2-4817-4865-BFA7-764742302A2D,ewma,"{""theta"": 0.9964938180476103, ""alpha"": 0.3}",180,60,120,0.0,0.9916666666666667,0,119,60,120,1,0.5586592178770949,0,90.0,90.0,0.005555555555555556,0.0,119,0.9916666666666667,
8023FE1A-D3B0-4E2C-A57A-9321B7FC755F,8023FE1A_tsts0,0BFC35E2-4817-4865-BFA7-764742302A2D,majority_vote,"{""theta"": 0.9964938180476103, ""w"": 5, ""k"": 4}",180,60,120,0.016666666666666666,0.025,1,3,60,120,2,1.1173184357541899,0,60.0,61.0,0.6555555555555556,1.0,3,0.025,3.0
8023FE1A-D3B0-4E2C-A57A-9321B7FC755F,8023FE1A_tsts0,0BFC35E2-4817-4865-BFA7-764742302A2D,debounce,"{""theta"": 0.9964938180476103, ""n"": 2}",180,60,120,0.016666666666666666,0.008333333333333333,1,1,60,120,2,1.1173184357541899,0,60.0,60.0,0.6666666666666666,1.0,1,0.008333333333333333,1.0
8023FE1A-D3B0-4E2C-A57A-9321B7FC755F,8023FE1A_tsts0,0BFC35E2-4817-4865-BFA7-764742302A2D,margin_dual_threshold,"{""theta"": 0.9964938180476103, ""margin"": 0.05}",180,60,120,0.0,0.5,0,60,60,120,1,0.5586592178770949,0,90.0,90.0,0.3333333333333333,0.0,60,0.5,
8023FE1A-D3B0-4E2C-A57A-9321B7FC755F,8023FE1A_tsts0,0BFC35E2-4817-4865-BFA7-764742302A2D,hysteresis,"{""theta"": 0.9964938180476103, ""margin"": 0.05, ""ttt_frames"": 2}",180,60,120,0.016666666666666666,0.5,1,60,60,120,1,0.5586592178770949,0,90.0,90.0,0.3388888888888889,1.0,60,0.5,
8023FE1A-D3B0-4E2C-A57A-9321B7FC755F,8023FE1A_tsts0,0BFC35E2-4817-4865-BFA7-764742302A2D,trust_model,"{""theta"": 0.9964938180476103, ""gain"": 0.6, ""decay"": 0.2, ""tau_lo"": 0.4, ""tau_hi"": 0.6}",180,60,120,0.0,0.5,0,60,60,120,1,0.5586592178770949,0,90.0,90.0,0.3333333333333333,0.0,60,0.5,
8023FE1A-D3B0-4E2C-A57A-9321B7FC755F,8023FE1A_tsts0,0BFC35E2-4817-4865-BFA7-764742302A2D,sprt,"{""A"": 16, ""B"": 1, ""mu_gen"": 0.9950932354780507, ""sd_gen"": 0.028374808078239146, ""mu_imp"": 0.6502228527198541, ""sd_imp"": 0.3934209084468508}",180,60,120,0.0,0.041666666666666664,0,5,60,120,2,1.1173184357541899,0,60.0,60.0,0.6388888888888888,0.0,5,0.041666666666666664,5.0
8023FE1A-D3B0-4E2C-A57A-9321B7FC755F,8023FE1A_tsts1,11B5EC4D-4133-4289-B475-4E737182A406,instantaneous,"{""theta"": 0.9964938180476103}",180,60,120,1.0,0.0,60,0,60,120,0,0.0,0,180.0,180.0,1.0,,0,0.0,0.0
8023FE1A-D3B0-4E2C-A57A-9321B7FC755F,8023FE1A_tsts1,11B5EC4D-4133-4289-B475-4E737182A406,moving_average,"{""theta"": 0.9964938180476103, ""w"": 20}",180,60,120,1.0,0.008333333333333333,60,1,60,120,2,1.1173184357541899,2,60.0,16.0,0.9944444444444445,,1,0.008333333333333333,0.0
8023FE1A-D3B0-4E2C-A57A-9321B7FC755F,8023FE1A_tsts1,11B5EC4D-4133-4289-B475-4E737182A406,ewma,"{""theta"": 0.9964938180476103, ""alpha"": 0.3}",180,60,120,0.95,0.7583333333333333,57,91,60,120,3,1.675977653631285,0,45.0,47.0,0.4777777777777778,57.0,91,0.7583333333333333,
8023FE1A-D3B0-4E2C-A57A-9321B7FC755F,8023FE1A_tsts1,11B5EC4D-4133-4289-B475-4E737182A406,majority_vote,"{""theta"": 0.9964938180476103, ""w"": 5, ""k"": 4}",180,60,120,1.0,0.0,60,0,60,120,0,0.0,0,180.0,180.0,1.0,,0,0.0,0.0
8023FE1A-D3B0-4E2C-A57A-9321B7FC755F,8023FE1A_tsts1,11B5EC4D-4133-4289-B475-4E737182A406,debounce,"{""theta"": 0.9964938180476103, ""n"": 2}",180,60,120,1.0,0.0,60,0,60,120,0,0.0,0,180.0,180.0,1.0,,0,0.0,0.0
8023FE1A-D3B0-4E2C-A57A-9321B7FC755F,8023FE1A_tsts1,11B5EC4D-4133-4289-B475-4E737182A406,margin_dual_threshold,"{""theta"": 0.9964938180476103, ""margin"": 0.05}",180,60,120,1.0,0.0,60,0,60,120,0,0.0,0,180.0,180.0,1.0,,0,0.0,0.0
8023FE1A-D3B0-4E2C-A57A-9321B7FC755F,8023FE1A_tsts1,11B5EC4D-4133-4289-B475-4E737182A406,hysteresis,"{""theta"": 0.9964938180476103, ""margin"": 0.05, ""ttt_frames"": 2}",180,60,120,1.0,0.0,60,0,60,120,0,0.0,0,180.0,180.0,1.0,,0,0.0,0.0
8023FE1A-D3B0-4E2C-A57A-9321B7FC755F,8023FE1A_tsts1,11B5EC4D-4133-4289-B475-4E737182A406,trust_model,"{""theta"": 0.9964938180476103, ""gain"": 0.6, ""decay"": 0.2, ""tau_lo"": 0.4, ""tau_hi"": 0.6}",180,60,120,1.0,0.0,60,0,60,120,0,0.0,0,180.0,180.0,1.0,,0,0.0,0.0
8023FE1A-D3B0-4E2C-A57A-9321B7FC755F,8023FE1A_tsts1,11B5EC4D-4133-4289-B475-4E737182A406,sprt,"{""A"": 16, ""B"": 1, ""mu_gen"": 0.9950932354780507, ""sd_gen"": 0.028374808078239146, ""mu_imp"": 0.6502228527198541, ""sd_imp"": 0.3934209084468508}",180,60,120,1.0,0.0,60,0,60,120,0,0.0,0,180.0,180.0,1.0,,0,0.0,0.0
8023FE1A-D3B0-4E2C-A57A-9321B7FC755F,8023FE1A_tsts2,A7599A50-24AE-46A6-8EA6-2576F1011D81,instantaneous,"{""theta"": 0.9964938180476103}",180,60,120,0.0,0.008333333333333333,0,1,60,120,4,2.2346368715083798,2,36.0,42.0,0.6611111111111111,0.0,1,0.008333333333333333,0.0
8023FE1A-D3B0-4E2C-A57A-9321B7FC755F,8023FE1A_tsts2,A7599A50-24AE-46A6-8EA6-2576F1011D81,moving_average,"{""theta"": 0.9964938180476103, ""w"": 20}",180,60,120,0.0,0.3333333333333333,0,40,60,120,4,2.2346368715083798,0,36.0,23.0,0.4444444444444444,0.0,40,0.3333333333333333,19.0
8023FE1A-D3B0-4E2C-A57A-9321B7FC755F,8023FE1A_tsts2,A7599A50-24AE-46A6-8EA6-2576F1011D81,ewma,"{""theta"": 0.9964938180476103, ""alpha"": 0.3}",180,60,120,0.0,0.8416666666666667,0,101,60,120,2,1.1173184357541899,0,60.0,18.0,0.10555555555555556,0.0,101,0.8416666666666667,42.0
8023FE1A-D3B0-4E2C-A57A-9321B7FC755F,8023FE1A_tsts2,A7599A50-24AE-46A6-8EA6-2576F1011D81,majority_vote,"{""theta"": 0.9964938180476103, ""w"": 5, ""k"": 4}",180,60,120,0.016666666666666666,0.025,1,3,60,120,2,1.1173184357541899,0,60.0,61.0,0.6555555555555556,1.0,3,0.025,3.0
8023FE1A-D3B0-4E2C-A57A-9321B7FC755F,8023FE1A_tsts2,A7599A50-24AE-46A6-8EA6-2576F1011D81,debounce,"{""theta"": 0.9964938180476103, ""n"": 2}",180,60,120,0.016666666666666666,0.008333333333333333,1,1,60,120,2,1.1173184357541899,0,60.0,60.0,0.6666666666666666,1.0,1,0.008333333333333333,1.0
8023FE1A-D3B0-4E2C-A57A-9321B7FC755F,8023FE1A_tsts2,A7599A50-24AE-46A6-8EA6-2576F1011D81,margin_dual_threshold,"{""theta"": 0.9964938180476103, ""margin"": 0.05}",180,60,120,0.0,0.8583333333333333,0,103,60,120,1,0.5586592178770949,0,90.0,90.0,0.09444444444444444,0.0,103,0.8583333333333333,
8023FE1A-D3B0-4E2C-A57A-9321B7FC755F,8023FE1A_tsts2,A7599A50-24AE-46A6-8EA6-2576F1011D81,hysteresis,"{""theta"": 0.9964938180476103, ""margin"": 0.05, ""ttt_frames"": 2}",180,60,120,0.016666666666666666,0.5,1,60,60,120,1,0.5586592178770949,0,90.0,90.0,0.3388888888888889,1.0,60,0.5,
8023FE1A-D3B0-4E2C-A57A-9321B7FC755F,8023FE1A_tsts2,A7599A50-24AE-46A6-8EA6-2576F1011D81,trust_model,"{""theta"": 0.9964938180476103, ""gain"": 0.6, ""decay"": 0.2, ""tau_lo"": 0.4, ""tau_hi"": 0.6}",180,60,120,0.0,0.8583333333333333,0,103,60,120,1,0.5586592178770949,0,90.0,90.0,0.09444444444444444,0.0,103,0.8583333333333333,
8023FE1A-D3B0-4E2C-A57A-9321B7FC755F,8023FE1A_tsts2,A7599A50-24AE-46A6-8EA6-2576F1011D81,sprt,"{""A"": 16, ""B"": 1, ""mu_gen"": 0.9950932354780507, ""sd_gen"": 0.028374808078239146, ""mu_imp"": 0.6502228527198541, ""sd_imp"": 0.3934209084468508}",180,60,120,0.0,0.09166666666666666,0,11,60,120,4,2.2346368715083798,0,36.0,37.0,0.6055555555555555,0.0,11,0.09166666666666666,5.0
8023FE1A-D3B0-4E2C-A57A-9321B7FC755F,8023FE1A_tsts3,78A91A4E-4A51-4065-BDA7-94755F0BB3BB,instantaneous,"{""theta"": 0.9964938180476103}",180,60,120,1.0,0.0,60,0,60,120,0,0.0,0,180.0,180.0,1.0,,0,0.0,0.0
8023FE1A-D3B0-4E2C-A57A-9321B7FC755F,8023FE1A_tsts3,78A91A4E-4A51-4065-BDA7-94755F0BB3BB,moving_average,"{""theta"": 0.9964938180476103, ""w"": 20}",180,60,120,1.0,0.008333333333333333,60,1,60,120,2,1.1173184357541899,2,60.0,16.0,0.9944444444444445,,1,0.008333333333333333,0.0
8023FE1A-D3B0-4E2C-A57A-9321B7FC755F,8023FE1A_tsts3,78A91A4E-4A51-4065-BDA7-94755F0BB3BB,ewma,"{""theta"": 0.9964938180476103, ""alpha"": 0.3}",180,60,120,0.0,0.6916666666666667,0,83,60,120,2,1.1173184357541899,0,60.0,36.0,0.20555555555555555,0.0,83,0.6916666666666667,24.0
8023FE1A-D3B0-4E2C-A57A-9321B7FC755F,8023FE1A_tsts3,78A91A4E-4A51-4065-BDA7-94755F0BB3BB,majority_vote,"{""theta"": 0.9964938180476103, ""w"": 5, ""k"": 4}",180,60,120,1.0,0.0,60,0,60,120,0,0.0,0,180.0,180.0,1.0,,0,0.0,0.0
8023FE1A-D3B0-4E2C-A57A-9321B7FC755F,8023FE1A_tsts3,78A91A4E-4A51-4065-BDA7-94755F0BB3BB,debounce,"{""theta"": 0.9964938180476103, ""n"": 2}",180,60,120,1.0,0.0,60,0,60,120,0,0.0,0,180.0,180.0,1.0,,0,0.0,0.0
8023FE1A-D3B0-4E2C-A57A-9321B7FC755F,8023FE1A_tsts3,78A91A4E-4A51-4065-BDA7-94755F0BB3BB,margin_dual_threshold,"{""theta"": 0.9964938180476103, ""margin"": 0.05}",180,60,120,1.0,0.0,60,0,60,120,0,0.0,0,180.0,180.0,1.0,,0,0.0,0.0
8023FE1A-D3B0-4E2C-A57A-9321B7FC755F,8023FE1A_tsts3,78A91A4E-4A51-4065-BDA7-94755F0BB3BB,hysteresis,"{""theta"": 0.9964938180476103, ""margin"": 0.05, ""ttt_frames"": 2}",180,60,120,1.0,0.0,60,0,60,120,0,0.0,0,180.0,180.0,1.0,,0,0.0,0.0
8023FE1A-D3B0-4E2C-A57A-9321B7FC755F,8023FE1A_tsts3,78A91A4E-4A51-4065-BDA7-94755F0BB3BB,trust_model,"{""theta"": 0.9964938180476103, ""gain"": 0.6, ""decay"": 0.2, ""tau_lo"": 0.4, ""tau_hi"": 0.6}",180,60,120,1.0,0.0,60,0,60,120,0,0.0,0,180.0,180.0,1.0,,0,0.0,0.0
8023FE1A-D3B0-4E2C-A57A-9321B7FC755F,8023FE1A_tsts3,78A91A4E-4A51-4065-BDA7-94755F0BB3BB,sprt,"{""A"": 16, ""B"": 1, ""mu_gen"": 0.9950932354780507, ""sd_gen"": 0.028374808078239146, ""mu_imp"": 0.6502228527198541, ""sd_imp"": 0.3934209084468508}",180,60,120,1.0,0.0,60,0,60,120,0,0.0,0,180.0,180.0,1.0,,0,0.0,0.0
8023FE1A-D3B0-4E2C-A57A-9321B7FC755F,8023FE1A_tsts4,665514DE-49DC-421F-8DCB-145D0B2609AD,instantaneous,"{""theta"": 0.9964938180476103}",180,60,120,0.0,0.008333333333333333,0,1,60,120,4,2.2346368715083798,2,36.0,45.0,0.6611111111111111,0.0,1,0.008333333333333333,0.0
8023FE1A-D3B0-4E2C-A57A-9321B7FC755F,8023FE1A_tsts4,665514DE-49DC-421F-8DCB-145D0B2609AD,moving_average,"{""theta"": 0.9964938180476103, ""w"": 20}",180,60,120,0.0,0.2916666666666667,0,35,60,120,4,2.2346368715083798,2,36.0,28.0,0.4722222222222222,0.0,35,0.2916666666666667,19.0
8023FE1A-D3B0-4E2C-A57A-9321B7FC755F,8023FE1A_tsts4,665514DE-49DC-421F-8DCB-145D0B2609AD,ewma,"{""theta"": 0.9964938180476103, ""alpha"": 0.3}",180,60,120,0.0,0.9916666666666667,0,119,60,120,1,0.5586592178770949,0,90.0,90.0,0.005555555555555556,0.0,119,0.9916666666666667,
8023FE1A-D3B0-4E2C-A57A-9321B7FC755F,8023FE1A_tsts4,665514DE-49DC-421F-8DCB-145D0B2609AD,majority_vote,"{""theta"": 0.9964938180476103, ""w"": 5, ""k"": 4}",180,60,120,0.016666666666666666,0.025,1,3,60,120,2,1.1173184357541899,0,60.0,61.0,0.6555555555555556,1.0,3,0.025,3.0
8023FE1A-D3B0-4E2C-A57A-9321B7FC755F,8023FE1A_tsts4,665514DE-49DC-421F-8DCB-145D0B2609AD,debounce,"{""theta"": 0.9964938180476103, ""n"": 2}",180,60,120,0.016666666666666666,0.008333333333333333,1,1,60,120,2,1.1173184357541899,0,60.0,60.0,0.6666666666666666,1.0,1,0.008333333333333333,1.0
8023FE1A-D3B0-4E2C-A57A-9321B7FC755F,8023FE1A_tsts4,665514DE-49DC-421F-8DCB-145D0B2609AD,margin_dual_threshold,"{""theta"": 0.9964938180476103, ""margin"": 0.05}",180,60,120,0.0,0.625,0,75,60,120,1,0.5586592178770949,0,90.0,90.0,0.25,0.0,75,0.625,
8023FE1A-D3B0-4E2C-A57A-9321B7FC755F,8023FE1A_tsts4,665514DE-49DC-421F-8DCB-145D0B2609AD,hysteresis,"{""theta"": 0.9964938180476103, ""margin"": 0.05, ""ttt_frames"": 2}",180,60,120,0.016666666666666666,0.5,1,60,60,120,1,0.5586592178770949,0,90.0,90.0,0.3388888888888889,1.0,60,0.5,
8023FE1A-D3B0-4E2C-A57A-9321B7FC755F,8023FE1A_tsts4,665514DE-49DC-421F-8DCB-145D0B2609AD,trust_model,"{""theta"": 0.9964938180476103, ""gain"": 0.6, ""decay"": 0.2, ""tau_lo"": 0.4, ""tau_hi"": 0.6}",180,60,120,0.0,0.625,0,75,60,120,1,0.5586592178770949,0,90.0,90.0,0.25,0.0,75,0.625,
8023FE1A-D3B0-4E2C-A57A-9321B7FC755F,8023FE1A_tsts4,665514DE-49DC-421F-8DCB-145D0B2609AD,sprt,"{""A"": 16, ""B"": 1, ""mu_gen"": 0.9950932354780507, ""sd_gen"": 0.028374808078239146, ""mu_imp"": 0.6502228527198541, ""sd_imp"": 0.3934209084468508}",180,60,120,0.0,0.09166666666666666,0,11,60,120,4,2.2346368715083798,0,36.0,45.0,0.6055555555555555,0.0,11,0.09166666666666666,5.0
8023FE1A-D3B0-4E2C-A57A-9321B7FC755F,8023FE1A_tsts5,7D9BB102-A612-4E2A-8E22-3159752F55D8,instantaneous,"{""theta"": 0.9964938180476103}",180,60,120,1.0,0.008333333333333333,60,1,60,120,2,1.1173184357541899,2,60.0,43.0,0.9944444444444445,,1,0.008333333333333333,0.0
8023FE1A-D3B0-4E2C-A57A-9321B7FC755F,8023FE1A_tsts5,7D9BB102-A612-4E2A-8E22-3159752F55D8,moving_average,"{""theta"": 0.9964938180476103, ""w"": 20}",180,60,120,1.0,0.175,60,21,60,120,4,2.2346368715083798,2,36.0,20.0,0.8833333333333333,,21,0.175,0.0
8023FE1A-D3B0-4E2C-A57A-9321B7FC755F,8023FE1A_tsts5,7D9BB102-A612-4E2A-8E22-3159752F55D8,ewma,"{""theta"": 0.9964938180476103, ""alpha"": 0.3}",180,60,120,0.0,0.9916666666666667,0,119,60,120,1,0.5586592178770949,0,90.0,90.0,0.005555555555555556,0.0,119,0.9916666666666667,
8023FE1A-D3B0-4E2C-A57A-9321B7FC755F,8023FE1A_tsts5,7D9BB102-A612-4E2A-8E22-3159752F55D8,majority_vote,"{""theta"": 0.9964938180476103, ""w"": 5, ""k"": 4}",180,60,120,1.0,0.0,60,0,60,120,0,0.0,0,180.0,180.0,1.0,,0,0.0,0.0
8023FE1A-D3B0-4E2C-A57A-9321B7FC755F,8023FE1A_tsts5,7D9BB102-A612-4E2A-8E22-3159752F55D8,debounce,"{""theta"": 0.9964938180476103, ""n"": 2}",180,60,120,1.0,0.0,60,0,60,120,0,0.0,0,180.0,180.0,1.0,,0,0.0,0.0
8023FE1A-D3B0-4E2C-A57A-9321B7FC755F,8023FE1A_tsts5,7D9BB102-A612-4E2A-8E22-3159752F55D8,margin_dual_threshold,"{""theta"": 0.9964938180476103, ""margin"": 0.05}",180,60,120,1.0,0.36666666666666664,60,44,60,120,1,0.5586592178770949,0,90.0,90.0,0.7555555555555555,,44,0.36666666666666664,0.0
8023FE1A-D3B0-4E2C-A57A-9321B7FC755F,8023FE1A_tsts5,7D9BB102-A612-4E2A-8E22-3159752F55D8,hysteresis,"{""theta"": 0.9964938180476103, ""margin"": 0.05, ""ttt_frames"": 2}",180,60,120,1.0,0.0,60,0,60,120,0,0.0,0,180.0,180.0,1.0,,0,0.0,0.0
8023FE1A-D3B0-4E2C-A57A-9321B7FC755F,8023FE1A_tsts5,7D9BB102-A612-4E2A-8E22-3159752F55D8,trust_model,"{""theta"": 0.9964938180476103, ""gain"": 0.6, ""decay"": 0.2, ""tau_lo"": 0.4, ""tau_hi"": 0.6}",180,60,120,1.0,0.36666666666666664,60,44,60,120,1,0.5586592178770949,0,90.0,90.0,0.7555555555555555,,44,0.36666666666666664,0.0
8023FE1A-D3B0-4E2C-A57A-9321B7FC755F,8023FE1A_tsts5,7D9BB102-A612-4E2A-8E22-3159752F55D8,sprt,"{""A"": 16, ""B"": 1, ""mu_gen"": 0.9950932354780507, ""sd_gen"": 0.028374808078239146, ""mu_imp"": 0.6502228527198541, ""sd_imp"": 0.3934209084468508}",180,60,120,1.0,0.05,60,6,60,120,2,1.1173184357541899,0,60.0,38.0,0.9666666666666667,,6,0.05,0.0
83CF687B-7CEC-434B-9FE8-00C3D5799BE6,83CF687B_tsts0,098A72A5-E3E5-4F54-A152-BBDA0DF7B694,instantaneous,"{""theta"": 1.0}",180,60,120,1.0,0.008333333333333333,60,1,60,120,2,1.1173184357541899,2,60.0,16.0,0.9944444444444445,,1,0.008333333333333333,0.0
83CF687B-7CEC-434B-9FE8-00C3D5799BE6,83CF687B_tsts0,098A72A5-E3E5-4F54-A152-BBDA0DF7B694,moving_average,"{""theta"": 1.0, ""w"": 20}",180,60,120,1.0,0.14166666666666666,60,17,60,120,1,0.5586592178770949,0,90.0,90.0,0.9055555555555556,,17,0.14166666666666666,0.0
83CF687B-7CEC-434B-9FE8-00C3D5799BE6,83CF687B_tsts0,098A72A5-E3E5-4F54-A152-BBDA0DF7B694,ewma,"{""theta"": 1.0, ""alpha"": 0.1}",180,60,120,1.0,0.14166666666666666,60,17,60,120,1,0.5586592178770949,0,90.0,90.0,0.9055555555555556,,17,0.14166666666666666,0.0
83CF687B-7CEC-434B-9FE8-00C3D5799BE6,83CF687B_tsts0,098A72A5-E3E5-4F54-A152-BBDA0DF7B694,majority_vote,"{""theta"": 1.0, ""w"": 5, ""k"": 4}",180,60,120,1.0,0.0,60,0,60,120,0,0.0,0,180.0,180.0,1.0,,0,0.0,0.0
83CF687B-7CEC-434B-9FE8-00C3D5799BE6,83CF687B_tsts0,098A72A5-E3E5-4F54-A152-BBDA0DF7B694,debounce,"{""theta"": 1.0, ""n"": 2}",180,60,120,1.0,0.0,60,0,60,120,0,0.0,0,180.0,180.0,1.0,,0,0.0,0.0
83CF687B-7CEC-434B-9FE8-00C3D5799BE6,83CF687B_tsts0,098A72A5-E3E5-4F54-A152-BBDA0DF7B694,margin_dual_threshold,"{""theta"": 1.0, ""margin"": 0.05}",180,60,120,1.0,0.14166666666666666,60,17,60,120,1,0.5586592178770949,0,90.0,90.0,0.9055555555555556,,17,0.14166666666666666,0.0
83CF687B-7CEC-434B-9FE8-00C3D5799BE6,83CF687B_tsts0,098A72A5-E3E5-4F54-A152-BBDA0DF7B694,hysteresis,"{""theta"": 1.0, ""margin"": 0.05, ""ttt_frames"": 2}",180,60,120,1.0,0.0,60,0,60,120,0,0.0,0,180.0,180.0,1.0,,0,0.0,0.0
83CF687B-7CEC-434B-9FE8-00C3D5799BE6,83CF687B_tsts0,098A72A5-E3E5-4F54-A152-BBDA0DF7B694,trust_model,"{""theta"": 1.0, ""gain"": 0.6, ""decay"": 0.05, ""tau_lo"": 0.4, ""tau_hi"": 0.6}",180,60,120,1.0,0.14166666666666666,60,17,60,120,1,0.5586592178770949,0,90.0,90.0,0.9055555555555556,,17,0.14166666666666666,0.0
83CF687B-7CEC-434B-9FE8-00C3D5799BE6,83CF687B_tsts0,098A72A5-E3E5-4F54-A152-BBDA0DF7B694,sprt,"{""A"": 16, ""B"": 1, ""mu_gen"": 0.9962103820335737, ""sd_gen"": 0.04650274318679286, ""mu_imp"": 0.6358265977060669, ""sd_imp"": 0.39213750913361284}",180,60,120,1.0,0.058333333333333334,60,7,60,120,2,1.1173184357541899,0,60.0,10.0,0.9611111111111111,,7,0.058333333333333334,0.0
83CF687B-7CEC-434B-9FE8-00C3D5799BE6,83CF687B_tsts1,4E98F91F-4654-42EF-B908-A3389443F2E7,instantaneous,"{""theta"": 1.0}",180,60,120,0.0,0.4083333333333333,0,49,60,120,2,1.1173184357541899,0,60.0,60.0,0.39444444444444443,0.0,49,0.4083333333333333,49.0
83CF687B-7CEC-434B-9FE8-00C3D5799BE6,83CF687B_tsts1,4E98F91F-4654-42EF-B908-A3389443F2E7,moving_average,"{""theta"": 1.0, ""w"": 20}",180,60,120,0.0,0.5,0,60,60,120,1,0.5586592178770949,0,90.0,90.0,0.3333333333333333,0.0,60,0.5,
83CF687B-7CEC-434B-9FE8-00C3D5799BE6,83CF687B_tsts1,4E98F91F-4654-42EF-B908-A3389443F2E7,ewma,"{""theta"": 1.0, ""alpha"": 0.1}",180,60,120,0.0,0.5,0,60,60,120,1,0.5586592178770949,0,90.0,90.0,0.3333333333333333,0.0,60,0.5,
83CF687B-7CEC-434B-9FE8-00C3D5799BE6,83CF687B_tsts1,4E98F91F-4654-42EF-B908-A3389443F2E7,majority_vote,"{""theta"": 1.0, ""w"": 5, ""k"": 4}",180,60,120,0.016666666666666666,0.43333333333333335,1,52,60,120,2,1.1173184357541899,0,60.0,61.0,0.38333333333333336,1.0,52,0.43333333333333335,52.0
83CF687B-7CEC-434B-9FE8-00C3D5799BE6,83CF687B_tsts1,4E98F91F-4654-42EF-B908-A3389443F2E7,debounce,"{""theta"": 1.0, ""n"": 2}",180,60,120,0.016666666666666666,0.4166666666666667,1,50,60,120,2,1.1173184357541899,0,60.0,61.0,0.39444444444444443,1.0,50,0.4166666666666667,50.0
83CF687B-7CEC-434B-9FE8-00C3D5799BE6,83CF687B_tsts1,4E98F91F-4654-42EF-B908-A3389443F2E7,margin_dual_threshold,"{""theta"": 1.0, ""margin"": 0.05}",180,60,120,0.0,0.5,0,60,60,120,1,0.5586592178770949,0,90.0,90.0,0.3333333333333333,0.0,60,0.5,
83CF687B-7CEC-434B-9FE8-00C3D5799BE6,83CF687B_tsts1,4E98F91F-4654-42EF-B908-A3389443F2E7,hysteresis,"{""theta"": 1.0, ""margin"": 0.05, ""ttt_frames"": 2}",180,60,120,0.016666666666666666,0.5,1,60,60,120,1,0.5586592178770949,0,90.0,90.0,0.3388888888888889,1.0,60,0.5,
83CF687B-7CEC-434B-9FE8-00C3D5799BE6,83CF687B_tsts1,4E98F91F-4654-42EF-B908-A3389443F2E7,trust_model,"{""theta"": 1.0, ""gain"": 0.6, ""decay"": 0.05, ""tau_lo"": 0.4, ""tau_hi"": 0.6}",180,60,120,0.0,0.5,0,60,60,120,1,0.5586592178770949,0,90.0,90.0,0.3333333333333333,0.0,60,0.5,
83CF687B-7CEC-434B-9FE8-00C3D5799BE6,83CF687B_tsts1,4E98F91F-4654-42EF-B908-A3389443F2E7,sprt,"{""A"": 16, ""B"": 1, ""mu_gen"": 0.9962103820335737, ""sd_gen"": 0.04650274318679286, ""mu_imp"": 0.6358265977060669, ""sd_imp"": 0.39213750913361284}",180,60,120,0.0,0.4583333333333333,0,55,60,120,2,1.1173184357541899,0,60.0,60.0,0.3611111111111111,0.0,55,0.4583333333333333,55.0
83CF687B-7CEC-434B-9FE8-00C3D5799BE6,83CF687B_tsts2,7CE37510-56D0-4120-A1CF-0E23351428D2,instantaneous,"{""theta"": 1.0}",180,60,120,0.9166666666666666,0.0,55,0,60,120,6,3.35195530726257,6,25.714285714285715,3.0,0.9722222222222222,13.0,0,0.0,0.0
83CF687B-7CEC-434B-9FE8-00C3D5799BE6,83CF687B_tsts2,7CE37510-56D0-4120-A1CF-0E23351428D2,moving_average,"{""theta"": 1.0, ""w"": 20}",180,60,120,0.38333333333333336,0.0,23,0,60,120,2,1.1173184357541899,0,60.0,60.0,0.7944444444444444,0.0,0,0.0,0.0
83CF687B-7CEC-434B-9FE8-00C3D5799BE6,83CF687B_tsts2,7CE37510-56D0-4120-A1CF-0E23351428D2,ewma,"{""theta"": 1.0, ""alpha"": 0.1}",180,60,120,0.0,0.5,0,60,60,120,1,0.5586592178770949,0,90.0,90.0,0.3333333333333333,0.0,60,0.5,
83CF687B-7CEC-434B-9FE8-00C3D5799BE6,83CF687B_tsts2,7CE37510-56D0-4120-A1CF-0E23351428D2,majority_vote,"{""theta"": 1.0, ""w"": 5, ""k"": 4}",180,60,120,0.9,0.0,54,0,60,120,2,1.1173184357541899,0,60.0,74.0,0.9666666666666667,14.0,0,0.0,0.0
83CF687B-7CEC-434B-9FE8-00C3D5799BE6,83CF687B_tsts2,7CE37510-56D0-4120-A1CF-0E23351428D2,debounce,"{""theta"": 1.0, ""n"": 2}",180,60,120,0.9166666666666666,0.0,55,0,60,120,2,1.1173184357541899,0,60.0,74.0,0.9722222222222222,14.0,0,0.0,0.0
83CF687B-7CEC-434B-9FE8-00C3D5799BE6,83CF687B_tsts2,7CE37510-56D0-4120-A1CF-0E23351428D2,margin_dual_threshold,"{""theta"": 1.0, ""margin"": 0.05}",180,60,120,0.0,0.5,0,60,60,120,1,0.5586592178770949,0,90.0,90.0,0.3333333333333333,0.0,60,0.5,
83CF687B-7CEC-434B-9FE8-00C3D5799BE6,83CF687B_tsts2,7CE37510-56D0-4120-A1CF-0E23351428D2,hysteresis,"{""theta"": 1.0, ""margin"": 0.05, ""ttt_frames"": 2}",180,60,120,0.23333333333333334,0.5,14,60,60,120,1,0.5586592178770949,0,90.0,90.0,0.4111111111111111,14.0,60,0.5,
83CF687B-7CEC-434B-9FE8-00C3D5799BE6,83CF687B_tsts2,7CE37510-56D0-4120-A1CF-0E23351428D2,trust_model,"{""theta"": 1.0, ""gain"": 0.6, ""decay"": 0.05, ""tau_lo"": 0.4, ""tau_hi"": 0.6}",180,60,120,0.0,0.5,0,60,60,120,1,0.5586592178770949,0,90.0,90.0,0.3333333333333333,0.0,60,0.5,
83CF687B-7CEC-434B-9FE8-00C3D5799BE6,83CF687B_tsts2,7CE37510-56D0-4120-A1CF-0E23351428D2,sprt,"{""A"": 16, ""B"": 1, ""mu_gen"": 0.9962103820335737, ""sd_gen"": 0.04650274318679286, ""mu_imp"": 0.6358265977060669, ""sd_imp"": 0.39213750913361284}",180,60,120,0.7,0.0,42,0,60,120,4,2.2346368715083798,0,36.0,11.0,0.9,0.0,0,0.0,0.0
83CF687B-7CEC-434B-9FE8-00C3D5799BE6,83CF687B_tsts3,F50235E0-DD67-4F2A-B00B-1F31ADA998B9,instantaneous,"{""theta"": 1.0}",180,60,120,0.0,0.03333333333333333,0,4,60,120,8,4.4692737430167595,6,20.0,3.0,0.6444444444444445,0.0,4,0.03333333333333333,0.0
83CF687B-7CEC-434B-9FE8-00C3D5799BE6,83CF687B_tsts3,F50235E0-DD67-4F2A-B00B-1F31ADA998B9,moving_average,"{""theta"": 1.0, ""w"": 20}",180,60,120,0.0,0.275,0,33,60,120,3,1.675977653631285,0,45.0,43.5,0.48333333333333334,0.0,33,0.275,19.0
83CF687B-7CEC-434B-9FE8-00C3D5799BE6,83CF687B_tsts3,F50235E0-DD67-4F2A-B00B-1F31ADA998B9,ewma,"{""theta"": 1.0, ""alpha"": 0.1}",180,60,120,0.0,0.5,0,60,60,120,1,0.5586592178770949,0,90.0,90.0,0.3333333333333333,0.0,60,0.5,
83CF687B-7CEC-434B-9FE8-00C3D5799BE6,83CF687B_tsts3,F50235E0-DD67-4F2A-B00B-1F31ADA998B9,majority_vote,"{""theta"": 1.0, ""w"": 5, ""k"": 4}",180,60,120,0.016666666666666666,0.075,1,9,60,120,6,3.35195530726257,3,25.714285714285715,5.0,0.6222222222222222,1.0,9,0.075,3.0
83CF687B-7CEC-434B-9FE8-00C3D5799BE6,83CF687B_tsts3,F50235E0-DD67-4F2A-B00B-1F31ADA998B9,debounce,"{""theta"": 1.0, ""n"": 2}",180,60,120,0.016666666666666666,0.025,1,3,60,120,4,2.2346368715083798,2,36.0,52.0,0.6555555555555556,1.0,3,0.025,1.0
83CF687B-7CEC-434B-9FE8-00C3D5799BE6,83CF687B_tsts3,F50235E0-DD67-4F2A-B00B-1F31ADA998B9,margin_dual_threshold,"{""theta"": 1.0, ""margin"": 0.05}",180,60,120,0.0,0.5,0,60,60,120,1,0.5586592178770949,0,90.0,90.0,0.3333333333333333,0.0,60,0.5,
83CF687B-7CEC-434B-9FE8-00C3D5799BE6,83CF687B_tsts3,F50235E0-DD67-4F2A-B00B-1F31ADA998B9,hysteresis,"{""theta"": 1.0, ""margin"": 0.05, ""ttt_frames"": 2}",180,60,120,0.016666666666666666,0.5,1,60,60,120,1,0.5586592178770949,0,90.0,90.0,0.3388888888888889,1.0,60,0.5,
83CF687B-7CEC-434B-9FE8-00C3D5799BE6,83CF687B_tsts3,F50235E0-DD67-4F2A-B00B-1F31ADA998B9,trust_model,"{""theta"": 1.0, ""gain"": 0.6, ""decay"": 0.05, ""tau_lo"": 0.4, ""tau_hi"": 0.6}",180,60,120,0.0,0.5,0,60,60,120,1,0.5586592178770949,0,90.0,90.0,0.3333333333333333,0.0,60,0.5,
83CF687B-7CEC-434B-9FE8-00C3D5799BE6,83CF687B_tsts3,F50235E0-DD67-4F2A-B00B-1F31ADA998B9,sprt,"{""A"": 16, ""B"": 1, ""mu_gen"": 0.9962103820335737, ""sd_gen"": 0.04650274318679286, ""mu_imp"": 0.6358265977060669, ""sd_imp"": 0.39213750913361284}",180,60,120,0.0,0.16666666666666666,0,20,60,120,3,1.675977653631285,0,45.0,50.0,0.5555555555555556,0.0,20,0.16666666666666666,6.0
83CF687B-7CEC-434B-9FE8-00C3D5799BE6,83CF687B_tsts4,B9724848-C7E2-45F4-9B3F-A1F38D864495,instantaneous,"{""theta"": 1.0}",180,60,120,0.9833333333333333,0.03333333333333333,59,4,60,120,8,4.4692737430167595,8,20.0,2.0,0.9722222222222222,,4,0.03333333333333333,0.0
83CF687B-7CEC-434B-9FE8-00C3D5799BE6,83CF687B_tsts4,B9724848-C7E2-45F4-9B3F-A1F38D864495,moving_average,"{""theta"": 1.0, ""w"": 20}",180,60,120,0.8,0.25833333333333336,48,31,60,120,2,1.1173184357541899,0,60.0,43.0,0.7611111111111111,48.0,31,0.25833333333333336,31.0
83CF687B-7CEC-434B-9FE8-00C3D5799BE6,83CF687B_tsts4,B9724848-C7E2-45F4-9B3F-A1F38D864495,ewma,"{""theta"": 1.0, ""alpha"": 0.1}",180,60,120,0.8,0.5,48,60,60,120,1,0.5586592178770949,0,90.0,90.0,0.6,48.0,60,0.5,
83CF687B-7CEC-434B-9FE8-00C3D5799BE6,83CF687B_tsts4,B9724848-C7E2-45F4-9B3F-A1F38D864495,majority_vote,"{""theta"": 1.0, ""w"": 5, ""k"": 4}",180,60,120,1.0,0.05,60,6,60,120,4,2.2346368715083798,3,36.0,5.0,0.9666666666666667,,6,0.05,0.0
83CF687B-7CEC-434B-9FE8-00C3D5799BE6,83CF687B_tsts4,B9724848-C7E2-45F4-9B3F-A1F38D864495,debounce,"{""theta"": 1.0, ""n"": 2}",180,60,120,1.0,0.016666666666666666,60,2,60,120,2,1.1173184357541899,2,60.0,47.0,0.9888888888888889,,2,0.016666666666666666,0.0
83CF687B-7CEC-434B-9FE8-00C3D5799BE6,83CF687B_tsts4,B9724848-C7E2-45F4-9B3F-A1F38D864495,margin_dual_threshold,"{""theta"": 1.0, ""margin"": 0.05}",180,60,120,0.8,0.5,48,60,60,120,1,0.5586592178770949,0,90.0,90.0,0.6,48.0,60,0.5,
83CF687B-7CEC-434B-9FE8-00C3D5799BE6,83CF687B_tsts4,B9724848-C7E2-45F4-9B3F-A1F38D864495,hysteresis,"{""theta"": 1.0, ""margin"": 0.05, ""ttt_frames"": 2}",180,60,120,1.0,0.4083333333333333,60,49,60,120,1,0.5586592178770949,0,90.0,90.0,0.7277777777777777,,49,0.4083333333333333,0.0
83CF687B-7CEC-434B-9FE8-00C3D5799BE6,83CF687B_tsts4,B9724848-C7E2-45F4-9B3F-A1F38D864495,trust_model,"{""theta"": 1.0, ""gain"": 0.6, ""decay"": 0.05, ""tau_lo"": 0.4, ""tau_hi"": 0.6}",180,60,120,0.8,0.5,48,60,60,120,1,0.5586592178770949,0,90.0,90.0,0.6,48.0,60,0.5,
83CF687B-7CEC-434B-9FE8-00C3D5799BE6,83CF687B_tsts4,B9724848-C7E2-45F4-9B3F-A1F38D864495,sprt,"{""A"": 16, ""B"": 1, ""mu_gen"": 0.9962103820335737, ""sd_gen"": 0.04650274318679286, ""mu_imp"": 0.6358265977060669, ""sd_imp"": 0.39213750913361284}",180,60,120,0.8833333333333333,0.11666666666666667,53,14,60,120,4,2.2346368715083798,0,36.0,14.0,0.8833333333333333,48.0,14,0.11666666666666667,0.0
83CF687B-7CEC-434B-9FE8-00C3D5799BE6,83CF687B_tsts5,A5CDF89D-02A2-4EC1-89F8-F534FDABDD96,instantaneous,"{""theta"": 1.0}",180,60,120,1.0,0.0,60,0,60,120,0,0.0,0,180.0,180.0,1.0,,0,0.0,0.0
83CF687B-7CEC-434B-9FE8-00C3D5799BE6,83CF687B_tsts5,A5CDF89D-02A2-4EC1-89F8-F534FDABDD96,moving_average,"{""theta"": 1.0, ""w"": 20}",180,60,120,1.0,0.0,60,0,60,120,0,0.0,0,180.0,180.0,1.0,,0,0.0,0.0
83CF687B-7CEC-434B-9FE8-00C3D5799BE6,83CF687B_tsts5,A5CDF89D-02A2-4EC1-89F8-F534FDABDD96,ewma,"{""theta"": 1.0, ""alpha"": 0.1}",180,60,120,1.0,0.0,60,0,60,120,0,0.0,0,180.0,180.0,1.0,,0,0.0,0.0
83CF687B-7CEC-434B-9FE8-00C3D5799BE6,83CF687B_tsts5,A5CDF89D-02A2-4EC1-89F8-F534FDABDD96,majority_vote,"{""theta"": 1.0, ""w"": 5, ""k"": 4}",180,60,120,1.0,0.0,60,0,60,120,0,0.0,0,180.0,180.0,1.0,,0,0.0,0.0
83CF687B-7CEC-434B-9FE8-00C3D5799BE6,83CF687B_tsts5,A5CDF89D-02A2-4EC1-89F8-F534FDABDD96,debounce,"{""theta"": 1.0, ""n"": 2}",180,60,120,1.0,0.0,60,0,60,120,0,0.0,0,180.0,180.0,1.0,,0,0.0,0.0
83CF687B-7CEC-434B-9FE8-00C3D5799BE6,83CF687B_tsts5,A5CDF89D-02A2-4EC1-89F8-F534FDABDD96,margin_dual_threshold,"{""theta"": 1.0, ""margin"": 0.05}",180,60,120,1.0,0.0,60,0,60,120,0,0.0,0,180.0,180.0,1.0,,0,0.0,0.0
83CF687B-7CEC-434B-9FE8-00C3D5799BE6,83CF687B_tsts5,A5CDF89D-02A2-4EC1-89F8-F534FDABDD96,hysteresis,"{""theta"": 1.0, ""margin"": 0.05, ""ttt_frames"": 2}",180,60,120,1.0,0.0,60,0,60,120,0,0.0,0,180.0,180.0,1.0,,0,0.0,0.0
83CF687B-7CEC-434B-9FE8-00C3D5799BE6,83CF687B_tsts5,A5CDF89D-02A2-4EC1-89F8-F534FDABDD96,trust_model,"{""theta"": 1.0, ""gain"": 0.6, ""decay"": 0.05, ""tau_lo"": 0.4, ""tau_hi"": 0.6}",180,60,120,1.0,0.0,60,0,60,120,0,0.0,0,180.0,180.0,1.0,,0,0.0,0.0
83CF687B-7CEC-434B-9FE8-00C3D5799BE6,83CF687B_tsts5,A5CDF89D-02A2-4EC1-89F8-F534FDABDD96,sprt,"{""A"": 16, ""B"": 1, ""mu_gen"": 0.9962103820335737, ""sd_gen"": 0.04650274318679286, ""mu_imp"": 0.6358265977060669, ""sd_imp"": 0.39213750913361284}",180,60,120,1.0,0.0,60,0,60,120,0,0.0,0,180.0,180.0,1.0,,0,0.0,0.0
9759096F-1119-4E19-A0AD-6F16989C7E1C,9759096F_tsts0,B9724848-C7E2-45F4-9B3F-A1F38D864495,instantaneous,"{""theta"": 1.0}",180,60,120,0.0,1.0,0,120,60,120,0,0.0,0,180.0,180.0,0.0,0.0,120,1.0,
9759096F-1119-4E19-A0AD-6F16989C7E1C,9759096F_tsts0,B9724848-C7E2-45F4-9B3F-A1F38D864495,moving_average,"{""theta"": 1.0, ""w"": 3}",180,60,120,0.0,1.0,0,120,60,120,0,0.0,0,180.0,180.0,0.0,0.0,120,1.0,
9759096F-1119-4E19-A0AD-6F16989C7E1C,9759096F_tsts0,B9724848-C7E2-45F4-9B3F-A1F38D864495,ewma,"{""theta"": 1.0, ""alpha"": 0.1}",180,60,120,0.0,1.0,0,120,60,120,0,0.0,0,180.0,180.0,0.0,0.0,120,1.0,
9759096F-1119-4E19-A0AD-6F16989C7E1C,9759096F_tsts0,B9724848-C7E2-45F4-9B3F-A1F38D864495,majority_vote,"{""theta"": 1.0, ""w"": 3, ""k"": 2}",180,60,120,0.0,1.0,0,120,60,120,0,0.0,0,180.0,180.0,0.0,0.0,120,1.0,
9759096F-1119-4E19-A0AD-6F16989C7E1C,9759096F_tsts0,B9724848-C7E2-45F4-9B3F-A1F38D864495,debounce,"{""theta"": 1.0, ""n"": 2}",180,60,120,0.0,0.9916666666666667,0,119,60,120,1,0.5586592178770949,0,90.0,90.0,0.005555555555555556,0.0,119,0.9916666666666667,
9759096F-1119-4E19-A0AD-6F16989C7E1C,9759096F_tsts0,B9724848-C7E2-45F4-9B3F-A1F38D864495,margin_dual_threshold,"{""theta"": 0.9837154294032023, ""margin"": 0.05}",180,60,120,1.0,0.0,60,0,60,120,0,0.0,0,180.0,180.0,1.0,,0,0.0,0.0
9759096F-1119-4E19-A0AD-6F16989C7E1C,9759096F_tsts0,B9724848-C7E2-45F4-9B3F-A1F38D864495,hysteresis,"{""theta"": 0.9837154294032023, ""margin"": 0.05, ""ttt_frames"": 2}",180,60,120,1.0,0.0,60,0,60,120,0,0.0,0,180.0,180.0,1.0,,0,0.0,0.0
9759096F-1119-4E19-A0AD-6F16989C7E1C,9759096F_tsts0,B9724848-C7E2-45F4-9B3F-A1F38D864495,trust_model,"{""theta"": 1.0, ""gain"": 0.6, ""decay"": 0.0, ""tau_lo"": 0.4, ""tau_hi"": 0.6}",180,60,120,0.016666666666666666,0.5,1,60,60,120,1,0.5586592178770949,0,90.0,90.0,0.3388888888888889,1.0,60,0.5,
9759096F-1119-4E19-A0AD-6F16989C7E1C,9759096F_tsts0,B9724848-C7E2-45F4-9B3F-A1F38D864495,sprt,"{""A"": 16, ""B"": 1, ""mu_gen"": 0.9837585478833091, ""sd_gen"": 0.021463839857100573, ""mu_imp"": 0.6471446405466602, ""sd_imp"": 0.4056132764410349}",180,60,120,1.0,0.0,60,0,60,120,0,0.0,0,180.0,180.0,1.0,,0,0.0,0.0
9759096F-1119-4E19-A0AD-6F16989C7E1C,9759096F_tsts1,FDAA70A1-42A3-4E3F-9AE3-3FDA412E03BF,instantaneous,"{""theta"": 1.0}",180,60,120,0.0,1.0,0,120,60,120,0,0.0,0,180.0,180.0,0.0,0.0,120,1.0,
9759096F-1119-4E19-A0AD-6F16989C7E1C,9759096F_tsts1,FDAA70A1-42A3-4E3F-9AE3-3FDA412E03BF,moving_average,"{""theta"": 1.0, ""w"": 3}",180,60,120,0.0,1.0,0,120,60,120,0,0.0,0,180.0,180.0,0.0,0.0,120,1.0,
9759096F-1119-4E19-A0AD-6F16989C7E1C,9759096F_tsts1,FDAA70A1-42A3-4E3F-9AE3-3FDA412E03BF,ewma,"{""theta"": 1.0, ""alpha"": 0.1}",180,60,120,0.0,1.0,0,120,60,120,0,0.0,0,180.0,180.0,0.0,0.0,120,1.0,
9759096F-1119-4E19-A0AD-6F16989C7E1C,9759096F_tsts1,FDAA70A1-42A3-4E3F-9AE3-3FDA412E03BF,majority_vote,"{""theta"": 1.0, ""w"": 3, ""k"": 2}",180,60,120,0.0,1.0,0,120,60,120,0,0.0,0,180.0,180.0,0.0,0.0,120,1.0,
9759096F-1119-4E19-A0AD-6F16989C7E1C,9759096F_tsts1,FDAA70A1-42A3-4E3F-9AE3-3FDA412E03BF,debounce,"{""theta"": 1.0, ""n"": 2}",180,60,120,0.0,0.9916666666666667,0,119,60,120,1,0.5586592178770949,0,90.0,90.0,0.005555555555555556,0.0,119,0.9916666666666667,
9759096F-1119-4E19-A0AD-6F16989C7E1C,9759096F_tsts1,FDAA70A1-42A3-4E3F-9AE3-3FDA412E03BF,margin_dual_threshold,"{""theta"": 0.9837154294032023, ""margin"": 0.05}",180,60,120,0.0,0.8583333333333333,0,103,60,120,1,0.5586592178770949,0,90.0,90.0,0.09444444444444444,0.0,103,0.8583333333333333,
9759096F-1119-4E19-A0AD-6F16989C7E1C,9759096F_tsts1,FDAA70A1-42A3-4E3F-9AE3-3FDA412E03BF,hysteresis,"{""theta"": 0.9837154294032023, ""margin"": 0.05, ""ttt_frames"": 2}",180,60,120,0.0,0.85,0,102,60,120,1,0.5586592178770949,0,90.0,90.0,0.1,0.0,102,0.85,
9759096F-1119-4E19-A0AD-6F16989C7E1C,9759096F_tsts1,FDAA70A1-42A3-4E3F-9AE3-3FDA412E03BF,trust_model,"{""theta"": 1.0, ""gain"": 0.6, ""decay"": 0.0, ""tau_lo"": 0.4, ""tau_hi"": 0.6}",180,60,120,0.0,0.85,0,102,60,120,1,0.5586592178770949,0,90.0,90.0,0.1,0.0,102,0.85,
9759096F-1119-4E19-A0AD-6F16989C7E1C,9759096F_tsts1,FDAA70A1-42A3-4E3F-9AE3-3FDA412E03BF,sprt,"{""A"": 16, ""B"": 1, ""mu_gen"": 0.9837585478833091, ""sd_gen"": 0.021463839857100573, ""mu_imp"": 0.6471446405466602, ""sd_imp"": 0.4056132764410349}",180,60,120,1.0,0.20833333333333334,60,25,60,120,2,1.1173184357541899,0,60.0,25.0,0.8611111111111112,,25,0.20833333333333334,0.0
9759096F-1119-4E19-A0AD-6F16989C7E1C,9759096F_tsts2,11B5EC4D-4133-4289-B475-4E737182A406,instantaneous,"{""theta"": 1.0}",180,60,120,0.0,0.9833333333333333,0,118,60,120,4,2.2346368715083798,4,36.0,5.0,0.011111111111111112,0.0,118,0.9833333333333333,
9759096F-1119-4E19-A0AD-6F16989C7E1C,9759096F_tsts2,11B5EC4D-4133-4289-B475-4E737182A406,moving_average,"{""theta"": 1.0, ""w"": 3}",180,60,120,0.0,1.0,0,120,60,120,0,0.0,0,180.0,180.0,0.0,0.0,120,1.0,
9759096F-1119-4E19-A0AD-6F16989C7E1C,9759096F_tsts2,11B5EC4D-4133-4289-B475-4E737182A406,ewma,"{""theta"": 1.0, ""alpha"": 0.1}",180,60,120,0.0,1.0,0,120,60,120,0,0.0,0,180.0,180.0,0.0,0.0,120,1.0,
9759096F-1119-4E19-A0AD-6F16989C7E1C,9759096F_tsts2,11B5EC4D-4133-4289-B475-4E737182A406,majority_vote,"{""theta"": 1.0, ""w"": 3, ""k"": 2}",180,60,120,0.0,1.0,0,120,60,120,0,0.0,0,180.0,180.0,0.0,0.0,120,1.0,
9759096F-1119-4E19-A0AD-6F16989C7E1C,9759096F_tsts2,11B5EC4D-4133-4289-B475-4E737182A406,debounce,"{""theta"": 1.0, ""n"": 2}",180,60,120,0.0,0.9916666666666667,0,119,60,120,1,0.5586592178770949,0,90.0,90.0,0.005555555555555556,0.0,119,0.9916666666666667,
9759096F-1119-4E19-A0AD-6F16989C7E1C,9759096F_tsts2,11B5EC4D-4133-4289-B475-4E737182A406,margin_dual_threshold,"{""theta"": 0.9837154294032023, ""margin"": 0.05}",180,60,120,0.0,0.9833333333333333,0,118,60,120,1,0.5586592178770949,0,90.0,90.0,0.011111111111111112,0.0,118,0.9833333333333333,
9759096F-1119-4E19-A0AD-6F16989C7E1C,9759096F_tsts2,11B5EC4D-4133-4289-B475-4E737182A406,hysteresis,"{""theta"": 0.9837154294032023, ""margin"": 0.05, ""ttt_frames"": 2}",180,60,120,1.0,0.0,60,0,60,120,0,0.0,0,180.0,180.0,1.0,,0,0.0,0.0
9759096F-1119-4E19-A0AD-6F16989C7E1C,9759096F_tsts2,11B5EC4D-4133-4289-B475-4E737182A406,trust_model,"{""theta"": 1.0, ""gain"": 0.6, ""decay"": 0.0, ""tau_lo"": 0.4, ""tau_hi"": 0.6}",180,60,120,0.0,0.9666666666666667,0,116,60,120,1,0.5586592178770949,0,90.0,90.0,0.022222222222222223,0.0,116,0.9666666666666667,
9759096F-1119-4E19-A0AD-6F16989C7E1C,9759096F_tsts2,11B5EC4D-4133-4289-B475-4E737182A406,sprt,"{""A"": 16, ""B"": 1, ""mu_gen"": 0.9837585478833091, ""sd_gen"": 0.021463839857100573, ""mu_imp"": 0.6471446405466602, ""sd_imp"": 0.4056132764410349}",180,60,120,1.0,0.058333333333333334,60,7,60,120,2,1.1173184357541899,0,60.0,7.0,0.9611111111111111,,7,0.058333333333333334,0.0
9759096F-1119-4E19-A0AD-6F16989C7E1C,9759096F_tsts3,4E98F91F-4654-42EF-B908-A3389443F2E7,instantaneous,"{""theta"": 1.0}",180,60,120,0.0,1.0,0,120,60,120,0,0.0,0,180.0,180.0,0.0,0.0,120,1.0,
9759096F-1119-4E19-A0AD-6F16989C7E1C,9759096F_tsts3,4E98F91F-4654-42EF-B908-A3389443F2E7,moving_average,"{""theta"": 1.0, ""w"": 3}",180,60,120,0.0,1.0,0,120,60,120,0,0.0,0,180.0,180.0,0.0,0.0,120,1.0,
9759096F-1119-4E19-A0AD-6F16989C7E1C,9759096F_tsts3,4E98F91F-4654-42EF-B908-A3389443F2E7,ewma,"{""theta"": 1.0, ""alpha"": 0.1}",180,60,120,0.0,1.0,0,120,60,120,0,0.0,0,180.0,180.0,0.0,0.0,120,1.0,
9759096F-1119-4E19-A0AD-6F16989C7E1C,9759096F_tsts3,4E98F91F-4654-42EF-B908-A3389443F2E7,majority_vote,"{""theta"": 1.0, ""w"": 3, ""k"": 2}",180,60,120,0.0,1.0,0,120,60,120,0,0.0,0,180.0,180.0,0.0,0.0,120,1.0,
9759096F-1119-4E19-A0AD-6F16989C7E1C,9759096F_tsts3,4E98F91F-4654-42EF-B908-A3389443F2E7,debounce,"{""theta"": 1.0, ""n"": 2}",180,60,120,0.0,0.9916666666666667,0,119,60,120,1,0.5586592178770949,0,90.0,90.0,0.005555555555555556,0.0,119,0.9916666666666667,
9759096F-1119-4E19-A0AD-6F16989C7E1C,9759096F_tsts3,4E98F91F-4654-42EF-B908-A3389443F2E7,margin_dual_threshold,"{""theta"": 0.9837154294032023, ""margin"": 0.05}",180,60,120,0.0,0.5,0,60,60,120,1,0.5586592178770949,0,90.0,90.0,0.3333333333333333,0.0,60,0.5,
9759096F-1119-4E19-A0AD-6F16989C7E1C,9759096F_tsts3,4E98F91F-4654-42EF-B908-A3389443F2E7,hysteresis,"{""theta"": 0.9837154294032023, ""margin"": 0.05, ""ttt_frames"": 2}",180,60,120,0.016666666666666666,0.5,1,60,60,120,1,0.5586592178770949,0,90.0,90.0,0.3388888888888889,1.0,60,0.5,
9759096F-1119-4E19-A0AD-6F16989C7E1C,9759096F_tsts3,4E98F91F-4654-42EF-B908-A3389443F2E7,trust_model,"{""theta"": 1.0, ""gain"": 0.6, ""decay"": 0.0, ""tau_lo"": 0.4, ""tau_hi"": 0.6}",180,60,120,0.0,0.5,0,60,60,120,1,0.5586592178770949,0,90.0,90.0,0.3333333333333333,0.0,60,0.5,
9759096F-1119-4E19-A0AD-6F16989C7E1C,9759096F_tsts3,4E98F91F-4654-42EF-B908-A3389443F2E7,sprt,"{""A"": 16, ""B"": 1, ""mu_gen"": 0.9837585478833091, ""sd_gen"": 0.021463839857100573, ""mu_imp"": 0.6471446405466602, ""sd_imp"": 0.4056132764410349}",180,60,120,0.0,0.11666666666666667,0,14,60,120,5,2.793296089385475,0,30.0,23.5,0.5888888888888889,0.0,14,0.11666666666666667,4.0
9759096F-1119-4E19-A0AD-6F16989C7E1C,9759096F_tsts4,665514DE-49DC-421F-8DCB-145D0B2609AD,instantaneous,"{""theta"": 1.0}",180,60,120,0.0,0.9916666666666667,0,119,60,120,2,1.1173184357541899,2,60.0,7.0,0.005555555555555556,0.0,119,0.9916666666666667,
9759096F-1119-4E19-A0AD-6F16989C7E1C,9759096F_tsts4,665514DE-49DC-421F-8DCB-145D0B2609AD,moving_average,"{""theta"": 1.0, ""w"": 3}",180,60,120,0.0,1.0,0,120,60,120,0,0.0,0,180.0,180.0,0.0,0.0,120,1.0,
9759096F-1119-4E19-A0AD-6F16989C7E1C,9759096F_tsts4,665514DE-49DC-421F-8DCB-145D0B2609AD,ewma,"{""theta"": 1.0, ""alpha"": 0.1}",180,60,120,0.0,1.0,0,120,60,120,0,0.0,0,180.0,180.0,0.0,0.0,120,1.0,
9759096F-1119-4E19-A0AD-6F16989C7E1C,9759096F_tsts4,665514DE-49DC-421F-8DCB-145D0B2609AD,majority_vote,"{""theta"": 1.0, ""w"": 3, ""k"": 2}",180,60,120,0.0,1.0,0,120,60,120,0,0.0,0,180.0,180.0,0.0,0.0,120,1.0,
9759096F-1119-4E19-A0AD-6F16989C7E1C,9759096F_tsts4,665514DE-49DC-421F-8DCB-145D0B2609AD,debounce,"{""theta"": 1.0, ""n"": 2}",180,60,120,0.0,0.9916666666666667,0,119,60,120,1,0.5586592178770949,0,90.0,90.0,0.005555555555555556,0.0,119,0.9916666666666667,
9759096F-1119-4E19-A0AD-6F16989C7E1C,9759096F_tsts4,665514DE-49DC-421F-8DCB-145D0B2609AD,margin_dual_threshold,"{""theta"": 0.9837154294032023, ""margin"": 0.05}",180,60,120,0.0,0.5,0,60,60,120,1,0.5586592178770949,0,90.0,90.0,0.3333333333333333,0.0,60,0.5,
9759096F-1119-4E19-A0AD-6F16989C7E1C,9759096F_tsts4,665514DE-49DC-421F-8DCB-145D0B2609AD,hysteresis,"{""theta"": 0.9837154294032023, ""margin"": 0.05, ""ttt_frames"": 2}",180,60,120,0.016666666666666666,0.5,1,60,60,120,1,0.5586592178770949,0,90.0,90.0,0.3388888888888889,1.0,60,0.5,
9759096F-1119-4E19-A0AD-6F16989C7E1C,9759096F_tsts4,665514DE-49DC-421F-8DCB-145D0B2609AD,trust_model,"{""theta"": 1.0, ""gain"": 0.6, ""decay"": 0.0, ""tau_lo"": 0.4, ""tau_hi"": 0.6}",180,60,120,0.0,0.5,0,60,60,120,1,0.5586592178770949,0,90.0,90.0,0.3333333333333333,0.0,60,0.5,
9759096F-1119-4E19-A0AD-6F16989C7E1C,9759096F_tsts4,665514DE-49DC-421F-8DCB-145D0B2609AD,sprt,"{""A"": 16, ""B"": 1, ""mu_gen"": 0.9837585478833091, ""sd_gen"": 0.021463839857100573, ""mu_imp"": 0.6471446405466602, ""sd_imp"": 0.4056132764410349}",180,60,120,0.0,0.03333333333333333,0,4,60,120,2,1.1173184357541899,0,60.0,60.0,0.6444444444444445,0.0,4,0.03333333333333333,4.0
9759096F-1119-4E19-A0AD-6F16989C7E1C,9759096F_tsts5,7D9BB102-A612-4E2A-8E22-3159752F55D8,instantaneous,"{""theta"": 1.0}",180,60,120,0.0,1.0,0,120,60,120,0,0.0,0,180.0,180.0,0.0,0.0,120,1.0,
9759096F-1119-4E19-A0AD-6F16989C7E1C,9759096F_tsts5,7D9BB102-A612-4E2A-8E22-3159752F55D8,moving_average,"{""theta"": 1.0, ""w"": 3}",180,60,120,0.0,1.0,0,120,60,120,0,0.0,0,180.0,180.0,0.0,0.0,120,1.0,
9759096F-1119-4E19-A0AD-6F16989C7E1C,9759096F_tsts5,7D9BB102-A612-4E2A-8E22-3159752F55D8,ewma,"{""theta"": 1.0, ""alpha"": 0.1}",180,60,120,0.0,1.0,0,120,60,120,0,0.0,0,180.0,180.0,0.0,0.0,120,1.0,
9759096F-1119-4E19-A0AD-6F16989C7E1C,9759096F_tsts5,7D9BB102-A612-4E2A-8E22-3159752F55D8,majority_vote,"{""theta"": 1.0, ""w"": 3, ""k"": 2}",180,60,120,0.0,1.0,0,120,60,120,0,0.0,0,180.0,180.0,0.0,0.0,120,1.0,
9759096F-1119-4E19-A0AD-6F16989C7E1C,9759096F_tsts5,7D9BB102-A612-4E2A-8E22-3159752F55D8,debounce,"{""theta"": 1.0, ""n"": 2}",180,60,120,0.0,0.9916666666666667,0,119,60,120,1,0.5586592178770949,0,90.0,90.0,0.005555555555555556,0.0,119,0.9916666666666667,
9759096F-1119-4E19-A0AD-6F16989C7E1C,9759096F_tsts5,7D9BB102-A612-4E2A-8E22-3159752F55D8,margin_dual_threshold,"{""theta"": 0.9837154294032023, ""margin"": 0.05}",180,60,120,1.0,0.5,60,60,60,120,1,0.5586592178770949,0,90.0,90.0,0.6666666666666666,,60,0.5,
9759096F-1119-4E19-A0AD-6F16989C7E1C,9759096F_tsts5,7D9BB102-A612-4E2A-8E22-3159752F55D8,hysteresis,"{""theta"": 0.9837154294032023, ""margin"": 0.05, ""ttt_frames"": 2}",180,60,120,1.0,0.43333333333333335,60,52,60,120,1,0.5586592178770949,0,90.0,90.0,0.7111111111111111,,52,0.43333333333333335,0.0
9759096F-1119-4E19-A0AD-6F16989C7E1C,9759096F_tsts5,7D9BB102-A612-4E2A-8E22-3159752F55D8,trust_model,"{""theta"": 1.0, ""gain"": 0.6, ""decay"": 0.0, ""tau_lo"": 0.4, ""tau_hi"": 0.6}",180,60,120,0.016666666666666666,0.5,1,60,60,120,1,0.5586592178770949,0,90.0,90.0,0.3388888888888889,1.0,60,0.5,
9759096F-1119-4E19-A0AD-6F16989C7E1C,9759096F_tsts5,7D9BB102-A612-4E2A-8E22-3159752F55D8,sprt,"{""A"": 16, ""B"": 1, ""mu_gen"": 0.9837585478833091, ""sd_gen"": 0.021463839857100573, ""mu_imp"": 0.6471446405466602, ""sd_imp"": 0.4056132764410349}",180,60,120,1.0,0.14166666666666666,60,17,60,120,4,2.2346368715083798,2,36.0,12.0,0.9055555555555556,,17,0.14166666666666666,19.0
9DC38D04-E82E-4F29-AB52-B476535226F2,9DC38D04_tsts0,0BFC35E2-4817-4865-BFA7-764742302A2D,instantaneous,"{""theta"": 0.9955197951906373}",180,60,120,0.0,0.0,0,0,60,120,2,1.1173184357541899,0,60.0,60.0,0.6666666666666666,0.0,0,0.0,0.0
9DC38D04-E82E-4F29-AB52-B476535226F2,9DC38D04_tsts0,0BFC35E2-4817-4865-BFA7-764742302A2D,moving_average,"{""theta"": 0.9955197951906373, ""w"": 20}",180,60,120,0.0,0.2,0,24,60,120,4,2.2346368715083798,0,36.0,41.0,0.5333333333333333,0.0,24,0.2,19.0
9DC38D04-E82E-4F29-AB52-B476535226F2,9DC38D04_tsts0,0BFC35E2-4817-4865-BFA7-764742302A2D,ewma,"{""theta"": 0.9955197951906373, ""alpha"": 0.1}",180,60,120,0.0,0.5,0,60,60,120,1,0.5586592178770949,0,90.0,90.0,0.3333333333333333,0.0,60,0.5,
9DC38D04-E82E-4F29-AB52-B476535226F2,9DC38D04_tsts0,0BFC35E2-4817-4865-BFA7-764742302A2D,majority_vote,"{""theta"": 0.9955197951906373, ""w"": 5, ""k"": 4}",180,60,120,0.016666666666666666,0.025,1,3,60,120,2,1.1173184357541899,0,60.0,61.0,0.6555555555555556,1.0,3,0.025,3.0
9DC38D04-E82E-4F29-AB52-B476535226F2,9DC38D04_tsts0,0BFC35E2-4817-4865-BFA7-764742302A2D,debounce,"{""theta"": 0.9955197951906373, ""n"": 2}",180,60,120,0.016666666666666666,0.008333333333333333,1,1,60,120,2,1.1173184357541899,0,60.0,60.0,0.6666666666666666,1.0,1,0.008333333333333333,1.0
9DC38D04-E82E-4F29-AB52-B476535226F2,9DC38D04_tsts0,0BFC35E2-4817-4865-BFA7-764742302A2D,margin_dual_threshold,"{""theta"": 0.9955197951906373, ""margin"": 0.05}",180,60,120,0.0,0.5,0,60,60,120,1,0.5586592178770949,0,90.0,90.0,0.3333333333333333,0.0,60,0.5,
9DC38D04-E82E-4F29-AB52-B476535226F2,9DC38D04_tsts0,0BFC35E2-4817-4865-BFA7-764742302A2D,hysteresis,"{""theta"": 0.9955197951906373, ""margin"": 0.05, ""ttt_frames"": 2}",180,60,120,0.016666666666666666,0.5,1,60,60,120,1,0.5586592178770949,0,90.0,90.0,0.3388888888888889,1.0,60,0.5,
9DC38D04-E82E-4F29-AB52-B476535226F2,9DC38D04_tsts0,0BFC35E2-4817-4865-BFA7-764742302A2D,trust_model,"{""theta"": 0.9955197951906373, ""gain"": 0.3, ""decay"": 0.05, ""tau_lo"": 0.4, ""tau_hi"": 0.6}",180,60,120,0.0,0.5,0,60,60,120,1,0.5586592178770949,0,90.0,90.0,0.3333333333333333,0.0,60,0.5,
9DC38D04-E82E-4F29-AB52-B476535226F2,9DC38D04_tsts0,0BFC35E2-4817-4865-BFA7-764742302A2D,sprt,"{""A"": 16, ""B"": 2, ""mu_gen"": 0.9955306845773266, ""sd_gen"": 0.001, ""mu_imp"": 0.651033825038351, ""sd_imp"": 0.3701260498063875}",180,60,120,0.0,0.016666666666666666,0,2,60,120,2,1.1173184357541899,0,60.0,60.0,0.6555555555555556,0.0,2,0.016666666666666666,2.0
9DC38D04-E82E-4F29-AB52-B476535226F2,9DC38D04_tsts1,098A72A5-E3E5-4F54-A152-BBDA0DF7B694,instantaneous,"{""theta"": 0.9955197951906373}",180,60,120,1.0,0.0,60,0,60,120,0,0.0,0,180.0,180.0,1.0,,0,0.0,0.0
9DC38D04-E82E-4F29-AB52-B476535226F2,9DC38D04_tsts1,098A72A5-E3E5-4F54-A152-BBDA0DF7B694,moving_average,"{""theta"": 0.9955197951906373, ""w"": 20}",180,60,120,1.0,0.041666666666666664,60,5,60,120,2,1.1173184357541899,0,60.0,10.0,0.9722222222222222,,5,0.041666666666666664,0.0
9DC38D04-E82E-4F29-AB52-B476535226F2,9DC38D04_tsts1,098A72A5-E3E5-4F54-A152-BBDA0DF7B694,ewma,"{""theta"": 0.9955197951906373, ""alpha"": 0.1}",180,60,120,1.0,0.0,60,0,60,120,0,0.0,0,180.0,180.0,1.0,,0,0.0,0.0
9DC38D04-E82E-4F29-AB52-B476535226F2,9DC38D04_tsts1,098A72A5-E3E5-4F54-A152-BBDA0DF7B694,majority_vote,"{""theta"": 0.9955197951906373, ""w"": 5, ""k"": 4}",180,60,120,1.0,0.0,60,0,60,120,0,0.0,0,180.0,180.0,1.0,,0,0.0,0.0
9DC38D04-E82E-4F29-AB52-B476535226F2,9DC38D04_tsts1,098A72A5-E3E5-4F54-A152-BBDA0DF7B694,debounce,"{""theta"": 0.9955197951906373, ""n"": 2}",180,60,120,1.0,0.0,60,0,60,120,0,0.0,0,180.0,180.0,1.0,,0,0.0,0.0
9DC38D04-E82E-4F29-AB52-B476535226F2,9DC38D04_tsts1,098A72A5-E3E5-4F54-A152-BBDA0DF7B694,margin_dual_threshold,"{""theta"": 0.9955197951906373, ""margin"": 0.05}",180,60,120,1.0,0.0,60,0,60,120,0,0.0,0,180.0,180.0,1.0,,0,0.0,0.0
9DC38D04-E82E-4F29-AB52-B476535226F2,9DC38D04_tsts1,098A72A5-E3E5-4F54-A152-BBDA0DF7B694,hysteresis,"{""theta"": 0.9955197951906373, ""margin"": 0.05, ""ttt_frames"": 2}",180,60,120,1.0,0.0,60,0,60,120,0,0.0,0,180.0,180.0,1.0,,0,0.0,0.0
9DC38D04-E82E-4F29-AB52-B476535226F2,9DC38D04_tsts1,098A72A5-E3E5-4F54-A152-BBDA0DF7B694,trust_model,"{""theta"": 0.9955197951906373, ""gain"": 0.3, ""decay"": 0.05, ""tau_lo"": 0.4, ""tau_hi"": 0.6}",180,60,120,1.0,0.0,60,0,60,120,0,0.0,0,180.0,180.0,1.0,,0,0.0,0.0
9DC38D04-E82E-4F29-AB52-B476535226F2,9DC38D04_tsts1,098A72A5-E3E5-4F54-A152-BBDA0DF7B694,sprt,"{""A"": 16, ""B"": 2, ""mu_gen"": 0.9955306845773266, ""sd_gen"": 0.001, ""mu_imp"": 0.651033825038351, ""sd_imp"": 0.3701260498063875}",180,60,120,1.0,0.0,60,0,60,120,0,0.0,0,180.0,180.0,1.0,,0,0.0,0.0
9DC38D04-E82E-4F29-AB52-B476535226F2,9DC38D04_tsts2,61359772-D8D8-480D-B623-7C636EAD0C81,instantaneous,"{""theta"": 0.9955197951906373}",180,60,120,0.0,0.0,0,0,60,120,2,1.1173184357541899,0,60.0,60.0,0.6666666666666666,0.0,0,0.0,0.0
9DC38D04-E82E-4F29-AB52-B476535226F2,9DC38D04_tsts2,61359772-D8D8-480D-B623-7C636EAD0C81,moving_average,"{""theta"": 0.9955197951906373, ""w"": 20}",180,60,120,0.0,0.2,0,24,60,120,4,2.2346368715083798,0,36.0,41.0,0.5333333333333333,0.0,24,0.2,19.0
9DC38D04-E82E-4F29-AB52-B476535226F2,9DC38D04_tsts2,61359772-D8D8-480D-B623-7C636EAD0C81,ewma,"{""theta"": 0.9955197951906373, ""alpha"": 0.1}",180,60,120,0.0,0.5,0,60,60,120,1,0.5586592178770949,0,90.0,90.0,0.3333333333333333,0.0,60,0.5,
9DC38D04-E82E-4F29-AB52-B476535226F2,9DC38D04_tsts2,61359772-D8D8-480D-B623-7C636EAD0C81,majority_vote,"{""theta"": 0.9955197951906373, ""w"": 5, ""k"": 4}",180,60,120,0.016666666666666666,0.025,1,3,60,120,2,1.1173184357541899,0,60.0,61.0,0.6555555555555556,1.0,3,0.025,3.0
9DC38D04-E82E-4F29-AB52-B476535226F2,9DC38D04_tsts2,61359772-D8D8-480D-B623-7C636EAD0C81,debounce,"{""theta"": 0.9955197951906373, ""n"": 2}",180,60,120,0.016666666666666666,0.008333333333333333,1,1,60,120,2,1.1173184357541899,0,60.0,60.0,0.6666666666666666,1.0,1,0.008333333333333333,1.0
9DC38D04-E82E-4F29-AB52-B476535226F2,9DC38D04_tsts2,61359772-D8D8-480D-B623-7C636EAD0C81,margin_dual_threshold,"{""theta"": 0.9955197951906373, ""margin"": 0.05}",180,60,120,0.0,0.5,0,60,60,120,1,0.5586592178770949,0,90.0,90.0,0.3333333333333333,0.0,60,0.5,
9DC38D04-E82E-4F29-AB52-B476535226F2,9DC38D04_tsts2,61359772-D8D8-480D-B623-7C636EAD0C81,hysteresis,"{""theta"": 0.9955197951906373, ""margin"": 0.05, ""ttt_frames"": 2}",180,60,120,0.016666666666666666,0.5,1,60,60,120,1,0.5586592178770949,0,90.0,90.0,0.3388888888888889,1.0,60,0.5,
9DC38D04-E82E-4F29-AB52-B476535226F2,9DC38D04_tsts2,61359772-D8D8-480D-B623-7C636EAD0C81,trust_model,"{""theta"": 0.9955197951906373, ""gain"": 0.3, ""decay"": 0.05, ""tau_lo"": 0.4, ""tau_hi"": 0.6}",180,60,120,0.0,0.5,0,60,60,120,1,0.5586592178770949,0,90.0,90.0,0.3333333333333333,0.0,60,0.5,
9DC38D04-E82E-4F29-AB52-B476535226F2,9DC38D04_tsts2,61359772-D8D8-480D-B623-7C636EAD0C81,sprt,"{""A"": 16, ""B"": 2, ""mu_gen"": 0.9955306845773266, ""sd_gen"": 0.001, ""mu_imp"": 0.651033825038351, ""sd_imp"": 0.3701260498063875}",180,60,120,0.0,0.016666666666666666,0,2,60,120,2,1.1173184357541899,0,60.0,60.0,0.6555555555555556,0.0,2,0.016666666666666666,2.0
9DC38D04-E82E-4F29-AB52-B476535226F2,9DC38D04_tsts4,7D9BB102-A612-4E2A-8E22-3159752F55D8,instantaneous,"{""theta"": 0.9955197951906373}",180,60,120,1.0,0.0,60,0,60,120,0,0.0,0,180.0,180.0,1.0,,0,0.0,0.0
9DC38D04-E82E-4F29-AB52-B476535226F2,9DC38D04_tsts4,7D9BB102-A612-4E2A-8E22-3159752F55D8,moving_average,"{""theta"": 0.9955197951906373, ""w"": 20}",180,60,120,1.0,0.041666666666666664,60,5,60,120,2,1.1173184357541899,0,60.0,10.0,0.9722222222222222,,5,0.041666666666666664,0.0
9DC38D04-E82E-4F29-AB52-B476535226F2,9DC38D04_tsts4,7D9BB102-A612-4E2A-8E22-3159752F55D8,ewma,"{""theta"": 0.9955197951906373, ""alpha"": 0.1}",180,60,120,1.0,0.0,60,0,60,120,0,0.0,0,180.0,180.0,1.0,,0,0.0,0.0
9DC38D04-E82E-4F29-AB52-B476535226F2,9DC38D04_tsts4,7D9BB102-A612-4E2A-8E22-3159752F55D8,majority_vote,"{""theta"": 0.9955197951906373, ""w"": 5, ""k"": 4}",180,60,120,1.0,0.0,60,0,60,120,0,0.0,0,180.0,180.0,1.0,,0,0.0,0.0
9DC38D04-E82E-4F29-AB52-B476535226F2,9DC38D04_tsts4,7D9BB102-A612-4E2A-8E22-3159752F55D8,debounce,"{""theta"": 0.9955197951906373, ""n"": 2}",180,60,120,1.0,0.0,60,0,60,120,0,0.0,0,180.0,180.0,1.0,,0,0.0,0.0
9DC38D04-E82E-4F29-AB52-B476535226F2,9DC38D04_tsts4,7D9BB102-A612-4E2A-8E22-3159752F55D8,margin_dual_threshold,"{""theta"": 0.9955197951906373, ""margin"": 0.05}",180,60,120,1.0,0.0,60,0,60,120,0,0.0,0,180.0,180.0,1.0,,0,0.0,0.0
9DC38D04-E82E-4F29-AB52-B476535226F2,9DC38D04_tsts4,7D9BB102-A612-4E2A-8E22-3159752F55D8,hysteresis,"{""theta"": 0.9955197951906373, ""margin"": 0.05, ""ttt_frames"": 2}",180,60,120,1.0,0.0,60,0,60,120,0,0.0,0,180.0,180.0,1.0,,0,0.0,0.0
9DC38D04-E82E-4F29-AB52-B476535226F2,9DC38D04_tsts4,7D9BB102-A612-4E2A-8E22-3159752F55D8,trust_model,"{""theta"": 0.9955197951906373, ""gain"": 0.3, ""decay"": 0.05, ""tau_lo"": 0.4, ""tau_hi"": 0.6}",180,60,120,1.0,0.0,60,0,60,120,0,0.0,0,180.0,180.0,1.0,,0,0.0,0.0
9DC38D04-E82E-4F29-AB52-B476535226F2,9DC38D04_tsts4,7D9BB102-A612-4E2A-8E22-3159752F55D8,sprt,"{""A"": 16, ""B"": 2, ""mu_gen"": 0.9955306845773266, ""sd_gen"": 0.001, ""mu_imp"": 0.651033825038351, ""sd_imp"": 0.3701260498063875}",180,60,120,1.0,0.0,60,0,60,120,0,0.0,0,180.0,180.0,1.0,,0,0.0,0.0
9DC38D04-E82E-4F29-AB52-B476535226F2,9DC38D04_tsts5,11B5EC4D-4133-4289-B475-4E737182A406,instantaneous,"{""theta"": 0.9955197951906373}",180,60,120,1.0,0.0,60,0,60,120,0,0.0,0,180.0,180.0,1.0,,0,0.0,0.0
9DC38D04-E82E-4F29-AB52-B476535226F2,9DC38D04_tsts5,11B5EC4D-4133-4289-B475-4E737182A406,moving_average,"{""theta"": 0.9955197951906373, ""w"": 20}",180,60,120,1.0,0.041666666666666664,60,5,60,120,2,1.1173184357541899,0,60.0,10.0,0.9722222222222222,,5,0.041666666666666664,0.0
9DC38D04-E82E-4F29-AB52-B476535226F2,9DC38D04_tsts5,11B5EC4D-4133-4289-B475-4E737182A406,ewma,"{""theta"": 0.9955197951906373, ""alpha"": 0.1}",180,60,120,1.0,0.0,60,0,60,120,0,0.0,0,180.0,180.0,1.0,,0,0.0,0.0
9DC38D04-E82E-4F29-AB52-B476535226F2,9DC38D04_tsts5,11B5EC4D-4133-4289-B475-4E737182A406,majority_vote,"{""theta"": 0.9955197951906373, ""w"": 5, ""k"": 4}",180,60,120,1.0,0.0,60,0,60,120,0,0.0,0,180.0,180.0,1.0,,0,0.0,0.0
9DC38D04-E82E-4F29-AB52-B476535226F2,9DC38D04_tsts5,11B5EC4D-4133-4289-B475-4E737182A406,debounce,"{""theta"": 0.9955197951906373, ""n"": 2}",180,60,120,1.0,0.0,60,0,60,120,0,0.0,0,180.0,180.0,1.0,,0,0.0,0.0
9DC38D04-E82E-4F29-AB52-B476535226F2,9DC38D04_tsts5,11B5EC4D-4133-4289-B475-4E737182A406,margin_dual_threshold,"{""theta"": 0.9955197951906373, ""margin"": 0.05}",180,60,120,1.0,0.0,60,0,60,120,0,0.0,0,180.0,180.0,1.0,,0,0.0,0.0
9DC38D04-E82E-4F29-AB52-B476535226F2,9DC38D04_tsts5,11B5EC4D-4133-4289-B475-4E737182A406,hysteresis,"{""theta"": 0.9955197951906373, ""margin"": 0.05, ""ttt_frames"": 2}",180,60,120,1.0,0.0,60,0,60,120,0,0.0,0,180.0,180.0,1.0,,0,0.0,0.0
9DC38D04-E82E-4F29-AB52-B476535226F2,9DC38D04_tsts5,11B5EC4D-4133-4289-B475-4E737182A406,trust_model,"{""theta"": 0.9955197951906373, ""gain"": 0.3, ""decay"": 0.05, ""tau_lo"": 0.4, ""tau_hi"": 0.6}",180,60,120,1.0,0.0,60,0,60,120,0,0.0,0,180.0,180.0,1.0,,0,0.0,0.0
9DC38D04-E82E-4F29-AB52-B476535226F2,9DC38D04_tsts5,11B5EC4D-4133-4289-B475-4E737182A406,sprt,"{""A"": 16, ""B"": 2, ""mu_gen"": 0.9955306845773266, ""sd_gen"": 0.001, ""mu_imp"": 0.651033825038351, ""sd_imp"": 0.3701260498063875}",180,60,120,1.0,0.0,60,0,60,120,0,0.0,0,180.0,180.0,1.0,,0,0.0,0.0
A5CDF89D-02A2-4EC1-89F8-F534FDABDD96,A5CDF89D_tsts0,098A72A5-E3E5-4F54-A152-BBDA0DF7B694,instantaneous,"{""theta"": 1.0}",180,60,120,1.0,0.025,60,3,60,120,4,2.2346368715083798,4,36.0,3.0,0.9833333333333333,,3,0.025,0.0
A5CDF89D-02A2-4EC1-89F8-F534FDABDD96,A5CDF89D_tsts0,098A72A5-E3E5-4F54-A152-BBDA0DF7B694,moving_average,"{""theta"": 1.0, ""w"": 20}",180,60,120,0.9666666666666667,0.19166666666666668,58,23,60,120,2,1.1173184357541899,0,60.0,37.0,0.8611111111111112,,23,0.19166666666666668,0.0
A5CDF89D-02A2-4EC1-89F8-F534FDABDD96,A5CDF89D_tsts0,098A72A5-E3E5-4F54-A152-BBDA0DF7B694,ewma,"{""theta"": 1.0, ""alpha"": 0.1}",180,60,120,0.0,0.6916666666666667,0,83,60,120,1,0.5586592178770949,0,90.0,90.0,0.20555555555555555,0.0,83,0.6916666666666667,
A5CDF89D-02A2-4EC1-89F8-F534FDABDD96,A5CDF89D_tsts0,098A72A5-E3E5-4F54-A152-BBDA0DF7B694,majority_vote,"{""theta"": 1.0, ""w"": 10, ""k"": 8}",180,60,120,1.0,0.041666666666666664,60,5,60,120,2,1.1173184357541899,0,60.0,42.0,0.9722222222222222,,5,0.041666666666666664,0.0
A5CDF89D-02A2-4EC1-89F8-F534FDABDD96,A5CDF89D_tsts0,098A72A5-E3E5-4F54-A152-BBDA0DF7B694,debounce,"{""theta"": 1.0, ""n"": 2}",180,60,120,1.0,0.016666666666666666,60,2,60,120,2,1.1173184357541899,2,60.0,38.0,0.9888888888888889,,2,0.016666666666666666,0.0
A5CDF89D-02A2-4EC1-89F8-F534FDABDD96,A5CDF89D_tsts0,098A72A5-E3E5-4F54-A152-BBDA0DF7B694,margin_dual_threshold,"{""theta"": 1.0, ""margin"": 0.05}",180,60,120,0.0,0.6916666666666667,0,83,60,120,1,0.5586592178770949,0,90.0,90.0,0.20555555555555555,0.0,83,0.6916666666666667,
A5CDF89D-02A2-4EC1-89F8-F534FDABDD96,A5CDF89D_tsts0,098A72A5-E3E5-4F54-A152-BBDA0DF7B694,hysteresis,"{""theta"": 1.0, ""margin"": 0.05, ""ttt_frames"": 2}",180,60,120,0.0,0.6833333333333333,0,82,60,120,1,0.5586592178770949,0,90.0,90.0,0.2111111111111111,0.0,82,0.6833333333333333,
A5CDF89D-02A2-4EC1-89F8-F534FDABDD96,A5CDF89D_tsts0,098A72A5-E3E5-4F54-A152-BBDA0DF7B694,trust_model,"{""theta"": 1.0, ""gain"": 0.3, ""decay"": 0.2, ""tau_lo"": 0.4, ""tau_hi"": 0.6}",180,60,120,0.0,0.6916666666666667,0,83,60,120,1,0.5586592178770949,0,90.0,90.0,0.20555555555555555,0.0,83,0.6916666666666667,
A5CDF89D-02A2-4EC1-89F8-F534FDABDD96,A5CDF89D_tsts0,098A72A5-E3E5-4F54-A152-BBDA0DF7B694,sprt,"{""A"": 16, ""B"": 1, ""mu_gen"": 0.9358164076105886, ""sd_gen"": 0.17455741830590726, ""mu_imp"": 0.6669061302681993, ""sd_imp"": 0.3614819734762081}",180,60,120,1.0,0.0,60,0,60,120,0,0.0,0,180.0,180.0,1.0,,0,0.0,0.0
A5CDF89D-02A2-4EC1-89F8-F534FDABDD96,A5CDF89D_tsts1,ECECC2AB-D32F-4F90-B74C-E12A1C69BBE2,instantaneous,"{""theta"": 1.0}",180,60,120,0.0,0.0,0,0,60,120,2,1.1173184357541899,0,60.0,60.0,0.6666666666666666,0.0,0,0.0,0.0
A5CDF89D-02A2-4EC1-89F8-F534FDABDD96,A5CDF89D_tsts1,ECECC2AB-D32F-4F90-B74C-E12A1C69BBE2,moving_average,"{""theta"": 1.0, ""w"": 20}",180,60,120,0.0,0.15833333333333333,0,19,60,120,2,1.1173184357541899,0,60.0,60.0,0.5611111111111111,0.0,19,0.15833333333333333,19.0
A5CDF89D-02A2-4EC1-89F8-F534FDABDD96,A5CDF89D_tsts1,ECECC2AB-D32F-4F90-B74C-E12A1C69BBE2,ewma,"{""theta"": 1.0, ""alpha"": 0.1}",180,60,120,0.0,0.5,0,60,60,120,1,0.5586592178770949,0,90.0,90.0,0.3333333333333333,0.0,60,0.5,
A5CDF89D-02A2-4EC1-89F8-F534FDABDD96,A5CDF89D_tsts1,ECECC2AB-D32F-4F90-B74C-E12A1C69BBE2,majority_vote,"{""theta"": 1.0, ""w"": 10, ""k"": 8}",180,60,120,0.03333333333333333,0.058333333333333334,2,7,60,120,2,1.1173184357541899,0,60.0,62.0,0.6388888888888888,2.0,7,0.058333333333333334,7.0
A5CDF89D-02A2-4EC1-89F8-F534FDABDD96,A5CDF89D_tsts1,ECECC2AB-D32F-4F90-B74C-E12A1C69BBE2,debounce,"{""theta"": 1.0, ""n"": 2}",180,60,120,0.016666666666666666,0.008333333333333333,1,1,60,120,2,1.1173184357541899,0,60.0,60.0,0.6666666666666666,1.0,1,0.008333333333333333,1.0
A5CDF89D-02A2-4EC1-89F8-F534FDABDD96,A5CDF89D_tsts1,ECECC2AB-D32F-4F90-B74C-E12A1C69BBE2,margin_dual_threshold,"{""theta"": 1.0, ""margin"": 0.05}",180,60,120,0.0,0.5,0,60,60,120,1,0.5586592178770949,0,90.0,90.0,0.3333333333333333,0.0,60,0.5,
A5CDF89D-02A2-4EC1-89F8-F534FDABDD96,A5CDF89D_tsts1,ECECC2AB-D32F-4F90-B74C-E12A1C69BBE2,hysteresis,"{""theta"": 1.0, ""margin"": 0.05, ""ttt_frames"": 2}",180,60,120,0.016666666666666666,0.5,1,60,60,120,1,0.5586592178770949,0,90.0,90.0,0.3388888888888889,1.0,60,0.5,
A5CDF89D-02A2-4EC1-89F8-F534FDABDD96,A5CDF89D_tsts1,ECECC2AB-D32F-4F90-B74C-E12A1C69BBE2,trust_model,"{""theta"": 1.0, ""gain"": 0.3, ""decay"": 0.2, ""tau_lo"": 0.4, ""tau_hi"": 0.6}",180,60,120,0.0,0.5,0,60,60,120,1,0.5586592178770949,0,90.0,90.0,0.3333333333333333,0.0,60,0.5,
A5CDF89D-02A2-4EC1-89F8-F534FDABDD96,A5CDF89D_tsts1,ECECC2AB-D32F-4F90-B74C-E12A1C69BBE2,sprt,"{""A"": 16, ""B"": 1, ""mu_gen"": 0.9358164076105886, ""sd_gen"": 0.17455741830590726, ""mu_imp"": 0.6669061302681993, ""sd_imp"": 0.3614819734762081}",180,60,120,0.0,0.11666666666666667,0,14,60,120,2,1.1173184357541899,0,60.0,60.0,0.5888888888888889,0.0,14,0.11666666666666667,14.0
A5CDF89D-02A2-4EC1-89F8-F534FDABDD96,A5CDF89D_tsts2,11B5EC4D-4133-4289-B475-4E737182A406,instantaneous,"{""theta"": 1.0}",180,60,120,1.0,0.0,60,0,60,120,0,0.0,0,180.0,180.0,1.0,,0,0.0,0.0
A5CDF89D-02A2-4EC1-89F8-F534FDABDD96,A5CDF89D_tsts2,11B5EC4D-4133-4289-B475-4E737182A406,moving_average,"{""theta"": 1.0, ""w"": 20}",180,60,120,1.0,0.0,60,0,60,120,0,0.0,0,180.0,180.0,1.0,,0,0.0,0.0
A5CDF89D-02A2-4EC1-89F8-F534FDABDD96,A5CDF89D_tsts2,11B5EC4D-4133-4289-B475-4E737182A406,ewma,"{""theta"": 1.0, ""alpha"": 0.1}",180,60,120,1.0,0.0,60,0,60,120,0,0.0,0,180.0,180.0,1.0,,0,0.0,0.0
A5CDF89D-02A2-4EC1-89F8-F534FDABDD96,A5CDF89D_tsts2,11B5EC4D-4133-4289-B475-4E737182A406,majority_vote,"{""theta"": 1.0, ""w"": 10, ""k"": 8}",180,60,120,1.0,0.0,60,0,60,120,0,0.0,0,180.0,180.0,1.0,,0,0.0,0.0
A5CDF89D-02A2-4EC1-89F8-F534FDABDD96,A5CDF89D_tsts2,11B5EC4D-4133-4289-B475-4E737182A406,debounce,"{""theta"": 1.0, ""n"": 2}",180,60,120,1.0,0.0,60,0,60,120,0,0.0,0,180.0,180.0,1.0,,0,0.0,0.0
A5CDF89D-02A2-4EC1-89F8-F534FDABDD96,A5CDF89D_tsts2,11B5EC4D-4133-4289-B475-4E737182A406,margin_dual_threshold,"{""theta"": 1.0, ""margin"": 0.05}",180,60,120,1.0,0.0,60,0,60,120,0,0.0,0,180.0,180.0,1.0,,0,0.0,0.0
A5CDF89D-02A2-4EC1-89F8-F534FDABDD96,A5CDF89D_tsts2,11B5EC4D-4133-4289-B475-4E737182A406,hysteresis,"{""theta"": 1.0, ""margin"": 0.05, ""ttt_frames"": 2}",180,60,120,1.0,0.0,60,0,60,120,0,0.0,0,180.0,180.0,1.0,,0,0.0,0.0
A5CDF89D-02A2-4EC1-89F8-F534FDABDD96,A5CDF89D_tsts2,11B5EC4D-4133-4289-B475-4E737182A406,trust_model,"{""theta"": 1.0, ""gain"": 0.3, ""decay"": 0.2, ""tau_lo"": 0.4, ""tau_hi"": 0.6}",180,60,120,1.0,0.0,60,0,60,120,0,0.0,0,180.0,180.0,1.0,,0,0.0,0.0
A5CDF89D-02A2-4EC1-89F8-F534FDABDD96,A5CDF89D_tsts2,11B5EC4D-4133-4289-B475-4E737182A406,sprt,"{""A"": 16, ""B"": 1, ""mu_gen"": 0.9358164076105886, ""sd_gen"": 0.17455741830590726, ""mu_imp"": 0.6669061302681993, ""sd_imp"": 0.3614819734762081}",180,60,120,1.0,0.0,60,0,60,120,0,0.0,0,180.0,180.0,1.0,,0,0.0,0.0
A5CDF89D-02A2-4EC1-89F8-F534FDABDD96,A5CDF89D_tsts3,ECECC2AB-D32F-4F90-B74C-E12A1C69BBE2,instantaneous,"{""theta"": 1.0}",180,60,120,0.0,0.0,0,0,60,120,2,1.1173184357541899,0,60.0,60.0,0.6666666666666666,0.0,0,0.0,0.0
A5CDF89D-02A2-4EC1-89F8-F534FDABDD96,A5CDF89D_tsts3,ECECC2AB-D32F-4F90-B74C-E12A1C69BBE2,moving_average,"{""theta"": 1.0, ""w"": 20}",180,60,120,0.0,0.15833333333333333,0,19,60,120,2,1.1173184357541899,0,60.0,60.0,0.5611111111111111,0.0,19,0.15833333333333333,19.0
A5CDF89D-02A2-4EC1-89F8-F534FDABDD96,A5CDF89D_tsts3,ECECC2AB-D32F-4F90-B74C-E12A1C69BBE2,ewma,"{""theta"": 1.0, ""alpha"": 0.1}",180,60,120,0.0,0.5,0,60,60,120,1,0.5586592178770949,0,90.0,90.0,0.3333333333333333,0.0,60,0.5,
A5CDF89D-02A2-4EC1-89F8-F534FDABDD96,A5CDF89D_tsts3,ECECC2AB-D32F-4F90-B74C-E12A1C69BBE2,majority_vote,"{""theta"": 1.0, ""w"": 10, ""k"": 8}",180,60,120,0.03333333333333333,0.058333333333333334,2,7,60,120,2,1.1173184357541899,0,60.0,62.0,0.6388888888888888,2.0,7,0.058333333333333334,7.0
A5CDF89D-02A2-4EC1-89F8-F534FDABDD96,A5CDF89D_tsts3,ECECC2AB-D32F-4F90-B74C-E12A1C69BBE2,debounce,"{""theta"": 1.0, ""n"": 2}",180,60,120,0.016666666666666666,0.008333333333333333,1,1,60,120,2,1.1173184357541899,0,60.0,60.0,0.6666666666666666,1.0,1,0.008333333333333333,1.0
A5CDF89D-02A2-4EC1-89F8-F534FDABDD96,A5CDF89D_tsts3,ECECC2AB-D32F-4F90-B74C-E12A1C69BBE2,margin_dual_threshold,"{""theta"": 1.0, ""margin"": 0.05}",180,60,120,0.0,0.5,0,60,60,120,1,0.5586592178770949,0,90.0,90.0,0.3333333333333333,0.0,60,0.5,
A5CDF89D-02A2-4EC1-89F8-F534FDABDD96,A5CDF89D_tsts3,ECECC2AB-D32F-4F90-B74C-E12A1C69BBE2,hysteresis,"{""theta"": 1.0, ""margin"": 0.05, ""ttt_frames"": 2}",180,60,120,0.016666666666666666,0.5,1,60,60,120,1,0.5586592178770949,0,90.0,90.0,0.3388888888888889,1.0,60,0.5,
A5CDF89D-02A2-4EC1-89F8-F534FDABDD96,A5CDF89D_tsts3,ECECC2AB-D32F-4F90-B74C-E12A1C69BBE2,trust_model,"{""theta"": 1.0, ""gain"": 0.3, ""decay"": 0.2, ""tau_lo"": 0.4, ""tau_hi"": 0.6}",180,60,120,0.0,0.5,0,60,60,120,1,0.5586592178770949,0,90.0,90.0,0.3333333333333333,0.0,60,0.5,
A5CDF89D-02A2-4EC1-89F8-F534FDABDD96,A5CDF89D_tsts3,ECECC2AB-D32F-4F90-B74C-E12A1C69BBE2,sprt,"{""A"": 16, ""B"": 1, ""mu_gen"": 0.9358164076105886, ""sd_gen"": 0.17455741830590726, ""mu_imp"": 0.6669061302681993, ""sd_imp"": 0.3614819734762081}",180,60,120,0.0,0.11666666666666667,0,14,60,120,2,1.1173184357541899,0,60.0,60.0,0.5888888888888889,0.0,14,0.11666666666666667,14.0
A5CDF89D-02A2-4EC1-89F8-F534FDABDD96,A5CDF89D_tsts4,61359772-D8D8-480D-B623-7C636EAD0C81,instantaneous,"{""theta"": 1.0}",180,60,120,0.0,0.0,0,0,60,120,2,1.1173184357541899,0,60.0,60.0,0.6666666666666666,0.0,0,0.0,0.0
A5CDF89D-02A2-4EC1-89F8-F534FDABDD96,A5CDF89D_tsts4,61359772-D8D8-480D-B623-7C636EAD0C81,moving_average,"{""theta"": 1.0, ""w"": 20}",180,60,120,0.0,0.15833333333333333,0,19,60,120,2,1.1173184357541899,0,60.0,60.0,0.5611111111111111,0.0,19,0.15833333333333333,19.0
A5CDF89D-02A2-4EC1-89F8-F534FDABDD96,A5CDF89D_tsts4,61359772-D8D8-480D-B623-7C636EAD0C81,ewma,"{""theta"": 1.0, ""alpha"": 0.1}",180,60,120,0.0,0.5,0,60,60,120,1,0.5586592178770949,0,90.0,90.0,0.3333333333333333,0.0,60,0.5,
A5CDF89D-02A2-4EC1-89F8-F534FDABDD96,A5CDF89D_tsts4,61359772-D8D8-480D-B623-7C636EAD0C81,majority_vote,"{""theta"": 1.0, ""w"": 10, ""k"": 8}",180,60,120,0.03333333333333333,0.058333333333333334,2,7,60,120,2,1.1173184357541899,0,60.0,62.0,0.6388888888888888,2.0,7,0.058333333333333334,7.0
A5CDF89D-02A2-4EC1-89F8-F534FDABDD96,A5CDF89D_tsts4,61359772-D8D8-480D-B623-7C636EAD0C81,debounce,"{""theta"": 1.0, ""n"": 2}",180,60,120,0.016666666666666666,0.008333333333333333,1,1,60,120,2,1.1173184357541899,0,60.0,60.0,0.6666666666666666,1.0,1,0.008333333333333333,1.0
A5CDF89D-02A2-4EC1-89F8-F534FDABDD96,A5CDF89D_tsts4,61359772-D8D8-480D-B623-7C636EAD0C81,margin_dual_threshold,"{""theta"": 1.0, ""margin"": 0.05}",180,60,120,0.0,0.5,0,60,60,120,1,0.5586592178770949,0,90.0,90.0,0.3333333333333333,0.0,60,0.5,
A5CDF89D-02A2-4EC1-89F8-F534FDABDD96,A5CDF89D_tsts4,61359772-D8D8-480D-B623-7C636EAD0C81,hysteresis,"{""theta"": 1.0, ""margin"": 0.05, ""ttt_frames"": 2}",180,60,120,0.016666666666666666,0.5,1,60,60,120,1,0.5586592178770949,0,90.0,90.0,0.3388888888888889,1.0,60,0.5,
A5CDF89D-02A2-4EC1-89F8-F534FDABDD96,A5CDF89D_tsts4,61359772-D8D8-480D-B623-7C636EAD0C81,trust_model,"{""theta"": 1.0, ""gain"": 0.3, ""decay"": 0.2, ""tau_lo"": 0.4, ""tau_hi"": 0.6}",180,60,120,0.0,0.5,0,60,60,120,1,0.5586592178770949,0,90.0,90.0,0.3333333333333333,0.0,60,0.5,
A5CDF89D-02A2-4EC1-89F8-F534FDABDD96,A5CDF89D_tsts4,61359772-D8D8-480D-B623-7C636EAD0C81,sprt,"{""A"": 16, ""B"": 1, ""mu_gen"": 0.9358164076105886, ""sd_gen"": 0.17455741830590726, ""mu_imp"": 0.6669061302681993, ""sd_imp"": 0.3614819734762081}",180,60,120,0.0,0.11666666666666667,0,14,60,120,2,1.1173184357541899,0,60.0,60.0,0.5888888888888889,0.0,14,0.11666666666666667,14.0
A5CDF89D-02A2-4EC1-89F8-F534FDABDD96,A5CDF89D_tsts5,B9724848-C7E2-45F4-9B3F-A1F38D864495,instantaneous,"{""theta"": 1.0}",180,60,120,1.0,0.0,60,0,60,120,0,0.0,0,180.0,180.0,1.0,,0,0.0,0.0
A5CDF89D-02A2-4EC1-89F8-F534FDABDD96,A5CDF89D_tsts5,B9724848-C7E2-45F4-9B3F-A1F38D864495,moving_average,"{""theta"": 1.0, ""w"": 20}",180,60,120,1.0,0.0,60,0,60,120,0,0.0,0,180.0,180.0,1.0,,0,0.0,0.0
A5CDF89D-02A2-4EC1-89F8-F534FDABDD96,A5CDF89D_tsts5,B9724848-C7E2-45F4-9B3F-A1F38D864495,ewma,"{""theta"": 1.0, ""alpha"": 0.1}",180,60,120,1.0,0.0,60,0,60,120,0,0.0,0,180.0,180.0,1.0,,0,0.0,0.0
A5CDF89D-02A2-4EC1-89F8-F534FDABDD96,A5CDF89D_tsts5,B9724848-C7E2-45F4-9B3F-A1F38D864495,majority_vote,"{""theta"": 1.0, ""w"": 10, ""k"": 8}",180,60,120,1.0,0.0,60,0,60,120,0,0.0,0,180.0,180.0,1.0,,0,0.0,0.0
A5CDF89D-02A2-4EC1-89F8-F534FDABDD96,A5CDF89D_tsts5,B9724848-C7E2-45F4-9B3F-A1F38D864495,debounce,"{""theta"": 1.0, ""n"": 2}",180,60,120,1.0,0.0,60,0,60,120,0,0.0,0,180.0,180.0,1.0,,0,0.0,0.0
A5CDF89D-02A2-4EC1-89F8-F534FDABDD96,A5CDF89D_tsts5,B9724848-C7E2-45F4-9B3F-A1F38D864495,margin_dual_threshold,"{""theta"": 1.0, ""margin"": 0.05}",180,60,120,1.0,0.0,60,0,60,120,0,0.0,0,180.0,180.0,1.0,,0,0.0,0.0
A5CDF89D-02A2-4EC1-89F8-F534FDABDD96,A5CDF89D_tsts5,B9724848-C7E2-45F4-9B3F-A1F38D864495,hysteresis,"{""theta"": 1.0, ""margin"": 0.05, ""ttt_frames"": 2}",180,60,120,1.0,0.0,60,0,60,120,0,0.0,0,180.0,180.0,1.0,,0,0.0,0.0
A5CDF89D-02A2-4EC1-89F8-F534FDABDD96,A5CDF89D_tsts5,B9724848-C7E2-45F4-9B3F-A1F38D864495,trust_model,"{""theta"": 1.0, ""gain"": 0.3, ""decay"": 0.2, ""tau_lo"": 0.4, ""tau_hi"": 0.6}",180,60,120,1.0,0.0,60,0,60,120,0,0.0,0,180.0,180.0,1.0,,0,0.0,0.0
A5CDF89D-02A2-4EC1-89F8-F534FDABDD96,A5CDF89D_tsts5,B9724848-C7E2-45F4-9B3F-A1F38D864495,sprt,"{""A"": 16, ""B"": 1, ""mu_gen"": 0.9358164076105886, ""sd_gen"": 0.17455741830590726, ""mu_imp"": 0.6669061302681993, ""sd_imp"": 0.3614819734762081}",180,60,120,1.0,0.0,60,0,60,120,0,0.0,0,180.0,180.0,1.0,,0,0.0,0.0
A76A5AF5-5A93-4CF2-A16E-62353BB70E8A,A76A5AF5_tsts0,CF722AA9-2533-4E51-9FEB-9EAC84EE9AAC,instantaneous,"{""theta"": 1.0}",180,60,120,1.0,0.0,60,0,60,120,0,0.0,0,180.0,180.0,1.0,,0,0.0,0.0
A76A5AF5-5A93-4CF2-A16E-62353BB70E8A,A76A5AF5_tsts0,CF722AA9-2533-4E51-9FEB-9EAC84EE9AAC,moving_average,"{""theta"": 1.0, ""w"": 20}",180,60,120,1.0,0.0,60,0,60,120,0,0.0,0,180.0,180.0,1.0,,0,0.0,0.0
A76A5AF5-5A93-4CF2-A16E-62353BB70E8A,A76A5AF5_tsts0,CF722AA9-2533-4E51-9FEB-9EAC84EE9AAC,ewma,"{""theta"": 1.0, ""alpha"": 0.1}",180,60,120,1.0,0.0,60,0,60,120,0,0.0,0,180.0,180.0,1.0,,0,0.0,0.0
A76A5AF5-5A93-4CF2-A16E-62353BB70E8A,A76A5AF5_tsts0,CF722AA9-2533-4E51-9FEB-9EAC84EE9AAC,majority_vote,"{""theta"": 1.0, ""w"": 10, ""k"": 8}",180,60,120,1.0,0.0,60,0,60,120,0,0.0,0,180.0,180.0,1.0,,0,0.0,0.0
A76A5AF5-5A93-4CF2-A16E-62353BB70E8A,A76A5AF5_tsts0,CF722AA9-2533-4E51-9FEB-9EAC84EE9AAC,debounce,"{""theta"": 1.0, ""n"": 2}",180,60,120,1.0,0.0,60,0,60,120,0,0.0,0,180.0,180.0,1.0,,0,0.0,0.0
A76A5AF5-5A93-4CF2-A16E-62353BB70E8A,A76A5AF5_tsts0,CF722AA9-2533-4E51-9FEB-9EAC84EE9AAC,margin_dual_threshold,"{""theta"": 1.0, ""margin"": 0.05}",180,60,120,1.0,0.0,60,0,60,120,0,0.0,0,180.0,180.0,1.0,,0,0.0,0.0
A76A5AF5-5A93-4CF2-A16E-62353BB70E8A,A76A5AF5_tsts0,CF722AA9-2533-4E51-9FEB-9EAC84EE9AAC,hysteresis,"{""theta"": 1.0, ""margin"": 0.05, ""ttt_frames"": 2}",180,60,120,1.0,0.0,60,0,60,120,0,0.0,0,180.0,180.0,1.0,,0,0.0,0.0
A76A5AF5-5A93-4CF2-A16E-62353BB70E8A,A76A5AF5_tsts0,CF722AA9-2533-4E51-9FEB-9EAC84EE9AAC,trust_model,"{""theta"": 1.0, ""gain"": 0.6, ""decay"": 0.05, ""tau_lo"": 0.4, ""tau_hi"": 0.6}",180,60,120,1.0,0.0,60,0,60,120,0,0.0,0,180.0,180.0,1.0,,0,0.0,0.0
A76A5AF5-5A93-4CF2-A16E-62353BB70E8A,A76A5AF5_tsts0,CF722AA9-2533-4E51-9FEB-9EAC84EE9AAC,sprt,"{""A"": 16, ""B"": 1, ""mu_gen"": 0.9974663091309132, ""sd_gen"": 0.03762667105147888, ""mu_imp"": 0.6390985312473556, ""sd_imp"": 0.36982209273686173}",180,60,120,1.0,0.0,60,0,60,120,0,0.0,0,180.0,180.0,1.0,,0,0.0,0.0
A76A5AF5-5A93-4CF2-A16E-62353BB70E8A,A76A5AF5_tsts1,ECECC2AB-D32F-4F90-B74C-E12A1C69BBE2,instantaneous,"{""theta"": 1.0}",180,60,120,0.0,0.0,0,0,60,120,2,1.1173184357541899,0,60.0,60.0,0.6666666666666666,0.0,0,0.0,0.0
A76A5AF5-5A93-4CF2-A16E-62353BB70E8A,A76A5AF5_tsts1,ECECC2AB-D32F-4F90-B74C-E12A1C69BBE2,moving_average,"{""theta"": 1.0, ""w"": 20}",180,60,120,0.0,0.15833333333333333,0,19,60,120,2,1.1173184357541899,0,60.0,60.0,0.5611111111111111,0.0,19,0.15833333333333333,19.0
A76A5AF5-5A93-4CF2-A16E-62353BB70E8A,A76A5AF5_tsts1,ECECC2AB-D32F-4F90-B74C-E12A1C69BBE2,ewma,"{""theta"": 1.0, ""alpha"": 0.1}",180,60,120,0.0,0.5,0,60,60,120,1,0.5586592178770949,0,90.0,90.0,0.3333333333333333,0.0,60,0.5,
A76A5AF5-5A93-4CF2-A16E-62353BB70E8A,A76A5AF5_tsts1,ECECC2AB-D32F-4F90-B74C-E12A1C69BBE2,majority_vote,"{""theta"": 1.0, ""w"": 10, ""k"": 8}",180,60,120,0.03333333333333333,0.058333333333333334,2,7,60,120,2,1.1173184357541899,0,60.0,62.0,0.6388888888888888,2.0,7,0.058333333333333334,7.0
A76A5AF5-5A93-4CF2-A16E-62353BB70E8A,A76A5AF5_tsts1,ECECC2AB-D32F-4F90-B74C-E12A1C69BBE2,debounce,"{""theta"": 1.0, ""n"": 2}",180,60,120,0.016666666666666666,0.008333333333333333,1,1,60,120,2,1.1173184357541899,0,60.0,60.0,0.6666666666666666,1.0,1,0.008333333333333333,1.0
A76A5AF5-5A93-4CF2-A16E-62353BB70E8A,A76A5AF5_tsts1,ECECC2AB-D32F-4F90-B74C-E12A1C69BBE2,margin_dual_threshold,"{""theta"": 1.0, ""margin"": 0.05}",180,60,120,0.0,0.5,0,60,60,120,1,0.5586592178770949,0,90.0,90.0,0.3333333333333333,0.0,60,0.5,
A76A5AF5-5A93-4CF2-A16E-62353BB70E8A,A76A5AF5_tsts1,ECECC2AB-D32F-4F90-B74C-E12A1C69BBE2,hysteresis,"{""theta"": 1.0, ""margin"": 0.05, ""ttt_frames"": 2}",180,60,120,0.016666666666666666,0.5,1,60,60,120,1,0.5586592178770949,0,90.0,90.0,0.3388888888888889,1.0,60,0.5,
A76A5AF5-5A93-4CF2-A16E-62353BB70E8A,A76A5AF5_tsts1,ECECC2AB-D32F-4F90-B74C-E12A1C69BBE2,trust_model,"{""theta"": 1.0, ""gain"": 0.6, ""decay"": 0.05, ""tau_lo"": 0.4, ""tau_hi"": 0.6}",180,60,120,0.0,0.5,0,60,60,120,1,0.5586592178770949,0,90.0,90.0,0.3333333333333333,0.0,60,0.5,
A76A5AF5-5A93-4CF2-A16E-62353BB70E8A,A76A5AF5_tsts1,ECECC2AB-D32F-4F90-B74C-E12A1C69BBE2,sprt,"{""A"": 16, ""B"": 1, ""mu_gen"": 0.9974663091309132, ""sd_gen"": 0.03762667105147888, ""mu_imp"": 0.6390985312473556, ""sd_imp"": 0.36982209273686173}",180,60,120,0.0,0.041666666666666664,0,5,60,120,2,1.1173184357541899,0,60.0,60.0,0.6388888888888888,0.0,5,0.041666666666666664,5.0
A76A5AF5-5A93-4CF2-A16E-62353BB70E8A,A76A5AF5_tsts2,FDAA70A1-42A3-4E3F-9AE3-3FDA412E03BF,instantaneous,"{""theta"": 1.0}",180,60,120,1.0,0.0,60,0,60,120,0,0.0,0,180.0,180.0,1.0,,0,0.0,0.0
A76A5AF5-5A93-4CF2-A16E-62353BB70E8A,A76A5AF5_tsts2,FDAA70A1-42A3-4E3F-9AE3-3FDA412E03BF,moving_average,"{""theta"": 1.0, ""w"": 20}",180,60,120,1.0,0.0,60,0,60,120,0,0.0,0,180.0,180.0,1.0,,0,0.0,0.0
A76A5AF5-5A93-4CF2-A16E-62353BB70E8A,A76A5AF5_tsts2,FDAA70A1-42A3-4E3F-9AE3-3FDA412E03BF,ewma,"{""theta"": 1.0, ""alpha"": 0.1}",180,60,120,1.0,0.0,60,0,60,120,0,0.0,0,180.0,180.0,1.0,,0,0.0,0.0
A76A5AF5-5A93-4CF2-A16E-62353BB70E8A,A76A5AF5_tsts2,FDAA70A1-42A3-4E3F-9AE3-3FDA412E03BF,majority_vote,"{""theta"": 1.0, ""w"": 10, ""k"": 8}",180,60,120,1.0,0.0,60,0,60,120,0,0.0,0,180.0,180.0,1.0,,0,0.0,0.0
A76A5AF5-5A93-4CF2-A16E-62353BB70E8A,A76A5AF5_tsts2,FDAA70A1-42A3-4E3F-9AE3-3FDA412E03BF,debounce,"{""theta"": 1.0, ""n"": 2}",180,60,120,1.0,0.0,60,0,60,120,0,0.0,0,180.0,180.0,1.0,,0,0.0,0.0
A76A5AF5-5A93-4CF2-A16E-62353BB70E8A,A76A5AF5_tsts2,FDAA70A1-42A3-4E3F-9AE3-3FDA412E03BF,margin_dual_threshold,"{""theta"": 1.0, ""margin"": 0.05}",180,60,120,1.0,0.0,60,0,60,120,0,0.0,0,180.0,180.0,1.0,,0,0.0,0.0
A76A5AF5-5A93-4CF2-A16E-62353BB70E8A,A76A5AF5_tsts2,FDAA70A1-42A3-4E3F-9AE3-3FDA412E03BF,hysteresis,"{""theta"": 1.0, ""margin"": 0.05, ""ttt_frames"": 2}",180,60,120,1.0,0.0,60,0,60,120,0,0.0,0,180.0,180.0,1.0,,0,0.0,0.0
A76A5AF5-5A93-4CF2-A16E-62353BB70E8A,A76A5AF5_tsts2,FDAA70A1-42A3-4E3F-9AE3-3FDA412E03BF,trust_model,"{""theta"": 1.0, ""gain"": 0.6, ""decay"": 0.05, ""tau_lo"": 0.4, ""tau_hi"": 0.6}",180,60,120,1.0,0.0,60,0,60,120,0,0.0,0,180.0,180.0,1.0,,0,0.0,0.0
A76A5AF5-5A93-4CF2-A16E-62353BB70E8A,A76A5AF5_tsts2,FDAA70A1-42A3-4E3F-9AE3-3FDA412E03BF,sprt,"{""A"": 16, ""B"": 1, ""mu_gen"": 0.9974663091309132, ""sd_gen"": 0.03762667105147888, ""mu_imp"": 0.6390985312473556, ""sd_imp"": 0.36982209273686173}",180,60,120,1.0,0.0,60,0,60,120,0,0.0,0,180.0,180.0,1.0,,0,0.0,0.0
A76A5AF5-5A93-4CF2-A16E-62353BB70E8A,A76A5AF5_tsts3,33A85C34-CFE4-4732-9E73-0A7AC861B27A,instantaneous,"{""theta"": 1.0}",180,60,120,0.0,0.0,0,0,60,120,2,1.1173184357541899,0,60.0,60.0,0.6666666666666666,0.0,0,0.0,0.0
A76A5AF5-5A93-4CF2-A16E-62353BB70E8A,A76A5AF5_tsts3,33A85C34-CFE4-4732-9E73-0A7AC861B27A,moving_average,"{""theta"": 1.0, ""w"": 20}",180,60,120,0.0,0.15833333333333333,0,19,60,120,2,1.1173184357541899,0,60.0,60.0,0.5611111111111111,0.0,19,0.15833333333333333,19.0
A76A5AF5-5A93-4CF2-A16E-62353BB70E8A,A76A5AF5_tsts3,33A85C34-CFE4-4732-9E73-0A7AC861B27A,ewma,"{""theta"": 1.0, ""alpha"": 0.1}",180,60,120,0.0,0.5,0,60,60,120,1,0.5586592178770949,0,90.0,90.0,0.3333333333333333,0.0,60,0.5,
A76A5AF5-5A93-4CF2-A16E-62353BB70E8A,A76A5AF5_tsts3,33A85C34-CFE4-4732-9E73-0A7AC861B27A,majority_vote,"{""theta"": 1.0, ""w"": 10, ""k"": 8}",180,60,120,0.03333333333333333,0.058333333333333334,2,7,60,120,2,1.1173184357541899,0,60.0,62.0,0.6388888888888888,2.0,7,0.058333333333333334,7.0
A76A5AF5-5A93-4CF2-A16E-62353BB70E8A,A76A5AF5_tsts3,33A85C34-CFE4-4732-9E73-0A7AC861B27A,debounce,"{""theta"": 1.0, ""n"": 2}",180,60,120,0.016666666666666666,0.008333333333333333,1,1,60,120,2,1.1173184357541899,0,60.0,60.0,0.6666666666666666,1.0,1,0.008333333333333333,1.0
A76A5AF5-5A93-4CF2-A16E-62353BB70E8A,A76A5AF5_tsts3,33A85C34-CFE4-4732-9E73-0A7AC861B27A,margin_dual_threshold,"{""theta"": 1.0, ""margin"": 0.05}",180,60,120,0.0,0.5,0,60,60,120,1,0.5586592178770949,0,90.0,90.0,0.3333333333333333,0.0,60,0.5,
A76A5AF5-5A93-4CF2-A16E-62353BB70E8A,A76A5AF5_tsts3,33A85C34-CFE4-4732-9E73-0A7AC861B27A,hysteresis,"{""theta"": 1.0, ""margin"": 0.05, ""ttt_frames"": 2}",180,60,120,0.016666666666666666,0.5,1,60,60,120,1,0.5586592178770949,0,90.0,90.0,0.3388888888888889,1.0,60,0.5,
A76A5AF5-5A93-4CF2-A16E-62353BB70E8A,A76A5AF5_tsts3,33A85C34-CFE4-4732-9E73-0A7AC861B27A,trust_model,"{""theta"": 1.0, ""gain"": 0.6, ""decay"": 0.05, ""tau_lo"": 0.4, ""tau_hi"": 0.6}",180,60,120,0.0,0.5,0,60,60,120,1,0.5586592178770949,0,90.0,90.0,0.3333333333333333,0.0,60,0.5,
A76A5AF5-5A93-4CF2-A16E-62353BB70E8A,A76A5AF5_tsts3,33A85C34-CFE4-4732-9E73-0A7AC861B27A,sprt,"{""A"": 16, ""B"": 1, ""mu_gen"": 0.9974663091309132, ""sd_gen"": 0.03762667105147888, ""mu_imp"": 0.6390985312473556, ""sd_imp"": 0.36982209273686173}",180,60,120,0.0,0.041666666666666664,0,5,60,120,2,1.1173184357541899,0,60.0,60.0,0.6388888888888888,0.0,5,0.041666666666666664,5.0
A76A5AF5-5A93-4CF2-A16E-62353BB70E8A,A76A5AF5_tsts5,806289BC-AD52-4CC1-806C-0CDB14D65EB6,instantaneous,"{""theta"": 1.0}",180,60,120,0.0,0.008333333333333333,0,1,60,120,4,2.2346368715083798,2,36.0,39.0,0.6611111111111111,0.0,1,0.008333333333333333,0.0
A76A5AF5-5A93-4CF2-A16E-62353BB70E8A,A76A5AF5_tsts5,806289BC-AD52-4CC1-806C-0CDB14D65EB6,moving_average,"{""theta"": 1.0, ""w"": 20}",180,60,120,0.0,0.325,0,39,60,120,4,2.2346368715083798,0,36.0,20.0,0.45,0.0,39,0.325,19.0
A76A5AF5-5A93-4CF2-A16E-62353BB70E8A,A76A5AF5_tsts5,806289BC-AD52-4CC1-806C-0CDB14D65EB6,ewma,"{""theta"": 1.0, ""alpha"": 0.1}",180,60,120,0.0,0.8333333333333334,0,100,60,120,1,0.5586592178770949,0,90.0,90.0,0.1111111111111111,0.0,100,0.8333333333333334,
A76A5AF5-5A93-4CF2-A16E-62353BB70E8A,A76A5AF5_tsts5,806289BC-AD52-4CC1-806C-0CDB14D65EB6,majority_vote,"{""theta"": 1.0, ""w"": 10, ""k"": 8}",180,60,120,0.03333333333333333,0.058333333333333334,2,7,60,120,2,1.1173184357541899,0,60.0,62.0,0.6388888888888888,2.0,7,0.058333333333333334,7.0
A76A5AF5-5A93-4CF2-A16E-62353BB70E8A,A76A5AF5_tsts5,806289BC-AD52-4CC1-806C-0CDB14D65EB6,debounce,"{""theta"": 1.0, ""n"": 2}",180,60,120,0.016666666666666666,0.008333333333333333,1,1,60,120,2,1.1173184357541899,0,60.0,60.0,0.6666666666666666,1.0,1,0.008333333333333333,1.0
A76A5AF5-5A93-4CF2-A16E-62353BB70E8A,A76A5AF5_tsts5,806289BC-AD52-4CC1-806C-0CDB14D65EB6,margin_dual_threshold,"{""theta"": 1.0, ""margin"": 0.05}",180,60,120,0.0,0.8333333333333334,0,100,60,120,1,0.5586592178770949,0,90.0,90.0,0.1111111111111111,0.0,100,0.8333333333333334,
A76A5AF5-5A93-4CF2-A16E-62353BB70E8A,A76A5AF5_tsts5,806289BC-AD52-4CC1-806C-0CDB14D65EB6,hysteresis,"{""theta"": 1.0, ""margin"": 0.05, ""ttt_frames"": 2}",180,60,120,0.016666666666666666,0.5,1,60,60,120,1,0.5586592178770949,0,90.0,90.0,0.3388888888888889,1.0,60,0.5,
A76A5AF5-5A93-4CF2-A16E-62353BB70E8A,A76A5AF5_tsts5,806289BC-AD52-4CC1-806C-0CDB14D65EB6,trust_model,"{""theta"": 1.0, ""gain"": 0.6, ""decay"": 0.05, ""tau_lo"": 0.4, ""tau_hi"": 0.6}",180,60,120,0.0,0.8333333333333334,0,100,60,120,1,0.5586592178770949,0,90.0,90.0,0.1111111111111111,0.0,100,0.8333333333333334,
A76A5AF5-5A93-4CF2-A16E-62353BB70E8A,A76A5AF5_tsts5,806289BC-AD52-4CC1-806C-0CDB14D65EB6,sprt,"{""A"": 16, ""B"": 1, ""mu_gen"": 0.9974663091309132, ""sd_gen"": 0.03762667105147888, ""mu_imp"": 0.6390985312473556, ""sd_imp"": 0.36982209273686173}",180,60,120,0.0,0.09166666666666666,0,11,60,120,4,2.2346368715083798,0,36.0,34.0,0.6055555555555555,0.0,11,0.09166666666666666,5.0
B09E373F-8A54-44C8-895B-0039390B859F,B09E373F_tsts0,481F4DD2-7689-43B9-A2AA-C8772227162B,instantaneous,"{""theta"": 0.9996236002634799}",180,60,120,0.0,0.85,0,102,60,120,19,10.614525139664805,19,9.0,1.0,0.1,0.0,102,0.85,
B09E373F-8A54-44C8-895B-0039390B859F,B09E373F_tsts0,481F4DD2-7689-43B9-A2AA-C8772227162B,moving_average,"{""theta"": 0.961324927072551, ""w"": 20}",180,60,120,0.0,0.55,0,66,60,120,1,0.5586592178770949,0,90.0,90.0,0.3,0.0,66,0.55,
B09E373F-8A54-44C8-895B-0039390B859F,B09E373F_tsts0,481F4DD2-7689-43B9-A2AA-C8772227162B,ewma,"{""theta"": 0.9996236002634799, ""alpha"": 0.1}",180,60,120,0.0,0.9833333333333333,0,118,60,120,1,0.5586592178770949,0,90.0,90.0,0.011111111111111112,0.0,118,0.9833333333333333,
B09E373F-8A54-44C8-895B-0039390B859F,B09E373F_tsts0,481F4DD2-7689-43B9-A2AA-C8772227162B,majority_vote,"{""theta"": 0.9996236002634799, ""w"": 10, ""k"": 6}",180,60,120,0.0,0.8416666666666667,0,101,60,120,5,2.793296089385475,5,30.0,1.5,0.10555555555555556,0.0,101,0.8416666666666667,
B09E373F-8A54-44C8-895B-0039390B859F,B09E373F_tsts0,481F4DD2-7689-43B9-A2AA-C8772227162B,debounce,"{""theta"": 0.9996236002634799, ""n"": 5}",180,60,120,0.0,0.8,0,96,60,120,1,0.5586592178770949,0,90.0,90.0,0.13333333333333333,0.0,96,0.8,
B09E373F-8A54-44C8-895B-0039390B859F,B09E373F_tsts0,481F4DD2-7689-43B9-A2AA-C8772227162B,margin_dual_threshold,"{""theta"": 0.9996236002634799, ""margin"": 0.05}",180,60,120,0.0,0.9833333333333333,0,118,60,120,1,0.5586592178770949,0,90.0,90.0,0.011111111111111112,0.0,118,0.9833333333333333,
B09E373F-8A54-44C8-895B-0039390B859F,B09E373F_tsts0,481F4DD2-7689-43B9-A2AA-C8772227162B,hysteresis,"{""theta"": 0.9996236002634799, ""margin"": 0.05, ""ttt_frames"": 10}",180,60,120,0.0,0.6333333333333333,0,76,60,120,1,0.5586592178770949,0,90.0,90.0,0.24444444444444444,0.0,76,0.6333333333333333,
B09E373F-8A54-44C8-895B-0039390B859F,B09E373F_tsts0,481F4DD2-7689-43B9-A2AA-C8772227162B,trust_model,"{""theta"": 0.9996236002634799, ""gain"": 0.3, ""decay"": 0.0, ""tau_lo"": 0.4, ""tau_hi"": 0.6}",180,60,120,0.0,0.5,0,60,60,120,1,0.5586592178770949,0,90.0,90.0,0.3333333333333333,0.0,60,0.5,
B09E373F-8A54-44C8-895B-0039390B859F,B09E373F_tsts0,481F4DD2-7689-43B9-A2AA-C8772227162B,sprt,"{""A"": 16, ""B"": 1, ""mu_gen"": 0.9661972452244285, ""sd_gen"": 0.02195607137203377, ""mu_imp"": 0.603383807492446, ""sd_imp"": 0.3983439304124412}",180,60,120,0.0,0.03333333333333333,0,4,60,120,2,1.1173184357541899,0,60.0,60.0,0.6444444444444445,0.0,4,0.03333333333333333,4.0
B09E373F-8A54-44C8-895B-0039390B859F,B09E373F_tsts1,4E98F91F-4654-42EF-B908-A3389443F2E7,instantaneous,"{""theta"": 0.9996236002634799}",180,60,120,0.0,0.55,0,66,60,120,9,5.027932960893855,6,18.0,4.5,0.3,0.0,66,0.55,14.0
B09E373F-8A54-44C8-895B-0039390B859F,B09E373F_tsts1,4E98F91F-4654-42EF-B908-A3389443F2E7,moving_average,"{""theta"": 0.961324927072551, ""w"": 20}",180,60,120,0.0,0.15833333333333333,0,19,60,120,2,1.1173184357541899,0,60.0,60.0,0.5611111111111111,0.0,19,0.15833333333333333,19.0
B09E373F-8A54-44C8-895B-0039390B859F,B09E373F_tsts1,4E98F91F-4654-42EF-B908-A3389443F2E7,ewma,"{""theta"": 0.9996236002634799, ""alpha"": 0.1}",180,60,120,0.0,1.0,0,120,60,120,0,0.0,0,180.0,180.0,0.0,0.0,120,1.0,
B09E373F-8A54-44C8-895B-0039390B859F,B09E373F_tsts1,4E98F91F-4654-42EF-B908-A3389443F2E7,majority_vote,"{""theta"": 0.9996236002634799, ""w"": 10, ""k"": 6}",180,60,120,0.0,0.65,0,78,60,120,3,1.675977653631285,2,45.0,39.5,0.23333333333333334,0.0,78,0.65,19.0
B09E373F-8A54-44C8-895B-0039390B859F,B09E373F_tsts1,4E98F91F-4654-42EF-B908-A3389443F2E7,debounce,"{""theta"": 0.9996236002634799, ""n"": 5}",180,60,120,0.0,0.5166666666666667,0,62,60,120,4,2.2346368715083798,0,36.0,29.0,0.32222222222222224,0.0,62,0.5166666666666667,18.0
B09E373F-8A54-44C8-895B-0039390B859F,B09E373F_tsts1,4E98F91F-4654-42EF-B908-A3389443F2E7,margin_dual_threshold,"{""theta"": 0.9996236002634799, ""margin"": 0.05}",180,60,120,0.0,1.0,0,120,60,120,0,0.0,0,180.0,180.0,0.0,0.0,120,1.0,
B09E373F-8A54-44C8-895B-0039390B859F,B09E373F_tsts1,4E98F91F-4654-42EF-B908-A3389443F2E7,hysteresis,"{""theta"": 0.9996236002634799, ""margin"": 0.05, ""ttt_frames"": 10}",180,60,120,0.0,0.925,0,111,60,120,1,0.5586592178770949,0,90.0,90.0,0.05,0.0,111,0.925,
B09E373F-8A54-44C8-895B-0039390B859F,B09E373F_tsts1,4E98F91F-4654-42EF-B908-A3389443F2E7,trust_model,"{""theta"": 0.9996236002634799, ""gain"": 0.3, ""decay"": 0.0, ""tau_lo"": 0.4, ""tau_hi"": 0.6}",180,60,120,0.0,0.5,0,60,60,120,1,0.5586592178770949,0,90.0,90.0,0.3333333333333333,0.0,60,0.5,
B09E373F-8A54-44C8-895B-0039390B859F,B09E373F_tsts1,4E98F91F-4654-42EF-B908-A3389443F2E7,sprt,"{""A"": 16, ""B"": 1, ""mu_gen"": 0.9661972452244285, ""sd_gen"": 0.02195607137203377, ""mu_imp"": 0.603383807492446, ""sd_imp"": 0.3983439304124412}",180,60,120,0.0,0.03333333333333333,0,4,60,120,2,1.1173184357541899,0,60.0,60.0,0.6444444444444445,0.0,4,0.03333333333333333,4.0
B09E373F-8A54-44C8-895B-0039390B859F,B09E373F_tsts2,806289BC-AD52-4CC1-806C-0CDB14D65EB6,instantaneous,"{""theta"": 0.9996236002634799}",180,60,120,0.0,0.9583333333333334,0,115,60,120,6,3.35195530726257,6,25.714285714285715,8.0,0.027777777777777776,0.0,115,0.9583333333333334,49.0
B09E373F-8A54-44C8-895B-0039390B859F,B09E373F_tsts2,806289BC-AD52-4CC1-806C-0CDB14D65EB6,moving_average,"{""theta"": 0.961324927072551, ""w"": 20}",180,60,120,0.0,0.6083333333333333,0,73,60,120,4,2.2346368715083798,0,36.0,25.0,0.2611111111111111,0.0,73,0.6083333333333333,19.0
B09E373F-8A54-44C8-895B-0039390B859F,B09E373F_tsts2,806289BC-AD52-4CC1-806C-0CDB14D65EB6,ewma,"{""theta"": 0.9996236002634799, ""alpha"": 0.1}",180,60,120,0.0,1.0,0,120,60,120,0,0.0,0,180.0,180.0,0.0,0.0,120,1.0,
B09E373F-8A54-44C8-895B-0039390B859F,B09E373F_tsts2,806289BC-AD52-4CC1-806C-0CDB14D65EB6,majority_vote,"{""theta"": 0.9996236002634799, ""w"": 10, ""k"": 6}",180,60,120,0.0,1.0,0,120,60,120,0,0.0,0,180.0,180.0,0.0,0.0,120,1.0,
B09E373F-8A54-44C8-895B-0039390B859F,B09E373F_tsts2,806289BC-AD52-4CC1-806C-0CDB14D65EB6,debounce,"{""theta"": 0.9996236002634799, ""n"": 5}",180,60,120,0.0,0.9666666666666667,0,116,60,120,1,0.5586592178770949,0,90.0,90.0,0.022222222222222223,0.0,116,0.9666666666666667,
B09E373F-8A54-44C8-895B-0039390B859F,B09E373F_tsts2,806289BC-AD52-4CC1-806C-0CDB14D65EB6,margin_dual_threshold,"{""theta"": 0.9996236002634799, ""margin"": 0.05}",180,60,120,0.0,1.0,0,120,60,120,0,0.0,0,180.0,180.0,0.0,0.0,120,1.0,
B09E373F-8A54-44C8-895B-0039390B859F,B09E373F_tsts2,806289BC-AD52-4CC1-806C-0CDB14D65EB6,hysteresis,"{""theta"": 0.9996236002634799, ""margin"": 0.05, ""ttt_frames"": 10}",180,60,120,0.0,0.925,0,111,60,120,1,0.5586592178770949,0,90.0,90.0,0.05,0.0,111,0.925,
B09E373F-8A54-44C8-895B-0039390B859F,B09E373F_tsts2,806289BC-AD52-4CC1-806C-0CDB14D65EB6,trust_model,"{""theta"": 0.9996236002634799, ""gain"": 0.3, ""decay"": 0.0, ""tau_lo"": 0.4, ""tau_hi"": 0.6}",180,60,120,0.0,0.5583333333333333,0,67,60,120,1,0.5586592178770949,0,90.0,90.0,0.29444444444444445,0.0,67,0.5583333333333333,
B09E373F-8A54-44C8-895B-0039390B859F,B09E373F_tsts2,806289BC-AD52-4CC1-806C-0CDB14D65EB6,sprt,"{""A"": 16, ""B"": 1, ""mu_gen"": 0.9661972452244285, ""sd_gen"": 0.02195607137203377, ""mu_imp"": 0.603383807492446, ""sd_imp"": 0.3983439304124412}",180,60,120,0.0,0.041666666666666664,0,5,60,120,2,1.1173184357541899,0,60.0,60.0,0.6388888888888888,0.0,5,0.041666666666666664,5.0
B09E373F-8A54-44C8-895B-0039390B859F,B09E373F_tsts3,24E40C4C-A349-4F9F-93AB-01D00FB994AF,instantaneous,"{""theta"": 0.9996236002634799}",180,60,120,0.1,0.8666666666666667,6,104,60,120,28,15.64245810055866,27,6.206896551724138,2.0,0.12222222222222222,1.0,104,0.8666666666666667,
B09E373F-8A54-44C8-895B-0039390B859F,B09E373F_tsts3,24E40C4C-A349-4F9F-93AB-01D00FB994AF,moving_average,"{""theta"": 0.961324927072551, ""w"": 20}",180,60,120,0.9833333333333333,0.30833333333333335,59,37,60,120,3,1.675977653631285,2,45.0,49.5,0.7888888888888889,,37,0.30833333333333335,0.0
B09E373F-8A54-44C8-895B-0039390B859F,B09E373F_tsts3,24E40C4C-A349-4F9F-93AB-01D00FB994AF,ewma,"{""theta"": 0.9996236002634799, ""alpha"": 0.1}",180,60,120,0.0,1.0,0,120,60,120,0,0.0,0,180.0,180.0,0.0,0.0,120,1.0,
B09E373F-8A54-44C8-895B-0039390B859F,B09E373F_tsts3,24E40C4C-A349-4F9F-93AB-01D00FB994AF,majority_vote,"{""theta"": 0.9996236002634799, ""w"": 10, ""k"": 6}",180,60,120,0.0,0.975,0,117,60,120,2,1.1173184357541899,2,60.0,15.0,0.016666666666666666,0.0,117,0.975,
B09E373F-8A54-44C8-895B-0039390B859F,B09E373F_tsts3,24E40C4C-A349-4F9F-93AB-01D00FB994AF,debounce,"{""theta"": 0.9996236002634799, ""n"": 5}",180,60,120,0.0,0.9666666666666667,0,116,60,120,1,0.5586592178770949,0,90.0,90.0,0.022222222222222223,0.0,116,0.9666666666666667,
B09E373F-8A54-44C8-895B-0039390B859F,B09E373F_tsts3,24E40C4C-A349-4F9F-93AB-01D00FB994AF,margin_dual_threshold,"{""theta"": 0.9996236002634799, ""margin"": 0.05}",180,60,120,0.0,1.0,0,120,60,120,0,0.0,0,180.0,180.0,0.0,0.0,120,1.0,
B09E373F-8A54-44C8-895B-0039390B859F,B09E373F_tsts3,24E40C4C-A349-4F9F-93AB-01D00FB994AF,hysteresis,"{""theta"": 0.9996236002634799, ""margin"": 0.05, ""ttt_frames"": 10}",180,60,120,0.0,0.6666666666666666,0,80,60,120,1,0.5586592178770949,0,90.0,90.0,0.2222222222222222,0.0,80,0.6666666666666666,
B09E373F-8A54-44C8-895B-0039390B859F,B09E373F_tsts3,24E40C4C-A349-4F9F-93AB-01D00FB994AF,trust_model,"{""theta"": 0.9996236002634799, ""gain"": 0.3, ""decay"": 0.0, ""tau_lo"": 0.4, ""tau_hi"": 0.6}",180,60,120,0.13333333333333333,0.5,8,60,60,120,1,0.5586592178770949,0,90.0,90.0,0.37777777777777777,8.0,60,0.5,
B09E373F-8A54-44C8-895B-0039390B859F,B09E373F_tsts3,24E40C4C-A349-4F9F-93AB-01D00FB994AF,sprt,"{""A"": 16, ""B"": 1, ""mu_gen"": 0.9661972452244285, ""sd_gen"": 0.02195607137203377, ""mu_imp"": 0.603383807492446, ""sd_imp"": 0.3983439304124412}",180,60,120,1.0,0.0,60,0,60,120,0,0.0,0,180.0,180.0,1.0,,0,0.0,0.0
B09E373F-8A54-44C8-895B-0039390B859F,B09E373F_tsts4,ECECC2AB-D32F-4F90-B74C-E12A1C69BBE2,instantaneous,"{""theta"": 0.9996236002634799}",180,60,120,0.0,0.8833333333333333,0,106,60,120,12,6.70391061452514,11,13.846153846153847,3.0,0.07777777777777778,0.0,106,0.8833333333333333,
B09E373F-8A54-44C8-895B-0039390B859F,B09E373F_tsts4,ECECC2AB-D32F-4F90-B74C-E12A1C69BBE2,moving_average,"{""theta"": 0.961324927072551, ""w"": 20}",180,60,120,1.0,0.3416666666666667,60,41,60,120,1,0.5586592178770949,0,90.0,90.0,0.7722222222222223,,41,0.3416666666666667,0.0
B09E373F-8A54-44C8-895B-0039390B859F,B09E373F_tsts4,ECECC2AB-D32F-4F90-B74C-E12A1C69BBE2,ewma,"{""theta"": 0.9996236002634799, ""alpha"": 0.1}",180,60,120,0.0,1.0,0,120,60,120,0,0.0,0,180.0,180.0,0.0,0.0,120,1.0,
B09E373F-8A54-44C8-895B-0039390B859F,B09E373F_tsts4,ECECC2AB-D32F-4F90-B74C-E12A1C69BBE2,majority_vote,"{""theta"": 0.9996236002634799, ""w"": 10, ""k"": 6}",180,60,120,0.0,0.975,0,117,60,120,2,1.1173184357541899,2,60.0,18.0,0.016666666666666666,0.0,117,0.975,
B09E373F-8A54-44C8-895B-0039390B859F,B09E373F_tsts4,ECECC2AB-D32F-4F90-B74C-E12A1C69BBE2,debounce,"{""theta"": 0.9996236002634799, ""n"": 5}",180,60,120,0.0,0.9666666666666667,0,116,60,120,1,0.5586592178770949,0,90.0,90.0,0.022222222222222223,0.0,116,0.9666666666666667,
B09E373F-8A54-44C8-895B-0039390B859F,B09E373F_tsts4,ECECC2AB-D32F-4F90-B74C-E12A1C69BBE2,margin_dual_threshold,"{""theta"": 0.9996236002634799, ""margin"": 0.05}",180,60,120,0.0,1.0,0,120,60,120,0,0.0,0,180.0,180.0,0.0,0.0,120,1.0,
B09E373F-8A54-44C8-895B-0039390B859F,B09E373F_tsts4,ECECC2AB-D32F-4F90-B74C-E12A1C69BBE2,hysteresis,"{""theta"": 0.9996236002634799, ""margin"": 0.05, ""ttt_frames"": 10}",180,60,120,0.0,0.925,0,111,60,120,1,0.5586592178770949,0,90.0,90.0,0.05,0.0,111,0.925,
B09E373F-8A54-44C8-895B-0039390B859F,B09E373F_tsts4,ECECC2AB-D32F-4F90-B74C-E12A1C69BBE2,trust_model,"{""theta"": 0.9996236002634799, ""gain"": 0.3, ""decay"": 0.0, ""tau_lo"": 0.4, ""tau_hi"": 0.6}",180,60,120,0.1,0.5,6,60,60,120,1,0.5586592178770949,0,90.0,90.0,0.36666666666666664,6.0,60,0.5,
B09E373F-8A54-44C8-895B-0039390B859F,B09E373F_tsts4,ECECC2AB-D32F-4F90-B74C-E12A1C69BBE2,sprt,"{""A"": 16, ""B"": 1, ""mu_gen"": 0.9661972452244285, ""sd_gen"": 0.02195607137203377, ""mu_imp"": 0.603383807492446, ""sd_imp"": 0.3983439304124412}",180,60,120,1.0,0.0,60,0,60,120,0,0.0,0,180.0,180.0,1.0,,0,0.0,0.0
B09E373F-8A54-44C8-895B-0039390B859F,B09E373F_tsts5,A5CDF89D-02A2-4EC1-89F8-F534FDABDD96,instantaneous,"{""theta"": 0.9996236002634799}",180,60,120,0.0,0.7166666666666667,0,86,60,120,26,14.525139664804469,24,6.666666666666667,2.0,0.18888888888888888,0.0,86,0.7166666666666667,9.0
B09E373F-8A54-44C8-895B-0039390B859F,B09E373F_tsts5,A5CDF89D-02A2-4EC1-89F8-F534FDABDD96,moving_average,"{""theta"": 0.961324927072551, ""w"": 20}",180,60,120,0.31666666666666665,0.25833333333333336,19,31,60,120,4,2.2346368715083798,0,36.0,30.0,0.6,19.0,31,0.25833333333333336,1.0
B09E373F-8A54-44C8-895B-0039390B859F,B09E373F_tsts5,A5CDF89D-02A2-4EC1-89F8-F534FDABDD96,ewma,"{""theta"": 0.9996236002634799, ""alpha"": 0.1}",180,60,120,0.0,1.0,0,120,60,120,0,0.0,0,180.0,180.0,0.0,0.0,120,1.0,
B09E373F-8A54-44C8-895B-0039390B859F,B09E373F_tsts5,A5CDF89D-02A2-4EC1-89F8-F534FDABDD96,majority_vote,"{""theta"": 0.9996236002634799, ""w"": 10, ""k"": 6}",180,60,120,0.0,0.7333333333333333,0,88,60,120,4,2.2346368715083798,0,36.0,15.0,0.17777777777777778,0.0,88,0.7333333333333333,10.0
B09E373F-8A54-44C8-895B-0039390B859F,B09E373F_tsts5,A5CDF89D-02A2-4EC1-89F8-F534FDABDD96,debounce,"{""theta"": 0.9996236002634799, ""n"": 5}",180,60,120,0.0,0.9166666666666666,0,110,60,120,3,1.675977653631285,0,45.0,5.0,0.05555555555555555,0.0,110,0.9166666666666666,51.0
B09E373F-8A54-44C8-895B-0039390B859F,B09E373F_tsts5,A5CDF89D-02A2-4EC1-89F8-F534FDABDD96,margin_dual_threshold,"{""theta"": 0.9996236002634799, ""margin"": 0.05}",180,60,120,0.0,1.0,0,120,60,120,0,0.0,0,180.0,180.0,0.0,0.0,120,1.0,
B09E373F-8A54-44C8-895B-0039390B859F,B09E373F_tsts5,A5CDF89D-02A2-4EC1-89F8-F534FDABDD96,hysteresis,"{""theta"": 0.9996236002634799, ""margin"": 0.05, ""ttt_frames"": 10}",180,60,120,0.0,0.85,0,102,60,120,1,0.5586592178770949,0,90.0,90.0,0.1,0.0,102,0.85,
B09E373F-8A54-44C8-895B-0039390B859F,B09E373F_tsts5,A5CDF89D-02A2-4EC1-89F8-F534FDABDD96,trust_model,"{""theta"": 0.9996236002634799, ""gain"": 0.3, ""decay"": 0.0, ""tau_lo"": 0.4, ""tau_hi"": 0.6}",180,60,120,0.0,0.5583333333333333,0,67,60,120,1,0.5586592178770949,0,90.0,90.0,0.29444444444444445,0.0,67,0.5583333333333333,
B09E373F-8A54-44C8-895B-0039390B859F,B09E373F_tsts5,A5CDF89D-02A2-4EC1-89F8-F534FDABDD96,sprt,"{""A"": 16, ""B"": 1, ""mu_gen"": 0.9661972452244285, ""sd_gen"": 0.02195607137203377, ""mu_imp"": 0.603383807492446, ""sd_imp"": 0.3983439304124412}",180,60,120,1.0,0.0,60,0,60,120,0,0.0,0,180.0,180.0,1.0,,0,0.0,0.0
B9724848-C7E2-45F4-9B3F-A1F38D864495,B9724848_tsts1,61359772-D8D8-480D-B623-7C636EAD0C81,instantaneous,"{""theta"": 0.9963895486935866}",180,60,120,0.0,0.0,0,0,60,120,2,1.1173184357541899,0,60.0,60.0,0.6666666666666666,0.0,0,0.0,0.0
B9724848-C7E2-45F4-9B3F-A1F38D864495,B9724848_tsts1,61359772-D8D8-480D-B623-7C636EAD0C81,moving_average,"{""theta"": 0.9963895486935866, ""w"": 20}",180,60,120,0.0,0.8583333333333333,0,103,60,120,3,1.675977653631285,2,45.0,8.5,0.09444444444444444,0.0,103,0.8583333333333333,
B9724848-C7E2-45F4-9B3F-A1F38D864495,B9724848_tsts1,61359772-D8D8-480D-B623-7C636EAD0C81,ewma,"{""theta"": 0.9963895486935866, ""alpha"": 0.5}",180,60,120,0.0,0.5,0,60,60,120,1,0.5586592178770949,0,90.0,90.0,0.3333333333333333,0.0,60,0.5,
B9724848-C7E2-45F4-9B3F-A1F38D864495,B9724848_tsts1,61359772-D8D8-480D-B623-7C636EAD0C81,majority_vote,"{""theta"": 0.9963895486935866, ""w"": 5, ""k"": 4}",180,60,120,0.016666666666666666,0.025,1,3,60,120,2,1.1173184357541899,0,60.0,61.0,0.6555555555555556,1.0,3,0.025,3.0
B9724848-C7E2-45F4-9B3F-A1F38D864495,B9724848_tsts1,61359772-D8D8-480D-B623-7C636EAD0C81,debounce,"{""theta"": 0.9963895486935866, ""n"": 2}",180,60,120,0.016666666666666666,0.008333333333333333,1,1,60,120,2,1.1173184357541899,0,60.0,60.0,0.6666666666666666,1.0,1,0.008333333333333333,1.0
B9724848-C7E2-45F4-9B3F-A1F38D864495,B9724848_tsts1,61359772-D8D8-480D-B623-7C636EAD0C81,margin_dual_threshold,"{""theta"": 0.9963895486935866, ""margin"": 0.05}",180,60,120,0.0,0.5,0,60,60,120,1,0.5586592178770949,0,90.0,90.0,0.3333333333333333,0.0,60,0.5,
B9724848-C7E2-45F4-9B3F-A1F38D864495,B9724848_tsts1,61359772-D8D8-480D-B623-7C636EAD0C81,hysteresis,"{""theta"": 0.9963895486935866, ""margin"": 0.05, ""ttt_frames"": 2}",180,60,120,0.016666666666666666,0.5,1,60,60,120,1,0.5586592178770949,0,90.0,90.0,0.3388888888888889,1.0,60,0.5,
B9724848-C7E2-45F4-9B3F-A1F38D864495,B9724848_tsts1,61359772-D8D8-480D-B623-7C636EAD0C81,trust_model,"{""theta"": 0.9963895486935866, ""gain"": 0.3, ""decay"": 0.05, ""tau_lo"": 0.4, ""tau_hi"": 0.6}",180,60,120,0.0,0.5,0,60,60,120,1,0.5586592178770949,0,90.0,90.0,0.3333333333333333,0.0,60,0.5,
B9724848-C7E2-45F4-9B3F-A1F38D864495,B9724848_tsts1,61359772-D8D8-480D-B623-7C636EAD0C81,sprt,"{""A"": 16, ""B"": 1, ""mu_gen"": 0.9964058458696226, ""sd_gen"": 0.001, ""mu_imp"": 0.6715263262074426, ""sd_imp"": 0.3646989544744245}",180,60,120,0.0,0.016666666666666666,0,2,60,120,2,1.1173184357541899,0,60.0,60.0,0.6555555555555556,0.0,2,0.016666666666666666,2.0
B9724848-C7E2-45F4-9B3F-A1F38D864495,B9724848_tsts2,00EABED2-271D-49D8-B599-1D4A09240601,instantaneous,"{""theta"": 0.9963895486935866}",180,60,120,1.0,0.0,60,0,60,120,0,0.0,0,180.0,180.0,1.0,,0,0.0,0.0
B9724848-C7E2-45F4-9B3F-A1F38D864495,B9724848_tsts2,00EABED2-271D-49D8-B599-1D4A09240601,moving_average,"{""theta"": 0.9963895486935866, ""w"": 20}",180,60,120,0.0,0.7,0,84,60,120,2,1.1173184357541899,0,60.0,21.0,0.2,0.0,84,0.7,45.0
B9724848-C7E2-45F4-9B3F-A1F38D864495,B9724848_tsts2,00EABED2-271D-49D8-B599-1D4A09240601,ewma,"{""theta"": 0.9963895486935866, ""alpha"": 0.5}",180,60,120,1.0,0.0,60,0,60,120,0,0.0,0,180.0,180.0,1.0,,0,0.0,0.0
B9724848-C7E2-45F4-9B3F-A1F38D864495,B9724848_tsts2,00EABED2-271D-49D8-B599-1D4A09240601,majority_vote,"{""theta"": 0.9963895486935866, ""w"": 5, ""k"": 4}",180,60,120,1.0,0.0,60,0,60,120,0,0.0,0,180.0,180.0,1.0,,0,0.0,0.0
B9724848-C7E2-45F4-9B3F-A1F38D864495,B9724848_tsts2,00EABED2-271D-49D8-B599-1D4A09240601,debounce,"{""theta"": 0.9963895486935866, ""n"": 2}",180,60,120,1.0,0.0,60,0,60,120,0,0.0,0,180.0,180.0,1.0,,0,0.0,0.0
B9724848-C7E2-45F4-9B3F-A1F38D864495,B9724848_tsts2,00EABED2-271D-49D8-B599-1D4A09240601,margin_dual_threshold,"{""theta"": 0.9963895486935866, ""margin"": 0.05}",180,60,120,1.0,0.0,60,0,60,120,0,0.0,0,180.0,180.0,1.0,,0,0.0,0.0
B9724848-C7E2-45F4-9B3F-A1F38D864495,B9724848_tsts2,00EABED2-271D-49D8-B599-1D4A09240601,hysteresis,"{""theta"": 0.9963895486935866, ""margin"": 0.05, ""ttt_frames"": 2}",180,60,120,1.0,0.0,60,0,60,120,0,0.0,0,180.0,180.0,1.0,,0,0.0,0.0
B9724848-C7E2-45F4-9B3F-A1F38D864495,B9724848_tsts2,00EABED2-271D-49D8-B599-1D4A09240601,trust_model,"{""theta"": 0.9963895486935866, ""gain"": 0.3, ""decay"": 0.05, ""tau_lo"": 0.4, ""tau_hi"": 0.6}",180,60,120,1.0,0.0,60,0,60,120,0,0.0,0,180.0,180.0,1.0,,0,0.0,0.0
B9724848-C7E2-45F4-9B3F-A1F38D864495,B9724848_tsts2,00EABED2-271D-49D8-B599-1D4A09240601,sprt,"{""A"": 16, ""B"": 1, ""mu_gen"": 0.9964058458696226, ""sd_gen"": 0.001, ""mu_imp"": 0.6715263262074426, ""sd_imp"": 0.3646989544744245}",180,60,120,1.0,0.0,60,0,60,120,0,0.0,0,180.0,180.0,1.0,,0,0.0,0.0
B9724848-C7E2-45F4-9B3F-A1F38D864495,B9724848_tsts3,ECECC2AB-D32F-4F90-B74C-E12A1C69BBE2,instantaneous,"{""theta"": 0.9963895486935866}",180,60,120,0.03333333333333333,0.0,2,0,60,120,4,2.2346368715083798,2,36.0,42.0,0.6777777777777778,0.0,0,0.0,0.0
B9724848-C7E2-45F4-9B3F-A1F38D864495,B9724848_tsts3,ECECC2AB-D32F-4F90-B74C-E12A1C69BBE2,moving_average,"{""theta"": 0.9963895486935866, ""w"": 20}",180,60,120,0.0,0.6916666666666667,0,83,60,120,5,2.793296089385475,4,30.0,8.5,0.20555555555555555,0.0,83,0.6916666666666667,
B9724848-C7E2-45F4-9B3F-A1F38D864495,B9724848_tsts3,ECECC2AB-D32F-4F90-B74C-E12A1C69BBE2,ewma,"{""theta"": 0.9963895486935866, ""alpha"": 0.5}",180,60,120,0.0,0.5,0,60,60,120,1,0.5586592178770949,0,90.0,90.0,0.3333333333333333,0.0,60,0.5,
B9724848-C7E2-45F4-9B3F-A1F38D864495,B9724848_tsts3,ECECC2AB-D32F-4F90-B74C-E12A1C69BBE2,majority_vote,"{""theta"": 0.9963895486935866, ""w"": 5, ""k"": 4}",180,60,120,0.016666666666666666,0.025,1,3,60,120,2,1.1173184357541899,0,60.0,61.0,0.6555555555555556,1.0,3,0.025,3.0
B9724848-C7E2-45F4-9B3F-A1F38D864495,B9724848_tsts3,ECECC2AB-D32F-4F90-B74C-E12A1C69BBE2,debounce,"{""theta"": 0.9963895486935866, ""n"": 2}",180,60,120,0.05,0.008333333333333333,3,1,60,120,4,2.2346368715083798,2,36.0,42.0,0.6777777777777778,1.0,1,0.008333333333333333,1.0
B9724848-C7E2-45F4-9B3F-A1F38D864495,B9724848_tsts3,ECECC2AB-D32F-4F90-B74C-E12A1C69BBE2,margin_dual_threshold,"{""theta"": 0.9963895486935866, ""margin"": 0.05}",180,60,120,0.0,0.5,0,60,60,120,1,0.5586592178770949,0,90.0,90.0,0.3333333333333333,0.0,60,0.5,
B9724848-C7E2-45F4-9B3F-A1F38D864495,B9724848_tsts3,ECECC2AB-D32F-4F90-B74C-E12A1C69BBE2,hysteresis,"{""theta"": 0.9963895486935866, ""margin"": 0.05, ""ttt_frames"": 2}",180,60,120,0.016666666666666666,0.5,1,60,60,120,1,0.5586592178770949,0,90.0,90.0,0.3388888888888889,1.0,60,0.5,
B9724848-C7E2-45F4-9B3F-A1F38D864495,B9724848_tsts3,ECECC2AB-D32F-4F90-B74C-E12A1C69BBE2,trust_model,"{""theta"": 0.9963895486935866, ""gain"": 0.3, ""decay"": 0.05, ""tau_lo"": 0.4, ""tau_hi"": 0.6}",180,60,120,0.0,0.5,0,60,60,120,1,0.5586592178770949,0,90.0,90.0,0.3333333333333333,0.0,60,0.5,
B9724848-C7E2-45F4-9B3F-A1F38D864495,B9724848_tsts3,ECECC2AB-D32F-4F90-B74C-E12A1C69BBE2,sprt,"{""A"": 16, ""B"": 1, ""mu_gen"": 0.9964058458696226, ""sd_gen"": 0.001, ""mu_imp"": 0.6715263262074426, ""sd_imp"": 0.3646989544744245}",180,60,120,0.0,0.016666666666666666,0,2,60,120,2,1.1173184357541899,0,60.0,60.0,0.6555555555555556,0.0,2,0.016666666666666666,2.0
B9724848-C7E2-45F4-9B3F-A1F38D864495,B9724848_tsts5,ECECC2AB-D32F-4F90-B74C-E12A1C69BBE2,instantaneous,"{""theta"": 0.9963895486935866}",180,60,120,0.0,0.0,0,0,60,120,2,1.1173184357541899,0,60.0,60.0,0.6666666666666666,0.0,0,0.0,0.0
B9724848-C7E2-45F4-9B3F-A1F38D864495,B9724848_tsts5,ECECC2AB-D32F-4F90-B74C-E12A1C69BBE2,moving_average,"{""theta"": 0.9963895486935866, ""w"": 20}",180,60,120,0.0,0.8583333333333333,0,103,60,120,3,1.675977653631285,2,45.0,8.5,0.09444444444444444,0.0,103,0.8583333333333333,
B9724848-C7E2-45F4-9B3F-A1F38D864495,B9724848_tsts5,ECECC2AB-D32F-4F90-B74C-E12A1C69BBE2,ewma,"{""theta"": 0.9963895486935866, ""alpha"": 0.5}",180,60,120,0.0,0.5,0,60,60,120,1,0.5586592178770949,0,90.0,90.0,0.3333333333333333,0.0,60,0.5,
B9724848-C7E2-45F4-9B3F-A1F38D864495,B9724848_tsts5,ECECC2AB-D32F-4F90-B74C-E12A1C69BBE2,majority_vote,"{""theta"": 0.9963895486935866, ""w"": 5, ""k"": 4}",180,60,120,0.016666666666666666,0.025,1,3,60,120,2,1.1173184357541899,0,60.0,61.0,0.6555555555555556,1.0,3,0.025,3.0
B9724848-C7E2-45F4-9B3F-A1F38D864495,B9724848_tsts5,ECECC2AB-D32F-4F90-B74C-E12A1C69BBE2,debounce,"{""theta"": 0.9963895486935866, ""n"": 2}",180,60,120,0.016666666666666666,0.008333333333333333,1,1,60,120,2,1.1173184357541899,0,60.0,60.0,0.6666666666666666,1.0,1,0.008333333333333333,1.0
B9724848-C7E2-45F4-9B3F-A1F38D864495,B9724848_tsts5,ECECC2AB-D32F-4F90-B74C-E12A1C69BBE2,margin_dual_threshold,"{""theta"": 0.9963895486935866, ""margin"": 0.05}",180,60,120,0.0,0.5,0,60,60,120,1,0.5586592178770949,0,90.0,90.0,0.3333333333333333,0.0,60,0.5,
B9724848-C7E2-45F4-9B3F-A1F38D864495,B9724848_tsts5,ECECC2AB-D32F-4F90-B74C-E12A1C69BBE2,hysteresis,"{""theta"": 0.9963895486935866, ""margin"": 0.05, ""ttt_frames"": 2}",180,60,120,0.016666666666666666,0.5,1,60,60,120,1,0.5586592178770949,0,90.0,90.0,0.3388888888888889,1.0,60,0.5,
B9724848-C7E2-45F4-9B3F-A1F38D864495,B9724848_tsts5,ECECC2AB-D32F-4F90-B74C-E12A1C69BBE2,trust_model,"{""theta"": 0.9963895486935866, ""gain"": 0.3, ""decay"": 0.05, ""tau_lo"": 0.4, ""tau_hi"": 0.6}",180,60,120,0.0,0.5,0,60,60,120,1,0.5586592178770949,0,90.0,90.0,0.3333333333333333,0.0,60,0.5,
B9724848-C7E2-45F4-9B3F-A1F38D864495,B9724848_tsts5,ECECC2AB-D32F-4F90-B74C-E12A1C69BBE2,sprt,"{""A"": 16, ""B"": 1, ""mu_gen"": 0.9964058458696226, ""sd_gen"": 0.001, ""mu_imp"": 0.6715263262074426, ""sd_imp"": 0.3646989544744245}",180,60,120,0.0,0.016666666666666666,0,2,60,120,2,1.1173184357541899,0,60.0,60.0,0.6555555555555556,0.0,2,0.016666666666666666,2.0
BE3CA5A6-A561-4BBD-B7C9-5DF6805400FC,BE3CA5A6_tsts0,61359772-D8D8-480D-B623-7C636EAD0C81,instantaneous,"{""theta"": 1.0}",180,60,120,0.0,0.0,0,0,60,120,2,1.1173184357541899,0,60.0,60.0,0.6666666666666666,0.0,0,0.0,0.0
BE3CA5A6-A561-4BBD-B7C9-5DF6805400FC,BE3CA5A6_tsts0,61359772-D8D8-480D-B623-7C636EAD0C81,moving_average,"{""theta"": 1.0, ""w"": 20}",180,60,120,0.0,0.15833333333333333,0,19,60,120,2,1.1173184357541899,0,60.0,60.0,0.5611111111111111,0.0,19,0.15833333333333333,19.0
BE3CA5A6-A561-4BBD-B7C9-5DF6805400FC,BE3CA5A6_tsts0,61359772-D8D8-480D-B623-7C636EAD0C81,ewma,"{""theta"": 1.0, ""alpha"": 0.1}",180,60,120,0.0,0.5,0,60,60,120,1,0.5586592178770949,0,90.0,90.0,0.3333333333333333,0.0,60,0.5,
BE3CA5A6-A561-4BBD-B7C9-5DF6805400FC,BE3CA5A6_tsts0,61359772-D8D8-480D-B623-7C636EAD0C81,majority_vote,"{""theta"": 1.0, ""w"": 10, ""k"": 8}",180,60,120,0.03333333333333333,0.058333333333333334,2,7,60,120,2,1.1173184357541899,0,60.0,62.0,0.6388888888888888,2.0,7,0.058333333333333334,7.0
BE3CA5A6-A561-4BBD-B7C9-5DF6805400FC,BE3CA5A6_tsts0,61359772-D8D8-480D-B623-7C636EAD0C81,debounce,"{""theta"": 1.0, ""n"": 2}",180,60,120,0.016666666666666666,0.008333333333333333,1,1,60,120,2,1.1173184357541899,0,60.0,60.0,0.6666666666666666,1.0,1,0.008333333333333333,1.0
BE3CA5A6-A561-4BBD-B7C9-5DF6805400FC,BE3CA5A6_tsts0,61359772-D8D8-480D-B623-7C636EAD0C81,margin_dual_threshold,"{""theta"": 1.0, ""margin"": 0.05}",180,60,120,0.0,0.5,0,60,60,120,1,0.5586592178770949,0,90.0,90.0,0.3333333333333333,0.0,60,0.5,
BE3CA5A6-A561-4BBD-B7C9-5DF6805400FC,BE3CA5A6_tsts0,61359772-D8D8-480D-B623-7C636EAD0C81,hysteresis,"{""theta"": 1.0, ""margin"": 0.05, ""ttt_frames"": 2}",180,60,120,0.016666666666666666,0.5,1,60,60,120,1,0.5586592178770949,0,90.0,90.0,0.3388888888888889,1.0,60,0.5,
BE3CA5A6-A561-4BBD-B7C9-5DF6805400FC,BE3CA5A6_tsts0,61359772-D8D8-480D-B623-7C636EAD0C81,trust_model,"{""theta"": 1.0, ""gain"": 0.3, ""decay"": 0.05, ""tau_lo"": 0.4, ""tau_hi"": 0.6}",180,60,120,0.0,0.5,0,60,60,120,1,0.5586592178770949,0,90.0,90.0,0.3333333333333333,0.0,60,0.5,
BE3CA5A6-A561-4BBD-B7C9-5DF6805400FC,BE3CA5A6_tsts0,61359772-D8D8-480D-B623-7C636EAD0C81,sprt,"{""A"": 16, ""B"": 1, ""mu_gen"": 0.9917198149190272, ""sd_gen"": 0.06806508983280724, ""mu_imp"": 0.6564575777944517, ""sd_imp"": 0.39508639524823713}",180,60,120,0.0,0.058333333333333334,0,7,60,120,2,1.1173184357541899,0,60.0,60.0,0.6277777777777778,0.0,7,0.058333333333333334,7.0
BE3CA5A6-A561-4BBD-B7C9-5DF6805400FC,BE3CA5A6_tsts1,0BFC35E2-4817-4865-BFA7-764742302A2D,instantaneous,"{""theta"": 1.0}",180,60,120,0.0,0.0,0,0,60,120,2,1.1173184357541899,0,60.0,60.0,0.6666666666666666,0.0,0,0.0,0.0
BE3CA5A6-A561-4BBD-B7C9-5DF6805400FC,BE3CA5A6_tsts1,0BFC35E2-4817-4865-BFA7-764742302A2D,moving_average,"{""theta"": 1.0, ""w"": 20}",180,60,120,0.0,0.15833333333333333,0,19,60,120,2,1.1173184357541899,0,60.0,60.0,0.5611111111111111,0.0,19,0.15833333333333333,19.0
BE3CA5A6-A561-4BBD-B7C9-5DF6805400FC,BE3CA5A6_tsts1,0BFC35E2-4817-4865-BFA7-764742302A2D,ewma,"{""theta"": 1.0, ""alpha"": 0.1}",180,60,120,0.0,0.5,0,60,60,120,1,0.5586592178770949,0,90.0,90.0,0.3333333333333333,0.0,60,0.5,
BE3CA5A6-A561-4BBD-B7C9-5DF6805400FC,BE3CA5A6_tsts1,0BFC35E2-4817-4865-BFA7-764742302A2D,majority_vote,"{""theta"": 1.0, ""w"": 10, ""k"": 8}",180,60,120,0.03333333333333333,0.058333333333333334,2,7,60,120,2,1.1173184357541899,0,60.0,62.0,0.6388888888888888,2.0,7,0.058333333333333334,7.0
BE3CA5A6-A561-4BBD-B7C9-5DF6805400FC,BE3CA5A6_tsts1,0BFC35E2-4817-4865-BFA7-764742302A2D,debounce,"{""theta"": 1.0, ""n"": 2}",180,60,120,0.016666666666666666,0.008333333333333333,1,1,60,120,2,1.1173184357541899,0,60.0,60.0,0.6666666666666666,1.0,1,0.008333333333333333,1.0
BE3CA5A6-A561-4BBD-B7C9-5DF6805400FC,BE3CA5A6_tsts1,0BFC35E2-4817-4865-BFA7-764742302A2D,margin_dual_threshold,"{""theta"": 1.0, ""margin"": 0.05}",180,60,120,0.0,0.5,0,60,60,120,1,0.5586592178770949,0,90.0,90.0,0.3333333333333333,0.0,60,0.5,
BE3CA5A6-A561-4BBD-B7C9-5DF6805400FC,BE3CA5A6_tsts1,0BFC35E2-4817-4865-BFA7-764742302A2D,hysteresis,"{""theta"": 1.0, ""margin"": 0.05, ""ttt_frames"": 2}",180,60,120,0.016666666666666666,0.5,1,60,60,120,1,0.5586592178770949,0,90.0,90.0,0.3388888888888889,1.0,60,0.5,
BE3CA5A6-A561-4BBD-B7C9-5DF6805400FC,BE3CA5A6_tsts1,0BFC35E2-4817-4865-BFA7-764742302A2D,trust_model,"{""theta"": 1.0, ""gain"": 0.3, ""decay"": 0.05, ""tau_lo"": 0.4, ""tau_hi"": 0.6}",180,60,120,0.0,0.5,0,60,60,120,1,0.5586592178770949,0,90.0,90.0,0.3333333333333333,0.0,60,0.5,
BE3CA5A6-A561-4BBD-B7C9-5DF6805400FC,BE3CA5A6_tsts1,0BFC35E2-4817-4865-BFA7-764742302A2D,sprt,"{""A"": 16, ""B"": 1, ""mu_gen"": 0.9917198149190272, ""sd_gen"": 0.06806508983280724, ""mu_imp"": 0.6564575777944517, ""sd_imp"": 0.39508639524823713}",180,60,120,0.0,0.058333333333333334,0,7,60,120,2,1.1173184357541899,0,60.0,60.0,0.6277777777777778,0.0,7,0.058333333333333334,7.0
BE3CA5A6-A561-4BBD-B7C9-5DF6805400FC,BE3CA5A6_tsts2,806289BC-AD52-4CC1-806C-0CDB14D65EB6,instantaneous,"{""theta"": 1.0}",180,60,120,0.0,0.0,0,0,60,120,2,1.1173184357541899,0,60.0,60.0,0.6666666666666666,0.0,0,0.0,0.0
BE3CA5A6-A561-4BBD-B7C9-5DF6805400FC,BE3CA5A6_tsts2,806289BC-AD52-4CC1-806C-0CDB14D65EB6,moving_average,"{""theta"": 1.0, ""w"": 20}",180,60,120,0.0,0.15833333333333333,0,19,60,120,2,1.1173184357541899,0,60.0,60.0,0.5611111111111111,0.0,19,0.15833333333333333,19.0
BE3CA5A6-A561-4BBD-B7C9-5DF6805400FC,BE3CA5A6_tsts2,806289BC-AD52-4CC1-806C-0CDB14D65EB6,ewma,"{""theta"": 1.0, ""alpha"": 0.1}",180,60,120,0.0,0.5,0,60,60,120,1,0.5586592178770949,0,90.0,90.0,0.3333333333333333,0.0,60,0.5,
BE3CA5A6-A561-4BBD-B7C9-5DF6805400FC,BE3CA5A6_tsts2,806289BC-AD52-4CC1-806C-0CDB14D65EB6,majority_vote,"{""theta"": 1.0, ""w"": 10, ""k"": 8}",180,60,120,0.03333333333333333,0.058333333333333334,2,7,60,120,2,1.1173184357541899,0,60.0,62.0,0.6388888888888888,2.0,7,0.058333333333333334,7.0
BE3CA5A6-A561-4BBD-B7C9-5DF6805400FC,BE3CA5A6_tsts2,806289BC-AD52-4CC1-806C-0CDB14D65EB6,debounce,"{""theta"": 1.0, ""n"": 2}",180,60,120,0.016666666666666666,0.008333333333333333,1,1,60,120,2,1.1173184357541899,0,60.0,60.0,0.6666666666666666,1.0,1,0.008333333333333333,1.0
BE3CA5A6-A561-4BBD-B7C9-5DF6805400FC,BE3CA5A6_tsts2,806289BC-AD52-4CC1-806C-0CDB14D65EB6,margin_dual_threshold,"{""theta"": 1.0, ""margin"": 0.05}",180,60,120,0.0,0.5,0,60,60,120,1,0.5586592178770949,0,90.0,90.0,0.3333333333333333,0.0,60,0.5,
BE3CA5A6-A561-4BBD-B7C9-5DF6805400FC,BE3CA5A6_tsts2,806289BC-AD52-4CC1-806C-0CDB14D65EB6,hysteresis,"{""theta"": 1.0, ""margin"": 0.05, ""ttt_frames"": 2}",180,60,120,0.016666666666666666,0.5,1,60,60,120,1,0.5586592178770949,0,90.0,90.0,0.3388888888888889,1.0,60,0.5,
BE3CA5A6-A561-4BBD-B7C9-5DF6805400FC,BE3CA5A6_tsts2,806289BC-AD52-4CC1-806C-0CDB14D65EB6,trust_model,"{""theta"": 1.0, ""gain"": 0.3, ""decay"": 0.05, ""tau_lo"": 0.4, ""tau_hi"": 0.6}",180,60,120,0.0,0.5,0,60,60,120,1,0.5586592178770949,0,90.0,90.0,0.3333333333333333,0.0,60,0.5,
BE3CA5A6-A561-4BBD-B7C9-5DF6805400FC,BE3CA5A6_tsts2,806289BC-AD52-4CC1-806C-0CDB14D65EB6,sprt,"{""A"": 16, ""B"": 1, ""mu_gen"": 0.9917198149190272, ""sd_gen"": 0.06806508983280724, ""mu_imp"": 0.6564575777944517, ""sd_imp"": 0.39508639524823713}",180,60,120,0.0,0.058333333333333334,0,7,60,120,2,1.1173184357541899,0,60.0,60.0,0.6277777777777778,0.0,7,0.058333333333333334,7.0
BE3CA5A6-A561-4BBD-B7C9-5DF6805400FC,BE3CA5A6_tsts3,33A85C34-CFE4-4732-9E73-0A7AC861B27A,instantaneous,"{""theta"": 1.0}",180,60,120,0.0,0.0,0,0,60,120,2,1.1173184357541899,0,60.0,60.0,0.6666666666666666,0.0,0,0.0,0.0
BE3CA5A6-A561-4BBD-B7C9-5DF6805400FC,BE3CA5A6_tsts3,33A85C34-CFE4-4732-9E73-0A7AC861B27A,moving_average,"{""theta"": 1.0, ""w"": 20}",180,60,120,0.0,0.15833333333333333,0,19,60,120,2,1.1173184357541899,0,60.0,60.0,0.5611111111111111,0.0,19,0.15833333333333333,19.0
BE3CA5A6-A561-4BBD-B7C9-5DF6805400FC,BE3CA5A6_tsts3,33A85C34-CFE4-4732-9E73-0A7AC861B27A,ewma,"{""theta"": 1.0, ""alpha"": 0.1}",180,60,120,0.0,0.5,0,60,60,120,1,0.5586592178770949,0,90.0,90.0,0.3333333333333333,0.0,60,0.5,
BE3CA5A6-A561-4BBD-B7C9-5DF6805400FC,BE3CA5A6_tsts3,33A85C34-CFE4-4732-9E73-0A7AC861B27A,majority_vote,"{""theta"": 1.0, ""w"": 10, ""k"": 8}",180,60,120,0.03333333333333333,0.058333333333333334,2,7,60,120,2,1.1173184357541899,0,60.0,62.0,0.6388888888888888,2.0,7,0.058333333333333334,7.0
BE3CA5A6-A561-4BBD-B7C9-5DF6805400FC,BE3CA5A6_tsts3,33A85C34-CFE4-4732-9E73-0A7AC861B27A,debounce,"{""theta"": 1.0, ""n"": 2}",180,60,120,0.016666666666666666,0.008333333333333333,1,1,60,120,2,1.1173184357541899,0,60.0,60.0,0.6666666666666666,1.0,1,0.008333333333333333,1.0
BE3CA5A6-A561-4BBD-B7C9-5DF6805400FC,BE3CA5A6_tsts3,33A85C34-CFE4-4732-9E73-0A7AC861B27A,margin_dual_threshold,"{""theta"": 1.0, ""margin"": 0.05}",180,60,120,0.0,0.5,0,60,60,120,1,0.5586592178770949,0,90.0,90.0,0.3333333333333333,0.0,60,0.5,
BE3CA5A6-A561-4BBD-B7C9-5DF6805400FC,BE3CA5A6_tsts3,33A85C34-CFE4-4732-9E73-0A7AC861B27A,hysteresis,"{""theta"": 1.0, ""margin"": 0.05, ""ttt_frames"": 2}",180,60,120,0.016666666666666666,0.5,1,60,60,120,1,0.5586592178770949,0,90.0,90.0,0.3388888888888889,1.0,60,0.5,
BE3CA5A6-A561-4BBD-B7C9-5DF6805400FC,BE3CA5A6_tsts3,33A85C34-CFE4-4732-9E73-0A7AC861B27A,trust_model,"{""theta"": 1.0, ""gain"": 0.3, ""decay"": 0.05, ""tau_lo"": 0.4, ""tau_hi"": 0.6}",180,60,120,0.0,0.5,0,60,60,120,1,0.5586592178770949,0,90.0,90.0,0.3333333333333333,0.0,60,0.5,
BE3CA5A6-A561-4BBD-B7C9-5DF6805400FC,BE3CA5A6_tsts3,33A85C34-CFE4-4732-9E73-0A7AC861B27A,sprt,"{""A"": 16, ""B"": 1, ""mu_gen"": 0.9917198149190272, ""sd_gen"": 0.06806508983280724, ""mu_imp"": 0.6564575777944517, ""sd_imp"": 0.39508639524823713}",180,60,120,0.0,0.058333333333333334,0,7,60,120,2,1.1173184357541899,0,60.0,60.0,0.6277777777777778,0.0,7,0.058333333333333334,7.0
BE3CA5A6-A561-4BBD-B7C9-5DF6805400FC,BE3CA5A6_tsts4,FDAA70A1-42A3-4E3F-9AE3-3FDA412E03BF,instantaneous,"{""theta"": 1.0}",180,60,120,1.0,0.0,60,0,60,120,0,0.0,0,180.0,180.0,1.0,,0,0.0,0.0
BE3CA5A6-A561-4BBD-B7C9-5DF6805400FC,BE3CA5A6_tsts4,FDAA70A1-42A3-4E3F-9AE3-3FDA412E03BF,moving_average,"{""theta"": 1.0, ""w"": 20}",180,60,120,1.0,0.0,60,0,60,120,0,0.0,0,180.0,180.0,1.0,,0,0.0,0.0
BE3CA5A6-A561-4BBD-B7C9-5DF6805400FC,BE3CA5A6_tsts4,FDAA70A1-42A3-4E3F-9AE3-3FDA412E03BF,ewma,"{""theta"": 1.0, ""alpha"": 0.1}",180,60,120,1.0,0.0,60,0,60,120,0,0.0,0,180.0,180.0,1.0,,0,0.0,0.0
BE3CA5A6-A561-4BBD-B7C9-5DF6805400FC,BE3CA5A6_tsts4,FDAA70A1-42A3-4E3F-9AE3-3FDA412E03BF,majority_vote,"{""theta"": 1.0, ""w"": 10, ""k"": 8}",180,60,120,1.0,0.0,60,0,60,120,0,0.0,0,180.0,180.0,1.0,,0,0.0,0.0
BE3CA5A6-A561-4BBD-B7C9-5DF6805400FC,BE3CA5A6_tsts4,FDAA70A1-42A3-4E3F-9AE3-3FDA412E03BF,debounce,"{""theta"": 1.0, ""n"": 2}",180,60,120,1.0,0.0,60,0,60,120,0,0.0,0,180.0,180.0,1.0,,0,0.0,0.0
BE3CA5A6-A561-4BBD-B7C9-5DF6805400FC,BE3CA5A6_tsts4,FDAA70A1-42A3-4E3F-9AE3-3FDA412E03BF,margin_dual_threshold,"{""theta"": 1.0, ""margin"": 0.05}",180,60,120,1.0,0.0,60,0,60,120,0,0.0,0,180.0,180.0,1.0,,0,0.0,0.0
BE3CA5A6-A561-4BBD-B7C9-5DF6805400FC,BE3CA5A6_tsts4,FDAA70A1-42A3-4E3F-9AE3-3FDA412E03BF,hysteresis,"{""theta"": 1.0, ""margin"": 0.05, ""ttt_frames"": 2}",180,60,120,1.0,0.0,60,0,60,120,0,0.0,0,180.0,180.0,1.0,,0,0.0,0.0
BE3CA5A6-A561-4BBD-B7C9-5DF6805400FC,BE3CA5A6_tsts4,FDAA70A1-42A3-4E3F-9AE3-3FDA412E03BF,trust_model,"{""theta"": 1.0, ""gain"": 0.3, ""decay"": 0.05, ""tau_lo"": 0.4, ""tau_hi"": 0.6}",180,60,120,1.0,0.0,60,0,60,120,0,0.0,0,180.0,180.0,1.0,,0,0.0,0.0
BE3CA5A6-A561-4BBD-B7C9-5DF6805400FC,BE3CA5A6_tsts4,FDAA70A1-42A3-4E3F-9AE3-3FDA412E03BF,sprt,"{""A"": 16, ""B"": 1, ""mu_gen"": 0.9917198149190272, ""sd_gen"": 0.06806508983280724, ""mu_imp"": 0.6564575777944517, ""sd_imp"": 0.39508639524823713}",180,60,120,1.0,0.0,60,0,60,120,0,0.0,0,180.0,180.0,1.0,,0,0.0,0.0
BE3CA5A6-A561-4BBD-B7C9-5DF6805400FC,BE3CA5A6_tsts5,A7599A50-24AE-46A6-8EA6-2576F1011D81,instantaneous,"{""theta"": 1.0}",180,60,120,0.0,0.0,0,0,60,120,2,1.1173184357541899,0,60.0,60.0,0.6666666666666666,0.0,0,0.0,0.0
BE3CA5A6-A561-4BBD-B7C9-5DF6805400FC,BE3CA5A6_tsts5,A7599A50-24AE-46A6-8EA6-2576F1011D81,moving_average,"{""theta"": 1.0, ""w"": 20}",180,60,120,0.0,0.15833333333333333,0,19,60,120,2,1.1173184357541899,0,60.0,60.0,0.5611111111111111,0.0,19,0.15833333333333333,19.0
BE3CA5A6-A561-4BBD-B7C9-5DF6805400FC,BE3CA5A6_tsts5,A7599A50-24AE-46A6-8EA6-2576F1011D81,ewma,"{""theta"": 1.0, ""alpha"": 0.1}",180,60,120,0.0,0.5,0,60,60,120,1,0.5586592178770949,0,90.0,90.0,0.3333333333333333,0.0,60,0.5,
BE3CA5A6-A561-4BBD-B7C9-5DF6805400FC,BE3CA5A6_tsts5,A7599A50-24AE-46A6-8EA6-2576F1011D81,majority_vote,"{""theta"": 1.0, ""w"": 10, ""k"": 8}",180,60,120,0.03333333333333333,0.058333333333333334,2,7,60,120,2,1.1173184357541899,0,60.0,62.0,0.6388888888888888,2.0,7,0.058333333333333334,7.0
BE3CA5A6-A561-4BBD-B7C9-5DF6805400FC,BE3CA5A6_tsts5,A7599A50-24AE-46A6-8EA6-2576F1011D81,debounce,"{""theta"": 1.0, ""n"": 2}",180,60,120,0.016666666666666666,0.008333333333333333,1,1,60,120,2,1.1173184357541899,0,60.0,60.0,0.6666666666666666,1.0,1,0.008333333333333333,1.0
BE3CA5A6-A561-4BBD-B7C9-5DF6805400FC,BE3CA5A6_tsts5,A7599A50-24AE-46A6-8EA6-2576F1011D81,margin_dual_threshold,"{""theta"": 1.0, ""margin"": 0.05}",180,60,120,0.0,0.5,0,60,60,120,1,0.5586592178770949,0,90.0,90.0,0.3333333333333333,0.0,60,0.5,
BE3CA5A6-A561-4BBD-B7C9-5DF6805400FC,BE3CA5A6_tsts5,A7599A50-24AE-46A6-8EA6-2576F1011D81,hysteresis,"{""theta"": 1.0, ""margin"": 0.05, ""ttt_frames"": 2}",180,60,120,0.016666666666666666,0.5,1,60,60,120,1,0.5586592178770949,0,90.0,90.0,0.3388888888888889,1.0,60,0.5,
BE3CA5A6-A561-4BBD-B7C9-5DF6805400FC,BE3CA5A6_tsts5,A7599A50-24AE-46A6-8EA6-2576F1011D81,trust_model,"{""theta"": 1.0, ""gain"": 0.3, ""decay"": 0.05, ""tau_lo"": 0.4, ""tau_hi"": 0.6}",180,60,120,0.0,0.5,0,60,60,120,1,0.5586592178770949,0,90.0,90.0,0.3333333333333333,0.0,60,0.5,
BE3CA5A6-A561-4BBD-B7C9-5DF6805400FC,BE3CA5A6_tsts5,A7599A50-24AE-46A6-8EA6-2576F1011D81,sprt,"{""A"": 16, ""B"": 1, ""mu_gen"": 0.9917198149190272, ""sd_gen"": 0.06806508983280724, ""mu_imp"": 0.6564575777944517, ""sd_imp"": 0.39508639524823713}",180,60,120,0.0,0.058333333333333334,0,7,60,120,2,1.1173184357541899,0,60.0,60.0,0.6277777777777778,0.0,7,0.058333333333333334,7.0
CA820D43-E5E2-42EF-9798-BE56F776370B,CA820D43_tsts0,098A72A5-E3E5-4F54-A152-BBDA0DF7B694,instantaneous,"{""theta"": 0.9730372720063447}",180,60,120,0.0,0.825,0,99,60,120,20,11.1731843575419,19,8.571428571428571,2.0,0.11666666666666667,0.0,99,0.825,21.0
CA820D43-E5E2-42EF-9798-BE56F776370B,CA820D43_tsts0,098A72A5-E3E5-4F54-A152-BBDA0DF7B694,moving_average,"{""theta"": 0.9912040102146978, ""w"": 3}",180,60,120,0.0,0.95,0,114,60,120,6,3.35195530726257,4,25.714285714285715,6.0,0.03333333333333333,0.0,114,0.95,
CA820D43-E5E2-42EF-9798-BE56F776370B,CA820D43_tsts0,098A72A5-E3E5-4F54-A152-BBDA0DF7B694,ewma,"{""theta"": 0.9730372720063447, ""alpha"": 0.5}",180,60,120,0.0,0.7666666666666667,0,92,60,120,14,7.82122905027933,11,12.0,4.0,0.15555555555555556,0.0,92,0.7666666666666667,15.0
CA820D43-E5E2-42EF-9798-BE56F776370B,CA820D43_tsts0,098A72A5-E3E5-4F54-A152-BBDA0DF7B694,majority_vote,"{""theta"": 0.9730372720063447, ""w"": 3, ""k"": 2}",180,60,120,0.0,0.8416666666666667,0,101,60,120,6,3.35195530726257,3,25.714285714285715,10.0,0.10555555555555556,0.0,101,0.8416666666666667,16.0
CA820D43-E5E2-42EF-9798-BE56F776370B,CA820D43_tsts0,098A72A5-E3E5-4F54-A152-BBDA0DF7B694,debounce,"{""theta"": 0.9730372720063447, ""n"": 2}",180,60,120,0.0,0.825,0,99,60,120,7,3.910614525139665,3,22.5,8.5,0.11666666666666667,0.0,99,0.825,16.0
CA820D43-E5E2-42EF-9798-BE56F776370B,CA820D43_tsts0,098A72A5-E3E5-4F54-A152-BBDA0DF7B694,margin_dual_threshold,"{""theta"": 0.9912040102146978, ""margin"": 0.05}",180,60,120,0.0,1.0,0,120,60,120,0,0.0,0,180.0,180.0,0.0,0.0,120,1.0,
CA820D43-E5E2-42EF-9798-BE56F776370B,CA820D43_tsts0,098A72A5-E3E5-4F54-A152-BBDA0DF7B694,hysteresis,"{""theta"": 0.9912040102146978, ""margin"": 0.05, ""ttt_frames"": 10}",180,60,120,0.0,0.9,0,108,60,120,1,0.5586592178770949,0,90.0,90.0,0.06666666666666667,0.0,108,0.9,
CA820D43-E5E2-42EF-9798-BE56F776370B,CA820D43_tsts0,098A72A5-E3E5-4F54-A152-BBDA0DF7B694,trust_model,"{""theta"": 0.9912040102146978, ""gain"": 0.6, ""decay"": 0.0, ""tau_lo"": 0.4, ""tau_hi"": 0.6}",180,60,120,0.0,0.6166666666666667,0,74,60,120,1,0.5586592178770949,0,90.0,90.0,0.25555555555555554,0.0,74,0.6166666666666667,
CA820D43-E5E2-42EF-9798-BE56F776370B,CA820D43_tsts0,098A72A5-E3E5-4F54-A152-BBDA0DF7B694,sprt,"{""A"": 16, ""B"": 1, ""mu_gen"": 0.9691147590298139, ""sd_gen"": 0.009407342102428924, ""mu_imp"": 0.64192682881974, ""sd_imp"": 0.39594870025215284}",180,60,120,1.0,0.0,60,0,60,120,0,0.0,0,180.0,180.0,1.0,,0,0.0,0.0
CA820D43-E5E2-42EF-9798-BE56F776370B,CA820D43_tsts1,11B5EC4D-4133-4289-B475-4E737182A406,instantaneous,"{""theta"": 0.9730372720063447}",180,60,120,0.0,0.9083333333333333,0,109,60,120,14,7.82122905027933,12,12.0,4.0,0.06111111111111111,0.0,109,0.9083333333333333,16.0
CA820D43-E5E2-42EF-9798-BE56F776370B,CA820D43_tsts1,11B5EC4D-4133-4289-B475-4E737182A406,moving_average,"{""theta"": 0.9912040102146978, ""w"": 3}",180,60,120,0.0,0.9833333333333333,0,118,60,120,2,1.1173184357541899,2,60.0,40.0,0.011111111111111112,0.0,118,0.9833333333333333,
CA820D43-E5E2-42EF-9798-BE56F776370B,CA820D43_tsts1,11B5EC4D-4133-4289-B475-4E737182A406,ewma,"{""theta"": 0.9730372720063447, ""alpha"": 0.5}",180,60,120,0.0,0.8833333333333333,0,106,60,120,14,7.82122905027933,13,12.0,3.0,0.07777777777777778,0.0,106,0.8833333333333333,16.0
CA820D43-E5E2-42EF-9798-BE56F776370B,CA820D43_tsts1,11B5EC4D-4133-4289-B475-4E737182A406,majority_vote,"{""theta"": 0.9730372720063447, ""w"": 3, ""k"": 2}",180,60,120,0.0,0.9416666666666667,0,113,60,120,6,3.35195530726257,4,25.714285714285715,5.0,0.03888888888888889,0.0,113,0.9416666666666667,17.0
CA820D43-E5E2-42EF-9798-BE56F776370B,CA820D43_tsts1,11B5EC4D-4133-4289-B475-4E737182A406,debounce,"{""theta"": 0.9730372720063447, ""n"": 2}",180,60,120,0.0,0.9416666666666667,0,113,60,120,5,2.793296089385475,2,30.0,4.0,0.03888888888888889,0.0,113,0.9416666666666667,17.0
CA820D43-E5E2-42EF-9798-BE56F776370B,CA820D43_tsts1,11B5EC4D-4133-4289-B475-4E737182A406,margin_dual_threshold,"{""theta"": 0.9912040102146978, ""margin"": 0.05}",180,60,120,0.0,1.0,0,120,60,120,0,0.0,0,180.0,180.0,0.0,0.0,120,1.0,
CA820D43-E5E2-42EF-9798-BE56F776370B,CA820D43_tsts1,11B5EC4D-4133-4289-B475-4E737182A406,hysteresis,"{""theta"": 0.9912040102146978, ""margin"": 0.05, ""ttt_frames"": 10}",180,60,120,0.0,0.7916666666666666,0,95,60,120,1,0.5586592178770949,0,90.0,90.0,0.1388888888888889,0.0,95,0.7916666666666666,
CA820D43-E5E2-42EF-9798-BE56F776370B,CA820D43_tsts1,11B5EC4D-4133-4289-B475-4E737182A406,trust_model,"{""theta"": 0.9912040102146978, ""gain"": 0.6, ""decay"": 0.0, ""tau_lo"": 0.4, ""tau_hi"": 0.6}",180,60,120,0.0,0.6583333333333333,0,79,60,120,1,0.5586592178770949,0,90.0,90.0,0.22777777777777777,0.0,79,0.6583333333333333,
CA820D43-E5E2-42EF-9798-BE56F776370B,CA820D43_tsts1,11B5EC4D-4133-4289-B475-4E737182A406,sprt,"{""A"": 16, ""B"": 1, ""mu_gen"": 0.9691147590298139, ""sd_gen"": 0.009407342102428924, ""mu_imp"": 0.64192682881974, ""sd_imp"": 0.39594870025215284}",180,60,120,1.0,0.0,60,0,60,120,0,0.0,0,180.0,180.0,1.0,,0,0.0,0.0
CA820D43-E5E2-42EF-9798-BE56F776370B,CA820D43_tsts2,61976C24-1C50-4355-9C49-AAE44A7D09F6,instantaneous,"{""theta"": 0.9730372720063447}",180,60,120,0.03333333333333333,0.9,2,108,60,120,22,12.29050279329609,22,7.826086956521739,2.0,0.07777777777777778,0.0,108,0.9,
CA820D43-E5E2-42EF-9798-BE56F776370B,CA820D43_tsts2,61976C24-1C50-4355-9C49-AAE44A7D09F6,moving_average,"{""theta"": 0.9912040102146978, ""w"": 3}",180,60,120,0.0,1.0,0,120,60,120,0,0.0,0,180.0,180.0,0.0,0.0,120,1.0,
CA820D43-E5E2-42EF-9798-BE56F776370B,CA820D43_tsts2,61976C24-1C50-4355-9C49-AAE44A7D09F6,ewma,"{""theta"": 0.9730372720063447, ""alpha"": 0.5}",180,60,120,0.03333333333333333,0.8666666666666667,2,104,60,120,20,11.1731843575419,20,8.571428571428571,3.0,0.1,0.0,104,0.8666666666666667,6.0
CA820D43-E5E2-42EF-9798-BE56F776370B,CA820D43_tsts2,61976C24-1C50-4355-9C49-AAE44A7D09F6,majority_vote,"{""theta"": 0.9730372720063447, ""w"": 3, ""k"": 2}",180,60,120,0.0,0.9333333333333333,0,112,60,120,8,4.4692737430167595,8,20.0,3.0,0.044444444444444446,0.0,112,0.9333333333333333,8.0
CA820D43-E5E2-42EF-9798-BE56F776370B,CA820D43_tsts2,61976C24-1C50-4355-9C49-AAE44A7D09F6,debounce,"{""theta"": 0.9730372720063447, ""n"": 2}",180,60,120,0.0,0.9416666666666667,0,113,60,120,7,3.910614525139665,6,22.5,3.0,0.03888888888888889,0.0,113,0.9416666666666667,
CA820D43-E5E2-42EF-9798-BE56F776370B,CA820D43_tsts2,61976C24-1C50-4355-9C49-AAE44A7D09F6,margin_dual_threshold,"{""theta"": 0.9912040102146978, ""margin"": 0.05}",180,60,120,0.0,1.0,0,120,60,120,0,0.0,0,180.0,180.0,0.0,0.0,120,1.0,
CA820D43-E5E2-42EF-9798-BE56F776370B,CA820D43_tsts2,61976C24-1C50-4355-9C49-AAE44A7D09F6,hysteresis,"{""theta"": 0.9912040102146978, ""margin"": 0.05, ""ttt_frames"": 10}",180,60,120,0.0,0.925,0,111,60,120,1,0.5586592178770949,0,90.0,90.0,0.05,0.0,111,0.925,
CA820D43-E5E2-42EF-9798-BE56F776370B,CA820D43_tsts2,61976C24-1C50-4355-9C49-AAE44A7D09F6,trust_model,"{""theta"": 0.9912040102146978, ""gain"": 0.6, ""decay"": 0.0, ""tau_lo"": 0.4, ""tau_hi"": 0.6}",180,60,120,0.0,0.6833333333333333,0,82,60,120,1,0.5586592178770949,0,90.0,90.0,0.2111111111111111,0.0,82,0.6833333333333333,
CA820D43-E5E2-42EF-9798-BE56F776370B,CA820D43_tsts2,61976C24-1C50-4355-9C49-AAE44A7D09F6,sprt,"{""A"": 16, ""B"": 1, ""mu_gen"": 0.9691147590298139, ""sd_gen"": 0.009407342102428924, ""mu_imp"": 0.64192682881974, ""sd_imp"": 0.39594870025215284}",180,60,120,1.0,0.0,60,0,60,120,0,0.0,0,180.0,180.0,1.0,,0,0.0,0.0
CA820D43-E5E2-42EF-9798-BE56F776370B,CA820D43_tsts3,665514DE-49DC-421F-8DCB-145D0B2609AD,instantaneous,"{""theta"": 0.9730372720063447}",180,60,120,0.0,0.825,0,99,60,120,18,10.05586592178771,17,9.473684210526315,3.0,0.11666666666666667,0.0,99,0.825,2.0
CA820D43-E5E2-42EF-9798-BE56F776370B,CA820D43_tsts3,665514DE-49DC-421F-8DCB-145D0B2609AD,moving_average,"{""theta"": 0.9912040102146978, ""w"": 3}",180,60,120,0.0,0.95,0,114,60,120,4,2.2346368715083798,2,36.0,18.0,0.03333333333333333,0.0,114,0.95,23.0
CA820D43-E5E2-42EF-9798-BE56F776370B,CA820D43_tsts3,665514DE-49DC-421F-8DCB-145D0B2609AD,ewma,"{""theta"": 0.9730372720063447, ""alpha"": 0.5}",180,60,120,0.0,0.8166666666666667,0,98,60,120,14,7.82122905027933,13,12.0,3.0,0.12222222222222222,0.0,98,0.8166666666666667,13.0
CA820D43-E5E2-42EF-9798-BE56F776370B,CA820D43_tsts3,665514DE-49DC-421F-8DCB-145D0B2609AD,majority_vote,"{""theta"": 0.9730372720063447, ""w"": 3, ""k"": 2}",180,60,120,0.016666666666666666,0.85,1,102,60,120,10,5.58659217877095,9,16.363636363636363,8.0,0.10555555555555556,1.0,102,0.85,3.0
CA820D43-E5E2-42EF-9798-BE56F776370B,CA820D43_tsts3,665514DE-49DC-421F-8DCB-145D0B2609AD,debounce,"{""theta"": 0.9730372720063447, ""n"": 2}",180,60,120,0.016666666666666666,0.8416666666666667,1,101,60,120,11,6.145251396648045,9,15.0,5.5,0.1111111111111111,1.0,101,0.8416666666666667,3.0
CA820D43-E5E2-42EF-9798-BE56F776370B,CA820D43_tsts3,665514DE-49DC-421F-8DCB-145D0B2609AD,margin_dual_threshold,"{""theta"": 0.9912040102146978, ""margin"": 0.05}",180,60,120,0.0,1.0,0,120,60,120,0,0.0,0,180.0,180.0,0.0,0.0,120,1.0,
CA820D43-E5E2-42EF-9798-BE56F776370B,CA820D43_tsts3,665514DE-49DC-421F-8DCB-145D0B2609AD,hysteresis,"{""theta"": 0.9912040102146978, ""margin"": 0.05, ""ttt_frames"": 10}",180,60,120,0.0,0.925,0,111,60,120,1,0.5586592178770949,0,90.0,90.0,0.05,0.0,111,0.925,
CA820D43-E5E2-42EF-9798-BE56F776370B,CA820D43_tsts3,665514DE-49DC-421F-8DCB-145D0B2609AD,trust_model,"{""theta"": 0.9912040102146978, ""gain"": 0.6, ""decay"": 0.0, ""tau_lo"": 0.4, ""tau_hi"": 0.6}",180,60,120,0.0,0.65,0,78,60,120,1,0.5586592178770949,0,90.0,90.0,0.23333333333333334,0.0,78,0.65,
CA820D43-E5E2-42EF-9798-BE56F776370B,CA820D43_tsts3,665514DE-49DC-421F-8DCB-145D0B2609AD,sprt,"{""A"": 16, ""B"": 1, ""mu_gen"": 0.9691147590298139, ""sd_gen"": 0.009407342102428924, ""mu_imp"": 0.64192682881974, ""sd_imp"": 0.39594870025215284}",180,60,120,0.0,0.041666666666666664,0,5,60,120,2,1.1173184357541899,0,60.0,60.0,0.6388888888888888,0.0,5,0.041666666666666664,5.0
CA820D43-E5E2-42EF-9798-BE56F776370B,CA820D43_tsts4,A5CDF89D-02A2-4EC1-89F8-F534FDABDD96,instantaneous,"{""theta"": 0.9730372720063447}",180,60,120,0.0,0.9416666666666667,0,113,60,120,9,5.027932960893855,8,18.0,6.0,0.03888888888888889,0.0,113,0.9416666666666667,
CA820D43-E5E2-42EF-9798-BE56F776370B,CA820D43_tsts4,A5CDF89D-02A2-4EC1-89F8-F534FDABDD96,moving_average,"{""theta"": 0.9912040102146978, ""w"": 3}",180,60,120,0.0,1.0,0,120,60,120,0,0.0,0,180.0,180.0,0.0,0.0,120,1.0,
CA820D43-E5E2-42EF-9798-BE56F776370B,CA820D43_tsts4,A5CDF89D-02A2-4EC1-89F8-F534FDABDD96,ewma,"{""theta"": 0.9730372720063447, ""alpha"": 0.5}",180,60,120,0.0,0.9333333333333333,0,112,60,120,9,5.027932960893855,8,18.0,6.5,0.044444444444444446,0.0,112,0.9333333333333333,1.0
CA820D43-E5E2-42EF-9798-BE56F776370B,CA820D43_tsts4,A5CDF89D-02A2-4EC1-89F8-F534FDABDD96,majority_vote,"{""theta"": 0.9730372720063447, ""w"": 3, ""k"": 2}",180,60,120,0.0,0.975,0,117,60,120,3,1.675977653631285,2,45.0,28.5,0.016666666666666666,0.0,117,0.975,
CA820D43-E5E2-42EF-9798-BE56F776370B,CA820D43_tsts4,A5CDF89D-02A2-4EC1-89F8-F534FDABDD96,debounce,"{""theta"": 0.9730372720063447, ""n"": 2}",180,60,120,0.0,0.9666666666666667,0,116,60,120,4,2.2346368715083798,2,36.0,2.0,0.022222222222222223,0.0,116,0.9666666666666667,
CA820D43-E5E2-42EF-9798-BE56F776370B,CA820D43_tsts4,A5CDF89D-02A2-4EC1-89F8-F534FDABDD96,margin_dual_threshold,"{""theta"": 0.9912040102146978, ""margin"": 0.05}",180,60,120,0.0,1.0,0,120,60,120,0,0.0,0,180.0,180.0,0.0,0.0,120,1.0,
CA820D43-E5E2-42EF-9798-BE56F776370B,CA820D43_tsts4,A5CDF89D-02A2-4EC1-89F8-F534FDABDD96,hysteresis,"{""theta"": 0.9912040102146978, ""margin"": 0.05, ""ttt_frames"": 10}",180,60,120,0.0,0.925,0,111,60,120,1,0.5586592178770949,0,90.0,90.0,0.05,0.0,111,0.925,
CA820D43-E5E2-42EF-9798-BE56F776370B,CA820D43_tsts4,A5CDF89D-02A2-4EC1-89F8-F534FDABDD96,trust_model,"{""theta"": 0.9912040102146978, ""gain"": 0.6, ""decay"": 0.0, ""tau_lo"": 0.4, ""tau_hi"": 0.6}",180,60,120,0.0,0.6666666666666666,0,80,60,120,1,0.5586592178770949,0,90.0,90.0,0.2222222222222222,0.0,80,0.6666666666666666,
CA820D43-E5E2-42EF-9798-BE56F776370B,CA820D43_tsts4,A5CDF89D-02A2-4EC1-89F8-F534FDABDD96,sprt,"{""A"": 16, ""B"": 1, ""mu_gen"": 0.9691147590298139, ""sd_gen"": 0.009407342102428924, ""mu_imp"": 0.64192682881974, ""sd_imp"": 0.39594870025215284}",180,60,120,1.0,0.0,60,0,60,120,0,0.0,0,180.0,180.0,1.0,,0,0.0,0.0
CA820D43-E5E2-42EF-9798-BE56F776370B,CA820D43_tsts5,33A85C34-CFE4-4732-9E73-0A7AC861B27A,instantaneous,"{""theta"": 0.9730372720063447}",180,60,120,0.0,0.9166666666666666,0,110,60,120,14,7.82122905027933,14,12.0,2.0,0.05555555555555555,0.0,110,0.9166666666666666,
CA820D43-E5E2-42EF-9798-BE56F776370B,CA820D43_tsts5,33A85C34-CFE4-4732-9E73-0A7AC861B27A,moving_average,"{""theta"": 0.9912040102146978, ""w"": 3}",180,60,120,0.0,1.0,0,120,60,120,0,0.0,0,180.0,180.0,0.0,0.0,120,1.0,
CA820D43-E5E2-42EF-9798-BE56F776370B,CA820D43_tsts5,33A85C34-CFE4-4732-9E73-0A7AC861B27A,ewma,"{""theta"": 0.9730372720063447, ""alpha"": 0.5}",180,60,120,0.0,0.8833333333333333,0,106,60,120,10,5.58659217877095,9,16.363636363636363,3.0,0.07777777777777778,0.0,106,0.8833333333333333,
CA820D43-E5E2-42EF-9798-BE56F776370B,CA820D43_tsts5,33A85C34-CFE4-4732-9E73-0A7AC861B27A,majority_vote,"{""theta"": 0.9730372720063447, ""w"": 3, ""k"": 2}",180,60,120,0.0,0.9333333333333333,0,112,60,120,4,2.2346368715083798,3,36.0,5.0,0.044444444444444446,0.0,112,0.9333333333333333,
CA820D43-E5E2-42EF-9798-BE56F776370B,CA820D43_tsts5,33A85C34-CFE4-4732-9E73-0A7AC861B27A,debounce,"{""theta"": 0.9730372720063447, ""n"": 2}",180,60,120,0.0,0.9333333333333333,0,112,60,120,5,2.793296089385475,2,30.0,4.5,0.044444444444444446,0.0,112,0.9333333333333333,
CA820D43-E5E2-42EF-9798-BE56F776370B,CA820D43_tsts5,33A85C34-CFE4-4732-9E73-0A7AC861B27A,margin_dual_threshold,"{""theta"": 0.9912040102146978, ""margin"": 0.05}",180,60,120,0.0,1.0,0,120,60,120,0,0.0,0,180.0,180.0,0.0,0.0,120,1.0,
CA820D43-E5E2-42EF-9798-BE56F776370B,CA820D43_tsts5,33A85C34-CFE4-4732-9E73-0A7AC861B27A,hysteresis,"{""theta"": 0.9912040102146978, ""margin"": 0.05, ""ttt_frames"": 10}",180,60,120,0.0,0.925,0,111,60,120,1,0.5586592178770949,0,90.0,90.0,0.05,0.0,111,0.925,
CA820D43-E5E2-42EF-9798-BE56F776370B,CA820D43_tsts5,33A85C34-CFE4-4732-9E73-0A7AC861B27A,trust_model,"{""theta"": 0.9912040102146978, ""gain"": 0.6, ""decay"": 0.0, ""tau_lo"": 0.4, ""tau_hi"": 0.6}",180,60,120,0.0,0.6166666666666667,0,74,60,120,1,0.5586592178770949,0,90.0,90.0,0.25555555555555554,0.0,74,0.6166666666666667,
CA820D43-E5E2-42EF-9798-BE56F776370B,CA820D43_tsts5,33A85C34-CFE4-4732-9E73-0A7AC861B27A,sprt,"{""A"": 16, ""B"": 1, ""mu_gen"": 0.9691147590298139, ""sd_gen"": 0.009407342102428924, ""mu_imp"": 0.64192682881974, ""sd_imp"": 0.39594870025215284}",180,60,120,0.0,0.03333333333333333,0,4,60,120,2,1.1173184357541899,0,60.0,60.0,0.6444444444444445,0.0,4,0.03333333333333333,4.0
CDA3BBF7-6631-45E8-85BA-EEB416B32A3C,CDA3BBF7_tsts0,11B5EC4D-4133-4289-B475-4E737182A406,instantaneous,"{""theta"": 1.0}",180,60,120,0.0,0.9916666666666667,0,119,60,120,2,1.1173184357541899,2,60.0,43.0,0.005555555555555556,0.0,119,0.9916666666666667,
CDA3BBF7-6631-45E8-85BA-EEB416B32A3C,CDA3BBF7_tsts0,11B5EC4D-4133-4289-B475-4E737182A406,moving_average,"{""theta"": 1.0, ""w"": 3}",180,60,120,0.0,1.0,0,120,60,120,0,0.0,0,180.0,180.0,0.0,0.0,120,1.0,
CDA3BBF7-6631-45E8-85BA-EEB416B32A3C,CDA3BBF7_tsts0,11B5EC4D-4133-4289-B475-4E737182A406,ewma,"{""theta"": 1.0, ""alpha"": 0.1}",180,60,120,0.0,1.0,0,120,60,120,0,0.0,0,180.0,180.0,0.0,0.0,120,1.0,
CDA3BBF7-6631-45E8-85BA-EEB416B32A3C,CDA3BBF7_tsts0,11B5EC4D-4133-4289-B475-4E737182A406,majority_vote,"{""theta"": 1.0, ""w"": 3, ""k"": 2}",180,60,120,0.0,1.0,0,120,60,120,0,0.0,0,180.0,180.0,0.0,0.0,120,1.0,
CDA3BBF7-6631-45E8-85BA-EEB416B32A3C,CDA3BBF7_tsts0,11B5EC4D-4133-4289-B475-4E737182A406,debounce,"{""theta"": 1.0, ""n"": 3}",180,60,120,0.0,0.9833333333333333,0,118,60,120,1,0.5586592178770949,0,90.0,90.0,0.011111111111111112,0.0,118,0.9833333333333333,
CDA3BBF7-6631-45E8-85BA-EEB416B32A3C,CDA3BBF7_tsts0,11B5EC4D-4133-4289-B475-4E737182A406,margin_dual_threshold,"{""theta"": 0.9946719598829921, ""margin"": 0.05}",180,60,120,1.0,0.0,60,0,60,120,0,0.0,0,180.0,180.0,1.0,,0,0.0,0.0
CDA3BBF7-6631-45E8-85BA-EEB416B32A3C,CDA3BBF7_tsts0,11B5EC4D-4133-4289-B475-4E737182A406,hysteresis,"{""theta"": 0.9946719598829921, ""margin"": 0.05, ""ttt_frames"": 2}",180,60,120,1.0,0.0,60,0,60,120,0,0.0,0,180.0,180.0,1.0,,0,0.0,0.0
CDA3BBF7-6631-45E8-85BA-EEB416B32A3C,CDA3BBF7_tsts0,11B5EC4D-4133-4289-B475-4E737182A406,trust_model,"{""theta"": 0.9946719598829921, ""gain"": 0.6, ""decay"": 0.05, ""tau_lo"": 0.4, ""tau_hi"": 0.6}",180,60,120,1.0,0.0,60,0,60,120,0,0.0,0,180.0,180.0,1.0,,0,0.0,0.0
CDA3BBF7-6631-45E8-85BA-EEB416B32A3C,CDA3BBF7_tsts0,11B5EC4D-4133-4289-B475-4E737182A406,sprt,"{""A"": 16, ""B"": 8, ""mu_gen"": 0.9478394739285881, ""sd_gen"": 0.14884886239703676, ""mu_imp"": 0.6558327674467197, ""sd_imp"": 0.3983946129217424}",180,60,120,1.0,0.0,60,0,60,120,0,0.0,0,180.0,180.0,1.0,,0,0.0,0.0
CDA3BBF7-6631-45E8-85BA-EEB416B32A3C,CDA3BBF7_tsts1,33A85C34-CFE4-4732-9E73-0A7AC861B27A,instantaneous,"{""theta"": 1.0}",180,60,120,0.0,0.9916666666666667,0,119,60,120,2,1.1173184357541899,2,60.0,35.0,0.005555555555555556,0.0,119,0.9916666666666667,
CDA3BBF7-6631-45E8-85BA-EEB416B32A3C,CDA3BBF7_tsts1,33A85C34-CFE4-4732-9E73-0A7AC861B27A,moving_average,"{""theta"": 1.0, ""w"": 3}",180,60,120,0.0,1.0,0,120,60,120,0,0.0,0,180.0,180.0,0.0,0.0,120,1.0,
CDA3BBF7-6631-45E8-85BA-EEB416B32A3C,CDA3BBF7_tsts1,33A85C34-CFE4-4732-9E73-0A7AC861B27A,ewma,"{""theta"": 1.0, ""alpha"": 0.1}",180,60,120,0.0,1.0,0,120,60,120,0,0.0,0,180.0,180.0,0.0,0.0,120,1.0,
CDA3BBF7-6631-45E8-85BA-EEB416B32A3C,CDA3BBF7_tsts1,33A85C34-CFE4-4732-9E73-0A7AC861B27A,majority_vote,"{""theta"": 1.0, ""w"": 3, ""k"": 2}",180,60,120,0.0,1.0,0,120,60,120,0,0.0,0,180.0,180.0,0.0,0.0,120,1.0,
CDA3BBF7-6631-45E8-85BA-EEB416B32A3C,CDA3BBF7_tsts1,33A85C34-CFE4-4732-9E73-0A7AC861B27A,debounce,"{""theta"": 1.0, ""n"": 3}",180,60,120,0.0,0.9833333333333333,0,118,60,120,1,0.5586592178770949,0,90.0,90.0,0.011111111111111112,0.0,118,0.9833333333333333,
CDA3BBF7-6631-45E8-85BA-EEB416B32A3C,CDA3BBF7_tsts1,33A85C34-CFE4-4732-9E73-0A7AC861B27A,margin_dual_threshold,"{""theta"": 0.9946719598829921, ""margin"": 0.05}",180,60,120,0.0,0.5,0,60,60,120,1,0.5586592178770949,0,90.0,90.0,0.3333333333333333,0.0,60,0.5,
CDA3BBF7-6631-45E8-85BA-EEB416B32A3C,CDA3BBF7_tsts1,33A85C34-CFE4-4732-9E73-0A7AC861B27A,hysteresis,"{""theta"": 0.9946719598829921, ""margin"": 0.05, ""ttt_frames"": 2}",180,60,120,0.016666666666666666,0.5,1,60,60,120,1,0.5586592178770949,0,90.0,90.0,0.3388888888888889,1.0,60,0.5,
CDA3BBF7-6631-45E8-85BA-EEB416B32A3C,CDA3BBF7_tsts1,33A85C34-CFE4-4732-9E73-0A7AC861B27A,trust_model,"{""theta"": 0.9946719598829921, ""gain"": 0.6, ""decay"": 0.05, ""tau_lo"": 0.4, ""tau_hi"": 0.6}",180,60,120,0.0,0.5,0,60,60,120,1,0.5586592178770949,0,90.0,90.0,0.3333333333333333,0.0,60,0.5,
CDA3BBF7-6631-45E8-85BA-EEB416B32A3C,CDA3BBF7_tsts1,33A85C34-CFE4-4732-9E73-0A7AC861B27A,sprt,"{""A"": 16, ""B"": 8, ""mu_gen"": 0.9478394739285881, ""sd_gen"": 0.14884886239703676, ""mu_imp"": 0.6558327674467197, ""sd_imp"": 0.3983946129217424}",180,60,120,0.03333333333333333,0.1,2,12,60,120,2,1.1173184357541899,0,60.0,62.0,0.6111111111111112,2.0,12,0.1,12.0
CDA3BBF7-6631-45E8-85BA-EEB416B32A3C,CDA3BBF7_tsts2,61976C24-1C50-4355-9C49-AAE44A7D09F6,instantaneous,"{""theta"": 1.0}",180,60,120,0.0,0.975,0,117,60,120,6,3.35195530726257,6,25.714285714285715,15.0,0.016666666666666666,0.0,117,0.975,
CDA3BBF7-6631-45E8-85BA-EEB416B32A3C,CDA3BBF7_tsts2,61976C24-1C50-4355-9C49-AAE44A7D09F6,moving_average,"{""theta"": 1.0, ""w"": 3}",180,60,120,0.0,1.0,0,120,60,120,0,0.0,0,180.0,180.0,0.0,0.0,120,1.0,
CDA3BBF7-6631-45E8-85BA-EEB416B32A3C,CDA3BBF7_tsts2,61976C24-1C50-4355-9C49-AAE44A7D09F6,ewma,"{""theta"": 1.0, ""alpha"": 0.1}",180,60,120,0.0,1.0,0,120,60,120,0,0.0,0,180.0,180.0,0.0,0.0,120,1.0,
CDA3BBF7-6631-45E8-85BA-EEB416B32A3C,CDA3BBF7_tsts2,61976C24-1C50-4355-9C49-AAE44A7D09F6,majority_vote,"{""theta"": 1.0, ""w"": 3, ""k"": 2}",180,60,120,0.0,1.0,0,120,60,120,0,0.0,0,180.0,180.0,0.0,0.0,120,1.0,
CDA3BBF7-6631-45E8-85BA-EEB416B32A3C,CDA3BBF7_tsts2,61976C24-1C50-4355-9C49-AAE44A7D09F6,debounce,"{""theta"": 1.0, ""n"": 3}",180,60,120,0.0,0.9833333333333333,0,118,60,120,1,0.5586592178770949,0,90.0,90.0,0.011111111111111112,0.0,118,0.9833333333333333,
CDA3BBF7-6631-45E8-85BA-EEB416B32A3C,CDA3BBF7_tsts2,61976C24-1C50-4355-9C49-AAE44A7D09F6,margin_dual_threshold,"{""theta"": 0.9946719598829921, ""margin"": 0.05}",180,60,120,0.016666666666666666,0.5,1,60,60,120,1,0.5586592178770949,0,90.0,90.0,0.3388888888888889,1.0,60,0.5,
CDA3BBF7-6631-45E8-85BA-EEB416B32A3C,CDA3BBF7_tsts2,61976C24-1C50-4355-9C49-AAE44A7D09F6,hysteresis,"{""theta"": 0.9946719598829921, ""margin"": 0.05, ""ttt_frames"": 2}",180,60,120,0.03333333333333333,0.5,2,60,60,120,1,0.5586592178770949,0,90.0,90.0,0.34444444444444444,2.0,60,0.5,
CDA3BBF7-6631-45E8-85BA-EEB416B32A3C,CDA3BBF7_tsts2,61976C24-1C50-4355-9C49-AAE44A7D09F6,trust_model,"{""theta"": 0.9946719598829921, ""gain"": 0.6, ""decay"": 0.05, ""tau_lo"": 0.4, ""tau_hi"": 0.6}",180,60,120,0.016666666666666666,0.5,1,60,60,120,1,0.5586592178770949,0,90.0,90.0,0.3388888888888889,1.0,60,0.5,
CDA3BBF7-6631-45E8-85BA-EEB416B32A3C,CDA3BBF7_tsts2,61976C24-1C50-4355-9C49-AAE44A7D09F6,sprt,"{""A"": 16, ""B"": 8, ""mu_gen"": 0.9478394739285881, ""sd_gen"": 0.14884886239703676, ""mu_imp"": 0.6558327674467197, ""sd_imp"": 0.3983946129217424}",180,60,120,0.6333333333333333,0.1,38,12,60,120,4,2.2346368715083798,0,36.0,25.0,0.8111111111111111,13.0,12,0.1,12.0
CDA3BBF7-6631-45E8-85BA-EEB416B32A3C,CDA3BBF7_tsts3,ECECC2AB-D32F-4F90-B74C-E12A1C69BBE2,instantaneous,"{""theta"": 1.0}",180,60,120,0.0,0.975,0,117,60,120,6,3.35195530726257,6,25.714285714285715,9.0,0.016666666666666666,0.0,117,0.975,
CDA3BBF7-6631-45E8-85BA-EEB416B32A3C,CDA3BBF7_tsts3,ECECC2AB-D32F-4F90-B74C-E12A1C69BBE2,moving_average,"{""theta"": 1.0, ""w"": 3}",180,60,120,0.0,1.0,0,120,60,120,0,0.0,0,180.0,180.0,0.0,0.0,120,1.0,
CDA3BBF7-6631-45E8-85BA-EEB416B32A3C,CDA3BBF7_tsts3,ECECC2AB-D32F-4F90-B74C-E12A1C69BBE2,ewma,"{""theta"": 1.0, ""alpha"": 0.1}",180,60,120,0.0,1.0,0,120,60,120,0,0.0,0,180.0,180.0,0.0,0.0,120,1.0,
CDA3BBF7-6631-45E8-85BA-EEB416B32A3C,CDA3BBF7_tsts3,ECECC2AB-D32F-4F90-B74C-E12A1C69BBE2,majority_vote,"{""theta"": 1.0, ""w"": 3, ""k"": 2}",180,60,120,0.0,1.0,0,120,60,120,0,0.0,0,180.0,180.0,0.0,0.0,120,1.0,
CDA3BBF7-6631-45E8-85BA-EEB416B32A3C,CDA3BBF7_tsts3,ECECC2AB-D32F-4F90-B74C-E12A1C69BBE2,debounce,"{""theta"": 1.0, ""n"": 3}",180,60,120,0.0,0.9833333333333333,0,118,60,120,1,0.5586592178770949,0,90.0,90.0,0.011111111111111112,0.0,118,0.9833333333333333,
CDA3BBF7-6631-45E8-85BA-EEB416B32A3C,CDA3BBF7_tsts3,ECECC2AB-D32F-4F90-B74C-E12A1C69BBE2,margin_dual_threshold,"{""theta"": 0.9946719598829921, ""margin"": 0.05}",180,60,120,0.0,0.5,0,60,60,120,1,0.5586592178770949,0,90.0,90.0,0.3333333333333333,0.0,60,0.5,
CDA3BBF7-6631-45E8-85BA-EEB416B32A3C,CDA3BBF7_tsts3,ECECC2AB-D32F-4F90-B74C-E12A1C69BBE2,hysteresis,"{""theta"": 0.9946719598829921, ""margin"": 0.05, ""ttt_frames"": 2}",180,60,120,0.016666666666666666,0.5,1,60,60,120,1,0.5586592178770949,0,90.0,90.0,0.3388888888888889,1.0,60,0.5,
CDA3BBF7-6631-45E8-85BA-EEB416B32A3C,CDA3BBF7_tsts3,ECECC2AB-D32F-4F90-B74C-E12A1C69BBE2,trust_model,"{""theta"": 0.9946719598829921, ""gain"": 0.6, ""decay"": 0.05, ""tau_lo"": 0.4, ""tau_hi"": 0.6}",180,60,120,0.0,0.5,0,60,60,120,1,0.5586592178770949,0,90.0,90.0,0.3333333333333333,0.0,60,0.5,
CDA3BBF7-6631-45E8-85BA-EEB416B32A3C,CDA3BBF7_tsts3,ECECC2AB-D32F-4F90-B74C-E12A1C69BBE2,sprt,"{""A"": 16, ""B"": 8, ""mu_gen"": 0.9478394739285881, ""sd_gen"": 0.14884886239703676, ""mu_imp"": 0.6558327674467197, ""sd_imp"": 0.3983946129217424}",180,60,120,0.06666666666666667,0.125,4,15,60,120,2,1.1173184357541899,0,60.0,64.0,0.6055555555555555,4.0,15,0.125,15.0
CDA3BBF7-6631-45E8-85BA-EEB416B32A3C,CDA3BBF7_tsts4,61976C24-1C50-4355-9C49-AAE44A7D09F6,instantaneous,"{""theta"": 1.0}",180,60,120,0.0,0.9916666666666667,0,119,60,120,2,1.1173184357541899,2,60.0,36.0,0.005555555555555556,0.0,119,0.9916666666666667,
CDA3BBF7-6631-45E8-85BA-EEB416B32A3C,CDA3BBF7_tsts4,61976C24-1C50-4355-9C49-AAE44A7D09F6,moving_average,"{""theta"": 1.0, ""w"": 3}",180,60,120,0.0,1.0,0,120,60,120,0,0.0,0,180.0,180.0,0.0,0.0,120,1.0,
CDA3BBF7-6631-45E8-85BA-EEB416B32A3C,CDA3BBF7_tsts4,61976C24-1C50-4355-9C49-AAE44A7D09F6,ewma,"{""theta"": 1.0, ""alpha"": 0.1}",180,60,120,0.0,1.0,0,120,60,120,0,0.0,0,180.0,180.0,0.0,0.0,120,1.0,
CDA3BBF7-6631-45E8-85BA-EEB416B32A3C,CDA3BBF7_tsts4,61976C24-1C50-4355-9C49-AAE44A7D09F6,majority_vote,"{""theta"": 1.0, ""w"": 3, ""k"": 2}",180,60,120,0.0,1.0,0,120,60,120,0,0.0,0,180.0,180.0,0.0,0.0,120,1.0,
CDA3BBF7-6631-45E8-85BA-EEB416B32A3C,CDA3BBF7_tsts4,61976C24-1C50-4355-9C49-AAE44A7D09F6,debounce,"{""theta"": 1.0, ""n"": 3}",180,60,120,0.0,0.9833333333333333,0,118,60,120,1,0.5586592178770949,0,90.0,90.0,0.011111111111111112,0.0,118,0.9833333333333333,
CDA3BBF7-6631-45E8-85BA-EEB416B32A3C,CDA3BBF7_tsts4,61976C24-1C50-4355-9C49-AAE44A7D09F6,margin_dual_threshold,"{""theta"": 0.9946719598829921, ""margin"": 0.05}",180,60,120,0.03333333333333333,0.5,2,60,60,120,1,0.5586592178770949,0,90.0,90.0,0.34444444444444444,2.0,60,0.5,
CDA3BBF7-6631-45E8-85BA-EEB416B32A3C,CDA3BBF7_tsts4,61976C24-1C50-4355-9C49-AAE44A7D09F6,hysteresis,"{""theta"": 0.9946719598829921, ""margin"": 0.05, ""ttt_frames"": 2}",180,60,120,0.13333333333333333,0.5,8,60,60,120,1,0.5586592178770949,0,90.0,90.0,0.37777777777777777,8.0,60,0.5,
CDA3BBF7-6631-45E8-85BA-EEB416B32A3C,CDA3BBF7_tsts4,61976C24-1C50-4355-9C49-AAE44A7D09F6,trust_model,"{""theta"": 0.9946719598829921, ""gain"": 0.6, ""decay"": 0.05, ""tau_lo"": 0.4, ""tau_hi"": 0.6}",180,60,120,0.03333333333333333,0.5,2,60,60,120,1,0.5586592178770949,0,90.0,90.0,0.34444444444444444,2.0,60,0.5,
CDA3BBF7-6631-45E8-85BA-EEB416B32A3C,CDA3BBF7_tsts4,61976C24-1C50-4355-9C49-AAE44A7D09F6,sprt,"{""A"": 16, ""B"": 8, ""mu_gen"": 0.9478394739285881, ""sd_gen"": 0.14884886239703676, ""mu_imp"": 0.6558327674467197, ""sd_imp"": 0.3983946129217424}",180,60,120,0.3,0.0,18,0,60,120,2,1.1173184357541899,0,60.0,65.0,0.7666666666666667,13.0,0,0.0,0.0
CDA3BBF7-6631-45E8-85BA-EEB416B32A3C,CDA3BBF7_tsts5,61359772-D8D8-480D-B623-7C636EAD0C81,instantaneous,"{""theta"": 1.0}",180,60,120,0.0,0.9833333333333333,0,118,60,120,4,2.2346368715083798,4,36.0,6.0,0.011111111111111112,0.0,118,0.9833333333333333,
CDA3BBF7-6631-45E8-85BA-EEB416B32A3C,CDA3BBF7_tsts5,61359772-D8D8-480D-B623-7C636EAD0C81,moving_average,"{""theta"": 1.0, ""w"": 3}",180,60,120,0.0,1.0,0,120,60,120,0,0.0,0,180.0,180.0,0.0,0.0,120,1.0,
CDA3BBF7-6631-45E8-85BA-EEB416B32A3C,CDA3BBF7_tsts5,61359772-D8D8-480D-B623-7C636EAD0C81,ewma,"{""theta"": 1.0, ""alpha"": 0.1}",180,60,120,0.0,1.0,0,120,60,120,0,0.0,0,180.0,180.0,0.0,0.0,120,1.0,
CDA3BBF7-6631-45E8-85BA-EEB416B32A3C,CDA3BBF7_tsts5,61359772-D8D8-480D-B623-7C636EAD0C81,majority_vote,"{""theta"": 1.0, ""w"": 3, ""k"": 2}",180,60,120,0.0,1.0,0,120,60,120,0,0.0,0,180.0,180.0,0.0,0.0,120,1.0,
CDA3BBF7-6631-45E8-85BA-EEB416B32A3C,CDA3BBF7_tsts5,61359772-D8D8-480D-B623-7C636EAD0C81,debounce,"{""theta"": 1.0, ""n"": 3}",180,60,120,0.0,0.9833333333333333,0,118,60,120,1,0.5586592178770949,0,90.0,90.0,0.011111111111111112,0.0,118,0.9833333333333333,
CDA3BBF7-6631-45E8-85BA-EEB416B32A3C,CDA3BBF7_tsts5,61359772-D8D8-480D-B623-7C636EAD0C81,margin_dual_threshold,"{""theta"": 0.9946719598829921, ""margin"": 0.05}",180,60,120,0.0,0.5,0,60,60,120,1,0.5586592178770949,0,90.0,90.0,0.3333333333333333,0.0,60,0.5,
CDA3BBF7-6631-45E8-85BA-EEB416B32A3C,CDA3BBF7_tsts5,61359772-D8D8-480D-B623-7C636EAD0C81,hysteresis,"{""theta"": 0.9946719598829921, ""margin"": 0.05, ""ttt_frames"": 2}",180,60,120,0.016666666666666666,0.5,1,60,60,120,1,0.5586592178770949,0,90.0,90.0,0.3388888888888889,1.0,60,0.5,
CDA3BBF7-6631-45E8-85BA-EEB416B32A3C,CDA3BBF7_tsts5,61359772-D8D8-480D-B623-7C636EAD0C81,trust_model,"{""theta"": 0.9946719598829921, ""gain"": 0.6, ""decay"": 0.05, ""tau_lo"": 0.4, ""tau_hi"": 0.6}",180,60,120,0.0,0.5,0,60,60,120,1,0.5586592178770949,0,90.0,90.0,0.3333333333333333,0.0,60,0.5,
CDA3BBF7-6631-45E8-85BA-EEB416B32A3C,CDA3BBF7_tsts5,61359772-D8D8-480D-B623-7C636EAD0C81,sprt,"{""A"": 16, ""B"": 8, ""mu_gen"": 0.9478394739285881, ""sd_gen"": 0.14884886239703676, ""mu_imp"": 0.6558327674467197, ""sd_imp"": 0.3983946129217424}",180,60,120,0.03333333333333333,0.1,2,12,60,120,2,1.1173184357541899,0,60.0,62.0,0.6111111111111112,2.0,12,0.1,12.0
CF722AA9-2533-4E51-9FEB-9EAC84EE9AAC,CF722AA9_tsts0,A7599A50-24AE-46A6-8EA6-2576F1011D81,instantaneous,"{""theta"": 1.0}",180,60,120,0.0,0.008333333333333333,0,1,60,120,4,2.2346368715083798,3,36.0,56.0,0.6611111111111111,0.0,1,0.008333333333333333,0.0
CF722AA9-2533-4E51-9FEB-9EAC84EE9AAC,CF722AA9_tsts0,A7599A50-24AE-46A6-8EA6-2576F1011D81,moving_average,"{""theta"": 1.0, ""w"": 20}",180,60,120,0.0,0.19166666666666668,0,23,60,120,2,1.1173184357541899,0,60.0,56.0,0.5388888888888889,0.0,23,0.19166666666666668,19.0
CF722AA9-2533-4E51-9FEB-9EAC84EE9AAC,CF722AA9_tsts0,A7599A50-24AE-46A6-8EA6-2576F1011D81,ewma,"{""theta"": 1.0, ""alpha"": 0.5}",180,60,120,0.0,0.475,0,57,60,120,2,1.1173184357541899,0,60.0,56.0,0.35,0.0,57,0.475,53.0
CF722AA9-2533-4E51-9FEB-9EAC84EE9AAC,CF722AA9_tsts0,A7599A50-24AE-46A6-8EA6-2576F1011D81,majority_vote,"{""theta"": 1.0, ""w"": 5, ""k"": 4}",180,60,120,0.0,0.025,0,3,60,120,2,1.1173184357541899,0,60.0,60.0,0.65,0.0,3,0.025,3.0
CF722AA9-2533-4E51-9FEB-9EAC84EE9AAC,CF722AA9_tsts0,A7599A50-24AE-46A6-8EA6-2576F1011D81,debounce,"{""theta"": 1.0, ""n"": 2}",180,60,120,0.016666666666666666,0.008333333333333333,1,1,60,120,2,1.1173184357541899,0,60.0,60.0,0.6666666666666666,1.0,1,0.008333333333333333,1.0
CF722AA9-2533-4E51-9FEB-9EAC84EE9AAC,CF722AA9_tsts0,A7599A50-24AE-46A6-8EA6-2576F1011D81,margin_dual_threshold,"{""theta"": 1.0, ""margin"": 0.05}",180,60,120,0.0,0.5333333333333333,0,64,60,120,1,0.5586592178770949,0,90.0,90.0,0.3111111111111111,0.0,64,0.5333333333333333,
CF722AA9-2533-4E51-9FEB-9EAC84EE9AAC,CF722AA9_tsts0,A7599A50-24AE-46A6-8EA6-2576F1011D81,hysteresis,"{""theta"": 1.0, ""margin"": 0.05, ""ttt_frames"": 2}",180,60,120,0.016666666666666666,0.5,1,60,60,120,1,0.5586592178770949,0,90.0,90.0,0.3388888888888889,1.0,60,0.5,
CF722AA9-2533-4E51-9FEB-9EAC84EE9AAC,CF722AA9_tsts0,A7599A50-24AE-46A6-8EA6-2576F1011D81,trust_model,"{""theta"": 1.0, ""gain"": 0.3, ""decay"": 0.05, ""tau_lo"": 0.4, ""tau_hi"": 0.6}",180,60,120,0.0,0.5333333333333333,0,64,60,120,1,0.5586592178770949,0,90.0,90.0,0.3111111111111111,0.0,64,0.5333333333333333,
CF722AA9-2533-4E51-9FEB-9EAC84EE9AAC,CF722AA9_tsts0,A7599A50-24AE-46A6-8EA6-2576F1011D81,sprt,"{""A"": 16, ""B"": 1, ""mu_gen"": 0.9995310375169987, ""sd_gen"": 0.017789694805026034, ""mu_imp"": 0.6623690819020193, ""sd_imp"": 0.3834274524955074}",180,60,120,0.0,0.06666666666666667,0,8,60,120,2,1.1173184357541899,0,60.0,56.0,0.6222222222222222,0.0,8,0.06666666666666667,4.0
CF722AA9-2533-4E51-9FEB-9EAC84EE9AAC,CF722AA9_tsts1,A7599A50-24AE-46A6-8EA6-2576F1011D81,instantaneous,"{""theta"": 1.0}",180,60,120,0.0,0.0,0,0,60,120,2,1.1173184357541899,0,60.0,60.0,0.6666666666666666,0.0,0,0.0,0.0
CF722AA9-2533-4E51-9FEB-9EAC84EE9AAC,CF722AA9_tsts1,A7599A50-24AE-46A6-8EA6-2576F1011D81,moving_average,"{""theta"": 1.0, ""w"": 20}",180,60,120,0.0,0.15833333333333333,0,19,60,120,2,1.1173184357541899,0,60.0,60.0,0.5611111111111111,0.0,19,0.15833333333333333,19.0
CF722AA9-2533-4E51-9FEB-9EAC84EE9AAC,CF722AA9_tsts1,A7599A50-24AE-46A6-8EA6-2576F1011D81,ewma,"{""theta"": 1.0, ""alpha"": 0.5}",180,60,120,0.0,0.44166666666666665,0,53,60,120,2,1.1173184357541899,0,60.0,60.0,0.37222222222222223,0.0,53,0.44166666666666665,53.0
CF722AA9-2533-4E51-9FEB-9EAC84EE9AAC,CF722AA9_tsts1,A7599A50-24AE-46A6-8EA6-2576F1011D81,majority_vote,"{""theta"": 1.0, ""w"": 5, ""k"": 4}",180,60,120,0.016666666666666666,0.025,1,3,60,120,2,1.1173184357541899,0,60.0,61.0,0.6555555555555556,1.0,3,0.025,3.0
CF722AA9-2533-4E51-9FEB-9EAC84EE9AAC,CF722AA9_tsts1,A7599A50-24AE-46A6-8EA6-2576F1011D81,debounce,"{""theta"": 1.0, ""n"": 2}",180,60,120,0.016666666666666666,0.008333333333333333,1,1,60,120,2,1.1173184357541899,0,60.0,60.0,0.6666666666666666,1.0,1,0.008333333333333333,1.0
CF722AA9-2533-4E51-9FEB-9EAC84EE9AAC,CF722AA9_tsts1,A7599A50-24AE-46A6-8EA6-2576F1011D81,margin_dual_threshold,"{""theta"": 1.0, ""margin"": 0.05}",180,60,120,0.0,0.5,0,60,60,120,1,0.5586592178770949,0,90.0,90.0,0.3333333333333333,0.0,60,0.5,
CF722AA9-2533-4E51-9FEB-9EAC84EE9AAC,CF722AA9_tsts1,A7599A50-24AE-46A6-8EA6-2576F1011D81,hysteresis,"{""theta"": 1.0, ""margin"": 0.05, ""ttt_frames"": 2}",180,60,120,0.016666666666666666,0.5,1,60,60,120,1,0.5586592178770949,0,90.0,90.0,0.3388888888888889,1.0,60,0.5,
CF722AA9-2533-4E51-9FEB-9EAC84EE9AAC,CF722AA9_tsts1,A7599A50-24AE-46A6-8EA6-2576F1011D81,trust_model,"{""theta"": 1.0, ""gain"": 0.3, ""decay"": 0.05, ""tau_lo"": 0.4, ""tau_hi"": 0.6}",180,60,120,0.0,0.5,0,60,60,120,1,0.5586592178770949,0,90.0,90.0,0.3333333333333333,0.0,60,0.5,
CF722AA9-2533-4E51-9FEB-9EAC84EE9AAC,CF722AA9_tsts1,A7599A50-24AE-46A6-8EA6-2576F1011D81,sprt,"{""A"": 16, ""B"": 1, ""mu_gen"": 0.9995310375169987, ""sd_gen"": 0.017789694805026034, ""mu_imp"": 0.6623690819020193, ""sd_imp"": 0.3834274524955074}",180,60,120,0.0,0.03333333333333333,0,4,60,120,2,1.1173184357541899,0,60.0,60.0,0.6444444444444445,0.0,4,0.03333333333333333,4.0
CF722AA9-2533-4E51-9FEB-9EAC84EE9AAC,CF722AA9_tsts2,A7599A50-24AE-46A6-8EA6-2576F1011D81,instantaneous,"{""theta"": 1.0}",180,60,120,0.0,0.0,0,0,60,120,2,1.1173184357541899,0,60.0,60.0,0.6666666666666666,0.0,0,0.0,0.0
CF722AA9-2533-4E51-9FEB-9EAC84EE9AAC,CF722AA9_tsts2,A7599A50-24AE-46A6-8EA6-2576F1011D81,moving_average,"{""theta"": 1.0, ""w"": 20}",180,60,120,0.0,0.15833333333333333,0,19,60,120,2,1.1173184357541899,0,60.0,60.0,0.5611111111111111,0.0,19,0.15833333333333333,19.0
CF722AA9-2533-4E51-9FEB-9EAC84EE9AAC,CF722AA9_tsts2,A7599A50-24AE-46A6-8EA6-2576F1011D81,ewma,"{""theta"": 1.0, ""alpha"": 0.5}",180,60,120,0.0,0.44166666666666665,0,53,60,120,2,1.1173184357541899,0,60.0,60.0,0.37222222222222223,0.0,53,0.44166666666666665,53.0
CF722AA9-2533-4E51-9FEB-9EAC84EE9AAC,CF722AA9_tsts2,A7599A50-24AE-46A6-8EA6-2576F1011D81,majority_vote,"{""theta"": 1.0, ""w"": 5, ""k"": 4}",180,60,120,0.016666666666666666,0.025,1,3,60,120,2,1.1173184357541899,0,60.0,61.0,0.6555555555555556,1.0,3,0.025,3.0
CF722AA9-2533-4E51-9FEB-9EAC84EE9AAC,CF722AA9_tsts2,A7599A50-24AE-46A6-8EA6-2576F1011D81,debounce,"{""theta"": 1.0, ""n"": 2}",180,60,120,0.016666666666666666,0.008333333333333333,1,1,60,120,2,1.1173184357541899,0,60.0,60.0,0.6666666666666666,1.0,1,0.008333333333333333,1.0
CF722AA9-2533-4E51-9FEB-9EAC84EE9AAC,CF722AA9_tsts2,A7599A50-24AE-46A6-8EA6-2576F1011D81,margin_dual_threshold,"{""theta"": 1.0, ""margin"": 0.05}",180,60,120,0.0,0.5,0,60,60,120,1,0.5586592178770949,0,90.0,90.0,0.3333333333333333,0.0,60,0.5,
CF722AA9-2533-4E51-9FEB-9EAC84EE9AAC,CF722AA9_tsts2,A7599A50-24AE-46A6-8EA6-2576F1011D81,hysteresis,"{""theta"": 1.0, ""margin"": 0.05, ""ttt_frames"": 2}",180,60,120,0.016666666666666666,0.5,1,60,60,120,1,0.5586592178770949,0,90.0,90.0,0.3388888888888889,1.0,60,0.5,
CF722AA9-2533-4E51-9FEB-9EAC84EE9AAC,CF722AA9_tsts2,A7599A50-24AE-46A6-8EA6-2576F1011D81,trust_model,"{""theta"": 1.0, ""gain"": 0.3, ""decay"": 0.05, ""tau_lo"": 0.4, ""tau_hi"": 0.6}",180,60,120,0.0,0.5,0,60,60,120,1,0.5586592178770949,0,90.0,90.0,0.3333333333333333,0.0,60,0.5,
CF722AA9-2533-4E51-9FEB-9EAC84EE9AAC,CF722AA9_tsts2,A7599A50-24AE-46A6-8EA6-2576F1011D81,sprt,"{""A"": 16, ""B"": 1, ""mu_gen"": 0.9995310375169987, ""sd_gen"": 0.017789694805026034, ""mu_imp"": 0.6623690819020193, ""sd_imp"": 0.3834274524955074}",180,60,120,0.0,0.03333333333333333,0,4,60,120,2,1.1173184357541899,0,60.0,60.0,0.6444444444444445,0.0,4,0.03333333333333333,4.0
CF722AA9-2533-4E51-9FEB-9EAC84EE9AAC,CF722AA9_tsts3,4E98F91F-4654-42EF-B908-A3389443F2E7,instantaneous,"{""theta"": 1.0}",180,60,120,0.0,0.008333333333333333,0,1,60,120,4,2.2346368715083798,2,36.0,50.0,0.6611111111111111,0.0,1,0.008333333333333333,0.0
CF722AA9-2533-4E51-9FEB-9EAC84EE9AAC,CF722AA9_tsts3,4E98F91F-4654-42EF-B908-A3389443F2E7,moving_average,"{""theta"": 1.0, ""w"": 20}",180,60,120,0.0,0.24166666666666667,0,29,60,120,2,1.1173184357541899,0,60.0,50.0,0.5055555555555555,0.0,29,0.24166666666666667,19.0
CF722AA9-2533-4E51-9FEB-9EAC84EE9AAC,CF722AA9_tsts3,4E98F91F-4654-42EF-B908-A3389443F2E7,ewma,"{""theta"": 1.0, ""alpha"": 0.5}",180,60,120,0.0,0.525,0,63,60,120,2,1.1173184357541899,0,60.0,50.0,0.31666666666666665,0.0,63,0.525,53.0
CF722AA9-2533-4E51-9FEB-9EAC84EE9AAC,CF722AA9_tsts3,4E98F91F-4654-42EF-B908-A3389443F2E7,majority_vote,"{""theta"": 1.0, ""w"": 5, ""k"": 4}",180,60,120,0.016666666666666666,0.025,1,3,60,120,2,1.1173184357541899,0,60.0,61.0,0.6555555555555556,1.0,3,0.025,3.0
CF722AA9-2533-4E51-9FEB-9EAC84EE9AAC,CF722AA9_tsts3,4E98F91F-4654-42EF-B908-A3389443F2E7,debounce,"{""theta"": 1.0, ""n"": 2}",180,60,120,0.016666666666666666,0.008333333333333333,1,1,60,120,2,1.1173184357541899,0,60.0,60.0,0.6666666666666666,1.0,1,0.008333333333333333,1.0
CF722AA9-2533-4E51-9FEB-9EAC84EE9AAC,CF722AA9_tsts3,4E98F91F-4654-42EF-B908-A3389443F2E7,margin_dual_threshold,"{""theta"": 1.0, ""margin"": 0.05}",180,60,120,0.0,0.5833333333333334,0,70,60,120,1,0.5586592178770949,0,90.0,90.0,0.2777777777777778,0.0,70,0.5833333333333334,
CF722AA9-2533-4E51-9FEB-9EAC84EE9AAC,CF722AA9_tsts3,4E98F91F-4654-42EF-B908-A3389443F2E7,hysteresis,"{""theta"": 1.0, ""margin"": 0.05, ""ttt_frames"": 2}",180,60,120,0.016666666666666666,0.5,1,60,60,120,1,0.5586592178770949,0,90.0,90.0,0.3388888888888889,1.0,60,0.5,
CF722AA9-2533-4E51-9FEB-9EAC84EE9AAC,CF722AA9_tsts3,4E98F91F-4654-42EF-B908-A3389443F2E7,trust_model,"{""theta"": 1.0, ""gain"": 0.3, ""decay"": 0.05, ""tau_lo"": 0.4, ""tau_hi"": 0.6}",180,60,120,0.0,0.5833333333333334,0,70,60,120,1,0.5586592178770949,0,90.0,90.0,0.2777777777777778,0.0,70,0.5833333333333334,
CF722AA9-2533-4E51-9FEB-9EAC84EE9AAC,CF722AA9_tsts3,4E98F91F-4654-42EF-B908-A3389443F2E7,sprt,"{""A"": 16, ""B"": 1, ""mu_gen"": 0.9995310375169987, ""sd_gen"": 0.017789694805026034, ""mu_imp"": 0.6623690819020193, ""sd_imp"": 0.3834274524955074}",180,60,120,0.0,0.075,0,9,60,120,4,2.2346368715083798,0,36.0,50.0,0.6166666666666667,0.0,9,0.075,4.0
CF722AA9-2533-4E51-9FEB-9EAC84EE9AAC,CF722AA9_tsts4,665514DE-49DC-421F-8DCB-145D0B2609AD,instantaneous,"{""theta"": 1.0}",180,60,120,0.0,0.0,0,0,60,120,2,1.1173184357541899,0,60.0,60.0,0.6666666666666666,0.0,0,0.0,0.0
CF722AA9-2533-4E51-9FEB-9EAC84EE9AAC,CF722AA9_tsts4,665514DE-49DC-421F-8DCB-145D0B2609AD,moving_average,"{""theta"": 1.0, ""w"": 20}",180,60,120,0.0,0.15833333333333333,0,19,60,120,2,1.1173184357541899,0,60.0,60.0,0.5611111111111111,0.0,19,0.15833333333333333,19.0
CF722AA9-2533-4E51-9FEB-9EAC84EE9AAC,CF722AA9_tsts4,665514DE-49DC-421F-8DCB-145D0B2609AD,ewma,"{""theta"": 1.0, ""alpha"": 0.5}",180,60,120,0.0,0.44166666666666665,0,53,60,120,2,1.1173184357541899,0,60.0,60.0,0.37222222222222223,0.0,53,0.44166666666666665,53.0
CF722AA9-2533-4E51-9FEB-9EAC84EE9AAC,CF722AA9_tsts4,665514DE-49DC-421F-8DCB-145D0B2609AD,majority_vote,"{""theta"": 1.0, ""w"": 5, ""k"": 4}",180,60,120,0.016666666666666666,0.025,1,3,60,120,2,1.1173184357541899,0,60.0,61.0,0.6555555555555556,1.0,3,0.025,3.0
CF722AA9-2533-4E51-9FEB-9EAC84EE9AAC,CF722AA9_tsts4,665514DE-49DC-421F-8DCB-145D0B2609AD,debounce,"{""theta"": 1.0, ""n"": 2}",180,60,120,0.016666666666666666,0.008333333333333333,1,1,60,120,2,1.1173184357541899,0,60.0,60.0,0.6666666666666666,1.0,1,0.008333333333333333,1.0
CF722AA9-2533-4E51-9FEB-9EAC84EE9AAC,CF722AA9_tsts4,665514DE-49DC-421F-8DCB-145D0B2609AD,margin_dual_threshold,"{""theta"": 1.0, ""margin"": 0.05}",180,60,120,0.0,0.5,0,60,60,120,1,0.5586592178770949,0,90.0,90.0,0.3333333333333333,0.0,60,0.5,
CF722AA9-2533-4E51-9FEB-9EAC84EE9AAC,CF722AA9_tsts4,665514DE-49DC-421F-8DCB-145D0B2609AD,hysteresis,"{""theta"": 1.0, ""margin"": 0.05, ""ttt_frames"": 2}",180,60,120,0.016666666666666666,0.5,1,60,60,120,1,0.5586592178770949,0,90.0,90.0,0.3388888888888889,1.0,60,0.5,
CF722AA9-2533-4E51-9FEB-9EAC84EE9AAC,CF722AA9_tsts4,665514DE-49DC-421F-8DCB-145D0B2609AD,trust_model,"{""theta"": 1.0, ""gain"": 0.3, ""decay"": 0.05, ""tau_lo"": 0.4, ""tau_hi"": 0.6}",180,60,120,0.0,0.5,0,60,60,120,1,0.5586592178770949,0,90.0,90.0,0.3333333333333333,0.0,60,0.5,
CF722AA9-2533-4E51-9FEB-9EAC84EE9AAC,CF722AA9_tsts4,665514DE-49DC-421F-8DCB-145D0B2609AD,sprt,"{""A"": 16, ""B"": 1, ""mu_gen"": 0.9995310375169987, ""sd_gen"": 0.017789694805026034, ""mu_imp"": 0.6623690819020193, ""sd_imp"": 0.3834274524955074}",180,60,120,0.0,0.03333333333333333,0,4,60,120,2,1.1173184357541899,0,60.0,60.0,0.6444444444444445,0.0,4,0.03333333333333333,4.0
CF722AA9-2533-4E51-9FEB-9EAC84EE9AAC,CF722AA9_tsts5,FDAA70A1-42A3-4E3F-9AE3-3FDA412E03BF,instantaneous,"{""theta"": 1.0}",180,60,120,1.0,0.0,60,0,60,120,0,0.0,0,180.0,180.0,1.0,,0,0.0,0.0
CF722AA9-2533-4E51-9FEB-9EAC84EE9AAC,CF722AA9_tsts5,FDAA70A1-42A3-4E3F-9AE3-3FDA412E03BF,moving_average,"{""theta"": 1.0, ""w"": 20}",180,60,120,1.0,0.0,60,0,60,120,0,0.0,0,180.0,180.0,1.0,,0,0.0,0.0
CF722AA9-2533-4E51-9FEB-9EAC84EE9AAC,CF722AA9_tsts5,FDAA70A1-42A3-4E3F-9AE3-3FDA412E03BF,ewma,"{""theta"": 1.0, ""alpha"": 0.5}",180,60,120,1.0,0.0,60,0,60,120,0,0.0,0,180.0,180.0,1.0,,0,0.0,0.0
CF722AA9-2533-4E51-9FEB-9EAC84EE9AAC,CF722AA9_tsts5,FDAA70A1-42A3-4E3F-9AE3-3FDA412E03BF,majority_vote,"{""theta"": 1.0, ""w"": 5, ""k"": 4}",180,60,120,1.0,0.0,60,0,60,120,0,0.0,0,180.0,180.0,1.0,,0,0.0,0.0
CF722AA9-2533-4E51-9FEB-9EAC84EE9AAC,CF722AA9_tsts5,FDAA70A1-42A3-4E3F-9AE3-3FDA412E03BF,debounce,"{""theta"": 1.0, ""n"": 2}",180,60,120,1.0,0.0,60,0,60,120,0,0.0,0,180.0,180.0,1.0,,0,0.0,0.0
CF722AA9-2533-4E51-9FEB-9EAC84EE9AAC,CF722AA9_tsts5,FDAA70A1-42A3-4E3F-9AE3-3FDA412E03BF,margin_dual_threshold,"{""theta"": 1.0, ""margin"": 0.05}",180,60,120,1.0,0.0,60,0,60,120,0,0.0,0,180.0,180.0,1.0,,0,0.0,0.0
CF722AA9-2533-4E51-9FEB-9EAC84EE9AAC,CF722AA9_tsts5,FDAA70A1-42A3-4E3F-9AE3-3FDA412E03BF,hysteresis,"{""theta"": 1.0, ""margin"": 0.05, ""ttt_frames"": 2}",180,60,120,1.0,0.0,60,0,60,120,0,0.0,0,180.0,180.0,1.0,,0,0.0,0.0
CF722AA9-2533-4E51-9FEB-9EAC84EE9AAC,CF722AA9_tsts5,FDAA70A1-42A3-4E3F-9AE3-3FDA412E03BF,trust_model,"{""theta"": 1.0, ""gain"": 0.3, ""decay"": 0.05, ""tau_lo"": 0.4, ""tau_hi"": 0.6}",180,60,120,1.0,0.0,60,0,60,120,0,0.0,0,180.0,180.0,1.0,,0,0.0,0.0
CF722AA9-2533-4E51-9FEB-9EAC84EE9AAC,CF722AA9_tsts5,FDAA70A1-42A3-4E3F-9AE3-3FDA412E03BF,sprt,"{""A"": 16, ""B"": 1, ""mu_gen"": 0.9995310375169987, ""sd_gen"": 0.017789694805026034, ""mu_imp"": 0.6623690819020193, ""sd_imp"": 0.3834274524955074}",180,60,120,1.0,0.0,60,0,60,120,0,0.0,0,180.0,180.0,1.0,,0,0.0,0.0
D7D20E2E-FC78-405D-B346-DBD3FD8FC92B,D7D20E2E_tsts0,FDAA70A1-42A3-4E3F-9AE3-3FDA412E03BF,instantaneous,"{""theta"": 0.9735666110885797}",180,60,120,0.0,0.9833333333333333,0,118,60,120,2,1.1173184357541899,2,60.0,16.0,0.011111111111111112,0.0,118,0.9833333333333333,
D7D20E2E-FC78-405D-B346-DBD3FD8FC92B,D7D20E2E_tsts0,FDAA70A1-42A3-4E3F-9AE3-3FDA412E03BF,moving_average,"{""theta"": 0.979593829330209, ""w"": 3}",180,60,120,0.0,0.9666666666666667,0,116,60,120,2,1.1173184357541899,0,60.0,14.0,0.022222222222222223,0.0,116,0.9666666666666667,42.0
D7D20E2E-FC78-405D-B346-DBD3FD8FC92B,D7D20E2E_tsts0,FDAA70A1-42A3-4E3F-9AE3-3FDA412E03BF,ewma,"{""theta"": 0.979203280609256, ""alpha"": 0.2}",180,60,120,0.0,0.9916666666666667,0,119,60,120,2,1.1173184357541899,2,60.0,16.0,0.005555555555555556,0.0,119,0.9916666666666667,
D7D20E2E-FC78-405D-B346-DBD3FD8FC92B,D7D20E2E_tsts0,FDAA70A1-42A3-4E3F-9AE3-3FDA412E03BF,majority_vote,"{""theta"": 0.9735666110885797, ""w"": 3, ""k"": 2}",180,60,120,0.0,0.9833333333333333,0,118,60,120,2,1.1173184357541899,2,60.0,15.0,0.011111111111111112,0.0,118,0.9833333333333333,
D7D20E2E-FC78-405D-B346-DBD3FD8FC92B,D7D20E2E_tsts0,FDAA70A1-42A3-4E3F-9AE3-3FDA412E03BF,debounce,"{""theta"": 0.9735666110885797, ""n"": 2}",180,60,120,0.0,0.975,0,117,60,120,3,1.675977653631285,2,45.0,8.5,0.016666666666666666,0.0,117,0.975,
D7D20E2E-FC78-405D-B346-DBD3FD8FC92B,D7D20E2E_tsts0,FDAA70A1-42A3-4E3F-9AE3-3FDA412E03BF,margin_dual_threshold,"{""theta"": 0.9996094512790471, ""margin"": 0.05}",180,60,120,0.0,1.0,0,120,60,120,0,0.0,0,180.0,180.0,0.0,0.0,120,1.0,
D7D20E2E-FC78-405D-B346-DBD3FD8FC92B,D7D20E2E_tsts0,FDAA70A1-42A3-4E3F-9AE3-3FDA412E03BF,hysteresis,"{""theta"": 0.9996094512790471, ""margin"": 0.05, ""ttt_frames"": 10}",180,60,120,0.0,0.925,0,111,60,120,1,0.5586592178770949,0,90.0,90.0,0.05,0.0,111,0.925,
D7D20E2E-FC78-405D-B346-DBD3FD8FC92B,D7D20E2E_tsts0,FDAA70A1-42A3-4E3F-9AE3-3FDA412E03BF,trust_model,"{""theta"": 0.9996094512790471, ""gain"": 0.3, ""decay"": 0.05, ""tau_lo"": 0.4, ""tau_hi"": 0.6}",180,60,120,0.0,0.65,0,78,60,120,1,0.5586592178770949,0,90.0,90.0,0.23333333333333334,0.0,78,0.65,
D7D20E2E-FC78-405D-B346-DBD3FD8FC92B,D7D20E2E_tsts0,FDAA70A1-42A3-4E3F-9AE3-3FDA412E03BF,sprt,"{""A"": 16, ""B"": 1, ""mu_gen"": 0.9723000268502245, ""sd_gen"": 0.007972702784287957, ""mu_imp"": 0.6475770384473519, ""sd_imp"": 0.3943426487024941}",180,60,120,1.0,0.0,60,0,60,120,0,0.0,0,180.0,180.0,1.0,,0,0.0,0.0
D7D20E2E-FC78-405D-B346-DBD3FD8FC92B,D7D20E2E_tsts1,61359772-D8D8-480D-B623-7C636EAD0C81,instantaneous,"{""theta"": 0.9735666110885797}",180,60,120,0.0,0.9666666666666667,0,116,60,120,6,3.35195530726257,6,25.714285714285715,9.0,0.022222222222222223,0.0,116,0.9666666666666667,
D7D20E2E-FC78-405D-B346-DBD3FD8FC92B,D7D20E2E_tsts1,61359772-D8D8-480D-B623-7C636EAD0C81,moving_average,"{""theta"": 0.979593829330209, ""w"": 3}",180,60,120,0.0,0.9666666666666667,0,116,60,120,2,1.1173184357541899,0,60.0,52.0,0.022222222222222223,0.0,116,0.9666666666666667,4.0
D7D20E2E-FC78-405D-B346-DBD3FD8FC92B,D7D20E2E_tsts1,61359772-D8D8-480D-B623-7C636EAD0C81,ewma,"{""theta"": 0.979203280609256, ""alpha"": 0.2}",180,60,120,0.0,1.0,0,120,60,120,0,0.0,0,180.0,180.0,0.0,0.0,120,1.0,
D7D20E2E-FC78-405D-B346-DBD3FD8FC92B,D7D20E2E_tsts1,61359772-D8D8-480D-B623-7C636EAD0C81,majority_vote,"{""theta"": 0.9735666110885797, ""w"": 3, ""k"": 2}",180,60,120,0.0,0.9833333333333333,0,118,60,120,2,1.1173184357541899,2,60.0,53.0,0.011111111111111112,0.0,118,0.9833333333333333,
D7D20E2E-FC78-405D-B346-DBD3FD8FC92B,D7D20E2E_tsts1,61359772-D8D8-480D-B623-7C636EAD0C81,debounce,"{""theta"": 0.9735666110885797, ""n"": 2}",180,60,120,0.0,0.975,0,117,60,120,3,1.675977653631285,2,45.0,27.5,0.016666666666666666,0.0,117,0.975,
D7D20E2E-FC78-405D-B346-DBD3FD8FC92B,D7D20E2E_tsts1,61359772-D8D8-480D-B623-7C636EAD0C81,margin_dual_threshold,"{""theta"": 0.9996094512790471, ""margin"": 0.05}",180,60,120,0.0,1.0,0,120,60,120,0,0.0,0,180.0,180.0,0.0,0.0,120,1.0,
D7D20E2E-FC78-405D-B346-DBD3FD8FC92B,D7D20E2E_tsts1,61359772-D8D8-480D-B623-7C636EAD0C81,hysteresis,"{""theta"": 0.9996094512790471, ""margin"": 0.05, ""ttt_frames"": 10}",180,60,120,0.0,0.925,0,111,60,120,1,0.5586592178770949,0,90.0,90.0,0.05,0.0,111,0.925,
D7D20E2E-FC78-405D-B346-DBD3FD8FC92B,D7D20E2E_tsts1,61359772-D8D8-480D-B623-7C636EAD0C81,trust_model,"{""theta"": 0.9996094512790471, ""gain"": 0.3, ""decay"": 0.05, ""tau_lo"": 0.4, ""tau_hi"": 0.6}",180,60,120,0.0,0.65,0,78,60,120,1,0.5586592178770949,0,90.0,90.0,0.23333333333333334,0.0,78,0.65,
D7D20E2E-FC78-405D-B346-DBD3FD8FC92B,D7D20E2E_tsts1,61359772-D8D8-480D-B623-7C636EAD0C81,sprt,"{""A"": 16, ""B"": 1, ""mu_gen"": 0.9723000268502245, ""sd_gen"": 0.007972702784287957, ""mu_imp"": 0.6475770384473519, ""sd_imp"": 0.3943426487024941}",180,60,120,0.0,0.06666666666666667,0,8,60,120,4,2.2346368715083798,2,36.0,51.0,0.6222222222222222,0.0,8,0.06666666666666667,9.0
D7D20E2E-FC78-405D-B346-DBD3FD8FC92B,D7D20E2E_tsts2,11B5EC4D-4133-4289-B475-4E737182A406,instantaneous,"{""theta"": 0.9735666110885797}",180,60,120,0.0,0.975,0,117,60,120,6,3.35195530726257,6,25.714285714285715,8.0,0.016666666666666666,0.0,117,0.975,
D7D20E2E-FC78-405D-B346-DBD3FD8FC92B,D7D20E2E_tsts2,11B5EC4D-4133-4289-B475-4E737182A406,moving_average,"{""theta"": 0.979593829330209, ""w"": 3}",180,60,120,0.0,0.95,0,114,60,120,4,2.2346368715083798,4,36.0,6.0,0.03333333333333333,0.0,114,0.95,3.0
D7D20E2E-FC78-405D-B346-DBD3FD8FC92B,D7D20E2E_tsts2,11B5EC4D-4133-4289-B475-4E737182A406,ewma,"{""theta"": 0.979203280609256, ""alpha"": 0.2}",180,60,120,0.0,1.0,0,120,60,120,0,0.0,0,180.0,180.0,0.0,0.0,120,1.0,
D7D20E2E-FC78-405D-B346-DBD3FD8FC92B,D7D20E2E_tsts2,11B5EC4D-4133-4289-B475-4E737182A406,majority_vote,"{""theta"": 0.9735666110885797, ""w"": 3, ""k"": 2}",180,60,120,0.0,1.0,0,120,60,120,0,0.0,0,180.0,180.0,0.0,0.0,120,1.0,
D7D20E2E-FC78-405D-B346-DBD3FD8FC92B,D7D20E2E_tsts2,11B5EC4D-4133-4289-B475-4E737182A406,debounce,"{""theta"": 0.9735666110885797, ""n"": 2}",180,60,120,0.0,0.9916666666666667,0,119,60,120,1,0.5586592178770949,0,90.0,90.0,0.005555555555555556,0.0,119,0.9916666666666667,
D7D20E2E-FC78-405D-B346-DBD3FD8FC92B,D7D20E2E_tsts2,11B5EC4D-4133-4289-B475-4E737182A406,margin_dual_threshold,"{""theta"": 0.9996094512790471, ""margin"": 0.05}",180,60,120,0.0,1.0,0,120,60,120,0,0.0,0,180.0,180.0,0.0,0.0,120,1.0,
D7D20E2E-FC78-405D-B346-DBD3FD8FC92B,D7D20E2E_tsts2,11B5EC4D-4133-4289-B475-4E737182A406,hysteresis,"{""theta"": 0.9996094512790471, ""margin"": 0.05, ""ttt_frames"": 10}",180,60,120,0.0,0.925,0,111,60,120,1,0.5586592178770949,0,90.0,90.0,0.05,0.0,111,0.925,
D7D20E2E-FC78-405D-B346-DBD3FD8FC92B,D7D20E2E_tsts2,11B5EC4D-4133-4289-B475-4E737182A406,trust_model,"{""theta"": 0.9996094512790471, ""gain"": 0.3, ""decay"": 0.05, ""tau_lo"": 0.4, ""tau_hi"": 0.6}",180,60,120,0.0,0.65,0,78,60,120,1,0.5586592178770949,0,90.0,90.0,0.23333333333333334,0.0,78,0.65,
D7D20E2E-FC78-405D-B346-DBD3FD8FC92B,D7D20E2E_tsts2,11B5EC4D-4133-4289-B475-4E737182A406,sprt,"{""A"": 16, ""B"": 1, ""mu_gen"": 0.9723000268502245, ""sd_gen"": 0.007972702784287957, ""mu_imp"": 0.6475770384473519, ""sd_imp"": 0.3943426487024941}",180,60,120,1.0,0.0,60,0,60,120,0,0.0,0,180.0,180.0,1.0,,0,0.0,0.0
D7D20E2E-FC78-405D-B346-DBD3FD8FC92B,D7D20E2E_tsts3,0BFC35E2-4817-4865-BFA7-764742302A2D,instantaneous,"{""theta"": 0.9735666110885797}",180,60,120,0.0,0.8833333333333333,0,106,60,120,18,10.05586592178771,17,9.473684210526315,1.0,0.07777777777777778,0.0,106,0.8833333333333333,15.0
D7D20E2E-FC78-405D-B346-DBD3FD8FC92B,D7D20E2E_tsts3,0BFC35E2-4817-4865-BFA7-764742302A2D,moving_average,"{""theta"": 0.979593829330209, ""w"": 3}",180,60,120,0.0,0.7583333333333333,0,91,60,120,12,6.70391061452514,10,13.846153846153847,3.0,0.16111111111111112,0.0,91,0.7583333333333333,9.0
D7D20E2E-FC78-405D-B346-DBD3FD8FC92B,D7D20E2E_tsts3,0BFC35E2-4817-4865-BFA7-764742302A2D,ewma,"{""theta"": 0.979203280609256, ""alpha"": 0.2}",180,60,120,0.0,0.925,0,111,60,120,6,3.35195530726257,5,25.714285714285715,7.0,0.05,0.0,111,0.925,
D7D20E2E-FC78-405D-B346-DBD3FD8FC92B,D7D20E2E_tsts3,0BFC35E2-4817-4865-BFA7-764742302A2D,majority_vote,"{""theta"": 0.9735666110885797, ""w"": 3, ""k"": 2}",180,60,120,0.0,0.9166666666666666,0,110,60,120,4,2.2346368715083798,0,36.0,21.0,0.05555555555555555,0.0,110,0.9166666666666666,16.0
D7D20E2E-FC78-405D-B346-DBD3FD8FC92B,D7D20E2E_tsts3,0BFC35E2-4817-4865-BFA7-764742302A2D,debounce,"{""theta"": 0.9735666110885797, ""n"": 2}",180,60,120,0.0,0.9,0,108,60,120,5,2.793296089385475,0,30.0,13.5,0.06666666666666667,0.0,108,0.9,16.0
D7D20E2E-FC78-405D-B346-DBD3FD8FC92B,D7D20E2E_tsts3,0BFC35E2-4817-4865-BFA7-764742302A2D,margin_dual_threshold,"{""theta"": 0.9996094512790471, ""margin"": 0.05}",180,60,120,0.0,1.0,0,120,60,120,0,0.0,0,180.0,180.0,0.0,0.0,120,1.0,
D7D20E2E-FC78-405D-B346-DBD3FD8FC92B,D7D20E2E_tsts3,0BFC35E2-4817-4865-BFA7-764742302A2D,hysteresis,"{""theta"": 0.9996094512790471, ""margin"": 0.05, ""ttt_frames"": 10}",180,60,120,0.0,0.925,0,111,60,120,1,0.5586592178770949,0,90.0,90.0,0.05,0.0,111,0.925,
D7D20E2E-FC78-405D-B346-DBD3FD8FC92B,D7D20E2E_tsts3,0BFC35E2-4817-4865-BFA7-764742302A2D,trust_model,"{""theta"": 0.9996094512790471, ""gain"": 0.3, ""decay"": 0.05, ""tau_lo"": 0.4, ""tau_hi"": 0.6}",180,60,120,0.0,0.6,0,72,60,120,1,0.5586592178770949,0,90.0,90.0,0.26666666666666666,0.0,72,0.6,
D7D20E2E-FC78-405D-B346-DBD3FD8FC92B,D7D20E2E_tsts3,0BFC35E2-4817-4865-BFA7-764742302A2D,sprt,"{""A"": 16, ""B"": 1, ""mu_gen"": 0.9723000268502245, ""sd_gen"": 0.007972702784287957, ""mu_imp"": 0.6475770384473519, ""sd_imp"": 0.3943426487024941}",180,60,120,0.0,0.10833333333333334,0,13,60,120,6,3.35195530726257,0,25.714285714285715,15.0,0.5944444444444444,0.0,13,0.10833333333333334,3.0
D7D20E2E-FC78-405D-B346-DBD3FD8FC92B,D7D20E2E_tsts4,11B5EC4D-4133-4289-B475-4E737182A406,instantaneous,"{""theta"": 0.9735666110885797}",180,60,120,0.0,1.0,0,120,60,120,0,0.0,0,180.0,180.0,0.0,0.0,120,1.0,
D7D20E2E-FC78-405D-B346-DBD3FD8FC92B,D7D20E2E_tsts4,11B5EC4D-4133-4289-B475-4E737182A406,moving_average,"{""theta"": 0.979593829330209, ""w"": 3}",180,60,120,0.0,1.0,0,120,60,120,0,0.0,0,180.0,180.0,0.0,0.0,120,1.0,
D7D20E2E-FC78-405D-B346-DBD3FD8FC92B,D7D20E2E_tsts4,11B5EC4D-4133-4289-B475-4E737182A406,ewma,"{""theta"": 0.979203280609256, ""alpha"": 0.2}",180,60,120,0.0,1.0,0,120,60,120,0,0.0,0,180.0,180.0,0.0,0.0,120,1.0,
D7D20E2E-FC78-405D-B346-DBD3FD8FC92B,D7D20E2E_tsts4,11B5EC4D-4133-4289-B475-4E737182A406,majority_vote,"{""theta"": 0.9735666110885797, ""w"": 3, ""k"": 2}",180,60,120,0.0,1.0,0,120,60,120,0,0.0,0,180.0,180.0,0.0,0.0,120,1.0,
D7D20E2E-FC78-405D-B346-DBD3FD8FC92B,D7D20E2E_tsts4,11B5EC4D-4133-4289-B475-4E737182A406,debounce,"{""theta"": 0.9735666110885797, ""n"": 2}",180,60,120,0.0,0.9916666666666667,0,119,60,120,1,0.5586592178770949,0,90.0,90.0,0.005555555555555556,0.0,119,0.9916666666666667,
D7D20E2E-FC78-405D-B346-DBD3FD8FC92B,D7D20E2E_tsts4,11B5EC4D-4133-4289-B475-4E737182A406,margin_dual_threshold,"{""theta"": 0.9996094512790471, ""margin"": 0.05}",180,60,120,0.0,1.0,0,120,60,120,0,0.0,0,180.0,180.0,0.0,0.0,120,1.0,
D7D20E2E-FC78-405D-B346-DBD3FD8FC92B,D7D20E2E_tsts4,11B5EC4D-4133-4289-B475-4E737182A406,hysteresis,"{""theta"": 0.9996094512790471, ""margin"": 0.05, ""ttt_frames"": 10}",180,60,120,0.0,0.925,0,111,60,120,1,0.5586592178770949,0,90.0,90.0,0.05,0.0,111,0.925,
D7D20E2E-FC78-405D-B346-DBD3FD8FC92B,D7D20E2E_tsts4,11B5EC4D-4133-4289-B475-4E737182A406,trust_model,"{""theta"": 0.9996094512790471, ""gain"": 0.3, ""decay"": 0.05, ""tau_lo"": 0.4, ""tau_hi"": 0.6}",180,60,120,0.0,0.65,0,78,60,120,1,0.5586592178770949,0,90.0,90.0,0.23333333333333334,0.0,78,0.65,
D7D20E2E-FC78-405D-B346-DBD3FD8FC92B,D7D20E2E_tsts4,11B5EC4D-4133-4289-B475-4E737182A406,sprt,"{""A"": 16, ""B"": 1, ""mu_gen"": 0.9723000268502245, ""sd_gen"": 0.007972702784287957, ""mu_imp"": 0.6475770384473519, ""sd_imp"": 0.3943426487024941}",180,60,120,1.0,0.0,60,0,60,120,0,0.0,0,180.0,180.0,1.0,,0,0.0,0.0
D7D20E2E-FC78-405D-B346-DBD3FD8FC92B,D7D20E2E_tsts5,24E40C4C-A349-4F9F-93AB-01D00FB994AF,instantaneous,"{""theta"": 0.9735666110885797}",180,60,120,0.03333333333333333,0.9916666666666667,2,119,60,120,6,3.35195530726257,6,25.714285714285715,10.0,0.016666666666666666,0.0,119,0.9916666666666667,
D7D20E2E-FC78-405D-B346-DBD3FD8FC92B,D7D20E2E_tsts5,24E40C4C-A349-4F9F-93AB-01D00FB994AF,moving_average,"{""theta"": 0.979593829330209, ""w"": 3}",180,60,120,0.05,1.0,3,120,60,120,2,1.1173184357541899,2,60.0,75.0,0.016666666666666666,0.0,120,1.0,
D7D20E2E-FC78-405D-B346-DBD3FD8FC92B,D7D20E2E_tsts5,24E40C4C-A349-4F9F-93AB-01D00FB994AF,ewma,"{""theta"": 0.979203280609256, ""alpha"": 0.2}",180,60,120,0.0,1.0,0,120,60,120,0,0.0,0,180.0,180.0,0.0,0.0,120,1.0,
D7D20E2E-FC78-405D-B346-DBD3FD8FC92B,D7D20E2E_tsts5,24E40C4C-A349-4F9F-93AB-01D00FB994AF,majority_vote,"{""theta"": 0.9735666110885797, ""w"": 3, ""k"": 2}",180,60,120,0.0,1.0,0,120,60,120,0,0.0,0,180.0,180.0,0.0,0.0,120,1.0,
D7D20E2E-FC78-405D-B346-DBD3FD8FC92B,D7D20E2E_tsts5,24E40C4C-A349-4F9F-93AB-01D00FB994AF,debounce,"{""theta"": 0.9735666110885797, ""n"": 2}",180,60,120,0.0,0.9916666666666667,0,119,60,120,1,0.5586592178770949,0,90.0,90.0,0.005555555555555556,0.0,119,0.9916666666666667,
D7D20E2E-FC78-405D-B346-DBD3FD8FC92B,D7D20E2E_tsts5,24E40C4C-A349-4F9F-93AB-01D00FB994AF,margin_dual_threshold,"{""theta"": 0.9996094512790471, ""margin"": 0.05}",180,60,120,0.0,1.0,0,120,60,120,0,0.0,0,180.0,180.0,0.0,0.0,120,1.0,
D7D20E2E-FC78-405D-B346-DBD3FD8FC92B,D7D20E2E_tsts5,24E40C4C-A349-4F9F-93AB-01D00FB994AF,hysteresis,"{""theta"": 0.9996094512790471, ""margin"": 0.05, ""ttt_frames"": 10}",180,60,120,0.0,0.925,0,111,60,120,1,0.5586592178770949,0,90.0,90.0,0.05,0.0,111,0.925,
D7D20E2E-FC78-405D-B346-DBD3FD8FC92B,D7D20E2E_tsts5,24E40C4C-A349-4F9F-93AB-01D00FB994AF,trust_model,"{""theta"": 0.9996094512790471, ""gain"": 0.3, ""decay"": 0.05, ""tau_lo"": 0.4, ""tau_hi"": 0.6}",180,60,120,0.0,0.65,0,78,60,120,1,0.5586592178770949,0,90.0,90.0,0.23333333333333334,0.0,78,0.65,
D7D20E2E-FC78-405D-B346-DBD3FD8FC92B,D7D20E2E_tsts5,24E40C4C-A349-4F9F-93AB-01D00FB994AF,sprt,"{""A"": 16, ""B"": 1, ""mu_gen"": 0.9723000268502245, ""sd_gen"": 0.007972702784287957, ""mu_imp"": 0.6475770384473519, ""sd_imp"": 0.3943426487024941}",180,60,120,1.0,0.0,60,0,60,120,0,0.0,0,180.0,180.0,1.0,,0,0.0,0.0
E65577C1-8D5D-4F70-AF23-B3ADB9D3DBA3,E65577C1_tsts0,0BFC35E2-4817-4865-BFA7-764742302A2D,instantaneous,"{""theta"": 1.0}",180,60,120,0.0,0.0,0,0,60,120,2,1.1173184357541899,0,60.0,60.0,0.6666666666666666,0.0,0,0.0,0.0
E65577C1-8D5D-4F70-AF23-B3ADB9D3DBA3,E65577C1_tsts0,0BFC35E2-4817-4865-BFA7-764742302A2D,moving_average,"{""theta"": 1.0, ""w"": 20}",180,60,120,0.0,0.15833333333333333,0,19,60,120,2,1.1173184357541899,0,60.0,60.0,0.5611111111111111,0.0,19,0.15833333333333333,19.0
E65577C1-8D5D-4F70-AF23-B3ADB9D3DBA3,E65577C1_tsts0,0BFC35E2-4817-4865-BFA7-764742302A2D,ewma,"{""theta"": 1.0, ""alpha"": 0.1}",180,60,120,0.0,0.5,0,60,60,120,1,0.5586592178770949,0,90.0,90.0,0.3333333333333333,0.0,60,0.5,
E65577C1-8D5D-4F70-AF23-B3ADB9D3DBA3,E65577C1_tsts0,0BFC35E2-4817-4865-BFA7-764742302A2D,majority_vote,"{""theta"": 1.0, ""w"": 5, ""k"": 4}",180,60,120,0.016666666666666666,0.025,1,3,60,120,2,1.1173184357541899,0,60.0,61.0,0.6555555555555556,1.0,3,0.025,3.0
E65577C1-8D5D-4F70-AF23-B3ADB9D3DBA3,E65577C1_tsts0,0BFC35E2-4817-4865-BFA7-764742302A2D,debounce,"{""theta"": 1.0, ""n"": 2}",180,60,120,0.016666666666666666,0.008333333333333333,1,1,60,120,2,1.1173184357541899,0,60.0,60.0,0.6666666666666666,1.0,1,0.008333333333333333,1.0
E65577C1-8D5D-4F70-AF23-B3ADB9D3DBA3,E65577C1_tsts0,0BFC35E2-4817-4865-BFA7-764742302A2D,margin_dual_threshold,"{""theta"": 1.0, ""margin"": 0.05}",180,60,120,0.0,0.5,0,60,60,120,1,0.5586592178770949,0,90.0,90.0,0.3333333333333333,0.0,60,0.5,
E65577C1-8D5D-4F70-AF23-B3ADB9D3DBA3,E65577C1_tsts0,0BFC35E2-4817-4865-BFA7-764742302A2D,hysteresis,"{""theta"": 1.0, ""margin"": 0.05, ""ttt_frames"": 2}",180,60,120,0.016666666666666666,0.5,1,60,60,120,1,0.5586592178770949,0,90.0,90.0,0.3388888888888889,1.0,60,0.5,
E65577C1-8D5D-4F70-AF23-B3ADB9D3DBA3,E65577C1_tsts0,0BFC35E2-4817-4865-BFA7-764742302A2D,trust_model,"{""theta"": 1.0, ""gain"": 0.3, ""decay"": 0.05, ""tau_lo"": 0.4, ""tau_hi"": 0.6}",180,60,120,0.0,0.5,0,60,60,120,1,0.5586592178770949,0,90.0,90.0,0.3333333333333333,0.0,60,0.5,
E65577C1-8D5D-4F70-AF23-B3ADB9D3DBA3,E65577C1_tsts0,0BFC35E2-4817-4865-BFA7-764742302A2D,sprt,"{""A"": 16, ""B"": 1, ""mu_gen"": 0.9869307462267181, ""sd_gen"": 0.08161763909958054, ""mu_imp"": 0.695983648155794, ""sd_imp"": 0.35055020535571546}",180,60,120,0.0,0.06666666666666667,0,8,60,120,2,1.1173184357541899,0,60.0,60.0,0.6222222222222222,0.0,8,0.06666666666666667,8.0
E65577C1-8D5D-4F70-AF23-B3ADB9D3DBA3,E65577C1_tsts1,806289BC-AD52-4CC1-806C-0CDB14D65EB6,instantaneous,"{""theta"": 1.0}",180,60,120,0.0,0.058333333333333334,0,7,60,120,8,4.4692737430167595,6,20.0,5.0,0.6277777777777778,0.0,7,0.058333333333333334,0.0
E65577C1-8D5D-4F70-AF23-B3ADB9D3DBA3,E65577C1_tsts1,806289BC-AD52-4CC1-806C-0CDB14D65EB6,moving_average,"{""theta"": 1.0, ""w"": 20}",180,60,120,0.0,0.4083333333333333,0,49,60,120,4,2.2346368715083798,0,36.0,24.0,0.39444444444444443,0.0,49,0.4083333333333333,19.0
E65577C1-8D5D-4F70-AF23-B3ADB9D3DBA3,E65577C1_tsts1,806289BC-AD52-4CC1-806C-0CDB14D65EB6,ewma,"{""theta"": 1.0, ""alpha"": 0.1}",180,60,120,0.0,0.8583333333333333,0,103,60,120,1,0.5586592178770949,0,90.0,90.0,0.09444444444444444,0.0,103,0.8583333333333333,
E65577C1-8D5D-4F70-AF23-B3ADB9D3DBA3,E65577C1_tsts1,806289BC-AD52-4CC1-806C-0CDB14D65EB6,majority_vote,"{""theta"": 1.0, ""w"": 5, ""k"": 4}",180,60,120,0.0,0.075,0,9,60,120,4,2.2346368715083798,2,36.0,33.0,0.6166666666666667,0.0,9,0.075,3.0
E65577C1-8D5D-4F70-AF23-B3ADB9D3DBA3,E65577C1_tsts1,806289BC-AD52-4CC1-806C-0CDB14D65EB6,debounce,"{""theta"": 1.0, ""n"": 2}",180,60,120,0.0,0.05,0,6,60,120,2,1.1173184357541899,0,60.0,59.0,0.6333333333333333,0.0,6,0.05,1.0
E65577C1-8D5D-4F70-AF23-B3ADB9D3DBA3,E65577C1_tsts1,806289BC-AD52-4CC1-806C-0CDB14D65EB6,margin_dual_threshold,"{""theta"": 1.0, ""margin"": 0.05}",180,60,120,0.0,0.8583333333333333,0,103,60,120,1,0.5586592178770949,0,90.0,90.0,0.09444444444444444,0.0,103,0.8583333333333333,
E65577C1-8D5D-4F70-AF23-B3ADB9D3DBA3,E65577C1_tsts1,806289BC-AD52-4CC1-806C-0CDB14D65EB6,hysteresis,"{""theta"": 1.0, ""margin"": 0.05, ""ttt_frames"": 2}",180,60,120,0.0,0.5416666666666666,0,65,60,120,1,0.5586592178770949,0,90.0,90.0,0.3055555555555556,0.0,65,0.5416666666666666,
E65577C1-8D5D-4F70-AF23-B3ADB9D3DBA3,E65577C1_tsts1,806289BC-AD52-4CC1-806C-0CDB14D65EB6,trust_model,"{""theta"": 1.0, ""gain"": 0.3, ""decay"": 0.05, ""tau_lo"": 0.4, ""tau_hi"": 0.6}",180,60,120,0.0,0.825,0,99,60,120,1,0.5586592178770949,0,90.0,90.0,0.11666666666666667,0.0,99,0.825,
E65577C1-8D5D-4F70-AF23-B3ADB9D3DBA3,E65577C1_tsts1,806289BC-AD52-4CC1-806C-0CDB14D65EB6,sprt,"{""A"": 16, ""B"": 1, ""mu_gen"": 0.9869307462267181, ""sd_gen"": 0.08161763909958054, ""mu_imp"": 0.695983648155794, ""sd_imp"": 0.35055020535571546}",180,60,120,0.0,0.225,0,27,60,120,4,2.2346368715083798,0,36.0,24.0,0.5166666666666667,0.0,27,0.225,8.0
E65577C1-8D5D-4F70-AF23-B3ADB9D3DBA3,E65577C1_tsts2,61976C24-1C50-4355-9C49-AAE44A7D09F6,instantaneous,"{""theta"": 1.0}",180,60,120,0.7166666666666667,0.008333333333333333,43,1,60,120,14,7.82122905027933,14,12.0,2.0,0.9,44.0,1,0.008333333333333333,0.0
E65577C1-8D5D-4F70-AF23-B3ADB9D3DBA3,E65577C1_tsts2,61976C24-1C50-4355-9C49-AAE44A7D09F6,moving_average,"{""theta"": 1.0, ""w"": 20}",180,60,120,0.35,0.19166666666666668,21,23,60,120,2,1.1173184357541899,0,60.0,62.0,0.6555555555555556,21.0,23,0.19166666666666668,23.0
E65577C1-8D5D-4F70-AF23-B3ADB9D3DBA3,E65577C1_tsts2,61976C24-1C50-4355-9C49-AAE44A7D09F6,ewma,"{""theta"": 1.0, ""alpha"": 0.1}",180,60,120,0.35,0.5,21,60,60,120,1,0.5586592178770949,0,90.0,90.0,0.45,21.0,60,0.5,
E65577C1-8D5D-4F70-AF23-B3ADB9D3DBA3,E65577C1_tsts2,61976C24-1C50-4355-9C49-AAE44A7D09F6,majority_vote,"{""theta"": 1.0, ""w"": 5, ""k"": 4}",180,60,120,0.6833333333333333,0.03333333333333333,41,4,60,120,2,1.1173184357541899,0,60.0,56.0,0.8722222222222222,41.0,4,0.03333333333333333,4.0
E65577C1-8D5D-4F70-AF23-B3ADB9D3DBA3,E65577C1_tsts2,61976C24-1C50-4355-9C49-AAE44A7D09F6,debounce,"{""theta"": 1.0, ""n"": 2}",180,60,120,0.75,0.008333333333333333,45,1,60,120,2,1.1173184357541899,0,60.0,59.0,0.9111111111111111,45.0,1,0.008333333333333333,1.0
E65577C1-8D5D-4F70-AF23-B3ADB9D3DBA3,E65577C1_tsts2,61976C24-1C50-4355-9C49-AAE44A7D09F6,margin_dual_threshold,"{""theta"": 1.0, ""margin"": 0.05}",180,60,120,0.35,0.5,21,60,60,120,1,0.5586592178770949,0,90.0,90.0,0.45,21.0,60,0.5,
E65577C1-8D5D-4F70-AF23-B3ADB9D3DBA3,E65577C1_tsts2,61976C24-1C50-4355-9C49-AAE44A7D09F6,hysteresis,"{""theta"": 1.0, ""margin"": 0.05, ""ttt_frames"": 2}",180,60,120,0.75,0.5,45,60,60,120,1,0.5586592178770949,0,90.0,90.0,0.5833333333333334,45.0,60,0.5,
E65577C1-8D5D-4F70-AF23-B3ADB9D3DBA3,E65577C1_tsts2,61976C24-1C50-4355-9C49-AAE44A7D09F6,trust_model,"{""theta"": 1.0, ""gain"": 0.3, ""decay"": 0.05, ""tau_lo"": 0.4, ""tau_hi"": 0.6}",180,60,120,0.35,0.5,21,60,60,120,1,0.5586592178770949,0,90.0,90.0,0.45,21.0,60,0.5,
E65577C1-8D5D-4F70-AF23-B3ADB9D3DBA3,E65577C1_tsts2,61976C24-1C50-4355-9C49-AAE44A7D09F6,sprt,"{""A"": 16, ""B"": 1, ""mu_gen"": 0.9869307462267181, ""sd_gen"": 0.08161763909958054, ""mu_imp"": 0.695983648155794, ""sd_imp"": 0.35055020535571546}",180,60,120,0.5,0.1,30,12,60,120,4,2.2346368715083798,0,36.0,33.0,0.7666666666666667,21.0,12,0.1,12.0
E65577C1-8D5D-4F70-AF23-B3ADB9D3DBA3,E65577C1_tsts3,665514DE-49DC-421F-8DCB-145D0B2609AD,instantaneous,"{""theta"": 1.0}",180,60,120,0.0,0.0,0,0,60,120,2,1.1173184357541899,0,60.0,60.0,0.6666666666666666,0.0,0,0.0,0.0
E65577C1-8D5D-4F70-AF23-B3ADB9D3DBA3,E65577C1_tsts3,665514DE-49DC-421F-8DCB-145D0B2609AD,moving_average,"{""theta"": 1.0, ""w"": 20}",180,60,120,0.0,0.15833333333333333,0,19,60,120,2,1.1173184357541899,0,60.0,60.0,0.5611111111111111,0.0,19,0.15833333333333333,19.0
E65577C1-8D5D-4F70-AF23-B3ADB9D3DBA3,E65577C1_tsts3,665514DE-49DC-421F-8DCB-145D0B2609AD,ewma,"{""theta"": 1.0, ""alpha"": 0.1}",180,60,120,0.0,0.5,0,60,60,120,1,0.5586592178770949,0,90.0,90.0,0.3333333333333333,0.0,60,0.5,
E65577C1-8D5D-4F70-AF23-B3ADB9D3DBA3,E65577C1_tsts3,665514DE-49DC-421F-8DCB-145D0B2609AD,majority_vote,"{""theta"": 1.0, ""w"": 5, ""k"": 4}",180,60,120,0.016666666666666666,0.025,1,3,60,120,2,1.1173184357541899,0,60.0,61.0,0.6555555555555556,1.0,3,0.025,3.0
E65577C1-8D5D-4F70-AF23-B3ADB9D3DBA3,E65577C1_tsts3,665514DE-49DC-421F-8DCB-145D0B2609AD,debounce,"{""theta"": 1.0, ""n"": 2}",180,60,120,0.016666666666666666,0.008333333333333333,1,1,60,120,2,1.1173184357541899,0,60.0,60.0,0.6666666666666666,1.0,1,0.008333333333333333,1.0
E65577C1-8D5D-4F70-AF23-B3ADB9D3DBA3,E65577C1_tsts3,665514DE-49DC-421F-8DCB-145D0B2609AD,margin_dual_threshold,"{""theta"": 1.0, ""margin"": 0.05}",180,60,120,0.0,0.5,0,60,60,120,1,0.5586592178770949,0,90.0,90.0,0.3333333333333333,0.0,60,0.5,
E65577C1-8D5D-4F70-AF23-B3ADB9D3DBA3,E65577C1_tsts3,665514DE-49DC-421F-8DCB-145D0B2609AD,hysteresis,"{""theta"": 1.0, ""margin"": 0.05, ""ttt_frames"": 2}",180,60,120,0.016666666666666666,0.5,1,60,60,120,1,0.5586592178770949,0,90.0,90.0,0.3388888888888889,1.0,60,0.5,
E65577C1-8D5D-4F70-AF23-B3ADB9D3DBA3,E65577C1_tsts3,665514DE-49DC-421F-8DCB-145D0B2609AD,trust_model,"{""theta"": 1.0, ""gain"": 0.3, ""decay"": 0.05, ""tau_lo"": 0.4, ""tau_hi"": 0.6}",180,60,120,0.0,0.5,0,60,60,120,1,0.5586592178770949,0,90.0,90.0,0.3333333333333333,0.0,60,0.5,
E65577C1-8D5D-4F70-AF23-B3ADB9D3DBA3,E65577C1_tsts3,665514DE-49DC-421F-8DCB-145D0B2609AD,sprt,"{""A"": 16, ""B"": 1, ""mu_gen"": 0.9869307462267181, ""sd_gen"": 0.08161763909958054, ""mu_imp"": 0.695983648155794, ""sd_imp"": 0.35055020535571546}",180,60,120,0.0,0.06666666666666667,0,8,60,120,2,1.1173184357541899,0,60.0,60.0,0.6222222222222222,0.0,8,0.06666666666666667,8.0
E65577C1-8D5D-4F70-AF23-B3ADB9D3DBA3,E65577C1_tsts4,CF722AA9-2533-4E51-9FEB-9EAC84EE9AAC,instantaneous,"{""theta"": 1.0}",180,60,120,1.0,0.008333333333333333,60,1,60,120,2,1.1173184357541899,2,60.0,18.0,0.9944444444444445,,1,0.008333333333333333,0.0
E65577C1-8D5D-4F70-AF23-B3ADB9D3DBA3,E65577C1_tsts4,CF722AA9-2533-4E51-9FEB-9EAC84EE9AAC,moving_average,"{""theta"": 1.0, ""w"": 20}",180,60,120,1.0,0.16666666666666666,60,20,60,120,2,1.1173184357541899,0,60.0,20.0,0.8888888888888888,,20,0.16666666666666666,0.0
E65577C1-8D5D-4F70-AF23-B3ADB9D3DBA3,E65577C1_tsts4,CF722AA9-2533-4E51-9FEB-9EAC84EE9AAC,ewma,"{""theta"": 1.0, ""alpha"": 0.1}",180,60,120,0.0,0.85,0,102,60,120,1,0.5586592178770949,0,90.0,90.0,0.1,0.0,102,0.85,
E65577C1-8D5D-4F70-AF23-B3ADB9D3DBA3,E65577C1_tsts4,CF722AA9-2533-4E51-9FEB-9EAC84EE9AAC,majority_vote,"{""theta"": 1.0, ""w"": 5, ""k"": 4}",180,60,120,1.0,0.0,60,0,60,120,0,0.0,0,180.0,180.0,1.0,,0,0.0,0.0
E65577C1-8D5D-4F70-AF23-B3ADB9D3DBA3,E65577C1_tsts4,CF722AA9-2533-4E51-9FEB-9EAC84EE9AAC,debounce,"{""theta"": 1.0, ""n"": 2}",180,60,120,1.0,0.0,60,0,60,120,0,0.0,0,180.0,180.0,1.0,,0,0.0,0.0
E65577C1-8D5D-4F70-AF23-B3ADB9D3DBA3,E65577C1_tsts4,CF722AA9-2533-4E51-9FEB-9EAC84EE9AAC,margin_dual_threshold,"{""theta"": 1.0, ""margin"": 0.05}",180,60,120,0.0,0.85,0,102,60,120,1,0.5586592178770949,0,90.0,90.0,0.1,0.0,102,0.85,
E65577C1-8D5D-4F70-AF23-B3ADB9D3DBA3,E65577C1_tsts4,CF722AA9-2533-4E51-9FEB-9EAC84EE9AAC,hysteresis,"{""theta"": 1.0, ""margin"": 0.05, ""ttt_frames"": 2}",180,60,120,1.0,0.0,60,0,60,120,0,0.0,0,180.0,180.0,1.0,,0,0.0,0.0
E65577C1-8D5D-4F70-AF23-B3ADB9D3DBA3,E65577C1_tsts4,CF722AA9-2533-4E51-9FEB-9EAC84EE9AAC,trust_model,"{""theta"": 1.0, ""gain"": 0.3, ""decay"": 0.05, ""tau_lo"": 0.4, ""tau_hi"": 0.6}",180,60,120,1.0,0.0,60,0,60,120,0,0.0,0,180.0,180.0,1.0,,0,0.0,0.0
E65577C1-8D5D-4F70-AF23-B3ADB9D3DBA3,E65577C1_tsts4,CF722AA9-2533-4E51-9FEB-9EAC84EE9AAC,sprt,"{""A"": 16, ""B"": 1, ""mu_gen"": 0.9869307462267181, ""sd_gen"": 0.08161763909958054, ""mu_imp"": 0.695983648155794, ""sd_imp"": 0.35055020535571546}",180,60,120,1.0,0.075,60,9,60,120,2,1.1173184357541899,0,60.0,18.0,0.95,,9,0.075,0.0
E65577C1-8D5D-4F70-AF23-B3ADB9D3DBA3,E65577C1_tsts5,00EABED2-271D-49D8-B599-1D4A09240601,instantaneous,"{""theta"": 1.0}",180,60,120,1.0,0.0,60,0,60,120,0,0.0,0,180.0,180.0,1.0,,0,0.0,0.0
E65577C1-8D5D-4F70-AF23-B3ADB9D3DBA3,E65577C1_tsts5,00EABED2-271D-49D8-B599-1D4A09240601,moving_average,"{""theta"": 1.0, ""w"": 20}",180,60,120,1.0,0.0,60,0,60,120,0,0.0,0,180.0,180.0,1.0,,0,0.0,0.0
E65577C1-8D5D-4F70-AF23-B3ADB9D3DBA3,E65577C1_tsts5,00EABED2-271D-49D8-B599-1D4A09240601,ewma,"{""theta"": 1.0, ""alpha"": 0.1}",180,60,120,1.0,0.0,60,0,60,120,0,0.0,0,180.0,180.0,1.0,,0,0.0,0.0
E65577C1-8D5D-4F70-AF23-B3ADB9D3DBA3,E65577C1_tsts5,00EABED2-271D-49D8-B599-1D4A09240601,majority_vote,"{""theta"": 1.0, ""w"": 5, ""k"": 4}",180,60,120,1.0,0.0,60,0,60,120,0,0.0,0,180.0,180.0,1.0,,0,0.0,0.0
E65577C1-8D5D-4F70-AF23-B3ADB9D3DBA3,E65577C1_tsts5,00EABED2-271D-49D8-B599-1D4A09240601,debounce,"{""theta"": 1.0, ""n"": 2}",180,60,120,1.0,0.0,60,0,60,120,0,0.0,0,180.0,180.0,1.0,,0,0.0,0.0
E65577C1-8D5D-4F70-AF23-B3ADB9D3DBA3,E65577C1_tsts5,00EABED2-271D-49D8-B599-1D4A09240601,margin_dual_threshold,"{""theta"": 1.0, ""margin"": 0.05}",180,60,120,1.0,0.0,60,0,60,120,0,0.0,0,180.0,180.0,1.0,,0,0.0,0.0
E65577C1-8D5D-4F70-AF23-B3ADB9D3DBA3,E65577C1_tsts5,00EABED2-271D-49D8-B599-1D4A09240601,hysteresis,"{""theta"": 1.0, ""margin"": 0.05, ""ttt_frames"": 2}",180,60,120,1.0,0.0,60,0,60,120,0,0.0,0,180.0,180.0,1.0,,0,0.0,0.0
E65577C1-8D5D-4F70-AF23-B3ADB9D3DBA3,E65577C1_tsts5,00EABED2-271D-49D8-B599-1D4A09240601,trust_model,"{""theta"": 1.0, ""gain"": 0.3, ""decay"": 0.05, ""tau_lo"": 0.4, ""tau_hi"": 0.6}",180,60,120,1.0,0.0,60,0,60,120,0,0.0,0,180.0,180.0,1.0,,0,0.0,0.0
E65577C1-8D5D-4F70-AF23-B3ADB9D3DBA3,E65577C1_tsts5,00EABED2-271D-49D8-B599-1D4A09240601,sprt,"{""A"": 16, ""B"": 1, ""mu_gen"": 0.9869307462267181, ""sd_gen"": 0.08161763909958054, ""mu_imp"": 0.695983648155794, ""sd_imp"": 0.35055020535571546}",180,60,120,1.0,0.0,60,0,60,120,0,0.0,0,180.0,180.0,1.0,,0,0.0,0.0
ECECC2AB-D32F-4F90-B74C-E12A1C69BBE2,ECECC2AB_tsts0,7CE37510-56D0-4120-A1CF-0E23351428D2,instantaneous,"{""theta"": 1.0}",180,60,120,0.0,0.0,0,0,60,120,2,1.1173184357541899,0,60.0,60.0,0.6666666666666666,0.0,0,0.0,0.0
ECECC2AB-D32F-4F90-B74C-E12A1C69BBE2,ECECC2AB_tsts0,7CE37510-56D0-4120-A1CF-0E23351428D2,moving_average,"{""theta"": 1.0, ""w"": 3}",180,60,120,0.0,0.016666666666666666,0,2,60,120,2,1.1173184357541899,0,60.0,60.0,0.6555555555555556,0.0,2,0.016666666666666666,2.0
ECECC2AB-D32F-4F90-B74C-E12A1C69BBE2,ECECC2AB_tsts0,7CE37510-56D0-4120-A1CF-0E23351428D2,ewma,"{""theta"": 1.0, ""alpha"": 0.5}",180,60,120,0.0,0.4083333333333333,0,49,60,120,2,1.1173184357541899,0,60.0,60.0,0.39444444444444443,0.0,49,0.4083333333333333,49.0
ECECC2AB-D32F-4F90-B74C-E12A1C69BBE2,ECECC2AB_tsts0,7CE37510-56D0-4120-A1CF-0E23351428D2,majority_vote,"{""theta"": 1.0, ""w"": 5, ""k"": 3}",180,60,120,0.03333333333333333,0.016666666666666666,2,2,60,120,2,1.1173184357541899,0,60.0,60.0,0.6666666666666666,2.0,2,0.016666666666666666,2.0
ECECC2AB-D32F-4F90-B74C-E12A1C69BBE2,ECECC2AB_tsts0,7CE37510-56D0-4120-A1CF-0E23351428D2,debounce,"{""theta"": 1.0, ""n"": 3}",180,60,120,0.03333333333333333,0.016666666666666666,2,2,60,120,2,1.1173184357541899,0,60.0,60.0,0.6666666666666666,2.0,2,0.016666666666666666,2.0
ECECC2AB-D32F-4F90-B74C-E12A1C69BBE2,ECECC2AB_tsts0,7CE37510-56D0-4120-A1CF-0E23351428D2,margin_dual_threshold,"{""theta"": 1.0, ""margin"": 0.05}",180,60,120,0.0,0.5,0,60,60,120,1,0.5586592178770949,0,90.0,90.0,0.3333333333333333,0.0,60,0.5,
ECECC2AB-D32F-4F90-B74C-E12A1C69BBE2,ECECC2AB_tsts0,7CE37510-56D0-4120-A1CF-0E23351428D2,hysteresis,"{""theta"": 1.0, ""margin"": 0.05, ""ttt_frames"": 5}",180,60,120,0.06666666666666667,0.5,4,60,60,120,1,0.5586592178770949,0,90.0,90.0,0.35555555555555557,4.0,60,0.5,
ECECC2AB-D32F-4F90-B74C-E12A1C69BBE2,ECECC2AB_tsts0,7CE37510-56D0-4120-A1CF-0E23351428D2,trust_model,"{""theta"": 1.0, ""gain"": 0.3, ""decay"": 0.05, ""tau_lo"": 0.4, ""tau_hi"": 0.6}",180,60,120,0.08333333333333333,0.5,5,60,60,120,1,0.5586592178770949,0,90.0,90.0,0.3611111111111111,5.0,60,0.5,
ECECC2AB-D32F-4F90-B74C-E12A1C69BBE2,ECECC2AB_tsts0,7CE37510-56D0-4120-A1CF-0E23351428D2,sprt,"{""A"": 8, ""B"": 16, ""mu_gen"": 0.9971744281887492, ""sd_gen"": 0.014315490149568752, ""mu_imp"": 0.5979971581152551, ""sd_imp"": 0.3625917421118007}",180,60,120,0.016666666666666666,0.016666666666666666,1,2,60,120,2,1.1173184357541899,0,60.0,61.0,0.6611111111111111,1.0,2,0.016666666666666666,2.0
ECECC2AB-D32F-4F90-B74C-E12A1C69BBE2,ECECC2AB_tsts1,A7599A50-24AE-46A6-8EA6-2576F1011D81,instantaneous,"{""theta"": 1.0}",180,60,120,0.0,0.0,0,0,60,120,2,1.1173184357541899,0,60.0,60.0,0.6666666666666666,0.0,0,0.0,0.0
ECECC2AB-D32F-4F90-B74C-E12A1C69BBE2,ECECC2AB_tsts1,A7599A50-24AE-46A6-8EA6-2576F1011D81,moving_average,"{""theta"": 1.0, ""w"": 3}",180,60,120,0.0,0.016666666666666666,0,2,60,120,2,1.1173184357541899,0,60.0,60.0,0.6555555555555556,0.0,2,0.016666666666666666,2.0
ECECC2AB-D32F-4F90-B74C-E12A1C69BBE2,ECECC2AB_tsts1,A7599A50-24AE-46A6-8EA6-2576F1011D81,ewma,"{""theta"": 1.0, ""alpha"": 0.5}",180,60,120,0.0,0.44166666666666665,0,53,60,120,2,1.1173184357541899,0,60.0,60.0,0.37222222222222223,0.0,53,0.44166666666666665,53.0
ECECC2AB-D32F-4F90-B74C-E12A1C69BBE2,ECECC2AB_tsts1,A7599A50-24AE-46A6-8EA6-2576F1011D81,majority_vote,"{""theta"": 1.0, ""w"": 5, ""k"": 3}",180,60,120,0.03333333333333333,0.016666666666666666,2,2,60,120,2,1.1173184357541899,0,60.0,60.0,0.6666666666666666,2.0,2,0.016666666666666666,2.0
ECECC2AB-D32F-4F90-B74C-E12A1C69BBE2,ECECC2AB_tsts1,A7599A50-24AE-46A6-8EA6-2576F1011D81,debounce,"{""theta"": 1.0, ""n"": 3}",180,60,120,0.03333333333333333,0.016666666666666666,2,2,60,120,2,1.1173184357541899,0,60.0,60.0,0.6666666666666666,2.0,2,0.016666666666666666,2.0
ECECC2AB-D32F-4F90-B74C-E12A1C69BBE2,ECECC2AB_tsts1,A7599A50-24AE-46A6-8EA6-2576F1011D81,margin_dual_threshold,"{""theta"": 1.0, ""margin"": 0.05}",180,60,120,0.0,0.5,0,60,60,120,1,0.5586592178770949,0,90.0,90.0,0.3333333333333333,0.0,60,0.5,
ECECC2AB-D32F-4F90-B74C-E12A1C69BBE2,ECECC2AB_tsts1,A7599A50-24AE-46A6-8EA6-2576F1011D81,hysteresis,"{""theta"": 1.0, ""margin"": 0.05, ""ttt_frames"": 5}",180,60,120,0.06666666666666667,0.5,4,60,60,120,1,0.5586592178770949,0,90.0,90.0,0.35555555555555557,4.0,60,0.5,
ECECC2AB-D32F-4F90-B74C-E12A1C69BBE2,ECECC2AB_tsts1,A7599A50-24AE-46A6-8EA6-2576F1011D81,trust_model,"{""theta"": 1.0, ""gain"": 0.3, ""decay"": 0.05, ""tau_lo"": 0.4, ""tau_hi"": 0.6}",180,60,120,0.0,0.5,0,60,60,120,1,0.5586592178770949,0,90.0,90.0,0.3333333333333333,0.0,60,0.5,
ECECC2AB-D32F-4F90-B74C-E12A1C69BBE2,ECECC2AB_tsts1,A7599A50-24AE-46A6-8EA6-2576F1011D81,sprt,"{""A"": 8, ""B"": 16, ""mu_gen"": 0.9971744281887492, ""sd_gen"": 0.014315490149568752, ""mu_imp"": 0.5979971581152551, ""sd_imp"": 0.3625917421118007}",180,60,120,0.0,0.016666666666666666,0,2,60,120,2,1.1173184357541899,0,60.0,60.0,0.6555555555555556,0.0,2,0.016666666666666666,2.0
ECECC2AB-D32F-4F90-B74C-E12A1C69BBE2,ECECC2AB_tsts2,CF722AA9-2533-4E51-9FEB-9EAC84EE9AAC,instantaneous,"{""theta"": 1.0}",180,60,120,0.0,0.008333333333333333,0,1,60,120,4,2.2346368715083798,2,36.0,36.0,0.6611111111111111,0.0,1,0.008333333333333333,0.0
ECECC2AB-D32F-4F90-B74C-E12A1C69BBE2,ECECC2AB_tsts2,CF722AA9-2533-4E51-9FEB-9EAC84EE9AAC,moving_average,"{""theta"": 1.0, ""w"": 3}",180,60,120,0.0,0.041666666666666664,0,5,60,120,4,2.2346368715083798,2,36.0,34.0,0.6388888888888888,0.0,5,0.041666666666666664,2.0
ECECC2AB-D32F-4F90-B74C-E12A1C69BBE2,ECECC2AB_tsts2,CF722AA9-2533-4E51-9FEB-9EAC84EE9AAC,ewma,"{""theta"": 1.0, ""alpha"": 0.5}",180,60,120,0.0,0.5,0,60,60,120,1,0.5586592178770949,0,90.0,90.0,0.3333333333333333,0.0,60,0.5,
ECECC2AB-D32F-4F90-B74C-E12A1C69BBE2,ECECC2AB_tsts2,CF722AA9-2533-4E51-9FEB-9EAC84EE9AAC,majority_vote,"{""theta"": 1.0, ""w"": 5, ""k"": 3}",180,60,120,0.03333333333333333,0.016666666666666666,2,2,60,120,2,1.1173184357541899,0,60.0,60.0,0.6666666666666666,2.0,2,0.016666666666666666,2.0
ECECC2AB-D32F-4F90-B74C-E12A1C69BBE2,ECECC2AB_tsts2,CF722AA9-2533-4E51-9FEB-9EAC84EE9AAC,debounce,"{""theta"": 1.0, ""n"": 3}",180,60,120,0.03333333333333333,0.016666666666666666,2,2,60,120,2,1.1173184357541899,0,60.0,60.0,0.6666666666666666,2.0,2,0.016666666666666666,2.0
ECECC2AB-D32F-4F90-B74C-E12A1C69BBE2,ECECC2AB_tsts2,CF722AA9-2533-4E51-9FEB-9EAC84EE9AAC,margin_dual_threshold,"{""theta"": 1.0, ""margin"": 0.05}",180,60,120,0.0,0.5,0,60,60,120,1,0.5586592178770949,0,90.0,90.0,0.3333333333333333,0.0,60,0.5,
ECECC2AB-D32F-4F90-B74C-E12A1C69BBE2,ECECC2AB_tsts2,CF722AA9-2533-4E51-9FEB-9EAC84EE9AAC,hysteresis,"{""theta"": 1.0, ""margin"": 0.05, ""ttt_frames"": 5}",180,60,120,0.06666666666666667,0.5,4,60,60,120,1,0.5586592178770949,0,90.0,90.0,0.35555555555555557,4.0,60,0.5,
ECECC2AB-D32F-4F90-B74C-E12A1C69BBE2,ECECC2AB_tsts2,CF722AA9-2533-4E51-9FEB-9EAC84EE9AAC,trust_model,"{""theta"": 1.0, ""gain"": 0.3, ""decay"": 0.05, ""tau_lo"": 0.4, ""tau_hi"": 0.6}",180,60,120,0.08333333333333333,0.5,5,60,60,120,1,0.5586592178770949,0,90.0,90.0,0.3611111111111111,5.0,60,0.5,
ECECC2AB-D32F-4F90-B74C-E12A1C69BBE2,ECECC2AB_tsts2,CF722AA9-2533-4E51-9FEB-9EAC84EE9AAC,sprt,"{""A"": 8, ""B"": 16, ""mu_gen"": 0.9971744281887492, ""sd_gen"": 0.014315490149568752, ""mu_imp"": 0.5979971581152551, ""sd_imp"": 0.3625917421118007}",180,60,120,0.016666666666666666,0.016666666666666666,1,2,60,120,2,1.1173184357541899,0,60.0,61.0,0.6611111111111111,1.0,2,0.016666666666666666,2.0
ECECC2AB-D32F-4F90-B74C-E12A1C69BBE2,ECECC2AB_tsts3,24E40C4C-A349-4F9F-93AB-01D00FB994AF,instantaneous,"{""theta"": 1.0}",180,60,120,0.0,0.0,0,0,60,120,2,1.1173184357541899,0,60.0,60.0,0.6666666666666666,0.0,0,0.0,0.0
ECECC2AB-D32F-4F90-B74C-E12A1C69BBE2,ECECC2AB_tsts3,24E40C4C-A349-4F9F-93AB-01D00FB994AF,moving_average,"{""theta"": 1.0, ""w"": 3}",180,60,120,0.0,0.016666666666666666,0,2,60,120,2,1.1173184357541899,0,60.0,60.0,0.6555555555555556,0.0,2,0.016666666666666666,2.0
ECECC2AB-D32F-4F90-B74C-E12A1C69BBE2,ECECC2AB_tsts3,24E40C4C-A349-4F9F-93AB-01D00FB994AF,ewma,"{""theta"": 1.0, ""alpha"": 0.5}",180,60,120,0.0,0.4083333333333333,0,49,60,120,2,1.1173184357541899,0,60.0,60.0,0.39444444444444443,0.0,49,0.4083333333333333,49.0
ECECC2AB-D32F-4F90-B74C-E12A1C69BBE2,ECECC2AB_tsts3,24E40C4C-A349-4F9F-93AB-01D00FB994AF,majority_vote,"{""theta"": 1.0, ""w"": 5, ""k"": 3}",180,60,120,0.03333333333333333,0.016666666666666666,2,2,60,120,2,1.1173184357541899,0,60.0,60.0,0.6666666666666666,2.0,2,0.016666666666666666,2.0
ECECC2AB-D32F-4F90-B74C-E12A1C69BBE2,ECECC2AB_tsts3,24E40C4C-A349-4F9F-93AB-01D00FB994AF,debounce,"{""theta"": 1.0, ""n"": 3}",180,60,120,0.03333333333333333,0.016666666666666666,2,2,60,120,2,1.1173184357541899,0,60.0,60.0,0.6666666666666666,2.0,2,0.016666666666666666,2.0
ECECC2AB-D32F-4F90-B74C-E12A1C69BBE2,ECECC2AB_tsts3,24E40C4C-A349-4F9F-93AB-01D00FB994AF,margin_dual_threshold,"{""theta"": 1.0, ""margin"": 0.05}",180,60,120,0.0,0.5,0,60,60,120,1,0.5586592178770949,0,90.0,90.0,0.3333333333333333,0.0,60,0.5,
ECECC2AB-D32F-4F90-B74C-E12A1C69BBE2,ECECC2AB_tsts3,24E40C4C-A349-4F9F-93AB-01D00FB994AF,hysteresis,"{""theta"": 1.0, ""margin"": 0.05, ""ttt_frames"": 5}",180,60,120,0.06666666666666667,0.5,4,60,60,120,1,0.5586592178770949,0,90.0,90.0,0.35555555555555557,4.0,60,0.5,
ECECC2AB-D32F-4F90-B74C-E12A1C69BBE2,ECECC2AB_tsts3,24E40C4C-A349-4F9F-93AB-01D00FB994AF,trust_model,"{""theta"": 1.0, ""gain"": 0.3, ""decay"": 0.05, ""tau_lo"": 0.4, ""tau_hi"": 0.6}",180,60,120,0.08333333333333333,0.5,5,60,60,120,1,0.5586592178770949,0,90.0,90.0,0.3611111111111111,5.0,60,0.5,
ECECC2AB-D32F-4F90-B74C-E12A1C69BBE2,ECECC2AB_tsts3,24E40C4C-A349-4F9F-93AB-01D00FB994AF,sprt,"{""A"": 8, ""B"": 16, ""mu_gen"": 0.9971744281887492, ""sd_gen"": 0.014315490149568752, ""mu_imp"": 0.5979971581152551, ""sd_imp"": 0.3625917421118007}",180,60,120,0.016666666666666666,0.016666666666666666,1,2,60,120,2,1.1173184357541899,0,60.0,61.0,0.6611111111111111,1.0,2,0.016666666666666666,2.0
ECECC2AB-D32F-4F90-B74C-E12A1C69BBE2,ECECC2AB_tsts4,78A91A4E-4A51-4065-BDA7-94755F0BB3BB,instantaneous,"{""theta"": 1.0}",180,60,120,0.0,0.0,0,0,60,120,2,1.1173184357541899,0,60.0,60.0,0.6666666666666666,0.0,0,0.0,0.0
ECECC2AB-D32F-4F90-B74C-E12A1C69BBE2,ECECC2AB_tsts4,78A91A4E-4A51-4065-BDA7-94755F0BB3BB,moving_average,"{""theta"": 1.0, ""w"": 3}",180,60,120,0.0,0.016666666666666666,0,2,60,120,2,1.1173184357541899,0,60.0,60.0,0.6555555555555556,0.0,2,0.016666666666666666,2.0
ECECC2AB-D32F-4F90-B74C-E12A1C69BBE2,ECECC2AB_tsts4,78A91A4E-4A51-4065-BDA7-94755F0BB3BB,ewma,"{""theta"": 1.0, ""alpha"": 0.5}",180,60,120,0.0,0.4083333333333333,0,49,60,120,2,1.1173184357541899,0,60.0,60.0,0.39444444444444443,0.0,49,0.4083333333333333,49.0
ECECC2AB-D32F-4F90-B74C-E12A1C69BBE2,ECECC2AB_tsts4,78A91A4E-4A51-4065-BDA7-94755F0BB3BB,majority_vote,"{""theta"": 1.0, ""w"": 5, ""k"": 3}",180,60,120,0.03333333333333333,0.016666666666666666,2,2,60,120,2,1.1173184357541899,0,60.0,60.0,0.6666666666666666,2.0,2,0.016666666666666666,2.0
ECECC2AB-D32F-4F90-B74C-E12A1C69BBE2,ECECC2AB_tsts4,78A91A4E-4A51-4065-BDA7-94755F0BB3BB,debounce,"{""theta"": 1.0, ""n"": 3}",180,60,120,0.03333333333333333,0.016666666666666666,2,2,60,120,2,1.1173184357541899,0,60.0,60.0,0.6666666666666666,2.0,2,0.016666666666666666,2.0
ECECC2AB-D32F-4F90-B74C-E12A1C69BBE2,ECECC2AB_tsts4,78A91A4E-4A51-4065-BDA7-94755F0BB3BB,margin_dual_threshold,"{""theta"": 1.0, ""margin"": 0.05}",180,60,120,0.0,0.5,0,60,60,120,1,0.5586592178770949,0,90.0,90.0,0.3333333333333333,0.0,60,0.5,
ECECC2AB-D32F-4F90-B74C-E12A1C69BBE2,ECECC2AB_tsts4,78A91A4E-4A51-4065-BDA7-94755F0BB3BB,hysteresis,"{""theta"": 1.0, ""margin"": 0.05, ""ttt_frames"": 5}",180,60,120,0.06666666666666667,0.5,4,60,60,120,1,0.5586592178770949,0,90.0,90.0,0.35555555555555557,4.0,60,0.5,
ECECC2AB-D32F-4F90-B74C-E12A1C69BBE2,ECECC2AB_tsts4,78A91A4E-4A51-4065-BDA7-94755F0BB3BB,trust_model,"{""theta"": 1.0, ""gain"": 0.3, ""decay"": 0.05, ""tau_lo"": 0.4, ""tau_hi"": 0.6}",180,60,120,0.08333333333333333,0.5,5,60,60,120,1,0.5586592178770949,0,90.0,90.0,0.3611111111111111,5.0,60,0.5,
ECECC2AB-D32F-4F90-B74C-E12A1C69BBE2,ECECC2AB_tsts4,78A91A4E-4A51-4065-BDA7-94755F0BB3BB,sprt,"{""A"": 8, ""B"": 16, ""mu_gen"": 0.9971744281887492, ""sd_gen"": 0.014315490149568752, ""mu_imp"": 0.5979971581152551, ""sd_imp"": 0.3625917421118007}",180,60,120,0.016666666666666666,0.016666666666666666,1,2,60,120,2,1.1173184357541899,0,60.0,61.0,0.6611111111111111,1.0,2,0.016666666666666666,2.0
ECECC2AB-D32F-4F90-B74C-E12A1C69BBE2,ECECC2AB_tsts5,CF722AA9-2533-4E51-9FEB-9EAC84EE9AAC,instantaneous,"{""theta"": 1.0}",180,60,120,0.0,0.0,0,0,60,120,2,1.1173184357541899,0,60.0,60.0,0.6666666666666666,0.0,0,0.0,0.0
ECECC2AB-D32F-4F90-B74C-E12A1C69BBE2,ECECC2AB_tsts5,CF722AA9-2533-4E51-9FEB-9EAC84EE9AAC,moving_average,"{""theta"": 1.0, ""w"": 3}",180,60,120,0.0,0.016666666666666666,0,2,60,120,2,1.1173184357541899,0,60.0,60.0,0.6555555555555556,0.0,2,0.016666666666666666,2.0
ECECC2AB-D32F-4F90-B74C-E12A1C69BBE2,ECECC2AB_tsts5,CF722AA9-2533-4E51-9FEB-9EAC84EE9AAC,ewma,"{""theta"": 1.0, ""alpha"": 0.5}",180,60,120,0.0,0.4083333333333333,0,49,60,120,2,1.1173184357541899,0,60.0,60.0,0.39444444444444443,0.0,49,0.4083333333333333,49.0
ECECC2AB-D32F-4F90-B74C-E12A1C69BBE2,ECECC2AB_tsts5,CF722AA9-2533-4E51-9FEB-9EAC84EE9AAC,majority_vote,"{""theta"": 1.0, ""w"": 5, ""k"": 3}",180,60,120,0.03333333333333333,0.016666666666666666,2,2,60,120,2,1.1173184357541899,0,60.0,60.0,0.6666666666666666,2.0,2,0.016666666666666666,2.0
ECECC2AB-D32F-4F90-B74C-E12A1C69BBE2,ECECC2AB_tsts5,CF722AA9-2533-4E51-9FEB-9EAC84EE9AAC,debounce,"{""theta"": 1.0, ""n"": 3}",180,60,120,0.03333333333333333,0.016666666666666666,2,2,60,120,2,1.1173184357541899,0,60.0,60.0,0.6666666666666666,2.0,2,0.016666666666666666,2.0
ECECC2AB-D32F-4F90-B74C-E12A1C69BBE2,ECECC2AB_tsts5,CF722AA9-2533-4E51-9FEB-9EAC84EE9AAC,margin_dual_threshold,"{""theta"": 1.0, ""margin"": 0.05}",180,60,120,0.0,0.5,0,60,60,120,1,0.5586592178770949,0,90.0,90.0,0.3333333333333333,0.0,60,0.5,
ECECC2AB-D32F-4F90-B74C-E12A1C69BBE2,ECECC2AB_tsts5,CF722AA9-2533-4E51-9FEB-9EAC84EE9AAC,hysteresis,"{""theta"": 1.0, ""margin"": 0.05, ""ttt_frames"": 5}",180,60,120,0.06666666666666667,0.5,4,60,60,120,1,0.5586592178770949,0,90.0,90.0,0.35555555555555557,4.0,60,0.5,
ECECC2AB-D32F-4F90-B74C-E12A1C69BBE2,ECECC2AB_tsts5,CF722AA9-2533-4E51-9FEB-9EAC84EE9AAC,trust_model,"{""theta"": 1.0, ""gain"": 0.3, ""decay"": 0.05, ""tau_lo"": 0.4, ""tau_hi"": 0.6}",180,60,120,0.08333333333333333,0.5,5,60,60,120,1,0.5586592178770949,0,90.0,90.0,0.3611111111111111,5.0,60,0.5,
ECECC2AB-D32F-4F90-B74C-E12A1C69BBE2,ECECC2AB_tsts5,CF722AA9-2533-4E51-9FEB-9EAC84EE9AAC,sprt,"{""A"": 8, ""B"": 16, ""mu_gen"": 0.9971744281887492, ""sd_gen"": 0.014315490149568752, ""mu_imp"": 0.5979971581152551, ""sd_imp"": 0.3625917421118007}",180,60,120,0.016666666666666666,0.016666666666666666,1,2,60,120,2,1.1173184357541899,0,60.0,61.0,0.6611111111111111,1.0,2,0.016666666666666666,2.0
FDAA70A1-42A3-4E3F-9AE3-3FDA412E03BF,FDAA70A1_tsts0,24E40C4C-A349-4F9F-93AB-01D00FB994AF,instantaneous,"{""theta"": 1.0}",180,60,120,1.0,0.0,60,0,60,120,0,0.0,0,180.0,180.0,1.0,,0,0.0,0.0
FDAA70A1-42A3-4E3F-9AE3-3FDA412E03BF,FDAA70A1_tsts0,24E40C4C-A349-4F9F-93AB-01D00FB994AF,moving_average,"{""theta"": 1.0, ""w"": 20}",180,60,120,1.0,0.0,60,0,60,120,0,0.0,0,180.0,180.0,1.0,,0,0.0,0.0
FDAA70A1-42A3-4E3F-9AE3-3FDA412E03BF,FDAA70A1_tsts0,24E40C4C-A349-4F9F-93AB-01D00FB994AF,ewma,"{""theta"": 1.0, ""alpha"": 0.1}",180,60,120,1.0,0.0,60,0,60,120,0,0.0,0,180.0,180.0,1.0,,0,0.0,0.0
FDAA70A1-42A3-4E3F-9AE3-3FDA412E03BF,FDAA70A1_tsts0,24E40C4C-A349-4F9F-93AB-01D00FB994AF,majority_vote,"{""theta"": 1.0, ""w"": 5, ""k"": 4}",180,60,120,1.0,0.0,60,0,60,120,0,0.0,0,180.0,180.0,1.0,,0,0.0,0.0
FDAA70A1-42A3-4E3F-9AE3-3FDA412E03BF,FDAA70A1_tsts0,24E40C4C-A349-4F9F-93AB-01D00FB994AF,debounce,"{""theta"": 1.0, ""n"": 2}",180,60,120,1.0,0.0,60,0,60,120,0,0.0,0,180.0,180.0,1.0,,0,0.0,0.0
FDAA70A1-42A3-4E3F-9AE3-3FDA412E03BF,FDAA70A1_tsts0,24E40C4C-A349-4F9F-93AB-01D00FB994AF,margin_dual_threshold,"{""theta"": 1.0, ""margin"": 0.05}",180,60,120,1.0,0.0,60,0,60,120,0,0.0,0,180.0,180.0,1.0,,0,0.0,0.0
FDAA70A1-42A3-4E3F-9AE3-3FDA412E03BF,FDAA70A1_tsts0,24E40C4C-A349-4F9F-93AB-01D00FB994AF,hysteresis,"{""theta"": 1.0, ""margin"": 0.05, ""ttt_frames"": 2}",180,60,120,1.0,0.0,60,0,60,120,0,0.0,0,180.0,180.0,1.0,,0,0.0,0.0
FDAA70A1-42A3-4E3F-9AE3-3FDA412E03BF,FDAA70A1_tsts0,24E40C4C-A349-4F9F-93AB-01D00FB994AF,trust_model,"{""theta"": 1.0, ""gain"": 0.3, ""decay"": 0.05, ""tau_lo"": 0.4, ""tau_hi"": 0.6}",180,60,120,1.0,0.0,60,0,60,120,0,0.0,0,180.0,180.0,1.0,,0,0.0,0.0
FDAA70A1-42A3-4E3F-9AE3-3FDA412E03BF,FDAA70A1_tsts0,24E40C4C-A349-4F9F-93AB-01D00FB994AF,sprt,"{""A"": 16, ""B"": 1, ""mu_gen"": 0.9981407370351841, ""sd_gen"": 0.03149791211588898, ""mu_imp"": 0.6823584014229337, ""sd_imp"": 0.35704607747837774}",180,60,120,1.0,0.0,60,0,60,120,0,0.0,0,180.0,180.0,1.0,,0,0.0,0.0
FDAA70A1-42A3-4E3F-9AE3-3FDA412E03BF,FDAA70A1_tsts1,11B5EC4D-4133-4289-B475-4E737182A406,instantaneous,"{""theta"": 1.0}",180,60,120,1.0,0.0,60,0,60,120,0,0.0,0,180.0,180.0,1.0,,0,0.0,0.0
FDAA70A1-42A3-4E3F-9AE3-3FDA412E03BF,FDAA70A1_tsts1,11B5EC4D-4133-4289-B475-4E737182A406,moving_average,"{""theta"": 1.0, ""w"": 20}",180,60,120,1.0,0.0,60,0,60,120,0,0.0,0,180.0,180.0,1.0,,0,0.0,0.0
FDAA70A1-42A3-4E3F-9AE3-3FDA412E03BF,FDAA70A1_tsts1,11B5EC4D-4133-4289-B475-4E737182A406,ewma,"{""theta"": 1.0, ""alpha"": 0.1}",180,60,120,1.0,0.0,60,0,60,120,0,0.0,0,180.0,180.0,1.0,,0,0.0,0.0
FDAA70A1-42A3-4E3F-9AE3-3FDA412E03BF,FDAA70A1_tsts1,11B5EC4D-4133-4289-B475-4E737182A406,majority_vote,"{""theta"": 1.0, ""w"": 5, ""k"": 4}",180,60,120,1.0,0.0,60,0,60,120,0,0.0,0,180.0,180.0,1.0,,0,0.0,0.0
FDAA70A1-42A3-4E3F-9AE3-3FDA412E03BF,FDAA70A1_tsts1,11B5EC4D-4133-4289-B475-4E737182A406,debounce,"{""theta"": 1.0, ""n"": 2}",180,60,120,1.0,0.0,60,0,60,120,0,0.0,0,180.0,180.0,1.0,,0,0.0,0.0
FDAA70A1-42A3-4E3F-9AE3-3FDA412E03BF,FDAA70A1_tsts1,11B5EC4D-4133-4289-B475-4E737182A406,margin_dual_threshold,"{""theta"": 1.0, ""margin"": 0.05}",180,60,120,1.0,0.0,60,0,60,120,0,0.0,0,180.0,180.0,1.0,,0,0.0,0.0
FDAA70A1-42A3-4E3F-9AE3-3FDA412E03BF,FDAA70A1_tsts1,11B5EC4D-4133-4289-B475-4E737182A406,hysteresis,"{""theta"": 1.0, ""margin"": 0.05, ""ttt_frames"": 2}",180,60,120,1.0,0.0,60,0,60,120,0,0.0,0,180.0,180.0,1.0,,0,0.0,0.0
FDAA70A1-42A3-4E3F-9AE3-3FDA412E03BF,FDAA70A1_tsts1,11B5EC4D-4133-4289-B475-4E737182A406,trust_model,"{""theta"": 1.0, ""gain"": 0.3, ""decay"": 0.05, ""tau_lo"": 0.4, ""tau_hi"": 0.6}",180,60,120,1.0,0.0,60,0,60,120,0,0.0,0,180.0,180.0,1.0,,0,0.0,0.0
FDAA70A1-42A3-4E3F-9AE3-3FDA412E03BF,FDAA70A1_tsts1,11B5EC4D-4133-4289-B475-4E737182A406,sprt,"{""A"": 16, ""B"": 1, ""mu_gen"": 0.9981407370351841, ""sd_gen"": 0.03149791211588898, ""mu_imp"": 0.6823584014229337, ""sd_imp"": 0.35704607747837774}",180,60,120,1.0,0.0,60,0,60,120,0,0.0,0,180.0,180.0,1.0,,0,0.0,0.0
FDAA70A1-42A3-4E3F-9AE3-3FDA412E03BF,FDAA70A1_tsts2,481F4DD2-7689-43B9-A2AA-C8772227162B,instantaneous,"{""theta"": 1.0}",180,60,120,0.0,0.0,0,0,60,120,2,1.1173184357541899,0,60.0,60.0,0.6666666666666666,0.0,0,0.0,0.0
FDAA70A1-42A3-4E3F-9AE3-3FDA412E03BF,FDAA70A1_tsts2,481F4DD2-7689-43B9-A2AA-C8772227162B,moving_average,"{""theta"": 1.0, ""w"": 20}",180,60,120,0.0,0.15833333333333333,0,19,60,120,2,1.1173184357541899,0,60.0,60.0,0.5611111111111111,0.0,19,0.15833333333333333,19.0
FDAA70A1-42A3-4E3F-9AE3-3FDA412E03BF,FDAA70A1_tsts2,481F4DD2-7689-43B9-A2AA-C8772227162B,ewma,"{""theta"": 1.0, ""alpha"": 0.1}",180,60,120,0.0,0.5,0,60,60,120,1,0.5586592178770949,0,90.0,90.0,0.3333333333333333,0.0,60,0.5,
FDAA70A1-42A3-4E3F-9AE3-3FDA412E03BF,FDAA70A1_tsts2,481F4DD2-7689-43B9-A2AA-C8772227162B,majority_vote,"{""theta"": 1.0, ""w"": 5, ""k"": 4}",180,60,120,0.016666666666666666,0.025,1,3,60,120,2,1.1173184357541899,0,60.0,61.0,0.6555555555555556,1.0,3,0.025,3.0
FDAA70A1-42A3-4E3F-9AE3-3FDA412E03BF,FDAA70A1_tsts2,481F4DD2-7689-43B9-A2AA-C8772227162B,debounce,"{""theta"": 1.0, ""n"": 2}",180,60,120,0.016666666666666666,0.008333333333333333,1,1,60,120,2,1.1173184357541899,0,60.0,60.0,0.6666666666666666,1.0,1,0.008333333333333333,1.0
FDAA70A1-42A3-4E3F-9AE3-3FDA412E03BF,FDAA70A1_tsts2,481F4DD2-7689-43B9-A2AA-C8772227162B,margin_dual_threshold,"{""theta"": 1.0, ""margin"": 0.05}",180,60,120,0.0,0.5,0,60,60,120,1,0.5586592178770949,0,90.0,90.0,0.3333333333333333,0.0,60,0.5,
FDAA70A1-42A3-4E3F-9AE3-3FDA412E03BF,FDAA70A1_tsts2,481F4DD2-7689-43B9-A2AA-C8772227162B,hysteresis,"{""theta"": 1.0, ""margin"": 0.05, ""ttt_frames"": 2}",180,60,120,0.016666666666666666,0.5,1,60,60,120,1,0.5586592178770949,0,90.0,90.0,0.3388888888888889,1.0,60,0.5,
FDAA70A1-42A3-4E3F-9AE3-3FDA412E03BF,FDAA70A1_tsts2,481F4DD2-7689-43B9-A2AA-C8772227162B,trust_model,"{""theta"": 1.0, ""gain"": 0.3, ""decay"": 0.05, ""tau_lo"": 0.4, ""tau_hi"": 0.6}",180,60,120,0.0,0.5,0,60,60,120,1,0.5586592178770949,0,90.0,90.0,0.3333333333333333,0.0,60,0.5,
FDAA70A1-42A3-4E3F-9AE3-3FDA412E03BF,FDAA70A1_tsts2,481F4DD2-7689-43B9-A2AA-C8772227162B,sprt,"{""A"": 16, ""B"": 1, ""mu_gen"": 0.9981407370351841, ""sd_gen"": 0.03149791211588898, ""mu_imp"": 0.6823584014229337, ""sd_imp"": 0.35704607747837774}",180,60,120,0.0,0.041666666666666664,0,5,60,120,2,1.1173184357541899,0,60.0,60.0,0.6388888888888888,0.0,5,0.041666666666666664,5.0
FDAA70A1-42A3-4E3F-9AE3-3FDA412E03BF,FDAA70A1_tsts3,00EABED2-271D-49D8-B599-1D4A09240601,instantaneous,"{""theta"": 1.0}",180,60,120,1.0,0.0,60,0,60,120,0,0.0,0,180.0,180.0,1.0,,0,0.0,0.0
FDAA70A1-42A3-4E3F-9AE3-3FDA412E03BF,FDAA70A1_tsts3,00EABED2-271D-49D8-B599-1D4A09240601,moving_average,"{""theta"": 1.0, ""w"": 20}",180,60,120,1.0,0.0,60,0,60,120,0,0.0,0,180.0,180.0,1.0,,0,0.0,0.0
FDAA70A1-42A3-4E3F-9AE3-3FDA412E03BF,FDAA70A1_tsts3,00EABED2-271D-49D8-B599-1D4A09240601,ewma,"{""theta"": 1.0, ""alpha"": 0.1}",180,60,120,1.0,0.0,60,0,60,120,0,0.0,0,180.0,180.0,1.0,,0,0.0,0.0
FDAA70A1-42A3-4E3F-9AE3-3FDA412E03BF,FDAA70A1_tsts3,00EABED2-271D-49D8-B599-1D4A09240601,majority_vote,"{""theta"": 1.0, ""w"": 5, ""k"": 4}",180,60,120,1.0,0.0,60,0,60,120,0,0.0,0,180.0,180.0,1.0,,0,0.0,0.0
FDAA70A1-42A3-4E3F-9AE3-3FDA412E03BF,FDAA70A1_tsts3,00EABED2-271D-49D8-B599-1D4A09240601,debounce,"{""theta"": 1.0, ""n"": 2}",180,60,120,1.0,0.0,60,0,60,120,0,0.0,0,180.0,180.0,1.0,,0,0.0,0.0
FDAA70A1-42A3-4E3F-9AE3-3FDA412E03BF,FDAA70A1_tsts3,00EABED2-271D-49D8-B599-1D4A09240601,margin_dual_threshold,"{""theta"": 1.0, ""margin"": 0.05}",180,60,120,1.0,0.0,60,0,60,120,0,0.0,0,180.0,180.0,1.0,,0,0.0,0.0
FDAA70A1-42A3-4E3F-9AE3-3FDA412E03BF,FDAA70A1_tsts3,00EABED2-271D-49D8-B599-1D4A09240601,hysteresis,"{""theta"": 1.0, ""margin"": 0.05, ""ttt_frames"": 2}",180,60,120,1.0,0.0,60,0,60,120,0,0.0,0,180.0,180.0,1.0,,0,0.0,0.0
FDAA70A1-42A3-4E3F-9AE3-3FDA412E03BF,FDAA70A1_tsts3,00EABED2-271D-49D8-B599-1D4A09240601,trust_model,"{""theta"": 1.0, ""gain"": 0.3, ""decay"": 0.05, ""tau_lo"": 0.4, ""tau_hi"": 0.6}",180,60,120,1.0,0.0,60,0,60,120,0,0.0,0,180.0,180.0,1.0,,0,0.0,0.0
FDAA70A1-42A3-4E3F-9AE3-3FDA412E03BF,FDAA70A1_tsts3,00EABED2-271D-49D8-B599-1D4A09240601,sprt,"{""A"": 16, ""B"": 1, ""mu_gen"": 0.9981407370351841, ""sd_gen"": 0.03149791211588898, ""mu_imp"": 0.6823584014229337, ""sd_imp"": 0.35704607747837774}",180,60,120,1.0,0.0,60,0,60,120,0,0.0,0,180.0,180.0,1.0,,0,0.0,0.0
FDAA70A1-42A3-4E3F-9AE3-3FDA412E03BF,FDAA70A1_tsts4,481F4DD2-7689-43B9-A2AA-C8772227162B,instantaneous,"{""theta"": 1.0}",180,60,120,0.0,0.0,0,0,60,120,2,1.1173184357541899,0,60.0,60.0,0.6666666666666666,0.0,0,0.0,0.0
FDAA70A1-42A3-4E3F-9AE3-3FDA412E03BF,FDAA70A1_tsts4,481F4DD2-7689-43B9-A2AA-C8772227162B,moving_average,"{""theta"": 1.0, ""w"": 20}",180,60,120,0.0,0.15833333333333333,0,19,60,120,2,1.1173184357541899,0,60.0,60.0,0.5611111111111111,0.0,19,0.15833333333333333,19.0
FDAA70A1-42A3-4E3F-9AE3-3FDA412E03BF,FDAA70A1_tsts4,481F4DD2-7689-43B9-A2AA-C8772227162B,ewma,"{""theta"": 1.0, ""alpha"": 0.1}",180,60,120,0.0,0.5,0,60,60,120,1,0.5586592178770949,0,90.0,90.0,0.3333333333333333,0.0,60,0.5,
FDAA70A1-42A3-4E3F-9AE3-3FDA412E03BF,FDAA70A1_tsts4,481F4DD2-7689-43B9-A2AA-C8772227162B,majority_vote,"{""theta"": 1.0, ""w"": 5, ""k"": 4}",180,60,120,0.016666666666666666,0.025,1,3,60,120,2,1.1173184357541899,0,60.0,61.0,0.6555555555555556,1.0,3,0.025,3.0
FDAA70A1-42A3-4E3F-9AE3-3FDA412E03BF,FDAA70A1_tsts4,481F4DD2-7689-43B9-A2AA-C8772227162B,debounce,"{""theta"": 1.0, ""n"": 2}",180,60,120,0.016666666666666666,0.008333333333333333,1,1,60,120,2,1.1173184357541899,0,60.0,60.0,0.6666666666666666,1.0,1,0.008333333333333333,1.0
FDAA70A1-42A3-4E3F-9AE3-3FDA412E03BF,FDAA70A1_tsts4,481F4DD2-7689-43B9-A2AA-C8772227162B,margin_dual_threshold,"{""theta"": 1.0, ""margin"": 0.05}",180,60,120,0.0,0.5,0,60,60,120,1,0.5586592178770949,0,90.0,90.0,0.3333333333333333,0.0,60,0.5,
FDAA70A1-42A3-4E3F-9AE3-3FDA412E03BF,FDAA70A1_tsts4,481F4DD2-7689-43B9-A2AA-C8772227162B,hysteresis,"{""theta"": 1.0, ""margin"": 0.05, ""ttt_frames"": 2}",180,60,120,0.016666666666666666,0.5,1,60,60,120,1,0.5586592178770949,0,90.0,90.0,0.3388888888888889,1.0,60,0.5,
FDAA70A1-42A3-4E3F-9AE3-3FDA412E03BF,FDAA70A1_tsts4,481F4DD2-7689-43B9-A2AA-C8772227162B,trust_model,"{""theta"": 1.0, ""gain"": 0.3, ""decay"": 0.05, ""tau_lo"": 0.4, ""tau_hi"": 0.6}",180,60,120,0.0,0.5,0,60,60,120,1,0.5586592178770949,0,90.0,90.0,0.3333333333333333,0.0,60,0.5,
FDAA70A1-42A3-4E3F-9AE3-3FDA412E03BF,FDAA70A1_tsts4,481F4DD2-7689-43B9-A2AA-C8772227162B,sprt,"{""A"": 16, ""B"": 1, ""mu_gen"": 0.9981407370351841, ""sd_gen"": 0.03149791211588898, ""mu_imp"": 0.6823584014229337, ""sd_imp"": 0.35704607747837774}",180,60,120,0.0,0.041666666666666664,0,5,60,120,2,1.1173184357541899,0,60.0,60.0,0.6388888888888888,0.0,5,0.041666666666666664,5.0
FDAA70A1-42A3-4E3F-9AE3-3FDA412E03BF,FDAA70A1_tsts5,61359772-D8D8-480D-B623-7C636EAD0C81,instantaneous,"{""theta"": 1.0}",180,60,120,0.0,0.0,0,0,60,120,2,1.1173184357541899,0,60.0,60.0,0.6666666666666666,0.0,0,0.0,0.0
FDAA70A1-42A3-4E3F-9AE3-3FDA412E03BF,FDAA70A1_tsts5,61359772-D8D8-480D-B623-7C636EAD0C81,moving_average,"{""theta"": 1.0, ""w"": 20}",180,60,120,0.0,0.15833333333333333,0,19,60,120,2,1.1173184357541899,0,60.0,60.0,0.5611111111111111,0.0,19,0.15833333333333333,19.0
FDAA70A1-42A3-4E3F-9AE3-3FDA412E03BF,FDAA70A1_tsts5,61359772-D8D8-480D-B623-7C636EAD0C81,ewma,"{""theta"": 1.0, ""alpha"": 0.1}",180,60,120,0.0,0.5,0,60,60,120,1,0.5586592178770949,0,90.0,90.0,0.3333333333333333,0.0,60,0.5,
FDAA70A1-42A3-4E3F-9AE3-3FDA412E03BF,FDAA70A1_tsts5,61359772-D8D8-480D-B623-7C636EAD0C81,majority_vote,"{""theta"": 1.0, ""w"": 5, ""k"": 4}",180,60,120,0.016666666666666666,0.025,1,3,60,120,2,1.1173184357541899,0,60.0,61.0,0.6555555555555556,1.0,3,0.025,3.0
FDAA70A1-42A3-4E3F-9AE3-3FDA412E03BF,FDAA70A1_tsts5,61359772-D8D8-480D-B623-7C636EAD0C81,debounce,"{""theta"": 1.0, ""n"": 2}",180,60,120,0.016666666666666666,0.008333333333333333,1,1,60,120,2,1.1173184357541899,0,60.0,60.0,0.6666666666666666,1.0,1,0.008333333333333333,1.0
FDAA70A1-42A3-4E3F-9AE3-3FDA412E03BF,FDAA70A1_tsts5,61359772-D8D8-480D-B623-7C636EAD0C81,margin_dual_threshold,"{""theta"": 1.0, ""margin"": 0.05}",180,60,120,0.0,0.5,0,60,60,120,1,0.5586592178770949,0,90.0,90.0,0.3333333333333333,0.0,60,0.5,
FDAA70A1-42A3-4E3F-9AE3-3FDA412E03BF,FDAA70A1_tsts5,61359772-D8D8-480D-B623-7C636EAD0C81,hysteresis,"{""theta"": 1.0, ""margin"": 0.05, ""ttt_frames"": 2}",180,60,120,0.016666666666666666,0.5,1,60,60,120,1,0.5586592178770949,0,90.0,90.0,0.3388888888888889,1.0,60,0.5,
FDAA70A1-42A3-4E3F-9AE3-3FDA412E03BF,FDAA70A1_tsts5,61359772-D8D8-480D-B623-7C636EAD0C81,trust_model,"{""theta"": 1.0, ""gain"": 0.3, ""decay"": 0.05, ""tau_lo"": 0.4, ""tau_hi"": 0.6}",180,60,120,0.0,0.5,0,60,60,120,1,0.5586592178770949,0,90.0,90.0,0.3333333333333333,0.0,60,0.5,
FDAA70A1-42A3-4E3F-9AE3-3FDA412E03BF,FDAA70A1_tsts5,61359772-D8D8-480D-B623-7C636EAD0C81,sprt,"{""A"": 16, ""B"": 1, ""mu_gen"": 0.9981407370351841, ""sd_gen"": 0.03149791211588898, ""mu_imp"": 0.6823584014229337, ""sd_imp"": 0.35704607747837774}",180,60,120,0.0,0.041666666666666664,0,5,60,120,2,1.1173184357541899,0,60.0,60.0,0.6388888888888888,0.0,5,0.041666666666666664,5.0
