enrolled_user,target,cell,margin,dwell,cell_class,distinct_calib_impostors,target_FAR,tolerance,n_candidates,n_rejected_unreachable,n_in_band,n_in_band_rejected_unreachable,n_eligible,achievable_min_FAR,achievable_max_FAR,achievable_min_FAR_reachable,achievable_max_FAR_reachable,feasible,chosen_index,chosen_params,calib_FAR,calib_FRR
098A72A5-E3E5-4F54-A152-BBDA0DF7B694,0.05,m0_k1,0.0,1,instantaneous,12,0.05,0.01,80,0,8,0,8,0.0,0.9694444444444444,0.0,0.9694444444444444,True,36.0,"{""theta"": 0.837345585997521, ""m"": 0.0, ""k"": 1}",0.049305555555555554,0.13819444444444445
098A72A5-E3E5-4F54-A152-BBDA0DF7B694,0.05,m0_k2,0.0,2,dwell_only,12,0.05,0.01,80,0,9,0,9,0.0,0.9791666666666666,0.0,0.9791666666666666,True,41.0,"{""theta"": 0.8434887432359206, ""m"": 0.0, ""k"": 2}",0.049305555555555554,0.14756944444444445
098A72A5-E3E5-4F54-A152-BBDA0DF7B694,0.05,m0_k3,0.0,3,dwell_only,12,0.05,0.01,80,0,11,0,11,0.0,0.9861111111111112,0.0,0.9861111111111112,True,40.0,"{""theta"": 0.8422653077888049, ""m"": 0.0, ""k"": 3}",0.05,0.14722222222222223
098A72A5-E3E5-4F54-A152-BBDA0DF7B694,0.05,m0_k5,0.0,5,dwell_only,12,0.05,0.01,80,0,3,0,3,0.0,1.0,0.0,1.0,True,58.0,"{""theta"": 0.8898002508925986, ""m"": 0.0, ""k"": 5}",0.04722222222222222,0.24375
098A72A5-E3E5-4F54-A152-BBDA0DF7B694,0.05,m0_k10,0.0,10,dwell_only,12,0.05,0.01,80,0,1,0,1,0.0,1.0,0.0,1.0,True,71.0,"{""theta"": 0.9678664479397858, ""m"": 0.0, ""k"": 10}",0.043055555555555555,0.6548611111111111
098A72A5-E3E5-4F54-A152-BBDA0DF7B694,0.05,m0.05_k1,0.05,1,margin_only,12,0.05,0.01,80,7,12,0,12,0.0,0.9847222222222223,0.0,0.9847222222222223,True,26.0,"{""theta"": 0.8227400737832079, ""m"": 0.05, ""k"": 1}",0.05,0.13506944444444444
098A72A5-E3E5-4F54-A152-BBDA0DF7B694,0.05,m0.05_k2,0.05,2,hysteresis,12,0.05,0.01,80,7,11,0,11,0.003472222222222222,1.0,0.003472222222222222,1.0,True,29.0,"{""theta"": 0.8275537971629836, ""m"": 0.05, ""k"": 2}",0.04791666666666667,0.13090277777777778
098A72A5-E3E5-4F54-A152-BBDA0DF7B694,0.05,m0.05_k3,0.05,3,hysteresis,12,0.05,0.01,80,7,4,0,4,0.006944444444444444,1.0,0.006944444444444444,1.0,True,44.0,"{""theta"": 0.8532352526369704, ""m"": 0.05, ""k"": 3}",0.04513888888888889,0.16006944444444443
098A72A5-E3E5-4F54-A152-BBDA0DF7B694,0.05,m0.05_k5,0.05,5,hysteresis,12,0.05,0.01,80,7,1,0,1,0.013888888888888888,1.0,0.021527777777777778,1.0,True,60.0,"{""theta"": 0.9054327897327029, ""m"": 0.05, ""k"": 5}",0.041666666666666664,0.3524305555555556
098A72A5-E3E5-4F54-A152-BBDA0DF7B694,0.05,m0.05_k10,0.05,10,hysteresis,12,0.05,0.01,80,7,3,3,0,0.03125,1.0,0.06736111111111111,1.0,False,,null,,
098A72A5-E3E5-4F54-A152-BBDA0DF7B694,0.05,m0.1_k1,0.1,1,margin_only,12,0.05,0.01,80,13,14,0,14,0.0,1.0,0.001388888888888889,1.0,True,21.0,"{""theta"": 0.8168798758898151, ""m"": 0.1, ""k"": 1}",0.04861111111111111,0.11458333333333333
098A72A5-E3E5-4F54-A152-BBDA0DF7B694,0.05,m0.1_k2,0.1,2,hysteresis,12,0.05,0.01,80,13,17,0,17,0.003472222222222222,1.0,0.010416666666666666,1.0,True,21.0,"{""theta"": 0.8168798758898151, ""m"": 0.1, ""k"": 2}",0.04861111111111111,0.11597222222222223
098A72A5-E3E5-4F54-A152-BBDA0DF7B694,0.05,m0.1_k3,0.1,3,hysteresis,12,0.05,0.01,80,13,15,0,15,0.006944444444444444,1.0,0.019444444444444445,1.0,True,30.0,"{""theta"": 0.8283671939370096, ""m"": 0.1, ""k"": 3}",0.04791666666666667,0.13576388888888888
098A72A5-E3E5-4F54-A152-BBDA0DF7B694,0.05,m0.1_k5,0.1,5,hysteresis,12,0.05,0.01,80,13,5,0,5,0.024305555555555556,1.0,0.03888888888888889,1.0,True,60.0,"{""theta"": 0.9054327897327029, ""m"": 0.1, ""k"": 5}",0.04861111111111111,0.3645833333333333
098A72A5-E3E5-4F54-A152-BBDA0DF7B694,0.05,m0.1_k10,0.1,10,hysteresis,12,0.05,0.01,80,13,0,0,0,0.07222222222222222,1.0,0.11805555555555555,1.0,False,,null,,
098A72A5-E3E5-4F54-A152-BBDA0DF7B694,0.05,m0.2_k1,0.2,1,margin_only,12,0.05,0.01,80,20,2,0,2,0.001388888888888889,1.0,0.001388888888888889,1.0,True,14.0,"{""theta"": 0.7983650294316318, ""m"": 0.2, ""k"": 1}",0.04791666666666667,0.034722222222222224
098A72A5-E3E5-4F54-A152-BBDA0DF7B694,0.05,m0.2_k2,0.2,2,hysteresis,12,0.05,0.01,80,20,2,0,2,0.010416666666666666,1.0,0.014583333333333334,1.0,True,43.0,"{""theta"": 0.8482948953005889, ""m"": 0.2, ""k"": 2}",0.04583333333333333,0.21840277777777778
098A72A5-E3E5-4F54-A152-BBDA0DF7B694,0.05,m0.2_k3,0.2,3,hysteresis,12,0.05,0.01,80,20,2,0,2,0.019444444444444445,1.0,0.03263888888888889,1.0,True,48.0,"{""theta"": 0.8652899739457686, ""m"": 0.2, ""k"": 3}",0.044444444444444446,0.30104166666666665
098A72A5-E3E5-4F54-A152-BBDA0DF7B694,0.05,m0.2_k5,0.2,5,hysteresis,12,0.05,0.01,80,20,8,8,0,0.03888888888888889,1.0,0.09375,1.0,False,,null,,
098A72A5-E3E5-4F54-A152-BBDA0DF7B694,0.05,m0.2_k10,0.2,10,hysteresis,12,0.05,0.01,80,20,0,0,0,0.11180555555555556,1.0,0.22083333333333333,1.0,False,,null,,
098A72A5-E3E5-4F54-A152-BBDA0DF7B694,0.03,m0_k1,0.0,1,instantaneous,12,0.03,0.01,80,0,8,0,8,0.0,0.9694444444444444,0.0,0.9694444444444444,True,38.0,"{""theta"": 0.8760620748867395, ""m"": 0.0, ""k"": 1}",0.029861111111111113,0.2048611111111111
098A72A5-E3E5-4F54-A152-BBDA0DF7B694,0.03,m0_k2,0.0,2,dwell_only,12,0.03,0.01,80,0,6,0,6,0.0,0.9791666666666666,0.0,0.9791666666666666,True,44.0,"{""theta"": 0.8874012450607065, ""m"": 0.0, ""k"": 2}",0.029861111111111113,0.23298611111111112
098A72A5-E3E5-4F54-A152-BBDA0DF7B694,0.03,m0_k3,0.0,3,dwell_only,12,0.03,0.01,80,0,17,0,17,0.0,0.9861111111111112,0.0,0.9861111111111112,True,44.0,"{""theta"": 0.8874012450607065, ""m"": 0.0, ""k"": 3}",0.029166666666666667,0.22951388888888888
098A72A5-E3E5-4F54-A152-BBDA0DF7B694,0.03,m0_k5,0.0,5,dwell_only,12,0.03,0.01,80,0,3,0,3,0.0,1.0,0.0,1.0,True,67.0,"{""theta"": 0.9508727685033291, ""m"": 0.0, ""k"": 5}",0.027777777777777776,0.5107638888888889
098A72A5-E3E5-4F54-A152-BBDA0DF7B694,0.03,m0_k10,0.0,10,dwell_only,12,0.03,0.01,80,0,1,0,1,0.0,1.0,0.0,1.0,True,74.0,"{""theta"": 0.9827270095532182, ""m"": 0.0, ""k"": 10}",0.025,0.75625
098A72A5-E3E5-4F54-A152-BBDA0DF7B694,0.03,m0.05_k1,0.05,1,margin_only,12,0.03,0.01,80,7,10,0,10,0.0,0.9847222222222223,0.0,0.9847222222222223,True,32.0,"{""theta"": 0.8584203304656359, ""m"": 0.05, ""k"": 1}",0.029166666666666667,0.16180555555555556
098A72A5-E3E5-4F54-A152-BBDA0DF7B694,0.03,m0.05_k2,0.05,2,hysteresis,12,0.03,0.01,80,7,10,0,10,0.003472222222222222,1.0,0.003472222222222222,1.0,True,35.0,"{""theta"": 0.8652899739457686, ""m"": 0.05, ""k"": 2}",0.02847222222222222,0.165625
098A72A5-E3E5-4F54-A152-BBDA0DF7B694,0.03,m0.05_k3,0.05,3,hysteresis,12,0.03,0.01,80,7,17,0,17,0.006944444444444444,1.0,0.006944444444444444,1.0,True,48.0,"{""theta"": 0.8971939894644901, ""m"": 0.05, ""k"": 3}",0.029861111111111113,0.28888888888888886
098A72A5-E3E5-4F54-A152-BBDA0DF7B694,0.03,m0.05_k5,0.05,5,hysteresis,12,0.03,0.01,80,7,4,0,4,0.013888888888888888,1.0,0.021527777777777778,1.0,True,69.0,"{""theta"": 0.9605326642864036, ""m"": 0.05, ""k"": 5}",0.029861111111111113,0.6305555555555555
098A72A5-E3E5-4F54-A152-BBDA0DF7B694,0.03,m0.05_k10,0.05,10,hysteresis,12,0.03,0.01,80,7,0,0,0,0.03125,1.0,0.06736111111111111,1.0,False,,null,,
098A72A5-E3E5-4F54-A152-BBDA0DF7B694,0.03,m0.1_k1,0.1,1,margin_only,12,0.03,0.01,80,13,4,0,4,0.0,1.0,0.001388888888888889,1.0,True,28.0,"{""theta"": 0.8434652439522264, ""m"": 0.1, ""k"": 1}",0.029166666666666667,0.14479166666666668
098A72A5-E3E5-4F54-A152-BBDA0DF7B694,0.03,m0.1_k2,0.1,2,hysteresis,12,0.03,0.01,80,13,6,0,6,0.003472222222222222,1.0,0.010416666666666666,1.0,True,29.0,"{""theta"": 0.8447097855536339, ""m"": 0.1, ""k"": 2}",0.029166666666666667,0.14444444444444443
098A72A5-E3E5-4F54-A152-BBDA0DF7B694,0.03,m0.1_k3,0.1,3,hysteresis,12,0.03,0.01,80,13,10,0,10,0.006944444444444444,1.0,0.019444444444444445,1.0,True,51.0,"{""theta"": 0.9054327897327029, ""m"": 0.1, ""k"": 3}",0.029166666666666667,0.3194444444444444
098A72A5-E3E5-4F54-A152-BBDA0DF7B694,0.03,m0.1_k5,0.1,5,hysteresis,12,0.03,0.01,80,13,4,4,0,0.024305555555555556,1.0,0.03888888888888889,1.0,False,,null,,
098A72A5-E3E5-4F54-A152-BBDA0DF7B694,0.03,m0.1_k10,0.1,10,hysteresis,12,0.03,0.01,80,13,0,0,0,0.07222222222222222,1.0,0.11805555555555555,1.0,False,,null,,
098A72A5-E3E5-4F54-A152-BBDA0DF7B694,0.03,m0.2_k1,0.2,1,margin_only,12,0.03,0.01,80,30,1,0,1,0.001388888888888889,1.0,0.001388888888888889,1.0,True,15.0,"{""theta"": 0.8188748431921258, ""m"": 0.2, ""k"": 1}",0.02013888888888889,0.06597222222222222
098A72A5-E3E5-4F54-A152-BBDA0DF7B694,0.03,m0.2_k2,0.2,2,hysteresis,12,0.03,0.01,80,30,3,0,3,0.010416666666666666,1.0,0.013194444444444444,1.0,True,34.0,"{""theta"": 0.8616990822873287, ""m"": 0.2, ""k"": 2}",0.021527777777777778,0.2767361111111111
098A72A5-E3E5-4F54-A152-BBDA0DF7B694,0.03,m0.2_k3,0.2,3,hysteresis,12,0.03,0.01,80,30,10,10,0,0.019444444444444445,1.0,0.03125,1.0,False,,null,,
098A72A5-E3E5-4F54-A152-BBDA0DF7B694,0.03,m0.2_k5,0.2,5,hysteresis,12,0.03,0.01,80,30,0,0,0,0.03888888888888889,1.0,0.06527777777777778,1.0,False,,null,,
098A72A5-E3E5-4F54-A152-BBDA0DF7B694,0.03,m0.2_k10,0.2,10,hysteresis,12,0.03,0.01,80,30,0,0,0,0.11180555555555556,1.0,0.21666666666666667,1.0,False,,null,,
098A72A5-E3E5-4F54-A152-BBDA0DF7B694,0.07,m0_k1,0.0,1,instantaneous,12,0.07,0.01,80,0,8,0,8,0.0,0.9694444444444444,0.0,0.9694444444444444,True,37.0,"{""theta"": 0.8188748431921258, ""m"": 0.0, ""k"": 1}",0.06736111111111111,0.11388888888888889
098A72A5-E3E5-4F54-A152-BBDA0DF7B694,0.07,m0_k2,0.0,2,dwell_only,12,0.07,0.01,80,0,13,0,13,0.0,0.9791666666666666,0.0,0.9791666666666666,True,35.0,"{""theta"": 0.8178512310809908, ""m"": 0.0, ""k"": 2}",0.06319444444444444,0.11944444444444445
098A72A5-E3E5-4F54-A152-BBDA0DF7B694,0.07,m0_k3,0.0,3,dwell_only,12,0.07,0.01,80,0,1,0,1,0.0,0.9861111111111112,0.0,0.9861111111111112,True,34.0,"{""theta"": 0.8168798758898151, ""m"": 0.0, ""k"": 3}",0.06736111111111111,0.11805555555555555
098A72A5-E3E5-4F54-A152-BBDA0DF7B694,0.07,m0_k5,0.0,5,dwell_only,12,0.07,0.01,80,0,7,0,7,0.0,1.0,0.0,1.0,True,53.0,"{""theta"": 0.8422653077888049, ""m"": 0.0, ""k"": 5}",0.06597222222222222,0.15833333333333333
098A72A5-E3E5-4F54-A152-BBDA0DF7B694,0.07,m0_k10,0.0,10,dwell_only,12,0.07,0.01,80,0,1,0,1,0.0,1.0,0.0,1.0,True,67.0,"{""theta"": 0.9508727685033291, ""m"": 0.0, ""k"": 10}",0.06666666666666667,0.5336805555555556
098A72A5-E3E5-4F54-A152-BBDA0DF7B694,0.07,m0.05_k1,0.05,1,margin_only,12,0.07,0.01,80,7,5,0,5,0.0,0.9847222222222223,0.0,0.9847222222222223,True,28.0,"{""theta"": 0.8037518093216249, ""m"": 0.05, ""k"": 1}",0.06944444444444445,0.0920138888888889
098A72A5-E3E5-4F54-A152-BBDA0DF7B694,0.07,m0.05_k2,0.05,2,hysteresis,12,0.07,0.01,80,7,12,0,12,0.003472222222222222,1.0,0.003472222222222222,1.0,True,24.0,"{""theta"": 0.798554324185898, ""m"": 0.05, ""k"": 2}",0.06944444444444445,0.11041666666666666
098A72A5-E3E5-4F54-A152-BBDA0DF7B694,0.07,m0.05_k3,0.05,3,hysteresis,12,0.07,0.01,80,7,1,0,1,0.006944444444444444,1.0,0.006944444444444444,1.0,True,39.0,"{""theta"": 0.8227400737832079, ""m"": 0.05, ""k"": 3}",0.06944444444444445,0.121875
098A72A5-E3E5-4F54-A152-BBDA0DF7B694,0.07,m0.05_k5,0.05,5,hysteresis,12,0.07,0.01,80,7,1,0,1,0.013888888888888888,1.0,0.021527777777777778,1.0,True,57.0,"{""theta"": 0.8608511048924057, ""m"": 0.05, ""k"": 5}",0.06736111111111111,0.18263888888888888
098A72A5-E3E5-4F54-A152-BBDA0DF7B694,0.07,m0.05_k10,0.05,10,hysteresis,12,0.07,0.01,80,7,1,0,1,0.03125,1.0,0.06736111111111111,1.0,True,72.0,"{""theta"": 0.9737716684357811, ""m"": 0.05, ""k"": 10}",0.06736111111111111,0.7125
098A72A5-E3E5-4F54-A152-BBDA0DF7B694,0.07,m0.1_k1,0.1,1,margin_only,12,0.07,0.01,80,13,6,0,6,0.0,1.0,0.001388888888888889,1.0,True,14.0,"{""theta"": 0.7887194827752582, ""m"": 0.1, ""k"": 1}",0.06736111111111111,0.03229166666666667
098A72A5-E3E5-4F54-A152-BBDA0DF7B694,0.07,m0.1_k2,0.1,2,hysteresis,12,0.07,0.01,80,13,5,0,5,0.003472222222222222,1.0,0.010416666666666666,1.0,True,29.0,"{""theta"": 0.8067374312457783, ""m"": 0.1, ""k"": 2}",0.06597222222222222,0.03680555555555556
098A72A5-E3E5-4F54-A152-BBDA0DF7B694,0.07,m0.1_k3,0.1,3,hysteresis,12,0.07,0.01,80,13,0,0,0,0.006944444444444444,1.0,0.019444444444444445,1.0,False,,null,,
098A72A5-E3E5-4F54-A152-BBDA0DF7B694,0.07,m0.1_k5,0.1,5,hysteresis,12,0.07,0.01,80,13,2,0,2,0.024305555555555556,1.0,0.03888888888888889,1.0,True,57.0,"{""theta"": 0.8608511048924057, ""m"": 0.1, ""k"": 5}",0.06875,0.20798611111111112
098A72A5-E3E5-4F54-A152-BBDA0DF7B694,0.07,m0.1_k10,0.1,10,hysteresis,12,0.07,0.01,80,13,0,0,0,0.07222222222222222,1.0,0.11805555555555555,1.0,False,,null,,
098A72A5-E3E5-4F54-A152-BBDA0DF7B694,0.07,m0.2_k1,0.2,1,margin_only,12,0.07,0.01,80,20,6,0,6,0.001388888888888889,1.0,0.001388888888888889,1.0,True,14.0,"{""theta"": 0.7887194827752582, ""m"": 0.2, ""k"": 1}",0.0625,0.027083333333333334
098A72A5-E3E5-4F54-A152-BBDA0DF7B694,0.07,m0.2_k2,0.2,2,hysteresis,12,0.07,0.01,80,20,14,0,14,0.010416666666666666,1.0,0.014583333333333334,1.0,True,20.0,"{""theta"": 0.7951139779838033, ""m"": 0.2, ""k"": 2}",0.06875,0.059722222222222225
098A72A5-E3E5-4F54-A152-BBDA0DF7B694,0.07,m0.2_k3,0.2,3,hysteresis,12,0.07,0.01,80,20,0,0,0,0.019444444444444445,1.0,0.03263888888888889,1.0,False,,null,,
098A72A5-E3E5-4F54-A152-BBDA0DF7B694,0.07,m0.2_k5,0.2,5,hysteresis,12,0.07,0.01,80,20,2,2,0,0.03888888888888889,1.0,0.09375,1.0,False,,null,,
098A72A5-E3E5-4F54-A152-BBDA0DF7B694,0.07,m0.2_k10,0.2,10,hysteresis,12,0.07,0.01,80,20,0,0,0,0.11180555555555556,1.0,0.22083333333333333,1.0,False,,null,,
0A986513-7828-4D53-AA1F-E02D6DF9561B,0.05,m0_k1,0.0,1,instantaneous,11,0.05,0.01,80,0,7,0,7,0.0,0.9694444444444444,0.0,0.9694444444444444,True,39.0,"{""theta"": 0.8872998366013072, ""m"": 0.0, ""k"": 1}",0.04027777777777778,0.0
0A986513-7828-4D53-AA1F-E02D6DF9561B,0.05,m0_k2,0.0,2,dwell_only,11,0.05,0.01,80,0,5,0,5,0.0,0.9722222222222222,0.0,0.9722222222222222,True,44.0,"{""theta"": 0.890933257918552, ""m"": 0.0, ""k"": 2}",0.043055555555555555,0.007638888888888889
0A986513-7828-4D53-AA1F-E02D6DF9561B,0.05,m0_k3,0.0,3,dwell_only,11,0.05,0.01,80,0,6,0,6,0.0,0.9875,0.0,0.9875,True,47.0,"{""theta"": 0.8927850050276521, ""m"": 0.0, ""k"": 3}",0.049305555555555554,0.016319444444444445
0A986513-7828-4D53-AA1F-E02D6DF9561B,0.05,m0_k5,0.0,5,dwell_only,11,0.05,0.01,80,0,4,0,4,0.0,0.9951388888888889,0.0,0.9951388888888889,True,62.0,"{""theta"": 0.9502382761437909, ""m"": 0.0, ""k"": 5}",0.04861111111111111,0.3107638888888889
0A986513-7828-4D53-AA1F-E02D6DF9561B,0.05,m0_k10,0.0,10,dwell_only,11,0.05,0.01,80,0,0,0,0,0.0,1.0,0.0,1.0,False,,null,,
0A986513-7828-4D53-AA1F-E02D6DF9561B,0.05,m0.05_k1,0.05,1,margin_only,11,0.05,0.01,80,10,1,0,1,0.0,0.9944444444444445,0.0,0.9944444444444445,True,25.0,"{""theta"": 0.8724139014580192, ""m"": 0.05, ""k"": 1}",0.04722222222222222,0.0
0A986513-7828-4D53-AA1F-E02D6DF9561B,0.05,m0.05_k2,0.05,2,hysteresis,11,0.05,0.01,80,10,0,0,0,0.0,0.9972222222222222,0.011111111111111112,0.9972222222222222,False,,null,,
0A986513-7828-4D53-AA1F-E02D6DF9561B,0.05,m0.05_k3,0.05,3,hysteresis,11,0.05,0.01,80,10,2,0,2,0.0,1.0,0.015277777777777777,1.0,True,53.0,"{""theta"": 0.9195473141339869, ""m"": 0.05, ""k"": 3}",0.04027777777777778,0.09583333333333334
0A986513-7828-4D53-AA1F-E02D6DF9561B,0.05,m0.05_k5,0.05,5,hysteresis,11,0.05,0.01,80,10,5,0,5,0.0006944444444444445,1.0,0.03888888888888889,1.0,True,64.0,"{""theta"": 0.9558801981209151, ""m"": 0.05, ""k"": 5}",0.05,0.5399305555555556
0A986513-7828-4D53-AA1F-E02D6DF9561B,0.05,m0.05_k10,0.05,10,hysteresis,11,0.05,0.01,80,10,0,0,0,0.07361111111111111,1.0,0.09375,1.0,False,,null,,
0A986513-7828-4D53-AA1F-E02D6DF9561B,0.05,m0.1_k1,0.1,1,margin_only,11,0.05,0.01,80,18,2,0,2,0.0,1.0,0.0,1.0,True,18.0,"{""theta"": 0.8540290346907994, ""m"": 0.1, ""k"": 1}",0.04791666666666667,0.0
0A986513-7828-4D53-AA1F-E02D6DF9561B,0.05,m0.1_k2,0.1,2,hysteresis,11,0.05,0.01,80,18,0,0,0,0.005555555555555556,1.0,0.016666666666666666,1.0,False,,null,,
0A986513-7828-4D53-AA1F-E02D6DF9561B,0.05,m0.1_k3,0.1,3,hysteresis,11,0.05,0.01,80,18,4,1,3,0.014583333333333334,1.0,0.04027777777777778,1.0,True,59.0,"{""theta"": 0.9415931985294117, ""m"": 0.1, ""k"": 3}",0.04027777777777778,0.43194444444444446
0A986513-7828-4D53-AA1F-E02D6DF9561B,0.05,m0.1_k5,0.1,5,hysteresis,11,0.05,0.01,80,18,5,5,0,0.03819444444444445,1.0,0.0875,1.0,False,,null,,
0A986513-7828-4D53-AA1F-E02D6DF9561B,0.05,m0.1_k10,0.1,10,hysteresis,11,0.05,0.01,80,18,0,0,0,0.08680555555555555,1.0,0.17708333333333334,1.0,False,,null,,
0A986513-7828-4D53-AA1F-E02D6DF9561B,0.05,m0.2_k1,0.2,1,margin_only,11,0.05,0.01,80,27,41,0,41,0.0,1.0,0.04027777777777778,1.0,True,12.0,"{""theta"": 0.8293423202614383, ""m"": 0.2, ""k"": 1}",0.04791666666666667,0.0038194444444444443
0A986513-7828-4D53-AA1F-E02D6DF9561B,0.05,m0.2_k2,0.2,2,hysteresis,11,0.05,0.01,80,27,0,0,0,0.016666666666666666,1.0,0.06944444444444445,1.0,False,,null,,
0A986513-7828-4D53-AA1F-E02D6DF9561B,0.05,m0.2_k3,0.2,3,hysteresis,11,0.05,0.01,80,27,4,4,0,0.04027777777777778,1.0,0.08888888888888889,1.0,False,,null,,
0A986513-7828-4D53-AA1F-E02D6DF9561B,0.05,m0.2_k5,0.2,5,hysteresis,11,0.05,0.01,80,27,0,0,0,0.08333333333333333,1.0,0.12222222222222222,1.0,False,,null,,
0A986513-7828-4D53-AA1F-E02D6DF9561B,0.05,m0.2_k10,0.2,10,hysteresis,11,0.05,0.01,80,27,0,0,0,0.17291666666666666,1.0,0.25625,1.0,False,,null,,
0A986513-7828-4D53-AA1F-E02D6DF9561B,0.03,m0_k1,0.0,1,instantaneous,11,0.03,0.01,80,0,7,0,7,0.0,0.9694444444444444,0.0,0.9694444444444444,True,39.0,"{""theta"": 0.8959734681372549, ""m"": 0.0, ""k"": 1}",0.02013888888888889,0.0
0A986513-7828-4D53-AA1F-E02D6DF9561B,0.03,m0_k2,0.0,2,dwell_only,11,0.03,0.01,80,0,8,0,8,0.0,0.9722222222222222,0.0,0.9722222222222222,True,48.0,"{""theta"": 0.9075807749916206, ""m"": 0.0, ""k"": 2}",0.02013888888888889,0.008333333333333333
0A986513-7828-4D53-AA1F-E02D6DF9561B,0.03,m0_k3,0.0,3,dwell_only,11,0.03,0.01,80,0,6,0,6,0.0,0.9875,0.0,0.9875,True,58.0,"{""theta"": 0.9385212418300654, ""m"": 0.0, ""k"": 3}",0.027777777777777776,0.1840277777777778
0A986513-7828-4D53-AA1F-E02D6DF9561B,0.03,m0_k5,0.0,5,dwell_only,11,0.03,0.01,80,0,3,0,3,0.0,0.9951388888888889,0.0,0.9951388888888889,True,68.0,"{""theta"": 0.9672181372549019, ""m"": 0.0, ""k"": 5}",0.029166666666666667,0.5357638888888889
0A986513-7828-4D53-AA1F-E02D6DF9561B,0.03,m0_k10,0.0,10,dwell_only,11,0.03,0.01,80,0,1,0,1,0.0,1.0,0.0,1.0,True,75.0,"{""theta"": 0.9874387254901961, ""m"": 0.0, ""k"": 10}",0.021527777777777778,0.7604166666666666
0A986513-7828-4D53-AA1F-E02D6DF9561B,0.03,m0.05_k1,0.05,1,margin_only,11,0.03,0.01,80,10,3,0,3,0.0,0.9944444444444445,0.0,0.9944444444444445,True,19.0,"{""theta"": 0.8791709433132228, ""m"": 0.05, ""k"": 1}",0.025,0.0
0A986513-7828-4D53-AA1F-E02D6DF9561B,0.03,m0.05_k2,0.05,2,hysteresis,11,0.03,0.01,80,10,3,0,3,0.0,0.9972222222222222,0.011111111111111112,0.9972222222222222,True,43.0,"{""theta"": 0.9008338125314228, ""m"": 0.05, ""k"": 2}",0.02847222222222222,0.021527777777777778
0A986513-7828-4D53-AA1F-E02D6DF9561B,0.03,m0.05_k3,0.05,3,hysteresis,11,0.03,0.01,80,10,5,0,5,0.0,1.0,0.015277777777777777,1.0,True,64.0,"{""theta"": 0.9558801981209151, ""m"": 0.05, ""k"": 3}",0.029166666666666667,0.37430555555555556
0A986513-7828-4D53-AA1F-E02D6DF9561B,0.03,m0.05_k5,0.05,5,hysteresis,11,0.03,0.01,80,10,1,1,0,0.0006944444444444445,1.0,0.03888888888888889,1.0,False,,null,,
0A986513-7828-4D53-AA1F-E02D6DF9561B,0.03,m0.05_k10,0.05,10,hysteresis,11,0.03,0.01,80,10,0,0,0,0.07361111111111111,1.0,0.09375,1.0,False,,null,,
0A986513-7828-4D53-AA1F-E02D6DF9561B,0.03,m0.1_k1,0.1,1,margin_only,11,0.03,0.01,80,18,28,0,28,0.0,1.0,0.0,1.0,True,13.0,"{""theta"": 0.8737030228758169, ""m"": 0.1, ""k"": 1}",0.02638888888888889,0.0006944444444444445
0A986513-7828-4D53-AA1F-E02D6DF9561B,0.03,m0.1_k2,0.1,2,hysteresis,11,0.03,0.01,80,18,1,0,1,0.005555555555555556,1.0,0.016666666666666666,1.0,True,55.0,"{""theta"": 0.9269812091503268, ""m"": 0.1, ""k"": 2}",0.02847222222222222,0.18263888888888888
0A986513-7828-4D53-AA1F-E02D6DF9561B,0.03,m0.1_k3,0.1,3,hysteresis,11,0.03,0.01,80,18,5,5,0,0.014583333333333334,1.0,0.04027777777777778,1.0,False,,null,,
0A986513-7828-4D53-AA1F-E02D6DF9561B,0.03,m0.1_k5,0.1,5,hysteresis,11,0.03,0.01,80,18,0,0,0,0.03819444444444445,1.0,0.0875,1.0,False,,null,,
0A986513-7828-4D53-AA1F-E02D6DF9561B,0.03,m0.1_k10,0.1,10,hysteresis,11,0.03,0.01,80,18,0,0,0,0.08680555555555555,1.0,0.17708333333333334,1.0,False,,null,,
0A986513-7828-4D53-AA1F-E02D6DF9561B,0.03,m0.2_k1,0.2,1,margin_only,11,0.03,0.01,80,37,8,8,0,0.0,1.0,0.03819444444444445,1.0,False,,null,,
0A986513-7828-4D53-AA1F-E02D6DF9561B,0.03,m0.2_k2,0.2,2,hysteresis,11,0.03,0.01,80,37,2,2,0,0.016666666666666666,1.0,0.06944444444444445,1.0,False,,null,,
0A986513-7828-4D53-AA1F-E02D6DF9561B,0.03,m0.2_k3,0.2,3,hysteresis,11,0.03,0.01,80,37,0,0,0,0.04027777777777778,1.0,0.08888888888888889,1.0,False,,null,,
0A986513-7828-4D53-AA1F-E02D6DF9561B,0.03,m0.2_k5,0.2,5,hysteresis,11,0.03,0.01,80,37,0,0,0,0.08333333333333333,1.0,0.12222222222222222,1.0,False,,null,,
0A986513-7828-4D53-AA1F-E02D6DF9561B,0.03,m0.2_k10,0.2,10,hysteresis,11,0.03,0.01,80,37,0,0,0,0.17291666666666666,1.0,0.24583333333333332,1.0,False,,null,,
0A986513-7828-4D53-AA1F-E02D6DF9561B,0.07,m0_k1,0.0,1,instantaneous,11,0.07,0.01,80,0,8,0,8,0.0,0.9694444444444444,0.0,0.9694444444444444,True,39.0,"{""theta"": 0.8737030228758169, ""m"": 0.0, ""k"": 1}",0.06041666666666667,0.0
0A986513-7828-4D53-AA1F-E02D6DF9561B,0.07,m0_k2,0.0,2,dwell_only,11,0.07,0.01,80,0,6,0,6,0.0,0.9722222222222222,0.0,0.9722222222222222,True,46.0,"{""theta"": 0.8805147058823529, ""m"": 0.0, ""k"": 2}",0.06111111111111111,0.007638888888888889
0A986513-7828-4D53-AA1F-E02D6DF9561B,0.07,m0_k3,0.0,3,dwell_only,11,0.07,0.01,80,0,0,0,0,0.0,0.9875,0.0,0.9875,False,,null,,
0A986513-7828-4D53-AA1F-E02D6DF9561B,0.07,m0_k5,0.0,5,dwell_only,11,0.07,0.01,80,0,5,0,5,0.0,0.9951388888888889,0.0,0.9951388888888889,True,53.0,"{""theta"": 0.9195473141339869, ""m"": 0.0, ""k"": 5}",0.06666666666666667,0.034027777777777775
0A986513-7828-4D53-AA1F-E02D6DF9561B,0.07,m0_k10,0.0,10,dwell_only,11,0.07,0.01,80,0,2,0,2,0.0,1.0,0.0,1.0,True,71.0,"{""theta"": 0.9758986928104575, ""m"": 0.0, ""k"": 10}",0.06944444444444445,0.6354166666666666
0A986513-7828-4D53-AA1F-E02D6DF9561B,0.07,m0.05_k1,0.05,1,margin_only,11,0.07,0.01,80,10,5,0,5,0.0,0.9944444444444445,0.0,0.9944444444444445,True,37.0,"{""theta"": 0.8654394482151841, ""m"": 0.05, ""k"": 1}",0.06041666666666667,0.0
0A986513-7828-4D53-AA1F-E02D6DF9561B,0.07,m0.05_k2,0.05,2,hysteresis,11,0.07,0.01,80,10,7,0,7,0.0,0.9972222222222222,0.011111111111111112,0.9972222222222222,True,37.0,"{""theta"": 0.8654394482151841, ""m"": 0.05, ""k"": 2}",0.06597222222222222,0.007638888888888889
0A986513-7828-4D53-AA1F-E02D6DF9561B,0.07,m0.05_k3,0.05,3,hysteresis,11,0.07,0.01,80,10,0,0,0,0.0,1.0,0.015277777777777777,1.0,False,,null,,
0A986513-7828-4D53-AA1F-E02D6DF9561B,0.07,m0.05_k5,0.05,5,hysteresis,11,0.07,0.01,80,10,7,0,7,0.0006944444444444445,1.0,0.03888888888888889,1.0,True,57.0,"{""theta"": 0.9344362745098039, ""m"": 0.05, ""k"": 5}",0.06666666666666667,0.2701388888888889
0A986513-7828-4D53-AA1F-E02D6DF9561B,0.07,m0.05_k10,0.05,10,hysteresis,11,0.07,0.01,80,10,0,0,0,0.07361111111111111,1.0,0.09375,1.0,False,,null,,
0A986513-7828-4D53-AA1F-E02D6DF9561B,0.07,m0.1_k1,0.1,1,margin_only,11,0.07,0.01,80,18,1,0,1,0.0,1.0,0.0,1.0,True,29.0,"{""theta"": 0.8478349673202614, ""m"": 0.1, ""k"": 1}",0.06180555555555556,0.0
0A986513-7828-4D53-AA1F-E02D6DF9561B,0.07,m0.1_k2,0.1,2,hysteresis,11,0.07,0.01,80,18,10,0,10,0.005555555555555556,1.0,0.016666666666666666,1.0,True,34.0,"{""theta"": 0.8625408496732027, ""m"": 0.1, ""k"": 2}",0.0625,0.008333333333333333
0A986513-7828-4D53-AA1F-E02D6DF9561B,0.07,m0.1_k3,0.1,3,hysteresis,11,0.07,0.01,80,18,2,0,2,0.014583333333333334,1.0,0.04027777777777778,1.0,True,57.0,"{""theta"": 0.9344362745098039, ""m"": 0.1, ""k"": 3}",0.06944444444444445,0.36354166666666665
0A986513-7828-4D53-AA1F-E02D6DF9561B,0.07,m0.1_k5,0.1,5,hysteresis,11,0.07,0.01,80,18,6,6,0,0.03819444444444445,1.0,0.0875,1.0,False,,null,,
0A986513-7828-4D53-AA1F-E02D6DF9561B,0.07,m0.1_k10,0.1,10,hysteresis,11,0.07,0.01,80,18,0,0,0,0.08680555555555555,1.0,0.17708333333333334,1.0,False,,null,,
0A986513-7828-4D53-AA1F-E02D6DF9561B,0.07,m0.2_k1,0.2,1,margin_only,11,0.07,0.01,80,27,0,0,0,0.0,1.0,0.04027777777777778,1.0,False,,null,,
0A986513-7828-4D53-AA1F-E02D6DF9561B,0.07,m0.2_k2,0.2,2,hysteresis,11,0.07,0.01,80,27,12,2,10,0.016666666666666666,1.0,0.06944444444444445,1.0,True,43.0,"{""theta"": 0.8779616013071896, ""m"": 0.2, ""k"": 2}",0.06944444444444445,0.19791666666666666
0A986513-7828-4D53-AA1F-E02D6DF9561B,0.07,m0.2_k3,0.2,3,hysteresis,11,0.07,0.01,80,27,3,3,0,0.04027777777777778,1.0,0.08888888888888889,1.0,False,,null,,
0A986513-7828-4D53-AA1F-E02D6DF9561B,0.07,m0.2_k5,0.2,5,hysteresis,11,0.07,0.01,80,27,0,0,0,0.08333333333333333,1.0,0.12222222222222222,1.0,False,,null,,
0A986513-7828-4D53-AA1F-E02D6DF9561B,0.07,m0.2_k10,0.2,10,hysteresis,11,0.07,0.01,80,27,0,0,0,0.17291666666666666,1.0,0.25625,1.0,False,,null,,
136562B6-95B2-483D-88DC-065F28409FD2,0.05,m0_k1,0.0,1,instantaneous,12,0.05,0.01,80,0,7,0,7,0.0,0.9708333333333333,0.0,0.9708333333333333,True,35.0,"{""theta"": 0.8225159943531674, ""m"": 0.0, ""k"": 1}",0.04791666666666667,0.034722222222222224
136562B6-95B2-483D-88DC-065F28409FD2,0.05,m0_k2,0.0,2,dwell_only,12,0.05,0.01,80,0,8,0,8,0.0,0.9784722222222222,0.0,0.9784722222222222,True,41.0,"{""theta"": 0.8277040218664584, ""m"": 0.0, ""k"": 2}",0.04791666666666667,0.040625
136562B6-95B2-483D-88DC-065F28409FD2,0.05,m0_k3,0.0,3,dwell_only,12,0.05,0.01,80,0,0,0,0,0.0,0.9784722222222222,0.0,0.9784722222222222,False,,null,,
136562B6-95B2-483D-88DC-065F28409FD2,0.05,m0_k5,0.0,5,dwell_only,12,0.05,0.01,80,0,2,0,2,0.0,0.9805555555555555,0.0,0.9805555555555555,True,60.0,"{""theta"": 0.920636470128856, ""m"": 0.0, ""k"": 5}",0.04861111111111111,0.20347222222222222
136562B6-95B2-483D-88DC-065F28409FD2,0.05,m0_k10,0.0,10,dwell_only,12,0.05,0.01,80,0,3,0,3,0.0,0.9805555555555555,0.0,0.9805555555555555,True,66.0,"{""theta"": 0.9457243264349864, ""m"": 0.0, ""k"": 10}",0.04722222222222222,0.4878472222222222
136562B6-95B2-483D-88DC-065F28409FD2,0.05,m0.05_k1,0.05,1,margin_only,12,0.05,0.01,80,6,4,0,4,0.0,1.0,0.0,1.0,True,36.0,"{""theta"": 0.8238563662031058, ""m"": 0.05, ""k"": 1}",0.04375,0.034722222222222224
136562B6-95B2-483D-88DC-065F28409FD2,0.05,m0.05_k2,0.05,2,hysteresis,12,0.05,0.01,80,6,0,0,0,0.0,1.0,0.0020833333333333333,1.0,False,,null,,
136562B6-95B2-483D-88DC-065F28409FD2,0.05,m0.05_k3,0.05,3,hysteresis,12,0.05,0.01,80,6,4,0,4,0.0,1.0,0.004861111111111111,1.0,True,49.0,"{""theta"": 0.8404035382813204, ""m"": 0.05, ""k"": 3}",0.043055555555555555,0.050694444444444445
136562B6-95B2-483D-88DC-065F28409FD2,0.05,m0.05_k5,0.05,5,hysteresis,12,0.05,0.01,80,6,5,0,5,0.001388888888888889,1.0,0.010416666666666666,1.0,True,62.0,"{""theta"": 0.9294676298320969, ""m"": 0.05, ""k"": 5}",0.04722222222222222,0.3190972222222222
136562B6-95B2-483D-88DC-065F28409FD2,0.05,m0.05_k10,0.05,10,hysteresis,12,0.05,0.01,80,6,1,0,1,0.02013888888888889,1.0,0.0375,1.0,True,72.0,"{""theta"": 0.9689669953143304, ""m"": 0.05, ""k"": 10}",0.05,0.6336805555555556
136562B6-95B2-483D-88DC-065F28409FD2,0.05,m0.1_k1,0.1,1,margin_only,12,0.05,0.01,80,12,1,0,1,0.0,1.0,0.0,1.0,True,35.0,"{""theta"": 0.8225159943531674, ""m"": 0.1, ""k"": 1}",0.041666666666666664,0.0375
136562B6-95B2-483D-88DC-065F28409FD2,0.05,m0.1_k2,0.1,2,hysteresis,12,0.05,0.01,80,12,0,0,0,0.0020833333333333333,1.0,0.011111111111111112,1.0,False,,null,,
136562B6-95B2-483D-88DC-065F28409FD2,0.05,m0.1_k3,0.1,3,hysteresis,12,0.05,0.01,80,12,0,0,0,0.004861111111111111,1.0,0.022222222222222223,1.0,False,,null,,
136562B6-95B2-483D-88DC-065F28409FD2,0.05,m0.1_k5,0.1,5,hysteresis,12,0.05,0.01,80,12,9,5,4,0.010416666666666666,1.0,0.044444444444444446,1.0,True,64.0,"{""theta"": 0.9373271085513472, ""m"": 0.1, ""k"": 5}",0.04722222222222222,0.4930555555555556
136562B6-95B2-483D-88DC-065F28409FD2,0.05,m0.1_k10,0.1,10,hysteresis,12,0.05,0.01,80,12,1,1,0,0.0375,1.0,0.11180555555555556,1.0,False,,null,,
136562B6-95B2-483D-88DC-065F28409FD2,0.05,m0.2_k1,0.2,1,margin_only,12,0.05,0.01,80,24,0,0,0,0.0,1.0,0.003472222222222222,1.0,False,,null,,
136562B6-95B2-483D-88DC-065F28409FD2,0.05,m0.2_k2,0.2,2,hysteresis,12,0.05,0.01,80,24,0,0,0,0.011111111111111112,1.0,0.03958333333333333,1.0,False,,null,,
136562B6-95B2-483D-88DC-065F28409FD2,0.05,m0.2_k3,0.2,3,hysteresis,12,0.05,0.01,80,24,0,0,0,0.022222222222222223,1.0,0.050694444444444445,1.0,False,,null,,
136562B6-95B2-483D-88DC-065F28409FD2,0.05,m0.2_k5,0.2,5,hysteresis,12,0.05,0.01,80,24,3,3,0,0.044444444444444446,1.0,0.13125,1.0,False,,null,,
136562B6-95B2-483D-88DC-065F28409FD2,0.05,m0.2_k10,0.2,10,hysteresis,12,0.05,0.01,80,24,0,0,0,0.11180555555555556,1.0,0.2,1.0,False,,null,,
136562B6-95B2-483D-88DC-065F28409FD2,0.03,m0_k1,0.0,1,instantaneous,12,0.03,0.01,80,0,7,0,7,0.0,0.9708333333333333,0.0,0.9708333333333333,True,40.0,"{""theta"": 0.8452261095926071, ""m"": 0.0, ""k"": 1}",0.02013888888888889,0.036458333333333336
136562B6-95B2-483D-88DC-065F28409FD2,0.03,m0_k2,0.0,2,dwell_only,12,0.03,0.01,80,0,9,0,9,0.0,0.9784722222222222,0.0,0.9784722222222222,True,43.0,"{""theta"": 0.84808224676859, ""m"": 0.0, ""k"": 2}",0.02013888888888889,0.04201388888888889
136562B6-95B2-483D-88DC-065F28409FD2,0.03,m0_k3,0.0,3,dwell_only,12,0.03,0.01,80,0,9,0,9,0.0,0.9784722222222222,0.0,0.9784722222222222,True,53.0,"{""theta"": 0.8792772489712554, ""m"": 0.0, ""k"": 3}",0.029861111111111113,0.06111111111111111
136562B6-95B2-483D-88DC-065F28409FD2,0.03,m0_k5,0.0,5,dwell_only,12,0.03,0.01,80,0,5,0,5,0.0,0.9805555555555555,0.0,0.9805555555555555,True,63.0,"{""theta"": 0.933047647403358, ""m"": 0.0, ""k"": 5}",0.02847222222222222,0.3920138888888889
136562B6-95B2-483D-88DC-065F28409FD2,0.03,m0_k10,0.0,10,dwell_only,12,0.03,0.01,80,0,3,0,3,0.0,0.9805555555555555,0.0,0.9805555555555555,True,72.0,"{""theta"": 0.9689669953143304, ""m"": 0.0, ""k"": 10}",0.027083333333333334,0.6461805555555555
136562B6-95B2-483D-88DC-065F28409FD2,0.03,m0.05_k1,0.05,1,margin_only,12,0.03,0.01,80,6,1,0,1,0.0,1.0,0.0,1.0,True,34.0,"{""theta"": 0.8381028043933154, ""m"": 0.05, ""k"": 1}",0.029861111111111113,0.03680555555555556
136562B6-95B2-483D-88DC-065F28409FD2,0.03,m0.05_k2,0.05,2,hysteresis,12,0.03,0.01,80,6,9,0,9,0.0,1.0,0.0020833333333333333,1.0,True,39.0,"{""theta"": 0.8434341177825168, ""m"": 0.05, ""k"": 2}",0.022222222222222223,0.043055555555555555
136562B6-95B2-483D-88DC-065F28409FD2,0.03,m0.05_k3,0.05,3,hysteresis,12,0.03,0.01,80,6,7,0,7,0.0,1.0,0.004861111111111111,1.0,True,56.0,"{""theta"": 0.9004295197188599, ""m"": 0.05, ""k"": 3}",0.029861111111111113,0.11631944444444445
136562B6-95B2-483D-88DC-065F28409FD2,0.03,m0.05_k5,0.05,5,hysteresis,12,0.03,0.01,80,6,1,0,1,0.001388888888888889,1.0,0.010416666666666666,1.0,True,68.0,"{""theta"": 0.9534361577508785, ""m"": 0.05, ""k"": 5}",0.025694444444444443,0.5409722222222222
136562B6-95B2-483D-88DC-065F28409FD2,0.03,m0.05_k10,0.05,10,hysteresis,12,0.03,0.01,80,6,1,1,0,0.02013888888888889,1.0,0.0375,1.0,False,,null,,
136562B6-95B2-483D-88DC-065F28409FD2,0.03,m0.1_k1,0.1,1,margin_only,12,0.03,0.01,80,12,4,0,4,0.0,1.0,0.0,1.0,True,30.0,"{""theta"": 0.8306435486939197, ""m"": 0.1, ""k"": 1}",0.025,0.03784722222222222
136562B6-95B2-483D-88DC-065F28409FD2,0.03,m0.1_k2,0.1,2,hysteresis,12,0.03,0.01,80,12,2,0,2,0.0020833333333333333,1.0,0.011111111111111112,1.0,True,50.0,"{""theta"": 0.862037052833929, ""m"": 0.1, ""k"": 2}",0.029861111111111113,0.07951388888888888
136562B6-95B2-483D-88DC-065F28409FD2,0.03,m0.1_k3,0.1,3,hysteresis,12,0.03,0.01,80,12,13,2,11,0.004861111111111111,1.0,0.022222222222222223,1.0,True,57.0,"{""theta"": 0.9075816868410778, ""m"": 0.1, ""k"": 3}",0.029166666666666667,0.28020833333333334
136562B6-95B2-483D-88DC-065F28409FD2,0.03,m0.1_k5,0.1,5,hysteresis,12,0.03,0.01,80,12,2,2,0,0.010416666666666666,1.0,0.044444444444444446,1.0,False,,null,,
136562B6-95B2-483D-88DC-065F28409FD2,0.03,m0.1_k10,0.1,10,hysteresis,12,0.03,0.01,80,12,0,0,0,0.0375,1.0,0.11180555555555556,1.0,False,,null,,
136562B6-95B2-483D-88DC-065F28409FD2,0.03,m0.2_k1,0.2,1,margin_only,12,0.03,0.01,80,24,1,0,1,0.0,1.0,0.003472222222222222,1.0,True,53.0,"{""theta"": 0.8792772489712554, ""m"": 0.2, ""k"": 1}",0.02361111111111111,0.29270833333333335
136562B6-95B2-483D-88DC-065F28409FD2,0.03,m0.2_k2,0.2,2,hysteresis,12,0.03,0.01,80,24,2,2,0,0.011111111111111112,1.0,0.03958333333333333,1.0,False,,null,,
136562B6-95B2-483D-88DC-065F28409FD2,0.03,m0.2_k3,0.2,3,hysteresis,12,0.03,0.01,80,24,20,20,0,0.022222222222222223,1.0,0.050694444444444445,1.0,False,,null,,
136562B6-95B2-483D-88DC-065F28409FD2,0.03,m0.2_k5,0.2,5,hysteresis,12,0.03,0.01,80,24,0,0,0,0.044444444444444446,1.0,0.13125,1.0,False,,null,,
136562B6-95B2-483D-88DC-065F28409FD2,0.03,m0.2_k10,0.2,10,hysteresis,12,0.03,0.01,80,24,0,0,0,0.11180555555555556,1.0,0.2,1.0,False,,null,,
136562B6-95B2-483D-88DC-065F28409FD2,0.07,m0_k1,0.0,1,instantaneous,12,0.07,0.01,80,0,7,0,7,0.0,0.9708333333333333,0.0,0.9708333333333333,True,39.0,"{""theta"": 0.8127645450995704, ""m"": 0.0, ""k"": 1}",0.06041666666666667,0.034722222222222224
136562B6-95B2-483D-88DC-065F28409FD2,0.07,m0_k2,0.0,2,dwell_only,12,0.07,0.01,80,0,6,0,6,0.0,0.9784722222222222,0.0,0.9784722222222222,True,44.0,"{""theta"": 0.8170193434055206, ""m"": 0.0, ""k"": 2}",0.06041666666666667,0.04027777777777778
136562B6-95B2-483D-88DC-065F28409FD2,0.07,m0_k3,0.0,3,dwell_only,12,0.07,0.01,80,0,6,0,6,0.0,0.9784722222222222,0.0,0.9784722222222222,True,49.0,"{""theta"": 0.8238563662031058, ""m"": 0.0, ""k"": 3}",0.06458333333333334,0.04895833333333333
136562B6-95B2-483D-88DC-065F28409FD2,0.07,m0_k5,0.0,5,dwell_only,12,0.07,0.01,80,0,1,0,1,0.0,0.9805555555555555,0.0,0.9805555555555555,True,54.0,"{""theta"": 0.8699726669269816, ""m"": 0.0, ""k"": 5}",0.06319444444444444,0.06354166666666666
136562B6-95B2-483D-88DC-065F28409FD2,0.07,m0_k10,0.0,10,dwell_only,12,0.07,0.01,80,0,0,0,0,0.0,0.9805555555555555,0.0,0.9805555555555555,False,,null,,
136562B6-95B2-483D-88DC-065F28409FD2,0.07,m0.05_k1,0.05,1,margin_only,12,0.07,0.01,80,6,7,0,7,0.0,1.0,0.0,1.0,True,34.0,"{""theta"": 0.807594689574385, ""m"": 0.05, ""k"": 1}",0.06111111111111111,0.034375
136562B6-95B2-483D-88DC-065F28409FD2,0.07,m0.05_k2,0.05,2,hysteresis,12,0.07,0.01,80,6,0,0,0,0.0,1.0,0.0020833333333333333,1.0,False,,null,,
136562B6-95B2-483D-88DC-065F28409FD2,0.07,m0.05_k3,0.05,3,hysteresis,12,0.07,0.01,80,6,0,0,0,0.0,1.0,0.004861111111111111,1.0,False,,null,,
136562B6-95B2-483D-88DC-065F28409FD2,0.07,m0.05_k5,0.05,5,hysteresis,12,0.07,0.01,80,6,3,0,3,0.001388888888888889,1.0,0.010416666666666666,1.0,True,55.0,"{""theta"": 0.891452772354549, ""m"": 0.05, ""k"": 5}",0.06388888888888888,0.12152777777777778
136562B6-95B2-483D-88DC-065F28409FD2,0.07,m0.05_k10,0.05,10,hysteresis,12,0.07,0.01,80,6,1,0,1,0.02013888888888889,1.0,0.0375,1.0,True,71.0,"{""theta"": 0.9656384224912143, ""m"": 0.05, ""k"": 10}",0.06319444444444444,0.5673611111111111
136562B6-95B2-483D-88DC-065F28409FD2,0.07,m0.1_k1,0.1,1,margin_only,12,0.07,0.01,80,12,4,0,4,0.0,1.0,0.0,1.0,True,44.0,"{""theta"": 0.8170193434055206, ""m"": 0.1, ""k"": 1}",0.06805555555555555,0.036458333333333336
136562B6-95B2-483D-88DC-065F28409FD2,0.07,m0.1_k2,0.1,2,hysteresis,12,0.07,0.01,80,12,0,0,0,0.0020833333333333333,1.0,0.011111111111111112,1.0,False,,null,,
136562B6-95B2-483D-88DC-065F28409FD2,0.07,m0.1_k3,0.1,3,hysteresis,12,0.07,0.01,80,12,0,0,0,0.004861111111111111,1.0,0.022222222222222223,1.0,False,,null,,
136562B6-95B2-483D-88DC-065F28409FD2,0.07,m0.1_k5,0.1,5,hysteresis,12,0.07,0.01,80,12,1,0,1,0.010416666666666666,1.0,0.044444444444444446,1.0,True,56.0,"{""theta"": 0.9004295197188599, ""m"": 0.1, ""k"": 5}",0.06388888888888888,0.2482638888888889
136562B6-95B2-483D-88DC-065F28409FD2,0.07,m0.1_k10,0.1,10,hysteresis,12,0.07,0.01,80,12,1,1,0,0.0375,1.0,0.11180555555555556,1.0,False,,null,,
136562B6-95B2-483D-88DC-065F28409FD2,0.07,m0.2_k1,0.2,1,margin_only,12,0.07,0.01,80,24,1,0,1,0.0,1.0,0.003472222222222222,1.0,True,54.0,"{""theta"": 0.8699726669269816, ""m"": 0.2, ""k"": 1}",0.06736111111111111,0.2743055555555556
136562B6-95B2-483D-88DC-065F28409FD2,0.07,m0.2_k2,0.2,2,hysteresis,12,0.07,0.01,80,24,0,0,0,0.011111111111111112,1.0,0.03958333333333333,1.0,False,,null,,
136562B6-95B2-483D-88DC-065F28409FD2,0.07,m0.2_k3,0.2,3,hysteresis,12,0.07,0.01,80,24,0,0,0,0.022222222222222223,1.0,0.050694444444444445,1.0,False,,null,,
136562B6-95B2-483D-88DC-065F28409FD2,0.07,m0.2_k5,0.2,5,hysteresis,12,0.07,0.01,80,24,2,2,0,0.044444444444444446,1.0,0.13125,1.0,False,,null,,
136562B6-95B2-483D-88DC-065F28409FD2,0.07,m0.2_k10,0.2,10,hysteresis,12,0.07,0.01,80,24,0,0,0,0.11180555555555556,1.0,0.2,1.0,False,,null,,
1538C99F-BA1E-4EFB-A949-6C7C47701B20,0.05,m0_k1,0.0,1,instantaneous,12,0.05,0.01,40,0,0,0,0,0.0,0.9715277777777778,0.0,0.9715277777777778,False,,null,,
1538C99F-BA1E-4EFB-A949-6C7C47701B20,0.05,m0_k2,0.0,2,dwell_only,12,0.05,0.01,40,0,0,0,0,0.001388888888888889,0.9881944444444445,0.001388888888888889,0.9881944444444445,False,,null,,
1538C99F-BA1E-4EFB-A949-6C7C47701B20,0.05,m0_k3,0.0,3,dwell_only,12,0.05,0.01,40,0,0,0,0,0.0,0.9895833333333334,0.0,0.9895833333333334,False,,null,,
1538C99F-BA1E-4EFB-A949-6C7C47701B20,0.05,m0_k5,0.0,5,dwell_only,12,0.05,0.01,40,0,5,0,5,0.0,1.0,0.0,1.0,True,20.0,"{""theta"": 0.9031037827352085, ""m"": 0.0, ""k"": 5}",0.05,0.31805555555555554
1538C99F-BA1E-4EFB-A949-6C7C47701B20,0.05,m0_k10,0.0,10,dwell_only,12,0.05,0.01,40,0,3,0,3,0.0,1.0,0.0,1.0,True,31.0,"{""theta"": 0.9571290009699321, ""m"": 0.0, ""k"": 10}",0.04722222222222222,0.6322916666666667
1538C99F-BA1E-4EFB-A949-6C7C47701B20,0.05,m0.05_k1,0.05,1,margin_only,12,0.05,0.01,40,5,0,0,0,0.0,1.0,0.0,1.0,False,,null,,
1538C99F-BA1E-4EFB-A949-6C7C47701B20,0.05,m0.05_k2,0.05,2,hysteresis,12,0.05,0.01,40,5,0,0,0,0.0,1.0,0.001388888888888889,1.0,False,,null,,
1538C99F-BA1E-4EFB-A949-6C7C47701B20,0.05,m0.05_k3,0.05,3,hysteresis,12,0.05,0.01,40,5,0,0,0,0.0,1.0,0.005555555555555556,1.0,False,,null,,
1538C99F-BA1E-4EFB-A949-6C7C47701B20,0.05,m0.05_k5,0.05,5,hysteresis,12,0.05,0.01,40,5,6,0,6,0.0,1.0,0.019444444444444445,1.0,True,23.0,"{""theta"": 0.917776935014549, ""m"": 0.05, ""k"": 5}",0.05,0.35208333333333336
1538C99F-BA1E-4EFB-A949-6C7C47701B20,0.05,m0.05_k10,0.05,10,hysteresis,12,0.05,0.01,40,5,2,2,0,0.03194444444444444,1.0,0.05416666666666667,1.0,False,,null,,
1538C99F-BA1E-4EFB-A949-6C7C47701B20,0.05,m0.1_k1,0.1,1,margin_only,12,0.05,0.01,40,10,0,0,0,0.0,1.0,0.0,1.0,False,,null,,
1538C99F-BA1E-4EFB-A949-6C7C47701B20,0.05,m0.1_k2,0.1,2,hysteresis,12,0.05,0.01,40,10,0,0,0,0.0,1.0,0.0125,1.0,False,,null,,
1538C99F-BA1E-4EFB-A949-6C7C47701B20,0.05,m0.1_k3,0.1,3,hysteresis,12,0.05,0.01,40,10,0,0,0,0.005555555555555556,1.0,0.025,1.0,False,,null,,
1538C99F-BA1E-4EFB-A949-6C7C47701B20,0.05,m0.1_k5,0.1,5,hysteresis,12,0.05,0.01,40,10,4,3,1,0.019444444444444445,1.0,0.05,1.0,True,29.0,"{""theta"": 0.9452852182347237, ""m"": 0.1, ""k"": 5}",0.05,0.6045138888888889
1538C99F-BA1E-4EFB-A949-6C7C47701B20,0.05,m0.1_k10,0.1,10,hysteresis,12,0.05,0.01,40,10,0,0,0,0.05416666666666667,1.0,0.1125,1.0,False,,null,,
1538C99F-BA1E-4EFB-A949-6C7C47701B20,0.05,m0.2_k1,0.2,1,margin_only,12,0.05,0.01,40,20,0,0,0,0.0,1.0,0.08958333333333333,1.0,False,,null,,
1538C99F-BA1E-4EFB-A949-6C7C47701B20,0.05,m0.2_k2,0.2,2,hysteresis,12,0.05,0.01,40,20,0,0,0,0.0125,1.0,0.14305555555555555,1.0,False,,null,,
1538C99F-BA1E-4EFB-A949-6C7C47701B20,0.05,m0.2_k3,0.2,3,hysteresis,12,0.05,0.01,40,20,0,0,0,0.025,1.0,0.1951388888888889,1.0,False,,null,,
1538C99F-BA1E-4EFB-A949-6C7C47701B20,0.05,m0.2_k5,0.2,5,hysteresis,12,0.05,0.01,40,20,2,2,0,0.05,1.0,0.22708333333333333,1.0,False,,null,,
1538C99F-BA1E-4EFB-A949-6C7C47701B20,0.05,m0.2_k10,0.2,10,hysteresis,12,0.05,0.01,40,20,0,0,0,0.1125,1.0,0.3680555555555556,1.0,False,,null,,
1538C99F-BA1E-4EFB-A949-6C7C47701B20,0.03,m0_k1,0.0,1,instantaneous,12,0.03,0.01,40,0,0,0,0,0.0,0.9715277777777778,0.0,0.9715277777777778,False,,null,,
1538C99F-BA1E-4EFB-A949-6C7C47701B20,0.03,m0_k2,0.0,2,dwell_only,12,0.03,0.01,40,0,0,0,0,0.001388888888888889,0.9881944444444445,0.001388888888888889,0.9881944444444445,False,,null,,
1538C99F-BA1E-4EFB-A949-6C7C47701B20,0.03,m0_k3,0.0,3,dwell_only,12,0.03,0.01,40,0,8,0,8,0.0,0.9895833333333334,0.0,0.9895833333333334,True,16.0,"{""theta"": 0.8859223957322988, ""m"": 0.0, ""k"": 3}",0.029166666666666667,0.15347222222222223
1538C99F-BA1E-4EFB-A949-6C7C47701B20,0.03,m0_k5,0.0,5,dwell_only,12,0.03,0.01,40,0,4,0,4,0.0,1.0,0.0,1.0,True,28.0,"{""theta"": 0.9403491755577109, ""m"": 0.0, ""k"": 5}",0.027083333333333334,0.5534722222222223
1538C99F-BA1E-4EFB-A949-6C7C47701B20,0.03,m0_k10,0.0,10,dwell_only,12,0.03,0.01,40,0,0,0,0,0.0,1.0,0.0,1.0,False,,null,,
1538C99F-BA1E-4EFB-A949-6C7C47701B20,0.03,m0.05_k1,0.05,1,margin_only,12,0.03,0.01,40,5,0,0,0,0.0,1.0,0.0,1.0,False,,null,,
1538C99F-BA1E-4EFB-A949-6C7C47701B20,0.03,m0.05_k2,0.05,2,hysteresis,12,0.03,0.01,40,5,0,0,0,0.0,1.0,0.001388888888888889,1.0,False,,null,,
1538C99F-BA1E-4EFB-A949-6C7C47701B20,0.03,m0.05_k3,0.05,3,hysteresis,12,0.03,0.01,40,5,9,0,9,0.0,1.0,0.005555555555555556,1.0,True,20.0,"{""theta"": 0.9031037827352085, ""m"": 0.05, ""k"": 3}",0.029166666666666667,0.20520833333333333
1538C99F-BA1E-4EFB-A949-6C7C47701B20,0.03,m0.05_k5,0.05,5,hysteresis,12,0.03,0.01,40,5,2,0,2,0.0,1.0,0.019444444444444445,1.0,True,30.0,"{""theta"": 0.9516973811833171, ""m"": 0.05, ""k"": 5}",0.024305555555555556,0.6413194444444444
1538C99F-BA1E-4EFB-A949-6C7C47701B20,0.03,m0.05_k10,0.05,10,hysteresis,12,0.03,0.01,40,5,0,0,0,0.03194444444444444,1.0,0.05416666666666667,1.0,False,,null,,
1538C99F-BA1E-4EFB-A949-6C7C47701B20,0.03,m0.1_k1,0.1,1,margin_only,12,0.03,0.01,40,10,0,0,0,0.0,1.0,0.0,1.0,False,,null,,
1538C99F-BA1E-4EFB-A949-6C7C47701B20,0.03,m0.1_k2,0.1,2,hysteresis,12,0.03,0.01,40,10,0,0,0,0.0,1.0,0.0125,1.0,False,,null,,
1538C99F-BA1E-4EFB-A949-6C7C47701B20,0.03,m0.1_k3,0.1,3,hysteresis,12,0.03,0.01,40,10,8,3,5,0.005555555555555556,1.0,0.025,1.0,True,25.0,"{""theta"": 0.9261660135790495, ""m"": 0.1, ""k"": 3}",0.029166666666666667,0.40694444444444444
1538C99F-BA1E-4EFB-A949-6C7C47701B20,0.03,m0.1_k5,0.1,5,hysteresis,12,0.03,0.01,40,10,1,1,0,0.019444444444444445,1.0,0.05,1.0,False,,null,,
1538C99F-BA1E-4EFB-A949-6C7C47701B20,0.03,m0.1_k10,0.1,10,hysteresis,12,0.03,0.01,40,10,0,0,0,0.05416666666666667,1.0,0.1125,1.0,False,,null,,
1538C99F-BA1E-4EFB-A949-6C7C47701B20,0.03,m0.2_k1,0.2,1,margin_only,12,0.03,0.01,40,20,0,0,0,0.0,1.0,0.08958333333333333,1.0,False,,null,,
1538C99F-BA1E-4EFB-A949-6C7C47701B20,0.03,m0.2_k2,0.2,2,hysteresis,12,0.03,0.01,40,20,0,0,0,0.0125,1.0,0.14305555555555555,1.0,False,,null,,
1538C99F-BA1E-4EFB-A949-6C7C47701B20,0.03,m0.2_k3,0.2,3,hysteresis,12,0.03,0.01,40,20,5,5,0,0.025,1.0,0.1951388888888889,1.0,False,,null,,
1538C99F-BA1E-4EFB-A949-6C7C47701B20,0.03,m0.2_k5,0.2,5,hysteresis,12,0.03,0.01,40,20,0,0,0,0.05,1.0,0.22708333333333333,1.0,False,,null,,
1538C99F-BA1E-4EFB-A949-6C7C47701B20,0.03,m0.2_k10,0.2,10,hysteresis,12,0.03,0.01,40,20,0,0,0,0.1125,1.0,0.3680555555555556,1.0,False,,null,,
1538C99F-BA1E-4EFB-A949-6C7C47701B20,0.07,m0_k1,0.0,1,instantaneous,12,0.07,0.01,50,0,0,0,0,0.0,0.9715277777777778,0.0,0.9715277777777778,False,,null,,
1538C99F-BA1E-4EFB-A949-6C7C47701B20,0.07,m0_k2,0.0,2,dwell_only,12,0.07,0.01,50,0,0,0,0,0.001388888888888889,0.9881944444444445,0.001388888888888889,0.9881944444444445,False,,null,,
1538C99F-BA1E-4EFB-A949-6C7C47701B20,0.07,m0_k3,0.0,3,dwell_only,12,0.07,0.01,50,0,0,0,0,0.0,0.9895833333333334,0.0,0.9895833333333334,False,,null,,
1538C99F-BA1E-4EFB-A949-6C7C47701B20,0.07,m0_k5,0.0,5,dwell_only,12,0.07,0.01,50,0,2,0,2,0.0,1.0,0.0,1.0,True,23.0,"{""theta"": 0.8738319398642095, ""m"": 0.0, ""k"": 5}",0.06666666666666667,0.03333333333333333
1538C99F-BA1E-4EFB-A949-6C7C47701B20,0.07,m0_k10,0.0,10,dwell_only,12,0.07,0.01,50,0,2,0,2,0.0,1.0,0.0,1.0,True,37.0,"{""theta"": 0.9365664403491756, ""m"": 0.0, ""k"": 10}",0.06805555555555555,0.540625
1538C99F-BA1E-4EFB-A949-6C7C47701B20,0.07,m0.05_k1,0.05,1,margin_only,12,0.07,0.01,50,5,0,0,0,0.0,1.0,0.0,1.0,False,,null,,
1538C99F-BA1E-4EFB-A949-6C7C47701B20,0.07,m0.05_k2,0.05,2,hysteresis,12,0.07,0.01,50,5,0,0,0,0.0,1.0,0.001388888888888889,1.0,False,,null,,
1538C99F-BA1E-4EFB-A949-6C7C47701B20,0.07,m0.05_k3,0.05,3,hysteresis,12,0.07,0.01,50,5,0,0,0,0.0,1.0,0.005555555555555556,1.0,False,,null,,
1538C99F-BA1E-4EFB-A949-6C7C47701B20,0.07,m0.05_k5,0.05,5,hysteresis,12,0.07,0.01,50,5,1,0,1,0.0,1.0,0.019444444444444445,1.0,True,29.0,"{""theta"": 0.8998060135790494, ""m"": 0.05, ""k"": 5}",0.06666666666666667,0.19340277777777778
1538C99F-BA1E-4EFB-A949-6C7C47701B20,0.07,m0.05_k10,0.05,10,hysteresis,12,0.07,0.01,50,5,2,0,2,0.03194444444444444,1.0,0.05416666666666667,1.0,True,41.0,"{""theta"": 0.9571290009699321, ""m"": 0.05, ""k"": 10}",0.06805555555555555,0.6760416666666667
1538C99F-BA1E-4EFB-A949-6C7C47701B20,0.07,m0.1_k1,0.1,1,margin_only,12,0.07,0.01,50,10,0,0,0,0.0,1.0,0.0,1.0,False,,null,,
1538C99F-BA1E-4EFB-A949-6C7C47701B20,0.07,m0.1_k2,0.1,2,hysteresis,12,0.07,0.01,50,10,0,0,0,0.0,1.0,0.0125,1.0,False,,null,,
1538C99F-BA1E-4EFB-A949-6C7C47701B20,0.07,m0.1_k3,0.1,3,hysteresis,12,0.07,0.01,50,10,0,0,0,0.005555555555555556,1.0,0.025,1.0,False,,null,,
1538C99F-BA1E-4EFB-A949-6C7C47701B20,0.07,m0.1_k5,0.1,5,hysteresis,12,0.07,0.01,50,10,1,0,1,0.019444444444444445,1.0,0.05,1.0,True,35.0,"{""theta"": 0.9261660135790495, ""m"": 0.1, ""k"": 5}",0.06666666666666667,0.39895833333333336
1538C99F-BA1E-4EFB-A949-6C7C47701B20,0.07,m0.1_k10,0.1,10,hysteresis,12,0.07,0.01,50,10,2,2,0,0.05416666666666667,1.0,0.1125,1.0,False,,null,,
1538C99F-BA1E-4EFB-A949-6C7C47701B20,0.07,m0.2_k1,0.2,1,margin_only,12,0.07,0.01,50,20,0,0,0,0.0,1.0,0.08958333333333333,1.0,False,,null,,
1538C99F-BA1E-4EFB-A949-6C7C47701B20,0.07,m0.2_k2,0.2,2,hysteresis,12,0.07,0.01,50,20,0,0,0,0.0125,1.0,0.14305555555555555,1.0,False,,null,,
1538C99F-BA1E-4EFB-A949-6C7C47701B20,0.07,m0.2_k3,0.2,3,hysteresis,12,0.07,0.01,50,20,0,0,0,0.025,1.0,0.1951388888888889,1.0,False,,null,,
1538C99F-BA1E-4EFB-A949-6C7C47701B20,0.07,m0.2_k5,0.2,5,hysteresis,12,0.07,0.01,50,20,1,1,0,0.05,1.0,0.22708333333333333,1.0,False,,null,,
1538C99F-BA1E-4EFB-A949-6C7C47701B20,0.07,m0.2_k10,0.2,10,hysteresis,12,0.07,0.01,50,20,0,0,0,0.1125,1.0,0.3680555555555556,1.0,False,,null,,
24E40C4C-A349-4F9F-93AB-01D00FB994AF,0.05,m0_k1,0.0,1,instantaneous,12,0.05,0.01,80,0,7,0,7,0.0,0.9701388888888889,0.0,0.9701388888888889,True,39.0,"{""theta"": 0.8280450070323491, ""m"": 0.0, ""k"": 1}",0.04027777777777778,0.0
24E40C4C-A349-4F9F-93AB-01D00FB994AF,0.05,m0_k2,0.0,2,dwell_only,12,0.05,0.01,80,0,4,0,4,0.0,0.96875,0.0,0.96875,True,48.0,"{""theta"": 0.8676652601969056, ""m"": 0.0, ""k"": 2}",0.041666666666666664,0.00798611111111111
24E40C4C-A349-4F9F-93AB-01D00FB994AF,0.05,m0_k3,0.0,3,dwell_only,12,0.05,0.01,80,0,4,0,4,0.0,0.9743055555555555,0.0,0.9743055555555555,True,51.0,"{""theta"": 0.8750356254153724, ""m"": 0.0, ""k"": 3}",0.043055555555555555,0.01597222222222222
24E40C4C-A349-4F9F-93AB-01D00FB994AF,0.05,m0_k5,0.0,5,dwell_only,12,0.05,0.01,80,0,2,0,2,0.0,0.9798611111111111,0.0,0.9798611111111111,True,56.0,"{""theta"": 0.9112919429375126, ""m"": 0.0, ""k"": 5}",0.05,0.11597222222222223
24E40C4C-A349-4F9F-93AB-01D00FB994AF,0.05,m0_k10,0.0,10,dwell_only,12,0.05,0.01,80,0,0,0,0,0.0,0.98125,0.0,0.98125,False,,null,,
24E40C4C-A349-4F9F-93AB-01D00FB994AF,0.05,m0.05_k1,0.05,1,margin_only,12,0.05,0.01,80,8,7,0,7,0.0,1.0,0.0,1.0,True,39.0,"{""theta"": 0.8280450070323491, ""m"": 0.05, ""k"": 1}",0.041666666666666664,0.0
24E40C4C-A349-4F9F-93AB-01D00FB994AF,0.05,m0.05_k2,0.05,2,hysteresis,12,0.05,0.01,80,8,6,0,6,0.0,1.0,0.0,1.0,True,44.0,"{""theta"": 0.8486610716990461, ""m"": 0.05, ""k"": 2}",0.04722222222222222,0.00798611111111111
24E40C4C-A349-4F9F-93AB-01D00FB994AF,0.05,m0.05_k3,0.05,3,hysteresis,12,0.05,0.01,80,8,0,0,0,0.0,1.0,0.001388888888888889,1.0,False,,null,,
24E40C4C-A349-4F9F-93AB-01D00FB994AF,0.05,m0.05_k5,0.05,5,hysteresis,12,0.05,0.01,80,8,1,0,1,0.0,1.0,0.006944444444444444,1.0,True,63.0,"{""theta"": 0.9374120956399438, ""m"": 0.05, ""k"": 5}",0.04236111111111111,0.36006944444444444
24E40C4C-A349-4F9F-93AB-01D00FB994AF,0.05,m0.05_k10,0.05,10,hysteresis,12,0.05,0.01,80,8,1,1,0,0.011111111111111112,1.0,0.05763888888888889,1.0,False,,null,,
24E40C4C-A349-4F9F-93AB-01D00FB994AF,0.05,m0.1_k1,0.1,1,margin_only,12,0.05,0.01,80,13,1,0,1,0.0,1.0,0.0,1.0,True,38.0,"{""theta"": 0.8165533763002125, ""m"": 0.1, ""k"": 1}",0.04513888888888889,0.0
24E40C4C-A349-4F9F-93AB-01D00FB994AF,0.05,m0.1_k2,0.1,2,hysteresis,12,0.05,0.01,80,13,0,0,0,0.0,1.0,0.016666666666666666,1.0,False,,null,,
24E40C4C-A349-4F9F-93AB-01D00FB994AF,0.05,m0.1_k3,0.1,3,hysteresis,12,0.05,0.01,80,13,0,0,0,0.0,1.0,0.03333333333333333,1.0,False,,null,,
24E40C4C-A349-4F9F-93AB-01D00FB994AF,0.05,m0.1_k5,0.1,5,hysteresis,12,0.05,0.01,80,13,0,0,0,0.006944444444444444,1.0,0.06666666666666667,1.0,False,,null,,
24E40C4C-A349-4F9F-93AB-01D00FB994AF,0.05,m0.1_k10,0.1,10,hysteresis,12,0.05,0.01,80,13,0,0,0,0.05763888888888889,1.0,0.15,1.0,False,,null,,
24E40C4C-A349-4F9F-93AB-01D00FB994AF,0.05,m0.2_k1,0.2,1,margin_only,12,0.05,0.01,80,27,0,0,0,0.0,1.0,0.005555555555555556,1.0,False,,null,,
24E40C4C-A349-4F9F-93AB-01D00FB994AF,0.05,m0.2_k2,0.2,2,hysteresis,12,0.05,0.01,80,27,0,0,0,0.016666666666666666,1.0,0.059027777777777776,1.0,False,,null,,
24E40C4C-A349-4F9F-93AB-01D00FB994AF,0.05,m0.2_k3,0.2,3,hysteresis,12,0.05,0.01,80,27,0,0,0,0.03333333333333333,1.0,0.07708333333333334,1.0,False,,null,,
24E40C4C-A349-4F9F-93AB-01D00FB994AF,0.05,m0.2_k5,0.2,5,hysteresis,12,0.05,0.01,80,27,0,0,0,0.06666666666666667,1.0,0.11527777777777778,1.0,False,,null,,
24E40C4C-A349-4F9F-93AB-01D00FB994AF,0.05,m0.2_k10,0.2,10,hysteresis,12,0.05,0.01,80,27,0,0,0,0.15,1.0,0.1951388888888889,1.0,False,,null,,
24E40C4C-A349-4F9F-93AB-01D00FB994AF,0.03,m0_k1,0.0,1,instantaneous,12,0.03,0.01,80,0,7,0,7,0.0,0.9701388888888889,0.0,0.9701388888888889,True,38.0,"{""theta"": 0.8749645742209033, ""m"": 0.0, ""k"": 1}",0.022222222222222223,0.0
24E40C4C-A349-4F9F-93AB-01D00FB994AF,0.03,m0_k2,0.0,2,dwell_only,12,0.03,0.01,80,0,3,0,3,0.0,0.96875,0.0,0.96875,True,45.0,"{""theta"": 0.8922428174731972, ""m"": 0.0, ""k"": 2}",0.025,0.009027777777777777
24E40C4C-A349-4F9F-93AB-01D00FB994AF,0.03,m0_k3,0.0,3,dwell_only,12,0.03,0.01,80,0,2,0,2,0.0,0.9743055555555555,0.0,0.9743055555555555,True,56.0,"{""theta"": 0.9112919429375126, ""m"": 0.0, ""k"": 3}",0.025694444444444443,0.10868055555555556
24E40C4C-A349-4F9F-93AB-01D00FB994AF,0.03,m0_k5,0.0,5,dwell_only,12,0.03,0.01,80,0,4,0,4,0.0,0.9798611111111111,0.0,0.9798611111111111,True,65.0,"{""theta"": 0.9456499899537875, ""m"": 0.0, ""k"": 5}",0.029861111111111113,0.42604166666666665
24E40C4C-A349-4F9F-93AB-01D00FB994AF,0.03,m0_k10,0.0,10,dwell_only,12,0.03,0.01,80,0,2,0,2,0.0,0.98125,0.0,0.98125,True,71.0,"{""theta"": 0.9723729154108901, ""m"": 0.0, ""k"": 10}",0.02847222222222222,0.6986111111111111
24E40C4C-A349-4F9F-93AB-01D00FB994AF,0.03,m0.05_k1,0.05,1,margin_only,12,0.03,0.01,80,8,4,0,4,0.0,1.0,0.0,1.0,True,36.0,"{""theta"": 0.8694436786139319, ""m"": 0.05, ""k"": 1}",0.02013888888888889,0.0
24E40C4C-A349-4F9F-93AB-01D00FB994AF,0.03,m0.05_k2,0.05,2,hysteresis,12,0.03,0.01,80,8,6,0,6,0.0,1.0,0.0,1.0,True,37.0,"{""theta"": 0.8714308341447582, ""m"": 0.05, ""k"": 2}",0.02013888888888889,0.009027777777777777
24E40C4C-A349-4F9F-93AB-01D00FB994AF,0.03,m0.05_k3,0.05,3,hysteresis,12,0.03,0.01,80,8,1,0,1,0.0,1.0,0.001388888888888889,1.0,True,63.0,"{""theta"": 0.9374120956399438, ""m"": 0.05, ""k"": 3}",0.020833333333333332,0.2722222222222222
24E40C4C-A349-4F9F-93AB-01D00FB994AF,0.03,m0.05_k5,0.05,5,hysteresis,12,0.03,0.01,80,8,2,0,2,0.0,1.0,0.006944444444444444,1.0,True,67.0,"{""theta"": 0.9558971267832027, ""m"": 0.05, ""k"": 5}",0.02638888888888889,0.5888888888888889
24E40C4C-A349-4F9F-93AB-01D00FB994AF,0.03,m0.05_k10,0.05,10,hysteresis,12,0.03,0.01,80,8,5,5,0,0.011111111111111112,1.0,0.05763888888888889,1.0,False,,null,,
24E40C4C-A349-4F9F-93AB-01D00FB994AF,0.03,m0.1_k1,0.1,1,margin_only,12,0.03,0.01,80,13,1,0,1,0.0,1.0,0.0,1.0,True,31.0,"{""theta"": 0.848247393394229, ""m"": 0.1, ""k"": 1}",0.024305555555555556,0.0
24E40C4C-A349-4F9F-93AB-01D00FB994AF,0.03,m0.1_k2,0.1,2,hysteresis,12,0.03,0.01,80,13,25,0,25,0.0,1.0,0.016666666666666666,1.0,True,31.0,"{""theta"": 0.848247393394229, ""m"": 0.1, ""k"": 2}",0.022222222222222223,0.009027777777777777
24E40C4C-A349-4F9F-93AB-01D00FB994AF,0.03,m0.1_k3,0.1,3,hysteresis,12,0.03,0.01,80,13,0,0,0,0.0,1.0,0.03333333333333333,1.0,False,,null,,
24E40C4C-A349-4F9F-93AB-01D00FB994AF,0.03,m0.1_k5,0.1,5,hysteresis,12,0.03,0.01,80,13,6,6,0,0.006944444444444444,1.0,0.06666666666666667,1.0,False,,null,,
24E40C4C-A349-4F9F-93AB-01D00FB994AF,0.03,m0.1_k10,0.1,10,hysteresis,12,0.03,0.01,80,13,0,0,0,0.05763888888888889,1.0,0.15,1.0,False,,null,,
24E40C4C-A349-4F9F-93AB-01D00FB994AF,0.03,m0.2_k1,0.2,1,margin_only,12,0.03,0.01,80,31,0,0,0,0.0,1.0,0.005555555555555556,1.0,False,,null,,
24E40C4C-A349-4F9F-93AB-01D00FB994AF,0.03,m0.2_k2,0.2,2,hysteresis,12,0.03,0.01,80,31,23,20,3,0.016666666666666666,1.0,0.022222222222222223,1.0,True,46.0,"{""theta"": 0.896179522727624, ""m"": 0.2, ""k"": 2}",0.022222222222222223,0.42118055555555556
24E40C4C-A349-4F9F-93AB-01D00FB994AF,0.03,m0.2_k3,0.2,3,hysteresis,12,0.03,0.01,80,31,0,0,0,0.03333333333333333,1.0,0.075,1.0,False,,null,,
24E40C4C-A349-4F9F-93AB-01D00FB994AF,0.03,m0.2_k5,0.2,5,hysteresis,12,0.03,0.01,80,31,0,0,0,0.06666666666666667,1.0,0.10694444444444444,1.0,False,,null,,
24E40C4C-A349-4F9F-93AB-01D00FB994AF,0.03,m0.2_k10,0.2,10,hysteresis,12,0.03,0.01,80,31,0,0,0,0.15,1.0,0.18680555555555556,1.0,False,,null,,
24E40C4C-A349-4F9F-93AB-01D00FB994AF,0.07,m0_k1,0.0,1,instantaneous,12,0.07,0.01,80,0,7,0,7,0.0,0.9701388888888889,0.0,0.9701388888888889,True,39.0,"{""theta"": 0.7791480811733976, ""m"": 0.0, ""k"": 1}",0.06041666666666667,0.0
24E40C4C-A349-4F9F-93AB-01D00FB994AF,0.07,m0_k2,0.0,2,dwell_only,12,0.07,0.01,80,0,11,0,11,0.0,0.96875,0.0,0.96875,True,48.0,"{""theta"": 0.7991344801471384, ""m"": 0.0, ""k"": 2}",0.06111111111111111,0.00798611111111111
24E40C4C-A349-4F9F-93AB-01D00FB994AF,0.07,m0_k3,0.0,3,dwell_only,12,0.07,0.01,80,0,0,0,0,0.0,0.9743055555555555,0.0,0.9743055555555555,False,,null,,
24E40C4C-A349-4F9F-93AB-01D00FB994AF,0.07,m0_k5,0.0,5,dwell_only,12,0.07,0.01,80,0,3,0,3,0.0,0.9798611111111111,0.0,0.9798611111111111,True,53.0,"{""theta"": 0.9045818063090215, ""m"": 0.0, ""k"": 5}",0.06666666666666667,0.035416666666666666
24E40C4C-A349-4F9F-93AB-01D00FB994AF,0.07,m0_k10,0.0,10,dwell_only,12,0.07,0.01,80,0,3,0,3,0.0,0.98125,0.0,0.98125,True,64.0,"{""theta"": 0.9412296564195298, ""m"": 0.0, ""k"": 10}",0.06944444444444445,0.41631944444444446
24E40C4C-A349-4F9F-93AB-01D00FB994AF,0.07,m0.05_k1,0.05,1,margin_only,12,0.07,0.01,80,8,2,0,2,0.0,1.0,0.0,1.0,True,38.0,"{""theta"": 0.7785598367876849, ""m"": 0.05, ""k"": 1}",0.06111111111111111,0.0
24E40C4C-A349-4F9F-93AB-01D00FB994AF,0.07,m0.05_k2,0.05,2,hysteresis,12,0.07,0.01,80,8,6,0,6,0.0,1.0,0.0,1.0,True,47.0,"{""theta"": 0.7982054373193613, ""m"": 0.05, ""k"": 2}",0.0625,0.00798611111111111
24E40C4C-A349-4F9F-93AB-01D00FB994AF,0.07,m0.05_k3,0.05,3,hysteresis,12,0.07,0.01,80,8,0,0,0,0.0,1.0,0.001388888888888889,1.0,False,,null,,
24E40C4C-A349-4F9F-93AB-01D00FB994AF,0.07,m0.05_k5,0.05,5,hysteresis,12,0.07,0.01,80,8,10,0,10,0.0,1.0,0.006944444444444444,1.0,True,53.0,"{""theta"": 0.9045818063090215, ""m"": 0.05, ""k"": 5}",0.06805555555555555,0.125
24E40C4C-A349-4F9F-93AB-01D00FB994AF,0.07,m0.05_k10,0.05,10,hysteresis,12,0.07,0.01,80,8,2,0,2,0.011111111111111112,1.0,0.05763888888888889,1.0,True,69.0,"{""theta"": 0.9644364074743822, ""m"": 0.05, ""k"": 10}",0.06319444444444444,0.6138888888888889
24E40C4C-A349-4F9F-93AB-01D00FB994AF,0.07,m0.1_k1,0.1,1,margin_only,12,0.07,0.01,80,13,0,0,0,0.0,1.0,0.0,1.0,False,,null,,
24E40C4C-A349-4F9F-93AB-01D00FB994AF,0.07,m0.1_k2,0.1,2,hysteresis,12,0.07,0.01,80,13,2,0,2,0.0,1.0,0.016666666666666666,1.0,True,51.0,"{""theta"": 0.8165533763002125, ""m"": 0.1, ""k"": 2}",0.06666666666666667,0.00798611111111111
24E40C4C-A349-4F9F-93AB-01D00FB994AF,0.07,m0.1_k3,0.1,3,hysteresis,12,0.07,0.01,80,13,0,0,0,0.0,1.0,0.03333333333333333,1.0,False,,null,,
24E40C4C-A349-4F9F-93AB-01D00FB994AF,0.07,m0.1_k5,0.1,5,hysteresis,12,0.07,0.01,80,13,12,1,11,0.006944444444444444,1.0,0.06666666666666667,1.0,True,56.0,"{""theta"": 0.9112919429375126, ""m"": 0.1, ""k"": 5}",0.06875,0.21597222222222223
24E40C4C-A349-4F9F-93AB-01D00FB994AF,0.07,m0.1_k10,0.1,10,hysteresis,12,0.07,0.01,80,13,2,2,0,0.05763888888888889,1.0,0.15,1.0,False,,null,,
24E40C4C-A349-4F9F-93AB-01D00FB994AF,0.07,m0.2_k1,0.2,1,margin_only,12,0.07,0.01,80,27,0,0,0,0.0,1.0,0.11319444444444444,1.0,False,,null,,
24E40C4C-A349-4F9F-93AB-01D00FB994AF,0.07,m0.2_k2,0.2,2,hysteresis,12,0.07,0.01,80,27,0,0,0,0.016666666666666666,1.0,0.19930555555555557,1.0,False,,null,,
24E40C4C-A349-4F9F-93AB-01D00FB994AF,0.07,m0.2_k3,0.2,3,hysteresis,12,0.07,0.01,80,27,0,0,0,0.03333333333333333,1.0,0.21805555555555556,1.0,False,,null,,
24E40C4C-A349-4F9F-93AB-01D00FB994AF,0.07,m0.2_k5,0.2,5,hysteresis,12,0.07,0.01,80,27,11,11,0,0.06666666666666667,1.0,0.2701388888888889,1.0,False,,null,,
24E40C4C-A349-4F9F-93AB-01D00FB994AF,0.07,m0.2_k10,0.2,10,hysteresis,12,0.07,0.01,80,27,0,0,0,0.15,1.0,0.3645833333333333,1.0,False,,null,,
2C32C23E-E30C-498A-8DD2-0EFB9150A02E,0.05,m0_k1,0.0,1,instantaneous,11,0.05,0.01,60,0,5,0,5,0.0,0.9694444444444444,0.0,0.9694444444444444,True,30.0,"{""theta"": 0.8393396531526028, ""m"": 0.0, ""k"": 1}",0.041666666666666664,0.005555555555555556
2C32C23E-E30C-498A-8DD2-0EFB9150A02E,0.05,m0_k2,0.0,2,dwell_only,11,0.05,0.01,60,0,0,0,0,0.0,0.9763888888888889,0.0,0.9763888888888889,False,,null,,
2C32C23E-E30C-498A-8DD2-0EFB9150A02E,0.05,m0_k3,0.0,3,dwell_only,11,0.05,0.01,60,0,1,0,1,0.0,0.9777777777777777,0.0,0.9777777777777777,True,32.0,"{""theta"": 0.8395776884985519, ""m"": 0.0, ""k"": 3}",0.04375,0.022222222222222223
2C32C23E-E30C-498A-8DD2-0EFB9150A02E,0.05,m0_k5,0.0,5,dwell_only,11,0.05,0.01,60,0,2,0,2,0.0,0.9736111111111111,0.0,0.9736111111111111,True,41.0,"{""theta"": 0.8875062038680742, ""m"": 0.0, ""k"": 5}",0.049305555555555554,0.27743055555555557
2C32C23E-E30C-498A-8DD2-0EFB9150A02E,0.05,m0_k10,0.0,10,dwell_only,11,0.05,0.01,60,0,4,0,4,0.0,0.9826388888888888,0.0,0.9826388888888888,True,48.0,"{""theta"": 0.9273100999719704, ""m"": 0.0, ""k"": 10}",0.04791666666666667,0.6447916666666667
2C32C23E-E30C-498A-8DD2-0EFB9150A02E,0.05,m0.05_k1,0.05,1,margin_only,11,0.05,0.01,60,4,23,0,23,0.0,0.9729166666666667,0.0,0.9729166666666667,True,12.0,"{""theta"": 0.8372306829860787, ""m"": 0.05, ""k"": 1}",0.043055555555555555,0.004166666666666667
2C32C23E-E30C-498A-8DD2-0EFB9150A02E,0.05,m0.05_k2,0.05,2,hysteresis,11,0.05,0.01,60,4,0,0,0,0.0,0.9777777777777777,0.0006944444444444445,0.9777777777777777,False,,null,,
2C32C23E-E30C-498A-8DD2-0EFB9150A02E,0.05,m0.05_k3,0.05,3,hysteresis,11,0.05,0.01,60,4,0,0,0,0.0,0.9777777777777777,0.0,0.9777777777777777,False,,null,,
2C32C23E-E30C-498A-8DD2-0EFB9150A02E,0.05,m0.05_k5,0.05,5,hysteresis,11,0.05,0.01,60,4,1,0,1,0.0,0.9736111111111111,0.005555555555555556,0.9736111111111111,True,43.0,"{""theta"": 0.8988265065869382, ""m"": 0.05, ""k"": 5}",0.04513888888888889,0.40902777777777777
2C32C23E-E30C-498A-8DD2-0EFB9150A02E,0.05,m0.05_k10,0.05,10,hysteresis,11,0.05,0.01,60,4,0,0,0,0.00625,0.9798611111111111,0.029166666666666667,0.9798611111111111,False,,null,,
2C32C23E-E30C-498A-8DD2-0EFB9150A02E,0.05,m0.1_k1,0.1,1,margin_only,11,0.05,0.01,60,8,28,0,28,0.0,0.9777777777777777,0.0,0.9777777777777777,True,12.0,"{""theta"": 0.8372306829860787, ""m"": 0.1, ""k"": 1}",0.04652777777777778,0.00625
2C32C23E-E30C-498A-8DD2-0EFB9150A02E,0.05,m0.1_k2,0.1,2,hysteresis,11,0.05,0.01,60,8,0,0,0,0.0,0.9791666666666666,0.0020833333333333333,0.9791666666666666,False,,null,,
2C32C23E-E30C-498A-8DD2-0EFB9150A02E,0.05,m0.1_k3,0.1,3,hysteresis,11,0.05,0.01,60,8,0,0,0,0.0,0.9847222222222223,0.004166666666666667,0.9847222222222223,False,,null,,
2C32C23E-E30C-498A-8DD2-0EFB9150A02E,0.05,m0.1_k5,0.1,5,hysteresis,11,0.05,0.01,60,8,2,0,2,0.005555555555555556,0.9847222222222223,0.01875,0.9847222222222223,True,46.0,"{""theta"": 0.9160982901990096, ""m"": 0.1, ""k"": 5}",0.043055555555555555,0.5607638888888888
2C32C23E-E30C-498A-8DD2-0EFB9150A02E,0.05,m0.1_k10,0.1,10,hysteresis,11,0.05,0.01,60,8,0,0,0,0.029166666666666667,1.0,0.0763888888888889,1.0,False,,null,,
2C32C23E-E30C-498A-8DD2-0EFB9150A02E,0.05,m0.2_k1,0.2,1,margin_only,11,0.05,0.01,60,16,11,5,6,0.0,1.0,0.043055555555555555,1.0,True,38.0,"{""theta"": 0.8712510511071662, ""m"": 0.2, ""k"": 1}",0.049305555555555554,0.19618055555555555
2C32C23E-E30C-498A-8DD2-0EFB9150A02E,0.05,m0.2_k2,0.2,2,hysteresis,11,0.05,0.01,60,16,0,0,0,0.001388888888888889,1.0,0.06388888888888888,1.0,False,,null,,
2C32C23E-E30C-498A-8DD2-0EFB9150A02E,0.05,m0.2_k3,0.2,3,hysteresis,11,0.05,0.01,60,16,0,0,0,0.004166666666666667,1.0,0.08194444444444444,1.0,False,,null,,
2C32C23E-E30C-498A-8DD2-0EFB9150A02E,0.05,m0.2_k5,0.2,5,hysteresis,11,0.05,0.01,60,16,2,2,0,0.01875,1.0,0.1701388888888889,1.0,False,,null,,
2C32C23E-E30C-498A-8DD2-0EFB9150A02E,0.05,m0.2_k10,0.2,10,hysteresis,11,0.05,0.01,60,16,0,0,0,0.0763888888888889,1.0,0.2965277777777778,1.0,False,,null,,
2C32C23E-E30C-498A-8DD2-0EFB9150A02E,0.03,m0_k1,0.0,1,instantaneous,11,0.03,0.01,58,0,1,0,1,0.0,0.9694444444444444,0.0,0.9694444444444444,True,21.0,"{""theta"": 0.8395776884985519, ""m"": 0.0, ""k"": 1}",0.022916666666666665,0.005555555555555556
2C32C23E-E30C-498A-8DD2-0EFB9150A02E,0.03,m0_k2,0.0,2,dwell_only,11,0.03,0.01,58,0,3,0,3,0.0,0.9763888888888889,0.0,0.9763888888888889,True,24.0,"{""theta"": 0.8400448472390919, ""m"": 0.0, ""k"": 2}",0.020833333333333332,0.013541666666666667
2C32C23E-E30C-498A-8DD2-0EFB9150A02E,0.03,m0_k3,0.0,3,dwell_only,11,0.03,0.01,58,0,6,0,6,0.0,0.9777777777777777,0.0,0.9777777777777777,True,36.0,"{""theta"": 0.8712510511071662, ""m"": 0.0, ""k"": 3}",0.029166666666666667,0.16597222222222222
2C32C23E-E30C-498A-8DD2-0EFB9150A02E,0.03,m0_k5,0.0,5,dwell_only,11,0.03,0.01,58,0,5,0,5,0.0,0.9736111111111111,0.0,0.9736111111111111,True,45.0,"{""theta"": 0.9216697654863122, ""m"": 0.0, ""k"": 5}",0.027777777777777776,0.5628472222222223
2C32C23E-E30C-498A-8DD2-0EFB9150A02E,0.03,m0_k10,0.0,10,dwell_only,11,0.03,0.01,58,0,2,0,2,0.0,0.9826388888888888,0.0,0.9826388888888888,True,50.0,"{""theta"": 0.9536669999065683, ""m"": 0.0, ""k"": 10}",0.029166666666666667,0.7940972222222222
2C32C23E-E30C-498A-8DD2-0EFB9150A02E,0.03,m0.05_k1,0.05,1,margin_only,11,0.03,0.01,58,4,1,0,1,0.0,0.9729166666666667,0.0,0.9729166666666667,True,34.0,"{""theta"": 0.8597458563019714, ""m"": 0.05, ""k"": 1}",0.022916666666666665,0.014583333333333334
2C32C23E-E30C-498A-8DD2-0EFB9150A02E,0.03,m0.05_k2,0.05,2,hysteresis,11,0.03,0.01,58,4,0,0,0,0.0,0.9777777777777777,0.0006944444444444445,0.9777777777777777,False,,null,,
2C32C23E-E30C-498A-8DD2-0EFB9150A02E,0.03,m0.05_k3,0.05,3,hysteresis,11,0.03,0.01,58,4,4,0,4,0.0,0.9777777777777777,0.0,0.9777777777777777,True,38.0,"{""theta"": 0.8820816032887975, ""m"": 0.05, ""k"": 3}",0.02847222222222222,0.2375
2C32C23E-E30C-498A-8DD2-0EFB9150A02E,0.03,m0.05_k5,0.05,5,hysteresis,11,0.03,0.01,58,4,6,0,6,0.0,0.9736111111111111,0.005555555555555556,0.9736111111111111,True,42.0,"{""theta"": 0.9046996169298328, ""m"": 0.05, ""k"": 5}",0.02847222222222222,0.4954861111111111
2C32C23E-E30C-498A-8DD2-0EFB9150A02E,0.03,m0.05_k10,0.05,10,hysteresis,11,0.03,0.01,58,4,5,1,4,0.00625,0.9798611111111111,0.029166666666666667,0.9798611111111111,True,50.0,"{""theta"": 0.9536669999065683, ""m"": 0.05, ""k"": 10}",0.029166666666666667,0.7552083333333334
2C32C23E-E30C-498A-8DD2-0EFB9150A02E,0.03,m0.1_k1,0.1,1,margin_only,11,0.03,0.01,58,8,0,0,0,0.0,0.9777777777777777,0.0,0.9777777777777777,False,,null,,
2C32C23E-E30C-498A-8DD2-0EFB9150A02E,0.03,m0.1_k2,0.1,2,hysteresis,11,0.03,0.01,58,8,0,0,0,0.0,0.9791666666666666,0.0020833333333333333,0.9791666666666666,False,,null,,
2C32C23E-E30C-498A-8DD2-0EFB9150A02E,0.03,m0.1_k3,0.1,3,hysteresis,11,0.03,0.01,58,8,4,0,4,0.0,0.9847222222222223,0.004166666666666667,0.9847222222222223,True,40.0,"{""theta"": 0.8933009436606559, ""m"": 0.1, ""k"": 3}",0.029861111111111113,0.32743055555555556
2C32C23E-E30C-498A-8DD2-0EFB9150A02E,0.03,m0.1_k5,0.1,5,hysteresis,11,0.03,0.01,58,8,0,0,0,0.005555555555555556,0.9847222222222223,0.01875,0.9847222222222223,False,,null,,
2C32C23E-E30C-498A-8DD2-0EFB9150A02E,0.03,m0.1_k10,0.1,10,hysteresis,11,0.03,0.01,58,8,3,3,0,0.029166666666666667,1.0,0.0763888888888889,1.0,False,,null,,
2C32C23E-E30C-498A-8DD2-0EFB9150A02E,0.03,m0.2_k1,0.2,1,margin_only,11,0.03,0.01,58,16,0,0,0,0.0,1.0,0.043055555555555555,1.0,False,,null,,
2C32C23E-E30C-498A-8DD2-0EFB9150A02E,0.03,m0.2_k2,0.2,2,hysteresis,11,0.03,0.01,58,16,0,0,0,0.001388888888888889,1.0,0.06388888888888888,1.0,False,,null,,
2C32C23E-E30C-498A-8DD2-0EFB9150A02E,0.03,m0.2_k3,0.2,3,hysteresis,11,0.03,0.01,58,16,2,2,0,0.004166666666666667,1.0,0.08194444444444444,1.0,False,,null,,
2C32C23E-E30C-498A-8DD2-0EFB9150A02E,0.03,m0.2_k5,0.2,5,hysteresis,11,0.03,0.01,58,16,0,0,0,0.01875,1.0,0.1701388888888889,1.0,False,,null,,
2C32C23E-E30C-498A-8DD2-0EFB9150A02E,0.03,m0.2_k10,0.2,10,hysteresis,11,0.03,0.01,58,16,0,0,0,0.0763888888888889,1.0,0.2965277777777778,1.0,False,,null,,
2C32C23E-E30C-498A-8DD2-0EFB9150A02E,0.07,m0_k1,0.0,1,instantaneous,11,0.07,0.01,72,0,4,0,4,0.0,0.9694444444444444,0.0,0.9694444444444444,True,36.0,"{""theta"": 0.8386433710174718, ""m"": 0.0, ""k"": 1}",0.06111111111111111,0.005555555555555556
2C32C23E-E30C-498A-8DD2-0EFB9150A02E,0.07,m0_k2,0.0,2,dwell_only,11,0.07,0.01,72,0,4,0,4,0.0,0.9763888888888889,0.0,0.9763888888888889,True,40.0,"{""theta"": 0.8391651513953672, ""m"": 0.0, ""k"": 2}",0.06041666666666667,0.013541666666666667
2C32C23E-E30C-498A-8DD2-0EFB9150A02E,0.07,m0_k3,0.0,3,dwell_only,11,0.07,0.01,72,0,5,0,5,0.0,0.9777777777777777,0.0,0.9777777777777777,True,42.0,"{""theta"": 0.8392051114353273, ""m"": 0.0, ""k"": 3}",0.06458333333333334,0.021527777777777778
2C32C23E-E30C-498A-8DD2-0EFB9150A02E,0.07,m0_k5,0.0,5,dwell_only,11,0.07,0.01,72,0,5,0,5,0.0,0.9736111111111111,0.0,0.9736111111111111,True,45.0,"{""theta"": 0.8410566383257031, ""m"": 0.0, ""k"": 5}",0.06666666666666667,0.03333333333333333
2C32C23E-E30C-498A-8DD2-0EFB9150A02E,0.07,m0_k10,0.0,10,dwell_only,11,0.07,0.01,72,0,2,0,2,0.0,0.9826388888888888,0.0,0.9826388888888888,True,58.0,"{""theta"": 0.9160982901990096, ""m"": 0.0, ""k"": 10}",0.06666666666666667,0.5809027777777778
2C32C23E-E30C-498A-8DD2-0EFB9150A02E,0.07,m0.05_k1,0.05,1,margin_only,11,0.07,0.01,72,4,0,0,0,0.0,0.9729166666666667,0.0,0.9729166666666667,False,,null,,
2C32C23E-E30C-498A-8DD2-0EFB9150A02E,0.07,m0.05_k2,0.05,2,hysteresis,11,0.07,0.01,72,4,37,0,37,0.0,0.9777777777777777,0.0006944444444444445,0.9777777777777777,True,12.0,"{""theta"": 0.828412594599645, ""m"": 0.05, ""k"": 2}",0.06388888888888888,0.011805555555555555
2C32C23E-E30C-498A-8DD2-0EFB9150A02E,0.07,m0.05_k3,0.05,3,hysteresis,11,0.07,0.01,72,4,0,0,0,0.0,0.9777777777777777,0.0,0.9777777777777777,False,,null,,
2C32C23E-E30C-498A-8DD2-0EFB9150A02E,0.07,m0.05_k5,0.05,5,hysteresis,11,0.07,0.01,72,4,5,0,5,0.0,0.9736111111111111,0.005555555555555556,0.9736111111111111,True,49.0,"{""theta"": 0.8650845557320378, ""m"": 0.05, ""k"": 5}",0.06666666666666667,0.11979166666666667
2C32C23E-E30C-498A-8DD2-0EFB9150A02E,0.07,m0.05_k10,0.05,10,hysteresis,11,0.07,0.01,72,4,1,0,1,0.00625,0.9798611111111111,0.029166666666666667,0.9798611111111111,True,62.0,"{""theta"": 0.939816145006073, ""m"": 0.05, ""k"": 10}",0.06597222222222222,0.6604166666666667
2C32C23E-E30C-498A-8DD2-0EFB9150A02E,0.07,m0.1_k1,0.1,1,margin_only,11,0.07,0.01,72,8,0,0,0,0.0,0.9777777777777777,0.0,0.9777777777777777,False,,null,,
2C32C23E-E30C-498A-8DD2-0EFB9150A02E,0.07,m0.1_k2,0.1,2,hysteresis,11,0.07,0.01,72,8,32,0,32,0.0,0.9791666666666666,0.0020833333333333333,0.9791666666666666,True,21.0,"{""theta"": 0.8355624231883224, ""m"": 0.1, ""k"": 2}",0.06388888888888888,0.025347222222222222
2C32C23E-E30C-498A-8DD2-0EFB9150A02E,0.07,m0.1_k3,0.1,3,hysteresis,11,0.07,0.01,72,8,0,0,0,0.0,0.9847222222222223,0.004166666666666667,0.9847222222222223,False,,null,,
2C32C23E-E30C-498A-8DD2-0EFB9150A02E,0.07,m0.1_k5,0.1,5,hysteresis,11,0.07,0.01,72,8,2,0,2,0.005555555555555556,0.9847222222222223,0.01875,0.9847222222222223,True,54.0,"{""theta"": 0.8933009436606559, ""m"": 0.1, ""k"": 5}",0.06319444444444444,0.38993055555555556
2C32C23E-E30C-498A-8DD2-0EFB9150A02E,0.07,m0.1_k10,0.1,10,hysteresis,11,0.07,0.01,72,8,3,3,0,0.029166666666666667,1.0,0.0763888888888889,1.0,False,,null,,
2C32C23E-E30C-498A-8DD2-0EFB9150A02E,0.07,m0.2_k1,0.2,1,margin_only,11,0.07,0.01,72,16,0,0,0,0.0,1.0,0.043055555555555555,1.0,False,,null,,
2C32C23E-E30C-498A-8DD2-0EFB9150A02E,0.07,m0.2_k2,0.2,2,hysteresis,11,0.07,0.01,72,16,8,5,3,0.001388888888888889,1.0,0.06388888888888888,1.0,True,53.0,"{""theta"": 0.8875062038680742, ""m"": 0.2, ""k"": 2}",0.06388888888888888,0.3888888888888889
2C32C23E-E30C-498A-8DD2-0EFB9150A02E,0.07,m0.2_k3,0.2,3,hysteresis,11,0.07,0.01,72,16,0,0,0,0.004166666666666667,1.0,0.08194444444444444,1.0,False,,null,,
2C32C23E-E30C-498A-8DD2-0EFB9150A02E,0.07,m0.2_k5,0.2,5,hysteresis,11,0.07,0.01,72,16,2,2,0,0.01875,1.0,0.1701388888888889,1.0,False,,null,,
2C32C23E-E30C-498A-8DD2-0EFB9150A02E,0.07,m0.2_k10,0.2,10,hysteresis,11,0.07,0.01,72,16,0,0,0,0.0763888888888889,1.0,0.2965277777777778,1.0,False,,null,,
3600D531-0C55-44A7-AE95-A7A38519464E,0.05,m0_k1,0.0,1,instantaneous,12,0.05,0.01,75,0,8,0,8,0.0,0.9694444444444444,0.0,0.9694444444444444,True,38.0,"{""theta"": 0.8884015536301165, ""m"": 0.0, ""k"": 1}",0.04027777777777778,0.0
3600D531-0C55-44A7-AE95-A7A38519464E,0.05,m0_k2,0.0,2,dwell_only,12,0.05,0.01,75,0,3,0,3,0.0006944444444444445,0.9715277777777778,0.0006944444444444445,0.9715277777777778,True,42.0,"{""theta"": 0.8898666237656379, ""m"": 0.0, ""k"": 2}",0.04236111111111111,0.007638888888888889
3600D531-0C55-44A7-AE95-A7A38519464E,0.05,m0_k3,0.0,3,dwell_only,12,0.05,0.01,75,0,6,0,6,0.0,0.975,0.0,0.975,True,47.0,"{""theta"": 0.891765760382432, ""m"": 0.0, ""k"": 3}",0.04027777777777778,0.015277777777777777
3600D531-0C55-44A7-AE95-A7A38519464E,0.05,m0_k5,0.0,5,dwell_only,12,0.05,0.01,75,0,1,0,1,0.0,0.9673611111111111,0.0,0.9673611111111111,True,54.0,"{""theta"": 0.922218902499751, ""m"": 0.0, ""k"": 5}",0.04652777777777778,0.21041666666666667
3600D531-0C55-44A7-AE95-A7A38519464E,0.05,m0_k10,0.0,10,dwell_only,12,0.05,0.01,75,0,1,0,1,0.0,0.9826388888888888,0.0,0.9826388888888888,True,60.0,"{""theta"": 0.9470172293596255, ""m"": 0.0, ""k"": 10}",0.043055555555555555,0.4222222222222222
3600D531-0C55-44A7-AE95-A7A38519464E,0.05,m0.05_k1,0.05,1,margin_only,12,0.05,0.01,75,8,33,0,33,0.0,1.0,0.0,1.0,True,12.0,"{""theta"": 0.8800677223384126, ""m"": 0.05, ""k"": 1}",0.04097222222222222,0.001388888888888889
3600D531-0C55-44A7-AE95-A7A38519464E,0.05,m0.05_k2,0.05,2,hysteresis,12,0.05,0.01,75,8,0,0,0,0.0,1.0,0.0006944444444444445,1.0,False,,null,,
3600D531-0C55-44A7-AE95-A7A38519464E,0.05,m0.05_k3,0.05,3,hysteresis,12,0.05,0.01,75,8,0,0,0,0.001388888888888889,1.0,0.004166666666666667,1.0,False,,null,,
3600D531-0C55-44A7-AE95-A7A38519464E,0.05,m0.05_k5,0.05,5,hysteresis,12,0.05,0.01,75,8,4,0,4,0.002777777777777778,1.0,0.010416666666666666,1.0,True,56.0,"{""theta"": 0.930417916542177, ""m"": 0.05, ""k"": 5}",0.04652777777777778,0.259375
3600D531-0C55-44A7-AE95-A7A38519464E,0.05,m0.05_k10,0.05,10,hysteresis,12,0.05,0.01,75,8,1,0,1,0.015277777777777777,1.0,0.04375,1.0,True,66.0,"{""theta"": 0.9718155562195, ""m"": 0.05, ""k"": 10}",0.04375,0.6645833333333333
3600D531-0C55-44A7-AE95-A7A38519464E,0.05,m0.1_k1,0.1,1,margin_only,12,0.05,0.01,75,14,41,0,41,0.0,1.0,0.0,1.0,True,12.0,"{""theta"": 0.8800677223384126, ""m"": 0.1, ""k"": 1}",0.04722222222222222,0.008333333333333333
3600D531-0C55-44A7-AE95-A7A38519464E,0.05,m0.1_k2,0.1,2,hysteresis,12,0.05,0.01,75,14,0,0,0,0.0,1.0,0.01597222222222222,1.0,False,,null,,
3600D531-0C55-44A7-AE95-A7A38519464E,0.05,m0.1_k3,0.1,3,hysteresis,12,0.05,0.01,75,14,0,0,0,0.001388888888888889,1.0,0.03333333333333333,1.0,False,,null,,
3600D531-0C55-44A7-AE95-A7A38519464E,0.05,m0.1_k5,0.1,5,hysteresis,12,0.05,0.01,75,14,2,2,0,0.010416666666666666,1.0,0.06666666666666667,1.0,False,,null,,
3600D531-0C55-44A7-AE95-A7A38519464E,0.05,m0.1_k10,0.1,10,hysteresis,12,0.05,0.01,75,14,0,0,0,0.03888888888888889,1.0,0.15625,1.0,False,,null,,
3600D531-0C55-44A7-AE95-A7A38519464E,0.05,m0.2_k1,0.2,1,margin_only,12,0.05,0.01,75,26,14,14,0,0.0,1.0,0.12708333333333333,1.0,False,,null,,
3600D531-0C55-44A7-AE95-A7A38519464E,0.05,m0.2_k2,0.2,2,hysteresis,12,0.05,0.01,75,26,0,0,0,0.0125,1.0,0.14444444444444443,1.0,False,,null,,
3600D531-0C55-44A7-AE95-A7A38519464E,0.05,m0.2_k3,0.2,3,hysteresis,12,0.05,0.01,75,26,0,0,0,0.029166666666666667,1.0,0.17430555555555555,1.0,False,,null,,
3600D531-0C55-44A7-AE95-A7A38519464E,0.05,m0.2_k5,0.2,5,hysteresis,12,0.05,0.01,75,26,0,0,0,0.06111111111111111,1.0,0.26875,1.0,False,,null,,
3600D531-0C55-44A7-AE95-A7A38519464E,0.05,m0.2_k10,0.2,10,hysteresis,12,0.05,0.01,75,26,0,0,0,0.15,1.0,0.35555555555555557,1.0,False,,null,,
3600D531-0C55-44A7-AE95-A7A38519464E,0.03,m0_k1,0.0,1,instantaneous,12,0.03,0.01,76,0,6,0,6,0.0,0.9694444444444444,0.0,0.9694444444444444,True,31.0,"{""theta"": 0.8901354768525966, ""m"": 0.0, ""k"": 1}",0.02638888888888889,0.0
3600D531-0C55-44A7-AE95-A7A38519464E,0.03,m0_k2,0.0,2,dwell_only,12,0.03,0.01,76,0,6,0,6,0.0006944444444444445,0.9715277777777778,0.0006944444444444445,0.9715277777777778,True,39.0,"{""theta"": 0.8927292178989221, ""m"": 0.0, ""k"": 2}",0.02847222222222222,0.007638888888888889
3600D531-0C55-44A7-AE95-A7A38519464E,0.03,m0_k3,0.0,3,dwell_only,12,0.03,0.01,76,0,5,0,5,0.0,0.975,0.0,0.975,True,52.0,"{""theta"": 0.910367493277562, ""m"": 0.0, ""k"": 3}",0.029166666666666667,0.08993055555555556
3600D531-0C55-44A7-AE95-A7A38519464E,0.03,m0_k5,0.0,5,dwell_only,12,0.03,0.01,76,0,3,0,3,0.0,0.9673611111111111,0.0,0.9673611111111111,True,58.0,"{""theta"": 0.9346678617667563, ""m"": 0.0, ""k"": 5}",0.02847222222222222,0.3236111111111111
3600D531-0C55-44A7-AE95-A7A38519464E,0.03,m0_k10,0.0,10,dwell_only,12,0.03,0.01,76,0,0,0,0,0.0,0.9826388888888888,0.0,0.9826388888888888,False,,null,,
3600D531-0C55-44A7-AE95-A7A38519464E,0.03,m0.05_k1,0.05,1,margin_only,12,0.03,0.01,76,8,0,0,0,0.0,1.0,0.0,1.0,False,,null,,
3600D531-0C55-44A7-AE95-A7A38519464E,0.03,m0.05_k2,0.05,2,hysteresis,12,0.03,0.01,76,8,0,0,0,0.0,1.0,0.0006944444444444445,1.0,False,,null,,
3600D531-0C55-44A7-AE95-A7A38519464E,0.03,m0.05_k3,0.05,3,hysteresis,12,0.03,0.01,76,8,3,0,3,0.001388888888888889,1.0,0.004166666666666667,1.0,True,57.0,"{""theta"": 0.930417916542177, ""m"": 0.05, ""k"": 3}",0.025694444444444443,0.24375
3600D531-0C55-44A7-AE95-A7A38519464E,0.03,m0.05_k5,0.05,5,hysteresis,12,0.03,0.01,76,8,5,0,5,0.002777777777777778,1.0,0.010416666666666666,1.0,True,62.0,"{""theta"": 0.9507021213026591, ""m"": 0.05, ""k"": 5}",0.02638888888888889,0.39444444444444443
3600D531-0C55-44A7-AE95-A7A38519464E,0.03,m0.05_k10,0.05,10,hysteresis,12,0.03,0.01,76,8,0,0,0,0.015277777777777777,1.0,0.04375,1.0,False,,null,,
3600D531-0C55-44A7-AE95-A7A38519464E,0.03,m0.1_k1,0.1,1,margin_only,12,0.03,0.01,76,14,0,0,0,0.0,1.0,0.0,1.0,False,,null,,
3600D531-0C55-44A7-AE95-A7A38519464E,0.03,m0.1_k2,0.1,2,hysteresis,12,0.03,0.01,76,14,1,0,1,0.0,1.0,0.01597222222222222,1.0,True,56.0,"{""theta"": 0.9265013444876008, ""m"": 0.1, ""k"": 2}",0.027777777777777776,0.14791666666666667
3600D531-0C55-44A7-AE95-A7A38519464E,0.03,m0.1_k3,0.1,3,hysteresis,12,0.03,0.01,76,14,2,2,0,0.001388888888888889,1.0,0.03333333333333333,1.0,False,,null,,
3600D531-0C55-44A7-AE95-A7A38519464E,0.03,m0.1_k5,0.1,5,hysteresis,12,0.03,0.01,76,14,5,5,0,0.010416666666666666,1.0,0.06666666666666667,1.0,False,,null,,
3600D531-0C55-44A7-AE95-A7A38519464E,0.03,m0.1_k10,0.1,10,hysteresis,12,0.03,0.01,76,14,0,0,0,0.03888888888888889,1.0,0.15625,1.0,False,,null,,
3600D531-0C55-44A7-AE95-A7A38519464E,0.03,m0.2_k1,0.2,1,margin_only,12,0.03,0.01,76,26,0,0,0,0.0,1.0,0.12708333333333333,1.0,False,,null,,
3600D531-0C55-44A7-AE95-A7A38519464E,0.03,m0.2_k2,0.2,2,hysteresis,12,0.03,0.01,76,26,1,1,0,0.0125,1.0,0.14444444444444443,1.0,False,,null,,
3600D531-0C55-44A7-AE95-A7A38519464E,0.03,m0.2_k3,0.2,3,hysteresis,12,0.03,0.01,76,26,1,1,0,0.029166666666666667,1.0,0.17430555555555555,1.0,False,,null,,
3600D531-0C55-44A7-AE95-A7A38519464E,0.03,m0.2_k5,0.2,5,hysteresis,12,0.03,0.01,76,26,0,0,0,0.06111111111111111,1.0,0.26875,1.0,False,,null,,
3600D531-0C55-44A7-AE95-A7A38519464E,0.03,m0.2_k10,0.2,10,hysteresis,12,0.03,0.01,76,26,0,0,0,0.15,1.0,0.35555555555555557,1.0,False,,null,,
3600D531-0C55-44A7-AE95-A7A38519464E,0.07,m0_k1,0.0,1,instantaneous,12,0.07,0.01,79,0,7,0,7,0.0,0.9694444444444444,0.0,0.9694444444444444,True,38.0,"{""theta"": 0.8835096105965541, ""m"": 0.0, ""k"": 1}",0.06041666666666667,0.0
3600D531-0C55-44A7-AE95-A7A38519464E,0.07,m0_k2,0.0,2,dwell_only,12,0.07,0.01,79,0,7,0,7,0.0006944444444444445,0.9715277777777778,0.0006944444444444445,0.9715277777777778,True,43.0,"{""theta"": 0.8858327013092474, ""m"": 0.0, ""k"": 2}",0.06180555555555556,0.007291666666666667
3600D531-0C55-44A7-AE95-A7A38519464E,0.07,m0_k3,0.0,3,dwell_only,12,0.07,0.01,79,0,7,0,7,0.0,0.975,0.0,0.975,True,49.0,"{""theta"": 0.8879605923406342, ""m"": 0.0, ""k"": 3}",0.06458333333333334,0.014930555555555556
3600D531-0C55-44A7-AE95-A7A38519464E,0.07,m0_k5,0.0,5,dwell_only,12,0.07,0.01,79,0,3,0,3,0.0,0.9673611111111111,0.0,0.9673611111111111,True,52.0,"{""theta"": 0.8968436709491087, ""m"": 0.0, ""k"": 5}",0.06666666666666667,0.03333333333333333
3600D531-0C55-44A7-AE95-A7A38519464E,0.07,m0_k10,0.0,10,dwell_only,12,0.07,0.01,79,0,1,0,1,0.0,0.9826388888888888,0.0,0.9826388888888888,True,63.0,"{""theta"": 0.9426351956976396, ""m"": 0.0, ""k"": 10}",0.06319444444444444,0.36944444444444446
3600D531-0C55-44A7-AE95-A7A38519464E,0.07,m0.05_k1,0.05,1,margin_only,12,0.07,0.01,79,8,0,0,0,0.0,1.0,0.0,1.0,False,,null,,
3600D531-0C55-44A7-AE95-A7A38519464E,0.07,m0.05_k2,0.05,2,hysteresis,12,0.07,0.01,79,8,1,0,1,0.0,1.0,0.0006944444444444445,1.0,True,12.0,"{""theta"": 0.8716960462105369, ""m"": 0.05, ""k"": 2}",0.06666666666666667,0.008333333333333333
3600D531-0C55-44A7-AE95-A7A38519464E,0.07,m0.05_k3,0.05,3,hysteresis,12,0.07,0.01,79,8,0,0,0,0.001388888888888889,1.0,0.004166666666666667,1.0,False,,null,,
3600D531-0C55-44A7-AE95-A7A38519464E,0.07,m0.05_k5,0.05,5,hysteresis,12,0.07,0.01,79,8,3,0,3,0.002777777777777778,1.0,0.010416666666666666,1.0,True,56.0,"{""theta"": 0.9143777313016631, ""m"": 0.05, ""k"": 5}",0.06666666666666667,0.140625
3600D531-0C55-44A7-AE95-A7A38519464E,0.07,m0.05_k10,0.05,10,hysteresis,12,0.07,0.01,79,8,1,0,1,0.015277777777777777,1.0,0.04375,1.0,True,69.0,"{""theta"": 0.9675331142316502, ""m"": 0.05, ""k"": 10}",0.06319444444444444,0.6180555555555556
3600D531-0C55-44A7-AE95-A7A38519464E,0.07,m0.1_k1,0.1,1,margin_only,12,0.07,0.01,79,14,0,0,0,0.0,1.0,0.0,1.0,False,,null,,
3600D531-0C55-44A7-AE95-A7A38519464E,0.07,m0.1_k2,0.1,2,hysteresis,12,0.07,0.01,79,14,7,0,7,0.0,1.0,0.01597222222222222,1.0,True,45.0,"{""theta"": 0.8872778531099416, ""m"": 0.1, ""k"": 2}",0.06388888888888888,0.04027777777777778
3600D531-0C55-44A7-AE95-A7A38519464E,0.07,m0.1_k3,0.1,3,hysteresis,12,0.07,0.01,79,14,0,0,0,0.001388888888888889,1.0,0.03333333333333333,1.0,False,,null,,
3600D531-0C55-44A7-AE95-A7A38519464E,0.07,m0.1_k5,0.1,5,hysteresis,12,0.07,0.01,79,14,3,0,3,0.010416666666666666,1.0,0.06666666666666667,1.0,True,62.0,"{""theta"": 0.938551937058062, ""m"": 0.1, ""k"": 5}",0.06736111111111111,0.3770833333333333
3600D531-0C55-44A7-AE95-A7A38519464E,0.07,m0.1_k10,0.1,10,hysteresis,12,0.07,0.01,79,14,1,1,0,0.03888888888888889,1.0,0.15625,1.0,False,,null,,
3600D531-0C55-44A7-AE95-A7A38519464E,0.07,m0.2_k1,0.2,1,margin_only,12,0.07,0.01,79,26,0,0,0,0.0,1.0,0.12708333333333333,1.0,False,,null,,
3600D531-0C55-44A7-AE95-A7A38519464E,0.07,m0.2_k2,0.2,2,hysteresis,12,0.07,0.01,79,26,1,1,0,0.0125,1.0,0.14444444444444443,1.0,False,,null,,
3600D531-0C55-44A7-AE95-A7A38519464E,0.07,m0.2_k3,0.2,3,hysteresis,12,0.07,0.01,79,26,0,0,0,0.029166666666666667,1.0,0.17430555555555555,1.0,False,,null,,
3600D531-0C55-44A7-AE95-A7A38519464E,0.07,m0.2_k5,0.2,5,hysteresis,12,0.07,0.01,79,26,4,4,0,0.06111111111111111,1.0,0.26875,1.0,False,,null,,
3600D531-0C55-44A7-AE95-A7A38519464E,0.07,m0.2_k10,0.2,10,hysteresis,12,0.07,0.01,79,26,0,0,0,0.15,1.0,0.35555555555555557,1.0,False,,null,,
4FC32141-E888-4BFF-8804-12559A491D8C,0.05,m0_k1,0.0,1,instantaneous,12,0.05,0.01,71,0,6,0,6,0.0,0.9701388888888889,0.0,0.9701388888888889,True,31.0,"{""theta"": 0.7577483301012713, ""m"": 0.0, ""k"": 1}",0.041666666666666664,0.0010416666666666667
4FC32141-E888-4BFF-8804-12559A491D8C,0.05,m0_k2,0.0,2,dwell_only,12,0.05,0.01,71,0,4,0,4,0.0,0.9777777777777777,0.0,0.9777777777777777,True,39.0,"{""theta"": 0.7595402776495214, ""m"": 0.0, ""k"": 2}",0.044444444444444446,0.009027777777777777
4FC32141-E888-4BFF-8804-12559A491D8C,0.05,m0_k3,0.0,3,dwell_only,12,0.05,0.01,71,0,0,0,0,0.0,0.9784722222222222,0.0,0.9784722222222222,False,,null,,
4FC32141-E888-4BFF-8804-12559A491D8C,0.05,m0_k5,0.0,5,dwell_only,12,0.05,0.01,71,0,4,0,4,0.0,0.9722222222222222,0.0,0.9722222222222222,True,50.0,"{""theta"": 0.8232454181672668, ""m"": 0.0, ""k"": 5}",0.04513888888888889,0.25243055555555555
4FC32141-E888-4BFF-8804-12559A491D8C,0.05,m0_k10,0.0,10,dwell_only,12,0.05,0.01,71,0,1,0,1,0.0,1.0,0.0,1.0,True,62.0,"{""theta"": 0.9005602240896359, ""m"": 0.0, ""k"": 10}",0.049305555555555554,0.5993055555555555
4FC32141-E888-4BFF-8804-12559A491D8C,0.05,m0.05_k1,0.05,1,margin_only,12,0.05,0.01,71,2,0,0,0,0.0,0.9833333333333333,0.0,0.9833333333333333,False,,null,,
4FC32141-E888-4BFF-8804-12559A491D8C,0.05,m0.05_k2,0.05,2,hysteresis,12,0.05,0.01,71,2,0,0,0,0.0,0.9840277777777777,0.0,0.9840277777777777,False,,null,,
4FC32141-E888-4BFF-8804-12559A491D8C,0.05,m0.05_k3,0.05,3,hysteresis,12,0.05,0.01,71,2,0,0,0,0.0,0.9791666666666666,0.0,0.9791666666666666,False,,null,,
4FC32141-E888-4BFF-8804-12559A491D8C,0.05,m0.05_k5,0.05,5,hysteresis,12,0.05,0.01,71,2,3,0,3,0.0,0.9729166666666667,0.0,0.9729166666666667,True,54.0,"{""theta"": 0.8374349739895959, ""m"": 0.05, ""k"": 5}",0.05,0.3236111111111111
4FC32141-E888-4BFF-8804-12559A491D8C,0.05,m0.05_k10,0.05,10,hysteresis,12,0.05,0.01,71,2,1,0,1,0.0,1.0,0.035416666666666666,1.0,True,64.0,"{""theta"": 0.9295242096838734, ""m"": 0.05, ""k"": 10}",0.049305555555555554,0.7503472222222223
4FC32141-E888-4BFF-8804-12559A491D8C,0.05,m0.1_k1,0.1,1,margin_only,12,0.05,0.01,71,5,0,0,0,0.0,0.9847222222222223,0.0,0.9847222222222223,False,,null,,
4FC32141-E888-4BFF-8804-12559A491D8C,0.05,m0.1_k2,0.1,2,hysteresis,12,0.05,0.01,71,5,0,0,0,0.0,0.9847222222222223,0.0006944444444444445,0.9847222222222223,False,,null,,
4FC32141-E888-4BFF-8804-12559A491D8C,0.05,m0.1_k3,0.1,3,hysteresis,12,0.05,0.01,71,5,0,0,0,0.0,0.9791666666666666,0.0006944444444444445,0.9791666666666666,False,,null,,
4FC32141-E888-4BFF-8804-12559A491D8C,0.05,m0.1_k5,0.1,5,hysteresis,12,0.05,0.01,71,5,2,0,2,0.0,1.0,0.014583333333333334,1.0,True,58.0,"{""theta"": 0.8628082733093237, ""m"": 0.1, ""k"": 5}",0.05,0.38958333333333334
4FC32141-E888-4BFF-8804-12559A491D8C,0.05,m0.1_k10,0.1,10,hysteresis,12,0.05,0.01,71,5,1,1,0,0.035416666666666666,1.0,0.052083333333333336,1.0,False,,null,,
4FC32141-E888-4BFF-8804-12559A491D8C,0.05,m0.2_k1,0.2,1,margin_only,12,0.05,0.01,71,9,1,0,1,0.0,1.0,0.0,1.0,True,57.0,"{""theta"": 0.8541416566626651, ""m"": 0.2, ""k"": 1}",0.041666666666666664,0.2833333333333333
4FC32141-E888-4BFF-8804-12559A491D8C,0.05,m0.2_k2,0.2,2,hysteresis,12,0.05,0.01,71,9,0,0,0,0.0,1.0,0.011805555555555555,1.0,False,,null,,
4FC32141-E888-4BFF-8804-12559A491D8C,0.05,m0.2_k3,0.2,3,hysteresis,12,0.05,0.01,71,9,0,0,0,0.0,1.0,0.029861111111111113,1.0,False,,null,,
4FC32141-E888-4BFF-8804-12559A491D8C,0.05,m0.2_k5,0.2,5,hysteresis,12,0.05,0.01,71,9,1,1,0,0.011111111111111112,1.0,0.06041666666666667,1.0,False,,null,,
4FC32141-E888-4BFF-8804-12559A491D8C,0.05,m0.2_k10,0.2,10,hysteresis,12,0.05,0.01,71,9,1,1,0,0.049305555555555554,1.0,0.14930555555555555,1.0,False,,null,,
4FC32141-E888-4BFF-8804-12559A491D8C,0.03,m0_k1,0.0,1,instantaneous,12,0.03,0.01,74,0,6,0,6,0.0,0.9701388888888889,0.0,0.9701388888888889,True,35.0,"{""theta"": 0.7602164932639722, ""m"": 0.0, ""k"": 1}",0.02013888888888889,0.0010416666666666667
4FC32141-E888-4BFF-8804-12559A491D8C,0.03,m0_k2,0.0,2,dwell_only,12,0.03,0.01,74,0,4,0,4,0.0,0.9777777777777777,0.0,0.9777777777777777,True,41.0,"{""theta"": 0.7616046418567427, ""m"": 0.0, ""k"": 2}",0.02013888888888889,0.009375
4FC32141-E888-4BFF-8804-12559A491D8C,0.03,m0_k3,0.0,3,dwell_only,12,0.03,0.01,74,0,5,0,5,0.0,0.9784722222222222,0.0,0.9784722222222222,True,51.0,"{""theta"": 0.816253181272509, ""m"": 0.0, ""k"": 3}",0.02847222222222222,0.17465277777777777
4FC32141-E888-4BFF-8804-12559A491D8C,0.03,m0_k5,0.0,5,dwell_only,12,0.03,0.01,74,0,4,0,4,0.0,0.9722222222222222,0.0,0.9722222222222222,True,60.0,"{""theta"": 0.8541416566626651, ""m"": 0.0, ""k"": 5}",0.029861111111111113,0.4565972222222222
4FC32141-E888-4BFF-8804-12559A491D8C,0.03,m0_k10,0.0,10,dwell_only,12,0.03,0.01,74,0,0,0,0,0.0,1.0,0.0,1.0,False,,null,,
4FC32141-E888-4BFF-8804-12559A491D8C,0.03,m0.05_k1,0.05,1,margin_only,12,0.03,0.01,74,2,0,0,0,0.0,0.9833333333333333,0.0,0.9833333333333333,False,,null,,
4FC32141-E888-4BFF-8804-12559A491D8C,0.03,m0.05_k2,0.05,2,hysteresis,12,0.03,0.01,74,2,0,0,0,0.0,0.9840277777777777,0.0,0.9840277777777777,False,,null,,
4FC32141-E888-4BFF-8804-12559A491D8C,0.03,m0.05_k3,0.05,3,hysteresis,12,0.03,0.01,74,2,8,0,8,0.0,0.9791666666666666,0.0,0.9791666666666666,True,50.0,"{""theta"": 0.8102240896358543, ""m"": 0.05, ""k"": 3}",0.029861111111111113,0.1451388888888889
4FC32141-E888-4BFF-8804-12559A491D8C,0.03,m0.05_k5,0.05,5,hysteresis,12,0.03,0.01,74,2,3,0,3,0.0,0.9729166666666667,0.0,0.9729166666666667,True,63.0,"{""theta"": 0.8830532212885154, ""m"": 0.05, ""k"": 5}",0.029166666666666667,0.5305555555555556
4FC32141-E888-4BFF-8804-12559A491D8C,0.03,m0.05_k10,0.05,10,hysteresis,12,0.03,0.01,74,2,1,1,0,0.0,1.0,0.035416666666666666,1.0,False,,null,,
4FC32141-E888-4BFF-8804-12559A491D8C,0.03,m0.1_k1,0.1,1,margin_only,12,0.03,0.01,74,5,0,0,0,0.0,0.9847222222222223,0.0,0.9847222222222223,False,,null,,
4FC32141-E888-4BFF-8804-12559A491D8C,0.03,m0.1_k2,0.1,2,hysteresis,12,0.03,0.01,74,5,0,0,0,0.0,0.9847222222222223,0.0006944444444444445,0.9847222222222223,False,,null,,
4FC32141-E888-4BFF-8804-12559A491D8C,0.03,m0.1_k3,0.1,3,hysteresis,12,0.03,0.01,74,5,5,0,5,0.0,0.9791666666666666,0.0006944444444444445,0.9791666666666666,True,57.0,"{""theta"": 0.8374349739895959, ""m"": 0.1, ""k"": 3}",0.029861111111111113,0.2878472222222222
4FC32141-E888-4BFF-8804-12559A491D8C,0.03,m0.1_k5,0.1,5,hysteresis,12,0.03,0.01,74,5,3,0,3,0.0,1.0,0.014583333333333334,1.0,True,65.0,"{""theta"": 0.9005602240896359, ""m"": 0.1, ""k"": 5}",0.029861111111111113,0.6194444444444445
4FC32141-E888-4BFF-8804-12559A491D8C,0.03,m0.1_k10,0.1,10,hysteresis,12,0.03,0.01,74,5,0,0,0,0.035416666666666666,1.0,0.052083333333333336,1.0,False,,null,,
4FC32141-E888-4BFF-8804-12559A491D8C,0.03,m0.2_k1,0.2,1,margin_only,12,0.03,0.01,74,9,0,0,0,0.0,1.0,0.0,1.0,False,,null,,
4FC32141-E888-4BFF-8804-12559A491D8C,0.03,m0.2_k2,0.2,2,hysteresis,12,0.03,0.01,74,9,0,0,0,0.0,1.0,0.011805555555555555,1.0,False,,null,,
4FC32141-E888-4BFF-8804-12559A491D8C,0.03,m0.2_k3,0.2,3,hysteresis,12,0.03,0.01,74,9,3,2,1,0.0,1.0,0.029861111111111113,1.0,True,64.0,"{""theta"": 0.8928571428571429, ""m"": 0.2, ""k"": 3}",0.029861111111111113,0.5072916666666667
4FC32141-E888-4BFF-8804-12559A491D8C,0.03,m0.2_k5,0.2,5,hysteresis,12,0.03,0.01,74,9,3,3,0,0.011111111111111112,1.0,0.06041666666666667,1.0,False,,null,,
4FC32141-E888-4BFF-8804-12559A491D8C,0.03,m0.2_k10,0.2,10,hysteresis,12,0.03,0.01,74,9,0,0,0,0.049305555555555554,1.0,0.14930555555555555,1.0,False,,null,,
4FC32141-E888-4BFF-8804-12559A491D8C,0.07,m0_k1,0.0,1,instantaneous,12,0.07,0.01,65,0,6,0,6,0.0,0.9701388888888889,0.0,0.9701388888888889,True,26.0,"{""theta"": 0.751500600240096, ""m"": 0.0, ""k"": 1}",0.06111111111111111,0.0010416666666666667
4FC32141-E888-4BFF-8804-12559A491D8C,0.07,m0_k2,0.0,2,dwell_only,12,0.07,0.01,65,0,4,0,4,0.0,0.9777777777777777,0.0,0.9777777777777777,True,30.0,"{""theta"": 0.7522008803521408, ""m"": 0.0, ""k"": 2}",0.06458333333333334,0.008680555555555556
4FC32141-E888-4BFF-8804-12559A491D8C,0.07,m0_k3,0.0,3,dwell_only,12,0.07,0.01,65,0,0,0,0,0.0,0.9784722222222222,0.0,0.9784722222222222,False,,null,,
4FC32141-E888-4BFF-8804-12559A491D8C,0.07,m0_k5,0.0,5,dwell_only,12,0.07,0.01,65,0,4,0,4,0.0,0.9722222222222222,0.0,0.9722222222222222,True,38.0,"{""theta"": 0.7812612645058024, ""m"": 0.0, ""k"": 5}",0.06666666666666667,0.03333333333333333
4FC32141-E888-4BFF-8804-12559A491D8C,0.07,m0_k10,0.0,10,dwell_only,12,0.07,0.01,65,0,2,0,2,0.0,1.0,0.0,1.0,True,52.0,"{""theta"": 0.8628082733093237, ""m"": 0.0, ""k"": 10}",0.06736111111111111,0.49270833333333336
4FC32141-E888-4BFF-8804-12559A491D8C,0.07,m0.05_k1,0.05,1,margin_only,12,0.07,0.01,65,2,0,0,0,0.0,0.9833333333333333,0.0,0.9833333333333333,False,,null,,
4FC32141-E888-4BFF-8804-12559A491D8C,0.07,m0.05_k2,0.05,2,hysteresis,12,0.07,0.01,65,2,0,0,0,0.0,0.9840277777777777,0.0,0.9840277777777777,False,,null,,
4FC32141-E888-4BFF-8804-12559A491D8C,0.07,m0.05_k3,0.05,3,hysteresis,12,0.07,0.01,65,2,0,0,0,0.0,0.9791666666666666,0.0,0.9791666666666666,False,,null,,
4FC32141-E888-4BFF-8804-12559A491D8C,0.07,m0.05_k5,0.05,5,hysteresis,12,0.07,0.01,65,2,8,0,8,0.0,0.9729166666666667,0.0,0.9729166666666667,True,39.0,"{""theta"": 0.7961184473789515, ""m"": 0.05, ""k"": 5}",0.06666666666666667,0.08958333333333333
4FC32141-E888-4BFF-8804-12559A491D8C,0.07,m0.05_k10,0.05,10,hysteresis,12,0.07,0.01,65,2,2,0,2,0.0,1.0,0.035416666666666666,1.0,True,54.0,"{""theta"": 0.8830532212885154, ""m"": 0.05, ""k"": 10}",0.06736111111111111,0.5663194444444445
4FC32141-E888-4BFF-8804-12559A491D8C,0.07,m0.1_k1,0.1,1,margin_only,12,0.07,0.01,65,5,0,0,0,0.0,0.9847222222222223,0.0,0.9847222222222223,False,,null,,
4FC32141-E888-4BFF-8804-12559A491D8C,0.07,m0.1_k2,0.1,2,hysteresis,12,0.07,0.01,65,5,0,0,0,0.0,0.9847222222222223,0.0006944444444444445,0.9847222222222223,False,,null,,
4FC32141-E888-4BFF-8804-12559A491D8C,0.07,m0.1_k3,0.1,3,hysteresis,12,0.07,0.01,65,5,0,0,0,0.0,0.9791666666666666,0.0006944444444444445,0.9791666666666666,False,,null,,
4FC32141-E888-4BFF-8804-12559A491D8C,0.07,m0.1_k5,0.1,5,hysteresis,12,0.07,0.01,65,5,10,0,10,0.0,1.0,0.014583333333333334,1.0,True,42.0,"{""theta"": 0.816253181272509, ""m"": 0.1, ""k"": 5}",0.06666666666666667,0.2777777777777778
4FC32141-E888-4BFF-8804-12559A491D8C,0.07,m0.1_k10,0.1,10,hysteresis,12,0.07,0.01,65,5,1,0,1,0.035416666666666666,1.0,0.052083333333333336,1.0,True,57.0,"{""theta"": 0.9121844537815127, ""m"": 0.1, ""k"": 10}",0.06736111111111111,0.6861111111111111
4FC32141-E888-4BFF-8804-12559A491D8C,0.07,m0.2_k1,0.2,1,margin_only,12,0.07,0.01,65,9,0,0,0,0.0,1.0,0.0,1.0,False,,null,,
4FC32141-E888-4BFF-8804-12559A491D8C,0.07,m0.2_k2,0.2,2,hysteresis,12,0.07,0.01,65,9,0,0,0,0.0,1.0,0.011805555555555555,1.0,False,,null,,
4FC32141-E888-4BFF-8804-12559A491D8C,0.07,m0.2_k3,0.2,3,hysteresis,12,0.07,0.01,65,9,0,0,0,0.0,1.0,0.029861111111111113,1.0,False,,null,,
4FC32141-E888-4BFF-8804-12559A491D8C,0.07,m0.2_k5,0.2,5,hysteresis,12,0.07,0.01,65,9,5,1,4,0.011111111111111112,1.0,0.06041666666666667,1.0,True,52.0,"{""theta"": 0.8628082733093237, ""m"": 0.2, ""k"": 5}",0.06736111111111111,0.4170138888888889
4FC32141-E888-4BFF-8804-12559A491D8C,0.07,m0.2_k10,0.2,10,hysteresis,12,0.07,0.01,65,9,1,1,0,0.049305555555555554,1.0,0.14930555555555555,1.0,False,,null,,
5119D0F8-FCA8-4184-A4EB-19421A40DE0D,0.05,m0_k1,0.0,1,instantaneous,11,0.05,0.01,79,0,6,0,6,0.0,0.9694444444444444,0.0,0.9694444444444444,True,38.0,"{""theta"": 0.8510999336805789, ""m"": 0.0, ""k"": 1}",0.041666666666666664,0.0
5119D0F8-FCA8-4184-A4EB-19421A40DE0D,0.05,m0_k2,0.0,2,dwell_only,11,0.05,0.01,79,0,9,0,9,0.0,0.9777777777777777,0.0,0.9777777777777777,True,48.0,"{""theta"": 0.8631924231924233, ""m"": 0.0, ""k"": 2}",0.04027777777777778,0.00798611111111111
5119D0F8-FCA8-4184-A4EB-19421A40DE0D,0.05,m0_k3,0.0,3,dwell_only,11,0.05,0.01,79,0,2,0,2,0.0,0.9909722222222223,0.0,0.9909722222222223,True,50.0,"{""theta"": 0.8663370069821684, ""m"": 0.0, ""k"": 3}",0.04861111111111111,0.01597222222222222
5119D0F8-FCA8-4184-A4EB-19421A40DE0D,0.05,m0_k5,0.0,5,dwell_only,11,0.05,0.01,79,0,4,0,4,0.0,0.9958333333333333,0.0,0.9958333333333333,True,61.0,"{""theta"": 0.9120152281313572, ""m"": 0.0, ""k"": 5}",0.04861111111111111,0.3423611111111111
5119D0F8-FCA8-4184-A4EB-19421A40DE0D,0.05,m0_k10,0.0,10,dwell_only,11,0.05,0.01,79,0,0,0,0,0.0,1.0,0.0,1.0,False,,null,,
5119D0F8-FCA8-4184-A4EB-19421A40DE0D,0.05,m0.05_k1,0.05,1,margin_only,11,0.05,0.01,79,4,28,0,28,0.0,0.9840277777777777,0.0,0.9840277777777777,True,29.0,"{""theta"": 0.8472927518088809, ""m"": 0.05, ""k"": 1}",0.04236111111111111,0.0
5119D0F8-FCA8-4184-A4EB-19421A40DE0D,0.05,m0.05_k2,0.05,2,hysteresis,11,0.05,0.01,79,4,0,0,0,0.0,0.9965277777777778,0.001388888888888889,0.9965277777777778,False,,null,,
5119D0F8-FCA8-4184-A4EB-19421A40DE0D,0.05,m0.05_k3,0.05,3,hysteresis,11,0.05,0.01,79,4,1,0,1,0.0,1.0,0.008333333333333333,1.0,True,52.0,"{""theta"": 0.8727114210985178, ""m"": 0.05, ""k"": 3}",0.04027777777777778,0.08229166666666667
5119D0F8-FCA8-4184-A4EB-19421A40DE0D,0.05,m0.05_k5,0.05,5,hysteresis,11,0.05,0.01,79,4,3,0,3,0.0,1.0,0.016666666666666666,1.0,True,64.0,"{""theta"": 0.9262216216216216, ""m"": 0.05, ""k"": 5}",0.04861111111111111,0.434375
5119D0F8-FCA8-4184-A4EB-19421A40DE0D,0.05,m0.05_k10,0.05,10,hysteresis,11,0.05,0.01,79,4,3,2,1,0.003472222222222222,1.0,0.04652777777777778,1.0,True,74.0,"{""theta"": 0.97384481255449, ""m"": 0.05, ""k"": 10}",0.04652777777777778,0.7347222222222223
5119D0F8-FCA8-4184-A4EB-19421A40DE0D,0.05,m0.1_k1,0.1,1,margin_only,11,0.05,0.01,79,9,41,0,41,0.0,1.0,0.0,1.0,True,16.0,"{""theta"": 0.8221333989075925, ""m"": 0.1, ""k"": 1}",0.04861111111111111,0.0
5119D0F8-FCA8-4184-A4EB-19421A40DE0D,0.05,m0.1_k2,0.1,2,hysteresis,11,0.05,0.01,79,9,0,0,0,0.003472222222222222,1.0,0.005555555555555556,1.0,False,,null,,
5119D0F8-FCA8-4184-A4EB-19421A40DE0D,0.05,m0.1_k3,0.1,3,hysteresis,11,0.05,0.01,79,9,1,0,1,0.008333333333333333,1.0,0.015277777777777777,1.0,True,58.0,"{""theta"": 0.8988666085440279, ""m"": 0.1, ""k"": 3}",0.04027777777777778,0.26493055555555556
5119D0F8-FCA8-4184-A4EB-19421A40DE0D,0.05,m0.1_k5,0.1,5,hysteresis,11,0.05,0.01,79,9,2,1,1,0.016666666666666666,1.0,0.049305555555555554,1.0,True,69.0,"{""theta"": 0.949433304272014, ""m"": 0.1, ""k"": 5}",0.049305555555555554,0.5743055555555555
5119D0F8-FCA8-4184-A4EB-19421A40DE0D,0.05,m0.1_k10,0.1,10,hysteresis,11,0.05,0.01,79,9,0,0,0,0.050694444444444445,1.0,0.13958333333333334,1.0,False,,null,,
5119D0F8-FCA8-4184-A4EB-19421A40DE0D,0.05,m0.2_k1,0.2,1,margin_only,11,0.05,0.01,79,20,16,9,7,0.0,1.0,0.04375,1.0,True,52.0,"{""theta"": 0.8727114210985178, ""m"": 0.2, ""k"": 1}",0.04861111111111111,0.32743055555555556
5119D0F8-FCA8-4184-A4EB-19421A40DE0D,0.05,m0.2_k2,0.2,2,hysteresis,11,0.05,0.01,79,20,0,0,0,0.005555555555555556,1.0,0.06666666666666667,1.0,False,,null,,
5119D0F8-FCA8-4184-A4EB-19421A40DE0D,0.05,m0.2_k3,0.2,3,hysteresis,11,0.05,0.01,79,20,0,0,0,0.016666666666666666,1.0,0.08263888888888889,1.0,False,,null,,
5119D0F8-FCA8-4184-A4EB-19421A40DE0D,0.05,m0.2_k5,0.2,5,hysteresis,11,0.05,0.01,79,20,0,0,0,0.05486111111111111,1.0,0.1673611111111111,1.0,False,,null,,
5119D0F8-FCA8-4184-A4EB-19421A40DE0D,0.05,m0.2_k10,0.2,10,hysteresis,11,0.05,0.01,79,20,0,0,0,0.13958333333333334,1.0,0.3013888888888889,1.0,False,,null,,
5119D0F8-FCA8-4184-A4EB-19421A40DE0D,0.03,m0_k1,0.0,1,instantaneous,11,0.03,0.01,77,0,7,0,7,0.0,0.9694444444444444,0.0,0.9694444444444444,True,38.0,"{""theta"": 0.8699382156349899, ""m"": 0.0, ""k"": 1}",0.02013888888888889,0.0
5119D0F8-FCA8-4184-A4EB-19421A40DE0D,0.03,m0_k2,0.0,2,dwell_only,11,0.03,0.01,77,0,8,0,8,0.0,0.9777777777777777,0.0,0.9777777777777777,True,41.0,"{""theta"": 0.8718158031480613, ""m"": 0.0, ""k"": 2}",0.029861111111111113,0.00798611111111111
5119D0F8-FCA8-4184-A4EB-19421A40DE0D,0.03,m0_k3,0.0,3,dwell_only,11,0.03,0.01,77,0,9,0,9,0.0,0.9909722222222223,0.0,0.9909722222222223,True,55.0,"{""theta"": 0.8942820594788337, ""m"": 0.0, ""k"": 3}",0.02847222222222222,0.1486111111111111
5119D0F8-FCA8-4184-A4EB-19421A40DE0D,0.03,m0_k5,0.0,5,dwell_only,11,0.03,0.01,77,0,3,0,3,0.0,0.9958333333333333,0.0,0.9958333333333333,True,67.0,"{""theta"": 0.949433304272014, ""m"": 0.0, ""k"": 5}",0.027083333333333334,0.6010416666666667
5119D0F8-FCA8-4184-A4EB-19421A40DE0D,0.03,m0_k10,0.0,10,dwell_only,11,0.03,0.01,77,0,1,0,1,0.0,1.0,0.0,1.0,True,70.0,"{""theta"": 0.9648367335077012, ""m"": 0.0, ""k"": 10}",0.020833333333333332,0.7486111111111111
5119D0F8-FCA8-4184-A4EB-19421A40DE0D,0.03,m0.05_k1,0.05,1,margin_only,11,0.03,0.01,77,4,0,0,0,0.0,0.9840277777777777,0.0,0.9840277777777777,False,,null,,
5119D0F8-FCA8-4184-A4EB-19421A40DE0D,0.03,m0.05_k2,0.05,2,hysteresis,11,0.03,0.01,77,4,11,0,11,0.0,0.9965277777777778,0.001388888888888889,0.9965277777777778,True,44.0,"{""theta"": 0.8719941065134613, ""m"": 0.05, ""k"": 2}",0.02361111111111111,0.05763888888888889
5119D0F8-FCA8-4184-A4EB-19421A40DE0D,0.03,m0.05_k3,0.05,3,hysteresis,11,0.03,0.01,77,4,3,0,3,0.0,1.0,0.008333333333333333,1.0,True,60.0,"{""theta"": 0.9167044560689722, ""m"": 0.05, ""k"": 3}",0.02638888888888889,0.3697916666666667
5119D0F8-FCA8-4184-A4EB-19421A40DE0D,0.03,m0.05_k5,0.05,5,hysteresis,11,0.03,0.01,77,4,3,0,3,0.0,1.0,0.016666666666666666,1.0,True,68.0,"{""theta"": 0.9543437954083116, ""m"": 0.05, ""k"": 5}",0.027777777777777776,0.6677083333333333
5119D0F8-FCA8-4184-A4EB-19421A40DE0D,0.03,m0.05_k10,0.05,10,hysteresis,11,0.03,0.01,77,4,0,0,0,0.003472222222222222,1.0,0.04652777777777778,1.0,False,,null,,
5119D0F8-FCA8-4184-A4EB-19421A40DE0D,0.03,m0.1_k1,0.1,1,margin_only,11,0.03,0.01,77,9,0,0,0,0.0,1.0,0.0,1.0,False,,null,,
5119D0F8-FCA8-4184-A4EB-19421A40DE0D,0.03,m0.1_k2,0.1,2,hysteresis,11,0.03,0.01,77,9,4,0,4,0.003472222222222222,1.0,0.005555555555555556,1.0,True,56.0,"{""theta"": 0.8988666085440279, ""m"": 0.1, ""k"": 2}",0.02361111111111111,0.2482638888888889
5119D0F8-FCA8-4184-A4EB-19421A40DE0D,0.03,m0.1_k3,0.1,3,hysteresis,11,0.03,0.01,77,9,4,0,4,0.008333333333333333,1.0,0.015277777777777777,1.0,True,62.0,"{""theta"": 0.9262216216216216, ""m"": 0.1, ""k"": 3}",0.029166666666666667,0.4111111111111111
5119D0F8-FCA8-4184-A4EB-19421A40DE0D,0.03,m0.1_k5,0.1,5,hysteresis,11,0.03,0.01,77,9,4,4,0,0.016666666666666666,1.0,0.049305555555555554,1.0,False,,null,,
5119D0F8-FCA8-4184-A4EB-19421A40DE0D,0.03,m0.1_k10,0.1,10,hysteresis,11,0.03,0.01,77,9,0,0,0,0.050694444444444445,1.0,0.13958333333333334,1.0,False,,null,,
5119D0F8-FCA8-4184-A4EB-19421A40DE0D,0.03,m0.2_k1,0.2,1,margin_only,11,0.03,0.01,77,20,0,0,0,0.0,1.0,0.04375,1.0,False,,null,,
5119D0F8-FCA8-4184-A4EB-19421A40DE0D,0.03,m0.2_k2,0.2,2,hysteresis,11,0.03,0.01,77,20,4,4,0,0.005555555555555556,1.0,0.06666666666666667,1.0,False,,null,,
5119D0F8-FCA8-4184-A4EB-19421A40DE0D,0.03,m0.2_k3,0.2,3,hysteresis,11,0.03,0.01,77,20,3,3,0,0.016666666666666666,1.0,0.08263888888888889,1.0,False,,null,,
5119D0F8-FCA8-4184-A4EB-19421A40DE0D,0.03,m0.2_k5,0.2,5,hysteresis,11,0.03,0.01,77,20,0,0,0,0.05486111111111111,1.0,0.1673611111111111,1.0,False,,null,,
5119D0F8-FCA8-4184-A4EB-19421A40DE0D,0.03,m0.2_k10,0.2,10,hysteresis,11,0.03,0.01,77,20,0,0,0,0.13958333333333334,1.0,0.3013888888888889,1.0,False,,null,,
5119D0F8-FCA8-4184-A4EB-19421A40DE0D,0.07,m0_k1,0.0,1,instantaneous,11,0.07,0.01,80,0,7,0,7,0.0,0.9694444444444444,0.0,0.9694444444444444,True,39.0,"{""theta"": 0.8448706771287415, ""m"": 0.0, ""k"": 1}",0.06041666666666667,0.0
5119D0F8-FCA8-4184-A4EB-19421A40DE0D,0.07,m0_k2,0.0,2,dwell_only,11,0.07,0.01,80,0,14,0,14,0.0,0.9777777777777777,0.0,0.9777777777777777,True,42.0,"{""theta"": 0.8472927518088809, ""m"": 0.0, ""k"": 2}",0.06180555555555556,0.00798611111111111
5119D0F8-FCA8-4184-A4EB-19421A40DE0D,0.07,m0_k3,0.0,3,dwell_only,11,0.07,0.01,80,0,2,0,2,0.0,0.9909722222222223,0.0,0.9909722222222223,True,51.0,"{""theta"": 0.8510999336805789, ""m"": 0.0, ""k"": 3}",0.06597222222222222,0.01597222222222222
5119D0F8-FCA8-4184-A4EB-19421A40DE0D,0.07,m0_k5,0.0,5,dwell_only,11,0.07,0.01,80,0,6,0,6,0.0,0.9958333333333333,0.0,0.9958333333333333,True,53.0,"{""theta"": 0.8727114210985178, ""m"": 0.0, ""k"": 5}",0.06944444444444445,0.03333333333333333
5119D0F8-FCA8-4184-A4EB-19421A40DE0D,0.07,m0_k10,0.0,10,dwell_only,11,0.07,0.01,80,0,3,0,3,0.0,1.0,0.0,1.0,True,69.0,"{""theta"": 0.9447297587910491, ""m"": 0.0, ""k"": 10}",0.06944444444444445,0.6413194444444444
5119D0F8-FCA8-4184-A4EB-19421A40DE0D,0.07,m0.05_k1,0.05,1,margin_only,11,0.07,0.01,80,4,1,0,1,0.0,0.9840277777777777,0.0,0.9840277777777777,True,30.0,"{""theta"": 0.8242694803985127, ""m"": 0.05, ""k"": 1}",0.06319444444444444,0.0
5119D0F8-FCA8-4184-A4EB-19421A40DE0D,0.07,m0.05_k2,0.05,2,hysteresis,11,0.07,0.01,80,4,9,0,9,0.0,0.9965277777777778,0.001388888888888889,0.9965277777777778,True,41.0,"{""theta"": 0.8463250843896005, ""m"": 0.05, ""k"": 2}",0.06180555555555556,0.00798611111111111
5119D0F8-FCA8-4184-A4EB-19421A40DE0D,0.07,m0.05_k3,0.05,3,hysteresis,11,0.07,0.01,80,4,0,0,0,0.0,1.0,0.008333333333333333,1.0,False,,null,,
5119D0F8-FCA8-4184-A4EB-19421A40DE0D,0.07,m0.05_k5,0.05,5,hysteresis,11,0.07,0.01,80,4,5,0,5,0.0,1.0,0.016666666666666666,1.0,True,59.0,"{""theta"": 0.8988666085440279, ""m"": 0.05, ""k"": 5}",0.06666666666666667,0.2423611111111111
5119D0F8-FCA8-4184-A4EB-19421A40DE0D,0.07,m0.05_k10,0.05,10,hysteresis,11,0.07,0.01,80,4,1,0,1,0.003472222222222222,1.0,0.04652777777777778,1.0,True,73.0,"{""theta"": 0.9648367335077012, ""m"": 0.05, ""k"": 10}",0.06319444444444444,0.7069444444444445
5119D0F8-FCA8-4184-A4EB-19421A40DE0D,0.07,m0.1_k1,0.1,1,margin_only,11,0.07,0.01,80,9,0,0,0,0.0,1.0,0.0,1.0,False,,null,,
5119D0F8-FCA8-4184-A4EB-19421A40DE0D,0.07,m0.1_k2,0.1,2,hysteresis,11,0.07,0.01,80,9,18,0,18,0.003472222222222222,1.0,0.005555555555555556,1.0,True,35.0,"{""theta"": 0.8379044851302918, ""m"": 0.1, ""k"": 2}",0.06805555555555555,0.04548611111111111
5119D0F8-FCA8-4184-A4EB-19421A40DE0D,0.07,m0.1_k3,0.1,3,hysteresis,11,0.07,0.01,80,9,0,0,0,0.008333333333333333,1.0,0.015277777777777777,1.0,False,,null,,
5119D0F8-FCA8-4184-A4EB-19421A40DE0D,0.07,m0.1_k5,0.1,5,hysteresis,11,0.07,0.01,80,9,4,0,4,0.016666666666666666,1.0,0.049305555555555554,1.0,True,65.0,"{""theta"": 0.9262216216216216, ""m"": 0.1, ""k"": 5}",0.06666666666666667,0.40694444444444444
5119D0F8-FCA8-4184-A4EB-19421A40DE0D,0.07,m0.1_k10,0.1,10,hysteresis,11,0.07,0.01,80,9,0,0,0,0.050694444444444445,1.0,0.13958333333333334,1.0,False,,null,,
5119D0F8-FCA8-4184-A4EB-19421A40DE0D,0.07,m0.2_k1,0.2,1,margin_only,11,0.07,0.01,80,20,0,0,0,0.0,1.0,0.04375,1.0,False,,null,,
5119D0F8-FCA8-4184-A4EB-19421A40DE0D,0.07,m0.2_k2,0.2,2,hysteresis,11,0.07,0.01,80,20,7,4,3,0.005555555555555556,1.0,0.06666666666666667,1.0,True,57.0,"{""theta"": 0.8897865736704446, ""m"": 0.2, ""k"": 2}",0.06805555555555555,0.43368055555555557
5119D0F8-FCA8-4184-A4EB-19421A40DE0D,0.07,m0.2_k3,0.2,3,hysteresis,11,0.07,0.01,80,20,0,0,0,0.016666666666666666,1.0,0.08263888888888889,1.0,False,,null,,
5119D0F8-FCA8-4184-A4EB-19421A40DE0D,0.07,m0.2_k5,0.2,5,hysteresis,11,0.07,0.01,80,20,4,4,0,0.05486111111111111,1.0,0.1673611111111111,1.0,False,,null,,
5119D0F8-FCA8-4184-A4EB-19421A40DE0D,0.07,m0.2_k10,0.2,10,hysteresis,11,0.07,0.01,80,20,0,0,0,0.13958333333333334,1.0,0.3013888888888889,1.0,False,,null,,
5152A2DF-FAF3-4BA8-9CA9-E66B32671A53,0.05,m0_k1,0.0,1,instantaneous,11,0.05,0.01,79,0,7,0,7,0.0,0.9694444444444444,0.0,0.9694444444444444,True,39.0,"{""theta"": 0.8310994865833575, ""m"": 0.0, ""k"": 1}",0.04027777777777778,0.0
5152A2DF-FAF3-4BA8-9CA9-E66B32671A53,0.05,m0_k2,0.0,2,dwell_only,11,0.05,0.01,79,0,4,0,4,0.0,0.9854166666666667,0.0,0.9854166666666667,True,46.0,"{""theta"": 0.837510562671853, ""m"": 0.0, ""k"": 2}",0.04861111111111111,0.00798611111111111
5152A2DF-FAF3-4BA8-9CA9-E66B32671A53,0.05,m0_k3,0.0,3,dwell_only,11,0.05,0.01,79,0,2,0,2,0.0,0.9895833333333334,0.0,0.9895833333333334,True,50.0,"{""theta"": 0.8396813687136269, ""m"": 0.0, ""k"": 3}",0.04861111111111111,0.016666666666666666
5152A2DF-FAF3-4BA8-9CA9-E66B32671A53,0.05,m0_k5,0.0,5,dwell_only,11,0.05,0.01,79,0,5,0,5,0.0,0.9895833333333334,0.0,0.9895833333333334,True,61.0,"{""theta"": 0.9165423229681293, ""m"": 0.0, ""k"": 5}",0.04861111111111111,0.3111111111111111
5152A2DF-FAF3-4BA8-9CA9-E66B32671A53,0.05,m0_k10,0.0,10,dwell_only,11,0.05,0.01,79,0,2,0,2,0.0,1.0,0.0,1.0,True,70.0,"{""theta"": 0.9666464206141626, ""m"": 0.0, ""k"": 10}",0.049305555555555554,0.69375
5152A2DF-FAF3-4BA8-9CA9-E66B32671A53,0.05,m0.05_k1,0.05,1,margin_only,11,0.05,0.01,79,7,0,0,0,0.0,1.0,0.0,1.0,False,,null,,
5152A2DF-FAF3-4BA8-9CA9-E66B32671A53,0.05,m0.05_k2,0.05,2,hysteresis,11,0.05,0.01,79,7,0,0,0,0.0,1.0,0.001388888888888889,1.0,False,,null,,
5152A2DF-FAF3-4BA8-9CA9-E66B32671A53,0.05,m0.05_k3,0.05,3,hysteresis,11,0.05,0.01,79,7,0,0,0,0.0,1.0,0.00625,1.0,False,,null,,
5152A2DF-FAF3-4BA8-9CA9-E66B32671A53,0.05,m0.05_k5,0.05,5,hysteresis,11,0.05,0.01,79,7,4,0,4,0.002777777777777778,1.0,0.02361111111111111,1.0,True,62.0,"{""theta"": 0.9223094061803739, ""m"": 0.05, ""k"": 5}",0.05,0.3732638888888889
5152A2DF-FAF3-4BA8-9CA9-E66B32671A53,0.05,m0.05_k10,0.05,10,hysteresis,11,0.05,0.01,79,7,5,5,0,0.035416666666666666,1.0,0.06111111111111111,1.0,False,,null,,
5152A2DF-FAF3-4BA8-9CA9-E66B32671A53,0.05,m0.1_k1,0.1,1,margin_only,11,0.05,0.01,79,12,1,0,1,0.0,1.0,0.0,1.0,True,52.0,"{""theta"": 0.8706771287416448, ""m"": 0.1, ""k"": 1}",0.04791666666666667,0.07326388888888889
5152A2DF-FAF3-4BA8-9CA9-E66B32671A53,0.05,m0.1_k2,0.1,2,hysteresis,11,0.05,0.01,79,12,0,0,0,0.0006944444444444445,1.0,0.009027777777777777,1.0,False,,null,,
5152A2DF-FAF3-4BA8-9CA9-E66B32671A53,0.05,m0.1_k3,0.1,3,hysteresis,11,0.05,0.01,79,12,1,0,1,0.004166666666666667,1.0,0.019444444444444445,1.0,True,57.0,"{""theta"": 0.8924731182795699, ""m"": 0.1, ""k"": 3}",0.04027777777777778,0.1736111111111111
5152A2DF-FAF3-4BA8-9CA9-E66B32671A53,0.05,m0.1_k5,0.1,5,hysteresis,11,0.05,0.01,79,12,5,2,3,0.022222222222222223,1.0,0.041666666666666664,1.0,True,64.0,"{""theta"": 0.9350368885014047, ""m"": 0.1, ""k"": 5}",0.05,0.5118055555555555
5152A2DF-FAF3-4BA8-9CA9-E66B32671A53,0.05,m0.1_k10,0.1,10,hysteresis,11,0.05,0.01,79,12,0,0,0,0.059722222222222225,1.0,0.09375,1.0,False,,null,,
5152A2DF-FAF3-4BA8-9CA9-E66B32671A53,0.05,m0.2_k1,0.2,1,margin_only,11,0.05,0.01,79,20,1,1,0,0.0,1.0,0.05486111111111111,1.0,False,,null,,
5152A2DF-FAF3-4BA8-9CA9-E66B32671A53,0.05,m0.2_k2,0.2,2,hysteresis,11,0.05,0.01,79,20,0,0,0,0.008333333333333333,1.0,0.07083333333333333,1.0,False,,null,,
5152A2DF-FAF3-4BA8-9CA9-E66B32671A53,0.05,m0.2_k3,0.2,3,hysteresis,11,0.05,0.01,79,20,1,1,0,0.019444444444444445,1.0,0.08680555555555555,1.0,False,,null,,
5152A2DF-FAF3-4BA8-9CA9-E66B32671A53,0.05,m0.2_k5,0.2,5,hysteresis,11,0.05,0.01,79,20,6,6,0,0.041666666666666664,1.0,0.13541666666666666,1.0,False,,null,,
5152A2DF-FAF3-4BA8-9CA9-E66B32671A53,0.05,m0.2_k10,0.2,10,hysteresis,11,0.05,0.01,79,20,0,0,0,0.09375,1.0,0.2361111111111111,1.0,False,,null,,
5152A2DF-FAF3-4BA8-9CA9-E66B32671A53,0.03,m0_k1,0.0,1,instantaneous,11,0.03,0.01,79,0,6,0,6,0.0,0.9694444444444444,0.0,0.9694444444444444,True,38.0,"{""theta"": 0.8406103199974168, ""m"": 0.0, ""k"": 1}",0.02013888888888889,0.0
5152A2DF-FAF3-4BA8-9CA9-E66B32671A53,0.03,m0_k2,0.0,2,dwell_only,11,0.03,0.01,79,0,7,0,7,0.0,0.9854166666666667,0.0,0.9854166666666667,True,47.0,"{""theta"": 0.8507216894313668, ""m"": 0.0, ""k"": 2}",0.021527777777777778,0.008333333333333333
5152A2DF-FAF3-4BA8-9CA9-E66B32671A53,0.03,m0_k3,0.0,3,dwell_only,11,0.03,0.01,79,0,9,0,9,0.0,0.9895833333333334,0.0,0.9895833333333334,True,53.0,"{""theta"": 0.8747083405986632, ""m"": 0.0, ""k"": 3}",0.029861111111111113,0.05625
5152A2DF-FAF3-4BA8-9CA9-E66B32671A53,0.03,m0_k5,0.0,5,dwell_only,11,0.03,0.01,79,0,2,0,2,0.0,0.9895833333333334,0.0,0.9895833333333334,True,69.0,"{""theta"": 0.960864089896348, ""m"": 0.0, ""k"": 5}",0.027083333333333334,0.60625
5152A2DF-FAF3-4BA8-9CA9-E66B32671A53,0.03,m0_k10,0.0,10,dwell_only,11,0.03,0.01,79,0,1,0,1,0.0,1.0,0.0,1.0,True,72.0,"{""theta"": 0.9753467790371015, ""m"": 0.0, ""k"": 10}",0.024305555555555556,0.74375
5152A2DF-FAF3-4BA8-9CA9-E66B32671A53,0.03,m0.05_k1,0.05,1,margin_only,11,0.03,0.01,79,7,1,0,1,0.0,1.0,0.0,1.0,True,49.0,"{""theta"": 0.8540868786901041, ""m"": 0.05, ""k"": 1}",0.02361111111111111,0.0010416666666666667
5152A2DF-FAF3-4BA8-9CA9-E66B32671A53,0.03,m0.05_k2,0.05,2,hysteresis,11,0.03,0.01,79,7,0,0,0,0.0,1.0,0.001388888888888889,1.0,False,,null,,
5152A2DF-FAF3-4BA8-9CA9-E66B32671A53,0.03,m0.05_k3,0.05,3,hysteresis,11,0.03,0.01,79,7,7,0,7,0.0,1.0,0.00625,1.0,True,59.0,"{""theta"": 0.9022570958054829, ""m"": 0.05, ""k"": 3}",0.027777777777777776,0.16909722222222223
5152A2DF-FAF3-4BA8-9CA9-E66B32671A53,0.03,m0.05_k5,0.05,5,hysteresis,11,0.03,0.01,79,7,4,1,3,0.002777777777777778,1.0,0.02361111111111111,1.0,True,69.0,"{""theta"": 0.960864089896348, ""m"": 0.05, ""k"": 5}",0.027083333333333334,0.6864583333333333
5152A2DF-FAF3-4BA8-9CA9-E66B32671A53,0.03,m0.05_k10,0.05,10,hysteresis,11,0.03,0.01,79,7,0,0,0,0.035416666666666666,1.0,0.06111111111111111,1.0,False,,null,,
5152A2DF-FAF3-4BA8-9CA9-E66B32671A53,0.03,m0.1_k1,0.1,1,margin_only,11,0.03,0.01,79,12,0,0,0,0.0,1.0,0.0,1.0,False,,null,,
5152A2DF-FAF3-4BA8-9CA9-E66B32671A53,0.03,m0.1_k2,0.1,2,hysteresis,11,0.03,0.01,79,12,0,0,0,0.0006944444444444445,1.0,0.009027777777777777,1.0,False,,null,,
5152A2DF-FAF3-4BA8-9CA9-E66B32671A53,0.03,m0.1_k3,0.1,3,hysteresis,11,0.03,0.01,79,12,2,0,2,0.004166666666666667,1.0,0.019444444444444445,1.0,True,63.0,"{""theta"": 0.9285091543156059, ""m"": 0.1, ""k"": 3}",0.02638888888888889,0.41215277777777776
5152A2DF-FAF3-4BA8-9CA9-E66B32671A53,0.03,m0.1_k5,0.1,5,hysteresis,11,0.03,0.01,79,12,7,7,0,0.022222222222222223,1.0,0.041666666666666664,1.0,False,,null,,
5152A2DF-FAF3-4BA8-9CA9-E66B32671A53,0.03,m0.1_k10,0.1,10,hysteresis,11,0.03,0.01,79,12,0,0,0,0.059722222222222225,1.0,0.09375,1.0,False,,null,,
5152A2DF-FAF3-4BA8-9CA9-E66B32671A53,0.03,m0.2_k1,0.2,1,margin_only,11,0.03,0.01,79,20,0,0,0,0.0,1.0,0.05486111111111111,1.0,False,,null,,
5152A2DF-FAF3-4BA8-9CA9-E66B32671A53,0.03,m0.2_k2,0.2,2,hysteresis,11,0.03,0.01,79,20,1,1,0,0.008333333333333333,1.0,0.07083333333333333,1.0,False,,null,,
5152A2DF-FAF3-4BA8-9CA9-E66B32671A53,0.03,m0.2_k3,0.2,3,hysteresis,11,0.03,0.01,79,20,4,4,0,0.019444444444444445,1.0,0.08680555555555555,1.0,False,,null,,
5152A2DF-FAF3-4BA8-9CA9-E66B32671A53,0.03,m0.2_k5,0.2,5,hysteresis,11,0.03,0.01,79,20,0,0,0,0.041666666666666664,1.0,0.13541666666666666,1.0,False,,null,,
5152A2DF-FAF3-4BA8-9CA9-E66B32671A53,0.03,m0.2_k10,0.2,10,hysteresis,11,0.03,0.01,79,20,0,0,0,0.09375,1.0,0.2361111111111111,1.0,False,,null,,
5152A2DF-FAF3-4BA8-9CA9-E66B32671A53,0.07,m0_k1,0.0,1,instantaneous,11,0.07,0.01,80,0,8,0,8,0.0,0.9694444444444444,0.0,0.9694444444444444,True,39.0,"{""theta"": 0.8223694662404339, ""m"": 0.0, ""k"": 1}",0.06041666666666667,0.0
5152A2DF-FAF3-4BA8-9CA9-E66B32671A53,0.07,m0_k2,0.0,2,dwell_only,11,0.07,0.01,80,0,7,0,7,0.0,0.9854166666666667,0.0,0.9854166666666667,True,47.0,"{""theta"": 0.8288647456389392, ""m"": 0.0, ""k"": 2}",0.06041666666666667,0.00798611111111111
5152A2DF-FAF3-4BA8-9CA9-E66B32671A53,0.07,m0_k3,0.0,3,dwell_only,11,0.07,0.01,80,0,0,0,0,0.0,0.9895833333333334,0.0,0.9895833333333334,False,,null,,
5152A2DF-FAF3-4BA8-9CA9-E66B32671A53,0.07,m0_k5,0.0,5,dwell_only,11,0.07,0.01,80,0,2,0,2,0.0,0.9895833333333334,0.0,0.9895833333333334,True,53.0,"{""theta"": 0.8706771287416448, ""m"": 0.0, ""k"": 5}",0.06597222222222222,0.03333333333333333
5152A2DF-FAF3-4BA8-9CA9-E66B32671A53,0.07,m0_k10,0.0,10,dwell_only,11,0.07,0.01,80,0,1,0,1,0.0,1.0,0.0,1.0,True,69.0,"{""theta"": 0.956117407730311, ""m"": 0.0, ""k"": 10}",0.06527777777777778,0.6055555555555555
5152A2DF-FAF3-4BA8-9CA9-E66B32671A53,0.07,m0.05_k1,0.05,1,margin_only,11,0.07,0.01,80,7,3,0,3,0.0,1.0,0.0,1.0,True,28.0,"{""theta"": 0.8005086476054218, ""m"": 0.05, ""k"": 1}",0.06666666666666667,0.0
5152A2DF-FAF3-4BA8-9CA9-E66B32671A53,0.07,m0.05_k2,0.05,2,hysteresis,11,0.07,0.01,80,7,0,0,0,0.0,1.0,0.001388888888888889,1.0,False,,null,,
5152A2DF-FAF3-4BA8-9CA9-E66B32671A53,0.07,m0.05_k3,0.05,3,hysteresis,11,0.07,0.01,80,7,0,0,0,0.0,1.0,0.00625,1.0,False,,null,,
5152A2DF-FAF3-4BA8-9CA9-E66B32671A53,0.07,m0.05_k5,0.05,5,hysteresis,11,0.07,0.01,80,7,5,0,5,0.002777777777777778,1.0,0.02361111111111111,1.0,True,55.0,"{""theta"": 0.8787174271045238, ""m"": 0.05, ""k"": 5}",0.06805555555555555,0.10451388888888889
5152A2DF-FAF3-4BA8-9CA9-E66B32671A53,0.07,m0.05_k10,0.05,10,hysteresis,11,0.07,0.01,80,7,2,0,2,0.035416666666666666,1.0,0.06111111111111111,1.0,True,71.0,"{""theta"": 0.9666464206141626, ""m"": 0.05, ""k"": 10}",0.06805555555555555,0.6836805555555555
5152A2DF-FAF3-4BA8-9CA9-E66B32671A53,0.07,m0.1_k1,0.1,1,margin_only,11,0.07,0.01,80,12,0,0,0,0.0,1.0,0.0,1.0,False,,null,,
5152A2DF-FAF3-4BA8-9CA9-E66B32671A53,0.07,m0.1_k2,0.1,2,hysteresis,11,0.07,0.01,80,12,1,0,1,0.0006944444444444445,1.0,0.009027777777777777,1.0,True,54.0,"{""theta"": 0.8747083405986632, ""m"": 0.1, ""k"": 2}",0.0625,0.10034722222222223
5152A2DF-FAF3-4BA8-9CA9-E66B32671A53,0.07,m0.1_k3,0.1,3,hysteresis,11,0.07,0.01,80,12,1,0,1,0.004166666666666667,1.0,0.019444444444444445,1.0,True,57.0,"{""theta"": 0.8877264361135329, ""m"": 0.1, ""k"": 3}",0.06736111111111111,0.153125
5152A2DF-FAF3-4BA8-9CA9-E66B32671A53,0.07,m0.1_k5,0.1,5,hysteresis,11,0.07,0.01,80,12,3,0,3,0.022222222222222223,1.0,0.041666666666666664,1.0,True,61.0,"{""theta"": 0.9110723626852659, ""m"": 0.1, ""k"": 5}",0.06666666666666667,0.21875
5152A2DF-FAF3-4BA8-9CA9-E66B32671A53,0.07,m0.1_k10,0.1,10,hysteresis,11,0.07,0.01,80,12,3,3,0,0.059722222222222225,1.0,0.09375,1.0,False,,null,,
5152A2DF-FAF3-4BA8-9CA9-E66B32671A53,0.07,m0.2_k1,0.2,1,margin_only,11,0.07,0.01,80,20,0,0,0,0.0,1.0,0.05486111111111111,1.0,False,,null,,
5152A2DF-FAF3-4BA8-9CA9-E66B32671A53,0.07,m0.2_k2,0.2,2,hysteresis,11,0.07,0.01,80,20,1,1,0,0.008333333333333333,1.0,0.07083333333333333,1.0,False,,null,,
5152A2DF-FAF3-4BA8-9CA9-E66B32671A53,0.07,m0.2_k3,0.2,3,hysteresis,11,0.07,0.01,80,20,0,0,0,0.019444444444444445,1.0,0.08680555555555555,1.0,False,,null,,
5152A2DF-FAF3-4BA8-9CA9-E66B32671A53,0.07,m0.2_k5,0.2,5,hysteresis,11,0.07,0.01,80,20,4,4,0,0.041666666666666664,1.0,0.13541666666666666,1.0,False,,null,,
5152A2DF-FAF3-4BA8-9CA9-E66B32671A53,0.07,m0.2_k10,0.2,10,hysteresis,11,0.07,0.01,80,20,0,0,0,0.09375,1.0,0.2361111111111111,1.0,False,,null,,
5EF64122-B513-46AE-BCF1-E62AAC285D2C,0.05,m0_k1,0.0,1,instantaneous,12,0.05,0.01,75,0,6,0,6,0.0,0.9708333333333333,0.0,0.9708333333333333,True,34.0,"{""theta"": 0.9098015192740198, ""m"": 0.0, ""k"": 1}",0.041666666666666664,0.0
5EF64122-B513-46AE-BCF1-E62AAC285D2C,0.05,m0_k2,0.0,2,dwell_only,12,0.05,0.01,75,0,4,0,4,0.0,0.9875,0.0,0.9875,True,41.0,"{""theta"": 0.9119984901624648, ""m"": 0.0, ""k"": 2}",0.041666666666666664,0.00798611111111111
5EF64122-B513-46AE-BCF1-E62AAC285D2C,0.05,m0_k3,0.0,3,dwell_only,12,0.05,0.01,75,0,7,0,7,0.0,0.9916666666666667,0.0,0.9916666666666667,True,47.0,"{""theta"": 0.9140276488998631, ""m"": 0.0, ""k"": 3}",0.04375,0.01597222222222222
5EF64122-B513-46AE-BCF1-E62AAC285D2C,0.05,m0_k5,0.0,5,dwell_only,12,0.05,0.01,75,0,3,0,3,0.0,1.0,0.0,1.0,True,52.0,"{""theta"": 0.9304702412594562, ""m"": 0.0, ""k"": 5}",0.04375,0.11180555555555556
5EF64122-B513-46AE-BCF1-E62AAC285D2C,0.05,m0_k10,0.0,10,dwell_only,12,0.05,0.01,75,0,1,0,1,0.0,1.0,0.0,1.0,True,65.0,"{""theta"": 0.9662645675730934, ""m"": 0.0, ""k"": 10}",0.04791666666666667,0.5878472222222222
5EF64122-B513-46AE-BCF1-E62AAC285D2C,0.05,m0.05_k1,0.05,1,margin_only,12,0.05,0.01,75,7,0,0,0,0.0,1.0,0.0,1.0,False,,null,,
5EF64122-B513-46AE-BCF1-E62AAC285D2C,0.05,m0.05_k2,0.05,2,hysteresis,12,0.05,0.01,75,7,37,0,37,0.0006944444444444445,1.0,0.002777777777777778,1.0,True,12.0,"{""theta"": 0.9023717031281946, ""m"": 0.05, ""k"": 2}",0.04375,0.009027777777777777
5EF64122-B513-46AE-BCF1-E62AAC285D2C,0.05,m0.05_k3,0.05,3,hysteresis,12,0.05,0.01,75,7,1,0,1,0.001388888888888889,1.0,0.004861111111111111,1.0,True,54.0,"{""theta"": 0.9361071355551012, ""m"": 0.05, ""k"": 3}",0.04583333333333333,0.21041666666666667
5EF64122-B513-46AE-BCF1-E62AAC285D2C,0.05,m0.05_k5,0.05,5,hysteresis,12,0.05,0.01,75,7,1,0,1,0.002777777777777778,1.0,0.013194444444444444,1.0,True,61.0,"{""theta"": 0.9534859946841137, ""m"": 0.05, ""k"": 5}",0.05,0.3920138888888889
5EF64122-B513-46AE-BCF1-E62AAC285D2C,0.05,m0.05_k10,0.05,10,hysteresis,12,0.05,0.01,75,7,2,1,1,0.009027777777777777,1.0,0.04375,1.0,True,67.0,"{""theta"": 0.9720915968104682, ""m"": 0.05, ""k"": 10}",0.04375,0.6489583333333333
5EF64122-B513-46AE-BCF1-E62AAC285D2C,0.05,m0.1_k1,0.1,1,margin_only,12,0.05,0.01,75,15,0,0,0,0.0,1.0,0.00625,1.0,False,,null,,
5EF64122-B513-46AE-BCF1-E62AAC285D2C,0.05,m0.1_k2,0.1,2,hysteresis,12,0.05,0.01,75,15,8,0,8,0.001388888888888889,1.0,0.029861111111111113,1.0,True,49.0,"{""theta"": 0.92046616233899, ""m"": 0.1, ""k"": 2}",0.04375,0.24479166666666666
5EF64122-B513-46AE-BCF1-E62AAC285D2C,0.05,m0.1_k3,0.1,3,hysteresis,12,0.05,0.01,75,15,0,0,0,0.004861111111111111,1.0,0.05694444444444444,1.0,False,,null,,
5EF64122-B513-46AE-BCF1-E62AAC285D2C,0.05,m0.1_k5,0.1,5,hysteresis,12,0.05,0.01,75,15,1,1,0,0.013194444444444444,1.0,0.10902777777777778,1.0,False,,null,,
5EF64122-B513-46AE-BCF1-E62AAC285D2C,0.05,m0.1_k10,0.1,10,hysteresis,12,0.05,0.01,75,15,1,1,0,0.04375,1.0,0.2465277777777778,1.0,False,,null,,
5EF64122-B513-46AE-BCF1-E62AAC285D2C,0.05,m0.2_k1,0.2,1,margin_only,12,0.05,0.01,75,63,4,4,0,0.00625,1.0,0.05555555555555555,1.0,False,,null,,
5EF64122-B513-46AE-BCF1-E62AAC285D2C,0.05,m0.2_k2,0.2,2,hysteresis,12,0.05,0.01,75,63,7,7,0,0.03125,1.0,0.14652777777777778,1.0,False,,null,,
5EF64122-B513-46AE-BCF1-E62AAC285D2C,0.05,m0.2_k3,0.2,3,hysteresis,12,0.05,0.01,75,63,0,0,0,0.058333333333333334,1.0,0.16180555555555556,1.0,False,,null,,
5EF64122-B513-46AE-BCF1-E62AAC285D2C,0.05,m0.2_k5,0.2,5,hysteresis,12,0.05,0.01,75,63,0,0,0,0.11458333333333333,1.0,0.23402777777777778,1.0,False,,null,,
5EF64122-B513-46AE-BCF1-E62AAC285D2C,0.05,m0.2_k10,0.2,10,hysteresis,12,0.05,0.01,75,63,0,0,0,0.24791666666666667,1.0,0.3486111111111111,1.0,False,,null,,
5EF64122-B513-46AE-BCF1-E62AAC285D2C,0.03,m0_k1,0.0,1,instantaneous,12,0.03,0.01,76,0,7,0,7,0.0,0.9708333333333333,0.0,0.9708333333333333,True,36.0,"{""theta"": 0.9143324473522797, ""m"": 0.0, ""k"": 1}",0.021527777777777778,0.0
5EF64122-B513-46AE-BCF1-E62AAC285D2C,0.03,m0_k2,0.0,2,dwell_only,12,0.03,0.01,76,0,9,0,9,0.0,0.9875,0.0,0.9875,True,44.0,"{""theta"": 0.9170727170260394, ""m"": 0.0, ""k"": 2}",0.02013888888888889,0.00798611111111111
5EF64122-B513-46AE-BCF1-E62AAC285D2C,0.03,m0_k3,0.0,3,dwell_only,12,0.03,0.01,76,0,6,0,6,0.0,0.9916666666666667,0.0,0.9916666666666667,True,51.0,"{""theta"": 0.9255381517072173, ""m"": 0.0, ""k"": 3}",0.02847222222222222,0.05451388888888889
5EF64122-B513-46AE-BCF1-E62AAC285D2C,0.03,m0_k5,0.0,5,dwell_only,12,0.03,0.01,76,0,9,0,9,0.0,1.0,0.0,1.0,True,58.0,"{""theta"": 0.9432631363729299, ""m"": 0.0, ""k"": 5}",0.029861111111111113,0.275
5EF64122-B513-46AE-BCF1-E62AAC285D2C,0.03,m0_k10,0.0,10,dwell_only,12,0.03,0.01,76,0,1,0,1,0.0,1.0,0.0,1.0,True,68.0,"{""theta"": 0.9720915968104682, ""m"": 0.0, ""k"": 10}",0.029861111111111113,0.6506944444444445
5EF64122-B513-46AE-BCF1-E62AAC285D2C,0.03,m0.05_k1,0.05,1,margin_only,12,0.03,0.01,76,7,0,0,0,0.0,1.0,0.0,1.0,False,,null,,
5EF64122-B513-46AE-BCF1-E62AAC285D2C,0.03,m0.05_k2,0.05,2,hysteresis,12,0.03,0.01,76,7,5,0,5,0.0006944444444444445,1.0,0.002777777777777778,1.0,True,51.0,"{""theta"": 0.9255381517072173, ""m"": 0.05, ""k"": 2}",0.02847222222222222,0.07951388888888888
5EF64122-B513-46AE-BCF1-E62AAC285D2C,0.03,m0.05_k3,0.05,3,hysteresis,12,0.03,0.01,76,7,3,0,3,0.001388888888888889,1.0,0.004861111111111111,1.0,True,60.0,"{""theta"": 0.9485790226947455, ""m"": 0.05, ""k"": 3}",0.02847222222222222,0.3090277777777778
5EF64122-B513-46AE-BCF1-E62AAC285D2C,0.03,m0.05_k5,0.05,5,hysteresis,12,0.03,0.01,76,7,1,0,1,0.002777777777777778,1.0,0.013194444444444444,1.0,True,66.0,"{""theta"": 0.9662645675730934, ""m"": 0.05, ""k"": 5}",0.027083333333333334,0.55625
5EF64122-B513-46AE-BCF1-E62AAC285D2C,0.03,m0.05_k10,0.05,10,hysteresis,12,0.03,0.01,76,7,1,1,0,0.009027777777777777,1.0,0.04375,1.0,False,,null,,
5EF64122-B513-46AE-BCF1-E62AAC285D2C,0.03,m0.1_k1,0.1,1,margin_only,12,0.03,0.01,76,15,0,0,0,0.0,1.0,0.00625,1.0,False,,null,,
5EF64122-B513-46AE-BCF1-E62AAC285D2C,0.03,m0.1_k2,0.1,2,hysteresis,12,0.03,0.01,76,15,6,5,1,0.001388888888888889,1.0,0.029861111111111113,1.0,True,60.0,"{""theta"": 0.9485790226947455, ""m"": 0.1, ""k"": 2}",0.029861111111111113,0.4791666666666667
5EF64122-B513-46AE-BCF1-E62AAC285D2C,0.03,m0.1_k3,0.1,3,hysteresis,12,0.03,0.01,76,15,3,3,0,0.004861111111111111,1.0,0.05694444444444444,1.0,False,,null,,
5EF64122-B513-46AE-BCF1-E62AAC285D2C,0.03,m0.1_k5,0.1,5,hysteresis,12,0.03,0.01,76,15,0,0,0,0.013194444444444444,1.0,0.10902777777777778,1.0,False,,null,,
5EF64122-B513-46AE-BCF1-E62AAC285D2C,0.03,m0.1_k10,0.1,10,hysteresis,12,0.03,0.01,76,15,0,0,0,0.04375,1.0,0.2465277777777778,1.0,False,,null,,
5EF64122-B513-46AE-BCF1-E62AAC285D2C,0.03,m0.2_k1,0.2,1,margin_only,12,0.03,0.01,76,64,3,3,0,0.00625,1.0,0.05555555555555555,1.0,False,,null,,
5EF64122-B513-46AE-BCF1-E62AAC285D2C,0.03,m0.2_k2,0.2,2,hysteresis,12,0.03,0.01,76,64,0,0,0,0.03125,1.0,0.14652777777777778,1.0,False,,null,,
5EF64122-B513-46AE-BCF1-E62AAC285D2C,0.03,m0.2_k3,0.2,3,hysteresis,12,0.03,0.01,76,64,0,0,0,0.058333333333333334,1.0,0.16180555555555556,1.0,False,,null,,
5EF64122-B513-46AE-BCF1-E62AAC285D2C,0.03,m0.2_k5,0.2,5,hysteresis,12,0.03,0.01,76,64,0,0,0,0.11458333333333333,1.0,0.23402777777777778,1.0,False,,null,,
5EF64122-B513-46AE-BCF1-E62AAC285D2C,0.03,m0.2_k10,0.2,10,hysteresis,12,0.03,0.01,76,64,0,0,0,0.24791666666666667,1.0,0.3486111111111111,1.0,False,,null,,
5EF64122-B513-46AE-BCF1-E62AAC285D2C,0.07,m0_k1,0.0,1,instantaneous,12,0.07,0.01,75,0,6,0,6,0.0,0.9708333333333333,0.0,0.9708333333333333,True,36.0,"{""theta"": 0.9077331991255525, ""m"": 0.0, ""k"": 1}",0.06180555555555556,0.0
5EF64122-B513-46AE-BCF1-E62AAC285D2C,0.07,m0_k2,0.0,2,dwell_only,12,0.07,0.01,75,0,4,0,4,0.0,0.9875,0.0,0.9875,True,39.0,"{""theta"": 0.9082198071811648, ""m"": 0.0, ""k"": 2}",0.06805555555555555,0.007638888888888889
5EF64122-B513-46AE-BCF1-E62AAC285D2C,0.07,m0_k3,0.0,3,dwell_only,12,0.07,0.01,75,0,0,0,0,0.0,0.9916666666666667,0.0,0.9916666666666667,False,,null,,
5EF64122-B513-46AE-BCF1-E62AAC285D2C,0.07,m0_k5,0.0,5,dwell_only,12,0.07,0.01,75,0,1,0,1,0.0,1.0,0.0,1.0,True,49.0,"{""theta"": 0.92046616233899, ""m"": 0.0, ""k"": 5}",0.06527777777777778,0.033680555555555554
5EF64122-B513-46AE-BCF1-E62AAC285D2C,0.07,m0_k10,0.0,10,dwell_only,12,0.07,0.01,75,0,3,0,3,0.0,1.0,0.0,1.0,True,59.0,"{""theta"": 0.9485790226947455, ""m"": 0.0, ""k"": 10}",0.06875,0.3836805555555556
5EF64122-B513-46AE-BCF1-E62AAC285D2C,0.07,m0.05_k1,0.05,1,margin_only,12,0.07,0.01,75,7,0,0,0,0.0,1.0,0.0,1.0,False,,null,,
5EF64122-B513-46AE-BCF1-E62AAC285D2C,0.07,m0.05_k2,0.05,2,hysteresis,12,0.07,0.01,75,7,0,0,0,0.0006944444444444445,1.0,0.002777777777777778,1.0,False,,null,,
5EF64122-B513-46AE-BCF1-E62AAC285D2C,0.07,m0.05_k3,0.05,3,hysteresis,12,0.07,0.01,75,7,15,0,15,0.001388888888888889,1.0,0.004861111111111111,1.0,True,35.0,"{""theta"": 0.9071764465344511, ""m"": 0.05, ""k"": 3}",0.06944444444444445,0.021875
5EF64122-B513-46AE-BCF1-E62AAC285D2C,0.07,m0.05_k5,0.05,5,hysteresis,12,0.07,0.01,75,7,4,0,4,0.002777777777777778,1.0,0.013194444444444444,1.0,True,55.0,"{""theta"": 0.9388673072991208, ""m"": 0.05, ""k"": 5}",0.06944444444444445,0.29444444444444445
5EF64122-B513-46AE-BCF1-E62AAC285D2C,0.07,m0.05_k10,0.05,10,hysteresis,12,0.07,0.01,75,7,2,0,2,0.009027777777777777,1.0,0.04375,1.0,True,65.0,"{""theta"": 0.9662645675730934, ""m"": 0.05, ""k"": 10}",0.06944444444444445,0.6041666666666666
5EF64122-B513-46AE-BCF1-E62AAC285D2C,0.07,m0.1_k1,0.1,1,margin_only,12,0.07,0.01,75,15,0,0,0,0.0,1.0,0.00625,1.0,False,,null,,
5EF64122-B513-46AE-BCF1-E62AAC285D2C,0.07,m0.1_k2,0.1,2,hysteresis,12,0.07,0.01,75,15,0,0,0,0.001388888888888889,1.0,0.029861111111111113,1.0,False,,null,,
5EF64122-B513-46AE-BCF1-E62AAC285D2C,0.07,m0.1_k3,0.1,3,hysteresis,12,0.07,0.01,75,15,6,0,6,0.004861111111111111,1.0,0.05694444444444444,1.0,True,53.0,"{""theta"": 0.9331425066448579, ""m"": 0.1, ""k"": 3}",0.06944444444444445,0.33229166666666665
5EF64122-B513-46AE-BCF1-E62AAC285D2C,0.07,m0.1_k5,0.1,5,hysteresis,12,0.07,0.01,75,15,2,2,0,0.013194444444444444,1.0,0.10902777777777778,1.0,False,,null,,
5EF64122-B513-46AE-BCF1-E62AAC285D2C,0.07,m0.1_k10,0.1,10,hysteresis,12,0.07,0.01,75,15,1,1,0,0.04375,1.0,0.2465277777777778,1.0,False,,null,,
5EF64122-B513-46AE-BCF1-E62AAC285D2C,0.07,m0.2_k1,0.2,1,margin_only,12,0.07,0.01,75,51,0,0,0,0.00625,1.0,0.052083333333333336,1.0,False,,null,,
5EF64122-B513-46AE-BCF1-E62AAC285D2C,0.07,m0.2_k2,0.2,2,hysteresis,12,0.07,0.01,75,51,0,0,0,0.03125,1.0,0.12152777777777778,1.0,False,,null,,
5EF64122-B513-46AE-BCF1-E62AAC285D2C,0.07,m0.2_k3,0.2,3,hysteresis,12,0.07,0.01,75,51,3,3,0,0.058333333333333334,1.0,0.14097222222222222,1.0,False,,null,,
5EF64122-B513-46AE-BCF1-E62AAC285D2C,0.07,m0.2_k5,0.2,5,hysteresis,12,0.07,0.01,75,51,0,0,0,0.11458333333333333,1.0,0.19166666666666668,1.0,False,,null,,
5EF64122-B513-46AE-BCF1-E62AAC285D2C,0.07,m0.2_k10,0.2,10,hysteresis,12,0.07,0.01,75,51,0,0,0,0.24791666666666667,1.0,0.33055555555555555,1.0,False,,null,,
61976C24-1C50-4355-9C49-AAE44A7D09F6,0.05,m0_k1,0.0,1,instantaneous,12,0.05,0.01,80,0,7,0,7,0.0,0.9694444444444444,0.0,0.9694444444444444,True,39.0,"{""theta"": 0.823249581239531, ""m"": 0.0, ""k"": 1}",0.04027777777777778,0.003125
61976C24-1C50-4355-9C49-AAE44A7D09F6,0.05,m0_k2,0.0,2,dwell_only,12,0.05,0.01,80,0,4,0,4,0.001388888888888889,0.975,0.001388888888888889,0.975,True,44.0,"{""theta"": 0.8277636043465189, ""m"": 0.0, ""k"": 2}",0.04652777777777778,0.010763888888888889
61976C24-1C50-4355-9C49-AAE44A7D09F6,0.05,m0_k3,0.0,3,dwell_only,12,0.05,0.01,80,0,11,0,11,0.001388888888888889,0.9777777777777777,0.001388888888888889,0.9777777777777777,True,46.0,"{""theta"": 0.8297619149880455, ""m"": 0.0, ""k"": 3}",0.04375,0.01840277777777778
61976C24-1C50-4355-9C49-AAE44A7D09F6,0.05,m0_k5,0.0,5,dwell_only,12,0.05,0.01,80,0,2,0,2,0.0,0.9861111111111112,0.0,0.9861111111111112,True,62.0,"{""theta"": 0.8994726595942676, ""m"": 0.0, ""k"": 5}",0.041666666666666664,0.35520833333333335
61976C24-1C50-4355-9C49-AAE44A7D09F6,0.05,m0_k10,0.0,10,dwell_only,12,0.05,0.01,80,0,0,0,0,0.0,1.0,0.0,1.0,False,,null,,
61976C24-1C50-4355-9C49-AAE44A7D09F6,0.05,m0.05_k1,0.05,1,margin_only,12,0.05,0.01,80,5,0,0,0,0.0,1.0,0.0,1.0,False,,null,,
61976C24-1C50-4355-9C49-AAE44A7D09F6,0.05,m0.05_k2,0.05,2,hysteresis,12,0.05,0.01,80,5,1,0,1,0.0,1.0,0.005555555555555556,1.0,True,28.0,"{""theta"": 0.8107937121504961, ""m"": 0.05, ""k"": 2}",0.04236111111111111,0.008333333333333333
61976C24-1C50-4355-9C49-AAE44A7D09F6,0.05,m0.05_k3,0.05,3,hysteresis,12,0.05,0.01,80,5,26,0,26,0.0,1.0,0.011111111111111112,1.0,True,30.0,"{""theta"": 0.8148713653738779, ""m"": 0.05, ""k"": 3}",0.04722222222222222,0.016319444444444445
61976C24-1C50-4355-9C49-AAE44A7D09F6,0.05,m0.05_k5,0.05,5,hysteresis,12,0.05,0.01,80,5,5,0,5,0.007638888888888889,1.0,0.016666666666666666,1.0,True,61.0,"{""theta"": 0.8944723618090452, ""m"": 0.05, ""k"": 5}",0.05,0.32881944444444444
61976C24-1C50-4355-9C49-AAE44A7D09F6,0.05,m0.05_k10,0.05,10,hysteresis,12,0.05,0.01,80,5,0,0,0,0.03680555555555556,1.0,0.05625,1.0,False,,null,,
61976C24-1C50-4355-9C49-AAE44A7D09F6,0.05,m0.1_k1,0.1,1,margin_only,12,0.05,0.01,80,9,1,0,1,0.0,1.0,0.0,1.0,True,20.0,"{""theta"": 0.7860937164454752, ""m"": 0.1, ""k"": 1}",0.04722222222222222,0.00034722222222222224
61976C24-1C50-4355-9C49-AAE44A7D09F6,0.05,m0.1_k2,0.1,2,hysteresis,12,0.05,0.01,80,9,0,0,0,0.003472222222222222,1.0,0.00625,1.0,False,,null,,
61976C24-1C50-4355-9C49-AAE44A7D09F6,0.05,m0.1_k3,0.1,3,hysteresis,12,0.05,0.01,80,9,30,0,30,0.008333333333333333,1.0,0.011111111111111112,1.0,True,29.0,"{""theta"": 0.8124883677647496, ""m"": 0.1, ""k"": 3}",0.04861111111111111,0.07951388888888888
61976C24-1C50-4355-9C49-AAE44A7D09F6,0.05,m0.1_k5,0.1,5,hysteresis,12,0.05,0.01,80,9,3,0,3,0.016666666666666666,1.0,0.025,1.0,True,66.0,"{""theta"": 0.9200632793597617, ""m"": 0.1, ""k"": 5}",0.044444444444444446,0.540625
61976C24-1C50-4355-9C49-AAE44A7D09F6,0.05,m0.1_k10,0.1,10,hysteresis,12,0.05,0.01,80,9,0,0,0,0.05625,1.0,0.09513888888888888,1.0,False,,null,,
61976C24-1C50-4355-9C49-AAE44A7D09F6,0.05,m0.2_k1,0.2,1,margin_only,12,0.05,0.01,80,17,0,0,0,0.0,1.0,0.0,1.0,False,,null,,
61976C24-1C50-4355-9C49-AAE44A7D09F6,0.05,m0.2_k2,0.2,2,hysteresis,12,0.05,0.01,80,17,0,0,0,0.004861111111111111,1.0,0.016666666666666666,1.0,False,,null,,
61976C24-1C50-4355-9C49-AAE44A7D09F6,0.05,m0.2_k3,0.2,3,hysteresis,12,0.05,0.01,80,17,10,4,6,0.009722222222222222,1.0,0.041666666666666664,1.0,True,57.0,"{""theta"": 0.867392518146287, ""m"": 0.2, ""k"": 3}",0.04861111111111111,0.38993055555555556
61976C24-1C50-4355-9C49-AAE44A7D09F6,0.05,m0.2_k5,0.2,5,hysteresis,12,0.05,0.01,80,17,1,1,0,0.025,1.0,0.08194444444444444,1.0,False,,null,,
61976C24-1C50-4355-9C49-AAE44A7D09F6,0.05,m0.2_k10,0.2,10,hysteresis,12,0.05,0.01,80,17,0,0,0,0.08680555555555555,1.0,0.1875,1.0,False,,null,,
61976C24-1C50-4355-9C49-AAE44A7D09F6,0.03,m0_k1,0.0,1,instantaneous,12,0.03,0.01,80,0,7,0,7,0.0,0.9694444444444444,0.0,0.9694444444444444,True,33.0,"{""theta"": 0.8297207118212142, ""m"": 0.0, ""k"": 1}",0.029861111111111113,0.006597222222222222
61976C24-1C50-4355-9C49-AAE44A7D09F6,0.03,m0_k2,0.0,2,dwell_only,12,0.03,0.01,80,0,11,0,11,0.001388888888888889,0.975,0.001388888888888889,0.975,True,39.0,"{""theta"": 0.8366019045846517, ""m"": 0.0, ""k"": 2}",0.029861111111111113,0.014930555555555556
61976C24-1C50-4355-9C49-AAE44A7D09F6,0.03,m0_k3,0.0,3,dwell_only,12,0.03,0.01,80,0,6,0,6,0.001388888888888889,0.9777777777777777,0.001388888888888889,0.9777777777777777,True,56.0,"{""theta"": 0.8606923506420994, ""m"": 0.0, ""k"": 3}",0.029166666666666667,0.134375
61976C24-1C50-4355-9C49-AAE44A7D09F6,0.03,m0_k5,0.0,5,dwell_only,12,0.03,0.01,80,0,1,0,1,0.0,0.9861111111111112,0.0,0.9861111111111112,True,67.0,"{""theta"": 0.9257398101619208, ""m"": 0.0, ""k"": 5}",0.027777777777777776,0.5253472222222222
61976C24-1C50-4355-9C49-AAE44A7D09F6,0.03,m0_k10,0.0,10,dwell_only,12,0.03,0.01,80,0,0,0,0,0.0,1.0,0.0,1.0,False,,null,,
61976C24-1C50-4355-9C49-AAE44A7D09F6,0.03,m0.05_k1,0.05,1,margin_only,12,0.03,0.01,80,5,2,0,2,0.0,1.0,0.0,1.0,True,18.0,"{""theta"": 0.8155839095763718, ""m"": 0.05, ""k"": 1}",0.025,0.0006944444444444445
61976C24-1C50-4355-9C49-AAE44A7D09F6,0.03,m0.05_k2,0.05,2,hysteresis,12,0.03,0.01,80,5,8,0,8,0.0,1.0,0.005555555555555556,1.0,True,24.0,"{""theta"": 0.8228177926670389, ""m"": 0.05, ""k"": 2}",0.022222222222222223,0.015277777777777777
61976C24-1C50-4355-9C49-AAE44A7D09F6,0.03,m0.05_k3,0.05,3,hysteresis,12,0.03,0.01,80,5,6,0,6,0.0,1.0,0.011111111111111112,1.0,True,58.0,"{""theta"": 0.8744649171784851, ""m"": 0.05, ""k"": 3}",0.029166666666666667,0.17604166666666668
61976C24-1C50-4355-9C49-AAE44A7D09F6,0.03,m0.05_k5,0.05,5,hysteresis,12,0.03,0.01,80,5,4,0,4,0.007638888888888889,1.0,0.016666666666666666,1.0,True,67.0,"{""theta"": 0.9257398101619208, ""m"": 0.05, ""k"": 5}",0.025,0.59375
61976C24-1C50-4355-9C49-AAE44A7D09F6,0.03,m0.05_k10,0.05,10,hysteresis,12,0.03,0.01,80,5,0,0,0,0.03680555555555556,1.0,0.05625,1.0,False,,null,,
61976C24-1C50-4355-9C49-AAE44A7D09F6,0.03,m0.1_k1,0.1,1,margin_only,12,0.03,0.01,80,9,2,0,2,0.0,1.0,0.0,1.0,True,13.0,"{""theta"": 0.7946175321049692, ""m"": 0.1, ""k"": 1}",0.022222222222222223,0.001736111111111111
61976C24-1C50-4355-9C49-AAE44A7D09F6,0.03,m0.1_k2,0.1,2,hysteresis,12,0.03,0.01,80,9,15,0,15,0.003472222222222222,1.0,0.00625,1.0,True,15.0,"{""theta"": 0.8107875316754714, ""m"": 0.1, ""k"": 2}",0.02361111111111111,0.05451388888888889
61976C24-1C50-4355-9C49-AAE44A7D09F6,0.03,m0.1_k3,0.1,3,hysteresis,12,0.03,0.01,80,9,4,0,4,0.008333333333333333,1.0,0.011111111111111112,1.0,True,62.0,"{""theta"": 0.8994726595942676, ""m"": 0.1, ""k"": 3}",0.029166666666666667,0.3246527777777778
61976C24-1C50-4355-9C49-AAE44A7D09F6,0.03,m0.1_k5,0.1,5,hysteresis,12,0.03,0.01,80,9,6,5,1,0.016666666666666666,1.0,0.025,1.0,True,70.0,"{""theta"": 0.9465710217755444, ""m"": 0.1, ""k"": 5}",0.025,0.6847222222222222
61976C24-1C50-4355-9C49-AAE44A7D09F6,0.03,m0.1_k10,0.1,10,hysteresis,12,0.03,0.01,80,9,0,0,0,0.05625,1.0,0.09513888888888888,1.0,False,,null,,
61976C24-1C50-4355-9C49-AAE44A7D09F6,0.03,m0.2_k1,0.2,1,margin_only,12,0.03,0.01,80,17,1,0,1,0.0,1.0,0.0,1.0,True,12.0,"{""theta"": 0.7870933835845897, ""m"": 0.2, ""k"": 1}",0.022916666666666665,0.08159722222222222
61976C24-1C50-4355-9C49-AAE44A7D09F6,0.03,m0.2_k2,0.2,2,hysteresis,12,0.03,0.01,80,17,23,0,23,0.004861111111111111,1.0,0.016666666666666666,1.0,True,36.0,"{""theta"": 0.8350507334869982, ""m"": 0.2, ""k"": 2}",0.024305555555555556,0.22118055555555555
61976C24-1C50-4355-9C49-AAE44A7D09F6,0.03,m0.2_k3,0.2,3,hysteresis,12,0.03,0.01,80,17,2,2,0,0.009722222222222222,1.0,0.041666666666666664,1.0,False,,null,,
61976C24-1C50-4355-9C49-AAE44A7D09F6,0.03,m0.2_k5,0.2,5,hysteresis,12,0.03,0.01,80,17,1,1,0,0.025,1.0,0.08194444444444444,1.0,False,,null,,
61976C24-1C50-4355-9C49-AAE44A7D09F6,0.03,m0.2_k10,0.2,10,hysteresis,12,0.03,0.01,80,17,0,0,0,0.08680555555555555,1.0,0.1875,1.0,False,,null,,
61976C24-1C50-4355-9C49-AAE44A7D09F6,0.07,m0_k1,0.0,1,instantaneous,12,0.07,0.01,80,0,8,0,8,0.0,0.9694444444444444,0.0,0.9694444444444444,True,39.0,"{""theta"": 0.7946175321049692, ""m"": 0.0, ""k"": 1}",0.06041666666666667,0.00034722222222222224
61976C24-1C50-4355-9C49-AAE44A7D09F6,0.07,m0_k2,0.0,2,dwell_only,12,0.07,0.01,80,0,4,0,4,0.001388888888888889,0.975,0.001388888888888889,0.975,True,47.0,"{""theta"": 0.8206638606136093, ""m"": 0.0, ""k"": 2}",0.06319444444444444,0.008333333333333333
61976C24-1C50-4355-9C49-AAE44A7D09F6,0.07,m0_k3,0.0,3,dwell_only,12,0.07,0.01,80,0,0,0,0,0.001388888888888889,0.9777777777777777,0.001388888888888889,0.9777777777777777,False,,null,,
61976C24-1C50-4355-9C49-AAE44A7D09F6,0.07,m0_k5,0.0,5,dwell_only,12,0.07,0.01,80,0,2,0,2,0.0,0.9861111111111112,0.0,0.9861111111111112,True,54.0,"{""theta"": 0.8480005769588684, ""m"": 0.0, ""k"": 5}",0.06597222222222222,0.060069444444444446
61976C24-1C50-4355-9C49-AAE44A7D09F6,0.07,m0_k10,0.0,10,dwell_only,12,0.07,0.01,80,0,2,0,2,0.0,1.0,0.0,1.0,True,65.0,"{""theta"": 0.9141434766424716, ""m"": 0.0, ""k"": 10}",0.06388888888888888,0.5069444444444444
61976C24-1C50-4355-9C49-AAE44A7D09F6,0.07,m0.05_k1,0.05,1,margin_only,12,0.07,0.01,80,5,9,0,9,0.0,1.0,0.0,1.0,True,40.0,"{""theta"": 0.796282838694899, ""m"": 0.05, ""k"": 1}",0.06111111111111111,0.0
61976C24-1C50-4355-9C49-AAE44A7D09F6,0.07,m0.05_k2,0.05,2,hysteresis,12,0.07,0.01,80,5,0,0,0,0.0,1.0,0.005555555555555556,1.0,False,,null,,
61976C24-1C50-4355-9C49-AAE44A7D09F6,0.07,m0.05_k3,0.05,3,hysteresis,12,0.07,0.01,80,5,1,0,1,0.0,1.0,0.011111111111111112,1.0,True,41.0,"{""theta"": 0.8107937121504961, ""m"": 0.05, ""k"": 3}",0.06805555555555555,0.016319444444444445
61976C24-1C50-4355-9C49-AAE44A7D09F6,0.07,m0.05_k5,0.05,5,hysteresis,12,0.07,0.01,80,5,4,0,4,0.007638888888888889,1.0,0.016666666666666666,1.0,True,55.0,"{""theta"": 0.8542752838265402, ""m"": 0.05, ""k"": 5}",0.06666666666666667,0.13645833333333332
61976C24-1C50-4355-9C49-AAE44A7D09F6,0.07,m0.05_k10,0.05,10,hysteresis,12,0.07,0.01,80,5,0,0,0,0.03680555555555556,1.0,0.05625,1.0,False,,null,,
61976C24-1C50-4355-9C49-AAE44A7D09F6,0.07,m0.1_k1,0.1,1,margin_only,12,0.07,0.01,80,9,5,0,5,0.0,1.0,0.0,1.0,True,31.0,"{""theta"": 0.7830497215421839, ""m"": 0.1, ""k"": 1}",0.06111111111111111,0.00034722222222222224
61976C24-1C50-4355-9C49-AAE44A7D09F6,0.07,m0.1_k2,0.1,2,hysteresis,12,0.07,0.01,80,9,0,0,0,0.003472222222222222,1.0,0.00625,1.0,False,,null,,
61976C24-1C50-4355-9C49-AAE44A7D09F6,0.07,m0.1_k3,0.1,3,hysteresis,12,0.07,0.01,80,9,1,0,1,0.008333333333333333,1.0,0.011111111111111112,1.0,True,41.0,"{""theta"": 0.8107937121504961, ""m"": 0.1, ""k"": 3}",0.06527777777777778,0.07951388888888888
61976C24-1C50-4355-9C49-AAE44A7D09F6,0.07,m0.1_k5,0.1,5,hysteresis,12,0.07,0.01,80,9,5,0,5,0.016666666666666666,1.0,0.025,1.0,True,59.0,"{""theta"": 0.8816303740926856, ""m"": 0.1, ""k"": 5}",0.06666666666666667,0.28888888888888886
61976C24-1C50-4355-9C49-AAE44A7D09F6,0.07,m0.1_k10,0.1,10,hysteresis,12,0.07,0.01,80,9,0,0,0,0.05625,1.0,0.09513888888888888,1.0,False,,null,,
61976C24-1C50-4355-9C49-AAE44A7D09F6,0.07,m0.2_k1,0.2,1,margin_only,12,0.07,0.01,80,17,0,0,0,0.0,1.0,0.0,1.0,False,,null,,
61976C24-1C50-4355-9C49-AAE44A7D09F6,0.07,m0.2_k2,0.2,2,hysteresis,12,0.07,0.01,80,17,12,0,12,0.004861111111111111,1.0,0.016666666666666666,1.0,True,41.0,"{""theta"": 0.8107937121504961, ""m"": 0.2, ""k"": 2}",0.06527777777777778,0.16770833333333332
61976C24-1C50-4355-9C49-AAE44A7D09F6,0.07,m0.2_k3,0.2,3,hysteresis,12,0.07,0.01,80,17,2,0,2,0.009722222222222222,1.0,0.041666666666666664,1.0,True,55.0,"{""theta"": 0.8542752838265402, ""m"": 0.2, ""k"": 3}",0.06527777777777778,0.321875
61976C24-1C50-4355-9C49-AAE44A7D09F6,0.07,m0.2_k5,0.2,5,hysteresis,12,0.07,0.01,80,17,5,5,0,0.025,1.0,0.08194444444444444,1.0,False,,null,,
61976C24-1C50-4355-9C49-AAE44A7D09F6,0.07,m0.2_k10,0.2,10,hysteresis,12,0.07,0.01,80,17,0,0,0,0.08680555555555555,1.0,0.1875,1.0,False,,null,,
78A91A4E-4A51-4065-BDA7-94755F0BB3BB,0.05,m0_k1,0.0,1,instantaneous,12,0.05,0.01,80,0,8,0,8,0.0,0.9694444444444444,0.0,0.9694444444444444,True,38.0,"{""theta"": 0.7967573403874838, ""m"": 0.0, ""k"": 1}",0.049305555555555554,0.2152777777777778
78A91A4E-4A51-4065-BDA7-94755F0BB3BB,0.05,m0_k2,0.0,2,dwell_only,12,0.05,0.01,80,0,7,0,7,0.0006944444444444445,0.9666666666666667,0.0006944444444444445,0.9666666666666667,True,50.0,"{""theta"": 0.8139805785932639, ""m"": 0.0, ""k"": 2}",0.04791666666666667,0.2204861111111111
78A91A4E-4A51-4065-BDA7-94755F0BB3BB,0.05,m0_k3,0.0,3,dwell_only,12,0.05,0.01,80,0,1,0,1,0.0020833333333333333,0.9763888888888889,0.0020833333333333333,0.9763888888888889,True,58.0,"{""theta"": 0.8185805772436179, ""m"": 0.0, ""k"": 3}",0.04791666666666667,0.22569444444444445
78A91A4E-4A51-4065-BDA7-94755F0BB3BB,0.05,m0_k5,0.0,5,dwell_only,12,0.05,0.01,80,0,3,0,3,0.0,0.9861111111111112,0.0,0.9861111111111112,True,61.0,"{""theta"": 0.841155039915782, ""m"": 0.0, ""k"": 5}",0.05,0.3128472222222222
78A91A4E-4A51-4065-BDA7-94755F0BB3BB,0.05,m0_k10,0.0,10,dwell_only,12,0.05,0.01,80,0,4,0,4,0.0,1.0,0.0,1.0,True,74.0,"{""theta"": 0.9484493727519957, ""m"": 0.0, ""k"": 10}",0.04791666666666667,0.7503472222222223
78A91A4E-4A51-4065-BDA7-94755F0BB3BB,0.05,m0.05_k1,0.05,1,margin_only,12,0.05,0.01,80,3,3,0,3,0.0,0.9909722222222223,0.0,0.9909722222222223,True,36.0,"{""theta"": 0.7921455998164482, ""m"": 0.05, ""k"": 1}",0.044444444444444446,0.21597222222222223
78A91A4E-4A51-4065-BDA7-94755F0BB3BB,0.05,m0.05_k2,0.05,2,hysteresis,12,0.05,0.01,80,3,2,0,2,0.0,0.9909722222222223,0.001388888888888889,0.9909722222222223,True,37.0,"{""theta"": 0.7936411426103505, ""m"": 0.05, ""k"": 2}",0.04513888888888889,0.22083333333333333
78A91A4E-4A51-4065-BDA7-94755F0BB3BB,0.05,m0.05_k3,0.05,3,hysteresis,12,0.05,0.01,80,3,21,0,21,0.0,0.9958333333333333,0.007638888888888889,0.9958333333333333,True,38.0,"{""theta"": 0.7967573403874838, ""m"": 0.05, ""k"": 3}",0.049305555555555554,0.228125
78A91A4E-4A51-4065-BDA7-94755F0BB3BB,0.05,m0.05_k5,0.05,5,hysteresis,12,0.05,0.01,80,3,5,0,5,0.0,1.0,0.015277777777777777,1.0,True,62.0,"{""theta"": 0.8494370734274936, ""m"": 0.05, ""k"": 5}",0.05,0.3368055555555556
78A91A4E-4A51-4065-BDA7-94755F0BB3BB,0.05,m0.05_k10,0.05,10,hysteresis,12,0.05,0.01,80,3,3,2,1,0.027777777777777776,1.0,0.04861111111111111,1.0,True,76.0,"{""theta"": 0.9686075445214493, ""m"": 0.05, ""k"": 10}",0.04861111111111111,0.7458333333333333
78A91A4E-4A51-4065-BDA7-94755F0BB3BB,0.05,m0.1_k1,0.1,1,margin_only,12,0.05,0.01,80,5,1,0,1,0.0,1.0,0.0,1.0,True,29.0,"{""theta"": 0.7717112837158459, ""m"": 0.1, ""k"": 1}",0.043055555555555555,0.2152777777777778
78A91A4E-4A51-4065-BDA7-94755F0BB3BB,0.05,m0.1_k2,0.1,2,hysteresis,12,0.05,0.01,80,5,1,0,1,0.0,1.0,0.002777777777777778,1.0,True,34.0,"{""theta"": 0.7855882094920608, ""m"": 0.1, ""k"": 2}",0.04861111111111111,0.2309027777777778
78A91A4E-4A51-4065-BDA7-94755F0BB3BB,0.05,m0.1_k3,0.1,3,hysteresis,12,0.05,0.01,80,5,3,0,3,0.004861111111111111,1.0,0.011111111111111112,1.0,True,38.0,"{""theta"": 0.7967573403874838, ""m"": 0.1, ""k"": 3}",0.05,0.24895833333333334
78A91A4E-4A51-4065-BDA7-94755F0BB3BB,0.05,m0.1_k5,0.1,5,hysteresis,12,0.05,0.01,80,5,5,0,5,0.015277777777777777,1.0,0.022222222222222223,1.0,True,65.0,"{""theta"": 0.8728297043600316, ""m"": 0.1, ""k"": 5}",0.05,0.46458333333333335
78A91A4E-4A51-4065-BDA7-94755F0BB3BB,0.05,m0.1_k10,0.1,10,hysteresis,12,0.05,0.01,80,5,1,1,0,0.04861111111111111,1.0,0.07152777777777777,1.0,False,,null,,
78A91A4E-4A51-4065-BDA7-94755F0BB3BB,0.05,m0.2_k1,0.2,1,margin_only,12,0.05,0.01,80,11,0,0,0,0.0,1.0,0.0020833333333333333,1.0,False,,null,,
78A91A4E-4A51-4065-BDA7-94755F0BB3BB,0.05,m0.2_k2,0.2,2,hysteresis,12,0.05,0.01,80,11,1,0,1,0.004166666666666667,1.0,0.018055555555555554,1.0,True,60.0,"{""theta"": 0.8280550925519783, ""m"": 0.2, ""k"": 2}",0.04791666666666667,0.3840277777777778
78A91A4E-4A51-4065-BDA7-94755F0BB3BB,0.05,m0.2_k3,0.2,3,hysteresis,12,0.05,0.01,80,11,1,0,1,0.011111111111111112,1.0,0.03958333333333333,1.0,True,62.0,"{""theta"": 0.8494370734274936, ""m"": 0.2, ""k"": 3}",0.04861111111111111,0.46944444444444444
78A91A4E-4A51-4065-BDA7-94755F0BB3BB,0.05,m0.2_k5,0.2,5,hysteresis,12,0.05,0.01,80,11,3,3,0,0.022222222222222223,1.0,0.08958333333333333,1.0,False,,null,,
78A91A4E-4A51-4065-BDA7-94755F0BB3BB,0.05,m0.2_k10,0.2,10,hysteresis,12,0.05,0.01,80,11,0,0,0,0.07152777777777777,1.0,0.175,1.0,False,,null,,
78A91A4E-4A51-4065-BDA7-94755F0BB3BB,0.03,m0_k1,0.0,1,instantaneous,12,0.03,0.01,80,0,7,0,7,0.0,0.9694444444444444,0.0,0.9694444444444444,True,40.0,"{""theta"": 0.8157733134485481, ""m"": 0.0, ""k"": 1}",0.02847222222222222,0.21979166666666666
78A91A4E-4A51-4065-BDA7-94755F0BB3BB,0.03,m0_k2,0.0,2,dwell_only,12,0.03,0.01,80,0,7,0,7,0.0006944444444444445,0.9666666666666667,0.0006944444444444445,0.9666666666666667,True,48.0,"{""theta"": 0.8195455741731731, ""m"": 0.0, ""k"": 2}",0.02847222222222222,0.22604166666666667
78A91A4E-4A51-4065-BDA7-94755F0BB3BB,0.03,m0_k3,0.0,3,dwell_only,12,0.03,0.01,80,0,6,0,6,0.0020833333333333333,0.9763888888888889,0.0020833333333333333,0.9763888888888889,True,57.0,"{""theta"": 0.8317701849689918, ""m"": 0.0, ""k"": 3}",0.029861111111111113,0.28506944444444443
78A91A4E-4A51-4065-BDA7-94755F0BB3BB,0.03,m0_k5,0.0,5,dwell_only,12,0.03,0.01,80,0,6,0,6,0.0,0.9861111111111112,0.0,0.9861111111111112,True,70.0,"{""theta"": 0.9112202824809194, ""m"": 0.0, ""k"": 5}",0.02847222222222222,0.6350694444444445
78A91A4E-4A51-4065-BDA7-94755F0BB3BB,0.03,m0_k10,0.0,10,dwell_only,12,0.03,0.01,80,0,0,0,0,0.0,1.0,0.0,1.0,False,,null,,
78A91A4E-4A51-4065-BDA7-94755F0BB3BB,0.03,m0.05_k1,0.05,1,margin_only,12,0.03,0.01,80,3,0,0,0,0.0,0.9909722222222223,0.0,0.9909722222222223,False,,null,,
78A91A4E-4A51-4065-BDA7-94755F0BB3BB,0.03,m0.05_k2,0.05,2,hysteresis,12,0.03,0.01,80,3,17,0,17,0.0,0.9909722222222223,0.001388888888888889,0.9909722222222223,True,28.0,"{""theta"": 0.8048041643329038, ""m"": 0.05, ""k"": 2}",0.02847222222222222,0.2309027777777778
78A91A4E-4A51-4065-BDA7-94755F0BB3BB,0.03,m0.05_k3,0.05,3,hysteresis,12,0.03,0.01,80,3,7,0,7,0.0,0.9958333333333333,0.007638888888888889,0.9958333333333333,True,59.0,"{""theta"": 0.841155039915782, ""m"": 0.05, ""k"": 3}",0.029166666666666667,0.2690972222222222
78A91A4E-4A51-4065-BDA7-94755F0BB3BB,0.03,m0.05_k5,0.05,5,hysteresis,12,0.03,0.01,80,3,7,0,7,0.0,1.0,0.015277777777777777,1.0,True,69.0,"{""theta"": 0.9035393718747259, ""m"": 0.05, ""k"": 5}",0.027777777777777776,0.6295138888888889
78A91A4E-4A51-4065-BDA7-94755F0BB3BB,0.03,m0.05_k10,0.05,10,hysteresis,12,0.03,0.01,80,3,1,1,0,0.027777777777777776,1.0,0.04861111111111111,1.0,False,,null,,
78A91A4E-4A51-4065-BDA7-94755F0BB3BB,0.03,m0.1_k1,0.1,1,margin_only,12,0.03,0.01,80,5,5,0,5,0.0,1.0,0.0,1.0,True,18.0,"{""theta"": 0.7778068251601016, ""m"": 0.1, ""k"": 1}",0.027083333333333334,0.2152777777777778
78A91A4E-4A51-4065-BDA7-94755F0BB3BB,0.03,m0.1_k2,0.1,2,hysteresis,12,0.03,0.01,80,5,4,0,4,0.0,1.0,0.002777777777777778,1.0,True,24.0,"{""theta"": 0.7936314319069824, ""m"": 0.1, ""k"": 2}",0.029166666666666667,0.23402777777777778
78A91A4E-4A51-4065-BDA7-94755F0BB3BB,0.03,m0.1_k3,0.1,3,hysteresis,12,0.03,0.01,80,5,5,0,5,0.004861111111111111,1.0,0.011111111111111112,1.0,True,65.0,"{""theta"": 0.8728297043600316, ""m"": 0.1, ""k"": 3}",0.025,0.43333333333333335
78A91A4E-4A51-4065-BDA7-94755F0BB3BB,0.03,m0.1_k5,0.1,5,hysteresis,12,0.03,0.01,80,5,5,1,4,0.015277777777777777,1.0,0.022222222222222223,1.0,True,71.0,"{""theta"": 0.9203167821738749, ""m"": 0.1, ""k"": 5}",0.02847222222222222,0.6527777777777778
78A91A4E-4A51-4065-BDA7-94755F0BB3BB,0.03,m0.1_k10,0.1,10,hysteresis,12,0.03,0.01,80,5,0,0,0,0.04861111111111111,1.0,0.07152777777777777,1.0,False,,null,,
78A91A4E-4A51-4065-BDA7-94755F0BB3BB,0.03,m0.2_k1,0.2,1,margin_only,12,0.03,0.01,80,11,4,0,4,0.0,1.0,0.0020833333333333333,1.0,True,35.0,"{""theta"": 0.8122662077870079, ""m"": 0.2, ""k"": 1}",0.02013888888888889,0.25625
78A91A4E-4A51-4065-BDA7-94755F0BB3BB,0.03,m0.2_k2,0.2,2,hysteresis,12,0.03,0.01,80,11,3,0,3,0.004166666666666667,1.0,0.018055555555555554,1.0,True,59.0,"{""theta"": 0.841155039915782, ""m"": 0.2, ""k"": 2}",0.02847222222222222,0.4232638888888889
78A91A4E-4A51-4065-BDA7-94755F0BB3BB,0.03,m0.2_k3,0.2,3,hysteresis,12,0.03,0.01,80,11,3,3,0,0.011111111111111112,1.0,0.03958333333333333,1.0,False,,null,,
78A91A4E-4A51-4065-BDA7-94755F0BB3BB,0.03,m0.2_k5,0.2,5,hysteresis,12,0.03,0.01,80,11,4,4,0,0.022222222222222223,1.0,0.08958333333333333,1.0,False,,null,,
78A91A4E-4A51-4065-BDA7-94755F0BB3BB,0.03,m0.2_k10,0.2,10,hysteresis,12,0.03,0.01,80,11,0,0,0,0.07152777777777777,1.0,0.175,1.0,False,,null,,
78A91A4E-4A51-4065-BDA7-94755F0BB3BB,0.07,m0_k1,0.0,1,instantaneous,12,0.07,0.01,80,0,7,0,7,0.0,0.9694444444444444,0.0,0.9694444444444444,True,38.0,"{""theta"": 0.7576663270057427, ""m"": 0.0, ""k"": 1}",0.06944444444444445,0.21388888888888888
78A91A4E-4A51-4065-BDA7-94755F0BB3BB,0.07,m0_k2,0.0,2,dwell_only,12,0.07,0.01,80,0,14,0,14,0.0006944444444444445,0.9666666666666667,0.0006944444444444445,0.9666666666666667,True,51.0,"{""theta"": 0.7967573403874838, ""m"": 0.0, ""k"": 2}",0.06319444444444444,0.21840277777777778
78A91A4E-4A51-4065-BDA7-94755F0BB3BB,0.07,m0_k3,0.0,3,dwell_only,12,0.07,0.01,80,0,3,0,3,0.0020833333333333333,0.9763888888888889,0.0020833333333333333,0.9763888888888889,True,57.0,"{""theta"": 0.8086590591617349, ""m"": 0.0, ""k"": 3}",0.06666666666666667,0.225
78A91A4E-4A51-4065-BDA7-94755F0BB3BB,0.07,m0_k5,0.0,5,dwell_only,12,0.07,0.01,80,0,1,0,1,0.0,0.9861111111111112,0.0,0.9861111111111112,True,59.0,"{""theta"": 0.8217387490130713, ""m"": 0.0, ""k"": 5}",0.06527777777777778,0.2378472222222222
78A91A4E-4A51-4065-BDA7-94755F0BB3BB,0.07,m0_k10,0.0,10,dwell_only,12,0.07,0.01,80,0,1,0,1,0.0,1.0,0.0,1.0,True,71.0,"{""theta"": 0.9203167821738749, ""m"": 0.0, ""k"": 10}",0.06388888888888888,0.6864583333333333
78A91A4E-4A51-4065-BDA7-94755F0BB3BB,0.07,m0.05_k1,0.05,1,margin_only,12,0.07,0.01,80,3,1,0,1,0.0,0.9909722222222223,0.0,0.9909722222222223,True,41.0,"{""theta"": 0.7666005789981575, ""m"": 0.05, ""k"": 1}",0.06319444444444444,0.21319444444444444
78A91A4E-4A51-4065-BDA7-94755F0BB3BB,0.07,m0.05_k2,0.05,2,hysteresis,12,0.07,0.01,80,3,4,0,4,0.0,0.9909722222222223,0.001388888888888889,0.9909722222222223,True,47.0,"{""theta"": 0.7855882094920608, ""m"": 0.05, ""k"": 2}",0.06180555555555556,0.2204861111111111
78A91A4E-4A51-4065-BDA7-94755F0BB3BB,0.07,m0.05_k3,0.05,3,hysteresis,12,0.07,0.01,80,3,1,0,1,0.0,0.9958333333333333,0.007638888888888889,0.9958333333333333,True,49.0,"{""theta"": 0.7921455998164482, ""m"": 0.05, ""k"": 3}",0.0625,0.22569444444444445
78A91A4E-4A51-4065-BDA7-94755F0BB3BB,0.07,m0.05_k5,0.05,5,hysteresis,12,0.07,0.01,80,3,1,0,1,0.0,1.0,0.015277777777777777,1.0,True,61.0,"{""theta"": 0.841155039915782, ""m"": 0.05, ""k"": 5}",0.06527777777777778,0.2965277777777778
78A91A4E-4A51-4065-BDA7-94755F0BB3BB,0.07,m0.05_k10,0.05,10,hysteresis,12,0.07,0.01,80,3,1,0,1,0.027777777777777776,1.0,0.04861111111111111,1.0,True,72.0,"{""theta"": 0.9291251776471621, ""m"": 0.05, ""k"": 10}",0.06597222222222222,0.6690972222222222
78A91A4E-4A51-4065-BDA7-94755F0BB3BB,0.07,m0.1_k1,0.1,1,margin_only,12,0.07,0.01,80,5,0,0,0,0.0,1.0,0.0,1.0,False,,null,,
78A91A4E-4A51-4065-BDA7-94755F0BB3BB,0.07,m0.1_k2,0.1,2,hysteresis,12,0.07,0.01,80,5,2,0,2,0.0,1.0,0.002777777777777778,1.0,True,45.0,"{""theta"": 0.779059161734835, ""m"": 0.1, ""k"": 2}",0.06388888888888888,0.2298611111111111
78A91A4E-4A51-4065-BDA7-94755F0BB3BB,0.07,m0.1_k3,0.1,3,hysteresis,12,0.07,0.01,80,5,0,0,0,0.004861111111111111,1.0,0.011111111111111112,1.0,False,,null,,
78A91A4E-4A51-4065-BDA7-94755F0BB3BB,0.07,m0.1_k5,0.1,5,hysteresis,12,0.07,0.01,80,5,0,0,0,0.015277777777777777,1.0,0.022222222222222223,1.0,False,,null,,
78A91A4E-4A51-4065-BDA7-94755F0BB3BB,0.07,m0.1_k10,0.1,10,hysteresis,12,0.07,0.01,80,5,1,1,0,0.04861111111111111,1.0,0.07152777777777777,1.0,False,,null,,
78A91A4E-4A51-4065-BDA7-94755F0BB3BB,0.07,m0.2_k1,0.2,1,margin_only,12,0.07,0.01,80,11,0,0,0,0.0,1.0,0.0020833333333333333,1.0,False,,null,,
78A91A4E-4A51-4065-BDA7-94755F0BB3BB,0.07,m0.2_k2,0.2,2,hysteresis,12,0.07,0.01,80,11,8,0,8,0.004166666666666667,1.0,0.018055555555555554,1.0,True,51.0,"{""theta"": 0.7967573403874838, ""m"": 0.2, ""k"": 2}",0.06944444444444445,0.25590277777777776
78A91A4E-4A51-4065-BDA7-94755F0BB3BB,0.07,m0.2_k3,0.2,3,hysteresis,12,0.07,0.01,80,11,0,0,0,0.011111111111111112,1.0,0.03958333333333333,1.0,False,,null,,
78A91A4E-4A51-4065-BDA7-94755F0BB3BB,0.07,m0.2_k5,0.2,5,hysteresis,12,0.07,0.01,80,11,1,1,0,0.022222222222222223,1.0,0.08958333333333333,1.0,False,,null,,
78A91A4E-4A51-4065-BDA7-94755F0BB3BB,0.07,m0.2_k10,0.2,10,hysteresis,12,0.07,0.01,80,11,0,0,0,0.07152777777777777,1.0,0.175,1.0,False,,null,,
7CE37510-56D0-4120-A1CF-0E23351428D2,0.05,m0_k1,0.0,1,instantaneous,12,0.05,0.01,80,0,9,0,9,0.001388888888888889,0.9694444444444444,0.001388888888888889,0.9694444444444444,True,46.0,"{""theta"": 0.8791108051918868, ""m"": 0.0, ""k"": 1}",0.049305555555555554,0.4996527777777778
7CE37510-56D0-4120-A1CF-0E23351428D2,0.05,m0_k2,0.0,2,dwell_only,12,0.05,0.01,80,0,6,0,6,0.0006944444444444445,0.975,0.0006944444444444445,0.975,True,50.0,"{""theta"": 0.8918112603247744, ""m"": 0.0, ""k"": 2}",0.049305555555555554,0.5618055555555556
7CE37510-56D0-4120-A1CF-0E23351428D2,0.05,m0_k3,0.0,3,dwell_only,12,0.05,0.01,80,0,5,0,5,0.001388888888888889,0.9868055555555556,0.001388888888888889,0.9868055555555556,True,50.0,"{""theta"": 0.8918112603247744, ""m"": 0.0, ""k"": 3}",0.04583333333333333,0.5680555555555555
7CE37510-56D0-4120-A1CF-0E23351428D2,0.05,m0_k5,0.0,5,dwell_only,12,0.05,0.01,80,0,11,0,11,0.002777777777777778,0.9930555555555556,0.002777777777777778,0.9930555555555556,True,48.0,"{""theta"": 0.8851115356520762, ""m"": 0.0, ""k"": 5}",0.04861111111111111,0.528125
7CE37510-56D0-4120-A1CF-0E23351428D2,0.05,m0_k10,0.0,10,dwell_only,12,0.05,0.01,80,0,11,0,11,0.00625,1.0,0.00625,1.0,True,49.0,"{""theta"": 0.8876313423610721, ""m"": 0.0, ""k"": 10}",0.04791666666666667,0.5131944444444444
7CE37510-56D0-4120-A1CF-0E23351428D2,0.05,m0.05_k1,0.05,1,margin_only,12,0.05,0.01,80,4,8,0,8,0.0,0.9715277777777778,0.0006944444444444445,0.9715277777777778,True,45.0,"{""theta"": 0.8780814182165533, ""m"": 0.05, ""k"": 1}",0.049305555555555554,0.5288194444444444
7CE37510-56D0-4120-A1CF-0E23351428D2,0.05,m0.05_k2,0.05,2,hysteresis,12,0.05,0.01,80,4,4,0,4,0.0,0.9756944444444444,0.002777777777777778,0.9756944444444444,True,47.0,"{""theta"": 0.8839481373265157, ""m"": 0.05, ""k"": 2}",0.04097222222222222,0.5267361111111111
7CE37510-56D0-4120-A1CF-0E23351428D2,0.05,m0.05_k3,0.05,3,hysteresis,12,0.05,0.01,80,4,0,0,0,0.0,0.9888888888888889,0.005555555555555556,0.9888888888888889,False,,null,,
7CE37510-56D0-4120-A1CF-0E23351428D2,0.05,m0.05_k5,0.05,5,hysteresis,12,0.05,0.01,80,4,0,0,0,0.003472222222222222,0.9930555555555556,0.011111111111111112,0.9930555555555556,False,,null,,
7CE37510-56D0-4120-A1CF-0E23351428D2,0.05,m0.05_k10,0.05,10,hysteresis,12,0.05,0.01,80,4,0,0,0,0.016666666666666666,1.0,0.025,1.0,False,,null,,
7CE37510-56D0-4120-A1CF-0E23351428D2,0.05,m0.1_k1,0.1,1,margin_only,12,0.05,0.01,80,7,7,0,7,0.0,0.98125,0.0,0.98125,True,41.0,"{""theta"": 0.8655932179580828, ""m"": 0.1, ""k"": 1}",0.05,0.5072916666666667
7CE37510-56D0-4120-A1CF-0E23351428D2,0.05,m0.1_k2,0.1,2,hysteresis,12,0.05,0.01,80,7,6,0,6,0.0020833333333333333,0.9979166666666667,0.003472222222222222,0.9979166666666667,True,38.0,"{""theta"": 0.8591321571051302, ""m"": 0.1, ""k"": 2}",0.04375,0.44895833333333335
7CE37510-56D0-4120-A1CF-0E23351428D2,0.05,m0.1_k3,0.1,3,hysteresis,12,0.05,0.01,80,7,0,0,0,0.004166666666666667,1.0,0.006944444444444444,1.0,False,,null,,
7CE37510-56D0-4120-A1CF-0E23351428D2,0.05,m0.1_k5,0.1,5,hysteresis,12,0.05,0.01,80,7,0,0,0,0.008333333333333333,1.0,0.013888888888888888,1.0,False,,null,,
7CE37510-56D0-4120-A1CF-0E23351428D2,0.05,m0.1_k10,0.1,10,hysteresis,12,0.05,0.01,80,7,0,0,0,0.025,1.0,0.029166666666666667,1.0,False,,null,,
7CE37510-56D0-4120-A1CF-0E23351428D2,0.05,m0.2_k1,0.2,1,margin_only,12,0.05,0.01,80,27,6,0,6,0.0,1.0,0.0,1.0,True,30.0,"{""theta"": 0.840622576838793, ""m"": 0.2, ""k"": 1}",0.04513888888888889,0.5465277777777777
7CE37510-56D0-4120-A1CF-0E23351428D2,0.05,m0.2_k2,0.2,2,hysteresis,12,0.05,0.01,80,27,0,0,0,0.002777777777777778,1.0,0.004861111111111111,1.0,False,,null,,
7CE37510-56D0-4120-A1CF-0E23351428D2,0.05,m0.2_k3,0.2,3,hysteresis,12,0.05,0.01,80,27,0,0,0,0.005555555555555556,1.0,0.0125,1.0,False,,null,,
7CE37510-56D0-4120-A1CF-0E23351428D2,0.05,m0.2_k5,0.2,5,hysteresis,12,0.05,0.01,80,27,0,0,0,0.011111111111111112,1.0,0.08819444444444445,1.0,False,,null,,
7CE37510-56D0-4120-A1CF-0E23351428D2,0.05,m0.2_k10,0.2,10,hysteresis,12,0.05,0.01,80,27,0,0,0,0.029166666666666667,1.0,0.24166666666666667,1.0,False,,null,,
7CE37510-56D0-4120-A1CF-0E23351428D2,0.03,m0_k1,0.0,1,instantaneous,12,0.03,0.01,80,0,9,0,9,0.0006944444444444445,0.9694444444444444,0.0006944444444444445,0.9694444444444444,True,49.0,"{""theta"": 0.9161873443089658, ""m"": 0.0, ""k"": 1}",0.029861111111111113,0.6211805555555555
7CE37510-56D0-4120-A1CF-0E23351428D2,0.03,m0_k2,0.0,2,dwell_only,12,0.03,0.01,80,0,10,0,10,0.0,0.975,0.0,0.975,True,47.0,"{""theta"": 0.9076567651851436, ""m"": 0.0, ""k"": 2}",0.029166666666666667,0.5996527777777778
7CE37510-56D0-4120-A1CF-0E23351428D2,0.03,m0_k3,0.0,3,dwell_only,12,0.03,0.01,80,0,10,0,10,0.0006944444444444445,0.9868055555555556,0.0006944444444444445,0.9868055555555556,True,44.0,"{""theta"": 0.9049488677867056, ""m"": 0.0, ""k"": 3}",0.029861111111111113,0.590625
7CE37510-56D0-4120-A1CF-0E23351428D2,0.03,m0_k5,0.0,5,dwell_only,12,0.03,0.01,80,0,5,0,5,0.0020833333333333333,0.9930555555555556,0.0020833333333333333,0.9930555555555556,True,51.0,"{""theta"": 0.9183399891835703, ""m"": 0.0, ""k"": 5}",0.020833333333333332,0.63125
7CE37510-56D0-4120-A1CF-0E23351428D2,0.03,m0_k10,0.0,10,dwell_only,12,0.03,0.01,80,0,6,0,6,0.0,1.0,0.0,1.0,True,66.0,"{""theta"": 0.958287540971325, ""m"": 0.0, ""k"": 10}",0.022916666666666665,0.7805555555555556
7CE37510-56D0-4120-A1CF-0E23351428D2,0.03,m0.05_k1,0.05,1,margin_only,12,0.03,0.01,80,9,2,0,2,0.0,0.9715277777777778,0.0,0.9715277777777778,True,47.0,"{""theta"": 0.9076567651851436, ""m"": 0.05, ""k"": 1}",0.029166666666666667,0.6246527777777777
7CE37510-56D0-4120-A1CF-0E23351428D2,0.03,m0.05_k2,0.05,2,hysteresis,12,0.03,0.01,80,9,4,0,4,0.0,0.9756944444444444,0.0020833333333333333,0.9756944444444444,True,47.0,"{""theta"": 0.9076567651851436, ""m"": 0.05, ""k"": 2}",0.025,0.6260416666666667
7CE37510-56D0-4120-A1CF-0E23351428D2,0.03,m0.05_k3,0.05,3,hysteresis,12,0.03,0.01,80,9,10,0,10,0.0,0.9888888888888889,0.004166666666666667,0.9888888888888889,True,40.0,"{""theta"": 0.9000764145642525, ""m"": 0.05, ""k"": 3}",0.029861111111111113,0.5944444444444444
7CE37510-56D0-4120-A1CF-0E23351428D2,0.03,m0.05_k5,0.05,5,hysteresis,12,0.03,0.01,80,9,15,0,15,0.003472222222222222,0.9930555555555556,0.008333333333333333,0.9930555555555556,True,39.0,"{""theta"": 0.8934337912756831, ""m"": 0.05, ""k"": 5}",0.020833333333333332,0.5479166666666667
7CE37510-56D0-4120-A1CF-0E23351428D2,0.03,m0.05_k10,0.05,10,hysteresis,12,0.03,0.01,80,9,2,0,2,0.016666666666666666,1.0,0.025,1.0,True,69.0,"{""theta"": 0.9682935080350621, ""m"": 0.05, ""k"": 10}",0.025,0.8177083333333334
7CE37510-56D0-4120-A1CF-0E23351428D2,0.03,m0.1_k1,0.1,1,margin_only,12,0.03,0.01,80,15,16,0,16,0.0,0.98125,0.0,0.98125,True,40.0,"{""theta"": 0.9000764145642525, ""m"": 0.1, ""k"": 1}",0.025,0.6378472222222222
7CE37510-56D0-4120-A1CF-0E23351428D2,0.03,m0.1_k2,0.1,2,hysteresis,12,0.03,0.01,80,15,10,0,10,0.0020833333333333333,0.9979166666666667,0.002777777777777778,0.9979166666666667,True,40.0,"{""theta"": 0.9000764145642525, ""m"": 0.1, ""k"": 2}",0.020833333333333332,0.634375
7CE37510-56D0-4120-A1CF-0E23351428D2,0.03,m0.1_k3,0.1,3,hysteresis,12,0.03,0.01,80,15,0,0,0,0.004166666666666667,1.0,0.005555555555555556,1.0,False,,null,,
7CE37510-56D0-4120-A1CF-0E23351428D2,0.03,m0.1_k5,0.1,5,hysteresis,12,0.03,0.01,80,15,3,0,3,0.008333333333333333,1.0,0.011111111111111112,1.0,True,37.0,"{""theta"": 0.8916293335955497, ""m"": 0.1, ""k"": 5}",0.020833333333333332,0.5743055555555555
7CE37510-56D0-4120-A1CF-0E23351428D2,0.03,m0.1_k10,0.1,10,hysteresis,12,0.03,0.01,80,15,17,15,2,0.025,1.0,0.025,1.0,True,63.0,"{""theta"": 0.9435808893352813, ""m"": 0.1, ""k"": 10}",0.029166666666666667,0.725
7CE37510-56D0-4120-A1CF-0E23351428D2,0.03,m0.2_k1,0.2,1,margin_only,12,0.03,0.01,80,40,8,0,8,0.0,1.0,0.0,1.0,True,28.0,"{""theta"": 0.8655514421906313, ""m"": 0.2, ""k"": 1}",0.027777777777777776,0.6010416666666667
7CE37510-56D0-4120-A1CF-0E23351428D2,0.03,m0.2_k2,0.2,2,hysteresis,12,0.03,0.01,80,40,7,0,7,0.002777777777777778,1.0,0.004861111111111111,1.0,True,23.0,"{""theta"": 0.8548466033601168, ""m"": 0.2, ""k"": 2}",0.024305555555555556,0.4756944444444444
7CE37510-56D0-4120-A1CF-0E23351428D2,0.03,m0.2_k3,0.2,3,hysteresis,12,0.03,0.01,80,40,0,0,0,0.005555555555555556,1.0,0.0125,1.0,False,,null,,
7CE37510-56D0-4120-A1CF-0E23351428D2,0.03,m0.2_k5,0.2,5,hysteresis,12,0.03,0.01,80,40,0,0,0,0.011111111111111112,1.0,0.08819444444444445,1.0,False,,null,,
7CE37510-56D0-4120-A1CF-0E23351428D2,0.03,m0.2_k10,0.2,10,hysteresis,12,0.03,0.01,80,40,6,6,0,0.029166666666666667,1.0,0.24166666666666667,1.0,False,,null,,
7CE37510-56D0-4120-A1CF-0E23351428D2,0.07,m0_k1,0.0,1,instantaneous,12,0.07,0.01,80,0,8,0,8,0.001388888888888889,0.9694444444444444,0.001388888888888889,0.9694444444444444,True,42.0,"{""theta"": 0.8384215036242063, ""m"": 0.0, ""k"": 1}",0.06944444444444445,0.35138888888888886
7CE37510-56D0-4120-A1CF-0E23351428D2,0.07,m0_k2,0.0,2,dwell_only,12,0.07,0.01,80,0,13,0,13,0.0006944444444444445,0.975,0.0006944444444444445,0.975,True,43.0,"{""theta"": 0.840622576838793, ""m"": 0.0, ""k"": 2}",0.06944444444444445,0.3545138888888889
7CE37510-56D0-4120-A1CF-0E23351428D2,0.07,m0_k3,0.0,3,dwell_only,12,0.07,0.01,80,0,2,0,2,0.001388888888888889,0.9868055555555556,0.001388888888888889,0.9868055555555556,True,55.0,"{""theta"": 0.8669649379108838, ""m"": 0.0, ""k"": 3}",0.06736111111111111,0.46597222222222223
7CE37510-56D0-4120-A1CF-0E23351428D2,0.07,m0_k5,0.0,5,dwell_only,12,0.07,0.01,80,0,3,0,3,0.002777777777777778,0.9930555555555556,0.002777777777777778,0.9930555555555556,True,56.0,"{""theta"": 0.873564083834354, ""m"": 0.0, ""k"": 5}",0.06111111111111111,0.46597222222222223
7CE37510-56D0-4120-A1CF-0E23351428D2,0.07,m0_k10,0.0,10,dwell_only,12,0.07,0.01,80,0,0,0,0,0.00625,1.0,0.00625,1.0,False,,null,,
7CE37510-56D0-4120-A1CF-0E23351428D2,0.07,m0.05_k1,0.05,1,margin_only,12,0.07,0.01,80,4,11,0,11,0.0,0.9715277777777778,0.0006944444444444445,0.9715277777777778,True,39.0,"{""theta"": 0.8306231387312468, ""m"": 0.05, ""k"": 1}",0.06666666666666667,0.35
7CE37510-56D0-4120-A1CF-0E23351428D2,0.07,m0.05_k2,0.05,2,hysteresis,12,0.07,0.01,80,4,17,0,17,0.0,0.9756944444444444,0.002777777777777778,0.9756944444444444,True,39.0,"{""theta"": 0.8306231387312468, ""m"": 0.05, ""k"": 2}",0.06666666666666667,0.3590277777777778
7CE37510-56D0-4120-A1CF-0E23351428D2,0.07,m0.05_k3,0.05,3,hysteresis,12,0.07,0.01,80,4,16,0,16,0.0,0.9888888888888889,0.005555555555555556,0.9888888888888889,True,44.0,"{""theta"": 0.843934511434512, ""m"": 0.05, ""k"": 3}",0.06944444444444445,0.34791666666666665
7CE37510-56D0-4120-A1CF-0E23351428D2,0.07,m0.05_k5,0.05,5,hysteresis,12,0.07,0.01,80,4,10,0,10,0.003472222222222222,0.9930555555555556,0.011111111111111112,0.9930555555555556,True,44.0,"{""theta"": 0.843934511434512, ""m"": 0.05, ""k"": 5}",0.06597222222222222,0.36909722222222224
7CE37510-56D0-4120-A1CF-0E23351428D2,0.07,m0.05_k10,0.05,10,hysteresis,12,0.07,0.01,80,4,0,0,0,0.016666666666666666,1.0,0.025,1.0,False,,null,,
7CE37510-56D0-4120-A1CF-0E23351428D2,0.07,m0.1_k1,0.1,1,margin_only,12,0.07,0.01,80,7,13,0,13,0.0,0.98125,0.0,0.98125,True,36.0,"{""theta"": 0.8248721694667641, ""m"": 0.1, ""k"": 1}",0.06736111111111111,0.34756944444444443
7CE37510-56D0-4120-A1CF-0E23351428D2,0.07,m0.1_k2,0.1,2,hysteresis,12,0.07,0.01,80,7,10,0,10,0.0020833333333333333,0.9979166666666667,0.003472222222222222,0.9979166666666667,True,39.0,"{""theta"": 0.8306231387312468, ""m"": 0.1, ""k"": 2}",0.06944444444444445,0.3326388888888889
7CE37510-56D0-4120-A1CF-0E23351428D2,0.07,m0.1_k3,0.1,3,hysteresis,12,0.07,0.01,80,7,6,0,6,0.004166666666666667,1.0,0.006944444444444444,1.0,True,47.0,"{""theta"": 0.8477838961622746, ""m"": 0.1, ""k"": 3}",0.06944444444444445,0.3211805555555556
7CE37510-56D0-4120-A1CF-0E23351428D2,0.07,m0.1_k5,0.1,5,hysteresis,12,0.07,0.01,80,7,7,0,7,0.008333333333333333,1.0,0.013888888888888888,1.0,True,56.0,"{""theta"": 0.873564083834354, ""m"": 0.1, ""k"": 5}",0.06319444444444444,0.4840277777777778
7CE37510-56D0-4120-A1CF-0E23351428D2,0.07,m0.1_k10,0.1,10,hysteresis,12,0.07,0.01,80,7,0,0,0,0.025,1.0,0.029166666666666667,1.0,False,,null,,
7CE37510-56D0-4120-A1CF-0E23351428D2,0.07,m0.2_k1,0.2,1,margin_only,12,0.07,0.01,80,14,3,0,3,0.0,1.0,0.0,1.0,True,40.0,"{""theta"": 0.8346420745069394, ""m"": 0.2, ""k"": 1}",0.06666666666666667,0.47430555555555554
7CE37510-56D0-4120-A1CF-0E23351428D2,0.07,m0.2_k2,0.2,2,hysteresis,12,0.07,0.01,80,14,0,0,0,0.002777777777777778,1.0,0.004861111111111111,1.0,False,,null,,
7CE37510-56D0-4120-A1CF-0E23351428D2,0.07,m0.2_k3,0.2,3,hysteresis,12,0.07,0.01,80,14,7,0,7,0.005555555555555556,1.0,0.0125,1.0,True,49.0,"{""theta"": 0.8548466033601168, ""m"": 0.2, ""k"": 3}",0.06041666666666667,0.41597222222222224
7CE37510-56D0-4120-A1CF-0E23351428D2,0.07,m0.2_k5,0.2,5,hysteresis,12,0.07,0.01,80,14,1,1,0,0.011111111111111112,1.0,0.08819444444444445,1.0,False,,null,,
7CE37510-56D0-4120-A1CF-0E23351428D2,0.07,m0.2_k10,0.2,10,hysteresis,12,0.07,0.01,80,14,0,0,0,0.029166666666666667,1.0,0.24166666666666667,1.0,False,,null,,
7D9BB102-A612-4E2A-8E22-3159752F55D8,0.05,m0_k1,0.0,1,instantaneous,12,0.05,0.01,80,0,7,0,7,0.0,0.9708333333333333,0.0,0.9708333333333333,True,39.0,"{""theta"": 0.9571759656652361, ""m"": 0.0, ""k"": 1}",0.04027777777777778,0.0020833333333333333
7D9BB102-A612-4E2A-8E22-3159752F55D8,0.05,m0_k2,0.0,2,dwell_only,12,0.05,0.01,80,0,5,0,5,0.0020833333333333333,0.9861111111111112,0.0020833333333333333,0.9861111111111112,True,48.0,"{""theta"": 0.961676295807197, ""m"": 0.0, ""k"": 2}",0.04236111111111111,0.00798611111111111
7D9BB102-A612-4E2A-8E22-3159752F55D8,0.05,m0_k3,0.0,3,dwell_only,12,0.05,0.01,80,0,2,0,2,0.004166666666666667,0.9916666666666667,0.004166666666666667,0.9916666666666667,True,52.0,"{""theta"": 0.9638519313304722, ""m"": 0.0, ""k"": 3}",0.04652777777777778,0.017361111111111112
7D9BB102-A612-4E2A-8E22-3159752F55D8,0.05,m0_k5,0.0,5,dwell_only,12,0.05,0.01,80,0,2,0,2,0.002777777777777778,1.0,0.002777777777777778,1.0,True,65.0,"{""theta"": 0.9792918454935622, ""m"": 0.0, ""k"": 5}",0.04236111111111111,0.4027777777777778
7D9BB102-A612-4E2A-8E22-3159752F55D8,0.05,m0_k10,0.0,10,dwell_only,12,0.05,0.01,80,0,0,0,0,0.00625,1.0,0.00625,1.0,False,,null,,
7D9BB102-A612-4E2A-8E22-3159752F55D8,0.05,m0.05_k1,0.05,1,margin_only,12,0.05,0.01,80,19,52,5,47,0.0,0.9951388888888889,0.043055555555555555,0.9951388888888889,True,15.0,"{""theta"": 0.9372548695939255, ""m"": 0.05, ""k"": 1}",0.04513888888888889,0.0
7D9BB102-A612-4E2A-8E22-3159752F55D8,0.05,m0.05_k2,0.05,2,hysteresis,12,0.05,0.01,80,19,5,5,0,0.014583333333333334,0.9986111111111111,0.059027777777777776,0.9986111111111111,False,,null,,
7D9BB102-A612-4E2A-8E22-3159752F55D8,0.05,m0.05_k3,0.05,3,hysteresis,12,0.05,0.01,80,19,0,0,0,0.03333333333333333,1.0,0.075,1.0,False,,null,,
7D9BB102-A612-4E2A-8E22-3159752F55D8,0.05,m0.05_k5,0.05,5,hysteresis,12,0.05,0.01,80,19,0,0,0,0.06666666666666667,1.0,0.10972222222222222,1.0,False,,null,,
7D9BB102-A612-4E2A-8E22-3159752F55D8,0.05,m0.05_k10,0.05,10,hysteresis,12,0.05,0.01,80,19,0,0,0,0.15625,1.0,0.18958333333333333,1.0,False,,null,,
7D9BB102-A612-4E2A-8E22-3159752F55D8,0.05,m0.1_k1,0.1,1,margin_only,12,0.05,0.01,80,50,68,50,18,0.043055555555555555,1.0,0.04722222222222222,1.0,True,12.0,"{""theta"": 0.9344163090128755, ""m"": 0.1, ""k"": 1}",0.04722222222222222,0.08159722222222222
7D9BB102-A612-4E2A-8E22-3159752F55D8,0.05,m0.1_k2,0.1,2,hysteresis,12,0.05,0.01,80,50,0,0,0,0.06041666666666667,1.0,0.08333333333333333,1.0,False,,null,,
7D9BB102-A612-4E2A-8E22-3159752F55D8,0.05,m0.1_k3,0.1,3,hysteresis,12,0.05,0.01,80,50,0,0,0,0.0763888888888889,1.0,0.13958333333333334,1.0,False,,null,,
7D9BB102-A612-4E2A-8E22-3159752F55D8,0.05,m0.1_k5,0.1,5,hysteresis,12,0.05,0.01,80,50,0,0,0,0.11736111111111111,1.0,0.18263888888888888,1.0,False,,null,,
7D9BB102-A612-4E2A-8E22-3159752F55D8,0.05,m0.1_k10,0.1,10,hysteresis,12,0.05,0.01,80,50,0,0,0,0.24513888888888888,1.0,0.2673611111111111,1.0,False,,null,,
7D9BB102-A612-4E2A-8E22-3159752F55D8,0.05,m0.2_k1,0.2,1,margin_only,12,0.05,0.01,80,68,31,31,0,0.04722222222222222,1.0,0.16805555555555557,1.0,False,,null,,
7D9BB102-A612-4E2A-8E22-3159752F55D8,0.05,m0.2_k2,0.2,2,hysteresis,12,0.05,0.01,80,68,0,0,0,0.09305555555555556,1.0,0.22777777777777777,1.0,False,,null,,
7D9BB102-A612-4E2A-8E22-3159752F55D8,0.05,m0.2_k3,0.2,3,hysteresis,12,0.05,0.01,80,68,0,0,0,0.13958333333333334,1.0,0.26180555555555557,1.0,False,,null,,
7D9BB102-A612-4E2A-8E22-3159752F55D8,0.05,m0.2_k5,0.2,5,hysteresis,12,0.05,0.01,80,68,0,0,0,0.18263888888888888,1.0,0.3277777777777778,1.0,False,,null,,
7D9BB102-A612-4E2A-8E22-3159752F55D8,0.05,m0.2_k10,0.2,10,hysteresis,12,0.05,0.01,80,68,0,0,0,0.27361111111111114,1.0,0.41388888888888886,1.0,False,,null,,
7D9BB102-A612-4E2A-8E22-3159752F55D8,0.03,m0_k1,0.0,1,instantaneous,12,0.03,0.01,77,0,7,0,7,0.0,0.9708333333333333,0.0,0.9708333333333333,True,35.0,"{""theta"": 0.9616327473313525, ""m"": 0.0, ""k"": 1}",0.02638888888888889,0.003125
7D9BB102-A612-4E2A-8E22-3159752F55D8,0.03,m0_k2,0.0,2,dwell_only,12,0.03,0.01,77,0,3,0,3,0.0020833333333333333,0.9861111111111112,0.0020833333333333333,0.9861111111111112,True,44.0,"{""theta"": 0.9660284340266314, ""m"": 0.0, ""k"": 2}",0.027083333333333334,0.010069444444444445
7D9BB102-A612-4E2A-8E22-3159752F55D8,0.03,m0_k3,0.0,3,dwell_only,12,0.03,0.01,77,0,8,0,8,0.004166666666666667,0.9916666666666667,0.004166666666666667,0.9916666666666667,True,58.0,"{""theta"": 0.9757510729613734, ""m"": 0.0, ""k"": 3}",0.029166666666666667,0.22708333333333333
7D9BB102-A612-4E2A-8E22-3159752F55D8,0.03,m0_k5,0.0,5,dwell_only,12,0.03,0.01,77,0,0,0,0,0.002777777777777778,1.0,0.002777777777777778,1.0,False,,null,,
7D9BB102-A612-4E2A-8E22-3159752F55D8,0.03,m0_k10,0.0,10,dwell_only,12,0.03,0.01,77,0,4,0,4,0.00625,1.0,0.00625,1.0,True,69.0,"{""theta"": 0.9850858369098713, ""m"": 0.0, ""k"": 10}",0.029861111111111113,0.6885416666666667
7D9BB102-A612-4E2A-8E22-3159752F55D8,0.03,m0.05_k1,0.05,1,margin_only,12,0.03,0.01,77,19,0,0,0,0.0,0.9951388888888889,0.043055555555555555,0.9951388888888889,False,,null,,
7D9BB102-A612-4E2A-8E22-3159752F55D8,0.03,m0.05_k2,0.05,2,hysteresis,12,0.03,0.01,77,19,2,2,0,0.014583333333333334,0.9986111111111111,0.059027777777777776,0.9986111111111111,False,,null,,
7D9BB102-A612-4E2A-8E22-3159752F55D8,0.03,m0.05_k3,0.05,3,hysteresis,12,0.03,0.01,77,19,0,0,0,0.03333333333333333,1.0,0.075,1.0,False,,null,,
7D9BB102-A612-4E2A-8E22-3159752F55D8,0.03,m0.05_k5,0.05,5,hysteresis,12,0.03,0.01,77,19,0,0,0,0.06666666666666667,1.0,0.10972222222222222,1.0,False,,null,,
7D9BB102-A612-4E2A-8E22-3159752F55D8,0.03,m0.05_k10,0.05,10,hysteresis,12,0.03,0.01,77,19,0,0,0,0.15625,1.0,0.18958333333333333,1.0,False,,null,,
7D9BB102-A612-4E2A-8E22-3159752F55D8,0.03,m0.1_k1,0.1,1,margin_only,12,0.03,0.01,77,60,0,0,0,0.043055555555555555,1.0,0.04722222222222222,1.0,False,,null,,
7D9BB102-A612-4E2A-8E22-3159752F55D8,0.03,m0.1_k2,0.1,2,hysteresis,12,0.03,0.01,77,60,0,0,0,0.06041666666666667,1.0,0.08333333333333333,1.0,False,,null,,
7D9BB102-A612-4E2A-8E22-3159752F55D8,0.03,m0.1_k3,0.1,3,hysteresis,12,0.03,0.01,77,60,0,0,0,0.0763888888888889,1.0,0.13958333333333334,1.0,False,,null,,
7D9BB102-A612-4E2A-8E22-3159752F55D8,0.03,m0.1_k5,0.1,5,hysteresis,12,0.03,0.01,77,60,0,0,0,0.11736111111111111,1.0,0.18263888888888888,1.0,False,,null,,
7D9BB102-A612-4E2A-8E22-3159752F55D8,0.03,m0.1_k10,0.1,10,hysteresis,12,0.03,0.01,77,60,0,0,0,0.24513888888888888,1.0,0.2673611111111111,1.0,False,,null,,
7D9BB102-A612-4E2A-8E22-3159752F55D8,0.03,m0.2_k1,0.2,1,margin_only,12,0.03,0.01,77,65,0,0,0,0.04722222222222222,1.0,0.16805555555555557,1.0,False,,null,,
7D9BB102-A612-4E2A-8E22-3159752F55D8,0.03,m0.2_k2,0.2,2,hysteresis,12,0.03,0.01,77,65,0,0,0,0.09305555555555556,1.0,0.22777777777777777,1.0,False,,null,,
7D9BB102-A612-4E2A-8E22-3159752F55D8,0.03,m0.2_k3,0.2,3,hysteresis,12,0.03,0.01,77,65,0,0,0,0.13958333333333334,1.0,0.26180555555555557,1.0,False,,null,,
7D9BB102-A612-4E2A-8E22-3159752F55D8,0.03,m0.2_k5,0.2,5,hysteresis,12,0.03,0.01,77,65,0,0,0,0.18263888888888888,1.0,0.3277777777777778,1.0,False,,null,,
7D9BB102-A612-4E2A-8E22-3159752F55D8,0.03,m0.2_k10,0.2,10,hysteresis,12,0.03,0.01,77,65,0,0,0,0.27361111111111114,1.0,0.41388888888888886,1.0,False,,null,,
7D9BB102-A612-4E2A-8E22-3159752F55D8,0.07,m0_k1,0.0,1,instantaneous,12,0.07,0.01,80,0,8,0,8,0.0,0.9708333333333333,0.0,0.9708333333333333,True,39.0,"{""theta"": 0.9463712446351927, ""m"": 0.0, ""k"": 1}",0.06041666666666667,0.0
7D9BB102-A612-4E2A-8E22-3159752F55D8,0.07,m0_k2,0.0,2,dwell_only,12,0.07,0.01,80,0,11,0,11,0.0020833333333333333,0.9861111111111112,0.0020833333333333333,0.9861111111111112,True,47.0,"{""theta"": 0.9544111918124794, ""m"": 0.0, ""k"": 2}",0.06111111111111111,0.007638888888888889
7D9BB102-A612-4E2A-8E22-3159752F55D8,0.07,m0_k3,0.0,3,dwell_only,12,0.07,0.01,80,0,0,0,0,0.004166666666666667,0.9916666666666667,0.004166666666666667,0.9916666666666667,False,,null,,
7D9BB102-A612-4E2A-8E22-3159752F55D8,0.07,m0_k5,0.0,5,dwell_only,12,0.07,0.01,80,0,5,0,5,0.002777777777777778,1.0,0.002777777777777778,1.0,True,53.0,"{""theta"": 0.9663312553648069, ""m"": 0.0, ""k"": 5}",0.06666666666666667,0.035069444444444445
7D9BB102-A612-4E2A-8E22-3159752F55D8,0.07,m0_k10,0.0,10,dwell_only,12,0.07,0.01,80,0,0,0,0,0.00625,1.0,0.00625,1.0,False,,null,,
7D9BB102-A612-4E2A-8E22-3159752F55D8,0.07,m0.05_k1,0.05,1,margin_only,12,0.07,0.01,80,19,4,0,4,0.0,0.9951388888888889,0.043055555555555555,0.9951388888888889,True,16.0,"{""theta"": 0.925736711786068, ""m"": 0.05, ""k"": 1}",0.06111111111111111,0.0
7D9BB102-A612-4E2A-8E22-3159752F55D8,0.07,m0.05_k2,0.05,2,hysteresis,12,0.07,0.01,80,19,28,0,28,0.014583333333333334,0.9986111111111111,0.059027777777777776,0.9986111111111111,True,32.0,"{""theta"": 0.9421954440409376, ""m"": 0.05, ""k"": 2}",0.06736111111111111,0.011458333333333333
7D9BB102-A612-4E2A-8E22-3159752F55D8,0.07,m0.05_k3,0.05,3,hysteresis,12,0.07,0.01,80,19,0,0,0,0.03333333333333333,1.0,0.075,1.0,False,,null,,
7D9BB102-A612-4E2A-8E22-3159752F55D8,0.07,m0.05_k5,0.05,5,hysteresis,12,0.07,0.01,80,19,3,3,0,0.06666666666666667,1.0,0.10972222222222222,1.0,False,,null,,
7D9BB102-A612-4E2A-8E22-3159752F55D8,0.07,m0.05_k10,0.05,10,hysteresis,12,0.07,0.01,80,19,0,0,0,0.15625,1.0,0.18958333333333333,1.0,False,,null,,
7D9BB102-A612-4E2A-8E22-3159752F55D8,0.07,m0.1_k1,0.1,1,margin_only,12,0.07,0.01,80,37,0,0,0,0.043055555555555555,1.0,0.04722222222222222,1.0,False,,null,,
7D9BB102-A612-4E2A-8E22-3159752F55D8,0.07,m0.1_k2,0.1,2,hysteresis,12,0.07,0.01,80,37,27,27,0,0.06041666666666667,1.0,0.08333333333333333,1.0,False,,null,,
7D9BB102-A612-4E2A-8E22-3159752F55D8,0.07,m0.1_k3,0.1,3,hysteresis,12,0.07,0.01,80,37,0,0,0,0.0763888888888889,1.0,0.13958333333333334,1.0,False,,null,,
7D9BB102-A612-4E2A-8E22-3159752F55D8,0.07,m0.1_k5,0.1,5,hysteresis,12,0.07,0.01,80,37,0,0,0,0.11736111111111111,1.0,0.18263888888888888,1.0,False,,null,,
7D9BB102-A612-4E2A-8E22-3159752F55D8,0.07,m0.1_k10,0.1,10,hysteresis,12,0.07,0.01,80,37,0,0,0,0.24513888888888888,1.0,0.2673611111111111,1.0,False,,null,,
7D9BB102-A612-4E2A-8E22-3159752F55D8,0.07,m0.2_k1,0.2,1,margin_only,12,0.07,0.01,80,68,2,2,0,0.04722222222222222,1.0,0.16805555555555557,1.0,False,,null,,
7D9BB102-A612-4E2A-8E22-3159752F55D8,0.07,m0.2_k2,0.2,2,hysteresis,12,0.07,0.01,80,68,0,0,0,0.09305555555555556,1.0,0.22777777777777777,1.0,False,,null,,
7D9BB102-A612-4E2A-8E22-3159752F55D8,0.07,m0.2_k3,0.2,3,hysteresis,12,0.07,0.01,80,68,0,0,0,0.13958333333333334,1.0,0.26180555555555557,1.0,False,,null,,
7D9BB102-A612-4E2A-8E22-3159752F55D8,0.07,m0.2_k5,0.2,5,hysteresis,12,0.07,0.01,80,68,0,0,0,0.18263888888888888,1.0,0.3277777777777778,1.0,False,,null,,
7D9BB102-A612-4E2A-8E22-3159752F55D8,0.07,m0.2_k10,0.2,10,hysteresis,12,0.07,0.01,80,68,0,0,0,0.27361111111111114,1.0,0.41388888888888886,1.0,False,,null,,
8023FE1A-D3B0-4E2C-A57A-9321B7FC755F,0.05,m0_k1,0.0,1,instantaneous,12,0.05,0.01,80,0,7,0,7,0.0,0.9694444444444444,0.0,0.9694444444444444,True,39.0,"{""theta"": 0.8032847388817125, ""m"": 0.0, ""k"": 1}",0.04097222222222222,0.0020833333333333333
8023FE1A-D3B0-4E2C-A57A-9321B7FC755F,0.05,m0_k2,0.0,2,dwell_only,12,0.05,0.01,80,0,8,0,8,0.0,0.9701388888888889,0.0,0.9701388888888889,True,45.0,"{""theta"": 0.8100926937981744, ""m"": 0.0, ""k"": 2}",0.04027777777777778,0.00798611111111111
8023FE1A-D3B0-4E2C-A57A-9321B7FC755F,0.05,m0_k3,0.0,3,dwell_only,12,0.05,0.01,80,0,1,0,1,0.0,0.9916666666666667,0.0,0.9916666666666667,True,52.0,"{""theta"": 0.8142849234176047, ""m"": 0.0, ""k"": 3}",0.04652777777777778,0.016666666666666666
8023FE1A-D3B0-4E2C-A57A-9321B7FC755F,0.05,m0_k5,0.0,5,dwell_only,12,0.05,0.01,80,0,3,0,3,0.0,0.9888888888888889,0.0,0.9888888888888889,True,60.0,"{""theta"": 0.869433419450083, ""m"": 0.0, ""k"": 5}",0.049305555555555554,0.246875
8023FE1A-D3B0-4E2C-A57A-9321B7FC755F,0.05,m0_k10,0.0,10,dwell_only,12,0.05,0.01,80,0,0,0,0,0.0,1.0,0.0,1.0,False,,null,,
8023FE1A-D3B0-4E2C-A57A-9321B7FC755F,0.05,m0.05_k1,0.05,1,margin_only,12,0.05,0.01,80,3,1,0,1,0.0,1.0,0.0,1.0,True,24.0,"{""theta"": 0.788950558575951, ""m"": 0.05, ""k"": 1}",0.04097222222222222,0.0006944444444444445
8023FE1A-D3B0-4E2C-A57A-9321B7FC755F,0.05,m0.05_k2,0.05,2,hysteresis,12,0.05,0.01,80,3,13,0,13,0.0,1.0,0.0,1.0,True,32.0,"{""theta"": 0.7981124817238492, ""m"": 0.05, ""k"": 2}",0.04236111111111111,0.008333333333333333
8023FE1A-D3B0-4E2C-A57A-9321B7FC755F,0.05,m0.05_k3,0.05,3,hysteresis,12,0.05,0.01,80,3,3,0,3,0.0006944444444444445,1.0,0.0020833333333333333,1.0,True,54.0,"{""theta"": 0.836593467429415, ""m"": 0.05, ""k"": 3}",0.04375,0.033680555555555554
8023FE1A-D3B0-4E2C-A57A-9321B7FC755F,0.05,m0.05_k5,0.05,5,hysteresis,12,0.05,0.01,80,3,6,0,6,0.004861111111111111,1.0,0.004861111111111111,1.0,True,60.0,"{""theta"": 0.869433419450083, ""m"": 0.05, ""k"": 5}",0.04375,0.30486111111111114
8023FE1A-D3B0-4E2C-A57A-9321B7FC755F,0.05,m0.05_k10,0.05,10,hysteresis,12,0.05,0.01,80,3,0,0,0,0.011805555555555555,1.0,0.02361111111111111,1.0,False,,null,,
8023FE1A-D3B0-4E2C-A57A-9321B7FC755F,0.05,m0.1_k1,0.1,1,margin_only,12,0.05,0.01,80,6,1,0,1,0.0,1.0,0.0,1.0,True,17.0,"{""theta"": 0.780194330489588, ""m"": 0.1, ""k"": 1}",0.049305555555555554,0.0
8023FE1A-D3B0-4E2C-A57A-9321B7FC755F,0.05,m0.1_k2,0.1,2,hysteresis,12,0.05,0.01,80,6,7,0,7,0.0,1.0,0.0006944444444444445,1.0,True,46.0,"{""theta"": 0.810908058540463, ""m"": 0.1, ""k"": 2}",0.04583333333333333,0.01597222222222222
8023FE1A-D3B0-4E2C-A57A-9321B7FC755F,0.05,m0.1_k3,0.1,3,hysteresis,12,0.05,0.01,80,6,2,0,2,0.0020833333333333333,1.0,0.009027777777777777,1.0,True,59.0,"{""theta"": 0.8652962354677984, ""m"": 0.1, ""k"": 3}",0.04375,0.1795138888888889
8023FE1A-D3B0-4E2C-A57A-9321B7FC755F,0.05,m0.1_k5,0.1,5,hysteresis,12,0.05,0.01,80,6,0,0,0,0.004861111111111111,1.0,0.025,1.0,False,,null,,
8023FE1A-D3B0-4E2C-A57A-9321B7FC755F,0.05,m0.1_k10,0.1,10,hysteresis,12,0.05,0.01,80,6,0,0,0,0.017361111111111112,1.0,0.07708333333333334,1.0,False,,null,,
8023FE1A-D3B0-4E2C-A57A-9321B7FC755F,0.05,m0.2_k1,0.2,1,margin_only,12,0.05,0.01,80,14,0,0,0,0.0,1.0,0.004861111111111111,1.0,False,,null,,
8023FE1A-D3B0-4E2C-A57A-9321B7FC755F,0.05,m0.2_k2,0.2,2,hysteresis,12,0.05,0.01,80,14,3,0,3,0.002777777777777778,1.0,0.021527777777777778,1.0,True,59.0,"{""theta"": 0.8652962354677984, ""m"": 0.2, ""k"": 2}",0.04513888888888889,0.4201388888888889
8023FE1A-D3B0-4E2C-A57A-9321B7FC755F,0.05,m0.2_k3,0.2,3,hysteresis,12,0.05,0.01,80,14,2,2,0,0.009722222222222222,1.0,0.052083333333333336,1.0,False,,null,,
8023FE1A-D3B0-4E2C-A57A-9321B7FC755F,0.05,m0.2_k5,0.2,5,hysteresis,12,0.05,0.01,80,14,0,0,0,0.025694444444444443,1.0,0.08541666666666667,1.0,False,,null,,
8023FE1A-D3B0-4E2C-A57A-9321B7FC755F,0.05,m0.2_k10,0.2,10,hysteresis,12,0.05,0.01,80,14,0,0,0,0.07777777777777778,1.0,0.21666666666666667,1.0,False,,null,,
8023FE1A-D3B0-4E2C-A57A-9321B7FC755F,0.03,m0_k1,0.0,1,instantaneous,12,0.03,0.01,80,0,7,0,7,0.0,0.9694444444444444,0.0,0.9694444444444444,True,39.0,"{""theta"": 0.8142760718459741, ""m"": 0.0, ""k"": 1}",0.02013888888888889,0.0020833333333333333
8023FE1A-D3B0-4E2C-A57A-9321B7FC755F,0.03,m0_k2,0.0,2,dwell_only,12,0.03,0.01,80,0,9,0,9,0.0,0.9701388888888889,0.0,0.9701388888888889,True,46.0,"{""theta"": 0.826110043011058, ""m"": 0.0, ""k"": 2}",0.02013888888888889,0.008333333333333333
8023FE1A-D3B0-4E2C-A57A-9321B7FC755F,0.03,m0_k3,0.0,3,dwell_only,12,0.03,0.01,80,0,6,0,6,0.0,0.9916666666666667,0.0,0.9916666666666667,True,56.0,"{""theta"": 0.845069191732792, ""m"": 0.0, ""k"": 3}",0.029861111111111113,0.1329861111111111
8023FE1A-D3B0-4E2C-A57A-9321B7FC755F,0.03,m0_k5,0.0,5,dwell_only,12,0.03,0.01,80,0,3,0,3,0.0,0.9888888888888889,0.0,0.9888888888888889,True,67.0,"{""theta"": 0.912495986344344, ""m"": 0.0, ""k"": 5}",0.027083333333333334,0.5274305555555555
8023FE1A-D3B0-4E2C-A57A-9321B7FC755F,0.03,m0_k10,0.0,10,dwell_only,12,0.03,0.01,80,0,2,0,2,0.0,1.0,0.0,1.0,True,72.0,"{""theta"": 0.9399335670787968, ""m"": 0.0, ""k"": 10}",0.029166666666666667,0.703125
8023FE1A-D3B0-4E2C-A57A-9321B7FC755F,0.03,m0.05_k1,0.05,1,margin_only,12,0.03,0.01,80,3,6,0,6,0.0,1.0,0.0,1.0,True,27.0,"{""theta"": 0.8043195541802111, ""m"": 0.05, ""k"": 1}",0.022916666666666665,0.0020833333333333333
8023FE1A-D3B0-4E2C-A57A-9321B7FC755F,0.03,m0.05_k2,0.05,2,hysteresis,12,0.03,0.01,80,3,31,0,31,0.0,1.0,0.0,1.0,True,27.0,"{""theta"": 0.8043195541802111, ""m"": 0.05, ""k"": 2}",0.027777777777777776,0.008333333333333333
8023FE1A-D3B0-4E2C-A57A-9321B7FC755F,0.03,m0.05_k3,0.05,3,hysteresis,12,0.03,0.01,80,3,4,0,4,0.0006944444444444445,1.0,0.0020833333333333333,1.0,True,59.0,"{""theta"": 0.8652962354677984, ""m"": 0.05, ""k"": 3}",0.025,0.21180555555555555
8023FE1A-D3B0-4E2C-A57A-9321B7FC755F,0.03,m0.05_k5,0.05,5,hysteresis,12,0.03,0.01,80,3,5,0,5,0.004861111111111111,1.0,0.004861111111111111,1.0,True,68.0,"{""theta"": 0.9178815279571877, ""m"": 0.05, ""k"": 5}",0.027777777777777776,0.5836805555555555
8023FE1A-D3B0-4E2C-A57A-9321B7FC755F,0.03,m0.05_k10,0.05,10,hysteresis,12,0.03,0.01,80,3,1,0,1,0.011805555555555555,1.0,0.02361111111111111,1.0,True,76.0,"{""theta"": 0.9648604355047057, ""m"": 0.05, ""k"": 10}",0.02361111111111111,0.7458333333333333
8023FE1A-D3B0-4E2C-A57A-9321B7FC755F,0.03,m0.1_k1,0.1,1,margin_only,12,0.03,0.01,80,6,16,0,16,0.0,1.0,0.0,1.0,True,15.0,"{""theta"": 0.7956264993541243, ""m"": 0.1, ""k"": 1}",0.029861111111111113,0.006944444444444444
8023FE1A-D3B0-4E2C-A57A-9321B7FC755F,0.03,m0.1_k2,0.1,2,hysteresis,12,0.03,0.01,80,6,15,0,15,0.0,1.0,0.0006944444444444445,1.0,True,47.0,"{""theta"": 0.8290373093720573, ""m"": 0.1, ""k"": 2}",0.027777777777777776,0.059027777777777776
8023FE1A-D3B0-4E2C-A57A-9321B7FC755F,0.03,m0.1_k3,0.1,3,hysteresis,12,0.03,0.01,80,6,2,0,2,0.0020833333333333333,1.0,0.009027777777777777,1.0,True,64.0,"{""theta"": 0.8929672356523344, ""m"": 0.1, ""k"": 3}",0.022222222222222223,0.45902777777777776
8023FE1A-D3B0-4E2C-A57A-9321B7FC755F,0.03,m0.1_k5,0.1,5,hysteresis,12,0.03,0.01,80,6,4,3,1,0.004861111111111111,1.0,0.025,1.0,True,73.0,"{""theta"": 0.9491603616903488, ""m"": 0.1, ""k"": 5}",0.025,0.7309027777777778
8023FE1A-D3B0-4E2C-A57A-9321B7FC755F,0.03,m0.1_k10,0.1,10,hysteresis,12,0.03,0.01,80,6,0,0,0,0.017361111111111112,1.0,0.07708333333333334,1.0,False,,null,,
8023FE1A-D3B0-4E2C-A57A-9321B7FC755F,0.03,m0.2_k1,0.2,1,margin_only,12,0.03,0.01,80,14,1,0,1,0.0,1.0,0.004861111111111111,1.0,True,57.0,"{""theta"": 0.8515654917881528, ""m"": 0.2, ""k"": 1}",0.029861111111111113,0.13229166666666667
8023FE1A-D3B0-4E2C-A57A-9321B7FC755F,0.03,m0.2_k2,0.2,2,hysteresis,12,0.03,0.01,80,14,8,4,4,0.002777777777777778,1.0,0.021527777777777778,1.0,True,62.0,"{""theta"": 0.8802115888540322, ""m"": 0.2, ""k"": 2}",0.027777777777777776,0.4534722222222222
8023FE1A-D3B0-4E2C-A57A-9321B7FC755F,0.03,m0.2_k3,0.2,3,hysteresis,12,0.03,0.01,80,14,0,0,0,0.009722222222222222,1.0,0.052083333333333336,1.0,False,,null,,
8023FE1A-D3B0-4E2C-A57A-9321B7FC755F,0.03,m0.2_k5,0.2,5,hysteresis,12,0.03,0.01,80,14,1,1,0,0.025694444444444443,1.0,0.08541666666666667,1.0,False,,null,,
8023FE1A-D3B0-4E2C-A57A-9321B7FC755F,0.03,m0.2_k10,0.2,10,hysteresis,12,0.03,0.01,80,14,0,0,0,0.07777777777777778,1.0,0.21666666666666667,1.0,False,,null,,
8023FE1A-D3B0-4E2C-A57A-9321B7FC755F,0.07,m0_k1,0.0,1,instantaneous,12,0.07,0.01,79,0,8,0,8,0.0,0.9694444444444444,0.0,0.9694444444444444,True,38.0,"{""theta"": 0.7929396567632402, ""m"": 0.0, ""k"": 1}",0.06041666666666667,0.0020833333333333333
8023FE1A-D3B0-4E2C-A57A-9321B7FC755F,0.07,m0_k2,0.0,2,dwell_only,12,0.07,0.01,79,0,3,0,3,0.0,0.9701388888888889,0.0,0.9701388888888889,True,42.0,"{""theta"": 0.796890570215907, ""m"": 0.0, ""k"": 2}",0.06041666666666667,0.007638888888888889
8023FE1A-D3B0-4E2C-A57A-9321B7FC755F,0.07,m0_k3,0.0,3,dwell_only,12,0.07,0.01,79,0,8,0,8,0.0,0.9916666666666667,0.0,0.9916666666666667,True,48.0,"{""theta"": 0.8006640453106592, ""m"": 0.0, ""k"": 3}",0.06597222222222222,0.015277777777777777
8023FE1A-D3B0-4E2C-A57A-9321B7FC755F,0.07,m0_k5,0.0,5,dwell_only,12,0.07,0.01,79,0,4,0,4,0.0,0.9888888888888889,0.0,0.9888888888888889,True,52.0,"{""theta"": 0.8312610536999446, ""m"": 0.0, ""k"": 5}",0.06666666666666667,0.03333333333333333
8023FE1A-D3B0-4E2C-A57A-9321B7FC755F,0.07,m0_k10,0.0,10,dwell_only,12,0.07,0.01,79,0,2,0,2,0.0,1.0,0.0,1.0,True,67.0,"{""theta"": 0.9178815279571877, ""m"": 0.0, ""k"": 10}",0.06458333333333334,0.5694444444444444
8023FE1A-D3B0-4E2C-A57A-9321B7FC755F,0.07,m0.05_k1,0.05,1,margin_only,12,0.07,0.01,79,3,2,0,2,0.0,1.0,0.0,1.0,True,34.0,"{""theta"": 0.7848513066560678, ""m"": 0.05, ""k"": 1}",0.06111111111111111,0.0006944444444444445
8023FE1A-D3B0-4E2C-A57A-9321B7FC755F,0.07,m0.05_k2,0.05,2,hysteresis,12,0.07,0.01,79,3,1,0,1,0.0,1.0,0.0,1.0,True,35.0,"{""theta"": 0.7865893508595114, ""m"": 0.05, ""k"": 2}",0.06944444444444445,0.007638888888888889
8023FE1A-D3B0-4E2C-A57A-9321B7FC755F,0.07,m0.05_k3,0.05,3,hysteresis,12,0.07,0.01,79,3,13,0,13,0.0006944444444444445,1.0,0.0020833333333333333,1.0,True,44.0,"{""theta"": 0.7981124817238492, ""m"": 0.05, ""k"": 3}",0.06527777777777778,0.016666666666666666
8023FE1A-D3B0-4E2C-A57A-9321B7FC755F,0.07,m0.05_k5,0.05,5,hysteresis,12,0.07,0.01,79,3,2,0,2,0.004861111111111111,1.0,0.004861111111111111,1.0,True,57.0,"{""theta"": 0.8589223103893707, ""m"": 0.05, ""k"": 5}",0.06666666666666667,0.13854166666666667
8023FE1A-D3B0-4E2C-A57A-9321B7FC755F,0.07,m0.05_k10,0.05,10,hysteresis,12,0.07,0.01,79,3,0,0,0,0.011805555555555555,1.0,0.02361111111111111,1.0,False,,null,,
8023FE1A-D3B0-4E2C-A57A-9321B7FC755F,0.07,m0.1_k1,0.1,1,margin_only,12,0.07,0.01,79,6,8,0,8,0.0,1.0,0.0,1.0,True,20.0,"{""theta"": 0.7760656947776342, ""m"": 0.1, ""k"": 1}",0.06180555555555556,0.0
8023FE1A-D3B0-4E2C-A57A-9321B7FC755F,0.07,m0.1_k2,0.1,2,hysteresis,12,0.07,0.01,79,6,0,0,0,0.0,1.0,0.0006944444444444445,1.0,False,,null,,
8023FE1A-D3B0-4E2C-A57A-9321B7FC755F,0.07,m0.1_k3,0.1,3,hysteresis,12,0.07,0.01,79,6,0,0,0,0.0020833333333333333,1.0,0.009027777777777777,1.0,False,,null,,
8023FE1A-D3B0-4E2C-A57A-9321B7FC755F,0.07,m0.1_k5,0.1,5,hysteresis,12,0.07,0.01,79,6,1,0,1,0.004861111111111111,1.0,0.025,1.0,True,62.0,"{""theta"": 0.8862465491788153, ""m"": 0.1, ""k"": 5}",0.06388888888888888,0.35347222222222224
8023FE1A-D3B0-4E2C-A57A-9321B7FC755F,0.07,m0.1_k10,0.1,10,hysteresis,12,0.07,0.01,79,6,0,0,0,0.017361111111111112,1.0,0.07708333333333334,1.0,False,,null,,
8023FE1A-D3B0-4E2C-A57A-9321B7FC755F,0.07,m0.2_k1,0.2,1,margin_only,12,0.07,0.01,79,14,1,0,1,0.0,1.0,0.004861111111111111,1.0,True,43.0,"{""theta"": 0.7975391429017559, ""m"": 0.2, ""k"": 1}",0.06736111111111111,0.050694444444444445
8023FE1A-D3B0-4E2C-A57A-9321B7FC755F,0.07,m0.2_k2,0.2,2,hysteresis,12,0.07,0.01,79,14,0,0,0,0.002777777777777778,1.0,0.021527777777777778,1.0,False,,null,,
8023FE1A-D3B0-4E2C-A57A-9321B7FC755F,0.07,m0.2_k3,0.2,3,hysteresis,12,0.07,0.01,79,14,2,0,2,0.009722222222222222,1.0,0.052083333333333336,1.0,True,60.0,"{""theta"": 0.8750070400442886, ""m"": 0.2, ""k"": 3}",0.06527777777777778,0.4621527777777778
8023FE1A-D3B0-4E2C-A57A-9321B7FC755F,0.07,m0.2_k5,0.2,5,hysteresis,12,0.07,0.01,79,14,0,0,0,0.025694444444444443,1.0,0.08541666666666667,1.0,False,,null,,
8023FE1A-D3B0-4E2C-A57A-9321B7FC755F,0.07,m0.2_k10,0.2,10,hysteresis,12,0.07,0.01,79,14,0,0,0,0.07777777777777778,1.0,0.21666666666666667,1.0,False,,null,,
83CF687B-7CEC-434B-9FE8-00C3D5799BE6,0.05,m0_k1,0.0,1,instantaneous,12,0.05,0.01,72,0,3,0,3,0.0,0.9694444444444444,0.0,0.9694444444444444,True,35.0,"{""theta"": 0.8235240190685735, ""m"": 0.0, ""k"": 1}",0.04722222222222222,0.0
83CF687B-7CEC-434B-9FE8-00C3D5799BE6,0.05,m0_k2,0.0,2,dwell_only,12,0.05,0.01,72,0,4,0,4,0.0,0.9743055555555555,0.0,0.9743055555555555,True,40.0,"{""theta"": 0.823884939776029, ""m"": 0.0, ""k"": 2}",0.043055555555555555,0.007638888888888889
83CF687B-7CEC-434B-9FE8-00C3D5799BE6,0.05,m0_k3,0.0,3,dwell_only,12,0.05,0.01,72,0,3,0,3,0.0,0.9743055555555555,0.0,0.9743055555555555,True,44.0,"{""theta"": 0.8240740740740741, ""m"": 0.0, ""k"": 3}",0.04652777777777778,0.015277777777777777
83CF687B-7CEC-434B-9FE8-00C3D5799BE6,0.05,m0_k5,0.0,5,dwell_only,12,0.05,0.01,72,0,4,0,4,0.0,0.9861111111111112,0.0,0.9861111111111112,True,51.0,"{""theta"": 0.868995232856619, ""m"": 0.0, ""k"": 5}",0.05,0.24305555555555555
83CF687B-7CEC-434B-9FE8-00C3D5799BE6,0.05,m0_k10,0.0,10,dwell_only,12,0.05,0.01,72,0,0,0,0,0.0,0.9840277777777777,0.0,0.9840277777777777,False,,null,,
83CF687B-7CEC-434B-9FE8-00C3D5799BE6,0.05,m0.05_k1,0.05,1,margin_only,12,0.05,0.01,72,4,0,0,0,0.0,1.0,0.0,1.0,False,,null,,
83CF687B-7CEC-434B-9FE8-00C3D5799BE6,0.05,m0.05_k2,0.05,2,hysteresis,12,0.05,0.01,72,4,0,0,0,0.002777777777777778,1.0,0.002777777777777778,1.0,False,,null,,
83CF687B-7CEC-434B-9FE8-00C3D5799BE6,0.05,m0.05_k3,0.05,3,hysteresis,12,0.05,0.01,72,4,29,0,29,0.005555555555555556,1.0,0.006944444444444444,1.0,True,18.0,"{""theta"": 0.8088090603932188, ""m"": 0.05, ""k"": 3}",0.04861111111111111,0.01875
83CF687B-7CEC-434B-9FE8-00C3D5799BE6,0.05,m0.05_k5,0.05,5,hysteresis,12,0.05,0.01,72,4,2,0,2,0.013888888888888888,1.0,0.016666666666666666,1.0,True,53.0,"{""theta"": 0.8819195911257791, ""m"": 0.05, ""k"": 5}",0.043055555555555555,0.34270833333333334
83CF687B-7CEC-434B-9FE8-00C3D5799BE6,0.05,m0.05_k10,0.05,10,hysteresis,12,0.05,0.01,72,4,1,1,0,0.03263888888888889,1.0,0.05486111111111111,1.0,False,,null,,
83CF687B-7CEC-434B-9FE8-00C3D5799BE6,0.05,m0.1_k1,0.1,1,margin_only,12,0.05,0.01,72,8,0,0,0,0.0,1.0,0.0,1.0,False,,null,,
83CF687B-7CEC-434B-9FE8-00C3D5799BE6,0.05,m0.1_k2,0.1,2,hysteresis,12,0.05,0.01,72,8,5,0,5,0.002777777777777778,1.0,0.004861111111111111,1.0,True,12.0,"{""theta"": 0.7966886688668867, ""m"": 0.1, ""k"": 2}",0.04791666666666667,0.015277777777777777
83CF687B-7CEC-434B-9FE8-00C3D5799BE6,0.05,m0.1_k3,0.1,3,hysteresis,12,0.05,0.01,72,8,4,0,4,0.006944444444444444,1.0,0.011111111111111112,1.0,True,46.0,"{""theta"": 0.8331709204253759, ""m"": 0.1, ""k"": 3}",0.04861111111111111,0.06319444444444444
83CF687B-7CEC-434B-9FE8-00C3D5799BE6,0.05,m0.1_k5,0.1,5,hysteresis,12,0.05,0.01,72,8,1,0,1,0.016666666666666666,1.0,0.02847222222222222,1.0,True,57.0,"{""theta"": 0.9074074074074074, ""m"": 0.1, ""k"": 5}",0.04027777777777778,0.5461805555555556
83CF687B-7CEC-434B-9FE8-00C3D5799BE6,0.05,m0.1_k10,0.1,10,hysteresis,12,0.05,0.01,72,8,0,0,0,0.05555555555555555,1.0,0.08125,1.0,False,,null,,
83CF687B-7CEC-434B-9FE8-00C3D5799BE6,0.05,m0.2_k1,0.2,1,margin_only,12,0.05,0.01,72,15,2,0,2,0.0,1.0,0.00625,1.0,True,11.0,"{""theta"": 0.7474189952328566, ""m"": 0.2, ""k"": 1}",0.04722222222222222,0.0024305555555555556
83CF687B-7CEC-434B-9FE8-00C3D5799BE6,0.05,m0.2_k2,0.2,2,hysteresis,12,0.05,0.01,72,15,2,0,2,0.004861111111111111,1.0,0.024305555555555556,1.0,True,47.0,"{""theta"": 0.8403045654565457, ""m"": 0.2, ""k"": 2}",0.04861111111111111,0.20694444444444443
83CF687B-7CEC-434B-9FE8-00C3D5799BE6,0.05,m0.2_k3,0.2,3,hysteresis,12,0.05,0.01,72,15,4,1,3,0.011111111111111112,1.0,0.04097222222222222,1.0,True,54.0,"{""theta"": 0.887831536486982, ""m"": 0.2, ""k"": 3}",0.04513888888888889,0.4864583333333333
83CF687B-7CEC-434B-9FE8-00C3D5799BE6,0.05,m0.2_k5,0.2,5,hysteresis,12,0.05,0.01,72,15,2,2,0,0.02847222222222222,1.0,0.11319444444444444,1.0,False,,null,,
83CF687B-7CEC-434B-9FE8-00C3D5799BE6,0.05,m0.2_k10,0.2,10,hysteresis,12,0.05,0.01,72,15,0,0,0,0.0875,1.0,0.23472222222222222,1.0,False,,null,,
83CF687B-7CEC-434B-9FE8-00C3D5799BE6,0.03,m0_k1,0.0,1,instantaneous,12,0.03,0.01,65,0,5,0,5,0.0,0.9694444444444444,0.0,0.9694444444444444,True,31.0,"{""theta"": 0.8240740740740741, ""m"": 0.0, ""k"": 1}",0.020833333333333332,0.0
83CF687B-7CEC-434B-9FE8-00C3D5799BE6,0.03,m0_k2,0.0,2,dwell_only,12,0.03,0.01,65,0,3,0,3,0.0,0.9743055555555555,0.0,0.9743055555555555,True,33.0,"{""theta"": 0.8242894845467452, ""m"": 0.0, ""k"": 2}",0.027083333333333334,0.007638888888888889
83CF687B-7CEC-434B-9FE8-00C3D5799BE6,0.03,m0_k3,0.0,3,dwell_only,12,0.03,0.01,65,0,7,0,7,0.0,0.9743055555555555,0.0,0.9743055555555555,True,41.0,"{""theta"": 0.84835532636597, ""m"": 0.0, ""k"": 3}",0.029861111111111113,0.12118055555555556
83CF687B-7CEC-434B-9FE8-00C3D5799BE6,0.03,m0_k5,0.0,5,dwell_only,12,0.03,0.01,65,0,5,0,5,0.0,0.9861111111111112,0.0,0.9861111111111112,True,51.0,"{""theta"": 0.9140997433076641, ""m"": 0.0, ""k"": 5}",0.029861111111111113,0.5090277777777777
83CF687B-7CEC-434B-9FE8-00C3D5799BE6,0.03,m0_k10,0.0,10,dwell_only,12,0.03,0.01,65,0,1,0,1,0.0,0.9840277777777777,0.0,0.9840277777777777,True,62.0,"{""theta"": 0.9843234323432343, ""m"": 0.0, ""k"": 10}",0.02638888888888889,0.8090277777777778
83CF687B-7CEC-434B-9FE8-00C3D5799BE6,0.03,m0.05_k1,0.05,1,margin_only,12,0.03,0.01,65,4,0,0,0,0.0,1.0,0.0,1.0,False,,null,,
83CF687B-7CEC-434B-9FE8-00C3D5799BE6,0.03,m0.05_k2,0.05,2,hysteresis,12,0.03,0.01,65,4,29,0,29,0.002777777777777778,1.0,0.002777777777777778,1.0,True,12.0,"{""theta"": 0.8134252383571691, ""m"": 0.05, ""k"": 2}",0.024305555555555556,0.010069444444444445
83CF687B-7CEC-434B-9FE8-00C3D5799BE6,0.03,m0.05_k3,0.05,3,hysteresis,12,0.03,0.01,65,4,6,0,6,0.005555555555555556,1.0,0.006944444444444444,1.0,True,43.0,"{""theta"": 0.8625480106343968, ""m"": 0.05, ""k"": 3}",0.027777777777777776,0.16319444444444445
83CF687B-7CEC-434B-9FE8-00C3D5799BE6,0.03,m0.05_k5,0.05,5,hysteresis,12,0.03,0.01,65,4,7,0,7,0.013888888888888888,1.0,0.016666666666666666,1.0,True,52.0,"{""theta"": 0.9200248899889989, ""m"": 0.05, ""k"": 5}",0.02847222222222222,0.5815972222222222
83CF687B-7CEC-434B-9FE8-00C3D5799BE6,0.03,m0.05_k10,0.05,10,hysteresis,12,0.03,0.01,65,4,0,0,0,0.03263888888888889,1.0,0.05486111111111111,1.0,False,,null,,
83CF687B-7CEC-434B-9FE8-00C3D5799BE6,0.03,m0.1_k1,0.1,1,margin_only,12,0.03,0.01,65,8,0,0,0,0.0,1.0,0.0,1.0,False,,null,,
83CF687B-7CEC-434B-9FE8-00C3D5799BE6,0.03,m0.1_k2,0.1,2,hysteresis,12,0.03,0.01,65,8,24,0,24,0.002777777777777778,1.0,0.004861111111111111,1.0,True,20.0,"{""theta"": 0.8227470094872735, ""m"": 0.1, ""k"": 2}",0.025694444444444443,0.041666666666666664
83CF687B-7CEC-434B-9FE8-00C3D5799BE6,0.03,m0.1_k3,0.1,3,hysteresis,12,0.03,0.01,65,8,4,0,4,0.006944444444444444,1.0,0.011111111111111112,1.0,True,46.0,"{""theta"": 0.8819195911257791, ""m"": 0.1, ""k"": 3}",0.027083333333333334,0.2809027777777778
83CF687B-7CEC-434B-9FE8-00C3D5799BE6,0.03,m0.1_k5,0.1,5,hysteresis,12,0.03,0.01,65,8,7,6,1,0.016666666666666666,1.0,0.02847222222222222,1.0,True,56.0,"{""theta"": 0.9455162266226622, ""m"": 0.1, ""k"": 5}",0.02847222222222222,0.6854166666666667
83CF687B-7CEC-434B-9FE8-00C3D5799BE6,0.03,m0.1_k10,0.1,10,hysteresis,12,0.03,0.01,65,8,0,0,0,0.05555555555555555,1.0,0.08125,1.0,False,,null,,
83CF687B-7CEC-434B-9FE8-00C3D5799BE6,0.03,m0.2_k1,0.2,1,margin_only,12,0.03,0.01,65,15,0,0,0,0.0,1.0,0.00625,1.0,False,,null,,
83CF687B-7CEC-434B-9FE8-00C3D5799BE6,0.03,m0.2_k2,0.2,2,hysteresis,12,0.03,0.01,65,15,7,2,5,0.004861111111111111,1.0,0.024305555555555556,1.0,True,45.0,"{""theta"": 0.8755958929226256, ""m"": 0.2, ""k"": 2}",0.025694444444444443,0.421875
83CF687B-7CEC-434B-9FE8-00C3D5799BE6,0.03,m0.2_k3,0.2,3,hysteresis,12,0.03,0.01,65,15,3,3,0,0.011111111111111112,1.0,0.04097222222222222,1.0,False,,null,,
83CF687B-7CEC-434B-9FE8-00C3D5799BE6,0.03,m0.2_k5,0.2,5,hysteresis,12,0.03,0.01,65,15,1,1,0,0.02847222222222222,1.0,0.11319444444444444,1.0,False,,null,,
83CF687B-7CEC-434B-9FE8-00C3D5799BE6,0.03,m0.2_k10,0.2,10,hysteresis,12,0.03,0.01,65,15,0,0,0,0.0875,1.0,0.23472222222222222,1.0,False,,null,,
83CF687B-7CEC-434B-9FE8-00C3D5799BE6,0.07,m0_k1,0.0,1,instantaneous,12,0.07,0.01,76,0,8,0,8,0.0,0.9694444444444444,0.0,0.9694444444444444,True,39.0,"{""theta"": 0.8168903557022369, ""m"": 0.0, ""k"": 1}",0.06041666666666667,0.0
83CF687B-7CEC-434B-9FE8-00C3D5799BE6,0.07,m0_k2,0.0,2,dwell_only,12,0.07,0.01,76,0,9,0,9,0.0,0.9743055555555555,0.0,0.9743055555555555,True,48.0,"{""theta"": 0.8235240190685735, ""m"": 0.0, ""k"": 2}",0.0625,0.007638888888888889
83CF687B-7CEC-434B-9FE8-00C3D5799BE6,0.07,m0_k3,0.0,3,dwell_only,12,0.07,0.01,76,0,0,0,0,0.0,0.9743055555555555,0.0,0.9743055555555555,False,,null,,
83CF687B-7CEC-434B-9FE8-00C3D5799BE6,0.07,m0_k5,0.0,5,dwell_only,12,0.07,0.01,76,0,4,0,4,0.0,0.9861111111111112,0.0,0.9861111111111112,True,49.0,"{""theta"": 0.8257432434910158, ""m"": 0.0, ""k"": 5}",0.06666666666666667,0.03333333333333333
83CF687B-7CEC-434B-9FE8-00C3D5799BE6,0.07,m0_k10,0.0,10,dwell_only,12,0.07,0.01,76,0,4,0,4,0.0,0.9840277777777777,0.0,0.9840277777777777,True,63.0,"{""theta"": 0.9200248899889989, ""m"": 0.0, ""k"": 10}",0.06736111111111111,0.5295138888888888
83CF687B-7CEC-434B-9FE8-00C3D5799BE6,0.07,m0.05_k1,0.05,1,margin_only,12,0.07,0.01,76,4,2,0,2,0.0,1.0,0.0,1.0,True,24.0,"{""theta"": 0.7954705085893203, ""m"": 0.05, ""k"": 1}",0.06597222222222222,0.0
83CF687B-7CEC-434B-9FE8-00C3D5799BE6,0.07,m0.05_k2,0.05,2,hysteresis,12,0.07,0.01,76,4,0,0,0,0.002777777777777778,1.0,0.002777777777777778,1.0,False,,null,,
83CF687B-7CEC-434B-9FE8-00C3D5799BE6,0.07,m0.05_k3,0.05,3,hysteresis,12,0.07,0.01,76,4,0,0,0,0.005555555555555556,1.0,0.006944444444444444,1.0,False,,null,,
83CF687B-7CEC-434B-9FE8-00C3D5799BE6,0.07,m0.05_k5,0.05,5,hysteresis,12,0.07,0.01,76,4,3,0,3,0.013888888888888888,1.0,0.016666666666666666,1.0,True,53.0,"{""theta"": 0.8559345067840117, ""m"": 0.05, ""k"": 5}",0.06597222222222222,0.09375
83CF687B-7CEC-434B-9FE8-00C3D5799BE6,0.07,m0.05_k10,0.05,10,hysteresis,12,0.07,0.01,76,4,3,0,3,0.03263888888888889,1.0,0.05486111111111111,1.0,True,66.0,"{""theta"": 0.9388386688668867, ""m"": 0.05, ""k"": 10}",0.06597222222222222,0.5913194444444444
83CF687B-7CEC-434B-9FE8-00C3D5799BE6,0.07,m0.1_k1,0.1,1,margin_only,12,0.07,0.01,76,8,0,0,0,0.0,1.0,0.0,1.0,False,,null,,
83CF687B-7CEC-434B-9FE8-00C3D5799BE6,0.07,m0.1_k2,0.1,2,hysteresis,12,0.07,0.01,76,8,0,0,0,0.002777777777777778,1.0,0.004861111111111111,1.0,False,,null,,
83CF687B-7CEC-434B-9FE8-00C3D5799BE6,0.07,m0.1_k3,0.1,3,hysteresis,12,0.07,0.01,76,8,2,0,2,0.006944444444444444,1.0,0.011111111111111112,1.0,True,38.0,"{""theta"": 0.8161800795464161, ""m"": 0.1, ""k"": 3}",0.06180555555555556,0.051041666666666666
83CF687B-7CEC-434B-9FE8-00C3D5799BE6,0.07,m0.1_k5,0.1,5,hysteresis,12,0.07,0.01,76,8,3,0,3,0.016666666666666666,1.0,0.02847222222222222,1.0,True,56.0,"{""theta"": 0.8755958929226256, ""m"": 0.1, ""k"": 5}",0.06666666666666667,0.24340277777777777
83CF687B-7CEC-434B-9FE8-00C3D5799BE6,0.07,m0.1_k10,0.1,10,hysteresis,12,0.07,0.01,76,8,3,3,0,0.05555555555555555,1.0,0.08125,1.0,False,,null,,
83CF687B-7CEC-434B-9FE8-00C3D5799BE6,0.07,m0.2_k1,0.2,1,margin_only,12,0.07,0.01,76,15,0,0,0,0.0,1.0,0.00625,1.0,False,,null,,
83CF687B-7CEC-434B-9FE8-00C3D5799BE6,0.07,m0.2_k2,0.2,2,hysteresis,12,0.07,0.01,76,15,0,0,0,0.004861111111111111,1.0,0.024305555555555556,1.0,False,,null,,
83CF687B-7CEC-434B-9FE8-00C3D5799BE6,0.07,m0.2_k3,0.2,3,hysteresis,12,0.07,0.01,76,15,0,0,0,0.011111111111111112,1.0,0.04097222222222222,1.0,False,,null,,
83CF687B-7CEC-434B-9FE8-00C3D5799BE6,0.07,m0.2_k5,0.2,5,hysteresis,12,0.07,0.01,76,15,3,3,0,0.02847222222222222,1.0,0.11319444444444444,1.0,False,,null,,
83CF687B-7CEC-434B-9FE8-00C3D5799BE6,0.07,m0.2_k10,0.2,10,hysteresis,12,0.07,0.01,76,15,0,0,0,0.0875,1.0,0.23472222222222222,1.0,False,,null,,
9759096F-1119-4E19-A0AD-6F16989C7E1C,0.05,m0_k1,0.0,1,instantaneous,12,0.05,0.01,80,0,7,0,7,0.0,0.9694444444444444,0.0,0.9694444444444444,True,40.0,"{""theta"": 0.8593041092822753, ""m"": 0.0, ""k"": 1}",0.049305555555555554,0.2690972222222222
9759096F-1119-4E19-A0AD-6F16989C7E1C,0.05,m0_k2,0.0,2,dwell_only,12,0.05,0.01,80,0,6,0,6,0.0,0.9756944444444444,0.0,0.9756944444444444,True,50.0,"{""theta"": 0.8620980293360206, ""m"": 0.0, ""k"": 2}",0.04652777777777778,0.2795138888888889
9759096F-1119-4E19-A0AD-6F16989C7E1C,0.05,m0_k3,0.0,3,dwell_only,12,0.05,0.01,80,0,12,0,12,0.0,0.9784722222222222,0.0,0.9784722222222222,True,52.0,"{""theta"": 0.8634363453140745, ""m"": 0.0, ""k"": 3}",0.049305555555555554,0.2760416666666667
9759096F-1119-4E19-A0AD-6F16989C7E1C,0.05,m0_k5,0.0,5,dwell_only,12,0.05,0.01,80,0,1,0,1,0.0,0.9916666666666667,0.0,0.9916666666666667,True,64.0,"{""theta"": 0.8946487354439593, ""m"": 0.0, ""k"": 5}",0.049305555555555554,0.43680555555555556
9759096F-1119-4E19-A0AD-6F16989C7E1C,0.05,m0_k10,0.0,10,dwell_only,12,0.05,0.01,80,0,1,0,1,0.0,1.0,0.0,1.0,True,75.0,"{""theta"": 0.973230576783115, ""m"": 0.0, ""k"": 10}",0.05,0.7413194444444444
9759096F-1119-4E19-A0AD-6F16989C7E1C,0.05,m0.05_k1,0.05,1,margin_only,12,0.05,0.01,80,4,8,0,8,0.0,0.9798611111111111,0.0,0.9798611111111111,True,23.0,"{""theta"": 0.8420372725618631, ""m"": 0.05, ""k"": 1}",0.04791666666666667,0.25243055555555555
9759096F-1119-4E19-A0AD-6F16989C7E1C,0.05,m0.05_k2,0.05,2,hysteresis,12,0.05,0.01,80,4,10,0,10,0.0,0.9958333333333333,0.003472222222222222,0.9958333333333333,True,34.0,"{""theta"": 0.8555711846377786, ""m"": 0.05, ""k"": 2}",0.04097222222222222,0.2861111111111111
9759096F-1119-4E19-A0AD-6F16989C7E1C,0.05,m0.05_k3,0.05,3,hysteresis,12,0.05,0.01,80,4,1,0,1,0.0,0.9944444444444445,0.011111111111111112,0.9944444444444445,True,62.0,"{""theta"": 0.8785480349344978, ""m"": 0.05, ""k"": 3}",0.04375,0.3871527777777778
9759096F-1119-4E19-A0AD-6F16989C7E1C,0.05,m0.05_k5,0.05,5,hysteresis,12,0.05,0.01,80,4,2,0,2,0.007638888888888889,1.0,0.022222222222222223,1.0,True,64.0,"{""theta"": 0.8946487354439593, ""m"": 0.05, ""k"": 5}",0.04375,0.4378472222222222
9759096F-1119-4E19-A0AD-6F16989C7E1C,0.05,m0.05_k10,0.05,10,hysteresis,12,0.05,0.01,80,4,1,1,0,0.05,1.0,0.05347222222222222,1.0,False,,null,,
9759096F-1119-4E19-A0AD-6F16989C7E1C,0.05,m0.1_k1,0.1,1,margin_only,12,0.05,0.01,80,8,5,0,5,0.0,1.0,0.0,1.0,True,27.0,"{""theta"": 0.843845034150711, ""m"": 0.1, ""k"": 1}",0.043055555555555555,0.29409722222222223
9759096F-1119-4E19-A0AD-6F16989C7E1C,0.05,m0.1_k2,0.1,2,hysteresis,12,0.05,0.01,80,8,1,0,1,0.003472222222222222,1.0,0.008333333333333333,1.0,True,61.0,"{""theta"": 0.8730676855895196, ""m"": 0.1, ""k"": 2}",0.04722222222222222,0.3753472222222222
9759096F-1119-4E19-A0AD-6F16989C7E1C,0.05,m0.1_k3,0.1,3,hysteresis,12,0.05,0.01,80,8,9,0,9,0.011111111111111112,1.0,0.017361111111111112,1.0,True,57.0,"{""theta"": 0.8669941775836972, ""m"": 0.1, ""k"": 3}",0.04652777777777778,0.37881944444444443
9759096F-1119-4E19-A0AD-6F16989C7E1C,0.05,m0.1_k5,0.1,5,hysteresis,12,0.05,0.01,80,8,2,0,2,0.022222222222222223,1.0,0.035416666666666666,1.0,True,67.0,"{""theta"": 0.9170544941775837, ""m"": 0.1, ""k"": 5}",0.04375,0.5527777777777778
9759096F-1119-4E19-A0AD-6F16989C7E1C,0.05,m0.1_k10,0.1,10,hysteresis,12,0.05,0.01,80,8,0,0,0,0.05347222222222222,1.0,0.08680555555555555,1.0,False,,null,,
9759096F-1119-4E19-A0AD-6F16989C7E1C,0.05,m0.2_k1,0.2,1,margin_only,12,0.05,0.01,80,15,0,0,0,0.0,1.0,0.0,1.0,False,,null,,
9759096F-1119-4E19-A0AD-6F16989C7E1C,0.05,m0.2_k2,0.2,2,hysteresis,12,0.05,0.01,80,15,2,2,0,0.008333333333333333,1.0,0.08819444444444445,1.0,False,,null,,
9759096F-1119-4E19-A0AD-6F16989C7E1C,0.05,m0.2_k3,0.2,3,hysteresis,12,0.05,0.01,80,15,6,6,0,0.016666666666666666,1.0,0.10277777777777777,1.0,False,,null,,
9759096F-1119-4E19-A0AD-6F16989C7E1C,0.05,m0.2_k5,0.2,5,hysteresis,12,0.05,0.01,80,15,2,2,0,0.034722222222222224,1.0,0.1326388888888889,1.0,False,,null,,
9759096F-1119-4E19-A0AD-6F16989C7E1C,0.05,m0.2_k10,0.2,10,hysteresis,12,0.05,0.01,80,15,0,0,0,0.08611111111111111,1.0,0.23680555555555555,1.0,False,,null,,
9759096F-1119-4E19-A0AD-6F16989C7E1C,0.03,m0_k1,0.0,1,instantaneous,12,0.03,0.01,80,0,7,0,7,0.0,0.9694444444444444,0.0,0.9694444444444444,True,42.0,"{""theta"": 0.8652656477438136, ""m"": 0.0, ""k"": 1}",0.02847222222222222,0.2920138888888889
9759096F-1119-4E19-A0AD-6F16989C7E1C,0.03,m0_k2,0.0,2,dwell_only,12,0.03,0.01,80,0,8,0,8,0.0,0.9756944444444444,0.0,0.9756944444444444,True,50.0,"{""theta"": 0.8785480349344978, ""m"": 0.0, ""k"": 2}",0.029861111111111113,0.3503472222222222
9759096F-1119-4E19-A0AD-6F16989C7E1C,0.03,m0_k3,0.0,3,dwell_only,12,0.03,0.01,80,0,2,0,2,0.0,0.9784722222222222,0.0,0.9784722222222222,True,57.0,"{""theta"": 0.8989756204978913, ""m"": 0.0, ""k"": 3}",0.022222222222222223,0.44375
9759096F-1119-4E19-A0AD-6F16989C7E1C,0.03,m0_k5,0.0,5,dwell_only,12,0.03,0.01,80,0,8,0,8,0.0,0.9916666666666667,0.0,0.9916666666666667,True,64.0,"{""theta"": 0.92304192139738, ""m"": 0.0, ""k"": 5}",0.02847222222222222,0.5829861111111111
9759096F-1119-4E19-A0AD-6F16989C7E1C,0.03,m0_k10,0.0,10,dwell_only,12,0.03,0.01,80,0,1,0,1,0.0,1.0,0.0,1.0,True,77.0,"{""theta"": 0.9866266375545851, ""m"": 0.0, ""k"": 10}",0.020833333333333332,0.8260416666666667
9759096F-1119-4E19-A0AD-6F16989C7E1C,0.03,m0.05_k1,0.05,1,margin_only,12,0.03,0.01,80,4,13,0,13,0.0,0.9798611111111111,0.0,0.9798611111111111,True,21.0,"{""theta"": 0.8555678278841489, ""m"": 0.05, ""k"": 1}",0.025,0.28888888888888886
9759096F-1119-4E19-A0AD-6F16989C7E1C,0.03,m0.05_k2,0.05,2,hysteresis,12,0.03,0.01,80,4,5,0,5,0.0,0.9958333333333333,0.003472222222222222,0.9958333333333333,True,49.0,"{""theta"": 0.8753050316313963, ""m"": 0.05, ""k"": 2}",0.029166666666666667,0.353125
9759096F-1119-4E19-A0AD-6F16989C7E1C,0.03,m0.05_k3,0.05,3,hysteresis,12,0.03,0.01,80,4,10,0,10,0.0,0.9944444444444445,0.011111111111111112,0.9944444444444445,True,53.0,"{""theta"": 0.8856823417030568, ""m"": 0.05, ""k"": 3}",0.029861111111111113,0.4010416666666667
9759096F-1119-4E19-A0AD-6F16989C7E1C,0.03,m0.05_k5,0.05,5,hysteresis,12,0.03,0.01,80,4,8,1,7,0.007638888888888889,1.0,0.022222222222222223,1.0,True,69.0,"{""theta"": 0.9403477503452399, ""m"": 0.05, ""k"": 5}",0.029166666666666667,0.628125
9759096F-1119-4E19-A0AD-6F16989C7E1C,0.03,m0.05_k10,0.05,10,hysteresis,12,0.03,0.01,80,4,0,0,0,0.05,1.0,0.05347222222222222,1.0,False,,null,,
9759096F-1119-4E19-A0AD-6F16989C7E1C,0.03,m0.1_k1,0.1,1,margin_only,12,0.03,0.01,80,9,29,0,29,0.0,1.0,0.0,1.0,True,20.0,"{""theta"": 0.8532179512839174, ""m"": 0.1, ""k"": 1}",0.02638888888888889,0.31666666666666665
9759096F-1119-4E19-A0AD-6F16989C7E1C,0.03,m0.1_k2,0.1,2,hysteresis,12,0.03,0.01,80,9,6,0,6,0.003472222222222222,1.0,0.008333333333333333,1.0,True,50.0,"{""theta"": 0.8785480349344978, ""m"": 0.1, ""k"": 2}",0.027083333333333334,0.3875
9759096F-1119-4E19-A0AD-6F16989C7E1C,0.03,m0.1_k3,0.1,3,hysteresis,12,0.03,0.01,80,9,3,0,3,0.011111111111111112,1.0,0.017361111111111112,1.0,True,60.0,"{""theta"": 0.911280267467249, ""m"": 0.1, ""k"": 3}",0.027083333333333334,0.5416666666666666
9759096F-1119-4E19-A0AD-6F16989C7E1C,0.03,m0.1_k5,0.1,5,hysteresis,12,0.03,0.01,80,9,6,6,0,0.022222222222222223,1.0,0.035416666666666666,1.0,False,,null,,
9759096F-1119-4E19-A0AD-6F16989C7E1C,0.03,m0.1_k10,0.1,10,hysteresis,12,0.03,0.01,80,9,0,0,0,0.05347222222222222,1.0,0.08680555555555555,1.0,False,,null,,
9759096F-1119-4E19-A0AD-6F16989C7E1C,0.03,m0.2_k1,0.2,1,margin_only,12,0.03,0.01,80,22,0,0,0,0.0,1.0,0.0,1.0,False,,null,,
9759096F-1119-4E19-A0AD-6F16989C7E1C,0.03,m0.2_k2,0.2,2,hysteresis,12,0.03,0.01,80,22,0,0,0,0.008333333333333333,1.0,0.06736111111111111,1.0,False,,null,,
9759096F-1119-4E19-A0AD-6F16989C7E1C,0.03,m0.2_k3,0.2,3,hysteresis,12,0.03,0.01,80,22,3,3,0,0.016666666666666666,1.0,0.10277777777777777,1.0,False,,null,,
9759096F-1119-4E19-A0AD-6F16989C7E1C,0.03,m0.2_k5,0.2,5,hysteresis,12,0.03,0.01,80,22,0,0,0,0.034722222222222224,1.0,0.12986111111111112,1.0,False,,null,,
9759096F-1119-4E19-A0AD-6F16989C7E1C,0.03,m0.2_k10,0.2,10,hysteresis,12,0.03,0.01,80,22,0,0,0,0.08611111111111111,1.0,0.20208333333333334,1.0,False,,null,,
9759096F-1119-4E19-A0AD-6F16989C7E1C,0.07,m0_k1,0.0,1,instantaneous,12,0.07,0.01,80,0,7,0,7,0.0,0.9694444444444444,0.0,0.9694444444444444,True,40.0,"{""theta"": 0.843845034150711, ""m"": 0.0, ""k"": 1}",0.06805555555555555,0.23229166666666667
9759096F-1119-4E19-A0AD-6F16989C7E1C,0.07,m0_k2,0.0,2,dwell_only,12,0.07,0.01,80,0,5,0,5,0.0,0.9756944444444444,0.0,0.9756944444444444,True,52.0,"{""theta"": 0.8587908688836636, ""m"": 0.0, ""k"": 2}",0.06875,0.2677083333333333
9759096F-1119-4E19-A0AD-6F16989C7E1C,0.07,m0_k3,0.0,3,dwell_only,12,0.07,0.01,80,0,1,0,1,0.0,0.9784722222222222,0.0,0.9784722222222222,True,59.0,"{""theta"": 0.8615756914119359, ""m"": 0.0, ""k"": 3}",0.06944444444444445,0.271875
9759096F-1119-4E19-A0AD-6F16989C7E1C,0.07,m0_k5,0.0,5,dwell_only,12,0.07,0.01,80,0,0,0,0,0.0,0.9916666666666667,0.0,0.9916666666666667,False,,null,,
9759096F-1119-4E19-A0AD-6F16989C7E1C,0.07,m0_k10,0.0,10,dwell_only,12,0.07,0.01,80,0,0,0,0,0.0,1.0,0.0,1.0,False,,null,,
9759096F-1119-4E19-A0AD-6F16989C7E1C,0.07,m0.05_k1,0.05,1,margin_only,12,0.07,0.01,80,4,3,0,3,0.0,0.9798611111111111,0.0,0.9798611111111111,True,33.0,"{""theta"": 0.8408842794759825, ""m"": 0.05, ""k"": 1}",0.06944444444444445,0.25069444444444444
9759096F-1119-4E19-A0AD-6F16989C7E1C,0.07,m0.05_k2,0.05,2,hysteresis,12,0.07,0.01,80,4,1,0,1,0.0,0.9958333333333333,0.003472222222222222,0.9958333333333333,True,46.0,"{""theta"": 0.8532216437129101, ""m"": 0.05, ""k"": 2}",0.06041666666666667,0.28541666666666665
9759096F-1119-4E19-A0AD-6F16989C7E1C,0.07,m0.05_k3,0.05,3,hysteresis,12,0.07,0.01,80,4,0,0,0,0.0,0.9944444444444445,0.011111111111111112,0.9944444444444445,False,,null,,
9759096F-1119-4E19-A0AD-6F16989C7E1C,0.07,m0.05_k5,0.05,5,hysteresis,12,0.07,0.01,80,4,0,0,0,0.007638888888888889,1.0,0.022222222222222223,1.0,False,,null,,
9759096F-1119-4E19-A0AD-6F16989C7E1C,0.07,m0.05_k10,0.05,10,hysteresis,12,0.07,0.01,80,4,1,0,1,0.05,1.0,0.05347222222222222,1.0,True,72.0,"{""theta"": 0.9525198235080058, ""m"": 0.05, ""k"": 10}",0.06041666666666667,0.6829861111111111
9759096F-1119-4E19-A0AD-6F16989C7E1C,0.07,m0.1_k1,0.1,1,margin_only,12,0.07,0.01,80,8,13,0,13,0.0,1.0,0.0,1.0,True,27.0,"{""theta"": 0.8329344418318216, ""m"": 0.1, ""k"": 1}",0.06875,0.265625
9759096F-1119-4E19-A0AD-6F16989C7E1C,0.07,m0.1_k2,0.1,2,hysteresis,12,0.07,0.01,80,8,15,0,15,0.003472222222222222,1.0,0.008333333333333333,1.0,True,46.0,"{""theta"": 0.8532216437129101, ""m"": 0.1, ""k"": 2}",0.06805555555555555,0.35138888888888886
9759096F-1119-4E19-A0AD-6F16989C7E1C,0.07,m0.1_k3,0.1,3,hysteresis,12,0.07,0.01,80,8,13,0,13,0.011111111111111112,1.0,0.017361111111111112,1.0,True,48.0,"{""theta"": 0.8562778524241407, ""m"": 0.1, ""k"": 3}",0.06527777777777778,0.37083333333333335
9759096F-1119-4E19-A0AD-6F16989C7E1C,0.07,m0.1_k5,0.1,5,hysteresis,12,0.07,0.01,80,8,0,0,0,0.022222222222222223,1.0,0.035416666666666666,1.0,False,,null,,
9759096F-1119-4E19-A0AD-6F16989C7E1C,0.07,m0.1_k10,0.1,10,hysteresis,12,0.07,0.01,80,8,1,1,0,0.05347222222222222,1.0,0.08680555555555555,1.0,False,,null,,
9759096F-1119-4E19-A0AD-6F16989C7E1C,0.07,m0.2_k1,0.2,1,margin_only,12,0.07,0.01,80,15,10,0,10,0.0,1.0,0.0,1.0,True,17.0,"{""theta"": 0.8179160844250364, ""m"": 0.2, ""k"": 1}",0.06875,0.2986111111111111
9759096F-1119-4E19-A0AD-6F16989C7E1C,0.07,m0.2_k2,0.2,2,hysteresis,12,0.07,0.01,80,15,0,0,0,0.008333333333333333,1.0,0.08819444444444445,1.0,False,,null,,
9759096F-1119-4E19-A0AD-6F16989C7E1C,0.07,m0.2_k3,0.2,3,hysteresis,12,0.07,0.01,80,15,1,1,0,0.016666666666666666,1.0,0.10277777777777777,1.0,False,,null,,
9759096F-1119-4E19-A0AD-6F16989C7E1C,0.07,m0.2_k5,0.2,5,hysteresis,12,0.07,0.01,80,15,0,0,0,0.034722222222222224,1.0,0.1326388888888889,1.0,False,,null,,
9759096F-1119-4E19-A0AD-6F16989C7E1C,0.07,m0.2_k10,0.2,10,hysteresis,12,0.07,0.01,80,15,0,0,0,0.08611111111111111,1.0,0.23680555555555555,1.0,False,,null,,
9DC38D04-E82E-4F29-AB52-B476535226F2,0.05,m0_k1,0.0,1,instantaneous,11,0.05,0.01,78,0,7,0,7,0.0,0.9701388888888889,0.0,0.9701388888888889,True,38.0,"{""theta"": 0.7738246319831764, ""m"": 0.0, ""k"": 1}",0.04027777777777778,0.0
9DC38D04-E82E-4F29-AB52-B476535226F2,0.05,m0_k2,0.0,2,dwell_only,11,0.05,0.01,78,0,3,0,3,0.0006944444444444445,0.9930555555555556,0.0006944444444444445,0.9930555555555556,True,32.0,"{""theta"": 0.7681265429276767, ""m"": 0.0, ""k"": 2}",0.04236111111111111,0.007638888888888889
9DC38D04-E82E-4F29-AB52-B476535226F2,0.05,m0_k3,0.0,3,dwell_only,11,0.05,0.01,78,0,0,0,0,0.001388888888888889,1.0,0.001388888888888889,1.0,False,,null,,
9DC38D04-E82E-4F29-AB52-B476535226F2,0.05,m0_k5,0.0,5,dwell_only,11,0.05,0.01,78,0,4,0,4,0.002777777777777778,1.0,0.002777777777777778,1.0,True,56.0,"{""theta"": 0.8797659321568986, ""m"": 0.0, ""k"": 5}",0.049305555555555554,0.2125
9DC38D04-E82E-4F29-AB52-B476535226F2,0.05,m0_k10,0.0,10,dwell_only,11,0.05,0.01,78,0,0,0,0,0.0,1.0,0.0,1.0,False,,null,,
9DC38D04-E82E-4F29-AB52-B476535226F2,0.05,m0.05_k1,0.05,1,margin_only,11,0.05,0.01,78,5,0,0,0,0.0,1.0,0.0,1.0,False,,null,,
9DC38D04-E82E-4F29-AB52-B476535226F2,0.05,m0.05_k2,0.05,2,hysteresis,11,0.05,0.01,78,5,0,0,0,0.0,1.0,0.0006944444444444445,1.0,False,,null,,
9DC38D04-E82E-4F29-AB52-B476535226F2,0.05,m0.05_k3,0.05,3,hysteresis,11,0.05,0.01,78,5,27,0,27,0.0,1.0,0.00625,1.0,True,16.0,"{""theta"": 0.7529864046532238, ""m"": 0.05, ""k"": 3}",0.04652777777777778,0.01597222222222222
9DC38D04-E82E-4F29-AB52-B476535226F2,0.05,m0.05_k5,0.05,5,hysteresis,11,0.05,0.01,78,5,5,0,5,0.005555555555555556,1.0,0.025,1.0,True,56.0,"{""theta"": 0.8797659321568986, ""m"": 0.05, ""k"": 5}",0.049305555555555554,0.22534722222222223
9DC38D04-E82E-4F29-AB52-B476535226F2,0.05,m0.05_k10,0.05,10,hysteresis,11,0.05,0.01,78,5,0,0,0,0.03333333333333333,1.0,0.07569444444444444,1.0,False,,null,,
9DC38D04-E82E-4F29-AB52-B476535226F2,0.05,m0.1_k1,0.1,1,margin_only,11,0.05,0.01,78,11,0,0,0,0.0,1.0,0.0,1.0,False,,null,,
9DC38D04-E82E-4F29-AB52-B476535226F2,0.05,m0.1_k2,0.1,2,hysteresis,11,0.05,0.01,78,11,0,0,0,0.0,1.0,0.008333333333333333,1.0,False,,null,,
9DC38D04-E82E-4F29-AB52-B476535226F2,0.05,m0.1_k3,0.1,3,hysteresis,11,0.05,0.01,78,11,16,0,16,0.00625,1.0,0.01875,1.0,True,35.0,"{""theta"": 0.7706668260878741, ""m"": 0.1, ""k"": 3}",0.04513888888888889,0.016666666666666666
9DC38D04-E82E-4F29-AB52-B476535226F2,0.05,m0.1_k5,0.1,5,hysteresis,11,0.05,0.01,78,11,6,0,6,0.025,1.0,0.03819444444444445,1.0,True,59.0,"{""theta"": 0.9061899972570174, ""m"": 0.1, ""k"": 5}",0.049305555555555554,0.43368055555555557
9DC38D04-E82E-4F29-AB52-B476535226F2,0.05,m0.1_k10,0.1,10,hysteresis,11,0.05,0.01,78,11,0,0,0,0.07569444444444444,1.0,0.09027777777777778,1.0,False,,null,,
9DC38D04-E82E-4F29-AB52-B476535226F2,0.05,m0.2_k1,0.2,1,margin_only,11,0.05,0.01,78,19,0,0,0,0.0,1.0,0.001388888888888889,1.0,False,,null,,
9DC38D04-E82E-4F29-AB52-B476535226F2,0.05,m0.2_k2,0.2,2,hysteresis,11,0.05,0.01,78,19,3,0,3,0.008333333333333333,1.0,0.018055555555555554,1.0,True,31.0,"{""theta"": 0.7668308705101244, ""m"": 0.2, ""k"": 2}",0.04722222222222222,0.029861111111111113
9DC38D04-E82E-4F29-AB52-B476535226F2,0.05,m0.2_k3,0.2,3,hysteresis,11,0.05,0.01,78,19,3,0,3,0.01875,1.0,0.034722222222222224,1.0,True,51.0,"{""theta"": 0.8234433574106245, ""m"": 0.2, ""k"": 3}",0.04513888888888889,0.15868055555555555
9DC38D04-E82E-4F29-AB52-B476535226F2,0.05,m0.2_k5,0.2,5,hysteresis,11,0.05,0.01,78,19,9,9,0,0.03819444444444445,1.0,0.06805555555555555,1.0,False,,null,,
9DC38D04-E82E-4F29-AB52-B476535226F2,0.05,m0.2_k10,0.2,10,hysteresis,11,0.05,0.01,78,19,0,0,0,0.09027777777777778,1.0,0.16944444444444445,1.0,False,,null,,
9DC38D04-E82E-4F29-AB52-B476535226F2,0.03,m0_k1,0.0,1,instantaneous,11,0.03,0.01,77,0,6,0,6,0.0,0.9701388888888889,0.0,0.9701388888888889,True,37.0,"{""theta"": 0.7848587363993783, ""m"": 0.0, ""k"": 1}",0.022916666666666665,0.0
9DC38D04-E82E-4F29-AB52-B476535226F2,0.03,m0_k2,0.0,2,dwell_only,11,0.03,0.01,77,0,10,0,10,0.0006944444444444445,0.9930555555555556,0.0006944444444444445,0.9930555555555556,True,39.0,"{""theta"": 0.7872393057675311, ""m"": 0.0, ""k"": 2}",0.022222222222222223,0.007638888888888889
9DC38D04-E82E-4F29-AB52-B476535226F2,0.03,m0_k3,0.0,3,dwell_only,11,0.03,0.01,77,0,7,0,7,0.001388888888888889,1.0,0.001388888888888889,1.0,True,52.0,"{""theta"": 0.8414613970924386, ""m"": 0.0, ""k"": 3}",0.029166666666666667,0.084375
9DC38D04-E82E-4F29-AB52-B476535226F2,0.03,m0_k5,0.0,5,dwell_only,11,0.03,0.01,77,0,2,0,2,0.002777777777777778,1.0,0.002777777777777778,1.0,True,66.0,"{""theta"": 0.951997805613971, ""m"": 0.0, ""k"": 5}",0.02638888888888889,0.5725694444444445
9DC38D04-E82E-4F29-AB52-B476535226F2,0.03,m0_k10,0.0,10,dwell_only,11,0.03,0.01,77,0,1,0,1,0.0,1.0,0.0,1.0,True,71.0,"{""theta"": 0.9740645149492548, ""m"": 0.0, ""k"": 10}",0.027083333333333334,0.7652777777777777
9DC38D04-E82E-4F29-AB52-B476535226F2,0.03,m0.05_k1,0.05,1,margin_only,11,0.03,0.01,77,5,2,0,2,0.0,1.0,0.0,1.0,True,22.0,"{""theta"": 0.7706297161130297, ""m"": 0.05, ""k"": 1}",0.02361111111111111,0.0
9DC38D04-E82E-4F29-AB52-B476535226F2,0.03,m0.05_k2,0.05,2,hysteresis,11,0.03,0.01,77,5,19,0,19,0.0,1.0,0.0006944444444444445,1.0,True,13.0,"{""theta"": 0.7625491451037761, ""m"": 0.05, ""k"": 2}",0.027777777777777776,0.007638888888888889
9DC38D04-E82E-4F29-AB52-B476535226F2,0.03,m0.05_k3,0.05,3,hysteresis,11,0.03,0.01,77,5,6,0,6,0.0,1.0,0.00625,1.0,True,53.0,"{""theta"": 0.8563993416841913, ""m"": 0.05, ""k"": 3}",0.029166666666666667,0.0954861111111111
9DC38D04-E82E-4F29-AB52-B476535226F2,0.03,m0.05_k5,0.05,5,hysteresis,11,0.03,0.01,77,5,4,1,3,0.005555555555555556,1.0,0.025,1.0,True,69.0,"{""theta"": 0.9648073420499222, ""m"": 0.05, ""k"": 5}",0.029861111111111113,0.6878472222222223
9DC38D04-E82E-4F29-AB52-B476535226F2,0.03,m0.05_k10,0.05,10,hysteresis,11,0.03,0.01,77,5,0,0,0,0.03333333333333333,1.0,0.07569444444444444,1.0,False,,null,,
9DC38D04-E82E-4F29-AB52-B476535226F2,0.03,m0.1_k1,0.1,1,margin_only,11,0.03,0.01,77,11,0,0,0,0.0,1.0,0.0,1.0,False,,null,,
9DC38D04-E82E-4F29-AB52-B476535226F2,0.03,m0.1_k2,0.1,2,hysteresis,11,0.03,0.01,77,11,34,0,34,0.0,1.0,0.008333333333333333,1.0,True,22.0,"{""theta"": 0.7706297161130297, ""m"": 0.1, ""k"": 2}",0.022222222222222223,0.008333333333333333
9DC38D04-E82E-4F29-AB52-B476535226F2,0.03,m0.1_k3,0.1,3,hysteresis,11,0.03,0.01,77,11,7,0,7,0.00625,1.0,0.01875,1.0,True,55.0,"{""theta"": 0.8797659321568986, ""m"": 0.1, ""k"": 3}",0.02638888888888889,0.221875
9DC38D04-E82E-4F29-AB52-B476535226F2,0.03,m0.1_k5,0.1,5,hysteresis,11,0.03,0.01,77,11,2,2,0,0.025,1.0,0.03819444444444445,1.0,False,,null,,
9DC38D04-E82E-4F29-AB52-B476535226F2,0.03,m0.1_k10,0.1,10,hysteresis,11,0.03,0.01,77,11,0,0,0,0.07569444444444444,1.0,0.09027777777777778,1.0,False,,null,,
9DC38D04-E82E-4F29-AB52-B476535226F2,0.03,m0.2_k1,0.2,1,margin_only,11,0.03,0.01,77,19,0,0,0,0.0,1.0,0.001388888888888889,1.0,False,,null,,
9DC38D04-E82E-4F29-AB52-B476535226F2,0.03,m0.2_k2,0.2,2,hysteresis,11,0.03,0.01,77,19,5,0,5,0.008333333333333333,1.0,0.018055555555555554,1.0,True,48.0,"{""theta"": 0.8128393756315309, ""m"": 0.2, ""k"": 2}",0.024305555555555556,0.09930555555555555
9DC38D04-E82E-4F29-AB52-B476535226F2,0.03,m0.2_k3,0.2,3,hysteresis,11,0.03,0.01,77,19,12,12,0,0.01875,1.0,0.034722222222222224,1.0,False,,null,,
9DC38D04-E82E-4F29-AB52-B476535226F2,0.03,m0.2_k5,0.2,5,hysteresis,11,0.03,0.01,77,19,0,0,0,0.03819444444444445,1.0,0.06805555555555555,1.0,False,,null,,
9DC38D04-E82E-4F29-AB52-B476535226F2,0.03,m0.2_k10,0.2,10,hysteresis,11,0.03,0.01,77,19,0,0,0,0.09027777777777778,1.0,0.16944444444444445,1.0,False,,null,,
9DC38D04-E82E-4F29-AB52-B476535226F2,0.07,m0_k1,0.0,1,instantaneous,11,0.07,0.01,79,0,8,0,8,0.0,0.9701388888888889,0.0,0.9701388888888889,True,39.0,"{""theta"": 0.7625491451037761, ""m"": 0.0, ""k"": 1}",0.06111111111111111,0.0
9DC38D04-E82E-4F29-AB52-B476535226F2,0.07,m0_k2,0.0,2,dwell_only,11,0.07,0.01,79,0,4,0,4,0.0006944444444444445,0.9930555555555556,0.0006944444444444445,0.9930555555555556,True,37.0,"{""theta"": 0.7577032092895675, ""m"": 0.0, ""k"": 2}",0.06458333333333334,0.007638888888888889
9DC38D04-E82E-4F29-AB52-B476535226F2,0.07,m0_k3,0.0,3,dwell_only,11,0.07,0.01,79,0,0,0,0,0.001388888888888889,1.0,0.001388888888888889,1.0,False,,null,,
9DC38D04-E82E-4F29-AB52-B476535226F2,0.07,m0_k5,0.0,5,dwell_only,11,0.07,0.01,79,0,2,0,2,0.002777777777777778,1.0,0.002777777777777778,1.0,True,52.0,"{""theta"": 0.8234433574106245, ""m"": 0.0, ""k"": 5}",0.06666666666666667,0.03333333333333333
9DC38D04-E82E-4F29-AB52-B476535226F2,0.07,m0_k10,0.0,10,dwell_only,11,0.07,0.01,79,0,1,0,1,0.0,1.0,0.0,1.0,True,69.0,"{""theta"": 0.9562951449209107, ""m"": 0.0, ""k"": 10}",0.06458333333333334,0.6663194444444445
9DC38D04-E82E-4F29-AB52-B476535226F2,0.07,m0.05_k1,0.05,1,margin_only,11,0.07,0.01,79,5,12,0,12,0.0,1.0,0.0,1.0,True,34.0,"{""theta"": 0.7572302909671476, ""m"": 0.05, ""k"": 1}",0.06111111111111111,0.0
9DC38D04-E82E-4F29-AB52-B476535226F2,0.07,m0.05_k2,0.05,2,hysteresis,11,0.07,0.01,79,5,1,0,1,0.0,1.0,0.0006944444444444445,1.0,True,31.0,"{""theta"": 0.7548687940020116, ""m"": 0.05, ""k"": 2}",0.06944444444444445,0.007638888888888889
9DC38D04-E82E-4F29-AB52-B476535226F2,0.07,m0.05_k3,0.05,3,hysteresis,11,0.07,0.01,79,5,0,0,0,0.0,1.0,0.00625,1.0,False,,null,,
9DC38D04-E82E-4F29-AB52-B476535226F2,0.07,m0.05_k5,0.05,5,hysteresis,11,0.07,0.01,79,5,3,0,3,0.005555555555555556,1.0,0.025,1.0,True,52.0,"{""theta"": 0.8234433574106245, ""m"": 0.05, ""k"": 5}",0.06805555555555555,0.05486111111111111
9DC38D04-E82E-4F29-AB52-B476535226F2,0.07,m0.05_k10,0.05,10,hysteresis,11,0.07,0.01,79,5,1,1,0,0.03333333333333333,1.0,0.07569444444444444,1.0,False,,null,,
9DC38D04-E82E-4F29-AB52-B476535226F2,0.07,m0.1_k1,0.1,1,margin_only,11,0.07,0.01,79,11,0,0,0,0.0,1.0,0.0,1.0,False,,null,,
9DC38D04-E82E-4F29-AB52-B476535226F2,0.07,m0.1_k2,0.1,2,hysteresis,11,0.07,0.01,79,11,0,0,0,0.0,1.0,0.008333333333333333,1.0,False,,null,,
9DC38D04-E82E-4F29-AB52-B476535226F2,0.07,m0.1_k3,0.1,3,hysteresis,11,0.07,0.01,79,11,11,0,11,0.00625,1.0,0.01875,1.0,True,14.0,"{""theta"": 0.7394649074067562, ""m"": 0.1, ""k"": 3}",0.06180555555555556,0.016666666666666666
9DC38D04-E82E-4F29-AB52-B476535226F2,0.07,m0.1_k5,0.1,5,hysteresis,11,0.07,0.01,79,11,3,0,3,0.025,1.0,0.03819444444444445,1.0,True,54.0,"{""theta"": 0.8414613970924386, ""m"": 0.1, ""k"": 5}",0.06805555555555555,0.13541666666666666
9DC38D04-E82E-4F29-AB52-B476535226F2,0.07,m0.1_k10,0.1,10,hysteresis,11,0.07,0.01,79,11,0,0,0,0.07569444444444444,1.0,0.09027777777777778,1.0,False,,null,,
9DC38D04-E82E-4F29-AB52-B476535226F2,0.07,m0.2_k1,0.2,1,margin_only,11,0.07,0.01,79,19,0,0,0,0.0,1.0,0.001388888888888889,1.0,False,,null,,
9DC38D04-E82E-4F29-AB52-B476535226F2,0.07,m0.2_k2,0.2,2,hysteresis,11,0.07,0.01,79,19,22,0,22,0.008333333333333333,1.0,0.018055555555555554,1.0,True,21.0,"{""theta"": 0.7458169516320746, ""m"": 0.2, ""k"": 2}",0.06805555555555555,0.024305555555555556
9DC38D04-E82E-4F29-AB52-B476535226F2,0.07,m0.2_k3,0.2,3,hysteresis,11,0.07,0.01,79,19,0,0,0,0.01875,1.0,0.034722222222222224,1.0,False,,null,,
9DC38D04-E82E-4F29-AB52-B476535226F2,0.07,m0.2_k5,0.2,5,hysteresis,11,0.07,0.01,79,19,5,3,2,0.03819444444444445,1.0,0.06805555555555555,1.0,True,58.0,"{""theta"": 0.8881924842278504, ""m"": 0.2, ""k"": 5}",0.06805555555555555,0.46284722222222224
9DC38D04-E82E-4F29-AB52-B476535226F2,0.07,m0.2_k10,0.2,10,hysteresis,11,0.07,0.01,79,19,0,0,0,0.09027777777777778,1.0,0.16944444444444445,1.0,False,,null,,
A5CDF89D-02A2-4EC1-89F8-F534FDABDD96,0.05,m0_k1,0.0,1,instantaneous,12,0.05,0.01,67,0,3,0,3,0.0,0.9930555555555556,0.0,0.9930555555555556,True,27.0,"{""theta"": 0.8795062695924765, ""m"": 0.0, ""k"": 1}",0.04861111111111111,0.0
A5CDF89D-02A2-4EC1-89F8-F534FDABDD96,0.05,m0_k2,0.0,2,dwell_only,12,0.05,0.01,67,0,6,0,6,0.0006944444444444445,1.0,0.0006944444444444445,1.0,True,35.0,"{""theta"": 0.8803336749457439, ""m"": 0.0, ""k"": 2}",0.04583333333333333,0.011111111111111112
A5CDF89D-02A2-4EC1-89F8-F534FDABDD96,0.05,m0_k3,0.0,3,dwell_only,12,0.05,0.01,67,0,0,0,0,0.0,1.0,0.0,1.0,False,,null,,
A5CDF89D-02A2-4EC1-89F8-F534FDABDD96,0.05,m0_k5,0.0,5,dwell_only,12,0.05,0.01,67,0,1,0,1,0.0,1.0,0.0,1.0,True,48.0,"{""theta"": 0.9118658209247649, ""m"": 0.0, ""k"": 5}",0.04513888888888889,0.3111111111111111
A5CDF89D-02A2-4EC1-89F8-F534FDABDD96,0.05,m0_k10,0.0,10,dwell_only,12,0.05,0.01,67,0,2,0,2,0.0,1.0,0.0,1.0,True,56.0,"{""theta"": 0.9469043887147336, ""m"": 0.0, ""k"": 10}",0.04861111111111111,0.6475694444444444
A5CDF89D-02A2-4EC1-89F8-F534FDABDD96,0.05,m0.05_k1,0.05,1,margin_only,12,0.05,0.01,67,4,0,0,0,0.0,1.0,0.0,1.0,False,,null,,
A5CDF89D-02A2-4EC1-89F8-F534FDABDD96,0.05,m0.05_k2,0.05,2,hysteresis,12,0.05,0.01,67,4,0,0,0,0.0,1.0,0.0006944444444444445,1.0,False,,null,,
A5CDF89D-02A2-4EC1-89F8-F534FDABDD96,0.05,m0.05_k3,0.05,3,hysteresis,12,0.05,0.01,67,4,1,0,1,0.0,1.0,0.002777777777777778,1.0,True,46.0,"{""theta"": 0.9038989028213166, ""m"": 0.05, ""k"": 3}",0.041666666666666664,0.1423611111111111
A5CDF89D-02A2-4EC1-89F8-F534FDABDD96,0.05,m0.05_k5,0.05,5,hysteresis,12,0.05,0.01,67,4,4,0,4,0.001388888888888889,1.0,0.011111111111111112,1.0,True,48.0,"{""theta"": 0.9118658209247649, ""m"": 0.05, ""k"": 5}",0.04861111111111111,0.3295138888888889
A5CDF89D-02A2-4EC1-89F8-F534FDABDD96,0.05,m0.05_k10,0.05,10,hysteresis,12,0.05,0.01,67,4,4,1,3,0.016666666666666666,1.0,0.04236111111111111,1.0,True,60.0,"{""theta"": 0.9641457680250783, ""m"": 0.05, ""k"": 10}",0.04861111111111111,0.7076388888888889
A5CDF89D-02A2-4EC1-89F8-F534FDABDD96,0.05,m0.1_k1,0.1,1,margin_only,12,0.05,0.01,67,10,0,0,0,0.0,1.0,0.0,1.0,False,,null,,
A5CDF89D-02A2-4EC1-89F8-F534FDABDD96,0.05,m0.1_k2,0.1,2,hysteresis,12,0.05,0.01,67,10,0,0,0,0.0,1.0,0.00625,1.0,False,,null,,
A5CDF89D-02A2-4EC1-89F8-F534FDABDD96,0.05,m0.1_k3,0.1,3,hysteresis,12,0.05,0.01,67,10,1,0,1,0.002777777777777778,1.0,0.015277777777777777,1.0,True,52.0,"{""theta"": 0.9293691222570533, ""m"": 0.1, ""k"": 3}",0.041666666666666664,0.43645833333333334
A5CDF89D-02A2-4EC1-89F8-F534FDABDD96,0.05,m0.1_k5,0.1,5,hysteresis,12,0.05,0.01,67,10,3,0,3,0.011111111111111112,1.0,0.041666666666666664,1.0,True,54.0,"{""theta"": 0.9383094631661443, ""m"": 0.1, ""k"": 5}",0.04861111111111111,0.5482638888888889
A5CDF89D-02A2-4EC1-89F8-F534FDABDD96,0.05,m0.1_k10,0.1,10,hysteresis,12,0.05,0.01,67,10,1,1,0,0.04236111111111111,1.0,0.10972222222222222,1.0,False,,null,,
A5CDF89D-02A2-4EC1-89F8-F534FDABDD96,0.05,m0.2_k1,0.2,1,margin_only,12,0.05,0.01,67,21,1,0,1,0.0,1.0,0.03263888888888889,1.0,True,12.0,"{""theta"": 0.8687931034482759, ""m"": 0.2, ""k"": 1}",0.04097222222222222,0.14305555555555555
A5CDF89D-02A2-4EC1-89F8-F534FDABDD96,0.05,m0.2_k2,0.2,2,hysteresis,12,0.05,0.01,67,21,0,0,0,0.005555555555555556,1.0,0.05277777777777778,1.0,False,,null,,
A5CDF89D-02A2-4EC1-89F8-F534FDABDD96,0.05,m0.2_k3,0.2,3,hysteresis,12,0.05,0.01,67,21,0,0,0,0.015277777777777777,1.0,0.07847222222222222,1.0,False,,null,,
A5CDF89D-02A2-4EC1-89F8-F534FDABDD96,0.05,m0.2_k5,0.2,5,hysteresis,12,0.05,0.01,67,21,2,2,0,0.041666666666666664,1.0,0.15,1.0,False,,null,,
A5CDF89D-02A2-4EC1-89F8-F534FDABDD96,0.05,m0.2_k10,0.2,10,hysteresis,12,0.05,0.01,67,21,0,0,0,0.10972222222222222,1.0,0.3090277777777778,1.0,False,,null,,
A5CDF89D-02A2-4EC1-89F8-F534FDABDD96,0.03,m0_k1,0.0,1,instantaneous,12,0.03,0.01,67,0,4,0,4,0.0,0.9930555555555556,0.0,0.9930555555555556,True,28.0,"{""theta"": 0.8805102011494252, ""m"": 0.0, ""k"": 1}",0.02013888888888889,0.003472222222222222
A5CDF89D-02A2-4EC1-89F8-F534FDABDD96,0.03,m0_k2,0.0,2,dwell_only,12,0.03,0.01,67,0,6,0,6,0.0006944444444444445,1.0,0.0006944444444444445,1.0,True,31.0,"{""theta"": 0.8810496214633068, ""m"": 0.0, ""k"": 2}",0.02638888888888889,0.011111111111111112
A5CDF89D-02A2-4EC1-89F8-F534FDABDD96,0.03,m0_k3,0.0,3,dwell_only,12,0.03,0.01,67,0,6,0,6,0.0,1.0,0.0,1.0,True,44.0,"{""theta"": 0.8955721003134797, ""m"": 0.0, ""k"": 3}",0.029166666666666667,0.1579861111111111
A5CDF89D-02A2-4EC1-89F8-F534FDABDD96,0.03,m0_k5,0.0,5,dwell_only,12,0.03,0.01,67,0,6,0,6,0.0,1.0,0.0,1.0,True,52.0,"{""theta"": 0.9293691222570533, ""m"": 0.0, ""k"": 5}",0.025694444444444443,0.4822916666666667
A5CDF89D-02A2-4EC1-89F8-F534FDABDD96,0.03,m0_k10,0.0,10,dwell_only,12,0.03,0.01,67,0,2,0,2,0.0,1.0,0.0,1.0,True,60.0,"{""theta"": 0.9641457680250783, ""m"": 0.0, ""k"": 10}",0.022222222222222223,0.7899305555555556
A5CDF89D-02A2-4EC1-89F8-F534FDABDD96,0.03,m0.05_k1,0.05,1,margin_only,12,0.03,0.01,67,4,0,0,0,0.0,1.0,0.0,1.0,False,,null,,
A5CDF89D-02A2-4EC1-89F8-F534FDABDD96,0.03,m0.05_k2,0.05,2,hysteresis,12,0.03,0.01,67,4,1,0,1,0.0,1.0,0.0006944444444444445,1.0,True,46.0,"{""theta"": 0.9038989028213166, ""m"": 0.05, ""k"": 2}",0.025,0.11770833333333333
A5CDF89D-02A2-4EC1-89F8-F534FDABDD96,0.03,m0.05_k3,0.05,3,hysteresis,12,0.03,0.01,67,4,4,0,4,0.0,1.0,0.002777777777777778,1.0,True,48.0,"{""theta"": 0.9118658209247649, ""m"": 0.05, ""k"": 3}",0.02638888888888889,0.28368055555555555
A5CDF89D-02A2-4EC1-89F8-F534FDABDD96,0.03,m0.05_k5,0.05,5,hysteresis,12,0.03,0.01,67,4,2,0,2,0.001388888888888889,1.0,0.011111111111111112,1.0,True,56.0,"{""theta"": 0.9469043887147336, ""m"": 0.05, ""k"": 5}",0.027083333333333334,0.7173611111111111
A5CDF89D-02A2-4EC1-89F8-F534FDABDD96,0.03,m0.05_k10,0.05,10,hysteresis,12,0.03,0.01,67,4,1,1,0,0.016666666666666666,1.0,0.04236111111111111,1.0,False,,null,,
A5CDF89D-02A2-4EC1-89F8-F534FDABDD96,0.03,m0.1_k1,0.1,1,margin_only,12,0.03,0.01,67,10,0,0,0,0.0,1.0,0.0,1.0,False,,null,,
A5CDF89D-02A2-4EC1-89F8-F534FDABDD96,0.03,m0.1_k2,0.1,2,hysteresis,12,0.03,0.01,67,10,1,0,1,0.0,1.0,0.00625,1.0,True,52.0,"{""theta"": 0.9293691222570533, ""m"": 0.1, ""k"": 2}",0.022916666666666665,0.3170138888888889
A5CDF89D-02A2-4EC1-89F8-F534FDABDD96,0.03,m0.1_k3,0.1,3,hysteresis,12,0.03,0.01,67,10,3,0,3,0.002777777777777778,1.0,0.015277777777777777,1.0,True,53.0,"{""theta"": 0.9337774294670846, ""m"": 0.1, ""k"": 3}",0.029166666666666667,0.4982638888888889
A5CDF89D-02A2-4EC1-89F8-F534FDABDD96,0.03,m0.1_k5,0.1,5,hysteresis,12,0.03,0.01,67,10,3,3,0,0.011111111111111112,1.0,0.041666666666666664,1.0,False,,null,,
A5CDF89D-02A2-4EC1-89F8-F534FDABDD96,0.03,m0.1_k10,0.1,10,hysteresis,12,0.03,0.01,67,10,0,0,0,0.04236111111111111,1.0,0.10972222222222222,1.0,False,,null,,
A5CDF89D-02A2-4EC1-89F8-F534FDABDD96,0.03,m0.2_k1,0.2,1,margin_only,12,0.03,0.01,67,21,0,0,0,0.0,1.0,0.03263888888888889,1.0,False,,null,,
A5CDF89D-02A2-4EC1-89F8-F534FDABDD96,0.03,m0.2_k2,0.2,2,hysteresis,12,0.03,0.01,67,21,0,0,0,0.005555555555555556,1.0,0.05277777777777778,1.0,False,,null,,
A5CDF89D-02A2-4EC1-89F8-F534FDABDD96,0.03,m0.2_k3,0.2,3,hysteresis,12,0.03,0.01,67,21,1,1,0,0.015277777777777777,1.0,0.07847222222222222,1.0,False,,null,,
A5CDF89D-02A2-4EC1-89F8-F534FDABDD96,0.03,m0.2_k5,0.2,5,hysteresis,12,0.03,0.01,67,21,0,0,0,0.041666666666666664,1.0,0.15,1.0,False,,null,,
A5CDF89D-02A2-4EC1-89F8-F534FDABDD96,0.03,m0.2_k10,0.2,10,hysteresis,12,0.03,0.01,67,21,0,0,0,0.10972222222222222,1.0,0.3090277777777778,1.0,False,,null,,
A5CDF89D-02A2-4EC1-89F8-F534FDABDD96,0.07,m0_k1,0.0,1,instantaneous,12,0.07,0.01,70,0,5,0,5,0.0,0.9930555555555556,0.0,0.9930555555555556,True,37.0,"{""theta"": 0.8792123824451411, ""m"": 0.0, ""k"": 1}",0.06388888888888888,0.0
A5CDF89D-02A2-4EC1-89F8-F534FDABDD96,0.07,m0_k2,0.0,2,dwell_only,12,0.07,0.01,70,0,3,0,3,0.0006944444444444445,1.0,0.0006944444444444445,1.0,True,40.0,"{""theta"": 0.8795062695924765, ""m"": 0.0, ""k"": 2}",0.0625,0.00798611111111111
A5CDF89D-02A2-4EC1-89F8-F534FDABDD96,0.07,m0_k3,0.0,3,dwell_only,12,0.07,0.01,70,0,0,0,0,0.0,1.0,0.0,1.0,False,,null,,
A5CDF89D-02A2-4EC1-89F8-F534FDABDD96,0.07,m0_k5,0.0,5,dwell_only,12,0.07,0.01,70,0,3,0,3,0.0,1.0,0.0,1.0,True,43.0,"{""theta"": 0.8817797119905956, ""m"": 0.0, ""k"": 5}",0.06597222222222222,0.03680555555555556
A5CDF89D-02A2-4EC1-89F8-F534FDABDD96,0.07,m0_k10,0.0,10,dwell_only,12,0.07,0.01,70,0,1,0,1,0.0,1.0,0.0,1.0,True,57.0,"{""theta"": 0.9383094631661443, ""m"": 0.0, ""k"": 10}",0.06666666666666667,0.5704861111111111
A5CDF89D-02A2-4EC1-89F8-F534FDABDD96,0.07,m0.05_k1,0.05,1,margin_only,12,0.07,0.01,70,4,0,0,0,0.0,1.0,0.0,1.0,False,,null,,
A5CDF89D-02A2-4EC1-89F8-F534FDABDD96,0.07,m0.05_k2,0.05,2,hysteresis,12,0.07,0.01,70,4,0,0,0,0.0,1.0,0.0006944444444444445,1.0,False,,null,,
A5CDF89D-02A2-4EC1-89F8-F534FDABDD96,0.07,m0.05_k3,0.05,3,hysteresis,12,0.07,0.01,70,4,33,0,33,0.0,1.0,0.002777777777777778,1.0,True,16.0,"{""theta"": 0.8574927658548346, ""m"": 0.05, ""k"": 3}",0.06944444444444445,0.02013888888888889
A5CDF89D-02A2-4EC1-89F8-F534FDABDD96,0.07,m0.05_k5,0.05,5,hysteresis,12,0.07,0.01,70,4,0,0,0,0.001388888888888889,1.0,0.011111111111111112,1.0,False,,null,,
A5CDF89D-02A2-4EC1-89F8-F534FDABDD96,0.07,m0.05_k10,0.05,10,hysteresis,12,0.07,0.01,70,4,3,0,3,0.016666666666666666,1.0,0.04236111111111111,1.0,True,59.0,"{""theta"": 0.9469043887147336, ""m"": 0.05, ""k"": 10}",0.06944444444444445,0.6038194444444445
A5CDF89D-02A2-4EC1-89F8-F534FDABDD96,0.07,m0.1_k1,0.1,1,margin_only,12,0.07,0.01,70,10,0,0,0,0.0,1.0,0.0,1.0,False,,null,,
A5CDF89D-02A2-4EC1-89F8-F534FDABDD96,0.07,m0.1_k2,0.1,2,hysteresis,12,0.07,0.01,70,10,0,0,0,0.0,1.0,0.00625,1.0,False,,null,,
A5CDF89D-02A2-4EC1-89F8-F534FDABDD96,0.07,m0.1_k3,0.1,3,hysteresis,12,0.07,0.01,70,10,29,0,29,0.002777777777777778,1.0,0.015277777777777777,1.0,True,26.0,"{""theta"": 0.8728907945502773, ""m"": 0.1, ""k"": 3}",0.06944444444444445,0.12222222222222222
A5CDF89D-02A2-4EC1-89F8-F534FDABDD96,0.07,m0.1_k5,0.1,5,hysteresis,12,0.07,0.01,70,10,0,0,0,0.011111111111111112,1.0,0.041666666666666664,1.0,False,,null,,
A5CDF89D-02A2-4EC1-89F8-F534FDABDD96,0.07,m0.1_k10,0.1,10,hysteresis,12,0.07,0.01,70,10,3,3,0,0.04236111111111111,1.0,0.10972222222222222,1.0,False,,null,,
A5CDF89D-02A2-4EC1-89F8-F534FDABDD96,0.07,m0.2_k1,0.2,1,margin_only,12,0.07,0.01,70,21,6,0,6,0.0,1.0,0.03263888888888889,1.0,True,14.0,"{""theta"": 0.8518425970581145, ""m"": 0.2, ""k"": 1}",0.06458333333333334,0.12048611111111111
A5CDF89D-02A2-4EC1-89F8-F534FDABDD96,0.07,m0.2_k2,0.2,2,hysteresis,12,0.07,0.01,70,21,16,0,16,0.005555555555555556,1.0,0.05277777777777778,1.0,True,27.0,"{""theta"": 0.8747287195563059, ""m"": 0.2, ""k"": 2}",0.06944444444444445,0.2875
A5CDF89D-02A2-4EC1-89F8-F534FDABDD96,0.07,m0.2_k3,0.2,3,hysteresis,12,0.07,0.01,70,21,14,14,0,0.015277777777777777,1.0,0.07847222222222222,1.0,False,,null,,
A5CDF89D-02A2-4EC1-89F8-F534FDABDD96,0.07,m0.2_k5,0.2,5,hysteresis,12,0.07,0.01,70,21,1,1,0,0.041666666666666664,1.0,0.15,1.0,False,,null,,
A5CDF89D-02A2-4EC1-89F8-F534FDABDD96,0.07,m0.2_k10,0.2,10,hysteresis,12,0.07,0.01,70,21,0,0,0,0.10972222222222222,1.0,0.3090277777777778,1.0,False,,null,,
A76A5AF5-5A93-4CF2-A16E-62353BB70E8A,0.05,m0_k1,0.0,1,instantaneous,11,0.05,0.01,80,0,7,0,7,0.0,0.9694444444444444,0.0,0.9694444444444444,True,39.0,"{""theta"": 0.8074562071591775, ""m"": 0.0, ""k"": 1}",0.04027777777777778,0.0
A76A5AF5-5A93-4CF2-A16E-62353BB70E8A,0.05,m0_k2,0.0,2,dwell_only,11,0.05,0.01,80,0,6,0,6,0.0,0.9826388888888888,0.0,0.9826388888888888,True,46.0,"{""theta"": 0.8211028765598452, ""m"": 0.0, ""k"": 2}",0.041666666666666664,0.007638888888888889
A76A5AF5-5A93-4CF2-A16E-62353BB70E8A,0.05,m0_k3,0.0,3,dwell_only,11,0.05,0.01,80,0,5,0,5,0.0,0.9888888888888889,0.0,0.9888888888888889,True,49.0,"{""theta"": 0.8235658210791493, ""m"": 0.0, ""k"": 3}",0.04583333333333333,0.015277777777777777
A76A5AF5-5A93-4CF2-A16E-62353BB70E8A,0.05,m0_k5,0.0,5,dwell_only,11,0.05,0.01,80,0,1,0,1,0.0,0.9923611111111111,0.0,0.9923611111111111,True,62.0,"{""theta"": 0.8998476770753998, ""m"": 0.0, ""k"": 5}",0.04236111111111111,0.3079861111111111
A76A5AF5-5A93-4CF2-A16E-62353BB70E8A,0.05,m0_k10,0.0,10,dwell_only,11,0.05,0.01,80,0,2,0,2,0.0,0.9958333333333333,0.0,0.9958333333333333,True,69.0,"{""theta"": 0.9284082254379284, ""m"": 0.0, ""k"": 10}",0.04861111111111111,0.5913194444444444
A76A5AF5-5A93-4CF2-A16E-62353BB70E8A,0.05,m0.05_k1,0.05,1,margin_only,11,0.05,0.01,80,4,2,0,2,0.0,1.0,0.0,1.0,True,39.0,"{""theta"": 0.8074562071591775, ""m"": 0.05, ""k"": 1}",0.043055555555555555,0.0
A76A5AF5-5A93-4CF2-A16E-62353BB70E8A,0.05,m0.05_k2,0.05,2,hysteresis,11,0.05,0.01,80,4,5,0,5,0.0,1.0,0.001388888888888889,1.0,True,46.0,"{""theta"": 0.8211028765598452, ""m"": 0.05, ""k"": 2}",0.049305555555555554,0.00798611111111111
A76A5AF5-5A93-4CF2-A16E-62353BB70E8A,0.05,m0.05_k3,0.05,3,hysteresis,11,0.05,0.01,80,4,1,0,1,0.0,1.0,0.001388888888888889,1.0,True,53.0,"{""theta"": 0.8575978008377761, ""m"": 0.05, ""k"": 3}",0.04027777777777778,0.025
A76A5AF5-5A93-4CF2-A16E-62353BB70E8A,0.05,m0.05_k5,0.05,5,hysteresis,11,0.05,0.01,80,4,0,0,0,0.0,1.0,0.002777777777777778,1.0,False,,null,,
A76A5AF5-5A93-4CF2-A16E-62353BB70E8A,0.05,m0.05_k10,0.05,10,hysteresis,11,0.05,0.01,80,4,1,0,1,0.00625,1.0,0.022222222222222223,1.0,True,74.0,"{""theta"": 0.9581111957349581, ""m"": 0.05, ""k"": 10}",0.04027777777777778,0.7253472222222223
A76A5AF5-5A93-4CF2-A16E-62353BB70E8A,0.05,m0.1_k1,0.1,1,margin_only,11,0.05,0.01,80,7,8,0,8,0.0,1.0,0.0,1.0,True,38.0,"{""theta"": 0.8036766945925364, ""m"": 0.1, ""k"": 1}",0.04236111111111111,0.0
A76A5AF5-5A93-4CF2-A16E-62353BB70E8A,0.05,m0.1_k2,0.1,2,hysteresis,11,0.05,0.01,80,7,0,0,0,0.0,1.0,0.0020833333333333333,1.0,False,,null,,
A76A5AF5-5A93-4CF2-A16E-62353BB70E8A,0.05,m0.1_k3,0.1,3,hysteresis,11,0.05,0.01,80,7,7,0,7,0.0,1.0,0.009722222222222222,1.0,True,53.0,"{""theta"": 0.8575978008377761, ""m"": 0.1, ""k"": 3}",0.04027777777777778,0.05590277777777778
A76A5AF5-5A93-4CF2-A16E-62353BB70E8A,0.05,m0.1_k5,0.1,5,hysteresis,11,0.05,0.01,80,7,2,0,2,0.002777777777777778,1.0,0.02361111111111111,1.0,True,69.0,"{""theta"": 0.9284082254379284, ""m"": 0.1, ""k"": 5}",0.04375,0.4892361111111111
A76A5AF5-5A93-4CF2-A16E-62353BB70E8A,0.05,m0.1_k10,0.1,10,hysteresis,11,0.05,0.01,80,7,1,1,0,0.01875,1.0,0.11736111111111111,1.0,False,,null,,
A76A5AF5-5A93-4CF2-A16E-62353BB70E8A,0.05,m0.2_k1,0.2,1,margin_only,11,0.05,0.01,80,17,0,0,0,0.0,1.0,0.004166666666666667,1.0,False,,null,,
A76A5AF5-5A93-4CF2-A16E-62353BB70E8A,0.05,m0.2_k2,0.2,2,hysteresis,11,0.05,0.01,80,17,6,0,6,0.001388888888888889,1.0,0.04513888888888889,1.0,True,57.0,"{""theta"": 0.8813087204874334, ""m"": 0.2, ""k"": 2}",0.04583333333333333,0.38993055555555556
A76A5AF5-5A93-4CF2-A16E-62353BB70E8A,0.05,m0.2_k3,0.2,3,hysteresis,11,0.05,0.01,80,17,8,8,0,0.005555555555555556,1.0,0.06180555555555556,1.0,False,,null,,
A76A5AF5-5A93-4CF2-A16E-62353BB70E8A,0.05,m0.2_k5,0.2,5,hysteresis,11,0.05,0.01,80,17,2,2,0,0.022222222222222223,1.0,0.10902777777777778,1.0,False,,null,,
A76A5AF5-5A93-4CF2-A16E-62353BB70E8A,0.05,m0.2_k10,0.2,10,hysteresis,11,0.05,0.01,80,17,0,0,0,0.11527777777777778,1.0,0.1986111111111111,1.0,False,,null,,
A76A5AF5-5A93-4CF2-A16E-62353BB70E8A,0.03,m0_k1,0.0,1,instantaneous,11,0.03,0.01,80,0,7,0,7,0.0,0.9694444444444444,0.0,0.9694444444444444,True,39.0,"{""theta"": 0.8297540873318102, ""m"": 0.0, ""k"": 1}",0.02013888888888889,0.0
A76A5AF5-5A93-4CF2-A16E-62353BB70E8A,0.03,m0_k2,0.0,2,dwell_only,11,0.03,0.01,80,0,8,0,8,0.0,0.9826388888888888,0.0,0.9826388888888888,True,42.0,"{""theta"": 0.8386614522916789, ""m"": 0.0, ""k"": 2}",0.02638888888888889,0.007638888888888889
A76A5AF5-5A93-4CF2-A16E-62353BB70E8A,0.03,m0_k3,0.0,3,dwell_only,11,0.03,0.01,80,0,7,0,7,0.0,0.9888888888888889,0.0,0.9888888888888889,True,55.0,"{""theta"": 0.8731911652703732, ""m"": 0.0, ""k"": 3}",0.029861111111111113,0.07708333333333334
A76A5AF5-5A93-4CF2-A16E-62353BB70E8A,0.03,m0_k5,0.0,5,dwell_only,11,0.03,0.01,80,0,6,0,6,0.0,0.9923611111111111,0.0,0.9923611111111111,True,66.0,"{""theta"": 0.9146991622239147, ""m"": 0.0, ""k"": 5}",0.029861111111111113,0.5371527777777778
A76A5AF5-5A93-4CF2-A16E-62353BB70E8A,0.03,m0_k10,0.0,10,dwell_only,11,0.03,0.01,80,0,2,0,2,0.0,0.9958333333333333,0.0,0.9958333333333333,True,73.0,"{""theta"": 0.950019040365575, ""m"": 0.0, ""k"": 10}",0.025,0.7149305555555555
A76A5AF5-5A93-4CF2-A16E-62353BB70E8A,0.03,m0.05_k1,0.05,1,margin_only,11,0.03,0.01,80,4,7,0,7,0.0,1.0,0.0,1.0,True,35.0,"{""theta"": 0.82262474515203, ""m"": 0.05, ""k"": 1}",0.020833333333333332,0.0
A76A5AF5-5A93-4CF2-A16E-62353BB70E8A,0.03,m0.05_k2,0.05,2,hysteresis,11,0.03,0.01,80,4,3,0,3,0.0,1.0,0.001388888888888889,1.0,True,38.0,"{""theta"": 0.8282477066123772, ""m"": 0.05, ""k"": 2}",0.027777777777777776,0.00798611111111111
A76A5AF5-5A93-4CF2-A16E-62353BB70E8A,0.03,m0.05_k3,0.05,3,hysteresis,11,0.03,0.01,80,4,4,0,4,0.0,1.0,0.001388888888888889,1.0,True,62.0,"{""theta"": 0.8998476770753998, ""m"": 0.05, ""k"": 3}",0.027777777777777776,0.290625
A76A5AF5-5A93-4CF2-A16E-62353BB70E8A,0.03,m0.05_k5,0.05,5,hysteresis,11,0.03,0.01,80,4,1,0,1,0.0,1.0,0.002777777777777778,1.0,True,68.0,"{""theta"": 0.9239373952779892, ""m"": 0.05, ""k"": 5}",0.025694444444444443,0.5086805555555556
A76A5AF5-5A93-4CF2-A16E-62353BB70E8A,0.03,m0.05_k10,0.05,10,hysteresis,11,0.03,0.01,80,4,1,0,1,0.00625,1.0,0.022222222222222223,1.0,True,75.0,"{""theta"": 0.967893231150038, ""m"": 0.05, ""k"": 10}",0.022222222222222223,0.7753472222222222
A76A5AF5-5A93-4CF2-A16E-62353BB70E8A,0.03,m0.1_k1,0.1,1,margin_only,11,0.03,0.01,80,7,0,0,0,0.0,1.0,0.0,1.0,False,,null,,
A76A5AF5-5A93-4CF2-A16E-62353BB70E8A,0.03,m0.1_k2,0.1,2,hysteresis,11,0.03,0.01,80,7,5,0,5,0.0,1.0,0.0020833333333333333,1.0,True,49.0,"{""theta"": 0.8556740289413557, ""m"": 0.1, ""k"": 2}",0.02361111111111111,0.03263888888888889
A76A5AF5-5A93-4CF2-A16E-62353BB70E8A,0.03,m0.1_k3,0.1,3,hysteresis,11,0.03,0.01,80,7,4,0,4,0.0,1.0,0.009722222222222222,1.0,True,65.0,"{""theta"": 0.9107958872810358, ""m"": 0.1, ""k"": 3}",0.027777777777777776,0.3871527777777778
A76A5AF5-5A93-4CF2-A16E-62353BB70E8A,0.03,m0.1_k5,0.1,5,hysteresis,11,0.03,0.01,80,7,1,0,1,0.002777777777777778,1.0,0.02361111111111111,1.0,True,72.0,"{""theta"": 0.9424122143945164, ""m"": 0.1, ""k"": 5}",0.02361111111111111,0.6423611111111112
A76A5AF5-5A93-4CF2-A16E-62353BB70E8A,0.03,m0.1_k10,0.1,10,hysteresis,11,0.03,0.01,80,7,0,0,0,0.01875,1.0,0.11736111111111111,1.0,False,,null,,
A76A5AF5-5A93-4CF2-A16E-62353BB70E8A,0.03,m0.2_k1,0.2,1,margin_only,11,0.03,0.01,80,17,0,0,0,0.0,1.0,0.004166666666666667,1.0,False,,null,,
A76A5AF5-5A93-4CF2-A16E-62353BB70E8A,0.03,m0.2_k2,0.2,2,hysteresis,11,0.03,0.01,80,17,2,2,0,0.001388888888888889,1.0,0.04513888888888889,1.0,False,,null,,
A76A5AF5-5A93-4CF2-A16E-62353BB70E8A,0.03,m0.2_k3,0.2,3,hysteresis,11,0.03,0.01,80,17,1,1,0,0.005555555555555556,1.0,0.06180555555555556,1.0,False,,null,,
A76A5AF5-5A93-4CF2-A16E-62353BB70E8A,0.03,m0.2_k5,0.2,5,hysteresis,11,0.03,0.01,80,17,1,1,0,0.022222222222222223,1.0,0.10902777777777778,1.0,False,,null,,
A76A5AF5-5A93-4CF2-A16E-62353BB70E8A,0.03,m0.2_k10,0.2,10,hysteresis,11,0.03,0.01,80,17,0,0,0,0.11527777777777778,1.0,0.1986111111111111,1.0,False,,null,,
A76A5AF5-5A93-4CF2-A16E-62353BB70E8A,0.07,m0_k1,0.0,1,instantaneous,11,0.07,0.01,75,0,8,0,8,0.0,0.9694444444444444,0.0,0.9694444444444444,True,34.0,"{""theta"": 0.7650228484386896, ""m"": 0.0, ""k"": 1}",0.06041666666666667,0.0
A76A5AF5-5A93-4CF2-A16E-62353BB70E8A,0.07,m0_k2,0.0,2,dwell_only,11,0.07,0.01,75,0,10,0,10,0.0,0.9826388888888888,0.0,0.9826388888888888,True,45.0,"{""theta"": 0.8013278458023316, ""m"": 0.0, ""k"": 2}",0.06041666666666667,0.007638888888888889
A76A5AF5-5A93-4CF2-A16E-62353BB70E8A,0.07,m0_k3,0.0,3,dwell_only,11,0.07,0.01,75,0,1,0,1,0.0,0.9888888888888889,0.0,0.9888888888888889,True,47.0,"{""theta"": 0.8074562071591775, ""m"": 0.0, ""k"": 3}",0.06388888888888888,0.015277777777777777
A76A5AF5-5A93-4CF2-A16E-62353BB70E8A,0.07,m0_k5,0.0,5,dwell_only,11,0.07,0.01,75,0,3,0,3,0.0,0.9923611111111111,0.0,0.9923611111111111,True,48.0,"{""theta"": 0.8575978008377761, ""m"": 0.0, ""k"": 5}",0.06666666666666667,0.03333333333333333
A76A5AF5-5A93-4CF2-A16E-62353BB70E8A,0.07,m0_k10,0.0,10,dwell_only,11,0.07,0.01,75,0,1,0,1,0.0,0.9958333333333333,0.0,0.9958333333333333,True,61.0,"{""theta"": 0.9146991622239147, ""m"": 0.0, ""k"": 10}",0.06805555555555555,0.46597222222222223
A76A5AF5-5A93-4CF2-A16E-62353BB70E8A,0.07,m0.05_k1,0.05,1,margin_only,11,0.07,0.01,75,4,1,0,1,0.0,1.0,0.0,1.0,True,32.0,"{""theta"": 0.747409338566993, ""m"": 0.05, ""k"": 1}",0.06388888888888888,0.0
A76A5AF5-5A93-4CF2-A16E-62353BB70E8A,0.07,m0.05_k2,0.05,2,hysteresis,11,0.07,0.01,75,4,11,0,11,0.0,1.0,0.001388888888888889,1.0,True,44.0,"{""theta"": 0.8004185951139493, ""m"": 0.05, ""k"": 2}",0.06111111111111111,0.007638888888888889
A76A5AF5-5A93-4CF2-A16E-62353BB70E8A,0.07,m0.05_k3,0.05,3,hysteresis,11,0.07,0.01,75,4,0,0,0,0.0,1.0,0.001388888888888889,1.0,False,,null,,
A76A5AF5-5A93-4CF2-A16E-62353BB70E8A,0.07,m0.05_k5,0.05,5,hysteresis,11,0.07,0.01,75,4,7,0,7,0.0,1.0,0.002777777777777778,1.0,True,50.0,"{""theta"": 0.8731911652703732, ""m"": 0.05, ""k"": 5}",0.06875,0.10138888888888889
A76A5AF5-5A93-4CF2-A16E-62353BB70E8A,0.07,m0.05_k10,0.05,10,hysteresis,11,0.07,0.01,75,4,2,0,2,0.00625,1.0,0.022222222222222223,1.0,True,66.0,"{""theta"": 0.9376428027418127, ""m"": 0.05, ""k"": 10}",0.06805555555555555,0.5052083333333334
A76A5AF5-5A93-4CF2-A16E-62353BB70E8A,0.07,m0.1_k1,0.1,1,margin_only,11,0.07,0.01,75,7,0,0,0,0.0,1.0,0.0,1.0,False,,null,,
A76A5AF5-5A93-4CF2-A16E-62353BB70E8A,0.07,m0.1_k2,0.1,2,hysteresis,11,0.07,0.01,75,7,6,0,6,0.0,1.0,0.0020833333333333333,1.0,True,39.0,"{""theta"": 0.791068018044408, ""m"": 0.1, ""k"": 2}",0.06180555555555556,0.007638888888888889
A76A5AF5-5A93-4CF2-A16E-62353BB70E8A,0.07,m0.1_k3,0.1,3,hysteresis,11,0.07,0.01,75,7,0,0,0,0.0,1.0,0.009722222222222222,1.0,False,,null,,
A76A5AF5-5A93-4CF2-A16E-62353BB70E8A,0.07,m0.1_k5,0.1,5,hysteresis,11,0.07,0.01,75,7,3,0,3,0.002777777777777778,1.0,0.02361111111111111,1.0,True,57.0,"{""theta"": 0.8998476770753998, ""m"": 0.1, ""k"": 5}",0.06875,0.3236111111111111
A76A5AF5-5A93-4CF2-A16E-62353BB70E8A,0.07,m0.1_k10,0.1,10,hysteresis,11,0.07,0.01,75,7,0,0,0,0.01875,1.0,0.11736111111111111,1.0,False,,null,,
A76A5AF5-5A93-4CF2-A16E-62353BB70E8A,0.07,m0.2_k1,0.2,1,margin_only,11,0.07,0.01,75,17,0,0,0,0.0,1.0,0.004166666666666667,1.0,False,,null,,
A76A5AF5-5A93-4CF2-A16E-62353BB70E8A,0.07,m0.2_k2,0.2,2,hysteresis,11,0.07,0.01,75,17,0,0,0,0.001388888888888889,1.0,0.04513888888888889,1.0,False,,null,,
A76A5AF5-5A93-4CF2-A16E-62353BB70E8A,0.07,m0.2_k3,0.2,3,hysteresis,11,0.07,0.01,75,17,8,1,7,0.005555555555555556,1.0,0.06180555555555556,1.0,True,51.0,"{""theta"": 0.8778427170601676, ""m"": 0.2, ""k"": 3}",0.06944444444444445,0.37881944444444443
A76A5AF5-5A93-4CF2-A16E-62353BB70E8A,0.07,m0.2_k5,0.2,5,hysteresis,11,0.07,0.01,75,17,2,2,0,0.022222222222222223,1.0,0.10902777777777778,1.0,False,,null,,
A76A5AF5-5A93-4CF2-A16E-62353BB70E8A,0.07,m0.2_k10,0.2,10,hysteresis,11,0.07,0.01,75,17,0,0,0,0.11527777777777778,1.0,0.1986111111111111,1.0,False,,null,,
B09E373F-8A54-44C8-895B-0039390B859F,0.05,m0_k1,0.0,1,instantaneous,11,0.05,0.01,80,0,7,0,7,0.0,0.9694444444444444,0.0,0.9694444444444444,True,39.0,"{""theta"": 0.8068165992283807, ""m"": 0.0, ""k"": 1}",0.04027777777777778,0.002777777777777778
B09E373F-8A54-44C8-895B-0039390B859F,0.05,m0_k2,0.0,2,dwell_only,11,0.05,0.01,80,0,9,0,9,0.0,0.9805555555555555,0.0,0.9805555555555555,True,44.0,"{""theta"": 0.8129772495313099, ""m"": 0.0, ""k"": 2}",0.04097222222222222,0.00798611111111111
B09E373F-8A54-44C8-895B-0039390B859F,0.05,m0_k3,0.0,3,dwell_only,11,0.05,0.01,80,0,3,0,3,0.0,0.9805555555555555,0.0,0.9805555555555555,True,51.0,"{""theta"": 0.8188634175648385, ""m"": 0.0, ""k"": 3}",0.04652777777777778,0.016666666666666666
B09E373F-8A54-44C8-895B-0039390B859F,0.05,m0_k5,0.0,5,dwell_only,11,0.05,0.01,80,0,2,0,2,0.0,0.9861111111111112,0.0,0.9861111111111112,True,56.0,"{""theta"": 0.8523176531476429, ""m"": 0.0, ""k"": 5}",0.04722222222222222,0.11875
B09E373F-8A54-44C8-895B-0039390B859F,0.05,m0_k10,0.0,10,dwell_only,11,0.05,0.01,80,0,0,0,0,0.0,1.0,0.0,1.0,False,,null,,
B09E373F-8A54-44C8-895B-0039390B859F,0.05,m0.05_k1,0.05,1,margin_only,11,0.05,0.01,80,4,4,0,4,0.0,0.9840277777777777,0.0,0.9840277777777777,True,29.0,"{""theta"": 0.7963318397984813, ""m"": 0.05, ""k"": 1}",0.041666666666666664,0.002777777777777778
B09E373F-8A54-44C8-895B-0039390B859F,0.05,m0.05_k2,0.05,2,hysteresis,11,0.05,0.01,80,4,6,0,6,0.0,0.9986111111111111,0.0,0.9986111111111111,True,40.0,"{""theta"": 0.8082532880688522, ""m"": 0.05, ""k"": 2}",0.04652777777777778,0.008333333333333333
B09E373F-8A54-44C8-895B-0039390B859F,0.05,m0.05_k3,0.05,3,hysteresis,11,0.05,0.01,80,4,2,0,2,0.0,1.0,0.003472222222222222,1.0,True,54.0,"{""theta"": 0.8383363131645808, ""m"": 0.05, ""k"": 3}",0.05,0.052083333333333336
B09E373F-8A54-44C8-895B-0039390B859F,0.05,m0.05_k5,0.05,5,hysteresis,11,0.05,0.01,80,4,3,0,3,0.0,1.0,0.007638888888888889,1.0,True,59.0,"{""theta"": 0.8715535899124871, ""m"": 0.05, ""k"": 5}",0.05,0.20104166666666667
B09E373F-8A54-44C8-895B-0039390B859F,0.05,m0.05_k10,0.05,10,hysteresis,11,0.05,0.01,80,4,1,0,1,0.015277777777777777,1.0,0.030555555555555555,1.0,True,71.0,"{""theta"": 0.9482809824033124, ""m"": 0.05, ""k"": 10}",0.044444444444444446,0.60625
B09E373F-8A54-44C8-895B-0039390B859F,0.05,m0.1_k1,0.1,1,margin_only,11,0.05,0.01,80,8,13,0,13,0.0,1.0,0.0,1.0,True,20.0,"{""theta"": 0.7845466192789049, ""m"": 0.1, ""k"": 1}",0.04027777777777778,0.002777777777777778
B09E373F-8A54-44C8-895B-0039390B859F,0.05,m0.1_k2,0.1,2,hysteresis,11,0.05,0.01,80,8,7,0,7,0.0,1.0,0.004861111111111111,1.0,True,47.0,"{""theta"": 0.8146850909512057, ""m"": 0.1, ""k"": 2}",0.04236111111111111,0.040625
B09E373F-8A54-44C8-895B-0039390B859F,0.05,m0.1_k3,0.1,3,hysteresis,11,0.05,0.01,80,8,2,0,2,0.003472222222222222,1.0,0.009722222222222222,1.0,True,58.0,"{""theta"": 0.8649665945233839, ""m"": 0.1, ""k"": 3}",0.05,0.121875
B09E373F-8A54-44C8-895B-0039390B859F,0.05,m0.1_k5,0.1,5,hysteresis,11,0.05,0.01,80,8,2,0,2,0.010416666666666666,1.0,0.022916666666666665,1.0,True,63.0,"{""theta"": 0.9033725510492142, ""m"": 0.1, ""k"": 5}",0.04652777777777778,0.3819444444444444
B09E373F-8A54-44C8-895B-0039390B859F,0.05,m0.1_k10,0.1,10,hysteresis,11,0.05,0.01,80,8,0,0,0,0.030555555555555555,1.0,0.06944444444444445,1.0,False,,null,,
B09E373F-8A54-44C8-895B-0039390B859F,0.05,m0.2_k1,0.2,1,margin_only,11,0.05,0.01,80,17,0,0,0,0.0,1.0,0.015277777777777777,1.0,False,,null,,
B09E373F-8A54-44C8-895B-0039390B859F,0.05,m0.2_k2,0.2,2,hysteresis,11,0.05,0.01,80,17,3,0,3,0.004861111111111111,1.0,0.03194444444444444,1.0,True,58.0,"{""theta"": 0.8649665945233839, ""m"": 0.2, ""k"": 2}",0.04236111111111111,0.2388888888888889
B09E373F-8A54-44C8-895B-0039390B859F,0.05,m0.2_k3,0.2,3,hysteresis,11,0.05,0.01,80,17,2,2,0,0.009722222222222222,1.0,0.09027777777777778,1.0,False,,null,,
B09E373F-8A54-44C8-895B-0039390B859F,0.05,m0.2_k5,0.2,5,hysteresis,11,0.05,0.01,80,17,2,2,0,0.02361111111111111,1.0,0.125,1.0,False,,null,,
B09E373F-8A54-44C8-895B-0039390B859F,0.05,m0.2_k10,0.2,10,hysteresis,11,0.05,0.01,80,17,0,0,0,0.0763888888888889,1.0,0.2048611111111111,1.0,False,,null,,
B09E373F-8A54-44C8-895B-0039390B859F,0.03,m0_k1,0.0,1,instantaneous,11,0.03,0.01,80,0,7,0,7,0.0,0.9694444444444444,0.0,0.9694444444444444,True,33.0,"{""theta"": 0.8137504711028754, ""m"": 0.0, ""k"": 1}",0.029861111111111113,0.002777777777777778
B09E373F-8A54-44C8-895B-0039390B859F,0.03,m0_k2,0.0,2,dwell_only,11,0.03,0.01,80,0,9,0,9,0.0,0.9805555555555555,0.0,0.9805555555555555,True,43.0,"{""theta"": 0.8249708000665937, ""m"": 0.0, ""k"": 2}",0.025,0.008333333333333333
B09E373F-8A54-44C8-895B-0039390B859F,0.03,m0_k3,0.0,3,dwell_only,11,0.03,0.01,80,0,7,0,7,0.0,0.9805555555555555,0.0,0.9805555555555555,True,55.0,"{""theta"": 0.8523176531476429, ""m"": 0.0, ""k"": 3}",0.022916666666666665,0.109375
B09E373F-8A54-44C8-895B-0039390B859F,0.03,m0_k5,0.0,5,dwell_only,11,0.03,0.01,80,0,3,0,3,0.0,0.9861111111111112,0.0,0.9861111111111112,True,62.0,"{""theta"": 0.8935729744989178, ""m"": 0.0, ""k"": 5}",0.029166666666666667,0.32256944444444446
B09E373F-8A54-44C8-895B-0039390B859F,0.03,m0_k10,0.0,10,dwell_only,11,0.03,0.01,80,0,1,0,1,0.0,1.0,0.0,1.0,True,75.0,"{""theta"": 0.9725934412345911, ""m"": 0.0, ""k"": 10}",0.021527777777777778,0.7913194444444445
B09E373F-8A54-44C8-895B-0039390B859F,0.03,m0.05_k1,0.05,1,margin_only,11,0.03,0.01,80,4,19,0,19,0.0,0.9840277777777777,0.0,0.9840277777777777,True,35.0,"{""theta"": 0.8157508315780077, ""m"": 0.05, ""k"": 1}",0.022916666666666665,0.002777777777777778
B09E373F-8A54-44C8-895B-0039390B859F,0.03,m0.05_k2,0.05,2,hysteresis,11,0.03,0.01,80,4,14,0,14,0.0,0.9986111111111111,0.0,0.9986111111111111,True,43.0,"{""theta"": 0.8249708000665937, ""m"": 0.05, ""k"": 2}",0.02361111111111111,0.04027777777777778
B09E373F-8A54-44C8-895B-0039390B859F,0.03,m0.05_k3,0.05,3,hysteresis,11,0.03,0.01,80,4,4,0,4,0.0,1.0,0.003472222222222222,1.0,True,57.0,"{""theta"": 0.8649665945233839, ""m"": 0.05, ""k"": 3}",0.027083333333333334,0.11701388888888889
B09E373F-8A54-44C8-895B-0039390B859F,0.03,m0.05_k5,0.05,5,hysteresis,11,0.03,0.01,80,4,3,0,3,0.0,1.0,0.007638888888888889,1.0,True,65.0,"{""theta"": 0.9163814623129765, ""m"": 0.05, ""k"": 5}",0.027083333333333334,0.4621527777777778
B09E373F-8A54-44C8-895B-0039390B859F,0.03,m0.05_k10,0.05,10,hysteresis,11,0.03,0.01,80,4,0,0,0,0.015277777777777777,1.0,0.030555555555555555,1.0,False,,null,,
B09E373F-8A54-44C8-895B-0039390B859F,0.03,m0.1_k1,0.1,1,margin_only,11,0.03,0.01,80,8,14,0,14,0.0,1.0,0.0,1.0,True,13.0,"{""theta"": 0.7931005928295849, ""m"": 0.1, ""k"": 1}",0.029861111111111113,0.008680555555555556
B09E373F-8A54-44C8-895B-0039390B859F,0.03,m0.1_k2,0.1,2,hysteresis,11,0.03,0.01,80,8,7,0,7,0.0,1.0,0.004861111111111111,1.0,True,54.0,"{""theta"": 0.85134372051837, ""m"": 0.1, ""k"": 2}",0.02361111111111111,0.05277777777777778
B09E373F-8A54-44C8-895B-0039390B859F,0.03,m0.1_k3,0.1,3,hysteresis,11,0.03,0.01,80,8,2,0,2,0.003472222222222222,1.0,0.009722222222222222,1.0,True,62.0,"{""theta"": 0.8935729744989178, ""m"": 0.1, ""k"": 3}",0.027083333333333334,0.2659722222222222
B09E373F-8A54-44C8-895B-0039390B859F,0.03,m0.1_k5,0.1,5,hysteresis,11,0.03,0.01,80,8,6,1,5,0.010416666666666666,1.0,0.022916666666666665,1.0,True,67.0,"{""theta"": 0.9261315517079138, ""m"": 0.1, ""k"": 5}",0.029861111111111113,0.5225694444444444
B09E373F-8A54-44C8-895B-0039390B859F,0.03,m0.1_k10,0.1,10,hysteresis,11,0.03,0.01,80,8,0,0,0,0.030555555555555555,1.0,0.06944444444444445,1.0,False,,null,,
B09E373F-8A54-44C8-895B-0039390B859F,0.03,m0.2_k1,0.2,1,margin_only,11,0.03,0.01,80,17,28,0,28,0.0,1.0,0.015277777777777777,1.0,True,28.0,"{""theta"": 0.8107648008338703, ""m"": 0.2, ""k"": 1}",0.024305555555555556,0.09444444444444444
B09E373F-8A54-44C8-895B-0039390B859F,0.03,m0.2_k2,0.2,2,hysteresis,11,0.03,0.01,80,17,6,6,0,0.004861111111111111,1.0,0.03194444444444444,1.0,False,,null,,
B09E373F-8A54-44C8-895B-0039390B859F,0.03,m0.2_k3,0.2,3,hysteresis,11,0.03,0.01,80,17,3,3,0,0.009722222222222222,1.0,0.09027777777777778,1.0,False,,null,,
B09E373F-8A54-44C8-895B-0039390B859F,0.03,m0.2_k5,0.2,5,hysteresis,11,0.03,0.01,80,17,4,4,0,0.02361111111111111,1.0,0.125,1.0,False,,null,,
B09E373F-8A54-44C8-895B-0039390B859F,0.03,m0.2_k10,0.2,10,hysteresis,11,0.03,0.01,80,17,0,0,0,0.0763888888888889,1.0,0.2048611111111111,1.0,False,,null,,
B09E373F-8A54-44C8-895B-0039390B859F,0.07,m0_k1,0.0,1,instantaneous,11,0.07,0.01,80,0,7,0,7,0.0,0.9694444444444444,0.0,0.9694444444444444,True,39.0,"{""theta"": 0.7931005928295849, ""m"": 0.0, ""k"": 1}",0.06041666666666667,0.002777777777777778
B09E373F-8A54-44C8-895B-0039390B859F,0.07,m0_k2,0.0,2,dwell_only,11,0.07,0.01,80,0,6,0,6,0.0,0.9805555555555555,0.0,0.9805555555555555,True,39.0,"{""theta"": 0.7931005928295849, ""m"": 0.0, ""k"": 2}",0.0625,0.00798611111111111
B09E373F-8A54-44C8-895B-0039390B859F,0.07,m0_k3,0.0,3,dwell_only,11,0.07,0.01,80,0,0,0,0,0.0,0.9805555555555555,0.0,0.9805555555555555,False,,null,,
B09E373F-8A54-44C8-895B-0039390B859F,0.07,m0_k5,0.0,5,dwell_only,11,0.07,0.01,80,0,1,0,1,0.0,0.9861111111111112,0.0,0.9861111111111112,True,54.0,"{""theta"": 0.8383363131645808, ""m"": 0.0, ""k"": 5}",0.06736111111111111,0.06527777777777778
B09E373F-8A54-44C8-895B-0039390B859F,0.07,m0_k10,0.0,10,dwell_only,11,0.07,0.01,80,0,3,0,3,0.0,1.0,0.0,1.0,True,63.0,"{""theta"": 0.9033725510492142, ""m"": 0.0, ""k"": 10}",0.06944444444444445,0.3572916666666667
B09E373F-8A54-44C8-895B-0039390B859F,0.07,m0.05_k1,0.05,1,margin_only,11,0.07,0.01,80,4,6,0,6,0.0,0.9840277777777777,0.0,0.9840277777777777,True,31.0,"{""theta"": 0.7835507524375502, ""m"": 0.05, ""k"": 1}",0.06111111111111111,0.002777777777777778
B09E373F-8A54-44C8-895B-0039390B859F,0.07,m0.05_k2,0.05,2,hysteresis,11,0.07,0.01,80,4,4,0,4,0.0,0.9986111111111111,0.0,0.9986111111111111,True,38.0,"{""theta"": 0.7921028439895478, ""m"": 0.05, ""k"": 2}",0.0625,0.00798611111111111
B09E373F-8A54-44C8-895B-0039390B859F,0.07,m0.05_k3,0.05,3,hysteresis,11,0.07,0.01,80,4,0,0,0,0.0,1.0,0.003472222222222222,1.0,False,,null,,
B09E373F-8A54-44C8-895B-0039390B859F,0.07,m0.05_k5,0.05,5,hysteresis,11,0.07,0.01,80,4,0,0,0,0.0,1.0,0.007638888888888889,1.0,False,,null,,
B09E373F-8A54-44C8-895B-0039390B859F,0.07,m0.05_k10,0.05,10,hysteresis,11,0.07,0.01,80,4,3,0,3,0.015277777777777777,1.0,0.030555555555555555,1.0,True,67.0,"{""theta"": 0.9261315517079138, ""m"": 0.05, ""k"": 10}",0.06319444444444444,0.50625
B09E373F-8A54-44C8-895B-0039390B859F,0.07,m0.1_k1,0.1,1,margin_only,11,0.07,0.01,80,8,4,0,4,0.0,1.0,0.0,1.0,True,23.0,"{""theta"": 0.7693095236371796, ""m"": 0.1, ""k"": 1}",0.06388888888888888,0.002777777777777778
B09E373F-8A54-44C8-895B-0039390B859F,0.07,m0.1_k2,0.1,2,hysteresis,11,0.07,0.01,80,8,0,0,0,0.0,1.0,0.004861111111111111,1.0,False,,null,,
B09E373F-8A54-44C8-895B-0039390B859F,0.07,m0.1_k3,0.1,3,hysteresis,11,0.07,0.01,80,8,0,0,0,0.003472222222222222,1.0,0.009722222222222222,1.0,False,,null,,
B09E373F-8A54-44C8-895B-0039390B859F,0.07,m0.1_k5,0.1,5,hysteresis,11,0.07,0.01,80,8,1,0,1,0.010416666666666666,1.0,0.022916666666666665,1.0,True,61.0,"{""theta"": 0.8870780935353344, ""m"": 0.1, ""k"": 5}",0.06736111111111111,0.2847222222222222
B09E373F-8A54-44C8-895B-0039390B859F,0.07,m0.1_k10,0.1,10,hysteresis,11,0.07,0.01,80,8,3,2,1,0.030555555555555555,1.0,0.06944444444444445,1.0,True,71.0,"{""theta"": 0.9482809824033124, ""m"": 0.1, ""k"": 10}",0.06944444444444445,0.5958333333333333
B09E373F-8A54-44C8-895B-0039390B859F,0.07,m0.2_k1,0.2,1,margin_only,11,0.07,0.01,80,17,14,0,14,0.0,1.0,0.015277777777777777,1.0,True,16.0,"{""theta"": 0.7527794949005062, ""m"": 0.2, ""k"": 1}",0.06597222222222222,0.034722222222222224
B09E373F-8A54-44C8-895B-0039390B859F,0.07,m0.2_k2,0.2,2,hysteresis,11,0.07,0.01,80,17,0,0,0,0.004861111111111111,1.0,0.03194444444444444,1.0,False,,null,,
B09E373F-8A54-44C8-895B-0039390B859F,0.07,m0.2_k3,0.2,3,hysteresis,11,0.07,0.01,80,17,0,0,0,0.009722222222222222,1.0,0.09027777777777778,1.0,False,,null,,
B09E373F-8A54-44C8-895B-0039390B859F,0.07,m0.2_k5,0.2,5,hysteresis,11,0.07,0.01,80,17,1,1,0,0.02361111111111111,1.0,0.125,1.0,False,,null,,
B09E373F-8A54-44C8-895B-0039390B859F,0.07,m0.2_k10,0.2,10,hysteresis,11,0.07,0.01,80,17,0,0,0,0.0763888888888889,1.0,0.2048611111111111,1.0,False,,null,,
B9724848-C7E2-45F4-9B3F-A1F38D864495,0.05,m0_k1,0.0,1,instantaneous,12,0.05,0.01,46,0,1,0,1,0.0,0.9694444444444444,0.0,0.9694444444444444,True,15.0,"{""theta"": 0.8578622327790973, ""m"": 0.0, ""k"": 1}",0.04375,0.05138888888888889
B9724848-C7E2-45F4-9B3F-A1F38D864495,0.05,m0_k2,0.0,2,dwell_only,12,0.05,0.01,46,0,4,0,4,0.0,0.98125,0.0,0.98125,True,17.0,"{""theta"": 0.8579649917778184, ""m"": 0.0, ""k"": 2}",0.044444444444444446,0.05625
B9724848-C7E2-45F4-9B3F-A1F38D864495,0.05,m0_k3,0.0,3,dwell_only,12,0.05,0.01,46,0,0,0,0,0.0,0.9798611111111111,0.0,0.9798611111111111,False,,null,,
B9724848-C7E2-45F4-9B3F-A1F38D864495,0.05,m0_k5,0.0,5,dwell_only,12,0.05,0.01,46,0,2,0,2,0.0,0.9868055555555556,0.0,0.9868055555555556,True,27.0,"{""theta"": 0.899667458432304, ""m"": 0.0, ""k"": 5}",0.05,0.2670138888888889
B9724848-C7E2-45F4-9B3F-A1F38D864495,0.05,m0_k10,0.0,10,dwell_only,12,0.05,0.01,46,0,0,0,0,0.0,0.9951388888888889,0.0,0.9951388888888889,False,,null,,
B9724848-C7E2-45F4-9B3F-A1F38D864495,0.05,m0.05_k1,0.05,1,margin_only,12,0.05,0.01,46,5,2,0,2,0.0,1.0,0.0,1.0,True,22.0,"{""theta"": 0.8718289786223278, ""m"": 0.05, ""k"": 1}",0.05,0.06631944444444444
B9724848-C7E2-45F4-9B3F-A1F38D864495,0.05,m0.05_k2,0.05,2,hysteresis,12,0.05,0.01,46,5,0,0,0,0.0,1.0,0.0006944444444444445,1.0,False,,null,,
B9724848-C7E2-45F4-9B3F-A1F38D864495,0.05,m0.05_k3,0.05,3,hysteresis,12,0.05,0.01,46,5,0,0,0,0.0,1.0,0.0,1.0,False,,null,,
B9724848-C7E2-45F4-9B3F-A1F38D864495,0.05,m0.05_k5,0.05,5,hysteresis,12,0.05,0.01,46,5,4,0,4,0.0,1.0,0.002777777777777778,1.0,True,29.0,"{""theta"": 0.9085035629453682, ""m"": 0.05, ""k"": 5}",0.04652777777777778,0.39861111111111114
B9724848-C7E2-45F4-9B3F-A1F38D864495,0.05,m0.05_k10,0.05,10,hysteresis,12,0.05,0.01,46,5,0,0,0,0.011805555555555555,1.0,0.059027777777777776,1.0,False,,null,,
B9724848-C7E2-45F4-9B3F-A1F38D864495,0.05,m0.1_k1,0.1,1,margin_only,12,0.05,0.01,46,9,2,0,2,0.0,1.0,0.0,1.0,True,27.0,"{""theta"": 0.899667458432304, ""m"": 0.1, ""k"": 1}",0.05,0.11180555555555556
B9724848-C7E2-45F4-9B3F-A1F38D864495,0.05,m0.1_k2,0.1,2,hysteresis,12,0.05,0.01,46,9,0,0,0,0.0,1.0,0.0006944444444444445,1.0,False,,null,,
B9724848-C7E2-45F4-9B3F-A1F38D864495,0.05,m0.1_k3,0.1,3,hysteresis,12,0.05,0.01,46,9,0,0,0,0.0,1.0,0.004166666666666667,1.0,False,,null,,
B9724848-C7E2-45F4-9B3F-A1F38D864495,0.05,m0.1_k5,0.1,5,hysteresis,12,0.05,0.01,46,9,2,0,2,0.002777777777777778,1.0,0.0375,1.0,True,33.0,"{""theta"": 0.9315914489311163, ""m"": 0.1, ""k"": 5}",0.04097222222222222,0.5694444444444444
B9724848-C7E2-45F4-9B3F-A1F38D864495,0.05,m0.1_k10,0.1,10,hysteresis,12,0.05,0.01,46,9,0,0,0,0.059027777777777776,1.0,0.10625,1.0,False,,null,,
B9724848-C7E2-45F4-9B3F-A1F38D864495,0.05,m0.2_k1,0.2,1,margin_only,12,0.05,0.01,46,18,2,2,0,0.0,1.0,0.11388888888888889,1.0,False,,null,,
B9724848-C7E2-45F4-9B3F-A1F38D864495,0.05,m0.2_k2,0.2,2,hysteresis,12,0.05,0.01,46,18,0,0,0,0.0006944444444444445,1.0,0.175,1.0,False,,null,,
B9724848-C7E2-45F4-9B3F-A1F38D864495,0.05,m0.2_k3,0.2,3,hysteresis,12,0.05,0.01,46,18,0,0,0,0.008333333333333333,1.0,0.20416666666666666,1.0,False,,null,,
B9724848-C7E2-45F4-9B3F-A1F38D864495,0.05,m0.2_k5,0.2,5,hysteresis,12,0.05,0.01,46,18,3,3,0,0.0375,1.0,0.2923611111111111,1.0,False,,null,,
B9724848-C7E2-45F4-9B3F-A1F38D864495,0.05,m0.2_k10,0.2,10,hysteresis,12,0.05,0.01,46,18,0,0,0,0.10625,1.0,0.36180555555555555,1.0,False,,null,,
B9724848-C7E2-45F4-9B3F-A1F38D864495,0.03,m0_k1,0.0,1,instantaneous,12,0.03,0.01,56,0,2,0,2,0.0,0.9694444444444444,0.0,0.9694444444444444,True,20.0,"{""theta"": 0.858099154150679, ""m"": 0.0, ""k"": 1}",0.025,0.05138888888888889
B9724848-C7E2-45F4-9B3F-A1F38D864495,0.03,m0_k2,0.0,2,dwell_only,12,0.03,0.01,56,0,4,0,4,0.0,0.98125,0.0,0.98125,True,25.0,"{""theta"": 0.8587173396674584, ""m"": 0.0, ""k"": 2}",0.02361111111111111,0.05763888888888889
B9724848-C7E2-45F4-9B3F-A1F38D864495,0.03,m0_k3,0.0,3,dwell_only,12,0.03,0.01,56,0,7,0,7,0.0,0.9798611111111111,0.0,0.9798611111111111,True,34.0,"{""theta"": 0.8827243420427554, ""m"": 0.0, ""k"": 3}",0.02847222222222222,0.19618055555555555
B9724848-C7E2-45F4-9B3F-A1F38D864495,0.03,m0_k5,0.0,5,dwell_only,12,0.03,0.01,56,0,2,0,2,0.0,0.9868055555555556,0.0,0.9868055555555556,True,42.0,"{""theta"": 0.9245605700712589, ""m"": 0.0, ""k"": 5}",0.027777777777777776,0.5038194444444445
B9724848-C7E2-45F4-9B3F-A1F38D864495,0.03,m0_k10,0.0,10,dwell_only,12,0.03,0.01,56,0,1,0,1,0.0,0.9951388888888889,0.0,0.9951388888888889,True,48.0,"{""theta"": 0.9606743847980997, ""m"": 0.0, ""k"": 10}",0.022222222222222223,0.7135416666666666
B9724848-C7E2-45F4-9B3F-A1F38D864495,0.03,m0.05_k1,0.05,1,margin_only,12,0.03,0.01,56,5,0,0,0,0.0,1.0,0.0,1.0,False,,null,,
B9724848-C7E2-45F4-9B3F-A1F38D864495,0.03,m0.05_k2,0.05,2,hysteresis,12,0.03,0.01,56,5,0,0,0,0.0,1.0,0.0006944444444444445,1.0,False,,null,,
B9724848-C7E2-45F4-9B3F-A1F38D864495,0.03,m0.05_k3,0.05,3,hysteresis,12,0.03,0.01,56,5,4,0,4,0.0,1.0,0.0,1.0,True,37.0,"{""theta"": 0.899667458432304, ""m"": 0.05, ""k"": 3}",0.029166666666666667,0.23715277777777777
B9724848-C7E2-45F4-9B3F-A1F38D864495,0.03,m0.05_k5,0.05,5,hysteresis,12,0.03,0.01,56,5,1,0,1,0.0,1.0,0.002777777777777778,1.0,True,44.0,"{""theta"": 0.9386223277909739, ""m"": 0.05, ""k"": 5}",0.02361111111111111,0.6090277777777777
B9724848-C7E2-45F4-9B3F-A1F38D864495,0.03,m0.05_k10,0.05,10,hysteresis,12,0.03,0.01,56,5,1,1,0,0.011805555555555555,1.0,0.059027777777777776,1.0,False,,null,,
B9724848-C7E2-45F4-9B3F-A1F38D864495,0.03,m0.1_k1,0.1,1,margin_only,12,0.03,0.01,56,9,0,0,0,0.0,1.0,0.0,1.0,False,,null,,
B9724848-C7E2-45F4-9B3F-A1F38D864495,0.03,m0.1_k2,0.1,2,hysteresis,12,0.03,0.01,56,9,0,0,0,0.0,1.0,0.0006944444444444445,1.0,False,,null,,
B9724848-C7E2-45F4-9B3F-A1F38D864495,0.03,m0.1_k3,0.1,3,hysteresis,12,0.03,0.01,56,9,4,0,4,0.0,1.0,0.004166666666666667,1.0,True,40.0,"{""theta"": 0.9133471638954869, ""m"": 0.1, ""k"": 3}",0.029166666666666667,0.45243055555555556
B9724848-C7E2-45F4-9B3F-A1F38D864495,0.03,m0.1_k5,0.1,5,hysteresis,12,0.03,0.01,56,9,1,1,0,0.002777777777777778,1.0,0.0375,1.0,False,,null,,
B9724848-C7E2-45F4-9B3F-A1F38D864495,0.03,m0.1_k10,0.1,10,hysteresis,12,0.03,0.01,56,9,0,0,0,0.059027777777777776,1.0,0.10625,1.0,False,,null,,
B9724848-C7E2-45F4-9B3F-A1F38D864495,0.03,m0.2_k1,0.2,1,margin_only,12,0.03,0.01,56,18,0,0,0,0.0,1.0,0.11388888888888889,1.0,False,,null,,
B9724848-C7E2-45F4-9B3F-A1F38D864495,0.03,m0.2_k2,0.2,2,hysteresis,12,0.03,0.01,56,18,0,0,0,0.0006944444444444445,1.0,0.175,1.0,False,,null,,
B9724848-C7E2-45F4-9B3F-A1F38D864495,0.03,m0.2_k3,0.2,3,hysteresis,12,0.03,0.01,56,18,5,5,0,0.008333333333333333,1.0,0.20416666666666666,1.0,False,,null,,
B9724848-C7E2-45F4-9B3F-A1F38D864495,0.03,m0.2_k5,0.2,5,hysteresis,12,0.03,0.01,56,18,0,0,0,0.0375,1.0,0.2923611111111111,1.0,False,,null,,
B9724848-C7E2-45F4-9B3F-A1F38D864495,0.03,m0.2_k10,0.2,10,hysteresis,12,0.03,0.01,56,18,0,0,0,0.10625,1.0,0.36180555555555555,1.0,False,,null,,
B9724848-C7E2-45F4-9B3F-A1F38D864495,0.07,m0_k1,0.0,1,instantaneous,12,0.07,0.01,44,0,0,0,0,0.0,0.9694444444444444,0.0,0.9694444444444444,False,,null,,
B9724848-C7E2-45F4-9B3F-A1F38D864495,0.07,m0_k2,0.0,2,dwell_only,12,0.07,0.01,44,0,0,0,0,0.0,0.98125,0.0,0.98125,False,,null,,
B9724848-C7E2-45F4-9B3F-A1F38D864495,0.07,m0_k3,0.0,3,dwell_only,12,0.07,0.01,44,0,0,0,0,0.0,0.9798611111111111,0.0,0.9798611111111111,False,,null,,
B9724848-C7E2-45F4-9B3F-A1F38D864495,0.07,m0_k5,0.0,5,dwell_only,12,0.07,0.01,44,0,3,0,3,0.0,0.9868055555555556,0.0,0.9868055555555556,True,19.0,"{""theta"": 0.865275163895487, ""m"": 0.0, ""k"": 5}",0.06111111111111111,0.096875
B9724848-C7E2-45F4-9B3F-A1F38D864495,0.07,m0_k10,0.0,10,dwell_only,12,0.07,0.01,44,0,2,0,2,0.0,0.9951388888888889,0.0,0.9951388888888889,True,31.0,"{""theta"": 0.9315914489311163, ""m"": 0.0, ""k"": 10}",0.06666666666666667,0.49409722222222224
B9724848-C7E2-45F4-9B3F-A1F38D864495,0.07,m0.05_k1,0.05,1,margin_only,12,0.07,0.01,44,5,4,0,4,0.0,1.0,0.0,1.0,True,16.0,"{""theta"": 0.8577672209026128, ""m"": 0.05, ""k"": 1}",0.06666666666666667,0.059027777777777776
B9724848-C7E2-45F4-9B3F-A1F38D864495,0.07,m0.05_k2,0.05,2,hysteresis,12,0.07,0.01,44,5,0,0,0,0.0,1.0,0.0006944444444444445,1.0,False,,null,,
B9724848-C7E2-45F4-9B3F-A1F38D864495,0.07,m0.05_k3,0.05,3,hysteresis,12,0.07,0.01,44,5,0,0,0,0.0,1.0,0.0,1.0,False,,null,,
B9724848-C7E2-45F4-9B3F-A1F38D864495,0.07,m0.05_k5,0.05,5,hysteresis,12,0.07,0.01,44,5,3,0,3,0.0,1.0,0.002777777777777778,1.0,True,23.0,"{""theta"": 0.8890261282660332, ""m"": 0.05, ""k"": 5}",0.06111111111111111,0.26458333333333334
B9724848-C7E2-45F4-9B3F-A1F38D864495,0.07,m0.05_k10,0.05,10,hysteresis,12,0.07,0.01,44,5,2,0,2,0.011805555555555555,1.0,0.059027777777777776,1.0,True,36.0,"{""theta"": 0.9606743847980997, ""m"": 0.05, ""k"": 10}",0.06597222222222222,0.60625
B9724848-C7E2-45F4-9B3F-A1F38D864495,0.07,m0.1_k1,0.1,1,margin_only,12,0.07,0.01,44,9,2,0,2,0.0,1.0,0.0,1.0,True,22.0,"{""theta"": 0.8827243420427554, ""m"": 0.1, ""k"": 1}",0.06666666666666667,0.07534722222222222
B9724848-C7E2-45F4-9B3F-A1F38D864495,0.07,m0.1_k2,0.1,2,hysteresis,12,0.07,0.01,44,9,0,0,0,0.0,1.0,0.0006944444444444445,1.0,False,,null,,
B9724848-C7E2-45F4-9B3F-A1F38D864495,0.07,m0.1_k3,0.1,3,hysteresis,12,0.07,0.01,44,9,0,0,0,0.0,1.0,0.004166666666666667,1.0,False,,null,,
B9724848-C7E2-45F4-9B3F-A1F38D864495,0.07,m0.1_k5,0.1,5,hysteresis,12,0.07,0.01,44,9,1,0,1,0.002777777777777778,1.0,0.0375,1.0,True,27.0,"{""theta"": 0.9085035629453682, ""m"": 0.1, ""k"": 5}",0.06666666666666667,0.4527777777777778
B9724848-C7E2-45F4-9B3F-A1F38D864495,0.07,m0.1_k10,0.1,10,hysteresis,12,0.07,0.01,44,9,2,2,0,0.059027777777777776,1.0,0.10625,1.0,False,,null,,
B9724848-C7E2-45F4-9B3F-A1F38D864495,0.07,m0.2_k1,0.2,1,margin_only,12,0.07,0.01,44,18,1,1,0,0.0,1.0,0.11388888888888889,1.0,False,,null,,
B9724848-C7E2-45F4-9B3F-A1F38D864495,0.07,m0.2_k2,0.2,2,hysteresis,12,0.07,0.01,44,18,0,0,0,0.0006944444444444445,1.0,0.175,1.0,False,,null,,
B9724848-C7E2-45F4-9B3F-A1F38D864495,0.07,m0.2_k3,0.2,3,hysteresis,12,0.07,0.01,44,18,0,0,0,0.008333333333333333,1.0,0.20416666666666666,1.0,False,,null,,
B9724848-C7E2-45F4-9B3F-A1F38D864495,0.07,m0.2_k5,0.2,5,hysteresis,12,0.07,0.01,44,18,0,0,0,0.0375,1.0,0.2923611111111111,1.0,False,,null,,
B9724848-C7E2-45F4-9B3F-A1F38D864495,0.07,m0.2_k10,0.2,10,hysteresis,12,0.07,0.01,44,18,0,0,0,0.10625,1.0,0.36180555555555555,1.0,False,,null,,
BE3CA5A6-A561-4BBD-B7C9-5DF6805400FC,0.05,m0_k1,0.0,1,instantaneous,12,0.05,0.01,80,0,7,0,7,0.0,0.9729166666666667,0.0,0.9729166666666667,True,39.0,"{""theta"": 0.8132170324516976, ""m"": 0.0, ""k"": 1}",0.04027777777777778,0.004166666666666667
BE3CA5A6-A561-4BBD-B7C9-5DF6805400FC,0.05,m0_k2,0.0,2,dwell_only,12,0.05,0.01,80,0,12,0,12,0.0,0.9854166666666667,0.0,0.9854166666666667,True,37.0,"{""theta"": 0.8124190871968024, ""m"": 0.0, ""k"": 2}",0.05,0.011111111111111112
BE3CA5A6-A561-4BBD-B7C9-5DF6805400FC,0.05,m0_k3,0.0,3,dwell_only,12,0.05,0.01,80,0,3,0,3,0.0,0.9930555555555556,0.0,0.9930555555555556,True,52.0,"{""theta"": 0.8307146876758582, ""m"": 0.0, ""k"": 3}",0.044444444444444446,0.016319444444444445
BE3CA5A6-A561-4BBD-B7C9-5DF6805400FC,0.05,m0_k5,0.0,5,dwell_only,12,0.05,0.01,80,0,2,0,2,0.0,1.0,0.0,1.0,True,62.0,"{""theta"": 0.8846120052522978, ""m"": 0.0, ""k"": 5}",0.04375,0.38506944444444446
BE3CA5A6-A561-4BBD-B7C9-5DF6805400FC,0.05,m0_k10,0.0,10,dwell_only,12,0.05,0.01,80,0,1,0,1,0.0,1.0,0.0,1.0,True,71.0,"{""theta"": 0.9388482461076721, ""m"": 0.0, ""k"": 10}",0.04583333333333333,0.6583333333333333
BE3CA5A6-A561-4BBD-B7C9-5DF6805400FC,0.05,m0.05_k1,0.05,1,margin_only,12,0.05,0.01,80,3,19,0,19,0.0,1.0,0.0,1.0,True,44.0,"{""theta"": 0.8160792462086778, ""m"": 0.05, ""k"": 1}",0.041666666666666664,0.004166666666666667
BE3CA5A6-A561-4BBD-B7C9-5DF6805400FC,0.05,m0.05_k2,0.05,2,hysteresis,12,0.05,0.01,80,3,0,0,0,0.0,1.0,0.0006944444444444445,1.0,False,,null,,
BE3CA5A6-A561-4BBD-B7C9-5DF6805400FC,0.05,m0.05_k3,0.05,3,hysteresis,12,0.05,0.01,80,3,3,0,3,0.0,1.0,0.001388888888888889,1.0,True,50.0,"{""theta"": 0.825150426388468, ""m"": 0.05, ""k"": 3}",0.041666666666666664,0.036458333333333336
BE3CA5A6-A561-4BBD-B7C9-5DF6805400FC,0.05,m0.05_k5,0.05,5,hysteresis,12,0.05,0.01,80,3,2,0,2,0.002777777777777778,1.0,0.006944444444444444,1.0,True,66.0,"{""theta"": 0.9071468767585819, ""m"": 0.05, ""k"": 5}",0.04861111111111111,0.44583333333333336
BE3CA5A6-A561-4BBD-B7C9-5DF6805400FC,0.05,m0.05_k10,0.05,10,hysteresis,12,0.05,0.01,80,3,0,0,0,0.00625,1.0,0.029166666666666667,1.0,False,,null,,
BE3CA5A6-A561-4BBD-B7C9-5DF6805400FC,0.05,m0.1_k1,0.1,1,margin_only,12,0.05,0.01,80,7,26,0,26,0.0,1.0,0.0,1.0,True,25.0,"{""theta"": 0.8020489733489171, ""m"": 0.1, ""k"": 1}",0.043055555555555555,0.022916666666666665
BE3CA5A6-A561-4BBD-B7C9-5DF6805400FC,0.05,m0.1_k2,0.1,2,hysteresis,12,0.05,0.01,80,7,0,0,0,0.0006944444444444445,1.0,0.003472222222222222,1.0,False,,null,,
BE3CA5A6-A561-4BBD-B7C9-5DF6805400FC,0.05,m0.1_k3,0.1,3,hysteresis,12,0.05,0.01,80,7,3,0,3,0.001388888888888889,1.0,0.009722222222222222,1.0,True,54.0,"{""theta"": 0.8496167885950103, ""m"": 0.1, ""k"": 3}",0.041666666666666664,0.2503472222222222
BE3CA5A6-A561-4BBD-B7C9-5DF6805400FC,0.05,m0.1_k5,0.1,5,hysteresis,12,0.05,0.01,80,7,1,0,1,0.006944444444444444,1.0,0.029861111111111113,1.0,True,69.0,"{""theta"": 0.9274995310448321, ""m"": 0.1, ""k"": 5}",0.043055555555555555,0.5111111111111111
BE3CA5A6-A561-4BBD-B7C9-5DF6805400FC,0.05,m0.1_k10,0.1,10,hysteresis,12,0.05,0.01,80,7,0,0,0,0.029166666666666667,1.0,0.08125,1.0,False,,null,,
BE3CA5A6-A561-4BBD-B7C9-5DF6805400FC,0.05,m0.2_k1,0.2,1,margin_only,12,0.05,0.01,80,14,49,0,49,0.0,1.0,0.0,1.0,True,12.0,"{""theta"": 0.7856762333520916, ""m"": 0.2, ""k"": 1}",0.04722222222222222,0.041666666666666664
BE3CA5A6-A561-4BBD-B7C9-5DF6805400FC,0.05,m0.2_k2,0.2,2,hysteresis,12,0.05,0.01,80,14,0,0,0,0.003472222222222222,1.0,0.015277777777777777,1.0,False,,null,,
BE3CA5A6-A561-4BBD-B7C9-5DF6805400FC,0.05,m0.2_k3,0.2,3,hysteresis,12,0.05,0.01,80,14,2,1,1,0.009722222222222222,1.0,0.041666666666666664,1.0,True,65.0,"{""theta"": 0.8994921965860063, ""m"": 0.2, ""k"": 3}",0.041666666666666664,0.5
BE3CA5A6-A561-4BBD-B7C9-5DF6805400FC,0.05,m0.2_k5,0.2,5,hysteresis,12,0.05,0.01,80,14,1,1,0,0.029861111111111113,1.0,0.11805555555555555,1.0,False,,null,,
BE3CA5A6-A561-4BBD-B7C9-5DF6805400FC,0.05,m0.2_k10,0.2,10,hysteresis,12,0.05,0.01,80,14,0,0,0,0.075,1.0,0.20208333333333334,1.0,False,,null,,
BE3CA5A6-A561-4BBD-B7C9-5DF6805400FC,0.03,m0_k1,0.0,1,instantaneous,12,0.03,0.01,80,0,7,0,7,0.0,0.9729166666666667,0.0,0.9729166666666667,True,39.0,"{""theta"": 0.8305887200650285, ""m"": 0.0, ""k"": 1}",0.02013888888888889,0.004166666666666667
BE3CA5A6-A561-4BBD-B7C9-5DF6805400FC,0.03,m0_k2,0.0,2,dwell_only,12,0.03,0.01,80,0,10,0,10,0.0,0.9854166666666667,0.0,0.9854166666666667,True,44.0,"{""theta"": 0.8386368473707245, ""m"": 0.0, ""k"": 2}",0.02361111111111111,0.011805555555555555
BE3CA5A6-A561-4BBD-B7C9-5DF6805400FC,0.03,m0_k3,0.0,3,dwell_only,12,0.03,0.01,80,0,6,0,6,0.0,0.9930555555555556,0.0,0.9930555555555556,True,58.0,"{""theta"": 0.8658788219846183, ""m"": 0.0, ""k"": 3}",0.029861111111111113,0.18125
BE3CA5A6-A561-4BBD-B7C9-5DF6805400FC,0.03,m0_k5,0.0,5,dwell_only,12,0.03,0.01,80,0,2,0,2,0.0,1.0,0.0,1.0,True,68.0,"{""theta"": 0.9211217407615832, ""m"": 0.0, ""k"": 5}",0.029166666666666667,0.5559027777777777
BE3CA5A6-A561-4BBD-B7C9-5DF6805400FC,0.03,m0_k10,0.0,10,dwell_only,12,0.03,0.01,80,0,1,0,1,0.0,1.0,0.0,1.0,True,73.0,"{""theta"": 0.9513697992871881, ""m"": 0.0, ""k"": 10}",0.02847222222222222,0.7309027777777778
BE3CA5A6-A561-4BBD-B7C9-5DF6805400FC,0.03,m0.05_k1,0.05,1,margin_only,12,0.03,0.01,80,3,1,0,1,0.0,1.0,0.0,1.0,True,37.0,"{""theta"": 0.8251005930479199, ""m"": 0.05, ""k"": 1}",0.021527777777777778,0.008680555555555556
BE3CA5A6-A561-4BBD-B7C9-5DF6805400FC,0.03,m0.05_k2,0.05,2,hysteresis,12,0.03,0.01,80,3,1,0,1,0.0,1.0,0.0006944444444444445,1.0,True,38.0,"{""theta"": 0.8288754755686379, ""m"": 0.05, ""k"": 2}",0.025,0.03333333333333333
BE3CA5A6-A561-4BBD-B7C9-5DF6805400FC,0.03,m0.05_k3,0.05,3,hysteresis,12,0.03,0.01,80,3,3,0,3,0.0,1.0,0.001388888888888889,1.0,True,63.0,"{""theta"": 0.8897955355468017, ""m"": 0.05, ""k"": 3}",0.027083333333333334,0.3347222222222222
BE3CA5A6-A561-4BBD-B7C9-5DF6805400FC,0.03,m0.05_k5,0.05,5,hysteresis,12,0.03,0.01,80,3,1,0,1,0.002777777777777778,1.0,0.006944444444444444,1.0,True,71.0,"{""theta"": 0.9388482461076721, ""m"": 0.05, ""k"": 5}",0.022222222222222223,0.6854166666666667
BE3CA5A6-A561-4BBD-B7C9-5DF6805400FC,0.03,m0.05_k10,0.05,10,hysteresis,12,0.03,0.01,80,3,1,0,1,0.00625,1.0,0.029166666666666667,1.0,True,76.0,"{""theta"": 0.970845751266179, ""m"": 0.05, ""k"": 10}",0.029166666666666667,0.759375
BE3CA5A6-A561-4BBD-B7C9-5DF6805400FC,0.03,m0.1_k1,0.1,1,margin_only,12,0.03,0.01,80,7,0,0,0,0.0,1.0,0.0,1.0,False,,null,,
BE3CA5A6-A561-4BBD-B7C9-5DF6805400FC,0.03,m0.1_k2,0.1,2,hysteresis,12,0.03,0.01,80,7,6,0,6,0.0006944444444444445,1.0,0.003472222222222222,1.0,True,50.0,"{""theta"": 0.8496167885950103, ""m"": 0.1, ""k"": 2}",0.025,0.18368055555555557
BE3CA5A6-A561-4BBD-B7C9-5DF6805400FC,0.03,m0.1_k3,0.1,3,hysteresis,12,0.03,0.01,80,7,1,0,1,0.001388888888888889,1.0,0.009722222222222222,1.0,True,67.0,"{""theta"": 0.9142749953104483, ""m"": 0.1, ""k"": 3}",0.025694444444444443,0.46631944444444445
BE3CA5A6-A561-4BBD-B7C9-5DF6805400FC,0.03,m0.1_k5,0.1,5,hysteresis,12,0.03,0.01,80,7,4,3,1,0.006944444444444444,1.0,0.029861111111111113,1.0,True,72.0,"{""theta"": 0.9449446632901894, ""m"": 0.1, ""k"": 5}",0.029861111111111113,0.6833333333333333
BE3CA5A6-A561-4BBD-B7C9-5DF6805400FC,0.03,m0.1_k10,0.1,10,hysteresis,12,0.03,0.01,80,7,1,1,0,0.029166666666666667,1.0,0.08125,1.0,False,,null,,
BE3CA5A6-A561-4BBD-B7C9-5DF6805400FC,0.03,m0.2_k1,0.2,1,margin_only,12,0.03,0.01,80,14,0,0,0,0.0,1.0,0.0,1.0,False,,null,,
BE3CA5A6-A561-4BBD-B7C9-5DF6805400FC,0.03,m0.2_k2,0.2,2,hysteresis,12,0.03,0.01,80,14,4,0,4,0.003472222222222222,1.0,0.015277777777777777,1.0,True,60.0,"{""theta"": 0.8755392984430689, ""m"": 0.2, ""k"": 2}",0.022916666666666665,0.4579861111111111
BE3CA5A6-A561-4BBD-B7C9-5DF6805400FC,0.03,m0.2_k3,0.2,3,hysteresis,12,0.03,0.01,80,14,2,2,0,0.009722222222222222,1.0,0.041666666666666664,1.0,False,,null,,
BE3CA5A6-A561-4BBD-B7C9-5DF6805400FC,0.03,m0.2_k5,0.2,5,hysteresis,12,0.03,0.01,80,14,1,1,0,0.029861111111111113,1.0,0.11805555555555555,1.0,False,,null,,
BE3CA5A6-A561-4BBD-B7C9-5DF6805400FC,0.03,m0.2_k10,0.2,10,hysteresis,12,0.03,0.01,80,14,0,0,0,0.075,1.0,0.20208333333333334,1.0,False,,null,,
BE3CA5A6-A561-4BBD-B7C9-5DF6805400FC,0.07,m0_k1,0.0,1,instantaneous,12,0.07,0.01,79,0,7,0,7,0.0,0.9729166666666667,0.0,0.9729166666666667,True,38.0,"{""theta"": 0.8026936784843368, ""m"": 0.0, ""k"": 1}",0.06041666666666667,0.004166666666666667
BE3CA5A6-A561-4BBD-B7C9-5DF6805400FC,0.07,m0_k2,0.0,2,dwell_only,12,0.07,0.01,79,0,4,0,4,0.0,0.9854166666666667,0.0,0.9854166666666667,True,45.0,"{""theta"": 0.8096483557710346, ""m"": 0.0, ""k"": 2}",0.06388888888888888,0.010763888888888889
BE3CA5A6-A561-4BBD-B7C9-5DF6805400FC,0.07,m0_k3,0.0,3,dwell_only,12,0.07,0.01,79,0,6,0,6,0.0,0.9930555555555556,0.0,0.9930555555555556,True,46.0,"{""theta"": 0.8102680980621328, ""m"": 0.0, ""k"": 3}",0.06875,0.014583333333333334
BE3CA5A6-A561-4BBD-B7C9-5DF6805400FC,0.07,m0_k5,0.0,5,dwell_only,12,0.07,0.01,79,0,7,0,7,0.0,1.0,0.0,1.0,True,52.0,"{""theta"": 0.8448696304633277, ""m"": 0.0, ""k"": 5}",0.06666666666666667,0.03298611111111111
BE3CA5A6-A561-4BBD-B7C9-5DF6805400FC,0.07,m0_k10,0.0,10,dwell_only,12,0.07,0.01,79,0,2,0,2,0.0,1.0,0.0,1.0,True,68.0,"{""theta"": 0.9274995310448321, ""m"": 0.0, ""k"": 10}",0.06527777777777778,0.5829861111111111
BE3CA5A6-A561-4BBD-B7C9-5DF6805400FC,0.07,m0.05_k1,0.05,1,margin_only,12,0.07,0.01,79,3,6,0,6,0.0,1.0,0.0,1.0,True,28.0,"{""theta"": 0.790923336652093, ""m"": 0.05, ""k"": 1}",0.06319444444444444,0.0020833333333333333
BE3CA5A6-A561-4BBD-B7C9-5DF6805400FC,0.07,m0.05_k2,0.05,2,hysteresis,12,0.07,0.01,79,3,0,0,0,0.0,1.0,0.0006944444444444445,1.0,False,,null,,
BE3CA5A6-A561-4BBD-B7C9-5DF6805400FC,0.07,m0.05_k3,0.05,3,hysteresis,12,0.07,0.01,79,3,0,0,0,0.0,1.0,0.001388888888888889,1.0,False,,null,,
BE3CA5A6-A561-4BBD-B7C9-5DF6805400FC,0.07,m0.05_k5,0.05,5,hysteresis,12,0.07,0.01,79,3,12,0,12,0.002777777777777778,1.0,0.006944444444444444,1.0,True,52.0,"{""theta"": 0.8448696304633277, ""m"": 0.05, ""k"": 5}",0.06666666666666667,0.1371527777777778
BE3CA5A6-A561-4BBD-B7C9-5DF6805400FC,0.07,m0.05_k10,0.05,10,hysteresis,12,0.07,0.01,79,3,1,0,1,0.00625,1.0,0.029166666666666667,1.0,True,71.0,"{""theta"": 0.9449446632901894, ""m"": 0.05, ""k"": 10}",0.06944444444444445,0.6465277777777778
BE3CA5A6-A561-4BBD-B7C9-5DF6805400FC,0.07,m0.1_k1,0.1,1,margin_only,12,0.07,0.01,79,7,15,0,15,0.0,1.0,0.0,1.0,True,29.0,"{""theta"": 0.792258019133371, ""m"": 0.1, ""k"": 1}",0.06180555555555556,0.0020833333333333333
BE3CA5A6-A561-4BBD-B7C9-5DF6805400FC,0.07,m0.1_k2,0.1,2,hysteresis,12,0.07,0.01,79,7,15,0,15,0.0006944444444444445,1.0,0.003472222222222222,1.0,True,37.0,"{""theta"": 0.8020489733489171, ""m"": 0.1, ""k"": 2}",0.06666666666666667,0.02847222222222222
BE3CA5A6-A561-4BBD-B7C9-5DF6805400FC,0.07,m0.1_k3,0.1,3,hysteresis,12,0.07,0.01,79,7,0,0,0,0.001388888888888889,1.0,0.009722222222222222,1.0,False,,null,,
BE3CA5A6-A561-4BBD-B7C9-5DF6805400FC,0.07,m0.1_k5,0.1,5,hysteresis,12,0.07,0.01,79,7,9,0,9,0.006944444444444444,1.0,0.029861111111111113,1.0,True,57.0,"{""theta"": 0.8658788219846183, ""m"": 0.1, ""k"": 5}",0.06666666666666667,0.28923611111111114
BE3CA5A6-A561-4BBD-B7C9-5DF6805400FC,0.07,m0.1_k10,0.1,10,hysteresis,12,0.07,0.01,79,7,1,1,0,0.029166666666666667,1.0,0.08125,1.0,False,,null,,
BE3CA5A6-A561-4BBD-B7C9-5DF6805400FC,0.07,m0.2_k1,0.2,1,margin_only,12,0.07,0.01,79,14,7,0,7,0.0,1.0,0.0,1.0,True,12.0,"{""theta"": 0.7703432751828927, ""m"": 0.2, ""k"": 1}",0.06319444444444444,0.026041666666666668
BE3CA5A6-A561-4BBD-B7C9-5DF6805400FC,0.07,m0.2_k2,0.2,2,hysteresis,12,0.07,0.01,79,14,7,0,7,0.003472222222222222,1.0,0.015277777777777777,1.0,True,52.0,"{""theta"": 0.8448696304633277, ""m"": 0.2, ""k"": 2}",0.06666666666666667,0.28055555555555556
BE3CA5A6-A561-4BBD-B7C9-5DF6805400FC,0.07,m0.2_k3,0.2,3,hysteresis,12,0.07,0.01,79,14,0,0,0,0.009722222222222222,1.0,0.041666666666666664,1.0,False,,null,,
BE3CA5A6-A561-4BBD-B7C9-5DF6805400FC,0.07,m0.2_k5,0.2,5,hysteresis,12,0.07,0.01,79,14,8,8,0,0.029861111111111113,1.0,0.11805555555555555,1.0,False,,null,,
BE3CA5A6-A561-4BBD-B7C9-5DF6805400FC,0.07,m0.2_k10,0.2,10,hysteresis,12,0.07,0.01,79,14,0,0,0,0.075,1.0,0.20208333333333334,1.0,False,,null,,
CA820D43-E5E2-42EF-9798-BE56F776370B,0.05,m0_k1,0.0,1,instantaneous,12,0.05,0.01,79,0,8,0,8,0.0,0.9694444444444444,0.0,0.9694444444444444,True,33.0,"{""theta"": 0.8473766997213512, ""m"": 0.0, ""k"": 1}",0.049305555555555554,0.020833333333333332
CA820D43-E5E2-42EF-9798-BE56F776370B,0.05,m0_k2,0.0,2,dwell_only,12,0.05,0.01,79,0,10,0,10,0.0,0.9729166666666667,0.0,0.9729166666666667,True,46.0,"{""theta"": 0.8514139790031212, ""m"": 0.0, ""k"": 2}",0.04375,0.02847222222222222
CA820D43-E5E2-42EF-9798-BE56F776370B,0.05,m0_k3,0.0,3,dwell_only,12,0.05,0.01,79,0,0,0,0,0.0,0.9756944444444444,0.0,0.9756944444444444,False,,null,,
CA820D43-E5E2-42EF-9798-BE56F776370B,0.05,m0_k5,0.0,5,dwell_only,12,0.05,0.01,79,0,2,0,2,0.0,0.9923611111111111,0.0,0.9923611111111111,True,60.0,"{""theta"": 0.8942589615057221, ""m"": 0.0, ""k"": 5}",0.05,0.21736111111111112
CA820D43-E5E2-42EF-9798-BE56F776370B,0.05,m0_k10,0.0,10,dwell_only,12,0.05,0.01,79,0,0,0,0,0.0,1.0,0.0,1.0,False,,null,,
CA820D43-E5E2-42EF-9798-BE56F776370B,0.05,m0.05_k1,0.05,1,margin_only,12,0.05,0.01,79,6,1,0,1,0.0,1.0,0.0,1.0,True,12.0,"{""theta"": 0.828226851413979, ""m"": 0.05, ""k"": 1}",0.04652777777777778,0.016666666666666666
CA820D43-E5E2-42EF-9798-BE56F776370B,0.05,m0.05_k2,0.05,2,hysteresis,12,0.05,0.01,79,6,3,0,3,0.0020833333333333333,1.0,0.0020833333333333333,1.0,True,54.0,"{""theta"": 0.8626690627068949, ""m"": 0.05, ""k"": 2}",0.049305555555555554,0.059027777777777776
CA820D43-E5E2-42EF-9798-BE56F776370B,0.05,m0.05_k3,0.05,3,hysteresis,12,0.05,0.01,79,6,1,0,1,0.004166666666666667,1.0,0.004166666666666667,1.0,True,57.0,"{""theta"": 0.8786551688262555, ""m"": 0.05, ""k"": 3}",0.04236111111111111,0.11736111111111111
CA820D43-E5E2-42EF-9798-BE56F776370B,0.05,m0.05_k5,0.05,5,hysteresis,12,0.05,0.01,79,6,2,0,2,0.011111111111111112,1.0,0.01597222222222222,1.0,True,63.0,"{""theta"": 0.9111888773290456, ""m"": 0.05, ""k"": 5}",0.04791666666666667,0.30451388888888886
CA820D43-E5E2-42EF-9798-BE56F776370B,0.05,m0.05_k10,0.05,10,hysteresis,12,0.05,0.01,79,6,1,1,0,0.027777777777777776,1.0,0.05138888888888889,1.0,False,,null,,
CA820D43-E5E2-42EF-9798-BE56F776370B,0.05,m0.1_k1,0.1,1,margin_only,12,0.05,0.01,79,10,41,0,41,0.0,1.0,0.0,1.0,True,12.0,"{""theta"": 0.828226851413979, ""m"": 0.1, ""k"": 1}",0.044444444444444446,0.021180555555555557
CA820D43-E5E2-42EF-9798-BE56F776370B,0.05,m0.1_k2,0.1,2,hysteresis,12,0.05,0.01,79,10,3,0,3,0.0020833333333333333,1.0,0.003472222222222222,1.0,True,59.0,"{""theta"": 0.8895146883571361, ""m"": 0.1, ""k"": 2}",0.04861111111111111,0.153125
CA820D43-E5E2-42EF-9798-BE56F776370B,0.05,m0.1_k3,0.1,3,hysteresis,12,0.05,0.01,79,10,0,0,0,0.004166666666666667,1.0,0.006944444444444444,1.0,False,,null,,
CA820D43-E5E2-42EF-9798-BE56F776370B,0.05,m0.1_k5,0.1,5,hysteresis,12,0.05,0.01,79,10,1,0,1,0.011111111111111112,1.0,0.03819444444444445,1.0,True,67.0,"{""theta"": 0.9377696396481604, ""m"": 0.1, ""k"": 5}",0.04513888888888889,0.571875
CA820D43-E5E2-42EF-9798-BE56F776370B,0.05,m0.1_k10,0.1,10,hysteresis,12,0.05,0.01,79,10,0,0,0,0.05138888888888889,1.0,0.11527777777777778,1.0,False,,null,,
CA820D43-E5E2-42EF-9798-BE56F776370B,0.05,m0.2_k1,0.2,1,margin_only,12,0.05,0.01,79,17,37,0,37,0.0,1.0,0.043055555555555555,1.0,True,25.0,"{""theta"": 0.8445939948635494, ""m"": 0.2, ""k"": 1}",0.04652777777777778,0.134375
CA820D43-E5E2-42EF-9798-BE56F776370B,0.05,m0.2_k2,0.2,2,hysteresis,12,0.05,0.01,79,17,3,3,0,0.003472222222222222,1.0,0.07152777777777777,1.0,False,,null,,
CA820D43-E5E2-42EF-9798-BE56F776370B,0.05,m0.2_k3,0.2,3,hysteresis,12,0.05,0.01,79,17,0,0,0,0.006944444444444444,1.0,0.08819444444444445,1.0,False,,null,,
CA820D43-E5E2-42EF-9798-BE56F776370B,0.05,m0.2_k5,0.2,5,hysteresis,12,0.05,0.01,79,17,2,2,0,0.03333333333333333,1.0,0.1423611111111111,1.0,False,,null,,
CA820D43-E5E2-42EF-9798-BE56F776370B,0.05,m0.2_k10,0.2,10,hysteresis,12,0.05,0.01,79,17,0,0,0,0.10277777777777777,1.0,0.32916666666666666,1.0,False,,null,,
CA820D43-E5E2-42EF-9798-BE56F776370B,0.03,m0_k1,0.0,1,instantaneous,12,0.03,0.01,78,0,6,0,6,0.0,0.9694444444444444,0.0,0.9694444444444444,True,34.0,"{""theta"": 0.8527917225055597, ""m"": 0.0, ""k"": 1}",0.02638888888888889,0.03229166666666667
CA820D43-E5E2-42EF-9798-BE56F776370B,0.03,m0_k2,0.0,2,dwell_only,12,0.03,0.01,78,0,7,0,7,0.0,0.9729166666666667,0.0,0.9729166666666667,True,43.0,"{""theta"": 0.8545351366688736, ""m"": 0.0, ""k"": 2}",0.024305555555555556,0.03576388888888889
CA820D43-E5E2-42EF-9798-BE56F776370B,0.03,m0_k3,0.0,3,dwell_only,12,0.03,0.01,78,0,11,0,11,0.0,0.9756944444444444,0.0,0.9756944444444444,True,50.0,"{""theta"": 0.8578745258241238, ""m"": 0.0, ""k"": 3}",0.029166666666666667,0.049652777777777775
CA820D43-E5E2-42EF-9798-BE56F776370B,0.03,m0_k5,0.0,5,dwell_only,12,0.03,0.01,78,0,4,0,4,0.0,0.9923611111111111,0.0,0.9923611111111111,True,62.0,"{""theta"": 0.9111888773290456, ""m"": 0.0, ""k"": 5}",0.029166666666666667,0.4097222222222222
CA820D43-E5E2-42EF-9798-BE56F776370B,0.03,m0_k10,0.0,10,dwell_only,12,0.03,0.01,78,0,5,0,5,0.0,1.0,0.0,1.0,True,71.0,"{""theta"": 0.9693090702733377, ""m"": 0.0, ""k"": 10}",0.027777777777777776,0.7260416666666667
CA820D43-E5E2-42EF-9798-BE56F776370B,0.03,m0.05_k1,0.05,1,margin_only,12,0.03,0.01,78,6,0,0,0,0.0,1.0,0.0,1.0,False,,null,,
CA820D43-E5E2-42EF-9798-BE56F776370B,0.03,m0.05_k2,0.05,2,hysteresis,12,0.03,0.01,78,6,0,0,0,0.0020833333333333333,1.0,0.0020833333333333333,1.0,False,,null,,
CA820D43-E5E2-42EF-9798-BE56F776370B,0.03,m0.05_k3,0.05,3,hysteresis,12,0.03,0.01,78,6,4,0,4,0.004166666666666667,1.0,0.004166666666666667,1.0,True,57.0,"{""theta"": 0.8835866073961978, ""m"": 0.05, ""k"": 3}",0.029166666666666667,0.1267361111111111
CA820D43-E5E2-42EF-9798-BE56F776370B,0.03,m0.05_k5,0.05,5,hysteresis,12,0.03,0.01,78,6,3,0,3,0.011111111111111112,1.0,0.01597222222222222,1.0,True,65.0,"{""theta"": 0.9312996784261799, ""m"": 0.05, ""k"": 5}",0.027777777777777776,0.5673611111111111
CA820D43-E5E2-42EF-9798-BE56F776370B,0.03,m0.05_k10,0.05,10,hysteresis,12,0.03,0.01,78,6,2,2,0,0.027777777777777776,1.0,0.05138888888888889,1.0,False,,null,,
CA820D43-E5E2-42EF-9798-BE56F776370B,0.03,m0.1_k1,0.1,1,margin_only,12,0.03,0.01,78,10,0,0,0,0.0,1.0,0.0,1.0,False,,null,,
CA820D43-E5E2-42EF-9798-BE56F776370B,0.03,m0.1_k2,0.1,2,hysteresis,12,0.03,0.01,78,10,0,0,0,0.0020833333333333333,1.0,0.003472222222222222,1.0,False,,null,,
CA820D43-E5E2-42EF-9798-BE56F776370B,0.03,m0.1_k3,0.1,3,hysteresis,12,0.03,0.01,78,10,2,0,2,0.004166666666666667,1.0,0.006944444444444444,1.0,True,62.0,"{""theta"": 0.9111888773290456, ""m"": 0.1, ""k"": 3}",0.029166666666666667,0.27118055555555554
CA820D43-E5E2-42EF-9798-BE56F776370B,0.03,m0.1_k5,0.1,5,hysteresis,12,0.03,0.01,78,10,0,0,0,0.011111111111111112,1.0,0.03819444444444445,1.0,False,,null,,
CA820D43-E5E2-42EF-9798-BE56F776370B,0.03,m0.1_k10,0.1,10,hysteresis,12,0.03,0.01,78,10,0,0,0,0.05138888888888889,1.0,0.11527777777777778,1.0,False,,null,,
CA820D43-E5E2-42EF-9798-BE56F776370B,0.03,m0.2_k1,0.2,1,margin_only,12,0.03,0.01,78,17,0,0,0,0.0,1.0,0.043055555555555555,1.0,False,,null,,
CA820D43-E5E2-42EF-9798-BE56F776370B,0.03,m0.2_k2,0.2,2,hysteresis,12,0.03,0.01,78,17,0,0,0,0.003472222222222222,1.0,0.07152777777777777,1.0,False,,null,,
CA820D43-E5E2-42EF-9798-BE56F776370B,0.03,m0.2_k3,0.2,3,hysteresis,12,0.03,0.01,78,17,3,3,0,0.006944444444444444,1.0,0.08819444444444445,1.0,False,,null,,
CA820D43-E5E2-42EF-9798-BE56F776370B,0.03,m0.2_k5,0.2,5,hysteresis,12,0.03,0.01,78,17,0,0,0,0.03333333333333333,1.0,0.1423611111111111,1.0,False,,null,,
CA820D43-E5E2-42EF-9798-BE56F776370B,0.03,m0.2_k10,0.2,10,hysteresis,12,0.03,0.01,78,17,0,0,0,0.10277777777777777,1.0,0.32916666666666666,1.0,False,,null,,
CA820D43-E5E2-42EF-9798-BE56F776370B,0.07,m0_k1,0.0,1,instantaneous,12,0.07,0.01,79,0,7,0,7,0.0,0.9694444444444444,0.0,0.9694444444444444,True,38.0,"{""theta"": 0.8452662442069422, ""m"": 0.0, ""k"": 1}",0.06111111111111111,0.019791666666666666
CA820D43-E5E2-42EF-9798-BE56F776370B,0.07,m0_k2,0.0,2,dwell_only,12,0.07,0.01,79,0,13,0,13,0.0,0.9729166666666667,0.0,0.9729166666666667,True,41.0,"{""theta"": 0.84633514976464, ""m"": 0.0, ""k"": 2}",0.06041666666666667,0.025694444444444443
CA820D43-E5E2-42EF-9798-BE56F776370B,0.07,m0_k3,0.0,3,dwell_only,12,0.07,0.01,79,0,4,0,4,0.0,0.9756944444444444,0.0,0.9756944444444444,True,49.0,"{""theta"": 0.8477288303297951, ""m"": 0.0, ""k"": 3}",0.06944444444444445,0.03819444444444445
CA820D43-E5E2-42EF-9798-BE56F776370B,0.07,m0_k5,0.0,5,dwell_only,12,0.07,0.01,79,0,3,0,3,0.0,0.9923611111111111,0.0,0.9923611111111111,True,54.0,"{""theta"": 0.8626690627068949, ""m"": 0.0, ""k"": 5}",0.06180555555555556,0.043055555555555555
CA820D43-E5E2-42EF-9798-BE56F776370B,0.07,m0_k10,0.0,10,dwell_only,12,0.07,0.01,79,0,2,0,2,0.0,1.0,0.0,1.0,True,66.0,"{""theta"": 0.9312996784261799, ""m"": 0.0, ""k"": 10}",0.06875,0.5065972222222223
CA820D43-E5E2-42EF-9798-BE56F776370B,0.07,m0.05_k1,0.05,1,margin_only,12,0.07,0.01,79,6,0,0,0,0.0,1.0,0.0,1.0,False,,null,,
CA820D43-E5E2-42EF-9798-BE56F776370B,0.07,m0.05_k2,0.05,2,hysteresis,12,0.07,0.01,79,6,0,0,0,0.0020833333333333333,1.0,0.0020833333333333333,1.0,False,,null,,
CA820D43-E5E2-42EF-9798-BE56F776370B,0.07,m0.05_k3,0.05,3,hysteresis,12,0.07,0.01,79,6,3,0,3,0.004166666666666667,1.0,0.004166666666666667,1.0,True,54.0,"{""theta"": 0.8626690627068949, ""m"": 0.05, ""k"": 3}",0.06875,0.08090277777777778
CA820D43-E5E2-42EF-9798-BE56F776370B,0.07,m0.05_k5,0.05,5,hysteresis,12,0.07,0.01,79,6,4,0,4,0.011111111111111112,1.0,0.01597222222222222,1.0,True,58.0,"{""theta"": 0.8835866073961978, ""m"": 0.05, ""k"": 5}",0.06736111111111111,0.16458333333333333
CA820D43-E5E2-42EF-9798-BE56F776370B,0.07,m0.05_k10,0.05,10,hysteresis,12,0.07,0.01,79,6,2,0,2,0.027777777777777776,1.0,0.05138888888888889,1.0,True,70.0,"{""theta"": 0.9570604369620732, ""m"": 0.05, ""k"": 10}",0.06875,0.6642361111111111
CA820D43-E5E2-42EF-9798-BE56F776370B,0.07,m0.1_k1,0.1,1,margin_only,12,0.07,0.01,79,10,0,0,0,0.0,1.0,0.0,1.0,False,,null,,
CA820D43-E5E2-42EF-9798-BE56F776370B,0.07,m0.1_k2,0.1,2,hysteresis,12,0.07,0.01,79,10,0,0,0,0.0020833333333333333,1.0,0.003472222222222222,1.0,False,,null,,
CA820D43-E5E2-42EF-9798-BE56F776370B,0.07,m0.1_k3,0.1,3,hysteresis,12,0.07,0.01,79,10,3,0,3,0.004166666666666667,1.0,0.006944444444444444,1.0,True,58.0,"{""theta"": 0.8835866073961978, ""m"": 0.1, ""k"": 3}",0.06875,0.17083333333333334
CA820D43-E5E2-42EF-9798-BE56F776370B,0.07,m0.1_k5,0.1,5,hysteresis,12,0.07,0.01,79,10,3,0,3,0.011111111111111112,1.0,0.03819444444444445,1.0,True,63.0,"{""theta"": 0.9111888773290456, ""m"": 0.1, ""k"": 5}",0.06527777777777778,0.41006944444444443
CA820D43-E5E2-42EF-9798-BE56F776370B,0.07,m0.1_k10,0.1,10,hysteresis,12,0.07,0.01,79,10,3,3,0,0.05138888888888889,1.0,0.11527777777777778,1.0,False,,null,,
CA820D43-E5E2-42EF-9798-BE56F776370B,0.07,m0.2_k1,0.2,1,margin_only,12,0.07,0.01,79,17,0,0,0,0.0,1.0,0.043055555555555555,1.0,False,,null,,
CA820D43-E5E2-42EF-9798-BE56F776370B,0.07,m0.2_k2,0.2,2,hysteresis,12,0.07,0.01,79,17,0,0,0,0.003472222222222222,1.0,0.07152777777777777,1.0,False,,null,,
CA820D43-E5E2-42EF-9798-BE56F776370B,0.07,m0.2_k3,0.2,3,hysteresis,12,0.07,0.01,79,17,2,2,0,0.006944444444444444,1.0,0.08819444444444445,1.0,False,,null,,
CA820D43-E5E2-42EF-9798-BE56F776370B,0.07,m0.2_k5,0.2,5,hysteresis,12,0.07,0.01,79,17,3,3,0,0.03333333333333333,1.0,0.1423611111111111,1.0,False,,null,,
CA820D43-E5E2-42EF-9798-BE56F776370B,0.07,m0.2_k10,0.2,10,hysteresis,12,0.07,0.01,79,17,0,0,0,0.10277777777777777,1.0,0.32916666666666666,1.0,False,,null,,
CDA3BBF7-6631-45E8-85BA-EEB416B32A3C,0.05,m0_k1,0.0,1,instantaneous,12,0.05,0.01,79,0,7,0,7,0.0,0.9694444444444444,0.0,0.9694444444444444,True,34.0,"{""theta"": 0.9373019062007778, ""m"": 0.0, ""k"": 1}",0.04791666666666667,0.028819444444444446
CDA3BBF7-6631-45E8-85BA-EEB416B32A3C,0.05,m0_k2,0.0,2,dwell_only,12,0.05,0.01,79,0,10,0,10,0.0,0.9763888888888889,0.0,0.9763888888888889,True,42.0,"{""theta"": 0.9391976598412035, ""m"": 0.0, ""k"": 2}",0.04861111111111111,0.04479166666666667
CDA3BBF7-6631-45E8-85BA-EEB416B32A3C,0.05,m0_k3,0.0,3,dwell_only,12,0.05,0.01,79,0,5,0,5,0.0,0.9722222222222222,0.0,0.9722222222222222,True,51.0,"{""theta"": 0.9419749911601144, ""m"": 0.0, ""k"": 3}",0.04513888888888889,0.06041666666666667
CDA3BBF7-6631-45E8-85BA-EEB416B32A3C,0.05,m0_k5,0.0,5,dwell_only,12,0.05,0.01,79,0,2,0,2,0.0,0.9763888888888889,0.0,0.9763888888888889,True,58.0,"{""theta"": 0.9541370664437944, ""m"": 0.0, ""k"": 5}",0.04791666666666667,0.2111111111111111
CDA3BBF7-6631-45E8-85BA-EEB416B32A3C,0.05,m0_k10,0.0,10,dwell_only,12,0.05,0.01,79,0,1,0,1,0.0,1.0,0.0,1.0,True,65.0,"{""theta"": 0.9704346009193481, ""m"": 0.0, ""k"": 10}",0.04722222222222222,0.5142361111111111
CDA3BBF7-6631-45E8-85BA-EEB416B32A3C,0.05,m0.05_k1,0.05,1,margin_only,12,0.05,0.01,79,12,0,0,0,0.0,0.9923611111111111,0.0,0.9923611111111111,False,,null,,
CDA3BBF7-6631-45E8-85BA-EEB416B32A3C,0.05,m0.05_k2,0.05,2,hysteresis,12,0.05,0.01,79,12,1,0,1,0.0,1.0,0.005555555555555556,1.0,True,12.0,"{""theta"": 0.9225317592979524, ""m"": 0.05, ""k"": 2}",0.04652777777777778,0.049305555555555554
CDA3BBF7-6631-45E8-85BA-EEB416B32A3C,0.05,m0.05_k3,0.05,3,hysteresis,12,0.05,0.01,79,12,3,0,3,0.0,1.0,0.011111111111111112,1.0,True,61.0,"{""theta"": 0.9617634768073547, ""m"": 0.05, ""k"": 3}",0.04652777777777778,0.3697916666666667
CDA3BBF7-6631-45E8-85BA-EEB416B32A3C,0.05,m0.05_k5,0.05,5,hysteresis,12,0.05,0.01,79,12,5,4,1,0.005555555555555556,1.0,0.04861111111111111,1.0,True,66.0,"{""theta"": 0.9728374425407439, ""m"": 0.05, ""k"": 5}",0.04861111111111111,0.5645833333333333
CDA3BBF7-6631-45E8-85BA-EEB416B32A3C,0.05,m0.05_k10,0.05,10,hysteresis,12,0.05,0.01,79,12,0,0,0,0.03333333333333333,1.0,0.1361111111111111,1.0,False,,null,,
CDA3BBF7-6631-45E8-85BA-EEB416B32A3C,0.05,m0.1_k1,0.1,1,margin_only,12,0.05,0.01,79,22,0,0,0,0.0,1.0,0.01597222222222222,1.0,False,,null,,
CDA3BBF7-6631-45E8-85BA-EEB416B32A3C,0.05,m0.1_k2,0.1,2,hysteresis,12,0.05,0.01,79,22,45,0,45,0.005555555555555556,1.0,0.04513888888888889,1.0,True,12.0,"{""theta"": 0.9225317592979524, ""m"": 0.1, ""k"": 2}",0.049305555555555554,0.16180555555555556
CDA3BBF7-6631-45E8-85BA-EEB416B32A3C,0.05,m0.1_k3,0.1,3,hysteresis,12,0.05,0.01,79,22,3,3,0,0.011111111111111112,1.0,0.07222222222222222,1.0,False,,null,,
CDA3BBF7-6631-45E8-85BA-EEB416B32A3C,0.05,m0.1_k5,0.1,5,hysteresis,12,0.05,0.01,79,22,1,1,0,0.04791666666666667,1.0,0.16041666666666668,1.0,False,,null,,
CDA3BBF7-6631-45E8-85BA-EEB416B32A3C,0.05,m0.1_k10,0.1,10,hysteresis,12,0.05,0.01,79,22,0,0,0,0.11041666666666666,1.0,0.3145833333333333,1.0,False,,null,,
CDA3BBF7-6631-45E8-85BA-EEB416B32A3C,0.05,m0.2_k1,0.2,1,margin_only,12,0.05,0.01,79,67,0,0,0,0.01597222222222222,1.0,0.03680555555555556,1.0,False,,null,,
CDA3BBF7-6631-45E8-85BA-EEB416B32A3C,0.05,m0.2_k2,0.2,2,hysteresis,12,0.05,0.01,79,67,25,25,0,0.04513888888888889,1.0,0.11944444444444445,1.0,False,,null,,
CDA3BBF7-6631-45E8-85BA-EEB416B32A3C,0.05,m0.2_k3,0.2,3,hysteresis,12,0.05,0.01,79,67,0,0,0,0.07222222222222222,1.0,0.19305555555555556,1.0,False,,null,,
CDA3BBF7-6631-45E8-85BA-EEB416B32A3C,0.05,m0.2_k5,0.2,5,hysteresis,12,0.05,0.01,79,67,0,0,0,0.16041666666666668,1.0,0.26875,1.0,False,,null,,
CDA3BBF7-6631-45E8-85BA-EEB416B32A3C,0.05,m0.2_k10,0.2,10,hysteresis,12,0.05,0.01,79,67,0,0,0,0.3145833333333333,1.0,0.42083333333333334,1.0,False,,null,,
CDA3BBF7-6631-45E8-85BA-EEB416B32A3C,0.03,m0_k1,0.0,1,instantaneous,12,0.03,0.01,76,0,7,0,7,0.0,0.9694444444444444,0.0,0.9694444444444444,True,38.0,"{""theta"": 0.9419564884760037, ""m"": 0.0, ""k"": 1}",0.02361111111111111,0.05
CDA3BBF7-6631-45E8-85BA-EEB416B32A3C,0.03,m0_k2,0.0,2,dwell_only,12,0.03,0.01,76,0,4,0,4,0.0,0.9763888888888889,0.0,0.9763888888888889,True,43.0,"{""theta"": 0.9423720231015675, ""m"": 0.0, ""k"": 2}",0.020833333333333332,0.058333333333333334
CDA3BBF7-6631-45E8-85BA-EEB416B32A3C,0.03,m0_k3,0.0,3,dwell_only,12,0.03,0.01,76,0,6,0,6,0.0,0.9722222222222222,0.0,0.9722222222222222,True,53.0,"{""theta"": 0.949331383201003, ""m"": 0.0, ""k"": 3}",0.027777777777777776,0.14270833333333333
CDA3BBF7-6631-45E8-85BA-EEB416B32A3C,0.03,m0_k5,0.0,5,dwell_only,12,0.03,0.01,76,0,5,0,5,0.0,0.9763888888888889,0.0,0.9763888888888889,True,60.0,"{""theta"": 0.9657333890513999, ""m"": 0.0, ""k"": 5}",0.027777777777777776,0.4
CDA3BBF7-6631-45E8-85BA-EEB416B32A3C,0.03,m0_k10,0.0,10,dwell_only,12,0.03,0.01,76,0,0,0,0,0.0,1.0,0.0,1.0,False,,null,,
CDA3BBF7-6631-45E8-85BA-EEB416B32A3C,0.03,m0.05_k1,0.05,1,margin_only,12,0.03,0.01,76,12,0,0,0,0.0,0.9923611111111111,0.0,0.9923611111111111,False,,null,,
CDA3BBF7-6631-45E8-85BA-EEB416B32A3C,0.03,m0.05_k2,0.05,2,hysteresis,12,0.03,0.01,76,12,45,0,45,0.0,1.0,0.005555555555555556,1.0,True,13.0,"{""theta"": 0.9347053907229419, ""m"": 0.05, ""k"": 2}",0.029861111111111113,0.128125
CDA3BBF7-6631-45E8-85BA-EEB416B32A3C,0.03,m0.05_k3,0.05,3,hysteresis,12,0.03,0.01,76,12,1,0,1,0.0,1.0,0.011111111111111112,1.0,True,61.0,"{""theta"": 0.9678228165482657, ""m"": 0.05, ""k"": 3}",0.029861111111111113,0.3857638888888889
CDA3BBF7-6631-45E8-85BA-EEB416B32A3C,0.03,m0.05_k5,0.05,5,hysteresis,12,0.03,0.01,76,12,2,2,0,0.005555555555555556,1.0,0.04861111111111111,1.0,False,,null,,
CDA3BBF7-6631-45E8-85BA-EEB416B32A3C,0.03,m0.05_k10,0.05,10,hysteresis,12,0.03,0.01,76,12,0,0,0,0.03333333333333333,1.0,0.1361111111111111,1.0,False,,null,,
CDA3BBF7-6631-45E8-85BA-EEB416B32A3C,0.03,m0.1_k1,0.1,1,margin_only,12,0.03,0.01,76,22,0,0,0,0.0,1.0,0.01597222222222222,1.0,False,,null,,
CDA3BBF7-6631-45E8-85BA-EEB416B32A3C,0.03,m0.1_k2,0.1,2,hysteresis,12,0.03,0.01,76,22,15,15,0,0.005555555555555556,1.0,0.04513888888888889,1.0,False,,null,,
CDA3BBF7-6631-45E8-85BA-EEB416B32A3C,0.03,m0.1_k3,0.1,3,hysteresis,12,0.03,0.01,76,22,1,1,0,0.011111111111111112,1.0,0.07222222222222222,1.0,False,,null,,
CDA3BBF7-6631-45E8-85BA-EEB416B32A3C,0.03,m0.1_k5,0.1,5,hysteresis,12,0.03,0.01,76,22,0,0,0,0.04791666666666667,1.0,0.16041666666666668,1.0,False,,null,,
CDA3BBF7-6631-45E8-85BA-EEB416B32A3C,0.03,m0.1_k10,0.1,10,hysteresis,12,0.03,0.01,76,22,0,0,0,0.11041666666666666,1.0,0.3145833333333333,1.0,False,,null,,
CDA3BBF7-6631-45E8-85BA-EEB416B32A3C,0.03,m0.2_k1,0.2,1,margin_only,12,0.03,0.01,76,64,50,50,0,0.01597222222222222,1.0,0.03680555555555556,1.0,False,,null,,
CDA3BBF7-6631-45E8-85BA-EEB416B32A3C,0.03,m0.2_k2,0.2,2,hysteresis,12,0.03,0.01,76,64,0,0,0,0.04513888888888889,1.0,0.11944444444444445,1.0,False,,null,,
CDA3BBF7-6631-45E8-85BA-EEB416B32A3C,0.03,m0.2_k3,0.2,3,hysteresis,12,0.03,0.01,76,64,0,0,0,0.07222222222222222,1.0,0.19305555555555556,1.0,False,,null,,
CDA3BBF7-6631-45E8-85BA-EEB416B32A3C,0.03,m0.2_k5,0.2,5,hysteresis,12,0.03,0.01,76,64,0,0,0,0.16041666666666668,1.0,0.26875,1.0,False,,null,,
CDA3BBF7-6631-45E8-85BA-EEB416B32A3C,0.03,m0.2_k10,0.2,10,hysteresis,12,0.03,0.01,76,64,0,0,0,0.3145833333333333,1.0,0.42083333333333334,1.0,False,,null,,
CDA3BBF7-6631-45E8-85BA-EEB416B32A3C,0.07,m0_k1,0.0,1,instantaneous,12,0.07,0.01,79,0,6,0,6,0.0,0.9694444444444444,0.0,0.9694444444444444,True,38.0,"{""theta"": 0.9347053907229419, ""m"": 0.0, ""k"": 1}",0.06111111111111111,0.022569444444444444
CDA3BBF7-6631-45E8-85BA-EEB416B32A3C,0.07,m0_k2,0.0,2,dwell_only,12,0.07,0.01,79,0,5,0,5,0.0,0.9763888888888889,0.0,0.9763888888888889,True,44.0,"{""theta"": 0.9367710308913819, ""m"": 0.0, ""k"": 2}",0.06180555555555556,0.025694444444444443
CDA3BBF7-6631-45E8-85BA-EEB416B32A3C,0.07,m0_k3,0.0,3,dwell_only,12,0.07,0.01,79,0,0,0,0,0.0,0.9722222222222222,0.0,0.9722222222222222,False,,null,,
CDA3BBF7-6631-45E8-85BA-EEB416B32A3C,0.07,m0_k5,0.0,5,dwell_only,12,0.07,0.01,79,0,2,0,2,0.0,0.9763888888888889,0.0,0.9763888888888889,True,54.0,"{""theta"": 0.9443167572085248, ""m"": 0.0, ""k"": 5}",0.06597222222222222,0.08263888888888889
CDA3BBF7-6631-45E8-85BA-EEB416B32A3C,0.07,m0_k10,0.0,10,dwell_only,12,0.07,0.01,79,0,1,0,1,0.0,1.0,0.0,1.0,True,62.0,"{""theta"": 0.9635394901796908, ""m"": 0.0, ""k"": 10}",0.0625,0.39375
CDA3BBF7-6631-45E8-85BA-EEB416B32A3C,0.07,m0.05_k1,0.05,1,margin_only,12,0.07,0.01,79,12,0,0,0,0.0,0.9923611111111111,0.0,0.9923611111111111,False,,null,,
CDA3BBF7-6631-45E8-85BA-EEB416B32A3C,0.07,m0.05_k2,0.05,2,hysteresis,12,0.07,0.01,79,12,0,0,0,0.0,1.0,0.005555555555555556,1.0,False,,null,,
CDA3BBF7-6631-45E8-85BA-EEB416B32A3C,0.07,m0.05_k3,0.05,3,hysteresis,12,0.07,0.01,79,12,9,0,9,0.0,1.0,0.011111111111111112,1.0,True,48.0,"{""theta"": 0.9378748915104953, ""m"": 0.05, ""k"": 3}",0.06666666666666667,0.14895833333333333
CDA3BBF7-6631-45E8-85BA-EEB416B32A3C,0.07,m0.05_k5,0.05,5,hysteresis,12,0.07,0.01,79,12,1,0,1,0.005555555555555556,1.0,0.04861111111111111,1.0,True,64.0,"{""theta"": 0.9678228165482657, ""m"": 0.05, ""k"": 5}",0.06388888888888888,0.5010416666666667
CDA3BBF7-6631-45E8-85BA-EEB416B32A3C,0.07,m0.05_k10,0.05,10,hysteresis,12,0.07,0.01,79,12,0,0,0,0.03333333333333333,1.0,0.1361111111111111,1.0,False,,null,,
CDA3BBF7-6631-45E8-85BA-EEB416B32A3C,0.07,m0.1_k1,0.1,1,margin_only,12,0.07,0.01,79,22,0,0,0,0.0,1.0,0.01597222222222222,1.0,False,,null,,
CDA3BBF7-6631-45E8-85BA-EEB416B32A3C,0.07,m0.1_k2,0.1,2,hysteresis,12,0.07,0.01,79,22,0,0,0,0.005555555555555556,1.0,0.04513888888888889,1.0,False,,null,,
CDA3BBF7-6631-45E8-85BA-EEB416B32A3C,0.07,m0.1_k3,0.1,3,hysteresis,12,0.07,0.01,79,22,6,6,0,0.011111111111111112,1.0,0.07222222222222222,1.0,False,,null,,
CDA3BBF7-6631-45E8-85BA-EEB416B32A3C,0.07,m0.1_k5,0.1,5,hysteresis,12,0.07,0.01,79,22,0,0,0,0.04791666666666667,1.0,0.16041666666666668,1.0,False,,null,,
CDA3BBF7-6631-45E8-85BA-EEB416B32A3C,0.07,m0.1_k10,0.1,10,hysteresis,12,0.07,0.01,79,22,0,0,0,0.11041666666666666,1.0,0.3145833333333333,1.0,False,,null,,
CDA3BBF7-6631-45E8-85BA-EEB416B32A3C,0.07,m0.2_k1,0.2,1,margin_only,12,0.07,0.01,79,67,0,0,0,0.01597222222222222,1.0,0.03680555555555556,1.0,False,,null,,
CDA3BBF7-6631-45E8-85BA-EEB416B32A3C,0.07,m0.2_k2,0.2,2,hysteresis,12,0.07,0.01,79,67,0,0,0,0.04513888888888889,1.0,0.11944444444444445,1.0,False,,null,,
CDA3BBF7-6631-45E8-85BA-EEB416B32A3C,0.07,m0.2_k3,0.2,3,hysteresis,12,0.07,0.01,79,67,0,0,0,0.07222222222222222,1.0,0.19305555555555556,1.0,False,,null,,
CDA3BBF7-6631-45E8-85BA-EEB416B32A3C,0.07,m0.2_k5,0.2,5,hysteresis,12,0.07,0.01,79,67,0,0,0,0.16041666666666668,1.0,0.26875,1.0,False,,null,,
CDA3BBF7-6631-45E8-85BA-EEB416B32A3C,0.07,m0.2_k10,0.2,10,hysteresis,12,0.07,0.01,79,67,0,0,0,0.3145833333333333,1.0,0.42083333333333334,1.0,False,,null,,
CF722AA9-2533-4E51-9FEB-9EAC84EE9AAC,0.05,m0_k1,0.0,1,instantaneous,12,0.05,0.01,80,0,7,0,7,0.0,0.9694444444444444,0.0,0.9694444444444444,True,39.0,"{""theta"": 0.9041201275326546, ""m"": 0.0, ""k"": 1}",0.04027777777777778,0.003472222222222222
CF722AA9-2533-4E51-9FEB-9EAC84EE9AAC,0.05,m0_k2,0.0,2,dwell_only,12,0.05,0.01,80,0,9,0,9,0.0,0.9736111111111111,0.0,0.9736111111111111,True,49.0,"{""theta"": 0.9179860600162976, ""m"": 0.0, ""k"": 2}",0.04027777777777778,0.00798611111111111
CF722AA9-2533-4E51-9FEB-9EAC84EE9AAC,0.05,m0_k3,0.0,3,dwell_only,12,0.05,0.01,80,0,0,0,0,0.0,0.9680555555555556,0.0,0.9680555555555556,False,,null,,
CF722AA9-2533-4E51-9FEB-9EAC84EE9AAC,0.05,m0_k5,0.0,5,dwell_only,12,0.05,0.01,80,0,3,0,3,0.0,0.9625,0.0,0.9625,True,55.0,"{""theta"": 0.9329425074565464, ""m"": 0.0, ""k"": 5}",0.05,0.0763888888888889
CF722AA9-2533-4E51-9FEB-9EAC84EE9AAC,0.05,m0_k10,0.0,10,dwell_only,12,0.05,0.01,80,0,1,0,1,0.0,1.0,0.0,1.0,True,70.0,"{""theta"": 0.96738169289314, ""m"": 0.0, ""k"": 10}",0.04652777777777778,0.5517361111111111
CF722AA9-2533-4E51-9FEB-9EAC84EE9AAC,0.05,m0.05_k1,0.05,1,margin_only,12,0.05,0.01,80,7,5,0,5,0.0,1.0,0.0,1.0,True,34.0,"{""theta"": 0.8866154004382945, ""m"": 0.05, ""k"": 1}",0.04375,0.003472222222222222
CF722AA9-2533-4E51-9FEB-9EAC84EE9AAC,0.05,m0.05_k2,0.05,2,hysteresis,12,0.05,0.01,80,7,0,0,0,0.0,1.0,0.004861111111111111,1.0,False,,null,,
CF722AA9-2533-4E51-9FEB-9EAC84EE9AAC,0.05,m0.05_k3,0.05,3,hysteresis,12,0.05,0.01,80,7,21,0,21,0.001388888888888889,1.0,0.013194444444444444,1.0,True,40.0,"{""theta"": 0.9073449948179971, ""m"": 0.05, ""k"": 3}",0.049305555555555554,0.016666666666666666
CF722AA9-2533-4E51-9FEB-9EAC84EE9AAC,0.05,m0.05_k5,0.05,5,hysteresis,12,0.05,0.01,80,7,3,0,3,0.002777777777777778,1.0,0.029861111111111113,1.0,True,66.0,"{""theta"": 0.9568849840584182, ""m"": 0.05, ""k"": 5}",0.049305555555555554,0.4232638888888889
CF722AA9-2533-4E51-9FEB-9EAC84EE9AAC,0.05,m0.05_k10,0.05,10,hysteresis,12,0.05,0.01,80,7,1,1,0,0.03333333333333333,1.0,0.06805555555555555,1.0,False,,null,,
CF722AA9-2533-4E51-9FEB-9EAC84EE9AAC,0.05,m0.1_k1,0.1,1,margin_only,12,0.05,0.01,80,17,1,0,1,0.0,1.0,0.0006944444444444445,1.0,True,29.0,"{""theta"": 0.8658815338728946, ""m"": 0.1, ""k"": 1}",0.04236111111111111,0.003472222222222222
CF722AA9-2533-4E51-9FEB-9EAC84EE9AAC,0.05,m0.1_k2,0.1,2,hysteresis,12,0.05,0.01,80,17,0,0,0,0.004861111111111111,1.0,0.017361111111111112,1.0,False,,null,,
CF722AA9-2533-4E51-9FEB-9EAC84EE9AAC,0.05,m0.1_k3,0.1,3,hysteresis,12,0.05,0.01,80,17,30,5,25,0.013194444444444444,1.0,0.049305555555555554,1.0,True,38.0,"{""theta"": 0.9024832474940467, ""m"": 0.1, ""k"": 3}",0.05,0.15868055555555555
CF722AA9-2533-4E51-9FEB-9EAC84EE9AAC,0.05,m0.1_k5,0.1,5,hysteresis,12,0.05,0.01,80,17,2,2,0,0.029861111111111113,1.0,0.08263888888888889,1.0,False,,null,,
CF722AA9-2533-4E51-9FEB-9EAC84EE9AAC,0.05,m0.1_k10,0.1,10,hysteresis,12,0.05,0.01,80,17,0,0,0,0.06805555555555555,1.0,0.18958333333333333,1.0,False,,null,,
CF722AA9-2533-4E51-9FEB-9EAC84EE9AAC,0.05,m0.2_k1,0.2,1,margin_only,12,0.05,0.01,80,43,6,0,6,0.0006944444444444445,1.0,0.003472222222222222,1.0,True,24.0,"{""theta"": 0.8373137445707644, ""m"": 0.2, ""k"": 1}",0.043055555555555555,0.0
CF722AA9-2533-4E51-9FEB-9EAC84EE9AAC,0.05,m0.2_k2,0.2,2,hysteresis,12,0.05,0.01,80,43,0,0,0,0.017361111111111112,1.0,0.03819444444444445,1.0,False,,null,,
CF722AA9-2533-4E51-9FEB-9EAC84EE9AAC,0.05,m0.2_k3,0.2,3,hysteresis,12,0.05,0.01,80,43,16,16,0,0.049305555555555554,1.0,0.05486111111111111,1.0,False,,null,,
CF722AA9-2533-4E51-9FEB-9EAC84EE9AAC,0.05,m0.2_k5,0.2,5,hysteresis,12,0.05,0.01,80,43,0,0,0,0.08263888888888889,1.0,0.12361111111111112,1.0,False,,null,,
CF722AA9-2533-4E51-9FEB-9EAC84EE9AAC,0.05,m0.2_k10,0.2,10,hysteresis,12,0.05,0.01,80,43,0,0,0,0.18958333333333333,1.0,0.2569444444444444,1.0,False,,null,,
CF722AA9-2533-4E51-9FEB-9EAC84EE9AAC,0.03,m0_k1,0.0,1,instantaneous,12,0.03,0.01,79,0,6,0,6,0.0,0.9694444444444444,0.0,0.9694444444444444,True,33.0,"{""theta"": 0.9152243398550094, ""m"": 0.0, ""k"": 1}",0.029861111111111113,0.003472222222222222
CF722AA9-2533-4E51-9FEB-9EAC84EE9AAC,0.03,m0_k2,0.0,2,dwell_only,12,0.03,0.01,79,0,10,0,10,0.0,0.9736111111111111,0.0,0.9736111111111111,True,43.0,"{""theta"": 0.9192995677708421, ""m"": 0.0, ""k"": 2}",0.024305555555555556,0.00798611111111111
CF722AA9-2533-4E51-9FEB-9EAC84EE9AAC,0.03,m0_k3,0.0,3,dwell_only,12,0.03,0.01,79,0,6,0,6,0.0,0.9680555555555556,0.0,0.9680555555555556,True,52.0,"{""theta"": 0.9298570400082279, ""m"": 0.0, ""k"": 3}",0.02638888888888889,0.03923611111111111
CF722AA9-2533-4E51-9FEB-9EAC84EE9AAC,0.03,m0_k5,0.0,5,dwell_only,12,0.03,0.01,79,0,7,0,7,0.0,0.9625,0.0,0.9625,True,62.0,"{""theta"": 0.9508382186567932, ""m"": 0.0, ""k"": 5}",0.027777777777777776,0.42604166666666665
CF722AA9-2533-4E51-9FEB-9EAC84EE9AAC,0.03,m0_k10,0.0,10,dwell_only,12,0.03,0.01,79,0,0,0,0,0.0,1.0,0.0,1.0,False,,null,,
CF722AA9-2533-4E51-9FEB-9EAC84EE9AAC,0.03,m0.05_k1,0.05,1,margin_only,12,0.03,0.01,79,7,0,0,0,0.0,1.0,0.0,1.0,False,,null,,
CF722AA9-2533-4E51-9FEB-9EAC84EE9AAC,0.03,m0.05_k2,0.05,2,hysteresis,12,0.03,0.01,79,7,0,0,0,0.0,1.0,0.004861111111111111,1.0,False,,null,,
CF722AA9-2533-4E51-9FEB-9EAC84EE9AAC,0.03,m0.05_k3,0.05,3,hysteresis,12,0.03,0.01,79,7,5,0,5,0.001388888888888889,1.0,0.013194444444444444,1.0,True,63.0,"{""theta"": 0.9529980458706161, ""m"": 0.05, ""k"": 3}",0.02847222222222222,0.2722222222222222
CF722AA9-2533-4E51-9FEB-9EAC84EE9AAC,0.03,m0.05_k5,0.05,5,hysteresis,12,0.03,0.01,79,7,4,3,1,0.002777777777777778,1.0,0.029861111111111113,1.0,True,71.0,"{""theta"": 0.9728478864547979, ""m"": 0.05, ""k"": 5}",0.029861111111111113,0.6951388888888889
CF722AA9-2533-4E51-9FEB-9EAC84EE9AAC,0.03,m0.05_k10,0.05,10,hysteresis,12,0.03,0.01,79,7,0,0,0,0.03333333333333333,1.0,0.06805555555555555,1.0,False,,null,,
CF722AA9-2533-4E51-9FEB-9EAC84EE9AAC,0.03,m0.1_k1,0.1,1,margin_only,12,0.03,0.01,79,17,0,0,0,0.0,1.0,0.0006944444444444445,1.0,False,,null,,
CF722AA9-2533-4E51-9FEB-9EAC84EE9AAC,0.03,m0.1_k2,0.1,2,hysteresis,12,0.03,0.01,79,17,0,0,0,0.004861111111111111,1.0,0.017361111111111112,1.0,False,,null,,
CF722AA9-2533-4E51-9FEB-9EAC84EE9AAC,0.03,m0.1_k3,0.1,3,hysteresis,12,0.03,0.01,79,17,3,3,0,0.013194444444444444,1.0,0.049305555555555554,1.0,False,,null,,
CF722AA9-2533-4E51-9FEB-9EAC84EE9AAC,0.03,m0.1_k5,0.1,5,hysteresis,12,0.03,0.01,79,17,1,1,0,0.029861111111111113,1.0,0.08263888888888889,1.0,False,,null,,
CF722AA9-2533-4E51-9FEB-9EAC84EE9AAC,0.03,m0.1_k10,0.1,10,hysteresis,12,0.03,0.01,79,17,0,0,0,0.06805555555555555,1.0,0.18958333333333333,1.0,False,,null,,
CF722AA9-2533-4E51-9FEB-9EAC84EE9AAC,0.03,m0.2_k1,0.2,1,margin_only,12,0.03,0.01,79,55,1,0,1,0.0006944444444444445,1.0,0.003472222222222222,1.0,True,16.0,"{""theta"": 0.8658325801628171, ""m"": 0.2, ""k"": 1}",0.020833333333333332,0.1482638888888889
CF722AA9-2533-4E51-9FEB-9EAC84EE9AAC,0.03,m0.2_k2,0.2,2,hysteresis,12,0.03,0.01,79,55,0,0,0,0.017361111111111112,1.0,0.03819444444444445,1.0,False,,null,,
CF722AA9-2533-4E51-9FEB-9EAC84EE9AAC,0.03,m0.2_k3,0.2,3,hysteresis,12,0.03,0.01,79,55,0,0,0,0.049305555555555554,1.0,0.05486111111111111,1.0,False,,null,,
CF722AA9-2533-4E51-9FEB-9EAC84EE9AAC,0.03,m0.2_k5,0.2,5,hysteresis,12,0.03,0.01,79,55,0,0,0,0.08263888888888889,1.0,0.12361111111111112,1.0,False,,null,,
CF722AA9-2533-4E51-9FEB-9EAC84EE9AAC,0.03,m0.2_k10,0.2,10,hysteresis,12,0.03,0.01,79,55,0,0,0,0.18958333333333333,1.0,0.2611111111111111,1.0,False,,null,,
CF722AA9-2533-4E51-9FEB-9EAC84EE9AAC,0.07,m0_k1,0.0,1,instantaneous,12,0.07,0.01,80,0,7,0,7,0.0,0.9694444444444444,0.0,0.9694444444444444,True,38.0,"{""theta"": 0.8426237549347704, ""m"": 0.0, ""k"": 1}",0.06180555555555556,0.003472222222222222
CF722AA9-2533-4E51-9FEB-9EAC84EE9AAC,0.07,m0_k2,0.0,2,dwell_only,12,0.07,0.01,80,0,7,0,7,0.0,0.9736111111111111,0.0,0.9736111111111111,True,42.0,"{""theta"": 0.8658815338728946, ""m"": 0.0, ""k"": 2}",0.0625,0.007638888888888889
CF722AA9-2533-4E51-9FEB-9EAC84EE9AAC,0.07,m0_k3,0.0,3,dwell_only,12,0.07,0.01,80,0,0,0,0,0.0,0.9680555555555556,0.0,0.9680555555555556,False,,null,,
CF722AA9-2533-4E51-9FEB-9EAC84EE9AAC,0.07,m0_k5,0.0,5,dwell_only,12,0.07,0.01,80,0,1,0,1,0.0,0.9625,0.0,0.9625,True,53.0,"{""theta"": 0.9242429908464466, ""m"": 0.0, ""k"": 5}",0.06597222222222222,0.03333333333333333
CF722AA9-2533-4E51-9FEB-9EAC84EE9AAC,0.07,m0_k10,0.0,10,dwell_only,12,0.07,0.01,80,0,4,0,4,0.0,1.0,0.0,1.0,True,64.0,"{""theta"": 0.9529980458706161, ""m"": 0.0, ""k"": 10}",0.06388888888888888,0.4444444444444444
CF722AA9-2533-4E51-9FEB-9EAC84EE9AAC,0.07,m0.05_k1,0.05,1,margin_only,12,0.07,0.01,80,7,11,0,11,0.0,1.0,0.0,1.0,True,38.0,"{""theta"": 0.8426237549347704, ""m"": 0.05, ""k"": 1}",0.06041666666666667,0.003472222222222222
CF722AA9-2533-4E51-9FEB-9EAC84EE9AAC,0.07,m0.05_k2,0.05,2,hysteresis,12,0.07,0.01,80,7,12,0,12,0.0,1.0,0.004861111111111111,1.0,True,40.0,"{""theta"": 0.850224131520028, ""m"": 0.05, ""k"": 2}",0.06527777777777778,0.007638888888888889
CF722AA9-2533-4E51-9FEB-9EAC84EE9AAC,0.07,m0.05_k3,0.05,3,hysteresis,12,0.07,0.01,80,7,0,0,0,0.001388888888888889,1.0,0.013194444444444444,1.0,False,,null,,
CF722AA9-2533-4E51-9FEB-9EAC84EE9AAC,0.07,m0.05_k5,0.05,5,hysteresis,12,0.07,0.01,80,7,5,0,5,0.002777777777777778,1.0,0.029861111111111113,1.0,True,60.0,"{""theta"": 0.9446672837601563, ""m"": 0.05, ""k"": 5}",0.06666666666666667,0.2763888888888889
CF722AA9-2533-4E51-9FEB-9EAC84EE9AAC,0.07,m0.05_k10,0.05,10,hysteresis,12,0.07,0.01,80,7,2,0,2,0.03333333333333333,1.0,0.06805555555555555,1.0,True,72.0,"{""theta"": 0.9728478864547979, ""m"": 0.05, ""k"": 10}",0.06805555555555555,0.6350694444444445
CF722AA9-2533-4E51-9FEB-9EAC84EE9AAC,0.07,m0.1_k1,0.1,1,margin_only,12,0.07,0.01,80,17,6,0,6,0.0,1.0,0.0006944444444444445,1.0,True,30.0,"{""theta"": 0.8153809761153173, ""m"": 0.1, ""k"": 1}",0.06805555555555555,0.0
CF722AA9-2533-4E51-9FEB-9EAC84EE9AAC,0.07,m0.1_k2,0.1,2,hysteresis,12,0.07,0.01,80,17,9,0,9,0.004861111111111111,1.0,0.017361111111111112,1.0,True,34.0,"{""theta"": 0.8236327819049202, ""m"": 0.1, ""k"": 2}",0.06944444444444445,0.007638888888888889
CF722AA9-2533-4E51-9FEB-9EAC84EE9AAC,0.07,m0.1_k3,0.1,3,hysteresis,12,0.07,0.01,80,17,0,0,0,0.013194444444444444,1.0,0.049305555555555554,1.0,False,,null,,
CF722AA9-2533-4E51-9FEB-9EAC84EE9AAC,0.07,m0.1_k5,0.1,5,hysteresis,12,0.07,0.01,80,17,3,3,0,0.029861111111111113,1.0,0.08263888888888889,1.0,False,,null,,
CF722AA9-2533-4E51-9FEB-9EAC84EE9AAC,0.07,m0.1_k10,0.1,10,hysteresis,12,0.07,0.01,80,17,2,2,0,0.06805555555555555,1.0,0.18958333333333333,1.0,False,,null,,
CF722AA9-2533-4E51-9FEB-9EAC84EE9AAC,0.07,m0.2_k1,0.2,1,margin_only,12,0.07,0.01,80,30,0,0,0,0.0006944444444444445,1.0,0.003472222222222222,1.0,False,,null,,
CF722AA9-2533-4E51-9FEB-9EAC84EE9AAC,0.07,m0.2_k2,0.2,2,hysteresis,12,0.07,0.01,80,30,3,0,3,0.017361111111111112,1.0,0.03819444444444445,1.0,True,38.0,"{""theta"": 0.8426237549347704, ""m"": 0.2, ""k"": 2}",0.06111111111111111,0.008333333333333333
CF722AA9-2533-4E51-9FEB-9EAC84EE9AAC,0.07,m0.2_k3,0.2,3,hysteresis,12,0.07,0.01,80,30,0,0,0,0.049305555555555554,1.0,0.05486111111111111,1.0,False,,null,,
CF722AA9-2533-4E51-9FEB-9EAC84EE9AAC,0.07,m0.2_k5,0.2,5,hysteresis,12,0.07,0.01,80,30,0,0,0,0.08263888888888889,1.0,0.12361111111111112,1.0,False,,null,,
CF722AA9-2533-4E51-9FEB-9EAC84EE9AAC,0.07,m0.2_k10,0.2,10,hysteresis,12,0.07,0.01,80,30,0,0,0,0.18958333333333333,1.0,0.2569444444444444,1.0,False,,null,,
D7D20E2E-FC78-405D-B346-DBD3FD8FC92B,0.05,m0_k1,0.0,1,instantaneous,12,0.05,0.01,80,0,7,0,7,0.0,0.9694444444444444,0.0,0.9694444444444444,True,39.0,"{""theta"": 0.8317984768599883, ""m"": 0.0, ""k"": 1}",0.04027777777777778,0.0
D7D20E2E-FC78-405D-B346-DBD3FD8FC92B,0.05,m0_k2,0.0,2,dwell_only,12,0.05,0.01,80,0,8,0,8,0.0,0.9840277777777777,0.0,0.9840277777777777,True,41.0,"{""theta"": 0.8362768690009464, ""m"": 0.0, ""k"": 2}",0.04583333333333333,0.007291666666666667
D7D20E2E-FC78-405D-B346-DBD3FD8FC92B,0.05,m0_k3,0.0,3,dwell_only,12,0.05,0.01,80,0,0,0,0,0.0,0.9854166666666667,0.0,0.9854166666666667,False,,null,,
D7D20E2E-FC78-405D-B346-DBD3FD8FC92B,0.05,m0_k5,0.0,5,dwell_only,12,0.05,0.01,80,0,4,0,4,0.0,0.9916666666666667,0.0,0.9916666666666667,True,58.0,"{""theta"": 0.9177894942394064, ""m"": 0.0, ""k"": 5}",0.04722222222222222,0.20902777777777778
D7D20E2E-FC78-405D-B346-DBD3FD8FC92B,0.05,m0_k10,0.0,10,dwell_only,12,0.05,0.01,80,0,1,0,1,0.0,1.0,0.0,1.0,True,67.0,"{""theta"": 0.9576871216559265, ""m"": 0.0, ""k"": 10}",0.04097222222222222,0.528125
D7D20E2E-FC78-405D-B346-DBD3FD8FC92B,0.05,m0.05_k1,0.05,1,margin_only,12,0.05,0.01,80,8,15,0,15,0.0,1.0,0.0,1.0,True,29.0,"{""theta"": 0.822780706893185, ""m"": 0.05, ""k"": 1}",0.04027777777777778,0.0
D7D20E2E-FC78-405D-B346-DBD3FD8FC92B,0.05,m0.05_k2,0.05,2,hysteresis,12,0.05,0.01,80,8,4,0,4,0.001388888888888889,1.0,0.0020833333333333333,1.0,True,42.0,"{""theta"": 0.838015712075466, ""m"": 0.05, ""k"": 2}",0.04236111111111111,0.00798611111111111
D7D20E2E-FC78-405D-B346-DBD3FD8FC92B,0.05,m0.05_k3,0.05,3,hysteresis,12,0.05,0.01,80,8,0,0,0,0.002777777777777778,1.0,0.006944444444444444,1.0,False,,null,,
D7D20E2E-FC78-405D-B346-DBD3FD8FC92B,0.05,m0.05_k5,0.05,5,hysteresis,12,0.05,0.01,80,8,5,0,5,0.005555555555555556,1.0,0.016666666666666666,1.0,True,60.0,"{""theta"": 0.9295059558679946, ""m"": 0.05, ""k"": 5}",0.04722222222222222,0.25833333333333336
D7D20E2E-FC78-405D-B346-DBD3FD8FC92B,0.05,m0.05_k10,0.05,10,hysteresis,12,0.05,0.01,80,8,1,1,0,0.025,1.0,0.06805555555555555,1.0,False,,null,,
D7D20E2E-FC78-405D-B346-DBD3FD8FC92B,0.05,m0.1_k1,0.1,1,margin_only,12,0.05,0.01,80,15,7,0,7,0.0,1.0,0.0,1.0,True,24.0,"{""theta"": 0.8176364291830021, ""m"": 0.1, ""k"": 1}",0.04583333333333333,0.0
D7D20E2E-FC78-405D-B346-DBD3FD8FC92B,0.05,m0.1_k2,0.1,2,hysteresis,12,0.05,0.01,80,15,6,0,6,0.0020833333333333333,1.0,0.009027777777777777,1.0,True,44.0,"{""theta"": 0.8440806332897721, ""m"": 0.1, ""k"": 2}",0.04097222222222222,0.009027777777777777
D7D20E2E-FC78-405D-B346-DBD3FD8FC92B,0.05,m0.1_k3,0.1,3,hysteresis,12,0.05,0.01,80,15,1,0,1,0.006944444444444444,1.0,0.02638888888888889,1.0,True,55.0,"{""theta"": 0.8981644210115212, ""m"": 0.1, ""k"": 3}",0.04027777777777778,0.12430555555555556
D7D20E2E-FC78-405D-B346-DBD3FD8FC92B,0.05,m0.1_k5,0.1,5,hysteresis,12,0.05,0.01,80,15,5,5,0,0.013888888888888888,1.0,0.06666666666666667,1.0,False,,null,,
D7D20E2E-FC78-405D-B346-DBD3FD8FC92B,0.05,m0.1_k10,0.1,10,hysteresis,12,0.05,0.01,80,15,0,0,0,0.06805555555555555,1.0,0.15,1.0,False,,null,,
D7D20E2E-FC78-405D-B346-DBD3FD8FC92B,0.05,m0.2_k1,0.2,1,margin_only,12,0.05,0.01,80,24,1,0,1,0.0,1.0,0.003472222222222222,1.0,True,48.0,"{""theta"": 0.8533144067414716, ""m"": 0.2, ""k"": 1}",0.04861111111111111,0.07083333333333333
D7D20E2E-FC78-405D-B346-DBD3FD8FC92B,0.05,m0.2_k2,0.2,2,hysteresis,12,0.05,0.01,80,24,2,1,1,0.009027777777777777,1.0,0.04097222222222222,1.0,True,55.0,"{""theta"": 0.8981644210115212, ""m"": 0.2, ""k"": 2}",0.04097222222222222,0.4600694444444444
D7D20E2E-FC78-405D-B346-DBD3FD8FC92B,0.05,m0.2_k3,0.2,3,hysteresis,12,0.05,0.01,80,24,2,2,0,0.022222222222222223,1.0,0.10138888888888889,1.0,False,,null,,
D7D20E2E-FC78-405D-B346-DBD3FD8FC92B,0.05,m0.2_k5,0.2,5,hysteresis,12,0.05,0.01,80,24,0,0,0,0.06666666666666667,1.0,0.15,1.0,False,,null,,
D7D20E2E-FC78-405D-B346-DBD3FD8FC92B,0.05,m0.2_k10,0.2,10,hysteresis,12,0.05,0.01,80,24,0,0,0,0.15,1.0,0.26875,1.0,False,,null,,
D7D20E2E-FC78-405D-B346-DBD3FD8FC92B,0.03,m0_k1,0.0,1,instantaneous,12,0.03,0.01,80,0,7,0,7,0.0,0.9694444444444444,0.0,0.9694444444444444,True,39.0,"{""theta"": 0.8644795938293303, ""m"": 0.0, ""k"": 1}",0.020833333333333332,0.0
D7D20E2E-FC78-405D-B346-DBD3FD8FC92B,0.03,m0_k2,0.0,2,dwell_only,12,0.03,0.01,80,0,10,0,10,0.0,0.9840277777777777,0.0,0.9840277777777777,True,46.0,"{""theta"": 0.8763308578552866, ""m"": 0.0, ""k"": 2}",0.02361111111111111,0.008333333333333333
D7D20E2E-FC78-405D-B346-DBD3FD8FC92B,0.03,m0_k3,0.0,3,dwell_only,12,0.03,0.01,80,0,7,0,7,0.0,0.9854166666666667,0.0,0.9854166666666667,True,56.0,"{""theta"": 0.9040226518258153, ""m"": 0.0, ""k"": 3}",0.027777777777777776,0.13055555555555556
D7D20E2E-FC78-405D-B346-DBD3FD8FC92B,0.03,m0_k5,0.0,5,dwell_only,12,0.03,0.01,80,0,1,0,1,0.0,0.9916666666666667,0.0,0.9916666666666667,True,65.0,"{""theta"": 0.950888498340168, ""m"": 0.0, ""k"": 5}",0.022222222222222223,0.4965277777777778
D7D20E2E-FC78-405D-B346-DBD3FD8FC92B,0.03,m0_k10,0.0,10,dwell_only,12,0.03,0.01,80,0,2,0,2,0.0,1.0,0.0,1.0,True,71.0,"{""theta"": 0.9730521382542472, ""m"": 0.0, ""k"": 10}",0.025,0.6743055555555556
D7D20E2E-FC78-405D-B346-DBD3FD8FC92B,0.03,m0.05_k1,0.05,1,margin_only,12,0.03,0.01,80,8,7,0,7,0.0,1.0,0.0,1.0,True,30.0,"{""theta"": 0.8419369749498042, ""m"": 0.05, ""k"": 1}",0.02013888888888889,0.0
D7D20E2E-FC78-405D-B346-DBD3FD8FC92B,0.03,m0.05_k2,0.05,2,hysteresis,12,0.03,0.01,80,8,19,0,19,0.001388888888888889,1.0,0.0020833333333333333,1.0,True,36.0,"{""theta"": 0.8599795317420977, ""m"": 0.05, ""k"": 2}",0.02361111111111111,0.009027777777777777
D7D20E2E-FC78-405D-B346-DBD3FD8FC92B,0.03,m0.05_k3,0.05,3,hysteresis,12,0.03,0.01,80,8,3,0,3,0.002777777777777778,1.0,0.006944444444444444,1.0,True,59.0,"{""theta"": 0.9243311853153681, ""m"": 0.05, ""k"": 3}",0.02638888888888889,0.18715277777777778
D7D20E2E-FC78-405D-B346-DBD3FD8FC92B,0.03,m0.05_k5,0.05,5,hysteresis,12,0.03,0.01,80,8,1,0,1,0.005555555555555556,1.0,0.016666666666666666,1.0,True,69.0,"{""theta"": 0.9659681019332162, ""m"": 0.05, ""k"": 5}",0.025,0.6611111111111111
D7D20E2E-FC78-405D-B346-DBD3FD8FC92B,0.03,m0.05_k10,0.05,10,hysteresis,12,0.03,0.01,80,8,3,3,0,0.025,1.0,0.06805555555555555,1.0,False,,null,,
D7D20E2E-FC78-405D-B346-DBD3FD8FC92B,0.03,m0.1_k1,0.1,1,margin_only,12,0.03,0.01,80,15,10,0,10,0.0,1.0,0.0,1.0,True,21.0,"{""theta"": 0.8263414136862292, ""m"": 0.1, ""k"": 1}",0.02847222222222222,0.0
D7D20E2E-FC78-405D-B346-DBD3FD8FC92B,0.03,m0.1_k2,0.1,2,hysteresis,12,0.03,0.01,80,15,9,0,9,0.0020833333333333333,1.0,0.009027777777777777,1.0,True,50.0,"{""theta"": 0.8815060009313085, ""m"": 0.1, ""k"": 2}",0.02361111111111111,0.06909722222222223
D7D20E2E-FC78-405D-B346-DBD3FD8FC92B,0.03,m0.1_k3,0.1,3,hysteresis,12,0.03,0.01,80,15,3,1,2,0.006944444444444444,1.0,0.02638888888888889,1.0,True,63.0,"{""theta"": 0.9433704354618239, ""m"": 0.1, ""k"": 3}",0.029166666666666667,0.4201388888888889
D7D20E2E-FC78-405D-B346-DBD3FD8FC92B,0.03,m0.1_k5,0.1,5,hysteresis,12,0.03,0.01,80,15,2,2,0,0.013888888888888888,1.0,0.06666666666666667,1.0,False,,null,,
D7D20E2E-FC78-405D-B346-DBD3FD8FC92B,0.03,m0.1_k10,0.1,10,hysteresis,12,0.03,0.01,80,15,0,0,0,0.06805555555555555,1.0,0.15,1.0,False,,null,,
D7D20E2E-FC78-405D-B346-DBD3FD8FC92B,0.03,m0.2_k1,0.2,1,margin_only,12,0.03,0.01,80,24,8,0,8,0.0,1.0,0.003472222222222222,1.0,True,36.0,"{""theta"": 0.8599795317420977, ""m"": 0.2, ""k"": 1}",0.02847222222222222,0.07708333333333334
D7D20E2E-FC78-405D-B346-DBD3FD8FC92B,0.03,m0.2_k2,0.2,2,hysteresis,12,0.03,0.01,80,24,10,10,0,0.009027777777777777,1.0,0.04097222222222222,1.0,False,,null,,
D7D20E2E-FC78-405D-B346-DBD3FD8FC92B,0.03,m0.2_k3,0.2,3,hysteresis,12,0.03,0.01,80,24,3,3,0,0.022222222222222223,1.0,0.10138888888888889,1.0,False,,null,,
D7D20E2E-FC78-405D-B346-DBD3FD8FC92B,0.03,m0.2_k5,0.2,5,hysteresis,12,0.03,0.01,80,24,0,0,0,0.06666666666666667,1.0,0.15,1.0,False,,null,,
D7D20E2E-FC78-405D-B346-DBD3FD8FC92B,0.03,m0.2_k10,0.2,10,hysteresis,12,0.03,0.01,80,24,0,0,0,0.15,1.0,0.26875,1.0,False,,null,,
D7D20E2E-FC78-405D-B346-DBD3FD8FC92B,0.07,m0_k1,0.0,1,instantaneous,12,0.07,0.01,80,0,9,0,9,0.0,0.9694444444444444,0.0,0.9694444444444444,True,39.0,"{""theta"": 0.8196895137668422, ""m"": 0.0, ""k"": 1}",0.06041666666666667,0.0
D7D20E2E-FC78-405D-B346-DBD3FD8FC92B,0.07,m0_k2,0.0,2,dwell_only,12,0.07,0.01,80,0,10,0,10,0.0,0.9840277777777777,0.0,0.9840277777777777,True,43.0,"{""theta"": 0.824208763312454, ""m"": 0.0, ""k"": 2}",0.06041666666666667,0.007291666666666667
D7D20E2E-FC78-405D-B346-DBD3FD8FC92B,0.07,m0_k3,0.0,3,dwell_only,12,0.07,0.01,80,0,9,0,9,0.0,0.9854166666666667,0.0,0.9854166666666667,True,45.0,"{""theta"": 0.8252992955101919, ""m"": 0.0, ""k"": 3}",0.06527777777777778,0.015277777777777777
D7D20E2E-FC78-405D-B346-DBD3FD8FC92B,0.07,m0_k5,0.0,5,dwell_only,12,0.07,0.01,80,0,2,0,2,0.0,0.9916666666666667,0.0,0.9916666666666667,True,54.0,"{""theta"": 0.8885583089240383, ""m"": 0.0, ""k"": 5}",0.06666666666666667,0.03923611111111111
D7D20E2E-FC78-405D-B346-DBD3FD8FC92B,0.07,m0_k10,0.0,10,dwell_only,12,0.07,0.01,80,0,0,0,0,0.0,1.0,0.0,1.0,False,,null,,
D7D20E2E-FC78-405D-B346-DBD3FD8FC92B,0.07,m0.05_k1,0.05,1,margin_only,12,0.07,0.01,80,8,9,0,9,0.0,1.0,0.0,1.0,True,25.0,"{""theta"": 0.8096074985354423, ""m"": 0.05, ""k"": 1}",0.06111111111111111,0.0
D7D20E2E-FC78-405D-B346-DBD3FD8FC92B,0.07,m0.05_k2,0.05,2,hysteresis,12,0.07,0.01,80,8,7,0,7,0.001388888888888889,1.0,0.0020833333333333333,1.0,True,38.0,"{""theta"": 0.8183422708906014, ""m"": 0.05, ""k"": 2}",0.06041666666666667,0.007638888888888889
D7D20E2E-FC78-405D-B346-DBD3FD8FC92B,0.07,m0.05_k3,0.05,3,hysteresis,12,0.07,0.01,80,8,0,0,0,0.002777777777777778,1.0,0.006944444444444444,1.0,False,,null,,
D7D20E2E-FC78-405D-B346-DBD3FD8FC92B,0.07,m0.05_k5,0.05,5,hysteresis,12,0.07,0.01,80,8,5,0,5,0.005555555555555556,1.0,0.016666666666666666,1.0,True,55.0,"{""theta"": 0.8981644210115212, ""m"": 0.05, ""k"": 5}",0.06944444444444445,0.09444444444444444
D7D20E2E-FC78-405D-B346-DBD3FD8FC92B,0.07,m0.05_k10,0.05,10,hysteresis,12,0.07,0.01,80,8,6,1,5,0.025,1.0,0.06805555555555555,1.0,True,67.0,"{""theta"": 0.9576871216559265, ""m"": 0.05, ""k"": 10}",0.06875,0.5645833333333333
D7D20E2E-FC78-405D-B346-DBD3FD8FC92B,0.07,m0.1_k1,0.1,1,margin_only,12,0.07,0.01,80,15,7,0,7,0.0,1.0,0.0,1.0,True,23.0,"{""theta"": 0.8077872410737086, ""m"": 0.1, ""k"": 1}",0.06527777777777778,0.0
D7D20E2E-FC78-405D-B346-DBD3FD8FC92B,0.07,m0.1_k2,0.1,2,hysteresis,12,0.07,0.01,80,15,0,0,0,0.0020833333333333333,1.0,0.009027777777777777,1.0,False,,null,,
D7D20E2E-FC78-405D-B346-DBD3FD8FC92B,0.07,m0.1_k3,0.1,3,hysteresis,12,0.07,0.01,80,15,0,0,0,0.006944444444444444,1.0,0.02638888888888889,1.0,False,,null,,
D7D20E2E-FC78-405D-B346-DBD3FD8FC92B,0.07,m0.1_k5,0.1,5,hysteresis,12,0.07,0.01,80,15,6,0,6,0.013888888888888888,1.0,0.06666666666666667,1.0,True,59.0,"{""theta"": 0.9243311853153681, ""m"": 0.1, ""k"": 5}",0.06944444444444445,0.3
D7D20E2E-FC78-405D-B346-DBD3FD8FC92B,0.07,m0.1_k10,0.1,10,hysteresis,12,0.07,0.01,80,15,6,6,0,0.06805555555555555,1.0,0.15,1.0,False,,null,,
D7D20E2E-FC78-405D-B346-DBD3FD8FC92B,0.07,m0.2_k1,0.2,1,margin_only,12,0.07,0.01,80,24,41,0,41,0.0,1.0,0.003472222222222222,1.0,True,12.0,"{""theta"": 0.8001366920523335, ""m"": 0.2, ""k"": 1}",0.06944444444444445,0.0006944444444444445
D7D20E2E-FC78-405D-B346-DBD3FD8FC92B,0.07,m0.2_k2,0.2,2,hysteresis,12,0.07,0.01,80,24,0,0,0,0.009027777777777777,1.0,0.04097222222222222,1.0,False,,null,,
D7D20E2E-FC78-405D-B346-DBD3FD8FC92B,0.07,m0.2_k3,0.2,3,hysteresis,12,0.07,0.01,80,24,1,1,0,0.022222222222222223,1.0,0.10138888888888889,1.0,False,,null,,
D7D20E2E-FC78-405D-B346-DBD3FD8FC92B,0.07,m0.2_k5,0.2,5,hysteresis,12,0.07,0.01,80,24,9,9,0,0.06666666666666667,1.0,0.15,1.0,False,,null,,
D7D20E2E-FC78-405D-B346-DBD3FD8FC92B,0.07,m0.2_k10,0.2,10,hysteresis,12,0.07,0.01,80,24,0,0,0,0.15,1.0,0.26875,1.0,False,,null,,
E65577C1-8D5D-4F70-AF23-B3ADB9D3DBA3,0.05,m0_k1,0.0,1,instantaneous,12,0.05,0.01,74,0,5,0,5,0.0,0.9694444444444444,0.0,0.9694444444444444,True,34.0,"{""theta"": 0.9262207012640539, ""m"": 0.0, ""k"": 1}",0.041666666666666664,0.0
E65577C1-8D5D-4F70-AF23-B3ADB9D3DBA3,0.05,m0_k2,0.0,2,dwell_only,12,0.05,0.01,74,0,6,0,6,0.0006944444444444445,0.9756944444444444,0.0006944444444444445,0.9756944444444444,True,29.0,"{""theta"": 0.9253598424696691, ""m"": 0.0, ""k"": 2}",0.04236111111111111,0.00798611111111111
E65577C1-8D5D-4F70-AF23-B3ADB9D3DBA3,0.05,m0_k3,0.0,3,dwell_only,12,0.05,0.01,74,0,2,0,2,0.0,0.98125,0.0,0.98125,True,29.0,"{""theta"": 0.9253598424696691, ""m"": 0.0, ""k"": 3}",0.04722222222222222,0.016319444444444445
E65577C1-8D5D-4F70-AF23-B3ADB9D3DBA3,0.05,m0_k5,0.0,5,dwell_only,12,0.05,0.01,74,0,3,0,3,0.0,0.9645833333333333,0.0,0.9645833333333333,True,54.0,"{""theta"": 0.9450783856317093, ""m"": 0.0, ""k"": 5}",0.04583333333333333,0.26284722222222223
E65577C1-8D5D-4F70-AF23-B3ADB9D3DBA3,0.05,m0_k10,0.0,10,dwell_only,12,0.05,0.01,74,0,0,0,0,0.0,1.0,0.0,1.0,False,,null,,
E65577C1-8D5D-4F70-AF23-B3ADB9D3DBA3,0.05,m0.05_k1,0.05,1,margin_only,12,0.05,0.01,74,8,0,0,0,0.0,0.9736111111111111,0.0,0.9736111111111111,False,,null,,
E65577C1-8D5D-4F70-AF23-B3ADB9D3DBA3,0.05,m0.05_k2,0.05,2,hysteresis,12,0.05,0.01,74,8,0,0,0,0.0,0.9791666666666666,0.004166666666666667,0.9791666666666666,False,,null,,
E65577C1-8D5D-4F70-AF23-B3ADB9D3DBA3,0.05,m0.05_k3,0.05,3,hysteresis,12,0.05,0.01,74,8,4,0,4,0.0,0.9944444444444445,0.004166666666666667,0.9944444444444445,True,53.0,"{""theta"": 0.9427126341866227, ""m"": 0.05, ""k"": 3}",0.04791666666666667,0.08506944444444445
E65577C1-8D5D-4F70-AF23-B3ADB9D3DBA3,0.05,m0.05_k5,0.05,5,hysteresis,12,0.05,0.01,74,8,0,0,0,0.0,1.0,0.03263888888888889,1.0,False,,null,,
E65577C1-8D5D-4F70-AF23-B3ADB9D3DBA3,0.05,m0.05_k10,0.05,10,hysteresis,12,0.05,0.01,74,8,1,1,0,0.0,1.0,0.09097222222222222,1.0,False,,null,,
E65577C1-8D5D-4F70-AF23-B3ADB9D3DBA3,0.05,m0.1_k1,0.1,1,margin_only,12,0.05,0.01,74,18,0,0,0,0.0,0.9972222222222222,0.007638888888888889,0.9972222222222222,False,,null,,
E65577C1-8D5D-4F70-AF23-B3ADB9D3DBA3,0.05,m0.1_k2,0.1,2,hysteresis,12,0.05,0.01,74,18,0,0,0,0.0020833333333333333,1.0,0.059027777777777776,1.0,False,,null,,
E65577C1-8D5D-4F70-AF23-B3ADB9D3DBA3,0.05,m0.1_k3,0.1,3,hysteresis,12,0.05,0.01,74,18,3,3,0,0.004166666666666667,1.0,0.1,1.0,False,,null,,
E65577C1-8D5D-4F70-AF23-B3ADB9D3DBA3,0.05,m0.1_k5,0.1,5,hysteresis,12,0.05,0.01,74,18,1,1,0,0.03263888888888889,1.0,0.18611111111111112,1.0,False,,null,,
E65577C1-8D5D-4F70-AF23-B3ADB9D3DBA3,0.05,m0.1_k10,0.1,10,hysteresis,12,0.05,0.01,74,18,0,0,0,0.09097222222222222,1.0,0.3958333333333333,1.0,False,,null,,
E65577C1-8D5D-4F70-AF23-B3ADB9D3DBA3,0.05,m0.2_k1,0.2,1,margin_only,12,0.05,0.01,74,62,2,2,0,0.007638888888888889,1.0,0.11805555555555555,1.0,False,,null,,
E65577C1-8D5D-4F70-AF23-B3ADB9D3DBA3,0.05,m0.2_k2,0.2,2,hysteresis,12,0.05,0.01,74,62,0,0,0,0.034027777777777775,1.0,0.15,1.0,False,,null,,
E65577C1-8D5D-4F70-AF23-B3ADB9D3DBA3,0.05,m0.2_k3,0.2,3,hysteresis,12,0.05,0.01,74,62,0,0,0,0.06666666666666667,1.0,0.2,1.0,False,,null,,
E65577C1-8D5D-4F70-AF23-B3ADB9D3DBA3,0.05,m0.2_k5,0.2,5,hysteresis,12,0.05,0.01,74,62,0,0,0,0.18611111111111112,1.0,0.2326388888888889,1.0,False,,null,,
E65577C1-8D5D-4F70-AF23-B3ADB9D3DBA3,0.05,m0.2_k10,0.2,10,hysteresis,12,0.05,0.01,74,62,0,0,0,0.3958333333333333,1.0,0.3972222222222222,1.0,False,,null,,
E65577C1-8D5D-4F70-AF23-B3ADB9D3DBA3,0.03,m0_k1,0.0,1,instantaneous,12,0.03,0.01,72,0,6,0,6,0.0,0.9694444444444444,0.0,0.9694444444444444,True,35.0,"{""theta"": 0.9279649119185246, ""m"": 0.0, ""k"": 1}",0.02013888888888889,0.0
E65577C1-8D5D-4F70-AF23-B3ADB9D3DBA3,0.03,m0_k2,0.0,2,dwell_only,12,0.03,0.01,72,0,14,0,14,0.0006944444444444445,0.9756944444444444,0.0006944444444444445,0.9756944444444444,True,30.0,"{""theta"": 0.927731536767664, ""m"": 0.0, ""k"": 2}",0.025694444444444443,0.00798611111111111
E65577C1-8D5D-4F70-AF23-B3ADB9D3DBA3,0.03,m0_k3,0.0,3,dwell_only,12,0.03,0.01,72,0,8,0,8,0.0,0.98125,0.0,0.98125,True,48.0,"{""theta"": 0.9348678777869529, ""m"": 0.0, ""k"": 3}",0.02847222222222222,0.11875
E65577C1-8D5D-4F70-AF23-B3ADB9D3DBA3,0.03,m0_k5,0.0,5,dwell_only,12,0.03,0.01,72,0,1,0,1,0.0,0.9645833333333333,0.0,0.9645833333333333,True,60.0,"{""theta"": 0.9643889347646573, ""m"": 0.0, ""k"": 5}",0.02013888888888889,0.5496527777777778
E65577C1-8D5D-4F70-AF23-B3ADB9D3DBA3,0.03,m0_k10,0.0,10,dwell_only,12,0.03,0.01,72,0,1,0,1,0.0,1.0,0.0,1.0,True,63.0,"{""theta"": 0.9730594549958712, ""m"": 0.0, ""k"": 10}",0.029861111111111113,0.7052083333333333
E65577C1-8D5D-4F70-AF23-B3ADB9D3DBA3,0.03,m0.05_k1,0.05,1,margin_only,12,0.03,0.01,72,8,0,0,0,0.0,0.9736111111111111,0.0,0.9736111111111111,False,,null,,
E65577C1-8D5D-4F70-AF23-B3ADB9D3DBA3,0.03,m0.05_k2,0.05,2,hysteresis,12,0.03,0.01,72,8,5,0,5,0.0,0.9791666666666666,0.004166666666666667,0.9791666666666666,True,50.0,"{""theta"": 0.9395127993393889, ""m"": 0.05, ""k"": 2}",0.02638888888888889,0.03125
E65577C1-8D5D-4F70-AF23-B3ADB9D3DBA3,0.03,m0.05_k3,0.05,3,hysteresis,12,0.03,0.01,72,8,1,0,1,0.0,0.9944444444444445,0.004166666666666667,0.9944444444444445,True,57.0,"{""theta"": 0.9575763831544178, ""m"": 0.05, ""k"": 3}",0.024305555555555556,0.2809027777777778
E65577C1-8D5D-4F70-AF23-B3ADB9D3DBA3,0.03,m0.05_k5,0.05,5,hysteresis,12,0.03,0.01,72,8,0,0,0,0.0,1.0,0.03263888888888889,1.0,False,,null,,
E65577C1-8D5D-4F70-AF23-B3ADB9D3DBA3,0.03,m0.05_k10,0.05,10,hysteresis,12,0.03,0.01,72,8,0,0,0,0.0,1.0,0.09097222222222222,1.0,False,,null,,
E65577C1-8D5D-4F70-AF23-B3ADB9D3DBA3,0.03,m0.1_k1,0.1,1,margin_only,12,0.03,0.01,72,18,0,0,0,0.0,0.9972222222222222,0.007638888888888889,0.9972222222222222,False,,null,,
E65577C1-8D5D-4F70-AF23-B3ADB9D3DBA3,0.03,m0.1_k2,0.1,2,hysteresis,12,0.03,0.01,72,18,4,4,0,0.0020833333333333333,1.0,0.059027777777777776,1.0,False,,null,,
E65577C1-8D5D-4F70-AF23-B3ADB9D3DBA3,0.03,m0.1_k3,0.1,3,hysteresis,12,0.03,0.01,72,18,1,1,0,0.004166666666666667,1.0,0.1,1.0,False,,null,,
E65577C1-8D5D-4F70-AF23-B3ADB9D3DBA3,0.03,m0.1_k5,0.1,5,hysteresis,12,0.03,0.01,72,18,0,0,0,0.03263888888888889,1.0,0.18611111111111112,1.0,False,,null,,
E65577C1-8D5D-4F70-AF23-B3ADB9D3DBA3,0.03,m0.1_k10,0.1,10,hysteresis,12,0.03,0.01,72,18,0,0,0,0.09097222222222222,1.0,0.3958333333333333,1.0,False,,null,,
E65577C1-8D5D-4F70-AF23-B3ADB9D3DBA3,0.03,m0.2_k1,0.2,1,margin_only,12,0.03,0.01,72,60,0,0,0,0.007638888888888889,1.0,0.11805555555555555,1.0,False,,null,,
E65577C1-8D5D-4F70-AF23-B3ADB9D3DBA3,0.03,m0.2_k2,0.2,2,hysteresis,12,0.03,0.01,72,60,0,0,0,0.034027777777777775,1.0,0.15,1.0,False,,null,,
E65577C1-8D5D-4F70-AF23-B3ADB9D3DBA3,0.03,m0.2_k3,0.2,3,hysteresis,12,0.03,0.01,72,60,0,0,0,0.06666666666666667,1.0,0.2,1.0,False,,null,,
E65577C1-8D5D-4F70-AF23-B3ADB9D3DBA3,0.03,m0.2_k5,0.2,5,hysteresis,12,0.03,0.01,72,60,0,0,0,0.18611111111111112,1.0,0.2326388888888889,1.0,False,,null,,
E65577C1-8D5D-4F70-AF23-B3ADB9D3DBA3,0.03,m0.2_k10,0.2,10,hysteresis,12,0.03,0.01,72,60,0,0,0,0.3958333333333333,1.0,0.3972222222222222,1.0,False,,null,,
E65577C1-8D5D-4F70-AF23-B3ADB9D3DBA3,0.07,m0_k1,0.0,1,instantaneous,12,0.07,0.01,76,0,7,0,7,0.0,0.9694444444444444,0.0,0.9694444444444444,True,37.0,"{""theta"": 0.9243393889347646, ""m"": 0.0, ""k"": 1}",0.06111111111111111,0.0
E65577C1-8D5D-4F70-AF23-B3ADB9D3DBA3,0.07,m0_k2,0.0,2,dwell_only,12,0.07,0.01,76,0,2,0,2,0.0006944444444444445,0.9756944444444444,0.0006944444444444445,0.9756944444444444,True,30.0,"{""theta"": 0.9223781998348473, ""m"": 0.0, ""k"": 2}",0.06319444444444444,0.007638888888888889
E65577C1-8D5D-4F70-AF23-B3ADB9D3DBA3,0.07,m0_k3,0.0,3,dwell_only,12,0.07,0.01,76,0,11,0,11,0.0,0.98125,0.0,0.98125,True,30.0,"{""theta"": 0.9223781998348473, ""m"": 0.0, ""k"": 3}",0.06736111111111111,0.015625
E65577C1-8D5D-4F70-AF23-B3ADB9D3DBA3,0.07,m0_k5,0.0,5,dwell_only,12,0.07,0.01,76,0,4,0,4,0.0,0.9645833333333333,0.0,0.9645833333333333,True,49.0,"{""theta"": 0.9292939719240297, ""m"": 0.0, ""k"": 5}",0.06666666666666667,0.03611111111111111
E65577C1-8D5D-4F70-AF23-B3ADB9D3DBA3,0.07,m0_k10,0.0,10,dwell_only,12,0.07,0.01,76,0,1,0,1,0.0,1.0,0.0,1.0,True,61.0,"{""theta"": 0.9575763831544178, ""m"": 0.0, ""k"": 10}",0.06597222222222222,0.41354166666666664
E65577C1-8D5D-4F70-AF23-B3ADB9D3DBA3,0.07,m0.05_k1,0.05,1,margin_only,12,0.07,0.01,76,8,0,0,0,0.0,0.9736111111111111,0.0,0.9736111111111111,False,,null,,
E65577C1-8D5D-4F70-AF23-B3ADB9D3DBA3,0.07,m0.05_k2,0.05,2,hysteresis,12,0.07,0.01,76,8,10,0,10,0.0,0.9791666666666666,0.004166666666666667,0.9791666666666666,True,16.0,"{""theta"": 0.9178180778758812, ""m"": 0.05, ""k"": 2}",0.0625,0.016319444444444445
E65577C1-8D5D-4F70-AF23-B3ADB9D3DBA3,0.07,m0.05_k3,0.05,3,hysteresis,12,0.07,0.01,76,8,16,0,16,0.0,0.9944444444444445,0.004166666666666667,0.9944444444444445,True,35.0,"{""theta"": 0.9237680238836309, ""m"": 0.05, ""k"": 3}",0.06666666666666667,0.027083333333333334
E65577C1-8D5D-4F70-AF23-B3ADB9D3DBA3,0.07,m0.05_k5,0.05,5,hysteresis,12,0.07,0.01,76,8,2,0,2,0.0,1.0,0.03263888888888889,1.0,True,60.0,"{""theta"": 0.9553055326176714, ""m"": 0.05, ""k"": 5}",0.06597222222222222,0.25416666666666665
E65577C1-8D5D-4F70-AF23-B3ADB9D3DBA3,0.07,m0.05_k10,0.05,10,hysteresis,12,0.07,0.01,76,8,0,0,0,0.0,1.0,0.09097222222222222,1.0,False,,null,,
E65577C1-8D5D-4F70-AF23-B3ADB9D3DBA3,0.07,m0.1_k1,0.1,1,margin_only,12,0.07,0.01,76,18,0,0,0,0.0,0.9972222222222222,0.007638888888888889,0.9972222222222222,False,,null,,
E65577C1-8D5D-4F70-AF23-B3ADB9D3DBA3,0.07,m0.1_k2,0.1,2,hysteresis,12,0.07,0.01,76,18,3,0,3,0.0020833333333333333,1.0,0.059027777777777776,1.0,True,54.0,"{""theta"": 0.9395127993393889, ""m"": 0.1, ""k"": 2}",0.06736111111111111,0.28715277777777776
E65577C1-8D5D-4F70-AF23-B3ADB9D3DBA3,0.07,m0.1_k3,0.1,3,hysteresis,12,0.07,0.01,76,18,3,3,0,0.004166666666666667,1.0,0.1,1.0,False,,null,,
E65577C1-8D5D-4F70-AF23-B3ADB9D3DBA3,0.07,m0.1_k5,0.1,5,hysteresis,12,0.07,0.01,76,18,2,2,0,0.03263888888888889,1.0,0.18611111111111112,1.0,False,,null,,
E65577C1-8D5D-4F70-AF23-B3ADB9D3DBA3,0.07,m0.1_k10,0.1,10,hysteresis,12,0.07,0.01,76,18,0,0,0,0.09097222222222222,1.0,0.3958333333333333,1.0,False,,null,,
E65577C1-8D5D-4F70-AF23-B3ADB9D3DBA3,0.07,m0.2_k1,0.2,1,margin_only,12,0.07,0.01,76,64,0,0,0,0.007638888888888889,1.0,0.11805555555555555,1.0,False,,null,,
E65577C1-8D5D-4F70-AF23-B3ADB9D3DBA3,0.07,m0.2_k2,0.2,2,hysteresis,12,0.07,0.01,76,64,2,2,0,0.034027777777777775,1.0,0.15,1.0,False,,null,,
E65577C1-8D5D-4F70-AF23-B3ADB9D3DBA3,0.07,m0.2_k3,0.2,3,hysteresis,12,0.07,0.01,76,64,1,1,0,0.06666666666666667,1.0,0.2,1.0,False,,null,,
E65577C1-8D5D-4F70-AF23-B3ADB9D3DBA3,0.07,m0.2_k5,0.2,5,hysteresis,12,0.07,0.01,76,64,0,0,0,0.18611111111111112,1.0,0.2326388888888889,1.0,False,,null,,
E65577C1-8D5D-4F70-AF23-B3ADB9D3DBA3,0.07,m0.2_k10,0.2,10,hysteresis,12,0.07,0.01,76,64,0,0,0,0.3958333333333333,1.0,0.3972222222222222,1.0,False,,null,,
ECECC2AB-D32F-4F90-B74C-E12A1C69BBE2,0.05,m0_k1,0.0,1,instantaneous,12,0.05,0.01,80,0,7,0,7,0.0,0.9694444444444444,0.0,0.9694444444444444,True,39.0,"{""theta"": 0.8916793735833506, ""m"": 0.0, ""k"": 1}",0.04027777777777778,0.0
ECECC2AB-D32F-4F90-B74C-E12A1C69BBE2,0.05,m0_k2,0.0,2,dwell_only,12,0.05,0.01,80,0,3,0,3,0.0,0.9798611111111111,0.0,0.9798611111111111,True,36.0,"{""theta"": 0.8888108862083723, ""m"": 0.0, ""k"": 2}",0.04236111111111111,0.00798611111111111
ECECC2AB-D32F-4F90-B74C-E12A1C69BBE2,0.05,m0_k3,0.0,3,dwell_only,12,0.05,0.01,80,0,7,0,7,0.0,0.9833333333333333,0.0,0.9833333333333333,True,51.0,"{""theta"": 0.89862511689835, ""m"": 0.0, ""k"": 3}",0.04236111111111111,0.01597222222222222
ECECC2AB-D32F-4F90-B74C-E12A1C69BBE2,0.05,m0_k5,0.0,5,dwell_only,12,0.05,0.01,80,0,7,0,7,0.0,0.9875,0.0,0.9875,True,58.0,"{""theta"": 0.941994642489182, ""m"": 0.0, ""k"": 5}",0.044444444444444446,0.21909722222222222
ECECC2AB-D32F-4F90-B74C-E12A1C69BBE2,0.05,m0_k10,0.0,10,dwell_only,12,0.05,0.01,80,0,1,0,1,0.0,1.0,0.0,1.0,True,70.0,"{""theta"": 0.9781578405110241, ""m"": 0.0, ""k"": 10}",0.04583333333333333,0.6267361111111112
ECECC2AB-D32F-4F90-B74C-E12A1C69BBE2,0.05,m0.05_k1,0.05,1,margin_only,12,0.05,0.01,80,11,3,0,3,0.0,1.0,0.0,1.0,True,28.0,"{""theta"": 0.8800072912869121, ""m"": 0.05, ""k"": 1}",0.041666666666666664,0.0
ECECC2AB-D32F-4F90-B74C-E12A1C69BBE2,0.05,m0.05_k2,0.05,2,hysteresis,12,0.05,0.01,80,11,4,0,4,0.0,1.0,0.009722222222222222,1.0,True,32.0,"{""theta"": 0.8824203902423561, ""m"": 0.05, ""k"": 2}",0.04652777777777778,0.00798611111111111
ECECC2AB-D32F-4F90-B74C-E12A1C69BBE2,0.05,m0.05_k3,0.05,3,hysteresis,12,0.05,0.01,80,11,1,0,1,0.002777777777777778,1.0,0.022222222222222223,1.0,True,53.0,"{""theta"": 0.9278796620647023, ""m"": 0.05, ""k"": 3}",0.04027777777777778,0.11215277777777778
ECECC2AB-D32F-4F90-B74C-E12A1C69BBE2,0.05,m0.05_k5,0.05,5,hysteresis,12,0.05,0.01,80,11,5,2,3,0.009722222222222222,1.0,0.044444444444444446,1.0,True,66.0,"{""theta"": 0.9663094992787966, ""m"": 0.05, ""k"": 5}",0.044444444444444446,0.4666666666666667
ECECC2AB-D32F-4F90-B74C-E12A1C69BBE2,0.05,m0.05_k10,0.05,10,hysteresis,12,0.05,0.01,80,11,3,3,0,0.04861111111111111,1.0,0.1,1.0,False,,null,,
ECECC2AB-D32F-4F90-B74C-E12A1C69BBE2,0.05,m0.1_k1,0.1,1,margin_only,12,0.05,0.01,80,19,33,0,33,0.0,1.0,0.001388888888888889,1.0,True,21.0,"{""theta"": 0.8743874526462616, ""m"": 0.1, ""k"": 1}",0.044444444444444446,0.0
ECECC2AB-D32F-4F90-B74C-E12A1C69BBE2,0.05,m0.1_k2,0.1,2,hysteresis,12,0.05,0.01,80,19,0,0,0,0.007638888888888889,1.0,0.019444444444444445,1.0,False,,null,,
ECECC2AB-D32F-4F90-B74C-E12A1C69BBE2,0.05,m0.1_k3,0.1,3,hysteresis,12,0.05,0.01,80,19,2,1,1,0.018055555555555554,1.0,0.04375,1.0,True,60.0,"{""theta"": 0.9472491242530393, ""m"": 0.1, ""k"": 3}",0.04375,0.4125
ECECC2AB-D32F-4F90-B74C-E12A1C69BBE2,0.05,m0.1_k5,0.1,5,hysteresis,12,0.05,0.01,80,19,5,5,0,0.044444444444444446,1.0,0.0798611111111111,1.0,False,,null,,
ECECC2AB-D32F-4F90-B74C-E12A1C69BBE2,0.05,m0.1_k10,0.1,10,hysteresis,12,0.05,0.01,80,19,0,0,0,0.1,1.0,0.20833333333333334,1.0,False,,null,,
ECECC2AB-D32F-4F90-B74C-E12A1C69BBE2,0.05,m0.2_k1,0.2,1,margin_only,12,0.05,0.01,80,27,48,7,41,0.001388888888888889,1.0,0.04583333333333333,1.0,True,12.0,"{""theta"": 0.8663713167113126, ""m"": 0.2, ""k"": 1}",0.04722222222222222,0.08159722222222222
ECECC2AB-D32F-4F90-B74C-E12A1C69BBE2,0.05,m0.2_k2,0.2,2,hysteresis,12,0.05,0.01,80,27,2,2,0,0.018055555555555554,1.0,0.07152777777777777,1.0,False,,null,,
ECECC2AB-D32F-4F90-B74C-E12A1C69BBE2,0.05,m0.2_k3,0.2,3,hysteresis,12,0.05,0.01,80,27,3,3,0,0.04027777777777778,1.0,0.11388888888888889,1.0,False,,null,,
ECECC2AB-D32F-4F90-B74C-E12A1C69BBE2,0.05,m0.2_k5,0.2,5,hysteresis,12,0.05,0.01,80,27,0,0,0,0.0763888888888889,1.0,0.15486111111111112,1.0,False,,null,,
ECECC2AB-D32F-4F90-B74C-E12A1C69BBE2,0.05,m0.2_k10,0.2,10,hysteresis,12,0.05,0.01,80,27,0,0,0,0.19375,1.0,0.31805555555555554,1.0,False,,null,,
ECECC2AB-D32F-4F90-B74C-E12A1C69BBE2,0.03,m0_k1,0.0,1,instantaneous,12,0.03,0.01,80,0,7,0,7,0.0,0.9694444444444444,0.0,0.9694444444444444,True,39.0,"{""theta"": 0.89967526615839, ""m"": 0.0, ""k"": 1}",0.02013888888888889,0.0
ECECC2AB-D32F-4F90-B74C-E12A1C69BBE2,0.03,m0_k2,0.0,2,dwell_only,12,0.03,0.01,80,0,14,0,14,0.0,0.9798611111111111,0.0,0.9798611111111111,True,45.0,"{""theta"": 0.9079955766192734, ""m"": 0.0, ""k"": 2}",0.020833333333333332,0.00798611111111111
ECECC2AB-D32F-4F90-B74C-E12A1C69BBE2,0.03,m0_k3,0.0,3,dwell_only,12,0.03,0.01,80,0,8,0,8,0.0,0.9833333333333333,0.0,0.9833333333333333,True,56.0,"{""theta"": 0.9360189573459715, ""m"": 0.0, ""k"": 3}",0.029166666666666667,0.096875
ECECC2AB-D32F-4F90-B74C-E12A1C69BBE2,0.03,m0_k5,0.0,5,dwell_only,12,0.03,0.01,80,0,3,0,3,0.0,0.9875,0.0,0.9875,True,67.0,"{""theta"": 0.9697094580671749, ""m"": 0.0, ""k"": 5}",0.027777777777777776,0.540625
ECECC2AB-D32F-4F90-B74C-E12A1C69BBE2,0.03,m0_k10,0.0,10,dwell_only,12,0.03,0.01,80,0,1,0,1,0.0,1.0,0.0,1.0,True,72.0,"{""theta"": 0.9835254378734803, ""m"": 0.0, ""k"": 10}",0.029861111111111113,0.7166666666666667
ECECC2AB-D32F-4F90-B74C-E12A1C69BBE2,0.03,m0.05_k1,0.05,1,margin_only,12,0.03,0.01,80,11,4,0,4,0.0,1.0,0.0,1.0,True,23.0,"{""theta"": 0.8888070847004497, ""m"": 0.05, ""k"": 1}",0.025,0.0
ECECC2AB-D32F-4F90-B74C-E12A1C69BBE2,0.03,m0.05_k2,0.05,2,hysteresis,12,0.03,0.01,80,11,26,0,26,0.0,1.0,0.009722222222222222,1.0,True,40.0,"{""theta"": 0.9010921079744488, ""m"": 0.05, ""k"": 2}",0.02638888888888889,0.008333333333333333
ECECC2AB-D32F-4F90-B74C-E12A1C69BBE2,0.03,m0.05_k3,0.05,3,hysteresis,12,0.03,0.01,80,11,6,0,6,0.002777777777777778,1.0,0.022222222222222223,1.0,True,63.0,"{""theta"": 0.958067174943334, ""m"": 0.05, ""k"": 3}",0.027083333333333334,0.28055555555555556
ECECC2AB-D32F-4F90-B74C-E12A1C69BBE2,0.03,m0.05_k5,0.05,5,hysteresis,12,0.03,0.01,80,11,1,1,0,0.009722222222222222,1.0,0.044444444444444446,1.0,False,,null,,
ECECC2AB-D32F-4F90-B74C-E12A1C69BBE2,0.03,m0.05_k10,0.05,10,hysteresis,12,0.03,0.01,80,11,0,0,0,0.04861111111111111,1.0,0.1,1.0,False,,null,,
ECECC2AB-D32F-4F90-B74C-E12A1C69BBE2,0.03,m0.1_k1,0.1,1,margin_only,12,0.03,0.01,80,19,0,0,0,0.0,1.0,0.001388888888888889,1.0,False,,null,,
ECECC2AB-D32F-4F90-B74C-E12A1C69BBE2,0.03,m0.1_k2,0.1,2,hysteresis,12,0.03,0.01,80,19,11,0,11,0.007638888888888889,1.0,0.019444444444444445,1.0,True,49.0,"{""theta"": 0.9166061627225032, ""m"": 0.1, ""k"": 2}",0.029861111111111113,0.12395833333333334
ECECC2AB-D32F-4F90-B74C-E12A1C69BBE2,0.03,m0.1_k3,0.1,3,hysteresis,12,0.03,0.01,80,19,6,6,0,0.018055555555555554,1.0,0.04375,1.0,False,,null,,
ECECC2AB-D32F-4F90-B74C-E12A1C69BBE2,0.03,m0.1_k5,0.1,5,hysteresis,12,0.03,0.01,80,19,0,0,0,0.044444444444444446,1.0,0.0798611111111111,1.0,False,,null,,
ECECC2AB-D32F-4F90-B74C-E12A1C69BBE2,0.03,m0.1_k10,0.1,10,hysteresis,12,0.03,0.01,80,19,0,0,0,0.1,1.0,0.20833333333333334,1.0,False,,null,,
ECECC2AB-D32F-4F90-B74C-E12A1C69BBE2,0.03,m0.2_k1,0.2,1,margin_only,12,0.03,0.01,80,40,0,0,0,0.001388888888888889,1.0,0.04583333333333333,1.0,False,,null,,
ECECC2AB-D32F-4F90-B74C-E12A1C69BBE2,0.03,m0.2_k2,0.2,2,hysteresis,12,0.03,0.01,80,40,11,11,0,0.018055555555555554,1.0,0.07152777777777777,1.0,False,,null,,
ECECC2AB-D32F-4F90-B74C-E12A1C69BBE2,0.03,m0.2_k3,0.2,3,hysteresis,12,0.03,0.01,80,40,0,0,0,0.04027777777777778,1.0,0.11388888888888889,1.0,False,,null,,
ECECC2AB-D32F-4F90-B74C-E12A1C69BBE2,0.03,m0.2_k5,0.2,5,hysteresis,12,0.03,0.01,80,40,0,0,0,0.0763888888888889,1.0,0.15486111111111112,1.0,False,,null,,
ECECC2AB-D32F-4F90-B74C-E12A1C69BBE2,0.03,m0.2_k10,0.2,10,hysteresis,12,0.03,0.01,80,40,0,0,0,0.19375,1.0,0.31805555555555554,1.0,False,,null,,
ECECC2AB-D32F-4F90-B74C-E12A1C69BBE2,0.07,m0_k1,0.0,1,instantaneous,12,0.07,0.01,80,0,8,0,8,0.0,0.9694444444444444,0.0,0.9694444444444444,True,39.0,"{""theta"": 0.8790768596744282, ""m"": 0.0, ""k"": 1}",0.06041666666666667,0.0
ECECC2AB-D32F-4F90-B74C-E12A1C69BBE2,0.07,m0_k2,0.0,2,dwell_only,12,0.07,0.01,80,0,4,0,4,0.0,0.9798611111111111,0.0,0.9798611111111111,True,42.0,"{""theta"": 0.8807234224666741, ""m"": 0.0, ""k"": 2}",0.06180555555555556,0.00798611111111111
ECECC2AB-D32F-4F90-B74C-E12A1C69BBE2,0.07,m0_k3,0.0,3,dwell_only,12,0.07,0.01,80,0,0,0,0,0.0,0.9833333333333333,0.0,0.9833333333333333,False,,null,,
ECECC2AB-D32F-4F90-B74C-E12A1C69BBE2,0.07,m0_k5,0.0,5,dwell_only,12,0.07,0.01,80,0,5,0,5,0.0,0.9875,0.0,0.9875,True,53.0,"{""theta"": 0.9278796620647023, ""m"": 0.0, ""k"": 5}",0.06597222222222222,0.03333333333333333
ECECC2AB-D32F-4F90-B74C-E12A1C69BBE2,0.07,m0_k10,0.0,10,dwell_only,12,0.07,0.01,80,0,1,0,1,0.0,1.0,0.0,1.0,True,68.0,"{""theta"": 0.9728003296929734, ""m"": 0.0, ""k"": 10}",0.06180555555555556,0.5739583333333333
ECECC2AB-D32F-4F90-B74C-E12A1C69BBE2,0.07,m0.05_k1,0.05,1,margin_only,12,0.07,0.01,80,11,5,0,5,0.0,1.0,0.0,1.0,True,35.0,"{""theta"": 0.8747763754378736, ""m"": 0.05, ""k"": 1}",0.0625,0.0
ECECC2AB-D32F-4F90-B74C-E12A1C69BBE2,0.07,m0.05_k2,0.05,2,hysteresis,12,0.07,0.01,80,11,0,0,0,0.0,1.0,0.009722222222222222,1.0,False,,null,,
ECECC2AB-D32F-4F90-B74C-E12A1C69BBE2,0.07,m0.05_k3,0.05,3,hysteresis,12,0.07,0.01,80,11,3,0,3,0.002777777777777778,1.0,0.022222222222222223,1.0,True,50.0,"{""theta"": 0.8893493318962101, ""m"": 0.05, ""k"": 3}",0.06041666666666667,0.016666666666666666
ECECC2AB-D32F-4F90-B74C-E12A1C69BBE2,0.07,m0.05_k5,0.05,5,hysteresis,12,0.07,0.01,80,11,5,0,5,0.009722222222222222,1.0,0.044444444444444446,1.0,True,59.0,"{""theta"": 0.9449824850607872, ""m"": 0.05, ""k"": 5}",0.06944444444444445,0.22465277777777778
ECECC2AB-D32F-4F90-B74C-E12A1C69BBE2,0.07,m0.05_k10,0.05,10,hysteresis,12,0.07,0.01,80,11,5,5,0,0.04861111111111111,1.0,0.1,1.0,False,,null,,
ECECC2AB-D32F-4F90-B74C-E12A1C69BBE2,0.07,m0.1_k1,0.1,1,margin_only,12,0.07,0.01,80,19,11,0,11,0.0,1.0,0.001388888888888889,1.0,True,26.0,"{""theta"": 0.8666997416348333, ""m"": 0.1, ""k"": 1}",0.06458333333333334,0.0
ECECC2AB-D32F-4F90-B74C-E12A1C69BBE2,0.07,m0.1_k2,0.1,2,hysteresis,12,0.07,0.01,80,19,29,0,29,0.007638888888888889,1.0,0.019444444444444445,1.0,True,24.0,"{""theta"": 0.866165258602926, ""m"": 0.1, ""k"": 2}",0.06944444444444445,0.00798611111111111
ECECC2AB-D32F-4F90-B74C-E12A1C69BBE2,0.07,m0.1_k3,0.1,3,hysteresis,12,0.07,0.01,80,19,0,0,0,0.018055555555555554,1.0,0.04375,1.0,False,,null,,
ECECC2AB-D32F-4F90-B74C-E12A1C69BBE2,0.07,m0.1_k5,0.1,5,hysteresis,12,0.07,0.01,80,19,6,6,0,0.044444444444444446,1.0,0.0798611111111111,1.0,False,,null,,
ECECC2AB-D32F-4F90-B74C-E12A1C69BBE2,0.07,m0.1_k10,0.1,10,hysteresis,12,0.07,0.01,80,19,0,0,0,0.1,1.0,0.20833333333333334,1.0,False,,null,,
ECECC2AB-D32F-4F90-B74C-E12A1C69BBE2,0.07,m0.2_k1,0.2,1,margin_only,12,0.07,0.01,80,27,0,0,0,0.001388888888888889,1.0,0.04652777777777778,1.0,False,,null,,
ECECC2AB-D32F-4F90-B74C-E12A1C69BBE2,0.07,m0.2_k2,0.2,2,hysteresis,12,0.07,0.01,80,27,10,10,0,0.018055555555555554,1.0,0.07777777777777778,1.0,False,,null,,
ECECC2AB-D32F-4F90-B74C-E12A1C69BBE2,0.07,m0.2_k3,0.2,3,hysteresis,12,0.07,0.01,80,27,1,1,0,0.04027777777777778,1.0,0.11458333333333333,1.0,False,,null,,
ECECC2AB-D32F-4F90-B74C-E12A1C69BBE2,0.07,m0.2_k5,0.2,5,hysteresis,12,0.07,0.01,80,27,0,0,0,0.0763888888888889,1.0,0.1736111111111111,1.0,False,,null,,
ECECC2AB-D32F-4F90-B74C-E12A1C69BBE2,0.07,m0.2_k10,0.2,10,hysteresis,12,0.07,0.01,80,27,0,0,0,0.19375,1.0,0.31805555555555554,1.0,False,,null,,
FDAA70A1-42A3-4E3F-9AE3-3FDA412E03BF,0.05,m0_k1,0.0,1,instantaneous,12,0.05,0.01,70,0,4,0,4,0.0,0.9756944444444444,0.0,0.9756944444444444,True,32.0,"{""theta"": 0.8959479739869936, ""m"": 0.0, ""k"": 1}",0.04236111111111111,0.0
FDAA70A1-42A3-4E3F-9AE3-3FDA412E03BF,0.05,m0_k2,0.0,2,dwell_only,12,0.05,0.01,70,0,2,0,2,0.0,0.9854166666666667,0.0,0.9854166666666667,True,36.0,"{""theta"": 0.8969421633893869, ""m"": 0.0, ""k"": 2}",0.04027777777777778,0.007638888888888889
FDAA70A1-42A3-4E3F-9AE3-3FDA412E03BF,0.05,m0_k3,0.0,3,dwell_only,12,0.05,0.01,70,0,5,0,5,0.0,0.9902777777777778,0.0,0.9902777777777778,True,42.0,"{""theta"": 0.8985712856428214, ""m"": 0.0, ""k"": 3}",0.04513888888888889,0.015625
FDAA70A1-42A3-4E3F-9AE3-3FDA412E03BF,0.05,m0_k5,0.0,5,dwell_only,12,0.05,0.01,70,0,1,0,1,0.0,1.0,0.0,1.0,True,50.0,"{""theta"": 0.9255627813906954, ""m"": 0.0, ""k"": 5}",0.04722222222222222,0.2875
FDAA70A1-42A3-4E3F-9AE3-3FDA412E03BF,0.05,m0_k10,0.0,10,dwell_only,12,0.05,0.01,70,0,6,0,6,0.0,1.0,0.0,1.0,True,58.0,"{""theta"": 0.9574825812906453, ""m"": 0.0, ""k"": 10}",0.05,0.5663194444444445
FDAA70A1-42A3-4E3F-9AE3-3FDA412E03BF,0.05,m0.05_k1,0.05,1,margin_only,12,0.05,0.01,70,6,0,0,0,0.0,1.0,0.0,1.0,False,,null,,
FDAA70A1-42A3-4E3F-9AE3-3FDA412E03BF,0.05,m0.05_k2,0.05,2,hysteresis,12,0.05,0.01,70,6,0,0,0,0.0,1.0,0.003472222222222222,1.0,False,,null,,
FDAA70A1-42A3-4E3F-9AE3-3FDA412E03BF,0.05,m0.05_k3,0.05,3,hysteresis,12,0.05,0.01,70,6,0,0,0,0.0,1.0,0.008333333333333333,1.0,False,,null,,
FDAA70A1-42A3-4E3F-9AE3-3FDA412E03BF,0.05,m0.05_k5,0.05,5,hysteresis,12,0.05,0.01,70,6,4,0,4,0.004861111111111111,1.0,0.019444444444444445,1.0,True,51.0,"{""theta"": 0.9294647323661831, ""m"": 0.05, ""k"": 5}",0.04722222222222222,0.25416666666666665
FDAA70A1-42A3-4E3F-9AE3-3FDA412E03BF,0.05,m0.05_k10,0.05,10,hysteresis,12,0.05,0.01,70,6,1,1,0,0.034722222222222224,1.0,0.05625,1.0,False,,null,,
FDAA70A1-42A3-4E3F-9AE3-3FDA412E03BF,0.05,m0.1_k1,0.1,1,margin_only,12,0.05,0.01,70,14,0,0,0,0.0,1.0,0.0,1.0,False,,null,,
FDAA70A1-42A3-4E3F-9AE3-3FDA412E03BF,0.05,m0.1_k2,0.1,2,hysteresis,12,0.05,0.01,70,14,0,0,0,0.003472222222222222,1.0,0.019444444444444445,1.0,False,,null,,
FDAA70A1-42A3-4E3F-9AE3-3FDA412E03BF,0.05,m0.1_k3,0.1,3,hysteresis,12,0.05,0.01,70,14,0,0,0,0.008333333333333333,1.0,0.03611111111111111,1.0,False,,null,,
FDAA70A1-42A3-4E3F-9AE3-3FDA412E03BF,0.05,m0.1_k5,0.1,5,hysteresis,12,0.05,0.01,70,14,5,5,0,0.019444444444444445,1.0,0.06944444444444445,1.0,False,,null,,
FDAA70A1-42A3-4E3F-9AE3-3FDA412E03BF,0.05,m0.1_k10,0.1,10,hysteresis,12,0.05,0.01,70,14,0,0,0,0.05625,1.0,0.22916666666666666,1.0,False,,null,,
FDAA70A1-42A3-4E3F-9AE3-3FDA412E03BF,0.05,m0.2_k1,0.2,1,margin_only,12,0.05,0.01,70,27,0,0,0,0.0,1.0,0.16666666666666666,1.0,False,,null,,
FDAA70A1-42A3-4E3F-9AE3-3FDA412E03BF,0.05,m0.2_k2,0.2,2,hysteresis,12,0.05,0.01,70,27,0,0,0,0.018055555555555554,1.0,0.1875,1.0,False,,null,,
FDAA70A1-42A3-4E3F-9AE3-3FDA412E03BF,0.05,m0.2_k3,0.2,3,hysteresis,12,0.05,0.01,70,27,0,0,0,0.034722222222222224,1.0,0.20347222222222222,1.0,False,,null,,
FDAA70A1-42A3-4E3F-9AE3-3FDA412E03BF,0.05,m0.2_k5,0.2,5,hysteresis,12,0.05,0.01,70,27,0,0,0,0.06805555555555555,1.0,0.23125,1.0,False,,null,,
FDAA70A1-42A3-4E3F-9AE3-3FDA412E03BF,0.05,m0.2_k10,0.2,10,hysteresis,12,0.05,0.01,70,27,0,0,0,0.15138888888888888,1.0,0.30069444444444443,1.0,False,,null,,
FDAA70A1-42A3-4E3F-9AE3-3FDA412E03BF,0.03,m0_k1,0.0,1,instantaneous,12,0.03,0.01,67,0,7,0,7,0.0,0.9756944444444444,0.0,0.9756944444444444,True,29.0,"{""theta"": 0.898561687510422, ""m"": 0.0, ""k"": 1}",0.02013888888888889,0.0
FDAA70A1-42A3-4E3F-9AE3-3FDA412E03BF,0.03,m0_k2,0.0,2,dwell_only,12,0.03,0.01,67,0,2,0,2,0.0,0.9854166666666667,0.0,0.9854166666666667,True,34.0,"{""theta"": 0.8996498249124563, ""m"": 0.0, ""k"": 2}",0.029861111111111113,0.007638888888888889
FDAA70A1-42A3-4E3F-9AE3-3FDA412E03BF,0.03,m0_k3,0.0,3,dwell_only,12,0.03,0.01,67,0,3,0,3,0.0,0.9902777777777778,0.0,0.9902777777777778,True,45.0,"{""theta"": 0.9175587793896949, ""m"": 0.0, ""k"": 3}",0.025,0.2048611111111111
FDAA70A1-42A3-4E3F-9AE3-3FDA412E03BF,0.03,m0_k5,0.0,5,dwell_only,12,0.03,0.01,67,0,6,0,6,0.0,1.0,0.0,1.0,True,51.0,"{""theta"": 0.9410705352676338, ""m"": 0.0, ""k"": 5}",0.027777777777777776,0.4354166666666667
FDAA70A1-42A3-4E3F-9AE3-3FDA412E03BF,0.03,m0_k10,0.0,10,dwell_only,12,0.03,0.01,67,0,0,0,0,0.0,1.0,0.0,1.0,False,,null,,
FDAA70A1-42A3-4E3F-9AE3-3FDA412E03BF,0.03,m0.05_k1,0.05,1,margin_only,12,0.03,0.01,67,6,0,0,0,0.0,1.0,0.0,1.0,False,,null,,
FDAA70A1-42A3-4E3F-9AE3-3FDA412E03BF,0.03,m0.05_k2,0.05,2,hysteresis,12,0.03,0.01,67,6,0,0,0,0.0,1.0,0.003472222222222222,1.0,False,,null,,
FDAA70A1-42A3-4E3F-9AE3-3FDA412E03BF,0.03,m0.05_k3,0.05,3,hysteresis,12,0.03,0.01,67,6,1,0,1,0.0,1.0,0.008333333333333333,1.0,True,48.0,"{""theta"": 0.9294647323661831, ""m"": 0.05, ""k"": 3}",0.02361111111111111,0.25277777777777777
FDAA70A1-42A3-4E3F-9AE3-3FDA412E03BF,0.03,m0.05_k5,0.05,5,hysteresis,12,0.03,0.01,67,6,6,0,6,0.004861111111111111,1.0,0.019444444444444445,1.0,True,54.0,"{""theta"": 0.9547773886943471, ""m"": 0.05, ""k"": 5}",0.027777777777777776,0.5986111111111111
FDAA70A1-42A3-4E3F-9AE3-3FDA412E03BF,0.03,m0.05_k10,0.05,10,hysteresis,12,0.03,0.01,67,6,0,0,0,0.034722222222222224,1.0,0.05625,1.0,False,,null,,
FDAA70A1-42A3-4E3F-9AE3-3FDA412E03BF,0.03,m0.1_k1,0.1,1,margin_only,12,0.03,0.01,67,14,0,0,0,0.0,1.0,0.0,1.0,False,,null,,
FDAA70A1-42A3-4E3F-9AE3-3FDA412E03BF,0.03,m0.1_k2,0.1,2,hysteresis,12,0.03,0.01,67,14,0,0,0,0.003472222222222222,1.0,0.019444444444444445,1.0,False,,null,,
FDAA70A1-42A3-4E3F-9AE3-3FDA412E03BF,0.03,m0.1_k3,0.1,3,hysteresis,12,0.03,0.01,67,14,1,1,0,0.008333333333333333,1.0,0.03611111111111111,1.0,False,,null,,
FDAA70A1-42A3-4E3F-9AE3-3FDA412E03BF,0.03,m0.1_k5,0.1,5,hysteresis,12,0.03,0.01,67,14,4,4,0,0.019444444444444445,1.0,0.06944444444444445,1.0,False,,null,,
FDAA70A1-42A3-4E3F-9AE3-3FDA412E03BF,0.03,m0.1_k10,0.1,10,hysteresis,12,0.03,0.01,67,14,0,0,0,0.05625,1.0,0.22916666666666666,1.0,False,,null,,
FDAA70A1-42A3-4E3F-9AE3-3FDA412E03BF,0.03,m0.2_k1,0.2,1,margin_only,12,0.03,0.01,67,30,0,0,0,0.0,1.0,0.16666666666666666,1.0,False,,null,,
FDAA70A1-42A3-4E3F-9AE3-3FDA412E03BF,0.03,m0.2_k2,0.2,2,hysteresis,12,0.03,0.01,67,30,0,0,0,0.018055555555555554,1.0,0.1875,1.0,False,,null,,
FDAA70A1-42A3-4E3F-9AE3-3FDA412E03BF,0.03,m0.2_k3,0.2,3,hysteresis,12,0.03,0.01,67,30,0,0,0,0.034722222222222224,1.0,0.20347222222222222,1.0,False,,null,,
FDAA70A1-42A3-4E3F-9AE3-3FDA412E03BF,0.03,m0.2_k5,0.2,5,hysteresis,12,0.03,0.01,67,30,0,0,0,0.06805555555555555,1.0,0.23125,1.0,False,,null,,
FDAA70A1-42A3-4E3F-9AE3-3FDA412E03BF,0.03,m0.2_k10,0.2,10,hysteresis,12,0.03,0.01,67,30,0,0,0,0.15138888888888888,1.0,0.30069444444444443,1.0,False,,null,,
FDAA70A1-42A3-4E3F-9AE3-3FDA412E03BF,0.07,m0_k1,0.0,1,instantaneous,12,0.07,0.01,73,0,8,0,8,0.0,0.9756944444444444,0.0,0.9756944444444444,True,39.0,"{""theta"": 0.8954137068534267, ""m"": 0.0, ""k"": 1}",0.06041666666666667,0.0
FDAA70A1-42A3-4E3F-9AE3-3FDA412E03BF,0.07,m0_k2,0.0,2,dwell_only,12,0.07,0.01,73,0,3,0,3,0.0,0.9854166666666667,0.0,0.9854166666666667,True,44.0,"{""theta"": 0.895847923961981, ""m"": 0.0, ""k"": 2}",0.06388888888888888,0.007638888888888889
FDAA70A1-42A3-4E3F-9AE3-3FDA412E03BF,0.07,m0_k3,0.0,3,dwell_only,12,0.07,0.01,73,0,0,0,0,0.0,0.9902777777777778,0.0,0.9902777777777778,False,,null,,
FDAA70A1-42A3-4E3F-9AE3-3FDA412E03BF,0.07,m0_k5,0.0,5,dwell_only,12,0.07,0.01,73,0,4,0,4,0.0,1.0,0.0,1.0,True,46.0,"{""theta"": 0.9006503251625813, ""m"": 0.0, ""k"": 5}",0.06666666666666667,0.03298611111111111
FDAA70A1-42A3-4E3F-9AE3-3FDA412E03BF,0.07,m0_k10,0.0,10,dwell_only,12,0.07,0.01,73,0,4,0,4,0.0,1.0,0.0,1.0,True,56.0,"{""theta"": 0.9369684842421211, ""m"": 0.0, ""k"": 10}",0.06875,0.39340277777777777
FDAA70A1-42A3-4E3F-9AE3-3FDA412E03BF,0.07,m0.05_k1,0.05,1,margin_only,12,0.07,0.01,73,6,2,0,2,0.0,1.0,0.0,1.0,True,48.0,"{""theta"": 0.9064532266133066, ""m"": 0.05, ""k"": 1}",0.06944444444444445,0.014583333333333334
FDAA70A1-42A3-4E3F-9AE3-3FDA412E03BF,0.07,m0.05_k2,0.05,2,hysteresis,12,0.07,0.01,73,6,0,0,0,0.0,1.0,0.003472222222222222,1.0,False,,null,,
FDAA70A1-42A3-4E3F-9AE3-3FDA412E03BF,0.07,m0.05_k3,0.05,3,hysteresis,12,0.07,0.01,73,6,1,0,1,0.0,1.0,0.008333333333333333,1.0,True,51.0,"{""theta"": 0.9175587793896949, ""m"": 0.05, ""k"": 3}",0.06319444444444444,0.12743055555555555
FDAA70A1-42A3-4E3F-9AE3-3FDA412E03BF,0.07,m0.05_k5,0.05,5,hysteresis,12,0.07,0.01,73,6,2,0,2,0.004861111111111111,1.0,0.019444444444444445,1.0,True,52.0,"{""theta"": 0.9216688944472237, ""m"": 0.05, ""k"": 5}",0.06805555555555555,0.16111111111111112
FDAA70A1-42A3-4E3F-9AE3-3FDA412E03BF,0.07,m0.05_k10,0.05,10,hysteresis,12,0.07,0.01,73,6,3,0,3,0.034722222222222224,1.0,0.05625,1.0,True,62.0,"{""theta"": 0.9611250925462732, ""m"": 0.05, ""k"": 10}",0.0625,0.6840277777777778
FDAA70A1-42A3-4E3F-9AE3-3FDA412E03BF,0.07,m0.1_k1,0.1,1,margin_only,12,0.07,0.01,73,14,2,0,2,0.0,1.0,0.0,1.0,True,54.0,"{""theta"": 0.9294647323661831, ""m"": 0.1, ""k"": 1}",0.06944444444444445,0.20381944444444444
FDAA70A1-42A3-4E3F-9AE3-3FDA412E03BF,0.07,m0.1_k2,0.1,2,hysteresis,12,0.07,0.01,73,14,0,0,0,0.003472222222222222,1.0,0.019444444444444445,1.0,False,,null,,
FDAA70A1-42A3-4E3F-9AE3-3FDA412E03BF,0.07,m0.1_k3,0.1,3,hysteresis,12,0.07,0.01,73,14,1,0,1,0.008333333333333333,1.0,0.03611111111111111,1.0,True,57.0,"{""theta"": 0.9410705352676338, ""m"": 0.1, ""k"": 3}",0.06388888888888888,0.41006944444444443
FDAA70A1-42A3-4E3F-9AE3-3FDA412E03BF,0.07,m0.1_k5,0.1,5,hysteresis,12,0.07,0.01,73,14,2,1,1,0.019444444444444445,1.0,0.06944444444444445,1.0,True,58.0,"{""theta"": 0.9455727863931966, ""m"": 0.1, ""k"": 5}",0.06944444444444445,0.49166666666666664
FDAA70A1-42A3-4E3F-9AE3-3FDA412E03BF,0.07,m0.1_k10,0.1,10,hysteresis,12,0.07,0.01,73,14,2,2,0,0.05625,1.0,0.22916666666666666,1.0,False,,null,,
FDAA70A1-42A3-4E3F-9AE3-3FDA412E03BF,0.07,m0.2_k1,0.2,1,margin_only,12,0.07,0.01,73,27,1,1,0,0.0,1.0,0.16666666666666666,1.0,False,,null,,
FDAA70A1-42A3-4E3F-9AE3-3FDA412E03BF,0.07,m0.2_k2,0.2,2,hysteresis,12,0.07,0.01,73,27,0,0,0,0.018055555555555554,1.0,0.1875,1.0,False,,null,,
FDAA70A1-42A3-4E3F-9AE3-3FDA412E03BF,0.07,m0.2_k3,0.2,3,hysteresis,12,0.07,0.01,73,27,0,0,0,0.034722222222222224,1.0,0.20347222222222222,1.0,False,,null,,
FDAA70A1-42A3-4E3F-9AE3-3FDA412E03BF,0.07,m0.2_k5,0.2,5,hysteresis,12,0.07,0.01,73,27,1,1,0,0.06805555555555555,1.0,0.23125,1.0,False,,null,,
FDAA70A1-42A3-4E3F-9AE3-3FDA412E03BF,0.07,m0.2_k10,0.2,10,hysteresis,12,0.07,0.01,73,27,0,0,0,0.15138888888888888,1.0,0.30069444444444443,1.0,False,,null,,
