enrolled_user,target,cell,margin,dwell,cell_class,FAR,FRR,n_transitions,excess_transitions,fewer_than_2_transitions,transition_rate_per_100,n_flip_events,detection_failure,recovery_failure,detection_latency_frames,recovery_latency_frames,detection_latency_censored,recovery_latency_censored,lockout_fraction_during_genuine
098A72A5-E3E5-4F54-A152-BBDA0DF7B694,0.03,m0.05_k1,0.05,1,margin_only,0.2611111111111111,0.11527777777777777,4.833333333333333,2.8333333333333335,0.0,2.7001862197392925,2.6666666666666665,0.16666666666666666,0.16666666666666666,0.0,0.0,10.0,10.0,0.11527777777777777
098A72A5-E3E5-4F54-A152-BBDA0DF7B694,0.03,m0.05_k2,0.05,2,hysteresis,0.2722222222222222,0.11805555555555557,2.5,0.6666666666666666,0.16666666666666666,1.3966480446927374,0.3333333333333333,0.16666666666666666,0.16666666666666666,1.0,0.8,10.833333333333334,10.666666666666666,0.11805555555555557
098A72A5-E3E5-4F54-A152-BBDA0DF7B694,0.03,m0.05_k3,0.05,3,hysteresis,0.2833333333333334,0.13194444444444445,2.1666666666666665,0.3333333333333333,0.16666666666666666,1.2104283054003724,0.0,0.16666666666666666,0.16666666666666666,2.0,2.2,11.666666666666666,11.833333333333334,0.13194444444444445
098A72A5-E3E5-4F54-A152-BBDA0DF7B694,0.03,m0.05_k5,0.05,5,hysteresis,0.011111111111111112,0.8388888888888889,1.0,0.0,1.0,0.5586592178770949,0.0,0.0,1.0,0.6666666666666666,,0.6666666666666666,60.0,0.8388888888888889
098A72A5-E3E5-4F54-A152-BBDA0DF7B694,0.03,m0.1_k1,0.1,1,margin_only,0.2611111111111111,0.11249999999999999,4.5,2.5,0.0,2.5139664804469275,2.3333333333333335,0.16666666666666666,0.16666666666666666,0.0,0.0,10.0,10.0,0.11249999999999999
098A72A5-E3E5-4F54-A152-BBDA0DF7B694,0.03,m0.1_k2,0.1,2,hysteresis,0.2722222222222222,0.10833333333333334,2.5,0.6666666666666666,0.16666666666666666,1.3966480446927374,0.0,0.16666666666666666,0.16666666666666666,1.0,0.8,10.833333333333334,10.666666666666666,0.10833333333333334
098A72A5-E3E5-4F54-A152-BBDA0DF7B694,0.03,m0.1_k3,0.1,3,hysteresis,0.18888888888888888,0.5680555555555555,1.0,0.0,1.0,0.5586592178770949,0.0,0.16666666666666666,1.0,1.6,,11.333333333333334,60.0,0.5680555555555555
098A72A5-E3E5-4F54-A152-BBDA0DF7B694,0.03,m0.2_k1,0.2,1,margin_only,0.27499999999999997,0.08472222222222221,2.5,0.6666666666666666,0.16666666666666666,1.3966480446927374,0.0,0.16666666666666666,0.0,1.0,0.0,10.833333333333334,0.0,0.08472222222222221
098A72A5-E3E5-4F54-A152-BBDA0DF7B694,0.03,m0.2_k2,0.2,2,hysteresis,0.1777777777777778,0.5208333333333334,1.0,0.0,1.0,0.5586592178770949,0.0,0.16666666666666666,0.8333333333333334,0.8,0.0,10.666666666666666,50.0,0.5208333333333334
098A72A5-E3E5-4F54-A152-BBDA0DF7B694,0.03,m0_k1,0.0,1,instantaneous,0.2611111111111111,0.12916666666666668,7.666666666666667,5.666666666666667,0.0,4.283054003724395,5.333333333333333,0.16666666666666666,0.16666666666666666,0.0,0.0,10.0,10.0,0.12916666666666668
098A72A5-E3E5-4F54-A152-BBDA0DF7B694,0.03,m0_k10,0.0,10,dwell_only,0.0,0.9250000000000002,1.0,0.0,1.0,0.5586592178770949,0.0,0.0,1.0,0.0,,0.0,60.0,0.9250000000000002
098A72A5-E3E5-4F54-A152-BBDA0DF7B694,0.03,m0_k2,0.0,2,dwell_only,0.2722222222222222,0.14583333333333334,4.5,2.5,0.0,2.513966480446927,2.1666666666666665,0.16666666666666666,0.16666666666666666,1.0,0.8,10.833333333333334,10.666666666666666,0.14583333333333334
098A72A5-E3E5-4F54-A152-BBDA0DF7B694,0.03,m0_k3,0.0,3,dwell_only,0.2833333333333334,0.15694444444444444,2.8333333333333335,0.8333333333333334,0.0,1.5828677839851022,0.3333333333333333,0.16666666666666666,0.16666666666666666,2.0,1.6,11.666666666666666,11.333333333333334,0.15694444444444444
098A72A5-E3E5-4F54-A152-BBDA0DF7B694,0.03,m0_k5,0.0,5,dwell_only,0.0,0.9666666666666667,1.0,0.0,1.0,0.5586592178770949,0.0,0.0,1.0,0.0,,0.0,60.0,0.9666666666666667
098A72A5-E3E5-4F54-A152-BBDA0DF7B694,0.05,m0.05_k1,0.05,1,margin_only,0.26666666666666666,0.10416666666666667,6.166666666666667,4.166666666666667,0.0,3.445065176908752,4.333333333333333,0.16666666666666666,0.16666666666666666,0.0,0.0,10.0,10.0,0.10416666666666667
098A72A5-E3E5-4F54-A152-BBDA0DF7B694,0.05,m0.05_k2,0.05,2,hysteresis,0.2722222222222222,0.10694444444444444,2.5,0.6666666666666666,0.16666666666666666,1.3966480446927374,0.0,0.16666666666666666,0.16666666666666666,1.0,0.8,10.833333333333334,10.666666666666666,0.10694444444444444
098A72A5-E3E5-4F54-A152-BBDA0DF7B694,0.05,m0.05_k3,0.05,3,hysteresis,0.2833333333333334,0.125,2.1666666666666665,0.3333333333333333,0.16666666666666666,1.2104283054003724,0.0,0.16666666666666666,0.16666666666666666,2.0,1.6,11.666666666666666,11.333333333333334,0.125
098A72A5-E3E5-4F54-A152-BBDA0DF7B694,0.05,m0.05_k5,0.05,5,hysteresis,0.2583333333333333,0.1638888888888889,2.1666666666666665,0.3333333333333333,0.16666666666666666,1.2104283054003724,0.0,0.16666666666666666,0.0,4.0,5.666666666666667,13.333333333333334,5.666666666666667,0.1638888888888889
098A72A5-E3E5-4F54-A152-BBDA0DF7B694,0.05,m0.1_k1,0.1,1,margin_only,0.2611111111111111,0.10555555555555556,5.166666666666667,3.1666666666666665,0.0,2.8864059590316575,3.0,0.16666666666666666,0.16666666666666666,0.0,0.0,10.0,10.0,0.10555555555555556
098A72A5-E3E5-4F54-A152-BBDA0DF7B694,0.05,m0.1_k2,0.1,2,hysteresis,0.2722222222222222,0.10277777777777779,2.5,0.6666666666666666,0.16666666666666666,1.3966480446927374,0.0,0.16666666666666666,0.16666666666666666,1.0,0.8,10.833333333333334,10.666666666666666,0.10277777777777779
098A72A5-E3E5-4F54-A152-BBDA0DF7B694,0.05,m0.1_k3,0.1,3,hysteresis,0.2833333333333334,0.12222222222222223,2.1666666666666665,0.3333333333333333,0.16666666666666666,1.2104283054003724,0.0,0.16666666666666666,0.16666666666666666,2.0,1.6,11.666666666666666,11.333333333333334,0.12222222222222223
098A72A5-E3E5-4F54-A152-BBDA0DF7B694,0.05,m0.1_k5,0.1,5,hysteresis,0.2111111111111111,0.5625,1.0,0.0,1.0,0.5586592178770949,0.0,0.16666666666666666,0.8333333333333334,3.2,0.0,12.666666666666666,50.0,0.5625
098A72A5-E3E5-4F54-A152-BBDA0DF7B694,0.05,m0.2_k1,0.2,1,margin_only,0.2777777777777778,0.07777777777777778,2.5,0.6666666666666666,0.16666666666666666,1.3966480446927374,0.3333333333333333,0.16666666666666666,0.0,1.0,0.0,10.833333333333334,0.0,0.07777777777777778
098A72A5-E3E5-4F54-A152-BBDA0DF7B694,0.05,m0.2_k2,0.2,2,hysteresis,0.1777777777777778,0.5152777777777778,1.0,0.0,1.0,0.5586592178770949,0.0,0.16666666666666666,0.8333333333333334,0.8,0.0,10.666666666666666,50.0,0.5152777777777778
098A72A5-E3E5-4F54-A152-BBDA0DF7B694,0.05,m0.2_k3,0.2,3,hysteresis,0.18888888888888888,0.5125000000000001,1.0,0.0,1.0,0.5586592178770949,0.0,0.16666666666666666,0.8333333333333334,1.6,0.0,11.333333333333334,50.0,0.5125000000000001
098A72A5-E3E5-4F54-A152-BBDA0DF7B694,0.05,m0_k1,0.0,1,instantaneous,0.26666666666666666,0.10833333333333332,6.833333333333333,4.833333333333333,0.0,3.8175046554934826,5.0,0.16666666666666666,0.16666666666666666,0.0,0.0,10.0,10.0,0.10833333333333332
098A72A5-E3E5-4F54-A152-BBDA0DF7B694,0.05,m0_k10,0.0,10,dwell_only,0.0,0.9250000000000002,1.0,0.0,1.0,0.5586592178770949,0.0,0.0,1.0,0.0,,0.0,60.0,0.9250000000000002
098A72A5-E3E5-4F54-A152-BBDA0DF7B694,0.05,m0_k2,0.0,2,dwell_only,0.2722222222222222,0.11666666666666665,2.5,0.6666666666666666,0.16666666666666666,1.3966480446927374,0.3333333333333333,0.16666666666666666,0.16666666666666666,1.0,0.8,10.833333333333334,10.666666666666666,0.11666666666666665
098A72A5-E3E5-4F54-A152-BBDA0DF7B694,0.05,m0_k3,0.0,3,dwell_only,0.2833333333333334,0.11666666666666665,2.5,0.6666666666666666,0.16666666666666666,1.3966480446927374,0.0,0.16666666666666666,0.16666666666666666,2.0,1.6,11.666666666666666,11.333333333333334,0.11666666666666665
098A72A5-E3E5-4F54-A152-BBDA0DF7B694,0.05,m0_k5,0.0,5,dwell_only,0.3055555555555555,0.1361111111111111,2.1666666666666665,0.3333333333333333,0.16666666666666666,1.2104283054003724,0.0,0.16666666666666666,0.0,4.0,2.6666666666666665,13.333333333333334,2.6666666666666665,0.1361111111111111
098A72A5-E3E5-4F54-A152-BBDA0DF7B694,0.07,m0.05_k1,0.05,1,margin_only,0.26666666666666666,0.09722222222222222,7.166666666666667,5.166666666666667,0.0,4.003724394785848,5.5,0.16666666666666666,0.16666666666666666,0.0,0.0,10.0,10.0,0.09722222222222222
098A72A5-E3E5-4F54-A152-BBDA0DF7B694,0.07,m0.05_k10,0.05,10,hysteresis,0.0,0.9152777777777779,1.0,0.0,1.0,0.5586592178770949,0.0,0.0,1.0,0.0,,0.0,60.0,0.9152777777777779
098A72A5-E3E5-4F54-A152-BBDA0DF7B694,0.07,m0.05_k2,0.05,2,hysteresis,0.2722222222222222,0.10555555555555556,2.5,0.6666666666666666,0.16666666666666666,1.3966480446927374,0.0,0.16666666666666666,0.16666666666666666,1.0,0.8,10.833333333333334,10.666666666666666,0.10555555555555556
098A72A5-E3E5-4F54-A152-BBDA0DF7B694,0.07,m0.05_k3,0.05,3,hysteresis,0.2833333333333334,0.1111111111111111,2.5,0.6666666666666666,0.16666666666666666,1.3966480446927374,0.0,0.16666666666666666,0.16666666666666666,2.0,1.6,11.666666666666666,11.333333333333334,0.1111111111111111
098A72A5-E3E5-4F54-A152-BBDA0DF7B694,0.07,m0.05_k5,0.05,5,hysteresis,0.3055555555555555,0.13333333333333333,2.1666666666666665,0.3333333333333333,0.16666666666666666,1.2104283054003724,0.0,0.16666666666666666,0.0,4.0,2.6666666666666665,13.333333333333334,2.6666666666666665,0.13333333333333333
098A72A5-E3E5-4F54-A152-BBDA0DF7B694,0.07,m0.1_k1,0.1,1,margin_only,0.27499999999999997,0.07777777777777778,4.166666666666667,2.1666666666666665,0.0,2.3277467411545625,1.8333333333333333,0.16666666666666666,0.0,0.0,1.6666666666666667,10.0,1.6666666666666667,0.07777777777777778
098A72A5-E3E5-4F54-A152-BBDA0DF7B694,0.07,m0.1_k2,0.1,2,hysteresis,0.2722222222222222,0.07083333333333335,2.1666666666666665,0.3333333333333333,0.16666666666666666,1.2104283054003724,0.0,0.16666666666666666,0.0,1.0,0.6666666666666666,10.833333333333334,0.6666666666666666,0.07083333333333335
098A72A5-E3E5-4F54-A152-BBDA0DF7B694,0.07,m0.1_k5,0.1,5,hysteresis,0.29444444444444445,0.10555555555555556,2.1666666666666665,0.3333333333333333,0.16666666666666666,1.2104283054003724,0.0,0.16666666666666666,0.0,4.0,2.6666666666666665,13.333333333333334,2.6666666666666665,0.10555555555555556
098A72A5-E3E5-4F54-A152-BBDA0DF7B694,0.07,m0.2_k1,0.2,1,margin_only,0.2777777777777778,0.06111111111111111,2.5,0.6666666666666666,0.16666666666666666,1.3966480446927374,0.3333333333333333,0.16666666666666666,0.0,1.0,0.0,10.833333333333334,0.0,0.06111111111111111
098A72A5-E3E5-4F54-A152-BBDA0DF7B694,0.07,m0.2_k2,0.2,2,hysteresis,0.28611111111111115,0.05972222222222223,1.8333333333333333,0.0,0.16666666666666666,1.0242085661080074,0.0,0.16666666666666666,0.0,2.0,0.6666666666666666,11.666666666666666,0.6666666666666666,0.05972222222222223
098A72A5-E3E5-4F54-A152-BBDA0DF7B694,0.07,m0_k1,0.0,1,instantaneous,0.26666666666666666,0.09999999999999999,7.833333333333333,5.833333333333333,0.0,4.376163873370578,6.166666666666667,0.16666666666666666,0.16666666666666666,0.0,0.0,10.0,10.0,0.09999999999999999
098A72A5-E3E5-4F54-A152-BBDA0DF7B694,0.07,m0_k10,0.0,10,dwell_only,0.0,0.9250000000000002,1.0,0.0,1.0,0.5586592178770949,0.0,0.0,1.0,0.0,,0.0,60.0,0.9250000000000002
098A72A5-E3E5-4F54-A152-BBDA0DF7B694,0.07,m0_k2,0.0,2,dwell_only,0.2722222222222222,0.10833333333333332,2.8333333333333335,0.8333333333333334,0.0,1.5828677839851022,0.3333333333333333,0.16666666666666666,0.16666666666666666,1.0,0.8,10.833333333333334,10.666666666666666,0.10833333333333332
098A72A5-E3E5-4F54-A152-BBDA0DF7B694,0.07,m0_k3,0.0,3,dwell_only,0.2833333333333334,0.1111111111111111,2.5,0.6666666666666666,0.16666666666666666,1.3966480446927374,0.0,0.16666666666666666,0.16666666666666666,2.0,1.6,11.666666666666666,11.333333333333334,0.1111111111111111
098A72A5-E3E5-4F54-A152-BBDA0DF7B694,0.07,m0_k5,0.0,5,dwell_only,0.3055555555555555,0.13333333333333333,2.1666666666666665,0.3333333333333333,0.16666666666666666,1.2104283054003724,0.0,0.16666666666666666,0.0,4.0,2.6666666666666665,13.333333333333334,2.6666666666666665,0.13333333333333333
0A986513-7828-4D53-AA1F-E02D6DF9561B,0.03,m0.05_k1,0.05,1,margin_only,0.0,0.0,2.0,0.0,0.0,1.1173184357541899,0.0,0.0,0.0,0.0,0.0,0.0,0.0,0.0
0A986513-7828-4D53-AA1F-E02D6DF9561B,0.03,m0.05_k2,0.05,2,hysteresis,0.016666666666666666,0.008333333333333333,2.0,0.0,0.0,1.1173184357541899,0.0,0.0,0.0,1.0,1.0,1.0,1.0,0.008333333333333333
0A986513-7828-4D53-AA1F-E02D6DF9561B,0.03,m0.05_k3,0.05,3,hysteresis,0.022222222222222223,0.5263888888888889,1.0,0.0,1.0,0.5586592178770949,0.0,0.0,1.0,1.3333333333333333,,1.3333333333333333,60.0,0.5263888888888889
0A986513-7828-4D53-AA1F-E02D6DF9561B,0.03,m0.1_k1,0.1,1,margin_only,0.0,0.0,2.0,0.0,0.0,1.1173184357541899,0.0,0.0,0.0,0.0,0.0,0.0,0.0,0.0
0A986513-7828-4D53-AA1F-E02D6DF9561B,0.03,m0.1_k2,0.1,2,hysteresis,0.016666666666666666,0.3416666666666666,1.3333333333333333,0.0,0.6666666666666666,0.74487895716946,0.0,0.0,0.6666666666666666,1.0,3.0,1.0,41.0,0.3416666666666666
0A986513-7828-4D53-AA1F-E02D6DF9561B,0.03,m0_k1,0.0,1,instantaneous,0.0,0.0,2.0,0.0,0.0,1.1173184357541899,0.0,0.0,0.0,0.0,0.0,0.0,0.0,0.0
0A986513-7828-4D53-AA1F-E02D6DF9561B,0.03,m0_k10,0.0,10,dwell_only,0.0,0.9250000000000002,1.0,0.0,1.0,0.5586592178770949,0.0,0.0,1.0,0.0,,0.0,60.0,0.9250000000000002
0A986513-7828-4D53-AA1F-E02D6DF9561B,0.03,m0_k2,0.0,2,dwell_only,0.016666666666666666,0.008333333333333333,2.0,0.0,0.0,1.1173184357541899,0.0,0.0,0.0,1.0,1.0,1.0,1.0,0.008333333333333333
0A986513-7828-4D53-AA1F-E02D6DF9561B,0.03,m0_k3,0.0,3,dwell_only,0.024999999999999998,0.06944444444444445,3.3333333333333335,1.3333333333333333,0.0,1.86219739292365,0.3333333333333333,0.0,0.0,1.5,2.0,1.5,2.0,0.06944444444444445
0A986513-7828-4D53-AA1F-E02D6DF9561B,0.03,m0_k5,0.0,5,dwell_only,0.008333333333333333,0.7069444444444445,1.3333333333333333,0.16666666666666666,0.8333333333333334,0.74487895716946,0.0,0.0,0.8333333333333334,0.5,4.0,0.5,50.666666666666664,0.7069444444444445
0A986513-7828-4D53-AA1F-E02D6DF9561B,0.05,m0.05_k1,0.05,1,margin_only,0.0,0.0,2.0,0.0,0.0,1.1173184357541899,0.0,0.0,0.0,0.0,0.0,0.0,0.0,0.0
0A986513-7828-4D53-AA1F-E02D6DF9561B,0.05,m0.05_k3,0.05,3,hysteresis,0.03333333333333333,0.016666666666666666,2.0,0.0,0.0,1.1173184357541899,0.0,0.0,0.0,2.0,2.0,2.0,2.0,0.016666666666666666
0A986513-7828-4D53-AA1F-E02D6DF9561B,0.05,m0.05_k5,0.05,5,hysteresis,0.049999999999999996,0.5236111111111111,1.0,0.0,1.0,0.5586592178770949,0.0,0.0,1.0,3.0,,3.0,60.0,0.5236111111111111
0A986513-7828-4D53-AA1F-E02D6DF9561B,0.05,m0.1_k1,0.1,1,margin_only,0.0,0.0,2.0,0.0,0.0,1.1173184357541899,0.0,0.0,0.0,0.0,0.0,0.0,0.0,0.0
0A986513-7828-4D53-AA1F-E02D6DF9561B,0.05,m0.1_k3,0.1,3,hysteresis,0.03333333333333333,0.5,1.0,0.0,1.0,0.5586592178770949,0.0,0.0,1.0,2.0,,2.0,60.0,0.5
0A986513-7828-4D53-AA1F-E02D6DF9561B,0.05,m0.2_k1,0.2,1,margin_only,0.0,0.0,2.0,0.0,0.0,1.1173184357541899,0.0,0.0,0.0,0.0,0.0,0.0,0.0,0.0
0A986513-7828-4D53-AA1F-E02D6DF9561B,0.05,m0_k1,0.0,1,instantaneous,0.0,0.0,2.0,0.0,0.0,1.1173184357541899,0.0,0.0,0.0,0.0,0.0,0.0,0.0,0.0
0A986513-7828-4D53-AA1F-E02D6DF9561B,0.05,m0_k2,0.0,2,dwell_only,0.016666666666666666,0.008333333333333333,2.0,0.0,0.0,1.1173184357541899,0.0,0.0,0.0,1.0,1.0,1.0,1.0,0.008333333333333333
0A986513-7828-4D53-AA1F-E02D6DF9561B,0.05,m0_k3,0.0,3,dwell_only,0.03333333333333333,0.016666666666666666,2.0,0.0,0.0,1.1173184357541899,0.0,0.0,0.0,2.0,2.0,2.0,2.0,0.016666666666666666
0A986513-7828-4D53-AA1F-E02D6DF9561B,0.05,m0_k5,0.0,5,dwell_only,0.041666666666666664,0.16527777777777777,2.1666666666666665,0.16666666666666666,0.0,1.2104283054003724,0.0,0.0,0.0,2.5,4.0,2.5,4.0,0.16527777777777777
0A986513-7828-4D53-AA1F-E02D6DF9561B,0.07,m0.05_k1,0.05,1,margin_only,0.0,0.0,2.0,0.0,0.0,1.1173184357541899,0.0,0.0,0.0,0.0,0.0,0.0,0.0,0.0
0A986513-7828-4D53-AA1F-E02D6DF9561B,0.07,m0.05_k2,0.05,2,hysteresis,0.016666666666666666,0.008333333333333333,2.0,0.0,0.0,1.1173184357541899,0.0,0.0,0.0,1.0,1.0,1.0,1.0,0.008333333333333333
0A986513-7828-4D53-AA1F-E02D6DF9561B,0.07,m0.05_k5,0.05,5,hysteresis,0.06666666666666667,0.1111111111111111,1.8333333333333333,0.0,0.16666666666666666,1.0242085661080074,0.0,0.0,0.16666666666666666,4.0,4.0,4.0,13.333333333333334,0.1111111111111111
0A986513-7828-4D53-AA1F-E02D6DF9561B,0.07,m0.1_k1,0.1,1,margin_only,0.0,0.0,2.0,0.0,0.0,1.1173184357541899,0.0,0.0,0.0,0.0,0.0,0.0,0.0,0.0
0A986513-7828-4D53-AA1F-E02D6DF9561B,0.07,m0.1_k2,0.1,2,hysteresis,0.016666666666666666,0.008333333333333333,2.0,0.0,0.0,1.1173184357541899,0.0,0.0,0.0,1.0,1.0,1.0,1.0,0.008333333333333333
0A986513-7828-4D53-AA1F-E02D6DF9561B,0.07,m0.1_k3,0.1,3,hysteresis,0.03333333333333333,0.5,1.0,0.0,1.0,0.5586592178770949,0.0,0.0,1.0,2.0,,2.0,60.0,0.5
0A986513-7828-4D53-AA1F-E02D6DF9561B,0.07,m0.2_k2,0.2,2,hysteresis,0.016666666666666666,0.4222222222222222,1.1666666666666667,0.0,0.8333333333333334,0.6517690875232774,0.0,0.0,0.8333333333333334,1.0,4.0,1.0,50.666666666666664,0.4222222222222222
0A986513-7828-4D53-AA1F-E02D6DF9561B,0.07,m0_k1,0.0,1,instantaneous,0.0,0.0,2.0,0.0,0.0,1.1173184357541899,0.0,0.0,0.0,0.0,0.0,0.0,0.0,0.0
0A986513-7828-4D53-AA1F-E02D6DF9561B,0.07,m0_k10,0.0,10,dwell_only,0.036111111111111115,0.7125,1.1666666666666667,0.0,0.8333333333333334,0.6517690875232774,0.0,0.0,0.8333333333333334,2.1666666666666665,9.0,2.1666666666666665,51.5,0.7125
0A986513-7828-4D53-AA1F-E02D6DF9561B,0.07,m0_k2,0.0,2,dwell_only,0.016666666666666666,0.008333333333333333,2.0,0.0,0.0,1.1173184357541899,0.0,0.0,0.0,1.0,1.0,1.0,1.0,0.008333333333333333
0A986513-7828-4D53-AA1F-E02D6DF9561B,0.07,m0_k5,0.0,5,dwell_only,0.06666666666666667,0.03333333333333333,2.0,0.0,0.0,1.1173184357541899,0.0,0.0,0.0,4.0,4.0,4.0,4.0,0.03333333333333333
136562B6-95B2-483D-88DC-065F28409FD2,0.03,m0.05_k1,0.05,1,margin_only,0.0,0.01388888888888889,2.6666666666666665,0.6666666666666666,0.0,1.48975791433892,0.0,0.0,0.0,0.0,0.0,0.0,0.0,0.01388888888888889
136562B6-95B2-483D-88DC-065F28409FD2,0.03,m0.05_k2,0.05,2,hysteresis,0.016666666666666666,0.022222222222222223,2.6666666666666665,0.6666666666666666,0.0,1.48975791433892,0.0,0.0,0.0,1.0,1.0,1.0,1.0,0.022222222222222223
136562B6-95B2-483D-88DC-065F28409FD2,0.03,m0.05_k3,0.05,3,hysteresis,0.027777777777777776,0.041666666666666664,2.3333333333333335,0.3333333333333333,0.0,1.303538175046555,0.0,0.0,0.0,1.6666666666666667,2.0,1.6666666666666667,2.0,0.041666666666666664
136562B6-95B2-483D-88DC-065F28409FD2,0.03,m0.05_k5,0.05,5,hysteresis,0.03333333333333333,0.27499999999999997,2.3333333333333335,0.3333333333333333,0.0,1.303538175046555,0.0,0.0,0.0,2.0,16.666666666666668,2.0,16.666666666666668,0.27499999999999997
136562B6-95B2-483D-88DC-065F28409FD2,0.03,m0.1_k1,0.1,1,margin_only,0.0,0.01388888888888889,2.6666666666666665,0.6666666666666666,0.0,1.48975791433892,0.0,0.0,0.0,0.0,0.0,0.0,0.0,0.01388888888888889
136562B6-95B2-483D-88DC-065F28409FD2,0.03,m0.1_k2,0.1,2,hysteresis,0.013888888888888888,0.03333333333333333,2.3333333333333335,0.3333333333333333,0.0,1.303538175046555,0.0,0.0,0.0,0.8333333333333334,1.0,0.8333333333333334,1.0,0.03333333333333333
136562B6-95B2-483D-88DC-065F28409FD2,0.03,m0.1_k3,0.1,3,hysteresis,0.027777777777777776,0.04305555555555555,2.3333333333333335,0.3333333333333333,0.0,1.303538175046555,0.0,0.0,0.0,1.6666666666666667,2.0,1.6666666666666667,2.0,0.04305555555555555
136562B6-95B2-483D-88DC-065F28409FD2,0.03,m0.2_k1,0.2,1,margin_only,0.0,0.03194444444444444,2.3333333333333335,0.3333333333333333,0.0,1.303538175046555,0.0,0.0,0.0,0.0,0.5,0.0,0.5,0.03194444444444444
136562B6-95B2-483D-88DC-065F28409FD2,0.03,m0_k1,0.0,1,instantaneous,0.0,0.015277777777777779,2.6666666666666665,0.6666666666666666,0.0,1.48975791433892,0.0,0.0,0.0,0.0,0.0,0.0,0.0,0.015277777777777779
136562B6-95B2-483D-88DC-065F28409FD2,0.03,m0_k10,0.0,10,dwell_only,0.075,0.3972222222222222,2.6666666666666665,0.6666666666666666,0.0,1.48975791433892,0.0,0.0,0.0,4.5,11.0,4.5,11.0,0.3972222222222222
136562B6-95B2-483D-88DC-065F28409FD2,0.03,m0_k2,0.0,2,dwell_only,0.016666666666666666,0.02361111111111111,2.6666666666666665,0.6666666666666666,0.0,1.48975791433892,0.0,0.0,0.0,1.0,1.0,1.0,1.0,0.02361111111111111
136562B6-95B2-483D-88DC-065F28409FD2,0.03,m0_k3,0.0,3,dwell_only,0.03333333333333333,0.03194444444444444,2.6666666666666665,0.6666666666666666,0.0,1.48975791433892,0.0,0.0,0.0,2.0,2.0,2.0,2.0,0.03194444444444444
136562B6-95B2-483D-88DC-065F28409FD2,0.03,m0_k5,0.0,5,dwell_only,0.03333333333333333,0.16944444444444443,2.5,0.5,0.0,1.3966480446927374,0.0,0.0,0.0,2.0,4.0,2.0,4.0,0.16944444444444443
136562B6-95B2-483D-88DC-065F28409FD2,0.05,m0.05_k1,0.05,1,margin_only,0.0,0.01388888888888889,2.6666666666666665,0.6666666666666666,0.0,1.48975791433892,0.0,0.0,0.0,0.0,0.0,0.0,0.0,0.01388888888888889
136562B6-95B2-483D-88DC-065F28409FD2,0.05,m0.05_k10,0.05,10,hysteresis,0.09999999999999999,0.5972222222222222,1.0,0.0,1.0,0.5586592178770949,0.0,0.0,1.0,6.0,,6.0,60.0,0.5972222222222222
136562B6-95B2-483D-88DC-065F28409FD2,0.05,m0.05_k3,0.05,3,hysteresis,0.03333333333333333,0.030555555555555555,2.6666666666666665,0.6666666666666666,0.0,1.48975791433892,0.0,0.0,0.0,2.0,2.0,2.0,2.0,0.030555555555555555
136562B6-95B2-483D-88DC-065F28409FD2,0.05,m0.05_k5,0.05,5,hysteresis,0.03333333333333333,0.14444444444444446,2.3333333333333335,0.3333333333333333,0.0,1.303538175046555,0.0,0.0,0.0,2.0,4.0,2.0,4.0,0.14444444444444446
136562B6-95B2-483D-88DC-065F28409FD2,0.05,m0.1_k1,0.1,1,margin_only,0.0,0.01388888888888889,2.6666666666666665,0.6666666666666666,0.0,1.48975791433892,0.0,0.0,0.0,0.0,0.0,0.0,0.0,0.01388888888888889
136562B6-95B2-483D-88DC-065F28409FD2,0.05,m0.1_k5,0.1,5,hysteresis,0.05555555555555555,0.3333333333333333,2.0,0.16666666666666666,0.16666666666666666,1.1173184357541899,0.0,0.0,0.16666666666666666,3.3333333333333335,32.4,3.3333333333333335,37.0,0.3333333333333333
136562B6-95B2-483D-88DC-065F28409FD2,0.05,m0_k1,0.0,1,instantaneous,0.0,0.01388888888888889,2.6666666666666665,0.6666666666666666,0.0,1.48975791433892,0.0,0.0,0.0,0.0,0.0,0.0,0.0,0.01388888888888889
136562B6-95B2-483D-88DC-065F28409FD2,0.05,m0_k10,0.0,10,dwell_only,0.09999999999999999,0.17916666666666667,2.1666666666666665,0.16666666666666666,0.0,1.2104283054003724,0.0,0.0,0.0,6.0,9.0,6.0,9.0,0.17916666666666667
136562B6-95B2-483D-88DC-065F28409FD2,0.05,m0_k2,0.0,2,dwell_only,0.016666666666666666,0.022222222222222223,2.6666666666666665,0.6666666666666666,0.0,1.48975791433892,0.0,0.0,0.0,1.0,1.0,1.0,1.0,0.022222222222222223
136562B6-95B2-483D-88DC-065F28409FD2,0.05,m0_k5,0.0,5,dwell_only,0.03333333333333333,0.16805555555555554,2.5,0.5,0.0,1.3966480446927374,0.0,0.0,0.0,2.0,4.0,2.0,4.0,0.16805555555555554
136562B6-95B2-483D-88DC-065F28409FD2,0.07,m0.05_k1,0.05,1,margin_only,0.0,0.01388888888888889,2.6666666666666665,0.6666666666666666,0.0,1.48975791433892,0.0,0.0,0.0,0.0,0.0,0.0,0.0,0.01388888888888889
136562B6-95B2-483D-88DC-065F28409FD2,0.07,m0.05_k10,0.05,10,hysteresis,0.09999999999999999,0.5972222222222222,1.0,0.0,1.0,0.5586592178770949,0.0,0.0,1.0,6.0,,6.0,60.0,0.5972222222222222
136562B6-95B2-483D-88DC-065F28409FD2,0.07,m0.05_k5,0.05,5,hysteresis,0.05555555555555555,0.05555555555555555,2.3333333333333335,0.3333333333333333,0.0,1.303538175046555,0.0,0.0,0.0,3.3333333333333335,4.0,3.3333333333333335,4.0,0.05555555555555555
136562B6-95B2-483D-88DC-065F28409FD2,0.07,m0.1_k1,0.1,1,margin_only,0.0,0.01388888888888889,2.6666666666666665,0.6666666666666666,0.0,1.48975791433892,0.0,0.0,0.0,0.0,0.0,0.0,0.0,0.01388888888888889
136562B6-95B2-483D-88DC-065F28409FD2,0.07,m0.1_k5,0.1,5,hysteresis,0.05555555555555555,0.05555555555555555,2.3333333333333335,0.3333333333333333,0.0,1.303538175046555,0.0,0.0,0.0,3.3333333333333335,4.0,3.3333333333333335,4.0,0.05555555555555555
136562B6-95B2-483D-88DC-065F28409FD2,0.07,m0.2_k1,0.2,1,margin_only,0.0,0.02777777777777778,2.3333333333333335,0.3333333333333333,0.0,1.303538175046555,0.0,0.0,0.0,0.0,0.0,0.0,0.0,0.02777777777777778
136562B6-95B2-483D-88DC-065F28409FD2,0.07,m0_k1,0.0,1,instantaneous,0.0,0.01388888888888889,2.6666666666666665,0.6666666666666666,0.0,1.48975791433892,0.0,0.0,0.0,0.0,0.0,0.0,0.0,0.01388888888888889
136562B6-95B2-483D-88DC-065F28409FD2,0.07,m0_k2,0.0,2,dwell_only,0.016666666666666666,0.022222222222222223,2.6666666666666665,0.6666666666666666,0.0,1.48975791433892,0.0,0.0,0.0,1.0,1.0,1.0,1.0,0.022222222222222223
136562B6-95B2-483D-88DC-065F28409FD2,0.07,m0_k3,0.0,3,dwell_only,0.03333333333333333,0.030555555555555555,2.6666666666666665,0.6666666666666666,0.0,1.48975791433892,0.0,0.0,0.0,2.0,2.0,2.0,2.0,0.030555555555555555
136562B6-95B2-483D-88DC-065F28409FD2,0.07,m0_k5,0.0,5,dwell_only,0.06666666666666667,0.048611111111111105,2.6666666666666665,0.6666666666666666,0.0,1.48975791433892,0.0,0.0,0.0,4.0,4.0,4.0,4.0,0.048611111111111105
1538C99F-BA1E-4EFB-A949-6C7C47701B20,0.03,m0.05_k3,0.05,3,hysteresis,0.03333333333333333,0.25416666666666665,1.6666666666666667,0.0,0.3333333333333333,0.931098696461825,0.0,0.0,0.3333333333333333,2.0,15.75,2.0,30.5,0.25416666666666665
1538C99F-BA1E-4EFB-A949-6C7C47701B20,0.03,m0.05_k5,0.05,5,hysteresis,0.03333333333333333,0.6402777777777778,1.1666666666666667,0.0,0.8333333333333334,0.6517690875232774,0.0,0.0,0.8333333333333334,2.0,12.0,2.0,52.0,0.6402777777777778
1538C99F-BA1E-4EFB-A949-6C7C47701B20,0.03,m0.1_k3,0.1,3,hysteresis,0.03333333333333333,0.4305555555555556,1.1666666666666667,0.0,0.8333333333333334,0.6517690875232774,0.0,0.0,0.8333333333333334,2.0,10.0,2.0,51.666666666666664,0.4305555555555556
1538C99F-BA1E-4EFB-A949-6C7C47701B20,0.03,m0_k3,0.0,3,dwell_only,0.03333333333333333,0.016666666666666666,2.0,0.0,0.0,1.1173184357541899,0.0,0.0,0.0,2.0,2.0,2.0,2.0,0.016666666666666666
1538C99F-BA1E-4EFB-A949-6C7C47701B20,0.03,m0_k5,0.0,5,dwell_only,0.041666666666666664,0.6513888888888889,1.8333333333333333,0.5,0.6666666666666666,1.0242085661080074,0.0,0.0,0.8333333333333334,2.5,4.0,2.5,50.666666666666664,0.6513888888888889
1538C99F-BA1E-4EFB-A949-6C7C47701B20,0.05,m0.05_k5,0.05,5,hysteresis,0.06666666666666667,0.4222222222222222,1.1666666666666667,0.0,0.8333333333333334,0.6517690875232774,0.0,0.0,0.8333333333333334,4.0,4.0,4.0,50.666666666666664,0.4222222222222222
1538C99F-BA1E-4EFB-A949-6C7C47701B20,0.05,m0.1_k5,0.1,5,hysteresis,0.06666666666666667,0.5,1.0,0.0,1.0,0.5586592178770949,0.0,0.0,1.0,4.0,,4.0,60.0,0.5
1538C99F-BA1E-4EFB-A949-6C7C47701B20,0.05,m0_k10,0.0,10,dwell_only,0.06666666666666667,0.6541666666666667,1.1666666666666667,0.0,0.8333333333333334,0.6517690875232774,0.0,0.0,0.8333333333333334,4.0,26.0,4.0,54.333333333333336,0.6541666666666667
1538C99F-BA1E-4EFB-A949-6C7C47701B20,0.05,m0_k5,0.0,5,dwell_only,0.06666666666666667,0.03333333333333333,2.0,0.0,0.0,1.1173184357541899,0.0,0.0,0.0,4.0,4.0,4.0,4.0,0.03333333333333333
1538C99F-BA1E-4EFB-A949-6C7C47701B20,0.07,m0.05_k10,0.05,10,hysteresis,0.075,0.6875,1.0,0.0,1.0,0.5586592178770949,0.0,0.0,1.0,4.5,,4.5,60.0,0.6875
1538C99F-BA1E-4EFB-A949-6C7C47701B20,0.07,m0.05_k5,0.05,5,hysteresis,0.06666666666666667,0.2652777777777778,1.6666666666666667,0.0,0.3333333333333333,0.931098696461825,0.0,0.0,0.5,4.0,4.0,4.0,32.0,0.2652777777777778
1538C99F-BA1E-4EFB-A949-6C7C47701B20,0.07,m0.1_k5,0.1,5,hysteresis,0.06666666666666667,0.43333333333333335,1.1666666666666667,0.0,0.8333333333333334,0.6517690875232774,0.0,0.0,0.8333333333333334,4.0,12.0,4.0,52.0,0.43333333333333335
1538C99F-BA1E-4EFB-A949-6C7C47701B20,0.07,m0_k10,0.0,10,dwell_only,0.075,0.6402777777777778,1.1666666666666667,0.0,0.8333333333333334,0.6517690875232774,0.0,0.0,0.8333333333333334,4.5,26.0,4.5,54.333333333333336,0.6402777777777778
1538C99F-BA1E-4EFB-A949-6C7C47701B20,0.07,m0_k5,0.0,5,dwell_only,0.06666666666666667,0.03333333333333333,2.0,0.0,0.0,1.1173184357541899,0.0,0.0,0.0,4.0,4.0,4.0,4.0,0.03333333333333333
24E40C4C-A349-4F9F-93AB-01D00FB994AF,0.03,m0.05_k1,0.05,1,margin_only,0.0,0.0,2.0,0.0,0.0,1.1173184357541899,0.0,0.0,0.0,0.0,0.0,0.0,0.0,0.0
24E40C4C-A349-4F9F-93AB-01D00FB994AF,0.03,m0.05_k2,0.05,2,hysteresis,0.016666666666666666,0.008333333333333333,2.0,0.0,0.0,1.1173184357541899,0.0,0.0,0.0,1.0,1.0,1.0,1.0,0.008333333333333333
24E40C4C-A349-4F9F-93AB-01D00FB994AF,0.03,m0.05_k3,0.05,3,hysteresis,0.03333333333333333,0.31666666666666665,1.5,0.0,0.5,0.8379888268156425,0.0,0.0,0.5,2.0,16.0,2.0,38.0,0.31666666666666665
24E40C4C-A349-4F9F-93AB-01D00FB994AF,0.03,m0.05_k5,0.05,5,hysteresis,0.044444444444444446,0.6097222222222222,1.0,0.0,1.0,0.5586592178770949,0.0,0.0,1.0,2.6666666666666665,,2.6666666666666665,60.0,0.6097222222222222
24E40C4C-A349-4F9F-93AB-01D00FB994AF,0.03,m0.1_k1,0.1,1,margin_only,0.0,0.0,2.0,0.0,0.0,1.1173184357541899,0.0,0.0,0.0,0.0,0.0,0.0,0.0,0.0
24E40C4C-A349-4F9F-93AB-01D00FB994AF,0.03,m0.1_k2,0.1,2,hysteresis,0.016666666666666666,0.008333333333333333,2.0,0.0,0.0,1.1173184357541899,0.0,0.0,0.0,1.0,1.0,1.0,1.0,0.008333333333333333
24E40C4C-A349-4F9F-93AB-01D00FB994AF,0.03,m0.2_k2,0.2,2,hysteresis,0.016666666666666666,0.5,1.0,0.0,1.0,0.5586592178770949,0.0,0.0,1.0,1.0,,1.0,60.0,0.5
24E40C4C-A349-4F9F-93AB-01D00FB994AF,0.03,m0_k1,0.0,1,instantaneous,0.0,0.0,2.0,0.0,0.0,1.1173184357541899,0.0,0.0,0.0,0.0,0.0,0.0,0.0,0.0
24E40C4C-A349-4F9F-93AB-01D00FB994AF,0.03,m0_k10,0.0,10,dwell_only,0.049999999999999996,0.7388888888888889,1.0,0.0,1.0,0.5586592178770949,0.0,0.0,1.0,3.0,,3.0,60.0,0.7388888888888889
24E40C4C-A349-4F9F-93AB-01D00FB994AF,0.03,m0_k2,0.0,2,dwell_only,0.016666666666666666,0.008333333333333333,2.0,0.0,0.0,1.1173184357541899,0.0,0.0,0.0,1.0,1.0,1.0,1.0,0.008333333333333333
24E40C4C-A349-4F9F-93AB-01D00FB994AF,0.03,m0_k3,0.0,3,dwell_only,0.03333333333333333,0.022222222222222223,2.0,0.0,0.0,1.1173184357541899,0.0,0.0,0.0,2.0,2.6666666666666665,2.0,2.6666666666666665,0.022222222222222223
24E40C4C-A349-4F9F-93AB-01D00FB994AF,0.03,m0_k5,0.0,5,dwell_only,0.05555555555555555,0.43333333333333335,2.8333333333333335,1.1666666666666667,0.3333333333333333,1.5828677839851022,0.0,0.0,0.5,3.3333333333333335,13.333333333333334,3.3333333333333335,36.666666666666664,0.43333333333333335
24E40C4C-A349-4F9F-93AB-01D00FB994AF,0.05,m0.05_k1,0.05,1,margin_only,0.0,0.0,2.0,0.0,0.0,1.1173184357541899,0.0,0.0,0.0,0.0,0.0,0.0,0.0,0.0
24E40C4C-A349-4F9F-93AB-01D00FB994AF,0.05,m0.05_k2,0.05,2,hysteresis,0.016666666666666666,0.008333333333333333,2.0,0.0,0.0,1.1173184357541899,0.0,0.0,0.0,1.0,1.0,1.0,1.0,0.008333333333333333
24E40C4C-A349-4F9F-93AB-01D00FB994AF,0.05,m0.05_k5,0.05,5,hysteresis,0.06666666666666667,0.35555555555555557,1.3333333333333333,0.0,0.6666666666666666,0.74487895716946,0.0,0.0,0.6666666666666666,4.0,8.0,4.0,42.666666666666664,0.35555555555555557
24E40C4C-A349-4F9F-93AB-01D00FB994AF,0.05,m0.1_k1,0.1,1,margin_only,0.0,0.0,2.0,0.0,0.0,1.1173184357541899,0.0,0.0,0.0,0.0,0.0,0.0,0.0,0.0
24E40C4C-A349-4F9F-93AB-01D00FB994AF,0.05,m0_k1,0.0,1,instantaneous,0.0,0.0,2.0,0.0,0.0,1.1173184357541899,0.0,0.0,0.0,0.0,0.0,0.0,0.0,0.0
24E40C4C-A349-4F9F-93AB-01D00FB994AF,0.05,m0_k2,0.0,2,dwell_only,0.016666666666666666,0.008333333333333333,2.0,0.0,0.0,1.1173184357541899,0.0,0.0,0.0,1.0,1.0,1.0,1.0,0.008333333333333333
24E40C4C-A349-4F9F-93AB-01D00FB994AF,0.05,m0_k3,0.0,3,dwell_only,0.03333333333333333,0.016666666666666666,2.0,0.0,0.0,1.1173184357541899,0.0,0.0,0.0,2.0,2.0,2.0,2.0,0.016666666666666666
24E40C4C-A349-4F9F-93AB-01D00FB994AF,0.05,m0_k5,0.0,5,dwell_only,0.06666666666666667,0.03888888888888889,2.0,0.0,0.0,1.1173184357541899,0.0,0.0,0.0,4.0,4.666666666666667,4.0,4.666666666666667,0.03888888888888889
24E40C4C-A349-4F9F-93AB-01D00FB994AF,0.07,m0.05_k1,0.05,1,margin_only,0.0,0.0,2.0,0.0,0.0,1.1173184357541899,0.0,0.0,0.0,0.0,0.0,0.0,0.0,0.0
24E40C4C-A349-4F9F-93AB-01D00FB994AF,0.07,m0.05_k10,0.05,10,hysteresis,0.125,0.5361111111111111,1.0,0.0,1.0,0.5586592178770949,0.0,0.0,1.0,7.5,,7.5,60.0,0.5361111111111111
24E40C4C-A349-4F9F-93AB-01D00FB994AF,0.07,m0.05_k2,0.05,2,hysteresis,0.016666666666666666,0.008333333333333333,2.0,0.0,0.0,1.1173184357541899,0.0,0.0,0.0,1.0,1.0,1.0,1.0,0.008333333333333333
24E40C4C-A349-4F9F-93AB-01D00FB994AF,0.07,m0.05_k5,0.05,5,hysteresis,0.06666666666666667,0.2333333333333333,1.6666666666666667,0.0,0.3333333333333333,0.931098696461825,0.0,0.0,0.3333333333333333,4.0,12.0,4.0,28.0,0.2333333333333333
24E40C4C-A349-4F9F-93AB-01D00FB994AF,0.07,m0.1_k2,0.1,2,hysteresis,0.016666666666666666,0.008333333333333333,2.0,0.0,0.0,1.1173184357541899,0.0,0.0,0.0,1.0,1.0,1.0,1.0,0.008333333333333333
24E40C4C-A349-4F9F-93AB-01D00FB994AF,0.07,m0.1_k5,0.1,5,hysteresis,0.06666666666666667,0.3333333333333333,1.5,0.0,0.5,0.8379888268156425,0.0,0.0,0.5,4.0,20.0,4.0,40.0,0.3333333333333333
24E40C4C-A349-4F9F-93AB-01D00FB994AF,0.07,m0_k1,0.0,1,instantaneous,0.0,0.0,2.0,0.0,0.0,1.1173184357541899,0.0,0.0,0.0,0.0,0.0,0.0,0.0,0.0
24E40C4C-A349-4F9F-93AB-01D00FB994AF,0.07,m0_k10,0.0,10,dwell_only,0.125,0.45694444444444443,1.8333333333333333,0.3333333333333333,0.5,1.0242085661080074,0.0,0.0,0.5,7.5,24.333333333333332,7.5,42.166666666666664,0.45694444444444443
24E40C4C-A349-4F9F-93AB-01D00FB994AF,0.07,m0_k2,0.0,2,dwell_only,0.016666666666666666,0.008333333333333333,2.0,0.0,0.0,1.1173184357541899,0.0,0.0,0.0,1.0,1.0,1.0,1.0,0.008333333333333333
24E40C4C-A349-4F9F-93AB-01D00FB994AF,0.07,m0_k5,0.0,5,dwell_only,0.06666666666666667,0.03333333333333333,2.0,0.0,0.0,1.1173184357541899,0.0,0.0,0.0,4.0,4.0,4.0,4.0,0.03333333333333333
2C32C23E-E30C-498A-8DD2-0EFB9150A02E,0.03,m0.05_k1,0.05,1,margin_only,0.16666666666666666,0.0,1.6666666666666667,0.0,0.16666666666666666,0.931098696461825,0.0,0.16666666666666666,0.0,0.0,0.0,10.0,0.0,0.0
2C32C23E-E30C-498A-8DD2-0EFB9150A02E,0.03,m0.05_k10,0.05,10,hysteresis,0.06111111111111111,0.6541666666666667,1.0,0.0,1.0,0.5586592178770949,0.0,0.0,1.0,3.6666666666666665,,3.6666666666666665,60.0,0.6541666666666667
2C32C23E-E30C-498A-8DD2-0EFB9150A02E,0.03,m0.05_k3,0.05,3,hysteresis,0.03333333333333333,0.05416666666666667,2.0,0.0,0.0,1.1173184357541899,0.0,0.0,0.0,2.0,6.5,2.0,6.5,0.05416666666666667
2C32C23E-E30C-498A-8DD2-0EFB9150A02E,0.03,m0.05_k5,0.05,5,hysteresis,0.06666666666666667,0.15,2.6666666666666665,0.6666666666666666,0.0,1.48975791433892,0.0,0.0,0.16666666666666666,4.0,4.4,4.0,13.666666666666666,0.15
2C32C23E-E30C-498A-8DD2-0EFB9150A02E,0.03,m0.1_k3,0.1,3,hysteresis,0.03333333333333333,0.10277777777777779,1.8333333333333333,0.0,0.16666666666666666,1.0242085661080074,0.0,0.0,0.16666666666666666,2.0,2.8,2.0,12.333333333333334,0.10277777777777779
2C32C23E-E30C-498A-8DD2-0EFB9150A02E,0.03,m0_k1,0.0,1,instantaneous,0.14722222222222223,0.0,2.3333333333333335,0.3333333333333333,0.0,1.303538175046555,0.5,0.0,0.0,8.5,0.0,8.5,0.0,0.0
2C32C23E-E30C-498A-8DD2-0EFB9150A02E,0.03,m0_k10,0.0,10,dwell_only,0.0,0.8736111111111112,1.0,0.0,1.0,0.5586592178770949,0.0,0.0,1.0,0.0,,0.0,60.0,0.8736111111111112
2C32C23E-E30C-498A-8DD2-0EFB9150A02E,0.03,m0_k2,0.0,2,dwell_only,0.1638888888888889,0.006944444444444444,2.0,0.0,0.0,1.1173184357541899,0.0,0.0,0.0,9.5,0.8333333333333334,9.5,0.8333333333333334,0.006944444444444444
2C32C23E-E30C-498A-8DD2-0EFB9150A02E,0.03,m0_k3,0.0,3,dwell_only,0.03333333333333333,0.07083333333333335,2.8333333333333335,0.8333333333333334,0.0,1.5828677839851022,0.0,0.0,0.0,2.0,6.5,2.0,6.5,0.07083333333333335
2C32C23E-E30C-498A-8DD2-0EFB9150A02E,0.03,m0_k5,0.0,5,dwell_only,0.030555555555555558,0.34722222222222227,4.5,2.5,0.0,2.513966480446927,0.0,0.0,0.16666666666666666,1.8333333333333333,4.4,1.8333333333333333,13.666666666666666,0.34722222222222227
2C32C23E-E30C-498A-8DD2-0EFB9150A02E,0.05,m0.05_k1,0.05,1,margin_only,0.2111111111111111,0.0,1.6666666666666667,0.0,0.16666666666666666,0.931098696461825,0.0,0.16666666666666666,0.0,3.2,0.0,12.666666666666666,0.0,0.0
2C32C23E-E30C-498A-8DD2-0EFB9150A02E,0.05,m0.05_k5,0.05,5,hysteresis,0.06666666666666667,0.15,2.6666666666666665,0.6666666666666666,0.0,1.48975791433892,0.0,0.0,0.16666666666666666,4.0,4.4,4.0,13.666666666666666,0.15
2C32C23E-E30C-498A-8DD2-0EFB9150A02E,0.05,m0.1_k1,0.1,1,margin_only,0.2111111111111111,0.0,1.6666666666666667,0.0,0.16666666666666666,0.931098696461825,0.0,0.16666666666666666,0.0,3.2,0.0,12.666666666666666,0.0,0.0
2C32C23E-E30C-498A-8DD2-0EFB9150A02E,0.05,m0.1_k5,0.1,5,hysteresis,0.06666666666666667,0.35555555555555557,1.3333333333333333,0.0,0.6666666666666666,0.74487895716946,0.0,0.0,0.6666666666666666,4.0,8.0,4.0,42.666666666666664,0.35555555555555557
2C32C23E-E30C-498A-8DD2-0EFB9150A02E,0.05,m0.2_k1,0.2,1,margin_only,0.2111111111111111,0.08333333333333333,1.5,0.0,0.3333333333333333,0.8379888268156425,0.0,0.16666666666666666,0.16666666666666666,3.2,0.0,12.666666666666666,10.0,0.08333333333333333
2C32C23E-E30C-498A-8DD2-0EFB9150A02E,0.05,m0_k1,0.0,1,instantaneous,0.15833333333333333,0.0,3.0,1.0,0.0,1.675977653631285,1.5,0.16666666666666666,0.0,0.0,0.0,10.0,0.0,0.0
2C32C23E-E30C-498A-8DD2-0EFB9150A02E,0.05,m0_k10,0.0,10,dwell_only,0.1111111111111111,0.40972222222222227,1.8333333333333333,0.16666666666666666,0.3333333333333333,1.0242085661080074,0.0,0.0,0.3333333333333333,6.666666666666667,27.75,6.666666666666667,38.5,0.40972222222222227
2C32C23E-E30C-498A-8DD2-0EFB9150A02E,0.05,m0_k3,0.0,3,dwell_only,0.17500000000000002,0.016666666666666666,2.0,0.0,0.0,1.1173184357541899,0.0,0.0,0.0,10.5,2.0,10.5,2.0,0.016666666666666666
2C32C23E-E30C-498A-8DD2-0EFB9150A02E,0.05,m0_k5,0.0,5,dwell_only,0.06111111111111111,0.10416666666666667,2.8333333333333335,0.8333333333333334,0.0,1.5828677839851022,0.0,0.0,0.0,3.6666666666666665,9.833333333333334,3.6666666666666665,9.833333333333334,0.10416666666666667
2C32C23E-E30C-498A-8DD2-0EFB9150A02E,0.07,m0.05_k10,0.05,10,hysteresis,0.11388888888888889,0.5375,1.0,0.0,1.0,0.5586592178770949,0.0,0.0,1.0,6.833333333333333,,6.833333333333333,60.0,0.5375
2C32C23E-E30C-498A-8DD2-0EFB9150A02E,0.07,m0.05_k2,0.05,2,hysteresis,0.225,0.006944444444444444,1.6666666666666667,0.0,0.16666666666666666,0.931098696461825,0.0,0.16666666666666666,0.0,4.2,0.8333333333333334,13.5,0.8333333333333334,0.006944444444444444
2C32C23E-E30C-498A-8DD2-0EFB9150A02E,0.07,m0.05_k5,0.05,5,hysteresis,0.20833333333333334,0.08194444444444444,2.0,0.0,0.0,1.1173184357541899,0.0,0.0,0.0,12.5,9.833333333333334,12.5,9.833333333333334,0.08194444444444444
2C32C23E-E30C-498A-8DD2-0EFB9150A02E,0.07,m0.1_k2,0.1,2,hysteresis,0.24722222222222223,0.006944444444444444,1.6666666666666667,0.0,0.16666666666666666,0.931098696461825,0.0,0.16666666666666666,0.0,5.8,0.8333333333333334,14.833333333333334,0.8333333333333334,0.006944444444444444
2C32C23E-E30C-498A-8DD2-0EFB9150A02E,0.07,m0.1_k5,0.1,5,hysteresis,0.06666666666666667,0.14305555555555555,1.8333333333333333,0.0,0.16666666666666666,1.0242085661080074,0.0,0.0,0.16666666666666666,4.0,8.6,4.0,17.166666666666668,0.14305555555555555
2C32C23E-E30C-498A-8DD2-0EFB9150A02E,0.07,m0.2_k2,0.2,2,hysteresis,0.2333333333333333,0.09444444444444444,1.5,0.0,0.3333333333333333,0.8379888268156425,0.0,0.16666666666666666,0.16666666666666666,4.8,1.6,14.0,11.333333333333334,0.09444444444444444
2C32C23E-E30C-498A-8DD2-0EFB9150A02E,0.07,m0_k1,0.0,1,instantaneous,0.17500000000000002,0.0,2.3333333333333335,0.6666666666666666,0.16666666666666666,1.303538175046555,0.8333333333333334,0.16666666666666666,0.0,0.0,0.0,10.0,0.0,0.0
2C32C23E-E30C-498A-8DD2-0EFB9150A02E,0.07,m0_k10,0.0,10,dwell_only,0.11388888888888889,0.37222222222222223,1.8333333333333333,0.16666666666666666,0.3333333333333333,1.0242085661080074,0.0,0.0,0.3333333333333333,6.833333333333333,21.0,6.833333333333333,34.0,0.37222222222222223
2C32C23E-E30C-498A-8DD2-0EFB9150A02E,0.07,m0_k2,0.0,2,dwell_only,0.18055555555555555,0.005555555555555556,2.0,0.0,0.0,1.1173184357541899,0.3333333333333333,0.16666666666666666,0.0,1.0,0.6666666666666666,10.833333333333334,0.6666666666666666,0.005555555555555556
2C32C23E-E30C-498A-8DD2-0EFB9150A02E,0.07,m0_k3,0.0,3,dwell_only,0.19444444444444445,0.013888888888888888,1.6666666666666667,0.0,0.16666666666666666,0.931098696461825,0.0,0.16666666666666666,0.0,2.0,1.6666666666666667,11.666666666666666,1.6666666666666667,0.013888888888888888
2C32C23E-E30C-498A-8DD2-0EFB9150A02E,0.07,m0_k5,0.0,5,dwell_only,0.06944444444444443,0.03333333333333333,2.0,0.0,0.0,1.1173184357541899,0.0,0.0,0.0,4.166666666666667,4.0,4.166666666666667,4.0,0.03333333333333333
3600D531-0C55-44A7-AE95-A7A38519464E,0.03,m0.05_k3,0.05,3,hysteresis,0.027777777777777776,0.21388888888888888,3.1666666666666665,1.1666666666666667,0.0,1.7690875232774674,0.0,0.0,0.0,1.6666666666666667,7.833333333333333,1.6666666666666667,7.833333333333333,0.21388888888888888
3600D531-0C55-44A7-AE95-A7A38519464E,0.03,m0.05_k5,0.05,5,hysteresis,0.030555555555555558,0.7194444444444444,1.1666666666666667,0.0,0.8333333333333334,0.6517690875232774,0.0,0.0,0.8333333333333334,1.8333333333333333,53.0,1.8333333333333333,58.833333333333336,0.7194444444444444
3600D531-0C55-44A7-AE95-A7A38519464E,0.03,m0.1_k2,0.1,2,hysteresis,0.016666666666666666,0.32222222222222224,1.6666666666666667,0.0,0.3333333333333333,0.931098696461825,0.0,0.0,0.5,1.0,17.666666666666668,1.0,38.833333333333336,0.32222222222222224
3600D531-0C55-44A7-AE95-A7A38519464E,0.03,m0_k1,0.0,1,instantaneous,0.0,0.0,2.0,0.0,0.0,1.1173184357541899,0.0,0.0,0.0,0.0,0.0,0.0,0.0,0.0
3600D531-0C55-44A7-AE95-A7A38519464E,0.03,m0_k2,0.0,2,dwell_only,0.016666666666666666,0.008333333333333333,2.0,0.0,0.0,1.1173184357541899,0.0,0.0,0.0,1.0,1.0,1.0,1.0,0.008333333333333333
3600D531-0C55-44A7-AE95-A7A38519464E,0.03,m0_k3,0.0,3,dwell_only,0.027777777777777776,0.17500000000000002,3.1666666666666665,1.1666666666666667,0.0,1.7690875232774674,0.0,0.0,0.0,1.6666666666666667,4.833333333333333,1.6666666666666667,4.833333333333333,0.17500000000000002
3600D531-0C55-44A7-AE95-A7A38519464E,0.03,m0_k5,0.0,5,dwell_only,0.049999999999999996,0.19722222222222222,3.0,1.0,0.0,1.675977653631285,0.0,0.0,0.0,3.0,7.166666666666667,3.0,7.166666666666667,0.19722222222222222
3600D531-0C55-44A7-AE95-A7A38519464E,0.05,m0.05_k1,0.05,1,margin_only,0.0,0.001388888888888889,2.0,0.0,0.0,1.1173184357541899,0.0,0.0,0.0,0.0,0.16666666666666666,0.0,0.16666666666666666,0.001388888888888889
3600D531-0C55-44A7-AE95-A7A38519464E,0.05,m0.05_k10,0.05,10,hysteresis,0.07222222222222223,0.7111111111111111,1.0,0.0,1.0,0.5586592178770949,0.0,0.0,1.0,4.333333333333333,,4.333333333333333,60.0,0.7111111111111111
3600D531-0C55-44A7-AE95-A7A38519464E,0.05,m0.05_k5,0.05,5,hysteresis,0.05555555555555555,0.22361111111111112,2.6666666666666665,0.6666666666666666,0.0,1.48975791433892,0.0,0.0,0.0,3.3333333333333335,11.166666666666666,3.3333333333333335,11.166666666666666,0.22361111111111112
3600D531-0C55-44A7-AE95-A7A38519464E,0.05,m0.1_k1,0.1,1,margin_only,0.0,0.02361111111111111,2.0,0.0,0.0,1.1173184357541899,0.0,0.0,0.0,0.0,2.8333333333333335,0.0,2.8333333333333335,0.02361111111111111
3600D531-0C55-44A7-AE95-A7A38519464E,0.05,m0_k1,0.0,1,instantaneous,0.0,0.0,2.0,0.0,0.0,1.1173184357541899,0.0,0.0,0.0,0.0,0.0,0.0,0.0,0.0
3600D531-0C55-44A7-AE95-A7A38519464E,0.05,m0_k10,0.0,10,dwell_only,0.11666666666666665,0.3444444444444444,2.6666666666666665,0.6666666666666666,0.0,1.48975791433892,0.0,0.0,0.0,7.0,22.333333333333332,7.0,22.333333333333332,0.3444444444444444
3600D531-0C55-44A7-AE95-A7A38519464E,0.05,m0_k2,0.0,2,dwell_only,0.016666666666666666,0.008333333333333333,2.0,0.0,0.0,1.1173184357541899,0.0,0.0,0.0,1.0,1.0,1.0,1.0,0.008333333333333333
3600D531-0C55-44A7-AE95-A7A38519464E,0.05,m0_k3,0.0,3,dwell_only,0.03333333333333333,0.016666666666666666,2.0,0.0,0.0,1.1173184357541899,0.0,0.0,0.0,2.0,2.0,2.0,2.0,0.016666666666666666
3600D531-0C55-44A7-AE95-A7A38519464E,0.05,m0_k5,0.0,5,dwell_only,0.05277777777777778,0.19444444444444445,3.0,1.0,0.0,1.675977653631285,0.0,0.0,0.0,3.1666666666666665,6.833333333333333,3.1666666666666665,6.833333333333333,0.19444444444444445
3600D531-0C55-44A7-AE95-A7A38519464E,0.07,m0.05_k10,0.05,10,hysteresis,0.07222222222222223,0.7111111111111111,1.0,0.0,1.0,0.5586592178770949,0.0,0.0,1.0,4.333333333333333,,4.333333333333333,60.0,0.7111111111111111
3600D531-0C55-44A7-AE95-A7A38519464E,0.07,m0.05_k2,0.05,2,hysteresis,0.016666666666666666,0.008333333333333333,2.0,0.0,0.0,1.1173184357541899,0.0,0.0,0.0,1.0,1.0,1.0,1.0,0.008333333333333333
3600D531-0C55-44A7-AE95-A7A38519464E,0.07,m0.05_k5,0.05,5,hysteresis,0.06666666666666667,0.059722222222222225,2.0,0.0,0.0,1.1173184357541899,0.0,0.0,0.0,4.0,7.166666666666667,4.0,7.166666666666667,0.059722222222222225
3600D531-0C55-44A7-AE95-A7A38519464E,0.07,m0.1_k2,0.1,2,hysteresis,0.016666666666666666,0.034722222222222224,2.0,0.0,0.0,1.1173184357541899,0.0,0.0,0.0,1.0,4.166666666666667,1.0,4.166666666666667,0.034722222222222224
3600D531-0C55-44A7-AE95-A7A38519464E,0.07,m0.1_k5,0.1,5,hysteresis,0.06666666666666667,0.5,1.0,0.0,1.0,0.5586592178770949,0.0,0.0,1.0,4.0,,4.0,60.0,0.5
3600D531-0C55-44A7-AE95-A7A38519464E,0.07,m0_k1,0.0,1,instantaneous,0.0,0.0,2.0,0.0,0.0,1.1173184357541899,0.0,0.0,0.0,0.0,0.0,0.0,0.0,0.0
3600D531-0C55-44A7-AE95-A7A38519464E,0.07,m0_k10,0.0,10,dwell_only,0.11944444444444445,0.33888888888888885,2.6666666666666665,0.6666666666666666,0.0,1.48975791433892,0.0,0.0,0.0,7.166666666666667,22.166666666666668,7.166666666666667,22.166666666666668,0.33888888888888885
3600D531-0C55-44A7-AE95-A7A38519464E,0.07,m0_k2,0.0,2,dwell_only,0.016666666666666666,0.008333333333333333,2.0,0.0,0.0,1.1173184357541899,0.0,0.0,0.0,1.0,1.0,1.0,1.0,0.008333333333333333
3600D531-0C55-44A7-AE95-A7A38519464E,0.07,m0_k3,0.0,3,dwell_only,0.03333333333333333,0.016666666666666666,2.0,0.0,0.0,1.1173184357541899,0.0,0.0,0.0,2.0,2.0,2.0,2.0,0.016666666666666666
3600D531-0C55-44A7-AE95-A7A38519464E,0.07,m0_k5,0.0,5,dwell_only,0.06666666666666667,0.03333333333333333,2.0,0.0,0.0,1.1173184357541899,0.0,0.0,0.0,4.0,4.0,4.0,4.0,0.03333333333333333
4FC32141-E888-4BFF-8804-12559A491D8C,0.03,m0.05_k3,0.05,3,hysteresis,0.03333333333333333,0.03166666666666666,2.0,0.0,0.0,1.1173184357541899,0.0,0.0,0.0,2.0,3.8,2.0,3.8,0.03166666666666666
4FC32141-E888-4BFF-8804-12559A491D8C,0.03,m0.05_k5,0.05,5,hysteresis,0.06666666666666667,0.04833333333333333,2.0,0.0,0.0,1.1173184357541899,0.0,0.0,0.0,4.0,5.8,4.0,5.8,0.04833333333333333
4FC32141-E888-4BFF-8804-12559A491D8C,0.03,m0.1_k3,0.1,3,hysteresis,0.03333333333333333,0.03166666666666666,2.0,0.0,0.0,1.1173184357541899,0.0,0.0,0.0,2.0,3.8,2.0,3.8,0.03166666666666666
4FC32141-E888-4BFF-8804-12559A491D8C,0.03,m0.1_k5,0.1,5,hysteresis,0.06666666666666667,0.05,2.0,0.0,0.0,1.1173184357541899,0.0,0.0,0.0,4.0,6.0,4.0,6.0,0.05
4FC32141-E888-4BFF-8804-12559A491D8C,0.03,m0.2_k3,0.2,3,hysteresis,0.03333333333333333,0.08166666666666667,2.0,0.0,0.0,1.1173184357541899,0.0,0.0,0.0,2.0,9.8,2.0,9.8,0.08166666666666667
4FC32141-E888-4BFF-8804-12559A491D8C,0.03,m0_k1,0.0,1,instantaneous,0.16,0.0,2.8,0.8,0.0,1.564245810055866,0.8,0.0,0.0,0.0,0.0,0.0,0.0,0.0
4FC32141-E888-4BFF-8804-12559A491D8C,0.03,m0_k2,0.0,2,dwell_only,0.16333333333333336,0.006666666666666666,2.8,0.8,0.0,1.564245810055866,0.4,0.0,0.0,1.0,0.8,1.0,0.8,0.006666666666666666
4FC32141-E888-4BFF-8804-12559A491D8C,0.03,m0_k3,0.0,3,dwell_only,0.03333333333333333,0.026666666666666665,2.4,0.4,0.0,1.3407821229050279,0.4,0.0,0.0,2.0,2.0,2.0,2.0,0.026666666666666665
4FC32141-E888-4BFF-8804-12559A491D8C,0.03,m0_k5,0.0,5,dwell_only,0.06666666666666667,0.04833333333333333,2.0,0.0,0.0,1.1173184357541899,0.0,0.0,0.0,4.0,5.8,4.0,5.8,0.04833333333333333
4FC32141-E888-4BFF-8804-12559A491D8C,0.05,m0.05_k10,0.05,10,hysteresis,0.15,0.09166666666666666,2.0,0.0,0.0,1.1173184357541899,0.0,0.0,0.0,9.0,11.0,9.0,11.0,0.09166666666666666
4FC32141-E888-4BFF-8804-12559A491D8C,0.05,m0.05_k5,0.05,5,hysteresis,0.06666666666666667,0.04833333333333333,2.0,0.0,0.0,1.1173184357541899,0.0,0.0,0.0,4.0,5.8,4.0,5.8,0.04833333333333333
4FC32141-E888-4BFF-8804-12559A491D8C,0.05,m0.1_k5,0.1,5,hysteresis,0.06666666666666667,0.04833333333333333,2.0,0.0,0.0,1.1173184357541899,0.0,0.0,0.0,4.0,5.8,4.0,5.8,0.04833333333333333
4FC32141-E888-4BFF-8804-12559A491D8C,0.05,m0.2_k1,0.2,1,margin_only,0.003333333333333333,0.0,2.0,0.0,0.0,1.1173184357541899,0.0,0.0,0.0,0.2,0.0,0.2,0.0,0.0
4FC32141-E888-4BFF-8804-12559A491D8C,0.05,m0_k1,0.0,1,instantaneous,0.16666666666666669,0.0,2.8,0.8,0.0,1.564245810055866,0.8,0.0,0.0,0.0,0.0,0.0,0.0,0.0
4FC32141-E888-4BFF-8804-12559A491D8C,0.05,m0_k10,0.0,10,dwell_only,0.15,0.09,2.0,0.0,0.0,1.1173184357541899,0.0,0.0,0.0,9.0,10.8,9.0,10.8,0.09
4FC32141-E888-4BFF-8804-12559A491D8C,0.05,m0_k2,0.0,2,dwell_only,0.17333333333333337,0.006666666666666666,2.8,0.8,0.0,1.564245810055866,0.8,0.0,0.0,1.0,0.8,1.0,0.8,0.006666666666666666
4FC32141-E888-4BFF-8804-12559A491D8C,0.05,m0_k5,0.0,5,dwell_only,0.06666666666666667,0.04833333333333333,2.0,0.0,0.0,1.1173184357541899,0.0,0.0,0.0,4.0,5.8,4.0,5.8,0.04833333333333333
4FC32141-E888-4BFF-8804-12559A491D8C,0.07,m0.05_k10,0.05,10,hysteresis,0.15,0.09,2.0,0.0,0.0,1.1173184357541899,0.0,0.0,0.0,9.0,10.8,9.0,10.8,0.09
4FC32141-E888-4BFF-8804-12559A491D8C,0.07,m0.05_k5,0.05,5,hysteresis,0.06666666666666667,0.04833333333333333,2.0,0.0,0.0,1.1173184357541899,0.0,0.0,0.0,4.0,5.8,4.0,5.8,0.04833333333333333
4FC32141-E888-4BFF-8804-12559A491D8C,0.07,m0.1_k10,0.1,10,hysteresis,0.15,0.09166666666666666,2.0,0.0,0.0,1.1173184357541899,0.0,0.0,0.0,9.0,11.0,9.0,11.0,0.09166666666666666
4FC32141-E888-4BFF-8804-12559A491D8C,0.07,m0.1_k5,0.1,5,hysteresis,0.06666666666666667,0.04833333333333333,2.0,0.0,0.0,1.1173184357541899,0.0,0.0,0.0,4.0,5.8,4.0,5.8,0.04833333333333333
4FC32141-E888-4BFF-8804-12559A491D8C,0.07,m0.2_k5,0.2,5,hysteresis,0.06666666666666667,0.05,2.0,0.0,0.0,1.1173184357541899,0.0,0.0,0.0,4.0,6.0,4.0,6.0,0.05
4FC32141-E888-4BFF-8804-12559A491D8C,0.07,m0_k1,0.0,1,instantaneous,0.2,0.0,1.6,0.0,0.2,0.8938547486033519,0.0,0.2,0.0,0.0,0.0,12.0,0.0,0.0
4FC32141-E888-4BFF-8804-12559A491D8C,0.07,m0_k10,0.0,10,dwell_only,0.15,0.09,2.0,0.0,0.0,1.1173184357541899,0.0,0.0,0.0,9.0,10.8,9.0,10.8,0.09
4FC32141-E888-4BFF-8804-12559A491D8C,0.07,m0_k2,0.0,2,dwell_only,0.21333333333333332,0.006666666666666666,1.6,0.0,0.2,0.8938547486033519,0.0,0.2,0.0,1.0,0.8,12.8,0.8,0.006666666666666666
4FC32141-E888-4BFF-8804-12559A491D8C,0.07,m0_k5,0.0,5,dwell_only,0.06666666666666667,0.03333333333333333,2.0,0.0,0.0,1.1173184357541899,0.0,0.0,0.0,4.0,4.0,4.0,4.0,0.03333333333333333
5119D0F8-FCA8-4184-A4EB-19421A40DE0D,0.03,m0.05_k2,0.05,2,hysteresis,0.016666666666666666,0.012499999999999999,2.0,0.0,0.0,1.1173184357541899,0.0,0.0,0.0,1.0,1.5,1.0,1.5,0.012499999999999999
5119D0F8-FCA8-4184-A4EB-19421A40DE0D,0.03,m0.05_k3,0.05,3,hysteresis,0.027777777777777776,0.22361111111111112,3.1666666666666665,1.1666666666666667,0.0,1.7690875232774672,0.3333333333333333,0.0,0.16666666666666666,1.6666666666666667,4.6,1.6666666666666667,13.833333333333334,0.22361111111111112
5119D0F8-FCA8-4184-A4EB-19421A40DE0D,0.03,m0.05_k5,0.05,5,hysteresis,0.05555555555555555,0.3958333333333333,2.3333333333333335,0.5,0.16666666666666666,1.303538175046555,0.0,0.0,0.16666666666666666,3.3333333333333335,31.6,3.3333333333333335,36.333333333333336,0.3958333333333333
5119D0F8-FCA8-4184-A4EB-19421A40DE0D,0.03,m0.1_k2,0.1,2,hysteresis,0.016666666666666666,0.09444444444444446,1.8333333333333333,0.0,0.16666666666666666,1.0242085661080074,0.0,0.0,0.16666666666666666,1.0,1.6,1.0,11.333333333333334,0.09444444444444446
5119D0F8-FCA8-4184-A4EB-19421A40DE0D,0.03,m0.1_k3,0.1,3,hysteresis,0.027777777777777776,0.3194444444444445,2.0,0.16666666666666666,0.16666666666666666,1.1173184357541899,0.0,0.0,0.16666666666666666,1.6666666666666667,28.6,1.6666666666666667,33.833333333333336,0.3194444444444445
5119D0F8-FCA8-4184-A4EB-19421A40DE0D,0.03,m0_k1,0.0,1,instantaneous,0.0,0.0,2.0,0.0,0.0,1.1173184357541899,0.0,0.0,0.0,0.0,0.0,0.0,0.0,0.0
5119D0F8-FCA8-4184-A4EB-19421A40DE0D,0.03,m0_k10,0.0,10,dwell_only,0.10833333333333332,0.5708333333333333,1.0,0.0,1.0,0.5586592178770949,0.0,0.0,1.0,6.5,,6.5,60.0,0.5708333333333333
5119D0F8-FCA8-4184-A4EB-19421A40DE0D,0.03,m0_k2,0.0,2,dwell_only,0.016666666666666666,0.008333333333333333,2.0,0.0,0.0,1.1173184357541899,0.0,0.0,0.0,1.0,1.0,1.0,1.0,0.008333333333333333
5119D0F8-FCA8-4184-A4EB-19421A40DE0D,0.03,m0_k3,0.0,3,dwell_only,0.027777777777777776,0.18472222222222223,3.5,1.5,0.0,1.9553072625698322,0.3333333333333333,0.0,0.0,1.6666666666666667,3.8333333333333335,1.6666666666666667,3.8333333333333335,0.18472222222222223
5119D0F8-FCA8-4184-A4EB-19421A40DE0D,0.03,m0_k5,0.0,5,dwell_only,0.044444444444444446,0.33888888888888885,3.6666666666666665,1.8333333333333333,0.16666666666666666,2.0484171322160147,0.0,0.0,0.16666666666666666,2.6666666666666665,10.0,2.6666666666666665,18.333333333333332,0.33888888888888885
5119D0F8-FCA8-4184-A4EB-19421A40DE0D,0.05,m0.05_k1,0.05,1,margin_only,0.0,0.0,2.0,0.0,0.0,1.1173184357541899,0.0,0.0,0.0,0.0,0.0,0.0,0.0,0.0
5119D0F8-FCA8-4184-A4EB-19421A40DE0D,0.05,m0.05_k10,0.05,10,hysteresis,0.12222222222222222,0.5319444444444444,1.0,0.0,1.0,0.5586592178770949,0.0,0.0,1.0,7.333333333333333,,7.333333333333333,60.0,0.5319444444444444
5119D0F8-FCA8-4184-A4EB-19421A40DE0D,0.05,m0.05_k3,0.05,3,hysteresis,0.03333333333333333,0.03194444444444444,2.0,0.0,0.0,1.1173184357541899,0.0,0.0,0.0,2.0,3.8333333333333335,2.0,3.8333333333333335,0.03194444444444444
5119D0F8-FCA8-4184-A4EB-19421A40DE0D,0.05,m0.05_k5,0.05,5,hysteresis,0.05555555555555555,0.23750000000000002,2.1666666666666665,0.3333333333333333,0.16666666666666666,1.2104283054003724,0.0,0.0,0.16666666666666666,3.3333333333333335,10.0,3.3333333333333335,18.333333333333332,0.23750000000000002
5119D0F8-FCA8-4184-A4EB-19421A40DE0D,0.05,m0.1_k1,0.1,1,margin_only,0.005555555555555556,0.0,2.0,0.0,0.0,1.1173184357541899,0.0,0.0,0.0,0.3333333333333333,0.0,0.3333333333333333,0.0,0.0
5119D0F8-FCA8-4184-A4EB-19421A40DE0D,0.05,m0.1_k3,0.1,3,hysteresis,0.03333333333333333,0.13194444444444445,1.8333333333333333,0.0,0.16666666666666666,1.0242085661080074,0.0,0.0,0.16666666666666666,2.0,7.0,2.0,15.833333333333334,0.13194444444444445
5119D0F8-FCA8-4184-A4EB-19421A40DE0D,0.05,m0.1_k5,0.1,5,hysteresis,0.05555555555555555,0.5472222222222222,1.0,0.0,1.0,0.5586592178770949,0.0,0.0,1.0,3.3333333333333335,,3.3333333333333335,60.0,0.5472222222222222
5119D0F8-FCA8-4184-A4EB-19421A40DE0D,0.05,m0.2_k1,0.2,1,margin_only,0.005555555555555556,0.08194444444444444,2.0,0.0,0.0,1.1173184357541899,0.0,0.0,0.0,0.3333333333333333,9.833333333333334,0.3333333333333333,9.833333333333334,0.08194444444444444
5119D0F8-FCA8-4184-A4EB-19421A40DE0D,0.05,m0_k1,0.0,1,instantaneous,0.002777777777777778,0.0,2.3333333333333335,0.3333333333333333,0.0,1.303538175046555,0.3333333333333333,0.0,0.0,0.0,0.0,0.0,0.0,0.0
5119D0F8-FCA8-4184-A4EB-19421A40DE0D,0.05,m0_k2,0.0,2,dwell_only,0.016666666666666666,0.008333333333333333,2.0,0.0,0.0,1.1173184357541899,0.0,0.0,0.0,1.0,1.0,1.0,1.0,0.008333333333333333
5119D0F8-FCA8-4184-A4EB-19421A40DE0D,0.05,m0_k3,0.0,3,dwell_only,0.03333333333333333,0.016666666666666666,2.0,0.0,0.0,1.1173184357541899,0.0,0.0,0.0,2.0,2.0,2.0,2.0,0.016666666666666666
5119D0F8-FCA8-4184-A4EB-19421A40DE0D,0.05,m0_k5,0.0,5,dwell_only,0.05555555555555555,0.20138888888888887,3.0,1.0,0.0,1.675977653631285,0.0,0.0,0.0,3.3333333333333335,8.333333333333334,3.3333333333333335,8.333333333333334,0.20138888888888887
5119D0F8-FCA8-4184-A4EB-19421A40DE0D,0.07,m0.05_k1,0.05,1,margin_only,0.008333333333333333,0.0,2.6666666666666665,0.6666666666666666,0.0,1.48975791433892,0.6666666666666666,0.0,0.0,0.16666666666666666,0.0,0.16666666666666666,0.0,0.0
5119D0F8-FCA8-4184-A4EB-19421A40DE0D,0.07,m0.05_k10,0.05,10,hysteresis,0.125,0.5319444444444444,1.0,0.0,1.0,0.5586592178770949,0.0,0.0,1.0,7.5,,7.5,60.0,0.5319444444444444
5119D0F8-FCA8-4184-A4EB-19421A40DE0D,0.07,m0.05_k2,0.05,2,hysteresis,0.016666666666666666,0.008333333333333333,2.0,0.0,0.0,1.1173184357541899,0.0,0.0,0.0,1.0,1.0,1.0,1.0,0.008333333333333333
5119D0F8-FCA8-4184-A4EB-19421A40DE0D,0.07,m0.05_k5,0.05,5,hysteresis,0.06666666666666667,0.14722222222222223,1.8333333333333333,0.0,0.16666666666666666,1.0242085661080074,0.0,0.0,0.16666666666666666,4.0,9.2,4.0,17.666666666666668,0.14722222222222223
5119D0F8-FCA8-4184-A4EB-19421A40DE0D,0.07,m0.1_k2,0.1,2,hysteresis,0.027777777777777776,0.012499999999999999,2.0,0.0,0.0,1.1173184357541899,0.0,0.0,0.0,1.6666666666666667,1.5,1.6666666666666667,1.5,0.012499999999999999
5119D0F8-FCA8-4184-A4EB-19421A40DE0D,0.07,m0.1_k5,0.1,5,hysteresis,0.06666666666666667,0.30277777777777776,1.8333333333333333,0.0,0.16666666666666666,1.0242085661080074,0.0,0.0,0.16666666666666666,4.0,31.6,4.0,36.333333333333336,0.30277777777777776
5119D0F8-FCA8-4184-A4EB-19421A40DE0D,0.07,m0.2_k2,0.2,2,hysteresis,0.027777777777777776,0.4305555555555556,1.3333333333333333,0.0,0.6666666666666666,0.74487895716946,0.0,0.0,0.6666666666666666,1.6666666666666667,35.0,1.6666666666666667,51.666666666666664,0.4305555555555556
5119D0F8-FCA8-4184-A4EB-19421A40DE0D,0.07,m0_k1,0.0,1,instantaneous,0.011111111111111112,0.0,3.3333333333333335,1.3333333333333333,0.0,1.86219739292365,1.3333333333333333,0.0,0.0,0.0,0.0,0.0,0.0,0.0
5119D0F8-FCA8-4184-A4EB-19421A40DE0D,0.07,m0_k10,0.0,10,dwell_only,0.12222222222222222,0.44861111111111107,1.5,0.16666666666666666,0.6666666666666666,0.8379888268156425,0.0,0.0,0.6666666666666666,7.333333333333333,27.0,7.333333333333333,49.0,0.44861111111111107
5119D0F8-FCA8-4184-A4EB-19421A40DE0D,0.07,m0_k2,0.0,2,dwell_only,0.016666666666666666,0.008333333333333333,2.0,0.0,0.0,1.1173184357541899,0.0,0.0,0.0,1.0,1.0,1.0,1.0,0.008333333333333333
5119D0F8-FCA8-4184-A4EB-19421A40DE0D,0.07,m0_k3,0.0,3,dwell_only,0.03333333333333333,0.016666666666666666,2.0,0.0,0.0,1.1173184357541899,0.0,0.0,0.0,2.0,2.0,2.0,2.0,0.016666666666666666
5119D0F8-FCA8-4184-A4EB-19421A40DE0D,0.07,m0_k5,0.0,5,dwell_only,0.06666666666666667,0.036111111111111115,2.0,0.0,0.0,1.1173184357541899,0.0,0.0,0.0,4.0,4.333333333333333,4.0,4.333333333333333,0.036111111111111115
5152A2DF-FAF3-4BA8-9CA9-E66B32671A53,0.03,m0.05_k1,0.05,1,margin_only,0.0,0.008333333333333333,2.8,0.8,0.0,1.564245810055866,0.8,0.0,0.0,0.0,0.6,0.0,0.6,0.008333333333333333
5152A2DF-FAF3-4BA8-9CA9-E66B32671A53,0.03,m0.05_k3,0.05,3,hysteresis,0.03333333333333333,0.18166666666666667,4.0,2.0,0.0,2.2346368715083798,0.0,0.0,0.0,2.0,10.4,2.0,10.4,0.18166666666666667
5152A2DF-FAF3-4BA8-9CA9-E66B32671A53,0.03,m0.05_k5,0.05,5,hysteresis,0.04,0.6833333333333333,2.4,0.8,0.4,1.3407821229050279,0.0,0.0,0.8,2.4,20.0,2.4,52.0,0.6833333333333333
5152A2DF-FAF3-4BA8-9CA9-E66B32671A53,0.03,m0.1_k3,0.1,3,hysteresis,0.03333333333333333,0.32166666666666666,3.4,1.6,0.2,1.8994413407821227,0.0,0.0,0.4,2.0,8.333333333333334,2.0,29.0,0.32166666666666666
5152A2DF-FAF3-4BA8-9CA9-E66B32671A53,0.03,m0_k1,0.0,1,instantaneous,0.0,0.003333333333333333,2.8,0.8,0.0,1.564245810055866,0.8,0.0,0.0,0.0,0.0,0.0,0.0,0.003333333333333333
5152A2DF-FAF3-4BA8-9CA9-E66B32671A53,0.03,m0_k10,0.0,10,dwell_only,0.08,0.6483333333333333,1.6,0.2,0.6,0.8938547486033519,0.0,0.0,0.8,4.8,23.0,4.8,52.6,0.6483333333333333
5152A2DF-FAF3-4BA8-9CA9-E66B32671A53,0.03,m0_k2,0.0,2,dwell_only,0.016666666666666666,0.011666666666666667,2.4,0.4,0.0,1.3407821229050279,0.4,0.0,0.0,1.0,1.0,1.0,1.0,0.011666666666666667
5152A2DF-FAF3-4BA8-9CA9-E66B32671A53,0.03,m0_k3,0.0,3,dwell_only,0.03333333333333333,0.1,4.6,2.6,0.0,2.569832402234637,0.4,0.0,0.0,2.0,3.0,2.0,3.0,0.1
5152A2DF-FAF3-4BA8-9CA9-E66B32671A53,0.03,m0_k5,0.0,5,dwell_only,0.04666666666666667,0.5083333333333333,4.2,2.2,0.0,2.346368715083799,0.0,0.0,0.2,2.8,15.5,2.8,24.4,0.5083333333333333
5152A2DF-FAF3-4BA8-9CA9-E66B32671A53,0.05,m0.05_k5,0.05,5,hysteresis,0.05333333333333333,0.28500000000000003,3.2,1.4,0.2,1.7877094972067038,0.0,0.0,0.2,3.2,12.5,3.2,22.0,0.28500000000000003
5152A2DF-FAF3-4BA8-9CA9-E66B32671A53,0.05,m0.1_k1,0.1,1,margin_only,0.0,0.015000000000000003,2.0,0.0,0.0,1.1173184357541899,0.0,0.0,0.0,0.0,1.8,0.0,1.8,0.015000000000000003
5152A2DF-FAF3-4BA8-9CA9-E66B32671A53,0.05,m0.1_k3,0.1,3,hysteresis,0.03333333333333333,0.08666666666666667,2.0,0.0,0.0,1.1173184357541899,0.0,0.0,0.0,2.0,10.4,2.0,10.4,0.08666666666666667
5152A2DF-FAF3-4BA8-9CA9-E66B32671A53,0.05,m0.1_k5,0.1,5,hysteresis,0.05333333333333333,0.5316666666666666,2.0,0.6,0.6,1.1173184357541899,0.0,0.0,0.8,3.2,20.0,3.2,52.0,0.5316666666666666
5152A2DF-FAF3-4BA8-9CA9-E66B32671A53,0.05,m0_k1,0.0,1,instantaneous,0.0,0.003333333333333333,2.8,0.8,0.0,1.564245810055866,0.8,0.0,0.0,0.0,0.0,0.0,0.0,0.003333333333333333
5152A2DF-FAF3-4BA8-9CA9-E66B32671A53,0.05,m0_k10,0.0,10,dwell_only,0.11333333333333333,0.5816666666666667,2.2,0.4,0.2,1.2290502793296088,0.0,0.0,0.6,6.8,39.5,6.8,51.8,0.5816666666666667
5152A2DF-FAF3-4BA8-9CA9-E66B32671A53,0.05,m0_k2,0.0,2,dwell_only,0.016666666666666666,0.008333333333333333,2.0,0.0,0.0,1.1173184357541899,0.0,0.0,0.0,1.0,1.0,1.0,1.0,0.008333333333333333
5152A2DF-FAF3-4BA8-9CA9-E66B32671A53,0.05,m0_k3,0.0,3,dwell_only,0.03333333333333333,0.016666666666666666,2.0,0.0,0.0,1.1173184357541899,0.0,0.0,0.0,2.0,2.0,2.0,2.0,0.016666666666666666
5152A2DF-FAF3-4BA8-9CA9-E66B32671A53,0.05,m0_k5,0.0,5,dwell_only,0.05333333333333333,0.31166666666666665,3.8,1.8,0.0,2.122905027932961,0.0,0.0,0.2,3.2,8.5,3.2,18.8,0.31166666666666665
5152A2DF-FAF3-4BA8-9CA9-E66B32671A53,0.07,m0.05_k1,0.05,1,margin_only,0.0,0.0,2.0,0.0,0.0,1.1173184357541899,0.0,0.0,0.0,0.0,0.0,0.0,0.0,0.0
5152A2DF-FAF3-4BA8-9CA9-E66B32671A53,0.07,m0.05_k10,0.05,10,hysteresis,0.06,0.7233333333333334,1.0,0.0,1.0,0.5586592178770949,0.0,0.0,1.0,3.6,,3.6,60.0,0.7233333333333334
5152A2DF-FAF3-4BA8-9CA9-E66B32671A53,0.07,m0.05_k5,0.05,5,hysteresis,0.06666666666666667,0.09666666666666666,2.0,0.0,0.0,1.1173184357541899,0.0,0.0,0.0,4.0,11.6,4.0,11.6,0.09666666666666666
5152A2DF-FAF3-4BA8-9CA9-E66B32671A53,0.07,m0.1_k2,0.1,2,hysteresis,0.016666666666666666,0.07833333333333334,2.0,0.0,0.0,1.1173184357541899,0.0,0.0,0.0,1.0,9.4,1.0,9.4,0.07833333333333334
5152A2DF-FAF3-4BA8-9CA9-E66B32671A53,0.07,m0.1_k3,0.1,3,hysteresis,0.03333333333333333,0.08666666666666667,2.0,0.0,0.0,1.1173184357541899,0.0,0.0,0.0,2.0,10.4,2.0,10.4,0.08666666666666667
5152A2DF-FAF3-4BA8-9CA9-E66B32671A53,0.07,m0.1_k5,0.1,5,hysteresis,0.06666666666666667,0.2033333333333333,1.8,0.0,0.2,1.0055865921787708,0.0,0.0,0.2,4.0,15.5,4.0,24.4,0.2033333333333333
5152A2DF-FAF3-4BA8-9CA9-E66B32671A53,0.07,m0_k1,0.0,1,instantaneous,0.0,0.0016666666666666666,2.4,0.4,0.0,1.3407821229050279,0.4,0.0,0.0,0.0,0.0,0.0,0.0,0.0016666666666666666
5152A2DF-FAF3-4BA8-9CA9-E66B32671A53,0.07,m0_k10,0.0,10,dwell_only,0.12,0.5416666666666666,2.2,0.4,0.2,1.2290502793296088,0.0,0.0,0.6,7.2,39.0,7.2,51.6,0.5416666666666666
5152A2DF-FAF3-4BA8-9CA9-E66B32671A53,0.07,m0_k2,0.0,2,dwell_only,0.016666666666666666,0.008333333333333333,2.0,0.0,0.0,1.1173184357541899,0.0,0.0,0.0,1.0,1.0,1.0,1.0,0.008333333333333333
5152A2DF-FAF3-4BA8-9CA9-E66B32671A53,0.07,m0_k5,0.0,5,dwell_only,0.06666666666666667,0.06166666666666667,2.8,0.8,0.0,1.564245810055866,0.0,0.0,0.0,4.0,4.6,4.0,4.6,0.06166666666666667
5EF64122-B513-46AE-BCF1-E62AAC285D2C,0.03,m0.05_k2,0.05,2,hysteresis,0.016666666666666666,0.06527777777777778,2.0,0.0,0.0,1.1173184357541899,0.0,0.0,0.0,1.0,7.833333333333333,1.0,7.833333333333333,0.06527777777777778
5EF64122-B513-46AE-BCF1-E62AAC285D2C,0.03,m0.05_k3,0.05,3,hysteresis,0.03333333333333333,0.42777777777777776,1.1666666666666667,0.0,0.8333333333333334,0.6517690875232774,0.0,0.0,0.8333333333333334,2.0,8.0,2.0,51.333333333333336,0.42777777777777776
5EF64122-B513-46AE-BCF1-E62AAC285D2C,0.03,m0.05_k5,0.05,5,hysteresis,0.044444444444444446,0.6444444444444445,1.0,0.0,1.0,0.5586592178770949,0.0,0.0,1.0,2.6666666666666665,,2.6666666666666665,60.0,0.6444444444444445
5EF64122-B513-46AE-BCF1-E62AAC285D2C,0.03,m0.1_k2,0.1,2,hysteresis,0.016666666666666666,0.5,1.0,0.0,1.0,0.5586592178770949,0.0,0.0,1.0,1.0,,1.0,60.0,0.5
5EF64122-B513-46AE-BCF1-E62AAC285D2C,0.03,m0_k1,0.0,1,instantaneous,0.0,0.0,2.0,0.0,0.0,1.1173184357541899,0.0,0.0,0.0,0.0,0.0,0.0,0.0,0.0
5EF64122-B513-46AE-BCF1-E62AAC285D2C,0.03,m0_k10,0.0,10,dwell_only,0.024999999999999998,0.7888888888888889,1.5,0.16666666666666666,0.6666666666666666,0.8379888268156425,0.0,0.0,0.8333333333333334,1.5,15.0,1.5,52.5,0.7888888888888889
5EF64122-B513-46AE-BCF1-E62AAC285D2C,0.03,m0_k2,0.0,2,dwell_only,0.016666666666666666,0.008333333333333333,2.0,0.0,0.0,1.1173184357541899,0.0,0.0,0.0,1.0,1.0,1.0,1.0,0.008333333333333333
5EF64122-B513-46AE-BCF1-E62AAC285D2C,0.03,m0_k3,0.0,3,dwell_only,0.03333333333333333,0.016666666666666666,2.0,0.0,0.0,1.1173184357541899,0.0,0.0,0.0,2.0,2.0,2.0,2.0,0.016666666666666666
5EF64122-B513-46AE-BCF1-E62AAC285D2C,0.03,m0_k5,0.0,5,dwell_only,0.044444444444444446,0.31666666666666665,3.3333333333333335,1.5,0.16666666666666666,1.86219739292365,0.0,0.0,0.16666666666666666,2.6666666666666665,5.0,2.6666666666666665,14.166666666666666,0.31666666666666665
5EF64122-B513-46AE-BCF1-E62AAC285D2C,0.05,m0.05_k10,0.05,10,hysteresis,0.09999999999999999,0.6236111111111111,1.0,0.0,1.0,0.5586592178770949,0.0,0.0,1.0,6.0,,6.0,60.0,0.6236111111111111
5EF64122-B513-46AE-BCF1-E62AAC285D2C,0.05,m0.05_k2,0.05,2,hysteresis,0.016666666666666666,0.008333333333333333,2.0,0.0,0.0,1.1173184357541899,0.0,0.0,0.0,1.0,1.0,1.0,1.0,0.008333333333333333
5EF64122-B513-46AE-BCF1-E62AAC285D2C,0.05,m0.05_k3,0.05,3,hysteresis,0.03333333333333333,0.2847222222222222,1.5,0.0,0.5,0.8379888268156424,0.0,0.0,0.5,2.0,8.333333333333334,2.0,34.166666666666664,0.2847222222222222
5EF64122-B513-46AE-BCF1-E62AAC285D2C,0.05,m0.05_k5,0.05,5,hysteresis,0.05277777777777778,0.576388888888889,1.0,0.0,1.0,0.5586592178770949,0.0,0.0,1.0,3.1666666666666665,,3.1666666666666665,60.0,0.576388888888889
5EF64122-B513-46AE-BCF1-E62AAC285D2C,0.05,m0.1_k2,0.1,2,hysteresis,0.016666666666666666,0.22083333333333333,1.6666666666666667,0.0,0.3333333333333333,0.931098696461825,0.0,0.0,0.3333333333333333,1.0,9.75,1.0,26.5,0.22083333333333333
5EF64122-B513-46AE-BCF1-E62AAC285D2C,0.05,m0_k1,0.0,1,instantaneous,0.0,0.0,2.0,0.0,0.0,1.1173184357541899,0.0,0.0,0.0,0.0,0.0,0.0,0.0,0.0
5EF64122-B513-46AE-BCF1-E62AAC285D2C,0.05,m0_k10,0.0,10,dwell_only,0.06666666666666667,0.7041666666666666,1.5,0.16666666666666666,0.6666666666666666,0.8379888268156425,0.0,0.0,0.8333333333333334,4.0,15.0,4.0,52.5,0.7041666666666666
5EF64122-B513-46AE-BCF1-E62AAC285D2C,0.05,m0_k2,0.0,2,dwell_only,0.016666666666666666,0.008333333333333333,2.0,0.0,0.0,1.1173184357541899,0.0,0.0,0.0,1.0,1.0,1.0,1.0,0.008333333333333333
5EF64122-B513-46AE-BCF1-E62AAC285D2C,0.05,m0_k3,0.0,3,dwell_only,0.03333333333333333,0.016666666666666666,2.0,0.0,0.0,1.1173184357541899,0.0,0.0,0.0,2.0,2.0,2.0,2.0,0.016666666666666666
5EF64122-B513-46AE-BCF1-E62AAC285D2C,0.05,m0_k5,0.0,5,dwell_only,0.06388888888888888,0.06944444444444443,2.6666666666666665,0.6666666666666666,0.0,1.48975791433892,0.0,0.0,0.0,3.8333333333333335,6.0,3.8333333333333335,6.0,0.06944444444444443
5EF64122-B513-46AE-BCF1-E62AAC285D2C,0.07,m0.05_k10,0.05,10,hysteresis,0.125,0.5611111111111111,1.0,0.0,1.0,0.5586592178770949,0.0,0.0,1.0,7.5,,7.5,60.0,0.5611111111111111
5EF64122-B513-46AE-BCF1-E62AAC285D2C,0.07,m0.05_k3,0.05,3,hysteresis,0.03333333333333333,0.022222222222222223,2.0,0.0,0.0,1.1173184357541899,0.0,0.0,0.0,2.0,2.6666666666666665,2.0,2.6666666666666665,0.022222222222222223
5EF64122-B513-46AE-BCF1-E62AAC285D2C,0.07,m0.05_k5,0.05,5,hysteresis,0.06666666666666667,0.3125,1.5,0.0,0.5,0.8379888268156424,0.0,0.0,0.5,4.0,15.0,4.0,37.5,0.3125
5EF64122-B513-46AE-BCF1-E62AAC285D2C,0.07,m0.1_k3,0.1,3,hysteresis,0.03333333333333333,0.49583333333333335,1.1666666666666667,0.0,0.8333333333333334,0.6517690875232774,0.0,0.0,0.8333333333333334,2.0,57.0,2.0,59.5,0.49583333333333335
5EF64122-B513-46AE-BCF1-E62AAC285D2C,0.07,m0_k1,0.0,1,instantaneous,0.0,0.0,2.0,0.0,0.0,1.1173184357541899,0.0,0.0,0.0,0.0,0.0,0.0,0.0,0.0
5EF64122-B513-46AE-BCF1-E62AAC285D2C,0.07,m0_k10,0.0,10,dwell_only,0.09999999999999999,0.4291666666666667,1.5,0.0,0.5,0.8379888268156424,0.0,0.0,0.5,6.0,13.333333333333334,6.0,36.666666666666664,0.4291666666666667
5EF64122-B513-46AE-BCF1-E62AAC285D2C,0.07,m0_k2,0.0,2,dwell_only,0.016666666666666666,0.008333333333333333,2.0,0.0,0.0,1.1173184357541899,0.0,0.0,0.0,1.0,1.0,1.0,1.0,0.008333333333333333
5EF64122-B513-46AE-BCF1-E62AAC285D2C,0.07,m0_k5,0.0,5,dwell_only,0.06666666666666667,0.03333333333333333,2.0,0.0,0.0,1.1173184357541899,0.0,0.0,0.0,4.0,4.0,4.0,4.0,0.03333333333333333
61976C24-1C50-4355-9C49-AAE44A7D09F6,0.03,m0.05_k1,0.05,1,margin_only,0.0,0.001388888888888889,2.3333333333333335,0.3333333333333333,0.0,1.303538175046555,0.3333333333333333,0.0,0.0,0.0,0.0,0.0,0.0,0.001388888888888889
61976C24-1C50-4355-9C49-AAE44A7D09F6,0.03,m0.05_k2,0.05,2,hysteresis,0.016666666666666666,0.008333333333333333,2.0,0.0,0.0,1.1173184357541899,0.0,0.0,0.0,1.0,1.0,1.0,1.0,0.008333333333333333
61976C24-1C50-4355-9C49-AAE44A7D09F6,0.03,m0.05_k3,0.05,3,hysteresis,0.030555555555555558,0.13194444444444445,2.1666666666666665,0.3333333333333333,0.16666666666666666,1.2104283054003724,0.0,0.0,0.16666666666666666,1.8333333333333333,2.6,1.8333333333333333,12.166666666666666,0.13194444444444445
61976C24-1C50-4355-9C49-AAE44A7D09F6,0.03,m0.05_k5,0.05,5,hysteresis,0.03333333333333333,0.6166666666666667,1.8333333333333333,0.3333333333333333,0.5,1.0242085661080074,0.0,0.0,0.5,2.0,34.333333333333336,2.0,47.166666666666664,0.6166666666666667
61976C24-1C50-4355-9C49-AAE44A7D09F6,0.03,m0.1_k1,0.1,1,margin_only,0.0,0.0,2.0,0.0,0.0,1.1173184357541899,0.0,0.0,0.0,0.0,0.0,0.0,0.0,0.0
61976C24-1C50-4355-9C49-AAE44A7D09F6,0.03,m0.1_k2,0.1,2,hysteresis,0.016666666666666666,0.015277777777777779,2.0,0.0,0.0,1.1173184357541899,0.0,0.0,0.0,1.0,1.8333333333333333,1.0,1.8333333333333333,0.015277777777777779
61976C24-1C50-4355-9C49-AAE44A7D09F6,0.03,m0.1_k3,0.1,3,hysteresis,0.030555555555555558,0.3263888888888889,1.8333333333333333,0.3333333333333333,0.5,1.0242085661080074,0.0,0.0,0.5,1.8333333333333333,8.666666666666666,1.8333333333333333,34.333333333333336,0.3263888888888889
61976C24-1C50-4355-9C49-AAE44A7D09F6,0.03,m0.1_k5,0.1,5,hysteresis,0.022222222222222223,0.725,1.0,0.0,1.0,0.5586592178770949,0.0,0.0,1.0,1.3333333333333333,,1.3333333333333333,60.0,0.725
61976C24-1C50-4355-9C49-AAE44A7D09F6,0.03,m0.2_k1,0.2,1,margin_only,0.0,0.08333333333333333,1.8333333333333333,0.0,0.16666666666666666,1.0242085661080074,0.0,0.0,0.16666666666666666,0.0,0.0,0.0,10.0,0.08333333333333333
61976C24-1C50-4355-9C49-AAE44A7D09F6,0.03,m0.2_k2,0.2,2,hysteresis,0.016666666666666666,0.11944444444444445,1.8333333333333333,0.0,0.16666666666666666,1.0242085661080074,0.0,0.0,0.16666666666666666,1.0,5.2,1.0,14.333333333333334,0.11944444444444445
61976C24-1C50-4355-9C49-AAE44A7D09F6,0.03,m0_k1,0.0,1,instantaneous,0.0,0.005555555555555556,3.3333333333333335,1.3333333333333333,0.0,1.86219739292365,1.3333333333333333,0.0,0.0,0.0,0.0,0.0,0.0,0.005555555555555556
61976C24-1C50-4355-9C49-AAE44A7D09F6,0.03,m0_k2,0.0,2,dwell_only,0.016666666666666666,0.01388888888888889,2.6666666666666665,0.6666666666666666,0.0,1.48975791433892,0.6666666666666666,0.0,0.0,1.0,1.0,1.0,1.0,0.01388888888888889
61976C24-1C50-4355-9C49-AAE44A7D09F6,0.03,m0_k3,0.0,3,dwell_only,0.027777777777777776,0.10833333333333334,3.3333333333333335,1.3333333333333333,0.0,1.86219739292365,0.3333333333333333,0.0,0.0,1.6666666666666667,2.6666666666666665,1.6666666666666667,2.6666666666666665,0.10833333333333334
61976C24-1C50-4355-9C49-AAE44A7D09F6,0.03,m0_k5,0.0,5,dwell_only,0.03333333333333333,0.4291666666666667,3.0,1.1666666666666667,0.16666666666666666,1.675977653631285,0.0,0.0,0.16666666666666666,2.0,11.6,2.0,19.666666666666668,0.4291666666666667
61976C24-1C50-4355-9C49-AAE44A7D09F6,0.05,m0.05_k2,0.05,2,hysteresis,0.016666666666666666,0.008333333333333333,2.0,0.0,0.0,1.1173184357541899,0.0,0.0,0.0,1.0,1.0,1.0,1.0,0.008333333333333333
61976C24-1C50-4355-9C49-AAE44A7D09F6,0.05,m0.05_k3,0.05,3,hysteresis,0.03333333333333333,0.016666666666666666,2.0,0.0,0.0,1.1173184357541899,0.0,0.0,0.0,2.0,2.0,2.0,2.0,0.016666666666666666
61976C24-1C50-4355-9C49-AAE44A7D09F6,0.05,m0.05_k5,0.05,5,hysteresis,0.05555555555555555,0.2861111111111111,2.1666666666666665,0.3333333333333333,0.16666666666666666,1.2104283054003724,0.0,0.0,0.16666666666666666,3.3333333333333335,10.2,3.3333333333333335,18.5,0.2861111111111111
61976C24-1C50-4355-9C49-AAE44A7D09F6,0.05,m0.1_k1,0.1,1,margin_only,0.0,0.0,2.0,0.0,0.0,1.1173184357541899,0.0,0.0,0.0,0.0,0.0,0.0,0.0,0.0
61976C24-1C50-4355-9C49-AAE44A7D09F6,0.05,m0.1_k3,0.1,3,hysteresis,0.03333333333333333,0.02361111111111111,2.0,0.0,0.0,1.1173184357541899,0.0,0.0,0.0,2.0,2.8333333333333335,2.0,2.8333333333333335,0.02361111111111111
61976C24-1C50-4355-9C49-AAE44A7D09F6,0.05,m0.1_k5,0.1,5,hysteresis,0.044444444444444446,0.5638888888888889,1.3333333333333333,0.0,0.6666666666666666,0.74487895716946,0.0,0.0,0.6666666666666666,2.6666666666666665,32.5,2.6666666666666665,50.833333333333336,0.5638888888888889
61976C24-1C50-4355-9C49-AAE44A7D09F6,0.05,m0.2_k3,0.2,3,hysteresis,0.03333333333333333,0.3458333333333334,1.3333333333333333,0.0,0.6666666666666666,0.74487895716946,0.0,0.0,0.6666666666666666,2.0,4.5,2.0,41.5,0.3458333333333334
61976C24-1C50-4355-9C49-AAE44A7D09F6,0.05,m0_k1,0.0,1,instantaneous,0.0,0.002777777777777778,2.6666666666666665,0.6666666666666666,0.0,1.48975791433892,0.6666666666666666,0.0,0.0,0.0,0.0,0.0,0.0,0.002777777777777778
61976C24-1C50-4355-9C49-AAE44A7D09F6,0.05,m0_k2,0.0,2,dwell_only,0.016666666666666666,0.008333333333333333,2.0,0.0,0.0,1.1173184357541899,0.0,0.0,0.0,1.0,1.0,1.0,1.0,0.008333333333333333
61976C24-1C50-4355-9C49-AAE44A7D09F6,0.05,m0_k3,0.0,3,dwell_only,0.03333333333333333,0.016666666666666666,2.0,0.0,0.0,1.1173184357541899,0.0,0.0,0.0,2.0,2.0,2.0,2.0,0.016666666666666666
61976C24-1C50-4355-9C49-AAE44A7D09F6,0.05,m0_k5,0.0,5,dwell_only,0.044444444444444446,0.3680555555555556,3.1666666666666665,1.3333333333333333,0.16666666666666666,1.7690875232774674,0.0,0.0,0.16666666666666666,2.6666666666666665,9.6,2.6666666666666665,18.0,0.3680555555555556
61976C24-1C50-4355-9C49-AAE44A7D09F6,0.07,m0.05_k1,0.05,1,margin_only,0.0,0.0,2.0,0.0,0.0,1.1173184357541899,0.0,0.0,0.0,0.0,0.0,0.0,0.0,0.0
61976C24-1C50-4355-9C49-AAE44A7D09F6,0.07,m0.05_k3,0.05,3,hysteresis,0.03333333333333333,0.016666666666666666,2.0,0.0,0.0,1.1173184357541899,0.0,0.0,0.0,2.0,2.0,2.0,2.0,0.016666666666666666
61976C24-1C50-4355-9C49-AAE44A7D09F6,0.07,m0.05_k5,0.05,5,hysteresis,0.06666666666666667,0.12361111111111112,1.8333333333333333,0.0,0.16666666666666666,1.0242085661080074,0.0,0.0,0.16666666666666666,4.0,5.8,4.0,14.833333333333334,0.12361111111111112
61976C24-1C50-4355-9C49-AAE44A7D09F6,0.07,m0.1_k1,0.1,1,margin_only,0.0,0.0,2.0,0.0,0.0,1.1173184357541899,0.0,0.0,0.0,0.0,0.0,0.0,0.0,0.0
61976C24-1C50-4355-9C49-AAE44A7D09F6,0.07,m0.1_k3,0.1,3,hysteresis,0.03333333333333333,0.02361111111111111,2.0,0.0,0.0,1.1173184357541899,0.0,0.0,0.0,2.0,2.8333333333333335,2.0,2.8333333333333335,0.02361111111111111
61976C24-1C50-4355-9C49-AAE44A7D09F6,0.07,m0.1_k5,0.1,5,hysteresis,0.06666666666666667,0.17916666666666667,1.8333333333333333,0.0,0.16666666666666666,1.0242085661080074,0.0,0.0,0.16666666666666666,4.0,13.8,4.0,21.5,0.17916666666666667
61976C24-1C50-4355-9C49-AAE44A7D09F6,0.07,m0.2_k2,0.2,2,hysteresis,0.016666666666666666,0.09583333333333333,1.8333333333333333,0.0,0.16666666666666666,1.0242085661080074,0.0,0.0,0.16666666666666666,1.0,1.8,1.0,11.5,0.09583333333333333
61976C24-1C50-4355-9C49-AAE44A7D09F6,0.07,m0.2_k3,0.2,3,hysteresis,0.03333333333333333,0.28611111111111115,1.5,0.0,0.5,0.8379888268156424,0.0,0.0,0.5,2.0,8.666666666666666,2.0,34.333333333333336,0.28611111111111115
61976C24-1C50-4355-9C49-AAE44A7D09F6,0.07,m0_k1,0.0,1,instantaneous,0.0,0.001388888888888889,2.3333333333333335,0.3333333333333333,0.0,1.303538175046555,0.3333333333333333,0.0,0.0,0.0,0.0,0.0,0.0,0.001388888888888889
61976C24-1C50-4355-9C49-AAE44A7D09F6,0.07,m0_k10,0.0,10,dwell_only,0.0861111111111111,0.4166666666666667,1.8333333333333333,0.0,0.16666666666666666,1.0242085661080074,0.0,0.0,0.16666666666666666,5.166666666666667,27.6,5.166666666666667,33.0,0.4166666666666667
61976C24-1C50-4355-9C49-AAE44A7D09F6,0.07,m0_k2,0.0,2,dwell_only,0.016666666666666666,0.008333333333333333,2.0,0.0,0.0,1.1173184357541899,0.0,0.0,0.0,1.0,1.0,1.0,1.0,0.008333333333333333
61976C24-1C50-4355-9C49-AAE44A7D09F6,0.07,m0_k5,0.0,5,dwell_only,0.06666666666666667,0.03888888888888889,2.0,0.0,0.0,1.1173184357541899,0.0,0.0,0.0,4.0,4.666666666666667,4.0,4.666666666666667,0.03888888888888889
78A91A4E-4A51-4065-BDA7-94755F0BB3BB,0.03,m0.05_k2,0.05,2,hysteresis,0.016666666666666666,0.029166666666666664,2.3333333333333335,0.3333333333333333,0.0,1.303538175046555,0.0,0.0,0.0,1.0,2.5,1.0,2.5,0.029166666666666664
78A91A4E-4A51-4065-BDA7-94755F0BB3BB,0.03,m0.05_k3,0.05,3,hysteresis,0.03333333333333333,0.07916666666666666,2.6666666666666665,0.6666666666666666,0.0,1.48975791433892,0.0,0.0,0.0,2.0,7.833333333333333,2.0,7.833333333333333,0.07916666666666666
78A91A4E-4A51-4065-BDA7-94755F0BB3BB,0.03,m0.05_k5,0.05,5,hysteresis,0.044444444444444446,0.1986111111111111,2.1666666666666665,0.3333333333333333,0.16666666666666666,1.2104283054003724,0.0,0.0,0.16666666666666666,2.6666666666666665,12.6,2.6666666666666665,20.5,0.1986111111111111
78A91A4E-4A51-4065-BDA7-94755F0BB3BB,0.03,m0.1_k1,0.1,1,margin_only,0.0,0.001388888888888889,2.0,0.0,0.0,1.1173184357541899,0.0,0.0,0.0,0.0,0.16666666666666666,0.0,0.16666666666666666,0.001388888888888889
78A91A4E-4A51-4065-BDA7-94755F0BB3BB,0.03,m0.1_k2,0.1,2,hysteresis,0.016666666666666666,0.041666666666666664,2.0,0.0,0.0,1.1173184357541899,0.0,0.0,0.0,1.0,5.0,1.0,5.0,0.041666666666666664
78A91A4E-4A51-4065-BDA7-94755F0BB3BB,0.03,m0.1_k3,0.1,3,hysteresis,0.027777777777777776,0.16666666666666666,2.1666666666666665,0.16666666666666666,0.0,1.2104283054003724,0.0,0.0,0.16666666666666666,1.6666666666666667,9.4,1.6666666666666667,17.833333333333332,0.16666666666666666
78A91A4E-4A51-4065-BDA7-94755F0BB3BB,0.03,m0.1_k5,0.1,5,hysteresis,0.044444444444444446,0.33749999999999997,2.0,0.16666666666666666,0.16666666666666666,1.1173184357541899,0.0,0.0,0.3333333333333333,2.6666666666666665,25.75,2.6666666666666665,37.166666666666664,0.33749999999999997
78A91A4E-4A51-4065-BDA7-94755F0BB3BB,0.03,m0.2_k1,0.2,1,margin_only,0.0,0.049999999999999996,2.0,0.0,0.0,1.1173184357541899,0.0,0.0,0.0,0.0,6.0,0.0,6.0,0.049999999999999996
78A91A4E-4A51-4065-BDA7-94755F0BB3BB,0.03,m0.2_k2,0.2,2,hysteresis,0.016666666666666666,0.1416666666666667,1.8333333333333333,0.0,0.16666666666666666,1.0242085661080074,0.0,0.0,0.16666666666666666,1.0,8.4,1.0,17.0,0.1416666666666667
78A91A4E-4A51-4065-BDA7-94755F0BB3BB,0.03,m0_k1,0.0,1,instantaneous,0.0,0.027777777777777776,4.833333333333333,2.8333333333333335,0.0,2.700186219739292,2.5,0.0,0.0,0.0,0.0,0.0,0.0,0.027777777777777776
78A91A4E-4A51-4065-BDA7-94755F0BB3BB,0.03,m0_k2,0.0,2,dwell_only,0.016666666666666666,0.030555555555555555,3.6666666666666665,1.6666666666666667,0.0,2.0484171322160147,1.0,0.0,0.0,1.0,1.0,1.0,1.0,0.030555555555555555
78A91A4E-4A51-4065-BDA7-94755F0BB3BB,0.03,m0_k3,0.0,3,dwell_only,0.027777777777777776,0.06388888888888888,3.3333333333333335,1.3333333333333333,0.0,1.86219739292365,0.0,0.0,0.0,1.6666666666666667,4.666666666666667,1.6666666666666667,4.666666666666667,0.06388888888888888
78A91A4E-4A51-4065-BDA7-94755F0BB3BB,0.03,m0_k5,0.0,5,dwell_only,0.044444444444444446,0.30833333333333335,3.1666666666666665,1.1666666666666667,0.0,1.7690875232774674,0.0,0.0,0.16666666666666666,2.6666666666666665,11.2,2.6666666666666665,19.333333333333332,0.30833333333333335
78A91A4E-4A51-4065-BDA7-94755F0BB3BB,0.05,m0.05_k1,0.05,1,margin_only,0.0,0.009722222222222222,2.6666666666666665,0.6666666666666666,0.0,1.48975791433892,0.3333333333333333,0.0,0.0,0.0,0.0,0.0,0.0,0.009722222222222222
78A91A4E-4A51-4065-BDA7-94755F0BB3BB,0.05,m0.05_k10,0.05,10,hysteresis,0.049999999999999996,0.7152777777777778,1.0,0.0,1.0,0.5586592178770949,0.0,0.0,1.0,3.0,,3.0,60.0,0.7152777777777778
78A91A4E-4A51-4065-BDA7-94755F0BB3BB,0.05,m0.05_k2,0.05,2,hysteresis,0.016666666666666666,0.016666666666666666,2.3333333333333335,0.3333333333333333,0.0,1.303538175046555,0.0,0.0,0.0,1.0,1.0,1.0,1.0,0.016666666666666666
78A91A4E-4A51-4065-BDA7-94755F0BB3BB,0.05,m0.05_k3,0.05,3,hysteresis,0.03333333333333333,0.024999999999999998,2.3333333333333335,0.3333333333333333,0.0,1.303538175046555,0.0,0.0,0.0,2.0,2.0,2.0,2.0,0.024999999999999998
78A91A4E-4A51-4065-BDA7-94755F0BB3BB,0.05,m0.05_k5,0.05,5,hysteresis,0.05555555555555555,0.09027777777777778,2.0,0.0,0.0,1.1173184357541899,0.0,0.0,0.0,3.3333333333333335,9.833333333333334,3.3333333333333335,9.833333333333334,0.09027777777777778
78A91A4E-4A51-4065-BDA7-94755F0BB3BB,0.05,m0.1_k1,0.1,1,margin_only,0.0,0.0,2.0,0.0,0.0,1.1173184357541899,0.0,0.0,0.0,0.0,0.0,0.0,0.0,0.0
78A91A4E-4A51-4065-BDA7-94755F0BB3BB,0.05,m0.1_k2,0.1,2,hysteresis,0.016666666666666666,0.020833333333333332,2.0,0.0,0.0,1.1173184357541899,0.0,0.0,0.0,1.0,2.5,1.0,2.5,0.020833333333333332
78A91A4E-4A51-4065-BDA7-94755F0BB3BB,0.05,m0.1_k3,0.1,3,hysteresis,0.03333333333333333,0.06527777777777778,2.0,0.0,0.0,1.1173184357541899,0.0,0.0,0.0,2.0,7.833333333333333,2.0,7.833333333333333,0.06527777777777778
78A91A4E-4A51-4065-BDA7-94755F0BB3BB,0.05,m0.1_k5,0.1,5,hysteresis,0.05555555555555555,0.17916666666666667,1.8333333333333333,0.0,0.16666666666666666,1.0242085661080074,0.0,0.0,0.16666666666666666,3.3333333333333335,12.6,3.3333333333333335,20.5,0.17916666666666667
78A91A4E-4A51-4065-BDA7-94755F0BB3BB,0.05,m0.2_k2,0.2,2,hysteresis,0.016666666666666666,0.1416666666666667,1.8333333333333333,0.0,0.16666666666666666,1.0242085661080074,0.0,0.0,0.16666666666666666,1.0,8.4,1.0,17.0,0.1416666666666667
78A91A4E-4A51-4065-BDA7-94755F0BB3BB,0.05,m0.2_k3,0.2,3,hysteresis,0.03333333333333333,0.1597222222222222,1.8333333333333333,0.0,0.16666666666666666,1.0242085661080074,0.0,0.0,0.16666666666666666,2.0,11.0,2.0,19.166666666666668,0.1597222222222222
78A91A4E-4A51-4065-BDA7-94755F0BB3BB,0.05,m0_k1,0.0,1,instantaneous,0.0,0.018055555555555557,3.8333333333333335,1.8333333333333333,0.0,2.1415270018621975,1.5,0.0,0.0,0.0,0.0,0.0,0.0,0.018055555555555557
78A91A4E-4A51-4065-BDA7-94755F0BB3BB,0.05,m0_k10,0.0,10,dwell_only,0.075,0.5055555555555555,2.1666666666666665,0.3333333333333333,0.16666666666666666,1.2104283054003724,0.0,0.0,0.16666666666666666,4.5,34.8,4.5,39.0,0.5055555555555555
78A91A4E-4A51-4065-BDA7-94755F0BB3BB,0.05,m0_k2,0.0,2,dwell_only,0.016666666666666666,0.027777777777777776,3.3333333333333335,1.3333333333333333,0.0,1.86219739292365,0.6666666666666666,0.0,0.0,1.0,1.0,1.0,1.0,0.027777777777777776
78A91A4E-4A51-4065-BDA7-94755F0BB3BB,0.05,m0_k3,0.0,3,dwell_only,0.03333333333333333,0.030555555555555555,2.6666666666666665,0.6666666666666666,0.0,1.48975791433892,0.0,0.0,0.0,2.0,2.0,2.0,2.0,0.030555555555555555
78A91A4E-4A51-4065-BDA7-94755F0BB3BB,0.05,m0_k5,0.0,5,dwell_only,0.049999999999999996,0.09999999999999999,2.3333333333333335,0.3333333333333333,0.0,1.303538175046555,0.0,0.0,0.0,3.0,9.833333333333334,3.0,9.833333333333334,0.09999999999999999
78A91A4E-4A51-4065-BDA7-94755F0BB3BB,0.07,m0.05_k1,0.05,1,margin_only,0.0,0.001388888888888889,2.3333333333333335,0.3333333333333333,0.0,1.303538175046555,0.3333333333333333,0.0,0.0,0.0,0.0,0.0,0.0,0.001388888888888889
78A91A4E-4A51-4065-BDA7-94755F0BB3BB,0.07,m0.05_k10,0.05,10,hysteresis,0.13055555555555556,0.3986111111111111,1.5,0.0,0.5,0.8379888268156425,0.0,0.0,0.5,7.833333333333333,35.666666666666664,7.833333333333333,47.833333333333336,0.3986111111111111
78A91A4E-4A51-4065-BDA7-94755F0BB3BB,0.07,m0.05_k2,0.05,2,hysteresis,0.016666666666666666,0.015277777777777779,2.3333333333333335,0.3333333333333333,0.0,1.303538175046555,0.0,0.0,0.0,1.0,1.0,1.0,1.0,0.015277777777777779
78A91A4E-4A51-4065-BDA7-94755F0BB3BB,0.07,m0.05_k3,0.05,3,hysteresis,0.03333333333333333,0.024999999999999998,2.3333333333333335,0.3333333333333333,0.0,1.303538175046555,0.0,0.0,0.0,2.0,2.0,2.0,2.0,0.024999999999999998
78A91A4E-4A51-4065-BDA7-94755F0BB3BB,0.07,m0.05_k5,0.05,5,hysteresis,0.05555555555555555,0.09027777777777778,2.0,0.0,0.0,1.1173184357541899,0.0,0.0,0.0,3.3333333333333335,9.833333333333334,3.3333333333333335,9.833333333333334,0.09027777777777778
78A91A4E-4A51-4065-BDA7-94755F0BB3BB,0.07,m0.1_k2,0.1,2,hysteresis,0.016666666666666666,0.020833333333333332,2.0,0.0,0.0,1.1173184357541899,0.0,0.0,0.0,1.0,2.5,1.0,2.5,0.020833333333333332
78A91A4E-4A51-4065-BDA7-94755F0BB3BB,0.07,m0.2_k2,0.2,2,hysteresis,0.016666666666666666,0.05694444444444444,2.0,0.0,0.0,1.1173184357541899,0.0,0.0,0.0,1.0,6.833333333333333,1.0,6.833333333333333,0.05694444444444444
78A91A4E-4A51-4065-BDA7-94755F0BB3BB,0.07,m0_k1,0.0,1,instantaneous,0.0,0.005555555555555556,2.6666666666666665,0.6666666666666666,0.0,1.48975791433892,0.6666666666666666,0.0,0.0,0.0,0.0,0.0,0.0,0.005555555555555556
78A91A4E-4A51-4065-BDA7-94755F0BB3BB,0.07,m0_k10,0.0,10,dwell_only,0.09999999999999999,0.3347222222222222,1.8333333333333333,0.0,0.16666666666666666,1.0242085661080074,0.0,0.0,0.16666666666666666,6.0,23.6,6.0,29.666666666666668,0.3347222222222222
78A91A4E-4A51-4065-BDA7-94755F0BB3BB,0.07,m0_k2,0.0,2,dwell_only,0.016666666666666666,0.022222222222222223,3.0,1.0,0.0,1.675977653631285,0.6666666666666666,0.0,0.0,1.0,1.0,1.0,1.0,0.022222222222222223
78A91A4E-4A51-4065-BDA7-94755F0BB3BB,0.07,m0_k3,0.0,3,dwell_only,0.03333333333333333,0.030555555555555555,2.6666666666666665,0.6666666666666666,0.0,1.48975791433892,0.0,0.0,0.0,2.0,2.0,2.0,2.0,0.030555555555555555
78A91A4E-4A51-4065-BDA7-94755F0BB3BB,0.07,m0_k5,0.0,5,dwell_only,0.05555555555555555,0.05972222222222221,2.0,0.0,0.0,1.1173184357541899,0.0,0.0,0.0,3.3333333333333335,6.166666666666667,3.3333333333333335,6.166666666666667,0.05972222222222221
7CE37510-56D0-4120-A1CF-0E23351428D2,0.03,m0.05_k1,0.05,1,margin_only,0.1,0.45666666666666667,4.4,2.4,0.0,2.4581005586592175,2.0,0.0,0.0,0.0,8.4,0.0,8.4,0.45666666666666667
7CE37510-56D0-4120-A1CF-0E23351428D2,0.03,m0.05_k10,0.05,10,hysteresis,0.03,0.8150000000000001,1.0,0.0,1.0,0.5586592178770949,0.0,0.0,1.0,1.8,,1.8,60.0,0.8150000000000001
7CE37510-56D0-4120-A1CF-0E23351428D2,0.03,m0.05_k2,0.05,2,hysteresis,0.10666666666666669,0.385,2.8,0.8,0.0,1.564245810055866,0.0,0.0,0.2,0.4,7.25,0.4,17.8,0.385
7CE37510-56D0-4120-A1CF-0E23351428D2,0.03,m0.05_k3,0.05,3,hysteresis,0.11333333333333333,0.36333333333333334,2.8,0.8,0.0,1.564245810055866,0.0,0.0,0.0,0.8,5.6,0.8,5.6,0.36333333333333334
7CE37510-56D0-4120-A1CF-0E23351428D2,0.03,m0.05_k5,0.05,5,hysteresis,0.12333333333333334,0.25166666666666665,2.2,0.2,0.0,1.2290502793296088,0.0,0.0,0.0,1.6,7.2,1.6,7.2,0.25166666666666665
7CE37510-56D0-4120-A1CF-0E23351428D2,0.03,m0.1_k1,0.1,1,margin_only,0.0,0.4716666666666667,2.2,0.4,0.2,1.2290502793296088,0.0,0.0,0.2,0.0,9.25,0.0,19.4,0.4716666666666667
7CE37510-56D0-4120-A1CF-0E23351428D2,0.03,m0.1_k10,0.1,10,hysteresis,0.06,0.6799999999999999,1.0,0.0,1.0,0.5586592178770949,0.0,0.0,1.0,3.6,,3.6,60.0,0.6799999999999999
7CE37510-56D0-4120-A1CF-0E23351428D2,0.03,m0.1_k2,0.1,2,hysteresis,0.006666666666666666,0.38166666666666665,2.4,0.6,0.2,1.3407821229050279,0.0,0.0,0.2,0.4,11.0,0.4,20.8,0.38166666666666665
7CE37510-56D0-4120-A1CF-0E23351428D2,0.03,m0.1_k5,0.1,5,hysteresis,0.04,0.39,1.8,0.0,0.2,1.005586592178771,0.0,0.0,0.4,2.4,17.0,2.4,34.2,0.39
7CE37510-56D0-4120-A1CF-0E23351428D2,0.03,m0.2_k1,0.2,1,margin_only,0.0,0.38666666666666666,2.0,0.4,0.4,1.1173184357541899,0.0,0.0,0.2,0.0,11.0,0.0,20.8,0.38666666666666666
7CE37510-56D0-4120-A1CF-0E23351428D2,0.03,m0.2_k2,0.2,2,hysteresis,0.039999999999999994,0.2916666666666667,1.8,0.0,0.2,1.005586592178771,0.0,0.0,0.2,2.4,12.0,2.4,21.6,0.2916666666666667
7CE37510-56D0-4120-A1CF-0E23351428D2,0.03,m0_k1,0.0,1,instantaneous,0.06999999999999999,0.45499999999999996,14.6,12.6,0.0,8.156424581005586,12.6,0.0,0.2,0.0,5.0,0.0,16.0,0.45499999999999996
7CE37510-56D0-4120-A1CF-0E23351428D2,0.03,m0_k10,0.0,10,dwell_only,0.0,0.8683333333333334,1.0,0.0,1.0,0.5586592178770949,0.0,0.0,1.0,0.0,,0.0,60.0,0.8683333333333334
7CE37510-56D0-4120-A1CF-0E23351428D2,0.03,m0_k2,0.0,2,dwell_only,0.08333333333333334,0.42000000000000004,6.0,4.0,0.0,3.35195530726257,2.6,0.0,0.0,0.2,10.4,0.2,10.4,0.42000000000000004
7CE37510-56D0-4120-A1CF-0E23351428D2,0.03,m0_k3,0.0,3,dwell_only,0.08333333333333334,0.4083333333333333,4.4,2.4,0.0,2.458100558659218,0.4,0.0,0.0,0.4,9.2,0.4,9.2,0.4083333333333333
7CE37510-56D0-4120-A1CF-0E23351428D2,0.03,m0_k5,0.0,5,dwell_only,0.056666666666666664,0.45166666666666666,2.8,0.8,0.0,1.564245810055866,0.0,0.0,0.2,0.8,9.0,0.8,19.2,0.45166666666666666
7CE37510-56D0-4120-A1CF-0E23351428D2,0.05,m0.05_k1,0.05,1,margin_only,0.11000000000000001,0.31166666666666665,6.6,4.6,0.0,3.6871508379888267,3.4,0.0,0.0,0.0,5.2,0.0,5.2,0.31166666666666665
7CE37510-56D0-4120-A1CF-0E23351428D2,0.05,m0.05_k2,0.05,2,hysteresis,0.11333333333333336,0.33666666666666667,3.2,1.2,0.0,1.7877094972067038,0.0,0.0,0.0,0.4,4.8,0.4,4.8,0.33666666666666667
7CE37510-56D0-4120-A1CF-0E23351428D2,0.05,m0.1_k1,0.1,1,margin_only,0.11000000000000001,0.2833333333333333,3.8,1.8,0.0,2.122905027932961,0.8,0.0,0.0,0.0,6.2,0.0,6.2,0.2833333333333333
7CE37510-56D0-4120-A1CF-0E23351428D2,0.05,m0.1_k2,0.1,2,hysteresis,0.12000000000000002,0.23000000000000004,2.6,0.6,0.0,1.452513966480447,0.0,0.0,0.0,0.8,4.8,0.8,4.8,0.23000000000000004
7CE37510-56D0-4120-A1CF-0E23351428D2,0.05,m0.2_k1,0.2,1,margin_only,0.09666666666666666,0.29333333333333333,2.6,0.6,0.0,1.452513966480447,0.0,0.0,0.0,0.6,5.6,0.6,5.6,0.29333333333333333
7CE37510-56D0-4120-A1CF-0E23351428D2,0.05,m0_k1,0.0,1,instantaneous,0.11333333333333333,0.30333333333333334,18.0,16.0,0.0,10.05586592178771,16.8,0.0,0.0,0.0,4.8,0.0,4.8,0.30333333333333334
7CE37510-56D0-4120-A1CF-0E23351428D2,0.05,m0_k10,0.0,10,dwell_only,0.14,0.27166666666666667,2.0,0.0,0.0,1.1173184357541899,0.0,0.0,0.0,3.6,11.0,3.6,11.0,0.27166666666666667
7CE37510-56D0-4120-A1CF-0E23351428D2,0.05,m0_k2,0.0,2,dwell_only,0.11333333333333336,0.33333333333333337,5.2,3.2,0.0,2.905027932960894,1.6,0.0,0.0,0.4,6.0,0.4,6.0,0.33333333333333337
7CE37510-56D0-4120-A1CF-0E23351428D2,0.05,m0_k3,0.0,3,dwell_only,0.11666666666666667,0.35333333333333333,3.6,1.6,0.0,2.011173184357542,0.4,0.0,0.0,0.8,9.2,0.8,9.2,0.35333333333333333
7CE37510-56D0-4120-A1CF-0E23351428D2,0.05,m0_k5,0.0,5,dwell_only,0.12333333333333334,0.2783333333333334,2.8,0.8,0.0,1.564245810055866,0.0,0.0,0.0,1.6,7.0,1.6,7.0,0.2783333333333334
7CE37510-56D0-4120-A1CF-0E23351428D2,0.07,m0.05_k1,0.05,1,margin_only,0.13,0.195,12.0,10.0,0.0,6.70391061452514,9.4,0.0,0.0,0.0,3.6,0.0,3.6,0.195
7CE37510-56D0-4120-A1CF-0E23351428D2,0.07,m0.05_k2,0.05,2,hysteresis,0.13,0.16666666666666666,4.0,2.0,0.0,2.2346368715083798,1.6,0.0,0.0,0.8,4.4,0.8,4.4,0.16666666666666666
7CE37510-56D0-4120-A1CF-0E23351428D2,0.07,m0.05_k3,0.05,3,hysteresis,0.11666666666666667,0.16666666666666669,2.4,0.4,0.0,1.3407821229050279,0.4,0.0,0.0,0.8,5.4,0.8,5.4,0.16666666666666669
7CE37510-56D0-4120-A1CF-0E23351428D2,0.07,m0.05_k5,0.05,5,hysteresis,0.13666666666666666,0.16166666666666668,2.0,0.0,0.0,1.1173184357541899,0.0,0.0,0.0,2.4,7.0,2.4,7.0,0.16166666666666668
7CE37510-56D0-4120-A1CF-0E23351428D2,0.07,m0.1_k1,0.1,1,margin_only,0.12000000000000002,0.1716666666666667,7.4,5.4,0.0,4.134078212290502,5.0,0.0,0.0,0.0,2.8,0.0,2.8,0.1716666666666667
7CE37510-56D0-4120-A1CF-0E23351428D2,0.07,m0.1_k2,0.1,2,hysteresis,0.14666666666666667,0.14833333333333334,3.2,1.2,0.0,1.7877094972067038,0.8,0.0,0.0,2.4,4.6,2.4,4.6,0.14833333333333334
7CE37510-56D0-4120-A1CF-0E23351428D2,0.07,m0.1_k3,0.1,3,hysteresis,0.16666666666666669,0.16166666666666668,2.0,0.0,0.0,1.1173184357541899,0.0,0.0,0.0,3.8,5.4,3.8,5.4,0.16166666666666668
7CE37510-56D0-4120-A1CF-0E23351428D2,0.07,m0.1_k5,0.1,5,hysteresis,0.13333333333333333,0.16999999999999998,2.0,0.0,0.0,1.1173184357541899,0.0,0.0,0.0,2.4,8.0,2.4,8.0,0.16999999999999998
7CE37510-56D0-4120-A1CF-0E23351428D2,0.07,m0.2_k1,0.2,1,margin_only,0.11333333333333336,0.21000000000000002,3.2,1.2,0.0,1.7877094972067038,0.4,0.0,0.0,0.6,5.0,0.6,5.0,0.21000000000000002
7CE37510-56D0-4120-A1CF-0E23351428D2,0.07,m0.2_k3,0.2,3,hysteresis,0.06999999999999999,0.24833333333333335,1.8,0.0,0.2,1.005586592178771,0.0,0.0,0.2,4.2,14.75,4.2,23.8,0.24833333333333335
7CE37510-56D0-4120-A1CF-0E23351428D2,0.07,m0_k1,0.0,1,instantaneous,0.14666666666666667,0.19166666666666665,16.0,14.0,0.0,8.938547486033519,14.0,0.0,0.0,0.0,4.6,0.0,4.6,0.19166666666666665
7CE37510-56D0-4120-A1CF-0E23351428D2,0.07,m0_k2,0.0,2,dwell_only,0.13333333333333336,0.2066666666666667,5.8,3.8,0.0,3.2402234636871503,2.2,0.0,0.0,0.4,4.4,0.4,4.4,0.2066666666666667
7CE37510-56D0-4120-A1CF-0E23351428D2,0.07,m0_k3,0.0,3,dwell_only,0.11666666666666667,0.2733333333333333,3.6,1.6,0.0,2.011173184357542,0.8,0.0,0.0,0.8,5.4,0.8,5.4,0.2733333333333333
7CE37510-56D0-4120-A1CF-0E23351428D2,0.07,m0_k5,0.0,5,dwell_only,0.12333333333333334,0.2566666666666667,2.2,0.2,0.0,1.2290502793296088,0.0,0.0,0.0,1.6,7.0,1.6,7.0,0.2566666666666667
7D9BB102-A612-4E2A-8E22-3159752F55D8,0.03,m0_k1,0.0,1,instantaneous,0.0,0.0,2.0,0.0,0.0,1.1173184357541899,0.0,0.0,0.0,0.0,0.0,0.0,0.0,0.0
7D9BB102-A612-4E2A-8E22-3159752F55D8,0.03,m0_k10,0.0,10,dwell_only,0.125,0.5194444444444445,1.0,0.0,1.0,0.5586592178770949,0.0,0.0,1.0,7.5,,7.5,60.0,0.5194444444444445
7D9BB102-A612-4E2A-8E22-3159752F55D8,0.03,m0_k2,0.0,2,dwell_only,0.016666666666666666,0.008333333333333333,2.0,0.0,0.0,1.1173184357541899,0.0,0.0,0.0,1.0,1.0,1.0,1.0,0.008333333333333333
7D9BB102-A612-4E2A-8E22-3159752F55D8,0.03,m0_k3,0.0,3,dwell_only,0.027777777777777776,0.5111111111111111,4.666666666666667,2.6666666666666665,0.0,2.60707635009311,2.3333333333333335,0.0,0.0,1.6666666666666667,26.166666666666668,1.6666666666666667,26.166666666666668,0.5111111111111111
7D9BB102-A612-4E2A-8E22-3159752F55D8,0.05,m0.05_k1,0.05,1,margin_only,0.0,0.0,2.0,0.0,0.0,1.1173184357541899,0.0,0.0,0.0,0.0,0.0,0.0,0.0,0.0
7D9BB102-A612-4E2A-8E22-3159752F55D8,0.05,m0.1_k1,0.1,1,margin_only,0.0,0.25416666666666665,1.6666666666666667,0.0,0.3333333333333333,0.931098696461825,0.0,0.0,0.3333333333333333,0.0,15.75,0.0,30.5,0.25416666666666665
7D9BB102-A612-4E2A-8E22-3159752F55D8,0.05,m0_k1,0.0,1,instantaneous,0.0,0.0,2.0,0.0,0.0,1.1173184357541899,0.0,0.0,0.0,0.0,0.0,0.0,0.0,0.0
7D9BB102-A612-4E2A-8E22-3159752F55D8,0.05,m0_k2,0.0,2,dwell_only,0.016666666666666666,0.008333333333333333,2.0,0.0,0.0,1.1173184357541899,0.0,0.0,0.0,1.0,1.0,1.0,1.0,0.008333333333333333
7D9BB102-A612-4E2A-8E22-3159752F55D8,0.05,m0_k3,0.0,3,dwell_only,0.03333333333333333,0.016666666666666666,2.0,0.0,0.0,1.1173184357541899,0.0,0.0,0.0,2.0,2.0,2.0,2.0,0.016666666666666666
7D9BB102-A612-4E2A-8E22-3159752F55D8,0.05,m0_k5,0.0,5,dwell_only,0.05555555555555555,0.5388888888888889,2.3333333333333335,0.6666666666666666,0.3333333333333333,1.303538175046555,0.0,0.0,0.8333333333333334,3.3333333333333335,8.0,3.3333333333333335,51.333333333333336,0.5388888888888889
7D9BB102-A612-4E2A-8E22-3159752F55D8,0.07,m0.05_k1,0.05,1,margin_only,0.0,0.0,2.0,0.0,0.0,1.1173184357541899,0.0,0.0,0.0,0.0,0.0,0.0,0.0,0.0
7D9BB102-A612-4E2A-8E22-3159752F55D8,0.07,m0.05_k2,0.05,2,hysteresis,0.016666666666666666,0.008333333333333333,2.0,0.0,0.0,1.1173184357541899,0.0,0.0,0.0,1.0,1.0,1.0,1.0,0.008333333333333333
7D9BB102-A612-4E2A-8E22-3159752F55D8,0.07,m0_k1,0.0,1,instantaneous,0.0,0.0,2.0,0.0,0.0,1.1173184357541899,0.0,0.0,0.0,0.0,0.0,0.0,0.0,0.0
7D9BB102-A612-4E2A-8E22-3159752F55D8,0.07,m0_k2,0.0,2,dwell_only,0.016666666666666666,0.008333333333333333,2.0,0.0,0.0,1.1173184357541899,0.0,0.0,0.0,1.0,1.0,1.0,1.0,0.008333333333333333
7D9BB102-A612-4E2A-8E22-3159752F55D8,0.07,m0_k5,0.0,5,dwell_only,0.06666666666666667,0.03333333333333333,2.0,0.0,0.0,1.1173184357541899,0.0,0.0,0.0,4.0,4.0,4.0,4.0,0.03333333333333333
8023FE1A-D3B0-4E2C-A57A-9321B7FC755F,0.03,m0.05_k1,0.05,1,margin_only,0.0,0.004166666666666667,3.0,1.0,0.0,1.6759776536312847,1.0,0.0,0.0,0.0,0.0,0.0,0.0,0.004166666666666667
8023FE1A-D3B0-4E2C-A57A-9321B7FC755F,0.03,m0.05_k10,0.05,10,hysteresis,0.0,0.8444444444444444,1.0,0.0,1.0,0.5586592178770949,0.0,0.0,1.0,0.0,,0.0,60.0,0.8444444444444444
8023FE1A-D3B0-4E2C-A57A-9321B7FC755F,0.03,m0.05_k2,0.05,2,hysteresis,0.016666666666666666,0.015277777777777779,2.0,0.0,0.0,1.1173184357541899,0.0,0.0,0.0,1.0,1.8333333333333333,1.0,1.8333333333333333,0.015277777777777779
8023FE1A-D3B0-4E2C-A57A-9321B7FC755F,0.03,m0.05_k3,0.05,3,hysteresis,0.016666666666666666,0.5347222222222222,1.6666666666666667,0.16666666666666666,0.5,0.931098696461825,0.0,0.0,0.5,1.0,29.666666666666668,1.0,44.833333333333336,0.5347222222222222
8023FE1A-D3B0-4E2C-A57A-9321B7FC755F,0.03,m0.05_k5,0.05,5,hysteresis,0.0,0.8763888888888888,1.1666666666666667,0.0,0.8333333333333334,0.6517690875232774,0.0,0.0,0.8333333333333334,0.0,55.0,0.0,59.166666666666664,0.8763888888888888
8023FE1A-D3B0-4E2C-A57A-9321B7FC755F,0.03,m0.1_k1,0.1,1,margin_only,0.0,0.10972222222222222,2.6666666666666665,0.6666666666666666,0.0,1.48975791433892,0.6666666666666666,0.0,0.0,0.0,12.166666666666666,0.0,12.166666666666666,0.10972222222222222
8023FE1A-D3B0-4E2C-A57A-9321B7FC755F,0.03,m0.1_k2,0.1,2,hysteresis,0.016666666666666666,0.3069444444444444,1.6666666666666667,0.0,0.3333333333333333,0.931098696461825,0.0,0.0,0.3333333333333333,1.0,25.25,1.0,36.833333333333336,0.3069444444444444
8023FE1A-D3B0-4E2C-A57A-9321B7FC755F,0.03,m0.1_k3,0.1,3,hysteresis,0.016666666666666666,0.6097222222222222,1.5,0.16666666666666666,0.6666666666666666,0.8379888268156425,0.0,0.0,0.6666666666666666,1.0,41.0,1.0,53.666666666666664,0.6097222222222222
8023FE1A-D3B0-4E2C-A57A-9321B7FC755F,0.03,m0.1_k5,0.1,5,hysteresis,0.0,0.8833333333333333,1.0,0.0,1.0,0.5586592178770949,0.0,0.0,1.0,0.0,,0.0,60.0,0.8833333333333333
8023FE1A-D3B0-4E2C-A57A-9321B7FC755F,0.03,m0.2_k1,0.2,1,margin_only,0.0,0.33749999999999997,2.3333333333333335,0.5,0.16666666666666666,1.303538175046555,0.0,0.0,0.3333333333333333,0.0,28.75,0.0,39.166666666666664,0.33749999999999997
8023FE1A-D3B0-4E2C-A57A-9321B7FC755F,0.03,m0.2_k2,0.2,2,hysteresis,0.016666666666666666,0.4583333333333333,1.3333333333333333,0.0,0.6666666666666666,0.74487895716946,0.0,0.0,0.6666666666666666,1.0,45.0,1.0,55.0,0.4583333333333333
8023FE1A-D3B0-4E2C-A57A-9321B7FC755F,0.03,m0_k1,0.0,1,instantaneous,0.0,0.012500000000000002,5.0,3.0,0.0,2.793296089385475,3.1666666666666665,0.0,0.0,0.0,0.6666666666666666,0.0,0.6666666666666666,0.012500000000000002
8023FE1A-D3B0-4E2C-A57A-9321B7FC755F,0.03,m0_k10,0.0,10,dwell_only,0.0,0.8444444444444444,1.0,0.0,1.0,0.5586592178770949,0.0,0.0,1.0,0.0,,0.0,60.0,0.8444444444444444
8023FE1A-D3B0-4E2C-A57A-9321B7FC755F,0.03,m0_k2,0.0,2,dwell_only,0.016666666666666666,0.020833333333333332,2.6666666666666665,0.6666666666666666,0.0,1.48975791433892,0.6666666666666666,0.0,0.0,1.0,1.8333333333333333,1.0,1.8333333333333333,0.020833333333333332
8023FE1A-D3B0-4E2C-A57A-9321B7FC755F,0.03,m0_k3,0.0,3,dwell_only,0.019444444444444445,0.37916666666666665,3.8333333333333335,1.8333333333333333,0.0,2.1415270018621975,0.3333333333333333,0.0,0.0,1.1666666666666667,17.0,1.1666666666666667,17.0,0.37916666666666665
8023FE1A-D3B0-4E2C-A57A-9321B7FC755F,0.03,m0_k5,0.0,5,dwell_only,0.011111111111111112,0.8402777777777778,2.0,0.5,0.5,1.1173184357541899,0.0,0.0,0.6666666666666666,0.6666666666666666,51.0,0.6666666666666666,57.0,0.8402777777777778
8023FE1A-D3B0-4E2C-A57A-9321B7FC755F,0.05,m0.05_k1,0.05,1,margin_only,0.0,0.004166666666666667,3.0,1.0,0.0,1.6759776536312847,1.0,0.0,0.0,0.0,0.0,0.0,0.0,0.004166666666666667
8023FE1A-D3B0-4E2C-A57A-9321B7FC755F,0.05,m0.05_k2,0.05,2,hysteresis,0.016666666666666666,0.013888888888888888,2.0,0.0,0.0,1.1173184357541899,0.0,0.0,0.0,1.0,1.6666666666666667,1.0,1.6666666666666667,0.013888888888888888
8023FE1A-D3B0-4E2C-A57A-9321B7FC755F,0.05,m0.05_k3,0.05,3,hysteresis,0.03333333333333333,0.19444444444444445,2.0,0.0,0.0,1.1173184357541899,0.0,0.0,0.0,2.0,23.333333333333332,2.0,23.333333333333332,0.19444444444444445
8023FE1A-D3B0-4E2C-A57A-9321B7FC755F,0.05,m0.05_k5,0.05,5,hysteresis,0.03333333333333333,0.5638888888888889,1.3333333333333333,0.0,0.6666666666666666,0.74487895716946,0.0,0.0,0.6666666666666666,2.0,36.5,2.0,52.166666666666664,0.5638888888888889
8023FE1A-D3B0-4E2C-A57A-9321B7FC755F,0.05,m0.1_k1,0.1,1,margin_only,0.0,0.0,2.0,0.0,0.0,1.1173184357541899,0.0,0.0,0.0,0.0,0.0,0.0,0.0,0.0
8023FE1A-D3B0-4E2C-A57A-9321B7FC755F,0.05,m0.1_k2,0.1,2,hysteresis,0.016666666666666666,0.18611111111111112,2.0,0.0,0.0,1.1173184357541899,0.0,0.0,0.0,1.0,22.333333333333332,1.0,22.333333333333332,0.18611111111111112
8023FE1A-D3B0-4E2C-A57A-9321B7FC755F,0.05,m0.1_k3,0.1,3,hysteresis,0.03333333333333333,0.375,1.5,0.0,0.5,0.8379888268156424,0.0,0.0,0.5,2.0,30.0,2.0,45.0,0.375
8023FE1A-D3B0-4E2C-A57A-9321B7FC755F,0.05,m0.2_k2,0.2,2,hysteresis,0.016666666666666666,0.45694444444444443,1.3333333333333333,0.0,0.6666666666666666,0.74487895716946,0.0,0.0,0.6666666666666666,1.0,44.5,1.0,54.833333333333336,0.45694444444444443
8023FE1A-D3B0-4E2C-A57A-9321B7FC755F,0.05,m0_k1,0.0,1,instantaneous,0.0,0.012500000000000002,5.0,3.0,0.0,2.793296089385475,3.1666666666666665,0.0,0.0,0.0,0.6666666666666666,0.0,0.6666666666666666,0.012500000000000002
8023FE1A-D3B0-4E2C-A57A-9321B7FC755F,0.05,m0_k2,0.0,2,dwell_only,0.016666666666666666,0.013888888888888888,2.0,0.0,0.0,1.1173184357541899,0.0,0.0,0.0,1.0,1.6666666666666667,1.0,1.6666666666666667,0.013888888888888888
8023FE1A-D3B0-4E2C-A57A-9321B7FC755F,0.05,m0_k3,0.0,3,dwell_only,0.03333333333333333,0.022222222222222223,2.0,0.0,0.0,1.1173184357541899,0.0,0.0,0.0,2.0,2.6666666666666665,2.0,2.6666666666666665,0.022222222222222223
8023FE1A-D3B0-4E2C-A57A-9321B7FC755F,0.05,m0_k5,0.0,5,dwell_only,0.041666666666666664,0.5361111111111111,2.6666666666666665,0.6666666666666666,0.0,1.48975791433892,0.0,0.0,0.5,2.5,27.333333333333332,2.5,43.666666666666664,0.5361111111111111
8023FE1A-D3B0-4E2C-A57A-9321B7FC755F,0.07,m0.05_k1,0.05,1,margin_only,0.0,0.004166666666666667,3.0,1.0,0.0,1.6759776536312847,1.0,0.0,0.0,0.0,0.0,0.0,0.0,0.004166666666666667
8023FE1A-D3B0-4E2C-A57A-9321B7FC755F,0.07,m0.05_k2,0.05,2,hysteresis,0.016666666666666666,0.013888888888888888,2.0,0.0,0.0,1.1173184357541899,0.0,0.0,0.0,1.0,1.6666666666666667,1.0,1.6666666666666667,0.013888888888888888
8023FE1A-D3B0-4E2C-A57A-9321B7FC755F,0.07,m0.05_k3,0.05,3,hysteresis,0.03333333333333333,0.022222222222222223,2.0,0.0,0.0,1.1173184357541899,0.0,0.0,0.0,2.0,2.6666666666666665,2.0,2.6666666666666665,0.022222222222222223
8023FE1A-D3B0-4E2C-A57A-9321B7FC755F,0.07,m0.05_k5,0.05,5,hysteresis,0.03333333333333333,0.5527777777777777,1.3333333333333333,0.0,0.6666666666666666,0.74487895716946,0.0,0.0,0.6666666666666666,2.0,36.0,2.0,52.0,0.5527777777777777
8023FE1A-D3B0-4E2C-A57A-9321B7FC755F,0.07,m0.1_k1,0.1,1,margin_only,0.0,0.0,2.0,0.0,0.0,1.1173184357541899,0.0,0.0,0.0,0.0,0.0,0.0,0.0,0.0
8023FE1A-D3B0-4E2C-A57A-9321B7FC755F,0.07,m0.1_k5,0.1,5,hysteresis,0.03333333333333333,0.6208333333333333,1.1666666666666667,0.0,0.8333333333333334,0.6517690875232774,0.0,0.0,0.8333333333333334,2.0,55.0,2.0,59.166666666666664,0.6208333333333333
8023FE1A-D3B0-4E2C-A57A-9321B7FC755F,0.07,m0.2_k1,0.2,1,margin_only,0.0,0.3013888888888889,1.6666666666666667,0.0,0.3333333333333333,0.931098696461825,0.0,0.0,0.3333333333333333,0.0,24.25,0.0,36.166666666666664,0.3013888888888889
8023FE1A-D3B0-4E2C-A57A-9321B7FC755F,0.07,m0.2_k3,0.2,3,hysteresis,0.03333333333333333,0.4680555555555556,1.1666666666666667,0.0,0.8333333333333334,0.6517690875232774,0.0,0.0,0.8333333333333334,2.0,37.0,2.0,56.166666666666664,0.4680555555555556
8023FE1A-D3B0-4E2C-A57A-9321B7FC755F,0.07,m0_k1,0.0,1,instantaneous,0.0,0.012500000000000002,5.0,3.0,0.0,2.793296089385475,3.1666666666666665,0.0,0.0,0.0,0.6666666666666666,0.0,0.6666666666666666,0.012500000000000002
8023FE1A-D3B0-4E2C-A57A-9321B7FC755F,0.07,m0_k10,0.0,10,dwell_only,0.0,0.8333333333333334,1.1666666666666667,0.0,0.8333333333333334,0.6517690875232774,0.0,0.0,0.8333333333333334,0.0,52.0,0.0,58.666666666666664,0.8333333333333334
8023FE1A-D3B0-4E2C-A57A-9321B7FC755F,0.07,m0_k2,0.0,2,dwell_only,0.016666666666666666,0.013888888888888888,2.0,0.0,0.0,1.1173184357541899,0.0,0.0,0.0,1.0,1.6666666666666667,1.0,1.6666666666666667,0.013888888888888888
8023FE1A-D3B0-4E2C-A57A-9321B7FC755F,0.07,m0_k3,0.0,3,dwell_only,0.03333333333333333,0.022222222222222223,2.0,0.0,0.0,1.1173184357541899,0.0,0.0,0.0,2.0,2.6666666666666665,2.0,2.6666666666666665,0.022222222222222223
8023FE1A-D3B0-4E2C-A57A-9321B7FC755F,0.07,m0_k5,0.0,5,dwell_only,0.05555555555555555,0.10972222222222222,2.6666666666666665,0.6666666666666666,0.0,1.48975791433892,0.0,0.0,0.0,3.3333333333333335,10.166666666666666,3.3333333333333335,10.166666666666666,0.10972222222222222
83CF687B-7CEC-434B-9FE8-00C3D5799BE6,0.03,m0.05_k2,0.05,2,hysteresis,0.016666666666666666,0.2513888888888889,1.6666666666666667,0.0,0.3333333333333333,0.931098696461825,0.0,0.0,0.3333333333333333,1.0,15.25,1.0,30.166666666666668,0.2513888888888889
83CF687B-7CEC-434B-9FE8-00C3D5799BE6,0.03,m0.05_k3,0.05,3,hysteresis,0.011111111111111112,0.6277777777777778,1.8333333333333333,0.3333333333333333,0.5,1.0242085661080074,0.0,0.0,0.6666666666666666,0.6666666666666666,2.0,0.6666666666666666,40.666666666666664,0.6277777777777778
83CF687B-7CEC-434B-9FE8-00C3D5799BE6,0.03,m0.05_k5,0.05,5,hysteresis,0.011111111111111112,0.7819444444444444,1.5,0.16666666666666666,0.6666666666666666,0.8379888268156425,0.0,0.0,0.8333333333333334,0.6666666666666666,16.0,0.6666666666666666,52.666666666666664,0.7819444444444444
83CF687B-7CEC-434B-9FE8-00C3D5799BE6,0.03,m0.1_k2,0.1,2,hysteresis,0.016666666666666666,0.3013888888888889,1.5,0.0,0.5,0.8379888268156424,0.0,0.0,0.5,1.0,12.333333333333334,1.0,36.166666666666664,0.3013888888888889
83CF687B-7CEC-434B-9FE8-00C3D5799BE6,0.03,m0.1_k3,0.1,3,hysteresis,0.016666666666666666,0.5625,1.5,0.16666666666666666,0.6666666666666666,0.8379888268156425,0.0,0.0,0.8333333333333334,1.0,2.0,1.0,50.333333333333336,0.5625
83CF687B-7CEC-434B-9FE8-00C3D5799BE6,0.03,m0.1_k5,0.1,5,hysteresis,0.011111111111111112,0.8583333333333334,1.0,0.0,1.0,0.5586592178770949,0.0,0.0,1.0,0.6666666666666666,,0.6666666666666666,60.0,0.8583333333333334
83CF687B-7CEC-434B-9FE8-00C3D5799BE6,0.03,m0.2_k2,0.2,2,hysteresis,0.016666666666666666,0.4791666666666667,1.1666666666666667,0.0,0.8333333333333334,0.6517690875232774,0.0,0.0,0.8333333333333334,1.0,45.0,1.0,57.5,0.4791666666666667
83CF687B-7CEC-434B-9FE8-00C3D5799BE6,0.03,m0_k1,0.0,1,instantaneous,0.0,0.011111111111111112,4.0,2.0,0.0,2.2346368715083798,2.0,0.0,0.0,0.0,0.0,0.0,0.0,0.011111111111111112
83CF687B-7CEC-434B-9FE8-00C3D5799BE6,0.03,m0_k10,0.0,10,dwell_only,0.0,0.9250000000000002,1.0,0.0,1.0,0.5586592178770949,0.0,0.0,1.0,0.0,,0.0,60.0,0.9250000000000002
83CF687B-7CEC-434B-9FE8-00C3D5799BE6,0.03,m0_k2,0.0,2,dwell_only,0.016666666666666666,0.01388888888888889,2.6666666666666665,0.6666666666666666,0.0,1.48975791433892,0.6666666666666666,0.0,0.0,1.0,1.0,1.0,1.0,0.01388888888888889
83CF687B-7CEC-434B-9FE8-00C3D5799BE6,0.03,m0_k3,0.0,3,dwell_only,0.016666666666666666,0.6041666666666666,3.3333333333333335,1.6666666666666667,0.3333333333333333,1.86219739292365,0.3333333333333333,0.0,0.5,1.0,3.0,1.0,31.5,0.6041666666666666
83CF687B-7CEC-434B-9FE8-00C3D5799BE6,0.03,m0_k5,0.0,5,dwell_only,0.011111111111111112,0.7472222222222222,1.8333333333333333,0.3333333333333333,0.5,1.0242085661080074,0.0,0.0,0.6666666666666666,0.6666666666666666,4.0,0.6666666666666666,41.333333333333336,0.7472222222222222
83CF687B-7CEC-434B-9FE8-00C3D5799BE6,0.05,m0.05_k3,0.05,3,hysteresis,0.03333333333333333,0.2611111111111111,1.6666666666666667,0.0,0.3333333333333333,0.931098696461825,0.0,0.0,0.5,2.0,3.0,2.0,31.5,0.2611111111111111
83CF687B-7CEC-434B-9FE8-00C3D5799BE6,0.05,m0.05_k5,0.05,5,hysteresis,0.022222222222222223,0.65,1.8333333333333333,0.3333333333333333,0.5,1.0242085661080074,0.0,0.0,0.6666666666666666,1.3333333333333333,4.0,1.3333333333333333,41.333333333333336,0.65
83CF687B-7CEC-434B-9FE8-00C3D5799BE6,0.05,m0.1_k2,0.1,2,hysteresis,0.016666666666666666,0.2555555555555556,1.6666666666666667,0.0,0.3333333333333333,0.931098696461825,0.0,0.0,0.5,1.0,2.0,1.0,31.0,0.2555555555555556
83CF687B-7CEC-434B-9FE8-00C3D5799BE6,0.05,m0.1_k3,0.1,3,hysteresis,0.03333333333333333,0.33888888888888885,1.3333333333333333,0.0,0.6666666666666666,0.74487895716946,0.0,0.0,0.6666666666666666,2.0,2.0,2.0,40.666666666666664,0.33888888888888885
83CF687B-7CEC-434B-9FE8-00C3D5799BE6,0.05,m0.1_k5,0.1,5,hysteresis,0.022222222222222223,0.7083333333333334,1.1666666666666667,0.0,0.8333333333333334,0.6517690875232774,0.0,0.0,0.8333333333333334,1.3333333333333333,16.0,1.3333333333333333,52.666666666666664,0.7083333333333334
83CF687B-7CEC-434B-9FE8-00C3D5799BE6,0.05,m0.2_k1,0.2,1,margin_only,0.0,0.19722222222222222,2.0,0.16666666666666666,0.16666666666666666,1.1173184357541899,0.0,0.0,0.16666666666666666,0.0,13.6,0.0,21.333333333333332,0.19722222222222222
83CF687B-7CEC-434B-9FE8-00C3D5799BE6,0.05,m0.2_k2,0.2,2,hysteresis,0.016666666666666666,0.41805555555555557,1.1666666666666667,0.0,0.8333333333333334,0.6517690875232774,0.0,0.0,0.8333333333333334,1.0,1.0,1.0,50.166666666666664,0.41805555555555557
83CF687B-7CEC-434B-9FE8-00C3D5799BE6,0.05,m0.2_k3,0.2,3,hysteresis,0.03333333333333333,0.48194444444444445,1.1666666666666667,0.0,0.8333333333333334,0.6517690875232774,0.0,0.0,0.8333333333333334,2.0,47.0,2.0,57.833333333333336,0.48194444444444445
83CF687B-7CEC-434B-9FE8-00C3D5799BE6,0.05,m0_k1,0.0,1,instantaneous,0.0,0.011111111111111112,4.0,2.0,0.0,2.2346368715083798,2.0,0.0,0.0,0.0,0.0,0.0,0.0,0.011111111111111112
83CF687B-7CEC-434B-9FE8-00C3D5799BE6,0.05,m0_k2,0.0,2,dwell_only,0.016666666666666666,0.01388888888888889,2.6666666666666665,0.6666666666666666,0.0,1.48975791433892,0.6666666666666666,0.0,0.0,1.0,1.0,1.0,1.0,0.01388888888888889
83CF687B-7CEC-434B-9FE8-00C3D5799BE6,0.05,m0_k3,0.0,3,dwell_only,0.03333333333333333,0.016666666666666666,2.0,0.0,0.0,1.1173184357541899,0.0,0.0,0.0,2.0,2.0,2.0,2.0,0.016666666666666666
83CF687B-7CEC-434B-9FE8-00C3D5799BE6,0.05,m0_k5,0.0,5,dwell_only,0.011111111111111112,0.7097222222222223,1.8333333333333333,0.3333333333333333,0.5,1.0242085661080074,0.0,0.0,0.6666666666666666,0.6666666666666666,4.0,0.6666666666666666,41.333333333333336,0.7097222222222223
83CF687B-7CEC-434B-9FE8-00C3D5799BE6,0.07,m0.05_k1,0.05,1,margin_only,0.0,0.011111111111111112,4.0,2.0,0.0,2.2346368715083798,2.0,0.0,0.0,0.0,0.0,0.0,0.0,0.011111111111111112
83CF687B-7CEC-434B-9FE8-00C3D5799BE6,0.07,m0.05_k10,0.05,10,hysteresis,0.024999999999999998,0.7652777777777778,1.1666666666666667,0.0,0.8333333333333334,0.6517690875232774,0.0,0.0,0.8333333333333334,1.5,52.0,1.5,58.666666666666664,0.7652777777777778
83CF687B-7CEC-434B-9FE8-00C3D5799BE6,0.07,m0.05_k5,0.05,5,hysteresis,0.03888888888888889,0.5083333333333333,1.8333333333333333,0.3333333333333333,0.5,1.0242085661080074,0.0,0.0,0.6666666666666666,2.3333333333333335,4.0,2.3333333333333335,41.333333333333336,0.5083333333333333
83CF687B-7CEC-434B-9FE8-00C3D5799BE6,0.07,m0.1_k3,0.1,3,hysteresis,0.03333333333333333,0.3055555555555555,1.5,0.0,0.5,0.8379888268156424,0.0,0.0,0.5,2.0,13.333333333333334,2.0,36.666666666666664,0.3055555555555555
83CF687B-7CEC-434B-9FE8-00C3D5799BE6,0.07,m0.1_k5,0.1,5,hysteresis,0.05555555555555555,0.5111111111111111,1.1666666666666667,0.0,0.8333333333333334,0.6517690875232774,0.0,0.0,0.8333333333333334,3.3333333333333335,12.0,3.3333333333333335,52.0,0.5111111111111111
83CF687B-7CEC-434B-9FE8-00C3D5799BE6,0.07,m0_k1,0.0,1,instantaneous,0.0,0.011111111111111112,4.0,2.0,0.0,2.2346368715083798,2.0,0.0,0.0,0.0,0.0,0.0,0.0,0.011111111111111112
83CF687B-7CEC-434B-9FE8-00C3D5799BE6,0.07,m0_k10,0.0,10,dwell_only,0.024999999999999998,0.7666666666666666,1.5,0.16666666666666666,0.6666666666666666,0.8379888268156425,0.0,0.0,0.8333333333333334,1.5,17.0,1.5,52.833333333333336,0.7666666666666666
83CF687B-7CEC-434B-9FE8-00C3D5799BE6,0.07,m0_k2,0.0,2,dwell_only,0.016666666666666666,0.01388888888888889,2.6666666666666665,0.6666666666666666,0.0,1.48975791433892,0.6666666666666666,0.0,0.0,1.0,1.0,1.0,1.0,0.01388888888888889
83CF687B-7CEC-434B-9FE8-00C3D5799BE6,0.07,m0_k5,0.0,5,dwell_only,0.05555555555555555,0.3444444444444444,3.1666666666666665,1.3333333333333333,0.16666666666666666,1.7690875232774674,0.0,0.0,0.3333333333333333,3.3333333333333335,9.25,3.3333333333333335,26.166666666666668,0.3444444444444444
9759096F-1119-4E19-A0AD-6F16989C7E1C,0.03,m0.05_k1,0.05,1,margin_only,0.0,0.08055555555555556,5.0,3.0,0.0,2.793296089385475,2.8333333333333335,0.0,0.0,0.0,0.16666666666666666,0.0,0.16666666666666666,0.08055555555555556
9759096F-1119-4E19-A0AD-6F16989C7E1C,0.03,m0.05_k2,0.05,2,hysteresis,0.013888888888888888,0.09583333333333333,2.6666666666666665,0.6666666666666666,0.0,1.48975791433892,0.3333333333333333,0.0,0.0,0.8333333333333334,2.1666666666666665,0.8333333333333334,2.1666666666666665,0.09583333333333333
9759096F-1119-4E19-A0AD-6F16989C7E1C,0.03,m0.05_k3,0.05,3,hysteresis,0.027777777777777776,0.15,2.6666666666666665,0.6666666666666666,0.0,1.48975791433892,0.0,0.0,0.0,1.6666666666666667,7.333333333333333,1.6666666666666667,7.333333333333333,0.15
9759096F-1119-4E19-A0AD-6F16989C7E1C,0.03,m0.05_k5,0.05,5,hysteresis,0.044444444444444446,0.39166666666666666,2.0,0.5,0.5,1.1173184357541899,0.0,0.0,0.5,2.6666666666666665,4.0,2.6666666666666665,32.0,0.39166666666666666
9759096F-1119-4E19-A0AD-6F16989C7E1C,0.03,m0.1_k1,0.1,1,margin_only,0.0,0.10555555555555556,4.0,2.0,0.0,2.2346368715083798,1.5,0.0,0.0,0.0,0.16666666666666666,0.0,0.16666666666666666,0.10555555555555556
9759096F-1119-4E19-A0AD-6F16989C7E1C,0.03,m0.1_k2,0.1,2,hysteresis,0.013888888888888888,0.17777777777777778,2.5,0.5,0.0,1.3966480446927374,0.3333333333333333,0.0,0.16666666666666666,0.8333333333333334,1.6,0.8333333333333334,11.333333333333334,0.17777777777777778
9759096F-1119-4E19-A0AD-6F16989C7E1C,0.03,m0.1_k3,0.1,3,hysteresis,0.022222222222222223,0.2763888888888889,2.1666666666666665,0.3333333333333333,0.16666666666666666,1.2104283054003724,0.0,0.0,0.16666666666666666,1.3333333333333333,3.8,1.3333333333333333,13.166666666666666,0.2763888888888889
9759096F-1119-4E19-A0AD-6F16989C7E1C,0.03,m0_k1,0.0,1,instantaneous,0.0,0.08750000000000001,6.0,4.0,0.0,3.35195530726257,3.6666666666666665,0.0,0.0,0.0,0.0,0.0,0.0,0.08750000000000001
9759096F-1119-4E19-A0AD-6F16989C7E1C,0.03,m0_k10,0.0,10,dwell_only,0.049999999999999996,0.5791666666666667,1.6666666666666667,0.16666666666666666,0.5,0.931098696461825,0.0,0.0,0.5,3.0,9.333333333333334,3.0,34.666666666666664,0.5791666666666667
9759096F-1119-4E19-A0AD-6F16989C7E1C,0.03,m0_k2,0.0,2,dwell_only,0.013888888888888888,0.11944444444444445,4.166666666666667,2.1666666666666665,0.0,2.3277467411545625,1.1666666666666667,0.0,0.0,0.8333333333333334,1.1666666666666667,0.8333333333333334,1.1666666666666667,0.11944444444444445
9759096F-1119-4E19-A0AD-6F16989C7E1C,0.03,m0_k3,0.0,3,dwell_only,0.027777777777777776,0.16944444444444443,4.166666666666667,2.1666666666666665,0.0,2.3277467411545625,0.6666666666666666,0.0,0.0,1.6666666666666667,3.1666666666666665,1.6666666666666667,3.1666666666666665,0.16944444444444443
9759096F-1119-4E19-A0AD-6F16989C7E1C,0.03,m0_k5,0.0,5,dwell_only,0.044444444444444446,0.2875,3.0,1.0,0.0,1.6759776536312847,0.0,0.0,0.16666666666666666,2.6666666666666665,7.8,2.6666666666666665,16.5,0.2875
9759096F-1119-4E19-A0AD-6F16989C7E1C,0.05,m0.05_k1,0.05,1,margin_only,0.0,0.07777777777777778,5.0,3.0,0.0,2.793296089385475,2.8333333333333335,0.0,0.0,0.0,0.0,0.0,0.0,0.07777777777777778
9759096F-1119-4E19-A0AD-6F16989C7E1C,0.05,m0.05_k2,0.05,2,hysteresis,0.013888888888888888,0.09027777777777778,2.6666666666666665,0.6666666666666666,0.0,1.48975791433892,0.3333333333333333,0.0,0.0,0.8333333333333334,1.5,0.8333333333333334,1.5,0.09027777777777778
9759096F-1119-4E19-A0AD-6F16989C7E1C,0.05,m0.05_k3,0.05,3,hysteresis,0.027777777777777776,0.10833333333333334,2.3333333333333335,0.3333333333333333,0.0,1.303538175046555,0.0,0.0,0.0,1.6666666666666667,3.1666666666666665,1.6666666666666667,3.1666666666666665,0.10833333333333334
9759096F-1119-4E19-A0AD-6F16989C7E1C,0.05,m0.05_k5,0.05,5,hysteresis,0.05555555555555555,0.21666666666666667,2.1666666666666665,0.16666666666666666,0.0,1.2104283054003724,0.0,0.0,0.16666666666666666,3.3333333333333335,7.8,3.3333333333333335,16.5,0.21666666666666667
9759096F-1119-4E19-A0AD-6F16989C7E1C,0.05,m0.1_k1,0.1,1,margin_only,0.0,0.09305555555555556,4.666666666666667,2.6666666666666665,0.0,2.60707635009311,2.1666666666666665,0.0,0.0,0.0,0.16666666666666666,0.0,0.16666666666666666,0.09305555555555556
9759096F-1119-4E19-A0AD-6F16989C7E1C,0.05,m0.1_k2,0.1,2,hysteresis,0.013888888888888888,0.17222222222222225,2.1666666666666665,0.16666666666666666,0.0,1.2104283054003724,0.0,0.0,0.16666666666666666,0.8333333333333334,1.6,0.8333333333333334,11.333333333333334,0.17222222222222225
9759096F-1119-4E19-A0AD-6F16989C7E1C,0.05,m0.1_k3,0.1,3,hysteresis,0.027777777777777776,0.14305555555555555,2.3333333333333335,0.3333333333333333,0.0,1.303538175046555,0.0,0.0,0.0,1.6666666666666667,7.333333333333333,1.6666666666666667,7.333333333333333,0.14305555555555555
9759096F-1119-4E19-A0AD-6F16989C7E1C,0.05,m0.1_k5,0.1,5,hysteresis,0.044444444444444446,0.3638888888888889,1.5,0.0,0.5,0.8379888268156425,0.0,0.0,0.5,2.6666666666666665,4.0,2.6666666666666665,32.0,0.3638888888888889
9759096F-1119-4E19-A0AD-6F16989C7E1C,0.05,m0_k1,0.0,1,instantaneous,0.0,0.08055555555555556,5.333333333333333,3.3333333333333335,0.0,2.97951582867784,3.1666666666666665,0.0,0.0,0.0,0.0,0.0,0.0,0.08055555555555556
9759096F-1119-4E19-A0AD-6F16989C7E1C,0.05,m0_k10,0.0,10,dwell_only,0.049999999999999996,0.5638888888888889,1.6666666666666667,0.16666666666666666,0.5,0.931098696461825,0.0,0.0,0.5,3.0,9.0,3.0,34.5,0.5638888888888889
9759096F-1119-4E19-A0AD-6F16989C7E1C,0.05,m0_k2,0.0,2,dwell_only,0.013888888888888888,0.09027777777777778,3.0,1.0,0.0,1.675977653631285,0.6666666666666666,0.0,0.0,0.8333333333333334,1.0,0.8333333333333334,1.0,0.09027777777777778
9759096F-1119-4E19-A0AD-6F16989C7E1C,0.05,m0_k3,0.0,3,dwell_only,0.027777777777777776,0.09583333333333333,2.6666666666666665,0.6666666666666666,0.0,1.48975791433892,0.0,0.0,0.0,1.6666666666666667,2.0,1.6666666666666667,2.0,0.09583333333333333
9759096F-1119-4E19-A0AD-6F16989C7E1C,0.05,m0_k5,0.0,5,dwell_only,0.05555555555555555,0.17500000000000002,2.6666666666666665,0.6666666666666666,0.0,1.48975791433892,0.0,0.0,0.0,3.3333333333333335,9.833333333333334,3.3333333333333335,9.833333333333334,0.17500000000000002
9759096F-1119-4E19-A0AD-6F16989C7E1C,0.07,m0.05_k1,0.05,1,margin_only,0.0,0.07777777777777778,5.0,3.0,0.0,2.793296089385475,2.8333333333333335,0.0,0.0,0.0,0.0,0.0,0.0,0.07777777777777778
9759096F-1119-4E19-A0AD-6F16989C7E1C,0.07,m0.05_k10,0.05,10,hysteresis,0.075,0.40277777777777773,1.5,0.0,0.5,0.8379888268156425,0.0,0.0,0.5,4.5,9.0,4.5,34.5,0.40277777777777773
9759096F-1119-4E19-A0AD-6F16989C7E1C,0.07,m0.05_k2,0.05,2,hysteresis,0.013888888888888888,0.08749999999999998,2.6666666666666665,0.6666666666666666,0.0,1.48975791433892,0.3333333333333333,0.0,0.0,0.8333333333333334,1.1666666666666667,0.8333333333333334,1.1666666666666667,0.08749999999999998
9759096F-1119-4E19-A0AD-6F16989C7E1C,0.07,m0.1_k1,0.1,1,margin_only,0.0,0.08194444444444444,4.666666666666667,2.6666666666666665,0.0,2.60707635009311,2.5,0.0,0.0,0.0,0.16666666666666666,0.0,0.16666666666666666,0.08194444444444444
9759096F-1119-4E19-A0AD-6F16989C7E1C,0.07,m0.1_k2,0.1,2,hysteresis,0.013888888888888888,0.09583333333333333,2.3333333333333335,0.3333333333333333,0.0,1.303538175046555,0.0,0.0,0.0,0.8333333333333334,2.1666666666666665,0.8333333333333334,2.1666666666666665,0.09583333333333333
9759096F-1119-4E19-A0AD-6F16989C7E1C,0.07,m0.1_k3,0.1,3,hysteresis,0.027777777777777776,0.10833333333333334,2.3333333333333335,0.3333333333333333,0.0,1.303538175046555,0.0,0.0,0.0,1.6666666666666667,3.1666666666666665,1.6666666666666667,3.1666666666666665,0.10833333333333334
9759096F-1119-4E19-A0AD-6F16989C7E1C,0.07,m0.2_k1,0.2,1,margin_only,0.0,0.10972222222222222,3.6666666666666665,1.6666666666666667,0.0,2.0484171322160147,1.1666666666666667,0.0,0.0,0.0,0.16666666666666666,0.0,0.16666666666666666,0.10972222222222222
9759096F-1119-4E19-A0AD-6F16989C7E1C,0.07,m0_k1,0.0,1,instantaneous,0.0,0.0763888888888889,5.333333333333333,3.3333333333333335,0.0,2.97951582867784,3.1666666666666665,0.0,0.0,0.0,0.0,0.0,0.0,0.0763888888888889
9759096F-1119-4E19-A0AD-6F16989C7E1C,0.07,m0_k2,0.0,2,dwell_only,0.013888888888888888,0.08888888888888889,3.0,1.0,0.0,1.675977653631285,0.6666666666666666,0.0,0.0,0.8333333333333334,1.0,0.8333333333333334,1.0,0.08888888888888889
9759096F-1119-4E19-A0AD-6F16989C7E1C,0.07,m0_k3,0.0,3,dwell_only,0.027777777777777776,0.09444444444444444,2.6666666666666665,0.6666666666666666,0.0,1.48975791433892,0.3333333333333333,0.0,0.0,1.6666666666666667,2.0,1.6666666666666667,2.0,0.09444444444444444
9DC38D04-E82E-4F29-AB52-B476535226F2,0.03,m0.05_k1,0.05,1,margin_only,0.24333333333333332,0.0,2.8,1.2,0.2,1.564245810055866,1.0,0.2,0.0,0.75,0.0,12.6,0.0,0.0
9DC38D04-E82E-4F29-AB52-B476535226F2,0.03,m0.05_k2,0.05,2,hysteresis,0.2633333333333333,0.006666666666666666,2.0,0.4,0.2,1.1173184357541899,0.0,0.2,0.0,2.25,0.8,13.8,0.8,0.006666666666666666
9DC38D04-E82E-4F29-AB52-B476535226F2,0.03,m0.05_k3,0.05,3,hysteresis,0.03333333333333333,0.24,2.0,0.2,0.2,1.1173184357541899,0.0,0.0,0.2,2.0,10.0,2.0,20.0,0.24
9DC38D04-E82E-4F29-AB52-B476535226F2,0.03,m0.05_k5,0.05,5,hysteresis,0.013333333333333332,0.8733333333333334,1.0,0.0,1.0,0.5586592178770949,0.0,0.0,1.0,0.8,,0.8,60.0,0.8733333333333334
9DC38D04-E82E-4F29-AB52-B476535226F2,0.03,m0.1_k2,0.1,2,hysteresis,0.2666666666666667,0.006666666666666666,1.6,0.0,0.2,0.8938547486033519,0.0,0.2,0.0,5.0,0.8,16.0,0.8,0.006666666666666666
9DC38D04-E82E-4F29-AB52-B476535226F2,0.03,m0.1_k3,0.1,3,hysteresis,0.03333333333333333,0.43499999999999994,1.2,0.0,0.8,0.6703910614525139,0.0,0.0,0.8,2.0,21.0,2.0,52.2,0.43499999999999994
9DC38D04-E82E-4F29-AB52-B476535226F2,0.03,m0.2_k2,0.2,2,hysteresis,0.2666666666666667,0.14833333333333334,1.4,0.0,0.4,0.7821229050279329,0.0,0.2,0.2,5.0,7.25,16.0,17.8,0.14833333333333334
9DC38D04-E82E-4F29-AB52-B476535226F2,0.03,m0_k1,0.0,1,instantaneous,0.23333333333333334,0.0,4.4,2.8,0.2,2.4581005586592175,2.8,0.2,0.0,0.0,0.0,12.0,0.0,0.0
9DC38D04-E82E-4F29-AB52-B476535226F2,0.03,m0_k10,0.0,10,dwell_only,0.03,0.825,1.0,0.0,1.0,0.5586592178770949,0.0,0.0,1.0,1.8,,1.8,60.0,0.825
9DC38D04-E82E-4F29-AB52-B476535226F2,0.03,m0_k2,0.0,2,dwell_only,0.22666666666666666,0.006666666666666666,2.0,0.4,0.2,1.1173184357541899,0.0,0.2,0.0,1.0,0.8,12.8,0.8,0.006666666666666666
9DC38D04-E82E-4F29-AB52-B476535226F2,0.03,m0_k3,0.0,3,dwell_only,0.03333333333333333,0.10166666666666666,3.6,1.6,0.0,2.011173184357542,0.0,0.0,0.0,2.0,6.0,2.0,6.0,0.10166666666666666
9DC38D04-E82E-4F29-AB52-B476535226F2,0.03,m0_k5,0.0,5,dwell_only,0.026666666666666665,0.8666666666666666,1.4,0.2,0.8,0.782122905027933,0.0,0.0,1.0,1.6,,1.6,60.0,0.8666666666666666
9DC38D04-E82E-4F29-AB52-B476535226F2,0.05,m0.05_k3,0.05,3,hysteresis,0.31333333333333335,0.013333333333333332,2.0,0.4,0.2,1.1173184357541899,0.0,0.2,0.0,6.0,1.6,16.8,1.6,0.013333333333333332
9DC38D04-E82E-4F29-AB52-B476535226F2,0.05,m0.05_k5,0.05,5,hysteresis,0.043333333333333335,0.6133333333333333,1.4,0.2,0.8,0.782122905027933,0.0,0.0,1.0,2.6,,2.6,60.0,0.6133333333333333
9DC38D04-E82E-4F29-AB52-B476535226F2,0.05,m0.1_k3,0.1,3,hysteresis,0.27999999999999997,0.013333333333333332,1.6,0.0,0.2,0.8938547486033519,0.0,0.2,0.0,6.0,1.6,16.8,1.6,0.013333333333333332
9DC38D04-E82E-4F29-AB52-B476535226F2,0.05,m0.1_k5,0.1,5,hysteresis,0.04,0.7183333333333334,1.4,0.2,0.8,0.782122905027933,0.0,0.0,1.0,2.4,,2.4,60.0,0.7183333333333334
9DC38D04-E82E-4F29-AB52-B476535226F2,0.05,m0.2_k2,0.2,2,hysteresis,0.30333333333333334,0.03666666666666667,1.6,0.0,0.2,0.8938547486033519,0.0,0.2,0.0,7.75,4.4,18.2,4.4,0.03666666666666667
9DC38D04-E82E-4F29-AB52-B476535226F2,0.05,m0.2_k3,0.2,3,hysteresis,0.27999999999999997,0.24333333333333335,1.2,0.0,0.6,0.6703910614525139,0.0,0.2,0.4,6.0,8.666666666666666,16.8,29.2,0.24333333333333335
9DC38D04-E82E-4F29-AB52-B476535226F2,0.05,m0_k1,0.0,1,instantaneous,0.26999999999999996,0.0,7.2,5.6,0.2,4.022346368715084,5.2,0.2,0.0,0.0,0.0,12.0,0.0,0.0
9DC38D04-E82E-4F29-AB52-B476535226F2,0.05,m0_k2,0.0,2,dwell_only,0.2866666666666667,0.005,3.6,2.0,0.2,2.011173184357542,1.2,0.2,0.0,1.25,0.6,13.0,0.6,0.005
9DC38D04-E82E-4F29-AB52-B476535226F2,0.05,m0_k5,0.0,5,dwell_only,0.05333333333333333,0.6,3.2,1.6,0.4,1.7877094972067038,0.0,0.0,0.6,3.2,14.5,3.2,41.8,0.6
9DC38D04-E82E-4F29-AB52-B476535226F2,0.07,m0.05_k1,0.05,1,margin_only,0.28666666666666674,0.0,4.0,2.4,0.2,2.2346368715083798,2.0,0.2,0.0,1.25,0.0,13.0,0.0,0.0
9DC38D04-E82E-4F29-AB52-B476535226F2,0.07,m0.05_k2,0.05,2,hysteresis,0.2633333333333333,0.006666666666666666,2.0,0.4,0.2,1.1173184357541899,0.0,0.2,0.0,2.25,0.8,13.8,0.8,0.006666666666666666
9DC38D04-E82E-4F29-AB52-B476535226F2,0.07,m0.05_k5,0.05,5,hysteresis,0.2533333333333333,0.14833333333333334,1.4,0.0,0.4,0.7821229050279329,0.0,0.2,0.2,4.0,7.25,15.2,17.8,0.14833333333333334
9DC38D04-E82E-4F29-AB52-B476535226F2,0.07,m0.1_k3,0.1,3,hysteresis,0.5266666666666666,0.013333333333333332,1.6,0.0,0.2,0.8938547486033519,0.0,0.2,0.0,24.5,1.6,31.6,1.6,0.013333333333333332
9DC38D04-E82E-4F29-AB52-B476535226F2,0.07,m0.1_k5,0.1,5,hysteresis,0.2533333333333333,0.35333333333333333,1.0,0.0,0.8,0.5586592178770949,0.0,0.2,0.6,4.0,16.0,15.2,42.4,0.35333333333333333
9DC38D04-E82E-4F29-AB52-B476535226F2,0.07,m0.2_k2,0.2,2,hysteresis,0.39333333333333337,0.03166666666666666,1.6,0.0,0.2,0.8938547486033519,0.0,0.2,0.0,14.5,3.8,23.6,3.8,0.03166666666666666
9DC38D04-E82E-4F29-AB52-B476535226F2,0.07,m0.2_k5,0.2,5,hysteresis,0.2533333333333333,0.4,0.8,0.0,1.0,0.44692737430167595,0.0,0.2,0.8,4.0,0.0,15.2,48.0,0.4
9DC38D04-E82E-4F29-AB52-B476535226F2,0.07,m0_k1,0.0,1,instantaneous,0.31333333333333335,0.0,9.2,7.6,0.2,5.139664804469274,7.6,0.2,0.0,2.5,0.0,14.0,0.0,0.0
9DC38D04-E82E-4F29-AB52-B476535226F2,0.07,m0_k10,0.0,10,dwell_only,0.03,0.825,1.0,0.0,1.0,0.5586592178770949,0.0,0.0,1.0,1.8,,1.8,60.0,0.825
9DC38D04-E82E-4F29-AB52-B476535226F2,0.07,m0_k2,0.0,2,dwell_only,0.30666666666666664,0.005,4.4,2.8,0.2,2.4581005586592175,2.0,0.2,0.0,1.25,0.6,13.0,0.6,0.005
9DC38D04-E82E-4F29-AB52-B476535226F2,0.07,m0_k5,0.0,5,dwell_only,0.06666666666666667,0.04833333333333333,2.4,0.4,0.0,1.3407821229050279,0.0,0.0,0.0,4.0,4.0,4.0,4.0,0.04833333333333333
A5CDF89D-02A2-4EC1-89F8-F534FDABDD96,0.03,m0.05_k2,0.05,2,hysteresis,0.016666666666666666,0.07222222222222223,2.0,0.0,0.0,1.1173184357541899,0.0,0.0,0.0,1.0,8.666666666666666,1.0,8.666666666666666,0.07222222222222223
A5CDF89D-02A2-4EC1-89F8-F534FDABDD96,0.03,m0.05_k3,0.05,3,hysteresis,0.03333333333333333,0.4791666666666667,1.8333333333333333,0.3333333333333333,0.5,1.0242085661080074,0.0,0.0,0.5,2.0,40.666666666666664,2.0,50.333333333333336,0.4791666666666667
A5CDF89D-02A2-4EC1-89F8-F534FDABDD96,0.03,m0.05_k5,0.05,5,hysteresis,0.011111111111111112,0.8583333333333334,1.0,0.0,1.0,0.5586592178770949,0.0,0.0,1.0,0.6666666666666666,,0.6666666666666666,60.0,0.8583333333333334
A5CDF89D-02A2-4EC1-89F8-F534FDABDD96,0.03,m0.1_k2,0.1,2,hysteresis,0.016666666666666666,0.5,1.0,0.0,1.0,0.5586592178770949,0.0,0.0,1.0,1.0,,1.0,60.0,0.5
A5CDF89D-02A2-4EC1-89F8-F534FDABDD96,0.03,m0.1_k3,0.1,3,hysteresis,0.027777777777777776,0.576388888888889,1.0,0.0,1.0,0.5586592178770949,0.0,0.0,1.0,1.6666666666666667,,1.6666666666666667,60.0,0.576388888888889
A5CDF89D-02A2-4EC1-89F8-F534FDABDD96,0.03,m0_k1,0.0,1,instantaneous,0.0,0.0,2.0,0.0,0.0,1.1173184357541899,0.0,0.0,0.0,0.0,0.0,0.0,0.0,0.0
A5CDF89D-02A2-4EC1-89F8-F534FDABDD96,0.03,m0_k10,0.0,10,dwell_only,0.0,0.9027777777777778,1.0,0.0,1.0,0.5586592178770949,0.0,0.0,1.0,0.0,,0.0,60.0,0.9027777777777778
A5CDF89D-02A2-4EC1-89F8-F534FDABDD96,0.03,m0_k2,0.0,2,dwell_only,0.016666666666666666,0.008333333333333333,2.0,0.0,0.0,1.1173184357541899,0.0,0.0,0.0,1.0,1.0,1.0,1.0,0.008333333333333333
A5CDF89D-02A2-4EC1-89F8-F534FDABDD96,0.03,m0_k3,0.0,3,dwell_only,0.03333333333333333,0.05416666666666666,2.6666666666666665,0.6666666666666666,0.0,1.48975791433892,0.0,0.0,0.0,2.0,4.0,2.0,4.0,0.05416666666666666
A5CDF89D-02A2-4EC1-89F8-F534FDABDD96,0.03,m0_k5,0.0,5,dwell_only,0.022222222222222223,0.7902777777777779,2.3333333333333335,0.8333333333333334,0.5,1.303538175046555,0.0,0.0,0.6666666666666666,1.3333333333333333,34.5,1.3333333333333333,51.5,0.7902777777777779
A5CDF89D-02A2-4EC1-89F8-F534FDABDD96,0.05,m0.05_k10,0.05,10,hysteresis,0.024999999999999998,0.8222222222222223,1.0,0.0,1.0,0.5586592178770949,0.0,0.0,1.0,1.5,,1.5,60.0,0.8222222222222223
A5CDF89D-02A2-4EC1-89F8-F534FDABDD96,0.05,m0.05_k3,0.05,3,hysteresis,0.03333333333333333,0.22499999999999998,2.0,0.0,0.0,1.1173184357541899,0.0,0.0,0.0,2.0,27.0,2.0,27.0,0.22499999999999998
A5CDF89D-02A2-4EC1-89F8-F534FDABDD96,0.05,m0.05_k5,0.05,5,hysteresis,0.05555555555555555,0.5736111111111111,1.0,0.0,1.0,0.5586592178770949,0.0,0.0,1.0,3.3333333333333335,,3.3333333333333335,60.0,0.5736111111111111
A5CDF89D-02A2-4EC1-89F8-F534FDABDD96,0.05,m0.1_k3,0.1,3,hysteresis,0.03333333333333333,0.5,1.0,0.0,1.0,0.5586592178770949,0.0,0.0,1.0,2.0,,2.0,60.0,0.5
A5CDF89D-02A2-4EC1-89F8-F534FDABDD96,0.05,m0.1_k5,0.1,5,hysteresis,0.05555555555555555,0.5736111111111111,1.0,0.0,1.0,0.5586592178770949,0.0,0.0,1.0,3.3333333333333335,,3.3333333333333335,60.0,0.5736111111111111
A5CDF89D-02A2-4EC1-89F8-F534FDABDD96,0.05,m0.2_k1,0.2,1,margin_only,0.0,0.5,1.0,0.0,1.0,0.5586592178770949,0.0,0.0,1.0,0.0,,0.0,60.0,0.5
A5CDF89D-02A2-4EC1-89F8-F534FDABDD96,0.05,m0_k1,0.0,1,instantaneous,0.0,0.0,2.0,0.0,0.0,1.1173184357541899,0.0,0.0,0.0,0.0,0.0,0.0,0.0,0.0
A5CDF89D-02A2-4EC1-89F8-F534FDABDD96,0.05,m0_k10,0.0,10,dwell_only,0.0,0.8583333333333334,1.3333333333333333,0.16666666666666666,0.8333333333333334,0.74487895716946,0.0,0.0,1.0,0.0,,0.0,60.0,0.8583333333333334
A5CDF89D-02A2-4EC1-89F8-F534FDABDD96,0.05,m0_k2,0.0,2,dwell_only,0.016666666666666666,0.008333333333333333,2.0,0.0,0.0,1.1173184357541899,0.0,0.0,0.0,1.0,1.0,1.0,1.0,0.008333333333333333
A5CDF89D-02A2-4EC1-89F8-F534FDABDD96,0.05,m0_k5,0.0,5,dwell_only,0.05277777777777778,0.37777777777777777,4.333333333333333,2.3333333333333335,0.0,2.4208566108007448,0.0,0.0,0.0,3.1666666666666665,17.833333333333332,3.1666666666666665,17.833333333333332,0.37777777777777777
A5CDF89D-02A2-4EC1-89F8-F534FDABDD96,0.07,m0.05_k10,0.05,10,hysteresis,0.024999999999999998,0.7722222222222223,1.0,0.0,1.0,0.5586592178770949,0.0,0.0,1.0,1.5,,1.5,60.0,0.7722222222222223
A5CDF89D-02A2-4EC1-89F8-F534FDABDD96,0.07,m0.05_k3,0.05,3,hysteresis,0.03333333333333333,0.016666666666666666,2.0,0.0,0.0,1.1173184357541899,0.0,0.0,0.0,2.0,2.0,2.0,2.0,0.016666666666666666
A5CDF89D-02A2-4EC1-89F8-F534FDABDD96,0.07,m0.1_k3,0.1,3,hysteresis,0.03333333333333333,0.09444444444444444,2.0,0.0,0.0,1.1173184357541899,0.0,0.0,0.0,2.0,11.333333333333334,2.0,11.333333333333334,0.09444444444444444
A5CDF89D-02A2-4EC1-89F8-F534FDABDD96,0.07,m0.2_k1,0.2,1,margin_only,0.0,0.18194444444444444,1.8333333333333333,0.0,0.16666666666666666,1.0242085661080074,0.0,0.0,0.16666666666666666,0.0,14.2,0.0,21.833333333333332,0.18194444444444444
A5CDF89D-02A2-4EC1-89F8-F534FDABDD96,0.07,m0.2_k2,0.2,2,hysteresis,0.016666666666666666,0.5,1.0,0.0,1.0,0.5586592178770949,0.0,0.0,1.0,1.0,,1.0,60.0,0.5
A5CDF89D-02A2-4EC1-89F8-F534FDABDD96,0.07,m0_k1,0.0,1,instantaneous,0.0,0.0,2.0,0.0,0.0,1.1173184357541899,0.0,0.0,0.0,0.0,0.0,0.0,0.0,0.0
A5CDF89D-02A2-4EC1-89F8-F534FDABDD96,0.07,m0_k10,0.0,10,dwell_only,0.024999999999999998,0.8208333333333333,1.0,0.0,1.0,0.5586592178770949,0.0,0.0,1.0,1.5,,1.5,60.0,0.8208333333333333
A5CDF89D-02A2-4EC1-89F8-F534FDABDD96,0.07,m0_k2,0.0,2,dwell_only,0.016666666666666666,0.008333333333333333,2.0,0.0,0.0,1.1173184357541899,0.0,0.0,0.0,1.0,1.0,1.0,1.0,0.008333333333333333
A5CDF89D-02A2-4EC1-89F8-F534FDABDD96,0.07,m0_k5,0.0,5,dwell_only,0.06666666666666667,0.03333333333333333,2.0,0.0,0.0,1.1173184357541899,0.0,0.0,0.0,4.0,4.0,4.0,4.0,0.03333333333333333
A76A5AF5-5A93-4CF2-A16E-62353BB70E8A,0.03,m0.05_k1,0.05,1,margin_only,0.0,0.4,1.2,0.0,0.8,0.6703910614525139,0.0,0.0,0.6,0.0,0.0,0.0,36.0,0.4
A76A5AF5-5A93-4CF2-A16E-62353BB70E8A,0.03,m0.05_k10,0.05,10,hysteresis,0.03666666666666667,0.7150000000000001,1.0,0.0,1.0,0.5586592178770949,0.0,0.0,1.0,2.2,,2.2,60.0,0.7150000000000001
A76A5AF5-5A93-4CF2-A16E-62353BB70E8A,0.03,m0.05_k2,0.05,2,hysteresis,0.013333333333333332,0.40166666666666667,1.4,0.0,0.6,0.7821229050279329,0.0,0.0,0.6,0.8,1.0,0.8,36.4,0.40166666666666667
A76A5AF5-5A93-4CF2-A16E-62353BB70E8A,0.03,m0.05_k3,0.05,3,hysteresis,0.026666666666666665,0.4333333333333333,2.2,0.6,0.4,1.2290502793296088,0.0,0.0,0.6,1.6,2.0,1.6,36.8,0.4333333333333333
A76A5AF5-5A93-4CF2-A16E-62353BB70E8A,0.03,m0.05_k5,0.05,5,hysteresis,0.05,0.4966666666666667,2.2,0.6,0.4,1.2290502793296088,0.0,0.0,0.6,3.0,19.0,3.0,43.6,0.4966666666666667
A76A5AF5-5A93-4CF2-A16E-62353BB70E8A,0.03,m0.1_k2,0.1,2,hysteresis,0.013333333333333332,0.40166666666666667,1.4,0.0,0.6,0.7821229050279329,0.0,0.0,0.6,0.8,1.0,0.8,36.4,0.40166666666666667
A76A5AF5-5A93-4CF2-A16E-62353BB70E8A,0.03,m0.1_k3,0.1,3,hysteresis,0.026666666666666665,0.485,1.4,0.0,0.6,0.7821229050279329,0.0,0.0,0.6,1.6,26.5,1.6,46.6,0.485
A76A5AF5-5A93-4CF2-A16E-62353BB70E8A,0.03,m0.1_k5,0.1,5,hysteresis,0.03666666666666667,0.7,1.4,0.2,0.8,0.782122905027933,0.0,0.0,1.0,2.2,,2.2,60.0,0.7
A76A5AF5-5A93-4CF2-A16E-62353BB70E8A,0.03,m0_k1,0.0,1,instantaneous,0.0,0.4,1.2,0.0,0.8,0.6703910614525139,0.0,0.0,0.6,0.0,0.0,0.0,36.0,0.4
A76A5AF5-5A93-4CF2-A16E-62353BB70E8A,0.03,m0_k10,0.0,10,dwell_only,0.09666666666666665,0.5116666666666667,2.2,0.6,0.4,1.2290502793296088,0.0,0.0,0.6,5.8,24.0,5.8,45.6,0.5116666666666667
A76A5AF5-5A93-4CF2-A16E-62353BB70E8A,0.03,m0_k2,0.0,2,dwell_only,0.013333333333333332,0.40166666666666667,1.4,0.0,0.6,0.7821229050279329,0.0,0.0,0.6,0.8,1.0,0.8,36.4,0.40166666666666667
A76A5AF5-5A93-4CF2-A16E-62353BB70E8A,0.03,m0_k3,0.0,3,dwell_only,0.026666666666666665,0.4133333333333334,2.2,0.6,0.4,1.2290502793296088,0.8,0.0,0.6,1.6,2.0,1.6,36.8,0.4133333333333334
A76A5AF5-5A93-4CF2-A16E-62353BB70E8A,0.03,m0_k5,0.0,5,dwell_only,0.05,0.44333333333333336,2.2,0.6,0.4,1.2290502793296088,0.0,0.0,0.6,3.0,6.0,3.0,38.4,0.44333333333333336
A76A5AF5-5A93-4CF2-A16E-62353BB70E8A,0.05,m0.05_k1,0.05,1,margin_only,0.0,0.4,1.2,0.0,0.8,0.6703910614525139,0.0,0.0,0.6,0.0,0.0,0.0,36.0,0.4
A76A5AF5-5A93-4CF2-A16E-62353BB70E8A,0.05,m0.05_k10,0.05,10,hysteresis,0.09666666666666665,0.585,1.0,0.0,1.0,0.5586592178770949,0.0,0.0,1.0,5.8,,5.8,60.0,0.585
A76A5AF5-5A93-4CF2-A16E-62353BB70E8A,0.05,m0.05_k2,0.05,2,hysteresis,0.013333333333333332,0.40166666666666667,1.4,0.0,0.6,0.7821229050279329,0.0,0.0,0.6,0.8,1.0,0.8,36.4,0.40166666666666667
A76A5AF5-5A93-4CF2-A16E-62353BB70E8A,0.05,m0.05_k3,0.05,3,hysteresis,0.026666666666666665,0.4033333333333333,1.4,0.0,0.6,0.7821229050279329,0.0,0.0,0.6,1.6,2.0,1.6,36.8,0.4033333333333333
A76A5AF5-5A93-4CF2-A16E-62353BB70E8A,0.05,m0.1_k1,0.1,1,margin_only,0.0,0.4,1.2,0.0,0.8,0.6703910614525139,0.0,0.0,0.6,0.0,0.0,0.0,36.0,0.4
A76A5AF5-5A93-4CF2-A16E-62353BB70E8A,0.05,m0.1_k3,0.1,3,hysteresis,0.026666666666666665,0.4033333333333333,1.4,0.0,0.6,0.7821229050279329,0.0,0.0,0.6,1.6,2.0,1.6,36.8,0.4033333333333333
A76A5AF5-5A93-4CF2-A16E-62353BB70E8A,0.05,m0.1_k5,0.1,5,hysteresis,0.05333333333333333,0.5933333333333334,1.0,0.0,1.0,0.5586592178770949,0.0,0.0,1.0,3.2,,3.2,60.0,0.5933333333333334
A76A5AF5-5A93-4CF2-A16E-62353BB70E8A,0.05,m0.2_k2,0.2,2,hysteresis,0.013333333333333332,0.5983333333333334,1.0,0.0,1.0,0.5586592178770949,0.0,0.0,1.0,0.8,,0.8,60.0,0.5983333333333334
A76A5AF5-5A93-4CF2-A16E-62353BB70E8A,0.05,m0_k1,0.0,1,instantaneous,0.0,0.4,1.2,0.0,0.8,0.6703910614525139,0.0,0.0,0.6,0.0,0.0,0.0,36.0,0.4
A76A5AF5-5A93-4CF2-A16E-62353BB70E8A,0.05,m0_k10,0.0,10,dwell_only,0.09666666666666665,0.4383333333333333,1.4,0.0,0.6,0.7821229050279329,0.0,0.0,0.6,5.8,16.0,5.8,42.4,0.4383333333333333
A76A5AF5-5A93-4CF2-A16E-62353BB70E8A,0.05,m0_k2,0.0,2,dwell_only,0.013333333333333332,0.40166666666666667,1.4,0.0,0.6,0.7821229050279329,0.0,0.0,0.6,0.8,1.0,0.8,36.4,0.40166666666666667
A76A5AF5-5A93-4CF2-A16E-62353BB70E8A,0.05,m0_k3,0.0,3,dwell_only,0.026666666666666665,0.4033333333333333,1.4,0.0,0.6,0.7821229050279329,0.0,0.0,0.6,1.6,2.0,1.6,36.8,0.4033333333333333
A76A5AF5-5A93-4CF2-A16E-62353BB70E8A,0.05,m0_k5,0.0,5,dwell_only,0.05,0.43666666666666665,2.2,0.6,0.4,1.2290502793296088,0.0,0.0,0.6,3.0,4.0,3.0,37.6,0.43666666666666665
A76A5AF5-5A93-4CF2-A16E-62353BB70E8A,0.07,m0.05_k1,0.05,1,margin_only,0.0,0.4,1.2,0.0,0.8,0.6703910614525139,0.0,0.0,0.6,0.0,0.0,0.0,36.0,0.4
A76A5AF5-5A93-4CF2-A16E-62353BB70E8A,0.07,m0.05_k10,0.05,10,hysteresis,0.11666666666666665,0.585,1.0,0.0,1.0,0.5586592178770949,0.0,0.0,1.0,7.0,,7.0,60.0,0.585
A76A5AF5-5A93-4CF2-A16E-62353BB70E8A,0.07,m0.05_k2,0.05,2,hysteresis,0.013333333333333332,0.40166666666666667,1.4,0.0,0.6,0.7821229050279329,0.0,0.0,0.6,0.8,1.0,0.8,36.4,0.40166666666666667
A76A5AF5-5A93-4CF2-A16E-62353BB70E8A,0.07,m0.05_k5,0.05,5,hysteresis,0.05333333333333333,0.4066666666666666,1.4,0.0,0.6,0.7821229050279329,0.0,0.0,0.6,3.2,4.0,3.2,37.6,0.4066666666666666
A76A5AF5-5A93-4CF2-A16E-62353BB70E8A,0.07,m0.1_k2,0.1,2,hysteresis,0.013333333333333332,0.40166666666666667,1.4,0.0,0.6,0.7821229050279329,0.0,0.0,0.6,0.8,1.0,0.8,36.4,0.40166666666666667
A76A5AF5-5A93-4CF2-A16E-62353BB70E8A,0.07,m0.1_k5,0.1,5,hysteresis,0.05333333333333333,0.45666666666666667,1.4,0.0,0.6,0.7821229050279329,0.0,0.0,0.6,3.2,19.0,3.2,43.6,0.45666666666666667
A76A5AF5-5A93-4CF2-A16E-62353BB70E8A,0.07,m0.2_k3,0.2,3,hysteresis,0.026666666666666665,0.5966666666666667,1.0,0.0,1.0,0.5586592178770949,0.0,0.0,1.0,1.6,,1.6,60.0,0.5966666666666667
A76A5AF5-5A93-4CF2-A16E-62353BB70E8A,0.07,m0_k1,0.0,1,instantaneous,0.0,0.4,1.2,0.0,0.8,0.6703910614525139,0.0,0.0,0.6,0.0,0.0,0.0,36.0,0.4
A76A5AF5-5A93-4CF2-A16E-62353BB70E8A,0.07,m0_k10,0.0,10,dwell_only,0.11666666666666665,0.43499999999999994,1.4,0.0,0.6,0.7821229050279329,0.0,0.0,0.6,7.0,15.0,7.0,42.0,0.43499999999999994
A76A5AF5-5A93-4CF2-A16E-62353BB70E8A,0.07,m0_k2,0.0,2,dwell_only,0.013333333333333332,0.40166666666666667,1.4,0.0,0.6,0.7821229050279329,0.0,0.0,0.6,0.8,1.0,0.8,36.4,0.40166666666666667
A76A5AF5-5A93-4CF2-A16E-62353BB70E8A,0.07,m0_k3,0.0,3,dwell_only,0.026666666666666665,0.4033333333333333,1.4,0.0,0.6,0.7821229050279329,0.0,0.0,0.6,1.6,2.0,1.6,36.8,0.4033333333333333
A76A5AF5-5A93-4CF2-A16E-62353BB70E8A,0.07,m0_k5,0.0,5,dwell_only,0.05333333333333333,0.4066666666666666,1.4,0.0,0.6,0.7821229050279329,0.0,0.0,0.6,3.2,4.0,3.2,37.6,0.4066666666666666
B09E373F-8A54-44C8-895B-0039390B859F,0.03,m0.05_k1,0.05,1,margin_only,0.016666666666666666,0.005555555555555556,4.0,2.0,0.0,2.2346368715083798,1.8333333333333333,0.0,0.0,0.16666666666666666,0.0,0.16666666666666666,0.0,0.005555555555555556
B09E373F-8A54-44C8-895B-0039390B859F,0.03,m0.05_k2,0.05,2,hysteresis,0.019444444444444445,0.013888888888888888,2.3333333333333335,0.3333333333333333,0.0,1.303538175046555,0.0,0.0,0.0,1.1666666666666667,1.0,1.1666666666666667,1.0,0.013888888888888888
B09E373F-8A54-44C8-895B-0039390B859F,0.03,m0.05_k3,0.05,3,hysteresis,0.036111111111111115,0.10416666666666667,2.6666666666666665,0.6666666666666666,0.0,1.48975791433892,0.0,0.0,0.0,2.1666666666666665,10.833333333333334,2.1666666666666665,10.833333333333334,0.10416666666666667
B09E373F-8A54-44C8-895B-0039390B859F,0.03,m0.05_k5,0.05,5,hysteresis,0.049999999999999996,0.3236111111111111,2.1666666666666665,0.5,0.3333333333333333,1.2104283054003724,0.0,0.0,0.3333333333333333,3.0,8.75,3.0,25.833333333333332,0.3236111111111111
B09E373F-8A54-44C8-895B-0039390B859F,0.03,m0.1_k1,0.1,1,margin_only,0.019444444444444445,0.005555555555555556,4.0,2.0,0.0,2.2346368715083798,1.8333333333333333,0.0,0.0,0.16666666666666666,0.0,0.16666666666666666,0.0,0.005555555555555556
B09E373F-8A54-44C8-895B-0039390B859F,0.03,m0.1_k2,0.1,2,hysteresis,0.019444444444444445,0.09027777777777779,2.3333333333333335,0.3333333333333333,0.0,1.303538175046555,0.0,0.0,0.0,1.1666666666666667,9.833333333333334,1.1666666666666667,9.833333333333334,0.09027777777777779
B09E373F-8A54-44C8-895B-0039390B859F,0.03,m0.1_k3,0.1,3,hysteresis,0.030555555555555558,0.14583333333333334,2.1666666666666665,0.3333333333333333,0.16666666666666666,1.2104283054003724,0.0,0.0,0.16666666666666666,1.8333333333333333,2.6,1.8333333333333333,12.166666666666666,0.14583333333333334
B09E373F-8A54-44C8-895B-0039390B859F,0.03,m0.1_k5,0.1,5,hysteresis,0.05555555555555555,0.4583333333333333,1.3333333333333333,0.0,0.6666666666666666,0.74487895716946,0.0,0.0,0.6666666666666666,3.3333333333333335,34.0,3.3333333333333335,51.333333333333336,0.4583333333333333
B09E373F-8A54-44C8-895B-0039390B859F,0.03,m0.2_k1,0.2,1,margin_only,0.002777777777777778,0.011111111111111112,2.3333333333333335,0.3333333333333333,0.0,1.303538175046555,0.0,0.0,0.0,0.16666666666666666,0.3333333333333333,0.16666666666666666,0.3333333333333333,0.011111111111111112
B09E373F-8A54-44C8-895B-0039390B859F,0.03,m0_k1,0.0,1,instantaneous,0.019444444444444445,0.006944444444444444,4.666666666666667,2.6666666666666665,0.0,2.60707635009311,2.5,0.0,0.0,0.16666666666666666,0.0,0.16666666666666666,0.0,0.006944444444444444
B09E373F-8A54-44C8-895B-0039390B859F,0.03,m0_k10,0.0,10,dwell_only,0.0,0.8583333333333334,1.1666666666666667,0.0,0.8333333333333334,0.6517690875232774,0.0,0.0,0.8333333333333334,0.0,37.0,0.0,56.166666666666664,0.8583333333333334
B09E373F-8A54-44C8-895B-0039390B859F,0.03,m0_k2,0.0,2,dwell_only,0.019444444444444445,0.018055555555555554,2.6666666666666665,0.6666666666666666,0.0,1.48975791433892,0.3333333333333333,0.0,0.0,1.1666666666666667,1.0,1.1666666666666667,1.0,0.018055555555555554
B09E373F-8A54-44C8-895B-0039390B859F,0.03,m0_k3,0.0,3,dwell_only,0.036111111111111115,0.04027777777777778,3.0,1.0,0.0,1.675977653631285,0.3333333333333333,0.0,0.0,2.1666666666666665,2.0,2.1666666666666665,2.0,0.04027777777777778
B09E373F-8A54-44C8-895B-0039390B859F,0.03,m0_k5,0.0,5,dwell_only,0.06111111111111111,0.22777777777777777,3.5,1.5,0.0,1.9553072625698322,0.0,0.0,0.0,3.6666666666666665,14.333333333333334,3.6666666666666665,14.333333333333334,0.22777777777777777
B09E373F-8A54-44C8-895B-0039390B859F,0.05,m0.05_k1,0.05,1,margin_only,0.016666666666666666,0.005555555555555556,4.0,2.0,0.0,2.2346368715083798,1.8333333333333333,0.0,0.0,0.16666666666666666,0.0,0.16666666666666666,0.0,0.005555555555555556
B09E373F-8A54-44C8-895B-0039390B859F,0.05,m0.05_k10,0.05,10,hysteresis,0.06666666666666667,0.6097222222222222,1.1666666666666667,0.0,0.8333333333333334,0.6517690875232774,0.0,0.0,0.8333333333333334,4.0,37.0,4.0,56.166666666666664,0.6097222222222222
B09E373F-8A54-44C8-895B-0039390B859F,0.05,m0.05_k2,0.05,2,hysteresis,0.019444444444444445,0.011111111111111112,2.3333333333333335,0.3333333333333333,0.0,1.303538175046555,0.3333333333333333,0.0,0.0,1.1666666666666667,1.0,1.1666666666666667,1.0,0.011111111111111112
B09E373F-8A54-44C8-895B-0039390B859F,0.05,m0.05_k3,0.05,3,hysteresis,0.036111111111111115,0.02361111111111111,2.3333333333333335,0.3333333333333333,0.0,1.303538175046555,0.0,0.0,0.0,2.1666666666666665,2.0,2.1666666666666665,2.0,0.02361111111111111
B09E373F-8A54-44C8-895B-0039390B859F,0.05,m0.05_k5,0.05,5,hysteresis,0.06944444444444443,0.12777777777777777,2.3333333333333335,0.3333333333333333,0.0,1.303538175046555,0.0,0.0,0.0,4.166666666666667,14.333333333333334,4.166666666666667,14.333333333333334,0.12777777777777777
B09E373F-8A54-44C8-895B-0039390B859F,0.05,m0.1_k1,0.1,1,margin_only,0.019444444444444445,0.005555555555555556,4.0,2.0,0.0,2.2346368715083798,1.8333333333333333,0.0,0.0,0.16666666666666666,0.0,0.16666666666666666,0.0,0.005555555555555556
B09E373F-8A54-44C8-895B-0039390B859F,0.05,m0.1_k2,0.1,2,hysteresis,0.019444444444444445,0.008333333333333333,2.0,0.0,0.0,1.1173184357541899,0.0,0.0,0.0,1.1666666666666667,1.0,1.1666666666666667,1.0,0.008333333333333333
B09E373F-8A54-44C8-895B-0039390B859F,0.05,m0.1_k3,0.1,3,hysteresis,0.036111111111111115,0.11944444444444445,2.3333333333333335,0.3333333333333333,0.0,1.303538175046555,0.0,0.0,0.0,2.1666666666666665,10.833333333333334,2.1666666666666665,10.833333333333334,0.11944444444444445
B09E373F-8A54-44C8-895B-0039390B859F,0.05,m0.1_k5,0.1,5,hysteresis,0.05833333333333333,0.3333333333333333,1.5,0.0,0.5,0.8379888268156424,0.0,0.0,0.5,3.5,12.666666666666666,3.5,36.333333333333336,0.3333333333333333
B09E373F-8A54-44C8-895B-0039390B859F,0.05,m0.2_k2,0.2,2,hysteresis,0.019444444444444445,0.18333333333333335,1.6666666666666667,0.0,0.3333333333333333,0.931098696461825,0.0,0.0,0.3333333333333333,1.1666666666666667,3.0,1.1666666666666667,22.0,0.18333333333333335
B09E373F-8A54-44C8-895B-0039390B859F,0.05,m0_k1,0.0,1,instantaneous,0.019444444444444445,0.006944444444444444,4.666666666666667,2.6666666666666665,0.0,2.60707635009311,2.5,0.0,0.0,0.16666666666666666,0.0,0.16666666666666666,0.0,0.006944444444444444
B09E373F-8A54-44C8-895B-0039390B859F,0.05,m0_k2,0.0,2,dwell_only,0.019444444444444445,0.013888888888888888,2.3333333333333335,0.3333333333333333,0.0,1.303538175046555,0.0,0.0,0.0,1.1666666666666667,1.0,1.1666666666666667,1.0,0.013888888888888888
B09E373F-8A54-44C8-895B-0039390B859F,0.05,m0_k3,0.0,3,dwell_only,0.036111111111111115,0.022222222222222223,2.3333333333333335,0.3333333333333333,0.0,1.303538175046555,0.0,0.0,0.0,2.1666666666666665,2.0,2.1666666666666665,2.0,0.022222222222222223
B09E373F-8A54-44C8-895B-0039390B859F,0.05,m0_k5,0.0,5,dwell_only,0.06944444444444443,0.05277777777777778,2.6666666666666665,0.6666666666666666,0.0,1.48975791433892,0.0,0.0,0.0,4.166666666666667,4.0,4.166666666666667,4.0,0.05277777777777778
B09E373F-8A54-44C8-895B-0039390B859F,0.07,m0.05_k1,0.05,1,margin_only,0.022222222222222223,0.005555555555555556,4.333333333333333,2.3333333333333335,0.0,2.4208566108007448,2.1666666666666665,0.0,0.0,0.16666666666666666,0.0,0.16666666666666666,0.0,0.005555555555555556
B09E373F-8A54-44C8-895B-0039390B859F,0.07,m0.05_k10,0.05,10,hysteresis,0.11666666666666665,0.4458333333333333,1.3333333333333333,0.0,0.6666666666666666,0.74487895716946,0.0,0.0,0.6666666666666666,7.0,27.5,7.0,49.166666666666664,0.4458333333333333
B09E373F-8A54-44C8-895B-0039390B859F,0.07,m0.05_k2,0.05,2,hysteresis,0.019444444444444445,0.008333333333333333,2.0,0.0,0.0,1.1173184357541899,0.0,0.0,0.0,1.1666666666666667,1.0,1.1666666666666667,1.0,0.008333333333333333
B09E373F-8A54-44C8-895B-0039390B859F,0.07,m0.1_k1,0.1,1,margin_only,0.019444444444444445,0.005555555555555556,4.0,2.0,0.0,2.2346368715083798,1.8333333333333333,0.0,0.0,0.16666666666666666,0.0,0.16666666666666666,0.0,0.005555555555555556
B09E373F-8A54-44C8-895B-0039390B859F,0.07,m0.1_k10,0.1,10,hysteresis,0.11666666666666665,0.5361111111111111,1.0,0.0,1.0,0.5586592178770949,0.0,0.0,1.0,7.0,,7.0,60.0,0.5361111111111111
B09E373F-8A54-44C8-895B-0039390B859F,0.07,m0.1_k5,0.1,5,hysteresis,0.06944444444444443,0.14444444444444446,1.8333333333333333,0.0,0.16666666666666666,1.0242085661080074,0.0,0.0,0.16666666666666666,4.166666666666667,8.8,4.166666666666667,17.333333333333332,0.14444444444444446
B09E373F-8A54-44C8-895B-0039390B859F,0.07,m0.2_k1,0.2,1,margin_only,0.016666666666666666,0.005555555555555556,3.6666666666666665,1.6666666666666667,0.0,2.0484171322160147,1.5,0.0,0.0,0.16666666666666666,0.0,0.16666666666666666,0.0,0.005555555555555556
B09E373F-8A54-44C8-895B-0039390B859F,0.07,m0_k1,0.0,1,instantaneous,0.019444444444444445,0.005555555555555556,4.333333333333333,2.3333333333333335,0.0,2.4208566108007448,2.1666666666666665,0.0,0.0,0.16666666666666666,0.0,0.16666666666666666,0.0,0.005555555555555556
B09E373F-8A54-44C8-895B-0039390B859F,0.07,m0_k10,0.0,10,dwell_only,0.11666666666666665,0.2777777777777778,2.1666666666666665,0.3333333333333333,0.16666666666666666,1.2104283054003724,0.0,0.0,0.16666666666666666,7.0,10.8,7.0,19.0,0.2777777777777778
B09E373F-8A54-44C8-895B-0039390B859F,0.07,m0_k2,0.0,2,dwell_only,0.019444444444444445,0.013888888888888888,2.3333333333333335,0.3333333333333333,0.0,1.303538175046555,0.0,0.0,0.0,1.1666666666666667,1.0,1.1666666666666667,1.0,0.013888888888888888
B09E373F-8A54-44C8-895B-0039390B859F,0.07,m0_k5,0.0,5,dwell_only,0.06944444444444443,0.03333333333333333,2.0,0.0,0.0,1.1173184357541899,0.0,0.0,0.0,4.166666666666667,4.0,4.166666666666667,4.0,0.03333333333333333
B9724848-C7E2-45F4-9B3F-A1F38D864495,0.03,m0.05_k3,0.05,3,hysteresis,0.020833333333333332,0.38958333333333334,3.25,1.5,0.25,1.8156424581005588,0.5,0.0,0.5,1.25,3.5,1.25,31.75,0.38958333333333334
B9724848-C7E2-45F4-9B3F-A1F38D864495,0.03,m0.05_k5,0.05,5,hysteresis,0.03333333333333333,0.6479166666666667,2.0,0.5,0.5,1.1173184357541899,0.0,0.0,0.75,2.0,6.0,2.0,46.5,0.6479166666666667
B9724848-C7E2-45F4-9B3F-A1F38D864495,0.03,m0.1_k3,0.1,3,hysteresis,0.025,0.42291666666666666,1.25,0.0,0.75,0.6983240223463687,0.0,0.0,0.75,1.5,4.0,1.5,46.0,0.42291666666666666
B9724848-C7E2-45F4-9B3F-A1F38D864495,0.03,m0_k1,0.0,1,instantaneous,0.0,0.25,1.5,0.0,0.5,0.8379888268156425,0.0,0.0,0.5,0.0,0.0,0.0,30.0,0.25
B9724848-C7E2-45F4-9B3F-A1F38D864495,0.03,m0_k10,0.0,10,dwell_only,0.0375,0.6979166666666667,1.0,0.0,1.0,0.5586592178770949,0.0,0.0,1.0,2.25,,2.25,60.0,0.6979166666666667
B9724848-C7E2-45F4-9B3F-A1F38D864495,0.03,m0_k2,0.0,2,dwell_only,0.016666666666666666,0.275,2.0,0.25,0.25,1.1173184357541899,0.0,0.0,0.5,1.0,1.0,1.0,30.5,0.275
B9724848-C7E2-45F4-9B3F-A1F38D864495,0.03,m0_k3,0.0,3,dwell_only,0.020833333333333332,0.4083333333333333,3.75,2.0,0.25,2.094972067039106,1.0,0.0,0.5,1.25,2.5,1.25,31.25,0.4083333333333333
B9724848-C7E2-45F4-9B3F-A1F38D864495,0.03,m0_k5,0.0,5,dwell_only,0.03333333333333333,0.6375,2.5,1.0,0.5,1.3966480446927374,0.0,0.0,0.75,2.0,6.0,2.0,46.5,0.6375
B9724848-C7E2-45F4-9B3F-A1F38D864495,0.05,m0.05_k1,0.05,1,margin_only,0.0,0.25625,1.5,0.0,0.5,0.8379888268156425,0.0,0.0,0.5,0.0,1.5,0.0,30.75,0.25625
B9724848-C7E2-45F4-9B3F-A1F38D864495,0.05,m0.05_k5,0.05,5,hysteresis,0.03333333333333333,0.5083333333333333,1.75,0.25,0.5,0.9776536312849162,0.0,0.0,0.75,2.0,6.0,2.0,46.5,0.5083333333333333
B9724848-C7E2-45F4-9B3F-A1F38D864495,0.05,m0.1_k1,0.1,1,margin_only,0.0,0.25625,1.5,0.0,0.5,0.8379888268156425,0.0,0.0,0.5,0.0,1.5,0.0,30.75,0.25625
B9724848-C7E2-45F4-9B3F-A1F38D864495,0.05,m0.1_k5,0.1,5,hysteresis,0.016666666666666666,0.65,1.0,0.0,1.0,0.5586592178770949,0.0,0.0,1.0,1.0,,1.0,60.0,0.65
B9724848-C7E2-45F4-9B3F-A1F38D864495,0.05,m0_k1,0.0,1,instantaneous,0.0,0.25,1.5,0.0,0.5,0.8379888268156425,0.0,0.0,0.5,0.0,0.0,0.0,30.0,0.25
B9724848-C7E2-45F4-9B3F-A1F38D864495,0.05,m0_k2,0.0,2,dwell_only,0.016666666666666666,0.25416666666666665,1.5,0.0,0.5,0.8379888268156425,0.0,0.0,0.5,1.0,1.0,1.0,30.5,0.25416666666666665
B9724848-C7E2-45F4-9B3F-A1F38D864495,0.05,m0_k5,0.0,5,dwell_only,0.04583333333333334,0.4270833333333333,3.25,1.5,0.25,1.8156424581005586,0.0,0.0,0.5,2.75,5.5,2.75,32.75,0.4270833333333333
B9724848-C7E2-45F4-9B3F-A1F38D864495,0.07,m0.05_k1,0.05,1,margin_only,0.0,0.2520833333333333,1.5,0.0,0.5,0.8379888268156425,0.0,0.0,0.5,0.0,0.5,0.0,30.25,0.2520833333333333
B9724848-C7E2-45F4-9B3F-A1F38D864495,0.07,m0.05_k10,0.05,10,hysteresis,0.0375,0.6458333333333333,1.0,0.0,1.0,0.5586592178770949,0.0,0.0,1.0,2.25,,2.25,60.0,0.6458333333333333
B9724848-C7E2-45F4-9B3F-A1F38D864495,0.07,m0.05_k5,0.05,5,hysteresis,0.06666666666666667,0.4145833333333333,1.75,0.25,0.5,0.9776536312849162,0.0,0.0,0.75,4.0,6.0,4.0,46.5,0.4145833333333333
B9724848-C7E2-45F4-9B3F-A1F38D864495,0.07,m0.1_k1,0.1,1,margin_only,0.0,0.25625,1.5,0.0,0.5,0.8379888268156425,0.0,0.0,0.5,0.0,1.5,0.0,30.75,0.25625
B9724848-C7E2-45F4-9B3F-A1F38D864495,0.07,m0.1_k5,0.1,5,hysteresis,0.06666666666666667,0.3875,1.25,0.0,0.75,0.6983240223463687,0.0,0.0,0.75,4.0,6.0,4.0,46.5,0.3875
B9724848-C7E2-45F4-9B3F-A1F38D864495,0.07,m0_k10,0.0,10,dwell_only,0.0375,0.6458333333333333,1.0,0.0,1.0,0.5586592178770949,0.0,0.0,1.0,2.25,,2.25,60.0,0.6458333333333333
B9724848-C7E2-45F4-9B3F-A1F38D864495,0.07,m0_k5,0.0,5,dwell_only,0.06666666666666667,0.29374999999999996,2.0,0.25,0.25,1.1173184357541899,0.0,0.0,0.5,4.0,4.0,4.0,32.0,0.29374999999999996
BE3CA5A6-A561-4BBD-B7C9-5DF6805400FC,0.03,m0.05_k1,0.05,1,margin_only,0.0,0.0,2.0,0.0,0.0,1.1173184357541899,0.0,0.0,0.0,0.0,0.0,0.0,0.0,0.0
BE3CA5A6-A561-4BBD-B7C9-5DF6805400FC,0.03,m0.05_k10,0.05,10,hysteresis,0.024999999999999998,0.7555555555555555,1.0,0.0,1.0,0.5586592178770949,0.0,0.0,1.0,1.5,,1.5,60.0,0.7555555555555555
BE3CA5A6-A561-4BBD-B7C9-5DF6805400FC,0.03,m0.05_k2,0.05,2,hysteresis,0.016666666666666666,0.17777777777777778,1.6666666666666667,0.0,0.3333333333333333,0.931098696461825,0.0,0.0,0.3333333333333333,1.0,2.0,1.0,21.333333333333332,0.17777777777777778
BE3CA5A6-A561-4BBD-B7C9-5DF6805400FC,0.03,m0.05_k3,0.05,3,hysteresis,0.022222222222222223,0.32083333333333336,2.0,0.16666666666666666,0.16666666666666666,1.1173184357541899,0.0,0.0,0.3333333333333333,1.3333333333333333,5.25,1.3333333333333333,23.5,0.32083333333333336
BE3CA5A6-A561-4BBD-B7C9-5DF6805400FC,0.03,m0.05_k5,0.05,5,hysteresis,0.044444444444444446,0.4777777777777778,1.6666666666666667,0.16666666666666666,0.5,0.931098696461825,0.0,0.0,0.6666666666666666,2.6666666666666665,7.5,2.6666666666666665,42.5,0.4777777777777778
BE3CA5A6-A561-4BBD-B7C9-5DF6805400FC,0.03,m0.1_k2,0.1,2,hysteresis,0.016666666666666666,0.17777777777777778,1.6666666666666667,0.0,0.3333333333333333,0.931098696461825,0.0,0.0,0.3333333333333333,1.0,2.0,1.0,21.333333333333332,0.17777777777777778
BE3CA5A6-A561-4BBD-B7C9-5DF6805400FC,0.03,m0.1_k3,0.1,3,hysteresis,0.022222222222222223,0.4305555555555556,2.0,0.16666666666666666,0.16666666666666666,1.1173184357541899,0.0,0.0,0.5,1.3333333333333333,14.0,1.3333333333333333,37.0,0.4305555555555556
BE3CA5A6-A561-4BBD-B7C9-5DF6805400FC,0.03,m0.1_k5,0.1,5,hysteresis,0.03333333333333333,0.6666666666666666,1.0,0.0,1.0,0.5586592178770949,0.0,0.0,1.0,2.0,,2.0,60.0,0.6666666666666666
BE3CA5A6-A561-4BBD-B7C9-5DF6805400FC,0.03,m0.2_k2,0.2,2,hysteresis,0.016666666666666666,0.2652777777777778,1.6666666666666667,0.0,0.3333333333333333,0.931098696461825,0.0,0.0,0.3333333333333333,1.0,17.75,1.0,31.833333333333332,0.2652777777777778
BE3CA5A6-A561-4BBD-B7C9-5DF6805400FC,0.03,m0_k1,0.0,1,instantaneous,0.008333333333333333,0.0,2.3333333333333335,0.3333333333333333,0.0,1.303538175046555,0.3333333333333333,0.0,0.0,0.0,0.0,0.0,0.0,0.0
BE3CA5A6-A561-4BBD-B7C9-5DF6805400FC,0.03,m0_k10,0.0,10,dwell_only,0.03888888888888889,0.6333333333333334,1.8333333333333333,0.3333333333333333,0.5,1.0242085661080074,0.0,0.0,0.6666666666666666,2.3333333333333335,20.0,2.3333333333333335,46.666666666666664,0.6333333333333334
BE3CA5A6-A561-4BBD-B7C9-5DF6805400FC,0.03,m0_k2,0.0,2,dwell_only,0.024999999999999998,0.008333333333333333,2.3333333333333335,0.3333333333333333,0.0,1.303538175046555,0.3333333333333333,0.0,0.0,1.0,1.0,1.0,1.0,0.008333333333333333
BE3CA5A6-A561-4BBD-B7C9-5DF6805400FC,0.03,m0_k3,0.0,3,dwell_only,0.022222222222222223,0.30972222222222223,2.0,0.16666666666666666,0.16666666666666666,1.1173184357541899,0.0,0.0,0.3333333333333333,1.3333333333333333,3.0,1.3333333333333333,22.0,0.30972222222222223
BE3CA5A6-A561-4BBD-B7C9-5DF6805400FC,0.03,m0_k5,0.0,5,dwell_only,0.041666666666666664,0.39999999999999997,2.3333333333333335,0.5,0.16666666666666666,1.303538175046555,0.0,0.0,0.3333333333333333,2.5,14.0,2.5,29.333333333333332,0.39999999999999997
BE3CA5A6-A561-4BBD-B7C9-5DF6805400FC,0.05,m0.05_k1,0.05,1,margin_only,0.008333333333333333,0.0,2.3333333333333335,0.3333333333333333,0.0,1.303538175046555,0.3333333333333333,0.0,0.0,0.0,0.0,0.0,0.0,0.0
BE3CA5A6-A561-4BBD-B7C9-5DF6805400FC,0.05,m0.05_k3,0.05,3,hysteresis,0.03333333333333333,0.016666666666666666,2.0,0.0,0.0,1.1173184357541899,0.0,0.0,0.0,2.0,2.0,2.0,2.0,0.016666666666666666
BE3CA5A6-A561-4BBD-B7C9-5DF6805400FC,0.05,m0.05_k5,0.05,5,hysteresis,0.044444444444444446,0.36527777777777776,2.0,0.16666666666666666,0.16666666666666666,1.1173184357541899,0.0,0.0,0.3333333333333333,2.6666666666666665,14.0,2.6666666666666665,29.333333333333332,0.36527777777777776
BE3CA5A6-A561-4BBD-B7C9-5DF6805400FC,0.05,m0.1_k1,0.1,1,margin_only,0.030555555555555555,0.002777777777777778,2.0,0.0,0.0,1.1173184357541899,0.0,0.0,0.0,1.8333333333333333,0.3333333333333333,1.8333333333333333,0.3333333333333333,0.002777777777777778
BE3CA5A6-A561-4BBD-B7C9-5DF6805400FC,0.05,m0.1_k3,0.1,3,hysteresis,0.03333333333333333,0.18333333333333335,1.6666666666666667,0.0,0.3333333333333333,0.931098696461825,0.0,0.0,0.3333333333333333,2.0,3.0,2.0,22.0,0.18333333333333335
BE3CA5A6-A561-4BBD-B7C9-5DF6805400FC,0.05,m0.1_k5,0.1,5,hysteresis,0.044444444444444446,0.5486111111111112,1.5,0.16666666666666666,0.6666666666666666,0.8379888268156425,0.0,0.0,0.8333333333333334,2.6666666666666665,8.0,2.6666666666666665,51.333333333333336,0.5486111111111112
BE3CA5A6-A561-4BBD-B7C9-5DF6805400FC,0.05,m0.2_k1,0.2,1,margin_only,0.036111111111111115,0.1722222222222222,1.6666666666666667,0.0,0.3333333333333333,0.931098696461825,0.0,0.0,0.3333333333333333,2.1666666666666665,1.0,2.1666666666666665,20.666666666666668,0.1722222222222222
BE3CA5A6-A561-4BBD-B7C9-5DF6805400FC,0.05,m0.2_k3,0.2,3,hysteresis,0.03333333333333333,0.5,1.0,0.0,1.0,0.5586592178770949,0.0,0.0,1.0,2.0,,2.0,60.0,0.5
BE3CA5A6-A561-4BBD-B7C9-5DF6805400FC,0.05,m0_k1,0.0,1,instantaneous,0.013888888888888888,0.0,2.6666666666666665,0.6666666666666666,0.0,1.48975791433892,0.6666666666666666,0.0,0.0,0.0,0.0,0.0,0.0,0.0
BE3CA5A6-A561-4BBD-B7C9-5DF6805400FC,0.05,m0_k10,0.0,10,dwell_only,0.07222222222222223,0.5263888888888889,1.8333333333333333,0.3333333333333333,0.5,1.0242085661080074,0.0,0.0,0.6666666666666666,4.333333333333333,11.0,4.333333333333333,43.666666666666664,0.5263888888888889
BE3CA5A6-A561-4BBD-B7C9-5DF6805400FC,0.05,m0_k2,0.0,2,dwell_only,0.03333333333333333,0.008333333333333333,2.3333333333333335,0.3333333333333333,0.0,1.303538175046555,0.0,0.0,0.0,1.0,1.0,1.0,1.0,0.008333333333333333
BE3CA5A6-A561-4BBD-B7C9-5DF6805400FC,0.05,m0_k3,0.0,3,dwell_only,0.041666666666666664,0.016666666666666666,2.3333333333333335,0.3333333333333333,0.0,1.303538175046555,0.3333333333333333,0.0,0.0,2.0,2.0,2.0,2.0,0.016666666666666666
BE3CA5A6-A561-4BBD-B7C9-5DF6805400FC,0.05,m0_k5,0.0,5,dwell_only,0.044444444444444446,0.31527777777777777,2.0,0.16666666666666666,0.16666666666666666,1.1173184357541899,0.0,0.0,0.3333333333333333,2.6666666666666665,5.0,2.6666666666666665,23.333333333333332,0.31527777777777777
BE3CA5A6-A561-4BBD-B7C9-5DF6805400FC,0.07,m0.05_k1,0.05,1,margin_only,0.03333333333333333,0.0,2.3333333333333335,0.3333333333333333,0.0,1.303538175046555,0.0,0.0,0.0,1.0,0.0,1.0,0.0,0.0
BE3CA5A6-A561-4BBD-B7C9-5DF6805400FC,0.07,m0.05_k10,0.05,10,hysteresis,0.09722222222222221,0.5444444444444444,1.5,0.16666666666666666,0.6666666666666666,0.8379888268156425,0.0,0.0,0.8333333333333334,5.833333333333333,13.0,5.833333333333333,52.166666666666664,0.5444444444444444
BE3CA5A6-A561-4BBD-B7C9-5DF6805400FC,0.07,m0.05_k5,0.05,5,hysteresis,0.06666666666666667,0.19444444444444442,1.6666666666666667,0.0,0.3333333333333333,0.931098696461825,0.0,0.0,0.3333333333333333,4.0,5.0,4.0,23.333333333333332,0.19444444444444442
BE3CA5A6-A561-4BBD-B7C9-5DF6805400FC,0.07,m0.1_k1,0.1,1,margin_only,0.04722222222222222,0.0,2.3333333333333335,0.3333333333333333,0.0,1.303538175046555,0.0,0.0,0.0,1.8333333333333333,0.0,1.8333333333333333,0.0,0.0
BE3CA5A6-A561-4BBD-B7C9-5DF6805400FC,0.07,m0.1_k2,0.1,2,hysteresis,0.04722222222222222,0.04583333333333334,2.0,0.0,0.0,1.1173184357541899,0.0,0.0,0.0,2.8333333333333335,5.5,2.8333333333333335,5.5,0.04583333333333334
BE3CA5A6-A561-4BBD-B7C9-5DF6805400FC,0.07,m0.1_k5,0.1,5,hysteresis,0.06666666666666667,0.24305555555555555,1.6666666666666667,0.0,0.3333333333333333,0.931098696461825,0.0,0.0,0.3333333333333333,4.0,13.75,4.0,29.166666666666668,0.24305555555555555
BE3CA5A6-A561-4BBD-B7C9-5DF6805400FC,0.07,m0.2_k1,0.2,1,margin_only,0.036111111111111115,0.1722222222222222,1.6666666666666667,0.0,0.3333333333333333,0.931098696461825,0.0,0.0,0.3333333333333333,2.1666666666666665,1.0,2.1666666666666665,20.666666666666668,0.1722222222222222
BE3CA5A6-A561-4BBD-B7C9-5DF6805400FC,0.07,m0.2_k2,0.2,2,hysteresis,0.04722222222222222,0.21805555555555556,1.6666666666666667,0.0,0.3333333333333333,0.931098696461825,0.0,0.0,0.3333333333333333,2.8333333333333335,9.25,2.8333333333333335,26.166666666666668,0.21805555555555556
BE3CA5A6-A561-4BBD-B7C9-5DF6805400FC,0.07,m0_k1,0.0,1,instantaneous,0.013888888888888888,0.0,2.6666666666666665,0.6666666666666666,0.0,1.48975791433892,0.6666666666666666,0.0,0.0,0.0,0.0,0.0,0.0,0.0
BE3CA5A6-A561-4BBD-B7C9-5DF6805400FC,0.07,m0_k10,0.0,10,dwell_only,0.09444444444444444,0.43194444444444446,1.8333333333333333,0.16666666666666666,0.3333333333333333,1.0242085661080074,0.0,0.0,0.5,5.666666666666667,17.333333333333332,5.666666666666667,38.666666666666664,0.43194444444444446
BE3CA5A6-A561-4BBD-B7C9-5DF6805400FC,0.07,m0_k2,0.0,2,dwell_only,0.03333333333333333,0.008333333333333333,2.3333333333333335,0.3333333333333333,0.0,1.303538175046555,0.0,0.0,0.0,1.0,1.0,1.0,1.0,0.008333333333333333
BE3CA5A6-A561-4BBD-B7C9-5DF6805400FC,0.07,m0_k3,0.0,3,dwell_only,0.049999999999999996,0.016666666666666666,2.3333333333333335,0.3333333333333333,0.0,1.303538175046555,0.0,0.0,0.0,2.0,2.0,2.0,2.0,0.016666666666666666
BE3CA5A6-A561-4BBD-B7C9-5DF6805400FC,0.07,m0_k5,0.0,5,dwell_only,0.06666666666666667,0.03333333333333333,2.0,0.0,0.0,1.1173184357541899,0.0,0.0,0.0,4.0,4.0,4.0,4.0,0.03333333333333333
CA820D43-E5E2-42EF-9798-BE56F776370B,0.03,m0.05_k3,0.05,3,hysteresis,0.027777777777777776,0.18472222222222223,4.0,2.0,0.0,2.2346368715083798,0.3333333333333333,0.0,0.0,1.6666666666666667,6.0,1.6666666666666667,6.0,0.18472222222222223
CA820D43-E5E2-42EF-9798-BE56F776370B,0.03,m0.05_k5,0.05,5,hysteresis,0.022222222222222223,0.5958333333333333,2.3333333333333335,0.6666666666666666,0.3333333333333333,1.303538175046555,0.0,0.0,0.5,1.3333333333333333,17.0,1.3333333333333333,38.5,0.5958333333333333
CA820D43-E5E2-42EF-9798-BE56F776370B,0.03,m0.1_k3,0.1,3,hysteresis,0.027777777777777776,0.4291666666666667,2.3333333333333335,0.6666666666666666,0.3333333333333333,1.303538175046555,0.0,0.0,0.5,1.6666666666666667,15.0,1.6666666666666667,37.5,0.4291666666666667
CA820D43-E5E2-42EF-9798-BE56F776370B,0.03,m0_k1,0.0,1,instantaneous,0.005555555555555556,0.09305555555555556,8.166666666666666,6.166666666666667,0.0,4.562383612662942,5.333333333333333,0.0,0.0,0.16666666666666666,0.0,0.16666666666666666,0.0,0.09305555555555556
CA820D43-E5E2-42EF-9798-BE56F776370B,0.03,m0_k10,0.0,10,dwell_only,0.024999999999999998,0.8305555555555556,1.3333333333333333,0.16666666666666666,0.8333333333333334,0.74487895716946,0.0,0.0,1.0,1.5,,1.5,60.0,0.8305555555555556
CA820D43-E5E2-42EF-9798-BE56F776370B,0.03,m0_k2,0.0,2,dwell_only,0.019444444444444445,0.11111111111111112,5.166666666666667,3.1666666666666665,0.0,2.8864059590316575,1.3333333333333333,0.0,0.0,1.1666666666666667,1.0,1.1666666666666667,1.0,0.11111111111111112
CA820D43-E5E2-42EF-9798-BE56F776370B,0.03,m0_k3,0.0,3,dwell_only,0.027777777777777776,0.1277777777777778,4.166666666666667,2.1666666666666665,0.0,2.3277467411545625,0.6666666666666666,0.0,0.0,1.6666666666666667,2.0,1.6666666666666667,2.0,0.1277777777777778
CA820D43-E5E2-42EF-9798-BE56F776370B,0.03,m0_k5,0.0,5,dwell_only,0.041666666666666664,0.3513888888888889,4.833333333333333,2.8333333333333335,0.0,2.700186219739292,0.0,0.0,0.16666666666666666,2.5,12.2,2.5,20.166666666666668,0.3513888888888889
CA820D43-E5E2-42EF-9798-BE56F776370B,0.05,m0.05_k1,0.05,1,margin_only,0.075,0.02777777777777778,3.5,1.5,0.0,1.9553072625698322,1.3333333333333333,0.0,0.0,4.333333333333333,0.0,4.333333333333333,0.0,0.02777777777777778
CA820D43-E5E2-42EF-9798-BE56F776370B,0.05,m0.05_k2,0.05,2,hysteresis,0.08888888888888889,0.075,2.8333333333333335,0.8333333333333334,0.0,1.5828677839851022,0.0,0.0,0.0,5.333333333333333,3.6666666666666665,5.333333333333333,3.6666666666666665,0.075
CA820D43-E5E2-42EF-9798-BE56F776370B,0.05,m0.05_k3,0.05,3,hysteresis,0.027777777777777776,0.15,3.3333333333333335,1.3333333333333333,0.0,1.86219739292365,0.0,0.0,0.0,1.6666666666666667,5.666666666666667,1.6666666666666667,5.666666666666667,0.15
CA820D43-E5E2-42EF-9798-BE56F776370B,0.05,m0.05_k5,0.05,5,hysteresis,0.049999999999999996,0.3333333333333333,3.0,1.0,0.0,1.675977653631285,0.0,0.0,0.16666666666666666,3.0,12.4,3.0,20.333333333333332,0.3333333333333333
CA820D43-E5E2-42EF-9798-BE56F776370B,0.05,m0.1_k1,0.1,1,margin_only,0.07222222222222223,0.041666666666666664,2.8333333333333335,0.8333333333333334,0.0,1.5828677839851022,0.3333333333333333,0.0,0.0,4.333333333333333,0.5,4.333333333333333,0.5,0.041666666666666664
CA820D43-E5E2-42EF-9798-BE56F776370B,0.05,m0.1_k2,0.1,2,hysteresis,0.08888888888888889,0.09166666666666666,2.8333333333333335,0.8333333333333334,0.0,1.5828677839851022,0.0,0.0,0.0,5.333333333333333,5.666666666666667,5.333333333333333,5.666666666666667,0.09166666666666666
CA820D43-E5E2-42EF-9798-BE56F776370B,0.05,m0.1_k5,0.1,5,hysteresis,0.049999999999999996,0.6527777777777778,1.6666666666666667,0.3333333333333333,0.6666666666666666,0.931098696461825,0.0,0.0,1.0,3.0,,3.0,60.0,0.6527777777777778
CA820D43-E5E2-42EF-9798-BE56F776370B,0.05,m0.2_k1,0.2,1,margin_only,0.07222222222222223,0.052777777777777785,2.5,0.5,0.0,1.3966480446927374,0.0,0.0,0.0,4.333333333333333,2.1666666666666665,4.333333333333333,2.1666666666666665,0.052777777777777785
CA820D43-E5E2-42EF-9798-BE56F776370B,0.05,m0_k1,0.0,1,instantaneous,0.075,0.051388888888888894,11.5,9.5,0.0,6.424581005586592,9.833333333333334,0.0,0.0,0.3333333333333333,0.0,0.3333333333333333,0.0,0.051388888888888894
CA820D43-E5E2-42EF-9798-BE56F776370B,0.05,m0_k2,0.0,2,dwell_only,0.019444444444444445,0.08333333333333333,4.5,2.5,0.0,2.513966480446927,1.0,0.0,0.0,1.1666666666666667,1.0,1.1666666666666667,1.0,0.08333333333333333
CA820D43-E5E2-42EF-9798-BE56F776370B,0.05,m0_k5,0.0,5,dwell_only,0.049999999999999996,0.24722222222222223,4.166666666666667,2.1666666666666665,0.0,2.3277467411545625,0.0,0.0,0.0,3.0,11.0,3.0,11.0,0.24722222222222223
CA820D43-E5E2-42EF-9798-BE56F776370B,0.07,m0.05_k10,0.05,10,hysteresis,0.06388888888888888,0.638888888888889,1.0,0.0,1.0,0.5586592178770949,0.0,0.0,1.0,3.8333333333333335,,3.8333333333333335,60.0,0.638888888888889
CA820D43-E5E2-42EF-9798-BE56F776370B,0.07,m0.05_k3,0.05,3,hysteresis,0.10555555555555556,0.08888888888888889,2.8333333333333335,0.8333333333333334,0.0,1.5828677839851022,0.0,0.0,0.0,6.333333333333333,5.5,6.333333333333333,5.5,0.08888888888888889
CA820D43-E5E2-42EF-9798-BE56F776370B,0.07,m0.05_k5,0.05,5,hysteresis,0.05555555555555555,0.2611111111111111,2.5,0.5,0.0,1.3966480446927374,0.0,0.0,0.16666666666666666,3.3333333333333335,12.2,3.3333333333333335,20.166666666666668,0.2611111111111111
CA820D43-E5E2-42EF-9798-BE56F776370B,0.07,m0.1_k3,0.1,3,hysteresis,0.10555555555555556,0.08333333333333333,2.5,0.5,0.0,1.3966480446927374,0.0,0.0,0.0,6.333333333333333,7.333333333333333,6.333333333333333,7.333333333333333,0.08333333333333333
CA820D43-E5E2-42EF-9798-BE56F776370B,0.07,m0.1_k5,0.1,5,hysteresis,0.05555555555555555,0.40138888888888885,1.8333333333333333,0.16666666666666666,0.3333333333333333,1.0242085661080074,0.0,0.0,0.5,3.3333333333333335,17.0,3.3333333333333335,38.5,0.40138888888888885
CA820D43-E5E2-42EF-9798-BE56F776370B,0.07,m0_k1,0.0,1,instantaneous,0.14722222222222223,0.044444444444444446,7.833333333333333,5.833333333333333,0.0,4.376163873370577,6.333333333333333,0.0,0.0,4.333333333333333,0.0,4.333333333333333,0.0,0.044444444444444446
CA820D43-E5E2-42EF-9798-BE56F776370B,0.07,m0_k10,0.0,10,dwell_only,0.08888888888888889,0.45694444444444443,1.6666666666666667,0.16666666666666666,0.5,0.931098696461825,0.0,0.0,0.6666666666666666,5.333333333333333,14.5,5.333333333333333,44.833333333333336,0.45694444444444443
CA820D43-E5E2-42EF-9798-BE56F776370B,0.07,m0_k2,0.0,2,dwell_only,0.1277777777777778,0.049999999999999996,4.166666666666667,2.1666666666666665,0.0,2.3277467411545625,1.0,0.0,0.0,3.1666666666666665,0.8333333333333334,3.1666666666666665,0.8333333333333334,0.049999999999999996
CA820D43-E5E2-42EF-9798-BE56F776370B,0.07,m0_k3,0.0,3,dwell_only,0.06666666666666667,0.05277777777777778,3.1666666666666665,1.1666666666666667,0.0,1.7690875232774674,0.3333333333333333,0.0,0.0,2.3333333333333335,1.6666666666666667,2.3333333333333335,1.6666666666666667,0.05277777777777778
CA820D43-E5E2-42EF-9798-BE56F776370B,0.07,m0_k5,0.0,5,dwell_only,0.05555555555555555,0.16944444444444443,3.5,1.5,0.0,1.9553072625698322,0.0,0.0,0.0,3.3333333333333335,5.166666666666667,3.3333333333333335,5.166666666666667,0.16944444444444443
CDA3BBF7-6631-45E8-85BA-EEB416B32A3C,0.03,m0.05_k2,0.05,2,hysteresis,0.1111111111111111,0.012499999999999999,2.0,0.0,0.0,1.1173184357541899,0.0,0.0,0.0,6.666666666666667,1.5,6.666666666666667,1.5,0.012499999999999999
CDA3BBF7-6631-45E8-85BA-EEB416B32A3C,0.03,m0.05_k3,0.05,3,hysteresis,0.03333333333333333,0.3444444444444444,1.3333333333333333,0.0,0.6666666666666666,0.74487895716946,0.0,0.0,0.6666666666666666,2.0,4.0,2.0,41.333333333333336,0.3444444444444444
CDA3BBF7-6631-45E8-85BA-EEB416B32A3C,0.03,m0_k1,0.0,1,instantaneous,0.005555555555555556,0.0,2.3333333333333335,0.3333333333333333,0.0,1.303538175046555,0.5,0.0,0.0,0.0,0.0,0.0,0.0,0.0
CDA3BBF7-6631-45E8-85BA-EEB416B32A3C,0.03,m0_k2,0.0,2,dwell_only,0.016666666666666666,0.006944444444444444,2.0,0.0,0.0,1.1173184357541899,0.0,0.0,0.0,1.0,0.8333333333333334,1.0,0.8333333333333334,0.006944444444444444
CDA3BBF7-6631-45E8-85BA-EEB416B32A3C,0.03,m0_k3,0.0,3,dwell_only,0.027777777777777776,0.03611111111111111,3.3333333333333335,1.3333333333333333,0.0,1.86219739292365,1.3333333333333333,0.0,0.0,1.6666666666666667,2.3333333333333335,1.6666666666666667,2.3333333333333335,0.03611111111111111
CDA3BBF7-6631-45E8-85BA-EEB416B32A3C,0.03,m0_k5,0.0,5,dwell_only,0.05555555555555555,0.11944444444444445,2.0,0.16666666666666666,0.16666666666666666,1.1173184357541899,0.0,0.0,0.16666666666666666,3.3333333333333335,4.4,3.3333333333333335,13.666666666666666,0.11944444444444445
CDA3BBF7-6631-45E8-85BA-EEB416B32A3C,0.05,m0.05_k2,0.05,2,hysteresis,0.1111111111111111,0.011111111111111112,2.0,0.0,0.0,1.1173184357541899,0.0,0.0,0.0,6.666666666666667,1.3333333333333333,6.666666666666667,1.3333333333333333,0.011111111111111112
CDA3BBF7-6631-45E8-85BA-EEB416B32A3C,0.05,m0.05_k3,0.05,3,hysteresis,0.041666666666666664,0.3180555555555556,1.6666666666666667,0.0,0.3333333333333333,0.931098696461825,0.0,0.0,0.3333333333333333,2.5,27.25,2.5,38.166666666666664,0.3180555555555556
CDA3BBF7-6631-45E8-85BA-EEB416B32A3C,0.05,m0.05_k5,0.05,5,hysteresis,0.06111111111111111,0.42638888888888893,1.1666666666666667,0.0,0.8333333333333334,0.6517690875232774,0.0,0.0,0.8333333333333334,3.6666666666666665,7.0,3.6666666666666665,51.166666666666664,0.42638888888888893
CDA3BBF7-6631-45E8-85BA-EEB416B32A3C,0.05,m0.1_k2,0.1,2,hysteresis,0.15555555555555556,0.03333333333333333,2.0,0.0,0.0,1.1173184357541899,0.0,0.0,0.0,9.333333333333334,4.0,9.333333333333334,4.0,0.03333333333333333
CDA3BBF7-6631-45E8-85BA-EEB416B32A3C,0.05,m0_k1,0.0,1,instantaneous,0.044444444444444446,0.0,5.666666666666667,3.6666666666666665,0.0,3.1657355679702044,4.166666666666667,0.0,0.0,0.5,0.0,0.5,0.0,0.0
CDA3BBF7-6631-45E8-85BA-EEB416B32A3C,0.05,m0_k10,0.0,10,dwell_only,0.08888888888888889,0.3527777777777778,1.8333333333333333,0.0,0.16666666666666666,1.0242085661080074,0.0,0.0,0.16666666666666666,5.333333333333333,19.0,5.333333333333333,25.833333333333332,0.3527777777777778
CDA3BBF7-6631-45E8-85BA-EEB416B32A3C,0.05,m0_k2,0.0,2,dwell_only,0.016666666666666666,0.006944444444444444,2.0,0.0,0.0,1.1173184357541899,0.0,0.0,0.0,1.0,0.8333333333333334,1.0,0.8333333333333334,0.006944444444444444
CDA3BBF7-6631-45E8-85BA-EEB416B32A3C,0.05,m0_k3,0.0,3,dwell_only,0.03333333333333333,0.015277777777777779,2.0,0.0,0.0,1.1173184357541899,0.0,0.0,0.0,2.0,1.8333333333333333,2.0,1.8333333333333333,0.015277777777777779
CDA3BBF7-6631-45E8-85BA-EEB416B32A3C,0.05,m0_k5,0.0,5,dwell_only,0.06111111111111111,0.036111111111111115,2.0,0.0,0.0,1.1173184357541899,0.0,0.0,0.0,3.6666666666666665,4.333333333333333,3.6666666666666665,4.333333333333333,0.036111111111111115
CDA3BBF7-6631-45E8-85BA-EEB416B32A3C,0.07,m0.05_k3,0.05,3,hysteresis,0.1361111111111111,0.022222222222222223,2.0,0.0,0.0,1.1173184357541899,0.0,0.0,0.0,8.166666666666666,2.6666666666666665,8.166666666666666,2.6666666666666665,0.022222222222222223
CDA3BBF7-6631-45E8-85BA-EEB416B32A3C,0.07,m0.05_k5,0.05,5,hysteresis,0.06666666666666667,0.35000000000000003,1.3333333333333333,0.0,0.6666666666666666,0.74487895716946,0.0,0.0,0.6666666666666666,4.0,6.0,4.0,42.0,0.35000000000000003
CDA3BBF7-6631-45E8-85BA-EEB416B32A3C,0.07,m0_k1,0.0,1,instantaneous,0.05555555555555555,0.0,7.0,5.0,0.0,3.9106145251396645,5.5,0.0,0.0,1.0,0.0,1.0,0.0,0.0
CDA3BBF7-6631-45E8-85BA-EEB416B32A3C,0.07,m0_k10,0.0,10,dwell_only,0.14166666666666666,0.19166666666666665,1.8333333333333333,0.0,0.16666666666666666,1.0242085661080074,0.0,0.0,0.16666666666666666,8.5,15.6,8.5,23.0,0.19166666666666665
CDA3BBF7-6631-45E8-85BA-EEB416B32A3C,0.07,m0_k2,0.0,2,dwell_only,0.024999999999999998,0.005555555555555556,2.0,0.0,0.0,1.1173184357541899,0.0,0.0,0.0,1.0,0.6666666666666666,1.0,0.6666666666666666,0.005555555555555556
CDA3BBF7-6631-45E8-85BA-EEB416B32A3C,0.07,m0_k5,0.0,5,dwell_only,0.06666666666666667,0.03194444444444444,2.0,0.0,0.0,1.1173184357541899,0.0,0.0,0.0,4.0,3.8333333333333335,4.0,3.8333333333333335,0.03194444444444444
CF722AA9-2533-4E51-9FEB-9EAC84EE9AAC,0.03,m0.05_k3,0.05,3,hysteresis,0.03333333333333333,0.10416666666666667,2.3333333333333335,0.3333333333333333,0.0,1.303538175046555,0.0,0.0,0.0,2.0,8.166666666666666,2.0,8.166666666666666,0.10416666666666667
CF722AA9-2533-4E51-9FEB-9EAC84EE9AAC,0.03,m0.05_k5,0.05,5,hysteresis,0.05555555555555555,0.5388888888888889,1.0,0.0,1.0,0.5586592178770949,0.0,0.0,1.0,3.3333333333333335,,3.3333333333333335,60.0,0.5388888888888889
CF722AA9-2533-4E51-9FEB-9EAC84EE9AAC,0.03,m0.2_k1,0.2,1,margin_only,0.0,0.002777777777777778,2.0,0.0,0.0,1.1173184357541899,0.0,0.0,0.0,0.0,0.3333333333333333,0.0,0.3333333333333333,0.002777777777777778
CF722AA9-2533-4E51-9FEB-9EAC84EE9AAC,0.03,m0_k1,0.0,1,instantaneous,0.0,0.0,2.0,0.0,0.0,1.1173184357541899,0.0,0.0,0.0,0.0,0.0,0.0,0.0,0.0
CF722AA9-2533-4E51-9FEB-9EAC84EE9AAC,0.03,m0_k2,0.0,2,dwell_only,0.016666666666666666,0.008333333333333333,2.0,0.0,0.0,1.1173184357541899,0.0,0.0,0.0,1.0,1.0,1.0,1.0,0.008333333333333333
CF722AA9-2533-4E51-9FEB-9EAC84EE9AAC,0.03,m0_k3,0.0,3,dwell_only,0.03333333333333333,0.020833333333333332,2.3333333333333335,0.3333333333333333,0.0,1.303538175046555,0.3333333333333333,0.0,0.0,2.0,2.0,2.0,2.0,0.020833333333333332
CF722AA9-2533-4E51-9FEB-9EAC84EE9AAC,0.03,m0_k5,0.0,5,dwell_only,0.05555555555555555,0.06944444444444443,2.6666666666666665,0.6666666666666666,0.0,1.48975791433892,0.0,0.0,0.0,3.3333333333333335,4.333333333333333,3.3333333333333335,4.333333333333333,0.06944444444444443
CF722AA9-2533-4E51-9FEB-9EAC84EE9AAC,0.05,m0.05_k1,0.05,1,margin_only,0.0,0.0,2.0,0.0,0.0,1.1173184357541899,0.0,0.0,0.0,0.0,0.0,0.0,0.0,0.0
CF722AA9-2533-4E51-9FEB-9EAC84EE9AAC,0.05,m0.05_k3,0.05,3,hysteresis,0.03333333333333333,0.016666666666666666,2.0,0.0,0.0,1.1173184357541899,0.0,0.0,0.0,2.0,2.0,2.0,2.0,0.016666666666666666
CF722AA9-2533-4E51-9FEB-9EAC84EE9AAC,0.05,m0.05_k5,0.05,5,hysteresis,0.06666666666666667,0.1388888888888889,2.0,0.0,0.0,1.1173184357541899,0.0,0.0,0.0,4.0,16.666666666666668,4.0,16.666666666666668,0.1388888888888889
CF722AA9-2533-4E51-9FEB-9EAC84EE9AAC,0.05,m0.1_k1,0.1,1,margin_only,0.0,0.0,2.0,0.0,0.0,1.1173184357541899,0.0,0.0,0.0,0.0,0.0,0.0,0.0,0.0
CF722AA9-2533-4E51-9FEB-9EAC84EE9AAC,0.05,m0.1_k3,0.1,3,hysteresis,0.03333333333333333,0.019444444444444445,2.0,0.0,0.0,1.1173184357541899,0.0,0.0,0.0,2.0,2.3333333333333335,2.0,2.3333333333333335,0.019444444444444445
CF722AA9-2533-4E51-9FEB-9EAC84EE9AAC,0.05,m0.2_k1,0.2,1,margin_only,0.0,0.0,2.0,0.0,0.0,1.1173184357541899,0.0,0.0,0.0,0.0,0.0,0.0,0.0,0.0
CF722AA9-2533-4E51-9FEB-9EAC84EE9AAC,0.05,m0_k1,0.0,1,instantaneous,0.0,0.0,2.0,0.0,0.0,1.1173184357541899,0.0,0.0,0.0,0.0,0.0,0.0,0.0,0.0
CF722AA9-2533-4E51-9FEB-9EAC84EE9AAC,0.05,m0_k10,0.0,10,dwell_only,0.06666666666666667,0.25277777777777777,2.0,0.0,0.0,1.1173184357541899,0.0,0.0,0.0,4.0,20.166666666666668,4.0,20.166666666666668,0.25277777777777777
CF722AA9-2533-4E51-9FEB-9EAC84EE9AAC,0.05,m0_k2,0.0,2,dwell_only,0.016666666666666666,0.008333333333333333,2.0,0.0,0.0,1.1173184357541899,0.0,0.0,0.0,1.0,1.0,1.0,1.0,0.008333333333333333
CF722AA9-2533-4E51-9FEB-9EAC84EE9AAC,0.05,m0_k5,0.0,5,dwell_only,0.06666666666666667,0.03333333333333333,2.0,0.0,0.0,1.1173184357541899,0.0,0.0,0.0,4.0,4.0,4.0,4.0,0.03333333333333333
CF722AA9-2533-4E51-9FEB-9EAC84EE9AAC,0.07,m0.05_k1,0.05,1,margin_only,0.0,0.0,2.0,0.0,0.0,1.1173184357541899,0.0,0.0,0.0,0.0,0.0,0.0,0.0,0.0
CF722AA9-2533-4E51-9FEB-9EAC84EE9AAC,0.07,m0.05_k10,0.05,10,hysteresis,0.15,0.5,1.0,0.0,1.0,0.5586592178770949,0.0,0.0,1.0,9.0,,9.0,60.0,0.5
CF722AA9-2533-4E51-9FEB-9EAC84EE9AAC,0.07,m0.05_k2,0.05,2,hysteresis,0.016666666666666666,0.008333333333333333,2.0,0.0,0.0,1.1173184357541899,0.0,0.0,0.0,1.0,1.0,1.0,1.0,0.008333333333333333
CF722AA9-2533-4E51-9FEB-9EAC84EE9AAC,0.07,m0.05_k5,0.05,5,hysteresis,0.06666666666666667,0.06666666666666667,2.0,0.0,0.0,1.1173184357541899,0.0,0.0,0.0,4.0,8.0,4.0,8.0,0.06666666666666667
CF722AA9-2533-4E51-9FEB-9EAC84EE9AAC,0.07,m0.1_k1,0.1,1,margin_only,0.0,0.0,2.0,0.0,0.0,1.1173184357541899,0.0,0.0,0.0,0.0,0.0,0.0,0.0,0.0
CF722AA9-2533-4E51-9FEB-9EAC84EE9AAC,0.07,m0.1_k2,0.1,2,hysteresis,0.016666666666666666,0.008333333333333333,2.0,0.0,0.0,1.1173184357541899,0.0,0.0,0.0,1.0,1.0,1.0,1.0,0.008333333333333333
CF722AA9-2533-4E51-9FEB-9EAC84EE9AAC,0.07,m0.2_k2,0.2,2,hysteresis,0.016666666666666666,0.008333333333333333,2.0,0.0,0.0,1.1173184357541899,0.0,0.0,0.0,1.0,1.0,1.0,1.0,0.008333333333333333
CF722AA9-2533-4E51-9FEB-9EAC84EE9AAC,0.07,m0_k1,0.0,1,instantaneous,0.0,0.0,2.0,0.0,0.0,1.1173184357541899,0.0,0.0,0.0,0.0,0.0,0.0,0.0,0.0
CF722AA9-2533-4E51-9FEB-9EAC84EE9AAC,0.07,m0_k10,0.0,10,dwell_only,0.13055555555555556,0.09305555555555556,2.0,0.0,0.0,1.1173184357541899,0.0,0.0,0.0,7.833333333333333,11.166666666666666,7.833333333333333,11.166666666666666,0.09305555555555556
CF722AA9-2533-4E51-9FEB-9EAC84EE9AAC,0.07,m0_k2,0.0,2,dwell_only,0.016666666666666666,0.008333333333333333,2.0,0.0,0.0,1.1173184357541899,0.0,0.0,0.0,1.0,1.0,1.0,1.0,0.008333333333333333
CF722AA9-2533-4E51-9FEB-9EAC84EE9AAC,0.07,m0_k5,0.0,5,dwell_only,0.06666666666666667,0.03333333333333333,2.0,0.0,0.0,1.1173184357541899,0.0,0.0,0.0,4.0,4.0,4.0,4.0,0.03333333333333333
D7D20E2E-FC78-405D-B346-DBD3FD8FC92B,0.03,m0.05_k1,0.05,1,margin_only,0.002777777777777778,0.0,2.3333333333333335,0.3333333333333333,0.0,1.303538175046555,0.3333333333333333,0.0,0.0,0.0,0.0,0.0,0.0,0.0
D7D20E2E-FC78-405D-B346-DBD3FD8FC92B,0.03,m0.05_k2,0.05,2,hysteresis,0.016666666666666666,0.008333333333333333,2.0,0.0,0.0,1.1173184357541899,0.0,0.0,0.0,1.0,1.0,1.0,1.0,0.008333333333333333
D7D20E2E-FC78-405D-B346-DBD3FD8FC92B,0.03,m0.05_k3,0.05,3,hysteresis,0.03333333333333333,0.1875,2.5,0.5,0.0,1.3966480446927374,0.0,0.0,0.0,2.0,12.333333333333334,2.0,12.333333333333334,0.1875
D7D20E2E-FC78-405D-B346-DBD3FD8FC92B,0.03,m0.05_k5,0.05,5,hysteresis,0.022222222222222223,0.7305555555555555,1.0,0.0,1.0,0.5586592178770949,0.0,0.0,1.0,1.3333333333333333,,1.3333333333333333,60.0,0.7305555555555555
D7D20E2E-FC78-405D-B346-DBD3FD8FC92B,0.03,m0.1_k1,0.1,1,margin_only,0.0,0.0,2.0,0.0,0.0,1.1173184357541899,0.0,0.0,0.0,0.0,0.0,0.0,0.0,0.0
D7D20E2E-FC78-405D-B346-DBD3FD8FC92B,0.03,m0.1_k2,0.1,2,hysteresis,0.016666666666666666,0.012499999999999999,2.0,0.0,0.0,1.1173184357541899,0.0,0.0,0.0,1.0,1.5,1.0,1.5,0.012499999999999999
D7D20E2E-FC78-405D-B346-DBD3FD8FC92B,0.03,m0.1_k3,0.1,3,hysteresis,0.027777777777777776,0.5263888888888889,1.0,0.0,1.0,0.5586592178770949,0.0,0.0,1.0,1.6666666666666667,,1.6666666666666667,60.0,0.5263888888888889
D7D20E2E-FC78-405D-B346-DBD3FD8FC92B,0.03,m0.2_k1,0.2,1,margin_only,0.002777777777777778,0.03333333333333333,2.0,0.0,0.0,1.1173184357541899,0.0,0.0,0.0,0.16666666666666666,4.0,0.16666666666666666,4.0,0.03333333333333333
D7D20E2E-FC78-405D-B346-DBD3FD8FC92B,0.03,m0_k1,0.0,1,instantaneous,0.002777777777777778,0.0,2.3333333333333335,0.3333333333333333,0.0,1.303538175046555,0.3333333333333333,0.0,0.0,0.0,0.0,0.0,0.0,0.0
D7D20E2E-FC78-405D-B346-DBD3FD8FC92B,0.03,m0_k10,0.0,10,dwell_only,0.0,0.8333333333333334,1.0,0.0,1.0,0.5586592178770949,0.0,0.0,1.0,0.0,,0.0,60.0,0.8333333333333334
D7D20E2E-FC78-405D-B346-DBD3FD8FC92B,0.03,m0_k2,0.0,2,dwell_only,0.016666666666666666,0.008333333333333333,2.0,0.0,0.0,1.1173184357541899,0.0,0.0,0.0,1.0,1.0,1.0,1.0,0.008333333333333333
D7D20E2E-FC78-405D-B346-DBD3FD8FC92B,0.03,m0_k3,0.0,3,dwell_only,0.03333333333333333,0.09861111111111111,2.5,0.5,0.0,1.3966480446927374,0.0,0.0,0.0,2.0,2.0,2.0,2.0,0.09861111111111111
D7D20E2E-FC78-405D-B346-DBD3FD8FC92B,0.03,m0_k5,0.0,5,dwell_only,0.030555555555555555,0.5111111111111112,3.6666666666666665,1.6666666666666667,0.0,2.0484171322160147,0.0,0.0,0.16666666666666666,1.8333333333333333,11.8,1.8333333333333333,19.833333333333332,0.5111111111111112
D7D20E2E-FC78-405D-B346-DBD3FD8FC92B,0.05,m0.05_k1,0.05,1,margin_only,0.002777777777777778,0.0,2.3333333333333335,0.3333333333333333,0.0,1.303538175046555,0.3333333333333333,0.0,0.0,0.0,0.0,0.0,0.0,0.0
D7D20E2E-FC78-405D-B346-DBD3FD8FC92B,0.05,m0.05_k2,0.05,2,hysteresis,0.016666666666666666,0.008333333333333333,2.0,0.0,0.0,1.1173184357541899,0.0,0.0,0.0,1.0,1.0,1.0,1.0,0.008333333333333333
D7D20E2E-FC78-405D-B346-DBD3FD8FC92B,0.05,m0.05_k5,0.05,5,hysteresis,0.06666666666666667,0.24583333333333332,2.3333333333333335,0.5,0.16666666666666666,1.303538175046555,0.0,0.0,0.16666666666666666,4.0,12.6,4.0,20.5,0.24583333333333332
D7D20E2E-FC78-405D-B346-DBD3FD8FC92B,0.05,m0.1_k1,0.1,1,margin_only,0.005555555555555556,0.0,2.3333333333333335,0.3333333333333333,0.0,1.303538175046555,0.3333333333333333,0.0,0.0,0.16666666666666666,0.0,0.16666666666666666,0.0,0.0
D7D20E2E-FC78-405D-B346-DBD3FD8FC92B,0.05,m0.1_k2,0.1,2,hysteresis,0.016666666666666666,0.008333333333333333,2.0,0.0,0.0,1.1173184357541899,0.0,0.0,0.0,1.0,1.0,1.0,1.0,0.008333333333333333
D7D20E2E-FC78-405D-B346-DBD3FD8FC92B,0.05,m0.1_k3,0.1,3,hysteresis,0.03333333333333333,0.04861111111111111,2.0,0.0,0.0,1.1173184357541899,0.0,0.0,0.0,2.0,5.833333333333333,2.0,5.833333333333333,0.04861111111111111
D7D20E2E-FC78-405D-B346-DBD3FD8FC92B,0.05,m0.2_k1,0.2,1,margin_only,0.002777777777777778,0.001388888888888889,2.0,0.0,0.0,1.1173184357541899,0.0,0.0,0.0,0.16666666666666666,0.16666666666666666,0.16666666666666666,0.16666666666666666,0.001388888888888889
D7D20E2E-FC78-405D-B346-DBD3FD8FC92B,0.05,m0.2_k2,0.2,2,hysteresis,0.016666666666666666,0.5,1.0,0.0,1.0,0.5586592178770949,0.0,0.0,1.0,1.0,,1.0,60.0,0.5
D7D20E2E-FC78-405D-B346-DBD3FD8FC92B,0.05,m0_k1,0.0,1,instantaneous,0.005555555555555556,0.0,2.6666666666666665,0.6666666666666666,0.0,1.48975791433892,0.6666666666666666,0.0,0.0,0.0,0.0,0.0,0.0,0.0
D7D20E2E-FC78-405D-B346-DBD3FD8FC92B,0.05,m0_k10,0.0,10,dwell_only,0.0,0.8125,1.0,0.0,1.0,0.5586592178770949,0.0,0.0,1.0,0.0,,0.0,60.0,0.8125
D7D20E2E-FC78-405D-B346-DBD3FD8FC92B,0.05,m0_k2,0.0,2,dwell_only,0.016666666666666666,0.008333333333333333,2.0,0.0,0.0,1.1173184357541899,0.0,0.0,0.0,1.0,1.0,1.0,1.0,0.008333333333333333
D7D20E2E-FC78-405D-B346-DBD3FD8FC92B,0.05,m0_k5,0.0,5,dwell_only,0.06666666666666667,0.13194444444444445,2.5,0.5,0.0,1.3966480446927374,0.0,0.0,0.0,4.0,7.0,4.0,7.0,0.13194444444444445
D7D20E2E-FC78-405D-B346-DBD3FD8FC92B,0.07,m0.05_k1,0.05,1,margin_only,0.002777777777777778,0.0,2.3333333333333335,0.3333333333333333,0.0,1.303538175046555,0.3333333333333333,0.0,0.0,0.0,0.0,0.0,0.0,0.0
D7D20E2E-FC78-405D-B346-DBD3FD8FC92B,0.07,m0.05_k10,0.05,10,hysteresis,0.125,0.5319444444444444,1.0,0.0,1.0,0.5586592178770949,0.0,0.0,1.0,7.5,,7.5,60.0,0.5319444444444444
D7D20E2E-FC78-405D-B346-DBD3FD8FC92B,0.07,m0.05_k2,0.05,2,hysteresis,0.016666666666666666,0.008333333333333333,2.0,0.0,0.0,1.1173184357541899,0.0,0.0,0.0,1.0,1.0,1.0,1.0,0.008333333333333333
D7D20E2E-FC78-405D-B346-DBD3FD8FC92B,0.07,m0.05_k5,0.05,5,hysteresis,0.06666666666666667,0.05833333333333333,2.0,0.0,0.0,1.1173184357541899,0.0,0.0,0.0,4.0,7.0,4.0,7.0,0.05833333333333333
D7D20E2E-FC78-405D-B346-DBD3FD8FC92B,0.07,m0.1_k1,0.1,1,margin_only,0.005555555555555556,0.0,2.3333333333333335,0.3333333333333333,0.0,1.303538175046555,0.3333333333333333,0.0,0.0,0.16666666666666666,0.0,0.16666666666666666,0.0,0.0
D7D20E2E-FC78-405D-B346-DBD3FD8FC92B,0.07,m0.1_k5,0.1,5,hysteresis,0.06666666666666667,0.4666666666666666,1.1666666666666667,0.0,0.8333333333333334,0.6517690875232774,0.0,0.0,0.8333333333333334,4.0,36.0,4.0,56.0,0.4666666666666666
D7D20E2E-FC78-405D-B346-DBD3FD8FC92B,0.07,m0.2_k1,0.2,1,margin_only,0.002777777777777778,0.0,2.0,0.0,0.0,1.1173184357541899,0.0,0.0,0.0,0.16666666666666666,0.0,0.16666666666666666,0.0,0.0
D7D20E2E-FC78-405D-B346-DBD3FD8FC92B,0.07,m0_k1,0.0,1,instantaneous,0.005555555555555556,0.0,2.6666666666666665,0.6666666666666666,0.0,1.48975791433892,0.6666666666666666,0.0,0.0,0.0,0.0,0.0,0.0,0.0
D7D20E2E-FC78-405D-B346-DBD3FD8FC92B,0.07,m0_k2,0.0,2,dwell_only,0.016666666666666666,0.008333333333333333,2.0,0.0,0.0,1.1173184357541899,0.0,0.0,0.0,1.0,1.0,1.0,1.0,0.008333333333333333
D7D20E2E-FC78-405D-B346-DBD3FD8FC92B,0.07,m0_k3,0.0,3,dwell_only,0.03333333333333333,0.016666666666666666,2.0,0.0,0.0,1.1173184357541899,0.0,0.0,0.0,2.0,2.0,2.0,2.0,0.016666666666666666
D7D20E2E-FC78-405D-B346-DBD3FD8FC92B,0.07,m0_k5,0.0,5,dwell_only,0.06666666666666667,0.09305555555555556,2.5,0.5,0.0,1.3966480446927374,0.0,0.0,0.0,4.0,4.0,4.0,4.0,0.09305555555555556
E65577C1-8D5D-4F70-AF23-B3ADB9D3DBA3,0.03,m0.05_k2,0.05,2,hysteresis,0.08333333333333333,0.3361111111111111,1.3333333333333333,0.0,0.6666666666666666,0.74487895716946,0.0,0.0,0.6666666666666666,5.0,1.0,5.0,40.333333333333336,0.3361111111111111
E65577C1-8D5D-4F70-AF23-B3ADB9D3DBA3,0.03,m0.05_k3,0.05,3,hysteresis,0.022222222222222223,0.5527777777777777,1.1666666666666667,0.0,0.8333333333333334,0.6517690875232774,0.0,0.0,0.8333333333333334,1.3333333333333333,3.0,1.3333333333333333,50.5,0.5527777777777777
E65577C1-8D5D-4F70-AF23-B3ADB9D3DBA3,0.03,m0_k1,0.0,1,instantaneous,0.036111111111111115,0.001388888888888889,3.6666666666666665,1.6666666666666667,0.0,2.048417132216015,1.5,0.0,0.0,1.1666666666666667,0.0,1.1666666666666667,0.0,0.001388888888888889
E65577C1-8D5D-4F70-AF23-B3ADB9D3DBA3,0.03,m0_k10,0.0,10,dwell_only,0.0,0.8236111111111111,1.1666666666666667,0.0,0.8333333333333334,0.6517690875232774,0.0,0.0,0.8333333333333334,0.0,9.0,0.0,51.5,0.8236111111111111
E65577C1-8D5D-4F70-AF23-B3ADB9D3DBA3,0.03,m0_k2,0.0,2,dwell_only,0.06388888888888888,0.008333333333333333,2.6666666666666665,0.6666666666666666,0.0,1.48975791433892,0.8333333333333334,0.0,0.0,4.5,1.0,4.5,1.0,0.008333333333333333
E65577C1-8D5D-4F70-AF23-B3ADB9D3DBA3,0.03,m0_k3,0.0,3,dwell_only,0.027777777777777776,0.19444444444444442,2.5,0.6666666666666666,0.16666666666666666,1.3966480446927374,0.3333333333333333,0.0,0.16666666666666666,1.6666666666666667,2.0,1.6666666666666667,11.666666666666666,0.19444444444444442
E65577C1-8D5D-4F70-AF23-B3ADB9D3DBA3,0.03,m0_k5,0.0,5,dwell_only,0.0,0.8875000000000001,1.1666666666666667,0.0,0.8333333333333334,0.6517690875232774,0.0,0.0,0.8333333333333334,0.0,4.0,0.0,50.666666666666664,0.8875000000000001
E65577C1-8D5D-4F70-AF23-B3ADB9D3DBA3,0.05,m0.05_k3,0.05,3,hysteresis,0.09999999999999999,0.34861111111111115,1.3333333333333333,0.0,0.6666666666666666,0.74487895716946,0.0,0.0,0.6666666666666666,6.0,5.5,6.0,41.833333333333336,0.34861111111111115
E65577C1-8D5D-4F70-AF23-B3ADB9D3DBA3,0.05,m0_k1,0.0,1,instantaneous,0.06111111111111111,0.001388888888888889,4.0,2.0,0.0,2.2346368715083798,2.1666666666666665,0.0,0.0,4.0,0.0,4.0,0.0,0.001388888888888889
E65577C1-8D5D-4F70-AF23-B3ADB9D3DBA3,0.05,m0_k2,0.0,2,dwell_only,0.075,0.008333333333333333,2.0,0.0,0.0,1.1173184357541899,0.0,0.0,0.0,4.5,1.0,4.5,1.0,0.008333333333333333
E65577C1-8D5D-4F70-AF23-B3ADB9D3DBA3,0.05,m0_k3,0.0,3,dwell_only,0.09999999999999999,0.016666666666666666,2.0,0.0,0.0,1.1173184357541899,0.0,0.0,0.0,6.0,2.0,6.0,2.0,0.016666666666666666
E65577C1-8D5D-4F70-AF23-B3ADB9D3DBA3,0.05,m0_k5,0.0,5,dwell_only,0.03333333333333333,0.38055555555555554,2.1666666666666665,0.3333333333333333,0.16666666666666666,1.2104283054003724,0.0,0.0,0.16666666666666666,2.0,17.8,2.0,24.833333333333332,0.38055555555555554
E65577C1-8D5D-4F70-AF23-B3ADB9D3DBA3,0.07,m0.05_k2,0.05,2,hysteresis,0.10555555555555557,0.09027777777777778,1.8333333333333333,0.0,0.16666666666666666,1.0242085661080074,0.0,0.0,0.16666666666666666,6.333333333333333,1.0,6.333333333333333,10.833333333333334,0.09027777777777778
E65577C1-8D5D-4F70-AF23-B3ADB9D3DBA3,0.07,m0.05_k3,0.05,3,hysteresis,0.11944444444444445,0.2847222222222222,1.5,0.0,0.5,0.8379888268156424,0.0,0.0,0.5,7.166666666666667,8.333333333333334,7.166666666666667,34.166666666666664,0.2847222222222222
E65577C1-8D5D-4F70-AF23-B3ADB9D3DBA3,0.07,m0.05_k5,0.05,5,hysteresis,0.044444444444444446,0.48333333333333334,1.1666666666666667,0.0,0.8333333333333334,0.6517690875232774,0.0,0.0,0.8333333333333334,2.6666666666666665,5.0,2.6666666666666665,50.833333333333336,0.48333333333333334
E65577C1-8D5D-4F70-AF23-B3ADB9D3DBA3,0.07,m0.1_k2,0.1,2,hysteresis,0.10555555555555557,0.41944444444444445,1.1666666666666667,0.0,0.8333333333333334,0.6517690875232774,0.0,0.0,0.8333333333333334,6.333333333333333,2.0,6.333333333333333,50.333333333333336,0.41944444444444445
E65577C1-8D5D-4F70-AF23-B3ADB9D3DBA3,0.07,m0_k1,0.0,1,instantaneous,0.08055555555555556,0.0,4.333333333333333,2.3333333333333335,0.0,2.4208566108007448,2.5,0.0,0.0,4.0,0.0,4.0,0.0,0.0
E65577C1-8D5D-4F70-AF23-B3ADB9D3DBA3,0.07,m0_k10,0.0,10,dwell_only,0.022222222222222223,0.7402777777777777,1.1666666666666667,0.0,0.8333333333333334,0.6517690875232774,0.0,0.0,0.8333333333333334,1.3333333333333333,9.0,1.3333333333333333,51.5,0.7402777777777777
E65577C1-8D5D-4F70-AF23-B3ADB9D3DBA3,0.07,m0_k2,0.0,2,dwell_only,0.08888888888888889,0.008333333333333333,2.3333333333333335,0.3333333333333333,0.0,1.303538175046555,0.3333333333333333,0.0,0.0,5.0,1.0,5.0,1.0,0.008333333333333333
E65577C1-8D5D-4F70-AF23-B3ADB9D3DBA3,0.07,m0_k3,0.0,3,dwell_only,0.09999999999999999,0.016666666666666666,2.0,0.0,0.0,1.1173184357541899,0.0,0.0,0.0,6.0,2.0,6.0,2.0,0.016666666666666666
E65577C1-8D5D-4F70-AF23-B3ADB9D3DBA3,0.07,m0_k5,0.0,5,dwell_only,0.05555555555555555,0.10972222222222222,2.1666666666666665,0.16666666666666666,0.0,1.2104283054003724,0.0,0.0,0.0,3.3333333333333335,4.5,3.3333333333333335,4.5,0.10972222222222222
ECECC2AB-D32F-4F90-B74C-E12A1C69BBE2,0.03,m0.05_k1,0.05,1,margin_only,0.0,0.0,2.0,0.0,0.0,1.1173184357541899,0.0,0.0,0.0,0.0,0.0,0.0,0.0,0.0
ECECC2AB-D32F-4F90-B74C-E12A1C69BBE2,0.03,m0.05_k2,0.05,2,hysteresis,0.016666666666666666,0.008333333333333333,2.0,0.0,0.0,1.1173184357541899,0.0,0.0,0.0,1.0,1.0,1.0,1.0,0.008333333333333333
ECECC2AB-D32F-4F90-B74C-E12A1C69BBE2,0.03,m0.05_k3,0.05,3,hysteresis,0.027777777777777776,0.3888888888888889,1.3333333333333333,0.0,0.6666666666666666,0.74487895716946,0.0,0.0,0.6666666666666666,1.6666666666666667,13.5,1.6666666666666667,44.5,0.3888888888888889
ECECC2AB-D32F-4F90-B74C-E12A1C69BBE2,0.03,m0.1_k2,0.1,2,hysteresis,0.016666666666666666,0.25416666666666665,1.5,0.0,0.5,0.8379888268156424,0.0,0.0,0.5,1.0,1.0,1.0,30.5,0.25416666666666665
ECECC2AB-D32F-4F90-B74C-E12A1C69BBE2,0.03,m0_k1,0.0,1,instantaneous,0.0,0.0,2.0,0.0,0.0,1.1173184357541899,0.0,0.0,0.0,0.0,0.0,0.0,0.0,0.0
ECECC2AB-D32F-4F90-B74C-E12A1C69BBE2,0.03,m0_k10,0.0,10,dwell_only,0.09999999999999999,0.6194444444444445,1.5,0.16666666666666666,0.6666666666666666,0.8379888268156425,0.0,0.0,0.8333333333333334,6.0,28.0,6.0,54.666666666666664,0.6194444444444445
ECECC2AB-D32F-4F90-B74C-E12A1C69BBE2,0.03,m0_k2,0.0,2,dwell_only,0.016666666666666666,0.008333333333333333,2.0,0.0,0.0,1.1173184357541899,0.0,0.0,0.0,1.0,1.0,1.0,1.0,0.008333333333333333
ECECC2AB-D32F-4F90-B74C-E12A1C69BBE2,0.03,m0_k3,0.0,3,dwell_only,0.027777777777777776,0.07361111111111111,3.0,1.0,0.0,1.675977653631285,0.3333333333333333,0.0,0.0,1.6666666666666667,3.1666666666666665,1.6666666666666667,3.1666666666666665,0.07361111111111111
ECECC2AB-D32F-4F90-B74C-E12A1C69BBE2,0.03,m0_k5,0.0,5,dwell_only,0.044444444444444446,0.4361111111111111,1.5,0.0,0.5,0.8379888268156424,0.0,0.0,0.5,2.6666666666666665,7.333333333333333,2.6666666666666665,33.666666666666664,0.4361111111111111
ECECC2AB-D32F-4F90-B74C-E12A1C69BBE2,0.05,m0.05_k1,0.05,1,margin_only,0.0,0.0,2.0,0.0,0.0,1.1173184357541899,0.0,0.0,0.0,0.0,0.0,0.0,0.0,0.0
ECECC2AB-D32F-4F90-B74C-E12A1C69BBE2,0.05,m0.05_k2,0.05,2,hysteresis,0.016666666666666666,0.008333333333333333,2.0,0.0,0.0,1.1173184357541899,0.0,0.0,0.0,1.0,1.0,1.0,1.0,0.008333333333333333
ECECC2AB-D32F-4F90-B74C-E12A1C69BBE2,0.05,m0.05_k3,0.05,3,hysteresis,0.03333333333333333,0.18611111111111112,1.6666666666666667,0.0,0.3333333333333333,0.931098696461825,0.0,0.0,0.3333333333333333,2.0,3.5,2.0,22.333333333333332,0.18611111111111112
ECECC2AB-D32F-4F90-B74C-E12A1C69BBE2,0.05,m0.05_k5,0.05,5,hysteresis,0.05555555555555555,0.5499999999999999,1.1666666666666667,0.0,0.8333333333333334,0.6517690875232774,0.0,0.0,0.8333333333333334,3.3333333333333335,54.0,3.3333333333333335,59.0,0.5499999999999999
ECECC2AB-D32F-4F90-B74C-E12A1C69BBE2,0.05,m0.1_k1,0.1,1,margin_only,0.0,0.0,2.0,0.0,0.0,1.1173184357541899,0.0,0.0,0.0,0.0,0.0,0.0,0.0,0.0
ECECC2AB-D32F-4F90-B74C-E12A1C69BBE2,0.05,m0.1_k3,0.1,3,hysteresis,0.03333333333333333,0.5,1.0,0.0,1.0,0.5586592178770949,0.0,0.0,1.0,2.0,,2.0,60.0,0.5
ECECC2AB-D32F-4F90-B74C-E12A1C69BBE2,0.05,m0.2_k1,0.2,1,margin_only,0.002777777777777778,0.25,1.5,0.0,0.5,0.8379888268156424,0.0,0.0,0.5,0.16666666666666666,0.0,0.16666666666666666,30.0,0.25
ECECC2AB-D32F-4F90-B74C-E12A1C69BBE2,0.05,m0_k1,0.0,1,instantaneous,0.0,0.0,2.0,0.0,0.0,1.1173184357541899,0.0,0.0,0.0,0.0,0.0,0.0,0.0,0.0
ECECC2AB-D32F-4F90-B74C-E12A1C69BBE2,0.05,m0_k10,0.0,10,dwell_only,0.09999999999999999,0.5305555555555556,1.3333333333333333,0.0,0.6666666666666666,0.74487895716946,0.0,0.0,0.6666666666666666,6.0,20.0,6.0,46.666666666666664,0.5305555555555556
ECECC2AB-D32F-4F90-B74C-E12A1C69BBE2,0.05,m0_k2,0.0,2,dwell_only,0.016666666666666666,0.008333333333333333,2.0,0.0,0.0,1.1173184357541899,0.0,0.0,0.0,1.0,1.0,1.0,1.0,0.008333333333333333
ECECC2AB-D32F-4F90-B74C-E12A1C69BBE2,0.05,m0_k3,0.0,3,dwell_only,0.03333333333333333,0.016666666666666666,2.0,0.0,0.0,1.1173184357541899,0.0,0.0,0.0,2.0,2.0,2.0,2.0,0.016666666666666666
ECECC2AB-D32F-4F90-B74C-E12A1C69BBE2,0.05,m0_k5,0.0,5,dwell_only,0.05555555555555555,0.13194444444444445,2.0,0.0,0.0,1.1173184357541899,0.0,0.0,0.0,3.3333333333333335,8.833333333333334,3.3333333333333335,8.833333333333334,0.13194444444444445
ECECC2AB-D32F-4F90-B74C-E12A1C69BBE2,0.07,m0.05_k1,0.05,1,margin_only,0.0,0.0,2.0,0.0,0.0,1.1173184357541899,0.0,0.0,0.0,0.0,0.0,0.0,0.0,0.0
ECECC2AB-D32F-4F90-B74C-E12A1C69BBE2,0.07,m0.05_k3,0.05,3,hysteresis,0.03333333333333333,0.016666666666666666,2.0,0.0,0.0,1.1173184357541899,0.0,0.0,0.0,2.0,2.0,2.0,2.0,0.016666666666666666
ECECC2AB-D32F-4F90-B74C-E12A1C69BBE2,0.07,m0.05_k5,0.05,5,hysteresis,0.06666666666666667,0.28055555555555556,1.5,0.0,0.5,0.8379888268156424,0.0,0.0,0.5,4.0,7.333333333333333,4.0,33.666666666666664,0.28055555555555556
ECECC2AB-D32F-4F90-B74C-E12A1C69BBE2,0.07,m0.1_k1,0.1,1,margin_only,0.0,0.0,2.0,0.0,0.0,1.1173184357541899,0.0,0.0,0.0,0.0,0.0,0.0,0.0,0.0
ECECC2AB-D32F-4F90-B74C-E12A1C69BBE2,0.07,m0.1_k2,0.1,2,hysteresis,0.016666666666666666,0.008333333333333333,2.0,0.0,0.0,1.1173184357541899,0.0,0.0,0.0,1.0,1.0,1.0,1.0,0.008333333333333333
ECECC2AB-D32F-4F90-B74C-E12A1C69BBE2,0.07,m0_k1,0.0,1,instantaneous,0.002777777777777778,0.0,2.3333333333333335,0.3333333333333333,0.0,1.303538175046555,0.3333333333333333,0.0,0.0,0.0,0.0,0.0,0.0,0.0
ECECC2AB-D32F-4F90-B74C-E12A1C69BBE2,0.07,m0_k10,0.0,10,dwell_only,0.09999999999999999,0.4611111111111111,1.8333333333333333,0.3333333333333333,0.5,1.0242085661080074,0.0,0.0,0.5,6.0,12.333333333333334,6.0,36.166666666666664,0.4611111111111111
ECECC2AB-D32F-4F90-B74C-E12A1C69BBE2,0.07,m0_k2,0.0,2,dwell_only,0.016666666666666666,0.008333333333333333,2.0,0.0,0.0,1.1173184357541899,0.0,0.0,0.0,1.0,1.0,1.0,1.0,0.008333333333333333
ECECC2AB-D32F-4F90-B74C-E12A1C69BBE2,0.07,m0_k5,0.0,5,dwell_only,0.06666666666666667,0.036111111111111115,2.0,0.0,0.0,1.1173184357541899,0.0,0.0,0.0,4.0,4.333333333333333,4.0,4.333333333333333,0.036111111111111115
FDAA70A1-42A3-4E3F-9AE3-3FDA412E03BF,0.03,m0.05_k3,0.05,3,hysteresis,0.03333333333333333,0.2777777777777778,1.5,0.0,0.5,0.8379888268156425,0.0,0.0,0.5,2.0,6.666666666666667,2.0,33.333333333333336,0.2777777777777778
FDAA70A1-42A3-4E3F-9AE3-3FDA412E03BF,0.03,m0.05_k5,0.05,5,hysteresis,0.06666666666666667,0.3819444444444444,1.3333333333333333,0.0,0.6666666666666666,0.74487895716946,0.0,0.0,0.6666666666666666,4.0,17.5,4.0,45.833333333333336,0.3819444444444444
FDAA70A1-42A3-4E3F-9AE3-3FDA412E03BF,0.03,m0_k1,0.0,1,instantaneous,0.08333333333333333,0.0,2.3333333333333335,0.3333333333333333,0.0,1.303538175046555,0.3333333333333333,0.0,0.0,5.166666666666667,0.0,5.166666666666667,0.0,0.0
FDAA70A1-42A3-4E3F-9AE3-3FDA412E03BF,0.03,m0_k2,0.0,2,dwell_only,0.08888888888888889,0.008333333333333333,2.0,0.0,0.0,1.1173184357541899,0.0,0.0,0.0,5.333333333333333,1.0,5.333333333333333,1.0,0.008333333333333333
FDAA70A1-42A3-4E3F-9AE3-3FDA412E03BF,0.03,m0_k3,0.0,3,dwell_only,0.03333333333333333,0.016666666666666666,2.0,0.0,0.0,1.1173184357541899,0.0,0.0,0.0,2.0,2.0,2.0,2.0,0.016666666666666666
FDAA70A1-42A3-4E3F-9AE3-3FDA412E03BF,0.03,m0_k5,0.0,5,dwell_only,0.06666666666666667,0.03333333333333333,2.0,0.0,0.0,1.1173184357541899,0.0,0.0,0.0,4.0,4.0,4.0,4.0,0.03333333333333333
FDAA70A1-42A3-4E3F-9AE3-3FDA412E03BF,0.05,m0.05_k5,0.05,5,hysteresis,0.06666666666666667,0.3444444444444445,1.3333333333333333,0.0,0.6666666666666666,0.74487895716946,0.0,0.0,0.6666666666666666,4.0,4.0,4.0,41.333333333333336,0.3444444444444445
FDAA70A1-42A3-4E3F-9AE3-3FDA412E03BF,0.05,m0_k1,0.0,1,instantaneous,0.09444444444444444,0.0,2.3333333333333335,0.3333333333333333,0.0,1.303538175046555,0.3333333333333333,0.0,0.0,5.5,0.0,5.5,0.0,0.0
FDAA70A1-42A3-4E3F-9AE3-3FDA412E03BF,0.05,m0_k10,0.0,10,dwell_only,0.075,0.5902777777777778,1.3333333333333333,0.0,0.6666666666666666,0.74487895716946,0.0,0.0,0.6666666666666666,4.5,18.5,4.5,46.166666666666664,0.5902777777777778
FDAA70A1-42A3-4E3F-9AE3-3FDA412E03BF,0.05,m0_k2,0.0,2,dwell_only,0.10833333333333334,0.008333333333333333,2.0,0.0,0.0,1.1173184357541899,0.0,0.0,0.0,6.5,1.0,6.5,1.0,0.008333333333333333
FDAA70A1-42A3-4E3F-9AE3-3FDA412E03BF,0.05,m0_k3,0.0,3,dwell_only,0.11944444444444445,0.016666666666666666,2.0,0.0,0.0,1.1173184357541899,0.0,0.0,0.0,7.166666666666667,2.0,7.166666666666667,2.0,0.016666666666666666
FDAA70A1-42A3-4E3F-9AE3-3FDA412E03BF,0.05,m0_k5,0.0,5,dwell_only,0.06666666666666667,0.03333333333333333,2.0,0.0,0.0,1.1173184357541899,0.0,0.0,0.0,4.0,4.0,4.0,4.0,0.03333333333333333
FDAA70A1-42A3-4E3F-9AE3-3FDA412E03BF,0.07,m0.05_k1,0.05,1,margin_only,0.09166666666666667,0.0,2.0,0.0,0.0,1.1173184357541899,0.0,0.0,0.0,5.5,0.0,5.5,0.0,0.0
FDAA70A1-42A3-4E3F-9AE3-3FDA412E03BF,0.07,m0.05_k10,0.05,10,hysteresis,0.15,0.5,1.0,0.0,1.0,0.5586592178770949,0.0,0.0,1.0,9.0,,9.0,60.0,0.5
FDAA70A1-42A3-4E3F-9AE3-3FDA412E03BF,0.07,m0.05_k3,0.05,3,hysteresis,0.125,0.016666666666666666,2.0,0.0,0.0,1.1173184357541899,0.0,0.0,0.0,7.5,2.0,7.5,2.0,0.016666666666666666
FDAA70A1-42A3-4E3F-9AE3-3FDA412E03BF,0.07,m0.05_k5,0.05,5,hysteresis,0.15833333333333333,0.1527777777777778,1.8333333333333333,0.0,0.16666666666666666,1.0242085661080074,0.0,0.0,0.16666666666666666,9.5,10.0,9.5,18.333333333333332,0.1527777777777778
FDAA70A1-42A3-4E3F-9AE3-3FDA412E03BF,0.07,m0.1_k1,0.1,1,margin_only,0.09166666666666667,0.3597222222222222,1.3333333333333333,0.0,0.6666666666666666,0.74487895716946,0.0,0.0,0.6666666666666666,5.5,9.5,5.5,43.166666666666664,0.3597222222222222
FDAA70A1-42A3-4E3F-9AE3-3FDA412E03BF,0.07,m0.1_k3,0.1,3,hysteresis,0.125,0.36527777777777776,1.3333333333333333,0.0,0.6666666666666666,0.74487895716946,0.0,0.0,0.6666666666666666,7.5,11.5,7.5,43.833333333333336,0.36527777777777776
FDAA70A1-42A3-4E3F-9AE3-3FDA412E03BF,0.07,m0.1_k5,0.1,5,hysteresis,0.15833333333333333,0.5,1.0,0.0,1.0,0.5586592178770949,0.0,0.0,1.0,9.5,,9.5,60.0,0.5
FDAA70A1-42A3-4E3F-9AE3-3FDA412E03BF,0.07,m0_k1,0.0,1,instantaneous,0.09722222222222222,0.0,2.6666666666666665,0.6666666666666666,0.0,1.48975791433892,0.6666666666666666,0.0,0.0,5.5,0.0,5.5,0.0,0.0
FDAA70A1-42A3-4E3F-9AE3-3FDA412E03BF,0.07,m0_k10,0.0,10,dwell_only,0.15,0.075,2.0,0.0,0.0,1.1173184357541899,0.0,0.0,0.0,9.0,9.0,9.0,9.0,0.075
FDAA70A1-42A3-4E3F-9AE3-3FDA412E03BF,0.07,m0_k2,0.0,2,dwell_only,0.10833333333333334,0.008333333333333333,2.0,0.0,0.0,1.1173184357541899,0.0,0.0,0.0,6.5,1.0,6.5,1.0,0.008333333333333333
FDAA70A1-42A3-4E3F-9AE3-3FDA412E03BF,0.07,m0_k5,0.0,5,dwell_only,0.06666666666666667,0.03333333333333333,2.0,0.0,0.0,1.1173184357541899,0.0,0.0,0.0,4.0,4.0,4.0,4.0,0.03333333333333333
