target_name,mechanism,params_str,partition,genuine_uuid,run,frames,locks,unlocks,transitions,locked_frames,pp_events,pp_locks
primary,threshold,theta=0.04743,test,11B5EC4D-4133-4289-B475-4E737182A406,7,1407,0,0,0,0,0,0
primary,threshold,theta=0.04743,test,11B5EC4D-4133-4289-B475-4E737182A406,8,333,0,0,0,0,0,0
primary,threshold,theta=0.04743,test,1538C99F-BA1E-4EFB-A949-6C7C47701B20,30,406,1,1,2,1,1,1
primary,threshold,theta=0.04743,test,1538C99F-BA1E-4EFB-A949-6C7C47701B20,31,875,8,8,16,61,12,5
primary,threshold,theta=0.04743,test,83CF687B-7CEC-434B-9FE8-00C3D5799BE6,9,1394,16,16,32,20,19,16
primary,threshold,theta=0.04743,test,83CF687B-7CEC-434B-9FE8-00C3D5799BE6,10,485,0,0,0,0,0,0
primary,threshold,theta=0.04743,test,B09E373F-8A54-44C8-895B-0039390B859F,11,566,0,0,0,0,0,0
primary,threshold,theta=0.04743,test,B09E373F-8A54-44C8-895B-0039390B859F,12,833,0,0,0,0,0,0
primary,threshold,theta=0.04743,test,B09E373F-8A54-44C8-895B-0039390B859F,14,198,0,0,0,0,0,0
primary,threshold,theta=0.04743,test,C48CE857-A0DD-4DDB-BEA5-3A25449B2153,34,134,0,0,0,0,0,0
primary,threshold,theta=0.04743,test,C48CE857-A0DD-4DDB-BEA5-3A25449B2153,35,109,0,0,0,0,0,0
primary,threshold,theta=0.04743,test,C48CE857-A0DD-4DDB-BEA5-3A25449B2153,36,169,0,0,0,0,0,0
primary,threshold,theta=0.04743,test,C48CE857-A0DD-4DDB-BEA5-3A25449B2153,37,133,0,0,0,0,0,0
primary,threshold,theta=0.04743,test,C48CE857-A0DD-4DDB-BEA5-3A25449B2153,38,307,0,0,0,0,0,0
primary,threshold,theta=0.04743,test,C48CE857-A0DD-4DDB-BEA5-3A25449B2153,39,85,0,0,0,0,0,0
primary,threshold,theta=0.04743,test,D7D20E2E-FC78-405D-B346-DBD3FD8FC92B,14,121,0,0,0,0,0,0
primary,threshold,theta=0.04743,test,D7D20E2E-FC78-405D-B346-DBD3FD8FC92B,15,826,3,3,6,3,3,3
primary,threshold,theta=0.04743,test,D7D20E2E-FC78-405D-B346-DBD3FD8FC92B,16,265,1,1,2,1,1,1
primary,threshold,theta=0.04743,test,E65577C1-8D5D-4F70-AF23-B3ADB9D3DBA3,5,657,21,21,42,32,36,20
primary,threshold,theta=0.04743,test,FDAA70A1-42A3-4E3F-9AE3-3FDA412E03BF,20,966,1,1,2,1,1,1
primary,moving_average,"k=2, theta=0.1091",test,11B5EC4D-4133-4289-B475-4E737182A406,7,1407,0,0,0,0,0,0
primary,moving_average,"k=2, theta=0.1091",test,11B5EC4D-4133-4289-B475-4E737182A406,8,333,0,0,0,0,0,0
primary,moving_average,"k=2, theta=0.1091",test,1538C99F-BA1E-4EFB-A949-6C7C47701B20,30,406,1,1,2,1,1,1
primary,moving_average,"k=2, theta=0.1091",test,1538C99F-BA1E-4EFB-A949-6C7C47701B20,31,875,1,1,2,74,0,0
primary,moving_average,"k=2, theta=0.1091",test,83CF687B-7CEC-434B-9FE8-00C3D5799BE6,9,1394,25,25,50,55,36,25
primary,moving_average,"k=2, theta=0.1091",test,83CF687B-7CEC-434B-9FE8-00C3D5799BE6,10,485,2,2,4,2,2,2
primary,moving_average,"k=2, theta=0.1091",test,B09E373F-8A54-44C8-895B-0039390B859F,11,566,0,0,0,0,0,0
primary,moving_average,"k=2, theta=0.1091",test,B09E373F-8A54-44C8-895B-0039390B859F,12,833,0,0,0,0,0,0
primary,moving_average,"k=2, theta=0.1091",test,B09E373F-8A54-44C8-895B-0039390B859F,14,198,0,0,0,0,0,0
primary,moving_average,"k=2, theta=0.1091",test,C48CE857-A0DD-4DDB-BEA5-3A25449B2153,34,134,0,0,0,0,0,0
primary,moving_average,"k=2, theta=0.1091",test,C48CE857-A0DD-4DDB-BEA5-3A25449B2153,35,109,0,0,0,0,0,0
primary,moving_average,"k=2, theta=0.1091",test,C48CE857-A0DD-4DDB-BEA5-3A25449B2153,36,169,0,0,0,0,0,0
primary,moving_average,"k=2, theta=0.1091",test,C48CE857-A0DD-4DDB-BEA5-3A25449B2153,37,133,0,0,0,0,0,0
primary,moving_average,"k=2, theta=0.1091",test,C48CE857-A0DD-4DDB-BEA5-3A25449B2153,38,307,0,0,0,0,0,0
primary,moving_average,"k=2, theta=0.1091",test,C48CE857-A0DD-4DDB-BEA5-3A25449B2153,39,85,0,0,0,0,0,0
primary,moving_average,"k=2, theta=0.1091",test,D7D20E2E-FC78-405D-B346-DBD3FD8FC92B,14,121,0,0,0,0,0,0
primary,moving_average,"k=2, theta=0.1091",test,D7D20E2E-FC78-405D-B346-DBD3FD8FC92B,15,826,2,2,4,2,2,2
primary,moving_average,"k=2, theta=0.1091",test,D7D20E2E-FC78-405D-B346-DBD3FD8FC92B,16,265,2,2,4,4,3,2
primary,moving_average,"k=2, theta=0.1091",test,E65577C1-8D5D-4F70-AF23-B3ADB9D3DBA3,5,657,17,17,34,81,24,15
primary,moving_average,"k=2, theta=0.1091",test,FDAA70A1-42A3-4E3F-9AE3-3FDA412E03BF,20,966,4,4,8,6,5,4
primary,ewma,"alpha=0.7, theta=0.1192",test,11B5EC4D-4133-4289-B475-4E737182A406,7,1407,0,0,0,0,0,0
primary,ewma,"alpha=0.7, theta=0.1192",test,11B5EC4D-4133-4289-B475-4E737182A406,8,333,0,0,0,0,0,0
primary,ewma,"alpha=0.7, theta=0.1192",test,1538C99F-BA1E-4EFB-A949-6C7C47701B20,30,406,1,1,2,1,1,1
primary,ewma,"alpha=0.7, theta=0.1192",test,1538C99F-BA1E-4EFB-A949-6C7C47701B20,31,875,1,1,2,74,0,0
primary,ewma,"alpha=0.7, theta=0.1192",test,83CF687B-7CEC-434B-9FE8-00C3D5799BE6,9,1394,29,29,58,67,42,27
primary,ewma,"alpha=0.7, theta=0.1192",test,83CF687B-7CEC-434B-9FE8-00C3D5799BE6,10,485,1,1,2,1,1,1
primary,ewma,"alpha=0.7, theta=0.1192",test,B09E373F-8A54-44C8-895B-0039390B859F,11,566,0,0,0,0,0,0
primary,ewma,"alpha=0.7, theta=0.1192",test,B09E373F-8A54-44C8-895B-0039390B859F,12,833,0,0,0,0,0,0
primary,ewma,"alpha=0.7, theta=0.1192",test,B09E373F-8A54-44C8-895B-0039390B859F,14,198,0,0,0,0,0,0
primary,ewma,"alpha=0.7, theta=0.1192",test,C48CE857-A0DD-4DDB-BEA5-3A25449B2153,34,134,0,0,0,0,0,0
primary,ewma,"alpha=0.7, theta=0.1192",test,C48CE857-A0DD-4DDB-BEA5-3A25449B2153,35,109,0,0,0,0,0,0
primary,ewma,"alpha=0.7, theta=0.1192",test,C48CE857-A0DD-4DDB-BEA5-3A25449B2153,36,169,0,0,0,0,0,0
primary,ewma,"alpha=0.7, theta=0.1192",test,C48CE857-A0DD-4DDB-BEA5-3A25449B2153,37,133,0,0,0,0,0,0
primary,ewma,"alpha=0.7, theta=0.1192",test,C48CE857-A0DD-4DDB-BEA5-3A25449B2153,38,307,0,0,0,0,0,0
primary,ewma,"alpha=0.7, theta=0.1192",test,C48CE857-A0DD-4DDB-BEA5-3A25449B2153,39,85,0,0,0,0,0,0
primary,ewma,"alpha=0.7, theta=0.1192",test,D7D20E2E-FC78-405D-B346-DBD3FD8FC92B,14,121,0,0,0,0,0,0
primary,ewma,"alpha=0.7, theta=0.1192",test,D7D20E2E-FC78-405D-B346-DBD3FD8FC92B,15,826,6,6,12,6,7,6
primary,ewma,"alpha=0.7, theta=0.1192",test,D7D20E2E-FC78-405D-B346-DBD3FD8FC92B,16,265,2,2,4,5,3,2
primary,ewma,"alpha=0.7, theta=0.1192",test,E65577C1-8D5D-4F70-AF23-B3ADB9D3DBA3,5,657,21,21,42,87,32,19
primary,ewma,"alpha=0.7, theta=0.1192",test,FDAA70A1-42A3-4E3F-9AE3-3FDA412E03BF,20,966,5,5,10,7,7,5
primary,majority_vote,"k=3, theta=0.1192",test,11B5EC4D-4133-4289-B475-4E737182A406,7,1407,0,0,0,0,0,0
primary,majority_vote,"k=3, theta=0.1192",test,11B5EC4D-4133-4289-B475-4E737182A406,8,333,0,0,0,0,0,0
primary,majority_vote,"k=3, theta=0.1192",test,1538C99F-BA1E-4EFB-A949-6C7C47701B20,30,406,1,1,2,2,1,1
primary,majority_vote,"k=3, theta=0.1192",test,1538C99F-BA1E-4EFB-A949-6C7C47701B20,31,875,1,1,2,75,0,0
primary,majority_vote,"k=3, theta=0.1192",test,83CF687B-7CEC-434B-9FE8-00C3D5799BE6,9,1394,20,20,40,81,22,15
primary,majority_vote,"k=3, theta=0.1192",test,83CF687B-7CEC-434B-9FE8-00C3D5799BE6,10,485,0,0,0,0,0,0
primary,majority_vote,"k=3, theta=0.1192",test,B09E373F-8A54-44C8-895B-0039390B859F,11,566,0,0,0,0,0,0
primary,majority_vote,"k=3, theta=0.1192",test,B09E373F-8A54-44C8-895B-0039390B859F,12,833,0,0,0,0,0,0
primary,majority_vote,"k=3, theta=0.1192",test,B09E373F-8A54-44C8-895B-0039390B859F,14,198,1,1,2,1,1,1
primary,majority_vote,"k=3, theta=0.1192",test,C48CE857-A0DD-4DDB-BEA5-3A25449B2153,34,134,0,0,0,0,0,0
primary,majority_vote,"k=3, theta=0.1192",test,C48CE857-A0DD-4DDB-BEA5-3A25449B2153,35,109,0,0,0,0,0,0
primary,majority_vote,"k=3, theta=0.1192",test,C48CE857-A0DD-4DDB-BEA5-3A25449B2153,36,169,0,0,0,0,0,0
primary,majority_vote,"k=3, theta=0.1192",test,C48CE857-A0DD-4DDB-BEA5-3A25449B2153,37,133,0,0,0,0,0,0
primary,majority_vote,"k=3, theta=0.1192",test,C48CE857-A0DD-4DDB-BEA5-3A25449B2153,38,307,0,0,0,0,0,0
primary,majority_vote,"k=3, theta=0.1192",test,C48CE857-A0DD-4DDB-BEA5-3A25449B2153,39,85,0,0,0,0,0,0
primary,majority_vote,"k=3, theta=0.1192",test,D7D20E2E-FC78-405D-B346-DBD3FD8FC92B,14,121,0,0,0,0,0,0
primary,majority_vote,"k=3, theta=0.1192",test,D7D20E2E-FC78-405D-B346-DBD3FD8FC92B,15,826,5,5,10,7,5,5
primary,majority_vote,"k=3, theta=0.1192",test,D7D20E2E-FC78-405D-B346-DBD3FD8FC92B,16,265,1,1,2,7,0,0
primary,majority_vote,"k=3, theta=0.1192",test,E65577C1-8D5D-4F70-AF23-B3ADB9D3DBA3,5,657,15,15,30,99,19,12
primary,majority_vote,"k=3, theta=0.1192",test,FDAA70A1-42A3-4E3F-9AE3-3FDA412E03BF,20,966,2,2,4,9,1,1
primary,debounce,"T=2, theta=0.1419",test,11B5EC4D-4133-4289-B475-4E737182A406,7,1407,0,0,0,0,0,0
primary,debounce,"T=2, theta=0.1419",test,11B5EC4D-4133-4289-B475-4E737182A406,8,333,0,0,0,0,0,0
primary,debounce,"T=2, theta=0.1419",test,1538C99F-BA1E-4EFB-A949-6C7C47701B20,30,406,1,1,2,2,1,1
primary,debounce,"T=2, theta=0.1419",test,1538C99F-BA1E-4EFB-A949-6C7C47701B20,31,875,1,1,2,75,0,0
primary,debounce,"T=2, theta=0.1419",test,83CF687B-7CEC-434B-9FE8-00C3D5799BE6,9,1394,17,17,34,97,14,11
primary,debounce,"T=2, theta=0.1419",test,83CF687B-7CEC-434B-9FE8-00C3D5799BE6,10,485,1,1,2,2,1,1
primary,debounce,"T=2, theta=0.1419",test,B09E373F-8A54-44C8-895B-0039390B859F,11,566,0,0,0,0,0,0
primary,debounce,"T=2, theta=0.1419",test,B09E373F-8A54-44C8-895B-0039390B859F,12,833,0,0,0,0,0,0
primary,debounce,"T=2, theta=0.1419",test,B09E373F-8A54-44C8-895B-0039390B859F,14,198,0,0,0,0,0,0
primary,debounce,"T=2, theta=0.1419",test,C48CE857-A0DD-4DDB-BEA5-3A25449B2153,34,134,0,0,0,0,0,0
primary,debounce,"T=2, theta=0.1419",test,C48CE857-A0DD-4DDB-BEA5-3A25449B2153,35,109,0,0,0,0,0,0
primary,debounce,"T=2, theta=0.1419",test,C48CE857-A0DD-4DDB-BEA5-3A25449B2153,36,169,0,0,0,0,0,0
primary,debounce,"T=2, theta=0.1419",test,C48CE857-A0DD-4DDB-BEA5-3A25449B2153,37,133,0,0,0,0,0,0
primary,debounce,"T=2, theta=0.1419",test,C48CE857-A0DD-4DDB-BEA5-3A25449B2153,38,307,0,0,0,0,0,0
primary,debounce,"T=2, theta=0.1419",test,C48CE857-A0DD-4DDB-BEA5-3A25449B2153,39,85,0,0,0,0,0,0
primary,debounce,"T=2, theta=0.1419",test,D7D20E2E-FC78-405D-B346-DBD3FD8FC92B,14,121,0,0,0,0,0,0
primary,debounce,"T=2, theta=0.1419",test,D7D20E2E-FC78-405D-B346-DBD3FD8FC92B,15,826,1,1,2,4,1,1
primary,debounce,"T=2, theta=0.1419",test,D7D20E2E-FC78-405D-B346-DBD3FD8FC92B,16,265,1,1,2,8,0,0
primary,debounce,"T=2, theta=0.1419",test,E65577C1-8D5D-4F70-AF23-B3ADB9D3DBA3,5,657,14,14,28,109,16,11
primary,debounce,"T=2, theta=0.1419",test,FDAA70A1-42A3-4E3F-9AE3-3FDA412E03BF,20,966,3,3,6,13,2,2
primary,margin,"m=0.3, theta=0.1978",test,11B5EC4D-4133-4289-B475-4E737182A406,7,1407,0,0,0,0,0,0
primary,margin,"m=0.3, theta=0.1978",test,11B5EC4D-4133-4289-B475-4E737182A406,8,333,0,0,0,0,0,0
primary,margin,"m=0.3, theta=0.1978",test,1538C99F-BA1E-4EFB-A949-6C7C47701B20,30,406,1,1,2,2,1,1
primary,margin,"m=0.3, theta=0.1978",test,1538C99F-BA1E-4EFB-A949-6C7C47701B20,31,875,1,1,2,75,0,0
primary,margin,"m=0.3, theta=0.1978",test,83CF687B-7CEC-434B-9FE8-00C3D5799BE6,9,1394,14,14,28,91,12,10
primary,margin,"m=0.3, theta=0.1978",test,83CF687B-7CEC-434B-9FE8-00C3D5799BE6,10,485,0,0,0,0,0,0
primary,margin,"m=0.3, theta=0.1978",test,B09E373F-8A54-44C8-895B-0039390B859F,11,566,0,0,0,0,0,0
primary,margin,"m=0.3, theta=0.1978",test,B09E373F-8A54-44C8-895B-0039390B859F,12,833,0,0,0,0,0,0
primary,margin,"m=0.3, theta=0.1978",test,B09E373F-8A54-44C8-895B-0039390B859F,14,198,0,0,0,0,0,0
primary,margin,"m=0.3, theta=0.1978",test,C48CE857-A0DD-4DDB-BEA5-3A25449B2153,34,134,0,0,0,0,0,0
primary,margin,"m=0.3, theta=0.1978",test,C48CE857-A0DD-4DDB-BEA5-3A25449B2153,35,109,0,0,0,0,0,0
primary,margin,"m=0.3, theta=0.1978",test,C48CE857-A0DD-4DDB-BEA5-3A25449B2153,36,169,0,0,0,0,0,0
primary,margin,"m=0.3, theta=0.1978",test,C48CE857-A0DD-4DDB-BEA5-3A25449B2153,37,133,0,0,0,0,0,0
primary,margin,"m=0.3, theta=0.1978",test,C48CE857-A0DD-4DDB-BEA5-3A25449B2153,38,307,0,0,0,0,0,0
primary,margin,"m=0.3, theta=0.1978",test,C48CE857-A0DD-4DDB-BEA5-3A25449B2153,39,85,0,0,0,0,0,0
primary,margin,"m=0.3, theta=0.1978",test,D7D20E2E-FC78-405D-B346-DBD3FD8FC92B,14,121,0,0,0,0,0,0
primary,margin,"m=0.3, theta=0.1978",test,D7D20E2E-FC78-405D-B346-DBD3FD8FC92B,15,826,3,3,6,7,4,3
primary,margin,"m=0.3, theta=0.1978",test,D7D20E2E-FC78-405D-B346-DBD3FD8FC92B,16,265,1,1,2,1,1,1
primary,margin,"m=0.3, theta=0.1978",test,E65577C1-8D5D-4F70-AF23-B3ADB9D3DBA3,5,657,4,4,8,87,1,1
primary,margin,"m=0.3, theta=0.1978",test,FDAA70A1-42A3-4E3F-9AE3-3FDA412E03BF,20,966,1,1,2,11,0,0
primary,hysteresis,"m=0.3, T=2, theta=0.3318",test,11B5EC4D-4133-4289-B475-4E737182A406,7,1407,1,1,2,3,1,1
primary,hysteresis,"m=0.3, T=2, theta=0.3318",test,11B5EC4D-4133-4289-B475-4E737182A406,8,333,0,0,0,0,0,0
primary,hysteresis,"m=0.3, T=2, theta=0.3318",test,1538C99F-BA1E-4EFB-A949-6C7C47701B20,30,406,1,1,2,2,1,1
primary,hysteresis,"m=0.3, T=2, theta=0.3318",test,1538C99F-BA1E-4EFB-A949-6C7C47701B20,31,875,1,1,2,75,0,0
primary,hysteresis,"m=0.3, T=2, theta=0.3318",test,83CF687B-7CEC-434B-9FE8-00C3D5799BE6,9,1394,17,17,34,199,10,6
primary,hysteresis,"m=0.3, T=2, theta=0.3318",test,83CF687B-7CEC-434B-9FE8-00C3D5799BE6,10,485,2,2,4,15,1,1
primary,hysteresis,"m=0.3, T=2, theta=0.3318",test,B09E373F-8A54-44C8-895B-0039390B859F,11,566,0,0,0,0,0,0
primary,hysteresis,"m=0.3, T=2, theta=0.3318",test,B09E373F-8A54-44C8-895B-0039390B859F,12,833,0,0,0,0,0,0
primary,hysteresis,"m=0.3, T=2, theta=0.3318",test,B09E373F-8A54-44C8-895B-0039390B859F,14,198,1,0,1,3,0,0
primary,hysteresis,"m=0.3, T=2, theta=0.3318",test,C48CE857-A0DD-4DDB-BEA5-3A25449B2153,34,134,0,0,0,0,0,0
primary,hysteresis,"m=0.3, T=2, theta=0.3318",test,C48CE857-A0DD-4DDB-BEA5-3A25449B2153,35,109,0,0,0,0,0,0
primary,hysteresis,"m=0.3, T=2, theta=0.3318",test,C48CE857-A0DD-4DDB-BEA5-3A25449B2153,36,169,0,0,0,0,0,0
primary,hysteresis,"m=0.3, T=2, theta=0.3318",test,C48CE857-A0DD-4DDB-BEA5-3A25449B2153,37,133,0,0,0,0,0,0
primary,hysteresis,"m=0.3, T=2, theta=0.3318",test,C48CE857-A0DD-4DDB-BEA5-3A25449B2153,38,307,0,0,0,0,0,0
primary,hysteresis,"m=0.3, T=2, theta=0.3318",test,C48CE857-A0DD-4DDB-BEA5-3A25449B2153,39,85,0,0,0,0,0,0
primary,hysteresis,"m=0.3, T=2, theta=0.3318",test,D7D20E2E-FC78-405D-B346-DBD3FD8FC92B,14,121,0,0,0,0,0,0
primary,hysteresis,"m=0.3, T=2, theta=0.3318",test,D7D20E2E-FC78-405D-B346-DBD3FD8FC92B,15,826,3,3,6,46,1,1
primary,hysteresis,"m=0.3, T=2, theta=0.3318",test,D7D20E2E-FC78-405D-B346-DBD3FD8FC92B,16,265,1,1,2,8,0,0
primary,hysteresis,"m=0.3, T=2, theta=0.3318",test,E65577C1-8D5D-4F70-AF23-B3ADB9D3DBA3,5,657,7,7,14,179,5,2
primary,hysteresis,"m=0.3, T=2, theta=0.3318",test,FDAA70A1-42A3-4E3F-9AE3-3FDA412E03BF,20,966,4,4,8,42,2,2
primary,trust,"r=0.5, tau=0.5, theta=0.4256",test,11B5EC4D-4133-4289-B475-4E737182A406,7,1407,1,1,2,2,1,1
primary,trust,"r=0.5, tau=0.5, theta=0.4256",test,11B5EC4D-4133-4289-B475-4E737182A406,8,333,0,0,0,0,0,0
primary,trust,"r=0.5, tau=0.5, theta=0.4256",test,1538C99F-BA1E-4EFB-A949-6C7C47701B20,30,406,0,0,0,0,0,0
primary,trust,"r=0.5, tau=0.5, theta=0.4256",test,1538C99F-BA1E-4EFB-A949-6C7C47701B20,31,875,1,1,2,75,0,0
primary,trust,"r=0.5, tau=0.5, theta=0.4256",test,83CF687B-7CEC-434B-9FE8-00C3D5799BE6,9,1394,15,15,30,245,7,3
primary,trust,"r=0.5, tau=0.5, theta=0.4256",test,83CF687B-7CEC-434B-9FE8-00C3D5799BE6,10,485,1,1,2,19,0,0
primary,trust,"r=0.5, tau=0.5, theta=0.4256",test,B09E373F-8A54-44C8-895B-0039390B859F,11,566,0,0,0,0,0,0
primary,trust,"r=0.5, tau=0.5, theta=0.4256",test,B09E373F-8A54-44C8-895B-0039390B859F,12,833,0,0,0,0,0,0
primary,trust,"r=0.5, tau=0.5, theta=0.4256",test,B09E373F-8A54-44C8-895B-0039390B859F,14,198,0,0,0,0,0,0
primary,trust,"r=0.5, tau=0.5, theta=0.4256",test,C48CE857-A0DD-4DDB-BEA5-3A25449B2153,34,134,0,0,0,0,0,0
primary,trust,"r=0.5, tau=0.5, theta=0.4256",test,C48CE857-A0DD-4DDB-BEA5-3A25449B2153,35,109,0,0,0,0,0,0
primary,trust,"r=0.5, tau=0.5, theta=0.4256",test,C48CE857-A0DD-4DDB-BEA5-3A25449B2153,36,169,0,0,0,0,0,0
primary,trust,"r=0.5, tau=0.5, theta=0.4256",test,C48CE857-A0DD-4DDB-BEA5-3A25449B2153,37,133,0,0,0,0,0,0
primary,trust,"r=0.5, tau=0.5, theta=0.4256",test,C48CE857-A0DD-4DDB-BEA5-3A25449B2153,38,307,1,1,2,6,0,0
primary,trust,"r=0.5, tau=0.5, theta=0.4256",test,C48CE857-A0DD-4DDB-BEA5-3A25449B2153,39,85,0,0,0,0,0,0
primary,trust,"r=0.5, tau=0.5, theta=0.4256",test,D7D20E2E-FC78-405D-B346-DBD3FD8FC92B,14,121,0,0,0,0,0,0
primary,trust,"r=0.5, tau=0.5, theta=0.4256",test,D7D20E2E-FC78-405D-B346-DBD3FD8FC92B,15,826,6,6,12,53,4,4
primary,trust,"r=0.5, tau=0.5, theta=0.4256",test,D7D20E2E-FC78-405D-B346-DBD3FD8FC92B,16,265,3,3,6,27,1,1
primary,trust,"r=0.5, tau=0.5, theta=0.4256",test,E65577C1-8D5D-4F70-AF23-B3ADB9D3DBA3,5,657,8,8,16,241,7,2
primary,trust,"r=0.5, tau=0.5, theta=0.4256",test,FDAA70A1-42A3-4E3F-9AE3-3FDA412E03BF,20,966,3,3,6,56,2,1
primary,sprt,"alpha=0.05, beta=0.009899",test,11B5EC4D-4133-4289-B475-4E737182A406,7,1407,2,2,4,8,1,1
primary,sprt,"alpha=0.05, beta=0.009899",test,11B5EC4D-4133-4289-B475-4E737182A406,8,333,0,0,0,0,0,0
primary,sprt,"alpha=0.05, beta=0.009899",test,1538C99F-BA1E-4EFB-A949-6C7C47701B20,30,406,1,1,2,3,1,1
primary,sprt,"alpha=0.05, beta=0.009899",test,1538C99F-BA1E-4EFB-A949-6C7C47701B20,31,875,1,1,2,76,0,0
primary,sprt,"alpha=0.05, beta=0.009899",test,83CF687B-7CEC-434B-9FE8-00C3D5799BE6,9,1394,14,14,28,303,3,2
primary,sprt,"alpha=0.05, beta=0.009899",test,83CF687B-7CEC-434B-9FE8-00C3D5799BE6,10,485,2,2,4,24,1,1
primary,sprt,"alpha=0.05, beta=0.009899",test,B09E373F-8A54-44C8-895B-0039390B859F,11,566,0,0,0,0,0,0
primary,sprt,"alpha=0.05, beta=0.009899",test,B09E373F-8A54-44C8-895B-0039390B859F,12,833,0,0,0,0,0,0
primary,sprt,"alpha=0.05, beta=0.009899",test,B09E373F-8A54-44C8-895B-0039390B859F,14,198,1,0,1,2,0,0
primary,sprt,"alpha=0.05, beta=0.009899",test,C48CE857-A0DD-4DDB-BEA5-3A25449B2153,34,134,0,0,0,0,0,0
primary,sprt,"alpha=0.05, beta=0.009899",test,C48CE857-A0DD-4DDB-BEA5-3A25449B2153,35,109,0,0,0,0,0,0
primary,sprt,"alpha=0.05, beta=0.009899",test,C48CE857-A0DD-4DDB-BEA5-3A25449B2153,36,169,0,0,0,0,0,0
primary,sprt,"alpha=0.05, beta=0.009899",test,C48CE857-A0DD-4DDB-BEA5-3A25449B2153,37,133,0,0,0,0,0,0
primary,sprt,"alpha=0.05, beta=0.009899",test,C48CE857-A0DD-4DDB-BEA5-3A25449B2153,38,307,1,1,2,8,0,0
primary,sprt,"alpha=0.05, beta=0.009899",test,C48CE857-A0DD-4DDB-BEA5-3A25449B2153,39,85,0,0,0,0,0,0
primary,sprt,"alpha=0.05, beta=0.009899",test,D7D20E2E-FC78-405D-B346-DBD3FD8FC92B,14,121,0,0,0,0,0,0
primary,sprt,"alpha=0.05, beta=0.009899",test,D7D20E2E-FC78-405D-B346-DBD3FD8FC92B,15,826,7,7,14,75,3,3
primary,sprt,"alpha=0.05, beta=0.009899",test,D7D20E2E-FC78-405D-B346-DBD3FD8FC92B,16,265,2,2,4,24,0,0
primary,sprt,"alpha=0.05, beta=0.009899",test,E65577C1-8D5D-4F70-AF23-B3ADB9D3DBA3,5,657,3,3,6,254,1,0
primary,sprt,"alpha=0.05, beta=0.009899",test,FDAA70A1-42A3-4E3F-9AE3-3FDA412E03BF,20,966,3,3,6,74,0,0
primary,hmm,"rho=0.0001, theta=0.9427",test,11B5EC4D-4133-4289-B475-4E737182A406,7,1407,1,1,2,1,1,1
primary,hmm,"rho=0.0001, theta=0.9427",test,11B5EC4D-4133-4289-B475-4E737182A406,8,333,0,0,0,0,0,0
primary,hmm,"rho=0.0001, theta=0.9427",test,1538C99F-BA1E-4EFB-A949-6C7C47701B20,30,406,2,2,4,2,2,2
primary,hmm,"rho=0.0001, theta=0.9427",test,1538C99F-BA1E-4EFB-A949-6C7C47701B20,31,875,1,1,2,80,0,0
primary,hmm,"rho=0.0001, theta=0.9427",test,83CF687B-7CEC-434B-9FE8-00C3D5799BE6,9,1394,14,14,28,376,12,7
primary,hmm,"rho=0.0001, theta=0.9427",test,83CF687B-7CEC-434B-9FE8-00C3D5799BE6,10,485,2,2,4,25,1,1
primary,hmm,"rho=0.0001, theta=0.9427",test,B09E373F-8A54-44C8-895B-0039390B859F,11,566,0,0,0,0,0,0
primary,hmm,"rho=0.0001, theta=0.9427",test,B09E373F-8A54-44C8-895B-0039390B859F,12,833,0,0,0,0,0,0
primary,hmm,"rho=0.0001, theta=0.9427",test,B09E373F-8A54-44C8-895B-0039390B859F,14,198,3,2,5,8,3,2
primary,hmm,"rho=0.0001, theta=0.9427",test,C48CE857-A0DD-4DDB-BEA5-3A25449B2153,34,134,0,0,0,0,0,0
primary,hmm,"rho=0.0001, theta=0.9427",test,C48CE857-A0DD-4DDB-BEA5-3A25449B2153,35,109,0,0,0,0,0,0
primary,hmm,"rho=0.0001, theta=0.9427",test,C48CE857-A0DD-4DDB-BEA5-3A25449B2153,36,169,0,0,0,0,0,0
primary,hmm,"rho=0.0001, theta=0.9427",test,C48CE857-A0DD-4DDB-BEA5-3A25449B2153,37,133,0,0,0,0,0,0
primary,hmm,"rho=0.0001, theta=0.9427",test,C48CE857-A0DD-4DDB-BEA5-3A25449B2153,38,307,1,1,2,7,0,0
primary,hmm,"rho=0.0001, theta=0.9427",test,C48CE857-A0DD-4DDB-BEA5-3A25449B2153,39,85,0,0,0,0,0,0
primary,hmm,"rho=0.0001, theta=0.9427",test,D7D20E2E-FC78-405D-B346-DBD3FD8FC92B,14,121,0,0,0,0,0,0
primary,hmm,"rho=0.0001, theta=0.9427",test,D7D20E2E-FC78-405D-B346-DBD3FD8FC92B,15,826,6,6,12,89,2,2
primary,hmm,"rho=0.0001, theta=0.9427",test,D7D20E2E-FC78-405D-B346-DBD3FD8FC92B,16,265,2,2,4,51,0,0
primary,hmm,"rho=0.0001, theta=0.9427",test,E65577C1-8D5D-4F70-AF23-B3ADB9D3DBA3,5,657,2,2,4,266,0,0
primary,hmm,"rho=0.0001, theta=0.9427",test,FDAA70A1-42A3-4E3F-9AE3-3FDA412E03BF,20,966,4,4,8,76,3,2
sensitivity_1,threshold,theta=0.1301,test,11B5EC4D-4133-4289-B475-4E737182A406,7,1407,2,2,4,2,2,2
sensitivity_1,threshold,theta=0.1301,test,11B5EC4D-4133-4289-B475-4E737182A406,8,333,2,2,4,2,2,2
sensitivity_1,threshold,theta=0.1301,test,1538C99F-BA1E-4EFB-A949-6C7C47701B20,30,406,2,2,4,3,2,2
sensitivity_1,threshold,theta=0.1301,test,1538C99F-BA1E-4EFB-A949-6C7C47701B20,31,875,1,1,2,75,0,0
sensitivity_1,threshold,theta=0.1301,test,83CF687B-7CEC-434B-9FE8-00C3D5799BE6,9,1394,53,53,106,104,79,50
sensitivity_1,threshold,theta=0.1301,test,83CF687B-7CEC-434B-9FE8-00C3D5799BE6,10,485,4,4,8,4,4,4
sensitivity_1,threshold,theta=0.1301,test,B09E373F-8A54-44C8-895B-0039390B859F,11,566,3,3,6,3,3,3
sensitivity_1,threshold,theta=0.1301,test,B09E373F-8A54-44C8-895B-0039390B859F,12,833,2,2,4,2,2,2
sensitivity_1,threshold,theta=0.1301,test,B09E373F-8A54-44C8-895B-0039390B859F,14,198,3,3,6,3,4,3
sensitivity_1,threshold,theta=0.1301,test,C48CE857-A0DD-4DDB-BEA5-3A25449B2153,34,134,0,0,0,0,0,0
sensitivity_1,threshold,theta=0.1301,test,C48CE857-A0DD-4DDB-BEA5-3A25449B2153,35,109,0,0,0,0,0,0
sensitivity_1,threshold,theta=0.1301,test,C48CE857-A0DD-4DDB-BEA5-3A25449B2153,36,169,0,0,0,0,0,0
sensitivity_1,threshold,theta=0.1301,test,C48CE857-A0DD-4DDB-BEA5-3A25449B2153,37,133,0,0,0,0,0,0
sensitivity_1,threshold,theta=0.1301,test,C48CE857-A0DD-4DDB-BEA5-3A25449B2153,38,307,4,4,8,4,5,4
sensitivity_1,threshold,theta=0.1301,test,C48CE857-A0DD-4DDB-BEA5-3A25449B2153,39,85,0,0,0,0,0,0
sensitivity_1,threshold,theta=0.1301,test,D7D20E2E-FC78-405D-B346-DBD3FD8FC92B,14,121,0,0,0,0,0,0
sensitivity_1,threshold,theta=0.1301,test,D7D20E2E-FC78-405D-B346-DBD3FD8FC92B,15,826,19,19,38,20,28,19
sensitivity_1,threshold,theta=0.1301,test,D7D20E2E-FC78-405D-B346-DBD3FD8FC92B,16,265,4,4,8,9,6,4
sensitivity_1,threshold,theta=0.1301,test,E65577C1-8D5D-4F70-AF23-B3ADB9D3DBA3,5,657,33,33,66,113,55,30
sensitivity_1,threshold,theta=0.1301,test,FDAA70A1-42A3-4E3F-9AE3-3FDA412E03BF,20,966,15,15,30,20,21,15
sensitivity_1,moving_average,"k=3, theta=0.3775",test,11B5EC4D-4133-4289-B475-4E737182A406,7,1407,5,5,10,18,5,4
sensitivity_1,moving_average,"k=3, theta=0.3775",test,11B5EC4D-4133-4289-B475-4E737182A406,8,333,4,4,8,5,5,4
sensitivity_1,moving_average,"k=3, theta=0.3775",test,1538C99F-BA1E-4EFB-A949-6C7C47701B20,30,406,2,2,4,4,2,2
sensitivity_1,moving_average,"k=3, theta=0.3775",test,1538C99F-BA1E-4EFB-A949-6C7C47701B20,31,875,1,1,2,75,0,0
sensitivity_1,moving_average,"k=3, theta=0.3775",test,83CF687B-7CEC-434B-9FE8-00C3D5799BE6,9,1394,35,35,70,249,33,22
sensitivity_1,moving_average,"k=3, theta=0.3775",test,83CF687B-7CEC-434B-9FE8-00C3D5799BE6,10,485,7,7,14,31,9,6
sensitivity_1,moving_average,"k=3, theta=0.3775",test,B09E373F-8A54-44C8-895B-0039390B859F,11,566,2,2,4,4,2,2
sensitivity_1,moving_average,"k=3, theta=0.3775",test,B09E373F-8A54-44C8-895B-0039390B859F,12,833,3,3,6,3,3,3
sensitivity_1,moving_average,"k=3, theta=0.3775",test,B09E373F-8A54-44C8-895B-0039390B859F,14,198,4,3,7,9,4,3
sensitivity_1,moving_average,"k=3, theta=0.3775",test,C48CE857-A0DD-4DDB-BEA5-3A25449B2153,34,134,0,0,0,0,0,0
sensitivity_1,moving_average,"k=3, theta=0.3775",test,C48CE857-A0DD-4DDB-BEA5-3A25449B2153,35,109,0,0,0,0,0,0
sensitivity_1,moving_average,"k=3, theta=0.3775",test,C48CE857-A0DD-4DDB-BEA5-3A25449B2153,36,169,0,0,0,0,0,0
sensitivity_1,moving_average,"k=3, theta=0.3775",test,C48CE857-A0DD-4DDB-BEA5-3A25449B2153,37,133,0,0,0,0,0,0
sensitivity_1,moving_average,"k=3, theta=0.3775",test,C48CE857-A0DD-4DDB-BEA5-3A25449B2153,38,307,3,3,6,10,2,2
sensitivity_1,moving_average,"k=3, theta=0.3775",test,C48CE857-A0DD-4DDB-BEA5-3A25449B2153,39,85,0,0,0,0,0,0
sensitivity_1,moving_average,"k=3, theta=0.3775",test,D7D20E2E-FC78-405D-B346-DBD3FD8FC92B,14,121,0,0,0,0,0,0
sensitivity_1,moving_average,"k=3, theta=0.3775",test,D7D20E2E-FC78-405D-B346-DBD3FD8FC92B,15,826,15,15,30,68,18,13
sensitivity_1,moving_average,"k=3, theta=0.3775",test,D7D20E2E-FC78-405D-B346-DBD3FD8FC92B,16,265,7,7,14,25,8,5
sensitivity_1,moving_average,"k=3, theta=0.3775",test,E65577C1-8D5D-4F70-AF23-B3ADB9D3DBA3,5,657,18,18,36,196,21,8
sensitivity_1,moving_average,"k=3, theta=0.3775",test,FDAA70A1-42A3-4E3F-9AE3-3FDA412E03BF,20,966,12,12,24,60,14,10
sensitivity_1,ewma,"alpha=0.1, theta=0.7858",test,11B5EC4D-4133-4289-B475-4E737182A406,7,1407,6,6,12,163,3,2
sensitivity_1,ewma,"alpha=0.1, theta=0.7858",test,11B5EC4D-4133-4289-B475-4E737182A406,8,333,4,4,8,20,2,2
sensitivity_1,ewma,"alpha=0.1, theta=0.7858",test,1538C99F-BA1E-4EFB-A949-6C7C47701B20,30,406,5,4,9,29,6,4
sensitivity_1,ewma,"alpha=0.1, theta=0.7858",test,1538C99F-BA1E-4EFB-A949-6C7C47701B20,31,875,2,2,4,106,0,0
sensitivity_1,ewma,"alpha=0.1, theta=0.7858",test,83CF687B-7CEC-434B-9FE8-00C3D5799BE6,9,1394,8,8,16,629,2,1
sensitivity_1,ewma,"alpha=0.1, theta=0.7858",test,83CF687B-7CEC-434B-9FE8-00C3D5799BE6,10,485,5,4,9,387,2,0
sensitivity_1,ewma,"alpha=0.1, theta=0.7858",test,B09E373F-8A54-44C8-895B-0039390B859F,11,566,10,9,19,180,8,3
sensitivity_1,ewma,"alpha=0.1, theta=0.7858",test,B09E373F-8A54-44C8-895B-0039390B859F,12,833,19,18,37,254,21,11
sensitivity_1,ewma,"alpha=0.1, theta=0.7858",test,B09E373F-8A54-44C8-895B-0039390B859F,14,198,7,6,13,170,9,4
sensitivity_1,ewma,"alpha=0.1, theta=0.7858",test,C48CE857-A0DD-4DDB-BEA5-3A25449B2153,34,134,1,1,2,21,0,0
sensitivity_1,ewma,"alpha=0.1, theta=0.7858",test,C48CE857-A0DD-4DDB-BEA5-3A25449B2153,35,109,0,0,0,0,0,0
sensitivity_1,ewma,"alpha=0.1, theta=0.7858",test,C48CE857-A0DD-4DDB-BEA5-3A25449B2153,36,169,0,0,0,0,0,0
sensitivity_1,ewma,"alpha=0.1, theta=0.7858",test,C48CE857-A0DD-4DDB-BEA5-3A25449B2153,37,133,0,0,0,0,0,0
sensitivity_1,ewma,"alpha=0.1, theta=0.7858",test,C48CE857-A0DD-4DDB-BEA5-3A25449B2153,38,307,2,2,4,38,0,0
sensitivity_1,ewma,"alpha=0.1, theta=0.7858",test,C48CE857-A0DD-4DDB-BEA5-3A25449B2153,39,85,0,0,0,0,0,0
sensitivity_1,ewma,"alpha=0.1, theta=0.7858",test,D7D20E2E-FC78-405D-B346-DBD3FD8FC92B,14,121,1,1,2,5,1,1
sensitivity_1,ewma,"alpha=0.1, theta=0.7858",test,D7D20E2E-FC78-405D-B346-DBD3FD8FC92B,15,826,7,7,14,235,2,2
sensitivity_1,ewma,"alpha=0.1, theta=0.7858",test,D7D20E2E-FC78-405D-B346-DBD3FD8FC92B,16,265,2,2,4,76,0,0
sensitivity_1,ewma,"alpha=0.1, theta=0.7858",test,E65577C1-8D5D-4F70-AF23-B3ADB9D3DBA3,5,657,2,2,4,302,1,1
sensitivity_1,ewma,"alpha=0.1, theta=0.7858",test,FDAA70A1-42A3-4E3F-9AE3-3FDA412E03BF,20,966,10,9,19,308,5,2
sensitivity_1,majority_vote,"k=3, theta=0.3543",test,11B5EC4D-4133-4289-B475-4E737182A406,7,1407,6,6,12,24,6,5
sensitivity_1,majority_vote,"k=3, theta=0.3543",test,11B5EC4D-4133-4289-B475-4E737182A406,8,333,3,3,6,7,3,3
sensitivity_1,majority_vote,"k=3, theta=0.3543",test,1538C99F-BA1E-4EFB-A949-6C7C47701B20,30,406,2,2,4,5,2,2
sensitivity_1,majority_vote,"k=3, theta=0.3543",test,1538C99F-BA1E-4EFB-A949-6C7C47701B20,31,875,2,2,4,77,1,1
sensitivity_1,majority_vote,"k=3, theta=0.3543",test,83CF687B-7CEC-434B-9FE8-00C3D5799BE6,9,1394,32,32,64,239,29,17
sensitivity_1,majority_vote,"k=3, theta=0.3543",test,83CF687B-7CEC-434B-9FE8-00C3D5799BE6,10,485,8,8,16,29,9,7
sensitivity_1,majority_vote,"k=3, theta=0.3543",test,B09E373F-8A54-44C8-895B-0039390B859F,11,566,3,3,6,8,3,3
sensitivity_1,majority_vote,"k=3, theta=0.3543",test,B09E373F-8A54-44C8-895B-0039390B859F,12,833,5,5,10,8,5,5
sensitivity_1,majority_vote,"k=3, theta=0.3543",test,B09E373F-8A54-44C8-895B-0039390B859F,14,198,3,2,5,6,2,2
sensitivity_1,majority_vote,"k=3, theta=0.3543",test,C48CE857-A0DD-4DDB-BEA5-3A25449B2153,34,134,0,0,0,0,0,0
sensitivity_1,majority_vote,"k=3, theta=0.3543",test,C48CE857-A0DD-4DDB-BEA5-3A25449B2153,35,109,0,0,0,0,0,0
sensitivity_1,majority_vote,"k=3, theta=0.3543",test,C48CE857-A0DD-4DDB-BEA5-3A25449B2153,36,169,0,0,0,0,0,0
sensitivity_1,majority_vote,"k=3, theta=0.3543",test,C48CE857-A0DD-4DDB-BEA5-3A25449B2153,37,133,0,0,0,0,0,0
sensitivity_1,majority_vote,"k=3, theta=0.3543",test,C48CE857-A0DD-4DDB-BEA5-3A25449B2153,38,307,3,3,6,9,2,2
sensitivity_1,majority_vote,"k=3, theta=0.3543",test,C48CE857-A0DD-4DDB-BEA5-3A25449B2153,39,85,0,0,0,0,0,0
sensitivity_1,majority_vote,"k=3, theta=0.3543",test,D7D20E2E-FC78-405D-B346-DBD3FD8FC92B,14,121,0,0,0,0,0,0
sensitivity_1,majority_vote,"k=3, theta=0.3543",test,D7D20E2E-FC78-405D-B346-DBD3FD8FC92B,15,826,14,14,28,77,15,10
sensitivity_1,majority_vote,"k=3, theta=0.3543",test,D7D20E2E-FC78-405D-B346-DBD3FD8FC92B,16,265,5,5,10,24,4,3
sensitivity_1,majority_vote,"k=3, theta=0.3543",test,E65577C1-8D5D-4F70-AF23-B3ADB9D3DBA3,5,657,18,18,36,202,22,9
sensitivity_1,majority_vote,"k=3, theta=0.3543",test,FDAA70A1-42A3-4E3F-9AE3-3FDA412E03BF,20,966,15,15,30,70,20,13
sensitivity_1,debounce,"T=2, theta=0.4013",test,11B5EC4D-4133-4289-B475-4E737182A406,7,1407,5,5,10,27,3,2
sensitivity_1,debounce,"T=2, theta=0.4013",test,11B5EC4D-4133-4289-B475-4E737182A406,8,333,2,2,4,5,2,2
sensitivity_1,debounce,"T=2, theta=0.4013",test,1538C99F-BA1E-4EFB-A949-6C7C47701B20,30,406,2,2,4,5,2,2
sensitivity_1,debounce,"T=2, theta=0.4013",test,1538C99F-BA1E-4EFB-A949-6C7C47701B20,31,875,2,2,4,77,1,1
sensitivity_1,debounce,"T=2, theta=0.4013",test,83CF687B-7CEC-434B-9FE8-00C3D5799BE6,9,1394,32,32,64,276,26,17
sensitivity_1,debounce,"T=2, theta=0.4013",test,83CF687B-7CEC-434B-9FE8-00C3D5799BE6,10,485,7,7,14,39,7,5
sensitivity_1,debounce,"T=2, theta=0.4013",test,B09E373F-8A54-44C8-895B-0039390B859F,11,566,3,3,6,10,3,3
sensitivity_1,debounce,"T=2, theta=0.4013",test,B09E373F-8A54-44C8-895B-0039390B859F,12,833,3,3,6,6,3,3
sensitivity_1,debounce,"T=2, theta=0.4013",test,B09E373F-8A54-44C8-895B-0039390B859F,14,198,3,2,5,8,2,2
sensitivity_1,debounce,"T=2, theta=0.4013",test,C48CE857-A0DD-4DDB-BEA5-3A25449B2153,34,134,0,0,0,0,0,0
sensitivity_1,debounce,"T=2, theta=0.4013",test,C48CE857-A0DD-4DDB-BEA5-3A25449B2153,35,109,0,0,0,0,0,0
sensitivity_1,debounce,"T=2, theta=0.4013",test,C48CE857-A0DD-4DDB-BEA5-3A25449B2153,36,169,0,0,0,0,0,0
sensitivity_1,debounce,"T=2, theta=0.4013",test,C48CE857-A0DD-4DDB-BEA5-3A25449B2153,37,133,0,0,0,0,0,0
sensitivity_1,debounce,"T=2, theta=0.4013",test,C48CE857-A0DD-4DDB-BEA5-3A25449B2153,38,307,3,3,6,15,3,2
sensitivity_1,debounce,"T=2, theta=0.4013",test,C48CE857-A0DD-4DDB-BEA5-3A25449B2153,39,85,0,0,0,0,0,0
sensitivity_1,debounce,"T=2, theta=0.4013",test,D7D20E2E-FC78-405D-B346-DBD3FD8FC92B,14,121,0,0,0,0,0,0
sensitivity_1,debounce,"T=2, theta=0.4013",test,D7D20E2E-FC78-405D-B346-DBD3FD8FC92B,15,826,9,9,18,77,5,5
sensitivity_1,debounce,"T=2, theta=0.4013",test,D7D20E2E-FC78-405D-B346-DBD3FD8FC92B,16,265,3,3,6,25,1,1
sensitivity_1,debounce,"T=2, theta=0.4013",test,E65577C1-8D5D-4F70-AF23-B3ADB9D3DBA3,5,657,15,15,30,214,15,5
sensitivity_1,debounce,"T=2, theta=0.4013",test,FDAA70A1-42A3-4E3F-9AE3-3FDA412E03BF,20,966,11,11,22,77,11,8
sensitivity_1,margin,"m=0.3, theta=0.31",test,11B5EC4D-4133-4289-B475-4E737182A406,7,1407,3,3,6,12,2,2
sensitivity_1,margin,"m=0.3, theta=0.31",test,11B5EC4D-4133-4289-B475-4E737182A406,8,333,3,3,6,4,3,3
sensitivity_1,margin,"m=0.3, theta=0.31",test,1538C99F-BA1E-4EFB-A949-6C7C47701B20,30,406,2,2,4,4,2,2
sensitivity_1,margin,"m=0.3, theta=0.31",test,1538C99F-BA1E-4EFB-A949-6C7C47701B20,31,875,1,1,2,75,0,0
sensitivity_1,margin,"m=0.3, theta=0.31",test,83CF687B-7CEC-434B-9FE8-00C3D5799BE6,9,1394,39,39,78,205,42,27
sensitivity_1,margin,"m=0.3, theta=0.31",test,83CF687B-7CEC-434B-9FE8-00C3D5799BE6,10,485,6,6,12,13,6,6
sensitivity_1,margin,"m=0.3, theta=0.31",test,B09E373F-8A54-44C8-895B-0039390B859F,11,566,3,3,6,5,3,3
sensitivity_1,margin,"m=0.3, theta=0.31",test,B09E373F-8A54-44C8-895B-0039390B859F,12,833,5,5,10,5,5,5
sensitivity_1,margin,"m=0.3, theta=0.31",test,B09E373F-8A54-44C8-895B-0039390B859F,14,198,4,3,7,9,3,3
sensitivity_1,margin,"m=0.3, theta=0.31",test,C48CE857-A0DD-4DDB-BEA5-3A25449B2153,34,134,0,0,0,0,0,0
sensitivity_1,margin,"m=0.3, theta=0.31",test,C48CE857-A0DD-4DDB-BEA5-3A25449B2153,35,109,0,0,0,0,0,0
sensitivity_1,margin,"m=0.3, theta=0.31",test,C48CE857-A0DD-4DDB-BEA5-3A25449B2153,36,169,0,0,0,0,0,0
sensitivity_1,margin,"m=0.3, theta=0.31",test,C48CE857-A0DD-4DDB-BEA5-3A25449B2153,37,133,0,0,0,0,0,0
sensitivity_1,margin,"m=0.3, theta=0.31",test,C48CE857-A0DD-4DDB-BEA5-3A25449B2153,38,307,4,4,8,11,5,4
sensitivity_1,margin,"m=0.3, theta=0.31",test,C48CE857-A0DD-4DDB-BEA5-3A25449B2153,39,85,0,0,0,0,0,0
sensitivity_1,margin,"m=0.3, theta=0.31",test,D7D20E2E-FC78-405D-B346-DBD3FD8FC92B,14,121,0,0,0,0,0,0
sensitivity_1,margin,"m=0.3, theta=0.31",test,D7D20E2E-FC78-405D-B346-DBD3FD8FC92B,15,826,10,10,20,67,9,7
sensitivity_1,margin,"m=0.3, theta=0.31",test,D7D20E2E-FC78-405D-B346-DBD3FD8FC92B,16,265,5,5,10,14,6,4
sensitivity_1,margin,"m=0.3, theta=0.31",test,E65577C1-8D5D-4F70-AF23-B3ADB9D3DBA3,5,657,15,15,30,179,15,8
sensitivity_1,margin,"m=0.3, theta=0.31",test,FDAA70A1-42A3-4E3F-9AE3-3FDA412E03BF,20,966,10,10,20,50,9,7
sensitivity_1,hysteresis,"m=0.3, T=2, theta=0.8176",test,11B5EC4D-4133-4289-B475-4E737182A406,7,1407,5,5,10,185,1,1
sensitivity_1,hysteresis,"m=0.3, T=2, theta=0.8176",test,11B5EC4D-4133-4289-B475-4E737182A406,8,333,3,3,6,71,0,0
sensitivity_1,hysteresis,"m=0.3, T=2, theta=0.8176",test,1538C99F-BA1E-4EFB-A949-6C7C47701B20,30,406,3,2,5,40,1,1
sensitivity_1,hysteresis,"m=0.3, T=2, theta=0.8176",test,1538C99F-BA1E-4EFB-A949-6C7C47701B20,31,875,2,2,4,98,0,0
sensitivity_1,hysteresis,"m=0.3, T=2, theta=0.8176",test,83CF687B-7CEC-434B-9FE8-00C3D5799BE6,9,1394,5,5,10,630,0,0
sensitivity_1,hysteresis,"m=0.3, T=2, theta=0.8176",test,83CF687B-7CEC-434B-9FE8-00C3D5799BE6,10,485,5,5,10,376,2,1
sensitivity_1,hysteresis,"m=0.3, T=2, theta=0.8176",test,B09E373F-8A54-44C8-895B-0039390B859F,11,566,5,4,9,175,0,0
sensitivity_1,hysteresis,"m=0.3, T=2, theta=0.8176",test,B09E373F-8A54-44C8-895B-0039390B859F,12,833,5,4,9,282,2,1
sensitivity_1,hysteresis,"m=0.3, T=2, theta=0.8176",test,B09E373F-8A54-44C8-895B-0039390B859F,14,198,3,2,5,166,0,0
sensitivity_1,hysteresis,"m=0.3, T=2, theta=0.8176",test,C48CE857-A0DD-4DDB-BEA5-3A25449B2153,34,134,1,1,2,28,0,0
sensitivity_1,hysteresis,"m=0.3, T=2, theta=0.8176",test,C48CE857-A0DD-4DDB-BEA5-3A25449B2153,35,109,0,0,0,0,0,0
sensitivity_1,hysteresis,"m=0.3, T=2, theta=0.8176",test,C48CE857-A0DD-4DDB-BEA5-3A25449B2153,36,169,0,0,0,0,0,0
sensitivity_1,hysteresis,"m=0.3, T=2, theta=0.8176",test,C48CE857-A0DD-4DDB-BEA5-3A25449B2153,37,133,0,0,0,0,0,0
sensitivity_1,hysteresis,"m=0.3, T=2, theta=0.8176",test,C48CE857-A0DD-4DDB-BEA5-3A25449B2153,38,307,2,2,4,32,1,1
sensitivity_1,hysteresis,"m=0.3, T=2, theta=0.8176",test,C48CE857-A0DD-4DDB-BEA5-3A25449B2153,39,85,0,0,0,0,0,0
sensitivity_1,hysteresis,"m=0.3, T=2, theta=0.8176",test,D7D20E2E-FC78-405D-B346-DBD3FD8FC92B,14,121,2,2,4,16,2,1
sensitivity_1,hysteresis,"m=0.3, T=2, theta=0.8176",test,D7D20E2E-FC78-405D-B346-DBD3FD8FC92B,15,826,8,7,15,239,2,0
sensitivity_1,hysteresis,"m=0.3, T=2, theta=0.8176",test,D7D20E2E-FC78-405D-B346-DBD3FD8FC92B,16,265,2,2,4,63,0,0
sensitivity_1,hysteresis,"m=0.3, T=2, theta=0.8176",test,E65577C1-8D5D-4F70-AF23-B3ADB9D3DBA3,5,657,2,2,4,293,1,1
sensitivity_1,hysteresis,"m=0.3, T=2, theta=0.8176",test,FDAA70A1-42A3-4E3F-9AE3-3FDA412E03BF,20,966,5,4,9,410,2,2
sensitivity_1,trust,"r=0.5, tau=0.5, theta=0.7858",test,11B5EC4D-4133-4289-B475-4E737182A406,7,1407,4,4,8,165,0,0
sensitivity_1,trust,"r=0.5, tau=0.5, theta=0.7858",test,11B5EC4D-4133-4289-B475-4E737182A406,8,333,4,4,8,28,3,2
sensitivity_1,trust,"r=0.5, tau=0.5, theta=0.7858",test,1538C99F-BA1E-4EFB-A949-6C7C47701B20,30,406,5,4,9,38,4,2
sensitivity_1,trust,"r=0.5, tau=0.5, theta=0.7858",test,1538C99F-BA1E-4EFB-A949-6C7C47701B20,31,875,2,2,4,102,0,0
sensitivity_1,trust,"r=0.5, tau=0.5, theta=0.7858",test,83CF687B-7CEC-434B-9FE8-00C3D5799BE6,9,1394,8,8,16,613,2,1
sensitivity_1,trust,"r=0.5, tau=0.5, theta=0.7858",test,83CF687B-7CEC-434B-9FE8-00C3D5799BE6,10,485,6,5,11,376,4,1
sensitivity_1,trust,"r=0.5, tau=0.5, theta=0.7858",test,B09E373F-8A54-44C8-895B-0039390B859F,11,566,5,4,9,187,0,0
sensitivity_1,trust,"r=0.5, tau=0.5, theta=0.7858",test,B09E373F-8A54-44C8-895B-0039390B859F,12,833,8,7,15,259,8,3
sensitivity_1,trust,"r=0.5, tau=0.5, theta=0.7858",test,B09E373F-8A54-44C8-895B-0039390B859F,14,198,5,4,9,153,5,3
sensitivity_1,trust,"r=0.5, tau=0.5, theta=0.7858",test,C48CE857-A0DD-4DDB-BEA5-3A25449B2153,34,134,1,1,2,23,0,0
sensitivity_1,trust,"r=0.5, tau=0.5, theta=0.7858",test,C48CE857-A0DD-4DDB-BEA5-3A25449B2153,35,109,0,0,0,0,0,0
sensitivity_1,trust,"r=0.5, tau=0.5, theta=0.7858",test,C48CE857-A0DD-4DDB-BEA5-3A25449B2153,36,169,0,0,0,0,0,0
sensitivity_1,trust,"r=0.5, tau=0.5, theta=0.7858",test,C48CE857-A0DD-4DDB-BEA5-3A25449B2153,37,133,0,0,0,0,0,0
sensitivity_1,trust,"r=0.5, tau=0.5, theta=0.7858",test,C48CE857-A0DD-4DDB-BEA5-3A25449B2153,38,307,2,2,4,37,0,0
sensitivity_1,trust,"r=0.5, tau=0.5, theta=0.7858",test,C48CE857-A0DD-4DDB-BEA5-3A25449B2153,39,85,0,0,0,0,0,0
sensitivity_1,trust,"r=0.5, tau=0.5, theta=0.7858",test,D7D20E2E-FC78-405D-B346-DBD3FD8FC92B,14,121,1,1,2,1,1,1
sensitivity_1,trust,"r=0.5, tau=0.5, theta=0.7858",test,D7D20E2E-FC78-405D-B346-DBD3FD8FC92B,15,826,7,7,14,201,2,2
sensitivity_1,trust,"r=0.5, tau=0.5, theta=0.7858",test,D7D20E2E-FC78-405D-B346-DBD3FD8FC92B,16,265,2,2,4,65,0,0
sensitivity_1,trust,"r=0.5, tau=0.5, theta=0.7858",test,E65577C1-8D5D-4F70-AF23-B3ADB9D3DBA3,5,657,2,2,4,296,1,1
sensitivity_1,trust,"r=0.5, tau=0.5, theta=0.7858",test,FDAA70A1-42A3-4E3F-9AE3-3FDA412E03BF,20,966,8,7,15,289,3,2
sensitivity_1,sprt,"alpha=0.05, beta=0.3628",test,11B5EC4D-4133-4289-B475-4E737182A406,7,1407,6,6,12,28,5,4
sensitivity_1,sprt,"alpha=0.05, beta=0.3628",test,11B5EC4D-4133-4289-B475-4E737182A406,8,333,3,3,6,12,2,2
sensitivity_1,sprt,"alpha=0.05, beta=0.3628",test,1538C99F-BA1E-4EFB-A949-6C7C47701B20,30,406,2,2,4,7,2,2
sensitivity_1,sprt,"alpha=0.05, beta=0.3628",test,1538C99F-BA1E-4EFB-A949-6C7C47701B20,31,875,2,2,4,78,2,1
sensitivity_1,sprt,"alpha=0.05, beta=0.3628",test,83CF687B-7CEC-434B-9FE8-00C3D5799BE6,9,1394,27,27,54,352,16,8
sensitivity_1,sprt,"alpha=0.05, beta=0.3628",test,83CF687B-7CEC-434B-9FE8-00C3D5799BE6,10,485,4,4,8,47,2,1
sensitivity_1,sprt,"alpha=0.05, beta=0.3628",test,B09E373F-8A54-44C8-895B-0039390B859F,11,566,3,3,6,17,2,2
sensitivity_1,sprt,"alpha=0.05, beta=0.3628",test,B09E373F-8A54-44C8-895B-0039390B859F,12,833,7,7,14,19,6,6
sensitivity_1,sprt,"alpha=0.05, beta=0.3628",test,B09E373F-8A54-44C8-895B-0039390B859F,14,198,4,3,7,24,1,1
sensitivity_1,sprt,"alpha=0.05, beta=0.3628",test,C48CE857-A0DD-4DDB-BEA5-3A25449B2153,34,134,0,0,0,0,0,0
sensitivity_1,sprt,"alpha=0.05, beta=0.3628",test,C48CE857-A0DD-4DDB-BEA5-3A25449B2153,35,109,0,0,0,0,0,0
sensitivity_1,sprt,"alpha=0.05, beta=0.3628",test,C48CE857-A0DD-4DDB-BEA5-3A25449B2153,36,169,0,0,0,0,0,0
sensitivity_1,sprt,"alpha=0.05, beta=0.3628",test,C48CE857-A0DD-4DDB-BEA5-3A25449B2153,37,133,0,0,0,0,0,0
sensitivity_1,sprt,"alpha=0.05, beta=0.3628",test,C48CE857-A0DD-4DDB-BEA5-3A25449B2153,38,307,4,4,8,17,4,3
sensitivity_1,sprt,"alpha=0.05, beta=0.3628",test,C48CE857-A0DD-4DDB-BEA5-3A25449B2153,39,85,0,0,0,0,0,0
sensitivity_1,sprt,"alpha=0.05, beta=0.3628",test,D7D20E2E-FC78-405D-B346-DBD3FD8FC92B,14,121,0,0,0,0,0,0
sensitivity_1,sprt,"alpha=0.05, beta=0.3628",test,D7D20E2E-FC78-405D-B346-DBD3FD8FC92B,15,826,9,9,18,90,4,4
sensitivity_1,sprt,"alpha=0.05, beta=0.3628",test,D7D20E2E-FC78-405D-B346-DBD3FD8FC92B,16,265,4,4,8,41,2,1
sensitivity_1,sprt,"alpha=0.05, beta=0.3628",test,E65577C1-8D5D-4F70-AF23-B3ADB9D3DBA3,5,657,7,7,14,255,5,1
sensitivity_1,sprt,"alpha=0.05, beta=0.3628",test,FDAA70A1-42A3-4E3F-9AE3-3FDA412E03BF,20,966,7,6,13,98,3,3
sensitivity_1,hmm,"rho=0.0001, theta=0.999",test,11B5EC4D-4133-4289-B475-4E737182A406,7,1407,4,4,8,34,1,0
sensitivity_1,hmm,"rho=0.0001, theta=0.999",test,11B5EC4D-4133-4289-B475-4E737182A406,8,333,3,3,6,9,2,2
sensitivity_1,hmm,"rho=0.0001, theta=0.999",test,1538C99F-BA1E-4EFB-A949-6C7C47701B20,30,406,2,2,4,6,2,2
sensitivity_1,hmm,"rho=0.0001, theta=0.999",test,1538C99F-BA1E-4EFB-A949-6C7C47701B20,31,875,2,2,4,85,1,1
sensitivity_1,hmm,"rho=0.0001, theta=0.999",test,83CF687B-7CEC-434B-9FE8-00C3D5799BE6,9,1394,16,16,32,470,10,6
sensitivity_1,hmm,"rho=0.0001, theta=0.999",test,83CF687B-7CEC-434B-9FE8-00C3D5799BE6,10,485,10,10,20,65,10,7
sensitivity_1,hmm,"rho=0.0001, theta=0.999",test,B09E373F-8A54-44C8-895B-0039390B859F,11,566,5,5,10,13,5,4
sensitivity_1,hmm,"rho=0.0001, theta=0.999",test,B09E373F-8A54-44C8-895B-0039390B859F,12,833,4,4,8,4,4,4
sensitivity_1,hmm,"rho=0.0001, theta=0.999",test,B09E373F-8A54-44C8-895B-0039390B859F,14,198,4,3,7,20,3,2
sensitivity_1,hmm,"rho=0.0001, theta=0.999",test,C48CE857-A0DD-4DDB-BEA5-3A25449B2153,34,134,0,0,0,0,0,0
sensitivity_1,hmm,"rho=0.0001, theta=0.999",test,C48CE857-A0DD-4DDB-BEA5-3A25449B2153,35,109,0,0,0,0,0,0
sensitivity_1,hmm,"rho=0.0001, theta=0.999",test,C48CE857-A0DD-4DDB-BEA5-3A25449B2153,36,169,0,0,0,0,0,0
sensitivity_1,hmm,"rho=0.0001, theta=0.999",test,C48CE857-A0DD-4DDB-BEA5-3A25449B2153,37,133,0,0,0,0,0,0
sensitivity_1,hmm,"rho=0.0001, theta=0.999",test,C48CE857-A0DD-4DDB-BEA5-3A25449B2153,38,307,3,3,6,19,2,2
sensitivity_1,hmm,"rho=0.0001, theta=0.999",test,C48CE857-A0DD-4DDB-BEA5-3A25449B2153,39,85,0,0,0,0,0,0
sensitivity_1,hmm,"rho=0.0001, theta=0.999",test,D7D20E2E-FC78-405D-B346-DBD3FD8FC92B,14,121,0,0,0,0,0,0
sensitivity_1,hmm,"rho=0.0001, theta=0.999",test,D7D20E2E-FC78-405D-B346-DBD3FD8FC92B,15,826,11,11,22,131,6,4
sensitivity_1,hmm,"rho=0.0001, theta=0.999",test,D7D20E2E-FC78-405D-B346-DBD3FD8FC92B,16,265,2,2,4,59,0,0
sensitivity_1,hmm,"rho=0.0001, theta=0.999",test,E65577C1-8D5D-4F70-AF23-B3ADB9D3DBA3,5,657,2,2,4,279,0,0
sensitivity_1,hmm,"rho=0.0001, theta=0.999",test,FDAA70A1-42A3-4E3F-9AE3-3FDA412E03BF,20,966,9,9,18,117,6,5
sensitivity_2,threshold,theta=0.0266,test,11B5EC4D-4133-4289-B475-4E737182A406,7,1407,0,0,0,0,0,0
sensitivity_2,threshold,theta=0.0266,test,11B5EC4D-4133-4289-B475-4E737182A406,8,333,0,0,0,0,0,0
sensitivity_2,threshold,theta=0.0266,test,1538C99F-BA1E-4EFB-A949-6C7C47701B20,30,406,1,1,2,1,1,1
sensitivity_2,threshold,theta=0.0266,test,1538C99F-BA1E-4EFB-A949-6C7C47701B20,31,875,12,12,24,49,20,10
sensitivity_2,threshold,theta=0.0266,test,83CF687B-7CEC-434B-9FE8-00C3D5799BE6,9,1394,3,3,6,3,3,3
sensitivity_2,threshold,theta=0.0266,test,83CF687B-7CEC-434B-9FE8-00C3D5799BE6,10,485,0,0,0,0,0,0
sensitivity_2,threshold,theta=0.0266,test,B09E373F-8A54-44C8-895B-0039390B859F,11,566,0,0,0,0,0,0
sensitivity_2,threshold,theta=0.0266,test,B09E373F-8A54-44C8-895B-0039390B859F,12,833,0,0,0,0,0,0
sensitivity_2,threshold,theta=0.0266,test,B09E373F-8A54-44C8-895B-0039390B859F,14,198,0,0,0,0,0,0
sensitivity_2,threshold,theta=0.0266,test,C48CE857-A0DD-4DDB-BEA5-3A25449B2153,34,134,0,0,0,0,0,0
sensitivity_2,threshold,theta=0.0266,test,C48CE857-A0DD-4DDB-BEA5-3A25449B2153,35,109,0,0,0,0,0,0
sensitivity_2,threshold,theta=0.0266,test,C48CE857-A0DD-4DDB-BEA5-3A25449B2153,36,169,0,0,0,0,0,0
sensitivity_2,threshold,theta=0.0266,test,C48CE857-A0DD-4DDB-BEA5-3A25449B2153,37,133,0,0,0,0,0,0
sensitivity_2,threshold,theta=0.0266,test,C48CE857-A0DD-4DDB-BEA5-3A25449B2153,38,307,0,0,0,0,0,0
sensitivity_2,threshold,theta=0.0266,test,C48CE857-A0DD-4DDB-BEA5-3A25449B2153,39,85,0,0,0,0,0,0
sensitivity_2,threshold,theta=0.0266,test,D7D20E2E-FC78-405D-B346-DBD3FD8FC92B,14,121,0,0,0,0,0,0
sensitivity_2,threshold,theta=0.0266,test,D7D20E2E-FC78-405D-B346-DBD3FD8FC92B,15,826,1,1,2,1,1,1
sensitivity_2,threshold,theta=0.0266,test,D7D20E2E-FC78-405D-B346-DBD3FD8FC92B,16,265,0,0,0,0,0,0
sensitivity_2,threshold,theta=0.0266,test,E65577C1-8D5D-4F70-AF23-B3ADB9D3DBA3,5,657,0,0,0,0,0,0
sensitivity_2,threshold,theta=0.0266,test,FDAA70A1-42A3-4E3F-9AE3-3FDA412E03BF,20,966,0,0,0,0,0,0
sensitivity_2,moving_average,"k=2, theta=0.05215",test,11B5EC4D-4133-4289-B475-4E737182A406,7,1407,0,0,0,0,0,0
sensitivity_2,moving_average,"k=2, theta=0.05215",test,11B5EC4D-4133-4289-B475-4E737182A406,8,333,0,0,0,0,0,0
sensitivity_2,moving_average,"k=2, theta=0.05215",test,1538C99F-BA1E-4EFB-A949-6C7C47701B20,30,406,0,0,0,0,0,0
sensitivity_2,moving_average,"k=2, theta=0.05215",test,1538C99F-BA1E-4EFB-A949-6C7C47701B20,31,875,6,6,12,65,8,3
sensitivity_2,moving_average,"k=2, theta=0.05215",test,83CF687B-7CEC-434B-9FE8-00C3D5799BE6,9,1394,6,6,12,8,6,6
sensitivity_2,moving_average,"k=2, theta=0.05215",test,83CF687B-7CEC-434B-9FE8-00C3D5799BE6,10,485,0,0,0,0,0,0
sensitivity_2,moving_average,"k=2, theta=0.05215",test,B09E373F-8A54-44C8-895B-0039390B859F,11,566,0,0,0,0,0,0
sensitivity_2,moving_average,"k=2, theta=0.05215",test,B09E373F-8A54-44C8-895B-0039390B859F,12,833,0,0,0,0,0,0
sensitivity_2,moving_average,"k=2, theta=0.05215",test,B09E373F-8A54-44C8-895B-0039390B859F,14,198,0,0,0,0,0,0
sensitivity_2,moving_average,"k=2, theta=0.05215",test,C48CE857-A0DD-4DDB-BEA5-3A25449B2153,34,134,0,0,0,0,0,0
sensitivity_2,moving_average,"k=2, theta=0.05215",test,C48CE857-A0DD-4DDB-BEA5-3A25449B2153,35,109,0,0,0,0,0,0
sensitivity_2,moving_average,"k=2, theta=0.05215",test,C48CE857-A0DD-4DDB-BEA5-3A25449B2153,36,169,0,0,0,0,0,0
sensitivity_2,moving_average,"k=2, theta=0.05215",test,C48CE857-A0DD-4DDB-BEA5-3A25449B2153,37,133,0,0,0,0,0,0
sensitivity_2,moving_average,"k=2, theta=0.05215",test,C48CE857-A0DD-4DDB-BEA5-3A25449B2153,38,307,0,0,0,0,0,0
sensitivity_2,moving_average,"k=2, theta=0.05215",test,C48CE857-A0DD-4DDB-BEA5-3A25449B2153,39,85,0,0,0,0,0,0
sensitivity_2,moving_average,"k=2, theta=0.05215",test,D7D20E2E-FC78-405D-B346-DBD3FD8FC92B,14,121,0,0,0,0,0,0
sensitivity_2,moving_average,"k=2, theta=0.05215",test,D7D20E2E-FC78-405D-B346-DBD3FD8FC92B,15,826,0,0,0,0,0,0
sensitivity_2,moving_average,"k=2, theta=0.05215",test,D7D20E2E-FC78-405D-B346-DBD3FD8FC92B,16,265,0,0,0,0,0,0
sensitivity_2,moving_average,"k=2, theta=0.05215",test,E65577C1-8D5D-4F70-AF23-B3ADB9D3DBA3,5,657,11,11,22,33,18,10
sensitivity_2,moving_average,"k=2, theta=0.05215",test,FDAA70A1-42A3-4E3F-9AE3-3FDA412E03BF,20,966,0,0,0,0,0,0
sensitivity_2,ewma,"alpha=0.7, theta=0.06914",test,11B5EC4D-4133-4289-B475-4E737182A406,7,1407,0,0,0,0,0,0
sensitivity_2,ewma,"alpha=0.7, theta=0.06914",test,11B5EC4D-4133-4289-B475-4E737182A406,8,333,0,0,0,0,0,0
sensitivity_2,ewma,"alpha=0.7, theta=0.06914",test,1538C99F-BA1E-4EFB-A949-6C7C47701B20,30,406,0,0,0,0,0,0
sensitivity_2,ewma,"alpha=0.7, theta=0.06914",test,1538C99F-BA1E-4EFB-A949-6C7C47701B20,31,875,5,5,10,69,6,2
sensitivity_2,ewma,"alpha=0.7, theta=0.06914",test,83CF687B-7CEC-434B-9FE8-00C3D5799BE6,9,1394,8,8,16,12,10,8
sensitivity_2,ewma,"alpha=0.7, theta=0.06914",test,83CF687B-7CEC-434B-9FE8-00C3D5799BE6,10,485,0,0,0,0,0,0
sensitivity_2,ewma,"alpha=0.7, theta=0.06914",test,B09E373F-8A54-44C8-895B-0039390B859F,11,566,0,0,0,0,0,0
sensitivity_2,ewma,"alpha=0.7, theta=0.06914",test,B09E373F-8A54-44C8-895B-0039390B859F,12,833,0,0,0,0,0,0
sensitivity_2,ewma,"alpha=0.7, theta=0.06914",test,B09E373F-8A54-44C8-895B-0039390B859F,14,198,0,0,0,0,0,0
sensitivity_2,ewma,"alpha=0.7, theta=0.06914",test,C48CE857-A0DD-4DDB-BEA5-3A25449B2153,34,134,0,0,0,0,0,0
sensitivity_2,ewma,"alpha=0.7, theta=0.06914",test,C48CE857-A0DD-4DDB-BEA5-3A25449B2153,35,109,0,0,0,0,0,0
sensitivity_2,ewma,"alpha=0.7, theta=0.06914",test,C48CE857-A0DD-4DDB-BEA5-3A25449B2153,36,169,0,0,0,0,0,0
sensitivity_2,ewma,"alpha=0.7, theta=0.06914",test,C48CE857-A0DD-4DDB-BEA5-3A25449B2153,37,133,0,0,0,0,0,0
sensitivity_2,ewma,"alpha=0.7, theta=0.06914",test,C48CE857-A0DD-4DDB-BEA5-3A25449B2153,38,307,0,0,0,0,0,0
sensitivity_2,ewma,"alpha=0.7, theta=0.06914",test,C48CE857-A0DD-4DDB-BEA5-3A25449B2153,39,85,0,0,0,0,0,0
sensitivity_2,ewma,"alpha=0.7, theta=0.06914",test,D7D20E2E-FC78-405D-B346-DBD3FD8FC92B,14,121,0,0,0,0,0,0
sensitivity_2,ewma,"alpha=0.7, theta=0.06914",test,D7D20E2E-FC78-405D-B346-DBD3FD8FC92B,15,826,0,0,0,0,0,0
sensitivity_2,ewma,"alpha=0.7, theta=0.06914",test,D7D20E2E-FC78-405D-B346-DBD3FD8FC92B,16,265,0,0,0,0,0,0
sensitivity_2,ewma,"alpha=0.7, theta=0.06914",test,E65577C1-8D5D-4F70-AF23-B3ADB9D3DBA3,5,657,5,5,10,52,7,4
sensitivity_2,ewma,"alpha=0.7, theta=0.06914",test,FDAA70A1-42A3-4E3F-9AE3-3FDA412E03BF,20,966,0,0,0,0,0,0
sensitivity_2,majority_vote,"k=3, theta=0.06297",test,11B5EC4D-4133-4289-B475-4E737182A406,7,1407,0,0,0,0,0,0
sensitivity_2,majority_vote,"k=3, theta=0.06297",test,11B5EC4D-4133-4289-B475-4E737182A406,8,333,0,0,0,0,0,0
sensitivity_2,majority_vote,"k=3, theta=0.06297",test,1538C99F-BA1E-4EFB-A949-6C7C47701B20,30,406,0,0,0,0,0,0
sensitivity_2,majority_vote,"k=3, theta=0.06297",test,1538C99F-BA1E-4EFB-A949-6C7C47701B20,31,875,2,2,4,74,1,0
sensitivity_2,majority_vote,"k=3, theta=0.06297",test,83CF687B-7CEC-434B-9FE8-00C3D5799BE6,9,1394,5,5,10,11,6,5
sensitivity_2,majority_vote,"k=3, theta=0.06297",test,83CF687B-7CEC-434B-9FE8-00C3D5799BE6,10,485,0,0,0,0,0,0
sensitivity_2,majority_vote,"k=3, theta=0.06297",test,B09E373F-8A54-44C8-895B-0039390B859F,11,566,0,0,0,0,0,0
sensitivity_2,majority_vote,"k=3, theta=0.06297",test,B09E373F-8A54-44C8-895B-0039390B859F,12,833,0,0,0,0,0,0
sensitivity_2,majority_vote,"k=3, theta=0.06297",test,B09E373F-8A54-44C8-895B-0039390B859F,14,198,0,0,0,0,0,0
sensitivity_2,majority_vote,"k=3, theta=0.06297",test,C48CE857-A0DD-4DDB-BEA5-3A25449B2153,34,134,0,0,0,0,0,0
sensitivity_2,majority_vote,"k=3, theta=0.06297",test,C48CE857-A0DD-4DDB-BEA5-3A25449B2153,35,109,0,0,0,0,0,0
sensitivity_2,majority_vote,"k=3, theta=0.06297",test,C48CE857-A0DD-4DDB-BEA5-3A25449B2153,36,169,0,0,0,0,0,0
sensitivity_2,majority_vote,"k=3, theta=0.06297",test,C48CE857-A0DD-4DDB-BEA5-3A25449B2153,37,133,0,0,0,0,0,0
sensitivity_2,majority_vote,"k=3, theta=0.06297",test,C48CE857-A0DD-4DDB-BEA5-3A25449B2153,38,307,0,0,0,0,0,0
sensitivity_2,majority_vote,"k=3, theta=0.06297",test,C48CE857-A0DD-4DDB-BEA5-3A25449B2153,39,85,0,0,0,0,0,0
sensitivity_2,majority_vote,"k=3, theta=0.06297",test,D7D20E2E-FC78-405D-B346-DBD3FD8FC92B,14,121,0,0,0,0,0,0
sensitivity_2,majority_vote,"k=3, theta=0.06297",test,D7D20E2E-FC78-405D-B346-DBD3FD8FC92B,15,826,0,0,0,0,0,0
sensitivity_2,majority_vote,"k=3, theta=0.06297",test,D7D20E2E-FC78-405D-B346-DBD3FD8FC92B,16,265,0,0,0,0,0,0
sensitivity_2,majority_vote,"k=3, theta=0.06297",test,E65577C1-8D5D-4F70-AF23-B3ADB9D3DBA3,5,657,4,4,8,52,5,3
sensitivity_2,majority_vote,"k=3, theta=0.06297",test,FDAA70A1-42A3-4E3F-9AE3-3FDA412E03BF,20,966,0,0,0,0,0,0
sensitivity_2,debounce,"T=2, theta=0.06914",test,11B5EC4D-4133-4289-B475-4E737182A406,7,1407,0,0,0,0,0,0
sensitivity_2,debounce,"T=2, theta=0.06914",test,11B5EC4D-4133-4289-B475-4E737182A406,8,333,0,0,0,0,0,0
sensitivity_2,debounce,"T=2, theta=0.06914",test,1538C99F-BA1E-4EFB-A949-6C7C47701B20,30,406,0,0,0,0,0,0
sensitivity_2,debounce,"T=2, theta=0.06914",test,1538C99F-BA1E-4EFB-A949-6C7C47701B20,31,875,1,1,2,75,0,0
sensitivity_2,debounce,"T=2, theta=0.06914",test,83CF687B-7CEC-434B-9FE8-00C3D5799BE6,9,1394,7,7,14,19,8,7
sensitivity_2,debounce,"T=2, theta=0.06914",test,83CF687B-7CEC-434B-9FE8-00C3D5799BE6,10,485,0,0,0,0,0,0
sensitivity_2,debounce,"T=2, theta=0.06914",test,B09E373F-8A54-44C8-895B-0039390B859F,11,566,0,0,0,0,0,0
sensitivity_2,debounce,"T=2, theta=0.06914",test,B09E373F-8A54-44C8-895B-0039390B859F,12,833,0,0,0,0,0,0
sensitivity_2,debounce,"T=2, theta=0.06914",test,B09E373F-8A54-44C8-895B-0039390B859F,14,198,0,0,0,0,0,0
sensitivity_2,debounce,"T=2, theta=0.06914",test,C48CE857-A0DD-4DDB-BEA5-3A25449B2153,34,134,0,0,0,0,0,0
sensitivity_2,debounce,"T=2, theta=0.06914",test,C48CE857-A0DD-4DDB-BEA5-3A25449B2153,35,109,0,0,0,0,0,0
sensitivity_2,debounce,"T=2, theta=0.06914",test,C48CE857-A0DD-4DDB-BEA5-3A25449B2153,36,169,0,0,0,0,0,0
sensitivity_2,debounce,"T=2, theta=0.06914",test,C48CE857-A0DD-4DDB-BEA5-3A25449B2153,37,133,0,0,0,0,0,0
sensitivity_2,debounce,"T=2, theta=0.06914",test,C48CE857-A0DD-4DDB-BEA5-3A25449B2153,38,307,0,0,0,0,0,0
sensitivity_2,debounce,"T=2, theta=0.06914",test,C48CE857-A0DD-4DDB-BEA5-3A25449B2153,39,85,0,0,0,0,0,0
sensitivity_2,debounce,"T=2, theta=0.06914",test,D7D20E2E-FC78-405D-B346-DBD3FD8FC92B,14,121,0,0,0,0,0,0
sensitivity_2,debounce,"T=2, theta=0.06914",test,D7D20E2E-FC78-405D-B346-DBD3FD8FC92B,15,826,0,0,0,0,0,0
sensitivity_2,debounce,"T=2, theta=0.06914",test,D7D20E2E-FC78-405D-B346-DBD3FD8FC92B,16,265,0,0,0,0,0,0
sensitivity_2,debounce,"T=2, theta=0.06914",test,E65577C1-8D5D-4F70-AF23-B3ADB9D3DBA3,5,657,2,2,4,56,1,1
sensitivity_2,debounce,"T=2, theta=0.06914",test,FDAA70A1-42A3-4E3F-9AE3-3FDA412E03BF,20,966,0,0,0,0,0,0
sensitivity_2,margin,"m=0.2, theta=0.1301",test,11B5EC4D-4133-4289-B475-4E737182A406,7,1407,0,0,0,0,0,0
sensitivity_2,margin,"m=0.2, theta=0.1301",test,11B5EC4D-4133-4289-B475-4E737182A406,8,333,0,0,0,0,0,0
sensitivity_2,margin,"m=0.2, theta=0.1301",test,1538C99F-BA1E-4EFB-A949-6C7C47701B20,30,406,1,1,2,1,1,1
sensitivity_2,margin,"m=0.2, theta=0.1301",test,1538C99F-BA1E-4EFB-A949-6C7C47701B20,31,875,1,1,2,75,0,0
sensitivity_2,margin,"m=0.2, theta=0.1301",test,83CF687B-7CEC-434B-9FE8-00C3D5799BE6,9,1394,8,8,16,43,8,7
sensitivity_2,margin,"m=0.2, theta=0.1301",test,83CF687B-7CEC-434B-9FE8-00C3D5799BE6,10,485,0,0,0,0,0,0
sensitivity_2,margin,"m=0.2, theta=0.1301",test,B09E373F-8A54-44C8-895B-0039390B859F,11,566,0,0,0,0,0,0
sensitivity_2,margin,"m=0.2, theta=0.1301",test,B09E373F-8A54-44C8-895B-0039390B859F,12,833,0,0,0,0,0,0
sensitivity_2,margin,"m=0.2, theta=0.1301",test,B09E373F-8A54-44C8-895B-0039390B859F,14,198,0,0,0,0,0,0
sensitivity_2,margin,"m=0.2, theta=0.1301",test,C48CE857-A0DD-4DDB-BEA5-3A25449B2153,34,134,0,0,0,0,0,0
sensitivity_2,margin,"m=0.2, theta=0.1301",test,C48CE857-A0DD-4DDB-BEA5-3A25449B2153,35,109,0,0,0,0,0,0
sensitivity_2,margin,"m=0.2, theta=0.1301",test,C48CE857-A0DD-4DDB-BEA5-3A25449B2153,36,169,0,0,0,0,0,0
sensitivity_2,margin,"m=0.2, theta=0.1301",test,C48CE857-A0DD-4DDB-BEA5-3A25449B2153,37,133,0,0,0,0,0,0
sensitivity_2,margin,"m=0.2, theta=0.1301",test,C48CE857-A0DD-4DDB-BEA5-3A25449B2153,38,307,0,0,0,0,0,0
sensitivity_2,margin,"m=0.2, theta=0.1301",test,C48CE857-A0DD-4DDB-BEA5-3A25449B2153,39,85,0,0,0,0,0,0
sensitivity_2,margin,"m=0.2, theta=0.1301",test,D7D20E2E-FC78-405D-B346-DBD3FD8FC92B,14,121,0,0,0,0,0,0
sensitivity_2,margin,"m=0.2, theta=0.1301",test,D7D20E2E-FC78-405D-B346-DBD3FD8FC92B,15,826,1,1,2,1,1,1
sensitivity_2,margin,"m=0.2, theta=0.1301",test,D7D20E2E-FC78-405D-B346-DBD3FD8FC92B,16,265,0,0,0,0,0,0
sensitivity_2,margin,"m=0.2, theta=0.1301",test,E65577C1-8D5D-4F70-AF23-B3ADB9D3DBA3,5,657,1,1,2,44,0,0
sensitivity_2,margin,"m=0.2, theta=0.1301",test,FDAA70A1-42A3-4E3F-9AE3-3FDA412E03BF,20,966,0,0,0,0,0,0
sensitivity_2,hysteresis,"m=0.3, T=2, theta=0.2142",test,11B5EC4D-4133-4289-B475-4E737182A406,7,1407,0,0,0,0,0,0
sensitivity_2,hysteresis,"m=0.3, T=2, theta=0.2142",test,11B5EC4D-4133-4289-B475-4E737182A406,8,333,0,0,0,0,0,0
sensitivity_2,hysteresis,"m=0.3, T=2, theta=0.2142",test,1538C99F-BA1E-4EFB-A949-6C7C47701B20,30,406,0,0,0,0,0,0
sensitivity_2,hysteresis,"m=0.3, T=2, theta=0.2142",test,1538C99F-BA1E-4EFB-A949-6C7C47701B20,31,875,1,1,2,75,0,0
sensitivity_2,hysteresis,"m=0.3, T=2, theta=0.2142",test,83CF687B-7CEC-434B-9FE8-00C3D5799BE6,9,1394,3,3,6,41,1,1
sensitivity_2,hysteresis,"m=0.3, T=2, theta=0.2142",test,83CF687B-7CEC-434B-9FE8-00C3D5799BE6,10,485,0,0,0,0,0,0
sensitivity_2,hysteresis,"m=0.3, T=2, theta=0.2142",test,B09E373F-8A54-44C8-895B-0039390B859F,11,566,0,0,0,0,0,0
sensitivity_2,hysteresis,"m=0.3, T=2, theta=0.2142",test,B09E373F-8A54-44C8-895B-0039390B859F,12,833,0,0,0,0,0,0
sensitivity_2,hysteresis,"m=0.3, T=2, theta=0.2142",test,B09E373F-8A54-44C8-895B-0039390B859F,14,198,0,0,0,0,0,0
sensitivity_2,hysteresis,"m=0.3, T=2, theta=0.2142",test,C48CE857-A0DD-4DDB-BEA5-3A25449B2153,34,134,0,0,0,0,0,0
sensitivity_2,hysteresis,"m=0.3, T=2, theta=0.2142",test,C48CE857-A0DD-4DDB-BEA5-3A25449B2153,35,109,0,0,0,0,0,0
sensitivity_2,hysteresis,"m=0.3, T=2, theta=0.2142",test,C48CE857-A0DD-4DDB-BEA5-3A25449B2153,36,169,0,0,0,0,0,0
sensitivity_2,hysteresis,"m=0.3, T=2, theta=0.2142",test,C48CE857-A0DD-4DDB-BEA5-3A25449B2153,37,133,0,0,0,0,0,0
sensitivity_2,hysteresis,"m=0.3, T=2, theta=0.2142",test,C48CE857-A0DD-4DDB-BEA5-3A25449B2153,38,307,0,0,0,0,0,0
sensitivity_2,hysteresis,"m=0.3, T=2, theta=0.2142",test,C48CE857-A0DD-4DDB-BEA5-3A25449B2153,39,85,0,0,0,0,0,0
sensitivity_2,hysteresis,"m=0.3, T=2, theta=0.2142",test,D7D20E2E-FC78-405D-B346-DBD3FD8FC92B,14,121,0,0,0,0,0,0
sensitivity_2,hysteresis,"m=0.3, T=2, theta=0.2142",test,D7D20E2E-FC78-405D-B346-DBD3FD8FC92B,15,826,0,0,0,0,0,0
sensitivity_2,hysteresis,"m=0.3, T=2, theta=0.2142",test,D7D20E2E-FC78-405D-B346-DBD3FD8FC92B,16,265,0,0,0,0,0,0
sensitivity_2,hysteresis,"m=0.3, T=2, theta=0.2142",test,E65577C1-8D5D-4F70-AF23-B3ADB9D3DBA3,5,657,2,2,4,96,0,0
sensitivity_2,hysteresis,"m=0.3, T=2, theta=0.2142",test,FDAA70A1-42A3-4E3F-9AE3-3FDA412E03BF,20,966,0,0,0,0,0,0
sensitivity_2,trust,"r=0.5, tau=0.2, theta=0.31",test,11B5EC4D-4133-4289-B475-4E737182A406,7,1407,0,0,0,0,0,0
sensitivity_2,trust,"r=0.5, tau=0.2, theta=0.31",test,11B5EC4D-4133-4289-B475-4E737182A406,8,333,0,0,0,0,0,0
sensitivity_2,trust,"r=0.5, tau=0.2, theta=0.31",test,1538C99F-BA1E-4EFB-A949-6C7C47701B20,30,406,0,0,0,0,0,0
sensitivity_2,trust,"r=0.5, tau=0.2, theta=0.31",test,1538C99F-BA1E-4EFB-A949-6C7C47701B20,31,875,1,1,2,70,0,0
sensitivity_2,trust,"r=0.5, tau=0.2, theta=0.31",test,83CF687B-7CEC-434B-9FE8-00C3D5799BE6,9,1394,5,5,10,65,2,1
sensitivity_2,trust,"r=0.5, tau=0.2, theta=0.31",test,83CF687B-7CEC-434B-9FE8-00C3D5799BE6,10,485,0,0,0,0,0,0
sensitivity_2,trust,"r=0.5, tau=0.2, theta=0.31",test,B09E373F-8A54-44C8-895B-0039390B859F,11,566,0,0,0,0,0,0
sensitivity_2,trust,"r=0.5, tau=0.2, theta=0.31",test,B09E373F-8A54-44C8-895B-0039390B859F,12,833,0,0,0,0,0,0
sensitivity_2,trust,"r=0.5, tau=0.2, theta=0.31",test,B09E373F-8A54-44C8-895B-0039390B859F,14,198,0,0,0,0,0,0
sensitivity_2,trust,"r=0.5, tau=0.2, theta=0.31",test,C48CE857-A0DD-4DDB-BEA5-3A25449B2153,34,134,0,0,0,0,0,0
sensitivity_2,trust,"r=0.5, tau=0.2, theta=0.31",test,C48CE857-A0DD-4DDB-BEA5-3A25449B2153,35,109,0,0,0,0,0,0
sensitivity_2,trust,"r=0.5, tau=0.2, theta=0.31",test,C48CE857-A0DD-4DDB-BEA5-3A25449B2153,36,169,0,0,0,0,0,0
sensitivity_2,trust,"r=0.5, tau=0.2, theta=0.31",test,C48CE857-A0DD-4DDB-BEA5-3A25449B2153,37,133,0,0,0,0,0,0
sensitivity_2,trust,"r=0.5, tau=0.2, theta=0.31",test,C48CE857-A0DD-4DDB-BEA5-3A25449B2153,38,307,0,0,0,0,0,0
sensitivity_2,trust,"r=0.5, tau=0.2, theta=0.31",test,C48CE857-A0DD-4DDB-BEA5-3A25449B2153,39,85,0,0,0,0,0,0
sensitivity_2,trust,"r=0.5, tau=0.2, theta=0.31",test,D7D20E2E-FC78-405D-B346-DBD3FD8FC92B,14,121,0,0,0,0,0,0
sensitivity_2,trust,"r=0.5, tau=0.2, theta=0.31",test,D7D20E2E-FC78-405D-B346-DBD3FD8FC92B,15,826,1,1,2,26,0,0
sensitivity_2,trust,"r=0.5, tau=0.2, theta=0.31",test,D7D20E2E-FC78-405D-B346-DBD3FD8FC92B,16,265,0,0,0,0,0,0
sensitivity_2,trust,"r=0.5, tau=0.2, theta=0.31",test,E65577C1-8D5D-4F70-AF23-B3ADB9D3DBA3,5,657,8,8,16,130,7,3
sensitivity_2,trust,"r=0.5, tau=0.2, theta=0.31",test,FDAA70A1-42A3-4E3F-9AE3-3FDA412E03BF,20,966,1,1,2,11,0,0
sensitivity_2,sprt,"alpha=0.01, beta=1.823e-08",test,11B5EC4D-4133-4289-B475-4E737182A406,7,1407,0,0,0,0,0,0
sensitivity_2,sprt,"alpha=0.01, beta=1.823e-08",test,11B5EC4D-4133-4289-B475-4E737182A406,8,333,0,0,0,0,0,0
sensitivity_2,sprt,"alpha=0.01, beta=1.823e-08",test,1538C99F-BA1E-4EFB-A949-6C7C47701B20,30,406,0,0,0,0,0,0
sensitivity_2,sprt,"alpha=0.01, beta=1.823e-08",test,1538C99F-BA1E-4EFB-A949-6C7C47701B20,31,875,1,1,2,74,0,0
sensitivity_2,sprt,"alpha=0.01, beta=1.823e-08",test,83CF687B-7CEC-434B-9FE8-00C3D5799BE6,9,1394,8,8,16,212,2,2
sensitivity_2,sprt,"alpha=0.01, beta=1.823e-08",test,83CF687B-7CEC-434B-9FE8-00C3D5799BE6,10,485,0,0,0,0,0,0
sensitivity_2,sprt,"alpha=0.01, beta=1.823e-08",test,B09E373F-8A54-44C8-895B-0039390B859F,11,566,0,0,0,0,0,0
sensitivity_2,sprt,"alpha=0.01, beta=1.823e-08",test,B09E373F-8A54-44C8-895B-0039390B859F,12,833,0,0,0,0,0,0
sensitivity_2,sprt,"alpha=0.01, beta=1.823e-08",test,B09E373F-8A54-44C8-895B-0039390B859F,14,198,0,0,0,0,0,0
sensitivity_2,sprt,"alpha=0.01, beta=1.823e-08",test,C48CE857-A0DD-4DDB-BEA5-3A25449B2153,34,134,0,0,0,0,0,0
sensitivity_2,sprt,"alpha=0.01, beta=1.823e-08",test,C48CE857-A0DD-4DDB-BEA5-3A25449B2153,35,109,0,0,0,0,0,0
sensitivity_2,sprt,"alpha=0.01, beta=1.823e-08",test,C48CE857-A0DD-4DDB-BEA5-3A25449B2153,36,169,0,0,0,0,0,0
sensitivity_2,sprt,"alpha=0.01, beta=1.823e-08",test,C48CE857-A0DD-4DDB-BEA5-3A25449B2153,37,133,0,0,0,0,0,0
sensitivity_2,sprt,"alpha=0.01, beta=1.823e-08",test,C48CE857-A0DD-4DDB-BEA5-3A25449B2153,38,307,0,0,0,0,0,0
sensitivity_2,sprt,"alpha=0.01, beta=1.823e-08",test,C48CE857-A0DD-4DDB-BEA5-3A25449B2153,39,85,0,0,0,0,0,0
sensitivity_2,sprt,"alpha=0.01, beta=1.823e-08",test,D7D20E2E-FC78-405D-B346-DBD3FD8FC92B,14,121,0,0,0,0,0,0
sensitivity_2,sprt,"alpha=0.01, beta=1.823e-08",test,D7D20E2E-FC78-405D-B346-DBD3FD8FC92B,15,826,1,1,2,35,0,0
sensitivity_2,sprt,"alpha=0.01, beta=1.823e-08",test,D7D20E2E-FC78-405D-B346-DBD3FD8FC92B,16,265,0,0,0,0,0,0
sensitivity_2,sprt,"alpha=0.01, beta=1.823e-08",test,E65577C1-8D5D-4F70-AF23-B3ADB9D3DBA3,5,657,2,2,4,250,0,0
sensitivity_2,sprt,"alpha=0.01, beta=1.823e-08",test,FDAA70A1-42A3-4E3F-9AE3-3FDA412E03BF,20,966,2,2,4,54,0,0
sensitivity_2,hmm,"rho=0.0001, theta=0.1545",test,11B5EC4D-4133-4289-B475-4E737182A406,7,1407,0,0,0,0,0,0
sensitivity_2,hmm,"rho=0.0001, theta=0.1545",test,11B5EC4D-4133-4289-B475-4E737182A406,8,333,0,0,0,0,0,0
sensitivity_2,hmm,"rho=0.0001, theta=0.1545",test,1538C99F-BA1E-4EFB-A949-6C7C47701B20,30,406,0,0,0,0,0,0
sensitivity_2,hmm,"rho=0.0001, theta=0.1545",test,1538C99F-BA1E-4EFB-A949-6C7C47701B20,31,875,1,1,2,77,0,0
sensitivity_2,hmm,"rho=0.0001, theta=0.1545",test,83CF687B-7CEC-434B-9FE8-00C3D5799BE6,9,1394,11,11,22,305,5,1
sensitivity_2,hmm,"rho=0.0001, theta=0.1545",test,83CF687B-7CEC-434B-9FE8-00C3D5799BE6,10,485,1,1,2,18,0,0
sensitivity_2,hmm,"rho=0.0001, theta=0.1545",test,B09E373F-8A54-44C8-895B-0039390B859F,11,566,0,0,0,0,0,0
sensitivity_2,hmm,"rho=0.0001, theta=0.1545",test,B09E373F-8A54-44C8-895B-0039390B859F,12,833,0,0,0,0,0,0
sensitivity_2,hmm,"rho=0.0001, theta=0.1545",test,B09E373F-8A54-44C8-895B-0039390B859F,14,198,0,0,0,0,0,0
sensitivity_2,hmm,"rho=0.0001, theta=0.1545",test,C48CE857-A0DD-4DDB-BEA5-3A25449B2153,34,134,0,0,0,0,0,0
sensitivity_2,hmm,"rho=0.0001, theta=0.1545",test,C48CE857-A0DD-4DDB-BEA5-3A25449B2153,35,109,0,0,0,0,0,0
sensitivity_2,hmm,"rho=0.0001, theta=0.1545",test,C48CE857-A0DD-4DDB-BEA5-3A25449B2153,36,169,0,0,0,0,0,0
sensitivity_2,hmm,"rho=0.0001, theta=0.1545",test,C48CE857-A0DD-4DDB-BEA5-3A25449B2153,37,133,0,0,0,0,0,0
sensitivity_2,hmm,"rho=0.0001, theta=0.1545",test,C48CE857-A0DD-4DDB-BEA5-3A25449B2153,38,307,0,0,0,0,0,0
sensitivity_2,hmm,"rho=0.0001, theta=0.1545",test,C48CE857-A0DD-4DDB-BEA5-3A25449B2153,39,85,0,0,0,0,0,0
sensitivity_2,hmm,"rho=0.0001, theta=0.1545",test,D7D20E2E-FC78-405D-B346-DBD3FD8FC92B,14,121,0,0,0,0,0,0
sensitivity_2,hmm,"rho=0.0001, theta=0.1545",test,D7D20E2E-FC78-405D-B346-DBD3FD8FC92B,15,826,4,4,8,52,2,2
sensitivity_2,hmm,"rho=0.0001, theta=0.1545",test,D7D20E2E-FC78-405D-B346-DBD3FD8FC92B,16,265,2,2,4,40,1,1
sensitivity_2,hmm,"rho=0.0001, theta=0.1545",test,E65577C1-8D5D-4F70-AF23-B3ADB9D3DBA3,5,657,2,2,4,257,0,0
sensitivity_2,hmm,"rho=0.0001, theta=0.1545",test,FDAA70A1-42A3-4E3F-9AE3-3FDA412E03BF,20,966,3,3,6,58,2,1
primary,threshold,theta=0.04743,val,11B5EC4D-4133-4289-B475-4E737182A406,3,616,1,1,2,1,1,1
primary,threshold,theta=0.04743,val,11B5EC4D-4133-4289-B475-4E737182A406,4,799,4,4,8,4,6,4
primary,threshold,theta=0.04743,val,11B5EC4D-4133-4289-B475-4E737182A406,5,324,0,0,0,0,0,0
primary,threshold,theta=0.04743,val,1538C99F-BA1E-4EFB-A949-6C7C47701B20,25,291,1,1,2,1,1,1
primary,threshold,theta=0.04743,val,1538C99F-BA1E-4EFB-A949-6C7C47701B20,26,82,0,0,0,0,0,0
primary,threshold,theta=0.04743,val,1538C99F-BA1E-4EFB-A949-6C7C47701B20,27,160,1,1,2,1,1,1
primary,threshold,theta=0.04743,val,1538C99F-BA1E-4EFB-A949-6C7C47701B20,28,748,1,1,2,1,1,1
primary,threshold,theta=0.04743,val,83CF687B-7CEC-434B-9FE8-00C3D5799BE6,7,1879,4,4,8,4,5,4
primary,threshold,theta=0.04743,val,B09E373F-8A54-44C8-895B-0039390B859F,9,1598,4,4,8,4,6,4
primary,threshold,theta=0.04743,val,C48CE857-A0DD-4DDB-BEA5-3A25449B2153,25,150,0,0,0,0,0,0
primary,threshold,theta=0.04743,val,C48CE857-A0DD-4DDB-BEA5-3A25449B2153,26,40,0,0,0,0,0,0
primary,threshold,theta=0.04743,val,C48CE857-A0DD-4DDB-BEA5-3A25449B2153,28,151,0,0,0,0,0,0
primary,threshold,theta=0.04743,val,C48CE857-A0DD-4DDB-BEA5-3A25449B2153,30,239,0,0,0,0,0,0
primary,threshold,theta=0.04743,val,C48CE857-A0DD-4DDB-BEA5-3A25449B2153,31,282,0,0,0,0,0,0
primary,threshold,theta=0.04743,val,C48CE857-A0DD-4DDB-BEA5-3A25449B2153,32,115,0,0,0,0,0,0
primary,threshold,theta=0.04743,val,D7D20E2E-FC78-405D-B346-DBD3FD8FC92B,7,175,0,0,0,0,0,0
primary,threshold,theta=0.04743,val,D7D20E2E-FC78-405D-B346-DBD3FD8FC92B,8,528,0,0,0,0,0,0
primary,threshold,theta=0.04743,val,D7D20E2E-FC78-405D-B346-DBD3FD8FC92B,9,42,1,1,2,2,1,1
primary,threshold,theta=0.04743,val,D7D20E2E-FC78-405D-B346-DBD3FD8FC92B,10,153,1,1,2,1,1,1
primary,threshold,theta=0.04743,val,D7D20E2E-FC78-405D-B346-DBD3FD8FC92B,11,292,0,0,0,0,0,0
primary,threshold,theta=0.04743,val,D7D20E2E-FC78-405D-B346-DBD3FD8FC92B,12,23,0,0,0,0,0,0
primary,threshold,theta=0.04743,val,E65577C1-8D5D-4F70-AF23-B3ADB9D3DBA3,3,659,2,2,4,2,2,2
primary,threshold,theta=0.04743,val,FDAA70A1-42A3-4E3F-9AE3-3FDA412E03BF,18,966,3,3,6,4,4,3
primary,moving_average,"k=2, theta=0.1091",val,11B5EC4D-4133-4289-B475-4E737182A406,3,616,2,2,4,2,2,2
primary,moving_average,"k=2, theta=0.1091",val,11B5EC4D-4133-4289-B475-4E737182A406,4,799,2,2,4,2,3,2
primary,moving_average,"k=2, theta=0.1091",val,11B5EC4D-4133-4289-B475-4E737182A406,5,324,0,0,0,0,0,0
primary,moving_average,"k=2, theta=0.1091",val,1538C99F-BA1E-4EFB-A949-6C7C47701B20,25,291,0,0,0,0,0,0
primary,moving_average,"k=2, theta=0.1091",val,1538C99F-BA1E-4EFB-A949-6C7C47701B20,26,82,0,0,0,0,0,0
primary,moving_average,"k=2, theta=0.1091",val,1538C99F-BA1E-4EFB-A949-6C7C47701B20,27,160,0,0,0,0,0,0
primary,moving_average,"k=2, theta=0.1091",val,1538C99F-BA1E-4EFB-A949-6C7C47701B20,28,748,1,1,2,1,1,1
primary,moving_average,"k=2, theta=0.1091",val,83CF687B-7CEC-434B-9FE8-00C3D5799BE6,7,1879,3,3,6,3,4,3
primary,moving_average,"k=2, theta=0.1091",val,B09E373F-8A54-44C8-895B-0039390B859F,9,1598,3,3,6,7,3,3
primary,moving_average,"k=2, theta=0.1091",val,C48CE857-A0DD-4DDB-BEA5-3A25449B2153,25,150,0,0,0,0,0,0
primary,moving_average,"k=2, theta=0.1091",val,C48CE857-A0DD-4DDB-BEA5-3A25449B2153,26,40,0,0,0,0,0,0
primary,moving_average,"k=2, theta=0.1091",val,C48CE857-A0DD-4DDB-BEA5-3A25449B2153,28,151,0,0,0,0,0,0
primary,moving_average,"k=2, theta=0.1091",val,C48CE857-A0DD-4DDB-BEA5-3A25449B2153,30,239,0,0,0,0,0,0
primary,moving_average,"k=2, theta=0.1091",val,C48CE857-A0DD-4DDB-BEA5-3A25449B2153,31,282,0,0,0,0,0,0
primary,moving_average,"k=2, theta=0.1091",val,C48CE857-A0DD-4DDB-BEA5-3A25449B2153,32,115,0,0,0,0,0,0
primary,moving_average,"k=2, theta=0.1091",val,D7D20E2E-FC78-405D-B346-DBD3FD8FC92B,7,175,0,0,0,0,0,0
primary,moving_average,"k=2, theta=0.1091",val,D7D20E2E-FC78-405D-B346-DBD3FD8FC92B,8,528,0,0,0,0,0,0
primary,moving_average,"k=2, theta=0.1091",val,D7D20E2E-FC78-405D-B346-DBD3FD8FC92B,9,42,1,1,2,1,1,1
primary,moving_average,"k=2, theta=0.1091",val,D7D20E2E-FC78-405D-B346-DBD3FD8FC92B,10,153,4,4,8,6,6,4
primary,moving_average,"k=2, theta=0.1091",val,D7D20E2E-FC78-405D-B346-DBD3FD8FC92B,11,292,0,0,0,0,0,0
primary,moving_average,"k=2, theta=0.1091",val,D7D20E2E-FC78-405D-B346-DBD3FD8FC92B,12,23,0,0,0,0,0,0
primary,moving_average,"k=2, theta=0.1091",val,E65577C1-8D5D-4F70-AF23-B3ADB9D3DBA3,3,659,5,5,10,7,5,5
primary,moving_average,"k=2, theta=0.1091",val,FDAA70A1-42A3-4E3F-9AE3-3FDA412E03BF,18,966,3,3,6,16,3,2
primary,ewma,"alpha=0.7, theta=0.1192",val,11B5EC4D-4133-4289-B475-4E737182A406,3,616,0,0,0,0,0,0
primary,ewma,"alpha=0.7, theta=0.1192",val,11B5EC4D-4133-4289-B475-4E737182A406,4,799,2,2,4,2,3,2
primary,ewma,"alpha=0.7, theta=0.1192",val,11B5EC4D-4133-4289-B475-4E737182A406,5,324,0,0,0,0,0,0
primary,ewma,"alpha=0.7, theta=0.1192",val,1538C99F-BA1E-4EFB-A949-6C7C47701B20,25,291,0,0,0,0,0,0
primary,ewma,"alpha=0.7, theta=0.1192",val,1538C99F-BA1E-4EFB-A949-6C7C47701B20,26,82,0,0,0,0,0,0
primary,ewma,"alpha=0.7, theta=0.1192",val,1538C99F-BA1E-4EFB-A949-6C7C47701B20,27,160,0,0,0,0,0,0
primary,ewma,"alpha=0.7, theta=0.1192",val,1538C99F-BA1E-4EFB-A949-6C7C47701B20,28,748,1,1,2,1,1,1
primary,ewma,"alpha=0.7, theta=0.1192",val,83CF687B-7CEC-434B-9FE8-00C3D5799BE6,7,1879,4,4,8,4,6,4
primary,ewma,"alpha=0.7, theta=0.1192",val,B09E373F-8A54-44C8-895B-0039390B859F,9,1598,4,4,8,6,5,4
primary,ewma,"alpha=0.7, theta=0.1192",val,C48CE857-A0DD-4DDB-BEA5-3A25449B2153,25,150,0,0,0,0,0,0
primary,ewma,"alpha=0.7, theta=0.1192",val,C48CE857-A0DD-4DDB-BEA5-3A25449B2153,26,40,0,0,0,0,0,0
primary,ewma,"alpha=0.7, theta=0.1192",val,C48CE857-A0DD-4DDB-BEA5-3A25449B2153,28,151,0,0,0,0,0,0
primary,ewma,"alpha=0.7, theta=0.1192",val,C48CE857-A0DD-4DDB-BEA5-3A25449B2153,30,239,0,0,0,0,0,0
primary,ewma,"alpha=0.7, theta=0.1192",val,C48CE857-A0DD-4DDB-BEA5-3A25449B2153,31,282,0,0,0,0,0,0
primary,ewma,"alpha=0.7, theta=0.1192",val,C48CE857-A0DD-4DDB-BEA5-3A25449B2153,32,115,0,0,0,0,0,0
primary,ewma,"alpha=0.7, theta=0.1192",val,D7D20E2E-FC78-405D-B346-DBD3FD8FC92B,7,175,0,0,0,0,0,0
primary,ewma,"alpha=0.7, theta=0.1192",val,D7D20E2E-FC78-405D-B346-DBD3FD8FC92B,8,528,0,0,0,0,0,0
primary,ewma,"alpha=0.7, theta=0.1192",val,D7D20E2E-FC78-405D-B346-DBD3FD8FC92B,9,42,1,1,2,1,1,1
primary,ewma,"alpha=0.7, theta=0.1192",val,D7D20E2E-FC78-405D-B346-DBD3FD8FC92B,10,153,3,3,6,8,5,3
primary,ewma,"alpha=0.7, theta=0.1192",val,D7D20E2E-FC78-405D-B346-DBD3FD8FC92B,11,292,0,0,0,0,0,0
primary,ewma,"alpha=0.7, theta=0.1192",val,D7D20E2E-FC78-405D-B346-DBD3FD8FC92B,12,23,0,0,0,0,0,0
primary,ewma,"alpha=0.7, theta=0.1192",val,E65577C1-8D5D-4F70-AF23-B3ADB9D3DBA3,3,659,4,4,8,5,4,4
primary,ewma,"alpha=0.7, theta=0.1192",val,FDAA70A1-42A3-4E3F-9AE3-3FDA412E03BF,18,966,3,3,6,16,3,2
primary,majority_vote,"k=3, theta=0.1192",val,11B5EC4D-4133-4289-B475-4E737182A406,3,616,2,2,4,4,2,2
primary,majority_vote,"k=3, theta=0.1192",val,11B5EC4D-4133-4289-B475-4E737182A406,4,799,2,2,4,4,3,2
primary,majority_vote,"k=3, theta=0.1192",val,11B5EC4D-4133-4289-B475-4E737182A406,5,324,0,0,0,0,0,0
primary,majority_vote,"k=3, theta=0.1192",val,1538C99F-BA1E-4EFB-A949-6C7C47701B20,25,291,1,1,2,1,1,1
primary,majority_vote,"k=3, theta=0.1192",val,1538C99F-BA1E-4EFB-A949-6C7C47701B20,26,82,0,0,0,0,0,0
primary,majority_vote,"k=3, theta=0.1192",val,1538C99F-BA1E-4EFB-A949-6C7C47701B20,27,160,0,0,0,0,0,0
primary,majority_vote,"k=3, theta=0.1192",val,1538C99F-BA1E-4EFB-A949-6C7C47701B20,28,748,1,1,2,1,1,1
primary,majority_vote,"k=3, theta=0.1192",val,83CF687B-7CEC-434B-9FE8-00C3D5799BE6,7,1879,4,4,8,5,5,4
primary,majority_vote,"k=3, theta=0.1192",val,B09E373F-8A54-44C8-895B-0039390B859F,9,1598,2,2,4,7,2,2
primary,majority_vote,"k=3, theta=0.1192",val,C48CE857-A0DD-4DDB-BEA5-3A25449B2153,25,150,0,0,0,0,0,0
primary,majority_vote,"k=3, theta=0.1192",val,C48CE857-A0DD-4DDB-BEA5-3A25449B2153,26,40,0,0,0,0,0,0
primary,majority_vote,"k=3, theta=0.1192",val,C48CE857-A0DD-4DDB-BEA5-3A25449B2153,28,151,0,0,0,0,0,0
primary,majority_vote,"k=3, theta=0.1192",val,C48CE857-A0DD-4DDB-BEA5-3A25449B2153,30,239,0,0,0,0,0,0
primary,majority_vote,"k=3, theta=0.1192",val,C48CE857-A0DD-4DDB-BEA5-3A25449B2153,31,282,0,0,0,0,0,0
primary,majority_vote,"k=3, theta=0.1192",val,C48CE857-A0DD-4DDB-BEA5-3A25449B2153,32,115,0,0,0,0,0,0
primary,majority_vote,"k=3, theta=0.1192",val,D7D20E2E-FC78-405D-B346-DBD3FD8FC92B,7,175,0,0,0,0,0,0
primary,majority_vote,"k=3, theta=0.1192",val,D7D20E2E-FC78-405D-B346-DBD3FD8FC92B,8,528,0,0,0,0,0,0
primary,majority_vote,"k=3, theta=0.1192",val,D7D20E2E-FC78-405D-B346-DBD3FD8FC92B,9,42,1,1,2,2,1,1
primary,majority_vote,"k=3, theta=0.1192",val,D7D20E2E-FC78-405D-B346-DBD3FD8FC92B,10,153,3,3,6,11,4,2
primary,majority_vote,"k=3, theta=0.1192",val,D7D20E2E-FC78-405D-B346-DBD3FD8FC92B,11,292,0,0,0,0,0,0
primary,majority_vote,"k=3, theta=0.1192",val,D7D20E2E-FC78-405D-B346-DBD3FD8FC92B,12,23,0,0,0,0,0,0
primary,majority_vote,"k=3, theta=0.1192",val,E65577C1-8D5D-4F70-AF23-B3ADB9D3DBA3,3,659,5,5,10,12,5,5
primary,majority_vote,"k=3, theta=0.1192",val,FDAA70A1-42A3-4E3F-9AE3-3FDA412E03BF,18,966,2,2,4,15,1,1
primary,debounce,"T=2, theta=0.1419",val,11B5EC4D-4133-4289-B475-4E737182A406,3,616,3,3,6,6,3,3
primary,debounce,"T=2, theta=0.1419",val,11B5EC4D-4133-4289-B475-4E737182A406,4,799,3,3,6,6,4,3
primary,debounce,"T=2, theta=0.1419",val,11B5EC4D-4133-4289-B475-4E737182A406,5,324,0,0,0,0,0,0
primary,debounce,"T=2, theta=0.1419",val,1538C99F-BA1E-4EFB-A949-6C7C47701B20,25,291,0,0,0,0,0,0
primary,debounce,"T=2, theta=0.1419",val,1538C99F-BA1E-4EFB-A949-6C7C47701B20,26,82,0,0,0,0,0,0
primary,debounce,"T=2, theta=0.1419",val,1538C99F-BA1E-4EFB-A949-6C7C47701B20,27,160,0,0,0,0,0,0
primary,debounce,"T=2, theta=0.1419",val,1538C99F-BA1E-4EFB-A949-6C7C47701B20,28,748,0,0,0,0,0,0
primary,debounce,"T=2, theta=0.1419",val,83CF687B-7CEC-434B-9FE8-00C3D5799BE6,7,1879,3,3,6,11,2,2
primary,debounce,"T=2, theta=0.1419",val,B09E373F-8A54-44C8-895B-0039390B859F,9,1598,3,3,6,15,3,2
primary,debounce,"T=2, theta=0.1419",val,C48CE857-A0DD-4DDB-BEA5-3A25449B2153,25,150,0,0,0,0,0,0
primary,debounce,"T=2, theta=0.1419",val,C48CE857-A0DD-4DDB-BEA5-3A25449B2153,26,40,0,0,0,0,0,0
primary,debounce,"T=2, theta=0.1419",val,C48CE857-A0DD-4DDB-BEA5-3A25449B2153,28,151,0,0,0,0,0,0
primary,debounce,"T=2, theta=0.1419",val,C48CE857-A0DD-4DDB-BEA5-3A25449B2153,30,239,0,0,0,0,0,0
primary,debounce,"T=2, theta=0.1419",val,C48CE857-A0DD-4DDB-BEA5-3A25449B2153,31,282,1,1,2,2,1,1
primary,debounce,"T=2, theta=0.1419",val,C48CE857-A0DD-4DDB-BEA5-3A25449B2153,32,115,0,0,0,0,0,0
primary,debounce,"T=2, theta=0.1419",val,D7D20E2E-FC78-405D-B346-DBD3FD8FC92B,7,175,0,0,0,0,0,0
primary,debounce,"T=2, theta=0.1419",val,D7D20E2E-FC78-405D-B346-DBD3FD8FC92B,8,528,0,0,0,0,0,0
primary,debounce,"T=2, theta=0.1419",val,D7D20E2E-FC78-405D-B346-DBD3FD8FC92B,9,42,1,1,2,2,1,1
primary,debounce,"T=2, theta=0.1419",val,D7D20E2E-FC78-405D-B346-DBD3FD8FC92B,10,153,3,3,6,23,2,1
primary,debounce,"T=2, theta=0.1419",val,D7D20E2E-FC78-405D-B346-DBD3FD8FC92B,11,292,0,0,0,0,0,0
primary,debounce,"T=2, theta=0.1419",val,D7D20E2E-FC78-405D-B346-DBD3FD8FC92B,12,23,0,0,0,0,0,0
primary,debounce,"T=2, theta=0.1419",val,E65577C1-8D5D-4F70-AF23-B3ADB9D3DBA3,3,659,5,5,10,12,5,5
primary,debounce,"T=2, theta=0.1419",val,FDAA70A1-42A3-4E3F-9AE3-3FDA412E03BF,18,966,2,2,4,19,1,1
primary,margin,"m=0.3, theta=0.1978",val,11B5EC4D-4133-4289-B475-4E737182A406,3,616,1,1,2,2,1,1
primary,margin,"m=0.3, theta=0.1978",val,11B5EC4D-4133-4289-B475-4E737182A406,4,799,4,4,8,7,6,4
primary,margin,"m=0.3, theta=0.1978",val,11B5EC4D-4133-4289-B475-4E737182A406,5,324,0,0,0,0,0,0
primary,margin,"m=0.3, theta=0.1978",val,1538C99F-BA1E-4EFB-A949-6C7C47701B20,25,291,1,1,2,1,1,1
primary,margin,"m=0.3, theta=0.1978",val,1538C99F-BA1E-4EFB-A949-6C7C47701B20,26,82,0,0,0,0,0,0
primary,margin,"m=0.3, theta=0.1978",val,1538C99F-BA1E-4EFB-A949-6C7C47701B20,27,160,1,1,2,1,1,1
primary,margin,"m=0.3, theta=0.1978",val,1538C99F-BA1E-4EFB-A949-6C7C47701B20,28,748,1,1,2,1,1,1
primary,margin,"m=0.3, theta=0.1978",val,83CF687B-7CEC-434B-9FE8-00C3D5799BE6,7,1879,3,3,6,11,2,2
primary,margin,"m=0.3, theta=0.1978",val,B09E373F-8A54-44C8-895B-0039390B859F,9,1598,2,2,4,9,1,1
primary,margin,"m=0.3, theta=0.1978",val,C48CE857-A0DD-4DDB-BEA5-3A25449B2153,25,150,0,0,0,0,0,0
primary,margin,"m=0.3, theta=0.1978",val,C48CE857-A0DD-4DDB-BEA5-3A25449B2153,26,40,0,0,0,0,0,0
primary,margin,"m=0.3, theta=0.1978",val,C48CE857-A0DD-4DDB-BEA5-3A25449B2153,28,151,0,0,0,0,0,0
primary,margin,"m=0.3, theta=0.1978",val,C48CE857-A0DD-4DDB-BEA5-3A25449B2153,30,239,0,0,0,0,0,0
primary,margin,"m=0.3, theta=0.1978",val,C48CE857-A0DD-4DDB-BEA5-3A25449B2153,31,282,0,0,0,0,0,0
primary,margin,"m=0.3, theta=0.1978",val,C48CE857-A0DD-4DDB-BEA5-3A25449B2153,32,115,0,0,0,0,0,0
primary,margin,"m=0.3, theta=0.1978",val,D7D20E2E-FC78-405D-B346-DBD3FD8FC92B,7,175,0,0,0,0,0,0
primary,margin,"m=0.3, theta=0.1978",val,D7D20E2E-FC78-405D-B346-DBD3FD8FC92B,8,528,0,0,0,0,0,0
primary,margin,"m=0.3, theta=0.1978",val,D7D20E2E-FC78-405D-B346-DBD3FD8FC92B,9,42,1,1,2,2,1,1
primary,margin,"m=0.3, theta=0.1978",val,D7D20E2E-FC78-405D-B346-DBD3FD8FC92B,10,153,1,1,2,14,0,0
primary,margin,"m=0.3, theta=0.1978",val,D7D20E2E-FC78-405D-B346-DBD3FD8FC92B,11,292,0,0,0,0,0,0
primary,margin,"m=0.3, theta=0.1978",val,D7D20E2E-FC78-405D-B346-DBD3FD8FC92B,12,23,0,0,0,0,0,0
primary,margin,"m=0.3, theta=0.1978",val,E65577C1-8D5D-4F70-AF23-B3ADB9D3DBA3,3,659,2,2,4,3,2,2
primary,margin,"m=0.3, theta=0.1978",val,FDAA70A1-42A3-4E3F-9AE3-3FDA412E03BF,18,966,2,2,4,14,1,1
primary,hysteresis,"m=0.3, T=2, theta=0.3318",val,11B5EC4D-4133-4289-B475-4E737182A406,3,616,3,3,6,10,3,3
primary,hysteresis,"m=0.3, T=2, theta=0.3318",val,11B5EC4D-4133-4289-B475-4E737182A406,4,799,3,3,6,25,0,0
primary,hysteresis,"m=0.3, T=2, theta=0.3318",val,11B5EC4D-4133-4289-B475-4E737182A406,5,324,0,0,0,0,0,0
primary,hysteresis,"m=0.3, T=2, theta=0.3318",val,1538C99F-BA1E-4EFB-A949-6C7C47701B20,25,291,1,1,2,4,1,1
primary,hysteresis,"m=0.3, T=2, theta=0.3318",val,1538C99F-BA1E-4EFB-A949-6C7C47701B20,26,82,0,0,0,0,0,0
primary,hysteresis,"m=0.3, T=2, theta=0.3318",val,1538C99F-BA1E-4EFB-A949-6C7C47701B20,27,160,0,0,0,0,0,0
primary,hysteresis,"m=0.3, T=2, theta=0.3318",val,1538C99F-BA1E-4EFB-A949-6C7C47701B20,28,748,1,1,2,6,0,0
primary,hysteresis,"m=0.3, T=2, theta=0.3318",val,83CF687B-7CEC-434B-9FE8-00C3D5799BE6,7,1879,2,2,4,41,0,0
primary,hysteresis,"m=0.3, T=2, theta=0.3318",val,B09E373F-8A54-44C8-895B-0039390B859F,9,1598,3,3,6,26,0,0
primary,hysteresis,"m=0.3, T=2, theta=0.3318",val,C48CE857-A0DD-4DDB-BEA5-3A25449B2153,25,150,0,0,0,0,0,0
primary,hysteresis,"m=0.3, T=2, theta=0.3318",val,C48CE857-A0DD-4DDB-BEA5-3A25449B2153,26,40,0,0,0,0,0,0
primary,hysteresis,"m=0.3, T=2, theta=0.3318",val,C48CE857-A0DD-4DDB-BEA5-3A25449B2153,28,151,0,0,0,0,0,0
primary,hysteresis,"m=0.3, T=2, theta=0.3318",val,C48CE857-A0DD-4DDB-BEA5-3A25449B2153,30,239,0,0,0,0,0,0
primary,hysteresis,"m=0.3, T=2, theta=0.3318",val,C48CE857-A0DD-4DDB-BEA5-3A25449B2153,31,282,1,1,2,15,0,0
primary,hysteresis,"m=0.3, T=2, theta=0.3318",val,C48CE857-A0DD-4DDB-BEA5-3A25449B2153,32,115,0,0,0,0,0,0
primary,hysteresis,"m=0.3, T=2, theta=0.3318",val,D7D20E2E-FC78-405D-B346-DBD3FD8FC92B,7,175,1,1,2,2,1,1
primary,hysteresis,"m=0.3, T=2, theta=0.3318",val,D7D20E2E-FC78-405D-B346-DBD3FD8FC92B,8,528,0,0,0,0,0,0
primary,hysteresis,"m=0.3, T=2, theta=0.3318",val,D7D20E2E-FC78-405D-B346-DBD3FD8FC92B,9,42,1,1,2,2,1,1
primary,hysteresis,"m=0.3, T=2, theta=0.3318",val,D7D20E2E-FC78-405D-B346-DBD3FD8FC92B,10,153,1,1,2,66,0,0
primary,hysteresis,"m=0.3, T=2, theta=0.3318",val,D7D20E2E-FC78-405D-B346-DBD3FD8FC92B,11,292,0,0,0,0,0,0
primary,hysteresis,"m=0.3, T=2, theta=0.3318",val,D7D20E2E-FC78-405D-B346-DBD3FD8FC92B,12,23,0,0,0,0,0,0
primary,hysteresis,"m=0.3, T=2, theta=0.3318",val,E65577C1-8D5D-4F70-AF23-B3ADB9D3DBA3,3,659,4,4,8,26,4,3
primary,hysteresis,"m=0.3, T=2, theta=0.3318",val,FDAA70A1-42A3-4E3F-9AE3-3FDA412E03BF,18,966,2,2,4,32,1,1
primary,trust,"r=0.5, tau=0.5, theta=0.4256",val,11B5EC4D-4133-4289-B475-4E737182A406,3,616,2,2,4,9,2,2
primary,trust,"r=0.5, tau=0.5, theta=0.4256",val,11B5EC4D-4133-4289-B475-4E737182A406,4,799,4,4,8,24,4,3
primary,trust,"r=0.5, tau=0.5, theta=0.4256",val,11B5EC4D-4133-4289-B475-4E737182A406,5,324,0,0,0,0,0,0
primary,trust,"r=0.5, tau=0.5, theta=0.4256",val,1538C99F-BA1E-4EFB-A949-6C7C47701B20,25,291,0,0,0,0,0,0
primary,trust,"r=0.5, tau=0.5, theta=0.4256",val,1538C99F-BA1E-4EFB-A949-6C7C47701B20,26,82,0,0,0,0,0,0
primary,trust,"r=0.5, tau=0.5, theta=0.4256",val,1538C99F-BA1E-4EFB-A949-6C7C47701B20,27,160,0,0,0,0,0,0
primary,trust,"r=0.5, tau=0.5, theta=0.4256",val,1538C99F-BA1E-4EFB-A949-6C7C47701B20,28,748,2,2,4,2,3,2
primary,trust,"r=0.5, tau=0.5, theta=0.4256",val,83CF687B-7CEC-434B-9FE8-00C3D5799BE6,7,1879,3,3,6,42,1,1
primary,trust,"r=0.5, tau=0.5, theta=0.4256",val,B09E373F-8A54-44C8-895B-0039390B859F,9,1598,4,4,8,21,3,2
primary,trust,"r=0.5, tau=0.5, theta=0.4256",val,C48CE857-A0DD-4DDB-BEA5-3A25449B2153,25,150,0,0,0,0,0,0
primary,trust,"r=0.5, tau=0.5, theta=0.4256",val,C48CE857-A0DD-4DDB-BEA5-3A25449B2153,26,40,0,0,0,0,0,0
primary,trust,"r=0.5, tau=0.5, theta=0.4256",val,C48CE857-A0DD-4DDB-BEA5-3A25449B2153,28,151,0,0,0,0,0,0
primary,trust,"r=0.5, tau=0.5, theta=0.4256",val,C48CE857-A0DD-4DDB-BEA5-3A25449B2153,30,239,0,0,0,0,0,0
primary,trust,"r=0.5, tau=0.5, theta=0.4256",val,C48CE857-A0DD-4DDB-BEA5-3A25449B2153,31,282,1,1,2,18,0,0
primary,trust,"r=0.5, tau=0.5, theta=0.4256",val,C48CE857-A0DD-4DDB-BEA5-3A25449B2153,32,115,0,0,0,0,0,0
primary,trust,"r=0.5, tau=0.5, theta=0.4256",val,D7D20E2E-FC78-405D-B346-DBD3FD8FC92B,7,175,0,0,0,0,0,0
primary,trust,"r=0.5, tau=0.5, theta=0.4256",val,D7D20E2E-FC78-405D-B346-DBD3FD8FC92B,8,528,0,0,0,0,0,0
primary,trust,"r=0.5, tau=0.5, theta=0.4256",val,D7D20E2E-FC78-405D-B346-DBD3FD8FC92B,9,42,0,0,0,0,0,0
primary,trust,"r=0.5, tau=0.5, theta=0.4256",val,D7D20E2E-FC78-405D-B346-DBD3FD8FC92B,10,153,1,1,2,65,0,0
primary,trust,"r=0.5, tau=0.5, theta=0.4256",val,D7D20E2E-FC78-405D-B346-DBD3FD8FC92B,11,292,0,0,0,0,0,0
primary,trust,"r=0.5, tau=0.5, theta=0.4256",val,D7D20E2E-FC78-405D-B346-DBD3FD8FC92B,12,23,0,0,0,0,0,0
primary,trust,"r=0.5, tau=0.5, theta=0.4256",val,E65577C1-8D5D-4F70-AF23-B3ADB9D3DBA3,3,659,4,4,8,46,3,1
primary,trust,"r=0.5, tau=0.5, theta=0.4256",val,FDAA70A1-42A3-4E3F-9AE3-3FDA412E03BF,18,966,2,2,4,33,0,0
primary,sprt,"alpha=0.05, beta=0.009899",val,11B5EC4D-4133-4289-B475-4E737182A406,3,616,3,3,6,12,2,2
primary,sprt,"alpha=0.05, beta=0.009899",val,11B5EC4D-4133-4289-B475-4E737182A406,4,799,3,3,6,30,1,1
primary,sprt,"alpha=0.05, beta=0.009899",val,11B5EC4D-4133-4289-B475-4E737182A406,5,324,0,0,0,0,0,0
primary,sprt,"alpha=0.05, beta=0.009899",val,1538C99F-BA1E-4EFB-A949-6C7C47701B20,25,291,0,0,0,0,0,0
primary,sprt,"alpha=0.05, beta=0.009899",val,1538C99F-BA1E-4EFB-A949-6C7C47701B20,26,82,0,0,0,0,0,0
primary,sprt,"alpha=0.05, beta=0.009899",val,1538C99F-BA1E-4EFB-A949-6C7C47701B20,27,160,1,1,2,5,1,1
primary,sprt,"alpha=0.05, beta=0.009899",val,1538C99F-BA1E-4EFB-A949-6C7C47701B20,28,748,1,1,2,8,0,0
primary,sprt,"alpha=0.05, beta=0.009899",val,83CF687B-7CEC-434B-9FE8-00C3D5799BE6,7,1879,3,3,6,59,0,0
primary,sprt,"alpha=0.05, beta=0.009899",val,B09E373F-8A54-44C8-895B-0039390B859F,9,1598,3,3,6,26,0,0
primary,sprt,"alpha=0.05, beta=0.009899",val,C48CE857-A0DD-4DDB-BEA5-3A25449B2153,25,150,0,0,0,0,0,0
primary,sprt,"alpha=0.05, beta=0.009899",val,C48CE857-A0DD-4DDB-BEA5-3A25449B2153,26,40,0,0,0,0,0,0
primary,sprt,"alpha=0.05, beta=0.009899",val,C48CE857-A0DD-4DDB-BEA5-3A25449B2153,28,151,1,1,2,9,0,0
primary,sprt,"alpha=0.05, beta=0.009899",val,C48CE857-A0DD-4DDB-BEA5-3A25449B2153,30,239,0,0,0,0,0,0
primary,sprt,"alpha=0.05, beta=0.009899",val,C48CE857-A0DD-4DDB-BEA5-3A25449B2153,31,282,1,1,2,17,0,0
primary,sprt,"alpha=0.05, beta=0.009899",val,C48CE857-A0DD-4DDB-BEA5-3A25449B2153,32,115,0,0,0,0,0,0
primary,sprt,"alpha=0.05, beta=0.009899",val,D7D20E2E-FC78-405D-B346-DBD3FD8FC92B,7,175,1,1,2,3,1,1
primary,sprt,"alpha=0.05, beta=0.009899",val,D7D20E2E-FC78-405D-B346-DBD3FD8FC92B,8,528,0,0,0,0,0,0
primary,sprt,"alpha=0.05, beta=0.009899",val,D7D20E2E-FC78-405D-B346-DBD3FD8FC92B,9,42,1,1,2,2,1,1
primary,sprt,"alpha=0.05, beta=0.009899",val,D7D20E2E-FC78-405D-B346-DBD3FD8FC92B,10,153,1,1,2,62,0,0
primary,sprt,"alpha=0.05, beta=0.009899",val,D7D20E2E-FC78-405D-B346-DBD3FD8FC92B,11,292,0,0,0,0,0,0
primary,sprt,"alpha=0.05, beta=0.009899",val,D7D20E2E-FC78-405D-B346-DBD3FD8FC92B,12,23,0,0,0,0,0,0
primary,sprt,"alpha=0.05, beta=0.009899",val,E65577C1-8D5D-4F70-AF23-B3ADB9D3DBA3,3,659,3,3,6,43,2,1
primary,sprt,"alpha=0.05, beta=0.009899",val,FDAA70A1-42A3-4E3F-9AE3-3FDA412E03BF,18,966,2,2,4,32,1,1
primary,hmm,"rho=0.0001, theta=0.9427",val,11B5EC4D-4133-4289-B475-4E737182A406,3,616,4,4,8,11,5,4
primary,hmm,"rho=0.0001, theta=0.9427",val,11B5EC4D-4133-4289-B475-4E737182A406,4,799,2,2,4,33,0,0
primary,hmm,"rho=0.0001, theta=0.9427",val,11B5EC4D-4133-4289-B475-4E737182A406,5,324,0,0,0,0,0,0
primary,hmm,"rho=0.0001, theta=0.9427",val,1538C99F-BA1E-4EFB-A949-6C7C47701B20,25,291,0,0,0,0,0,0
primary,hmm,"rho=0.0001, theta=0.9427",val,1538C99F-BA1E-4EFB-A949-6C7C47701B20,26,82,0,0,0,0,0,0
primary,hmm,"rho=0.0001, theta=0.9427",val,1538C99F-BA1E-4EFB-A949-6C7C47701B20,27,160,0,0,0,0,0,0
primary,hmm,"rho=0.0001, theta=0.9427",val,1538C99F-BA1E-4EFB-A949-6C7C47701B20,28,748,1,1,2,11,0,0
primary,hmm,"rho=0.0001, theta=0.9427",val,83CF687B-7CEC-434B-9FE8-00C3D5799BE6,7,1879,3,3,6,73,0,0
primary,hmm,"rho=0.0001, theta=0.9427",val,B09E373F-8A54-44C8-895B-0039390B859F,9,1598,5,5,10,42,2,2
primary,hmm,"rho=0.0001, theta=0.9427",val,C48CE857-A0DD-4DDB-BEA5-3A25449B2153,25,150,0,0,0,0,0,0
primary,hmm,"rho=0.0001, theta=0.9427",val,C48CE857-A0DD-4DDB-BEA5-3A25449B2153,26,40,0,0,0,0,0,0
primary,hmm,"rho=0.0001, theta=0.9427",val,C48CE857-A0DD-4DDB-BEA5-3A25449B2153,28,151,0,0,0,0,0,0
primary,hmm,"rho=0.0001, theta=0.9427",val,C48CE857-A0DD-4DDB-BEA5-3A25449B2153,30,239,0,0,0,0,0,0
primary,hmm,"rho=0.0001, theta=0.9427",val,C48CE857-A0DD-4DDB-BEA5-3A25449B2153,31,282,1,1,2,25,0,0
primary,hmm,"rho=0.0001, theta=0.9427",val,C48CE857-A0DD-4DDB-BEA5-3A25449B2153,32,115,0,0,0,0,0,0
primary,hmm,"rho=0.0001, theta=0.9427",val,D7D20E2E-FC78-405D-B346-DBD3FD8FC92B,7,175,1,1,2,1,1,1
primary,hmm,"rho=0.0001, theta=0.9427",val,D7D20E2E-FC78-405D-B346-DBD3FD8FC92B,8,528,0,0,0,0,0,0
primary,hmm,"rho=0.0001, theta=0.9427",val,D7D20E2E-FC78-405D-B346-DBD3FD8FC92B,9,42,1,1,2,1,1,1
primary,hmm,"rho=0.0001, theta=0.9427",val,D7D20E2E-FC78-405D-B346-DBD3FD8FC92B,10,153,1,1,2,64,0,0
primary,hmm,"rho=0.0001, theta=0.9427",val,D7D20E2E-FC78-405D-B346-DBD3FD8FC92B,11,292,0,0,0,0,0,0
primary,hmm,"rho=0.0001, theta=0.9427",val,D7D20E2E-FC78-405D-B346-DBD3FD8FC92B,12,23,0,0,0,0,0,0
primary,hmm,"rho=0.0001, theta=0.9427",val,E65577C1-8D5D-4F70-AF23-B3ADB9D3DBA3,3,659,3,3,6,54,2,1
primary,hmm,"rho=0.0001, theta=0.9427",val,FDAA70A1-42A3-4E3F-9AE3-3FDA412E03BF,18,966,2,2,4,37,0,0
sensitivity_1,threshold,theta=0.1301,val,11B5EC4D-4133-4289-B475-4E737182A406,3,616,7,7,14,9,10,7
sensitivity_1,threshold,theta=0.1301,val,11B5EC4D-4133-4289-B475-4E737182A406,4,799,7,7,14,9,9,7
sensitivity_1,threshold,theta=0.1301,val,11B5EC4D-4133-4289-B475-4E737182A406,5,324,0,0,0,0,0,0
sensitivity_1,threshold,theta=0.1301,val,1538C99F-BA1E-4EFB-A949-6C7C47701B20,25,291,3,3,6,3,4,3
sensitivity_1,threshold,theta=0.1301,val,1538C99F-BA1E-4EFB-A949-6C7C47701B20,26,82,0,0,0,0,0,0
sensitivity_1,threshold,theta=0.1301,val,1538C99F-BA1E-4EFB-A949-6C7C47701B20,27,160,3,3,6,3,3,3
sensitivity_1,threshold,theta=0.1301,val,1538C99F-BA1E-4EFB-A949-6C7C47701B20,28,748,5,5,10,5,6,5
sensitivity_1,threshold,theta=0.1301,val,83CF687B-7CEC-434B-9FE8-00C3D5799BE6,7,1879,13,13,26,14,20,13
sensitivity_1,threshold,theta=0.1301,val,B09E373F-8A54-44C8-895B-0039390B859F,9,1598,20,20,40,24,29,20
sensitivity_1,threshold,theta=0.1301,val,C48CE857-A0DD-4DDB-BEA5-3A25449B2153,25,150,0,0,0,0,0,0
sensitivity_1,threshold,theta=0.1301,val,C48CE857-A0DD-4DDB-BEA5-3A25449B2153,26,40,0,0,0,0,0,0
sensitivity_1,threshold,theta=0.1301,val,C48CE857-A0DD-4DDB-BEA5-3A25449B2153,28,151,1,1,2,1,1,1
sensitivity_1,threshold,theta=0.1301,val,C48CE857-A0DD-4DDB-BEA5-3A25449B2153,30,239,0,0,0,0,0,0
sensitivity_1,threshold,theta=0.1301,val,C48CE857-A0DD-4DDB-BEA5-3A25449B2153,31,282,2,2,4,2,2,2
sensitivity_1,threshold,theta=0.1301,val,C48CE857-A0DD-4DDB-BEA5-3A25449B2153,32,115,0,0,0,0,0,0
sensitivity_1,threshold,theta=0.1301,val,D7D20E2E-FC78-405D-B346-DBD3FD8FC92B,7,175,0,0,0,0,0,0
sensitivity_1,threshold,theta=0.1301,val,D7D20E2E-FC78-405D-B346-DBD3FD8FC92B,8,528,0,0,0,0,0,0
sensitivity_1,threshold,theta=0.1301,val,D7D20E2E-FC78-405D-B346-DBD3FD8FC92B,9,42,1,1,2,2,1,1
sensitivity_1,threshold,theta=0.1301,val,D7D20E2E-FC78-405D-B346-DBD3FD8FC92B,10,153,9,9,18,18,13,8
sensitivity_1,threshold,theta=0.1301,val,D7D20E2E-FC78-405D-B346-DBD3FD8FC92B,11,292,1,1,2,1,1,1
sensitivity_1,threshold,theta=0.1301,val,D7D20E2E-FC78-405D-B346-DBD3FD8FC92B,12,23,0,0,0,0,0,0
sensitivity_1,threshold,theta=0.1301,val,E65577C1-8D5D-4F70-AF23-B3ADB9D3DBA3,3,659,11,11,22,18,16,11
sensitivity_1,threshold,theta=0.1301,val,FDAA70A1-42A3-4E3F-9AE3-3FDA412E03BF,18,966,6,6,12,20,7,5
sensitivity_1,moving_average,"k=3, theta=0.3775",val,11B5EC4D-4133-4289-B475-4E737182A406,3,616,5,5,10,14,6,5
sensitivity_1,moving_average,"k=3, theta=0.3775",val,11B5EC4D-4133-4289-B475-4E737182A406,4,799,12,12,24,38,11,9
sensitivity_1,moving_average,"k=3, theta=0.3775",val,11B5EC4D-4133-4289-B475-4E737182A406,5,324,0,0,0,0,0,0
sensitivity_1,moving_average,"k=3, theta=0.3775",val,1538C99F-BA1E-4EFB-A949-6C7C47701B20,25,291,1,1,2,3,1,1
sensitivity_1,moving_average,"k=3, theta=0.3775",val,1538C99F-BA1E-4EFB-A949-6C7C47701B20,26,82,0,0,0,0,0,0
sensitivity_1,moving_average,"k=3, theta=0.3775",val,1538C99F-BA1E-4EFB-A949-6C7C47701B20,27,160,3,3,6,4,3,3
sensitivity_1,moving_average,"k=3, theta=0.3775",val,1538C99F-BA1E-4EFB-A949-6C7C47701B20,28,748,4,4,8,9,4,4
sensitivity_1,moving_average,"k=3, theta=0.3775",val,83CF687B-7CEC-434B-9FE8-00C3D5799BE6,7,1879,8,8,16,50,7,5
sensitivity_1,moving_average,"k=3, theta=0.3775",val,B09E373F-8A54-44C8-895B-0039390B859F,9,1598,22,22,44,66,23,19
sensitivity_1,moving_average,"k=3, theta=0.3775",val,C48CE857-A0DD-4DDB-BEA5-3A25449B2153,25,150,0,0,0,0,0,0
sensitivity_1,moving_average,"k=3, theta=0.3775",val,C48CE857-A0DD-4DDB-BEA5-3A25449B2153,26,40,0,0,0,0,0,0
sensitivity_1,moving_average,"k=3, theta=0.3775",val,C48CE857-A0DD-4DDB-BEA5-3A25449B2153,28,151,2,2,4,5,2,2
sensitivity_1,moving_average,"k=3, theta=0.3775",val,C48CE857-A0DD-4DDB-BEA5-3A25449B2153,30,239,0,0,0,0,0,0
sensitivity_1,moving_average,"k=3, theta=0.3775",val,C48CE857-A0DD-4DDB-BEA5-3A25449B2153,31,282,2,2,4,22,1,1
sensitivity_1,moving_average,"k=3, theta=0.3775",val,C48CE857-A0DD-4DDB-BEA5-3A25449B2153,32,115,3,3,6,6,4,3
sensitivity_1,moving_average,"k=3, theta=0.3775",val,D7D20E2E-FC78-405D-B346-DBD3FD8FC92B,7,175,4,4,8,8,5,4
sensitivity_1,moving_average,"k=3, theta=0.3775",val,D7D20E2E-FC78-405D-B346-DBD3FD8FC92B,8,528,0,0,0,0,0,0
sensitivity_1,moving_average,"k=3, theta=0.3775",val,D7D20E2E-FC78-405D-B346-DBD3FD8FC92B,9,42,3,2,5,4,2,2
sensitivity_1,moving_average,"k=3, theta=0.3775",val,D7D20E2E-FC78-405D-B346-DBD3FD8FC92B,10,153,4,4,8,60,4,2
sensitivity_1,moving_average,"k=3, theta=0.3775",val,D7D20E2E-FC78-405D-B346-DBD3FD8FC92B,11,292,2,2,4,4,3,2
sensitivity_1,moving_average,"k=3, theta=0.3775",val,D7D20E2E-FC78-405D-B346-DBD3FD8FC92B,12,23,0,0,0,0,0,0
sensitivity_1,moving_average,"k=3, theta=0.3775",val,E65577C1-8D5D-4F70-AF23-B3ADB9D3DBA3,3,659,12,12,24,33,19,11
sensitivity_1,moving_average,"k=3, theta=0.3775",val,FDAA70A1-42A3-4E3F-9AE3-3FDA412E03BF,18,966,5,5,10,40,3,3
sensitivity_1,ewma,"alpha=0.1, theta=0.7858",val,11B5EC4D-4133-4289-B475-4E737182A406,3,616,8,8,16,131,7,4
sensitivity_1,ewma,"alpha=0.1, theta=0.7858",val,11B5EC4D-4133-4289-B475-4E737182A406,4,799,9,8,17,213,4,2
sensitivity_1,ewma,"alpha=0.1, theta=0.7858",val,11B5EC4D-4133-4289-B475-4E737182A406,5,324,0,0,0,0,0,0
sensitivity_1,ewma,"alpha=0.1, theta=0.7858",val,1538C99F-BA1E-4EFB-A949-6C7C47701B20,25,291,1,1,2,13,0,0
sensitivity_1,ewma,"alpha=0.1, theta=0.7858",val,1538C99F-BA1E-4EFB-A949-6C7C47701B20,26,82,0,0,0,0,0,0
sensitivity_1,ewma,"alpha=0.1, theta=0.7858",val,1538C99F-BA1E-4EFB-A949-6C7C47701B20,27,160,6,6,12,45,7,3
sensitivity_1,ewma,"alpha=0.1, theta=0.7858",val,1538C99F-BA1E-4EFB-A949-6C7C47701B20,28,748,4,4,8,80,2,1
sensitivity_1,ewma,"alpha=0.1, theta=0.7858",val,83CF687B-7CEC-434B-9FE8-00C3D5799BE6,7,1879,14,14,28,185,8,6
sensitivity_1,ewma,"alpha=0.1, theta=0.7858",val,B09E373F-8A54-44C8-895B-0039390B859F,9,1598,21,21,42,858,17,7
sensitivity_1,ewma,"alpha=0.1, theta=0.7858",val,C48CE857-A0DD-4DDB-BEA5-3A25449B2153,25,150,0,0,0,0,0,0
sensitivity_1,ewma,"alpha=0.1, theta=0.7858",val,C48CE857-A0DD-4DDB-BEA5-3A25449B2153,26,40,1,1,2,9,0,0
sensitivity_1,ewma,"alpha=0.1, theta=0.7858",val,C48CE857-A0DD-4DDB-BEA5-3A25449B2153,28,151,4,4,8,41,2,1
sensitivity_1,ewma,"alpha=0.1, theta=0.7858",val,C48CE857-A0DD-4DDB-BEA5-3A25449B2153,30,239,1,0,1,8,0,0
sensitivity_1,ewma,"alpha=0.1, theta=0.7858",val,C48CE857-A0DD-4DDB-BEA5-3A25449B2153,31,282,3,3,6,115,0,0
sensitivity_1,ewma,"alpha=0.1, theta=0.7858",val,C48CE857-A0DD-4DDB-BEA5-3A25449B2153,32,115,1,0,1,66,0,0
sensitivity_1,ewma,"alpha=0.1, theta=0.7858",val,D7D20E2E-FC78-405D-B346-DBD3FD8FC92B,7,175,3,3,6,54,3,2
sensitivity_1,ewma,"alpha=0.1, theta=0.7858",val,D7D20E2E-FC78-405D-B346-DBD3FD8FC92B,8,528,0,0,0,0,0,0
sensitivity_1,ewma,"alpha=0.1, theta=0.7858",val,D7D20E2E-FC78-405D-B346-DBD3FD8FC92B,9,42,2,1,3,13,1,1
sensitivity_1,ewma,"alpha=0.1, theta=0.7858",val,D7D20E2E-FC78-405D-B346-DBD3FD8FC92B,10,153,1,1,2,87,0,0
sensitivity_1,ewma,"alpha=0.1, theta=0.7858",val,D7D20E2E-FC78-405D-B346-DBD3FD8FC92B,11,292,2,2,4,52,1,0
sensitivity_1,ewma,"alpha=0.1, theta=0.7858",val,D7D20E2E-FC78-405D-B346-DBD3FD8FC92B,12,23,0,0,0,0,0,0
sensitivity_1,ewma,"alpha=0.1, theta=0.7858",val,E65577C1-8D5D-4F70-AF23-B3ADB9D3DBA3,3,659,5,5,10,182,3,2
sensitivity_1,ewma,"alpha=0.1, theta=0.7858",val,FDAA70A1-42A3-4E3F-9AE3-3FDA412E03BF,18,966,12,12,24,199,11,8
sensitivity_1,majority_vote,"k=3, theta=0.3543",val,11B5EC4D-4133-4289-B475-4E737182A406,3,616,8,8,16,25,9,6
sensitivity_1,majority_vote,"k=3, theta=0.3543",val,11B5EC4D-4133-4289-B475-4E737182A406,4,799,13,13,26,41,14,11
sensitivity_1,majority_vote,"k=3, theta=0.3543",val,11B5EC4D-4133-4289-B475-4E737182A406,5,324,0,0,0,0,0,0
sensitivity_1,majority_vote,"k=3, theta=0.3543",val,1538C99F-BA1E-4EFB-A949-6C7C47701B20,25,291,1,1,2,3,1,1
sensitivity_1,majority_vote,"k=3, theta=0.3543",val,1538C99F-BA1E-4EFB-A949-6C7C47701B20,26,82,0,0,0,0,0,0
sensitivity_1,majority_vote,"k=3, theta=0.3543",val,1538C99F-BA1E-4EFB-A949-6C7C47701B20,27,160,1,1,2,2,1,1
sensitivity_1,majority_vote,"k=3, theta=0.3543",val,1538C99F-BA1E-4EFB-A949-6C7C47701B20,28,748,5,5,10,11,6,5
sensitivity_1,majority_vote,"k=3, theta=0.3543",val,83CF687B-7CEC-434B-9FE8-00C3D5799BE6,7,1879,8,8,16,50,8,5
sensitivity_1,majority_vote,"k=3, theta=0.3543",val,B09E373F-8A54-44C8-895B-0039390B859F,9,1598,21,21,42,73,24,18
sensitivity_1,majority_vote,"k=3, theta=0.3543",val,C48CE857-A0DD-4DDB-BEA5-3A25449B2153,25,150,0,0,0,0,0,0
sensitivity_1,majority_vote,"k=3, theta=0.3543",val,C48CE857-A0DD-4DDB-BEA5-3A25449B2153,26,40,0,0,0,0,0,0
sensitivity_1,majority_vote,"k=3, theta=0.3543",val,C48CE857-A0DD-4DDB-BEA5-3A25449B2153,28,151,3,3,6,7,4,3
sensitivity_1,majority_vote,"k=3, theta=0.3543",val,C48CE857-A0DD-4DDB-BEA5-3A25449B2153,30,239,0,0,0,0,0,0
sensitivity_1,majority_vote,"k=3, theta=0.3543",val,C48CE857-A0DD-4DDB-BEA5-3A25449B2153,31,282,4,4,8,26,4,3
sensitivity_1,majority_vote,"k=3, theta=0.3543",val,C48CE857-A0DD-4DDB-BEA5-3A25449B2153,32,115,3,3,6,7,4,3
sensitivity_1,majority_vote,"k=3, theta=0.3543",val,D7D20E2E-FC78-405D-B346-DBD3FD8FC92B,7,175,4,4,8,12,4,3
sensitivity_1,majority_vote,"k=3, theta=0.3543",val,D7D20E2E-FC78-405D-B346-DBD3FD8FC92B,8,528,0,0,0,0,0,0
sensitivity_1,majority_vote,"k=3, theta=0.3543",val,D7D20E2E-FC78-405D-B346-DBD3FD8FC92B,9,42,3,2,5,5,2,2
sensitivity_1,majority_vote,"k=3, theta=0.3543",val,D7D20E2E-FC78-405D-B346-DBD3FD8FC92B,10,153,4,4,8,62,5,2
sensitivity_1,majority_vote,"k=3, theta=0.3543",val,D7D20E2E-FC78-405D-B346-DBD3FD8FC92B,11,292,2,2,4,6,3,2
sensitivity_1,majority_vote,"k=3, theta=0.3543",val,D7D20E2E-FC78-405D-B346-DBD3FD8FC92B,12,23,0,0,0,0,0,0
sensitivity_1,majority_vote,"k=3, theta=0.3543",val,E65577C1-8D5D-4F70-AF23-B3ADB9D3DBA3,3,659,13,12,25,53,15,9
sensitivity_1,majority_vote,"k=3, theta=0.3543",val,FDAA70A1-42A3-4E3F-9AE3-3FDA412E03BF,18,966,5,5,10,41,3,3
sensitivity_1,debounce,"T=2, theta=0.4013",val,11B5EC4D-4133-4289-B475-4E737182A406,3,616,8,8,16,25,9,6
sensitivity_1,debounce,"T=2, theta=0.4013",val,11B5EC4D-4133-4289-B475-4E737182A406,4,799,13,12,25,43,14,10
sensitivity_1,debounce,"T=2, theta=0.4013",val,11B5EC4D-4133-4289-B475-4E737182A406,5,324,0,0,0,0,0,0
sensitivity_1,debounce,"T=2, theta=0.4013",val,1538C99F-BA1E-4EFB-A949-6C7C47701B20,25,291,1,1,2,4,1,1
sensitivity_1,debounce,"T=2, theta=0.4013",val,1538C99F-BA1E-4EFB-A949-6C7C47701B20,26,82,0,0,0,0,0,0
sensitivity_1,debounce,"T=2, theta=0.4013",val,1538C99F-BA1E-4EFB-A949-6C7C47701B20,27,160,2,2,4,4,2,2
sensitivity_1,debounce,"T=2, theta=0.4013",val,1538C99F-BA1E-4EFB-A949-6C7C47701B20,28,748,4,4,8,14,4,3
sensitivity_1,debounce,"T=2, theta=0.4013",val,83CF687B-7CEC-434B-9FE8-00C3D5799BE6,7,1879,7,7,14,59,5,4
sensitivity_1,debounce,"T=2, theta=0.4013",val,B09E373F-8A54-44C8-895B-0039390B859F,9,1598,22,22,44,94,21,16
sensitivity_1,debounce,"T=2, theta=0.4013",val,C48CE857-A0DD-4DDB-BEA5-3A25449B2153,25,150,0,0,0,0,0,0
sensitivity_1,debounce,"T=2, theta=0.4013",val,C48CE857-A0DD-4DDB-BEA5-3A25449B2153,26,40,1,1,2,2,1,1
sensitivity_1,debounce,"T=2, theta=0.4013",val,C48CE857-A0DD-4DDB-BEA5-3A25449B2153,28,151,1,1,2,9,0,0
sensitivity_1,debounce,"T=2, theta=0.4013",val,C48CE857-A0DD-4DDB-BEA5-3A25449B2153,30,239,1,1,2,2,1,1
sensitivity_1,debounce,"T=2, theta=0.4013",val,C48CE857-A0DD-4DDB-BEA5-3A25449B2153,31,282,5,5,10,29,5,4
sensitivity_1,debounce,"T=2, theta=0.4013",val,C48CE857-A0DD-4DDB-BEA5-3A25449B2153,32,115,2,2,4,8,2,2
sensitivity_1,debounce,"T=2, theta=0.4013",val,D7D20E2E-FC78-405D-B346-DBD3FD8FC92B,7,175,4,4,8,14,3,3
sensitivity_1,debounce,"T=2, theta=0.4013",val,D7D20E2E-FC78-405D-B346-DBD3FD8FC92B,8,528,0,0,0,0,0,0
sensitivity_1,debounce,"T=2, theta=0.4013",val,D7D20E2E-FC78-405D-B346-DBD3FD8FC92B,9,42,2,2,4,4,2,2
sensitivity_1,debounce,"T=2, theta=0.4013",val,D7D20E2E-FC78-405D-B346-DBD3FD8FC92B,10,153,3,3,6,65,4,2
sensitivity_1,debounce,"T=2, theta=0.4013",val,D7D20E2E-FC78-405D-B346-DBD3FD8FC92B,11,292,2,2,4,6,3,2
sensitivity_1,debounce,"T=2, theta=0.4013",val,D7D20E2E-FC78-405D-B346-DBD3FD8FC92B,12,23,0,0,0,0,0,0
sensitivity_1,debounce,"T=2, theta=0.4013",val,E65577C1-8D5D-4F70-AF23-B3ADB9D3DBA3,3,659,11,10,21,59,11,6
sensitivity_1,debounce,"T=2, theta=0.4013",val,FDAA70A1-42A3-4E3F-9AE3-3FDA412E03BF,18,966,6,6,12,45,4,4
sensitivity_1,margin,"m=0.3, theta=0.31",val,11B5EC4D-4133-4289-B475-4E737182A406,3,616,8,8,16,21,10,7
sensitivity_1,margin,"m=0.3, theta=0.31",val,11B5EC4D-4133-4289-B475-4E737182A406,4,799,11,11,22,30,12,10
sensitivity_1,margin,"m=0.3, theta=0.31",val,11B5EC4D-4133-4289-B475-4E737182A406,5,324,0,0,0,0,0,0
sensitivity_1,margin,"m=0.3, theta=0.31",val,1538C99F-BA1E-4EFB-A949-6C7C47701B20,25,291,3,3,6,4,4,3
sensitivity_1,margin,"m=0.3, theta=0.31",val,1538C99F-BA1E-4EFB-A949-6C7C47701B20,26,82,0,0,0,0,0,0
sensitivity_1,margin,"m=0.3, theta=0.31",val,1538C99F-BA1E-4EFB-A949-6C7C47701B20,27,160,4,4,8,6,4,4
sensitivity_1,margin,"m=0.3, theta=0.31",val,1538C99F-BA1E-4EFB-A949-6C7C47701B20,28,748,5,5,10,9,5,5
sensitivity_1,margin,"m=0.3, theta=0.31",val,83CF687B-7CEC-434B-9FE8-00C3D5799BE6,7,1879,10,10,20,54,9,7
sensitivity_1,margin,"m=0.3, theta=0.31",val,B09E373F-8A54-44C8-895B-0039390B859F,9,1598,22,22,44,56,25,19
sensitivity_1,margin,"m=0.3, theta=0.31",val,C48CE857-A0DD-4DDB-BEA5-3A25449B2153,25,150,0,0,0,0,0,0
sensitivity_1,margin,"m=0.3, theta=0.31",val,C48CE857-A0DD-4DDB-BEA5-3A25449B2153,26,40,1,1,2,2,1,1
sensitivity_1,margin,"m=0.3, theta=0.31",val,C48CE857-A0DD-4DDB-BEA5-3A25449B2153,28,151,1,1,2,4,1,1
sensitivity_1,margin,"m=0.3, theta=0.31",val,C48CE857-A0DD-4DDB-BEA5-3A25449B2153,30,239,0,0,0,0,0,0
sensitivity_1,margin,"m=0.3, theta=0.31",val,C48CE857-A0DD-4DDB-BEA5-3A25449B2153,31,282,2,2,4,21,2,1
sensitivity_1,margin,"m=0.3, theta=0.31",val,C48CE857-A0DD-4DDB-BEA5-3A25449B2153,32,115,0,0,0,0,0,0
sensitivity_1,margin,"m=0.3, theta=0.31",val,D7D20E2E-FC78-405D-B346-DBD3FD8FC92B,7,175,0,0,0,0,0,0
sensitivity_1,margin,"m=0.3, theta=0.31",val,D7D20E2E-FC78-405D-B346-DBD3FD8FC92B,8,528,0,0,0,0,0,0
sensitivity_1,margin,"m=0.3, theta=0.31",val,D7D20E2E-FC78-405D-B346-DBD3FD8FC92B,9,42,1,1,2,2,1,1
sensitivity_1,margin,"m=0.3, theta=0.31",val,D7D20E2E-FC78-405D-B346-DBD3FD8FC92B,10,153,3,3,6,61,3,1
sensitivity_1,margin,"m=0.3, theta=0.31",val,D7D20E2E-FC78-405D-B346-DBD3FD8FC92B,11,292,1,1,2,3,1,1
sensitivity_1,margin,"m=0.3, theta=0.31",val,D7D20E2E-FC78-405D-B346-DBD3FD8FC92B,12,23,0,0,0,0,0,0
sensitivity_1,margin,"m=0.3, theta=0.31",val,E65577C1-8D5D-4F70-AF23-B3ADB9D3DBA3,3,659,13,13,26,34,21,12
sensitivity_1,margin,"m=0.3, theta=0.31",val,FDAA70A1-42A3-4E3F-9AE3-3FDA412E03BF,18,966,5,5,10,30,4,3
sensitivity_1,hysteresis,"m=0.3, T=2, theta=0.8176",val,11B5EC4D-4133-4289-B475-4E737182A406,3,616,9,9,18,128,7,3
sensitivity_1,hysteresis,"m=0.3, T=2, theta=0.8176",val,11B5EC4D-4133-4289-B475-4E737182A406,4,799,11,10,21,202,4,3
sensitivity_1,hysteresis,"m=0.3, T=2, theta=0.8176",val,11B5EC4D-4133-4289-B475-4E737182A406,5,324,1,1,2,4,1,1
sensitivity_1,hysteresis,"m=0.3, T=2, theta=0.8176",val,1538C99F-BA1E-4EFB-A949-6C7C47701B20,25,291,2,2,4,15,1,1
sensitivity_1,hysteresis,"m=0.3, T=2, theta=0.8176",val,1538C99F-BA1E-4EFB-A949-6C7C47701B20,26,82,1,1,2,3,1,1
sensitivity_1,hysteresis,"m=0.3, T=2, theta=0.8176",val,1538C99F-BA1E-4EFB-A949-6C7C47701B20,27,160,4,4,8,49,1,1
sensitivity_1,hysteresis,"m=0.3, T=2, theta=0.8176",val,1538C99F-BA1E-4EFB-A949-6C7C47701B20,28,748,6,6,12,94,3,3
sensitivity_1,hysteresis,"m=0.3, T=2, theta=0.8176",val,83CF687B-7CEC-434B-9FE8-00C3D5799BE6,7,1879,16,15,31,322,3,3
sensitivity_1,hysteresis,"m=0.3, T=2, theta=0.8176",val,B09E373F-8A54-44C8-895B-0039390B859F,9,1598,14,13,27,925,3,1
sensitivity_1,hysteresis,"m=0.3, T=2, theta=0.8176",val,C48CE857-A0DD-4DDB-BEA5-3A25449B2153,25,150,0,0,0,0,0,0
sensitivity_1,hysteresis,"m=0.3, T=2, theta=0.8176",val,C48CE857-A0DD-4DDB-BEA5-3A25449B2153,26,40,1,0,1,15,0,0
sensitivity_1,hysteresis,"m=0.3, T=2, theta=0.8176",val,C48CE857-A0DD-4DDB-BEA5-3A25449B2153,28,151,4,4,8,48,1,1
sensitivity_1,hysteresis,"m=0.3, T=2, theta=0.8176",val,C48CE857-A0DD-4DDB-BEA5-3A25449B2153,30,239,1,0,1,10,0,0
sensitivity_1,hysteresis,"m=0.3, T=2, theta=0.8176",val,C48CE857-A0DD-4DDB-BEA5-3A25449B2153,31,282,3,3,6,105,0,0
sensitivity_1,hysteresis,"m=0.3, T=2, theta=0.8176",val,C48CE857-A0DD-4DDB-BEA5-3A25449B2153,32,115,1,0,1,70,0,0
sensitivity_1,hysteresis,"m=0.3, T=2, theta=0.8176",val,D7D20E2E-FC78-405D-B346-DBD3FD8FC92B,7,175,3,3,6,59,1,1
sensitivity_1,hysteresis,"m=0.3, T=2, theta=0.8176",val,D7D20E2E-FC78-405D-B346-DBD3FD8FC92B,8,528,0,0,0,0,0,0
sensitivity_1,hysteresis,"m=0.3, T=2, theta=0.8176",val,D7D20E2E-FC78-405D-B346-DBD3FD8FC92B,9,42,1,0,1,32,0,0
sensitivity_1,hysteresis,"m=0.3, T=2, theta=0.8176",val,D7D20E2E-FC78-405D-B346-DBD3FD8FC92B,10,153,1,1,2,93,0,0
sensitivity_1,hysteresis,"m=0.3, T=2, theta=0.8176",val,D7D20E2E-FC78-405D-B346-DBD3FD8FC92B,11,292,1,1,2,87,0,0
sensitivity_1,hysteresis,"m=0.3, T=2, theta=0.8176",val,D7D20E2E-FC78-405D-B346-DBD3FD8FC92B,12,23,0,0,0,0,0,0
sensitivity_1,hysteresis,"m=0.3, T=2, theta=0.8176",val,E65577C1-8D5D-4F70-AF23-B3ADB9D3DBA3,3,659,12,11,23,189,7,5
sensitivity_1,hysteresis,"m=0.3, T=2, theta=0.8176",val,FDAA70A1-42A3-4E3F-9AE3-3FDA412E03BF,18,966,6,6,12,388,2,2
sensitivity_1,trust,"r=0.5, tau=0.5, theta=0.7858",val,11B5EC4D-4133-4289-B475-4E737182A406,3,616,5,5,10,125,2,1
sensitivity_1,trust,"r=0.5, tau=0.5, theta=0.7858",val,11B5EC4D-4133-4289-B475-4E737182A406,4,799,10,9,19,211,5,1
sensitivity_1,trust,"r=0.5, tau=0.5, theta=0.7858",val,11B5EC4D-4133-4289-B475-4E737182A406,5,324,1,1,2,1,1,1
sensitivity_1,trust,"r=0.5, tau=0.5, theta=0.7858",val,1538C99F-BA1E-4EFB-A949-6C7C47701B20,25,291,1,1,2,14,0,0
sensitivity_1,trust,"r=0.5, tau=0.5, theta=0.7858",val,1538C99F-BA1E-4EFB-A949-6C7C47701B20,26,82,0,0,0,0,0,0
sensitivity_1,trust,"r=0.5, tau=0.5, theta=0.7858",val,1538C99F-BA1E-4EFB-A949-6C7C47701B20,27,160,5,5,10,41,4,2
sensitivity_1,trust,"r=0.5, tau=0.5, theta=0.7858",val,1538C99F-BA1E-4EFB-A949-6C7C47701B20,28,748,5,5,10,79,3,2
sensitivity_1,trust,"r=0.5, tau=0.5, theta=0.7858",val,83CF687B-7CEC-434B-9FE8-00C3D5799BE6,7,1879,8,8,16,181,2,1
sensitivity_1,trust,"r=0.5, tau=0.5, theta=0.7858",val,B09E373F-8A54-44C8-895B-0039390B859F,9,1598,11,11,22,844,4,1
sensitivity_1,trust,"r=0.5, tau=0.5, theta=0.7858",val,C48CE857-A0DD-4DDB-BEA5-3A25449B2153,25,150,0,0,0,0,0,0
sensitivity_1,trust,"r=0.5, tau=0.5, theta=0.7858",val,C48CE857-A0DD-4DDB-BEA5-3A25449B2153,26,40,2,1,3,13,2,1
sensitivity_1,trust,"r=0.5, tau=0.5, theta=0.7858",val,C48CE857-A0DD-4DDB-BEA5-3A25449B2153,28,151,3,3,6,43,0,0
sensitivity_1,trust,"r=0.5, tau=0.5, theta=0.7858",val,C48CE857-A0DD-4DDB-BEA5-3A25449B2153,30,239,1,0,1,8,0,0
sensitivity_1,trust,"r=0.5, tau=0.5, theta=0.7858",val,C48CE857-A0DD-4DDB-BEA5-3A25449B2153,31,282,3,3,6,104,0,0
sensitivity_1,trust,"r=0.5, tau=0.5, theta=0.7858",val,C48CE857-A0DD-4DDB-BEA5-3A25449B2153,32,115,1,0,1,67,0,0
sensitivity_1,trust,"r=0.5, tau=0.5, theta=0.7858",val,D7D20E2E-FC78-405D-B346-DBD3FD8FC92B,7,175,2,2,4,51,1,1
sensitivity_1,trust,"r=0.5, tau=0.5, theta=0.7858",val,D7D20E2E-FC78-405D-B346-DBD3FD8FC92B,8,528,0,0,0,0,0,0
sensitivity_1,trust,"r=0.5, tau=0.5, theta=0.7858",val,D7D20E2E-FC78-405D-B346-DBD3FD8FC92B,9,42,2,1,3,13,1,1
sensitivity_1,trust,"r=0.5, tau=0.5, theta=0.7858",val,D7D20E2E-FC78-405D-B346-DBD3FD8FC92B,10,153,1,1,2,80,0,0
sensitivity_1,trust,"r=0.5, tau=0.5, theta=0.7858",val,D7D20E2E-FC78-405D-B346-DBD3FD8FC92B,11,292,4,4,8,40,5,3
sensitivity_1,trust,"r=0.5, tau=0.5, theta=0.7858",val,D7D20E2E-FC78-405D-B346-DBD3FD8FC92B,12,23,0,0,0,0,0,0
sensitivity_1,trust,"r=0.5, tau=0.5, theta=0.7858",val,E65577C1-8D5D-4F70-AF23-B3ADB9D3DBA3,3,659,5,5,10,174,2,1
sensitivity_1,trust,"r=0.5, tau=0.5, theta=0.7858",val,FDAA70A1-42A3-4E3F-9AE3-3FDA412E03BF,18,966,7,7,14,189,2,1
sensitivity_1,sprt,"alpha=0.05, beta=0.3628",val,11B5EC4D-4133-4289-B475-4E737182A406,3,616,12,12,24,43,16,10
sensitivity_1,sprt,"alpha=0.05, beta=0.3628",val,11B5EC4D-4133-4289-B475-4E737182A406,4,799,8,8,16,76,3,3
sensitivity_1,sprt,"alpha=0.05, beta=0.3628",val,11B5EC4D-4133-4289-B475-4E737182A406,5,324,0,0,0,0,0,0
sensitivity_1,sprt,"alpha=0.05, beta=0.3628",val,1538C99F-BA1E-4EFB-A949-6C7C47701B20,25,291,3,3,6,10,2,2
sensitivity_1,sprt,"alpha=0.05, beta=0.3628",val,1538C99F-BA1E-4EFB-A949-6C7C47701B20,26,82,0,0,0,0,0,0
sensitivity_1,sprt,"alpha=0.05, beta=0.3628",val,1538C99F-BA1E-4EFB-A949-6C7C47701B20,27,160,6,6,12,16,7,6
sensitivity_1,sprt,"alpha=0.05, beta=0.3628",val,1538C99F-BA1E-4EFB-A949-6C7C47701B20,28,748,8,8,16,33,6,6
sensitivity_1,sprt,"alpha=0.05, beta=0.3628",val,83CF687B-7CEC-434B-9FE8-00C3D5799BE6,7,1879,9,9,18,75,7,6
sensitivity_1,sprt,"alpha=0.05, beta=0.3628",val,B09E373F-8A54-44C8-895B-0039390B859F,9,1598,22,22,44,176,17,13
sensitivity_1,sprt,"alpha=0.05, beta=0.3628",val,C48CE857-A0DD-4DDB-BEA5-3A25449B2153,25,150,0,0,0,0,0,0
sensitivity_1,sprt,"alpha=0.05, beta=0.3628",val,C48CE857-A0DD-4DDB-BEA5-3A25449B2153,26,40,1,1,2,3,1,1
sensitivity_1,sprt,"alpha=0.05, beta=0.3628",val,C48CE857-A0DD-4DDB-BEA5-3A25449B2153,28,151,2,2,4,11,1,1
sensitivity_1,sprt,"alpha=0.05, beta=0.3628",val,C48CE857-A0DD-4DDB-BEA5-3A25449B2153,30,239,0,0,0,0,0,0
sensitivity_1,sprt,"alpha=0.05, beta=0.3628",val,C48CE857-A0DD-4DDB-BEA5-3A25449B2153,31,282,1,1,2,20,0,0
sensitivity_1,sprt,"alpha=0.05, beta=0.3628",val,C48CE857-A0DD-4DDB-BEA5-3A25449B2153,32,115,1,1,2,2,1,1
sensitivity_1,sprt,"alpha=0.05, beta=0.3628",val,D7D20E2E-FC78-405D-B346-DBD3FD8FC92B,7,175,2,2,4,12,1,1
sensitivity_1,sprt,"alpha=0.05, beta=0.3628",val,D7D20E2E-FC78-405D-B346-DBD3FD8FC92B,8,528,0,0,0,0,0,0
sensitivity_1,sprt,"alpha=0.05, beta=0.3628",val,D7D20E2E-FC78-405D-B346-DBD3FD8FC92B,9,42,2,1,3,12,1,1
sensitivity_1,sprt,"alpha=0.05, beta=0.3628",val,D7D20E2E-FC78-405D-B346-DBD3FD8FC92B,10,153,2,2,4,69,2,1
sensitivity_1,sprt,"alpha=0.05, beta=0.3628",val,D7D20E2E-FC78-405D-B346-DBD3FD8FC92B,11,292,2,2,4,8,2,2
sensitivity_1,sprt,"alpha=0.05, beta=0.3628",val,D7D20E2E-FC78-405D-B346-DBD3FD8FC92B,12,23,0,0,0,0,0,0
sensitivity_1,sprt,"alpha=0.05, beta=0.3628",val,E65577C1-8D5D-4F70-AF23-B3ADB9D3DBA3,3,659,10,9,19,68,6,3
sensitivity_1,sprt,"alpha=0.05, beta=0.3628",val,FDAA70A1-42A3-4E3F-9AE3-3FDA412E03BF,18,966,6,6,12,47,4,4
sensitivity_1,hmm,"rho=0.0001, theta=0.999",val,11B5EC4D-4133-4289-B475-4E737182A406,3,616,8,8,16,33,8,5
sensitivity_1,hmm,"rho=0.0001, theta=0.999",val,11B5EC4D-4133-4289-B475-4E737182A406,4,799,10,10,20,77,5,5
sensitivity_1,hmm,"rho=0.0001, theta=0.999",val,11B5EC4D-4133-4289-B475-4E737182A406,5,324,0,0,0,0,0,0
sensitivity_1,hmm,"rho=0.0001, theta=0.999",val,1538C99F-BA1E-4EFB-A949-6C7C47701B20,25,291,2,2,4,9,1,1
sensitivity_1,hmm,"rho=0.0001, theta=0.999",val,1538C99F-BA1E-4EFB-A949-6C7C47701B20,26,82,0,0,0,0,0,0
sensitivity_1,hmm,"rho=0.0001, theta=0.999",val,1538C99F-BA1E-4EFB-A949-6C7C47701B20,27,160,3,3,6,9,3,3
sensitivity_1,hmm,"rho=0.0001, theta=0.999",val,1538C99F-BA1E-4EFB-A949-6C7C47701B20,28,748,7,7,14,31,7,6
sensitivity_1,hmm,"rho=0.0001, theta=0.999",val,83CF687B-7CEC-434B-9FE8-00C3D5799BE6,7,1879,6,6,12,93,3,2
sensitivity_1,hmm,"rho=0.0001, theta=0.999",val,B09E373F-8A54-44C8-895B-0039390B859F,9,1598,24,24,48,189,23,14
sensitivity_1,hmm,"rho=0.0001, theta=0.999",val,C48CE857-A0DD-4DDB-BEA5-3A25449B2153,25,150,0,0,0,0,0,0
sensitivity_1,hmm,"rho=0.0001, theta=0.999",val,C48CE857-A0DD-4DDB-BEA5-3A25449B2153,26,40,0,0,0,0,0,0
sensitivity_1,hmm,"rho=0.0001, theta=0.999",val,C48CE857-A0DD-4DDB-BEA5-3A25449B2153,28,151,2,2,4,14,1,1
sensitivity_1,hmm,"rho=0.0001, theta=0.999",val,C48CE857-A0DD-4DDB-BEA5-3A25449B2153,30,239,1,1,2,1,1,1
sensitivity_1,hmm,"rho=0.0001, theta=0.999",val,C48CE857-A0DD-4DDB-BEA5-3A25449B2153,31,282,4,4,8,41,3,3
sensitivity_1,hmm,"rho=0.0001, theta=0.999",val,C48CE857-A0DD-4DDB-BEA5-3A25449B2153,32,115,2,2,4,19,1,0
sensitivity_1,hmm,"rho=0.0001, theta=0.999",val,D7D20E2E-FC78-405D-B346-DBD3FD8FC92B,7,175,3,3,6,11,3,2
sensitivity_1,hmm,"rho=0.0001, theta=0.999",val,D7D20E2E-FC78-405D-B346-DBD3FD8FC92B,8,528,0,0,0,0,0,0
sensitivity_1,hmm,"rho=0.0001, theta=0.999",val,D7D20E2E-FC78-405D-B346-DBD3FD8FC92B,9,42,3,2,5,8,3,2
sensitivity_1,hmm,"rho=0.0001, theta=0.999",val,D7D20E2E-FC78-405D-B346-DBD3FD8FC92B,10,153,2,2,4,69,2,1
sensitivity_1,hmm,"rho=0.0001, theta=0.999",val,D7D20E2E-FC78-405D-B346-DBD3FD8FC92B,11,292,2,2,4,5,3,2
sensitivity_1,hmm,"rho=0.0001, theta=0.999",val,D7D20E2E-FC78-405D-B346-DBD3FD8FC92B,12,23,0,0,0,0,0,0
sensitivity_1,hmm,"rho=0.0001, theta=0.999",val,E65577C1-8D5D-4F70-AF23-B3ADB9D3DBA3,3,659,7,7,14,76,6,3
sensitivity_1,hmm,"rho=0.0001, theta=0.999",val,FDAA70A1-42A3-4E3F-9AE3-3FDA412E03BF,18,966,6,6,12,52,4,4
sensitivity_2,threshold,theta=0.0266,val,11B5EC4D-4133-4289-B475-4E737182A406,3,616,0,0,0,0,0,0
sensitivity_2,threshold,theta=0.0266,val,11B5EC4D-4133-4289-B475-4E737182A406,4,799,1,1,2,1,1,1
sensitivity_2,threshold,theta=0.0266,val,11B5EC4D-4133-4289-B475-4E737182A406,5,324,0,0,0,0,0,0
sensitivity_2,threshold,theta=0.0266,val,1538C99F-BA1E-4EFB-A949-6C7C47701B20,25,291,1,1,2,1,1,1
sensitivity_2,threshold,theta=0.0266,val,1538C99F-BA1E-4EFB-A949-6C7C47701B20,26,82,0,0,0,0,0,0
sensitivity_2,threshold,theta=0.0266,val,1538C99F-BA1E-4EFB-A949-6C7C47701B20,27,160,0,0,0,0,0,0
sensitivity_2,threshold,theta=0.0266,val,1538C99F-BA1E-4EFB-A949-6C7C47701B20,28,748,1,1,2,1,1,1
sensitivity_2,threshold,theta=0.0266,val,83CF687B-7CEC-434B-9FE8-00C3D5799BE6,7,1879,1,1,2,1,1,1
sensitivity_2,threshold,theta=0.0266,val,B09E373F-8A54-44C8-895B-0039390B859F,9,1598,2,2,4,2,3,2
sensitivity_2,threshold,theta=0.0266,val,C48CE857-A0DD-4DDB-BEA5-3A25449B2153,25,150,0,0,0,0,0,0
sensitivity_2,threshold,theta=0.0266,val,C48CE857-A0DD-4DDB-BEA5-3A25449B2153,26,40,0,0,0,0,0,0
sensitivity_2,threshold,theta=0.0266,val,C48CE857-A0DD-4DDB-BEA5-3A25449B2153,28,151,0,0,0,0,0,0
sensitivity_2,threshold,theta=0.0266,val,C48CE857-A0DD-4DDB-BEA5-3A25449B2153,30,239,0,0,0,0,0,0
sensitivity_2,threshold,theta=0.0266,val,C48CE857-A0DD-4DDB-BEA5-3A25449B2153,31,282,0,0,0,0,0,0
sensitivity_2,threshold,theta=0.0266,val,C48CE857-A0DD-4DDB-BEA5-3A25449B2153,32,115,0,0,0,0,0,0
sensitivity_2,threshold,theta=0.0266,val,D7D20E2E-FC78-405D-B346-DBD3FD8FC92B,7,175,0,0,0,0,0,0
sensitivity_2,threshold,theta=0.0266,val,D7D20E2E-FC78-405D-B346-DBD3FD8FC92B,8,528,0,0,0,0,0,0
sensitivity_2,threshold,theta=0.0266,val,D7D20E2E-FC78-405D-B346-DBD3FD8FC92B,9,42,1,1,2,1,1,1
sensitivity_2,threshold,theta=0.0266,val,D7D20E2E-FC78-405D-B346-DBD3FD8FC92B,10,153,0,0,0,0,0,0
sensitivity_2,threshold,theta=0.0266,val,D7D20E2E-FC78-405D-B346-DBD3FD8FC92B,11,292,0,0,0,0,0,0
sensitivity_2,threshold,theta=0.0266,val,D7D20E2E-FC78-405D-B346-DBD3FD8FC92B,12,23,0,0,0,0,0,0
sensitivity_2,threshold,theta=0.0266,val,E65577C1-8D5D-4F70-AF23-B3ADB9D3DBA3,3,659,0,0,0,0,0,0
sensitivity_2,threshold,theta=0.0266,val,FDAA70A1-42A3-4E3F-9AE3-3FDA412E03BF,18,966,1,1,2,1,1,1
sensitivity_2,moving_average,"k=2, theta=0.05215",val,11B5EC4D-4133-4289-B475-4E737182A406,3,616,1,1,2,1,1,1
sensitivity_2,moving_average,"k=2, theta=0.05215",val,11B5EC4D-4133-4289-B475-4E737182A406,4,799,1,1,2,1,1,1
sensitivity_2,moving_average,"k=2, theta=0.05215",val,11B5EC4D-4133-4289-B475-4E737182A406,5,324,0,0,0,0,0,0
sensitivity_2,moving_average,"k=2, theta=0.05215",val,1538C99F-BA1E-4EFB-A949-6C7C47701B20,25,291,0,0,0,0,0,0
sensitivity_2,moving_average,"k=2, theta=0.05215",val,1538C99F-BA1E-4EFB-A949-6C7C47701B20,26,82,0,0,0,0,0,0
sensitivity_2,moving_average,"k=2, theta=0.05215",val,1538C99F-BA1E-4EFB-A949-6C7C47701B20,27,160,0,0,0,0,0,0
sensitivity_2,moving_average,"k=2, theta=0.05215",val,1538C99F-BA1E-4EFB-A949-6C7C47701B20,28,748,0,0,0,0,0,0
sensitivity_2,moving_average,"k=2, theta=0.05215",val,83CF687B-7CEC-434B-9FE8-00C3D5799BE6,7,1879,0,0,0,0,0,0
sensitivity_2,moving_average,"k=2, theta=0.05215",val,B09E373F-8A54-44C8-895B-0039390B859F,9,1598,1,1,2,1,1,1
sensitivity_2,moving_average,"k=2, theta=0.05215",val,C48CE857-A0DD-4DDB-BEA5-3A25449B2153,25,150,0,0,0,0,0,0
sensitivity_2,moving_average,"k=2, theta=0.05215",val,C48CE857-A0DD-4DDB-BEA5-3A25449B2153,26,40,0,0,0,0,0,0
sensitivity_2,moving_average,"k=2, theta=0.05215",val,C48CE857-A0DD-4DDB-BEA5-3A25449B2153,28,151,0,0,0,0,0,0
sensitivity_2,moving_average,"k=2, theta=0.05215",val,C48CE857-A0DD-4DDB-BEA5-3A25449B2153,30,239,0,0,0,0,0,0
sensitivity_2,moving_average,"k=2, theta=0.05215",val,C48CE857-A0DD-4DDB-BEA5-3A25449B2153,31,282,0,0,0,0,0,0
sensitivity_2,moving_average,"k=2, theta=0.05215",val,C48CE857-A0DD-4DDB-BEA5-3A25449B2153,32,115,0,0,0,0,0,0
sensitivity_2,moving_average,"k=2, theta=0.05215",val,D7D20E2E-FC78-405D-B346-DBD3FD8FC92B,7,175,0,0,0,0,0,0
sensitivity_2,moving_average,"k=2, theta=0.05215",val,D7D20E2E-FC78-405D-B346-DBD3FD8FC92B,8,528,0,0,0,0,0,0
sensitivity_2,moving_average,"k=2, theta=0.05215",val,D7D20E2E-FC78-405D-B346-DBD3FD8FC92B,9,42,1,1,2,1,1,1
sensitivity_2,moving_average,"k=2, theta=0.05215",val,D7D20E2E-FC78-405D-B346-DBD3FD8FC92B,10,153,0,0,0,0,0,0
sensitivity_2,moving_average,"k=2, theta=0.05215",val,D7D20E2E-FC78-405D-B346-DBD3FD8FC92B,11,292,0,0,0,0,0,0
sensitivity_2,moving_average,"k=2, theta=0.05215",val,D7D20E2E-FC78-405D-B346-DBD3FD8FC92B,12,23,0,0,0,0,0,0
sensitivity_2,moving_average,"k=2, theta=0.05215",val,E65577C1-8D5D-4F70-AF23-B3ADB9D3DBA3,3,659,1,1,2,2,1,1
sensitivity_2,moving_average,"k=2, theta=0.05215",val,FDAA70A1-42A3-4E3F-9AE3-3FDA412E03BF,18,966,3,3,6,4,4,3
sensitivity_2,ewma,"alpha=0.7, theta=0.06914",val,11B5EC4D-4133-4289-B475-4E737182A406,3,616,0,0,0,0,0,0
sensitivity_2,ewma,"alpha=0.7, theta=0.06914",val,11B5EC4D-4133-4289-B475-4E737182A406,4,799,1,1,2,1,1,1
sensitivity_2,ewma,"alpha=0.7, theta=0.06914",val,11B5EC4D-4133-4289-B475-4E737182A406,5,324,0,0,0,0,0,0
sensitivity_2,ewma,"alpha=0.7, theta=0.06914",val,1538C99F-BA1E-4EFB-A949-6C7C47701B20,25,291,0,0,0,0,0,0
sensitivity_2,ewma,"alpha=0.7, theta=0.06914",val,1538C99F-BA1E-4EFB-A949-6C7C47701B20,26,82,0,0,0,0,0,0
sensitivity_2,ewma,"alpha=0.7, theta=0.06914",val,1538C99F-BA1E-4EFB-A949-6C7C47701B20,27,160,0,0,0,0,0,0
sensitivity_2,ewma,"alpha=0.7, theta=0.06914",val,1538C99F-BA1E-4EFB-A949-6C7C47701B20,28,748,0,0,0,0,0,0
sensitivity_2,ewma,"alpha=0.7, theta=0.06914",val,83CF687B-7CEC-434B-9FE8-00C3D5799BE6,7,1879,1,1,2,1,1,1
sensitivity_2,ewma,"alpha=0.7, theta=0.06914",val,B09E373F-8A54-44C8-895B-0039390B859F,9,1598,2,2,4,3,3,2
sensitivity_2,ewma,"alpha=0.7, theta=0.06914",val,C48CE857-A0DD-4DDB-BEA5-3A25449B2153,25,150,0,0,0,0,0,0
sensitivity_2,ewma,"alpha=0.7, theta=0.06914",val,C48CE857-A0DD-4DDB-BEA5-3A25449B2153,26,40,0,0,0,0,0,0
sensitivity_2,ewma,"alpha=0.7, theta=0.06914",val,C48CE857-A0DD-4DDB-BEA5-3A25449B2153,28,151,0,0,0,0,0,0
sensitivity_2,ewma,"alpha=0.7, theta=0.06914",val,C48CE857-A0DD-4DDB-BEA5-3A25449B2153,30,239,0,0,0,0,0,0
sensitivity_2,ewma,"alpha=0.7, theta=0.06914",val,C48CE857-A0DD-4DDB-BEA5-3A25449B2153,31,282,0,0,0,0,0,0
sensitivity_2,ewma,"alpha=0.7, theta=0.06914",val,C48CE857-A0DD-4DDB-BEA5-3A25449B2153,32,115,0,0,0,0,0,0
sensitivity_2,ewma,"alpha=0.7, theta=0.06914",val,D7D20E2E-FC78-405D-B346-DBD3FD8FC92B,7,175,0,0,0,0,0,0
sensitivity_2,ewma,"alpha=0.7, theta=0.06914",val,D7D20E2E-FC78-405D-B346-DBD3FD8FC92B,8,528,0,0,0,0,0,0
sensitivity_2,ewma,"alpha=0.7, theta=0.06914",val,D7D20E2E-FC78-405D-B346-DBD3FD8FC92B,9,42,0,0,0,0,0,0
sensitivity_2,ewma,"alpha=0.7, theta=0.06914",val,D7D20E2E-FC78-405D-B346-DBD3FD8FC92B,10,153,0,0,0,0,0,0
sensitivity_2,ewma,"alpha=0.7, theta=0.06914",val,D7D20E2E-FC78-405D-B346-DBD3FD8FC92B,11,292,0,0,0,0,0,0
sensitivity_2,ewma,"alpha=0.7, theta=0.06914",val,D7D20E2E-FC78-405D-B346-DBD3FD8FC92B,12,23,0,0,0,0,0,0
sensitivity_2,ewma,"alpha=0.7, theta=0.06914",val,E65577C1-8D5D-4F70-AF23-B3ADB9D3DBA3,3,659,0,0,0,0,0,0
sensitivity_2,ewma,"alpha=0.7, theta=0.06914",val,FDAA70A1-42A3-4E3F-9AE3-3FDA412E03BF,18,966,4,4,8,8,6,4
sensitivity_2,majority_vote,"k=3, theta=0.06297",val,11B5EC4D-4133-4289-B475-4E737182A406,3,616,1,1,2,2,1,1
sensitivity_2,majority_vote,"k=3, theta=0.06297",val,11B5EC4D-4133-4289-B475-4E737182A406,4,799,0,0,0,0,0,0
sensitivity_2,majority_vote,"k=3, theta=0.06297",val,11B5EC4D-4133-4289-B475-4E737182A406,5,324,0,0,0,0,0,0
sensitivity_2,majority_vote,"k=3, theta=0.06297",val,1538C99F-BA1E-4EFB-A949-6C7C47701B20,25,291,0,0,0,0,0,0
sensitivity_2,majority_vote,"k=3, theta=0.06297",val,1538C99F-BA1E-4EFB-A949-6C7C47701B20,26,82,0,0,0,0,0,0
sensitivity_2,majority_vote,"k=3, theta=0.06297",val,1538C99F-BA1E-4EFB-A949-6C7C47701B20,27,160,0,0,0,0,0,0
sensitivity_2,majority_vote,"k=3, theta=0.06297",val,1538C99F-BA1E-4EFB-A949-6C7C47701B20,28,748,1,1,2,1,1,1
sensitivity_2,majority_vote,"k=3, theta=0.06297",val,83CF687B-7CEC-434B-9FE8-00C3D5799BE6,7,1879,0,0,0,0,0,0
sensitivity_2,majority_vote,"k=3, theta=0.06297",val,B09E373F-8A54-44C8-895B-0039390B859F,9,1598,1,1,2,3,1,1
sensitivity_2,majority_vote,"k=3, theta=0.06297",val,C48CE857-A0DD-4DDB-BEA5-3A25449B2153,25,150,0,0,0,0,0,0
sensitivity_2,majority_vote,"k=3, theta=0.06297",val,C48CE857-A0DD-4DDB-BEA5-3A25449B2153,26,40,0,0,0,0,0,0
sensitivity_2,majority_vote,"k=3, theta=0.06297",val,C48CE857-A0DD-4DDB-BEA5-3A25449B2153,28,151,0,0,0,0,0,0
sensitivity_2,majority_vote,"k=3, theta=0.06297",val,C48CE857-A0DD-4DDB-BEA5-3A25449B2153,30,239,0,0,0,0,0,0
sensitivity_2,majority_vote,"k=3, theta=0.06297",val,C48CE857-A0DD-4DDB-BEA5-3A25449B2153,31,282,0,0,0,0,0,0
sensitivity_2,majority_vote,"k=3, theta=0.06297",val,C48CE857-A0DD-4DDB-BEA5-3A25449B2153,32,115,0,0,0,0,0,0
sensitivity_2,majority_vote,"k=3, theta=0.06297",val,D7D20E2E-FC78-405D-B346-DBD3FD8FC92B,7,175,0,0,0,0,0,0
sensitivity_2,majority_vote,"k=3, theta=0.06297",val,D7D20E2E-FC78-405D-B346-DBD3FD8FC92B,8,528,0,0,0,0,0,0
sensitivity_2,majority_vote,"k=3, theta=0.06297",val,D7D20E2E-FC78-405D-B346-DBD3FD8FC92B,9,42,1,1,2,2,1,1
sensitivity_2,majority_vote,"k=3, theta=0.06297",val,D7D20E2E-FC78-405D-B346-DBD3FD8FC92B,10,153,0,0,0,0,0,0
sensitivity_2,majority_vote,"k=3, theta=0.06297",val,D7D20E2E-FC78-405D-B346-DBD3FD8FC92B,11,292,0,0,0,0,0,0
sensitivity_2,majority_vote,"k=3, theta=0.06297",val,D7D20E2E-FC78-405D-B346-DBD3FD8FC92B,12,23,0,0,0,0,0,0
sensitivity_2,majority_vote,"k=3, theta=0.06297",val,E65577C1-8D5D-4F70-AF23-B3ADB9D3DBA3,3,659,2,2,4,5,2,2
sensitivity_2,majority_vote,"k=3, theta=0.06297",val,FDAA70A1-42A3-4E3F-9AE3-3FDA412E03BF,18,966,2,2,4,6,2,2
sensitivity_2,debounce,"T=2, theta=0.06914",val,11B5EC4D-4133-4289-B475-4E737182A406,3,616,1,1,2,2,1,1
sensitivity_2,debounce,"T=2, theta=0.06914",val,11B5EC4D-4133-4289-B475-4E737182A406,4,799,0,0,0,0,0,0
sensitivity_2,debounce,"T=2, theta=0.06914",val,11B5EC4D-4133-4289-B475-4E737182A406,5,324,0,0,0,0,0,0
sensitivity_2,debounce,"T=2, theta=0.06914",val,1538C99F-BA1E-4EFB-A949-6C7C47701B20,25,291,0,0,0,0,0,0
sensitivity_2,debounce,"T=2, theta=0.06914",val,1538C99F-BA1E-4EFB-A949-6C7C47701B20,26,82,0,0,0,0,0,0
sensitivity_2,debounce,"T=2, theta=0.06914",val,1538C99F-BA1E-4EFB-A949-6C7C47701B20,27,160,0,0,0,0,0,0
sensitivity_2,debounce,"T=2, theta=0.06914",val,1538C99F-BA1E-4EFB-A949-6C7C47701B20,28,748,0,0,0,0,0,0
sensitivity_2,debounce,"T=2, theta=0.06914",val,83CF687B-7CEC-434B-9FE8-00C3D5799BE6,7,1879,0,0,0,0,0,0
sensitivity_2,debounce,"T=2, theta=0.06914",val,B09E373F-8A54-44C8-895B-0039390B859F,9,1598,1,1,2,5,1,1
sensitivity_2,debounce,"T=2, theta=0.06914",val,C48CE857-A0DD-4DDB-BEA5-3A25449B2153,25,150,0,0,0,0,0,0
sensitivity_2,debounce,"T=2, theta=0.06914",val,C48CE857-A0DD-4DDB-BEA5-3A25449B2153,26,40,0,0,0,0,0,0
sensitivity_2,debounce,"T=2, theta=0.06914",val,C48CE857-A0DD-4DDB-BEA5-3A25449B2153,28,151,0,0,0,0,0,0
sensitivity_2,debounce,"T=2, theta=0.06914",val,C48CE857-A0DD-4DDB-BEA5-3A25449B2153,30,239,0,0,0,0,0,0
sensitivity_2,debounce,"T=2, theta=0.06914",val,C48CE857-A0DD-4DDB-BEA5-3A25449B2153,31,282,0,0,0,0,0,0
sensitivity_2,debounce,"T=2, theta=0.06914",val,C48CE857-A0DD-4DDB-BEA5-3A25449B2153,32,115,0,0,0,0,0,0
sensitivity_2,debounce,"T=2, theta=0.06914",val,D7D20E2E-FC78-405D-B346-DBD3FD8FC92B,7,175,0,0,0,0,0,0
sensitivity_2,debounce,"T=2, theta=0.06914",val,D7D20E2E-FC78-405D-B346-DBD3FD8FC92B,8,528,0,0,0,0,0,0
sensitivity_2,debounce,"T=2, theta=0.06914",val,D7D20E2E-FC78-405D-B346-DBD3FD8FC92B,9,42,1,1,2,2,1,1
sensitivity_2,debounce,"T=2, theta=0.06914",val,D7D20E2E-FC78-405D-B346-DBD3FD8FC92B,10,153,0,0,0,0,0,0
sensitivity_2,debounce,"T=2, theta=0.06914",val,D7D20E2E-FC78-405D-B346-DBD3FD8FC92B,11,292,0,0,0,0,0,0
sensitivity_2,debounce,"T=2, theta=0.06914",val,D7D20E2E-FC78-405D-B346-DBD3FD8FC92B,12,23,0,0,0,0,0,0
sensitivity_2,debounce,"T=2, theta=0.06914",val,E65577C1-8D5D-4F70-AF23-B3ADB9D3DBA3,3,659,2,2,4,5,2,2
sensitivity_2,debounce,"T=2, theta=0.06914",val,FDAA70A1-42A3-4E3F-9AE3-3FDA412E03BF,18,966,2,2,4,6,2,2
sensitivity_2,margin,"m=0.2, theta=0.1301",val,11B5EC4D-4133-4289-B475-4E737182A406,3,616,0,0,0,0,0,0
sensitivity_2,margin,"m=0.2, theta=0.1301",val,11B5EC4D-4133-4289-B475-4E737182A406,4,799,1,1,2,1,1,1
sensitivity_2,margin,"m=0.2, theta=0.1301",val,11B5EC4D-4133-4289-B475-4E737182A406,5,324,0,0,0,0,0,0
sensitivity_2,margin,"m=0.2, theta=0.1301",val,1538C99F-BA1E-4EFB-A949-6C7C47701B20,25,291,1,1,2,1,1,1
sensitivity_2,margin,"m=0.2, theta=0.1301",val,1538C99F-BA1E-4EFB-A949-6C7C47701B20,26,82,0,0,0,0,0,0
sensitivity_2,margin,"m=0.2, theta=0.1301",val,1538C99F-BA1E-4EFB-A949-6C7C47701B20,27,160,0,0,0,0,0,0
sensitivity_2,margin,"m=0.2, theta=0.1301",val,1538C99F-BA1E-4EFB-A949-6C7C47701B20,28,748,1,1,2,1,1,1
sensitivity_2,margin,"m=0.2, theta=0.1301",val,83CF687B-7CEC-434B-9FE8-00C3D5799BE6,7,1879,1,1,2,1,1,1
sensitivity_2,margin,"m=0.2, theta=0.1301",val,B09E373F-8A54-44C8-895B-0039390B859F,9,1598,2,2,4,7,2,2
sensitivity_2,margin,"m=0.2, theta=0.1301",val,C48CE857-A0DD-4DDB-BEA5-3A25449B2153,25,150,0,0,0,0,0,0
sensitivity_2,margin,"m=0.2, theta=0.1301",val,C48CE857-A0DD-4DDB-BEA5-3A25449B2153,26,40,0,0,0,0,0,0
sensitivity_2,margin,"m=0.2, theta=0.1301",val,C48CE857-A0DD-4DDB-BEA5-3A25449B2153,28,151,0,0,0,0,0,0
sensitivity_2,margin,"m=0.2, theta=0.1301",val,C48CE857-A0DD-4DDB-BEA5-3A25449B2153,30,239,0,0,0,0,0,0
sensitivity_2,margin,"m=0.2, theta=0.1301",val,C48CE857-A0DD-4DDB-BEA5-3A25449B2153,31,282,0,0,0,0,0,0
sensitivity_2,margin,"m=0.2, theta=0.1301",val,C48CE857-A0DD-4DDB-BEA5-3A25449B2153,32,115,0,0,0,0,0,0
sensitivity_2,margin,"m=0.2, theta=0.1301",val,D7D20E2E-FC78-405D-B346-DBD3FD8FC92B,7,175,0,0,0,0,0,0
sensitivity_2,margin,"m=0.2, theta=0.1301",val,D7D20E2E-FC78-405D-B346-DBD3FD8FC92B,8,528,0,0,0,0,0,0
sensitivity_2,margin,"m=0.2, theta=0.1301",val,D7D20E2E-FC78-405D-B346-DBD3FD8FC92B,9,42,1,1,2,1,1,1
sensitivity_2,margin,"m=0.2, theta=0.1301",val,D7D20E2E-FC78-405D-B346-DBD3FD8FC92B,10,153,0,0,0,0,0,0
sensitivity_2,margin,"m=0.2, theta=0.1301",val,D7D20E2E-FC78-405D-B346-DBD3FD8FC92B,11,292,0,0,0,0,0,0
sensitivity_2,margin,"m=0.2, theta=0.1301",val,D7D20E2E-FC78-405D-B346-DBD3FD8FC92B,12,23,0,0,0,0,0,0
sensitivity_2,margin,"m=0.2, theta=0.1301",val,E65577C1-8D5D-4F70-AF23-B3ADB9D3DBA3,3,659,0,0,0,0,0,0
sensitivity_2,margin,"m=0.2, theta=0.1301",val,FDAA70A1-42A3-4E3F-9AE3-3FDA412E03BF,18,966,1,1,2,11,0,0
sensitivity_2,hysteresis,"m=0.3, T=2, theta=0.2142",val,11B5EC4D-4133-4289-B475-4E737182A406,3,616,1,1,2,2,1,1
sensitivity_2,hysteresis,"m=0.3, T=2, theta=0.2142",val,11B5EC4D-4133-4289-B475-4E737182A406,4,799,0,0,0,0,0,0
sensitivity_2,hysteresis,"m=0.3, T=2, theta=0.2142",val,11B5EC4D-4133-4289-B475-4E737182A406,5,324,0,0,0,0,0,0
sensitivity_2,hysteresis,"m=0.3, T=2, theta=0.2142",val,1538C99F-BA1E-4EFB-A949-6C7C47701B20,25,291,0,0,0,0,0,0
sensitivity_2,hysteresis,"m=0.3, T=2, theta=0.2142",val,1538C99F-BA1E-4EFB-A949-6C7C47701B20,26,82,0,0,0,0,0,0
sensitivity_2,hysteresis,"m=0.3, T=2, theta=0.2142",val,1538C99F-BA1E-4EFB-A949-6C7C47701B20,27,160,0,0,0,0,0,0
sensitivity_2,hysteresis,"m=0.3, T=2, theta=0.2142",val,1538C99F-BA1E-4EFB-A949-6C7C47701B20,28,748,0,0,0,0,0,0
sensitivity_2,hysteresis,"m=0.3, T=2, theta=0.2142",val,83CF687B-7CEC-434B-9FE8-00C3D5799BE6,7,1879,0,0,0,0,0,0
sensitivity_2,hysteresis,"m=0.3, T=2, theta=0.2142",val,B09E373F-8A54-44C8-895B-0039390B859F,9,1598,1,1,2,4,1,1
sensitivity_2,hysteresis,"m=0.3, T=2, theta=0.2142",val,C48CE857-A0DD-4DDB-BEA5-3A25449B2153,25,150,0,0,0,0,0,0
sensitivity_2,hysteresis,"m=0.3, T=2, theta=0.2142",val,C48CE857-A0DD-4DDB-BEA5-3A25449B2153,26,40,0,0,0,0,0,0
sensitivity_2,hysteresis,"m=0.3, T=2, theta=0.2142",val,C48CE857-A0DD-4DDB-BEA5-3A25449B2153,28,151,0,0,0,0,0,0
sensitivity_2,hysteresis,"m=0.3, T=2, theta=0.2142",val,C48CE857-A0DD-4DDB-BEA5-3A25449B2153,30,239,0,0,0,0,0,0
sensitivity_2,hysteresis,"m=0.3, T=2, theta=0.2142",val,C48CE857-A0DD-4DDB-BEA5-3A25449B2153,31,282,0,0,0,0,0,0
sensitivity_2,hysteresis,"m=0.3, T=2, theta=0.2142",val,C48CE857-A0DD-4DDB-BEA5-3A25449B2153,32,115,0,0,0,0,0,0
sensitivity_2,hysteresis,"m=0.3, T=2, theta=0.2142",val,D7D20E2E-FC78-405D-B346-DBD3FD8FC92B,7,175,0,0,0,0,0,0
sensitivity_2,hysteresis,"m=0.3, T=2, theta=0.2142",val,D7D20E2E-FC78-405D-B346-DBD3FD8FC92B,8,528,0,0,0,0,0,0
sensitivity_2,hysteresis,"m=0.3, T=2, theta=0.2142",val,D7D20E2E-FC78-405D-B346-DBD3FD8FC92B,9,42,1,1,2,2,1,1
sensitivity_2,hysteresis,"m=0.3, T=2, theta=0.2142",val,D7D20E2E-FC78-405D-B346-DBD3FD8FC92B,10,153,0,0,0,0,0,0
sensitivity_2,hysteresis,"m=0.3, T=2, theta=0.2142",val,D7D20E2E-FC78-405D-B346-DBD3FD8FC92B,11,292,0,0,0,0,0,0
sensitivity_2,hysteresis,"m=0.3, T=2, theta=0.2142",val,D7D20E2E-FC78-405D-B346-DBD3FD8FC92B,12,23,0,0,0,0,0,0
sensitivity_2,hysteresis,"m=0.3, T=2, theta=0.2142",val,E65577C1-8D5D-4F70-AF23-B3ADB9D3DBA3,3,659,2,2,4,7,2,2
sensitivity_2,hysteresis,"m=0.3, T=2, theta=0.2142",val,FDAA70A1-42A3-4E3F-9AE3-3FDA412E03BF,18,966,2,2,4,25,1,1
sensitivity_2,trust,"r=0.5, tau=0.2, theta=0.31",val,11B5EC4D-4133-4289-B475-4E737182A406,3,616,0,0,0,0,0,0
sensitivity_2,trust,"r=0.5, tau=0.2, theta=0.31",val,11B5EC4D-4133-4289-B475-4E737182A406,4,799,0,0,0,0,0,0
sensitivity_2,trust,"r=0.5, tau=0.2, theta=0.31",val,11B5EC4D-4133-4289-B475-4E737182A406,5,324,0,0,0,0,0,0
sensitivity_2,trust,"r=0.5, tau=0.2, theta=0.31",val,1538C99F-BA1E-4EFB-A949-6C7C47701B20,25,291,0,0,0,0,0,0
sensitivity_2,trust,"r=0.5, tau=0.2, theta=0.31",val,1538C99F-BA1E-4EFB-A949-6C7C47701B20,26,82,0,0,0,0,0,0
sensitivity_2,trust,"r=0.5, tau=0.2, theta=0.31",val,1538C99F-BA1E-4EFB-A949-6C7C47701B20,27,160,0,0,0,0,0,0
sensitivity_2,trust,"r=0.5, tau=0.2, theta=0.31",val,1538C99F-BA1E-4EFB-A949-6C7C47701B20,28,748,0,0,0,0,0,0
sensitivity_2,trust,"r=0.5, tau=0.2, theta=0.31",val,83CF687B-7CEC-434B-9FE8-00C3D5799BE6,7,1879,3,3,6,15,3,2
sensitivity_2,trust,"r=0.5, tau=0.2, theta=0.31",val,B09E373F-8A54-44C8-895B-0039390B859F,9,1598,1,1,2,1,1,1
sensitivity_2,trust,"r=0.5, tau=0.2, theta=0.31",val,C48CE857-A0DD-4DDB-BEA5-3A25449B2153,25,150,0,0,0,0,0,0
sensitivity_2,trust,"r=0.5, tau=0.2, theta=0.31",val,C48CE857-A0DD-4DDB-BEA5-3A25449B2153,26,40,0,0,0,0,0,0
sensitivity_2,trust,"r=0.5, tau=0.2, theta=0.31",val,C48CE857-A0DD-4DDB-BEA5-3A25449B2153,28,151,0,0,0,0,0,0
sensitivity_2,trust,"r=0.5, tau=0.2, theta=0.31",val,C48CE857-A0DD-4DDB-BEA5-3A25449B2153,30,239,0,0,0,0,0,0
sensitivity_2,trust,"r=0.5, tau=0.2, theta=0.31",val,C48CE857-A0DD-4DDB-BEA5-3A25449B2153,31,282,0,0,0,0,0,0
sensitivity_2,trust,"r=0.5, tau=0.2, theta=0.31",val,C48CE857-A0DD-4DDB-BEA5-3A25449B2153,32,115,0,0,0,0,0,0
sensitivity_2,trust,"r=0.5, tau=0.2, theta=0.31",val,D7D20E2E-FC78-405D-B346-DBD3FD8FC92B,7,175,0,0,0,0,0,0
sensitivity_2,trust,"r=0.5, tau=0.2, theta=0.31",val,D7D20E2E-FC78-405D-B346-DBD3FD8FC92B,8,528,0,0,0,0,0,0
sensitivity_2,trust,"r=0.5, tau=0.2, theta=0.31",val,D7D20E2E-FC78-405D-B346-DBD3FD8FC92B,9,42,0,0,0,0,0,0
sensitivity_2,trust,"r=0.5, tau=0.2, theta=0.31",val,D7D20E2E-FC78-405D-B346-DBD3FD8FC92B,10,153,2,2,4,44,1,0
sensitivity_2,trust,"r=0.5, tau=0.2, theta=0.31",val,D7D20E2E-FC78-405D-B346-DBD3FD8FC92B,11,292,0,0,0,0,0,0
sensitivity_2,trust,"r=0.5, tau=0.2, theta=0.31",val,D7D20E2E-FC78-405D-B346-DBD3FD8FC92B,12,23,0,0,0,0,0,0
sensitivity_2,trust,"r=0.5, tau=0.2, theta=0.31",val,E65577C1-8D5D-4F70-AF23-B3ADB9D3DBA3,3,659,0,0,0,0,0,0
sensitivity_2,trust,"r=0.5, tau=0.2, theta=0.31",val,FDAA70A1-42A3-4E3F-9AE3-3FDA412E03BF,18,966,1,1,2,21,0,0
sensitivity_2,sprt,"alpha=0.01, beta=1.823e-08",val,11B5EC4D-4133-4289-B475-4E737182A406,3,616,0,0,0,0,0,0
sensitivity_2,sprt,"alpha=0.01, beta=1.823e-08",val,11B5EC4D-4133-4289-B475-4E737182A406,4,799,1,1,2,19,0,0
sensitivity_2,sprt,"alpha=0.01, beta=1.823e-08",val,11B5EC4D-4133-4289-B475-4E737182A406,5,324,0,0,0,0,0,0
sensitivity_2,sprt,"alpha=0.01, beta=1.823e-08",val,1538C99F-BA1E-4EFB-A949-6C7C47701B20,25,291,0,0,0,0,0,0
sensitivity_2,sprt,"alpha=0.01, beta=1.823e-08",val,1538C99F-BA1E-4EFB-A949-6C7C47701B20,26,82,0,0,0,0,0,0
sensitivity_2,sprt,"alpha=0.01, beta=1.823e-08",val,1538C99F-BA1E-4EFB-A949-6C7C47701B20,27,160,0,0,0,0,0,0
sensitivity_2,sprt,"alpha=0.01, beta=1.823e-08",val,1538C99F-BA1E-4EFB-A949-6C7C47701B20,28,748,0,0,0,0,0,0
sensitivity_2,sprt,"alpha=0.01, beta=1.823e-08",val,83CF687B-7CEC-434B-9FE8-00C3D5799BE6,7,1879,2,2,4,45,0,0
sensitivity_2,sprt,"alpha=0.01, beta=1.823e-08",val,B09E373F-8A54-44C8-895B-0039390B859F,9,1598,1,1,2,3,1,1
sensitivity_2,sprt,"alpha=0.01, beta=1.823e-08",val,C48CE857-A0DD-4DDB-BEA5-3A25449B2153,25,150,0,0,0,0,0,0
sensitivity_2,sprt,"alpha=0.01, beta=1.823e-08",val,C48CE857-A0DD-4DDB-BEA5-3A25449B2153,26,40,0,0,0,0,0,0
sensitivity_2,sprt,"alpha=0.01, beta=1.823e-08",val,C48CE857-A0DD-4DDB-BEA5-3A25449B2153,28,151,0,0,0,0,0,0
sensitivity_2,sprt,"alpha=0.01, beta=1.823e-08",val,C48CE857-A0DD-4DDB-BEA5-3A25449B2153,30,239,0,0,0,0,0,0
sensitivity_2,sprt,"alpha=0.01, beta=1.823e-08",val,C48CE857-A0DD-4DDB-BEA5-3A25449B2153,31,282,0,0,0,0,0,0
sensitivity_2,sprt,"alpha=0.01, beta=1.823e-08",val,C48CE857-A0DD-4DDB-BEA5-3A25449B2153,32,115,0,0,0,0,0,0
sensitivity_2,sprt,"alpha=0.01, beta=1.823e-08",val,D7D20E2E-FC78-405D-B346-DBD3FD8FC92B,7,175,0,0,0,0,0,0
sensitivity_2,sprt,"alpha=0.01, beta=1.823e-08",val,D7D20E2E-FC78-405D-B346-DBD3FD8FC92B,8,528,0,0,0,0,0,0
sensitivity_2,sprt,"alpha=0.01, beta=1.823e-08",val,D7D20E2E-FC78-405D-B346-DBD3FD8FC92B,9,42,0,0,0,0,0,0
sensitivity_2,sprt,"alpha=0.01, beta=1.823e-08",val,D7D20E2E-FC78-405D-B346-DBD3FD8FC92B,10,153,1,1,2,53,0,0
sensitivity_2,sprt,"alpha=0.01, beta=1.823e-08",val,D7D20E2E-FC78-405D-B346-DBD3FD8FC92B,11,292,0,0,0,0,0,0
sensitivity_2,sprt,"alpha=0.01, beta=1.823e-08",val,D7D20E2E-FC78-405D-B346-DBD3FD8FC92B,12,23,0,0,0,0,0,0
sensitivity_2,sprt,"alpha=0.01, beta=1.823e-08",val,E65577C1-8D5D-4F70-AF23-B3ADB9D3DBA3,3,659,1,1,2,6,0,0
sensitivity_2,sprt,"alpha=0.01, beta=1.823e-08",val,FDAA70A1-42A3-4E3F-9AE3-3FDA412E03BF,18,966,2,2,4,28,1,1
sensitivity_2,hmm,"rho=0.0001, theta=0.1545",val,11B5EC4D-4133-4289-B475-4E737182A406,3,616,0,0,0,0,0,0
sensitivity_2,hmm,"rho=0.0001, theta=0.1545",val,11B5EC4D-4133-4289-B475-4E737182A406,4,799,1,1,2,20,0,0
sensitivity_2,hmm,"rho=0.0001, theta=0.1545",val,11B5EC4D-4133-4289-B475-4E737182A406,5,324,0,0,0,0,0,0
sensitivity_2,hmm,"rho=0.0001, theta=0.1545",val,1538C99F-BA1E-4EFB-A949-6C7C47701B20,25,291,0,0,0,0,0,0
sensitivity_2,hmm,"rho=0.0001, theta=0.1545",val,1538C99F-BA1E-4EFB-A949-6C7C47701B20,26,82,0,0,0,0,0,0
sensitivity_2,hmm,"rho=0.0001, theta=0.1545",val,1538C99F-BA1E-4EFB-A949-6C7C47701B20,27,160,0,0,0,0,0,0
sensitivity_2,hmm,"rho=0.0001, theta=0.1545",val,1538C99F-BA1E-4EFB-A949-6C7C47701B20,28,748,0,0,0,0,0,0
sensitivity_2,hmm,"rho=0.0001, theta=0.1545",val,83CF687B-7CEC-434B-9FE8-00C3D5799BE6,7,1879,2,2,4,42,0,0
sensitivity_2,hmm,"rho=0.0001, theta=0.1545",val,B09E373F-8A54-44C8-895B-0039390B859F,9,1598,4,4,8,25,2,1
sensitivity_2,hmm,"rho=0.0001, theta=0.1545",val,C48CE857-A0DD-4DDB-BEA5-3A25449B2153,25,150,0,0,0,0,0,0
sensitivity_2,hmm,"rho=0.0001, theta=0.1545",val,C48CE857-A0DD-4DDB-BEA5-3A25449B2153,26,40,0,0,0,0,0,0
sensitivity_2,hmm,"rho=0.0001, theta=0.1545",val,C48CE857-A0DD-4DDB-BEA5-3A25449B2153,28,151,0,0,0,0,0,0
sensitivity_2,hmm,"rho=0.0001, theta=0.1545",val,C48CE857-A0DD-4DDB-BEA5-3A25449B2153,30,239,0,0,0,0,0,0
sensitivity_2,hmm,"rho=0.0001, theta=0.1545",val,C48CE857-A0DD-4DDB-BEA5-3A25449B2153,31,282,1,1,2,16,0,0
sensitivity_2,hmm,"rho=0.0001, theta=0.1545",val,C48CE857-A0DD-4DDB-BEA5-3A25449B2153,32,115,0,0,0,0,0,0
sensitivity_2,hmm,"rho=0.0001, theta=0.1545",val,D7D20E2E-FC78-405D-B346-DBD3FD8FC92B,7,175,0,0,0,0,0,0
sensitivity_2,hmm,"rho=0.0001, theta=0.1545",val,D7D20E2E-FC78-405D-B346-DBD3FD8FC92B,8,528,0,0,0,0,0,0
sensitivity_2,hmm,"rho=0.0001, theta=0.1545",val,D7D20E2E-FC78-405D-B346-DBD3FD8FC92B,9,42,0,0,0,0,0,0
sensitivity_2,hmm,"rho=0.0001, theta=0.1545",val,D7D20E2E-FC78-405D-B346-DBD3FD8FC92B,10,153,1,1,2,59,0,0
sensitivity_2,hmm,"rho=0.0001, theta=0.1545",val,D7D20E2E-FC78-405D-B346-DBD3FD8FC92B,11,292,0,0,0,0,0,0
sensitivity_2,hmm,"rho=0.0001, theta=0.1545",val,D7D20E2E-FC78-405D-B346-DBD3FD8FC92B,12,23,0,0,0,0,0,0
sensitivity_2,hmm,"rho=0.0001, theta=0.1545",val,E65577C1-8D5D-4F70-AF23-B3ADB9D3DBA3,3,659,2,2,4,38,0,0
sensitivity_2,hmm,"rho=0.0001, theta=0.1545",val,FDAA70A1-42A3-4E3F-9AE3-3FDA412E03BF,18,966,2,2,4,32,0,0
