enrolled_user,sequence_id,impostor_user,mechanism,params,length,transition_idx,recovery_idx,FAR,FRR,false_accept_frames,false_reject_frames,n_impostor_frames,n_genuine_frames,n_transitions,transition_rate_per_100,n_flip_events,mean_run_length_frames,median_run_length_frames,frac_frames_authenticated,detection_latency_frames,lockout_frames_during_genuine,lockout_fraction_during_genuine,recovery_latency_frames
098A72A5-E3E5-4F54-A152-BBDA0DF7B694,098A72A5_s0,B9724848-C7E2-45F4-9B3F-A1F38D864495,instantaneous,"{""theta"": 0.9159417736176783}",180,60,120,0.0,0.4333333333333333,0,52,60,120,19,10.614525139664805,17,9.0,1.0,0.3777777777777777,0.0,52,0.4333333333333333,1.0
098A72A5-E3E5-4F54-A152-BBDA0DF7B694,098A72A5_s0,B9724848-C7E2-45F4-9B3F-A1F38D864495,moving_average,"{""theta"": 0.909840779696999, ""w"": 3}",180,60,120,0.0,0.4166666666666667,0,50,60,120,9,5.027932960893855,6,18.0,6.0,0.3888888888888889,0.0,50,0.4166666666666667,2.0
098A72A5-E3E5-4F54-A152-BBDA0DF7B694,098A72A5_s0,B9724848-C7E2-45F4-9B3F-A1F38D864495,ewma,"{""theta"": 0.894862983691981, ""alpha"": 0.1}",180,60,120,0.0,0.5416666666666666,0,65,60,120,5,2.793296089385475,2,30.0,14.5,0.3055555555555556,0.0,65,0.5416666666666666,21.0
098A72A5-E3E5-4F54-A152-BBDA0DF7B694,098A72A5_s0,B9724848-C7E2-45F4-9B3F-A1F38D864495,majority_vote,"{""theta"": 0.8850491556499083, ""w"": 10, ""k"": 8}",180,60,120,0.0,0.4416666666666666,0,53,60,120,5,2.793296089385475,2,30.0,12.0,0.3722222222222222,0.0,53,0.4416666666666666,7.0
098A72A5-E3E5-4F54-A152-BBDA0DF7B694,098A72A5_s0,B9724848-C7E2-45F4-9B3F-A1F38D864495,debounce,"{""theta"": 0.9116663660409197, ""n"": 2}",180,60,120,0.0,0.425,0,51,60,120,6,3.35195530726257,2,25.714285714285715,8.0,0.3833333333333333,0.0,51,0.425,1.0
098A72A5-E3E5-4F54-A152-BBDA0DF7B694,098A72A5_s0,B9724848-C7E2-45F4-9B3F-A1F38D864495,margin_dual_threshold,"{""theta"": 0.9011474765994403, ""margin"": 0.05}",180,60,120,0.0,0.3833333333333333,0,46,60,120,7,3.910614525139665,0,22.5,6.0,0.4111111111111111,0.0,46,0.3833333333333333,2.0
098A72A5-E3E5-4F54-A152-BBDA0DF7B694,098A72A5_s0,B9724848-C7E2-45F4-9B3F-A1F38D864495,hysteresis,"{""theta"": 0.9362557946540577, ""margin"": 0.05, ""ttt_frames"": 5}",180,60,120,0.0,0.9666666666666668,0,116,60,120,1,0.5586592178770949,0,90.0,90.0,0.0222222222222222,0.0,116,0.9666666666666668,
098A72A5-E3E5-4F54-A152-BBDA0DF7B694,098A72A5_s0,B9724848-C7E2-45F4-9B3F-A1F38D864495,trust_model,"{""theta"": 0.9011474765994403, ""gain"": 0.6, ""decay"": 0.2, ""tau_lo"": 0.4, ""tau_hi"": 0.6}",180,60,120,0.0,0.2166666666666666,0,26,60,120,2,1.11731843575419,0,60.0,60.0,0.5222222222222223,0.0,26,0.2166666666666666,26.0
098A72A5-E3E5-4F54-A152-BBDA0DF7B694,098A72A5_s0,B9724848-C7E2-45F4-9B3F-A1F38D864495,sprt,"{""A"": 16, ""B"": 1, ""mu_gen"": 0.9354700751605606, ""sd_gen"": 0.054936724117615285, ""mu_imp"": 0.6526158769982953, ""sd_imp"": 0.2212267131273918}",180,60,120,0.0,0.1416666666666666,0,17,60,120,4,2.23463687150838,0,36.0,49.0,0.5722222222222222,0.0,17,0.1416666666666666,7.0
098A72A5-E3E5-4F54-A152-BBDA0DF7B694,098A72A5_s1,00EABED2-271D-49D8-B599-1D4A09240601,instantaneous,"{""theta"": 0.9159417736176783}",180,60,120,0.0,0.4083333333333333,0,49,60,120,21,11.731843575418994,18,8.181818181818182,2.0,0.3944444444444444,0.0,49,0.4083333333333333,13.0
098A72A5-E3E5-4F54-A152-BBDA0DF7B694,098A72A5_s1,00EABED2-271D-49D8-B599-1D4A09240601,moving_average,"{""theta"": 0.909840779696999, ""w"": 3}",180,60,120,0.0,0.3833333333333333,0,46,60,120,9,5.027932960893855,6,18.0,13.5,0.4111111111111111,0.0,46,0.3833333333333333,14.0
098A72A5-E3E5-4F54-A152-BBDA0DF7B694,098A72A5_s1,00EABED2-271D-49D8-B599-1D4A09240601,ewma,"{""theta"": 0.894862983691981, ""alpha"": 0.1}",180,60,120,0.0,0.4583333333333333,0,55,60,120,3,1.675977653631285,0,45.0,37.0,0.3611111111111111,0.0,55,0.4583333333333333,41.0
098A72A5-E3E5-4F54-A152-BBDA0DF7B694,098A72A5_s1,00EABED2-271D-49D8-B599-1D4A09240601,majority_vote,"{""theta"": 0.8850491556499083, ""w"": 10, ""k"": 8}",180,60,120,0.0333333333333333,0.4333333333333333,2,52,60,120,3,1.675977653631285,0,45.0,38.0,0.3888888888888889,2.0,52,0.4333333333333333,38.0
098A72A5-E3E5-4F54-A152-BBDA0DF7B694,098A72A5_s1,00EABED2-271D-49D8-B599-1D4A09240601,debounce,"{""theta"": 0.9116663660409197, ""n"": 2}",180,60,120,0.0166666666666666,0.3333333333333333,1,40,60,120,7,3.910614525139665,2,22.5,14.0,0.45,1.0,40,0.3333333333333333,1.0
098A72A5-E3E5-4F54-A152-BBDA0DF7B694,098A72A5_s1,00EABED2-271D-49D8-B599-1D4A09240601,margin_dual_threshold,"{""theta"": 0.9011474765994403, ""margin"": 0.05}",180,60,120,0.0,0.35,0,42,60,120,7,3.910614525139665,2,22.5,14.0,0.4333333333333333,0.0,42,0.35,0.0
098A72A5-E3E5-4F54-A152-BBDA0DF7B694,098A72A5_s1,00EABED2-271D-49D8-B599-1D4A09240601,hysteresis,"{""theta"": 0.9362557946540577, ""margin"": 0.05, ""ttt_frames"": 5}",180,60,120,0.0666666666666666,0.5,4,60,60,120,1,0.5586592178770949,0,90.0,90.0,0.3555555555555555,4.0,60,0.5,
098A72A5-E3E5-4F54-A152-BBDA0DF7B694,098A72A5_s1,00EABED2-271D-49D8-B599-1D4A09240601,trust_model,"{""theta"": 0.9011474765994403, ""gain"": 0.6, ""decay"": 0.2, ""tau_lo"": 0.4, ""tau_hi"": 0.6}",180,60,120,0.0,0.5,0,60,60,120,1,0.5586592178770949,0,90.0,90.0,0.3333333333333333,0.0,60,0.5,
098A72A5-E3E5-4F54-A152-BBDA0DF7B694,098A72A5_s1,00EABED2-271D-49D8-B599-1D4A09240601,sprt,"{""A"": 16, ""B"": 1, ""mu_gen"": 0.9354700751605606, ""sd_gen"": 0.054936724117615285, ""mu_imp"": 0.6526158769982953, ""sd_imp"": 0.2212267131273918}",180,60,120,0.0,0.3,0,36,60,120,5,2.793296089385475,0,30.0,13.5,0.4666666666666667,0.0,36,0.3,19.0
098A72A5-E3E5-4F54-A152-BBDA0DF7B694,098A72A5_s2,665514DE-49DC-421F-8DCB-145D0B2609AD,instantaneous,"{""theta"": 0.9159417736176783}",180,60,120,0.0,0.3,0,36,60,120,29,16.201117318435752,24,6.0,2.0,0.4666666666666667,0.0,36,0.3,0.0
098A72A5-E3E5-4F54-A152-BBDA0DF7B694,098A72A5_s2,665514DE-49DC-421F-8DCB-145D0B2609AD,moving_average,"{""theta"": 0.909840779696999, ""w"": 3}",180,60,120,0.0,0.2166666666666666,0,26,60,120,8,4.46927374301676,4,20.0,18.0,0.5222222222222223,0.0,26,0.2166666666666666,2.0
098A72A5-E3E5-4F54-A152-BBDA0DF7B694,098A72A5_s2,665514DE-49DC-421F-8DCB-145D0B2609AD,ewma,"{""theta"": 0.894862983691981, ""alpha"": 0.1}",180,60,120,0.0,0.425,0,51,60,120,4,2.23463687150838,0,36.0,29.0,0.3833333333333333,0.0,51,0.425,25.0
098A72A5-E3E5-4F54-A152-BBDA0DF7B694,098A72A5_s2,665514DE-49DC-421F-8DCB-145D0B2609AD,majority_vote,"{""theta"": 0.8850491556499083, ""w"": 10, ""k"": 8}",180,60,120,0.0333333333333333,0.25,2,30,60,120,4,2.23463687150838,0,36.0,27.0,0.5111111111111111,2.0,30,0.25,7.0
098A72A5-E3E5-4F54-A152-BBDA0DF7B694,098A72A5_s2,665514DE-49DC-421F-8DCB-145D0B2609AD,debounce,"{""theta"": 0.9116663660409197, ""n"": 2}",180,60,120,0.0,0.2333333333333333,0,28,60,120,10,5.58659217877095,6,16.363636363636363,13.0,0.5111111111111111,0.0,28,0.2333333333333333,1.0
098A72A5-E3E5-4F54-A152-BBDA0DF7B694,098A72A5_s2,665514DE-49DC-421F-8DCB-145D0B2609AD,margin_dual_threshold,"{""theta"": 0.9011474765994403, ""margin"": 0.05}",180,60,120,0.0,0.1666666666666666,0,20,60,120,6,3.35195530726257,2,25.714285714285715,14.0,0.5555555555555556,0.0,20,0.1666666666666666,0.0
098A72A5-E3E5-4F54-A152-BBDA0DF7B694,098A72A5_s2,665514DE-49DC-421F-8DCB-145D0B2609AD,hysteresis,"{""theta"": 0.9362557946540577, ""margin"": 0.05, ""ttt_frames"": 5}",180,60,120,0.0,0.7583333333333333,0,91,60,120,1,0.5586592178770949,0,90.0,90.0,0.1611111111111111,0.0,91,0.7583333333333333,
098A72A5-E3E5-4F54-A152-BBDA0DF7B694,098A72A5_s2,665514DE-49DC-421F-8DCB-145D0B2609AD,trust_model,"{""theta"": 0.9011474765994403, ""gain"": 0.6, ""decay"": 0.2, ""tau_lo"": 0.4, ""tau_hi"": 0.6}",180,60,120,0.0,0.4083333333333333,0,49,60,120,2,1.11731843575419,0,60.0,42.0,0.3944444444444444,0.0,49,0.4083333333333333,18.0
098A72A5-E3E5-4F54-A152-BBDA0DF7B694,098A72A5_s2,665514DE-49DC-421F-8DCB-145D0B2609AD,sprt,"{""A"": 16, ""B"": 1, ""mu_gen"": 0.9354700751605606, ""sd_gen"": 0.054936724117615285, ""mu_imp"": 0.6526158769982953, ""sd_imp"": 0.2212267131273918}",180,60,120,0.0,0.2333333333333333,0,28,60,120,4,2.23463687150838,0,36.0,29.0,0.5111111111111111,0.0,28,0.2333333333333333,7.0
098A72A5-E3E5-4F54-A152-BBDA0DF7B694,098A72A5_s3,8023FE1A-D3B0-4E2C-A57A-9321B7FC755F,instantaneous,"{""theta"": 0.9159417736176783}",180,60,120,0.0,0.275,0,33,60,120,19,10.614525139664805,14,9.0,3.0,0.4833333333333333,0.0,33,0.275,0.0
098A72A5-E3E5-4F54-A152-BBDA0DF7B694,098A72A5_s3,8023FE1A-D3B0-4E2C-A57A-9321B7FC755F,moving_average,"{""theta"": 0.909840779696999, ""w"": 3}",180,60,120,0.0,0.3083333333333333,0,37,60,120,10,5.58659217877095,6,16.363636363636363,6.0,0.4611111111111111,0.0,37,0.3083333333333333,2.0
098A72A5-E3E5-4F54-A152-BBDA0DF7B694,098A72A5_s3,8023FE1A-D3B0-4E2C-A57A-9321B7FC755F,ewma,"{""theta"": 0.894862983691981, ""alpha"": 0.1}",180,60,120,0.0,0.45,0,54,60,120,8,4.46927374301676,4,20.0,6.0,0.3666666666666666,0.0,54,0.45,19.0
098A72A5-E3E5-4F54-A152-BBDA0DF7B694,098A72A5_s3,8023FE1A-D3B0-4E2C-A57A-9321B7FC755F,majority_vote,"{""theta"": 0.8850491556499083, ""w"": 10, ""k"": 8}",180,60,120,0.0,0.35,0,42,60,120,4,2.23463687150838,0,36.0,18.0,0.4333333333333333,0.0,42,0.35,7.0
098A72A5-E3E5-4F54-A152-BBDA0DF7B694,098A72A5_s3,8023FE1A-D3B0-4E2C-A57A-9321B7FC755F,debounce,"{""theta"": 0.9116663660409197, ""n"": 2}",180,60,120,0.0,0.2333333333333333,0,28,60,120,6,3.35195530726257,0,25.714285714285715,14.0,0.5111111111111111,0.0,28,0.2333333333333333,1.0
098A72A5-E3E5-4F54-A152-BBDA0DF7B694,098A72A5_s3,8023FE1A-D3B0-4E2C-A57A-9321B7FC755F,margin_dual_threshold,"{""theta"": 0.9011474765994403, ""margin"": 0.05}",180,60,120,0.0,0.25,0,30,60,120,10,5.58659217877095,4,16.363636363636363,7.0,0.5,0.0,30,0.25,0.0
098A72A5-E3E5-4F54-A152-BBDA0DF7B694,098A72A5_s3,8023FE1A-D3B0-4E2C-A57A-9321B7FC755F,hysteresis,"{""theta"": 0.9362557946540577, ""margin"": 0.05, ""ttt_frames"": 5}",180,60,120,0.0,0.85,0,102,60,120,1,0.5586592178770949,0,90.0,90.0,0.1,0.0,102,0.85,
098A72A5-E3E5-4F54-A152-BBDA0DF7B694,098A72A5_s3,8023FE1A-D3B0-4E2C-A57A-9321B7FC755F,trust_model,"{""theta"": 0.9011474765994403, ""gain"": 0.6, ""decay"": 0.2, ""tau_lo"": 0.4, ""tau_hi"": 0.6}",180,60,120,0.0,0.4666666666666667,0,56,60,120,2,1.11731843575419,0,60.0,46.0,0.3555555555555555,0.0,56,0.4666666666666667,14.0
098A72A5-E3E5-4F54-A152-BBDA0DF7B694,098A72A5_s3,8023FE1A-D3B0-4E2C-A57A-9321B7FC755F,sprt,"{""A"": 16, ""B"": 1, ""mu_gen"": 0.9354700751605606, ""sd_gen"": 0.054936724117615285, ""mu_imp"": 0.6526158769982953, ""sd_imp"": 0.2212267131273918}",180,60,120,0.0,0.2416666666666666,0,29,60,120,4,2.23463687150838,0,36.0,34.0,0.5055555555555555,0.0,29,0.2416666666666666,7.0
098A72A5-E3E5-4F54-A152-BBDA0DF7B694,098A72A5_s4,8023FE1A-D3B0-4E2C-A57A-9321B7FC755F,instantaneous,"{""theta"": 0.9159417736176783}",180,60,120,0.0,0.4166666666666667,0,50,60,120,17,9.497206703910615,15,10.0,1.5,0.3888888888888889,0.0,50,0.4166666666666667,0.0
098A72A5-E3E5-4F54-A152-BBDA0DF7B694,098A72A5_s4,8023FE1A-D3B0-4E2C-A57A-9321B7FC755F,moving_average,"{""theta"": 0.909840779696999, ""w"": 3}",180,60,120,0.0,0.4166666666666667,0,50,60,120,9,5.027932960893855,6,18.0,6.0,0.3888888888888889,0.0,50,0.4166666666666667,2.0
098A72A5-E3E5-4F54-A152-BBDA0DF7B694,098A72A5_s4,8023FE1A-D3B0-4E2C-A57A-9321B7FC755F,ewma,"{""theta"": 0.894862983691981, ""alpha"": 0.1}",180,60,120,0.0,0.5916666666666667,0,71,60,120,3,1.675977653631285,2,45.0,53.5,0.2722222222222222,0.0,71,0.5916666666666667,12.0
098A72A5-E3E5-4F54-A152-BBDA0DF7B694,098A72A5_s4,8023FE1A-D3B0-4E2C-A57A-9321B7FC755F,majority_vote,"{""theta"": 0.8850491556499083, ""w"": 10, ""k"": 8}",180,60,120,0.0166666666666666,0.45,1,54,60,120,5,2.793296089385475,2,30.0,25.0,0.3722222222222222,1.0,54,0.45,7.0
098A72A5-E3E5-4F54-A152-BBDA0DF7B694,098A72A5_s4,8023FE1A-D3B0-4E2C-A57A-9321B7FC755F,debounce,"{""theta"": 0.9116663660409197, ""n"": 2}",180,60,120,0.0166666666666666,0.4333333333333333,1,52,60,120,6,3.35195530726257,2,25.714285714285715,8.0,0.3833333333333333,1.0,52,0.4333333333333333,1.0
098A72A5-E3E5-4F54-A152-BBDA0DF7B694,098A72A5_s4,8023FE1A-D3B0-4E2C-A57A-9321B7FC755F,margin_dual_threshold,"{""theta"": 0.9011474765994403, ""margin"": 0.05}",180,60,120,0.0,0.3666666666666666,0,44,60,120,7,3.910614525139665,0,22.5,6.5,0.4222222222222222,0.0,44,0.3666666666666666,0.0
098A72A5-E3E5-4F54-A152-BBDA0DF7B694,098A72A5_s4,8023FE1A-D3B0-4E2C-A57A-9321B7FC755F,hysteresis,"{""theta"": 0.9362557946540577, ""margin"": 0.05, ""ttt_frames"": 5}",180,60,120,0.0,0.9666666666666668,0,116,60,120,1,0.5586592178770949,0,90.0,90.0,0.0222222222222222,0.0,116,0.9666666666666668,
098A72A5-E3E5-4F54-A152-BBDA0DF7B694,098A72A5_s4,8023FE1A-D3B0-4E2C-A57A-9321B7FC755F,trust_model,"{""theta"": 0.9011474765994403, ""gain"": 0.6, ""decay"": 0.2, ""tau_lo"": 0.4, ""tau_hi"": 0.6}",180,60,120,0.0,0.6166666666666667,0,74,60,120,2,1.11731843575419,0,60.0,45.0,0.2555555555555555,0.0,74,0.6166666666666667,15.0
098A72A5-E3E5-4F54-A152-BBDA0DF7B694,098A72A5_s4,8023FE1A-D3B0-4E2C-A57A-9321B7FC755F,sprt,"{""A"": 16, ""B"": 1, ""mu_gen"": 0.9354700751605606, ""sd_gen"": 0.054936724117615285, ""mu_imp"": 0.6526158769982953, ""sd_imp"": 0.2212267131273918}",180,60,120,0.0666666666666666,0.3666666666666666,4,44,60,120,3,1.675977653631285,0,45.0,45.0,0.4444444444444444,4.0,44,0.3666666666666666,7.0
098A72A5-E3E5-4F54-A152-BBDA0DF7B694,098A72A5_s5,11B5EC4D-4133-4289-B475-4E737182A406,instantaneous,"{""theta"": 0.9159417736176783}",180,60,120,0.05,0.2583333333333333,3,31,60,120,30,16.75977653631285,26,5.806451612903226,1.0,0.5111111111111111,0.0,31,0.2583333333333333,0.0
098A72A5-E3E5-4F54-A152-BBDA0DF7B694,098A72A5_s5,11B5EC4D-4133-4289-B475-4E737182A406,moving_average,"{""theta"": 0.909840779696999, ""w"": 3}",180,60,120,0.0166666666666666,0.2166666666666666,1,26,60,120,12,6.70391061452514,8,13.846153846153848,6.0,0.5277777777777778,0.0,26,0.2166666666666666,0.0
098A72A5-E3E5-4F54-A152-BBDA0DF7B694,098A72A5_s5,11B5EC4D-4133-4289-B475-4E737182A406,ewma,"{""theta"": 0.894862983691981, ""alpha"": 0.1}",180,60,120,0.0,0.2916666666666667,0,35,60,120,8,4.46927374301676,5,20.0,11.0,0.4722222222222222,0.0,35,0.2916666666666667,13.0
098A72A5-E3E5-4F54-A152-BBDA0DF7B694,098A72A5_s5,11B5EC4D-4133-4289-B475-4E737182A406,majority_vote,"{""theta"": 0.8850491556499083, ""w"": 10, ""k"": 8}",180,60,120,0.0,0.2416666666666666,0,29,60,120,4,2.23463687150838,0,36.0,25.0,0.5055555555555555,0.0,29,0.2416666666666666,4.0
098A72A5-E3E5-4F54-A152-BBDA0DF7B694,098A72A5_s5,11B5EC4D-4133-4289-B475-4E737182A406,debounce,"{""theta"": 0.9116663660409197, ""n"": 2}",180,60,120,0.0333333333333333,0.225,2,27,60,120,8,4.46927374301676,0,20.0,13.0,0.5277777777777778,0.0,27,0.225,0.0
098A72A5-E3E5-4F54-A152-BBDA0DF7B694,098A72A5_s5,11B5EC4D-4133-4289-B475-4E737182A406,margin_dual_threshold,"{""theta"": 0.9011474765994403, ""margin"": 0.05}",180,60,120,0.05,0.1583333333333333,3,19,60,120,8,4.46927374301676,2,20.0,7.0,0.5777777777777777,0.0,19,0.1583333333333333,0.0
098A72A5-E3E5-4F54-A152-BBDA0DF7B694,098A72A5_s5,11B5EC4D-4133-4289-B475-4E737182A406,hysteresis,"{""theta"": 0.9362557946540577, ""margin"": 0.05, ""ttt_frames"": 5}",180,60,120,0.0,0.7833333333333333,0,94,60,120,1,0.5586592178770949,0,90.0,90.0,0.1444444444444444,0.0,94,0.7833333333333333,
098A72A5-E3E5-4F54-A152-BBDA0DF7B694,098A72A5_s5,11B5EC4D-4133-4289-B475-4E737182A406,trust_model,"{""theta"": 0.9011474765994403, ""gain"": 0.6, ""decay"": 0.2, ""tau_lo"": 0.4, ""tau_hi"": 0.6}",180,60,120,0.0,0.7166666666666667,0,86,60,120,3,1.675977653631285,0,45.0,24.0,0.1888888888888888,0.0,86,0.7166666666666667,
098A72A5-E3E5-4F54-A152-BBDA0DF7B694,098A72A5_s5,11B5EC4D-4133-4289-B475-4E737182A406,sprt,"{""A"": 16, ""B"": 1, ""mu_gen"": 0.9354700751605606, ""sd_gen"": 0.054936724117615285, ""mu_imp"": 0.6526158769982953, ""sd_imp"": 0.2212267131273918}",180,60,120,0.0,0.3,0,36,60,120,6,3.35195530726257,0,25.714285714285715,19.0,0.4666666666666667,0.0,36,0.3,4.0
0A986513-7828-4D53-AA1F-E02D6DF9561B,0A986513_s0,11B5EC4D-4133-4289-B475-4E737182A406,instantaneous,"{""theta"": 0.8858474369448633}",180,60,120,0.0,0.0,0,0,60,120,2,1.11731843575419,0,60.0,60.0,0.6666666666666666,0.0,0,0.0,0.0
0A986513-7828-4D53-AA1F-E02D6DF9561B,0A986513_s0,11B5EC4D-4133-4289-B475-4E737182A406,moving_average,"{""theta"": 0.8532789522058823, ""w"": 10}",180,60,120,0.0166666666666666,0.0666666666666666,1,8,60,120,2,1.11731843575419,0,60.0,61.0,0.6277777777777778,1.0,8,0.0666666666666666,8.0
0A986513-7828-4D53-AA1F-E02D6DF9561B,0A986513_s0,11B5EC4D-4133-4289-B475-4E737182A406,ewma,"{""theta"": 0.8532789522058823, ""alpha"": 0.1}",180,60,120,0.0166666666666666,0.1333333333333333,1,16,60,120,2,1.11731843575419,0,60.0,61.0,0.5833333333333334,1.0,16,0.1333333333333333,16.0
0A986513-7828-4D53-AA1F-E02D6DF9561B,0A986513_s0,11B5EC4D-4133-4289-B475-4E737182A406,majority_vote,"{""theta"": 0.8946404312259092, ""w"": 3, ""k"": 2}",180,60,120,0.0166666666666666,0.0083333333333333,1,1,60,120,2,1.11731843575419,0,60.0,60.0,0.6666666666666666,1.0,1,0.0083333333333333,1.0
0A986513-7828-4D53-AA1F-E02D6DF9561B,0A986513_s0,11B5EC4D-4133-4289-B475-4E737182A406,debounce,"{""theta"": 0.8946404312259092, ""n"": 2}",180,60,120,0.0166666666666666,0.0083333333333333,1,1,60,120,2,1.11731843575419,0,60.0,60.0,0.6666666666666666,1.0,1,0.0083333333333333,1.0
0A986513-7828-4D53-AA1F-E02D6DF9561B,0A986513_s0,11B5EC4D-4133-4289-B475-4E737182A406,margin_dual_threshold,"{""theta"": 0.8663240960700519, ""margin"": 0.05}",180,60,120,0.0,0.0,0,0,60,120,2,1.11731843575419,0,60.0,60.0,0.6666666666666666,0.0,0,0.0,0.0
0A986513-7828-4D53-AA1F-E02D6DF9561B,0A986513_s0,11B5EC4D-4133-4289-B475-4E737182A406,hysteresis,"{""theta"": 0.8532789522058823, ""margin"": 0.1, ""ttt_frames"": 2}",180,60,120,0.0166666666666666,0.0083333333333333,1,1,60,120,2,1.11731843575419,0,60.0,60.0,0.6666666666666666,1.0,1,0.0083333333333333,1.0
0A986513-7828-4D53-AA1F-E02D6DF9561B,0A986513_s0,11B5EC4D-4133-4289-B475-4E737182A406,trust_model,"{""theta"": 0.8639481209150326, ""gain"": 0.6, ""decay"": 0.05, ""tau_lo"": 0.4, ""tau_hi"": 0.6}",180,60,120,0.0166666666666666,0.0666666666666666,1,8,60,120,2,1.11731843575419,0,60.0,61.0,0.6277777777777778,1.0,8,0.0666666666666666,8.0
0A986513-7828-4D53-AA1F-E02D6DF9561B,0A986513_s0,11B5EC4D-4133-4289-B475-4E737182A406,sprt,"{""A"": 1, ""B"": 16, ""mu_gen"": 0.9581692254448076, ""sd_gen"": 0.023032323437457924, ""mu_imp"": 0.40852963870733483, ""sd_imp"": 0.23713179747243304}",180,60,120,0.0,0.0,0,0,60,120,2,1.11731843575419,0,60.0,60.0,0.6666666666666666,0.0,0,0.0,0.0
0A986513-7828-4D53-AA1F-E02D6DF9561B,0A986513_s1,4E98F91F-4654-42EF-B908-A3389443F2E7,instantaneous,"{""theta"": 0.8858474369448633}",180,60,120,0.05,0.0,3,0,60,120,8,4.46927374301676,7,20.0,11.0,0.6833333333333333,0.0,0,0.0,0.0
0A986513-7828-4D53-AA1F-E02D6DF9561B,0A986513_s1,4E98F91F-4654-42EF-B908-A3389443F2E7,moving_average,"{""theta"": 0.8532789522058823, ""w"": 10}",180,60,120,0.1333333333333333,0.0166666666666666,8,2,60,120,2,1.11731843575419,0,60.0,58.0,0.7,8.0,2,0.0166666666666666,2.0
0A986513-7828-4D53-AA1F-E02D6DF9561B,0A986513_s1,4E98F91F-4654-42EF-B908-A3389443F2E7,ewma,"{""theta"": 0.8532789522058823, ""alpha"": 0.1}",180,60,120,0.1333333333333333,0.0166666666666666,8,2,60,120,2,1.11731843575419,0,60.0,58.0,0.7,8.0,2,0.0166666666666666,2.0
0A986513-7828-4D53-AA1F-E02D6DF9561B,0A986513_s1,4E98F91F-4654-42EF-B908-A3389443F2E7,majority_vote,"{""theta"": 0.8946404312259092, ""w"": 3, ""k"": 2}",180,60,120,0.0166666666666666,0.0083333333333333,1,1,60,120,2,1.11731843575419,0,60.0,60.0,0.6666666666666666,1.0,1,0.0083333333333333,1.0
0A986513-7828-4D53-AA1F-E02D6DF9561B,0A986513_s1,4E98F91F-4654-42EF-B908-A3389443F2E7,debounce,"{""theta"": 0.8946404312259092, ""n"": 2}",180,60,120,0.0166666666666666,0.0083333333333333,1,1,60,120,2,1.11731843575419,0,60.0,60.0,0.6666666666666666,1.0,1,0.0083333333333333,1.0
0A986513-7828-4D53-AA1F-E02D6DF9561B,0A986513_s1,4E98F91F-4654-42EF-B908-A3389443F2E7,margin_dual_threshold,"{""theta"": 0.8663240960700519, ""margin"": 0.05}",180,60,120,0.1,0.0,6,0,60,120,2,1.11731843575419,0,60.0,60.0,0.7,6.0,0,0.0,0.0
0A986513-7828-4D53-AA1F-E02D6DF9561B,0A986513_s1,4E98F91F-4654-42EF-B908-A3389443F2E7,hysteresis,"{""theta"": 0.8532789522058823, ""margin"": 0.1, ""ttt_frames"": 2}",180,60,120,0.15,0.0083333333333333,9,1,60,120,2,1.11731843575419,0,60.0,59.0,0.7111111111111111,9.0,1,0.0083333333333333,1.0
0A986513-7828-4D53-AA1F-E02D6DF9561B,0A986513_s1,4E98F91F-4654-42EF-B908-A3389443F2E7,trust_model,"{""theta"": 0.8639481209150326, ""gain"": 0.6, ""decay"": 0.05, ""tau_lo"": 0.4, ""tau_hi"": 0.6}",180,60,120,0.15,0.0666666666666666,9,8,60,120,2,1.11731843575419,0,60.0,59.0,0.6722222222222223,9.0,8,0.0666666666666666,8.0
0A986513-7828-4D53-AA1F-E02D6DF9561B,0A986513_s1,4E98F91F-4654-42EF-B908-A3389443F2E7,sprt,"{""A"": 1, ""B"": 16, ""mu_gen"": 0.9581692254448076, ""sd_gen"": 0.023032323437457924, ""mu_imp"": 0.40852963870733483, ""sd_imp"": 0.23713179747243304}",180,60,120,0.1,0.0,6,0,60,120,2,1.11731843575419,0,60.0,60.0,0.7,6.0,0,0.0,0.0
0A986513-7828-4D53-AA1F-E02D6DF9561B,0A986513_s2,FDAA70A1-42A3-4E3F-9AE3-3FDA412E03BF,instantaneous,"{""theta"": 0.8858474369448633}",180,60,120,0.0,0.0,0,0,60,120,2,1.11731843575419,0,60.0,60.0,0.6666666666666666,0.0,0,0.0,0.0
0A986513-7828-4D53-AA1F-E02D6DF9561B,0A986513_s2,FDAA70A1-42A3-4E3F-9AE3-3FDA412E03BF,moving_average,"{""theta"": 0.8532789522058823, ""w"": 10}",180,60,120,0.0333333333333333,0.0666666666666666,2,8,60,120,2,1.11731843575419,0,60.0,62.0,0.6333333333333333,2.0,8,0.0666666666666666,8.0
0A986513-7828-4D53-AA1F-E02D6DF9561B,0A986513_s2,FDAA70A1-42A3-4E3F-9AE3-3FDA412E03BF,ewma,"{""theta"": 0.8532789522058823, ""alpha"": 0.1}",180,60,120,0.0333333333333333,0.1333333333333333,2,16,60,120,2,1.11731843575419,0,60.0,62.0,0.5888888888888889,2.0,16,0.1333333333333333,16.0
0A986513-7828-4D53-AA1F-E02D6DF9561B,0A986513_s2,FDAA70A1-42A3-4E3F-9AE3-3FDA412E03BF,majority_vote,"{""theta"": 0.8946404312259092, ""w"": 3, ""k"": 2}",180,60,120,0.0166666666666666,0.0083333333333333,1,1,60,120,2,1.11731843575419,0,60.0,60.0,0.6666666666666666,1.0,1,0.0083333333333333,1.0
0A986513-7828-4D53-AA1F-E02D6DF9561B,0A986513_s2,FDAA70A1-42A3-4E3F-9AE3-3FDA412E03BF,debounce,"{""theta"": 0.8946404312259092, ""n"": 2}",180,60,120,0.0166666666666666,0.0083333333333333,1,1,60,120,2,1.11731843575419,0,60.0,60.0,0.6666666666666666,1.0,1,0.0083333333333333,1.0
0A986513-7828-4D53-AA1F-E02D6DF9561B,0A986513_s2,FDAA70A1-42A3-4E3F-9AE3-3FDA412E03BF,margin_dual_threshold,"{""theta"": 0.8663240960700519, ""margin"": 0.05}",180,60,120,0.0,0.0,0,0,60,120,2,1.11731843575419,0,60.0,60.0,0.6666666666666666,0.0,0,0.0,0.0
0A986513-7828-4D53-AA1F-E02D6DF9561B,0A986513_s2,FDAA70A1-42A3-4E3F-9AE3-3FDA412E03BF,hysteresis,"{""theta"": 0.8532789522058823, ""margin"": 0.1, ""ttt_frames"": 2}",180,60,120,0.0166666666666666,0.0083333333333333,1,1,60,120,2,1.11731843575419,0,60.0,60.0,0.6666666666666666,1.0,1,0.0083333333333333,1.0
0A986513-7828-4D53-AA1F-E02D6DF9561B,0A986513_s2,FDAA70A1-42A3-4E3F-9AE3-3FDA412E03BF,trust_model,"{""theta"": 0.8639481209150326, ""gain"": 0.6, ""decay"": 0.05, ""tau_lo"": 0.4, ""tau_hi"": 0.6}",180,60,120,0.0333333333333333,0.075,2,9,60,120,2,1.11731843575419,0,60.0,62.0,0.6277777777777778,2.0,9,0.075,9.0
0A986513-7828-4D53-AA1F-E02D6DF9561B,0A986513_s2,FDAA70A1-42A3-4E3F-9AE3-3FDA412E03BF,sprt,"{""A"": 1, ""B"": 16, ""mu_gen"": 0.9581692254448076, ""sd_gen"": 0.023032323437457924, ""mu_imp"": 0.40852963870733483, ""sd_imp"": 0.23713179747243304}",180,60,120,0.0,0.0,0,0,60,120,2,1.11731843575419,0,60.0,60.0,0.6666666666666666,0.0,0,0.0,0.0
0A986513-7828-4D53-AA1F-E02D6DF9561B,0A986513_s3,33A85C34-CFE4-4732-9E73-0A7AC861B27A,instantaneous,"{""theta"": 0.8858474369448633}",180,60,120,0.0,0.0,0,0,60,120,2,1.11731843575419,0,60.0,60.0,0.6666666666666666,0.0,0,0.0,0.0
0A986513-7828-4D53-AA1F-E02D6DF9561B,0A986513_s3,33A85C34-CFE4-4732-9E73-0A7AC861B27A,moving_average,"{""theta"": 0.8532789522058823, ""w"": 10}",180,60,120,0.05,0.0583333333333333,3,7,60,120,2,1.11731843575419,0,60.0,63.0,0.6444444444444445,3.0,7,0.0583333333333333,7.0
0A986513-7828-4D53-AA1F-E02D6DF9561B,0A986513_s3,33A85C34-CFE4-4732-9E73-0A7AC861B27A,ewma,"{""theta"": 0.8532789522058823, ""alpha"": 0.1}",180,60,120,0.05,0.1166666666666666,3,14,60,120,2,1.11731843575419,0,60.0,63.0,0.6055555555555555,3.0,14,0.1166666666666666,14.0
0A986513-7828-4D53-AA1F-E02D6DF9561B,0A986513_s3,33A85C34-CFE4-4732-9E73-0A7AC861B27A,majority_vote,"{""theta"": 0.8946404312259092, ""w"": 3, ""k"": 2}",180,60,120,0.0166666666666666,0.0083333333333333,1,1,60,120,2,1.11731843575419,0,60.0,60.0,0.6666666666666666,1.0,1,0.0083333333333333,1.0
0A986513-7828-4D53-AA1F-E02D6DF9561B,0A986513_s3,33A85C34-CFE4-4732-9E73-0A7AC861B27A,debounce,"{""theta"": 0.8946404312259092, ""n"": 2}",180,60,120,0.0166666666666666,0.0083333333333333,1,1,60,120,2,1.11731843575419,0,60.0,60.0,0.6666666666666666,1.0,1,0.0083333333333333,1.0
0A986513-7828-4D53-AA1F-E02D6DF9561B,0A986513_s3,33A85C34-CFE4-4732-9E73-0A7AC861B27A,margin_dual_threshold,"{""theta"": 0.8663240960700519, ""margin"": 0.05}",180,60,120,0.0,0.0,0,0,60,120,2,1.11731843575419,0,60.0,60.0,0.6666666666666666,0.0,0,0.0,0.0
0A986513-7828-4D53-AA1F-E02D6DF9561B,0A986513_s3,33A85C34-CFE4-4732-9E73-0A7AC861B27A,hysteresis,"{""theta"": 0.8532789522058823, ""margin"": 0.1, ""ttt_frames"": 2}",180,60,120,0.0166666666666666,0.0083333333333333,1,1,60,120,2,1.11731843575419,0,60.0,60.0,0.6666666666666666,1.0,1,0.0083333333333333,1.0
0A986513-7828-4D53-AA1F-E02D6DF9561B,0A986513_s3,33A85C34-CFE4-4732-9E73-0A7AC861B27A,trust_model,"{""theta"": 0.8639481209150326, ""gain"": 0.6, ""decay"": 0.05, ""tau_lo"": 0.4, ""tau_hi"": 0.6}",180,60,120,0.05,0.0666666666666666,3,8,60,120,2,1.11731843575419,0,60.0,63.0,0.6388888888888888,3.0,8,0.0666666666666666,8.0
0A986513-7828-4D53-AA1F-E02D6DF9561B,0A986513_s3,33A85C34-CFE4-4732-9E73-0A7AC861B27A,sprt,"{""A"": 1, ""B"": 16, ""mu_gen"": 0.9581692254448076, ""sd_gen"": 0.023032323437457924, ""mu_imp"": 0.40852963870733483, ""sd_imp"": 0.23713179747243304}",180,60,120,0.0,0.0,0,0,60,120,2,1.11731843575419,0,60.0,60.0,0.6666666666666666,0.0,0,0.0,0.0
0A986513-7828-4D53-AA1F-E02D6DF9561B,0A986513_s4,00EABED2-271D-49D8-B599-1D4A09240601,instantaneous,"{""theta"": 0.8858474369448633}",180,60,120,0.2666666666666666,0.0,16,0,60,120,12,6.70391061452514,10,13.846153846153848,2.0,0.7555555555555555,0.0,0,0.0,0.0
0A986513-7828-4D53-AA1F-E02D6DF9561B,0A986513_s4,00EABED2-271D-49D8-B599-1D4A09240601,moving_average,"{""theta"": 0.8532789522058823, ""w"": 10}",180,60,120,0.3666666666666666,0.0,22,0,60,120,2,1.11731843575419,0,60.0,68.0,0.7888888888888889,8.0,0,0.0,0.0
0A986513-7828-4D53-AA1F-E02D6DF9561B,0A986513_s4,00EABED2-271D-49D8-B599-1D4A09240601,ewma,"{""theta"": 0.8532789522058823, ""alpha"": 0.1}",180,60,120,0.6,0.0,36,0,60,120,4,2.23463687150838,2,36.0,22.0,0.8666666666666667,24.0,0,0.0,0.0
0A986513-7828-4D53-AA1F-E02D6DF9561B,0A986513_s4,00EABED2-271D-49D8-B599-1D4A09240601,majority_vote,"{""theta"": 0.8946404312259092, ""w"": 3, ""k"": 2}",180,60,120,0.2,0.0,12,0,60,120,6,3.35195530726257,4,25.714285714285715,5.0,0.7333333333333333,1.0,0,0.0,0.0
0A986513-7828-4D53-AA1F-E02D6DF9561B,0A986513_s4,00EABED2-271D-49D8-B599-1D4A09240601,debounce,"{""theta"": 0.8946404312259092, ""n"": 2}",180,60,120,0.2166666666666666,0.0,13,0,60,120,6,3.35195530726257,2,25.714285714285715,4.0,0.7388888888888889,1.0,0,0.0,0.0
0A986513-7828-4D53-AA1F-E02D6DF9561B,0A986513_s4,00EABED2-271D-49D8-B599-1D4A09240601,margin_dual_threshold,"{""theta"": 0.8663240960700519, ""margin"": 0.05}",180,60,120,0.35,0.0,21,0,60,120,4,2.23463687150838,2,36.0,28.0,0.7833333333333333,0.0,0,0.0,0.0
0A986513-7828-4D53-AA1F-E02D6DF9561B,0A986513_s4,00EABED2-271D-49D8-B599-1D4A09240601,hysteresis,"{""theta"": 0.8532789522058823, ""margin"": 0.1, ""ttt_frames"": 2}",180,60,120,0.9333333333333332,0.0,56,0,60,120,2,1.11731843575419,0,60.0,79.0,0.9777777777777776,37.0,0,0.0,0.0
0A986513-7828-4D53-AA1F-E02D6DF9561B,0A986513_s4,00EABED2-271D-49D8-B599-1D4A09240601,trust_model,"{""theta"": 0.8639481209150326, ""gain"": 0.6, ""decay"": 0.05, ""tau_lo"": 0.4, ""tau_hi"": 0.6}",180,60,120,0.45,0.0,27,0,60,120,2,1.11731843575419,0,60.0,61.0,0.8166666666666667,26.0,0,0.0,0.0
0A986513-7828-4D53-AA1F-E02D6DF9561B,0A986513_s4,00EABED2-271D-49D8-B599-1D4A09240601,sprt,"{""A"": 1, ""B"": 16, ""mu_gen"": 0.9581692254448076, ""sd_gen"": 0.023032323437457924, ""mu_imp"": 0.40852963870733483, ""sd_imp"": 0.23713179747243304}",180,60,120,0.3833333333333333,0.0,23,0,60,120,4,2.23463687150838,2,36.0,27.0,0.7944444444444444,1.0,0,0.0,0.0
0A986513-7828-4D53-AA1F-E02D6DF9561B,0A986513_s5,665514DE-49DC-421F-8DCB-145D0B2609AD,instantaneous,"{""theta"": 0.8858474369448633}",180,60,120,0.0,0.0,0,0,60,120,2,1.11731843575419,0,60.0,60.0,0.6666666666666666,0.0,0,0.0,0.0
0A986513-7828-4D53-AA1F-E02D6DF9561B,0A986513_s5,665514DE-49DC-421F-8DCB-145D0B2609AD,moving_average,"{""theta"": 0.8532789522058823, ""w"": 10}",180,60,120,0.0166666666666666,0.05,1,6,60,120,2,1.11731843575419,0,60.0,61.0,0.6388888888888888,1.0,6,0.05,6.0
0A986513-7828-4D53-AA1F-E02D6DF9561B,0A986513_s5,665514DE-49DC-421F-8DCB-145D0B2609AD,ewma,"{""theta"": 0.8532789522058823, ""alpha"": 0.1}",180,60,120,0.0166666666666666,0.075,1,9,60,120,2,1.11731843575419,0,60.0,61.0,0.6222222222222222,1.0,9,0.075,9.0
0A986513-7828-4D53-AA1F-E02D6DF9561B,0A986513_s5,665514DE-49DC-421F-8DCB-145D0B2609AD,majority_vote,"{""theta"": 0.8946404312259092, ""w"": 3, ""k"": 2}",180,60,120,0.0166666666666666,0.0083333333333333,1,1,60,120,2,1.11731843575419,0,60.0,60.0,0.6666666666666666,1.0,1,0.0083333333333333,1.0
0A986513-7828-4D53-AA1F-E02D6DF9561B,0A986513_s5,665514DE-49DC-421F-8DCB-145D0B2609AD,debounce,"{""theta"": 0.8946404312259092, ""n"": 2}",180,60,120,0.0166666666666666,0.0083333333333333,1,1,60,120,2,1.11731843575419,0,60.0,60.0,0.6666666666666666,1.0,1,0.0083333333333333,1.0
0A986513-7828-4D53-AA1F-E02D6DF9561B,0A986513_s5,665514DE-49DC-421F-8DCB-145D0B2609AD,margin_dual_threshold,"{""theta"": 0.8663240960700519, ""margin"": 0.05}",180,60,120,0.0,0.0,0,0,60,120,2,1.11731843575419,0,60.0,60.0,0.6666666666666666,0.0,0,0.0,0.0
0A986513-7828-4D53-AA1F-E02D6DF9561B,0A986513_s5,665514DE-49DC-421F-8DCB-145D0B2609AD,hysteresis,"{""theta"": 0.8532789522058823, ""margin"": 0.1, ""ttt_frames"": 2}",180,60,120,0.0166666666666666,0.0083333333333333,1,1,60,120,2,1.11731843575419,0,60.0,60.0,0.6666666666666666,1.0,1,0.0083333333333333,1.0
0A986513-7828-4D53-AA1F-E02D6DF9561B,0A986513_s5,665514DE-49DC-421F-8DCB-145D0B2609AD,trust_model,"{""theta"": 0.8639481209150326, ""gain"": 0.6, ""decay"": 0.05, ""tau_lo"": 0.4, ""tau_hi"": 0.6}",180,60,120,0.0166666666666666,0.0583333333333333,1,7,60,120,2,1.11731843575419,0,60.0,61.0,0.6333333333333333,1.0,7,0.0583333333333333,7.0
0A986513-7828-4D53-AA1F-E02D6DF9561B,0A986513_s5,665514DE-49DC-421F-8DCB-145D0B2609AD,sprt,"{""A"": 1, ""B"": 16, ""mu_gen"": 0.9581692254448076, ""sd_gen"": 0.023032323437457924, ""mu_imp"": 0.40852963870733483, ""sd_imp"": 0.23713179747243304}",180,60,120,0.0,0.0,0,0,60,120,2,1.11731843575419,0,60.0,60.0,0.6666666666666666,0.0,0,0.0,0.0
136562B6-95B2-483D-88DC-065F28409FD2,136562B6_s0,7CE37510-56D0-4120-A1CF-0E23351428D2,instantaneous,"{""theta"": 0.8799273220596923}",180,60,120,0.0,0.0,0,0,60,120,2,1.11731843575419,0,60.0,60.0,0.6666666666666666,0.0,0,0.0,0.0
136562B6-95B2-483D-88DC-065F28409FD2,136562B6_s0,7CE37510-56D0-4120-A1CF-0E23351428D2,moving_average,"{""theta"": 0.855359166341273, ""w"": 5}",180,60,120,0.0,0.0333333333333333,0,4,60,120,2,1.11731843575419,0,60.0,60.0,0.6444444444444445,0.0,4,0.0333333333333333,4.0
136562B6-95B2-483D-88DC-065F28409FD2,136562B6_s0,7CE37510-56D0-4120-A1CF-0E23351428D2,ewma,"{""theta"": 0.855359166341273, ""alpha"": 0.2}",180,60,120,0.0,0.0583333333333333,0,7,60,120,2,1.11731843575419,0,60.0,60.0,0.6277777777777778,0.0,7,0.0583333333333333,7.0
136562B6-95B2-483D-88DC-065F28409FD2,136562B6_s0,7CE37510-56D0-4120-A1CF-0E23351428D2,majority_vote,"{""theta"": 0.855359166341273, ""w"": 5, ""k"": 4}",180,60,120,0.0166666666666666,0.025,1,3,60,120,2,1.11731843575419,0,60.0,61.0,0.6555555555555556,1.0,3,0.025,3.0
136562B6-95B2-483D-88DC-065F28409FD2,136562B6_s0,7CE37510-56D0-4120-A1CF-0E23351428D2,debounce,"{""theta"": 0.881700693589243, ""n"": 2}",180,60,120,0.0166666666666666,0.0083333333333333,1,1,60,120,2,1.11731843575419,0,60.0,60.0,0.6666666666666666,1.0,1,0.0083333333333333,1.0
136562B6-95B2-483D-88DC-065F28409FD2,136562B6_s0,7CE37510-56D0-4120-A1CF-0E23351428D2,margin_dual_threshold,"{""theta"": 0.855359166341273, ""margin"": 0.05}",180,60,120,0.0,0.0,0,0,60,120,2,1.11731843575419,0,60.0,60.0,0.6666666666666666,0.0,0,0.0,0.0
136562B6-95B2-483D-88DC-065F28409FD2,136562B6_s0,7CE37510-56D0-4120-A1CF-0E23351428D2,hysteresis,"{""theta"": 0.9763825458805154, ""margin"": 0.1, ""ttt_frames"": 5}",180,60,120,0.0666666666666666,0.5,4,60,60,120,1,0.5586592178770949,0,90.0,90.0,0.3555555555555555,4.0,60,0.5,
136562B6-95B2-483D-88DC-065F28409FD2,136562B6_s0,7CE37510-56D0-4120-A1CF-0E23351428D2,trust_model,"{""theta"": 0.9763825458805154, ""gain"": 0.3, ""decay"": 0.0, ""tau_lo"": 0.4, ""tau_hi"": 0.6}",180,60,120,0.0333333333333333,0.5,2,60,60,120,1,0.5586592178770949,0,90.0,90.0,0.3444444444444444,2.0,60,0.5,
136562B6-95B2-483D-88DC-065F28409FD2,136562B6_s0,7CE37510-56D0-4120-A1CF-0E23351428D2,sprt,"{""A"": 16, ""B"": 4, ""mu_gen"": 0.9373256431949326, ""sd_gen"": 0.04683634533917442, ""mu_imp"": 0.5104993709054623, ""sd_imp"": 0.30259174967565355}",180,60,120,0.0,0.05,0,6,60,120,2,1.11731843575419,0,60.0,60.0,0.6333333333333333,0.0,6,0.05,6.0
136562B6-95B2-483D-88DC-065F28409FD2,136562B6_s1,4E98F91F-4654-42EF-B908-A3389443F2E7,instantaneous,"{""theta"": 0.8799273220596923}",180,60,120,0.0,0.0,0,0,60,120,2,1.11731843575419,0,60.0,60.0,0.6666666666666666,0.0,0,0.0,0.0
136562B6-95B2-483D-88DC-065F28409FD2,136562B6_s1,4E98F91F-4654-42EF-B908-A3389443F2E7,moving_average,"{""theta"": 0.855359166341273, ""w"": 5}",180,60,120,0.0166666666666666,0.025,1,3,60,120,2,1.11731843575419,0,60.0,61.0,0.6555555555555556,1.0,3,0.025,3.0
136562B6-95B2-483D-88DC-065F28409FD2,136562B6_s1,4E98F91F-4654-42EF-B908-A3389443F2E7,ewma,"{""theta"": 0.855359166341273, ""alpha"": 0.2}",180,60,120,0.0166666666666666,0.0333333333333333,1,4,60,120,2,1.11731843575419,0,60.0,61.0,0.65,1.0,4,0.0333333333333333,4.0
136562B6-95B2-483D-88DC-065F28409FD2,136562B6_s1,4E98F91F-4654-42EF-B908-A3389443F2E7,majority_vote,"{""theta"": 0.855359166341273, ""w"": 5, ""k"": 4}",180,60,120,0.0166666666666666,0.025,1,3,60,120,2,1.11731843575419,0,60.0,61.0,0.6555555555555556,1.0,3,0.025,3.0
136562B6-95B2-483D-88DC-065F28409FD2,136562B6_s1,4E98F91F-4654-42EF-B908-A3389443F2E7,debounce,"{""theta"": 0.881700693589243, ""n"": 2}",180,60,120,0.0166666666666666,0.0083333333333333,1,1,60,120,2,1.11731843575419,0,60.0,60.0,0.6666666666666666,1.0,1,0.0083333333333333,1.0
136562B6-95B2-483D-88DC-065F28409FD2,136562B6_s1,4E98F91F-4654-42EF-B908-A3389443F2E7,margin_dual_threshold,"{""theta"": 0.855359166341273, ""margin"": 0.05}",180,60,120,0.0,0.0,0,0,60,120,2,1.11731843575419,0,60.0,60.0,0.6666666666666666,0.0,0,0.0,0.0
136562B6-95B2-483D-88DC-065F28409FD2,136562B6_s1,4E98F91F-4654-42EF-B908-A3389443F2E7,hysteresis,"{""theta"": 0.9763825458805154, ""margin"": 0.1, ""ttt_frames"": 5}",180,60,120,0.0666666666666666,0.5,4,60,60,120,1,0.5586592178770949,0,90.0,90.0,0.3555555555555555,4.0,60,0.5,
136562B6-95B2-483D-88DC-065F28409FD2,136562B6_s1,4E98F91F-4654-42EF-B908-A3389443F2E7,trust_model,"{""theta"": 0.9763825458805154, ""gain"": 0.3, ""decay"": 0.0, ""tau_lo"": 0.4, ""tau_hi"": 0.6}",180,60,120,0.0666666666666666,0.5,4,60,60,120,1,0.5586592178770949,0,90.0,90.0,0.3555555555555555,4.0,60,0.5,
136562B6-95B2-483D-88DC-065F28409FD2,136562B6_s1,4E98F91F-4654-42EF-B908-A3389443F2E7,sprt,"{""A"": 16, ""B"": 4, ""mu_gen"": 0.9373256431949326, ""sd_gen"": 0.04683634533917442, ""mu_imp"": 0.5104993709054623, ""sd_imp"": 0.30259174967565355}",180,60,120,0.0,0.05,0,6,60,120,2,1.11731843575419,0,60.0,60.0,0.6333333333333333,0.0,6,0.05,6.0
136562B6-95B2-483D-88DC-065F28409FD2,136562B6_s2,7D9BB102-A612-4E2A-8E22-3159752F55D8,instantaneous,"{""theta"": 0.8799273220596923}",180,60,120,0.0,0.0,0,0,60,120,2,1.11731843575419,0,60.0,60.0,0.6666666666666666,0.0,0,0.0,0.0
136562B6-95B2-483D-88DC-065F28409FD2,136562B6_s2,7D9BB102-A612-4E2A-8E22-3159752F55D8,moving_average,"{""theta"": 0.855359166341273, ""w"": 5}",180,60,120,0.0333333333333333,0.0166666666666666,2,2,60,120,2,1.11731843575419,0,60.0,60.0,0.6666666666666666,2.0,2,0.0166666666666666,2.0
136562B6-95B2-483D-88DC-065F28409FD2,136562B6_s2,7D9BB102-A612-4E2A-8E22-3159752F55D8,ewma,"{""theta"": 0.855359166341273, ""alpha"": 0.2}",180,60,120,0.05,0.0166666666666666,3,2,60,120,2,1.11731843575419,0,60.0,59.0,0.6722222222222223,3.0,2,0.0166666666666666,2.0
136562B6-95B2-483D-88DC-065F28409FD2,136562B6_s2,7D9BB102-A612-4E2A-8E22-3159752F55D8,majority_vote,"{""theta"": 0.855359166341273, ""w"": 5, ""k"": 4}",180,60,120,0.0166666666666666,0.025,1,3,60,120,2,1.11731843575419,0,60.0,61.0,0.6555555555555556,1.0,3,0.025,3.0
136562B6-95B2-483D-88DC-065F28409FD2,136562B6_s2,7D9BB102-A612-4E2A-8E22-3159752F55D8,debounce,"{""theta"": 0.881700693589243, ""n"": 2}",180,60,120,0.0166666666666666,0.0083333333333333,1,1,60,120,2,1.11731843575419,0,60.0,60.0,0.6666666666666666,1.0,1,0.0083333333333333,1.0
136562B6-95B2-483D-88DC-065F28409FD2,136562B6_s2,7D9BB102-A612-4E2A-8E22-3159752F55D8,margin_dual_threshold,"{""theta"": 0.855359166341273, ""margin"": 0.05}",180,60,120,0.0,0.0,0,0,60,120,2,1.11731843575419,0,60.0,60.0,0.6666666666666666,0.0,0,0.0,0.0
136562B6-95B2-483D-88DC-065F28409FD2,136562B6_s2,7D9BB102-A612-4E2A-8E22-3159752F55D8,hysteresis,"{""theta"": 0.9763825458805154, ""margin"": 0.1, ""ttt_frames"": 5}",180,60,120,0.0666666666666666,0.5,4,60,60,120,1,0.5586592178770949,0,90.0,90.0,0.3555555555555555,4.0,60,0.5,
136562B6-95B2-483D-88DC-065F28409FD2,136562B6_s2,7D9BB102-A612-4E2A-8E22-3159752F55D8,trust_model,"{""theta"": 0.9763825458805154, ""gain"": 0.3, ""decay"": 0.0, ""tau_lo"": 0.4, ""tau_hi"": 0.6}",180,60,120,0.0833333333333333,0.5,5,60,60,120,1,0.5586592178770949,0,90.0,90.0,0.3611111111111111,5.0,60,0.5,
136562B6-95B2-483D-88DC-065F28409FD2,136562B6_s2,7D9BB102-A612-4E2A-8E22-3159752F55D8,sprt,"{""A"": 16, ""B"": 4, ""mu_gen"": 0.9373256431949326, ""sd_gen"": 0.04683634533917442, ""mu_imp"": 0.5104993709054623, ""sd_imp"": 0.30259174967565355}",180,60,120,0.0166666666666666,0.05,1,6,60,120,2,1.11731843575419,0,60.0,61.0,0.6388888888888888,1.0,6,0.05,6.0
136562B6-95B2-483D-88DC-065F28409FD2,136562B6_s3,4E98F91F-4654-42EF-B908-A3389443F2E7,instantaneous,"{""theta"": 0.8799273220596923}",180,60,120,0.0,0.0416666666666666,0,5,60,120,4,2.23463687150838,0,36.0,28.0,0.6388888888888888,0.0,5,0.0416666666666666,0.0
136562B6-95B2-483D-88DC-065F28409FD2,136562B6_s3,4E98F91F-4654-42EF-B908-A3389443F2E7,moving_average,"{""theta"": 0.855359166341273, ""w"": 5}",180,60,120,0.0,0.075,0,9,60,120,4,2.23463687150838,0,36.0,26.0,0.6166666666666667,0.0,9,0.075,4.0
136562B6-95B2-483D-88DC-065F28409FD2,136562B6_s3,4E98F91F-4654-42EF-B908-A3389443F2E7,ewma,"{""theta"": 0.855359166341273, ""alpha"": 0.2}",180,60,120,0.0,0.0833333333333333,0,10,60,120,4,2.23463687150838,2,36.0,27.0,0.6111111111111112,0.0,10,0.0833333333333333,7.0
136562B6-95B2-483D-88DC-065F28409FD2,136562B6_s3,4E98F91F-4654-42EF-B908-A3389443F2E7,majority_vote,"{""theta"": 0.855359166341273, ""w"": 5, ""k"": 4}",180,60,120,0.0166666666666666,0.0833333333333333,1,10,60,120,4,2.23463687150838,0,36.0,25.0,0.6166666666666667,1.0,10,0.0833333333333333,3.0
136562B6-95B2-483D-88DC-065F28409FD2,136562B6_s3,4E98F91F-4654-42EF-B908-A3389443F2E7,debounce,"{""theta"": 0.881700693589243, ""n"": 2}",180,60,120,0.0166666666666666,0.05,1,6,60,120,4,2.23463687150838,0,36.0,27.0,0.6388888888888888,1.0,6,0.05,1.0
136562B6-95B2-483D-88DC-065F28409FD2,136562B6_s3,4E98F91F-4654-42EF-B908-A3389443F2E7,margin_dual_threshold,"{""theta"": 0.855359166341273, ""margin"": 0.05}",180,60,120,0.0,0.0333333333333333,0,4,60,120,4,2.23463687150838,0,36.0,28.0,0.6444444444444445,0.0,4,0.0333333333333333,0.0
136562B6-95B2-483D-88DC-065F28409FD2,136562B6_s3,4E98F91F-4654-42EF-B908-A3389443F2E7,hysteresis,"{""theta"": 0.9763825458805154, ""margin"": 0.1, ""ttt_frames"": 5}",180,60,120,0.0666666666666666,0.5,4,60,60,120,1,0.5586592178770949,0,90.0,90.0,0.3555555555555555,4.0,60,0.5,
136562B6-95B2-483D-88DC-065F28409FD2,136562B6_s3,4E98F91F-4654-42EF-B908-A3389443F2E7,trust_model,"{""theta"": 0.9763825458805154, ""gain"": 0.3, ""decay"": 0.0, ""tau_lo"": 0.4, ""tau_hi"": 0.6}",180,60,120,0.0333333333333333,0.5,2,60,60,120,1,0.5586592178770949,0,90.0,90.0,0.3444444444444444,2.0,60,0.5,
136562B6-95B2-483D-88DC-065F28409FD2,136562B6_s3,4E98F91F-4654-42EF-B908-A3389443F2E7,sprt,"{""A"": 16, ""B"": 4, ""mu_gen"": 0.9373256431949326, ""sd_gen"": 0.04683634533917442, ""mu_imp"": 0.5104993709054623, ""sd_imp"": 0.30259174967565355}",180,60,120,0.0,0.1083333333333333,0,13,60,120,4,2.23463687150838,0,36.0,25.0,0.5944444444444444,0.0,13,0.1083333333333333,6.0
136562B6-95B2-483D-88DC-065F28409FD2,136562B6_s4,8023FE1A-D3B0-4E2C-A57A-9321B7FC755F,instantaneous,"{""theta"": 0.8799273220596923}",180,60,120,0.0,0.05,0,6,60,120,4,2.23463687150838,2,36.0,52.0,0.6333333333333333,0.0,6,0.05,0.0
136562B6-95B2-483D-88DC-065F28409FD2,136562B6_s4,8023FE1A-D3B0-4E2C-A57A-9321B7FC755F,moving_average,"{""theta"": 0.855359166341273, ""w"": 5}",180,60,120,0.0,0.1,0,12,60,120,2,1.11731843575419,0,60.0,56.0,0.6,0.0,12,0.1,4.0
136562B6-95B2-483D-88DC-065F28409FD2,136562B6_s4,8023FE1A-D3B0-4E2C-A57A-9321B7FC755F,ewma,"{""theta"": 0.855359166341273, ""alpha"": 0.2}",180,60,120,0.0,0.125,0,15,60,120,2,1.11731843575419,0,60.0,53.0,0.5833333333333334,0.0,15,0.125,7.0
136562B6-95B2-483D-88DC-065F28409FD2,136562B6_s4,8023FE1A-D3B0-4E2C-A57A-9321B7FC755F,majority_vote,"{""theta"": 0.855359166341273, ""w"": 5, ""k"": 4}",180,60,120,0.0,0.0833333333333333,0,10,60,120,2,1.11731843575419,0,60.0,57.0,0.6111111111111112,0.0,10,0.0833333333333333,3.0
136562B6-95B2-483D-88DC-065F28409FD2,136562B6_s4,8023FE1A-D3B0-4E2C-A57A-9321B7FC755F,debounce,"{""theta"": 0.881700693589243, ""n"": 2}",180,60,120,0.0166666666666666,0.0666666666666666,1,8,60,120,4,2.23463687150838,2,36.0,52.0,0.6277777777777778,1.0,8,0.0666666666666666,1.0
136562B6-95B2-483D-88DC-065F28409FD2,136562B6_s4,8023FE1A-D3B0-4E2C-A57A-9321B7FC755F,margin_dual_threshold,"{""theta"": 0.855359166341273, ""margin"": 0.05}",180,60,120,0.0,0.05,0,6,60,120,4,2.23463687150838,2,36.0,52.0,0.6333333333333333,0.0,6,0.05,0.0
136562B6-95B2-483D-88DC-065F28409FD2,136562B6_s4,8023FE1A-D3B0-4E2C-A57A-9321B7FC755F,hysteresis,"{""theta"": 0.9763825458805154, ""margin"": 0.1, ""ttt_frames"": 5}",180,60,120,0.0,0.7166666666666667,0,86,60,120,1,0.5586592178770949,0,90.0,90.0,0.1888888888888888,0.0,86,0.7166666666666667,
136562B6-95B2-483D-88DC-065F28409FD2,136562B6_s4,8023FE1A-D3B0-4E2C-A57A-9321B7FC755F,trust_model,"{""theta"": 0.9763825458805154, ""gain"": 0.3, ""decay"": 0.0, ""tau_lo"": 0.4, ""tau_hi"": 0.6}",180,60,120,0.0,0.6416666666666667,0,77,60,120,1,0.5586592178770949,0,90.0,90.0,0.2388888888888889,0.0,77,0.6416666666666667,
136562B6-95B2-483D-88DC-065F28409FD2,136562B6_s4,8023FE1A-D3B0-4E2C-A57A-9321B7FC755F,sprt,"{""A"": 16, ""B"": 4, ""mu_gen"": 0.9373256431949326, ""sd_gen"": 0.04683634533917442, ""mu_imp"": 0.5104993709054623, ""sd_imp"": 0.30259174967565355}",180,60,120,0.0,0.1166666666666666,0,14,60,120,2,1.11731843575419,0,60.0,54.0,0.5888888888888889,0.0,14,0.1166666666666666,6.0
136562B6-95B2-483D-88DC-065F28409FD2,136562B6_s5,ECECC2AB-D32F-4F90-B74C-E12A1C69BBE2,instantaneous,"{""theta"": 0.8799273220596923}",180,60,120,0.0,0.025,0,3,60,120,6,3.35195530726257,5,25.714285714285715,18.0,0.65,0.0,3,0.025,4.0
136562B6-95B2-483D-88DC-065F28409FD2,136562B6_s5,ECECC2AB-D32F-4F90-B74C-E12A1C69BBE2,moving_average,"{""theta"": 0.855359166341273, ""w"": 5}",180,60,120,0.0166666666666666,0.0333333333333333,1,4,60,120,2,1.11731843575419,0,60.0,61.0,0.65,1.0,4,0.0333333333333333,4.0
136562B6-95B2-483D-88DC-065F28409FD2,136562B6_s5,ECECC2AB-D32F-4F90-B74C-E12A1C69BBE2,ewma,"{""theta"": 0.855359166341273, ""alpha"": 0.2}",180,60,120,0.0166666666666666,0.0666666666666666,1,8,60,120,2,1.11731843575419,0,60.0,61.0,0.6277777777777778,1.0,8,0.0666666666666666,8.0
136562B6-95B2-483D-88DC-065F28409FD2,136562B6_s5,ECECC2AB-D32F-4F90-B74C-E12A1C69BBE2,majority_vote,"{""theta"": 0.855359166341273, ""w"": 5, ""k"": 4}",180,60,120,0.0166666666666666,0.025,1,3,60,120,2,1.11731843575419,0,60.0,61.0,0.6555555555555556,1.0,3,0.025,3.0
136562B6-95B2-483D-88DC-065F28409FD2,136562B6_s5,ECECC2AB-D32F-4F90-B74C-E12A1C69BBE2,debounce,"{""theta"": 0.881700693589243, ""n"": 2}",180,60,120,0.0166666666666666,0.0416666666666666,1,5,60,120,2,1.11731843575419,0,60.0,61.0,0.6444444444444445,1.0,5,0.0416666666666666,5.0
136562B6-95B2-483D-88DC-065F28409FD2,136562B6_s5,ECECC2AB-D32F-4F90-B74C-E12A1C69BBE2,margin_dual_threshold,"{""theta"": 0.855359166341273, ""margin"": 0.05}",180,60,120,0.0,0.0,0,0,60,120,2,1.11731843575419,0,60.0,60.0,0.6666666666666666,0.0,0,0.0,0.0
136562B6-95B2-483D-88DC-065F28409FD2,136562B6_s5,ECECC2AB-D32F-4F90-B74C-E12A1C69BBE2,hysteresis,"{""theta"": 0.9763825458805154, ""margin"": 0.1, ""ttt_frames"": 5}",180,60,120,0.0666666666666666,0.5,4,60,60,120,1,0.5586592178770949,0,90.0,90.0,0.3555555555555555,4.0,60,0.5,
136562B6-95B2-483D-88DC-065F28409FD2,136562B6_s5,ECECC2AB-D32F-4F90-B74C-E12A1C69BBE2,trust_model,"{""theta"": 0.9763825458805154, ""gain"": 0.3, ""decay"": 0.0, ""tau_lo"": 0.4, ""tau_hi"": 0.6}",180,60,120,0.0333333333333333,0.5,2,60,60,120,1,0.5586592178770949,0,90.0,90.0,0.3444444444444444,2.0,60,0.5,
136562B6-95B2-483D-88DC-065F28409FD2,136562B6_s5,ECECC2AB-D32F-4F90-B74C-E12A1C69BBE2,sprt,"{""A"": 16, ""B"": 4, ""mu_gen"": 0.9373256431949326, ""sd_gen"": 0.04683634533917442, ""mu_imp"": 0.5104993709054623, ""sd_imp"": 0.30259174967565355}",180,60,120,0.0,0.0583333333333333,0,7,60,120,2,1.11731843575419,0,60.0,60.0,0.6277777777777778,0.0,7,0.0583333333333333,7.0
1538C99F-BA1E-4EFB-A949-6C7C47701B20,1538C99F_s0,806289BC-AD52-4CC1-806C-0CDB14D65EB6,instantaneous,"{""theta"": 0.8706086796488348}",180,60,120,0.0,0.0,0,0,60,120,2,1.11731843575419,0,60.0,60.0,0.6666666666666666,0.0,0,0.0,0.0
1538C99F-BA1E-4EFB-A949-6C7C47701B20,1538C99F_s0,806289BC-AD52-4CC1-806C-0CDB14D65EB6,moving_average,"{""theta"": 0.8686369864955606, ""w"": 3}",180,60,120,0.0,0.0166666666666666,0,2,60,120,2,1.11731843575419,0,60.0,60.0,0.6555555555555556,0.0,2,0.0166666666666666,2.0
1538C99F-BA1E-4EFB-A949-6C7C47701B20,1538C99F_s0,806289BC-AD52-4CC1-806C-0CDB14D65EB6,ewma,"{""theta"": 0.8680612002288045, ""alpha"": 0.5}",180,60,120,0.0,0.0166666666666666,0,2,60,120,2,1.11731843575419,0,60.0,60.0,0.6555555555555556,0.0,2,0.0166666666666666,2.0
1538C99F-BA1E-4EFB-A949-6C7C47701B20,1538C99F_s0,806289BC-AD52-4CC1-806C-0CDB14D65EB6,majority_vote,"{""theta"": 0.871109787112338, ""w"": 5, ""k"": 4}",180,60,120,0.0166666666666666,0.025,1,3,60,120,2,1.11731843575419,0,60.0,61.0,0.6555555555555556,1.0,3,0.025,3.0
1538C99F-BA1E-4EFB-A949-6C7C47701B20,1538C99F_s0,806289BC-AD52-4CC1-806C-0CDB14D65EB6,debounce,"{""theta"": 0.8878758486905917, ""n"": 3}",180,60,120,0.0333333333333333,0.0166666666666666,2,2,60,120,2,1.11731843575419,0,60.0,60.0,0.6666666666666666,2.0,2,0.0166666666666666,2.0
1538C99F-BA1E-4EFB-A949-6C7C47701B20,1538C99F_s0,806289BC-AD52-4CC1-806C-0CDB14D65EB6,margin_dual_threshold,"{""theta"": 0.881557749757517, ""margin"": 0.05}",180,60,120,0.0,0.0,0,0,60,120,2,1.11731843575419,0,60.0,60.0,0.6666666666666666,0.0,0,0.0,0.0
1538C99F-BA1E-4EFB-A949-6C7C47701B20,1538C99F_s0,806289BC-AD52-4CC1-806C-0CDB14D65EB6,hysteresis,"{""theta"": 0.9213984287099902, ""margin"": 0.1, ""ttt_frames"": 2}",180,60,120,0.0166666666666666,0.0083333333333333,1,1,60,120,2,1.11731843575419,0,60.0,60.0,0.6666666666666666,1.0,1,0.0083333333333333,1.0
1538C99F-BA1E-4EFB-A949-6C7C47701B20,1538C99F_s0,806289BC-AD52-4CC1-806C-0CDB14D65EB6,trust_model,"{""theta"": 0.9749448593598448, ""gain"": 0.1, ""decay"": 0.05, ""tau_lo"": 0.4, ""tau_hi"": 0.6}",180,60,120,0.0,0.5,0,60,60,120,1,0.5586592178770949,0,90.0,90.0,0.3333333333333333,0.0,60,0.5,
1538C99F-BA1E-4EFB-A949-6C7C47701B20,1538C99F_s0,806289BC-AD52-4CC1-806C-0CDB14D65EB6,sprt,"{""A"": 8, ""B"": 1, ""mu_gen"": 0.9259595592197434, ""sd_gen"": 0.03251697868706521, ""mu_imp"": 0.550189675611596, ""sd_imp"": 0.31638437221706395}",180,60,120,0.0,0.05,0,6,60,120,2,1.11731843575419,0,60.0,60.0,0.6333333333333333,0.0,6,0.05,6.0
1538C99F-BA1E-4EFB-A949-6C7C47701B20,1538C99F_s1,33A85C34-CFE4-4732-9E73-0A7AC861B27A,instantaneous,"{""theta"": 0.8706086796488348}",180,60,120,0.0,0.0,0,0,60,120,2,1.11731843575419,0,60.0,60.0,0.6666666666666666,0.0,0,0.0,0.0
1538C99F-BA1E-4EFB-A949-6C7C47701B20,1538C99F_s1,33A85C34-CFE4-4732-9E73-0A7AC861B27A,moving_average,"{""theta"": 0.8686369864955606, ""w"": 3}",180,60,120,0.0,0.0166666666666666,0,2,60,120,2,1.11731843575419,0,60.0,60.0,0.6555555555555556,0.0,2,0.0166666666666666,2.0
1538C99F-BA1E-4EFB-A949-6C7C47701B20,1538C99F_s1,33A85C34-CFE4-4732-9E73-0A7AC861B27A,ewma,"{""theta"": 0.8680612002288045, ""alpha"": 0.5}",180,60,120,0.0,0.0333333333333333,0,4,60,120,2,1.11731843575419,0,60.0,60.0,0.6444444444444445,0.0,4,0.0333333333333333,4.0
1538C99F-BA1E-4EFB-A949-6C7C47701B20,1538C99F_s1,33A85C34-CFE4-4732-9E73-0A7AC861B27A,majority_vote,"{""theta"": 0.871109787112338, ""w"": 5, ""k"": 4}",180,60,120,0.0166666666666666,0.025,1,3,60,120,2,1.11731843575419,0,60.0,61.0,0.6555555555555556,1.0,3,0.025,3.0
1538C99F-BA1E-4EFB-A949-6C7C47701B20,1538C99F_s1,33A85C34-CFE4-4732-9E73-0A7AC861B27A,debounce,"{""theta"": 0.8878758486905917, ""n"": 3}",180,60,120,0.0333333333333333,0.0166666666666666,2,2,60,120,2,1.11731843575419,0,60.0,60.0,0.6666666666666666,2.0,2,0.0166666666666666,2.0
1538C99F-BA1E-4EFB-A949-6C7C47701B20,1538C99F_s1,33A85C34-CFE4-4732-9E73-0A7AC861B27A,margin_dual_threshold,"{""theta"": 0.881557749757517, ""margin"": 0.05}",180,60,120,0.0,0.0,0,0,60,120,2,1.11731843575419,0,60.0,60.0,0.6666666666666666,0.0,0,0.0,0.0
1538C99F-BA1E-4EFB-A949-6C7C47701B20,1538C99F_s1,33A85C34-CFE4-4732-9E73-0A7AC861B27A,hysteresis,"{""theta"": 0.9213984287099902, ""margin"": 0.1, ""ttt_frames"": 2}",180,60,120,0.0166666666666666,0.5,1,60,60,120,1,0.5586592178770949,0,90.0,90.0,0.3388888888888889,1.0,60,0.5,
1538C99F-BA1E-4EFB-A949-6C7C47701B20,1538C99F_s1,33A85C34-CFE4-4732-9E73-0A7AC861B27A,trust_model,"{""theta"": 0.9749448593598448, ""gain"": 0.1, ""decay"": 0.05, ""tau_lo"": 0.4, ""tau_hi"": 0.6}",180,60,120,0.0,0.5,0,60,60,120,1,0.5586592178770949,0,90.0,90.0,0.3333333333333333,0.0,60,0.5,
1538C99F-BA1E-4EFB-A949-6C7C47701B20,1538C99F_s1,33A85C34-CFE4-4732-9E73-0A7AC861B27A,sprt,"{""A"": 8, ""B"": 1, ""mu_gen"": 0.9259595592197434, ""sd_gen"": 0.03251697868706521, ""mu_imp"": 0.550189675611596, ""sd_imp"": 0.31638437221706395}",180,60,120,0.0,0.0166666666666666,0,2,60,120,2,1.11731843575419,0,60.0,60.0,0.6555555555555556,0.0,2,0.0166666666666666,2.0
1538C99F-BA1E-4EFB-A949-6C7C47701B20,1538C99F_s2,8023FE1A-D3B0-4E2C-A57A-9321B7FC755F,instantaneous,"{""theta"": 0.8706086796488348}",180,60,120,0.0,0.0,0,0,60,120,2,1.11731843575419,0,60.0,60.0,0.6666666666666666,0.0,0,0.0,0.0
1538C99F-BA1E-4EFB-A949-6C7C47701B20,1538C99F_s2,8023FE1A-D3B0-4E2C-A57A-9321B7FC755F,moving_average,"{""theta"": 0.8686369864955606, ""w"": 3}",180,60,120,0.0166666666666666,0.0166666666666666,1,2,60,120,2,1.11731843575419,0,60.0,61.0,0.6611111111111111,1.0,2,0.0166666666666666,2.0
1538C99F-BA1E-4EFB-A949-6C7C47701B20,1538C99F_s2,8023FE1A-D3B0-4E2C-A57A-9321B7FC755F,ewma,"{""theta"": 0.8680612002288045, ""alpha"": 0.5}",180,60,120,0.0,0.0166666666666666,0,2,60,120,2,1.11731843575419,0,60.0,60.0,0.6555555555555556,0.0,2,0.0166666666666666,2.0
1538C99F-BA1E-4EFB-A949-6C7C47701B20,1538C99F_s2,8023FE1A-D3B0-4E2C-A57A-9321B7FC755F,majority_vote,"{""theta"": 0.871109787112338, ""w"": 5, ""k"": 4}",180,60,120,0.0166666666666666,0.025,1,3,60,120,2,1.11731843575419,0,60.0,61.0,0.6555555555555556,1.0,3,0.025,3.0
1538C99F-BA1E-4EFB-A949-6C7C47701B20,1538C99F_s2,8023FE1A-D3B0-4E2C-A57A-9321B7FC755F,debounce,"{""theta"": 0.8878758486905917, ""n"": 3}",180,60,120,0.0333333333333333,0.0166666666666666,2,2,60,120,2,1.11731843575419,0,60.0,60.0,0.6666666666666666,2.0,2,0.0166666666666666,2.0
1538C99F-BA1E-4EFB-A949-6C7C47701B20,1538C99F_s2,8023FE1A-D3B0-4E2C-A57A-9321B7FC755F,margin_dual_threshold,"{""theta"": 0.881557749757517, ""margin"": 0.05}",180,60,120,0.0,0.0,0,0,60,120,2,1.11731843575419,0,60.0,60.0,0.6666666666666666,0.0,0,0.0,0.0
1538C99F-BA1E-4EFB-A949-6C7C47701B20,1538C99F_s2,8023FE1A-D3B0-4E2C-A57A-9321B7FC755F,hysteresis,"{""theta"": 0.9213984287099902, ""margin"": 0.1, ""ttt_frames"": 2}",180,60,120,0.0166666666666666,0.5,1,60,60,120,1,0.5586592178770949,0,90.0,90.0,0.3388888888888889,1.0,60,0.5,
1538C99F-BA1E-4EFB-A949-6C7C47701B20,1538C99F_s2,8023FE1A-D3B0-4E2C-A57A-9321B7FC755F,trust_model,"{""theta"": 0.9749448593598448, ""gain"": 0.1, ""decay"": 0.05, ""tau_lo"": 0.4, ""tau_hi"": 0.6}",180,60,120,0.0666666666666666,0.5,4,60,60,120,1,0.5586592178770949,0,90.0,90.0,0.3555555555555555,4.0,60,0.5,
1538C99F-BA1E-4EFB-A949-6C7C47701B20,1538C99F_s2,8023FE1A-D3B0-4E2C-A57A-9321B7FC755F,sprt,"{""A"": 8, ""B"": 1, ""mu_gen"": 0.9259595592197434, ""sd_gen"": 0.03251697868706521, ""mu_imp"": 0.550189675611596, ""sd_imp"": 0.31638437221706395}",180,60,120,0.0,0.0166666666666666,0,2,60,120,2,1.11731843575419,0,60.0,60.0,0.6555555555555556,0.0,2,0.0166666666666666,2.0
1538C99F-BA1E-4EFB-A949-6C7C47701B20,1538C99F_s3,806289BC-AD52-4CC1-806C-0CDB14D65EB6,instantaneous,"{""theta"": 0.8706086796488348}",180,60,120,0.0,0.0,0,0,60,120,2,1.11731843575419,0,60.0,60.0,0.6666666666666666,0.0,0,0.0,0.0
1538C99F-BA1E-4EFB-A949-6C7C47701B20,1538C99F_s3,806289BC-AD52-4CC1-806C-0CDB14D65EB6,moving_average,"{""theta"": 0.8686369864955606, ""w"": 3}",180,60,120,0.0,0.0166666666666666,0,2,60,120,2,1.11731843575419,0,60.0,60.0,0.6555555555555556,0.0,2,0.0166666666666666,2.0
1538C99F-BA1E-4EFB-A949-6C7C47701B20,1538C99F_s3,806289BC-AD52-4CC1-806C-0CDB14D65EB6,ewma,"{""theta"": 0.8680612002288045, ""alpha"": 0.5}",180,60,120,0.0,0.025,0,3,60,120,2,1.11731843575419,0,60.0,60.0,0.65,0.0,3,0.025,3.0
1538C99F-BA1E-4EFB-A949-6C7C47701B20,1538C99F_s3,806289BC-AD52-4CC1-806C-0CDB14D65EB6,majority_vote,"{""theta"": 0.871109787112338, ""w"": 5, ""k"": 4}",180,60,120,0.0166666666666666,0.025,1,3,60,120,2,1.11731843575419,0,60.0,61.0,0.6555555555555556,1.0,3,0.025,3.0
1538C99F-BA1E-4EFB-A949-6C7C47701B20,1538C99F_s3,806289BC-AD52-4CC1-806C-0CDB14D65EB6,debounce,"{""theta"": 0.8878758486905917, ""n"": 3}",180,60,120,0.0333333333333333,0.0166666666666666,2,2,60,120,2,1.11731843575419,0,60.0,60.0,0.6666666666666666,2.0,2,0.0166666666666666,2.0
1538C99F-BA1E-4EFB-A949-6C7C47701B20,1538C99F_s3,806289BC-AD52-4CC1-806C-0CDB14D65EB6,margin_dual_threshold,"{""theta"": 0.881557749757517, ""margin"": 0.05}",180,60,120,0.0,0.0,0,0,60,120,2,1.11731843575419,0,60.0,60.0,0.6666666666666666,0.0,0,0.0,0.0
1538C99F-BA1E-4EFB-A949-6C7C47701B20,1538C99F_s3,806289BC-AD52-4CC1-806C-0CDB14D65EB6,hysteresis,"{""theta"": 0.9213984287099902, ""margin"": 0.1, ""ttt_frames"": 2}",180,60,120,0.0166666666666666,0.325,1,39,60,120,2,1.11731843575419,0,60.0,61.0,0.4555555555555555,1.0,39,0.325,39.0
1538C99F-BA1E-4EFB-A949-6C7C47701B20,1538C99F_s3,806289BC-AD52-4CC1-806C-0CDB14D65EB6,trust_model,"{""theta"": 0.9749448593598448, ""gain"": 0.1, ""decay"": 0.05, ""tau_lo"": 0.4, ""tau_hi"": 0.6}",180,60,120,0.0,0.5,0,60,60,120,1,0.5586592178770949,0,90.0,90.0,0.3333333333333333,0.0,60,0.5,
1538C99F-BA1E-4EFB-A949-6C7C47701B20,1538C99F_s3,806289BC-AD52-4CC1-806C-0CDB14D65EB6,sprt,"{""A"": 8, ""B"": 1, ""mu_gen"": 0.9259595592197434, ""sd_gen"": 0.03251697868706521, ""mu_imp"": 0.550189675611596, ""sd_imp"": 0.31638437221706395}",180,60,120,0.0,0.0166666666666666,0,2,60,120,2,1.11731843575419,0,60.0,60.0,0.6555555555555556,0.0,2,0.0166666666666666,2.0
1538C99F-BA1E-4EFB-A949-6C7C47701B20,1538C99F_s4,CF722AA9-2533-4E51-9FEB-9EAC84EE9AAC,instantaneous,"{""theta"": 0.8706086796488348}",180,60,120,0.0,0.0,0,0,60,120,2,1.11731843575419,0,60.0,60.0,0.6666666666666666,0.0,0,0.0,0.0
1538C99F-BA1E-4EFB-A949-6C7C47701B20,1538C99F_s4,CF722AA9-2533-4E51-9FEB-9EAC84EE9AAC,moving_average,"{""theta"": 0.8686369864955606, ""w"": 3}",180,60,120,0.0166666666666666,0.0083333333333333,1,1,60,120,2,1.11731843575419,0,60.0,60.0,0.6666666666666666,1.0,1,0.0083333333333333,1.0
1538C99F-BA1E-4EFB-A949-6C7C47701B20,1538C99F_s4,CF722AA9-2533-4E51-9FEB-9EAC84EE9AAC,ewma,"{""theta"": 0.8680612002288045, ""alpha"": 0.5}",180,60,120,0.0166666666666666,0.0083333333333333,1,1,60,120,2,1.11731843575419,0,60.0,60.0,0.6666666666666666,1.0,1,0.0083333333333333,1.0
1538C99F-BA1E-4EFB-A949-6C7C47701B20,1538C99F_s4,CF722AA9-2533-4E51-9FEB-9EAC84EE9AAC,majority_vote,"{""theta"": 0.871109787112338, ""w"": 5, ""k"": 4}",180,60,120,0.0166666666666666,0.025,1,3,60,120,2,1.11731843575419,0,60.0,61.0,0.6555555555555556,1.0,3,0.025,3.0
1538C99F-BA1E-4EFB-A949-6C7C47701B20,1538C99F_s4,CF722AA9-2533-4E51-9FEB-9EAC84EE9AAC,debounce,"{""theta"": 0.8878758486905917, ""n"": 3}",180,60,120,0.0333333333333333,0.0166666666666666,2,2,60,120,2,1.11731843575419,0,60.0,60.0,0.6666666666666666,2.0,2,0.0166666666666666,2.0
1538C99F-BA1E-4EFB-A949-6C7C47701B20,1538C99F_s4,CF722AA9-2533-4E51-9FEB-9EAC84EE9AAC,margin_dual_threshold,"{""theta"": 0.881557749757517, ""margin"": 0.05}",180,60,120,0.0,0.0,0,0,60,120,2,1.11731843575419,0,60.0,60.0,0.6666666666666666,0.0,0,0.0,0.0
1538C99F-BA1E-4EFB-A949-6C7C47701B20,1538C99F_s4,CF722AA9-2533-4E51-9FEB-9EAC84EE9AAC,hysteresis,"{""theta"": 0.9213984287099902, ""margin"": 0.1, ""ttt_frames"": 2}",180,60,120,0.0166666666666666,0.1333333333333333,1,16,60,120,2,1.11731843575419,0,60.0,61.0,0.5833333333333334,1.0,16,0.1333333333333333,16.0
1538C99F-BA1E-4EFB-A949-6C7C47701B20,1538C99F_s4,CF722AA9-2533-4E51-9FEB-9EAC84EE9AAC,trust_model,"{""theta"": 0.9749448593598448, ""gain"": 0.1, ""decay"": 0.05, ""tau_lo"": 0.4, ""tau_hi"": 0.6}",180,60,120,0.05,0.5,3,60,60,120,1,0.5586592178770949,0,90.0,90.0,0.35,3.0,60,0.5,
1538C99F-BA1E-4EFB-A949-6C7C47701B20,1538C99F_s4,CF722AA9-2533-4E51-9FEB-9EAC84EE9AAC,sprt,"{""A"": 8, ""B"": 1, ""mu_gen"": 0.9259595592197434, ""sd_gen"": 0.03251697868706521, ""mu_imp"": 0.550189675611596, ""sd_imp"": 0.31638437221706395}",180,60,120,0.0166666666666666,0.0166666666666666,1,2,60,120,2,1.11731843575419,0,60.0,61.0,0.6611111111111111,1.0,2,0.0166666666666666,2.0
24E40C4C-A349-4F9F-93AB-01D00FB994AF,24E40C4C_s0,A7599A50-24AE-46A6-8EA6-2576F1011D81,instantaneous,"{""theta"": 0.9044760807406377}",180,60,120,0.0,0.0,0,0,60,120,2,1.11731843575419,0,60.0,60.0,0.6666666666666666,0.0,0,0.0,0.0
24E40C4C-A349-4F9F-93AB-01D00FB994AF,24E40C4C_s0,A7599A50-24AE-46A6-8EA6-2576F1011D81,moving_average,"{""theta"": 0.8727185051235681, ""w"": 10}",180,60,120,0.0166666666666666,0.075,1,9,60,120,2,1.11731843575419,0,60.0,61.0,0.6222222222222222,1.0,9,0.075,9.0
24E40C4C-A349-4F9F-93AB-01D00FB994AF,24E40C4C_s0,A7599A50-24AE-46A6-8EA6-2576F1011D81,ewma,"{""theta"": 0.8727185051235681, ""alpha"": 0.1}",180,60,120,0.0166666666666666,0.1833333333333333,1,22,60,120,2,1.11731843575419,0,60.0,61.0,0.55,1.0,22,0.1833333333333333,22.0
24E40C4C-A349-4F9F-93AB-01D00FB994AF,24E40C4C_s0,A7599A50-24AE-46A6-8EA6-2576F1011D81,majority_vote,"{""theta"": 0.9073839044218791, ""w"": 5, ""k"": 3}",180,60,120,0.0333333333333333,0.0166666666666666,2,2,60,120,2,1.11731843575419,0,60.0,60.0,0.6666666666666666,2.0,2,0.0166666666666666,2.0
24E40C4C-A349-4F9F-93AB-01D00FB994AF,24E40C4C_s0,A7599A50-24AE-46A6-8EA6-2576F1011D81,debounce,"{""theta"": 0.9138283303194696, ""n"": 3}",180,60,120,0.0333333333333333,0.025,2,3,60,120,2,1.11731843575419,0,60.0,61.0,0.6611111111111111,2.0,3,0.025,3.0
24E40C4C-A349-4F9F-93AB-01D00FB994AF,24E40C4C_s0,A7599A50-24AE-46A6-8EA6-2576F1011D81,margin_dual_threshold,"{""theta"": 0.8438991360257181, ""margin"": 0.4}",180,60,120,0.0,0.5,0,60,60,120,1,0.5586592178770949,0,90.0,90.0,0.3333333333333333,0.0,60,0.5,
24E40C4C-A349-4F9F-93AB-01D00FB994AF,24E40C4C_s0,A7599A50-24AE-46A6-8EA6-2576F1011D81,hysteresis,"{""theta"": 0.8727185051235681, ""margin"": 0.2, ""ttt_frames"": 2}",180,60,120,0.0166666666666666,0.5,1,60,60,120,1,0.5586592178770949,0,90.0,90.0,0.3388888888888889,1.0,60,0.5,
24E40C4C-A349-4F9F-93AB-01D00FB994AF,24E40C4C_s0,A7599A50-24AE-46A6-8EA6-2576F1011D81,trust_model,"{""theta"": 0.9170925055254169, ""gain"": 0.6, ""decay"": 0.05, ""tau_lo"": 0.4, ""tau_hi"": 0.6}",180,60,120,0.0166666666666666,0.2333333333333333,1,28,60,120,2,1.11731843575419,0,60.0,61.0,0.5166666666666667,1.0,28,0.2333333333333333,28.0
24E40C4C-A349-4F9F-93AB-01D00FB994AF,24E40C4C_s0,A7599A50-24AE-46A6-8EA6-2576F1011D81,sprt,"{""A"": 4, ""B"": 16, ""mu_gen"": 0.9508737414328132, ""sd_gen"": 0.027769326428955746, ""mu_imp"": 0.41774691358024696, ""sd_imp"": 0.27516664217617687}",180,60,120,0.0,0.0083333333333333,0,1,60,120,2,1.11731843575419,0,60.0,60.0,0.6611111111111111,0.0,1,0.0083333333333333,1.0
24E40C4C-A349-4F9F-93AB-01D00FB994AF,24E40C4C_s1,4E98F91F-4654-42EF-B908-A3389443F2E7,instantaneous,"{""theta"": 0.9044760807406377}",180,60,120,0.0,0.0,0,0,60,120,2,1.11731843575419,0,60.0,60.0,0.6666666666666666,0.0,0,0.0,0.0
24E40C4C-A349-4F9F-93AB-01D00FB994AF,24E40C4C_s1,4E98F91F-4654-42EF-B908-A3389443F2E7,moving_average,"{""theta"": 0.8727185051235681, ""w"": 10}",180,60,120,0.0333333333333333,0.0666666666666666,2,8,60,120,2,1.11731843575419,0,60.0,62.0,0.6333333333333333,2.0,8,0.0666666666666666,8.0
24E40C4C-A349-4F9F-93AB-01D00FB994AF,24E40C4C_s1,4E98F91F-4654-42EF-B908-A3389443F2E7,ewma,"{""theta"": 0.8727185051235681, ""alpha"": 0.1}",180,60,120,0.0166666666666666,0.1333333333333333,1,16,60,120,2,1.11731843575419,0,60.0,61.0,0.5833333333333334,1.0,16,0.1333333333333333,16.0
24E40C4C-A349-4F9F-93AB-01D00FB994AF,24E40C4C_s1,4E98F91F-4654-42EF-B908-A3389443F2E7,majority_vote,"{""theta"": 0.9073839044218791, ""w"": 5, ""k"": 3}",180,60,120,0.0333333333333333,0.0166666666666666,2,2,60,120,2,1.11731843575419,0,60.0,60.0,0.6666666666666666,2.0,2,0.0166666666666666,2.0
24E40C4C-A349-4F9F-93AB-01D00FB994AF,24E40C4C_s1,4E98F91F-4654-42EF-B908-A3389443F2E7,debounce,"{""theta"": 0.9138283303194696, ""n"": 3}",180,60,120,0.0333333333333333,0.0166666666666666,2,2,60,120,2,1.11731843575419,0,60.0,60.0,0.6666666666666666,2.0,2,0.0166666666666666,2.0
24E40C4C-A349-4F9F-93AB-01D00FB994AF,24E40C4C_s1,4E98F91F-4654-42EF-B908-A3389443F2E7,margin_dual_threshold,"{""theta"": 0.8438991360257181, ""margin"": 0.4}",180,60,120,0.0166666666666666,0.5,1,60,60,120,1,0.5586592178770949,0,90.0,90.0,0.3388888888888889,1.0,60,0.5,
24E40C4C-A349-4F9F-93AB-01D00FB994AF,24E40C4C_s1,4E98F91F-4654-42EF-B908-A3389443F2E7,hysteresis,"{""theta"": 0.8727185051235681, ""margin"": 0.2, ""ttt_frames"": 2}",180,60,120,0.0166666666666666,0.0083333333333333,1,1,60,120,2,1.11731843575419,0,60.0,60.0,0.6666666666666666,1.0,1,0.0083333333333333,1.0
24E40C4C-A349-4F9F-93AB-01D00FB994AF,24E40C4C_s1,4E98F91F-4654-42EF-B908-A3389443F2E7,trust_model,"{""theta"": 0.9170925055254169, ""gain"": 0.6, ""decay"": 0.05, ""tau_lo"": 0.4, ""tau_hi"": 0.6}",180,60,120,0.0166666666666666,0.1,1,12,60,120,2,1.11731843575419,0,60.0,61.0,0.6055555555555555,1.0,12,0.1,12.0
24E40C4C-A349-4F9F-93AB-01D00FB994AF,24E40C4C_s1,4E98F91F-4654-42EF-B908-A3389443F2E7,sprt,"{""A"": 4, ""B"": 16, ""mu_gen"": 0.9508737414328132, ""sd_gen"": 0.027769326428955746, ""mu_imp"": 0.41774691358024696, ""sd_imp"": 0.27516664217617687}",180,60,120,0.0,0.0083333333333333,0,1,60,120,2,1.11731843575419,0,60.0,60.0,0.6611111111111111,0.0,1,0.0083333333333333,1.0
24E40C4C-A349-4F9F-93AB-01D00FB994AF,24E40C4C_s2,00EABED2-271D-49D8-B599-1D4A09240601,instantaneous,"{""theta"": 0.9044760807406377}",180,60,120,0.0,0.0083333333333333,0,1,60,120,4,2.23463687150838,2,36.0,54.0,0.6611111111111111,0.0,1,0.0083333333333333,0.0
24E40C4C-A349-4F9F-93AB-01D00FB994AF,24E40C4C_s2,00EABED2-271D-49D8-B599-1D4A09240601,moving_average,"{""theta"": 0.8727185051235681, ""w"": 10}",180,60,120,0.0833333333333333,0.0666666666666666,5,8,60,120,2,1.11731843575419,0,60.0,63.0,0.65,5.0,8,0.0666666666666666,8.0
24E40C4C-A349-4F9F-93AB-01D00FB994AF,24E40C4C_s2,00EABED2-271D-49D8-B599-1D4A09240601,ewma,"{""theta"": 0.8727185051235681, ""alpha"": 0.1}",180,60,120,0.1,0.1166666666666666,6,14,60,120,2,1.11731843575419,0,60.0,66.0,0.6222222222222222,6.0,14,0.1166666666666666,14.0
24E40C4C-A349-4F9F-93AB-01D00FB994AF,24E40C4C_s2,00EABED2-271D-49D8-B599-1D4A09240601,majority_vote,"{""theta"": 0.9073839044218791, ""w"": 5, ""k"": 3}",180,60,120,0.0333333333333333,0.0166666666666666,2,2,60,120,2,1.11731843575419,0,60.0,60.0,0.6666666666666666,2.0,2,0.0166666666666666,2.0
24E40C4C-A349-4F9F-93AB-01D00FB994AF,24E40C4C_s2,00EABED2-271D-49D8-B599-1D4A09240601,debounce,"{""theta"": 0.9138283303194696, ""n"": 3}",180,60,120,0.0333333333333333,0.0166666666666666,2,2,60,120,2,1.11731843575419,0,60.0,60.0,0.6666666666666666,2.0,2,0.0166666666666666,2.0
24E40C4C-A349-4F9F-93AB-01D00FB994AF,24E40C4C_s2,00EABED2-271D-49D8-B599-1D4A09240601,margin_dual_threshold,"{""theta"": 0.8438991360257181, ""margin"": 0.4}",180,60,120,0.65,0.5,39,60,60,120,1,0.5586592178770949,0,90.0,90.0,0.55,39.0,60,0.5,
24E40C4C-A349-4F9F-93AB-01D00FB994AF,24E40C4C_s2,00EABED2-271D-49D8-B599-1D4A09240601,hysteresis,"{""theta"": 0.8727185051235681, ""margin"": 0.2, ""ttt_frames"": 2}",180,60,120,0.3833333333333333,0.0166666666666666,23,2,60,120,2,1.11731843575419,0,60.0,58.0,0.7833333333333333,23.0,2,0.0166666666666666,2.0
24E40C4C-A349-4F9F-93AB-01D00FB994AF,24E40C4C_s2,00EABED2-271D-49D8-B599-1D4A09240601,trust_model,"{""theta"": 0.9170925055254169, ""gain"": 0.6, ""decay"": 0.05, ""tau_lo"": 0.4, ""tau_hi"": 0.6}",180,60,120,0.0666666666666666,0.2666666666666666,4,32,60,120,2,1.11731843575419,0,60.0,64.0,0.5111111111111111,4.0,32,0.2666666666666666,32.0
24E40C4C-A349-4F9F-93AB-01D00FB994AF,24E40C4C_s2,00EABED2-271D-49D8-B599-1D4A09240601,sprt,"{""A"": 4, ""B"": 16, ""mu_gen"": 0.9508737414328132, ""sd_gen"": 0.027769326428955746, ""mu_imp"": 0.41774691358024696, ""sd_imp"": 0.27516664217617687}",180,60,120,0.0166666666666666,0.0,1,0,60,120,2,1.11731843575419,0,60.0,60.0,0.6722222222222223,1.0,0,0.0,0.0
24E40C4C-A349-4F9F-93AB-01D00FB994AF,24E40C4C_s3,78A91A4E-4A51-4065-BDA7-94755F0BB3BB,instantaneous,"{""theta"": 0.9044760807406377}",180,60,120,0.0,0.0,0,0,60,120,2,1.11731843575419,0,60.0,60.0,0.6666666666666666,0.0,0,0.0,0.0
24E40C4C-A349-4F9F-93AB-01D00FB994AF,24E40C4C_s3,78A91A4E-4A51-4065-BDA7-94755F0BB3BB,moving_average,"{""theta"": 0.8727185051235681, ""w"": 10}",180,60,120,0.0166666666666666,0.075,1,9,60,120,2,1.11731843575419,0,60.0,61.0,0.6222222222222222,1.0,9,0.075,9.0
24E40C4C-A349-4F9F-93AB-01D00FB994AF,24E40C4C_s3,78A91A4E-4A51-4065-BDA7-94755F0BB3BB,ewma,"{""theta"": 0.8727185051235681, ""alpha"": 0.1}",180,60,120,0.0166666666666666,0.175,1,21,60,120,2,1.11731843575419,0,60.0,61.0,0.5555555555555556,1.0,21,0.175,21.0
24E40C4C-A349-4F9F-93AB-01D00FB994AF,24E40C4C_s3,78A91A4E-4A51-4065-BDA7-94755F0BB3BB,majority_vote,"{""theta"": 0.9073839044218791, ""w"": 5, ""k"": 3}",180,60,120,0.0333333333333333,0.0166666666666666,2,2,60,120,2,1.11731843575419,0,60.0,60.0,0.6666666666666666,2.0,2,0.0166666666666666,2.0
24E40C4C-A349-4F9F-93AB-01D00FB994AF,24E40C4C_s3,78A91A4E-4A51-4065-BDA7-94755F0BB3BB,debounce,"{""theta"": 0.9138283303194696, ""n"": 3}",180,60,120,0.0333333333333333,0.0333333333333333,2,4,60,120,2,1.11731843575419,0,60.0,62.0,0.6555555555555556,2.0,4,0.0333333333333333,4.0
24E40C4C-A349-4F9F-93AB-01D00FB994AF,24E40C4C_s3,78A91A4E-4A51-4065-BDA7-94755F0BB3BB,margin_dual_threshold,"{""theta"": 0.8438991360257181, ""margin"": 0.4}",180,60,120,0.0,0.5,0,60,60,120,1,0.5586592178770949,0,90.0,90.0,0.3333333333333333,0.0,60,0.5,
24E40C4C-A349-4F9F-93AB-01D00FB994AF,24E40C4C_s3,78A91A4E-4A51-4065-BDA7-94755F0BB3BB,hysteresis,"{""theta"": 0.8727185051235681, ""margin"": 0.2, ""ttt_frames"": 2}",180,60,120,0.0166666666666666,0.475,1,57,60,120,2,1.11731843575419,0,60.0,61.0,0.3555555555555555,1.0,57,0.475,57.0
24E40C4C-A349-4F9F-93AB-01D00FB994AF,24E40C4C_s3,78A91A4E-4A51-4065-BDA7-94755F0BB3BB,trust_model,"{""theta"": 0.9170925055254169, ""gain"": 0.6, ""decay"": 0.05, ""tau_lo"": 0.4, ""tau_hi"": 0.6}",180,60,120,0.0166666666666666,0.2,1,24,60,120,2,1.11731843575419,0,60.0,61.0,0.5388888888888889,1.0,24,0.2,24.0
24E40C4C-A349-4F9F-93AB-01D00FB994AF,24E40C4C_s3,78A91A4E-4A51-4065-BDA7-94755F0BB3BB,sprt,"{""A"": 4, ""B"": 16, ""mu_gen"": 0.9508737414328132, ""sd_gen"": 0.027769326428955746, ""mu_imp"": 0.41774691358024696, ""sd_imp"": 0.27516664217617687}",180,60,120,0.0,0.0083333333333333,0,1,60,120,2,1.11731843575419,0,60.0,60.0,0.6611111111111111,0.0,1,0.0083333333333333,1.0
24E40C4C-A349-4F9F-93AB-01D00FB994AF,24E40C4C_s4,78A91A4E-4A51-4065-BDA7-94755F0BB3BB,instantaneous,"{""theta"": 0.9044760807406377}",180,60,120,0.0,0.0,0,0,60,120,2,1.11731843575419,0,60.0,60.0,0.6666666666666666,0.0,0,0.0,0.0
24E40C4C-A349-4F9F-93AB-01D00FB994AF,24E40C4C_s4,78A91A4E-4A51-4065-BDA7-94755F0BB3BB,moving_average,"{""theta"": 0.8727185051235681, ""w"": 10}",180,60,120,0.0166666666666666,0.0666666666666666,1,8,60,120,2,1.11731843575419,0,60.0,61.0,0.6277777777777778,1.0,8,0.0666666666666666,8.0
24E40C4C-A349-4F9F-93AB-01D00FB994AF,24E40C4C_s4,78A91A4E-4A51-4065-BDA7-94755F0BB3BB,ewma,"{""theta"": 0.8727185051235681, ""alpha"": 0.1}",180,60,120,0.0166666666666666,0.175,1,21,60,120,2,1.11731843575419,0,60.0,61.0,0.5555555555555556,1.0,21,0.175,21.0
24E40C4C-A349-4F9F-93AB-01D00FB994AF,24E40C4C_s4,78A91A4E-4A51-4065-BDA7-94755F0BB3BB,majority_vote,"{""theta"": 0.9073839044218791, ""w"": 5, ""k"": 3}",180,60,120,0.0333333333333333,0.0166666666666666,2,2,60,120,2,1.11731843575419,0,60.0,60.0,0.6666666666666666,2.0,2,0.0166666666666666,2.0
24E40C4C-A349-4F9F-93AB-01D00FB994AF,24E40C4C_s4,78A91A4E-4A51-4065-BDA7-94755F0BB3BB,debounce,"{""theta"": 0.9138283303194696, ""n"": 3}",180,60,120,0.0333333333333333,0.0166666666666666,2,2,60,120,2,1.11731843575419,0,60.0,60.0,0.6666666666666666,2.0,2,0.0166666666666666,2.0
24E40C4C-A349-4F9F-93AB-01D00FB994AF,24E40C4C_s4,78A91A4E-4A51-4065-BDA7-94755F0BB3BB,margin_dual_threshold,"{""theta"": 0.8438991360257181, ""margin"": 0.4}",180,60,120,0.0,0.5,0,60,60,120,1,0.5586592178770949,0,90.0,90.0,0.3333333333333333,0.0,60,0.5,
24E40C4C-A349-4F9F-93AB-01D00FB994AF,24E40C4C_s4,78A91A4E-4A51-4065-BDA7-94755F0BB3BB,hysteresis,"{""theta"": 0.8727185051235681, ""margin"": 0.2, ""ttt_frames"": 2}",180,60,120,0.0166666666666666,0.0166666666666666,1,2,60,120,2,1.11731843575419,0,60.0,61.0,0.6611111111111111,1.0,2,0.0166666666666666,2.0
24E40C4C-A349-4F9F-93AB-01D00FB994AF,24E40C4C_s4,78A91A4E-4A51-4065-BDA7-94755F0BB3BB,trust_model,"{""theta"": 0.9170925055254169, ""gain"": 0.6, ""decay"": 0.05, ""tau_lo"": 0.4, ""tau_hi"": 0.6}",180,60,120,0.0166666666666666,0.1666666666666666,1,20,60,120,2,1.11731843575419,0,60.0,61.0,0.5611111111111111,1.0,20,0.1666666666666666,20.0
24E40C4C-A349-4F9F-93AB-01D00FB994AF,24E40C4C_s4,78A91A4E-4A51-4065-BDA7-94755F0BB3BB,sprt,"{""A"": 4, ""B"": 16, ""mu_gen"": 0.9508737414328132, ""sd_gen"": 0.027769326428955746, ""mu_imp"": 0.41774691358024696, ""sd_imp"": 0.27516664217617687}",180,60,120,0.0,0.0,0,0,60,120,2,1.11731843575419,0,60.0,60.0,0.6666666666666666,0.0,0,0.0,0.0
24E40C4C-A349-4F9F-93AB-01D00FB994AF,24E40C4C_s5,098A72A5-E3E5-4F54-A152-BBDA0DF7B694,instantaneous,"{""theta"": 0.9044760807406377}",180,60,120,0.0,0.0,0,0,60,120,2,1.11731843575419,0,60.0,60.0,0.6666666666666666,0.0,0,0.0,0.0
24E40C4C-A349-4F9F-93AB-01D00FB994AF,24E40C4C_s5,098A72A5-E3E5-4F54-A152-BBDA0DF7B694,moving_average,"{""theta"": 0.8727185051235681, ""w"": 10}",180,60,120,0.0666666666666666,0.0333333333333333,4,4,60,120,2,1.11731843575419,0,60.0,60.0,0.6666666666666666,4.0,4,0.0333333333333333,4.0
24E40C4C-A349-4F9F-93AB-01D00FB994AF,24E40C4C_s5,098A72A5-E3E5-4F54-A152-BBDA0DF7B694,ewma,"{""theta"": 0.8727185051235681, ""alpha"": 0.1}",180,60,120,0.0833333333333333,0.05,5,6,60,120,2,1.11731843575419,0,60.0,61.0,0.6611111111111111,5.0,6,0.05,6.0
24E40C4C-A349-4F9F-93AB-01D00FB994AF,24E40C4C_s5,098A72A5-E3E5-4F54-A152-BBDA0DF7B694,majority_vote,"{""theta"": 0.9073839044218791, ""w"": 5, ""k"": 3}",180,60,120,0.0333333333333333,0.0166666666666666,2,2,60,120,2,1.11731843575419,0,60.0,60.0,0.6666666666666666,2.0,2,0.0166666666666666,2.0
24E40C4C-A349-4F9F-93AB-01D00FB994AF,24E40C4C_s5,098A72A5-E3E5-4F54-A152-BBDA0DF7B694,debounce,"{""theta"": 0.9138283303194696, ""n"": 3}",180,60,120,0.0333333333333333,0.0166666666666666,2,2,60,120,2,1.11731843575419,0,60.0,60.0,0.6666666666666666,2.0,2,0.0166666666666666,2.0
24E40C4C-A349-4F9F-93AB-01D00FB994AF,24E40C4C_s5,098A72A5-E3E5-4F54-A152-BBDA0DF7B694,margin_dual_threshold,"{""theta"": 0.8438991360257181, ""margin"": 0.4}",180,60,120,1.0,0.0,60,0,60,120,0,0.0,0,180.0,180.0,1.0,,0,0.0,0.0
24E40C4C-A349-4F9F-93AB-01D00FB994AF,24E40C4C_s5,098A72A5-E3E5-4F54-A152-BBDA0DF7B694,hysteresis,"{""theta"": 0.8727185051235681, ""margin"": 0.2, ""ttt_frames"": 2}",180,60,120,0.0166666666666666,0.2166666666666666,1,26,60,120,2,1.11731843575419,0,60.0,61.0,0.5277777777777778,1.0,26,0.2166666666666666,26.0
24E40C4C-A349-4F9F-93AB-01D00FB994AF,24E40C4C_s5,098A72A5-E3E5-4F54-A152-BBDA0DF7B694,trust_model,"{""theta"": 0.9170925055254169, ""gain"": 0.6, ""decay"": 0.05, ""tau_lo"": 0.4, ""tau_hi"": 0.6}",180,60,120,0.0666666666666666,0.1166666666666666,4,14,60,120,2,1.11731843575419,0,60.0,64.0,0.6111111111111112,4.0,14,0.1166666666666666,14.0
24E40C4C-A349-4F9F-93AB-01D00FB994AF,24E40C4C_s5,098A72A5-E3E5-4F54-A152-BBDA0DF7B694,sprt,"{""A"": 4, ""B"": 16, ""mu_gen"": 0.9508737414328132, ""sd_gen"": 0.027769326428955746, ""mu_imp"": 0.41774691358024696, ""sd_imp"": 0.27516664217617687}",180,60,120,0.0,0.0,0,0,60,120,2,1.11731843575419,0,60.0,60.0,0.6666666666666666,0.0,0,0.0,0.0
2C32C23E-E30C-498A-8DD2-0EFB9150A02E,2C32C23E_s0,A7599A50-24AE-46A6-8EA6-2576F1011D81,instantaneous,"{""theta"": 0.8394879128066178}",180,60,120,0.0,0.0,0,0,60,120,2,1.11731843575419,0,60.0,60.0,0.6666666666666666,0.0,0,0.0,0.0
2C32C23E-E30C-498A-8DD2-0EFB9150A02E,2C32C23E_s0,A7599A50-24AE-46A6-8EA6-2576F1011D81,moving_average,"{""theta"": 0.8394842567504438, ""w"": 5}",180,60,120,0.0,0.0333333333333333,0,4,60,120,2,1.11731843575419,0,60.0,60.0,0.6444444444444445,0.0,4,0.0333333333333333,4.0
2C32C23E-E30C-498A-8DD2-0EFB9150A02E,2C32C23E_s0,A7599A50-24AE-46A6-8EA6-2576F1011D81,ewma,"{""theta"": 0.845398421003457, ""alpha"": 0.3}",180,60,120,0.0,0.2166666666666666,0,26,60,120,6,3.35195530726257,0,25.714285714285715,10.0,0.5222222222222223,0.0,26,0.2166666666666666,7.0
2C32C23E-E30C-498A-8DD2-0EFB9150A02E,2C32C23E_s0,A7599A50-24AE-46A6-8EA6-2576F1011D81,majority_vote,"{""theta"": 0.845398421003457, ""w"": 5, ""k"": 3}",180,60,120,0.0333333333333333,0.2583333333333333,2,31,60,120,6,3.35195530726257,2,25.714285714285715,16.0,0.5055555555555555,2.0,31,0.2583333333333333,2.0
2C32C23E-E30C-498A-8DD2-0EFB9150A02E,2C32C23E_s0,A7599A50-24AE-46A6-8EA6-2576F1011D81,debounce,"{""theta"": 0.845398421003457, ""n"": 3}",180,60,120,0.0333333333333333,0.2583333333333333,2,31,60,120,6,3.35195530726257,2,25.714285714285715,16.0,0.5055555555555555,2.0,31,0.2583333333333333,2.0
2C32C23E-E30C-498A-8DD2-0EFB9150A02E,2C32C23E_s0,A7599A50-24AE-46A6-8EA6-2576F1011D81,margin_dual_threshold,"{""theta"": 0.8622685602167617, ""margin"": 0.05}",180,60,120,0.0,0.0,0,0,60,120,2,1.11731843575419,0,60.0,60.0,0.6666666666666666,0.0,0,0.0,0.0
2C32C23E-E30C-498A-8DD2-0EFB9150A02E,2C32C23E_s0,A7599A50-24AE-46A6-8EA6-2576F1011D81,hysteresis,"{""theta"": 0.8686962440437261, ""margin"": 0.05, ""ttt_frames"": 3}",180,60,120,0.0333333333333333,0.325,2,39,60,120,4,2.23463687150838,0,36.0,32.0,0.4611111111111111,2.0,39,0.325,7.0
2C32C23E-E30C-498A-8DD2-0EFB9150A02E,2C32C23E_s0,A7599A50-24AE-46A6-8EA6-2576F1011D81,trust_model,"{""theta"": 0.8868274128748949, ""gain"": 0.6, ""decay"": 0.2, ""tau_lo"": 0.4, ""tau_hi"": 0.6}",180,60,120,0.0,0.475,0,57,60,120,4,2.23463687150838,0,36.0,28.0,0.35,0.0,57,0.475,29.0
2C32C23E-E30C-498A-8DD2-0EFB9150A02E,2C32C23E_s0,A7599A50-24AE-46A6-8EA6-2576F1011D81,sprt,"{""A"": 4, ""B"": 1, ""mu_gen"": 0.9257841778525233, ""sd_gen"": 0.04442737009514505, ""mu_imp"": 0.46156451462206854, ""sd_imp"": 0.3026893190184544}",180,60,120,0.0,0.0083333333333333,0,1,60,120,2,1.11731843575419,0,60.0,60.0,0.6611111111111111,0.0,1,0.0083333333333333,1.0
2C32C23E-E30C-498A-8DD2-0EFB9150A02E,2C32C23E_s1,806289BC-AD52-4CC1-806C-0CDB14D65EB6,instantaneous,"{""theta"": 0.8394879128066178}",180,60,120,0.0,0.0,0,0,60,120,2,1.11731843575419,0,60.0,60.0,0.6666666666666666,0.0,0,0.0,0.0
2C32C23E-E30C-498A-8DD2-0EFB9150A02E,2C32C23E_s1,806289BC-AD52-4CC1-806C-0CDB14D65EB6,moving_average,"{""theta"": 0.8394842567504438, ""w"": 5}",180,60,120,0.0,0.0333333333333333,0,4,60,120,2,1.11731843575419,0,60.0,60.0,0.6444444444444445,0.0,4,0.0333333333333333,4.0
2C32C23E-E30C-498A-8DD2-0EFB9150A02E,2C32C23E_s1,806289BC-AD52-4CC1-806C-0CDB14D65EB6,ewma,"{""theta"": 0.845398421003457, ""alpha"": 0.3}",180,60,120,0.0,0.05,0,6,60,120,2,1.11731843575419,0,60.0,60.0,0.6333333333333333,0.0,6,0.05,6.0
2C32C23E-E30C-498A-8DD2-0EFB9150A02E,2C32C23E_s1,806289BC-AD52-4CC1-806C-0CDB14D65EB6,majority_vote,"{""theta"": 0.845398421003457, ""w"": 5, ""k"": 3}",180,60,120,0.0333333333333333,0.0166666666666666,2,2,60,120,2,1.11731843575419,0,60.0,60.0,0.6666666666666666,2.0,2,0.0166666666666666,2.0
2C32C23E-E30C-498A-8DD2-0EFB9150A02E,2C32C23E_s1,806289BC-AD52-4CC1-806C-0CDB14D65EB6,debounce,"{""theta"": 0.845398421003457, ""n"": 3}",180,60,120,0.0333333333333333,0.0166666666666666,2,2,60,120,2,1.11731843575419,0,60.0,60.0,0.6666666666666666,2.0,2,0.0166666666666666,2.0
2C32C23E-E30C-498A-8DD2-0EFB9150A02E,2C32C23E_s1,806289BC-AD52-4CC1-806C-0CDB14D65EB6,margin_dual_threshold,"{""theta"": 0.8622685602167617, ""margin"": 0.05}",180,60,120,0.0,0.0083333333333333,0,1,60,120,2,1.11731843575419,0,60.0,60.0,0.6611111111111111,0.0,1,0.0083333333333333,1.0
2C32C23E-E30C-498A-8DD2-0EFB9150A02E,2C32C23E_s1,806289BC-AD52-4CC1-806C-0CDB14D65EB6,hysteresis,"{""theta"": 0.8686962440437261, ""margin"": 0.05, ""ttt_frames"": 3}",180,60,120,0.0333333333333333,0.025,2,3,60,120,2,1.11731843575419,0,60.0,61.0,0.6611111111111111,2.0,3,0.025,3.0
2C32C23E-E30C-498A-8DD2-0EFB9150A02E,2C32C23E_s1,806289BC-AD52-4CC1-806C-0CDB14D65EB6,trust_model,"{""theta"": 0.8868274128748949, ""gain"": 0.6, ""decay"": 0.2, ""tau_lo"": 0.4, ""tau_hi"": 0.6}",180,60,120,0.0,0.125,0,15,60,120,2,1.11731843575419,0,60.0,60.0,0.5833333333333334,0.0,15,0.125,15.0
2C32C23E-E30C-498A-8DD2-0EFB9150A02E,2C32C23E_s1,806289BC-AD52-4CC1-806C-0CDB14D65EB6,sprt,"{""A"": 4, ""B"": 1, ""mu_gen"": 0.9257841778525233, ""sd_gen"": 0.04442737009514505, ""mu_imp"": 0.46156451462206854, ""sd_imp"": 0.3026893190184544}",180,60,120,0.0,0.0083333333333333,0,1,60,120,2,1.11731843575419,0,60.0,60.0,0.6611111111111111,0.0,1,0.0083333333333333,1.0
2C32C23E-E30C-498A-8DD2-0EFB9150A02E,2C32C23E_s2,7CE37510-56D0-4120-A1CF-0E23351428D2,instantaneous,"{""theta"": 0.8394879128066178}",180,60,120,0.0,0.0,0,0,60,120,2,1.11731843575419,0,60.0,60.0,0.6666666666666666,0.0,0,0.0,0.0
2C32C23E-E30C-498A-8DD2-0EFB9150A02E,2C32C23E_s2,7CE37510-56D0-4120-A1CF-0E23351428D2,moving_average,"{""theta"": 0.8394842567504438, ""w"": 5}",180,60,120,0.0,0.025,0,3,60,120,2,1.11731843575419,0,60.0,60.0,0.65,0.0,3,0.025,3.0
2C32C23E-E30C-498A-8DD2-0EFB9150A02E,2C32C23E_s2,7CE37510-56D0-4120-A1CF-0E23351428D2,ewma,"{""theta"": 0.845398421003457, ""alpha"": 0.3}",180,60,120,0.0,0.025,0,3,60,120,2,1.11731843575419,0,60.0,60.0,0.65,0.0,3,0.025,3.0
2C32C23E-E30C-498A-8DD2-0EFB9150A02E,2C32C23E_s2,7CE37510-56D0-4120-A1CF-0E23351428D2,majority_vote,"{""theta"": 0.845398421003457, ""w"": 5, ""k"": 3}",180,60,120,0.0333333333333333,0.0166666666666666,2,2,60,120,2,1.11731843575419,0,60.0,60.0,0.6666666666666666,2.0,2,0.0166666666666666,2.0
2C32C23E-E30C-498A-8DD2-0EFB9150A02E,2C32C23E_s2,7CE37510-56D0-4120-A1CF-0E23351428D2,debounce,"{""theta"": 0.845398421003457, ""n"": 3}",180,60,120,0.0333333333333333,0.0166666666666666,2,2,60,120,2,1.11731843575419,0,60.0,60.0,0.6666666666666666,2.0,2,0.0166666666666666,2.0
2C32C23E-E30C-498A-8DD2-0EFB9150A02E,2C32C23E_s2,7CE37510-56D0-4120-A1CF-0E23351428D2,margin_dual_threshold,"{""theta"": 0.8622685602167617, ""margin"": 0.05}",180,60,120,0.0,0.0,0,0,60,120,2,1.11731843575419,0,60.0,60.0,0.6666666666666666,0.0,0,0.0,0.0
2C32C23E-E30C-498A-8DD2-0EFB9150A02E,2C32C23E_s2,7CE37510-56D0-4120-A1CF-0E23351428D2,hysteresis,"{""theta"": 0.8686962440437261, ""margin"": 0.05, ""ttt_frames"": 3}",180,60,120,0.0333333333333333,0.0166666666666666,2,2,60,120,2,1.11731843575419,0,60.0,60.0,0.6666666666666666,2.0,2,0.0166666666666666,2.0
2C32C23E-E30C-498A-8DD2-0EFB9150A02E,2C32C23E_s2,7CE37510-56D0-4120-A1CF-0E23351428D2,trust_model,"{""theta"": 0.8868274128748949, ""gain"": 0.6, ""decay"": 0.2, ""tau_lo"": 0.4, ""tau_hi"": 0.6}",180,60,120,0.0,0.05,0,6,60,120,2,1.11731843575419,0,60.0,60.0,0.6333333333333333,0.0,6,0.05,6.0
2C32C23E-E30C-498A-8DD2-0EFB9150A02E,2C32C23E_s2,7CE37510-56D0-4120-A1CF-0E23351428D2,sprt,"{""A"": 4, ""B"": 1, ""mu_gen"": 0.9257841778525233, ""sd_gen"": 0.04442737009514505, ""mu_imp"": 0.46156451462206854, ""sd_imp"": 0.3026893190184544}",180,60,120,0.0,0.0083333333333333,0,1,60,120,2,1.11731843575419,0,60.0,60.0,0.6611111111111111,0.0,1,0.0083333333333333,1.0
2C32C23E-E30C-498A-8DD2-0EFB9150A02E,2C32C23E_s3,098A72A5-E3E5-4F54-A152-BBDA0DF7B694,instantaneous,"{""theta"": 0.8394879128066178}",180,60,120,0.0,0.0,0,0,60,120,2,1.11731843575419,0,60.0,60.0,0.6666666666666666,0.0,0,0.0,0.0
2C32C23E-E30C-498A-8DD2-0EFB9150A02E,2C32C23E_s3,098A72A5-E3E5-4F54-A152-BBDA0DF7B694,moving_average,"{""theta"": 0.8394842567504438, ""w"": 5}",180,60,120,0.05,0.0083333333333333,3,1,60,120,2,1.11731843575419,0,60.0,59.0,0.6777777777777778,3.0,1,0.0083333333333333,1.0
2C32C23E-E30C-498A-8DD2-0EFB9150A02E,2C32C23E_s3,098A72A5-E3E5-4F54-A152-BBDA0DF7B694,ewma,"{""theta"": 0.845398421003457, ""alpha"": 0.3}",180,60,120,0.0333333333333333,0.0083333333333333,2,1,60,120,2,1.11731843575419,0,60.0,59.0,0.6722222222222223,2.0,1,0.0083333333333333,1.0
2C32C23E-E30C-498A-8DD2-0EFB9150A02E,2C32C23E_s3,098A72A5-E3E5-4F54-A152-BBDA0DF7B694,majority_vote,"{""theta"": 0.845398421003457, ""w"": 5, ""k"": 3}",180,60,120,0.0333333333333333,0.0416666666666666,2,5,60,120,4,2.23463687150838,2,36.0,42.0,0.65,2.0,5,0.0416666666666666,2.0
2C32C23E-E30C-498A-8DD2-0EFB9150A02E,2C32C23E_s3,098A72A5-E3E5-4F54-A152-BBDA0DF7B694,debounce,"{""theta"": 0.845398421003457, ""n"": 3}",180,60,120,0.0333333333333333,0.0416666666666666,2,5,60,120,4,2.23463687150838,2,36.0,42.0,0.65,2.0,5,0.0416666666666666,2.0
2C32C23E-E30C-498A-8DD2-0EFB9150A02E,2C32C23E_s3,098A72A5-E3E5-4F54-A152-BBDA0DF7B694,margin_dual_threshold,"{""theta"": 0.8622685602167617, ""margin"": 0.05}",180,60,120,0.0,0.0,0,0,60,120,2,1.11731843575419,0,60.0,60.0,0.6666666666666666,0.0,0,0.0,0.0
2C32C23E-E30C-498A-8DD2-0EFB9150A02E,2C32C23E_s3,098A72A5-E3E5-4F54-A152-BBDA0DF7B694,hysteresis,"{""theta"": 0.8686962440437261, ""margin"": 0.05, ""ttt_frames"": 3}",180,60,120,0.0333333333333333,0.0583333333333333,2,7,60,120,4,2.23463687150838,0,36.0,40.0,0.6388888888888888,2.0,7,0.0583333333333333,2.0
2C32C23E-E30C-498A-8DD2-0EFB9150A02E,2C32C23E_s3,098A72A5-E3E5-4F54-A152-BBDA0DF7B694,trust_model,"{""theta"": 0.8868274128748949, ""gain"": 0.6, ""decay"": 0.2, ""tau_lo"": 0.4, ""tau_hi"": 0.6}",180,60,120,0.05,0.05,3,6,60,120,2,1.11731843575419,0,60.0,63.0,0.65,3.0,6,0.05,6.0
2C32C23E-E30C-498A-8DD2-0EFB9150A02E,2C32C23E_s3,098A72A5-E3E5-4F54-A152-BBDA0DF7B694,sprt,"{""A"": 4, ""B"": 1, ""mu_gen"": 0.9257841778525233, ""sd_gen"": 0.04442737009514505, ""mu_imp"": 0.46156451462206854, ""sd_imp"": 0.3026893190184544}",180,60,120,0.0,0.0083333333333333,0,1,60,120,2,1.11731843575419,0,60.0,60.0,0.6611111111111111,0.0,1,0.0083333333333333,1.0
2C32C23E-E30C-498A-8DD2-0EFB9150A02E,2C32C23E_s4,098A72A5-E3E5-4F54-A152-BBDA0DF7B694,instantaneous,"{""theta"": 0.8394879128066178}",180,60,120,0.0,0.0,0,0,60,120,2,1.11731843575419,0,60.0,60.0,0.6666666666666666,0.0,0,0.0,0.0
2C32C23E-E30C-498A-8DD2-0EFB9150A02E,2C32C23E_s4,098A72A5-E3E5-4F54-A152-BBDA0DF7B694,moving_average,"{""theta"": 0.8394842567504438, ""w"": 5}",180,60,120,0.0166666666666666,0.025,1,3,60,120,2,1.11731843575419,0,60.0,61.0,0.6555555555555556,1.0,3,0.025,3.0
2C32C23E-E30C-498A-8DD2-0EFB9150A02E,2C32C23E_s4,098A72A5-E3E5-4F54-A152-BBDA0DF7B694,ewma,"{""theta"": 0.845398421003457, ""alpha"": 0.3}",180,60,120,0.0166666666666666,0.0333333333333333,1,4,60,120,2,1.11731843575419,0,60.0,61.0,0.65,1.0,4,0.0333333333333333,4.0
2C32C23E-E30C-498A-8DD2-0EFB9150A02E,2C32C23E_s4,098A72A5-E3E5-4F54-A152-BBDA0DF7B694,majority_vote,"{""theta"": 0.845398421003457, ""w"": 5, ""k"": 3}",180,60,120,0.0333333333333333,0.0166666666666666,2,2,60,120,2,1.11731843575419,0,60.0,60.0,0.6666666666666666,2.0,2,0.0166666666666666,2.0
2C32C23E-E30C-498A-8DD2-0EFB9150A02E,2C32C23E_s4,098A72A5-E3E5-4F54-A152-BBDA0DF7B694,debounce,"{""theta"": 0.845398421003457, ""n"": 3}",180,60,120,0.0333333333333333,0.0166666666666666,2,2,60,120,2,1.11731843575419,0,60.0,60.0,0.6666666666666666,2.0,2,0.0166666666666666,2.0
2C32C23E-E30C-498A-8DD2-0EFB9150A02E,2C32C23E_s4,098A72A5-E3E5-4F54-A152-BBDA0DF7B694,margin_dual_threshold,"{""theta"": 0.8622685602167617, ""margin"": 0.05}",180,60,120,0.0,0.0,0,0,60,120,2,1.11731843575419,0,60.0,60.0,0.6666666666666666,0.0,0,0.0,0.0
2C32C23E-E30C-498A-8DD2-0EFB9150A02E,2C32C23E_s4,098A72A5-E3E5-4F54-A152-BBDA0DF7B694,hysteresis,"{""theta"": 0.8686962440437261, ""margin"": 0.05, ""ttt_frames"": 3}",180,60,120,0.0333333333333333,0.125,2,15,60,120,2,1.11731843575419,0,60.0,62.0,0.5944444444444444,2.0,15,0.125,15.0
2C32C23E-E30C-498A-8DD2-0EFB9150A02E,2C32C23E_s4,098A72A5-E3E5-4F54-A152-BBDA0DF7B694,trust_model,"{""theta"": 0.8868274128748949, ""gain"": 0.6, ""decay"": 0.2, ""tau_lo"": 0.4, ""tau_hi"": 0.6}",180,60,120,0.0166666666666666,0.125,1,15,60,120,2,1.11731843575419,0,60.0,61.0,0.5888888888888889,1.0,15,0.125,15.0
2C32C23E-E30C-498A-8DD2-0EFB9150A02E,2C32C23E_s4,098A72A5-E3E5-4F54-A152-BBDA0DF7B694,sprt,"{""A"": 4, ""B"": 1, ""mu_gen"": 0.9257841778525233, ""sd_gen"": 0.04442737009514505, ""mu_imp"": 0.46156451462206854, ""sd_imp"": 0.3026893190184544}",180,60,120,0.0,0.0083333333333333,0,1,60,120,2,1.11731843575419,0,60.0,60.0,0.6611111111111111,0.0,1,0.0083333333333333,1.0
2C32C23E-E30C-498A-8DD2-0EFB9150A02E,2C32C23E_s5,00EABED2-271D-49D8-B599-1D4A09240601,instantaneous,"{""theta"": 0.8394879128066178}",180,60,120,0.0,0.0,0,0,60,120,2,1.11731843575419,0,60.0,60.0,0.6666666666666666,0.0,0,0.0,0.0
2C32C23E-E30C-498A-8DD2-0EFB9150A02E,2C32C23E_s5,00EABED2-271D-49D8-B599-1D4A09240601,moving_average,"{""theta"": 0.8394842567504438, ""w"": 5}",180,60,120,0.0,0.0333333333333333,0,4,60,120,2,1.11731843575419,0,60.0,60.0,0.6444444444444445,0.0,4,0.0333333333333333,4.0
2C32C23E-E30C-498A-8DD2-0EFB9150A02E,2C32C23E_s5,00EABED2-271D-49D8-B599-1D4A09240601,ewma,"{""theta"": 0.845398421003457, ""alpha"": 0.3}",180,60,120,0.0,0.0583333333333333,0,7,60,120,2,1.11731843575419,0,60.0,60.0,0.6277777777777778,0.0,7,0.0583333333333333,7.0
2C32C23E-E30C-498A-8DD2-0EFB9150A02E,2C32C23E_s5,00EABED2-271D-49D8-B599-1D4A09240601,majority_vote,"{""theta"": 0.845398421003457, ""w"": 5, ""k"": 3}",180,60,120,0.0333333333333333,0.0166666666666666,2,2,60,120,2,1.11731843575419,0,60.0,60.0,0.6666666666666666,2.0,2,0.0166666666666666,2.0
2C32C23E-E30C-498A-8DD2-0EFB9150A02E,2C32C23E_s5,00EABED2-271D-49D8-B599-1D4A09240601,debounce,"{""theta"": 0.845398421003457, ""n"": 3}",180,60,120,0.0333333333333333,0.0166666666666666,2,2,60,120,2,1.11731843575419,0,60.0,60.0,0.6666666666666666,2.0,2,0.0166666666666666,2.0
2C32C23E-E30C-498A-8DD2-0EFB9150A02E,2C32C23E_s5,00EABED2-271D-49D8-B599-1D4A09240601,margin_dual_threshold,"{""theta"": 0.8622685602167617, ""margin"": 0.05}",180,60,120,0.0,0.0,0,0,60,120,2,1.11731843575419,0,60.0,60.0,0.6666666666666666,0.0,0,0.0,0.0
2C32C23E-E30C-498A-8DD2-0EFB9150A02E,2C32C23E_s5,00EABED2-271D-49D8-B599-1D4A09240601,hysteresis,"{""theta"": 0.8686962440437261, ""margin"": 0.05, ""ttt_frames"": 3}",180,60,120,0.0333333333333333,0.05,2,6,60,120,2,1.11731843575419,0,60.0,62.0,0.6444444444444445,2.0,6,0.05,6.0
2C32C23E-E30C-498A-8DD2-0EFB9150A02E,2C32C23E_s5,00EABED2-271D-49D8-B599-1D4A09240601,trust_model,"{""theta"": 0.8868274128748949, ""gain"": 0.6, ""decay"": 0.2, ""tau_lo"": 0.4, ""tau_hi"": 0.6}",180,60,120,0.0,0.1416666666666666,0,17,60,120,2,1.11731843575419,0,60.0,60.0,0.5722222222222222,0.0,17,0.1416666666666666,17.0
2C32C23E-E30C-498A-8DD2-0EFB9150A02E,2C32C23E_s5,00EABED2-271D-49D8-B599-1D4A09240601,sprt,"{""A"": 4, ""B"": 1, ""mu_gen"": 0.9257841778525233, ""sd_gen"": 0.04442737009514505, ""mu_imp"": 0.46156451462206854, ""sd_imp"": 0.3026893190184544}",180,60,120,0.0,0.0083333333333333,0,1,60,120,2,1.11731843575419,0,60.0,60.0,0.6611111111111111,0.0,1,0.0083333333333333,1.0
3600D531-0C55-44A7-AE95-A7A38519464E,3600D531_s0,24E40C4C-A349-4F9F-93AB-01D00FB994AF,instantaneous,"{""theta"": 0.8943744851238128}",180,60,120,0.0,0.0,0,0,60,120,2,1.11731843575419,0,60.0,60.0,0.6666666666666666,0.0,0,0.0,0.0
3600D531-0C55-44A7-AE95-A7A38519464E,3600D531_s0,24E40C4C-A349-4F9F-93AB-01D00FB994AF,moving_average,"{""theta"": 0.8917038692642217, ""w"": 5}",180,60,120,0.0,0.0333333333333333,0,4,60,120,2,1.11731843575419,0,60.0,60.0,0.6444444444444445,0.0,4,0.0333333333333333,4.0
3600D531-0C55-44A7-AE95-A7A38519464E,3600D531_s0,24E40C4C-A349-4F9F-93AB-01D00FB994AF,ewma,"{""theta"": 0.8894990538790957, ""alpha"": 0.5}",180,60,120,0.0,0.025,0,3,60,120,2,1.11731843575419,0,60.0,60.0,0.65,0.0,3,0.025,3.0
3600D531-0C55-44A7-AE95-A7A38519464E,3600D531_s0,24E40C4C-A349-4F9F-93AB-01D00FB994AF,majority_vote,"{""theta"": 0.8950155792021941, ""w"": 3, ""k"": 2}",180,60,120,0.0166666666666666,0.0083333333333333,1,1,60,120,2,1.11731843575419,0,60.0,60.0,0.6666666666666666,1.0,1,0.0083333333333333,1.0
3600D531-0C55-44A7-AE95-A7A38519464E,3600D531_s0,24E40C4C-A349-4F9F-93AB-01D00FB994AF,debounce,"{""theta"": 0.8950155792021941, ""n"": 2}",180,60,120,0.0166666666666666,0.0083333333333333,1,1,60,120,2,1.11731843575419,0,60.0,60.0,0.6666666666666666,1.0,1,0.0083333333333333,1.0
3600D531-0C55-44A7-AE95-A7A38519464E,3600D531_s0,24E40C4C-A349-4F9F-93AB-01D00FB994AF,margin_dual_threshold,"{""theta"": 0.9091723931879295, ""margin"": 0.2}",180,60,120,0.0,0.5,0,60,60,120,1,0.5586592178770949,0,90.0,90.0,0.3333333333333333,0.0,60,0.5,
3600D531-0C55-44A7-AE95-A7A38519464E,3600D531_s0,24E40C4C-A349-4F9F-93AB-01D00FB994AF,hysteresis,"{""theta"": 0.8889205258440395, ""margin"": 0.1, ""ttt_frames"": 2}",180,60,120,0.0166666666666666,0.0833333333333333,1,10,60,120,2,1.11731843575419,0,60.0,61.0,0.6166666666666667,1.0,10,0.0833333333333333,10.0
3600D531-0C55-44A7-AE95-A7A38519464E,3600D531_s0,24E40C4C-A349-4F9F-93AB-01D00FB994AF,trust_model,"{""theta"": 0.9477143710785778, ""gain"": 0.3, ""decay"": 0.05, ""tau_lo"": 0.4, ""tau_hi"": 0.6}",180,60,120,0.0166666666666666,0.5,1,60,60,120,1,0.5586592178770949,0,90.0,90.0,0.3388888888888889,1.0,60,0.5,
3600D531-0C55-44A7-AE95-A7A38519464E,3600D531_s0,24E40C4C-A349-4F9F-93AB-01D00FB994AF,sprt,"{""A"": 16, ""B"": 16, ""mu_gen"": 0.9530587092919032, ""sd_gen"": 0.030684789158837364, ""mu_imp"": 0.4563990417067799, ""sd_imp"": 0.33822403402214174}",180,60,120,0.0,0.0583333333333333,0,7,60,120,2,1.11731843575419,0,60.0,60.0,0.6277777777777778,0.0,7,0.0583333333333333,7.0
3600D531-0C55-44A7-AE95-A7A38519464E,3600D531_s1,F50235E0-DD67-4F2A-B00B-1F31ADA998B9,instantaneous,"{""theta"": 0.8943744851238128}",180,60,120,0.0,0.0,0,0,60,120,2,1.11731843575419,0,60.0,60.0,0.6666666666666666,0.0,0,0.0,0.0
3600D531-0C55-44A7-AE95-A7A38519464E,3600D531_s1,F50235E0-DD67-4F2A-B00B-1F31ADA998B9,moving_average,"{""theta"": 0.8917038692642217, ""w"": 5}",180,60,120,0.0,0.0333333333333333,0,4,60,120,2,1.11731843575419,0,60.0,60.0,0.6444444444444445,0.0,4,0.0333333333333333,4.0
3600D531-0C55-44A7-AE95-A7A38519464E,3600D531_s1,F50235E0-DD67-4F2A-B00B-1F31ADA998B9,ewma,"{""theta"": 0.8894990538790957, ""alpha"": 0.5}",180,60,120,0.0,0.0416666666666666,0,5,60,120,2,1.11731843575419,0,60.0,60.0,0.6388888888888888,0.0,5,0.0416666666666666,5.0
3600D531-0C55-44A7-AE95-A7A38519464E,3600D531_s1,F50235E0-DD67-4F2A-B00B-1F31ADA998B9,majority_vote,"{""theta"": 0.8950155792021941, ""w"": 3, ""k"": 2}",180,60,120,0.0166666666666666,0.0083333333333333,1,1,60,120,2,1.11731843575419,0,60.0,60.0,0.6666666666666666,1.0,1,0.0083333333333333,1.0
3600D531-0C55-44A7-AE95-A7A38519464E,3600D531_s1,F50235E0-DD67-4F2A-B00B-1F31ADA998B9,debounce,"{""theta"": 0.8950155792021941, ""n"": 2}",180,60,120,0.0166666666666666,0.0083333333333333,1,1,60,120,2,1.11731843575419,0,60.0,60.0,0.6666666666666666,1.0,1,0.0083333333333333,1.0
3600D531-0C55-44A7-AE95-A7A38519464E,3600D531_s1,F50235E0-DD67-4F2A-B00B-1F31ADA998B9,margin_dual_threshold,"{""theta"": 0.9091723931879295, ""margin"": 0.2}",180,60,120,0.0,0.5,0,60,60,120,1,0.5586592178770949,0,90.0,90.0,0.3333333333333333,0.0,60,0.5,
3600D531-0C55-44A7-AE95-A7A38519464E,3600D531_s1,F50235E0-DD67-4F2A-B00B-1F31ADA998B9,hysteresis,"{""theta"": 0.8889205258440395, ""margin"": 0.1, ""ttt_frames"": 2}",180,60,120,0.0166666666666666,0.4166666666666667,1,50,60,120,2,1.11731843575419,0,60.0,61.0,0.3944444444444444,1.0,50,0.4166666666666667,50.0
3600D531-0C55-44A7-AE95-A7A38519464E,3600D531_s1,F50235E0-DD67-4F2A-B00B-1F31ADA998B9,trust_model,"{""theta"": 0.9477143710785778, ""gain"": 0.3, ""decay"": 0.05, ""tau_lo"": 0.4, ""tau_hi"": 0.6}",180,60,120,0.0,0.5166666666666667,0,62,60,120,1,0.5586592178770949,0,90.0,90.0,0.3222222222222222,0.0,62,0.5166666666666667,
3600D531-0C55-44A7-AE95-A7A38519464E,3600D531_s1,F50235E0-DD67-4F2A-B00B-1F31ADA998B9,sprt,"{""A"": 16, ""B"": 16, ""mu_gen"": 0.9530587092919032, ""sd_gen"": 0.030684789158837364, ""mu_imp"": 0.4563990417067799, ""sd_imp"": 0.33822403402214174}",180,60,120,0.0,0.0666666666666666,0,8,60,120,2,1.11731843575419,0,60.0,60.0,0.6222222222222222,0.0,8,0.0666666666666666,8.0
3600D531-0C55-44A7-AE95-A7A38519464E,3600D531_s2,61359772-D8D8-480D-B623-7C636EAD0C81,instantaneous,"{""theta"": 0.8943744851238128}",180,60,120,0.0,0.0,0,0,60,120,2,1.11731843575419,0,60.0,60.0,0.6666666666666666,0.0,0,0.0,0.0
3600D531-0C55-44A7-AE95-A7A38519464E,3600D531_s2,61359772-D8D8-480D-B623-7C636EAD0C81,moving_average,"{""theta"": 0.8917038692642217, ""w"": 5}",180,60,120,0.0,0.0333333333333333,0,4,60,120,2,1.11731843575419,0,60.0,60.0,0.6444444444444445,0.0,4,0.0333333333333333,4.0
3600D531-0C55-44A7-AE95-A7A38519464E,3600D531_s2,61359772-D8D8-480D-B623-7C636EAD0C81,ewma,"{""theta"": 0.8894990538790957, ""alpha"": 0.5}",180,60,120,0.0,0.0166666666666666,0,2,60,120,2,1.11731843575419,0,60.0,60.0,0.6555555555555556,0.0,2,0.0166666666666666,2.0
3600D531-0C55-44A7-AE95-A7A38519464E,3600D531_s2,61359772-D8D8-480D-B623-7C636EAD0C81,majority_vote,"{""theta"": 0.8950155792021941, ""w"": 3, ""k"": 2}",180,60,120,0.0166666666666666,0.0083333333333333,1,1,60,120,2,1.11731843575419,0,60.0,60.0,0.6666666666666666,1.0,1,0.0083333333333333,1.0
3600D531-0C55-44A7-AE95-A7A38519464E,3600D531_s2,61359772-D8D8-480D-B623-7C636EAD0C81,debounce,"{""theta"": 0.8950155792021941, ""n"": 2}",180,60,120,0.0166666666666666,0.0083333333333333,1,1,60,120,2,1.11731843575419,0,60.0,60.0,0.6666666666666666,1.0,1,0.0083333333333333,1.0
3600D531-0C55-44A7-AE95-A7A38519464E,3600D531_s2,61359772-D8D8-480D-B623-7C636EAD0C81,margin_dual_threshold,"{""theta"": 0.9091723931879295, ""margin"": 0.2}",180,60,120,0.0,0.5,0,60,60,120,1,0.5586592178770949,0,90.0,90.0,0.3333333333333333,0.0,60,0.5,
3600D531-0C55-44A7-AE95-A7A38519464E,3600D531_s2,61359772-D8D8-480D-B623-7C636EAD0C81,hysteresis,"{""theta"": 0.8889205258440395, ""margin"": 0.1, ""ttt_frames"": 2}",180,60,120,0.0166666666666666,0.025,1,3,60,120,2,1.11731843575419,0,60.0,61.0,0.6555555555555556,1.0,3,0.025,3.0
3600D531-0C55-44A7-AE95-A7A38519464E,3600D531_s2,61359772-D8D8-480D-B623-7C636EAD0C81,trust_model,"{""theta"": 0.9477143710785778, ""gain"": 0.3, ""decay"": 0.05, ""tau_lo"": 0.4, ""tau_hi"": 0.6}",180,60,120,0.0166666666666666,0.4416666666666666,1,53,60,120,2,1.11731843575419,0,60.0,61.0,0.3777777777777777,1.0,53,0.4416666666666666,53.0
3600D531-0C55-44A7-AE95-A7A38519464E,3600D531_s2,61359772-D8D8-480D-B623-7C636EAD0C81,sprt,"{""A"": 16, ""B"": 16, ""mu_gen"": 0.9530587092919032, ""sd_gen"": 0.030684789158837364, ""mu_imp"": 0.4563990417067799, ""sd_imp"": 0.33822403402214174}",180,60,120,0.0,0.0333333333333333,0,4,60,120,2,1.11731843575419,0,60.0,60.0,0.6444444444444445,0.0,4,0.0333333333333333,4.0
3600D531-0C55-44A7-AE95-A7A38519464E,3600D531_s3,481F4DD2-7689-43B9-A2AA-C8772227162B,instantaneous,"{""theta"": 0.8943744851238128}",180,60,120,0.0,0.0,0,0,60,120,2,1.11731843575419,0,60.0,60.0,0.6666666666666666,0.0,0,0.0,0.0
3600D531-0C55-44A7-AE95-A7A38519464E,3600D531_s3,481F4DD2-7689-43B9-A2AA-C8772227162B,moving_average,"{""theta"": 0.8917038692642217, ""w"": 5}",180,60,120,0.0,0.0333333333333333,0,4,60,120,2,1.11731843575419,0,60.0,60.0,0.6444444444444445,0.0,4,0.0333333333333333,4.0
3600D531-0C55-44A7-AE95-A7A38519464E,3600D531_s3,481F4DD2-7689-43B9-A2AA-C8772227162B,ewma,"{""theta"": 0.8894990538790957, ""alpha"": 0.5}",180,60,120,0.0,0.025,0,3,60,120,2,1.11731843575419,0,60.0,60.0,0.65,0.0,3,0.025,3.0
3600D531-0C55-44A7-AE95-A7A38519464E,3600D531_s3,481F4DD2-7689-43B9-A2AA-C8772227162B,majority_vote,"{""theta"": 0.8950155792021941, ""w"": 3, ""k"": 2}",180,60,120,0.0166666666666666,0.0083333333333333,1,1,60,120,2,1.11731843575419,0,60.0,60.0,0.6666666666666666,1.0,1,0.0083333333333333,1.0
3600D531-0C55-44A7-AE95-A7A38519464E,3600D531_s3,481F4DD2-7689-43B9-A2AA-C8772227162B,debounce,"{""theta"": 0.8950155792021941, ""n"": 2}",180,60,120,0.0166666666666666,0.0083333333333333,1,1,60,120,2,1.11731843575419,0,60.0,60.0,0.6666666666666666,1.0,1,0.0083333333333333,1.0
3600D531-0C55-44A7-AE95-A7A38519464E,3600D531_s3,481F4DD2-7689-43B9-A2AA-C8772227162B,margin_dual_threshold,"{""theta"": 0.9091723931879295, ""margin"": 0.2}",180,60,120,0.0,0.5,0,60,60,120,1,0.5586592178770949,0,90.0,90.0,0.3333333333333333,0.0,60,0.5,
3600D531-0C55-44A7-AE95-A7A38519464E,3600D531_s3,481F4DD2-7689-43B9-A2AA-C8772227162B,hysteresis,"{""theta"": 0.8889205258440395, ""margin"": 0.1, ""ttt_frames"": 2}",180,60,120,0.0166666666666666,0.0166666666666666,1,2,60,120,2,1.11731843575419,0,60.0,61.0,0.6611111111111111,1.0,2,0.0166666666666666,2.0
3600D531-0C55-44A7-AE95-A7A38519464E,3600D531_s3,481F4DD2-7689-43B9-A2AA-C8772227162B,trust_model,"{""theta"": 0.9477143710785778, ""gain"": 0.3, ""decay"": 0.05, ""tau_lo"": 0.4, ""tau_hi"": 0.6}",180,60,120,0.0166666666666666,0.5,1,60,60,120,1,0.5586592178770949,0,90.0,90.0,0.3388888888888889,1.0,60,0.5,
3600D531-0C55-44A7-AE95-A7A38519464E,3600D531_s3,481F4DD2-7689-43B9-A2AA-C8772227162B,sprt,"{""A"": 16, ""B"": 16, ""mu_gen"": 0.9530587092919032, ""sd_gen"": 0.030684789158837364, ""mu_imp"": 0.4563990417067799, ""sd_imp"": 0.33822403402214174}",180,60,120,0.0,0.0416666666666666,0,5,60,120,2,1.11731843575419,0,60.0,60.0,0.6388888888888888,0.0,5,0.0416666666666666,5.0
3600D531-0C55-44A7-AE95-A7A38519464E,3600D531_s5,A7599A50-24AE-46A6-8EA6-2576F1011D81,instantaneous,"{""theta"": 0.8943744851238128}",180,60,120,0.0,0.0,0,0,60,120,2,1.11731843575419,0,60.0,60.0,0.6666666666666666,0.0,0,0.0,0.0
3600D531-0C55-44A7-AE95-A7A38519464E,3600D531_s5,A7599A50-24AE-46A6-8EA6-2576F1011D81,moving_average,"{""theta"": 0.8917038692642217, ""w"": 5}",180,60,120,0.0,0.0333333333333333,0,4,60,120,2,1.11731843575419,0,60.0,60.0,0.6444444444444445,0.0,4,0.0333333333333333,4.0
3600D531-0C55-44A7-AE95-A7A38519464E,3600D531_s5,A7599A50-24AE-46A6-8EA6-2576F1011D81,ewma,"{""theta"": 0.8894990538790957, ""alpha"": 0.5}",180,60,120,0.0,0.0333333333333333,0,4,60,120,2,1.11731843575419,0,60.0,60.0,0.6444444444444445,0.0,4,0.0333333333333333,4.0
3600D531-0C55-44A7-AE95-A7A38519464E,3600D531_s5,A7599A50-24AE-46A6-8EA6-2576F1011D81,majority_vote,"{""theta"": 0.8950155792021941, ""w"": 3, ""k"": 2}",180,60,120,0.0166666666666666,0.0083333333333333,1,1,60,120,2,1.11731843575419,0,60.0,60.0,0.6666666666666666,1.0,1,0.0083333333333333,1.0
3600D531-0C55-44A7-AE95-A7A38519464E,3600D531_s5,A7599A50-24AE-46A6-8EA6-2576F1011D81,debounce,"{""theta"": 0.8950155792021941, ""n"": 2}",180,60,120,0.0166666666666666,0.0083333333333333,1,1,60,120,2,1.11731843575419,0,60.0,60.0,0.6666666666666666,1.0,1,0.0083333333333333,1.0
3600D531-0C55-44A7-AE95-A7A38519464E,3600D531_s5,A7599A50-24AE-46A6-8EA6-2576F1011D81,margin_dual_threshold,"{""theta"": 0.9091723931879295, ""margin"": 0.2}",180,60,120,0.0,0.5,0,60,60,120,1,0.5586592178770949,0,90.0,90.0,0.3333333333333333,0.0,60,0.5,
3600D531-0C55-44A7-AE95-A7A38519464E,3600D531_s5,A7599A50-24AE-46A6-8EA6-2576F1011D81,hysteresis,"{""theta"": 0.8889205258440395, ""margin"": 0.1, ""ttt_frames"": 2}",180,60,120,0.0166666666666666,0.0583333333333333,1,7,60,120,2,1.11731843575419,0,60.0,61.0,0.6333333333333333,1.0,7,0.0583333333333333,7.0
3600D531-0C55-44A7-AE95-A7A38519464E,3600D531_s5,A7599A50-24AE-46A6-8EA6-2576F1011D81,trust_model,"{""theta"": 0.9477143710785778, ""gain"": 0.3, ""decay"": 0.05, ""tau_lo"": 0.4, ""tau_hi"": 0.6}",180,60,120,0.0,0.5,0,60,60,120,1,0.5586592178770949,0,90.0,90.0,0.3333333333333333,0.0,60,0.5,
3600D531-0C55-44A7-AE95-A7A38519464E,3600D531_s5,A7599A50-24AE-46A6-8EA6-2576F1011D81,sprt,"{""A"": 16, ""B"": 16, ""mu_gen"": 0.9530587092919032, ""sd_gen"": 0.030684789158837364, ""mu_imp"": 0.4563990417067799, ""sd_imp"": 0.33822403402214174}",180,60,120,0.0,0.0416666666666666,0,5,60,120,2,1.11731843575419,0,60.0,60.0,0.6388888888888888,0.0,5,0.0416666666666666,5.0
4FC32141-E888-4BFF-8804-12559A491D8C,4FC32141_s1,61976C24-1C50-4355-9C49-AAE44A7D09F6,instantaneous,"{""theta"": 0.771554945054945}",180,60,120,0.0,0.0,0,0,60,120,2,1.11731843575419,0,60.0,60.0,0.6666666666666666,0.0,0,0.0,0.0
4FC32141-E888-4BFF-8804-12559A491D8C,4FC32141_s1,61976C24-1C50-4355-9C49-AAE44A7D09F6,moving_average,"{""theta"": 0.7721812868737239, ""w"": 3}",180,60,120,0.0333333333333333,0.0,2,0,60,120,2,1.11731843575419,0,60.0,60.0,0.6777777777777778,2.0,0,0.0,0.0
4FC32141-E888-4BFF-8804-12559A491D8C,4FC32141_s1,61976C24-1C50-4355-9C49-AAE44A7D09F6,ewma,"{""theta"": 0.7732789638932496, ""alpha"": 0.5}",180,60,120,0.05,0.0,3,0,60,120,2,1.11731843575419,0,60.0,60.0,0.6833333333333333,3.0,0,0.0,0.0
4FC32141-E888-4BFF-8804-12559A491D8C,4FC32141_s1,61976C24-1C50-4355-9C49-AAE44A7D09F6,majority_vote,"{""theta"": 0.8125505902360944, ""w"": 5, ""k"": 3}",180,60,120,0.0333333333333333,0.0166666666666666,2,2,60,120,2,1.11731843575419,0,60.0,60.0,0.6666666666666666,2.0,2,0.0166666666666666,2.0
4FC32141-E888-4BFF-8804-12559A491D8C,4FC32141_s1,61976C24-1C50-4355-9C49-AAE44A7D09F6,debounce,"{""theta"": 0.7705468525871887, ""n"": 2}",180,60,120,0.0166666666666666,0.0083333333333333,1,1,60,120,2,1.11731843575419,0,60.0,60.0,0.6666666666666666,1.0,1,0.0083333333333333,1.0
4FC32141-E888-4BFF-8804-12559A491D8C,4FC32141_s1,61976C24-1C50-4355-9C49-AAE44A7D09F6,margin_dual_threshold,"{""theta"": 0.8666950180072029, ""margin"": 0.2}",180,60,120,0.0,0.0,0,0,60,120,2,1.11731843575419,0,60.0,60.0,0.6666666666666666,0.0,0,0.0,0.0
4FC32141-E888-4BFF-8804-12559A491D8C,4FC32141_s1,61976C24-1C50-4355-9C49-AAE44A7D09F6,hysteresis,"{""theta"": 0.8350340136054422, ""margin"": 0.05, ""ttt_frames"": 3}",180,60,120,0.0333333333333333,0.0166666666666666,2,2,60,120,2,1.11731843575419,0,60.0,60.0,0.6666666666666666,2.0,2,0.0166666666666666,2.0
4FC32141-E888-4BFF-8804-12559A491D8C,4FC32141_s1,61976C24-1C50-4355-9C49-AAE44A7D09F6,trust_model,"{""theta"": 0.8376350540216086, ""gain"": 0.6, ""decay"": 0.05, ""tau_lo"": 0.4, ""tau_hi"": 0.6}",180,60,120,0.15,0.0416666666666666,9,5,60,120,2,1.11731843575419,0,60.0,56.0,0.6888888888888889,9.0,5,0.0416666666666666,5.0
4FC32141-E888-4BFF-8804-12559A491D8C,4FC32141_s1,61976C24-1C50-4355-9C49-AAE44A7D09F6,sprt,"{""A"": 1, ""B"": 1, ""mu_gen"": 0.8576891867858254, ""sd_gen"": 0.04479317533613049, ""mu_imp"": 0.5457716419901294, ""sd_imp"": 0.21060684218353087}",180,60,120,0.0,0.95,0,114,60,120,5,2.793296089385475,4,30.0,2.5,0.0333333333333333,0.0,114,0.95,
4FC32141-E888-4BFF-8804-12559A491D8C,4FC32141_s2,78A91A4E-4A51-4065-BDA7-94755F0BB3BB,instantaneous,"{""theta"": 0.771554945054945}",180,60,120,0.0,0.0,0,0,60,120,2,1.11731843575419,0,60.0,60.0,0.6666666666666666,0.0,0,0.0,0.0
4FC32141-E888-4BFF-8804-12559A491D8C,4FC32141_s2,78A91A4E-4A51-4065-BDA7-94755F0BB3BB,moving_average,"{""theta"": 0.7721812868737239, ""w"": 3}",180,60,120,0.0166666666666666,0.0083333333333333,1,1,60,120,2,1.11731843575419,0,60.0,60.0,0.6666666666666666,1.0,1,0.0083333333333333,1.0
4FC32141-E888-4BFF-8804-12559A491D8C,4FC32141_s2,78A91A4E-4A51-4065-BDA7-94755F0BB3BB,ewma,"{""theta"": 0.7732789638932496, ""alpha"": 0.5}",180,60,120,0.0,0.0083333333333333,0,1,60,120,2,1.11731843575419,0,60.0,60.0,0.6611111111111111,0.0,1,0.0083333333333333,1.0
4FC32141-E888-4BFF-8804-12559A491D8C,4FC32141_s2,78A91A4E-4A51-4065-BDA7-94755F0BB3BB,majority_vote,"{""theta"": 0.8125505902360944, ""w"": 5, ""k"": 3}",180,60,120,0.0333333333333333,0.0666666666666666,2,8,60,120,4,2.23463687150838,0,36.0,39.0,0.6333333333333333,2.0,8,0.0666666666666666,2.0
4FC32141-E888-4BFF-8804-12559A491D8C,4FC32141_s2,78A91A4E-4A51-4065-BDA7-94755F0BB3BB,debounce,"{""theta"": 0.7705468525871887, ""n"": 2}",180,60,120,0.0166666666666666,0.0083333333333333,1,1,60,120,2,1.11731843575419,0,60.0,60.0,0.6666666666666666,1.0,1,0.0083333333333333,1.0
4FC32141-E888-4BFF-8804-12559A491D8C,4FC32141_s2,78A91A4E-4A51-4065-BDA7-94755F0BB3BB,margin_dual_threshold,"{""theta"": 0.8666950180072029, ""margin"": 0.2}",180,60,120,0.0,0.0,0,0,60,120,2,1.11731843575419,0,60.0,60.0,0.6666666666666666,0.0,0,0.0,0.0
4FC32141-E888-4BFF-8804-12559A491D8C,4FC32141_s2,78A91A4E-4A51-4065-BDA7-94755F0BB3BB,hysteresis,"{""theta"": 0.8350340136054422, ""margin"": 0.05, ""ttt_frames"": 3}",180,60,120,0.0333333333333333,0.0583333333333333,2,7,60,120,4,2.23463687150838,0,36.0,39.0,0.6388888888888888,2.0,7,0.0583333333333333,2.0
4FC32141-E888-4BFF-8804-12559A491D8C,4FC32141_s2,78A91A4E-4A51-4065-BDA7-94755F0BB3BB,trust_model,"{""theta"": 0.8376350540216086, ""gain"": 0.6, ""decay"": 0.05, ""tau_lo"": 0.4, ""tau_hi"": 0.6}",180,60,120,0.05,0.0416666666666666,3,5,60,120,2,1.11731843575419,0,60.0,62.0,0.6555555555555556,3.0,5,0.0416666666666666,5.0
4FC32141-E888-4BFF-8804-12559A491D8C,4FC32141_s2,78A91A4E-4A51-4065-BDA7-94755F0BB3BB,sprt,"{""A"": 1, ""B"": 1, ""mu_gen"": 0.8576891867858254, ""sd_gen"": 0.04479317533613049, ""mu_imp"": 0.5457716419901294, ""sd_imp"": 0.21060684218353087}",180,60,120,0.0,0.7916666666666666,0,95,60,120,1,0.5586592178770949,0,90.0,90.0,0.1388888888888889,0.0,95,0.7916666666666666,
4FC32141-E888-4BFF-8804-12559A491D8C,4FC32141_s3,61359772-D8D8-480D-B623-7C636EAD0C81,instantaneous,"{""theta"": 0.771554945054945}",180,60,120,0.0,0.0,0,0,60,120,2,1.11731843575419,0,60.0,60.0,0.6666666666666666,0.0,0,0.0,0.0
4FC32141-E888-4BFF-8804-12559A491D8C,4FC32141_s3,61359772-D8D8-480D-B623-7C636EAD0C81,moving_average,"{""theta"": 0.7721812868737239, ""w"": 3}",180,60,120,0.0166666666666666,0.0083333333333333,1,1,60,120,2,1.11731843575419,0,60.0,60.0,0.6666666666666666,1.0,1,0.0083333333333333,1.0
4FC32141-E888-4BFF-8804-12559A491D8C,4FC32141_s3,61359772-D8D8-480D-B623-7C636EAD0C81,ewma,"{""theta"": 0.7732789638932496, ""alpha"": 0.5}",180,60,120,0.0,0.0083333333333333,0,1,60,120,2,1.11731843575419,0,60.0,60.0,0.6611111111111111,0.0,1,0.0083333333333333,1.0
4FC32141-E888-4BFF-8804-12559A491D8C,4FC32141_s3,61359772-D8D8-480D-B623-7C636EAD0C81,majority_vote,"{""theta"": 0.8125505902360944, ""w"": 5, ""k"": 3}",180,60,120,0.0333333333333333,0.0166666666666666,2,2,60,120,2,1.11731843575419,0,60.0,60.0,0.6666666666666666,2.0,2,0.0166666666666666,2.0
4FC32141-E888-4BFF-8804-12559A491D8C,4FC32141_s3,61359772-D8D8-480D-B623-7C636EAD0C81,debounce,"{""theta"": 0.7705468525871887, ""n"": 2}",180,60,120,0.0166666666666666,0.0083333333333333,1,1,60,120,2,1.11731843575419,0,60.0,60.0,0.6666666666666666,1.0,1,0.0083333333333333,1.0
4FC32141-E888-4BFF-8804-12559A491D8C,4FC32141_s3,61359772-D8D8-480D-B623-7C636EAD0C81,margin_dual_threshold,"{""theta"": 0.8666950180072029, ""margin"": 0.2}",180,60,120,0.0,0.0,0,0,60,120,2,1.11731843575419,0,60.0,60.0,0.6666666666666666,0.0,0,0.0,0.0
4FC32141-E888-4BFF-8804-12559A491D8C,4FC32141_s3,61359772-D8D8-480D-B623-7C636EAD0C81,hysteresis,"{""theta"": 0.8350340136054422, ""margin"": 0.05, ""ttt_frames"": 3}",180,60,120,0.0333333333333333,0.0166666666666666,2,2,60,120,2,1.11731843575419,0,60.0,60.0,0.6666666666666666,2.0,2,0.0166666666666666,2.0
4FC32141-E888-4BFF-8804-12559A491D8C,4FC32141_s3,61359772-D8D8-480D-B623-7C636EAD0C81,trust_model,"{""theta"": 0.8376350540216086, ""gain"": 0.6, ""decay"": 0.05, ""tau_lo"": 0.4, ""tau_hi"": 0.6}",180,60,120,0.0333333333333333,0.0416666666666666,2,5,60,120,2,1.11731843575419,0,60.0,62.0,0.65,2.0,5,0.0416666666666666,5.0
4FC32141-E888-4BFF-8804-12559A491D8C,4FC32141_s3,61359772-D8D8-480D-B623-7C636EAD0C81,sprt,"{""A"": 1, ""B"": 1, ""mu_gen"": 0.8576891867858254, ""sd_gen"": 0.04479317533613049, ""mu_imp"": 0.5457716419901294, ""sd_imp"": 0.21060684218353087}",180,60,120,0.0,0.8166666666666667,0,98,60,120,2,1.11731843575419,0,60.0,38.0,0.1222222222222222,0.0,98,0.8166666666666667,
4FC32141-E888-4BFF-8804-12559A491D8C,4FC32141_s4,806289BC-AD52-4CC1-806C-0CDB14D65EB6,instantaneous,"{""theta"": 0.771554945054945}",180,60,120,0.0,0.0,0,0,60,120,2,1.11731843575419,0,60.0,60.0,0.6666666666666666,0.0,0,0.0,0.0
4FC32141-E888-4BFF-8804-12559A491D8C,4FC32141_s4,806289BC-AD52-4CC1-806C-0CDB14D65EB6,moving_average,"{""theta"": 0.7721812868737239, ""w"": 3}",180,60,120,0.0,0.0166666666666666,0,2,60,120,2,1.11731843575419,0,60.0,60.0,0.6555555555555556,0.0,2,0.0166666666666666,2.0
4FC32141-E888-4BFF-8804-12559A491D8C,4FC32141_s4,806289BC-AD52-4CC1-806C-0CDB14D65EB6,ewma,"{""theta"": 0.7732789638932496, ""alpha"": 0.5}",180,60,120,0.0,0.0166666666666666,0,2,60,120,2,1.11731843575419,0,60.0,60.0,0.6555555555555556,0.0,2,0.0166666666666666,2.0
4FC32141-E888-4BFF-8804-12559A491D8C,4FC32141_s4,806289BC-AD52-4CC1-806C-0CDB14D65EB6,majority_vote,"{""theta"": 0.8125505902360944, ""w"": 5, ""k"": 3}",180,60,120,0.0333333333333333,0.0166666666666666,2,2,60,120,2,1.11731843575419,0,60.0,60.0,0.6666666666666666,2.0,2,0.0166666666666666,2.0
4FC32141-E888-4BFF-8804-12559A491D8C,4FC32141_s4,806289BC-AD52-4CC1-806C-0CDB14D65EB6,debounce,"{""theta"": 0.7705468525871887, ""n"": 2}",180,60,120,0.0166666666666666,0.0083333333333333,1,1,60,120,2,1.11731843575419,0,60.0,60.0,0.6666666666666666,1.0,1,0.0083333333333333,1.0
4FC32141-E888-4BFF-8804-12559A491D8C,4FC32141_s4,806289BC-AD52-4CC1-806C-0CDB14D65EB6,margin_dual_threshold,"{""theta"": 0.8666950180072029, ""margin"": 0.2}",180,60,120,0.0,0.0,0,0,60,120,2,1.11731843575419,0,60.0,60.0,0.6666666666666666,0.0,0,0.0,0.0
4FC32141-E888-4BFF-8804-12559A491D8C,4FC32141_s4,806289BC-AD52-4CC1-806C-0CDB14D65EB6,hysteresis,"{""theta"": 0.8350340136054422, ""margin"": 0.05, ""ttt_frames"": 3}",180,60,120,0.0333333333333333,0.0166666666666666,2,2,60,120,2,1.11731843575419,0,60.0,60.0,0.6666666666666666,2.0,2,0.0166666666666666,2.0
4FC32141-E888-4BFF-8804-12559A491D8C,4FC32141_s4,806289BC-AD52-4CC1-806C-0CDB14D65EB6,trust_model,"{""theta"": 0.8376350540216086, ""gain"": 0.6, ""decay"": 0.05, ""tau_lo"": 0.4, ""tau_hi"": 0.6}",180,60,120,0.0166666666666666,0.05,1,6,60,120,2,1.11731843575419,0,60.0,61.0,0.6388888888888888,1.0,6,0.05,6.0
4FC32141-E888-4BFF-8804-12559A491D8C,4FC32141_s4,806289BC-AD52-4CC1-806C-0CDB14D65EB6,sprt,"{""A"": 1, ""B"": 1, ""mu_gen"": 0.8576891867858254, ""sd_gen"": 0.04479317533613049, ""mu_imp"": 0.5457716419901294, ""sd_imp"": 0.21060684218353087}",180,60,120,0.0,0.9916666666666668,0,119,60,120,1,0.5586592178770949,0,90.0,90.0,0.0055555555555555,0.0,119,0.9916666666666668,
5119D0F8-FCA8-4184-A4EB-19421A40DE0D,5119D0F8_s0,B9724848-C7E2-45F4-9B3F-A1F38D864495,instantaneous,"{""theta"": 0.8730058249316314}",180,60,120,0.0,0.0083333333333333,0,1,60,120,4,2.23463687150838,2,36.0,50.0,0.6611111111111111,0.0,1,0.0083333333333333,0.0
5119D0F8-FCA8-4184-A4EB-19421A40DE0D,5119D0F8_s0,B9724848-C7E2-45F4-9B3F-A1F38D864495,moving_average,"{""theta"": 0.872782215217699, ""w"": 3}",180,60,120,0.0166666666666666,0.0166666666666666,1,2,60,120,2,1.11731843575419,0,60.0,61.0,0.6611111111111111,1.0,2,0.0166666666666666,2.0
5119D0F8-FCA8-4184-A4EB-19421A40DE0D,5119D0F8_s0,B9724848-C7E2-45F4-9B3F-A1F38D864495,ewma,"{""theta"": 0.8728629651984491, ""alpha"": 0.5}",180,60,120,0.0,0.0166666666666666,0,2,60,120,2,1.11731843575419,0,60.0,60.0,0.6555555555555556,0.0,2,0.0166666666666666,2.0
5119D0F8-FCA8-4184-A4EB-19421A40DE0D,5119D0F8_s0,B9724848-C7E2-45F4-9B3F-A1F38D864495,majority_vote,"{""theta"": 0.8728629651984491, ""w"": 5, ""k"": 4}",180,60,120,0.0166666666666666,0.025,1,3,60,120,2,1.11731843575419,0,60.0,61.0,0.6555555555555556,1.0,3,0.025,3.0
5119D0F8-FCA8-4184-A4EB-19421A40DE0D,5119D0F8_s0,B9724848-C7E2-45F4-9B3F-A1F38D864495,debounce,"{""theta"": 0.9165940133682069, ""n"": 5}",180,60,120,0.0,0.1916666666666666,0,23,60,120,2,1.11731843575419,0,60.0,55.0,0.5388888888888889,0.0,23,0.1916666666666666,5.0
5119D0F8-FCA8-4184-A4EB-19421A40DE0D,5119D0F8_s0,B9724848-C7E2-45F4-9B3F-A1F38D864495,margin_dual_threshold,"{""theta"": 0.8702995640802093, ""margin"": 0.05}",180,60,120,0.0,0.0,0,0,60,120,2,1.11731843575419,0,60.0,60.0,0.6666666666666666,0.0,0,0.0,0.0
5119D0F8-FCA8-4184-A4EB-19421A40DE0D,5119D0F8_s0,B9724848-C7E2-45F4-9B3F-A1F38D864495,hysteresis,"{""theta"": 0.93993993993994, ""margin"": 0.05, ""ttt_frames"": 5}",180,60,120,0.0,0.2,0,24,60,120,2,1.11731843575419,0,60.0,54.0,0.5333333333333333,0.0,24,0.2,6.0
5119D0F8-FCA8-4184-A4EB-19421A40DE0D,5119D0F8_s0,B9724848-C7E2-45F4-9B3F-A1F38D864495,trust_model,"{""theta"": 0.90300676160031, ""gain"": 0.6, ""decay"": 0.2, ""tau_lo"": 0.4, ""tau_hi"": 0.6}",180,60,120,0.0166666666666666,0.1166666666666666,1,14,60,120,2,1.11731843575419,0,60.0,61.0,0.5944444444444444,1.0,14,0.1166666666666666,14.0
5119D0F8-FCA8-4184-A4EB-19421A40DE0D,5119D0F8_s0,B9724848-C7E2-45F4-9B3F-A1F38D864495,sprt,"{""A"": 16, ""B"": 4, ""mu_gen"": 0.9383203095568686, ""sd_gen"": 0.033397629969120525, ""mu_imp"": 0.4651065043538161, ""sd_imp"": 0.2802349370662641}",180,60,120,0.0,0.0416666666666666,0,5,60,120,2,1.11731843575419,0,60.0,60.0,0.6388888888888888,0.0,5,0.0416666666666666,5.0
5119D0F8-FCA8-4184-A4EB-19421A40DE0D,5119D0F8_s1,11B5EC4D-4133-4289-B475-4E737182A406,instantaneous,"{""theta"": 0.8730058249316314}",180,60,120,0.0,0.0,0,0,60,120,2,1.11731843575419,0,60.0,60.0,0.6666666666666666,0.0,0,0.0,0.0
5119D0F8-FCA8-4184-A4EB-19421A40DE0D,5119D0F8_s1,11B5EC4D-4133-4289-B475-4E737182A406,moving_average,"{""theta"": 0.872782215217699, ""w"": 3}",180,60,120,0.0,0.0166666666666666,0,2,60,120,2,1.11731843575419,0,60.0,60.0,0.6555555555555556,0.0,2,0.0166666666666666,2.0
5119D0F8-FCA8-4184-A4EB-19421A40DE0D,5119D0F8_s1,11B5EC4D-4133-4289-B475-4E737182A406,ewma,"{""theta"": 0.8728629651984491, ""alpha"": 0.5}",180,60,120,0.0,0.0166666666666666,0,2,60,120,2,1.11731843575419,0,60.0,60.0,0.6555555555555556,0.0,2,0.0166666666666666,2.0
5119D0F8-FCA8-4184-A4EB-19421A40DE0D,5119D0F8_s1,11B5EC4D-4133-4289-B475-4E737182A406,majority_vote,"{""theta"": 0.8728629651984491, ""w"": 5, ""k"": 4}",180,60,120,0.0166666666666666,0.025,1,3,60,120,2,1.11731843575419,0,60.0,61.0,0.6555555555555556,1.0,3,0.025,3.0
5119D0F8-FCA8-4184-A4EB-19421A40DE0D,5119D0F8_s1,11B5EC4D-4133-4289-B475-4E737182A406,debounce,"{""theta"": 0.9165940133682069, ""n"": 5}",180,60,120,0.0666666666666666,0.2333333333333333,4,28,60,120,5,2.793296089385475,0,30.0,21.5,0.5333333333333333,4.0,28,0.2333333333333333,4.0
5119D0F8-FCA8-4184-A4EB-19421A40DE0D,5119D0F8_s1,11B5EC4D-4133-4289-B475-4E737182A406,margin_dual_threshold,"{""theta"": 0.8702995640802093, ""margin"": 0.05}",180,60,120,0.0,0.0,0,0,60,120,2,1.11731843575419,0,60.0,60.0,0.6666666666666666,0.0,0,0.0,0.0
5119D0F8-FCA8-4184-A4EB-19421A40DE0D,5119D0F8_s1,11B5EC4D-4133-4289-B475-4E737182A406,hysteresis,"{""theta"": 0.93993993993994, ""margin"": 0.05, ""ttt_frames"": 5}",180,60,120,0.0666666666666666,0.2666666666666666,4,32,60,120,5,2.793296089385475,0,30.0,19.5,0.5111111111111111,4.0,32,0.2666666666666666,4.0
5119D0F8-FCA8-4184-A4EB-19421A40DE0D,5119D0F8_s1,11B5EC4D-4133-4289-B475-4E737182A406,trust_model,"{""theta"": 0.90300676160031, ""gain"": 0.6, ""decay"": 0.2, ""tau_lo"": 0.4, ""tau_hi"": 0.6}",180,60,120,0.0,0.1416666666666666,0,17,60,120,2,1.11731843575419,0,60.0,60.0,0.5722222222222222,0.0,17,0.1416666666666666,17.0
5119D0F8-FCA8-4184-A4EB-19421A40DE0D,5119D0F8_s1,11B5EC4D-4133-4289-B475-4E737182A406,sprt,"{""A"": 16, ""B"": 4, ""mu_gen"": 0.9383203095568686, ""sd_gen"": 0.033397629969120525, ""mu_imp"": 0.4651065043538161, ""sd_imp"": 0.2802349370662641}",180,60,120,0.0,0.0333333333333333,0,4,60,120,2,1.11731843575419,0,60.0,60.0,0.6444444444444445,0.0,4,0.0333333333333333,4.0
5119D0F8-FCA8-4184-A4EB-19421A40DE0D,5119D0F8_s2,00EABED2-271D-49D8-B599-1D4A09240601,instantaneous,"{""theta"": 0.8730058249316314}",180,60,120,0.0,0.0083333333333333,0,1,60,120,4,2.23463687150838,2,36.0,40.0,0.6611111111111111,0.0,1,0.0083333333333333,0.0
5119D0F8-FCA8-4184-A4EB-19421A40DE0D,5119D0F8_s2,00EABED2-271D-49D8-B599-1D4A09240601,moving_average,"{""theta"": 0.872782215217699, ""w"": 3}",180,60,120,0.0,0.0166666666666666,0,2,60,120,2,1.11731843575419,0,60.0,60.0,0.6555555555555556,0.0,2,0.0166666666666666,2.0
5119D0F8-FCA8-4184-A4EB-19421A40DE0D,5119D0F8_s2,00EABED2-271D-49D8-B599-1D4A09240601,ewma,"{""theta"": 0.8728629651984491, ""alpha"": 0.5}",180,60,120,0.0,0.0333333333333333,0,4,60,120,2,1.11731843575419,0,60.0,60.0,0.6444444444444445,0.0,4,0.0333333333333333,4.0
5119D0F8-FCA8-4184-A4EB-19421A40DE0D,5119D0F8_s2,00EABED2-271D-49D8-B599-1D4A09240601,majority_vote,"{""theta"": 0.8728629651984491, ""w"": 5, ""k"": 4}",180,60,120,0.0166666666666666,0.025,1,3,60,120,2,1.11731843575419,0,60.0,61.0,0.6555555555555556,1.0,3,0.025,3.0
5119D0F8-FCA8-4184-A4EB-19421A40DE0D,5119D0F8_s2,00EABED2-271D-49D8-B599-1D4A09240601,debounce,"{""theta"": 0.9165940133682069, ""n"": 5}",180,60,120,0.0666666666666666,0.3333333333333333,4,40,60,120,2,1.11731843575419,0,60.0,64.0,0.4666666666666667,4.0,40,0.3333333333333333,40.0
5119D0F8-FCA8-4184-A4EB-19421A40DE0D,5119D0F8_s2,00EABED2-271D-49D8-B599-1D4A09240601,margin_dual_threshold,"{""theta"": 0.8702995640802093, ""margin"": 0.05}",180,60,120,0.0,0.0,0,0,60,120,2,1.11731843575419,0,60.0,60.0,0.6666666666666666,0.0,0,0.0,0.0
5119D0F8-FCA8-4184-A4EB-19421A40DE0D,5119D0F8_s2,00EABED2-271D-49D8-B599-1D4A09240601,hysteresis,"{""theta"": 0.93993993993994, ""margin"": 0.05, ""ttt_frames"": 5}",180,60,120,0.0666666666666666,0.5,4,60,60,120,1,0.5586592178770949,0,90.0,90.0,0.3555555555555555,4.0,60,0.5,
5119D0F8-FCA8-4184-A4EB-19421A40DE0D,5119D0F8_s2,00EABED2-271D-49D8-B599-1D4A09240601,trust_model,"{""theta"": 0.90300676160031, ""gain"": 0.6, ""decay"": 0.2, ""tau_lo"": 0.4, ""tau_hi"": 0.6}",180,60,120,0.0,0.325,0,39,60,120,2,1.11731843575419,0,60.0,60.0,0.45,0.0,39,0.325,39.0
5119D0F8-FCA8-4184-A4EB-19421A40DE0D,5119D0F8_s2,00EABED2-271D-49D8-B599-1D4A09240601,sprt,"{""A"": 16, ""B"": 4, ""mu_gen"": 0.9383203095568686, ""sd_gen"": 0.033397629969120525, ""mu_imp"": 0.4651065043538161, ""sd_imp"": 0.2802349370662641}",180,60,120,0.0,0.0416666666666666,0,5,60,120,2,1.11731843575419,0,60.0,60.0,0.6388888888888888,0.0,5,0.0416666666666666,5.0
5119D0F8-FCA8-4184-A4EB-19421A40DE0D,5119D0F8_s3,098A72A5-E3E5-4F54-A152-BBDA0DF7B694,instantaneous,"{""theta"": 0.8730058249316314}",180,60,120,0.0,0.0083333333333333,0,1,60,120,4,2.23463687150838,2,36.0,34.0,0.6611111111111111,0.0,1,0.0083333333333333,0.0
5119D0F8-FCA8-4184-A4EB-19421A40DE0D,5119D0F8_s3,098A72A5-E3E5-4F54-A152-BBDA0DF7B694,moving_average,"{""theta"": 0.872782215217699, ""w"": 3}",180,60,120,0.0,0.0083333333333333,0,1,60,120,2,1.11731843575419,0,60.0,60.0,0.6611111111111111,0.0,1,0.0083333333333333,1.0
5119D0F8-FCA8-4184-A4EB-19421A40DE0D,5119D0F8_s3,098A72A5-E3E5-4F54-A152-BBDA0DF7B694,ewma,"{""theta"": 0.8728629651984491, ""alpha"": 0.5}",180,60,120,0.0,0.0083333333333333,0,1,60,120,2,1.11731843575419,0,60.0,60.0,0.6611111111111111,0.0,1,0.0083333333333333,1.0
5119D0F8-FCA8-4184-A4EB-19421A40DE0D,5119D0F8_s3,098A72A5-E3E5-4F54-A152-BBDA0DF7B694,majority_vote,"{""theta"": 0.8728629651984491, ""w"": 5, ""k"": 4}",180,60,120,0.0166666666666666,0.025,1,3,60,120,2,1.11731843575419,0,60.0,61.0,0.6555555555555556,1.0,3,0.025,3.0
5119D0F8-FCA8-4184-A4EB-19421A40DE0D,5119D0F8_s3,098A72A5-E3E5-4F54-A152-BBDA0DF7B694,debounce,"{""theta"": 0.9165940133682069, ""n"": 5}",180,60,120,0.0,0.6916666666666667,0,83,60,120,4,2.23463687150838,0,36.0,18.0,0.2055555555555555,0.0,83,0.6916666666666667,17.0
5119D0F8-FCA8-4184-A4EB-19421A40DE0D,5119D0F8_s3,098A72A5-E3E5-4F54-A152-BBDA0DF7B694,margin_dual_threshold,"{""theta"": 0.8702995640802093, ""margin"": 0.05}",180,60,120,0.0,0.0,0,0,60,120,2,1.11731843575419,0,60.0,60.0,0.6666666666666666,0.0,0,0.0,0.0
5119D0F8-FCA8-4184-A4EB-19421A40DE0D,5119D0F8_s3,098A72A5-E3E5-4F54-A152-BBDA0DF7B694,hysteresis,"{""theta"": 0.93993993993994, ""margin"": 0.05, ""ttt_frames"": 5}",180,60,120,0.0,0.75,0,90,60,120,3,1.675977653631285,0,45.0,21.0,0.1666666666666666,0.0,90,0.75,18.0
5119D0F8-FCA8-4184-A4EB-19421A40DE0D,5119D0F8_s3,098A72A5-E3E5-4F54-A152-BBDA0DF7B694,trust_model,"{""theta"": 0.90300676160031, ""gain"": 0.6, ""decay"": 0.2, ""tau_lo"": 0.4, ""tau_hi"": 0.6}",180,60,120,0.0166666666666666,0.0583333333333333,1,7,60,120,2,1.11731843575419,0,60.0,61.0,0.6333333333333333,1.0,7,0.0583333333333333,7.0
5119D0F8-FCA8-4184-A4EB-19421A40DE0D,5119D0F8_s3,098A72A5-E3E5-4F54-A152-BBDA0DF7B694,sprt,"{""A"": 16, ""B"": 4, ""mu_gen"": 0.9383203095568686, ""sd_gen"": 0.033397629969120525, ""mu_imp"": 0.4651065043538161, ""sd_imp"": 0.2802349370662641}",180,60,120,0.0166666666666666,0.0416666666666666,1,5,60,120,2,1.11731843575419,0,60.0,61.0,0.6444444444444445,1.0,5,0.0416666666666666,5.0
5119D0F8-FCA8-4184-A4EB-19421A40DE0D,5119D0F8_s4,A5CDF89D-02A2-4EC1-89F8-F534FDABDD96,instantaneous,"{""theta"": 0.8730058249316314}",180,60,120,0.0,0.0083333333333333,0,1,60,120,4,2.23463687150838,2,36.0,48.0,0.6611111111111111,0.0,1,0.0083333333333333,0.0
5119D0F8-FCA8-4184-A4EB-19421A40DE0D,5119D0F8_s4,A5CDF89D-02A2-4EC1-89F8-F534FDABDD96,moving_average,"{""theta"": 0.872782215217699, ""w"": 3}",180,60,120,0.0,0.0166666666666666,0,2,60,120,2,1.11731843575419,0,60.0,60.0,0.6555555555555556,0.0,2,0.0166666666666666,2.0
5119D0F8-FCA8-4184-A4EB-19421A40DE0D,5119D0F8_s4,A5CDF89D-02A2-4EC1-89F8-F534FDABDD96,ewma,"{""theta"": 0.8728629651984491, ""alpha"": 0.5}",180,60,120,0.0,0.0083333333333333,0,1,60,120,2,1.11731843575419,0,60.0,60.0,0.6611111111111111,0.0,1,0.0083333333333333,1.0
5119D0F8-FCA8-4184-A4EB-19421A40DE0D,5119D0F8_s4,A5CDF89D-02A2-4EC1-89F8-F534FDABDD96,majority_vote,"{""theta"": 0.8728629651984491, ""w"": 5, ""k"": 4}",180,60,120,0.0166666666666666,0.025,1,3,60,120,2,1.11731843575419,0,60.0,61.0,0.6555555555555556,1.0,3,0.025,3.0
5119D0F8-FCA8-4184-A4EB-19421A40DE0D,5119D0F8_s4,A5CDF89D-02A2-4EC1-89F8-F534FDABDD96,debounce,"{""theta"": 0.9165940133682069, ""n"": 5}",180,60,120,0.0,0.2833333333333333,0,34,60,120,4,2.23463687150838,0,36.0,36.0,0.4777777777777778,0.0,34,0.2833333333333333,4.0
5119D0F8-FCA8-4184-A4EB-19421A40DE0D,5119D0F8_s4,A5CDF89D-02A2-4EC1-89F8-F534FDABDD96,margin_dual_threshold,"{""theta"": 0.8702995640802093, ""margin"": 0.05}",180,60,120,0.0,0.0,0,0,60,120,2,1.11731843575419,0,60.0,60.0,0.6666666666666666,0.0,0,0.0,0.0
5119D0F8-FCA8-4184-A4EB-19421A40DE0D,5119D0F8_s4,A5CDF89D-02A2-4EC1-89F8-F534FDABDD96,hysteresis,"{""theta"": 0.93993993993994, ""margin"": 0.05, ""ttt_frames"": 5}",180,60,120,0.0,0.375,0,45,60,120,2,1.11731843575419,0,60.0,39.0,0.4166666666666667,0.0,45,0.375,21.0
5119D0F8-FCA8-4184-A4EB-19421A40DE0D,5119D0F8_s4,A5CDF89D-02A2-4EC1-89F8-F534FDABDD96,trust_model,"{""theta"": 0.90300676160031, ""gain"": 0.6, ""decay"": 0.2, ""tau_lo"": 0.4, ""tau_hi"": 0.6}",180,60,120,0.0,0.1416666666666666,0,17,60,120,2,1.11731843575419,0,60.0,60.0,0.5722222222222222,0.0,17,0.1416666666666666,17.0
5119D0F8-FCA8-4184-A4EB-19421A40DE0D,5119D0F8_s4,A5CDF89D-02A2-4EC1-89F8-F534FDABDD96,sprt,"{""A"": 16, ""B"": 4, ""mu_gen"": 0.9383203095568686, ""sd_gen"": 0.033397629969120525, ""mu_imp"": 0.4651065043538161, ""sd_imp"": 0.2802349370662641}",180,60,120,0.0,0.0333333333333333,0,4,60,120,2,1.11731843575419,0,60.0,60.0,0.6444444444444445,0.0,4,0.0333333333333333,4.0
5119D0F8-FCA8-4184-A4EB-19421A40DE0D,5119D0F8_s5,098A72A5-E3E5-4F54-A152-BBDA0DF7B694,instantaneous,"{""theta"": 0.8730058249316314}",180,60,120,0.0,0.0083333333333333,0,1,60,120,4,2.23463687150838,3,36.0,56.0,0.6611111111111111,0.0,1,0.0083333333333333,0.0
5119D0F8-FCA8-4184-A4EB-19421A40DE0D,5119D0F8_s5,098A72A5-E3E5-4F54-A152-BBDA0DF7B694,moving_average,"{""theta"": 0.872782215217699, ""w"": 3}",180,60,120,0.0166666666666666,0.0083333333333333,1,1,60,120,2,1.11731843575419,0,60.0,60.0,0.6666666666666666,1.0,1,0.0083333333333333,1.0
5119D0F8-FCA8-4184-A4EB-19421A40DE0D,5119D0F8_s5,098A72A5-E3E5-4F54-A152-BBDA0DF7B694,ewma,"{""theta"": 0.8728629651984491, ""alpha"": 0.5}",180,60,120,0.0,0.0083333333333333,0,1,60,120,2,1.11731843575419,0,60.0,60.0,0.6611111111111111,0.0,1,0.0083333333333333,1.0
5119D0F8-FCA8-4184-A4EB-19421A40DE0D,5119D0F8_s5,098A72A5-E3E5-4F54-A152-BBDA0DF7B694,majority_vote,"{""theta"": 0.8728629651984491, ""w"": 5, ""k"": 4}",180,60,120,0.0166666666666666,0.0333333333333333,1,4,60,120,2,1.11731843575419,0,60.0,61.0,0.65,1.0,4,0.0333333333333333,4.0
5119D0F8-FCA8-4184-A4EB-19421A40DE0D,5119D0F8_s5,098A72A5-E3E5-4F54-A152-BBDA0DF7B694,debounce,"{""theta"": 0.9165940133682069, ""n"": 5}",180,60,120,0.0666666666666666,0.2333333333333333,4,28,60,120,2,1.11731843575419,0,60.0,64.0,0.5333333333333333,4.0,28,0.2333333333333333,28.0
5119D0F8-FCA8-4184-A4EB-19421A40DE0D,5119D0F8_s5,098A72A5-E3E5-4F54-A152-BBDA0DF7B694,margin_dual_threshold,"{""theta"": 0.8702995640802093, ""margin"": 0.05}",180,60,120,0.0,0.0,0,0,60,120,2,1.11731843575419,0,60.0,60.0,0.6666666666666666,0.0,0,0.0,0.0
5119D0F8-FCA8-4184-A4EB-19421A40DE0D,5119D0F8_s5,098A72A5-E3E5-4F54-A152-BBDA0DF7B694,hysteresis,"{""theta"": 0.93993993993994, ""margin"": 0.05, ""ttt_frames"": 5}",180,60,120,0.0666666666666666,0.3666666666666666,4,44,60,120,2,1.11731843575419,0,60.0,64.0,0.4444444444444444,4.0,44,0.3666666666666666,44.0
5119D0F8-FCA8-4184-A4EB-19421A40DE0D,5119D0F8_s5,098A72A5-E3E5-4F54-A152-BBDA0DF7B694,trust_model,"{""theta"": 0.90300676160031, ""gain"": 0.6, ""decay"": 0.2, ""tau_lo"": 0.4, ""tau_hi"": 0.6}",180,60,120,0.0333333333333333,0.2583333333333333,2,31,60,120,2,1.11731843575419,0,60.0,62.0,0.5055555555555555,2.0,31,0.2583333333333333,31.0
5119D0F8-FCA8-4184-A4EB-19421A40DE0D,5119D0F8_s5,098A72A5-E3E5-4F54-A152-BBDA0DF7B694,sprt,"{""A"": 16, ""B"": 4, ""mu_gen"": 0.9383203095568686, ""sd_gen"": 0.033397629969120525, ""mu_imp"": 0.4651065043538161, ""sd_imp"": 0.2802349370662641}",180,60,120,0.05,0.05,3,6,60,120,2,1.11731843575419,0,60.0,63.0,0.65,3.0,6,0.05,6.0
5152A2DF-FAF3-4BA8-9CA9-E66B32671A53,5152A2DF_s0,806289BC-AD52-4CC1-806C-0CDB14D65EB6,instantaneous,"{""theta"": 0.852469874340842}",180,60,120,0.0,0.0333333333333333,0,4,60,120,7,3.910614525139665,5,22.5,8.5,0.6444444444444445,0.0,4,0.0333333333333333,3.0
5152A2DF-FAF3-4BA8-9CA9-E66B32671A53,5152A2DF_s0,806289BC-AD52-4CC1-806C-0CDB14D65EB6,moving_average,"{""theta"": 0.8506025320605966, ""w"": 3}",180,60,120,0.0,0.0416666666666666,0,5,60,120,3,1.675977653631285,0,45.0,57.5,0.6388888888888888,0.0,5,0.0416666666666666,4.0
5152A2DF-FAF3-4BA8-9CA9-E66B32671A53,5152A2DF_s0,806289BC-AD52-4CC1-806C-0CDB14D65EB6,ewma,"{""theta"": 0.850458412755187, ""alpha"": 0.3}",180,60,120,0.0,0.05,0,6,60,120,3,1.675977653631285,0,45.0,57.0,0.6333333333333333,0.0,6,0.05,5.0
5152A2DF-FAF3-4BA8-9CA9-E66B32671A53,5152A2DF_s0,806289BC-AD52-4CC1-806C-0CDB14D65EB6,majority_vote,"{""theta"": 0.840209217654379, ""w"": 5, ""k"": 4}",180,60,120,0.0166666666666666,0.0833333333333333,1,10,60,120,3,1.675977653631285,0,45.0,55.5,0.6166666666666667,1.0,10,0.0833333333333333,6.0
5152A2DF-FAF3-4BA8-9CA9-E66B32671A53,5152A2DF_s0,806289BC-AD52-4CC1-806C-0CDB14D65EB6,debounce,"{""theta"": 0.9664258355129323, ""n"": 5}",180,60,120,0.0,0.2833333333333333,0,34,60,120,5,2.793296089385475,0,30.0,18.0,0.4777777777777778,0.0,34,0.2833333333333333,10.0
5152A2DF-FAF3-4BA8-9CA9-E66B32671A53,5152A2DF_s0,806289BC-AD52-4CC1-806C-0CDB14D65EB6,margin_dual_threshold,"{""theta"": 0.8444963176576079, ""margin"": 0.05}",180,60,120,0.0,0.0166666666666666,0,2,60,120,4,2.23463687150838,3,36.0,57.0,0.6555555555555556,0.0,2,0.0166666666666666,3.0
5152A2DF-FAF3-4BA8-9CA9-E66B32671A53,5152A2DF_s0,806289BC-AD52-4CC1-806C-0CDB14D65EB6,hysteresis,"{""theta"": 0.9100863799283154, ""margin"": 0.05, ""ttt_frames"": 3}",180,60,120,0.0333333333333333,0.0916666666666666,2,11,60,120,4,2.23463687150838,0,36.0,41.0,0.6166666666666667,2.0,11,0.0916666666666666,7.0
5152A2DF-FAF3-4BA8-9CA9-E66B32671A53,5152A2DF_s0,806289BC-AD52-4CC1-806C-0CDB14D65EB6,trust_model,"{""theta"": 0.875207245955633, ""gain"": 0.6, ""decay"": 0.2, ""tau_lo"": 0.4, ""tau_hi"": 0.6}",180,60,120,0.0166666666666666,0.075,1,9,60,120,2,1.11731843575419,0,60.0,61.0,0.6222222222222222,1.0,9,0.075,9.0
5152A2DF-FAF3-4BA8-9CA9-E66B32671A53,5152A2DF_s0,806289BC-AD52-4CC1-806C-0CDB14D65EB6,sprt,"{""A"": 1, ""B"": 4, ""mu_gen"": 0.9422511220898317, ""sd_gen"": 0.03577535100349242, ""mu_imp"": 0.5057353051976707, ""sd_imp"": 0.23544363183947623}",180,60,120,0.0,0.0166666666666666,0,2,60,120,4,2.23463687150838,3,36.0,57.0,0.6555555555555556,0.0,2,0.0166666666666666,3.0
5152A2DF-FAF3-4BA8-9CA9-E66B32671A53,5152A2DF_s1,8023FE1A-D3B0-4E2C-A57A-9321B7FC755F,instantaneous,"{""theta"": 0.852469874340842}",180,60,120,0.0,0.0,0,0,60,120,2,1.11731843575419,0,60.0,60.0,0.6666666666666666,0.0,0,0.0,0.0
5152A2DF-FAF3-4BA8-9CA9-E66B32671A53,5152A2DF_s1,8023FE1A-D3B0-4E2C-A57A-9321B7FC755F,moving_average,"{""theta"": 0.8506025320605966, ""w"": 3}",180,60,120,0.0,0.0166666666666666,0,2,60,120,2,1.11731843575419,0,60.0,60.0,0.6555555555555556,0.0,2,0.0166666666666666,2.0
5152A2DF-FAF3-4BA8-9CA9-E66B32671A53,5152A2DF_s1,8023FE1A-D3B0-4E2C-A57A-9321B7FC755F,ewma,"{""theta"": 0.850458412755187, ""alpha"": 0.3}",180,60,120,0.0,0.0416666666666666,0,5,60,120,2,1.11731843575419,0,60.0,60.0,0.6388888888888888,0.0,5,0.0416666666666666,5.0
5152A2DF-FAF3-4BA8-9CA9-E66B32671A53,5152A2DF_s1,8023FE1A-D3B0-4E2C-A57A-9321B7FC755F,majority_vote,"{""theta"": 0.840209217654379, ""w"": 5, ""k"": 4}",180,60,120,0.0166666666666666,0.025,1,3,60,120,2,1.11731843575419,0,60.0,61.0,0.6555555555555556,1.0,3,0.025,3.0
5152A2DF-FAF3-4BA8-9CA9-E66B32671A53,5152A2DF_s1,8023FE1A-D3B0-4E2C-A57A-9321B7FC755F,debounce,"{""theta"": 0.9664258355129323, ""n"": 5}",180,60,120,0.0,0.9166666666666666,0,110,60,120,3,1.675977653631285,0,45.0,5.0,0.0555555555555555,0.0,110,0.9166666666666666,51.0
5152A2DF-FAF3-4BA8-9CA9-E66B32671A53,5152A2DF_s1,8023FE1A-D3B0-4E2C-A57A-9321B7FC755F,margin_dual_threshold,"{""theta"": 0.8444963176576079, ""margin"": 0.05}",180,60,120,0.0,0.0,0,0,60,120,2,1.11731843575419,0,60.0,60.0,0.6666666666666666,0.0,0,0.0,0.0
5152A2DF-FAF3-4BA8-9CA9-E66B32671A53,5152A2DF_s1,8023FE1A-D3B0-4E2C-A57A-9321B7FC755F,hysteresis,"{""theta"": 0.9100863799283154, ""margin"": 0.05, ""ttt_frames"": 3}",180,60,120,0.0333333333333333,0.1666666666666666,2,20,60,120,2,1.11731843575419,0,60.0,62.0,0.5666666666666667,2.0,20,0.1666666666666666,20.0
5152A2DF-FAF3-4BA8-9CA9-E66B32671A53,5152A2DF_s1,8023FE1A-D3B0-4E2C-A57A-9321B7FC755F,trust_model,"{""theta"": 0.875207245955633, ""gain"": 0.6, ""decay"": 0.2, ""tau_lo"": 0.4, ""tau_hi"": 0.6}",180,60,120,0.0166666666666666,0.1166666666666666,1,14,60,120,2,1.11731843575419,0,60.0,61.0,0.5944444444444444,1.0,14,0.1166666666666666,14.0
5152A2DF-FAF3-4BA8-9CA9-E66B32671A53,5152A2DF_s1,8023FE1A-D3B0-4E2C-A57A-9321B7FC755F,sprt,"{""A"": 1, ""B"": 4, ""mu_gen"": 0.9422511220898317, ""sd_gen"": 0.03577535100349242, ""mu_imp"": 0.5057353051976707, ""sd_imp"": 0.23544363183947623}",180,60,120,0.0,0.0,0,0,60,120,2,1.11731843575419,0,60.0,60.0,0.6666666666666666,0.0,0,0.0,0.0
5152A2DF-FAF3-4BA8-9CA9-E66B32671A53,5152A2DF_s2,61359772-D8D8-480D-B623-7C636EAD0C81,instantaneous,"{""theta"": 0.852469874340842}",180,60,120,0.0,0.0,0,0,60,120,2,1.11731843575419,0,60.0,60.0,0.6666666666666666,0.0,0,0.0,0.0
5152A2DF-FAF3-4BA8-9CA9-E66B32671A53,5152A2DF_s2,61359772-D8D8-480D-B623-7C636EAD0C81,moving_average,"{""theta"": 0.8506025320605966, ""w"": 3}",180,60,120,0.0,0.0166666666666666,0,2,60,120,2,1.11731843575419,0,60.0,60.0,0.6555555555555556,0.0,2,0.0166666666666666,2.0
5152A2DF-FAF3-4BA8-9CA9-E66B32671A53,5152A2DF_s2,61359772-D8D8-480D-B623-7C636EAD0C81,ewma,"{""theta"": 0.850458412755187, ""alpha"": 0.3}",180,60,120,0.0,0.0583333333333333,0,7,60,120,2,1.11731843575419,0,60.0,60.0,0.6277777777777778,0.0,7,0.0583333333333333,7.0
5152A2DF-FAF3-4BA8-9CA9-E66B32671A53,5152A2DF_s2,61359772-D8D8-480D-B623-7C636EAD0C81,majority_vote,"{""theta"": 0.840209217654379, ""w"": 5, ""k"": 4}",180,60,120,0.0166666666666666,0.025,1,3,60,120,2,1.11731843575419,0,60.0,61.0,0.6555555555555556,1.0,3,0.025,3.0
5152A2DF-FAF3-4BA8-9CA9-E66B32671A53,5152A2DF_s2,61359772-D8D8-480D-B623-7C636EAD0C81,debounce,"{""theta"": 0.9664258355129323, ""n"": 5}",180,60,120,0.0666666666666666,0.5,4,60,60,120,1,0.5586592178770949,0,90.0,90.0,0.3555555555555555,4.0,60,0.5,
5152A2DF-FAF3-4BA8-9CA9-E66B32671A53,5152A2DF_s2,61359772-D8D8-480D-B623-7C636EAD0C81,margin_dual_threshold,"{""theta"": 0.8444963176576079, ""margin"": 0.05}",180,60,120,0.0,0.0,0,0,60,120,2,1.11731843575419,0,60.0,60.0,0.6666666666666666,0.0,0,0.0,0.0
5152A2DF-FAF3-4BA8-9CA9-E66B32671A53,5152A2DF_s2,61359772-D8D8-480D-B623-7C636EAD0C81,hysteresis,"{""theta"": 0.9100863799283154, ""margin"": 0.05, ""ttt_frames"": 3}",180,60,120,0.0333333333333333,0.15,2,18,60,120,2,1.11731843575419,0,60.0,62.0,0.5777777777777777,2.0,18,0.15,18.0
5152A2DF-FAF3-4BA8-9CA9-E66B32671A53,5152A2DF_s2,61359772-D8D8-480D-B623-7C636EAD0C81,trust_model,"{""theta"": 0.875207245955633, ""gain"": 0.6, ""decay"": 0.2, ""tau_lo"": 0.4, ""tau_hi"": 0.6}",180,60,120,0.0166666666666666,0.1083333333333333,1,13,60,120,2,1.11731843575419,0,60.0,61.0,0.6,1.0,13,0.1083333333333333,13.0
5152A2DF-FAF3-4BA8-9CA9-E66B32671A53,5152A2DF_s2,61359772-D8D8-480D-B623-7C636EAD0C81,sprt,"{""A"": 1, ""B"": 4, ""mu_gen"": 0.9422511220898317, ""sd_gen"": 0.03577535100349242, ""mu_imp"": 0.5057353051976707, ""sd_imp"": 0.23544363183947623}",180,60,120,0.0,0.0,0,0,60,120,2,1.11731843575419,0,60.0,60.0,0.6666666666666666,0.0,0,0.0,0.0
5152A2DF-FAF3-4BA8-9CA9-E66B32671A53,5152A2DF_s3,481F4DD2-7689-43B9-A2AA-C8772227162B,instantaneous,"{""theta"": 0.852469874340842}",180,60,120,0.0,0.0166666666666666,0,2,60,120,4,2.23463687150838,2,36.0,52.0,0.6555555555555556,0.0,2,0.0166666666666666,0.0
5152A2DF-FAF3-4BA8-9CA9-E66B32671A53,5152A2DF_s3,481F4DD2-7689-43B9-A2AA-C8772227162B,moving_average,"{""theta"": 0.8506025320605966, ""w"": 3}",180,60,120,0.0,0.0166666666666666,0,2,60,120,2,1.11731843575419,0,60.0,60.0,0.6555555555555556,0.0,2,0.0166666666666666,2.0
5152A2DF-FAF3-4BA8-9CA9-E66B32671A53,5152A2DF_s3,481F4DD2-7689-43B9-A2AA-C8772227162B,ewma,"{""theta"": 0.850458412755187, ""alpha"": 0.3}",180,60,120,0.0166666666666666,0.05,1,6,60,120,2,1.11731843575419,0,60.0,61.0,0.6388888888888888,1.0,6,0.05,6.0
5152A2DF-FAF3-4BA8-9CA9-E66B32671A53,5152A2DF_s3,481F4DD2-7689-43B9-A2AA-C8772227162B,majority_vote,"{""theta"": 0.840209217654379, ""w"": 5, ""k"": 4}",180,60,120,0.0166666666666666,0.025,1,3,60,120,2,1.11731843575419,0,60.0,61.0,0.6555555555555556,1.0,3,0.025,3.0
5152A2DF-FAF3-4BA8-9CA9-E66B32671A53,5152A2DF_s3,481F4DD2-7689-43B9-A2AA-C8772227162B,debounce,"{""theta"": 0.9664258355129323, ""n"": 5}",180,60,120,0.0666666666666666,0.525,4,63,60,120,7,3.910614525139665,0,22.5,12.0,0.3388888888888889,4.0,63,0.525,14.0
5152A2DF-FAF3-4BA8-9CA9-E66B32671A53,5152A2DF_s3,481F4DD2-7689-43B9-A2AA-C8772227162B,margin_dual_threshold,"{""theta"": 0.8444963176576079, ""margin"": 0.05}",180,60,120,0.0,0.0,0,0,60,120,2,1.11731843575419,0,60.0,60.0,0.6666666666666666,0.0,0,0.0,0.0
5152A2DF-FAF3-4BA8-9CA9-E66B32671A53,5152A2DF_s3,481F4DD2-7689-43B9-A2AA-C8772227162B,hysteresis,"{""theta"": 0.9100863799283154, ""margin"": 0.05, ""ttt_frames"": 3}",180,60,120,0.0333333333333333,0.025,2,3,60,120,2,1.11731843575419,0,60.0,61.0,0.6611111111111111,2.0,3,0.025,3.0
5152A2DF-FAF3-4BA8-9CA9-E66B32671A53,5152A2DF_s3,481F4DD2-7689-43B9-A2AA-C8772227162B,trust_model,"{""theta"": 0.875207245955633, ""gain"": 0.6, ""decay"": 0.2, ""tau_lo"": 0.4, ""tau_hi"": 0.6}",180,60,120,0.0166666666666666,0.0583333333333333,1,7,60,120,2,1.11731843575419,0,60.0,61.0,0.6333333333333333,1.0,7,0.0583333333333333,7.0
5152A2DF-FAF3-4BA8-9CA9-E66B32671A53,5152A2DF_s3,481F4DD2-7689-43B9-A2AA-C8772227162B,sprt,"{""A"": 1, ""B"": 4, ""mu_gen"": 0.9422511220898317, ""sd_gen"": 0.03577535100349242, ""mu_imp"": 0.5057353051976707, ""sd_imp"": 0.23544363183947623}",180,60,120,0.0,0.0,0,0,60,120,2,1.11731843575419,0,60.0,60.0,0.6666666666666666,0.0,0,0.0,0.0
5152A2DF-FAF3-4BA8-9CA9-E66B32671A53,5152A2DF_s4,0BFC35E2-4817-4865-BFA7-764742302A2D,instantaneous,"{""theta"": 0.852469874340842}",180,60,120,0.0,0.0,0,0,60,120,2,1.11731843575419,0,60.0,60.0,0.6666666666666666,0.0,0,0.0,0.0
5152A2DF-FAF3-4BA8-9CA9-E66B32671A53,5152A2DF_s4,0BFC35E2-4817-4865-BFA7-764742302A2D,moving_average,"{""theta"": 0.8506025320605966, ""w"": 3}",180,60,120,0.0,0.0166666666666666,0,2,60,120,2,1.11731843575419,0,60.0,60.0,0.6555555555555556,0.0,2,0.0166666666666666,2.0
5152A2DF-FAF3-4BA8-9CA9-E66B32671A53,5152A2DF_s4,0BFC35E2-4817-4865-BFA7-764742302A2D,ewma,"{""theta"": 0.850458412755187, ""alpha"": 0.3}",180,60,120,0.0,0.05,0,6,60,120,2,1.11731843575419,0,60.0,60.0,0.6333333333333333,0.0,6,0.05,6.0
5152A2DF-FAF3-4BA8-9CA9-E66B32671A53,5152A2DF_s4,0BFC35E2-4817-4865-BFA7-764742302A2D,majority_vote,"{""theta"": 0.840209217654379, ""w"": 5, ""k"": 4}",180,60,120,0.0166666666666666,0.025,1,3,60,120,2,1.11731843575419,0,60.0,61.0,0.6555555555555556,1.0,3,0.025,3.0
5152A2DF-FAF3-4BA8-9CA9-E66B32671A53,5152A2DF_s4,0BFC35E2-4817-4865-BFA7-764742302A2D,debounce,"{""theta"": 0.9664258355129323, ""n"": 5}",180,60,120,0.0,0.6666666666666666,0,80,60,120,3,1.675977653631285,0,45.0,20.0,0.2222222222222222,0.0,80,0.6666666666666666,
5152A2DF-FAF3-4BA8-9CA9-E66B32671A53,5152A2DF_s4,0BFC35E2-4817-4865-BFA7-764742302A2D,margin_dual_threshold,"{""theta"": 0.8444963176576079, ""margin"": 0.05}",180,60,120,0.0,0.0,0,0,60,120,2,1.11731843575419,0,60.0,60.0,0.6666666666666666,0.0,0,0.0,0.0
5152A2DF-FAF3-4BA8-9CA9-E66B32671A53,5152A2DF_s4,0BFC35E2-4817-4865-BFA7-764742302A2D,hysteresis,"{""theta"": 0.9100863799283154, ""margin"": 0.05, ""ttt_frames"": 3}",180,60,120,0.0333333333333333,0.2416666666666666,2,29,60,120,2,1.11731843575419,0,60.0,62.0,0.5166666666666667,2.0,29,0.2416666666666666,29.0
5152A2DF-FAF3-4BA8-9CA9-E66B32671A53,5152A2DF_s4,0BFC35E2-4817-4865-BFA7-764742302A2D,trust_model,"{""theta"": 0.875207245955633, ""gain"": 0.6, ""decay"": 0.2, ""tau_lo"": 0.4, ""tau_hi"": 0.6}",180,60,120,0.0166666666666666,0.1833333333333333,1,22,60,120,2,1.11731843575419,0,60.0,61.0,0.55,1.0,22,0.1833333333333333,22.0
5152A2DF-FAF3-4BA8-9CA9-E66B32671A53,5152A2DF_s4,0BFC35E2-4817-4865-BFA7-764742302A2D,sprt,"{""A"": 1, ""B"": 4, ""mu_gen"": 0.9422511220898317, ""sd_gen"": 0.03577535100349242, ""mu_imp"": 0.5057353051976707, ""sd_imp"": 0.23544363183947623}",180,60,120,0.0,0.0,0,0,60,120,2,1.11731843575419,0,60.0,60.0,0.6666666666666666,0.0,0,0.0,0.0
5152A2DF-FAF3-4BA8-9CA9-E66B32671A53,5152A2DF_s5,4E98F91F-4654-42EF-B908-A3389443F2E7,instantaneous,"{""theta"": 0.852469874340842}",180,60,120,0.0,0.0083333333333333,0,1,60,120,4,2.23463687150838,2,36.0,46.0,0.6611111111111111,0.0,1,0.0083333333333333,0.0
5152A2DF-FAF3-4BA8-9CA9-E66B32671A53,5152A2DF_s5,4E98F91F-4654-42EF-B908-A3389443F2E7,moving_average,"{""theta"": 0.8506025320605966, ""w"": 3}",180,60,120,0.0,0.0166666666666666,0,2,60,120,2,1.11731843575419,0,60.0,60.0,0.6555555555555556,0.0,2,0.0166666666666666,2.0
5152A2DF-FAF3-4BA8-9CA9-E66B32671A53,5152A2DF_s5,4E98F91F-4654-42EF-B908-A3389443F2E7,ewma,"{""theta"": 0.850458412755187, ""alpha"": 0.3}",180,60,120,0.0,0.0416666666666666,0,5,60,120,2,1.11731843575419,0,60.0,60.0,0.6388888888888888,0.0,5,0.0416666666666666,5.0
5152A2DF-FAF3-4BA8-9CA9-E66B32671A53,5152A2DF_s5,4E98F91F-4654-42EF-B908-A3389443F2E7,majority_vote,"{""theta"": 0.840209217654379, ""w"": 5, ""k"": 4}",180,60,120,0.0166666666666666,0.025,1,3,60,120,2,1.11731843575419,0,60.0,61.0,0.6555555555555556,1.0,3,0.025,3.0
5152A2DF-FAF3-4BA8-9CA9-E66B32671A53,5152A2DF_s5,4E98F91F-4654-42EF-B908-A3389443F2E7,debounce,"{""theta"": 0.9664258355129323, ""n"": 5}",180,60,120,0.0,0.525,0,63,60,120,1,0.5586592178770949,0,90.0,90.0,0.3166666666666666,0.0,63,0.525,
5152A2DF-FAF3-4BA8-9CA9-E66B32671A53,5152A2DF_s5,4E98F91F-4654-42EF-B908-A3389443F2E7,margin_dual_threshold,"{""theta"": 0.8444963176576079, ""margin"": 0.05}",180,60,120,0.0,0.0,0,0,60,120,2,1.11731843575419,0,60.0,60.0,0.6666666666666666,0.0,0,0.0,0.0
5152A2DF-FAF3-4BA8-9CA9-E66B32671A53,5152A2DF_s5,4E98F91F-4654-42EF-B908-A3389443F2E7,hysteresis,"{""theta"": 0.9100863799283154, ""margin"": 0.05, ""ttt_frames"": 3}",180,60,120,0.0333333333333333,0.275,2,33,60,120,5,2.793296089385475,0,30.0,29.0,0.4944444444444444,2.0,33,0.275,2.0
5152A2DF-FAF3-4BA8-9CA9-E66B32671A53,5152A2DF_s5,4E98F91F-4654-42EF-B908-A3389443F2E7,trust_model,"{""theta"": 0.875207245955633, ""gain"": 0.6, ""decay"": 0.2, ""tau_lo"": 0.4, ""tau_hi"": 0.6}",180,60,120,0.0166666666666666,0.0583333333333333,1,7,60,120,2,1.11731843575419,0,60.0,61.0,0.6333333333333333,1.0,7,0.0583333333333333,7.0
5152A2DF-FAF3-4BA8-9CA9-E66B32671A53,5152A2DF_s5,4E98F91F-4654-42EF-B908-A3389443F2E7,sprt,"{""A"": 1, ""B"": 4, ""mu_gen"": 0.9422511220898317, ""sd_gen"": 0.03577535100349242, ""mu_imp"": 0.5057353051976707, ""sd_imp"": 0.23544363183947623}",180,60,120,0.0,0.0,0,0,60,120,2,1.11731843575419,0,60.0,60.0,0.6666666666666666,0.0,0,0.0,0.0
5EF64122-B513-46AE-BCF1-E62AAC285D2C,5EF64122_s0,8023FE1A-D3B0-4E2C-A57A-9321B7FC755F,instantaneous,"{""theta"": 0.9085552794510063}",180,60,120,0.0,0.0,0,0,60,120,2,1.11731843575419,0,60.0,60.0,0.6666666666666666,0.0,0,0.0,0.0
5EF64122-B513-46AE-BCF1-E62AAC285D2C,5EF64122_s0,8023FE1A-D3B0-4E2C-A57A-9321B7FC755F,moving_average,"{""theta"": 0.8569809343692495, ""w"": 3}",180,60,120,0.0,0.0166666666666666,0,2,60,120,2,1.11731843575419,0,60.0,60.0,0.6555555555555556,0.0,2,0.0166666666666666,2.0
5EF64122-B513-46AE-BCF1-E62AAC285D2C,5EF64122_s0,8023FE1A-D3B0-4E2C-A57A-9321B7FC755F,ewma,"{""theta"": 0.8569809343692495, ""alpha"": 0.5}",180,60,120,0.0,0.0166666666666666,0,2,60,120,2,1.11731843575419,0,60.0,60.0,0.6555555555555556,0.0,2,0.0166666666666666,2.0
5EF64122-B513-46AE-BCF1-E62AAC285D2C,5EF64122_s0,8023FE1A-D3B0-4E2C-A57A-9321B7FC755F,majority_vote,"{""theta"": 0.9025058710661654, ""w"": 5, ""k"": 4}",180,60,120,0.0166666666666666,0.025,1,3,60,120,2,1.11731843575419,0,60.0,61.0,0.6555555555555556,1.0,3,0.025,3.0
5EF64122-B513-46AE-BCF1-E62AAC285D2C,5EF64122_s0,8023FE1A-D3B0-4E2C-A57A-9321B7FC755F,debounce,"{""theta"": 0.9155950403409716, ""n"": 2}",180,60,120,0.0166666666666666,0.0083333333333333,1,1,60,120,2,1.11731843575419,0,60.0,60.0,0.6666666666666666,1.0,1,0.0083333333333333,1.0
5EF64122-B513-46AE-BCF1-E62AAC285D2C,5EF64122_s0,8023FE1A-D3B0-4E2C-A57A-9321B7FC755F,margin_dual_threshold,"{""theta"": 0.8858863092336002, ""margin"": 0.05}",180,60,120,0.0,0.0,0,0,60,120,2,1.11731843575419,0,60.0,60.0,0.6666666666666666,0.0,0,0.0,0.0
5EF64122-B513-46AE-BCF1-E62AAC285D2C,5EF64122_s0,8023FE1A-D3B0-4E2C-A57A-9321B7FC755F,hysteresis,"{""theta"": 0.9509713146595788, ""margin"": 0.05, ""ttt_frames"": 3}",180,60,120,0.0333333333333333,0.5,2,60,60,120,1,0.5586592178770949,0,90.0,90.0,0.3444444444444444,2.0,60,0.5,
5EF64122-B513-46AE-BCF1-E62AAC285D2C,5EF64122_s0,8023FE1A-D3B0-4E2C-A57A-9321B7FC755F,trust_model,"{""theta"": 0.8569809343692495, ""gain"": 0.6, ""decay"": 0.05, ""tau_lo"": 0.4, ""tau_hi"": 0.6}",180,60,120,0.0166666666666666,0.0666666666666666,1,8,60,120,2,1.11731843575419,0,60.0,61.0,0.6277777777777778,1.0,8,0.0666666666666666,8.0
5EF64122-B513-46AE-BCF1-E62AAC285D2C,5EF64122_s0,8023FE1A-D3B0-4E2C-A57A-9321B7FC755F,sprt,"{""A"": 4, ""B"": 1, ""mu_gen"": 0.9559144914695925, ""sd_gen"": 0.02226220199718443, ""mu_imp"": 0.3759399350280561, ""sd_imp"": 0.2714950511244311}",180,60,120,0.0,0.0,0,0,60,120,2,1.11731843575419,0,60.0,60.0,0.6666666666666666,0.0,0,0.0,0.0
5EF64122-B513-46AE-BCF1-E62AAC285D2C,5EF64122_s1,A7599A50-24AE-46A6-8EA6-2576F1011D81,instantaneous,"{""theta"": 0.9085552794510063}",180,60,120,0.0,0.0,0,0,60,120,2,1.11731843575419,0,60.0,60.0,0.6666666666666666,0.0,0,0.0,0.0
5EF64122-B513-46AE-BCF1-E62AAC285D2C,5EF64122_s1,A7599A50-24AE-46A6-8EA6-2576F1011D81,moving_average,"{""theta"": 0.8569809343692495, ""w"": 3}",180,60,120,0.0,0.0083333333333333,0,1,60,120,2,1.11731843575419,0,60.0,60.0,0.6611111111111111,0.0,1,0.0083333333333333,1.0
5EF64122-B513-46AE-BCF1-E62AAC285D2C,5EF64122_s1,A7599A50-24AE-46A6-8EA6-2576F1011D81,ewma,"{""theta"": 0.8569809343692495, ""alpha"": 0.5}",180,60,120,0.0,0.0083333333333333,0,1,60,120,2,1.11731843575419,0,60.0,60.0,0.6611111111111111,0.0,1,0.0083333333333333,1.0
5EF64122-B513-46AE-BCF1-E62AAC285D2C,5EF64122_s1,A7599A50-24AE-46A6-8EA6-2576F1011D81,majority_vote,"{""theta"": 0.9025058710661654, ""w"": 5, ""k"": 4}",180,60,120,0.0166666666666666,0.025,1,3,60,120,2,1.11731843575419,0,60.0,61.0,0.6555555555555556,1.0,3,0.025,3.0
5EF64122-B513-46AE-BCF1-E62AAC285D2C,5EF64122_s1,A7599A50-24AE-46A6-8EA6-2576F1011D81,debounce,"{""theta"": 0.9155950403409716, ""n"": 2}",180,60,120,0.0166666666666666,0.0083333333333333,1,1,60,120,2,1.11731843575419,0,60.0,60.0,0.6666666666666666,1.0,1,0.0083333333333333,1.0
5EF64122-B513-46AE-BCF1-E62AAC285D2C,5EF64122_s1,A7599A50-24AE-46A6-8EA6-2576F1011D81,margin_dual_threshold,"{""theta"": 0.8858863092336002, ""margin"": 0.05}",180,60,120,0.0,0.0,0,0,60,120,2,1.11731843575419,0,60.0,60.0,0.6666666666666666,0.0,0,0.0,0.0
5EF64122-B513-46AE-BCF1-E62AAC285D2C,5EF64122_s1,A7599A50-24AE-46A6-8EA6-2576F1011D81,hysteresis,"{""theta"": 0.9509713146595788, ""margin"": 0.05, ""ttt_frames"": 3}",180,60,120,0.0333333333333333,0.5,2,60,60,120,1,0.5586592178770949,0,90.0,90.0,0.3444444444444444,2.0,60,0.5,
5EF64122-B513-46AE-BCF1-E62AAC285D2C,5EF64122_s1,A7599A50-24AE-46A6-8EA6-2576F1011D81,trust_model,"{""theta"": 0.8569809343692495, ""gain"": 0.6, ""decay"": 0.05, ""tau_lo"": 0.4, ""tau_hi"": 0.6}",180,60,120,0.0666666666666666,0.075,4,9,60,120,2,1.11731843575419,0,60.0,64.0,0.6388888888888888,4.0,9,0.075,9.0
5EF64122-B513-46AE-BCF1-E62AAC285D2C,5EF64122_s1,A7599A50-24AE-46A6-8EA6-2576F1011D81,sprt,"{""A"": 4, ""B"": 1, ""mu_gen"": 0.9559144914695925, ""sd_gen"": 0.02226220199718443, ""mu_imp"": 0.3759399350280561, ""sd_imp"": 0.2714950511244311}",180,60,120,0.0,0.0,0,0,60,120,2,1.11731843575419,0,60.0,60.0,0.6666666666666666,0.0,0,0.0,0.0
5EF64122-B513-46AE-BCF1-E62AAC285D2C,5EF64122_s2,ECECC2AB-D32F-4F90-B74C-E12A1C69BBE2,instantaneous,"{""theta"": 0.9085552794510063}",180,60,120,0.0,0.0,0,0,60,120,2,1.11731843575419,0,60.0,60.0,0.6666666666666666,0.0,0,0.0,0.0
5EF64122-B513-46AE-BCF1-E62AAC285D2C,5EF64122_s2,ECECC2AB-D32F-4F90-B74C-E12A1C69BBE2,moving_average,"{""theta"": 0.8569809343692495, ""w"": 3}",180,60,120,0.0,0.0166666666666666,0,2,60,120,2,1.11731843575419,0,60.0,60.0,0.6555555555555556,0.0,2,0.0166666666666666,2.0
5EF64122-B513-46AE-BCF1-E62AAC285D2C,5EF64122_s2,ECECC2AB-D32F-4F90-B74C-E12A1C69BBE2,ewma,"{""theta"": 0.8569809343692495, ""alpha"": 0.5}",180,60,120,0.0,0.0166666666666666,0,2,60,120,2,1.11731843575419,0,60.0,60.0,0.6555555555555556,0.0,2,0.0166666666666666,2.0
5EF64122-B513-46AE-BCF1-E62AAC285D2C,5EF64122_s2,ECECC2AB-D32F-4F90-B74C-E12A1C69BBE2,majority_vote,"{""theta"": 0.9025058710661654, ""w"": 5, ""k"": 4}",180,60,120,0.0166666666666666,0.025,1,3,60,120,2,1.11731843575419,0,60.0,61.0,0.6555555555555556,1.0,3,0.025,3.0
5EF64122-B513-46AE-BCF1-E62AAC285D2C,5EF64122_s2,ECECC2AB-D32F-4F90-B74C-E12A1C69BBE2,debounce,"{""theta"": 0.9155950403409716, ""n"": 2}",180,60,120,0.0166666666666666,0.0083333333333333,1,1,60,120,2,1.11731843575419,0,60.0,60.0,0.6666666666666666,1.0,1,0.0083333333333333,1.0
5EF64122-B513-46AE-BCF1-E62AAC285D2C,5EF64122_s2,ECECC2AB-D32F-4F90-B74C-E12A1C69BBE2,margin_dual_threshold,"{""theta"": 0.8858863092336002, ""margin"": 0.05}",180,60,120,0.0,0.0,0,0,60,120,2,1.11731843575419,0,60.0,60.0,0.6666666666666666,0.0,0,0.0,0.0
5EF64122-B513-46AE-BCF1-E62AAC285D2C,5EF64122_s2,ECECC2AB-D32F-4F90-B74C-E12A1C69BBE2,hysteresis,"{""theta"": 0.9509713146595788, ""margin"": 0.05, ""ttt_frames"": 3}",180,60,120,0.0333333333333333,0.5,2,60,60,120,1,0.5586592178770949,0,90.0,90.0,0.3444444444444444,2.0,60,0.5,
5EF64122-B513-46AE-BCF1-E62AAC285D2C,5EF64122_s2,ECECC2AB-D32F-4F90-B74C-E12A1C69BBE2,trust_model,"{""theta"": 0.8569809343692495, ""gain"": 0.6, ""decay"": 0.05, ""tau_lo"": 0.4, ""tau_hi"": 0.6}",180,60,120,0.0333333333333333,0.0666666666666666,2,8,60,120,2,1.11731843575419,0,60.0,62.0,0.6333333333333333,2.0,8,0.0666666666666666,8.0
5EF64122-B513-46AE-BCF1-E62AAC285D2C,5EF64122_s2,ECECC2AB-D32F-4F90-B74C-E12A1C69BBE2,sprt,"{""A"": 4, ""B"": 1, ""mu_gen"": 0.9559144914695925, ""sd_gen"": 0.02226220199718443, ""mu_imp"": 0.3759399350280561, ""sd_imp"": 0.2714950511244311}",180,60,120,0.0,0.0,0,0,60,120,2,1.11731843575419,0,60.0,60.0,0.6666666666666666,0.0,0,0.0,0.0
5EF64122-B513-46AE-BCF1-E62AAC285D2C,5EF64122_s3,7D9BB102-A612-4E2A-8E22-3159752F55D8,instantaneous,"{""theta"": 0.9085552794510063}",180,60,120,0.0,0.0,0,0,60,120,2,1.11731843575419,0,60.0,60.0,0.6666666666666666,0.0,0,0.0,0.0
5EF64122-B513-46AE-BCF1-E62AAC285D2C,5EF64122_s3,7D9BB102-A612-4E2A-8E22-3159752F55D8,moving_average,"{""theta"": 0.8569809343692495, ""w"": 3}",180,60,120,0.0,0.0166666666666666,0,2,60,120,2,1.11731843575419,0,60.0,60.0,0.6555555555555556,0.0,2,0.0166666666666666,2.0
5EF64122-B513-46AE-BCF1-E62AAC285D2C,5EF64122_s3,7D9BB102-A612-4E2A-8E22-3159752F55D8,ewma,"{""theta"": 0.8569809343692495, ""alpha"": 0.5}",180,60,120,0.0,0.025,0,3,60,120,2,1.11731843575419,0,60.0,60.0,0.65,0.0,3,0.025,3.0
5EF64122-B513-46AE-BCF1-E62AAC285D2C,5EF64122_s3,7D9BB102-A612-4E2A-8E22-3159752F55D8,majority_vote,"{""theta"": 0.9025058710661654, ""w"": 5, ""k"": 4}",180,60,120,0.0166666666666666,0.025,1,3,60,120,2,1.11731843575419,0,60.0,61.0,0.6555555555555556,1.0,3,0.025,3.0
5EF64122-B513-46AE-BCF1-E62AAC285D2C,5EF64122_s3,7D9BB102-A612-4E2A-8E22-3159752F55D8,debounce,"{""theta"": 0.9155950403409716, ""n"": 2}",180,60,120,0.0166666666666666,0.0083333333333333,1,1,60,120,2,1.11731843575419,0,60.0,60.0,0.6666666666666666,1.0,1,0.0083333333333333,1.0
5EF64122-B513-46AE-BCF1-E62AAC285D2C,5EF64122_s3,7D9BB102-A612-4E2A-8E22-3159752F55D8,margin_dual_threshold,"{""theta"": 0.8858863092336002, ""margin"": 0.05}",180,60,120,0.0,0.0,0,0,60,120,2,1.11731843575419,0,60.0,60.0,0.6666666666666666,0.0,0,0.0,0.0
5EF64122-B513-46AE-BCF1-E62AAC285D2C,5EF64122_s3,7D9BB102-A612-4E2A-8E22-3159752F55D8,hysteresis,"{""theta"": 0.9509713146595788, ""margin"": 0.05, ""ttt_frames"": 3}",180,60,120,0.0166666666666666,0.5,1,60,60,120,1,0.5586592178770949,0,90.0,90.0,0.3388888888888889,1.0,60,0.5,
5EF64122-B513-46AE-BCF1-E62AAC285D2C,5EF64122_s3,7D9BB102-A612-4E2A-8E22-3159752F55D8,trust_model,"{""theta"": 0.8569809343692495, ""gain"": 0.6, ""decay"": 0.05, ""tau_lo"": 0.4, ""tau_hi"": 0.6}",180,60,120,0.05,0.0833333333333333,3,10,60,120,2,1.11731843575419,0,60.0,63.0,0.6277777777777778,3.0,10,0.0833333333333333,10.0
5EF64122-B513-46AE-BCF1-E62AAC285D2C,5EF64122_s3,7D9BB102-A612-4E2A-8E22-3159752F55D8,sprt,"{""A"": 4, ""B"": 1, ""mu_gen"": 0.9559144914695925, ""sd_gen"": 0.02226220199718443, ""mu_imp"": 0.3759399350280561, ""sd_imp"": 0.2714950511244311}",180,60,120,0.0,0.0,0,0,60,120,2,1.11731843575419,0,60.0,60.0,0.6666666666666666,0.0,0,0.0,0.0
5EF64122-B513-46AE-BCF1-E62AAC285D2C,5EF64122_s4,F50235E0-DD67-4F2A-B00B-1F31ADA998B9,instantaneous,"{""theta"": 0.9085552794510063}",180,60,120,0.0,0.0,0,0,60,120,2,1.11731843575419,0,60.0,60.0,0.6666666666666666,0.0,0,0.0,0.0
5EF64122-B513-46AE-BCF1-E62AAC285D2C,5EF64122_s4,F50235E0-DD67-4F2A-B00B-1F31ADA998B9,moving_average,"{""theta"": 0.8569809343692495, ""w"": 3}",180,60,120,0.0166666666666666,0.0083333333333333,1,1,60,120,2,1.11731843575419,0,60.0,60.0,0.6666666666666666,1.0,1,0.0083333333333333,1.0
5EF64122-B513-46AE-BCF1-E62AAC285D2C,5EF64122_s4,F50235E0-DD67-4F2A-B00B-1F31ADA998B9,ewma,"{""theta"": 0.8569809343692495, ""alpha"": 0.5}",180,60,120,0.0,0.0083333333333333,0,1,60,120,2,1.11731843575419,0,60.0,60.0,0.6611111111111111,0.0,1,0.0083333333333333,1.0
5EF64122-B513-46AE-BCF1-E62AAC285D2C,5EF64122_s4,F50235E0-DD67-4F2A-B00B-1F31ADA998B9,majority_vote,"{""theta"": 0.9025058710661654, ""w"": 5, ""k"": 4}",180,60,120,0.0166666666666666,0.025,1,3,60,120,2,1.11731843575419,0,60.0,61.0,0.6555555555555556,1.0,3,0.025,3.0
5EF64122-B513-46AE-BCF1-E62AAC285D2C,5EF64122_s4,F50235E0-DD67-4F2A-B00B-1F31ADA998B9,debounce,"{""theta"": 0.9155950403409716, ""n"": 2}",180,60,120,0.0166666666666666,0.0083333333333333,1,1,60,120,2,1.11731843575419,0,60.0,60.0,0.6666666666666666,1.0,1,0.0083333333333333,1.0
5EF64122-B513-46AE-BCF1-E62AAC285D2C,5EF64122_s4,F50235E0-DD67-4F2A-B00B-1F31ADA998B9,margin_dual_threshold,"{""theta"": 0.8858863092336002, ""margin"": 0.05}",180,60,120,0.0,0.0,0,0,60,120,2,1.11731843575419,0,60.0,60.0,0.6666666666666666,0.0,0,0.0,0.0
5EF64122-B513-46AE-BCF1-E62AAC285D2C,5EF64122_s4,F50235E0-DD67-4F2A-B00B-1F31ADA998B9,hysteresis,"{""theta"": 0.9509713146595788, ""margin"": 0.05, ""ttt_frames"": 3}",180,60,120,0.0333333333333333,0.5,2,60,60,120,1,0.5586592178770949,0,90.0,90.0,0.3444444444444444,2.0,60,0.5,
5EF64122-B513-46AE-BCF1-E62AAC285D2C,5EF64122_s4,F50235E0-DD67-4F2A-B00B-1F31ADA998B9,trust_model,"{""theta"": 0.8569809343692495, ""gain"": 0.6, ""decay"": 0.05, ""tau_lo"": 0.4, ""tau_hi"": 0.6}",180,60,120,0.1166666666666666,0.0666666666666666,7,8,60,120,2,1.11731843575419,0,60.0,61.0,0.6611111111111111,7.0,8,0.0666666666666666,8.0
5EF64122-B513-46AE-BCF1-E62AAC285D2C,5EF64122_s4,F50235E0-DD67-4F2A-B00B-1F31ADA998B9,sprt,"{""A"": 4, ""B"": 1, ""mu_gen"": 0.9559144914695925, ""sd_gen"": 0.02226220199718443, ""mu_imp"": 0.3759399350280561, ""sd_imp"": 0.2714950511244311}",180,60,120,0.0,0.0,0,0,60,120,2,1.11731843575419,0,60.0,60.0,0.6666666666666666,0.0,0,0.0,0.0
5EF64122-B513-46AE-BCF1-E62AAC285D2C,5EF64122_s5,00EABED2-271D-49D8-B599-1D4A09240601,instantaneous,"{""theta"": 0.9085552794510063}",180,60,120,0.0,0.0,0,0,60,120,2,1.11731843575419,0,60.0,60.0,0.6666666666666666,0.0,0,0.0,0.0
5EF64122-B513-46AE-BCF1-E62AAC285D2C,5EF64122_s5,00EABED2-271D-49D8-B599-1D4A09240601,moving_average,"{""theta"": 0.8569809343692495, ""w"": 3}",180,60,120,0.0,0.0166666666666666,0,2,60,120,2,1.11731843575419,0,60.0,60.0,0.6555555555555556,0.0,2,0.0166666666666666,2.0
5EF64122-B513-46AE-BCF1-E62AAC285D2C,5EF64122_s5,00EABED2-271D-49D8-B599-1D4A09240601,ewma,"{""theta"": 0.8569809343692495, ""alpha"": 0.5}",180,60,120,0.0,0.025,0,3,60,120,2,1.11731843575419,0,60.0,60.0,0.65,0.0,3,0.025,3.0
5EF64122-B513-46AE-BCF1-E62AAC285D2C,5EF64122_s5,00EABED2-271D-49D8-B599-1D4A09240601,majority_vote,"{""theta"": 0.9025058710661654, ""w"": 5, ""k"": 4}",180,60,120,0.0166666666666666,0.025,1,3,60,120,2,1.11731843575419,0,60.0,61.0,0.6555555555555556,1.0,3,0.025,3.0
5EF64122-B513-46AE-BCF1-E62AAC285D2C,5EF64122_s5,00EABED2-271D-49D8-B599-1D4A09240601,debounce,"{""theta"": 0.9155950403409716, ""n"": 2}",180,60,120,0.0166666666666666,0.0083333333333333,1,1,60,120,2,1.11731843575419,0,60.0,60.0,0.6666666666666666,1.0,1,0.0083333333333333,1.0
5EF64122-B513-46AE-BCF1-E62AAC285D2C,5EF64122_s5,00EABED2-271D-49D8-B599-1D4A09240601,margin_dual_threshold,"{""theta"": 0.8858863092336002, ""margin"": 0.05}",180,60,120,0.0,0.0,0,0,60,120,2,1.11731843575419,0,60.0,60.0,0.6666666666666666,0.0,0,0.0,0.0
5EF64122-B513-46AE-BCF1-E62AAC285D2C,5EF64122_s5,00EABED2-271D-49D8-B599-1D4A09240601,hysteresis,"{""theta"": 0.9509713146595788, ""margin"": 0.05, ""ttt_frames"": 3}",180,60,120,0.0333333333333333,0.425,2,51,60,120,2,1.11731843575419,0,60.0,62.0,0.3944444444444444,2.0,51,0.425,51.0
5EF64122-B513-46AE-BCF1-E62AAC285D2C,5EF64122_s5,00EABED2-271D-49D8-B599-1D4A09240601,trust_model,"{""theta"": 0.8569809343692495, ""gain"": 0.6, ""decay"": 0.05, ""tau_lo"": 0.4, ""tau_hi"": 0.6}",180,60,120,0.0166666666666666,0.0666666666666666,1,8,60,120,2,1.11731843575419,0,60.0,61.0,0.6277777777777778,1.0,8,0.0666666666666666,8.0
5EF64122-B513-46AE-BCF1-E62AAC285D2C,5EF64122_s5,00EABED2-271D-49D8-B599-1D4A09240601,sprt,"{""A"": 4, ""B"": 1, ""mu_gen"": 0.9559144914695925, ""sd_gen"": 0.02226220199718443, ""mu_imp"": 0.3759399350280561, ""sd_imp"": 0.2714950511244311}",180,60,120,0.0,0.0,0,0,60,120,2,1.11731843575419,0,60.0,60.0,0.6666666666666666,0.0,0,0.0,0.0
61976C24-1C50-4355-9C49-AAE44A7D09F6,61976C24_s0,7D9BB102-A612-4E2A-8E22-3159752F55D8,instantaneous,"{""theta"": 0.8537485762144054}",180,60,120,0.0,0.1666666666666666,0,20,60,120,19,10.614525139664805,16,9.0,3.0,0.5555555555555556,0.0,20,0.1666666666666666,0.0
61976C24-1C50-4355-9C49-AAE44A7D09F6,61976C24_s0,7D9BB102-A612-4E2A-8E22-3159752F55D8,moving_average,"{""theta"": 0.8558112440168554, ""w"": 5}",180,60,120,0.0166666666666666,0.2,1,24,60,120,8,4.46927374301676,4,20.0,14.0,0.5388888888888889,1.0,24,0.2,4.0
61976C24-1C50-4355-9C49-AAE44A7D09F6,61976C24_s0,7D9BB102-A612-4E2A-8E22-3159752F55D8,ewma,"{""theta"": 0.8521388752881215, ""alpha"": 0.5}",180,60,120,0.0,0.1666666666666666,0,20,60,120,10,5.58659217877095,6,16.363636363636363,8.0,0.5555555555555556,0.0,20,0.1666666666666666,4.0
61976C24-1C50-4355-9C49-AAE44A7D09F6,61976C24_s0,7D9BB102-A612-4E2A-8E22-3159752F55D8,majority_vote,"{""theta"": 0.8445045178408662, ""w"": 5, ""k"": 4}",180,60,120,0.0166666666666666,0.1833333333333333,1,22,60,120,6,3.35195530726257,0,25.714285714285715,23.0,0.55,1.0,22,0.1833333333333333,3.0
61976C24-1C50-4355-9C49-AAE44A7D09F6,61976C24_s0,7D9BB102-A612-4E2A-8E22-3159752F55D8,debounce,"{""theta"": 0.8558112440168554, ""n"": 3}",180,60,120,0.0333333333333333,0.175,2,21,60,120,8,4.46927374301676,4,20.0,14.0,0.5611111111111111,2.0,21,0.175,2.0
61976C24-1C50-4355-9C49-AAE44A7D09F6,61976C24_s0,7D9BB102-A612-4E2A-8E22-3159752F55D8,margin_dual_threshold,"{""theta"": 0.837437409268565, ""margin"": 0.1}",180,60,120,0.0,0.25,0,30,60,120,4,2.23463687150838,2,36.0,25.0,0.5,0.0,30,0.25,29.0
61976C24-1C50-4355-9C49-AAE44A7D09F6,61976C24_s0,7D9BB102-A612-4E2A-8E22-3159752F55D8,hysteresis,"{""theta"": 0.8988028010422483, ""margin"": 0.1, ""ttt_frames"": 3}",180,60,120,0.0,0.7083333333333334,0,85,60,120,1,0.5586592178770949,0,90.0,90.0,0.1944444444444444,0.0,85,0.7083333333333334,
61976C24-1C50-4355-9C49-AAE44A7D09F6,61976C24_s0,7D9BB102-A612-4E2A-8E22-3159752F55D8,trust_model,"{""theta"": 0.881589653872401, ""gain"": 0.6, ""decay"": 0.2, ""tau_lo"": 0.4, ""tau_hi"": 0.6}",180,60,120,0.0166666666666666,0.5166666666666667,1,62,60,120,4,2.23463687150838,0,36.0,13.0,0.3277777777777778,1.0,62,0.5166666666666667,49.0
61976C24-1C50-4355-9C49-AAE44A7D09F6,61976C24_s0,7D9BB102-A612-4E2A-8E22-3159752F55D8,sprt,"{""A"": 16, ""B"": 1, ""mu_gen"": 0.9157229046466904, ""sd_gen"": 0.04357861295492906, ""mu_imp"": 0.6478777633021073, ""sd_imp"": 0.25940831550123483}",180,60,120,0.0166666666666666,0.0916666666666666,1,11,60,120,2,1.11731843575419,0,60.0,61.0,0.6111111111111112,1.0,11,0.0916666666666666,11.0
61976C24-1C50-4355-9C49-AAE44A7D09F6,61976C24_s1,A7599A50-24AE-46A6-8EA6-2576F1011D81,instantaneous,"{""theta"": 0.8537485762144054}",180,60,120,0.0,0.0916666666666666,0,11,60,120,10,5.58659217877095,7,16.363636363636363,2.0,0.6055555555555555,0.0,11,0.0916666666666666,0.0
61976C24-1C50-4355-9C49-AAE44A7D09F6,61976C24_s1,A7599A50-24AE-46A6-8EA6-2576F1011D81,moving_average,"{""theta"": 0.8558112440168554, ""w"": 5}",180,60,120,0.0,0.15,0,18,60,120,4,2.23463687150838,0,36.0,42.0,0.5666666666666667,0.0,18,0.15,4.0
61976C24-1C50-4355-9C49-AAE44A7D09F6,61976C24_s1,A7599A50-24AE-46A6-8EA6-2576F1011D81,ewma,"{""theta"": 0.8521388752881215, ""alpha"": 0.5}",180,60,120,0.0,0.125,0,15,60,120,6,3.35195530726257,2,25.714285714285715,8.0,0.5833333333333334,0.0,15,0.125,3.0
61976C24-1C50-4355-9C49-AAE44A7D09F6,61976C24_s1,A7599A50-24AE-46A6-8EA6-2576F1011D81,majority_vote,"{""theta"": 0.8445045178408662, ""w"": 5, ""k"": 4}",180,60,120,0.0166666666666666,0.15,1,18,60,120,4,2.23463687150838,0,36.0,41.0,0.5722222222222222,1.0,18,0.15,3.0
61976C24-1C50-4355-9C49-AAE44A7D09F6,61976C24_s1,A7599A50-24AE-46A6-8EA6-2576F1011D81,debounce,"{""theta"": 0.8558112440168554, ""n"": 3}",180,60,120,0.0333333333333333,0.125,2,15,60,120,4,2.23463687150838,0,36.0,43.0,0.5944444444444444,2.0,15,0.125,2.0
61976C24-1C50-4355-9C49-AAE44A7D09F6,61976C24_s1,A7599A50-24AE-46A6-8EA6-2576F1011D81,margin_dual_threshold,"{""theta"": 0.837437409268565, ""margin"": 0.1}",180,60,120,0.0,0.0,0,0,60,120,2,1.11731843575419,0,60.0,60.0,0.6666666666666666,0.0,0,0.0,0.0
61976C24-1C50-4355-9C49-AAE44A7D09F6,61976C24_s1,A7599A50-24AE-46A6-8EA6-2576F1011D81,hysteresis,"{""theta"": 0.8988028010422483, ""margin"": 0.1, ""ttt_frames"": 3}",180,60,120,0.0333333333333333,0.8833333333333333,2,106,60,120,4,2.23463687150838,0,36.0,6.0,0.0888888888888888,2.0,106,0.8833333333333333,55.0
61976C24-1C50-4355-9C49-AAE44A7D09F6,61976C24_s1,A7599A50-24AE-46A6-8EA6-2576F1011D81,trust_model,"{""theta"": 0.881589653872401, ""gain"": 0.6, ""decay"": 0.2, ""tau_lo"": 0.4, ""tau_hi"": 0.6}",180,60,120,0.0,0.1083333333333333,0,13,60,120,2,1.11731843575419,0,60.0,60.0,0.5944444444444444,0.0,13,0.1083333333333333,13.0
61976C24-1C50-4355-9C49-AAE44A7D09F6,61976C24_s1,A7599A50-24AE-46A6-8EA6-2576F1011D81,sprt,"{""A"": 16, ""B"": 1, ""mu_gen"": 0.9157229046466904, ""sd_gen"": 0.04357861295492906, ""mu_imp"": 0.6478777633021073, ""sd_imp"": 0.25940831550123483}",180,60,120,0.0,0.0583333333333333,0,7,60,120,2,1.11731843575419,0,60.0,60.0,0.6277777777777778,0.0,7,0.0583333333333333,7.0
61976C24-1C50-4355-9C49-AAE44A7D09F6,61976C24_s2,CF722AA9-2533-4E51-9FEB-9EAC84EE9AAC,instantaneous,"{""theta"": 0.8537485762144054}",180,60,120,0.0,0.15,0,18,60,120,24,13.40782122905028,22,7.2,2.0,0.5666666666666667,0.0,18,0.15,0.0
61976C24-1C50-4355-9C49-AAE44A7D09F6,61976C24_s2,CF722AA9-2533-4E51-9FEB-9EAC84EE9AAC,moving_average,"{""theta"": 0.8558112440168554, ""w"": 5}",180,60,120,0.0,0.1333333333333333,0,16,60,120,10,5.58659217877095,7,16.363636363636363,6.0,0.5777777777777777,0.0,16,0.1333333333333333,4.0
61976C24-1C50-4355-9C49-AAE44A7D09F6,61976C24_s2,CF722AA9-2533-4E51-9FEB-9EAC84EE9AAC,ewma,"{""theta"": 0.8521388752881215, ""alpha"": 0.5}",180,60,120,0.0,0.1,0,12,60,120,10,5.58659217877095,7,16.363636363636363,4.0,0.6,0.0,12,0.1,3.0
61976C24-1C50-4355-9C49-AAE44A7D09F6,61976C24_s2,CF722AA9-2533-4E51-9FEB-9EAC84EE9AAC,majority_vote,"{""theta"": 0.8445045178408662, ""w"": 5, ""k"": 4}",180,60,120,0.0166666666666666,0.15,1,18,60,120,6,3.35195530726257,0,25.714285714285715,12.0,0.5722222222222222,1.0,18,0.15,3.0
61976C24-1C50-4355-9C49-AAE44A7D09F6,61976C24_s2,CF722AA9-2533-4E51-9FEB-9EAC84EE9AAC,debounce,"{""theta"": 0.8558112440168554, ""n"": 3}",180,60,120,0.0333333333333333,0.125,2,15,60,120,6,3.35195530726257,2,25.714285714285715,19.0,0.5944444444444444,2.0,15,0.125,2.0
61976C24-1C50-4355-9C49-AAE44A7D09F6,61976C24_s2,CF722AA9-2533-4E51-9FEB-9EAC84EE9AAC,margin_dual_threshold,"{""theta"": 0.837437409268565, ""margin"": 0.1}",180,60,120,0.0,0.0,0,0,60,120,2,1.11731843575419,0,60.0,60.0,0.6666666666666666,0.0,0,0.0,0.0
61976C24-1C50-4355-9C49-AAE44A7D09F6,61976C24_s2,CF722AA9-2533-4E51-9FEB-9EAC84EE9AAC,hysteresis,"{""theta"": 0.8988028010422483, ""margin"": 0.1, ""ttt_frames"": 3}",180,60,120,0.0333333333333333,0.5,2,60,60,120,1,0.5586592178770949,0,90.0,90.0,0.3444444444444444,2.0,60,0.5,
61976C24-1C50-4355-9C49-AAE44A7D09F6,61976C24_s2,CF722AA9-2533-4E51-9FEB-9EAC84EE9AAC,trust_model,"{""theta"": 0.881589653872401, ""gain"": 0.6, ""decay"": 0.2, ""tau_lo"": 0.4, ""tau_hi"": 0.6}",180,60,120,0.0,0.5,0,60,60,120,1,0.5586592178770949,0,90.0,90.0,0.3333333333333333,0.0,60,0.5,
61976C24-1C50-4355-9C49-AAE44A7D09F6,61976C24_s2,CF722AA9-2533-4E51-9FEB-9EAC84EE9AAC,sprt,"{""A"": 16, ""B"": 1, ""mu_gen"": 0.9157229046466904, ""sd_gen"": 0.04357861295492906, ""mu_imp"": 0.6478777633021073, ""sd_imp"": 0.25940831550123483}",180,60,120,0.0,0.075,0,9,60,120,2,1.11731843575419,0,60.0,60.0,0.6166666666666667,0.0,9,0.075,9.0
61976C24-1C50-4355-9C49-AAE44A7D09F6,61976C24_s3,11B5EC4D-4133-4289-B475-4E737182A406,instantaneous,"{""theta"": 0.8537485762144054}",180,60,120,0.0,0.0916666666666666,0,11,60,120,19,10.614525139664805,16,9.0,2.0,0.6055555555555555,0.0,11,0.0916666666666666,0.0
61976C24-1C50-4355-9C49-AAE44A7D09F6,61976C24_s3,11B5EC4D-4133-4289-B475-4E737182A406,moving_average,"{""theta"": 0.8558112440168554, ""w"": 5}",180,60,120,0.0,0.0666666666666666,0,8,60,120,9,5.027932960893855,7,18.0,3.0,0.6222222222222222,0.0,8,0.0666666666666666,3.0
61976C24-1C50-4355-9C49-AAE44A7D09F6,61976C24_s3,11B5EC4D-4133-4289-B475-4E737182A406,ewma,"{""theta"": 0.8521388752881215, ""alpha"": 0.5}",180,60,120,0.0,0.0416666666666666,0,5,60,120,7,3.910614525139665,4,22.5,4.0,0.6388888888888888,0.0,5,0.0416666666666666,2.0
61976C24-1C50-4355-9C49-AAE44A7D09F6,61976C24_s3,11B5EC4D-4133-4289-B475-4E737182A406,majority_vote,"{""theta"": 0.8445045178408662, ""w"": 5, ""k"": 4}",180,60,120,0.0166666666666666,0.0916666666666666,1,11,60,120,5,2.793296089385475,2,30.0,27.5,0.6111111111111112,1.0,11,0.0916666666666666,3.0
61976C24-1C50-4355-9C49-AAE44A7D09F6,61976C24_s3,11B5EC4D-4133-4289-B475-4E737182A406,debounce,"{""theta"": 0.8558112440168554, ""n"": 3}",180,60,120,0.0333333333333333,0.0416666666666666,2,5,60,120,4,2.23463687150838,2,36.0,50.0,0.65,2.0,5,0.0416666666666666,2.0
61976C24-1C50-4355-9C49-AAE44A7D09F6,61976C24_s3,11B5EC4D-4133-4289-B475-4E737182A406,margin_dual_threshold,"{""theta"": 0.837437409268565, ""margin"": 0.1}",180,60,120,0.0,0.0,0,0,60,120,2,1.11731843575419,0,60.0,60.0,0.6666666666666666,0.0,0,0.0,0.0
61976C24-1C50-4355-9C49-AAE44A7D09F6,61976C24_s3,11B5EC4D-4133-4289-B475-4E737182A406,hysteresis,"{""theta"": 0.8988028010422483, ""margin"": 0.1, ""ttt_frames"": 3}",180,60,120,0.0333333333333333,0.5,2,60,60,120,1,0.5586592178770949,0,90.0,90.0,0.3444444444444444,2.0,60,0.5,
61976C24-1C50-4355-9C49-AAE44A7D09F6,61976C24_s3,11B5EC4D-4133-4289-B475-4E737182A406,trust_model,"{""theta"": 0.881589653872401, ""gain"": 0.6, ""decay"": 0.2, ""tau_lo"": 0.4, ""tau_hi"": 0.6}",180,60,120,0.0,0.5,0,60,60,120,1,0.5586592178770949,0,90.0,90.0,0.3333333333333333,0.0,60,0.5,
61976C24-1C50-4355-9C49-AAE44A7D09F6,61976C24_s3,11B5EC4D-4133-4289-B475-4E737182A406,sprt,"{""A"": 16, ""B"": 1, ""mu_gen"": 0.9157229046466904, ""sd_gen"": 0.04357861295492906, ""mu_imp"": 0.6478777633021073, ""sd_imp"": 0.25940831550123483}",180,60,120,0.0,0.0583333333333333,0,7,60,120,2,1.11731843575419,0,60.0,60.0,0.6277777777777778,0.0,7,0.0583333333333333,7.0
61976C24-1C50-4355-9C49-AAE44A7D09F6,61976C24_s4,098A72A5-E3E5-4F54-A152-BBDA0DF7B694,instantaneous,"{""theta"": 0.8537485762144054}",180,60,120,0.0,0.0,0,0,60,120,2,1.11731843575419,0,60.0,60.0,0.6666666666666666,0.0,0,0.0,0.0
61976C24-1C50-4355-9C49-AAE44A7D09F6,61976C24_s4,098A72A5-E3E5-4F54-A152-BBDA0DF7B694,moving_average,"{""theta"": 0.8558112440168554, ""w"": 5}",180,60,120,0.0166666666666666,0.025,1,3,60,120,2,1.11731843575419,0,60.0,61.0,0.6555555555555556,1.0,3,0.025,3.0
61976C24-1C50-4355-9C49-AAE44A7D09F6,61976C24_s4,098A72A5-E3E5-4F54-A152-BBDA0DF7B694,ewma,"{""theta"": 0.8521388752881215, ""alpha"": 0.5}",180,60,120,0.0,0.0083333333333333,0,1,60,120,2,1.11731843575419,0,60.0,60.0,0.6611111111111111,0.0,1,0.0083333333333333,1.0
61976C24-1C50-4355-9C49-AAE44A7D09F6,61976C24_s4,098A72A5-E3E5-4F54-A152-BBDA0DF7B694,majority_vote,"{""theta"": 0.8445045178408662, ""w"": 5, ""k"": 4}",180,60,120,0.0166666666666666,0.025,1,3,60,120,2,1.11731843575419,0,60.0,61.0,0.6555555555555556,1.0,3,0.025,3.0
61976C24-1C50-4355-9C49-AAE44A7D09F6,61976C24_s4,098A72A5-E3E5-4F54-A152-BBDA0DF7B694,debounce,"{""theta"": 0.8558112440168554, ""n"": 3}",180,60,120,0.0333333333333333,0.0166666666666666,2,2,60,120,2,1.11731843575419,0,60.0,60.0,0.6666666666666666,2.0,2,0.0166666666666666,2.0
61976C24-1C50-4355-9C49-AAE44A7D09F6,61976C24_s4,098A72A5-E3E5-4F54-A152-BBDA0DF7B694,margin_dual_threshold,"{""theta"": 0.837437409268565, ""margin"": 0.1}",180,60,120,0.0,0.0,0,0,60,120,2,1.11731843575419,0,60.0,60.0,0.6666666666666666,0.0,0,0.0,0.0
61976C24-1C50-4355-9C49-AAE44A7D09F6,61976C24_s4,098A72A5-E3E5-4F54-A152-BBDA0DF7B694,hysteresis,"{""theta"": 0.8988028010422483, ""margin"": 0.1, ""ttt_frames"": 3}",180,60,120,0.0333333333333333,0.15,2,18,60,120,2,1.11731843575419,0,60.0,62.0,0.5777777777777777,2.0,18,0.15,18.0
61976C24-1C50-4355-9C49-AAE44A7D09F6,61976C24_s4,098A72A5-E3E5-4F54-A152-BBDA0DF7B694,trust_model,"{""theta"": 0.881589653872401, ""gain"": 0.6, ""decay"": 0.2, ""tau_lo"": 0.4, ""tau_hi"": 0.6}",180,60,120,0.0166666666666666,0.075,1,9,60,120,2,1.11731843575419,0,60.0,61.0,0.6222222222222222,1.0,9,0.075,9.0
61976C24-1C50-4355-9C49-AAE44A7D09F6,61976C24_s4,098A72A5-E3E5-4F54-A152-BBDA0DF7B694,sprt,"{""A"": 16, ""B"": 1, ""mu_gen"": 0.9157229046466904, ""sd_gen"": 0.04357861295492906, ""mu_imp"": 0.6478777633021073, ""sd_imp"": 0.25940831550123483}",180,60,120,0.0,0.0583333333333333,0,7,60,120,2,1.11731843575419,0,60.0,60.0,0.6277777777777778,0.0,7,0.0583333333333333,7.0
61976C24-1C50-4355-9C49-AAE44A7D09F6,61976C24_s5,806289BC-AD52-4CC1-806C-0CDB14D65EB6,instantaneous,"{""theta"": 0.8537485762144054}",180,60,120,0.0,0.1083333333333333,0,13,60,120,14,7.82122905027933,11,12.0,4.0,0.5944444444444444,0.0,13,0.1083333333333333,0.0
61976C24-1C50-4355-9C49-AAE44A7D09F6,61976C24_s5,806289BC-AD52-4CC1-806C-0CDB14D65EB6,moving_average,"{""theta"": 0.8558112440168554, ""w"": 5}",180,60,120,0.0,0.1583333333333333,0,19,60,120,6,3.35195530726257,2,25.714285714285715,26.0,0.5611111111111111,0.0,19,0.1583333333333333,4.0
61976C24-1C50-4355-9C49-AAE44A7D09F6,61976C24_s5,806289BC-AD52-4CC1-806C-0CDB14D65EB6,ewma,"{""theta"": 0.8521388752881215, ""alpha"": 0.5}",180,60,120,0.0,0.1333333333333333,0,16,60,120,6,3.35195530726257,2,25.714285714285715,8.0,0.5777777777777777,0.0,16,0.1333333333333333,4.0
61976C24-1C50-4355-9C49-AAE44A7D09F6,61976C24_s5,806289BC-AD52-4CC1-806C-0CDB14D65EB6,majority_vote,"{""theta"": 0.8445045178408662, ""w"": 5, ""k"": 4}",180,60,120,0.0166666666666666,0.15,1,18,60,120,4,2.23463687150838,0,36.0,37.0,0.5722222222222222,1.0,18,0.15,3.0
61976C24-1C50-4355-9C49-AAE44A7D09F6,61976C24_s5,806289BC-AD52-4CC1-806C-0CDB14D65EB6,debounce,"{""theta"": 0.8558112440168554, ""n"": 3}",180,60,120,0.0333333333333333,0.125,2,15,60,120,4,2.23463687150838,0,36.0,39.0,0.5944444444444444,2.0,15,0.125,2.0
61976C24-1C50-4355-9C49-AAE44A7D09F6,61976C24_s5,806289BC-AD52-4CC1-806C-0CDB14D65EB6,margin_dual_threshold,"{""theta"": 0.837437409268565, ""margin"": 0.1}",180,60,120,0.0,0.0,0,0,60,120,2,1.11731843575419,0,60.0,60.0,0.6666666666666666,0.0,0,0.0,0.0
61976C24-1C50-4355-9C49-AAE44A7D09F6,61976C24_s5,806289BC-AD52-4CC1-806C-0CDB14D65EB6,hysteresis,"{""theta"": 0.8988028010422483, ""margin"": 0.1, ""ttt_frames"": 3}",180,60,120,0.0333333333333333,0.325,2,39,60,120,3,1.675977653631285,0,45.0,41.5,0.4611111111111111,2.0,39,0.325,20.0
61976C24-1C50-4355-9C49-AAE44A7D09F6,61976C24_s5,806289BC-AD52-4CC1-806C-0CDB14D65EB6,trust_model,"{""theta"": 0.881589653872401, ""gain"": 0.6, ""decay"": 0.2, ""tau_lo"": 0.4, ""tau_hi"": 0.6}",180,60,120,0.0,0.2166666666666666,0,26,60,120,3,1.675977653631285,0,45.0,47.0,0.5222222222222223,0.0,26,0.2166666666666666,16.0
61976C24-1C50-4355-9C49-AAE44A7D09F6,61976C24_s5,806289BC-AD52-4CC1-806C-0CDB14D65EB6,sprt,"{""A"": 16, ""B"": 1, ""mu_gen"": 0.9157229046466904, ""sd_gen"": 0.04357861295492906, ""mu_imp"": 0.6478777633021073, ""sd_imp"": 0.25940831550123483}",180,60,120,0.0,0.0583333333333333,0,7,60,120,2,1.11731843575419,0,60.0,60.0,0.6277777777777778,0.0,7,0.0583333333333333,7.0
78A91A4E-4A51-4065-BDA7-94755F0BB3BB,78A91A4E_s0,ECECC2AB-D32F-4F90-B74C-E12A1C69BBE2,instantaneous,"{""theta"": 0.7976972518956903}",180,60,120,0.0,0.0,0,0,60,120,2,1.11731843575419,0,60.0,60.0,0.6666666666666666,0.0,0,0.0,0.0
78A91A4E-4A51-4065-BDA7-94755F0BB3BB,78A91A4E_s0,ECECC2AB-D32F-4F90-B74C-E12A1C69BBE2,moving_average,"{""theta"": 0.789981752785332, ""w"": 3}",180,60,120,0.0333333333333333,0.0083333333333333,2,1,60,120,2,1.11731843575419,0,60.0,59.0,0.6722222222222223,2.0,1,0.0083333333333333,1.0
78A91A4E-4A51-4065-BDA7-94755F0BB3BB,78A91A4E_s0,ECECC2AB-D32F-4F90-B74C-E12A1C69BBE2,ewma,"{""theta"": 0.793257329365374, ""alpha"": 0.5}",180,60,120,0.0166666666666666,0.0,1,0,60,120,2,1.11731843575419,0,60.0,60.0,0.6722222222222223,1.0,0,0.0,0.0
78A91A4E-4A51-4065-BDA7-94755F0BB3BB,78A91A4E_s0,ECECC2AB-D32F-4F90-B74C-E12A1C69BBE2,majority_vote,"{""theta"": 0.8014290164904254, ""w"": 3, ""k"": 2}",180,60,120,0.0166666666666666,0.0083333333333333,1,1,60,120,2,1.11731843575419,0,60.0,60.0,0.6666666666666666,1.0,1,0.0083333333333333,1.0
78A91A4E-4A51-4065-BDA7-94755F0BB3BB,78A91A4E_s0,ECECC2AB-D32F-4F90-B74C-E12A1C69BBE2,debounce,"{""theta"": 0.8014290164904254, ""n"": 2}",180,60,120,0.0166666666666666,0.0083333333333333,1,1,60,120,2,1.11731843575419,0,60.0,60.0,0.6666666666666666,1.0,1,0.0083333333333333,1.0
78A91A4E-4A51-4065-BDA7-94755F0BB3BB,78A91A4E_s0,ECECC2AB-D32F-4F90-B74C-E12A1C69BBE2,margin_dual_threshold,"{""theta"": 0.7772951102323415, ""margin"": 0.05}",180,60,120,0.0,0.0,0,0,60,120,2,1.11731843575419,0,60.0,60.0,0.6666666666666666,0.0,0,0.0,0.0
78A91A4E-4A51-4065-BDA7-94755F0BB3BB,78A91A4E_s0,ECECC2AB-D32F-4F90-B74C-E12A1C69BBE2,hysteresis,"{""theta"": 0.9349043249407843, ""margin"": 0.05, ""ttt_frames"": 3}",180,60,120,0.0333333333333333,0.5083333333333333,2,61,60,120,5,2.793296089385475,0,30.0,16.0,0.3388888888888889,2.0,61,0.5083333333333333,29.0
78A91A4E-4A51-4065-BDA7-94755F0BB3BB,78A91A4E_s0,ECECC2AB-D32F-4F90-B74C-E12A1C69BBE2,trust_model,"{""theta"": 0.8077844250845216, ""gain"": 0.6, ""decay"": 0.2, ""tau_lo"": 0.4, ""tau_hi"": 0.6}",180,60,120,0.1,0.05,6,6,60,120,2,1.11731843575419,0,60.0,60.0,0.6666666666666666,6.0,6,0.05,6.0
78A91A4E-4A51-4065-BDA7-94755F0BB3BB,78A91A4E_s0,ECECC2AB-D32F-4F90-B74C-E12A1C69BBE2,sprt,"{""A"": 8, ""B"": 1, ""mu_gen"": 0.9086480539228587, ""sd_gen"": 0.07569963433041275, ""mu_imp"": 0.33850215905878683, ""sd_imp"": 0.22066909165354778}",180,60,120,0.0166666666666666,0.0083333333333333,1,1,60,120,2,1.11731843575419,0,60.0,60.0,0.6666666666666666,1.0,1,0.0083333333333333,1.0
78A91A4E-4A51-4065-BDA7-94755F0BB3BB,78A91A4E_s1,FDAA70A1-42A3-4E3F-9AE3-3FDA412E03BF,instantaneous,"{""theta"": 0.7976972518956903}",180,60,120,0.0,0.0,0,0,60,120,2,1.11731843575419,0,60.0,60.0,0.6666666666666666,0.0,0,0.0,0.0
78A91A4E-4A51-4065-BDA7-94755F0BB3BB,78A91A4E_s1,FDAA70A1-42A3-4E3F-9AE3-3FDA412E03BF,moving_average,"{""theta"": 0.789981752785332, ""w"": 3}",180,60,120,0.0,0.0166666666666666,0,2,60,120,2,1.11731843575419,0,60.0,60.0,0.6555555555555556,0.0,2,0.0166666666666666,2.0
78A91A4E-4A51-4065-BDA7-94755F0BB3BB,78A91A4E_s1,FDAA70A1-42A3-4E3F-9AE3-3FDA412E03BF,ewma,"{""theta"": 0.793257329365374, ""alpha"": 0.5}",180,60,120,0.0,0.0166666666666666,0,2,60,120,2,1.11731843575419,0,60.0,60.0,0.6555555555555556,0.0,2,0.0166666666666666,2.0
78A91A4E-4A51-4065-BDA7-94755F0BB3BB,78A91A4E_s1,FDAA70A1-42A3-4E3F-9AE3-3FDA412E03BF,majority_vote,"{""theta"": 0.8014290164904254, ""w"": 3, ""k"": 2}",180,60,120,0.0166666666666666,0.0083333333333333,1,1,60,120,2,1.11731843575419,0,60.0,60.0,0.6666666666666666,1.0,1,0.0083333333333333,1.0
78A91A4E-4A51-4065-BDA7-94755F0BB3BB,78A91A4E_s1,FDAA70A1-42A3-4E3F-9AE3-3FDA412E03BF,debounce,"{""theta"": 0.8014290164904254, ""n"": 2}",180,60,120,0.0166666666666666,0.0083333333333333,1,1,60,120,2,1.11731843575419,0,60.0,60.0,0.6666666666666666,1.0,1,0.0083333333333333,1.0
78A91A4E-4A51-4065-BDA7-94755F0BB3BB,78A91A4E_s1,FDAA70A1-42A3-4E3F-9AE3-3FDA412E03BF,margin_dual_threshold,"{""theta"": 0.7772951102323415, ""margin"": 0.05}",180,60,120,0.0,0.0,0,0,60,120,2,1.11731843575419,0,60.0,60.0,0.6666666666666666,0.0,0,0.0,0.0
78A91A4E-4A51-4065-BDA7-94755F0BB3BB,78A91A4E_s1,FDAA70A1-42A3-4E3F-9AE3-3FDA412E03BF,hysteresis,"{""theta"": 0.9349043249407843, ""margin"": 0.05, ""ttt_frames"": 3}",180,60,120,0.0,0.7416666666666667,0,89,60,120,6,3.35195530726257,0,25.714285714285715,10.0,0.1722222222222222,0.0,89,0.7416666666666667,2.0
78A91A4E-4A51-4065-BDA7-94755F0BB3BB,78A91A4E_s1,FDAA70A1-42A3-4E3F-9AE3-3FDA412E03BF,trust_model,"{""theta"": 0.8077844250845216, ""gain"": 0.6, ""decay"": 0.2, ""tau_lo"": 0.4, ""tau_hi"": 0.6}",180,60,120,0.0,0.025,0,3,60,120,2,1.11731843575419,0,60.0,60.0,0.65,0.0,3,0.025,3.0
78A91A4E-4A51-4065-BDA7-94755F0BB3BB,78A91A4E_s1,FDAA70A1-42A3-4E3F-9AE3-3FDA412E03BF,sprt,"{""A"": 8, ""B"": 1, ""mu_gen"": 0.9086480539228587, ""sd_gen"": 0.07569963433041275, ""mu_imp"": 0.33850215905878683, ""sd_imp"": 0.22066909165354778}",180,60,120,0.0,0.0083333333333333,0,1,60,120,2,1.11731843575419,0,60.0,60.0,0.6611111111111111,0.0,1,0.0083333333333333,1.0
78A91A4E-4A51-4065-BDA7-94755F0BB3BB,78A91A4E_s2,8023FE1A-D3B0-4E2C-A57A-9321B7FC755F,instantaneous,"{""theta"": 0.7976972518956903}",180,60,120,0.0,0.0,0,0,60,120,2,1.11731843575419,0,60.0,60.0,0.6666666666666666,0.0,0,0.0,0.0
78A91A4E-4A51-4065-BDA7-94755F0BB3BB,78A91A4E_s2,8023FE1A-D3B0-4E2C-A57A-9321B7FC755F,moving_average,"{""theta"": 0.789981752785332, ""w"": 3}",180,60,120,0.0166666666666666,0.0083333333333333,1,1,60,120,2,1.11731843575419,0,60.0,60.0,0.6666666666666666,1.0,1,0.0083333333333333,1.0
78A91A4E-4A51-4065-BDA7-94755F0BB3BB,78A91A4E_s2,8023FE1A-D3B0-4E2C-A57A-9321B7FC755F,ewma,"{""theta"": 0.793257329365374, ""alpha"": 0.5}",180,60,120,0.0,0.0083333333333333,0,1,60,120,2,1.11731843575419,0,60.0,60.0,0.6611111111111111,0.0,1,0.0083333333333333,1.0
78A91A4E-4A51-4065-BDA7-94755F0BB3BB,78A91A4E_s2,8023FE1A-D3B0-4E2C-A57A-9321B7FC755F,majority_vote,"{""theta"": 0.8014290164904254, ""w"": 3, ""k"": 2}",180,60,120,0.0166666666666666,0.0083333333333333,1,1,60,120,2,1.11731843575419,0,60.0,60.0,0.6666666666666666,1.0,1,0.0083333333333333,1.0
78A91A4E-4A51-4065-BDA7-94755F0BB3BB,78A91A4E_s2,8023FE1A-D3B0-4E2C-A57A-9321B7FC755F,debounce,"{""theta"": 0.8014290164904254, ""n"": 2}",180,60,120,0.0166666666666666,0.0083333333333333,1,1,60,120,2,1.11731843575419,0,60.0,60.0,0.6666666666666666,1.0,1,0.0083333333333333,1.0
78A91A4E-4A51-4065-BDA7-94755F0BB3BB,78A91A4E_s2,8023FE1A-D3B0-4E2C-A57A-9321B7FC755F,margin_dual_threshold,"{""theta"": 0.7772951102323415, ""margin"": 0.05}",180,60,120,0.0,0.0,0,0,60,120,2,1.11731843575419,0,60.0,60.0,0.6666666666666666,0.0,0,0.0,0.0
78A91A4E-4A51-4065-BDA7-94755F0BB3BB,78A91A4E_s2,8023FE1A-D3B0-4E2C-A57A-9321B7FC755F,hysteresis,"{""theta"": 0.9349043249407843, ""margin"": 0.05, ""ttt_frames"": 3}",180,60,120,0.0,0.4333333333333333,0,52,60,120,2,1.11731843575419,0,60.0,54.0,0.3777777777777777,0.0,52,0.4333333333333333,6.0
78A91A4E-4A51-4065-BDA7-94755F0BB3BB,78A91A4E_s2,8023FE1A-D3B0-4E2C-A57A-9321B7FC755F,trust_model,"{""theta"": 0.8077844250845216, ""gain"": 0.6, ""decay"": 0.2, ""tau_lo"": 0.4, ""tau_hi"": 0.6}",180,60,120,0.0166666666666666,0.0333333333333333,1,4,60,120,2,1.11731843575419,0,60.0,61.0,0.65,1.0,4,0.0333333333333333,4.0
78A91A4E-4A51-4065-BDA7-94755F0BB3BB,78A91A4E_s2,8023FE1A-D3B0-4E2C-A57A-9321B7FC755F,sprt,"{""A"": 8, ""B"": 1, ""mu_gen"": 0.9086480539228587, ""sd_gen"": 0.07569963433041275, ""mu_imp"": 0.33850215905878683, ""sd_imp"": 0.22066909165354778}",180,60,120,0.0,0.0083333333333333,0,1,60,120,2,1.11731843575419,0,60.0,60.0,0.6611111111111111,0.0,1,0.0083333333333333,1.0
78A91A4E-4A51-4065-BDA7-94755F0BB3BB,78A91A4E_s3,B9724848-C7E2-45F4-9B3F-A1F38D864495,instantaneous,"{""theta"": 0.7976972518956903}",180,60,120,0.0,0.0,0,0,60,120,2,1.11731843575419,0,60.0,60.0,0.6666666666666666,0.0,0,0.0,0.0
78A91A4E-4A51-4065-BDA7-94755F0BB3BB,78A91A4E_s3,B9724848-C7E2-45F4-9B3F-A1F38D864495,moving_average,"{""theta"": 0.789981752785332, ""w"": 3}",180,60,120,0.0,0.0166666666666666,0,2,60,120,2,1.11731843575419,0,60.0,60.0,0.6555555555555556,0.0,2,0.0166666666666666,2.0
78A91A4E-4A51-4065-BDA7-94755F0BB3BB,78A91A4E_s3,B9724848-C7E2-45F4-9B3F-A1F38D864495,ewma,"{""theta"": 0.793257329365374, ""alpha"": 0.5}",180,60,120,0.0,0.0166666666666666,0,2,60,120,2,1.11731843575419,0,60.0,60.0,0.6555555555555556,0.0,2,0.0166666666666666,2.0
78A91A4E-4A51-4065-BDA7-94755F0BB3BB,78A91A4E_s3,B9724848-C7E2-45F4-9B3F-A1F38D864495,majority_vote,"{""theta"": 0.8014290164904254, ""w"": 3, ""k"": 2}",180,60,120,0.0166666666666666,0.0083333333333333,1,1,60,120,2,1.11731843575419,0,60.0,60.0,0.6666666666666666,1.0,1,0.0083333333333333,1.0
78A91A4E-4A51-4065-BDA7-94755F0BB3BB,78A91A4E_s3,B9724848-C7E2-45F4-9B3F-A1F38D864495,debounce,"{""theta"": 0.8014290164904254, ""n"": 2}",180,60,120,0.0166666666666666,0.0083333333333333,1,1,60,120,2,1.11731843575419,0,60.0,60.0,0.6666666666666666,1.0,1,0.0083333333333333,1.0
78A91A4E-4A51-4065-BDA7-94755F0BB3BB,78A91A4E_s3,B9724848-C7E2-45F4-9B3F-A1F38D864495,margin_dual_threshold,"{""theta"": 0.7772951102323415, ""margin"": 0.05}",180,60,120,0.0,0.0,0,0,60,120,2,1.11731843575419,0,60.0,60.0,0.6666666666666666,0.0,0,0.0,0.0
78A91A4E-4A51-4065-BDA7-94755F0BB3BB,78A91A4E_s3,B9724848-C7E2-45F4-9B3F-A1F38D864495,hysteresis,"{""theta"": 0.9349043249407843, ""margin"": 0.05, ""ttt_frames"": 3}",180,60,120,0.0333333333333333,0.5,2,60,60,120,1,0.5586592178770949,0,90.0,90.0,0.3444444444444444,2.0,60,0.5,
78A91A4E-4A51-4065-BDA7-94755F0BB3BB,78A91A4E_s3,B9724848-C7E2-45F4-9B3F-A1F38D864495,trust_model,"{""theta"": 0.8077844250845216, ""gain"": 0.6, ""decay"": 0.2, ""tau_lo"": 0.4, ""tau_hi"": 0.6}",180,60,120,0.0,0.05,0,6,60,120,2,1.11731843575419,0,60.0,60.0,0.6333333333333333,0.0,6,0.05,6.0
78A91A4E-4A51-4065-BDA7-94755F0BB3BB,78A91A4E_s3,B9724848-C7E2-45F4-9B3F-A1F38D864495,sprt,"{""A"": 8, ""B"": 1, ""mu_gen"": 0.9086480539228587, ""sd_gen"": 0.07569963433041275, ""mu_imp"": 0.33850215905878683, ""sd_imp"": 0.22066909165354778}",180,60,120,0.0,0.0083333333333333,0,1,60,120,2,1.11731843575419,0,60.0,60.0,0.6611111111111111,0.0,1,0.0083333333333333,1.0
78A91A4E-4A51-4065-BDA7-94755F0BB3BB,78A91A4E_s4,7CE37510-56D0-4120-A1CF-0E23351428D2,instantaneous,"{""theta"": 0.7976972518956903}",180,60,120,0.2333333333333333,0.0,14,0,60,120,2,1.11731843575419,0,60.0,60.0,0.7444444444444445,14.0,0,0.0,0.0
78A91A4E-4A51-4065-BDA7-94755F0BB3BB,78A91A4E_s4,7CE37510-56D0-4120-A1CF-0E23351428D2,moving_average,"{""theta"": 0.789981752785332, ""w"": 3}",180,60,120,0.2666666666666666,0.0083333333333333,16,1,60,120,2,1.11731843575419,0,60.0,59.0,0.75,16.0,1,0.0083333333333333,1.0
78A91A4E-4A51-4065-BDA7-94755F0BB3BB,78A91A4E_s4,7CE37510-56D0-4120-A1CF-0E23351428D2,ewma,"{""theta"": 0.793257329365374, ""alpha"": 0.5}",180,60,120,0.25,0.0,15,0,60,120,2,1.11731843575419,0,60.0,60.0,0.75,15.0,0,0.0,0.0
78A91A4E-4A51-4065-BDA7-94755F0BB3BB,78A91A4E_s4,7CE37510-56D0-4120-A1CF-0E23351428D2,majority_vote,"{""theta"": 0.8014290164904254, ""w"": 3, ""k"": 2}",180,60,120,0.25,0.0083333333333333,15,1,60,120,2,1.11731843575419,0,60.0,59.0,0.7444444444444445,15.0,1,0.0083333333333333,1.0
78A91A4E-4A51-4065-BDA7-94755F0BB3BB,78A91A4E_s4,7CE37510-56D0-4120-A1CF-0E23351428D2,debounce,"{""theta"": 0.8014290164904254, ""n"": 2}",180,60,120,0.25,0.0083333333333333,15,1,60,120,2,1.11731843575419,0,60.0,59.0,0.7444444444444445,15.0,1,0.0083333333333333,1.0
78A91A4E-4A51-4065-BDA7-94755F0BB3BB,78A91A4E_s4,7CE37510-56D0-4120-A1CF-0E23351428D2,margin_dual_threshold,"{""theta"": 0.7772951102323415, ""margin"": 0.05}",180,60,120,0.25,0.0,15,0,60,120,2,1.11731843575419,0,60.0,60.0,0.75,15.0,0,0.0,0.0
78A91A4E-4A51-4065-BDA7-94755F0BB3BB,78A91A4E_s4,7CE37510-56D0-4120-A1CF-0E23351428D2,hysteresis,"{""theta"": 0.9349043249407843, ""margin"": 0.05, ""ttt_frames"": 3}",180,60,120,0.0333333333333333,0.3333333333333333,2,40,60,120,4,2.23463687150838,0,36.0,27.0,0.4555555555555555,2.0,40,0.3333333333333333,13.0
78A91A4E-4A51-4065-BDA7-94755F0BB3BB,78A91A4E_s4,7CE37510-56D0-4120-A1CF-0E23351428D2,trust_model,"{""theta"": 0.8077844250845216, ""gain"": 0.6, ""decay"": 0.2, ""tau_lo"": 0.4, ""tau_hi"": 0.6}",180,60,120,0.3333333333333333,0.0333333333333333,20,4,60,120,2,1.11731843575419,0,60.0,56.0,0.7555555555555555,20.0,4,0.0333333333333333,4.0
78A91A4E-4A51-4065-BDA7-94755F0BB3BB,78A91A4E_s4,7CE37510-56D0-4120-A1CF-0E23351428D2,sprt,"{""A"": 8, ""B"": 1, ""mu_gen"": 0.9086480539228587, ""sd_gen"": 0.07569963433041275, ""mu_imp"": 0.33850215905878683, ""sd_imp"": 0.22066909165354778}",180,60,120,0.6166666666666667,0.0083333333333333,37,1,60,120,2,1.11731843575419,0,60.0,59.0,0.8666666666666667,37.0,1,0.0083333333333333,1.0
78A91A4E-4A51-4065-BDA7-94755F0BB3BB,78A91A4E_s5,665514DE-49DC-421F-8DCB-145D0B2609AD,instantaneous,"{""theta"": 0.7976972518956903}",180,60,120,0.0,0.0,0,0,60,120,2,1.11731843575419,0,60.0,60.0,0.6666666666666666,0.0,0,0.0,0.0
78A91A4E-4A51-4065-BDA7-94755F0BB3BB,78A91A4E_s5,665514DE-49DC-421F-8DCB-145D0B2609AD,moving_average,"{""theta"": 0.789981752785332, ""w"": 3}",180,60,120,0.0,0.0166666666666666,0,2,60,120,2,1.11731843575419,0,60.0,60.0,0.6555555555555556,0.0,2,0.0166666666666666,2.0
78A91A4E-4A51-4065-BDA7-94755F0BB3BB,78A91A4E_s5,665514DE-49DC-421F-8DCB-145D0B2609AD,ewma,"{""theta"": 0.793257329365374, ""alpha"": 0.5}",180,60,120,0.0,0.0083333333333333,0,1,60,120,2,1.11731843575419,0,60.0,60.0,0.6611111111111111,0.0,1,0.0083333333333333,1.0
78A91A4E-4A51-4065-BDA7-94755F0BB3BB,78A91A4E_s5,665514DE-49DC-421F-8DCB-145D0B2609AD,majority_vote,"{""theta"": 0.8014290164904254, ""w"": 3, ""k"": 2}",180,60,120,0.0166666666666666,0.0083333333333333,1,1,60,120,2,1.11731843575419,0,60.0,60.0,0.6666666666666666,1.0,1,0.0083333333333333,1.0
78A91A4E-4A51-4065-BDA7-94755F0BB3BB,78A91A4E_s5,665514DE-49DC-421F-8DCB-145D0B2609AD,debounce,"{""theta"": 0.8014290164904254, ""n"": 2}",180,60,120,0.0166666666666666,0.0083333333333333,1,1,60,120,2,1.11731843575419,0,60.0,60.0,0.6666666666666666,1.0,1,0.0083333333333333,1.0
78A91A4E-4A51-4065-BDA7-94755F0BB3BB,78A91A4E_s5,665514DE-49DC-421F-8DCB-145D0B2609AD,margin_dual_threshold,"{""theta"": 0.7772951102323415, ""margin"": 0.05}",180,60,120,0.0,0.0,0,0,60,120,2,1.11731843575419,0,60.0,60.0,0.6666666666666666,0.0,0,0.0,0.0
78A91A4E-4A51-4065-BDA7-94755F0BB3BB,78A91A4E_s5,665514DE-49DC-421F-8DCB-145D0B2609AD,hysteresis,"{""theta"": 0.9349043249407843, ""margin"": 0.05, ""ttt_frames"": 3}",180,60,120,0.0,0.6583333333333333,0,79,60,120,2,1.11731843575419,0,60.0,37.0,0.2277777777777777,0.0,79,0.6583333333333333,23.0
78A91A4E-4A51-4065-BDA7-94755F0BB3BB,78A91A4E_s5,665514DE-49DC-421F-8DCB-145D0B2609AD,trust_model,"{""theta"": 0.8077844250845216, ""gain"": 0.6, ""decay"": 0.2, ""tau_lo"": 0.4, ""tau_hi"": 0.6}",180,60,120,0.0166666666666666,0.0333333333333333,1,4,60,120,2,1.11731843575419,0,60.0,61.0,0.65,1.0,4,0.0333333333333333,4.0
78A91A4E-4A51-4065-BDA7-94755F0BB3BB,78A91A4E_s5,665514DE-49DC-421F-8DCB-145D0B2609AD,sprt,"{""A"": 8, ""B"": 1, ""mu_gen"": 0.9086480539228587, ""sd_gen"": 0.07569963433041275, ""mu_imp"": 0.33850215905878683, ""sd_imp"": 0.22066909165354778}",180,60,120,0.0,0.0083333333333333,0,1,60,120,2,1.11731843575419,0,60.0,60.0,0.6611111111111111,0.0,1,0.0083333333333333,1.0
7CE37510-56D0-4120-A1CF-0E23351428D2,7CE37510_s0,61976C24-1C50-4355-9C49-AAE44A7D09F6,instantaneous,"{""theta"": 0.9913902343091531}",180,60,120,0.0,1.0,0,120,60,120,0,0.0,0,180.0,180.0,0.0,0.0,120,1.0,
7CE37510-56D0-4120-A1CF-0E23351428D2,7CE37510_s0,61976C24-1C50-4355-9C49-AAE44A7D09F6,moving_average,"{""theta"": 0.939866745799854, ""w"": 20}",180,60,120,0.0,1.0,0,120,60,120,0,0.0,0,180.0,180.0,0.0,0.0,120,1.0,
7CE37510-56D0-4120-A1CF-0E23351428D2,7CE37510_s0,61976C24-1C50-4355-9C49-AAE44A7D09F6,ewma,"{""theta"": 0.9531057249817385, ""alpha"": 0.2}",180,60,120,0.0,1.0,0,120,60,120,0,0.0,0,180.0,180.0,0.0,0.0,120,1.0,
7CE37510-56D0-4120-A1CF-0E23351428D2,7CE37510_s0,61976C24-1C50-4355-9C49-AAE44A7D09F6,majority_vote,"{""theta"": 0.947497534696859, ""w"": 5, ""k"": 4}",180,60,120,0.0,1.0,0,120,60,120,0,0.0,0,180.0,180.0,0.0,0.0,120,1.0,
7CE37510-56D0-4120-A1CF-0E23351428D2,7CE37510_s0,61976C24-1C50-4355-9C49-AAE44A7D09F6,debounce,"{""theta"": 0.9632870418235282, ""n"": 3}",180,60,120,0.0,0.9833333333333332,0,118,60,120,1,0.5586592178770949,0,90.0,90.0,0.0111111111111111,0.0,118,0.9833333333333332,
7CE37510-56D0-4120-A1CF-0E23351428D2,7CE37510_s0,61976C24-1C50-4355-9C49-AAE44A7D09F6,margin_dual_threshold,"{""theta"": 0.9676591953700058, ""margin"": 0.05}",180,60,120,0.0,1.0,0,120,60,120,0,0.0,0,180.0,180.0,0.0,0.0,120,1.0,
7CE37510-56D0-4120-A1CF-0E23351428D2,7CE37510_s0,61976C24-1C50-4355-9C49-AAE44A7D09F6,hysteresis,"{""theta"": 0.9632870418235282, ""margin"": 0.05, ""ttt_frames"": 2}",180,60,120,0.0,0.9916666666666668,0,119,60,120,1,0.5586592178770949,0,90.0,90.0,0.0055555555555555,0.0,119,0.9916666666666668,
7CE37510-56D0-4120-A1CF-0E23351428D2,7CE37510_s0,61976C24-1C50-4355-9C49-AAE44A7D09F6,trust_model,"{""theta"": 0.947497534696859, ""gain"": 0.6, ""decay"": 0.2, ""tau_lo"": 0.4, ""tau_hi"": 0.6}",180,60,120,0.0,0.925,0,111,60,120,1,0.5586592178770949,0,90.0,90.0,0.05,0.0,111,0.925,
7CE37510-56D0-4120-A1CF-0E23351428D2,7CE37510_s0,61976C24-1C50-4355-9C49-AAE44A7D09F6,sprt,"{""A"": 16, ""B"": 1, ""mu_gen"": 0.8822466469848228, ""sd_gen"": 0.0880027815198544, ""mu_imp"": 0.6463154877850824, ""sd_imp"": 0.19304303877491752}",180,60,120,0.0,0.2416666666666666,0,29,60,120,2,1.11731843575419,0,60.0,60.0,0.5055555555555555,0.0,29,0.2416666666666666,29.0
7CE37510-56D0-4120-A1CF-0E23351428D2,7CE37510_s1,CF722AA9-2533-4E51-9FEB-9EAC84EE9AAC,instantaneous,"{""theta"": 0.9913902343091531}",180,60,120,0.0,0.875,0,105,60,120,16,8.938547486033519,15,10.588235294117649,2.0,0.0833333333333333,0.0,105,0.875,
7CE37510-56D0-4120-A1CF-0E23351428D2,7CE37510_s1,CF722AA9-2533-4E51-9FEB-9EAC84EE9AAC,moving_average,"{""theta"": 0.939866745799854, ""w"": 20}",180,60,120,0.1,0.15,6,18,60,120,2,1.11731843575419,0,60.0,66.0,0.6,6.0,18,0.15,18.0
7CE37510-56D0-4120-A1CF-0E23351428D2,7CE37510_s1,CF722AA9-2533-4E51-9FEB-9EAC84EE9AAC,ewma,"{""theta"": 0.9531057249817385, ""alpha"": 0.2}",180,60,120,0.0,0.325,0,39,60,120,14,7.82122905027933,12,12.0,2.0,0.45,0.0,39,0.325,29.0
7CE37510-56D0-4120-A1CF-0E23351428D2,7CE37510_s1,CF722AA9-2533-4E51-9FEB-9EAC84EE9AAC,majority_vote,"{""theta"": 0.947497534696859, ""w"": 5, ""k"": 4}",180,60,120,0.0166666666666666,0.375,1,45,60,120,14,7.82122905027933,3,12.0,7.0,0.4222222222222222,1.0,45,0.375,5.0
7CE37510-56D0-4120-A1CF-0E23351428D2,7CE37510_s1,CF722AA9-2533-4E51-9FEB-9EAC84EE9AAC,debounce,"{""theta"": 0.9632870418235282, ""n"": 3}",180,60,120,0.0333333333333333,0.625,2,75,60,120,5,2.793296089385475,2,30.0,10.0,0.2611111111111111,2.0,75,0.625,
7CE37510-56D0-4120-A1CF-0E23351428D2,7CE37510_s1,CF722AA9-2533-4E51-9FEB-9EAC84EE9AAC,margin_dual_threshold,"{""theta"": 0.9676591953700058, ""margin"": 0.05}",180,60,120,0.0,0.9666666666666668,0,116,60,120,1,0.5586592178770949,0,90.0,90.0,0.0222222222222222,0.0,116,0.9666666666666668,
7CE37510-56D0-4120-A1CF-0E23351428D2,7CE37510_s1,CF722AA9-2533-4E51-9FEB-9EAC84EE9AAC,hysteresis,"{""theta"": 0.9632870418235282, ""margin"": 0.05, ""ttt_frames"": 2}",180,60,120,0.0166666666666666,0.5,1,60,60,120,1,0.5586592178770949,0,90.0,90.0,0.3388888888888889,1.0,60,0.5,
7CE37510-56D0-4120-A1CF-0E23351428D2,7CE37510_s1,CF722AA9-2533-4E51-9FEB-9EAC84EE9AAC,trust_model,"{""theta"": 0.947497534696859, ""gain"": 0.6, ""decay"": 0.2, ""tau_lo"": 0.4, ""tau_hi"": 0.6}",180,60,120,0.0333333333333333,0.5,2,60,60,120,1,0.5586592178770949,0,90.0,90.0,0.3444444444444444,2.0,60,0.5,
7CE37510-56D0-4120-A1CF-0E23351428D2,7CE37510_s1,CF722AA9-2533-4E51-9FEB-9EAC84EE9AAC,sprt,"{""A"": 16, ""B"": 1, ""mu_gen"": 0.8822466469848228, ""sd_gen"": 0.0880027815198544, ""mu_imp"": 0.6463154877850824, ""sd_imp"": 0.19304303877491752}",180,60,120,0.4833333333333333,0.0666666666666666,29,8,60,120,2,1.11731843575419,0,60.0,52.0,0.7833333333333333,29.0,8,0.0666666666666666,8.0
7CE37510-56D0-4120-A1CF-0E23351428D2,7CE37510_s2,ECECC2AB-D32F-4F90-B74C-E12A1C69BBE2,instantaneous,"{""theta"": 0.9913902343091531}",180,60,120,0.05,0.9916666666666668,3,119,60,120,6,3.35195530726257,6,25.714285714285715,15.0,0.0222222222222222,3.0,119,0.9916666666666668,
7CE37510-56D0-4120-A1CF-0E23351428D2,7CE37510_s2,ECECC2AB-D32F-4F90-B74C-E12A1C69BBE2,moving_average,"{""theta"": 0.939866745799854, ""w"": 20}",180,60,120,0.4333333333333333,1.0,26,120,60,120,2,1.11731843575419,0,60.0,74.0,0.1444444444444444,0.0,120,1.0,
7CE37510-56D0-4120-A1CF-0E23351428D2,7CE37510_s2,ECECC2AB-D32F-4F90-B74C-E12A1C69BBE2,ewma,"{""theta"": 0.9531057249817385, ""alpha"": 0.2}",180,60,120,0.25,1.0,15,120,60,120,4,2.23463687150838,0,36.0,8.0,0.0833333333333333,0.0,120,1.0,
7CE37510-56D0-4120-A1CF-0E23351428D2,7CE37510_s2,ECECC2AB-D32F-4F90-B74C-E12A1C69BBE2,majority_vote,"{""theta"": 0.947497534696859, ""w"": 5, ""k"": 4}",180,60,120,0.2333333333333333,1.0,14,120,60,120,4,2.23463687150838,2,36.0,11.0,0.0777777777777777,0.0,120,1.0,
7CE37510-56D0-4120-A1CF-0E23351428D2,7CE37510_s2,ECECC2AB-D32F-4F90-B74C-E12A1C69BBE2,debounce,"{""theta"": 0.9632870418235282, ""n"": 3}",180,60,120,0.2833333333333333,0.9833333333333332,17,118,60,120,5,2.793296089385475,0,30.0,9.0,0.1055555555555555,15.0,118,0.9833333333333332,
7CE37510-56D0-4120-A1CF-0E23351428D2,7CE37510_s2,ECECC2AB-D32F-4F90-B74C-E12A1C69BBE2,margin_dual_threshold,"{""theta"": 0.9676591953700058, ""margin"": 0.05}",180,60,120,0.0,1.0,0,120,60,120,0,0.0,0,180.0,180.0,0.0,0.0,120,1.0,
7CE37510-56D0-4120-A1CF-0E23351428D2,7CE37510_s2,ECECC2AB-D32F-4F90-B74C-E12A1C69BBE2,hysteresis,"{""theta"": 0.9632870418235282, ""margin"": 0.05, ""ttt_frames"": 2}",180,60,120,0.3833333333333333,0.9916666666666668,23,119,60,120,3,1.675977653631285,0,45.0,42.0,0.1333333333333333,25.0,119,0.9916666666666668,
7CE37510-56D0-4120-A1CF-0E23351428D2,7CE37510_s2,ECECC2AB-D32F-4F90-B74C-E12A1C69BBE2,trust_model,"{""theta"": 0.947497534696859, ""gain"": 0.6, ""decay"": 0.2, ""tau_lo"": 0.4, ""tau_hi"": 0.6}",180,60,120,0.0,0.9666666666666668,0,116,60,120,1,0.5586592178770949,0,90.0,90.0,0.0222222222222222,0.0,116,0.9666666666666668,
7CE37510-56D0-4120-A1CF-0E23351428D2,7CE37510_s2,ECECC2AB-D32F-4F90-B74C-E12A1C69BBE2,sprt,"{""A"": 16, ""B"": 1, ""mu_gen"": 0.8822466469848228, ""sd_gen"": 0.0880027815198544, ""mu_imp"": 0.6463154877850824, ""sd_imp"": 0.19304303877491752}",180,60,120,1.0,0.4666666666666667,60,56,60,120,4,2.23463687150838,0,36.0,36.0,0.6888888888888889,,56,0.4666666666666667,38.0
7CE37510-56D0-4120-A1CF-0E23351428D2,7CE37510_s3,FDAA70A1-42A3-4E3F-9AE3-3FDA412E03BF,instantaneous,"{""theta"": 0.9913902343091531}",180,60,120,0.0,1.0,0,120,60,120,0,0.0,0,180.0,180.0,0.0,0.0,120,1.0,
7CE37510-56D0-4120-A1CF-0E23351428D2,7CE37510_s3,FDAA70A1-42A3-4E3F-9AE3-3FDA412E03BF,moving_average,"{""theta"": 0.939866745799854, ""w"": 20}",180,60,120,0.0,0.65,0,78,60,120,1,0.5586592178770949,0,90.0,90.0,0.2333333333333333,0.0,78,0.65,18.0
7CE37510-56D0-4120-A1CF-0E23351428D2,7CE37510_s3,FDAA70A1-42A3-4E3F-9AE3-3FDA412E03BF,ewma,"{""theta"": 0.9531057249817385, ""alpha"": 0.2}",180,60,120,0.0,0.625,0,75,60,120,1,0.5586592178770949,0,90.0,90.0,0.25,0.0,75,0.625,15.0
7CE37510-56D0-4120-A1CF-0E23351428D2,7CE37510_s3,FDAA70A1-42A3-4E3F-9AE3-3FDA412E03BF,majority_vote,"{""theta"": 0.947497534696859, ""w"": 5, ""k"": 4}",180,60,120,0.0,0.5666666666666667,0,68,60,120,7,3.910614525139665,6,22.5,4.5,0.2888888888888888,0.0,68,0.5666666666666667,3.0
7CE37510-56D0-4120-A1CF-0E23351428D2,7CE37510_s3,FDAA70A1-42A3-4E3F-9AE3-3FDA412E03BF,debounce,"{""theta"": 0.9632870418235282, ""n"": 3}",180,60,120,0.0,0.7583333333333333,0,91,60,120,7,3.910614525139665,4,22.5,8.0,0.1611111111111111,0.0,91,0.7583333333333333,5.0
7CE37510-56D0-4120-A1CF-0E23351428D2,7CE37510_s3,FDAA70A1-42A3-4E3F-9AE3-3FDA412E03BF,margin_dual_threshold,"{""theta"": 0.9676591953700058, ""margin"": 0.05}",180,60,120,0.0,1.0,0,120,60,120,0,0.0,0,180.0,180.0,0.0,0.0,120,1.0,
7CE37510-56D0-4120-A1CF-0E23351428D2,7CE37510_s3,FDAA70A1-42A3-4E3F-9AE3-3FDA412E03BF,hysteresis,"{""theta"": 0.9632870418235282, ""margin"": 0.05, ""ttt_frames"": 2}",180,60,120,0.0,0.9916666666666668,0,119,60,120,1,0.5586592178770949,0,90.0,90.0,0.0055555555555555,0.0,119,0.9916666666666668,
7CE37510-56D0-4120-A1CF-0E23351428D2,7CE37510_s3,FDAA70A1-42A3-4E3F-9AE3-3FDA412E03BF,trust_model,"{""theta"": 0.947497534696859, ""gain"": 0.6, ""decay"": 0.2, ""tau_lo"": 0.4, ""tau_hi"": 0.6}",180,60,120,0.0,0.875,0,105,60,120,1,0.5586592178770949,0,90.0,90.0,0.0833333333333333,0.0,105,0.875,
7CE37510-56D0-4120-A1CF-0E23351428D2,7CE37510_s3,FDAA70A1-42A3-4E3F-9AE3-3FDA412E03BF,sprt,"{""A"": 16, ""B"": 1, ""mu_gen"": 0.8822466469848228, ""sd_gen"": 0.0880027815198544, ""mu_imp"": 0.6463154877850824, ""sd_imp"": 0.19304303877491752}",180,60,120,0.4333333333333333,0.075,26,9,60,120,4,2.23463687150838,0,36.0,28.0,0.7611111111111111,10.0,9,0.075,9.0
7CE37510-56D0-4120-A1CF-0E23351428D2,7CE37510_s4,24E40C4C-A349-4F9F-93AB-01D00FB994AF,instantaneous,"{""theta"": 0.9913902343091531}",180,60,120,0.0,0.6083333333333333,0,73,60,120,17,9.497206703910615,17,10.0,2.0,0.2611111111111111,0.0,73,0.6083333333333333,
7CE37510-56D0-4120-A1CF-0E23351428D2,7CE37510_s4,24E40C4C-A349-4F9F-93AB-01D00FB994AF,moving_average,"{""theta"": 0.939866745799854, ""w"": 20}",180,60,120,0.0,0.5,0,60,60,120,1,0.5586592178770949,0,90.0,90.0,0.3333333333333333,0.0,60,0.5,
7CE37510-56D0-4120-A1CF-0E23351428D2,7CE37510_s4,24E40C4C-A349-4F9F-93AB-01D00FB994AF,ewma,"{""theta"": 0.9531057249817385, ""alpha"": 0.2}",180,60,120,0.0,0.5333333333333333,0,64,60,120,1,0.5586592178770949,0,90.0,90.0,0.3111111111111111,0.0,64,0.5333333333333333,
7CE37510-56D0-4120-A1CF-0E23351428D2,7CE37510_s4,24E40C4C-A349-4F9F-93AB-01D00FB994AF,majority_vote,"{""theta"": 0.947497534696859, ""w"": 5, ""k"": 4}",180,60,120,0.0,0.5,0,60,60,120,3,1.675977653631285,2,45.0,55.5,0.3333333333333333,0.0,60,0.5,3.0
7CE37510-56D0-4120-A1CF-0E23351428D2,7CE37510_s4,24E40C4C-A349-4F9F-93AB-01D00FB994AF,debounce,"{""theta"": 0.9632870418235282, ""n"": 3}",180,60,120,0.0,0.4833333333333333,0,58,60,120,3,1.675977653631285,0,45.0,56.0,0.3444444444444444,0.0,58,0.4833333333333333,2.0
7CE37510-56D0-4120-A1CF-0E23351428D2,7CE37510_s4,24E40C4C-A349-4F9F-93AB-01D00FB994AF,margin_dual_threshold,"{""theta"": 0.9676591953700058, ""margin"": 0.05}",180,60,120,0.0,0.5333333333333333,0,64,60,120,1,0.5586592178770949,0,90.0,90.0,0.3111111111111111,0.0,64,0.5333333333333333,
7CE37510-56D0-4120-A1CF-0E23351428D2,7CE37510_s4,24E40C4C-A349-4F9F-93AB-01D00FB994AF,hysteresis,"{""theta"": 0.9632870418235282, ""margin"": 0.05, ""ttt_frames"": 2}",180,60,120,0.0,0.525,0,63,60,120,1,0.5586592178770949,0,90.0,90.0,0.3166666666666666,0.0,63,0.525,
7CE37510-56D0-4120-A1CF-0E23351428D2,7CE37510_s4,24E40C4C-A349-4F9F-93AB-01D00FB994AF,trust_model,"{""theta"": 0.947497534696859, ""gain"": 0.6, ""decay"": 0.2, ""tau_lo"": 0.4, ""tau_hi"": 0.6}",180,60,120,0.0,0.525,0,63,60,120,1,0.5586592178770949,0,90.0,90.0,0.3166666666666666,0.0,63,0.525,
7CE37510-56D0-4120-A1CF-0E23351428D2,7CE37510_s4,24E40C4C-A349-4F9F-93AB-01D00FB994AF,sprt,"{""A"": 16, ""B"": 1, ""mu_gen"": 0.8822466469848228, ""sd_gen"": 0.0880027815198544, ""mu_imp"": 0.6463154877850824, ""sd_imp"": 0.19304303877491752}",180,60,120,0.0833333333333333,0.2833333333333333,5,34,60,120,4,2.23463687150838,0,36.0,25.0,0.5055555555555555,5.0,34,0.2833333333333333,9.0
7CE37510-56D0-4120-A1CF-0E23351428D2,7CE37510_s5,00EABED2-271D-49D8-B599-1D4A09240601,instantaneous,"{""theta"": 0.9913902343091531}",180,60,120,0.1333333333333333,1.0,8,120,60,120,4,2.23463687150838,3,36.0,7.0,0.0444444444444444,0.0,120,1.0,
7CE37510-56D0-4120-A1CF-0E23351428D2,7CE37510_s5,00EABED2-271D-49D8-B599-1D4A09240601,moving_average,"{""theta"": 0.939866745799854, ""w"": 20}",180,60,120,0.0,0.525,0,63,60,120,1,0.5586592178770949,0,90.0,90.0,0.3166666666666666,0.0,63,0.525,3.0
7CE37510-56D0-4120-A1CF-0E23351428D2,7CE37510_s5,00EABED2-271D-49D8-B599-1D4A09240601,ewma,"{""theta"": 0.9531057249817385, ""alpha"": 0.2}",180,60,120,0.0666666666666666,0.6,4,72,60,120,11,6.145251396648045,10,15.0,3.0,0.2888888888888888,0.0,72,0.6,0.0
7CE37510-56D0-4120-A1CF-0E23351428D2,7CE37510_s5,00EABED2-271D-49D8-B599-1D4A09240601,majority_vote,"{""theta"": 0.947497534696859, ""w"": 5, ""k"": 4}",180,60,120,0.1,0.6666666666666666,6,80,60,120,9,5.027932960893855,5,18.0,6.5,0.2555555555555555,0.0,80,0.6666666666666666,0.0
7CE37510-56D0-4120-A1CF-0E23351428D2,7CE37510_s5,00EABED2-271D-49D8-B599-1D4A09240601,debounce,"{""theta"": 0.9632870418235282, ""n"": 3}",180,60,120,0.1166666666666666,0.9083333333333332,7,109,60,120,3,1.675977653631285,0,45.0,33.5,0.1,0.0,109,0.9083333333333332,0.0
7CE37510-56D0-4120-A1CF-0E23351428D2,7CE37510_s5,00EABED2-271D-49D8-B599-1D4A09240601,margin_dual_threshold,"{""theta"": 0.9676591953700058, ""margin"": 0.05}",180,60,120,0.15,0.975,9,117,60,120,2,1.11731843575419,0,60.0,57.0,0.0666666666666666,0.0,117,0.975,0.0
7CE37510-56D0-4120-A1CF-0E23351428D2,7CE37510_s5,00EABED2-271D-49D8-B599-1D4A09240601,hysteresis,"{""theta"": 0.9632870418235282, ""margin"": 0.05, ""ttt_frames"": 2}",180,60,120,0.1,0.4916666666666666,6,59,60,120,2,1.11731843575419,0,60.0,66.0,0.3722222222222222,0.0,59,0.4916666666666666,0.0
7CE37510-56D0-4120-A1CF-0E23351428D2,7CE37510_s5,00EABED2-271D-49D8-B599-1D4A09240601,trust_model,"{""theta"": 0.947497534696859, ""gain"": 0.6, ""decay"": 0.2, ""tau_lo"": 0.4, ""tau_hi"": 0.6}",180,60,120,0.0,0.975,0,117,60,120,1,0.5586592178770949,0,90.0,90.0,0.0166666666666666,0.0,117,0.975,
7CE37510-56D0-4120-A1CF-0E23351428D2,7CE37510_s5,00EABED2-271D-49D8-B599-1D4A09240601,sprt,"{""A"": 16, ""B"": 1, ""mu_gen"": 0.8822466469848228, ""sd_gen"": 0.0880027815198544, ""mu_imp"": 0.6463154877850824, ""sd_imp"": 0.19304303877491752}",180,60,120,1.0,0.375,60,45,60,120,1,0.5586592178770949,0,90.0,90.0,0.75,,45,0.375,0.0
7D9BB102-A612-4E2A-8E22-3159752F55D8,7D9BB102_s0,806289BC-AD52-4CC1-806C-0CDB14D65EB6,instantaneous,"{""theta"": 0.9663174100363157}",180,60,120,0.0,0.0,0,0,60,120,2,1.11731843575419,0,60.0,60.0,0.6666666666666666,0.0,0,0.0,0.0
7D9BB102-A612-4E2A-8E22-3159752F55D8,7D9BB102_s0,806289BC-AD52-4CC1-806C-0CDB14D65EB6,moving_average,"{""theta"": 0.9657338434026631, ""w"": 3}",180,60,120,0.0,0.0166666666666666,0,2,60,120,2,1.11731843575419,0,60.0,60.0,0.6555555555555556,0.0,2,0.0166666666666666,2.0
7D9BB102-A612-4E2A-8E22-3159752F55D8,7D9BB102_s0,806289BC-AD52-4CC1-806C-0CDB14D65EB6,ewma,"{""theta"": 0.9658521668317376, ""alpha"": 0.5}",180,60,120,0.0,0.025,0,3,60,120,2,1.11731843575419,0,60.0,60.0,0.65,0.0,3,0.025,3.0
7D9BB102-A612-4E2A-8E22-3159752F55D8,7D9BB102_s0,806289BC-AD52-4CC1-806C-0CDB14D65EB6,majority_vote,"{""theta"": 0.9667644505887532, ""w"": 3, ""k"": 2}",180,60,120,0.0166666666666666,0.0083333333333333,1,1,60,120,2,1.11731843575419,0,60.0,60.0,0.6666666666666666,1.0,1,0.0083333333333333,1.0
7D9BB102-A612-4E2A-8E22-3159752F55D8,7D9BB102_s0,806289BC-AD52-4CC1-806C-0CDB14D65EB6,debounce,"{""theta"": 0.9667644505887532, ""n"": 2}",180,60,120,0.0166666666666666,0.0083333333333333,1,1,60,120,2,1.11731843575419,0,60.0,60.0,0.6666666666666666,1.0,1,0.0083333333333333,1.0
7D9BB102-A612-4E2A-8E22-3159752F55D8,7D9BB102_s0,806289BC-AD52-4CC1-806C-0CDB14D65EB6,margin_dual_threshold,"{""theta"": 0.9797210300429184, ""margin"": 0.05}",180,60,120,0.0,0.5,0,60,60,120,1,0.5586592178770949,0,90.0,90.0,0.3333333333333333,0.0,60,0.5,
7D9BB102-A612-4E2A-8E22-3159752F55D8,7D9BB102_s0,806289BC-AD52-4CC1-806C-0CDB14D65EB6,hysteresis,"{""theta"": 0.9895922746781116, ""margin"": 0.05, ""ttt_frames"": 2}",180,60,120,0.0166666666666666,0.5,1,60,60,120,1,0.5586592178770949,0,90.0,90.0,0.3388888888888889,1.0,60,0.5,
7D9BB102-A612-4E2A-8E22-3159752F55D8,7D9BB102_s0,806289BC-AD52-4CC1-806C-0CDB14D65EB6,trust_model,"{""theta"": 0.9842274678111588, ""gain"": 0.6, ""decay"": 0.05, ""tau_lo"": 0.4, ""tau_hi"": 0.6}",180,60,120,0.0,0.425,0,51,60,120,2,1.11731843575419,0,60.0,60.0,0.3833333333333333,0.0,51,0.425,51.0
7D9BB102-A612-4E2A-8E22-3159752F55D8,7D9BB102_s0,806289BC-AD52-4CC1-806C-0CDB14D65EB6,sprt,"{""A"": 16, ""B"": 4, ""mu_gen"": 0.9784760968049596, ""sd_gen"": 0.007662170510603758, ""mu_imp"": 0.7330448259418217, ""sd_imp"": 0.21581281604288452}",180,60,120,0.0,0.1083333333333333,0,13,60,120,2,1.11731843575419,0,60.0,60.0,0.5944444444444444,0.0,13,0.1083333333333333,13.0
7D9BB102-A612-4E2A-8E22-3159752F55D8,7D9BB102_s1,4E98F91F-4654-42EF-B908-A3389443F2E7,instantaneous,"{""theta"": 0.9663174100363157}",180,60,120,0.0,0.0,0,0,60,120,2,1.11731843575419,0,60.0,60.0,0.6666666666666666,0.0,0,0.0,0.0
7D9BB102-A612-4E2A-8E22-3159752F55D8,7D9BB102_s1,4E98F91F-4654-42EF-B908-A3389443F2E7,moving_average,"{""theta"": 0.9657338434026631, ""w"": 3}",180,60,120,0.0,0.0166666666666666,0,2,60,120,2,1.11731843575419,0,60.0,60.0,0.6555555555555556,0.0,2,0.0166666666666666,2.0
7D9BB102-A612-4E2A-8E22-3159752F55D8,7D9BB102_s1,4E98F91F-4654-42EF-B908-A3389443F2E7,ewma,"{""theta"": 0.9658521668317376, ""alpha"": 0.5}",180,60,120,0.0,0.0333333333333333,0,4,60,120,2,1.11731843575419,0,60.0,60.0,0.6444444444444445,0.0,4,0.0333333333333333,4.0
7D9BB102-A612-4E2A-8E22-3159752F55D8,7D9BB102_s1,4E98F91F-4654-42EF-B908-A3389443F2E7,majority_vote,"{""theta"": 0.9667644505887532, ""w"": 3, ""k"": 2}",180,60,120,0.0166666666666666,0.0083333333333333,1,1,60,120,2,1.11731843575419,0,60.0,60.0,0.6666666666666666,1.0,1,0.0083333333333333,1.0
7D9BB102-A612-4E2A-8E22-3159752F55D8,7D9BB102_s1,4E98F91F-4654-42EF-B908-A3389443F2E7,debounce,"{""theta"": 0.9667644505887532, ""n"": 2}",180,60,120,0.0166666666666666,0.0083333333333333,1,1,60,120,2,1.11731843575419,0,60.0,60.0,0.6666666666666666,1.0,1,0.0083333333333333,1.0
7D9BB102-A612-4E2A-8E22-3159752F55D8,7D9BB102_s1,4E98F91F-4654-42EF-B908-A3389443F2E7,margin_dual_threshold,"{""theta"": 0.9797210300429184, ""margin"": 0.05}",180,60,120,0.0,0.5,0,60,60,120,1,0.5586592178770949,0,90.0,90.0,0.3333333333333333,0.0,60,0.5,
7D9BB102-A612-4E2A-8E22-3159752F55D8,7D9BB102_s1,4E98F91F-4654-42EF-B908-A3389443F2E7,hysteresis,"{""theta"": 0.9895922746781116, ""margin"": 0.05, ""ttt_frames"": 2}",180,60,120,0.0166666666666666,0.5,1,60,60,120,1,0.5586592178770949,0,90.0,90.0,0.3388888888888889,1.0,60,0.5,
7D9BB102-A612-4E2A-8E22-3159752F55D8,7D9BB102_s1,4E98F91F-4654-42EF-B908-A3389443F2E7,trust_model,"{""theta"": 0.9842274678111588, ""gain"": 0.6, ""decay"": 0.05, ""tau_lo"": 0.4, ""tau_hi"": 0.6}",180,60,120,0.0,0.4916666666666666,0,59,60,120,2,1.11731843575419,0,60.0,56.0,0.3388888888888889,0.0,59,0.4916666666666666,55.0
7D9BB102-A612-4E2A-8E22-3159752F55D8,7D9BB102_s1,4E98F91F-4654-42EF-B908-A3389443F2E7,sprt,"{""A"": 16, ""B"": 4, ""mu_gen"": 0.9784760968049596, ""sd_gen"": 0.007662170510603758, ""mu_imp"": 0.7330448259418217, ""sd_imp"": 0.21581281604288452}",180,60,120,0.0,0.0416666666666666,0,5,60,120,2,1.11731843575419,0,60.0,60.0,0.6388888888888888,0.0,5,0.0416666666666666,5.0
7D9BB102-A612-4E2A-8E22-3159752F55D8,7D9BB102_s2,8023FE1A-D3B0-4E2C-A57A-9321B7FC755F,instantaneous,"{""theta"": 0.9663174100363157}",180,60,120,0.0,0.0,0,0,60,120,2,1.11731843575419,0,60.0,60.0,0.6666666666666666,0.0,0,0.0,0.0
7D9BB102-A612-4E2A-8E22-3159752F55D8,7D9BB102_s2,8023FE1A-D3B0-4E2C-A57A-9321B7FC755F,moving_average,"{""theta"": 0.9657338434026631, ""w"": 3}",180,60,120,0.0,0.0166666666666666,0,2,60,120,2,1.11731843575419,0,60.0,60.0,0.6555555555555556,0.0,2,0.0166666666666666,2.0
7D9BB102-A612-4E2A-8E22-3159752F55D8,7D9BB102_s2,8023FE1A-D3B0-4E2C-A57A-9321B7FC755F,ewma,"{""theta"": 0.9658521668317376, ""alpha"": 0.5}",180,60,120,0.0,0.05,0,6,60,120,2,1.11731843575419,0,60.0,60.0,0.6333333333333333,0.0,6,0.05,6.0
7D9BB102-A612-4E2A-8E22-3159752F55D8,7D9BB102_s2,8023FE1A-D3B0-4E2C-A57A-9321B7FC755F,majority_vote,"{""theta"": 0.9667644505887532, ""w"": 3, ""k"": 2}",180,60,120,0.0166666666666666,0.0083333333333333,1,1,60,120,2,1.11731843575419,0,60.0,60.0,0.6666666666666666,1.0,1,0.0083333333333333,1.0
7D9BB102-A612-4E2A-8E22-3159752F55D8,7D9BB102_s2,8023FE1A-D3B0-4E2C-A57A-9321B7FC755F,debounce,"{""theta"": 0.9667644505887532, ""n"": 2}",180,60,120,0.0166666666666666,0.0083333333333333,1,1,60,120,2,1.11731843575419,0,60.0,60.0,0.6666666666666666,1.0,1,0.0083333333333333,1.0
7D9BB102-A612-4E2A-8E22-3159752F55D8,7D9BB102_s2,8023FE1A-D3B0-4E2C-A57A-9321B7FC755F,margin_dual_threshold,"{""theta"": 0.9797210300429184, ""margin"": 0.05}",180,60,120,0.0,0.5,0,60,60,120,1,0.5586592178770949,0,90.0,90.0,0.3333333333333333,0.0,60,0.5,
7D9BB102-A612-4E2A-8E22-3159752F55D8,7D9BB102_s2,8023FE1A-D3B0-4E2C-A57A-9321B7FC755F,hysteresis,"{""theta"": 0.9895922746781116, ""margin"": 0.05, ""ttt_frames"": 2}",180,60,120,0.0166666666666666,0.5,1,60,60,120,1,0.5586592178770949,0,90.0,90.0,0.3388888888888889,1.0,60,0.5,
7D9BB102-A612-4E2A-8E22-3159752F55D8,7D9BB102_s2,8023FE1A-D3B0-4E2C-A57A-9321B7FC755F,trust_model,"{""theta"": 0.9842274678111588, ""gain"": 0.6, ""decay"": 0.05, ""tau_lo"": 0.4, ""tau_hi"": 0.6}",180,60,120,0.0166666666666666,0.5,1,60,60,120,1,0.5586592178770949,0,90.0,90.0,0.3388888888888889,1.0,60,0.5,
7D9BB102-A612-4E2A-8E22-3159752F55D8,7D9BB102_s2,8023FE1A-D3B0-4E2C-A57A-9321B7FC755F,sprt,"{""A"": 16, ""B"": 4, ""mu_gen"": 0.9784760968049596, ""sd_gen"": 0.007662170510603758, ""mu_imp"": 0.7330448259418217, ""sd_imp"": 0.21581281604288452}",180,60,120,0.0,0.0333333333333333,0,4,60,120,2,1.11731843575419,0,60.0,60.0,0.6444444444444445,0.0,4,0.0333333333333333,4.0
7D9BB102-A612-4E2A-8E22-3159752F55D8,7D9BB102_s3,CF722AA9-2533-4E51-9FEB-9EAC84EE9AAC,instantaneous,"{""theta"": 0.9663174100363157}",180,60,120,0.0,0.0,0,0,60,120,2,1.11731843575419,0,60.0,60.0,0.6666666666666666,0.0,0,0.0,0.0
7D9BB102-A612-4E2A-8E22-3159752F55D8,7D9BB102_s3,CF722AA9-2533-4E51-9FEB-9EAC84EE9AAC,moving_average,"{""theta"": 0.9657338434026631, ""w"": 3}",180,60,120,0.0,0.0166666666666666,0,2,60,120,2,1.11731843575419,0,60.0,60.0,0.6555555555555556,0.0,2,0.0166666666666666,2.0
7D9BB102-A612-4E2A-8E22-3159752F55D8,7D9BB102_s3,CF722AA9-2533-4E51-9FEB-9EAC84EE9AAC,ewma,"{""theta"": 0.9658521668317376, ""alpha"": 0.5}",180,60,120,0.0,0.05,0,6,60,120,2,1.11731843575419,0,60.0,60.0,0.6333333333333333,0.0,6,0.05,6.0
7D9BB102-A612-4E2A-8E22-3159752F55D8,7D9BB102_s3,CF722AA9-2533-4E51-9FEB-9EAC84EE9AAC,majority_vote,"{""theta"": 0.9667644505887532, ""w"": 3, ""k"": 2}",180,60,120,0.0166666666666666,0.0083333333333333,1,1,60,120,2,1.11731843575419,0,60.0,60.0,0.6666666666666666,1.0,1,0.0083333333333333,1.0
7D9BB102-A612-4E2A-8E22-3159752F55D8,7D9BB102_s3,CF722AA9-2533-4E51-9FEB-9EAC84EE9AAC,debounce,"{""theta"": 0.9667644505887532, ""n"": 2}",180,60,120,0.0166666666666666,0.0083333333333333,1,1,60,120,2,1.11731843575419,0,60.0,60.0,0.6666666666666666,1.0,1,0.0083333333333333,1.0
7D9BB102-A612-4E2A-8E22-3159752F55D8,7D9BB102_s3,CF722AA9-2533-4E51-9FEB-9EAC84EE9AAC,margin_dual_threshold,"{""theta"": 0.9797210300429184, ""margin"": 0.05}",180,60,120,0.0,0.5,0,60,60,120,1,0.5586592178770949,0,90.0,90.0,0.3333333333333333,0.0,60,0.5,
7D9BB102-A612-4E2A-8E22-3159752F55D8,7D9BB102_s3,CF722AA9-2533-4E51-9FEB-9EAC84EE9AAC,hysteresis,"{""theta"": 0.9895922746781116, ""margin"": 0.05, ""ttt_frames"": 2}",180,60,120,0.0166666666666666,0.5,1,60,60,120,1,0.5586592178770949,0,90.0,90.0,0.3388888888888889,1.0,60,0.5,
7D9BB102-A612-4E2A-8E22-3159752F55D8,7D9BB102_s3,CF722AA9-2533-4E51-9FEB-9EAC84EE9AAC,trust_model,"{""theta"": 0.9842274678111588, ""gain"": 0.6, ""decay"": 0.05, ""tau_lo"": 0.4, ""tau_hi"": 0.6}",180,60,120,0.0,0.5,0,60,60,120,2,1.11731843575419,0,60.0,55.0,0.3333333333333333,0.0,60,0.5,55.0
7D9BB102-A612-4E2A-8E22-3159752F55D8,7D9BB102_s3,CF722AA9-2533-4E51-9FEB-9EAC84EE9AAC,sprt,"{""A"": 16, ""B"": 4, ""mu_gen"": 0.9784760968049596, ""sd_gen"": 0.007662170510603758, ""mu_imp"": 0.7330448259418217, ""sd_imp"": 0.21581281604288452}",180,60,120,0.0,0.0416666666666666,0,5,60,120,2,1.11731843575419,0,60.0,60.0,0.6388888888888888,0.0,5,0.0416666666666666,5.0
7D9BB102-A612-4E2A-8E22-3159752F55D8,7D9BB102_s4,A7599A50-24AE-46A6-8EA6-2576F1011D81,instantaneous,"{""theta"": 0.9663174100363157}",180,60,120,0.0,0.0,0,0,60,120,2,1.11731843575419,0,60.0,60.0,0.6666666666666666,0.0,0,0.0,0.0
7D9BB102-A612-4E2A-8E22-3159752F55D8,7D9BB102_s4,A7599A50-24AE-46A6-8EA6-2576F1011D81,moving_average,"{""theta"": 0.9657338434026631, ""w"": 3}",180,60,120,0.0,0.0166666666666666,0,2,60,120,2,1.11731843575419,0,60.0,60.0,0.6555555555555556,0.0,2,0.0166666666666666,2.0
7D9BB102-A612-4E2A-8E22-3159752F55D8,7D9BB102_s4,A7599A50-24AE-46A6-8EA6-2576F1011D81,ewma,"{""theta"": 0.9658521668317376, ""alpha"": 0.5}",180,60,120,0.0,0.0333333333333333,0,4,60,120,2,1.11731843575419,0,60.0,60.0,0.6444444444444445,0.0,4,0.0333333333333333,4.0
7D9BB102-A612-4E2A-8E22-3159752F55D8,7D9BB102_s4,A7599A50-24AE-46A6-8EA6-2576F1011D81,majority_vote,"{""theta"": 0.9667644505887532, ""w"": 3, ""k"": 2}",180,60,120,0.0166666666666666,0.0083333333333333,1,1,60,120,2,1.11731843575419,0,60.0,60.0,0.6666666666666666,1.0,1,0.0083333333333333,1.0
7D9BB102-A612-4E2A-8E22-3159752F55D8,7D9BB102_s4,A7599A50-24AE-46A6-8EA6-2576F1011D81,debounce,"{""theta"": 0.9667644505887532, ""n"": 2}",180,60,120,0.0166666666666666,0.0083333333333333,1,1,60,120,2,1.11731843575419,0,60.0,60.0,0.6666666666666666,1.0,1,0.0083333333333333,1.0
7D9BB102-A612-4E2A-8E22-3159752F55D8,7D9BB102_s4,A7599A50-24AE-46A6-8EA6-2576F1011D81,margin_dual_threshold,"{""theta"": 0.9797210300429184, ""margin"": 0.05}",180,60,120,0.0,0.5,0,60,60,120,1,0.5586592178770949,0,90.0,90.0,0.3333333333333333,0.0,60,0.5,
7D9BB102-A612-4E2A-8E22-3159752F55D8,7D9BB102_s4,A7599A50-24AE-46A6-8EA6-2576F1011D81,hysteresis,"{""theta"": 0.9895922746781116, ""margin"": 0.05, ""ttt_frames"": 2}",180,60,120,0.0166666666666666,0.5,1,60,60,120,1,0.5586592178770949,0,90.0,90.0,0.3388888888888889,1.0,60,0.5,
7D9BB102-A612-4E2A-8E22-3159752F55D8,7D9BB102_s4,A7599A50-24AE-46A6-8EA6-2576F1011D81,trust_model,"{""theta"": 0.9842274678111588, ""gain"": 0.6, ""decay"": 0.05, ""tau_lo"": 0.4, ""tau_hi"": 0.6}",180,60,120,0.0,0.4666666666666667,0,56,60,120,2,1.11731843575419,0,60.0,56.0,0.3555555555555555,0.0,56,0.4666666666666667,52.0
7D9BB102-A612-4E2A-8E22-3159752F55D8,7D9BB102_s4,A7599A50-24AE-46A6-8EA6-2576F1011D81,sprt,"{""A"": 16, ""B"": 4, ""mu_gen"": 0.9784760968049596, ""sd_gen"": 0.007662170510603758, ""mu_imp"": 0.7330448259418217, ""sd_imp"": 0.21581281604288452}",180,60,120,0.0,0.1166666666666666,0,14,60,120,2,1.11731843575419,0,60.0,60.0,0.5888888888888889,0.0,14,0.1166666666666666,14.0
7D9BB102-A612-4E2A-8E22-3159752F55D8,7D9BB102_s5,0BFC35E2-4817-4865-BFA7-764742302A2D,instantaneous,"{""theta"": 0.9663174100363157}",180,60,120,0.0,0.0,0,0,60,120,2,1.11731843575419,0,60.0,60.0,0.6666666666666666,0.0,0,0.0,0.0
7D9BB102-A612-4E2A-8E22-3159752F55D8,7D9BB102_s5,0BFC35E2-4817-4865-BFA7-764742302A2D,moving_average,"{""theta"": 0.9657338434026631, ""w"": 3}",180,60,120,0.0,0.0166666666666666,0,2,60,120,2,1.11731843575419,0,60.0,60.0,0.6555555555555556,0.0,2,0.0166666666666666,2.0
7D9BB102-A612-4E2A-8E22-3159752F55D8,7D9BB102_s5,0BFC35E2-4817-4865-BFA7-764742302A2D,ewma,"{""theta"": 0.9658521668317376, ""alpha"": 0.5}",180,60,120,0.0,0.05,0,6,60,120,2,1.11731843575419,0,60.0,60.0,0.6333333333333333,0.0,6,0.05,6.0
7D9BB102-A612-4E2A-8E22-3159752F55D8,7D9BB102_s5,0BFC35E2-4817-4865-BFA7-764742302A2D,majority_vote,"{""theta"": 0.9667644505887532, ""w"": 3, ""k"": 2}",180,60,120,0.0166666666666666,0.0083333333333333,1,1,60,120,2,1.11731843575419,0,60.0,60.0,0.6666666666666666,1.0,1,0.0083333333333333,1.0
7D9BB102-A612-4E2A-8E22-3159752F55D8,7D9BB102_s5,0BFC35E2-4817-4865-BFA7-764742302A2D,debounce,"{""theta"": 0.9667644505887532, ""n"": 2}",180,60,120,0.0166666666666666,0.0083333333333333,1,1,60,120,2,1.11731843575419,0,60.0,60.0,0.6666666666666666,1.0,1,0.0083333333333333,1.0
7D9BB102-A612-4E2A-8E22-3159752F55D8,7D9BB102_s5,0BFC35E2-4817-4865-BFA7-764742302A2D,margin_dual_threshold,"{""theta"": 0.9797210300429184, ""margin"": 0.05}",180,60,120,0.0,0.5,0,60,60,120,1,0.5586592178770949,0,90.0,90.0,0.3333333333333333,0.0,60,0.5,
7D9BB102-A612-4E2A-8E22-3159752F55D8,7D9BB102_s5,0BFC35E2-4817-4865-BFA7-764742302A2D,hysteresis,"{""theta"": 0.9895922746781116, ""margin"": 0.05, ""ttt_frames"": 2}",180,60,120,0.0166666666666666,0.5,1,60,60,120,1,0.5586592178770949,0,90.0,90.0,0.3388888888888889,1.0,60,0.5,
7D9BB102-A612-4E2A-8E22-3159752F55D8,7D9BB102_s5,0BFC35E2-4817-4865-BFA7-764742302A2D,trust_model,"{""theta"": 0.9842274678111588, ""gain"": 0.6, ""decay"": 0.05, ""tau_lo"": 0.4, ""tau_hi"": 0.6}",180,60,120,0.0166666666666666,0.5,1,60,60,120,1,0.5586592178770949,0,90.0,90.0,0.3388888888888889,1.0,60,0.5,
7D9BB102-A612-4E2A-8E22-3159752F55D8,7D9BB102_s5,0BFC35E2-4817-4865-BFA7-764742302A2D,sprt,"{""A"": 16, ""B"": 4, ""mu_gen"": 0.9784760968049596, ""sd_gen"": 0.007662170510603758, ""mu_imp"": 0.7330448259418217, ""sd_imp"": 0.21581281604288452}",180,60,120,0.0,0.0333333333333333,0,4,60,120,2,1.11731843575419,0,60.0,60.0,0.6444444444444445,0.0,4,0.0333333333333333,4.0
8023FE1A-D3B0-4E2C-A57A-9321B7FC755F,8023FE1A_s0,61976C24-1C50-4355-9C49-AAE44A7D09F6,instantaneous,"{""theta"": 0.7376277153983369}",180,60,120,0.0833333333333333,0.0083333333333333,5,1,60,120,10,5.58659217877095,8,16.363636363636363,5.0,0.6888888888888889,0.0,1,0.0083333333333333,0.0
8023FE1A-D3B0-4E2C-A57A-9321B7FC755F,8023FE1A_s0,61976C24-1C50-4355-9C49-AAE44A7D09F6,moving_average,"{""theta"": 0.6275567447868605, ""w"": 3}",180,60,120,0.1333333333333333,0.0,8,0,60,120,10,5.58659217877095,9,16.363636363636363,6.0,0.7111111111111111,2.0,0,0.0,0.0
8023FE1A-D3B0-4E2C-A57A-9321B7FC755F,8023FE1A_s0,61976C24-1C50-4355-9C49-AAE44A7D09F6,ewma,"{""theta"": 0.6164099464845912, ""alpha"": 0.5}",180,60,120,0.15,0.0,9,0,60,120,12,6.70391061452514,11,13.846153846153848,3.0,0.7166666666666667,1.0,0,0.0,0.0
8023FE1A-D3B0-4E2C-A57A-9321B7FC755F,8023FE1A_s0,61976C24-1C50-4355-9C49-AAE44A7D09F6,majority_vote,"{""theta"": 0.741913718114327, ""w"": 3, ""k"": 2}",180,60,120,0.0833333333333333,0.0083333333333333,5,1,60,120,6,3.35195530726257,4,25.714285714285715,22.0,0.6888888888888889,1.0,1,0.0083333333333333,1.0
8023FE1A-D3B0-4E2C-A57A-9321B7FC755F,8023FE1A_s0,61976C24-1C50-4355-9C49-AAE44A7D09F6,debounce,"{""theta"": 0.7376277153983369, ""n"": 2}",180,60,120,0.0833333333333333,0.0083333333333333,5,1,60,120,6,3.35195530726257,4,25.714285714285715,22.0,0.6888888888888889,1.0,1,0.0083333333333333,1.0
8023FE1A-D3B0-4E2C-A57A-9321B7FC755F,8023FE1A_s0,61976C24-1C50-4355-9C49-AAE44A7D09F6,margin_dual_threshold,"{""theta"": 0.7214797507345946, ""margin"": 0.05}",180,60,120,0.0833333333333333,0.0,5,0,60,120,8,4.46927374301676,6,20.0,10.0,0.6944444444444444,1.0,0,0.0,0.0
8023FE1A-D3B0-4E2C-A57A-9321B7FC755F,8023FE1A_s0,61976C24-1C50-4355-9C49-AAE44A7D09F6,hysteresis,"{""theta"": 0.8591550470566525, ""margin"": 0.05, ""ttt_frames"": 3}",180,60,120,0.0333333333333333,0.5,2,60,60,120,1,0.5586592178770949,0,90.0,90.0,0.3444444444444444,2.0,60,0.5,
8023FE1A-D3B0-4E2C-A57A-9321B7FC755F,8023FE1A_s0,61976C24-1C50-4355-9C49-AAE44A7D09F6,trust_model,"{""theta"": 0.6811270444447599, ""gain"": 0.6, ""decay"": 0.05, ""tau_lo"": 0.4, ""tau_hi"": 0.6}",180,60,120,0.1,0.0416666666666666,6,5,60,120,2,1.11731843575419,0,60.0,59.0,0.6722222222222223,6.0,5,0.0416666666666666,5.0
8023FE1A-D3B0-4E2C-A57A-9321B7FC755F,8023FE1A_s0,61976C24-1C50-4355-9C49-AAE44A7D09F6,sprt,"{""A"": 1, ""B"": 1, ""mu_gen"": 0.8952920280494556, ""sd_gen"": 0.05187162958652544, ""mu_imp"": 0.2432008775706875, ""sd_imp"": 0.1999079517029222}",180,60,120,0.0666666666666666,0.0,4,0,60,120,8,4.46927374301676,6,20.0,10.0,0.6888888888888889,0.0,0,0.0,0.0
8023FE1A-D3B0-4E2C-A57A-9321B7FC755F,8023FE1A_s1,FDAA70A1-42A3-4E3F-9AE3-3FDA412E03BF,instantaneous,"{""theta"": 0.7376277153983369}",180,60,120,0.0,0.0,0,0,60,120,2,1.11731843575419,0,60.0,60.0,0.6666666666666666,0.0,0,0.0,0.0
8023FE1A-D3B0-4E2C-A57A-9321B7FC755F,8023FE1A_s1,FDAA70A1-42A3-4E3F-9AE3-3FDA412E03BF,moving_average,"{""theta"": 0.6275567447868605, ""w"": 3}",180,60,120,0.0,0.0166666666666666,0,2,60,120,2,1.11731843575419,0,60.0,60.0,0.6555555555555556,0.0,2,0.0166666666666666,2.0
8023FE1A-D3B0-4E2C-A57A-9321B7FC755F,8023FE1A_s1,FDAA70A1-42A3-4E3F-9AE3-3FDA412E03BF,ewma,"{""theta"": 0.6164099464845912, ""alpha"": 0.5}",180,60,120,0.0,0.0083333333333333,0,1,60,120,2,1.11731843575419,0,60.0,60.0,0.6611111111111111,0.0,1,0.0083333333333333,1.0
8023FE1A-D3B0-4E2C-A57A-9321B7FC755F,8023FE1A_s1,FDAA70A1-42A3-4E3F-9AE3-3FDA412E03BF,majority_vote,"{""theta"": 0.741913718114327, ""w"": 3, ""k"": 2}",180,60,120,0.0166666666666666,0.0083333333333333,1,1,60,120,2,1.11731843575419,0,60.0,60.0,0.6666666666666666,1.0,1,0.0083333333333333,1.0
8023FE1A-D3B0-4E2C-A57A-9321B7FC755F,8023FE1A_s1,FDAA70A1-42A3-4E3F-9AE3-3FDA412E03BF,debounce,"{""theta"": 0.7376277153983369, ""n"": 2}",180,60,120,0.0166666666666666,0.0083333333333333,1,1,60,120,2,1.11731843575419,0,60.0,60.0,0.6666666666666666,1.0,1,0.0083333333333333,1.0
8023FE1A-D3B0-4E2C-A57A-9321B7FC755F,8023FE1A_s1,FDAA70A1-42A3-4E3F-9AE3-3FDA412E03BF,margin_dual_threshold,"{""theta"": 0.7214797507345946, ""margin"": 0.05}",180,60,120,0.0,0.0,0,0,60,120,2,1.11731843575419,0,60.0,60.0,0.6666666666666666,0.0,0,0.0,0.0
8023FE1A-D3B0-4E2C-A57A-9321B7FC755F,8023FE1A_s1,FDAA70A1-42A3-4E3F-9AE3-3FDA412E03BF,hysteresis,"{""theta"": 0.8591550470566525, ""margin"": 0.05, ""ttt_frames"": 3}",180,60,120,0.0166666666666666,0.1333333333333333,1,16,60,120,2,1.11731843575419,0,60.0,61.0,0.5833333333333334,1.0,16,0.1333333333333333,16.0
8023FE1A-D3B0-4E2C-A57A-9321B7FC755F,8023FE1A_s1,FDAA70A1-42A3-4E3F-9AE3-3FDA412E03BF,trust_model,"{""theta"": 0.6811270444447599, ""gain"": 0.6, ""decay"": 0.05, ""tau_lo"": 0.4, ""tau_hi"": 0.6}",180,60,120,0.0166666666666666,0.0416666666666666,1,5,60,120,2,1.11731843575419,0,60.0,61.0,0.6444444444444445,1.0,5,0.0416666666666666,5.0
8023FE1A-D3B0-4E2C-A57A-9321B7FC755F,8023FE1A_s1,FDAA70A1-42A3-4E3F-9AE3-3FDA412E03BF,sprt,"{""A"": 1, ""B"": 1, ""mu_gen"": 0.8952920280494556, ""sd_gen"": 0.05187162958652544, ""mu_imp"": 0.2432008775706875, ""sd_imp"": 0.1999079517029222}",180,60,120,0.0,0.0,0,0,60,120,2,1.11731843575419,0,60.0,60.0,0.6666666666666666,0.0,0,0.0,0.0
8023FE1A-D3B0-4E2C-A57A-9321B7FC755F,8023FE1A_s2,665514DE-49DC-421F-8DCB-145D0B2609AD,instantaneous,"{""theta"": 0.7376277153983369}",180,60,120,0.0,0.0,0,0,60,120,2,1.11731843575419,0,60.0,60.0,0.6666666666666666,0.0,0,0.0,0.0
8023FE1A-D3B0-4E2C-A57A-9321B7FC755F,8023FE1A_s2,665514DE-49DC-421F-8DCB-145D0B2609AD,moving_average,"{""theta"": 0.6275567447868605, ""w"": 3}",180,60,120,0.0166666666666666,0.0166666666666666,1,2,60,120,2,1.11731843575419,0,60.0,61.0,0.6611111111111111,1.0,2,0.0166666666666666,2.0
8023FE1A-D3B0-4E2C-A57A-9321B7FC755F,8023FE1A_s2,665514DE-49DC-421F-8DCB-145D0B2609AD,ewma,"{""theta"": 0.6164099464845912, ""alpha"": 0.5}",180,60,120,0.0,0.0083333333333333,0,1,60,120,2,1.11731843575419,0,60.0,60.0,0.6611111111111111,0.0,1,0.0083333333333333,1.0
8023FE1A-D3B0-4E2C-A57A-9321B7FC755F,8023FE1A_s2,665514DE-49DC-421F-8DCB-145D0B2609AD,majority_vote,"{""theta"": 0.741913718114327, ""w"": 3, ""k"": 2}",180,60,120,0.0166666666666666,0.0083333333333333,1,1,60,120,2,1.11731843575419,0,60.0,60.0,0.6666666666666666,1.0,1,0.0083333333333333,1.0
8023FE1A-D3B0-4E2C-A57A-9321B7FC755F,8023FE1A_s2,665514DE-49DC-421F-8DCB-145D0B2609AD,debounce,"{""theta"": 0.7376277153983369, ""n"": 2}",180,60,120,0.0166666666666666,0.0083333333333333,1,1,60,120,2,1.11731843575419,0,60.0,60.0,0.6666666666666666,1.0,1,0.0083333333333333,1.0
8023FE1A-D3B0-4E2C-A57A-9321B7FC755F,8023FE1A_s2,665514DE-49DC-421F-8DCB-145D0B2609AD,margin_dual_threshold,"{""theta"": 0.7214797507345946, ""margin"": 0.05}",180,60,120,0.0,0.0,0,0,60,120,2,1.11731843575419,0,60.0,60.0,0.6666666666666666,0.0,0,0.0,0.0
8023FE1A-D3B0-4E2C-A57A-9321B7FC755F,8023FE1A_s2,665514DE-49DC-421F-8DCB-145D0B2609AD,hysteresis,"{""theta"": 0.8591550470566525, ""margin"": 0.05, ""ttt_frames"": 3}",180,60,120,0.0333333333333333,0.5,2,60,60,120,1,0.5586592178770949,0,90.0,90.0,0.3444444444444444,2.0,60,0.5,
8023FE1A-D3B0-4E2C-A57A-9321B7FC755F,8023FE1A_s2,665514DE-49DC-421F-8DCB-145D0B2609AD,trust_model,"{""theta"": 0.6811270444447599, ""gain"": 0.6, ""decay"": 0.05, ""tau_lo"": 0.4, ""tau_hi"": 0.6}",180,60,120,0.0166666666666666,0.0416666666666666,1,5,60,120,2,1.11731843575419,0,60.0,61.0,0.6444444444444445,1.0,5,0.0416666666666666,5.0
8023FE1A-D3B0-4E2C-A57A-9321B7FC755F,8023FE1A_s2,665514DE-49DC-421F-8DCB-145D0B2609AD,sprt,"{""A"": 1, ""B"": 1, ""mu_gen"": 0.8952920280494556, ""sd_gen"": 0.05187162958652544, ""mu_imp"": 0.2432008775706875, ""sd_imp"": 0.1999079517029222}",180,60,120,0.0,0.0,0,0,60,120,2,1.11731843575419,0,60.0,60.0,0.6666666666666666,0.0,0,0.0,0.0
8023FE1A-D3B0-4E2C-A57A-9321B7FC755F,8023FE1A_s4,61359772-D8D8-480D-B623-7C636EAD0C81,instantaneous,"{""theta"": 0.7376277153983369}",180,60,120,0.0,0.0,0,0,60,120,2,1.11731843575419,0,60.0,60.0,0.6666666666666666,0.0,0,0.0,0.0
8023FE1A-D3B0-4E2C-A57A-9321B7FC755F,8023FE1A_s4,61359772-D8D8-480D-B623-7C636EAD0C81,moving_average,"{""theta"": 0.6275567447868605, ""w"": 3}",180,60,120,0.0,0.0166666666666666,0,2,60,120,2,1.11731843575419,0,60.0,60.0,0.6555555555555556,0.0,2,0.0166666666666666,2.0
8023FE1A-D3B0-4E2C-A57A-9321B7FC755F,8023FE1A_s4,61359772-D8D8-480D-B623-7C636EAD0C81,ewma,"{""theta"": 0.6164099464845912, ""alpha"": 0.5}",180,60,120,0.0,0.0083333333333333,0,1,60,120,2,1.11731843575419,0,60.0,60.0,0.6611111111111111,0.0,1,0.0083333333333333,1.0
8023FE1A-D3B0-4E2C-A57A-9321B7FC755F,8023FE1A_s4,61359772-D8D8-480D-B623-7C636EAD0C81,majority_vote,"{""theta"": 0.741913718114327, ""w"": 3, ""k"": 2}",180,60,120,0.0166666666666666,0.0083333333333333,1,1,60,120,2,1.11731843575419,0,60.0,60.0,0.6666666666666666,1.0,1,0.0083333333333333,1.0
8023FE1A-D3B0-4E2C-A57A-9321B7FC755F,8023FE1A_s4,61359772-D8D8-480D-B623-7C636EAD0C81,debounce,"{""theta"": 0.7376277153983369, ""n"": 2}",180,60,120,0.0166666666666666,0.0083333333333333,1,1,60,120,2,1.11731843575419,0,60.0,60.0,0.6666666666666666,1.0,1,0.0083333333333333,1.0
8023FE1A-D3B0-4E2C-A57A-9321B7FC755F,8023FE1A_s4,61359772-D8D8-480D-B623-7C636EAD0C81,margin_dual_threshold,"{""theta"": 0.7214797507345946, ""margin"": 0.05}",180,60,120,0.0,0.0,0,0,60,120,2,1.11731843575419,0,60.0,60.0,0.6666666666666666,0.0,0,0.0,0.0
8023FE1A-D3B0-4E2C-A57A-9321B7FC755F,8023FE1A_s4,61359772-D8D8-480D-B623-7C636EAD0C81,hysteresis,"{""theta"": 0.8591550470566525, ""margin"": 0.05, ""ttt_frames"": 3}",180,60,120,0.0333333333333333,0.375,2,45,60,120,2,1.11731843575419,0,60.0,62.0,0.4277777777777777,2.0,45,0.375,45.0
8023FE1A-D3B0-4E2C-A57A-9321B7FC755F,8023FE1A_s4,61359772-D8D8-480D-B623-7C636EAD0C81,trust_model,"{""theta"": 0.6811270444447599, ""gain"": 0.6, ""decay"": 0.05, ""tau_lo"": 0.4, ""tau_hi"": 0.6}",180,60,120,0.0166666666666666,0.0416666666666666,1,5,60,120,2,1.11731843575419,0,60.0,61.0,0.6444444444444445,1.0,5,0.0416666666666666,5.0
8023FE1A-D3B0-4E2C-A57A-9321B7FC755F,8023FE1A_s4,61359772-D8D8-480D-B623-7C636EAD0C81,sprt,"{""A"": 1, ""B"": 1, ""mu_gen"": 0.8952920280494556, ""sd_gen"": 0.05187162958652544, ""mu_imp"": 0.2432008775706875, ""sd_imp"": 0.1999079517029222}",180,60,120,0.0,0.0,0,0,60,120,2,1.11731843575419,0,60.0,60.0,0.6666666666666666,0.0,0,0.0,0.0
83CF687B-7CEC-434B-9FE8-00C3D5799BE6,83CF687B_s0,B9724848-C7E2-45F4-9B3F-A1F38D864495,instantaneous,"{""theta"": 0.823894309751488}",180,60,120,0.0,0.0083333333333333,0,1,60,120,4,2.23463687150838,2,36.0,45.0,0.6611111111111111,0.0,1,0.0083333333333333,0.0
83CF687B-7CEC-434B-9FE8-00C3D5799BE6,83CF687B_s0,B9724848-C7E2-45F4-9B3F-A1F38D864495,moving_average,"{""theta"": 0.823894309751488, ""w"": 3}",180,60,120,0.0166666666666666,0.0416666666666666,1,5,60,120,4,2.23463687150838,2,36.0,43.0,0.6444444444444445,1.0,5,0.0416666666666666,2.0
83CF687B-7CEC-434B-9FE8-00C3D5799BE6,83CF687B_s0,B9724848-C7E2-45F4-9B3F-A1F38D864495,ewma,"{""theta"": 0.823982398239824, ""alpha"": 0.5}",180,60,120,0.0166666666666666,0.0916666666666666,1,11,60,120,4,2.23463687150838,0,36.0,41.0,0.6111111111111112,1.0,11,0.0916666666666666,6.0
83CF687B-7CEC-434B-9FE8-00C3D5799BE6,83CF687B_s0,B9724848-C7E2-45F4-9B3F-A1F38D864495,majority_vote,"{""theta"": 0.8316265309864319, ""w"": 10, ""k"": 8}",180,60,120,0.0,0.975,0,117,60,120,2,1.11731843575419,2,60.0,47.0,0.0166666666666666,0.0,117,0.975,
83CF687B-7CEC-434B-9FE8-00C3D5799BE6,83CF687B_s0,B9724848-C7E2-45F4-9B3F-A1F38D864495,debounce,"{""theta"": 0.9853318665199853, ""n"": 10}",180,60,120,0.0,0.925,0,111,60,120,1,0.5586592178770949,0,90.0,90.0,0.05,0.0,111,0.925,
83CF687B-7CEC-434B-9FE8-00C3D5799BE6,83CF687B_s0,B9724848-C7E2-45F4-9B3F-A1F38D864495,margin_dual_threshold,"{""theta"": 0.8476948936560322, ""margin"": 0.05}",180,60,120,0.0,0.2416666666666666,0,29,60,120,2,1.11731843575419,0,60.0,60.0,0.5055555555555555,0.0,29,0.2416666666666666,29.0
83CF687B-7CEC-434B-9FE8-00C3D5799BE6,83CF687B_s0,B9724848-C7E2-45F4-9B3F-A1F38D864495,hysteresis,"{""theta"": 0.9356692702603594, ""margin"": 0.2, ""ttt_frames"": 3}",180,60,120,0.0,0.9833333333333332,0,118,60,120,1,0.5586592178770949,0,90.0,90.0,0.0111111111111111,0.0,118,0.9833333333333332,
83CF687B-7CEC-434B-9FE8-00C3D5799BE6,83CF687B_s0,B9724848-C7E2-45F4-9B3F-A1F38D864495,trust_model,"{""theta"": 0.8689864869820315, ""gain"": 0.6, ""decay"": 0.2, ""tau_lo"": 0.4, ""tau_hi"": 0.6}",180,60,120,0.0,0.8916666666666667,0,107,60,120,1,0.5586592178770949,0,90.0,90.0,0.0722222222222222,0.0,107,0.8916666666666667,
83CF687B-7CEC-434B-9FE8-00C3D5799BE6,83CF687B_s0,B9724848-C7E2-45F4-9B3F-A1F38D864495,sprt,"{""A"": 1, ""B"": 1, ""mu_gen"": 0.9143276596178137, ""sd_gen"": 0.050419623616135965, ""mu_imp"": 0.35220531312390496, ""sd_imp"": 0.30035672631292093}",180,60,120,0.05,0.0083333333333333,3,1,60,120,6,3.35195530726257,4,25.714285714285715,14.0,0.6777777777777778,1.0,1,0.0083333333333333,0.0
83CF687B-7CEC-434B-9FE8-00C3D5799BE6,83CF687B_s1,FDAA70A1-42A3-4E3F-9AE3-3FDA412E03BF,instantaneous,"{""theta"": 0.823894309751488}",180,60,120,0.0,0.0,0,0,60,120,2,1.11731843575419,0,60.0,60.0,0.6666666666666666,0.0,0,0.0,0.0
83CF687B-7CEC-434B-9FE8-00C3D5799BE6,83CF687B_s1,FDAA70A1-42A3-4E3F-9AE3-3FDA412E03BF,moving_average,"{""theta"": 0.823894309751488, ""w"": 3}",180,60,120,0.0,0.0166666666666666,0,2,60,120,2,1.11731843575419,0,60.0,60.0,0.6555555555555556,0.0,2,0.0166666666666666,2.0
83CF687B-7CEC-434B-9FE8-00C3D5799BE6,83CF687B_s1,FDAA70A1-42A3-4E3F-9AE3-3FDA412E03BF,ewma,"{""theta"": 0.823982398239824, ""alpha"": 0.5}",180,60,120,0.0,0.0666666666666666,0,8,60,120,2,1.11731843575419,0,60.0,60.0,0.6222222222222222,0.0,8,0.0666666666666666,8.0
83CF687B-7CEC-434B-9FE8-00C3D5799BE6,83CF687B_s1,FDAA70A1-42A3-4E3F-9AE3-3FDA412E03BF,majority_vote,"{""theta"": 0.8316265309864319, ""w"": 10, ""k"": 8}",180,60,120,0.0,1.0,0,120,60,120,0,0.0,0,180.0,180.0,0.0,0.0,120,1.0,
83CF687B-7CEC-434B-9FE8-00C3D5799BE6,83CF687B_s1,FDAA70A1-42A3-4E3F-9AE3-3FDA412E03BF,debounce,"{""theta"": 0.9853318665199853, ""n"": 10}",180,60,120,0.0,0.925,0,111,60,120,1,0.5586592178770949,0,90.0,90.0,0.05,0.0,111,0.925,
83CF687B-7CEC-434B-9FE8-00C3D5799BE6,83CF687B_s1,FDAA70A1-42A3-4E3F-9AE3-3FDA412E03BF,margin_dual_threshold,"{""theta"": 0.8476948936560322, ""margin"": 0.05}",180,60,120,0.0,0.4583333333333333,0,55,60,120,2,1.11731843575419,0,60.0,60.0,0.3611111111111111,0.0,55,0.4583333333333333,55.0
83CF687B-7CEC-434B-9FE8-00C3D5799BE6,83CF687B_s1,FDAA70A1-42A3-4E3F-9AE3-3FDA412E03BF,hysteresis,"{""theta"": 0.9356692702603594, ""margin"": 0.2, ""ttt_frames"": 3}",180,60,120,0.0,0.9833333333333332,0,118,60,120,1,0.5586592178770949,0,90.0,90.0,0.0111111111111111,0.0,118,0.9833333333333332,
83CF687B-7CEC-434B-9FE8-00C3D5799BE6,83CF687B_s1,FDAA70A1-42A3-4E3F-9AE3-3FDA412E03BF,trust_model,"{""theta"": 0.8689864869820315, ""gain"": 0.6, ""decay"": 0.2, ""tau_lo"": 0.4, ""tau_hi"": 0.6}",180,60,120,0.0,0.8833333333333333,0,106,60,120,1,0.5586592178770949,0,90.0,90.0,0.0777777777777777,0.0,106,0.8833333333333333,
83CF687B-7CEC-434B-9FE8-00C3D5799BE6,83CF687B_s1,FDAA70A1-42A3-4E3F-9AE3-3FDA412E03BF,sprt,"{""A"": 1, ""B"": 1, ""mu_gen"": 0.9143276596178137, ""sd_gen"": 0.050419623616135965, ""mu_imp"": 0.35220531312390496, ""sd_imp"": 0.30035672631292093}",180,60,120,0.0,0.0,0,0,60,120,2,1.11731843575419,0,60.0,60.0,0.6666666666666666,0.0,0,0.0,0.0
83CF687B-7CEC-434B-9FE8-00C3D5799BE6,83CF687B_s2,A5CDF89D-02A2-4EC1-89F8-F534FDABDD96,instantaneous,"{""theta"": 0.823894309751488}",180,60,120,0.0,0.0,0,0,60,120,2,1.11731843575419,0,60.0,60.0,0.6666666666666666,0.0,0,0.0,0.0
83CF687B-7CEC-434B-9FE8-00C3D5799BE6,83CF687B_s2,A5CDF89D-02A2-4EC1-89F8-F534FDABDD96,moving_average,"{""theta"": 0.823894309751488, ""w"": 3}",180,60,120,0.0,0.0166666666666666,0,2,60,120,2,1.11731843575419,0,60.0,60.0,0.6555555555555556,0.0,2,0.0166666666666666,2.0
83CF687B-7CEC-434B-9FE8-00C3D5799BE6,83CF687B_s2,A5CDF89D-02A2-4EC1-89F8-F534FDABDD96,ewma,"{""theta"": 0.823982398239824, ""alpha"": 0.5}",180,60,120,0.0,0.05,0,6,60,120,2,1.11731843575419,0,60.0,60.0,0.6333333333333333,0.0,6,0.05,6.0
83CF687B-7CEC-434B-9FE8-00C3D5799BE6,83CF687B_s2,A5CDF89D-02A2-4EC1-89F8-F534FDABDD96,majority_vote,"{""theta"": 0.8316265309864319, ""w"": 10, ""k"": 8}",180,60,120,0.0333333333333333,0.5,2,60,60,120,1,0.5586592178770949,0,90.0,90.0,0.3444444444444444,2.0,60,0.5,
83CF687B-7CEC-434B-9FE8-00C3D5799BE6,83CF687B_s2,A5CDF89D-02A2-4EC1-89F8-F534FDABDD96,debounce,"{""theta"": 0.9853318665199853, ""n"": 10}",180,60,120,0.0,0.925,0,111,60,120,1,0.5586592178770949,0,90.0,90.0,0.05,0.0,111,0.925,
83CF687B-7CEC-434B-9FE8-00C3D5799BE6,83CF687B_s2,A5CDF89D-02A2-4EC1-89F8-F534FDABDD96,margin_dual_threshold,"{""theta"": 0.8476948936560322, ""margin"": 0.05}",180,60,120,0.0,0.1,0,12,60,120,2,1.11731843575419,0,60.0,60.0,0.6,0.0,12,0.1,12.0
83CF687B-7CEC-434B-9FE8-00C3D5799BE6,83CF687B_s2,A5CDF89D-02A2-4EC1-89F8-F534FDABDD96,hysteresis,"{""theta"": 0.9356692702603594, ""margin"": 0.2, ""ttt_frames"": 3}",180,60,120,0.0333333333333333,0.5,2,60,60,120,1,0.5586592178770949,0,90.0,90.0,0.3444444444444444,2.0,60,0.5,
83CF687B-7CEC-434B-9FE8-00C3D5799BE6,83CF687B_s2,A5CDF89D-02A2-4EC1-89F8-F534FDABDD96,trust_model,"{""theta"": 0.8689864869820315, ""gain"": 0.6, ""decay"": 0.2, ""tau_lo"": 0.4, ""tau_hi"": 0.6}",180,60,120,0.0,0.5,0,60,60,120,1,0.5586592178770949,0,90.0,90.0,0.3333333333333333,0.0,60,0.5,
83CF687B-7CEC-434B-9FE8-00C3D5799BE6,83CF687B_s2,A5CDF89D-02A2-4EC1-89F8-F534FDABDD96,sprt,"{""A"": 1, ""B"": 1, ""mu_gen"": 0.9143276596178137, ""sd_gen"": 0.050419623616135965, ""mu_imp"": 0.35220531312390496, ""sd_imp"": 0.30035672631292093}",180,60,120,0.0,0.0,0,0,60,120,2,1.11731843575419,0,60.0,60.0,0.6666666666666666,0.0,0,0.0,0.0
83CF687B-7CEC-434B-9FE8-00C3D5799BE6,83CF687B_s4,8023FE1A-D3B0-4E2C-A57A-9321B7FC755F,instantaneous,"{""theta"": 0.823894309751488}",180,60,120,0.0,0.0,0,0,60,120,2,1.11731843575419,0,60.0,60.0,0.6666666666666666,0.0,0,0.0,0.0
83CF687B-7CEC-434B-9FE8-00C3D5799BE6,83CF687B_s4,8023FE1A-D3B0-4E2C-A57A-9321B7FC755F,moving_average,"{""theta"": 0.823894309751488, ""w"": 3}",180,60,120,0.0,0.0166666666666666,0,2,60,120,2,1.11731843575419,0,60.0,60.0,0.6555555555555556,0.0,2,0.0166666666666666,2.0
83CF687B-7CEC-434B-9FE8-00C3D5799BE6,83CF687B_s4,8023FE1A-D3B0-4E2C-A57A-9321B7FC755F,ewma,"{""theta"": 0.823982398239824, ""alpha"": 0.5}",180,60,120,0.0,0.0416666666666666,0,5,60,120,2,1.11731843575419,0,60.0,60.0,0.6388888888888888,0.0,5,0.0416666666666666,5.0
83CF687B-7CEC-434B-9FE8-00C3D5799BE6,83CF687B_s4,8023FE1A-D3B0-4E2C-A57A-9321B7FC755F,majority_vote,"{""theta"": 0.8316265309864319, ""w"": 10, ""k"": 8}",180,60,120,0.0333333333333333,0.425,2,51,60,120,3,1.675977653631285,0,45.0,43.5,0.3944444444444444,2.0,51,0.425,26.0
83CF687B-7CEC-434B-9FE8-00C3D5799BE6,83CF687B_s4,8023FE1A-D3B0-4E2C-A57A-9321B7FC755F,debounce,"{""theta"": 0.9853318665199853, ""n"": 10}",180,60,120,0.0,0.925,0,111,60,120,1,0.5586592178770949,0,90.0,90.0,0.05,0.0,111,0.925,
83CF687B-7CEC-434B-9FE8-00C3D5799BE6,83CF687B_s4,8023FE1A-D3B0-4E2C-A57A-9321B7FC755F,margin_dual_threshold,"{""theta"": 0.8476948936560322, ""margin"": 0.05}",180,60,120,0.0,0.0,0,0,60,120,2,1.11731843575419,0,60.0,60.0,0.6666666666666666,0.0,0,0.0,0.0
83CF687B-7CEC-434B-9FE8-00C3D5799BE6,83CF687B_s4,8023FE1A-D3B0-4E2C-A57A-9321B7FC755F,hysteresis,"{""theta"": 0.9356692702603594, ""margin"": 0.2, ""ttt_frames"": 3}",180,60,120,0.0333333333333333,0.5,2,60,60,120,1,0.5586592178770949,0,90.0,90.0,0.3444444444444444,2.0,60,0.5,
83CF687B-7CEC-434B-9FE8-00C3D5799BE6,83CF687B_s4,8023FE1A-D3B0-4E2C-A57A-9321B7FC755F,trust_model,"{""theta"": 0.8689864869820315, ""gain"": 0.6, ""decay"": 0.2, ""tau_lo"": 0.4, ""tau_hi"": 0.6}",180,60,120,0.0,0.3583333333333333,0,43,60,120,3,1.675977653631285,0,45.0,38.5,0.4277777777777777,0.0,43,0.3583333333333333,26.0
83CF687B-7CEC-434B-9FE8-00C3D5799BE6,83CF687B_s4,8023FE1A-D3B0-4E2C-A57A-9321B7FC755F,sprt,"{""A"": 1, ""B"": 1, ""mu_gen"": 0.9143276596178137, ""sd_gen"": 0.050419623616135965, ""mu_imp"": 0.35220531312390496, ""sd_imp"": 0.30035672631292093}",180,60,120,0.0166666666666666,0.0,1,0,60,120,4,2.23463687150838,2,36.0,55.0,0.6722222222222223,0.0,0,0.0,0.0
83CF687B-7CEC-434B-9FE8-00C3D5799BE6,83CF687B_s5,ECECC2AB-D32F-4F90-B74C-E12A1C69BBE2,instantaneous,"{""theta"": 0.823894309751488}",180,60,120,0.0,0.0,0,0,60,120,2,1.11731843575419,0,60.0,60.0,0.6666666666666666,0.0,0,0.0,0.0
83CF687B-7CEC-434B-9FE8-00C3D5799BE6,83CF687B_s5,ECECC2AB-D32F-4F90-B74C-E12A1C69BBE2,moving_average,"{""theta"": 0.823894309751488, ""w"": 3}",180,60,120,0.0,0.0166666666666666,0,2,60,120,2,1.11731843575419,0,60.0,60.0,0.6555555555555556,0.0,2,0.0166666666666666,2.0
83CF687B-7CEC-434B-9FE8-00C3D5799BE6,83CF687B_s5,ECECC2AB-D32F-4F90-B74C-E12A1C69BBE2,ewma,"{""theta"": 0.823982398239824, ""alpha"": 0.5}",180,60,120,0.0,0.0583333333333333,0,7,60,120,2,1.11731843575419,0,60.0,60.0,0.6277777777777778,0.0,7,0.0583333333333333,7.0
83CF687B-7CEC-434B-9FE8-00C3D5799BE6,83CF687B_s5,ECECC2AB-D32F-4F90-B74C-E12A1C69BBE2,majority_vote,"{""theta"": 0.8316265309864319, ""w"": 10, ""k"": 8}",180,60,120,0.0,0.7,0,84,60,120,5,2.793296089385475,0,30.0,20.0,0.2,0.0,84,0.7,30.0
83CF687B-7CEC-434B-9FE8-00C3D5799BE6,83CF687B_s5,ECECC2AB-D32F-4F90-B74C-E12A1C69BBE2,debounce,"{""theta"": 0.9853318665199853, ""n"": 10}",180,60,120,0.0,0.925,0,111,60,120,1,0.5586592178770949,0,90.0,90.0,0.05,0.0,111,0.925,
83CF687B-7CEC-434B-9FE8-00C3D5799BE6,83CF687B_s5,ECECC2AB-D32F-4F90-B74C-E12A1C69BBE2,margin_dual_threshold,"{""theta"": 0.8476948936560322, ""margin"": 0.05}",180,60,120,0.0,0.1166666666666666,0,14,60,120,2,1.11731843575419,0,60.0,60.0,0.5888888888888889,0.0,14,0.1166666666666666,14.0
83CF687B-7CEC-434B-9FE8-00C3D5799BE6,83CF687B_s5,ECECC2AB-D32F-4F90-B74C-E12A1C69BBE2,hysteresis,"{""theta"": 0.9356692702603594, ""margin"": 0.2, ""ttt_frames"": 3}",180,60,120,0.0,0.9833333333333332,0,118,60,120,1,0.5586592178770949,0,90.0,90.0,0.0111111111111111,0.0,118,0.9833333333333332,
83CF687B-7CEC-434B-9FE8-00C3D5799BE6,83CF687B_s5,ECECC2AB-D32F-4F90-B74C-E12A1C69BBE2,trust_model,"{""theta"": 0.8689864869820315, ""gain"": 0.6, ""decay"": 0.2, ""tau_lo"": 0.4, ""tau_hi"": 0.6}",180,60,120,0.0,0.8916666666666667,0,107,60,120,1,0.5586592178770949,0,90.0,90.0,0.0722222222222222,0.0,107,0.8916666666666667,
83CF687B-7CEC-434B-9FE8-00C3D5799BE6,83CF687B_s5,ECECC2AB-D32F-4F90-B74C-E12A1C69BBE2,sprt,"{""A"": 1, ""B"": 1, ""mu_gen"": 0.9143276596178137, ""sd_gen"": 0.050419623616135965, ""mu_imp"": 0.35220531312390496, ""sd_imp"": 0.30035672631292093}",180,60,120,0.0,0.0,0,0,60,120,2,1.11731843575419,0,60.0,60.0,0.6666666666666666,0.0,0,0.0,0.0
9759096F-1119-4E19-A0AD-6F16989C7E1C,9759096F_s0,7D9BB102-A612-4E2A-8E22-3159752F55D8,instantaneous,"{""theta"": 0.8573485705221513}",180,60,120,0.0,0.1166666666666666,0,14,60,120,17,9.497206703910615,14,10.0,1.0,0.5888888888888889,0.0,14,0.1166666666666666,0.0
9759096F-1119-4E19-A0AD-6F16989C7E1C,9759096F_s0,7D9BB102-A612-4E2A-8E22-3159752F55D8,moving_average,"{""theta"": 0.8482536408763482, ""w"": 5}",180,60,120,0.0166666666666666,0.15,1,18,60,120,5,2.793296089385475,2,30.0,21.0,0.5722222222222222,1.0,18,0.15,3.0
9759096F-1119-4E19-A0AD-6F16989C7E1C,9759096F_s0,7D9BB102-A612-4E2A-8E22-3159752F55D8,ewma,"{""theta"": 0.8482536408763482, ""alpha"": 0.5}",180,60,120,0.0,0.15,0,18,60,120,7,3.910614525139665,4,22.5,14.0,0.5666666666666667,0.0,18,0.15,1.0
9759096F-1119-4E19-A0AD-6F16989C7E1C,9759096F_s0,7D9BB102-A612-4E2A-8E22-3159752F55D8,majority_vote,"{""theta"": 0.8439877976523719, ""w"": 5, ""k"": 4}",180,60,120,0.0166666666666666,0.1666666666666666,1,20,60,120,5,2.793296089385475,0,30.0,20.0,0.5611111111111111,1.0,20,0.1666666666666666,3.0
9759096F-1119-4E19-A0AD-6F16989C7E1C,9759096F_s0,7D9BB102-A612-4E2A-8E22-3159752F55D8,debounce,"{""theta"": 0.857147920165715, ""n"": 2}",180,60,120,0.0166666666666666,0.1333333333333333,1,16,60,120,5,2.793296089385475,2,30.0,22.0,0.5833333333333334,1.0,16,0.1333333333333333,1.0
9759096F-1119-4E19-A0AD-6F16989C7E1C,9759096F_s0,7D9BB102-A612-4E2A-8E22-3159752F55D8,margin_dual_threshold,"{""theta"": 0.8482536408763482, ""margin"": 0.05}",180,60,120,0.0,0.1083333333333333,0,13,60,120,15,8.379888268156424,12,11.25,1.0,0.5944444444444444,0.0,13,0.1083333333333333,0.0
9759096F-1119-4E19-A0AD-6F16989C7E1C,9759096F_s0,7D9BB102-A612-4E2A-8E22-3159752F55D8,hysteresis,"{""theta"": 0.8530666272440564, ""margin"": 0.05, ""ttt_frames"": 2}",180,60,120,0.0166666666666666,0.1333333333333333,1,16,60,120,5,2.793296089385475,2,30.0,22.0,0.5833333333333334,1.0,16,0.1333333333333333,1.0
9759096F-1119-4E19-A0AD-6F16989C7E1C,9759096F_s0,7D9BB102-A612-4E2A-8E22-3159752F55D8,trust_model,"{""theta"": 0.8843420851528384, ""gain"": 0.6, ""decay"": 0.05, ""tau_lo"": 0.4, ""tau_hi"": 0.6}",180,60,120,0.0166666666666666,0.2916666666666667,1,35,60,120,5,2.793296089385475,2,30.0,17.5,0.4777777777777778,1.0,35,0.2916666666666667,25.0
9759096F-1119-4E19-A0AD-6F16989C7E1C,9759096F_s0,7D9BB102-A612-4E2A-8E22-3159752F55D8,sprt,"{""A"": 1, ""B"": 2, ""mu_gen"": 0.8912520974850395, ""sd_gen"": 0.07469961346851997, ""mu_imp"": 0.39810645115639653, ""sd_imp"": 0.27539003875536977}",180,60,120,0.0,0.0416666666666666,0,5,60,120,4,2.23463687150838,0,36.0,47.0,0.6388888888888888,0.0,5,0.0416666666666666,0.0
9759096F-1119-4E19-A0AD-6F16989C7E1C,9759096F_s1,A5CDF89D-02A2-4EC1-89F8-F534FDABDD96,instantaneous,"{""theta"": 0.8573485705221513}",180,60,120,0.0,0.075,0,9,60,120,6,3.35195530726257,2,25.714285714285715,10.0,0.6166666666666667,0.0,9,0.075,0.0
9759096F-1119-4E19-A0AD-6F16989C7E1C,9759096F_s1,A5CDF89D-02A2-4EC1-89F8-F534FDABDD96,moving_average,"{""theta"": 0.8482536408763482, ""w"": 5}",180,60,120,0.0333333333333333,0.1166666666666666,2,14,60,120,6,3.35195530726257,2,25.714285714285715,8.0,0.6,2.0,14,0.1166666666666666,4.0
9759096F-1119-4E19-A0AD-6F16989C7E1C,9759096F_s1,A5CDF89D-02A2-4EC1-89F8-F534FDABDD96,ewma,"{""theta"": 0.8482536408763482, ""alpha"": 0.5}",180,60,120,0.0,0.1,0,12,60,120,6,3.35195530726257,2,25.714285714285715,9.0,0.6,0.0,12,0.1,2.0
9759096F-1119-4E19-A0AD-6F16989C7E1C,9759096F_s1,A5CDF89D-02A2-4EC1-89F8-F534FDABDD96,majority_vote,"{""theta"": 0.8439877976523719, ""w"": 5, ""k"": 4}",180,60,120,0.0166666666666666,0.1333333333333333,1,16,60,120,6,3.35195530726257,0,25.714285714285715,9.0,0.5833333333333334,1.0,16,0.1333333333333333,3.0
9759096F-1119-4E19-A0AD-6F16989C7E1C,9759096F_s1,A5CDF89D-02A2-4EC1-89F8-F534FDABDD96,debounce,"{""theta"": 0.857147920165715, ""n"": 2}",180,60,120,0.0166666666666666,0.0833333333333333,1,10,60,120,6,3.35195530726257,2,25.714285714285715,10.0,0.6166666666666667,1.0,10,0.0833333333333333,1.0
9759096F-1119-4E19-A0AD-6F16989C7E1C,9759096F_s1,A5CDF89D-02A2-4EC1-89F8-F534FDABDD96,margin_dual_threshold,"{""theta"": 0.8482536408763482, ""margin"": 0.05}",180,60,120,0.0,0.0833333333333333,0,10,60,120,6,3.35195530726257,2,25.714285714285715,10.0,0.6111111111111112,0.0,10,0.0833333333333333,0.0
9759096F-1119-4E19-A0AD-6F16989C7E1C,9759096F_s1,A5CDF89D-02A2-4EC1-89F8-F534FDABDD96,hysteresis,"{""theta"": 0.8530666272440564, ""margin"": 0.05, ""ttt_frames"": 2}",180,60,120,0.0166666666666666,0.0666666666666666,1,8,60,120,4,2.23463687150838,0,36.0,33.0,0.6277777777777778,1.0,8,0.0666666666666666,1.0
9759096F-1119-4E19-A0AD-6F16989C7E1C,9759096F_s1,A5CDF89D-02A2-4EC1-89F8-F534FDABDD96,trust_model,"{""theta"": 0.8843420851528384, ""gain"": 0.6, ""decay"": 0.05, ""tau_lo"": 0.4, ""tau_hi"": 0.6}",180,60,120,0.05,0.2833333333333333,3,34,60,120,3,1.675977653631285,0,45.0,44.5,0.4944444444444444,3.0,34,0.2833333333333333,13.0
9759096F-1119-4E19-A0AD-6F16989C7E1C,9759096F_s1,A5CDF89D-02A2-4EC1-89F8-F534FDABDD96,sprt,"{""A"": 1, ""B"": 2, ""mu_gen"": 0.8912520974850395, ""sd_gen"": 0.07469961346851997, ""mu_imp"": 0.39810645115639653, ""sd_imp"": 0.27539003875536977}",180,60,120,0.0,0.025,0,3,60,120,4,2.23463687150838,2,36.0,37.0,0.65,0.0,3,0.025,0.0
9759096F-1119-4E19-A0AD-6F16989C7E1C,9759096F_s2,098A72A5-E3E5-4F54-A152-BBDA0DF7B694,instantaneous,"{""theta"": 0.8573485705221513}",180,60,120,0.0,0.0,0,0,60,120,2,1.11731843575419,0,60.0,60.0,0.6666666666666666,0.0,0,0.0,0.0
9759096F-1119-4E19-A0AD-6F16989C7E1C,9759096F_s2,098A72A5-E3E5-4F54-A152-BBDA0DF7B694,moving_average,"{""theta"": 0.8482536408763482, ""w"": 5}",180,60,120,0.0333333333333333,0.0166666666666666,2,2,60,120,2,1.11731843575419,0,60.0,60.0,0.6666666666666666,2.0,2,0.0166666666666666,2.0
9759096F-1119-4E19-A0AD-6F16989C7E1C,9759096F_s2,098A72A5-E3E5-4F54-A152-BBDA0DF7B694,ewma,"{""theta"": 0.8482536408763482, ""alpha"": 0.5}",180,60,120,0.0,0.0083333333333333,0,1,60,120,2,1.11731843575419,0,60.0,60.0,0.6611111111111111,0.0,1,0.0083333333333333,1.0
9759096F-1119-4E19-A0AD-6F16989C7E1C,9759096F_s2,098A72A5-E3E5-4F54-A152-BBDA0DF7B694,majority_vote,"{""theta"": 0.8439877976523719, ""w"": 5, ""k"": 4}",180,60,120,0.0166666666666666,0.025,1,3,60,120,2,1.11731843575419,0,60.0,61.0,0.6555555555555556,1.0,3,0.025,3.0
9759096F-1119-4E19-A0AD-6F16989C7E1C,9759096F_s2,098A72A5-E3E5-4F54-A152-BBDA0DF7B694,debounce,"{""theta"": 0.857147920165715, ""n"": 2}",180,60,120,0.0166666666666666,0.0083333333333333,1,1,60,120,2,1.11731843575419,0,60.0,60.0,0.6666666666666666,1.0,1,0.0083333333333333,1.0
9759096F-1119-4E19-A0AD-6F16989C7E1C,9759096F_s2,098A72A5-E3E5-4F54-A152-BBDA0DF7B694,margin_dual_threshold,"{""theta"": 0.8482536408763482, ""margin"": 0.05}",180,60,120,0.0,0.0,0,0,60,120,2,1.11731843575419,0,60.0,60.0,0.6666666666666666,0.0,0,0.0,0.0
9759096F-1119-4E19-A0AD-6F16989C7E1C,9759096F_s2,098A72A5-E3E5-4F54-A152-BBDA0DF7B694,hysteresis,"{""theta"": 0.8530666272440564, ""margin"": 0.05, ""ttt_frames"": 2}",180,60,120,0.0166666666666666,0.0083333333333333,1,1,60,120,2,1.11731843575419,0,60.0,60.0,0.6666666666666666,1.0,1,0.0083333333333333,1.0
9759096F-1119-4E19-A0AD-6F16989C7E1C,9759096F_s2,098A72A5-E3E5-4F54-A152-BBDA0DF7B694,trust_model,"{""theta"": 0.8843420851528384, ""gain"": 0.6, ""decay"": 0.05, ""tau_lo"": 0.4, ""tau_hi"": 0.6}",180,60,120,0.0666666666666666,0.0583333333333333,4,7,60,120,2,1.11731843575419,0,60.0,63.0,0.65,4.0,7,0.0583333333333333,7.0
9759096F-1119-4E19-A0AD-6F16989C7E1C,9759096F_s2,098A72A5-E3E5-4F54-A152-BBDA0DF7B694,sprt,"{""A"": 1, ""B"": 2, ""mu_gen"": 0.8912520974850395, ""sd_gen"": 0.07469961346851997, ""mu_imp"": 0.39810645115639653, ""sd_imp"": 0.27539003875536977}",180,60,120,0.0,0.0,0,0,60,120,2,1.11731843575419,0,60.0,60.0,0.6666666666666666,0.0,0,0.0,0.0
9759096F-1119-4E19-A0AD-6F16989C7E1C,9759096F_s3,A7599A50-24AE-46A6-8EA6-2576F1011D81,instantaneous,"{""theta"": 0.8573485705221513}",180,60,120,0.0,0.4,0,48,60,120,4,2.23463687150838,0,36.0,48.0,0.4,0.0,48,0.4,0.0
9759096F-1119-4E19-A0AD-6F16989C7E1C,9759096F_s3,A7599A50-24AE-46A6-8EA6-2576F1011D81,moving_average,"{""theta"": 0.8482536408763482, ""w"": 5}",180,60,120,0.0,0.425,0,51,60,120,3,1.675977653631285,0,45.0,53.5,0.3833333333333333,0.0,51,0.425,4.0
9759096F-1119-4E19-A0AD-6F16989C7E1C,9759096F_s3,A7599A50-24AE-46A6-8EA6-2576F1011D81,ewma,"{""theta"": 0.8482536408763482, ""alpha"": 0.5}",180,60,120,0.0,0.4333333333333333,0,52,60,120,3,1.675977653631285,0,45.0,54.5,0.3777777777777777,0.0,52,0.4333333333333333,3.0
9759096F-1119-4E19-A0AD-6F16989C7E1C,9759096F_s3,A7599A50-24AE-46A6-8EA6-2576F1011D81,majority_vote,"{""theta"": 0.8439877976523719, ""w"": 5, ""k"": 4}",180,60,120,0.0166666666666666,0.425,1,51,60,120,3,1.675977653631285,0,45.0,54.5,0.3888888888888889,1.0,51,0.425,3.0
9759096F-1119-4E19-A0AD-6F16989C7E1C,9759096F_s3,A7599A50-24AE-46A6-8EA6-2576F1011D81,debounce,"{""theta"": 0.857147920165715, ""n"": 2}",180,60,120,0.0166666666666666,0.4083333333333333,1,49,60,120,3,1.675977653631285,0,45.0,54.0,0.4,1.0,49,0.4083333333333333,1.0
9759096F-1119-4E19-A0AD-6F16989C7E1C,9759096F_s3,A7599A50-24AE-46A6-8EA6-2576F1011D81,margin_dual_threshold,"{""theta"": 0.8482536408763482, ""margin"": 0.05}",180,60,120,0.0,0.4,0,48,60,120,4,2.23463687150838,0,36.0,48.0,0.4,0.0,48,0.4,0.0
9759096F-1119-4E19-A0AD-6F16989C7E1C,9759096F_s3,A7599A50-24AE-46A6-8EA6-2576F1011D81,hysteresis,"{""theta"": 0.8530666272440564, ""margin"": 0.05, ""ttt_frames"": 2}",180,60,120,0.0166666666666666,0.4083333333333333,1,49,60,120,3,1.675977653631285,0,45.0,54.0,0.4,1.0,49,0.4083333333333333,1.0
9759096F-1119-4E19-A0AD-6F16989C7E1C,9759096F_s3,A7599A50-24AE-46A6-8EA6-2576F1011D81,trust_model,"{""theta"": 0.8843420851528384, ""gain"": 0.6, ""decay"": 0.05, ""tau_lo"": 0.4, ""tau_hi"": 0.6}",180,60,120,0.0166666666666666,0.475,1,57,60,120,3,1.675977653631285,2,45.0,54.5,0.3555555555555555,1.0,57,0.475,9.0
9759096F-1119-4E19-A0AD-6F16989C7E1C,9759096F_s3,A7599A50-24AE-46A6-8EA6-2576F1011D81,sprt,"{""A"": 1, ""B"": 2, ""mu_gen"": 0.8912520974850395, ""sd_gen"": 0.07469961346851997, ""mu_imp"": 0.39810645115639653, ""sd_imp"": 0.27539003875536977}",180,60,120,0.0,0.3916666666666666,0,47,60,120,4,2.23463687150838,0,36.0,47.0,0.4055555555555555,0.0,47,0.3916666666666666,0.0
9759096F-1119-4E19-A0AD-6F16989C7E1C,9759096F_s4,78A91A4E-4A51-4065-BDA7-94755F0BB3BB,instantaneous,"{""theta"": 0.8573485705221513}",180,60,120,0.6833333333333333,0.4583333333333333,41,55,60,120,28,15.64245810055866,24,6.206896551724138,2.0,0.5888888888888889,3.0,55,0.4583333333333333,0.0
9759096F-1119-4E19-A0AD-6F16989C7E1C,9759096F_s4,78A91A4E-4A51-4065-BDA7-94755F0BB3BB,moving_average,"{""theta"": 0.8482536408763482, ""w"": 5}",180,60,120,0.9166666666666666,0.4583333333333333,55,55,60,120,7,3.910614525139665,4,22.5,5.5,0.6666666666666666,0.0,55,0.4583333333333333,0.0
9759096F-1119-4E19-A0AD-6F16989C7E1C,9759096F_s4,78A91A4E-4A51-4065-BDA7-94755F0BB3BB,ewma,"{""theta"": 0.8482536408763482, ""alpha"": 0.5}",180,60,120,0.9166666666666666,0.4666666666666667,55,56,60,120,8,4.46927374301676,4,20.0,4.0,0.6611111111111111,0.0,56,0.4666666666666667,0.0
9759096F-1119-4E19-A0AD-6F16989C7E1C,9759096F_s4,78A91A4E-4A51-4065-BDA7-94755F0BB3BB,majority_vote,"{""theta"": 0.8439877976523719, ""w"": 5, ""k"": 4}",180,60,120,0.8666666666666667,0.4583333333333333,52,55,60,120,6,3.35195530726257,2,25.714285714285715,7.0,0.65,0.0,55,0.4583333333333333,0.0
9759096F-1119-4E19-A0AD-6F16989C7E1C,9759096F_s4,78A91A4E-4A51-4065-BDA7-94755F0BB3BB,debounce,"{""theta"": 0.857147920165715, ""n"": 2}",180,60,120,0.75,0.4333333333333333,45,52,60,120,10,5.58659217877095,6,16.363636363636363,4.0,0.6277777777777778,0.0,52,0.4333333333333333,0.0
9759096F-1119-4E19-A0AD-6F16989C7E1C,9759096F_s4,78A91A4E-4A51-4065-BDA7-94755F0BB3BB,margin_dual_threshold,"{""theta"": 0.8482536408763482, ""margin"": 0.05}",180,60,120,0.4833333333333333,0.4583333333333333,29,55,60,120,6,3.35195530726257,2,25.714285714285715,5.0,0.5222222222222223,0.0,55,0.4583333333333333,0.0
9759096F-1119-4E19-A0AD-6F16989C7E1C,9759096F_s4,78A91A4E-4A51-4065-BDA7-94755F0BB3BB,hysteresis,"{""theta"": 0.8530666272440564, ""margin"": 0.05, ""ttt_frames"": 2}",180,60,120,0.0,0.4416666666666666,0,53,60,120,4,2.23463687150838,0,36.0,48.0,0.3722222222222222,0.0,53,0.4416666666666666,1.0
9759096F-1119-4E19-A0AD-6F16989C7E1C,9759096F_s4,78A91A4E-4A51-4065-BDA7-94755F0BB3BB,trust_model,"{""theta"": 0.8843420851528384, ""gain"": 0.6, ""decay"": 0.05, ""tau_lo"": 0.4, ""tau_hi"": 0.6}",180,60,120,0.0,0.5,0,60,60,120,2,1.11731843575419,0,60.0,54.0,0.3333333333333333,0.0,60,0.5,6.0
9759096F-1119-4E19-A0AD-6F16989C7E1C,9759096F_s4,78A91A4E-4A51-4065-BDA7-94755F0BB3BB,sprt,"{""A"": 1, ""B"": 2, ""mu_gen"": 0.8912520974850395, ""sd_gen"": 0.07469961346851997, ""mu_imp"": 0.39810645115639653, ""sd_imp"": 0.27539003875536977}",180,60,120,1.0,0.425,60,51,60,120,6,3.35195530726257,4,25.714285714285715,3.0,0.7166666666666667,,51,0.425,0.0
9759096F-1119-4E19-A0AD-6F16989C7E1C,9759096F_s5,665514DE-49DC-421F-8DCB-145D0B2609AD,instantaneous,"{""theta"": 0.8573485705221513}",180,60,120,0.0,0.3666666666666666,0,44,60,120,5,2.793296089385475,2,30.0,24.5,0.4222222222222222,0.0,44,0.3666666666666666,0.0
9759096F-1119-4E19-A0AD-6F16989C7E1C,9759096F_s5,665514DE-49DC-421F-8DCB-145D0B2609AD,moving_average,"{""theta"": 0.8482536408763482, ""w"": 5}",180,60,120,0.0,0.4083333333333333,0,49,60,120,3,1.675977653631285,0,45.0,52.5,0.3944444444444444,0.0,49,0.4083333333333333,4.0
9759096F-1119-4E19-A0AD-6F16989C7E1C,9759096F_s5,665514DE-49DC-421F-8DCB-145D0B2609AD,ewma,"{""theta"": 0.8482536408763482, ""alpha"": 0.5}",180,60,120,0.0,0.4,0,48,60,120,3,1.675977653631285,0,45.0,52.5,0.4,0.0,48,0.4,3.0
9759096F-1119-4E19-A0AD-6F16989C7E1C,9759096F_s5,665514DE-49DC-421F-8DCB-145D0B2609AD,majority_vote,"{""theta"": 0.8439877976523719, ""w"": 5, ""k"": 4}",180,60,120,0.0166666666666666,0.3916666666666666,1,47,60,120,3,1.675977653631285,0,45.0,52.5,0.4111111111111111,1.0,47,0.3916666666666666,3.0
9759096F-1119-4E19-A0AD-6F16989C7E1C,9759096F_s5,665514DE-49DC-421F-8DCB-145D0B2609AD,debounce,"{""theta"": 0.857147920165715, ""n"": 2}",180,60,120,0.0166666666666666,0.375,1,45,60,120,3,1.675977653631285,0,45.0,52.0,0.4222222222222222,1.0,45,0.375,1.0
9759096F-1119-4E19-A0AD-6F16989C7E1C,9759096F_s5,665514DE-49DC-421F-8DCB-145D0B2609AD,margin_dual_threshold,"{""theta"": 0.8482536408763482, ""margin"": 0.05}",180,60,120,0.0,0.375,0,45,60,120,3,1.675977653631285,0,45.0,52.5,0.4166666666666667,0.0,45,0.375,0.0
9759096F-1119-4E19-A0AD-6F16989C7E1C,9759096F_s5,665514DE-49DC-421F-8DCB-145D0B2609AD,hysteresis,"{""theta"": 0.8530666272440564, ""margin"": 0.05, ""ttt_frames"": 2}",180,60,120,0.0166666666666666,0.375,1,45,60,120,3,1.675977653631285,0,45.0,52.0,0.4222222222222222,1.0,45,0.375,1.0
9759096F-1119-4E19-A0AD-6F16989C7E1C,9759096F_s5,665514DE-49DC-421F-8DCB-145D0B2609AD,trust_model,"{""theta"": 0.8843420851528384, ""gain"": 0.6, ""decay"": 0.05, ""tau_lo"": 0.4, ""tau_hi"": 0.6}",180,60,120,0.0333333333333333,0.5,2,60,60,120,1,0.5586592178770949,0,90.0,90.0,0.3444444444444444,2.0,60,0.5,
9759096F-1119-4E19-A0AD-6F16989C7E1C,9759096F_s5,665514DE-49DC-421F-8DCB-145D0B2609AD,sprt,"{""A"": 1, ""B"": 2, ""mu_gen"": 0.8912520974850395, ""sd_gen"": 0.07469961346851997, ""mu_imp"": 0.39810645115639653, ""sd_imp"": 0.27539003875536977}",180,60,120,0.0,0.325,0,39,60,120,7,3.910614525139665,2,22.5,10.0,0.45,0.0,39,0.325,0.0
9DC38D04-E82E-4F29-AB52-B476535226F2,9DC38D04_s0,61976C24-1C50-4355-9C49-AAE44A7D09F6,instantaneous,"{""theta"": 0.6833629809890206}",180,60,120,0.5166666666666667,0.0,31,0,60,120,16,8.938547486033519,12,10.588235294117649,4.0,0.8388888888888889,5.0,0,0.0,0.0
9DC38D04-E82E-4F29-AB52-B476535226F2,9DC38D04_s0,61976C24-1C50-4355-9C49-AAE44A7D09F6,moving_average,"{""theta"": 0.6920954820498754, ""w"": 3}",180,60,120,0.3166666666666666,0.0083333333333333,19,1,60,120,12,6.70391061452514,10,13.846153846153848,4.0,0.7666666666666667,5.0,1,0.0083333333333333,1.0
9DC38D04-E82E-4F29-AB52-B476535226F2,9DC38D04_s0,61976C24-1C50-4355-9C49-AAE44A7D09F6,ewma,"{""theta"": 0.6912888445010233, ""alpha"": 0.3}",180,60,120,0.25,0.0083333333333333,15,1,60,120,10,5.58659217877095,8,16.363636363636363,9.0,0.7444444444444445,5.0,1,0.0083333333333333,1.0
9DC38D04-E82E-4F29-AB52-B476535226F2,9DC38D04_s0,61976C24-1C50-4355-9C49-AAE44A7D09F6,majority_vote,"{""theta"": 0.7082597646661648, ""w"": 3, ""k"": 2}",180,60,120,0.4666666666666667,0.0083333333333333,28,1,60,120,12,6.70391061452514,6,13.846153846153848,4.0,0.8166666666666667,6.0,1,0.0083333333333333,1.0
9DC38D04-E82E-4F29-AB52-B476535226F2,9DC38D04_s0,61976C24-1C50-4355-9C49-AAE44A7D09F6,debounce,"{""theta"": 0.7022900915030841, ""n"": 2}",180,60,120,0.4833333333333333,0.0083333333333333,29,1,60,120,12,6.70391061452514,6,13.846153846153848,5.0,0.8222222222222222,6.0,1,0.0083333333333333,1.0
9DC38D04-E82E-4F29-AB52-B476535226F2,9DC38D04_s0,61976C24-1C50-4355-9C49-AAE44A7D09F6,margin_dual_threshold,"{""theta"": 0.6833629809890206, ""margin"": 0.1}",180,60,120,0.45,0.0,27,0,60,120,14,7.82122905027933,9,12.0,4.0,0.8166666666666667,5.0,0,0.0,0.0
9DC38D04-E82E-4F29-AB52-B476535226F2,9DC38D04_s0,61976C24-1C50-4355-9C49-AAE44A7D09F6,hysteresis,"{""theta"": 0.868999469690043, ""margin"": 0.05, ""ttt_frames"": 3}",180,60,120,0.0,0.9666666666666668,0,116,60,120,1,0.5586592178770949,0,90.0,90.0,0.0222222222222222,0.0,116,0.9666666666666668,
9DC38D04-E82E-4F29-AB52-B476535226F2,9DC38D04_s0,61976C24-1C50-4355-9C49-AAE44A7D09F6,trust_model,"{""theta"": 0.7511855665196709, ""gain"": 0.6, ""decay"": 0.2, ""tau_lo"": 0.4, ""tau_hi"": 0.6}",180,60,120,0.1,0.05,6,6,60,120,2,1.11731843575419,0,60.0,60.0,0.6666666666666666,6.0,6,0.05,6.0
9DC38D04-E82E-4F29-AB52-B476535226F2,9DC38D04_s0,61976C24-1C50-4355-9C49-AAE44A7D09F6,sprt,"{""A"": 1, ""B"": 16, ""mu_gen"": 0.9344784015523249, ""sd_gen"": 0.0456543120178509, ""mu_imp"": 0.382670953846779, ""sd_imp"": 0.17814743270383632}",180,60,120,0.0666666666666666,0.0,4,0,60,120,2,1.11731843575419,0,60.0,60.0,0.6888888888888889,4.0,0,0.0,0.0
9DC38D04-E82E-4F29-AB52-B476535226F2,9DC38D04_s1,ECECC2AB-D32F-4F90-B74C-E12A1C69BBE2,instantaneous,"{""theta"": 0.6833629809890206}",180,60,120,0.15,0.0,9,0,60,120,14,7.82122905027933,11,12.0,4.0,0.7166666666666667,0.0,0,0.0,0.0
9DC38D04-E82E-4F29-AB52-B476535226F2,9DC38D04_s1,ECECC2AB-D32F-4F90-B74C-E12A1C69BBE2,moving_average,"{""theta"": 0.6920954820498754, ""w"": 3}",180,60,120,0.0833333333333333,0.0083333333333333,5,1,60,120,4,2.23463687150838,0,36.0,39.0,0.6888888888888889,1.0,1,0.0083333333333333,1.0
9DC38D04-E82E-4F29-AB52-B476535226F2,9DC38D04_s1,ECECC2AB-D32F-4F90-B74C-E12A1C69BBE2,ewma,"{""theta"": 0.6912888445010233, ""alpha"": 0.3}",180,60,120,0.0333333333333333,0.0083333333333333,2,1,60,120,2,1.11731843575419,0,60.0,59.0,0.6722222222222223,2.0,1,0.0083333333333333,1.0
9DC38D04-E82E-4F29-AB52-B476535226F2,9DC38D04_s1,ECECC2AB-D32F-4F90-B74C-E12A1C69BBE2,majority_vote,"{""theta"": 0.7082597646661648, ""w"": 3, ""k"": 2}",180,60,120,0.0166666666666666,0.0083333333333333,1,1,60,120,2,1.11731843575419,0,60.0,60.0,0.6666666666666666,1.0,1,0.0083333333333333,1.0
9DC38D04-E82E-4F29-AB52-B476535226F2,9DC38D04_s1,ECECC2AB-D32F-4F90-B74C-E12A1C69BBE2,debounce,"{""theta"": 0.7022900915030841, ""n"": 2}",180,60,120,0.05,0.0083333333333333,3,1,60,120,4,2.23463687150838,2,36.0,40.0,0.6777777777777778,1.0,1,0.0083333333333333,1.0
9DC38D04-E82E-4F29-AB52-B476535226F2,9DC38D04_s1,ECECC2AB-D32F-4F90-B74C-E12A1C69BBE2,margin_dual_threshold,"{""theta"": 0.6833629809890206, ""margin"": 0.1}",180,60,120,0.0833333333333333,0.0,5,0,60,120,6,3.35195530726257,5,25.714285714285715,19.0,0.6944444444444444,0.0,0,0.0,0.0
9DC38D04-E82E-4F29-AB52-B476535226F2,9DC38D04_s1,ECECC2AB-D32F-4F90-B74C-E12A1C69BBE2,hysteresis,"{""theta"": 0.868999469690043, ""margin"": 0.05, ""ttt_frames"": 3}",180,60,120,0.0,0.8333333333333334,0,100,60,120,3,1.675977653631285,0,45.0,26.0,0.1111111111111111,0.0,100,0.8333333333333334,
9DC38D04-E82E-4F29-AB52-B476535226F2,9DC38D04_s1,ECECC2AB-D32F-4F90-B74C-E12A1C69BBE2,trust_model,"{""theta"": 0.7511855665196709, ""gain"": 0.6, ""decay"": 0.2, ""tau_lo"": 0.4, ""tau_hi"": 0.6}",180,60,120,0.0333333333333333,0.0416666666666666,2,5,60,120,2,1.11731843575419,0,60.0,62.0,0.65,2.0,5,0.0416666666666666,5.0
9DC38D04-E82E-4F29-AB52-B476535226F2,9DC38D04_s1,ECECC2AB-D32F-4F90-B74C-E12A1C69BBE2,sprt,"{""A"": 1, ""B"": 16, ""mu_gen"": 0.9344784015523249, ""sd_gen"": 0.0456543120178509, ""mu_imp"": 0.382670953846779, ""sd_imp"": 0.17814743270383632}",180,60,120,0.0,0.0,0,0,60,120,2,1.11731843575419,0,60.0,60.0,0.6666666666666666,0.0,0,0.0,0.0
9DC38D04-E82E-4F29-AB52-B476535226F2,9DC38D04_s2,806289BC-AD52-4CC1-806C-0CDB14D65EB6,instantaneous,"{""theta"": 0.6833629809890206}",180,60,120,0.0,0.0,0,0,60,120,2,1.11731843575419,0,60.0,60.0,0.6666666666666666,0.0,0,0.0,0.0
9DC38D04-E82E-4F29-AB52-B476535226F2,9DC38D04_s2,806289BC-AD52-4CC1-806C-0CDB14D65EB6,moving_average,"{""theta"": 0.6920954820498754, ""w"": 3}",180,60,120,0.0,0.0166666666666666,0,2,60,120,2,1.11731843575419,0,60.0,60.0,0.6555555555555556,0.0,2,0.0166666666666666,2.0
9DC38D04-E82E-4F29-AB52-B476535226F2,9DC38D04_s2,806289BC-AD52-4CC1-806C-0CDB14D65EB6,ewma,"{""theta"": 0.6912888445010233, ""alpha"": 0.3}",180,60,120,0.0,0.025,0,3,60,120,2,1.11731843575419,0,60.0,60.0,0.65,0.0,3,0.025,3.0
9DC38D04-E82E-4F29-AB52-B476535226F2,9DC38D04_s2,806289BC-AD52-4CC1-806C-0CDB14D65EB6,majority_vote,"{""theta"": 0.7082597646661648, ""w"": 3, ""k"": 2}",180,60,120,0.0166666666666666,0.0083333333333333,1,1,60,120,2,1.11731843575419,0,60.0,60.0,0.6666666666666666,1.0,1,0.0083333333333333,1.0
9DC38D04-E82E-4F29-AB52-B476535226F2,9DC38D04_s2,806289BC-AD52-4CC1-806C-0CDB14D65EB6,debounce,"{""theta"": 0.7022900915030841, ""n"": 2}",180,60,120,0.0166666666666666,0.0083333333333333,1,1,60,120,2,1.11731843575419,0,60.0,60.0,0.6666666666666666,1.0,1,0.0083333333333333,1.0
9DC38D04-E82E-4F29-AB52-B476535226F2,9DC38D04_s2,806289BC-AD52-4CC1-806C-0CDB14D65EB6,margin_dual_threshold,"{""theta"": 0.6833629809890206, ""margin"": 0.1}",180,60,120,0.0,0.0,0,0,60,120,2,1.11731843575419,0,60.0,60.0,0.6666666666666666,0.0,0,0.0,0.0
9DC38D04-E82E-4F29-AB52-B476535226F2,9DC38D04_s2,806289BC-AD52-4CC1-806C-0CDB14D65EB6,hysteresis,"{""theta"": 0.868999469690043, ""margin"": 0.05, ""ttt_frames"": 3}",180,60,120,0.0,0.275,0,33,60,120,2,1.11731843575419,0,60.0,56.0,0.4833333333333333,0.0,33,0.275,4.0
9DC38D04-E82E-4F29-AB52-B476535226F2,9DC38D04_s2,806289BC-AD52-4CC1-806C-0CDB14D65EB6,trust_model,"{""theta"": 0.7511855665196709, ""gain"": 0.6, ""decay"": 0.2, ""tau_lo"": 0.4, ""tau_hi"": 0.6}",180,60,120,0.0166666666666666,0.0333333333333333,1,4,60,120,2,1.11731843575419,0,60.0,61.0,0.65,1.0,4,0.0333333333333333,4.0
9DC38D04-E82E-4F29-AB52-B476535226F2,9DC38D04_s2,806289BC-AD52-4CC1-806C-0CDB14D65EB6,sprt,"{""A"": 1, ""B"": 16, ""mu_gen"": 0.9344784015523249, ""sd_gen"": 0.0456543120178509, ""mu_imp"": 0.382670953846779, ""sd_imp"": 0.17814743270383632}",180,60,120,0.0,0.0,0,0,60,120,2,1.11731843575419,0,60.0,60.0,0.6666666666666666,0.0,0,0.0,0.0
9DC38D04-E82E-4F29-AB52-B476535226F2,9DC38D04_s3,A7599A50-24AE-46A6-8EA6-2576F1011D81,instantaneous,"{""theta"": 0.6833629809890206}",180,60,120,0.0,0.0,0,0,60,120,2,1.11731843575419,0,60.0,60.0,0.6666666666666666,0.0,0,0.0,0.0
9DC38D04-E82E-4F29-AB52-B476535226F2,9DC38D04_s3,A7599A50-24AE-46A6-8EA6-2576F1011D81,moving_average,"{""theta"": 0.6920954820498754, ""w"": 3}",180,60,120,0.0,0.0166666666666666,0,2,60,120,2,1.11731843575419,0,60.0,60.0,0.6555555555555556,0.0,2,0.0166666666666666,2.0
9DC38D04-E82E-4F29-AB52-B476535226F2,9DC38D04_s3,A7599A50-24AE-46A6-8EA6-2576F1011D81,ewma,"{""theta"": 0.6912888445010233, ""alpha"": 0.3}",180,60,120,0.0,0.025,0,3,60,120,2,1.11731843575419,0,60.0,60.0,0.65,0.0,3,0.025,3.0
9DC38D04-E82E-4F29-AB52-B476535226F2,9DC38D04_s3,A7599A50-24AE-46A6-8EA6-2576F1011D81,majority_vote,"{""theta"": 0.7082597646661648, ""w"": 3, ""k"": 2}",180,60,120,0.0166666666666666,0.0083333333333333,1,1,60,120,2,1.11731843575419,0,60.0,60.0,0.6666666666666666,1.0,1,0.0083333333333333,1.0
9DC38D04-E82E-4F29-AB52-B476535226F2,9DC38D04_s3,A7599A50-24AE-46A6-8EA6-2576F1011D81,debounce,"{""theta"": 0.7022900915030841, ""n"": 2}",180,60,120,0.0166666666666666,0.0083333333333333,1,1,60,120,2,1.11731843575419,0,60.0,60.0,0.6666666666666666,1.0,1,0.0083333333333333,1.0
9DC38D04-E82E-4F29-AB52-B476535226F2,9DC38D04_s3,A7599A50-24AE-46A6-8EA6-2576F1011D81,margin_dual_threshold,"{""theta"": 0.6833629809890206, ""margin"": 0.1}",180,60,120,0.0,0.0,0,0,60,120,2,1.11731843575419,0,60.0,60.0,0.6666666666666666,0.0,0,0.0,0.0
9DC38D04-E82E-4F29-AB52-B476535226F2,9DC38D04_s3,A7599A50-24AE-46A6-8EA6-2576F1011D81,hysteresis,"{""theta"": 0.868999469690043, ""margin"": 0.05, ""ttt_frames"": 3}",180,60,120,0.0,0.4833333333333333,0,58,60,120,2,1.11731843575419,0,60.0,58.0,0.3444444444444444,0.0,58,0.4833333333333333,2.0
9DC38D04-E82E-4F29-AB52-B476535226F2,9DC38D04_s3,A7599A50-24AE-46A6-8EA6-2576F1011D81,trust_model,"{""theta"": 0.7511855665196709, ""gain"": 0.6, ""decay"": 0.2, ""tau_lo"": 0.4, ""tau_hi"": 0.6}",180,60,120,0.0166666666666666,0.025,1,3,60,120,2,1.11731843575419,0,60.0,61.0,0.6555555555555556,1.0,3,0.025,3.0
9DC38D04-E82E-4F29-AB52-B476535226F2,9DC38D04_s3,A7599A50-24AE-46A6-8EA6-2576F1011D81,sprt,"{""A"": 1, ""B"": 16, ""mu_gen"": 0.9344784015523249, ""sd_gen"": 0.0456543120178509, ""mu_imp"": 0.382670953846779, ""sd_imp"": 0.17814743270383632}",180,60,120,0.0,0.0,0,0,60,120,2,1.11731843575419,0,60.0,60.0,0.6666666666666666,0.0,0,0.0,0.0
9DC38D04-E82E-4F29-AB52-B476535226F2,9DC38D04_s4,4E98F91F-4654-42EF-B908-A3389443F2E7,instantaneous,"{""theta"": 0.6833629809890206}",180,60,120,0.0,0.0,0,0,60,120,2,1.11731843575419,0,60.0,60.0,0.6666666666666666,0.0,0,0.0,0.0
9DC38D04-E82E-4F29-AB52-B476535226F2,9DC38D04_s4,4E98F91F-4654-42EF-B908-A3389443F2E7,moving_average,"{""theta"": 0.6920954820498754, ""w"": 3}",180,60,120,0.0166666666666666,0.0166666666666666,1,2,60,120,2,1.11731843575419,0,60.0,61.0,0.6611111111111111,1.0,2,0.0166666666666666,2.0
9DC38D04-E82E-4F29-AB52-B476535226F2,9DC38D04_s4,4E98F91F-4654-42EF-B908-A3389443F2E7,ewma,"{""theta"": 0.6912888445010233, ""alpha"": 0.3}",180,60,120,0.0166666666666666,0.0333333333333333,1,4,60,120,2,1.11731843575419,0,60.0,61.0,0.65,1.0,4,0.0333333333333333,4.0
9DC38D04-E82E-4F29-AB52-B476535226F2,9DC38D04_s4,4E98F91F-4654-42EF-B908-A3389443F2E7,majority_vote,"{""theta"": 0.7082597646661648, ""w"": 3, ""k"": 2}",180,60,120,0.0166666666666666,0.0083333333333333,1,1,60,120,2,1.11731843575419,0,60.0,60.0,0.6666666666666666,1.0,1,0.0083333333333333,1.0
9DC38D04-E82E-4F29-AB52-B476535226F2,9DC38D04_s4,4E98F91F-4654-42EF-B908-A3389443F2E7,debounce,"{""theta"": 0.7022900915030841, ""n"": 2}",180,60,120,0.0166666666666666,0.0083333333333333,1,1,60,120,2,1.11731843575419,0,60.0,60.0,0.6666666666666666,1.0,1,0.0083333333333333,1.0
9DC38D04-E82E-4F29-AB52-B476535226F2,9DC38D04_s4,4E98F91F-4654-42EF-B908-A3389443F2E7,margin_dual_threshold,"{""theta"": 0.6833629809890206, ""margin"": 0.1}",180,60,120,0.0,0.0,0,0,60,120,2,1.11731843575419,0,60.0,60.0,0.6666666666666666,0.0,0,0.0,0.0
9DC38D04-E82E-4F29-AB52-B476535226F2,9DC38D04_s4,4E98F91F-4654-42EF-B908-A3389443F2E7,hysteresis,"{""theta"": 0.868999469690043, ""margin"": 0.05, ""ttt_frames"": 3}",180,60,120,0.0333333333333333,0.275,2,33,60,120,2,1.11731843575419,0,60.0,62.0,0.4944444444444444,2.0,33,0.275,33.0
9DC38D04-E82E-4F29-AB52-B476535226F2,9DC38D04_s4,4E98F91F-4654-42EF-B908-A3389443F2E7,trust_model,"{""theta"": 0.7511855665196709, ""gain"": 0.6, ""decay"": 0.2, ""tau_lo"": 0.4, ""tau_hi"": 0.6}",180,60,120,0.0166666666666666,0.0583333333333333,1,7,60,120,2,1.11731843575419,0,60.0,61.0,0.6333333333333333,1.0,7,0.0583333333333333,7.0
9DC38D04-E82E-4F29-AB52-B476535226F2,9DC38D04_s4,4E98F91F-4654-42EF-B908-A3389443F2E7,sprt,"{""A"": 1, ""B"": 16, ""mu_gen"": 0.9344784015523249, ""sd_gen"": 0.0456543120178509, ""mu_imp"": 0.382670953846779, ""sd_imp"": 0.17814743270383632}",180,60,120,0.0,0.0,0,0,60,120,2,1.11731843575419,0,60.0,60.0,0.6666666666666666,0.0,0,0.0,0.0
9DC38D04-E82E-4F29-AB52-B476535226F2,9DC38D04_s5,CF722AA9-2533-4E51-9FEB-9EAC84EE9AAC,instantaneous,"{""theta"": 0.6833629809890206}",180,60,120,0.85,0.0,51,0,60,120,8,4.46927374301676,7,20.0,2.0,0.95,0.0,0,0.0,0.0
9DC38D04-E82E-4F29-AB52-B476535226F2,9DC38D04_s5,CF722AA9-2533-4E51-9FEB-9EAC84EE9AAC,moving_average,"{""theta"": 0.6920954820498754, ""w"": 3}",180,60,120,0.85,0.0,51,0,60,120,4,2.23463687150838,3,36.0,6.0,0.95,1.0,0,0.0,0.0
9DC38D04-E82E-4F29-AB52-B476535226F2,9DC38D04_s5,CF722AA9-2533-4E51-9FEB-9EAC84EE9AAC,ewma,"{""theta"": 0.6912888445010233, ""alpha"": 0.3}",180,60,120,0.85,0.0,51,0,60,120,2,1.11731843575419,0,60.0,62.0,0.95,2.0,0,0.0,0.0
9DC38D04-E82E-4F29-AB52-B476535226F2,9DC38D04_s5,CF722AA9-2533-4E51-9FEB-9EAC84EE9AAC,majority_vote,"{""theta"": 0.7082597646661648, ""w"": 3, ""k"": 2}",180,60,120,0.8,0.0,48,0,60,120,4,2.23463687150838,2,36.0,42.0,0.9333333333333332,1.0,0,0.0,0.0
9DC38D04-E82E-4F29-AB52-B476535226F2,9DC38D04_s5,CF722AA9-2533-4E51-9FEB-9EAC84EE9AAC,debounce,"{""theta"": 0.7022900915030841, ""n"": 2}",180,60,120,0.8333333333333334,0.0,50,0,60,120,2,1.11731843575419,0,60.0,61.0,0.9444444444444444,1.0,0,0.0,0.0
9DC38D04-E82E-4F29-AB52-B476535226F2,9DC38D04_s5,CF722AA9-2533-4E51-9FEB-9EAC84EE9AAC,margin_dual_threshold,"{""theta"": 0.6833629809890206, ""margin"": 0.1}",180,60,120,0.8666666666666667,0.0,52,0,60,120,4,2.23463687150838,3,36.0,7.0,0.9555555555555556,0.0,0,0.0,0.0
9DC38D04-E82E-4F29-AB52-B476535226F2,9DC38D04_s5,CF722AA9-2533-4E51-9FEB-9EAC84EE9AAC,hysteresis,"{""theta"": 0.868999469690043, ""margin"": 0.05, ""ttt_frames"": 3}",180,60,120,0.0333333333333333,0.275,2,33,60,120,4,2.23463687150838,0,36.0,27.0,0.4944444444444444,2.0,33,0.275,6.0
9DC38D04-E82E-4F29-AB52-B476535226F2,9DC38D04_s5,CF722AA9-2533-4E51-9FEB-9EAC84EE9AAC,trust_model,"{""theta"": 0.7511855665196709, ""gain"": 0.6, ""decay"": 0.2, ""tau_lo"": 0.4, ""tau_hi"": 0.6}",180,60,120,0.7333333333333333,0.0,44,0,60,120,2,1.11731843575419,0,60.0,62.0,0.9111111111111112,2.0,0,0.0,0.0
9DC38D04-E82E-4F29-AB52-B476535226F2,9DC38D04_s5,CF722AA9-2533-4E51-9FEB-9EAC84EE9AAC,sprt,"{""A"": 1, ""B"": 16, ""mu_gen"": 0.9344784015523249, ""sd_gen"": 0.0456543120178509, ""mu_imp"": 0.382670953846779, ""sd_imp"": 0.17814743270383632}",180,60,120,0.0166666666666666,0.0,1,0,60,120,2,1.11731843575419,0,60.0,60.0,0.6722222222222223,0.0,0,0.0,0.0
A5CDF89D-02A2-4EC1-89F8-F534FDABDD96,A5CDF89D_s0,481F4DD2-7689-43B9-A2AA-C8772227162B,instantaneous,"{""theta"": 0.8590359650048227}",180,60,120,0.0,0.0,0,0,60,120,2,1.11731843575419,0,60.0,60.0,0.6666666666666666,0.0,0,0.0,0.0
A5CDF89D-02A2-4EC1-89F8-F534FDABDD96,A5CDF89D_s0,481F4DD2-7689-43B9-A2AA-C8772227162B,moving_average,"{""theta"": 0.8532319362390482, ""w"": 5}",180,60,120,0.0,0.0333333333333333,0,4,60,120,2,1.11731843575419,0,60.0,60.0,0.6444444444444445,0.0,4,0.0333333333333333,4.0
A5CDF89D-02A2-4EC1-89F8-F534FDABDD96,A5CDF89D_s0,481F4DD2-7689-43B9-A2AA-C8772227162B,ewma,"{""theta"": 0.8508321572823727, ""alpha"": 0.5}",180,60,120,0.0,0.0333333333333333,0,4,60,120,2,1.11731843575419,0,60.0,60.0,0.6444444444444445,0.0,4,0.0333333333333333,4.0
A5CDF89D-02A2-4EC1-89F8-F534FDABDD96,A5CDF89D_s0,481F4DD2-7689-43B9-A2AA-C8772227162B,majority_vote,"{""theta"": 0.8522802357125633, ""w"": 5, ""k"": 4}",180,60,120,0.0166666666666666,0.025,1,3,60,120,2,1.11731843575419,0,60.0,61.0,0.6555555555555556,1.0,3,0.025,3.0
A5CDF89D-02A2-4EC1-89F8-F534FDABDD96,A5CDF89D_s0,481F4DD2-7689-43B9-A2AA-C8772227162B,debounce,"{""theta"": 0.8662856482597863, ""n"": 2}",180,60,120,0.0166666666666666,0.0083333333333333,1,1,60,120,2,1.11731843575419,0,60.0,60.0,0.6666666666666666,1.0,1,0.0083333333333333,1.0
A5CDF89D-02A2-4EC1-89F8-F534FDABDD96,A5CDF89D_s0,481F4DD2-7689-43B9-A2AA-C8772227162B,margin_dual_threshold,"{""theta"": 0.8619033633751306, ""margin"": 0.2}",180,60,120,0.0,0.5,0,60,60,120,1,0.5586592178770949,0,90.0,90.0,0.3333333333333333,0.0,60,0.5,
A5CDF89D-02A2-4EC1-89F8-F534FDABDD96,A5CDF89D_s0,481F4DD2-7689-43B9-A2AA-C8772227162B,hysteresis,"{""theta"": 0.9063142535266459, ""margin"": 0.05, ""ttt_frames"": 3}",180,60,120,0.0333333333333333,0.1583333333333333,2,19,60,120,2,1.11731843575419,0,60.0,62.0,0.5722222222222222,2.0,19,0.1583333333333333,19.0
A5CDF89D-02A2-4EC1-89F8-F534FDABDD96,A5CDF89D_s0,481F4DD2-7689-43B9-A2AA-C8772227162B,trust_model,"{""theta"": 0.8640358522224902, ""gain"": 0.6, ""decay"": 0.2, ""tau_lo"": 0.4, ""tau_hi"": 0.6}",180,60,120,0.0,0.1,0,12,60,120,2,1.11731843575419,0,60.0,60.0,0.6,0.0,12,0.1,12.0
A5CDF89D-02A2-4EC1-89F8-F534FDABDD96,A5CDF89D_s0,481F4DD2-7689-43B9-A2AA-C8772227162B,sprt,"{""A"": 16, ""B"": 16, ""mu_gen"": 0.9496489681295717, ""sd_gen"": 0.0318483394591966, ""mu_imp"": 0.48088808342041095, ""sd_imp"": 0.2484505196286247}",180,60,120,0.0,0.05,0,6,60,120,2,1.11731843575419,0,60.0,60.0,0.6333333333333333,0.0,6,0.05,6.0
A5CDF89D-02A2-4EC1-89F8-F534FDABDD96,A5CDF89D_s1,806289BC-AD52-4CC1-806C-0CDB14D65EB6,instantaneous,"{""theta"": 0.8590359650048227}",180,60,120,0.0,0.0,0,0,60,120,2,1.11731843575419,0,60.0,60.0,0.6666666666666666,0.0,0,0.0,0.0
A5CDF89D-02A2-4EC1-89F8-F534FDABDD96,A5CDF89D_s1,806289BC-AD52-4CC1-806C-0CDB14D65EB6,moving_average,"{""theta"": 0.8532319362390482, ""w"": 5}",180,60,120,0.0,0.0333333333333333,0,4,60,120,2,1.11731843575419,0,60.0,60.0,0.6444444444444445,0.0,4,0.0333333333333333,4.0
A5CDF89D-02A2-4EC1-89F8-F534FDABDD96,A5CDF89D_s1,806289BC-AD52-4CC1-806C-0CDB14D65EB6,ewma,"{""theta"": 0.8508321572823727, ""alpha"": 0.5}",180,60,120,0.0,0.025,0,3,60,120,2,1.11731843575419,0,60.0,60.0,0.65,0.0,3,0.025,3.0
A5CDF89D-02A2-4EC1-89F8-F534FDABDD96,A5CDF89D_s1,806289BC-AD52-4CC1-806C-0CDB14D65EB6,majority_vote,"{""theta"": 0.8522802357125633, ""w"": 5, ""k"": 4}",180,60,120,0.0166666666666666,0.025,1,3,60,120,2,1.11731843575419,0,60.0,61.0,0.6555555555555556,1.0,3,0.025,3.0
A5CDF89D-02A2-4EC1-89F8-F534FDABDD96,A5CDF89D_s1,806289BC-AD52-4CC1-806C-0CDB14D65EB6,debounce,"{""theta"": 0.8662856482597863, ""n"": 2}",180,60,120,0.0166666666666666,0.0083333333333333,1,1,60,120,2,1.11731843575419,0,60.0,60.0,0.6666666666666666,1.0,1,0.0083333333333333,1.0
A5CDF89D-02A2-4EC1-89F8-F534FDABDD96,A5CDF89D_s1,806289BC-AD52-4CC1-806C-0CDB14D65EB6,margin_dual_threshold,"{""theta"": 0.8619033633751306, ""margin"": 0.2}",180,60,120,0.0,0.5,0,60,60,120,1,0.5586592178770949,0,90.0,90.0,0.3333333333333333,0.0,60,0.5,
A5CDF89D-02A2-4EC1-89F8-F534FDABDD96,A5CDF89D_s1,806289BC-AD52-4CC1-806C-0CDB14D65EB6,hysteresis,"{""theta"": 0.9063142535266459, ""margin"": 0.05, ""ttt_frames"": 3}",180,60,120,0.0333333333333333,0.5,2,60,60,120,1,0.5586592178770949,0,90.0,90.0,0.3444444444444444,2.0,60,0.5,
A5CDF89D-02A2-4EC1-89F8-F534FDABDD96,A5CDF89D_s1,806289BC-AD52-4CC1-806C-0CDB14D65EB6,trust_model,"{""theta"": 0.8640358522224902, ""gain"": 0.6, ""decay"": 0.2, ""tau_lo"": 0.4, ""tau_hi"": 0.6}",180,60,120,0.0,0.0916666666666666,0,11,60,120,2,1.11731843575419,0,60.0,60.0,0.6055555555555555,0.0,11,0.0916666666666666,11.0
A5CDF89D-02A2-4EC1-89F8-F534FDABDD96,A5CDF89D_s1,806289BC-AD52-4CC1-806C-0CDB14D65EB6,sprt,"{""A"": 16, ""B"": 16, ""mu_gen"": 0.9496489681295717, ""sd_gen"": 0.0318483394591966, ""mu_imp"": 0.48088808342041095, ""sd_imp"": 0.2484505196286247}",180,60,120,0.0,0.0416666666666666,0,5,60,120,2,1.11731843575419,0,60.0,60.0,0.6388888888888888,0.0,5,0.0416666666666666,5.0
A5CDF89D-02A2-4EC1-89F8-F534FDABDD96,A5CDF89D_s2,A7599A50-24AE-46A6-8EA6-2576F1011D81,instantaneous,"{""theta"": 0.8590359650048227}",180,60,120,0.0,0.0,0,0,60,120,2,1.11731843575419,0,60.0,60.0,0.6666666666666666,0.0,0,0.0,0.0
A5CDF89D-02A2-4EC1-89F8-F534FDABDD96,A5CDF89D_s2,A7599A50-24AE-46A6-8EA6-2576F1011D81,moving_average,"{""theta"": 0.8532319362390482, ""w"": 5}",180,60,120,0.0,0.0333333333333333,0,4,60,120,2,1.11731843575419,0,60.0,60.0,0.6444444444444445,0.0,4,0.0333333333333333,4.0
A5CDF89D-02A2-4EC1-89F8-F534FDABDD96,A5CDF89D_s2,A7599A50-24AE-46A6-8EA6-2576F1011D81,ewma,"{""theta"": 0.8508321572823727, ""alpha"": 0.5}",180,60,120,0.0,0.0333333333333333,0,4,60,120,2,1.11731843575419,0,60.0,60.0,0.6444444444444445,0.0,4,0.0333333333333333,4.0
A5CDF89D-02A2-4EC1-89F8-F534FDABDD96,A5CDF89D_s2,A7599A50-24AE-46A6-8EA6-2576F1011D81,majority_vote,"{""theta"": 0.8522802357125633, ""w"": 5, ""k"": 4}",180,60,120,0.0166666666666666,0.025,1,3,60,120,2,1.11731843575419,0,60.0,61.0,0.6555555555555556,1.0,3,0.025,3.0
A5CDF89D-02A2-4EC1-89F8-F534FDABDD96,A5CDF89D_s2,A7599A50-24AE-46A6-8EA6-2576F1011D81,debounce,"{""theta"": 0.8662856482597863, ""n"": 2}",180,60,120,0.0166666666666666,0.0083333333333333,1,1,60,120,2,1.11731843575419,0,60.0,60.0,0.6666666666666666,1.0,1,0.0083333333333333,1.0
A5CDF89D-02A2-4EC1-89F8-F534FDABDD96,A5CDF89D_s2,A7599A50-24AE-46A6-8EA6-2576F1011D81,margin_dual_threshold,"{""theta"": 0.8619033633751306, ""margin"": 0.2}",180,60,120,0.0,0.4583333333333333,0,55,60,120,2,1.11731843575419,0,60.0,60.0,0.3611111111111111,0.0,55,0.4583333333333333,55.0
A5CDF89D-02A2-4EC1-89F8-F534FDABDD96,A5CDF89D_s2,A7599A50-24AE-46A6-8EA6-2576F1011D81,hysteresis,"{""theta"": 0.9063142535266459, ""margin"": 0.05, ""ttt_frames"": 3}",180,60,120,0.0333333333333333,0.15,2,18,60,120,2,1.11731843575419,0,60.0,62.0,0.5777777777777777,2.0,18,0.15,18.0
A5CDF89D-02A2-4EC1-89F8-F534FDABDD96,A5CDF89D_s2,A7599A50-24AE-46A6-8EA6-2576F1011D81,trust_model,"{""theta"": 0.8640358522224902, ""gain"": 0.6, ""decay"": 0.2, ""tau_lo"": 0.4, ""tau_hi"": 0.6}",180,60,120,0.0,0.075,0,9,60,120,2,1.11731843575419,0,60.0,60.0,0.6166666666666667,0.0,9,0.075,9.0
A5CDF89D-02A2-4EC1-89F8-F534FDABDD96,A5CDF89D_s2,A7599A50-24AE-46A6-8EA6-2576F1011D81,sprt,"{""A"": 16, ""B"": 16, ""mu_gen"": 0.9496489681295717, ""sd_gen"": 0.0318483394591966, ""mu_imp"": 0.48088808342041095, ""sd_imp"": 0.2484505196286247}",180,60,120,0.0,0.05,0,6,60,120,2,1.11731843575419,0,60.0,60.0,0.6333333333333333,0.0,6,0.05,6.0
A5CDF89D-02A2-4EC1-89F8-F534FDABDD96,A5CDF89D_s3,61976C24-1C50-4355-9C49-AAE44A7D09F6,instantaneous,"{""theta"": 0.8590359650048227}",180,60,120,0.0333333333333333,0.0,2,0,60,120,6,3.35195530726257,4,25.714285714285715,6.0,0.6777777777777778,0.0,0,0.0,0.0
A5CDF89D-02A2-4EC1-89F8-F534FDABDD96,A5CDF89D_s3,61976C24-1C50-4355-9C49-AAE44A7D09F6,moving_average,"{""theta"": 0.8532319362390482, ""w"": 5}",180,60,120,0.05,0.0166666666666666,3,2,60,120,4,2.23463687150838,2,36.0,50.0,0.6722222222222223,1.0,2,0.0166666666666666,2.0
A5CDF89D-02A2-4EC1-89F8-F534FDABDD96,A5CDF89D_s3,61976C24-1C50-4355-9C49-AAE44A7D09F6,ewma,"{""theta"": 0.8508321572823727, ""alpha"": 0.5}",180,60,120,0.0333333333333333,0.0,2,0,60,120,4,2.23463687150838,2,36.0,48.0,0.6777777777777778,0.0,0,0.0,0.0
A5CDF89D-02A2-4EC1-89F8-F534FDABDD96,A5CDF89D_s3,61976C24-1C50-4355-9C49-AAE44A7D09F6,majority_vote,"{""theta"": 0.8522802357125633, ""w"": 5, ""k"": 4}",180,60,120,0.0166666666666666,0.025,1,3,60,120,2,1.11731843575419,0,60.0,61.0,0.6555555555555556,1.0,3,0.025,3.0
A5CDF89D-02A2-4EC1-89F8-F534FDABDD96,A5CDF89D_s3,61976C24-1C50-4355-9C49-AAE44A7D09F6,debounce,"{""theta"": 0.8662856482597863, ""n"": 2}",180,60,120,0.0166666666666666,0.0083333333333333,1,1,60,120,2,1.11731843575419,0,60.0,60.0,0.6666666666666666,1.0,1,0.0083333333333333,1.0
A5CDF89D-02A2-4EC1-89F8-F534FDABDD96,A5CDF89D_s3,61976C24-1C50-4355-9C49-AAE44A7D09F6,margin_dual_threshold,"{""theta"": 0.8619033633751306, ""margin"": 0.2}",180,60,120,0.0,0.5,0,60,60,120,1,0.5586592178770949,0,90.0,90.0,0.3333333333333333,0.0,60,0.5,
A5CDF89D-02A2-4EC1-89F8-F534FDABDD96,A5CDF89D_s3,61976C24-1C50-4355-9C49-AAE44A7D09F6,hysteresis,"{""theta"": 0.9063142535266459, ""margin"": 0.05, ""ttt_frames"": 3}",180,60,120,0.0333333333333333,0.5,2,60,60,120,1,0.5586592178770949,0,90.0,90.0,0.3444444444444444,2.0,60,0.5,
A5CDF89D-02A2-4EC1-89F8-F534FDABDD96,A5CDF89D_s3,61976C24-1C50-4355-9C49-AAE44A7D09F6,trust_model,"{""theta"": 0.8640358522224902, ""gain"": 0.6, ""decay"": 0.2, ""tau_lo"": 0.4, ""tau_hi"": 0.6}",180,60,120,0.0333333333333333,0.075,2,9,60,120,2,1.11731843575419,0,60.0,62.0,0.6277777777777778,2.0,9,0.075,9.0
A5CDF89D-02A2-4EC1-89F8-F534FDABDD96,A5CDF89D_s3,61976C24-1C50-4355-9C49-AAE44A7D09F6,sprt,"{""A"": 16, ""B"": 16, ""mu_gen"": 0.9496489681295717, ""sd_gen"": 0.0318483394591966, ""mu_imp"": 0.48088808342041095, ""sd_imp"": 0.2484505196286247}",180,60,120,0.0,0.075,0,9,60,120,2,1.11731843575419,0,60.0,60.0,0.6166666666666667,0.0,9,0.075,9.0
A5CDF89D-02A2-4EC1-89F8-F534FDABDD96,A5CDF89D_s4,33A85C34-CFE4-4732-9E73-0A7AC861B27A,instantaneous,"{""theta"": 0.8590359650048227}",180,60,120,0.0,0.0,0,0,60,120,2,1.11731843575419,0,60.0,60.0,0.6666666666666666,0.0,0,0.0,0.0
A5CDF89D-02A2-4EC1-89F8-F534FDABDD96,A5CDF89D_s4,33A85C34-CFE4-4732-9E73-0A7AC861B27A,moving_average,"{""theta"": 0.8532319362390482, ""w"": 5}",180,60,120,0.0,0.0333333333333333,0,4,60,120,2,1.11731843575419,0,60.0,60.0,0.6444444444444445,0.0,4,0.0333333333333333,4.0
A5CDF89D-02A2-4EC1-89F8-F534FDABDD96,A5CDF89D_s4,33A85C34-CFE4-4732-9E73-0A7AC861B27A,ewma,"{""theta"": 0.8508321572823727, ""alpha"": 0.5}",180,60,120,0.0,0.025,0,3,60,120,2,1.11731843575419,0,60.0,60.0,0.65,0.0,3,0.025,3.0
A5CDF89D-02A2-4EC1-89F8-F534FDABDD96,A5CDF89D_s4,33A85C34-CFE4-4732-9E73-0A7AC861B27A,majority_vote,"{""theta"": 0.8522802357125633, ""w"": 5, ""k"": 4}",180,60,120,0.0166666666666666,0.025,1,3,60,120,2,1.11731843575419,0,60.0,61.0,0.6555555555555556,1.0,3,0.025,3.0
A5CDF89D-02A2-4EC1-89F8-F534FDABDD96,A5CDF89D_s4,33A85C34-CFE4-4732-9E73-0A7AC861B27A,debounce,"{""theta"": 0.8662856482597863, ""n"": 2}",180,60,120,0.0166666666666666,0.0083333333333333,1,1,60,120,2,1.11731843575419,0,60.0,60.0,0.6666666666666666,1.0,1,0.0083333333333333,1.0
A5CDF89D-02A2-4EC1-89F8-F534FDABDD96,A5CDF89D_s4,33A85C34-CFE4-4732-9E73-0A7AC861B27A,margin_dual_threshold,"{""theta"": 0.8619033633751306, ""margin"": 0.2}",180,60,120,0.0,0.5,0,60,60,120,1,0.5586592178770949,0,90.0,90.0,0.3333333333333333,0.0,60,0.5,
A5CDF89D-02A2-4EC1-89F8-F534FDABDD96,A5CDF89D_s4,33A85C34-CFE4-4732-9E73-0A7AC861B27A,hysteresis,"{""theta"": 0.9063142535266459, ""margin"": 0.05, ""ttt_frames"": 3}",180,60,120,0.0333333333333333,0.4166666666666667,2,50,60,120,2,1.11731843575419,0,60.0,62.0,0.4,2.0,50,0.4166666666666667,50.0
A5CDF89D-02A2-4EC1-89F8-F534FDABDD96,A5CDF89D_s4,33A85C34-CFE4-4732-9E73-0A7AC861B27A,trust_model,"{""theta"": 0.8640358522224902, ""gain"": 0.6, ""decay"": 0.2, ""tau_lo"": 0.4, ""tau_hi"": 0.6}",180,60,120,0.0,0.125,0,15,60,120,2,1.11731843575419,0,60.0,60.0,0.5833333333333334,0.0,15,0.125,15.0
A5CDF89D-02A2-4EC1-89F8-F534FDABDD96,A5CDF89D_s4,33A85C34-CFE4-4732-9E73-0A7AC861B27A,sprt,"{""A"": 16, ""B"": 16, ""mu_gen"": 0.9496489681295717, ""sd_gen"": 0.0318483394591966, ""mu_imp"": 0.48088808342041095, ""sd_imp"": 0.2484505196286247}",180,60,120,0.0,0.075,0,9,60,120,2,1.11731843575419,0,60.0,60.0,0.6166666666666667,0.0,9,0.075,9.0
A5CDF89D-02A2-4EC1-89F8-F534FDABDD96,A5CDF89D_s5,00EABED2-271D-49D8-B599-1D4A09240601,instantaneous,"{""theta"": 0.8590359650048227}",180,60,120,0.0,0.0,0,0,60,120,2,1.11731843575419,0,60.0,60.0,0.6666666666666666,0.0,0,0.0,0.0
A5CDF89D-02A2-4EC1-89F8-F534FDABDD96,A5CDF89D_s5,00EABED2-271D-49D8-B599-1D4A09240601,moving_average,"{""theta"": 0.8532319362390482, ""w"": 5}",180,60,120,0.0,0.0333333333333333,0,4,60,120,2,1.11731843575419,0,60.0,60.0,0.6444444444444445,0.0,4,0.0333333333333333,4.0
A5CDF89D-02A2-4EC1-89F8-F534FDABDD96,A5CDF89D_s5,00EABED2-271D-49D8-B599-1D4A09240601,ewma,"{""theta"": 0.8508321572823727, ""alpha"": 0.5}",180,60,120,0.0,0.0166666666666666,0,2,60,120,2,1.11731843575419,0,60.0,60.0,0.6555555555555556,0.0,2,0.0166666666666666,2.0
A5CDF89D-02A2-4EC1-89F8-F534FDABDD96,A5CDF89D_s5,00EABED2-271D-49D8-B599-1D4A09240601,majority_vote,"{""theta"": 0.8522802357125633, ""w"": 5, ""k"": 4}",180,60,120,0.0166666666666666,0.025,1,3,60,120,2,1.11731843575419,0,60.0,61.0,0.6555555555555556,1.0,3,0.025,3.0
A5CDF89D-02A2-4EC1-89F8-F534FDABDD96,A5CDF89D_s5,00EABED2-271D-49D8-B599-1D4A09240601,debounce,"{""theta"": 0.8662856482597863, ""n"": 2}",180,60,120,0.0166666666666666,0.0083333333333333,1,1,60,120,2,1.11731843575419,0,60.0,60.0,0.6666666666666666,1.0,1,0.0083333333333333,1.0
A5CDF89D-02A2-4EC1-89F8-F534FDABDD96,A5CDF89D_s5,00EABED2-271D-49D8-B599-1D4A09240601,margin_dual_threshold,"{""theta"": 0.8619033633751306, ""margin"": 0.2}",180,60,120,0.0,0.5,0,60,60,120,1,0.5586592178770949,0,90.0,90.0,0.3333333333333333,0.0,60,0.5,
A5CDF89D-02A2-4EC1-89F8-F534FDABDD96,A5CDF89D_s5,00EABED2-271D-49D8-B599-1D4A09240601,hysteresis,"{""theta"": 0.9063142535266459, ""margin"": 0.05, ""ttt_frames"": 3}",180,60,120,0.0333333333333333,0.325,2,39,60,120,2,1.11731843575419,0,60.0,62.0,0.4611111111111111,2.0,39,0.325,39.0
A5CDF89D-02A2-4EC1-89F8-F534FDABDD96,A5CDF89D_s5,00EABED2-271D-49D8-B599-1D4A09240601,trust_model,"{""theta"": 0.8640358522224902, ""gain"": 0.6, ""decay"": 0.2, ""tau_lo"": 0.4, ""tau_hi"": 0.6}",180,60,120,0.0,0.0833333333333333,0,10,60,120,2,1.11731843575419,0,60.0,60.0,0.6111111111111112,0.0,10,0.0833333333333333,10.0
A5CDF89D-02A2-4EC1-89F8-F534FDABDD96,A5CDF89D_s5,00EABED2-271D-49D8-B599-1D4A09240601,sprt,"{""A"": 16, ""B"": 16, ""mu_gen"": 0.9496489681295717, ""sd_gen"": 0.0318483394591966, ""mu_imp"": 0.48088808342041095, ""sd_imp"": 0.2484505196286247}",180,60,120,0.0,0.0416666666666666,0,5,60,120,2,1.11731843575419,0,60.0,60.0,0.6388888888888888,0.0,5,0.0416666666666666,5.0
A76A5AF5-5A93-4CF2-A16E-62353BB70E8A,A76A5AF5_s0,A5CDF89D-02A2-4EC1-89F8-F534FDABDD96,instantaneous,"{""theta"": 0.8449199477122268}",180,60,120,0.0,0.5,0,60,60,120,1,0.5586592178770949,0,90.0,90.0,0.3333333333333333,0.0,60,0.5,
A76A5AF5-5A93-4CF2-A16E-62353BB70E8A,A76A5AF5_s0,A5CDF89D-02A2-4EC1-89F8-F534FDABDD96,moving_average,"{""theta"": 0.8411162109184291, ""w"": 3}",180,60,120,0.0,0.5,0,60,60,120,1,0.5586592178770949,0,90.0,90.0,0.3333333333333333,0.0,60,0.5,
A76A5AF5-5A93-4CF2-A16E-62353BB70E8A,A76A5AF5_s0,A5CDF89D-02A2-4EC1-89F8-F534FDABDD96,ewma,"{""theta"": 0.8390860148514852, ""alpha"": 0.5}",180,60,120,0.0,0.5,0,60,60,120,1,0.5586592178770949,0,90.0,90.0,0.3333333333333333,0.0,60,0.5,
A76A5AF5-5A93-4CF2-A16E-62353BB70E8A,A76A5AF5_s0,A5CDF89D-02A2-4EC1-89F8-F534FDABDD96,majority_vote,"{""theta"": 0.8918416412795126, ""w"": 10, ""k"": 6}",180,60,120,0.0666666666666666,0.5,4,60,60,120,1,0.5586592178770949,0,90.0,90.0,0.3555555555555555,4.0,60,0.5,
A76A5AF5-5A93-4CF2-A16E-62353BB70E8A,A76A5AF5_s0,A5CDF89D-02A2-4EC1-89F8-F534FDABDD96,debounce,"{""theta"": 0.8861216393754761, ""n"": 3}",180,60,120,0.0333333333333333,0.5,2,60,60,120,1,0.5586592178770949,0,90.0,90.0,0.3444444444444444,2.0,60,0.5,
A76A5AF5-5A93-4CF2-A16E-62353BB70E8A,A76A5AF5_s0,A5CDF89D-02A2-4EC1-89F8-F534FDABDD96,margin_dual_threshold,"{""theta"": 0.8178519421172886, ""margin"": 0.1}",180,60,120,0.0,0.5,0,60,60,120,1,0.5586592178770949,0,90.0,90.0,0.3333333333333333,0.0,60,0.5,
A76A5AF5-5A93-4CF2-A16E-62353BB70E8A,A76A5AF5_s0,A5CDF89D-02A2-4EC1-89F8-F534FDABDD96,hysteresis,"{""theta"": 0.9296840632140136, ""margin"": 0.05, ""ttt_frames"": 5}",180,60,120,0.0666666666666666,0.5,4,60,60,120,1,0.5586592178770949,0,90.0,90.0,0.3555555555555555,4.0,60,0.5,
A76A5AF5-5A93-4CF2-A16E-62353BB70E8A,A76A5AF5_s0,A5CDF89D-02A2-4EC1-89F8-F534FDABDD96,trust_model,"{""theta"": 0.9296840632140136, ""gain"": 0.3, ""decay"": 0.05, ""tau_lo"": 0.4, ""tau_hi"": 0.6}",180,60,120,0.05,0.5,3,60,60,120,1,0.5586592178770949,0,90.0,90.0,0.35,3.0,60,0.5,
A76A5AF5-5A93-4CF2-A16E-62353BB70E8A,A76A5AF5_s0,A5CDF89D-02A2-4EC1-89F8-F534FDABDD96,sprt,"{""A"": 4, ""B"": 4, ""mu_gen"": 0.9282044670813235, ""sd_gen"": 0.04041689625065701, ""mu_imp"": 0.4427067466362021, ""sd_imp"": 0.27588647462705884}",180,60,120,0.0,0.5,0,60,60,120,1,0.5586592178770949,0,90.0,90.0,0.3333333333333333,0.0,60,0.5,
A76A5AF5-5A93-4CF2-A16E-62353BB70E8A,A76A5AF5_s1,7CE37510-56D0-4120-A1CF-0E23351428D2,instantaneous,"{""theta"": 0.8449199477122268}",180,60,120,0.0,0.0,0,0,60,120,2,1.11731843575419,0,60.0,60.0,0.6666666666666666,0.0,0,0.0,0.0
A76A5AF5-5A93-4CF2-A16E-62353BB70E8A,A76A5AF5_s1,7CE37510-56D0-4120-A1CF-0E23351428D2,moving_average,"{""theta"": 0.8411162109184291, ""w"": 3}",180,60,120,0.0,0.0166666666666666,0,2,60,120,2,1.11731843575419,0,60.0,60.0,0.6555555555555556,0.0,2,0.0166666666666666,2.0
A76A5AF5-5A93-4CF2-A16E-62353BB70E8A,A76A5AF5_s1,7CE37510-56D0-4120-A1CF-0E23351428D2,ewma,"{""theta"": 0.8390860148514852, ""alpha"": 0.5}",180,60,120,0.0,0.0166666666666666,0,2,60,120,2,1.11731843575419,0,60.0,60.0,0.6555555555555556,0.0,2,0.0166666666666666,2.0
A76A5AF5-5A93-4CF2-A16E-62353BB70E8A,A76A5AF5_s1,7CE37510-56D0-4120-A1CF-0E23351428D2,majority_vote,"{""theta"": 0.8918416412795126, ""w"": 10, ""k"": 6}",180,60,120,0.0666666666666666,0.0416666666666666,4,5,60,120,2,1.11731843575419,0,60.0,61.0,0.6611111111111111,4.0,5,0.0416666666666666,5.0
A76A5AF5-5A93-4CF2-A16E-62353BB70E8A,A76A5AF5_s1,7CE37510-56D0-4120-A1CF-0E23351428D2,debounce,"{""theta"": 0.8861216393754761, ""n"": 3}",180,60,120,0.0333333333333333,0.0166666666666666,2,2,60,120,2,1.11731843575419,0,60.0,60.0,0.6666666666666666,2.0,2,0.0166666666666666,2.0
A76A5AF5-5A93-4CF2-A16E-62353BB70E8A,A76A5AF5_s1,7CE37510-56D0-4120-A1CF-0E23351428D2,margin_dual_threshold,"{""theta"": 0.8178519421172886, ""margin"": 0.1}",180,60,120,0.0,0.0,0,0,60,120,2,1.11731843575419,0,60.0,60.0,0.6666666666666666,0.0,0,0.0,0.0
A76A5AF5-5A93-4CF2-A16E-62353BB70E8A,A76A5AF5_s1,7CE37510-56D0-4120-A1CF-0E23351428D2,hysteresis,"{""theta"": 0.9296840632140136, ""margin"": 0.05, ""ttt_frames"": 5}",180,60,120,0.0666666666666666,0.075,4,9,60,120,2,1.11731843575419,0,60.0,64.0,0.6388888888888888,4.0,9,0.075,9.0
A76A5AF5-5A93-4CF2-A16E-62353BB70E8A,A76A5AF5_s1,7CE37510-56D0-4120-A1CF-0E23351428D2,trust_model,"{""theta"": 0.9296840632140136, ""gain"": 0.3, ""decay"": 0.05, ""tau_lo"": 0.4, ""tau_hi"": 0.6}",180,60,120,0.0166666666666666,0.2666666666666666,1,32,60,120,2,1.11731843575419,0,60.0,61.0,0.4944444444444444,1.0,32,0.2666666666666666,32.0
A76A5AF5-5A93-4CF2-A16E-62353BB70E8A,A76A5AF5_s1,7CE37510-56D0-4120-A1CF-0E23351428D2,sprt,"{""A"": 4, ""B"": 4, ""mu_gen"": 0.9282044670813235, ""sd_gen"": 0.04041689625065701, ""mu_imp"": 0.4427067466362021, ""sd_imp"": 0.27588647462705884}",180,60,120,0.0,0.0083333333333333,0,1,60,120,2,1.11731843575419,0,60.0,60.0,0.6611111111111111,0.0,1,0.0083333333333333,1.0
A76A5AF5-5A93-4CF2-A16E-62353BB70E8A,A76A5AF5_s2,4E98F91F-4654-42EF-B908-A3389443F2E7,instantaneous,"{""theta"": 0.8449199477122268}",180,60,120,0.0,0.0,0,0,60,120,2,1.11731843575419,0,60.0,60.0,0.6666666666666666,0.0,0,0.0,0.0
A76A5AF5-5A93-4CF2-A16E-62353BB70E8A,A76A5AF5_s2,4E98F91F-4654-42EF-B908-A3389443F2E7,moving_average,"{""theta"": 0.8411162109184291, ""w"": 3}",180,60,120,0.0,0.0166666666666666,0,2,60,120,2,1.11731843575419,0,60.0,60.0,0.6555555555555556,0.0,2,0.0166666666666666,2.0
A76A5AF5-5A93-4CF2-A16E-62353BB70E8A,A76A5AF5_s2,4E98F91F-4654-42EF-B908-A3389443F2E7,ewma,"{""theta"": 0.8390860148514852, ""alpha"": 0.5}",180,60,120,0.0,0.0166666666666666,0,2,60,120,2,1.11731843575419,0,60.0,60.0,0.6555555555555556,0.0,2,0.0166666666666666,2.0
A76A5AF5-5A93-4CF2-A16E-62353BB70E8A,A76A5AF5_s2,4E98F91F-4654-42EF-B908-A3389443F2E7,majority_vote,"{""theta"": 0.8918416412795126, ""w"": 10, ""k"": 6}",180,60,120,0.0666666666666666,0.0583333333333333,4,7,60,120,4,2.23463687150838,2,36.0,55.0,0.65,4.0,7,0.0583333333333333,5.0
A76A5AF5-5A93-4CF2-A16E-62353BB70E8A,A76A5AF5_s2,4E98F91F-4654-42EF-B908-A3389443F2E7,debounce,"{""theta"": 0.8861216393754761, ""n"": 3}",180,60,120,0.0333333333333333,0.0166666666666666,2,2,60,120,2,1.11731843575419,0,60.0,60.0,0.6666666666666666,2.0,2,0.0166666666666666,2.0
A76A5AF5-5A93-4CF2-A16E-62353BB70E8A,A76A5AF5_s2,4E98F91F-4654-42EF-B908-A3389443F2E7,margin_dual_threshold,"{""theta"": 0.8178519421172886, ""margin"": 0.1}",180,60,120,0.0,0.0,0,0,60,120,2,1.11731843575419,0,60.0,60.0,0.6666666666666666,0.0,0,0.0,0.0
A76A5AF5-5A93-4CF2-A16E-62353BB70E8A,A76A5AF5_s2,4E98F91F-4654-42EF-B908-A3389443F2E7,hysteresis,"{""theta"": 0.9296840632140136, ""margin"": 0.05, ""ttt_frames"": 5}",180,60,120,0.0666666666666666,0.125,4,15,60,120,2,1.11731843575419,0,60.0,64.0,0.6055555555555555,4.0,15,0.125,15.0
A76A5AF5-5A93-4CF2-A16E-62353BB70E8A,A76A5AF5_s2,4E98F91F-4654-42EF-B908-A3389443F2E7,trust_model,"{""theta"": 0.9296840632140136, ""gain"": 0.3, ""decay"": 0.05, ""tau_lo"": 0.4, ""tau_hi"": 0.6}",180,60,120,0.0333333333333333,0.3333333333333333,2,40,60,120,2,1.11731843575419,0,60.0,62.0,0.4555555555555555,2.0,40,0.3333333333333333,40.0
A76A5AF5-5A93-4CF2-A16E-62353BB70E8A,A76A5AF5_s2,4E98F91F-4654-42EF-B908-A3389443F2E7,sprt,"{""A"": 4, ""B"": 4, ""mu_gen"": 0.9282044670813235, ""sd_gen"": 0.04041689625065701, ""mu_imp"": 0.4427067466362021, ""sd_imp"": 0.27588647462705884}",180,60,120,0.0,0.0083333333333333,0,1,60,120,2,1.11731843575419,0,60.0,60.0,0.6611111111111111,0.0,1,0.0083333333333333,1.0
A76A5AF5-5A93-4CF2-A16E-62353BB70E8A,A76A5AF5_s3,CF722AA9-2533-4E51-9FEB-9EAC84EE9AAC,instantaneous,"{""theta"": 0.8449199477122268}",180,60,120,0.0,0.0,0,0,60,120,2,1.11731843575419,0,60.0,60.0,0.6666666666666666,0.0,0,0.0,0.0
A76A5AF5-5A93-4CF2-A16E-62353BB70E8A,A76A5AF5_s3,CF722AA9-2533-4E51-9FEB-9EAC84EE9AAC,moving_average,"{""theta"": 0.8411162109184291, ""w"": 3}",180,60,120,0.0,0.0166666666666666,0,2,60,120,2,1.11731843575419,0,60.0,60.0,0.6555555555555556,0.0,2,0.0166666666666666,2.0
A76A5AF5-5A93-4CF2-A16E-62353BB70E8A,A76A5AF5_s3,CF722AA9-2533-4E51-9FEB-9EAC84EE9AAC,ewma,"{""theta"": 0.8390860148514852, ""alpha"": 0.5}",180,60,120,0.0,0.0166666666666666,0,2,60,120,2,1.11731843575419,0,60.0,60.0,0.6555555555555556,0.0,2,0.0166666666666666,2.0
A76A5AF5-5A93-4CF2-A16E-62353BB70E8A,A76A5AF5_s3,CF722AA9-2533-4E51-9FEB-9EAC84EE9AAC,majority_vote,"{""theta"": 0.8918416412795126, ""w"": 10, ""k"": 6}",180,60,120,0.0666666666666666,0.0416666666666666,4,5,60,120,2,1.11731843575419,0,60.0,61.0,0.6611111111111111,4.0,5,0.0416666666666666,5.0
A76A5AF5-5A93-4CF2-A16E-62353BB70E8A,A76A5AF5_s3,CF722AA9-2533-4E51-9FEB-9EAC84EE9AAC,debounce,"{""theta"": 0.8861216393754761, ""n"": 3}",180,60,120,0.0333333333333333,0.0166666666666666,2,2,60,120,2,1.11731843575419,0,60.0,60.0,0.6666666666666666,2.0,2,0.0166666666666666,2.0
A76A5AF5-5A93-4CF2-A16E-62353BB70E8A,A76A5AF5_s3,CF722AA9-2533-4E51-9FEB-9EAC84EE9AAC,margin_dual_threshold,"{""theta"": 0.8178519421172886, ""margin"": 0.1}",180,60,120,0.0,0.0,0,0,60,120,2,1.11731843575419,0,60.0,60.0,0.6666666666666666,0.0,0,0.0,0.0
A76A5AF5-5A93-4CF2-A16E-62353BB70E8A,A76A5AF5_s3,CF722AA9-2533-4E51-9FEB-9EAC84EE9AAC,hysteresis,"{""theta"": 0.9296840632140136, ""margin"": 0.05, ""ttt_frames"": 5}",180,60,120,0.0666666666666666,0.0666666666666666,4,8,60,120,2,1.11731843575419,0,60.0,64.0,0.6444444444444445,4.0,8,0.0666666666666666,8.0
A76A5AF5-5A93-4CF2-A16E-62353BB70E8A,A76A5AF5_s3,CF722AA9-2533-4E51-9FEB-9EAC84EE9AAC,trust_model,"{""theta"": 0.9296840632140136, ""gain"": 0.3, ""decay"": 0.05, ""tau_lo"": 0.4, ""tau_hi"": 0.6}",180,60,120,0.0166666666666666,0.3166666666666666,1,38,60,120,2,1.11731843575419,0,60.0,61.0,0.4611111111111111,1.0,38,0.3166666666666666,38.0
A76A5AF5-5A93-4CF2-A16E-62353BB70E8A,A76A5AF5_s3,CF722AA9-2533-4E51-9FEB-9EAC84EE9AAC,sprt,"{""A"": 4, ""B"": 4, ""mu_gen"": 0.9282044670813235, ""sd_gen"": 0.04041689625065701, ""mu_imp"": 0.4427067466362021, ""sd_imp"": 0.27588647462705884}",180,60,120,0.0,0.0083333333333333,0,1,60,120,2,1.11731843575419,0,60.0,60.0,0.6611111111111111,0.0,1,0.0083333333333333,1.0
A76A5AF5-5A93-4CF2-A16E-62353BB70E8A,A76A5AF5_s4,ECECC2AB-D32F-4F90-B74C-E12A1C69BBE2,instantaneous,"{""theta"": 0.8449199477122268}",180,60,120,0.0,0.0,0,0,60,120,2,1.11731843575419,0,60.0,60.0,0.6666666666666666,0.0,0,0.0,0.0
A76A5AF5-5A93-4CF2-A16E-62353BB70E8A,A76A5AF5_s4,ECECC2AB-D32F-4F90-B74C-E12A1C69BBE2,moving_average,"{""theta"": 0.8411162109184291, ""w"": 3}",180,60,120,0.0,0.0166666666666666,0,2,60,120,2,1.11731843575419,0,60.0,60.0,0.6555555555555556,0.0,2,0.0166666666666666,2.0
A76A5AF5-5A93-4CF2-A16E-62353BB70E8A,A76A5AF5_s4,ECECC2AB-D32F-4F90-B74C-E12A1C69BBE2,ewma,"{""theta"": 0.8390860148514852, ""alpha"": 0.5}",180,60,120,0.0,0.025,0,3,60,120,2,1.11731843575419,0,60.0,60.0,0.65,0.0,3,0.025,3.0
A76A5AF5-5A93-4CF2-A16E-62353BB70E8A,A76A5AF5_s4,ECECC2AB-D32F-4F90-B74C-E12A1C69BBE2,majority_vote,"{""theta"": 0.8918416412795126, ""w"": 10, ""k"": 6}",180,60,120,0.0666666666666666,0.1333333333333333,4,16,60,120,4,2.23463687150838,0,36.0,47.0,0.6,4.0,16,0.1333333333333333,5.0
A76A5AF5-5A93-4CF2-A16E-62353BB70E8A,A76A5AF5_s4,ECECC2AB-D32F-4F90-B74C-E12A1C69BBE2,debounce,"{""theta"": 0.8861216393754761, ""n"": 3}",180,60,120,0.0333333333333333,0.075,2,9,60,120,4,2.23463687150838,0,36.0,48.0,0.6277777777777778,2.0,9,0.075,2.0
A76A5AF5-5A93-4CF2-A16E-62353BB70E8A,A76A5AF5_s4,ECECC2AB-D32F-4F90-B74C-E12A1C69BBE2,margin_dual_threshold,"{""theta"": 0.8178519421172886, ""margin"": 0.1}",180,60,120,0.0,0.0,0,0,60,120,2,1.11731843575419,0,60.0,60.0,0.6666666666666666,0.0,0,0.0,0.0
A76A5AF5-5A93-4CF2-A16E-62353BB70E8A,A76A5AF5_s4,ECECC2AB-D32F-4F90-B74C-E12A1C69BBE2,hysteresis,"{""theta"": 0.9296840632140136, ""margin"": 0.05, ""ttt_frames"": 5}",180,60,120,0.0666666666666666,0.175,4,21,60,120,4,2.23463687150838,0,36.0,41.0,0.5722222222222222,4.0,21,0.175,7.0
A76A5AF5-5A93-4CF2-A16E-62353BB70E8A,A76A5AF5_s4,ECECC2AB-D32F-4F90-B74C-E12A1C69BBE2,trust_model,"{""theta"": 0.9296840632140136, ""gain"": 0.3, ""decay"": 0.05, ""tau_lo"": 0.4, ""tau_hi"": 0.6}",180,60,120,0.0166666666666666,0.3333333333333333,1,40,60,120,2,1.11731843575419,0,60.0,61.0,0.45,1.0,40,0.3333333333333333,40.0
A76A5AF5-5A93-4CF2-A16E-62353BB70E8A,A76A5AF5_s4,ECECC2AB-D32F-4F90-B74C-E12A1C69BBE2,sprt,"{""A"": 4, ""B"": 4, ""mu_gen"": 0.9282044670813235, ""sd_gen"": 0.04041689625065701, ""mu_imp"": 0.4427067466362021, ""sd_imp"": 0.27588647462705884}",180,60,120,0.0,0.0083333333333333,0,1,60,120,2,1.11731843575419,0,60.0,60.0,0.6611111111111111,0.0,1,0.0083333333333333,1.0
A76A5AF5-5A93-4CF2-A16E-62353BB70E8A,A76A5AF5_s5,8023FE1A-D3B0-4E2C-A57A-9321B7FC755F,instantaneous,"{""theta"": 0.8449199477122268}",180,60,120,0.0,0.0,0,0,60,120,2,1.11731843575419,0,60.0,60.0,0.6666666666666666,0.0,0,0.0,0.0
A76A5AF5-5A93-4CF2-A16E-62353BB70E8A,A76A5AF5_s5,8023FE1A-D3B0-4E2C-A57A-9321B7FC755F,moving_average,"{""theta"": 0.8411162109184291, ""w"": 3}",180,60,120,0.0,0.0166666666666666,0,2,60,120,2,1.11731843575419,0,60.0,60.0,0.6555555555555556,0.0,2,0.0166666666666666,2.0
A76A5AF5-5A93-4CF2-A16E-62353BB70E8A,A76A5AF5_s5,8023FE1A-D3B0-4E2C-A57A-9321B7FC755F,ewma,"{""theta"": 0.8390860148514852, ""alpha"": 0.5}",180,60,120,0.0,0.0083333333333333,0,1,60,120,2,1.11731843575419,0,60.0,60.0,0.6611111111111111,0.0,1,0.0083333333333333,1.0
A76A5AF5-5A93-4CF2-A16E-62353BB70E8A,A76A5AF5_s5,8023FE1A-D3B0-4E2C-A57A-9321B7FC755F,majority_vote,"{""theta"": 0.8918416412795126, ""w"": 10, ""k"": 6}",180,60,120,0.0666666666666666,0.125,4,15,60,120,4,2.23463687150838,0,36.0,29.0,0.6055555555555555,4.0,15,0.125,5.0
A76A5AF5-5A93-4CF2-A16E-62353BB70E8A,A76A5AF5_s5,8023FE1A-D3B0-4E2C-A57A-9321B7FC755F,debounce,"{""theta"": 0.8861216393754761, ""n"": 3}",180,60,120,0.0333333333333333,0.075,2,9,60,120,4,2.23463687150838,0,36.0,32.0,0.6277777777777778,2.0,9,0.075,2.0
A76A5AF5-5A93-4CF2-A16E-62353BB70E8A,A76A5AF5_s5,8023FE1A-D3B0-4E2C-A57A-9321B7FC755F,margin_dual_threshold,"{""theta"": 0.8178519421172886, ""margin"": 0.1}",180,60,120,0.0,0.0,0,0,60,120,2,1.11731843575419,0,60.0,60.0,0.6666666666666666,0.0,0,0.0,0.0
A76A5AF5-5A93-4CF2-A16E-62353BB70E8A,A76A5AF5_s5,8023FE1A-D3B0-4E2C-A57A-9321B7FC755F,hysteresis,"{""theta"": 0.9296840632140136, ""margin"": 0.05, ""ttt_frames"": 5}",180,60,120,0.0666666666666666,0.3083333333333333,4,37,60,120,2,1.11731843575419,0,60.0,64.0,0.4833333333333333,4.0,37,0.3083333333333333,37.0
A76A5AF5-5A93-4CF2-A16E-62353BB70E8A,A76A5AF5_s5,8023FE1A-D3B0-4E2C-A57A-9321B7FC755F,trust_model,"{""theta"": 0.9296840632140136, ""gain"": 0.3, ""decay"": 0.05, ""tau_lo"": 0.4, ""tau_hi"": 0.6}",180,60,120,0.05,0.4666666666666667,3,56,60,120,2,1.11731843575419,0,60.0,63.0,0.3722222222222222,3.0,56,0.4666666666666667,56.0
A76A5AF5-5A93-4CF2-A16E-62353BB70E8A,A76A5AF5_s5,8023FE1A-D3B0-4E2C-A57A-9321B7FC755F,sprt,"{""A"": 4, ""B"": 4, ""mu_gen"": 0.9282044670813235, ""sd_gen"": 0.04041689625065701, ""mu_imp"": 0.4427067466362021, ""sd_imp"": 0.27588647462705884}",180,60,120,0.0,0.0083333333333333,0,1,60,120,2,1.11731843575419,0,60.0,60.0,0.6611111111111111,0.0,1,0.0083333333333333,1.0
B09E373F-8A54-44C8-895B-0039390B859F,B09E373F_s0,33A85C34-CFE4-4732-9E73-0A7AC861B27A,instantaneous,"{""theta"": 0.83033089879914}",180,60,120,0.0,0.0,0,0,60,120,2,1.11731843575419,0,60.0,60.0,0.6666666666666666,0.0,0,0.0,0.0
B09E373F-8A54-44C8-895B-0039390B859F,B09E373F_s0,33A85C34-CFE4-4732-9E73-0A7AC861B27A,moving_average,"{""theta"": 0.8265791790625233, ""w"": 3}",180,60,120,0.0166666666666666,0.0166666666666666,1,2,60,120,2,1.11731843575419,0,60.0,61.0,0.6611111111111111,1.0,2,0.0166666666666666,2.0
B09E373F-8A54-44C8-895B-0039390B859F,B09E373F_s0,33A85C34-CFE4-4732-9E73-0A7AC861B27A,ewma,"{""theta"": 0.8265791790625233, ""alpha"": 0.5}",180,60,120,0.0,0.0166666666666666,0,2,60,120,2,1.11731843575419,0,60.0,60.0,0.6555555555555556,0.0,2,0.0166666666666666,2.0
B09E373F-8A54-44C8-895B-0039390B859F,B09E373F_s0,33A85C34-CFE4-4732-9E73-0A7AC861B27A,majority_vote,"{""theta"": 0.8349176847555694, ""w"": 5, ""k"": 3}",180,60,120,0.0333333333333333,0.0166666666666666,2,2,60,120,2,1.11731843575419,0,60.0,60.0,0.6666666666666666,2.0,2,0.0166666666666666,2.0
B09E373F-8A54-44C8-895B-0039390B859F,B09E373F_s0,33A85C34-CFE4-4732-9E73-0A7AC861B27A,debounce,"{""theta"": 0.8363635852557467, ""n"": 3}",180,60,120,0.0333333333333333,0.0166666666666666,2,2,60,120,2,1.11731843575419,0,60.0,60.0,0.6666666666666666,2.0,2,0.0166666666666666,2.0
B09E373F-8A54-44C8-895B-0039390B859F,B09E373F_s0,33A85C34-CFE4-4732-9E73-0A7AC861B27A,margin_dual_threshold,"{""theta"": 0.8020763715065399, ""margin"": 0.1}",180,60,120,0.0,0.0,0,0,60,120,2,1.11731843575419,0,60.0,60.0,0.6666666666666666,0.0,0,0.0,0.0
B09E373F-8A54-44C8-895B-0039390B859F,B09E373F_s0,33A85C34-CFE4-4732-9E73-0A7AC861B27A,hysteresis,"{""theta"": 0.8630137574103699, ""margin"": 0.05, ""ttt_frames"": 3}",180,60,120,0.0333333333333333,0.5,2,60,60,120,1,0.5586592178770949,0,90.0,90.0,0.3444444444444444,2.0,60,0.5,
B09E373F-8A54-44C8-895B-0039390B859F,B09E373F_s0,33A85C34-CFE4-4732-9E73-0A7AC861B27A,trust_model,"{""theta"": 0.8908038392773124, ""gain"": 0.6, ""decay"": 0.05, ""tau_lo"": 0.4, ""tau_hi"": 0.6}",180,60,120,0.05,0.5,3,60,60,120,1,0.5586592178770949,0,90.0,90.0,0.35,3.0,60,0.5,
B09E373F-8A54-44C8-895B-0039390B859F,B09E373F_s0,33A85C34-CFE4-4732-9E73-0A7AC861B27A,sprt,"{""A"": 4, ""B"": 1, ""mu_gen"": 0.9228362242924207, ""sd_gen"": 0.04770322787863707, ""mu_imp"": 0.2878320943508673, ""sd_imp"": 0.25713054801954227}",180,60,120,0.0,0.0083333333333333,0,1,60,120,2,1.11731843575419,0,60.0,60.0,0.6611111111111111,0.0,1,0.0083333333333333,1.0
B09E373F-8A54-44C8-895B-0039390B859F,B09E373F_s1,F50235E0-DD67-4F2A-B00B-1F31ADA998B9,instantaneous,"{""theta"": 0.83033089879914}",180,60,120,0.0,0.0,0,0,60,120,2,1.11731843575419,0,60.0,60.0,0.6666666666666666,0.0,0,0.0,0.0
B09E373F-8A54-44C8-895B-0039390B859F,B09E373F_s1,F50235E0-DD67-4F2A-B00B-1F31ADA998B9,moving_average,"{""theta"": 0.8265791790625233, ""w"": 3}",180,60,120,0.0,0.0166666666666666,0,2,60,120,2,1.11731843575419,0,60.0,60.0,0.6555555555555556,0.0,2,0.0166666666666666,2.0
B09E373F-8A54-44C8-895B-0039390B859F,B09E373F_s1,F50235E0-DD67-4F2A-B00B-1F31ADA998B9,ewma,"{""theta"": 0.8265791790625233, ""alpha"": 0.5}",180,60,120,0.0,0.0166666666666666,0,2,60,120,2,1.11731843575419,0,60.0,60.0,0.6555555555555556,0.0,2,0.0166666666666666,2.0
B09E373F-8A54-44C8-895B-0039390B859F,B09E373F_s1,F50235E0-DD67-4F2A-B00B-1F31ADA998B9,majority_vote,"{""theta"": 0.8349176847555694, ""w"": 5, ""k"": 3}",180,60,120,0.0333333333333333,0.0166666666666666,2,2,60,120,2,1.11731843575419,0,60.0,60.0,0.6666666666666666,2.0,2,0.0166666666666666,2.0
B09E373F-8A54-44C8-895B-0039390B859F,B09E373F_s1,F50235E0-DD67-4F2A-B00B-1F31ADA998B9,debounce,"{""theta"": 0.8363635852557467, ""n"": 3}",180,60,120,0.0333333333333333,0.0166666666666666,2,2,60,120,2,1.11731843575419,0,60.0,60.0,0.6666666666666666,2.0,2,0.0166666666666666,2.0
B09E373F-8A54-44C8-895B-0039390B859F,B09E373F_s1,F50235E0-DD67-4F2A-B00B-1F31ADA998B9,margin_dual_threshold,"{""theta"": 0.8020763715065399, ""margin"": 0.1}",180,60,120,0.0,0.0,0,0,60,120,2,1.11731843575419,0,60.0,60.0,0.6666666666666666,0.0,0,0.0,0.0
B09E373F-8A54-44C8-895B-0039390B859F,B09E373F_s1,F50235E0-DD67-4F2A-B00B-1F31ADA998B9,hysteresis,"{""theta"": 0.8630137574103699, ""margin"": 0.05, ""ttt_frames"": 3}",180,60,120,0.0333333333333333,0.0166666666666666,2,2,60,120,2,1.11731843575419,0,60.0,60.0,0.6666666666666666,2.0,2,0.0166666666666666,2.0
B09E373F-8A54-44C8-895B-0039390B859F,B09E373F_s1,F50235E0-DD67-4F2A-B00B-1F31ADA998B9,trust_model,"{""theta"": 0.8908038392773124, ""gain"": 0.6, ""decay"": 0.05, ""tau_lo"": 0.4, ""tau_hi"": 0.6}",180,60,120,0.0166666666666666,0.1,1,12,60,120,2,1.11731843575419,0,60.0,61.0,0.6055555555555555,1.0,12,0.1,12.0
B09E373F-8A54-44C8-895B-0039390B859F,B09E373F_s1,F50235E0-DD67-4F2A-B00B-1F31ADA998B9,sprt,"{""A"": 4, ""B"": 1, ""mu_gen"": 0.9228362242924207, ""sd_gen"": 0.04770322787863707, ""mu_imp"": 0.2878320943508673, ""sd_imp"": 0.25713054801954227}",180,60,120,0.0,0.0,0,0,60,120,2,1.11731843575419,0,60.0,60.0,0.6666666666666666,0.0,0,0.0,0.0
B09E373F-8A54-44C8-895B-0039390B859F,B09E373F_s2,33A85C34-CFE4-4732-9E73-0A7AC861B27A,instantaneous,"{""theta"": 0.83033089879914}",180,60,120,0.0,0.0333333333333333,0,4,60,120,4,2.23463687150838,0,36.0,33.0,0.6444444444444445,0.0,4,0.0333333333333333,0.0
B09E373F-8A54-44C8-895B-0039390B859F,B09E373F_s2,33A85C34-CFE4-4732-9E73-0A7AC861B27A,moving_average,"{""theta"": 0.8265791790625233, ""w"": 3}",180,60,120,0.0,0.0666666666666666,0,8,60,120,4,2.23463687150838,0,36.0,31.0,0.6222222222222222,0.0,8,0.0666666666666666,2.0
B09E373F-8A54-44C8-895B-0039390B859F,B09E373F_s2,33A85C34-CFE4-4732-9E73-0A7AC861B27A,ewma,"{""theta"": 0.8265791790625233, ""alpha"": 0.5}",180,60,120,0.0,0.0583333333333333,0,7,60,120,4,2.23463687150838,0,36.0,32.0,0.6277777777777778,0.0,7,0.0583333333333333,2.0
B09E373F-8A54-44C8-895B-0039390B859F,B09E373F_s2,33A85C34-CFE4-4732-9E73-0A7AC861B27A,majority_vote,"{""theta"": 0.8349176847555694, ""w"": 5, ""k"": 3}",180,60,120,0.0333333333333333,0.05,2,6,60,120,4,2.23463687150838,0,36.0,31.0,0.6444444444444445,2.0,6,0.05,2.0
B09E373F-8A54-44C8-895B-0039390B859F,B09E373F_s2,33A85C34-CFE4-4732-9E73-0A7AC861B27A,debounce,"{""theta"": 0.8363635852557467, ""n"": 3}",180,60,120,0.0333333333333333,0.05,2,6,60,120,4,2.23463687150838,0,36.0,31.0,0.6444444444444445,2.0,6,0.05,2.0
B09E373F-8A54-44C8-895B-0039390B859F,B09E373F_s2,33A85C34-CFE4-4732-9E73-0A7AC861B27A,margin_dual_threshold,"{""theta"": 0.8020763715065399, ""margin"": 0.1}",180,60,120,0.0,0.0333333333333333,0,4,60,120,4,2.23463687150838,0,36.0,33.0,0.6444444444444445,0.0,4,0.0333333333333333,0.0
B09E373F-8A54-44C8-895B-0039390B859F,B09E373F_s2,33A85C34-CFE4-4732-9E73-0A7AC861B27A,hysteresis,"{""theta"": 0.8630137574103699, ""margin"": 0.05, ""ttt_frames"": 3}",180,60,120,0.0333333333333333,0.15,2,18,60,120,4,2.23463687150838,0,36.0,29.0,0.5777777777777777,2.0,18,0.15,12.0
B09E373F-8A54-44C8-895B-0039390B859F,B09E373F_s2,33A85C34-CFE4-4732-9E73-0A7AC861B27A,trust_model,"{""theta"": 0.8908038392773124, ""gain"": 0.6, ""decay"": 0.05, ""tau_lo"": 0.4, ""tau_hi"": 0.6}",180,60,120,0.0166666666666666,0.475,1,57,60,120,2,1.11731843575419,0,60.0,61.0,0.3555555555555555,1.0,57,0.475,57.0
B09E373F-8A54-44C8-895B-0039390B859F,B09E373F_s2,33A85C34-CFE4-4732-9E73-0A7AC861B27A,sprt,"{""A"": 4, ""B"": 1, ""mu_gen"": 0.9228362242924207, ""sd_gen"": 0.04770322787863707, ""mu_imp"": 0.2878320943508673, ""sd_imp"": 0.25713054801954227}",180,60,120,0.0,0.05,0,6,60,120,4,2.23463687150838,0,36.0,32.0,0.6333333333333333,0.0,6,0.05,1.0
B09E373F-8A54-44C8-895B-0039390B859F,B09E373F_s3,33A85C34-CFE4-4732-9E73-0A7AC861B27A,instantaneous,"{""theta"": 0.83033089879914}",180,60,120,0.0,0.0,0,0,60,120,2,1.11731843575419,0,60.0,60.0,0.6666666666666666,0.0,0,0.0,0.0
B09E373F-8A54-44C8-895B-0039390B859F,B09E373F_s3,33A85C34-CFE4-4732-9E73-0A7AC861B27A,moving_average,"{""theta"": 0.8265791790625233, ""w"": 3}",180,60,120,0.0,0.0166666666666666,0,2,60,120,2,1.11731843575419,0,60.0,60.0,0.6555555555555556,0.0,2,0.0166666666666666,2.0
B09E373F-8A54-44C8-895B-0039390B859F,B09E373F_s3,33A85C34-CFE4-4732-9E73-0A7AC861B27A,ewma,"{""theta"": 0.8265791790625233, ""alpha"": 0.5}",180,60,120,0.0,0.0166666666666666,0,2,60,120,2,1.11731843575419,0,60.0,60.0,0.6555555555555556,0.0,2,0.0166666666666666,2.0
B09E373F-8A54-44C8-895B-0039390B859F,B09E373F_s3,33A85C34-CFE4-4732-9E73-0A7AC861B27A,majority_vote,"{""theta"": 0.8349176847555694, ""w"": 5, ""k"": 3}",180,60,120,0.0333333333333333,0.0166666666666666,2,2,60,120,2,1.11731843575419,0,60.0,60.0,0.6666666666666666,2.0,2,0.0166666666666666,2.0
B09E373F-8A54-44C8-895B-0039390B859F,B09E373F_s3,33A85C34-CFE4-4732-9E73-0A7AC861B27A,debounce,"{""theta"": 0.8363635852557467, ""n"": 3}",180,60,120,0.0333333333333333,0.0166666666666666,2,2,60,120,2,1.11731843575419,0,60.0,60.0,0.6666666666666666,2.0,2,0.0166666666666666,2.0
B09E373F-8A54-44C8-895B-0039390B859F,B09E373F_s3,33A85C34-CFE4-4732-9E73-0A7AC861B27A,margin_dual_threshold,"{""theta"": 0.8020763715065399, ""margin"": 0.1}",180,60,120,0.0,0.0,0,0,60,120,2,1.11731843575419,0,60.0,60.0,0.6666666666666666,0.0,0,0.0,0.0
B09E373F-8A54-44C8-895B-0039390B859F,B09E373F_s3,33A85C34-CFE4-4732-9E73-0A7AC861B27A,hysteresis,"{""theta"": 0.8630137574103699, ""margin"": 0.05, ""ttt_frames"": 3}",180,60,120,0.0333333333333333,0.1166666666666666,2,14,60,120,2,1.11731843575419,0,60.0,62.0,0.6,2.0,14,0.1166666666666666,14.0
B09E373F-8A54-44C8-895B-0039390B859F,B09E373F_s3,33A85C34-CFE4-4732-9E73-0A7AC861B27A,trust_model,"{""theta"": 0.8908038392773124, ""gain"": 0.6, ""decay"": 0.05, ""tau_lo"": 0.4, ""tau_hi"": 0.6}",180,60,120,0.0,0.4416666666666666,0,53,60,120,2,1.11731843575419,0,60.0,39.0,0.3722222222222222,0.0,53,0.4416666666666666,21.0
B09E373F-8A54-44C8-895B-0039390B859F,B09E373F_s3,33A85C34-CFE4-4732-9E73-0A7AC861B27A,sprt,"{""A"": 4, ""B"": 1, ""mu_gen"": 0.9228362242924207, ""sd_gen"": 0.04770322787863707, ""mu_imp"": 0.2878320943508673, ""sd_imp"": 0.25713054801954227}",180,60,120,0.0,0.0083333333333333,0,1,60,120,2,1.11731843575419,0,60.0,60.0,0.6611111111111111,0.0,1,0.0083333333333333,1.0
B09E373F-8A54-44C8-895B-0039390B859F,B09E373F_s4,A5CDF89D-02A2-4EC1-89F8-F534FDABDD96,instantaneous,"{""theta"": 0.83033089879914}",180,60,120,0.0,0.025,0,3,60,120,4,2.23463687150838,2,36.0,53.0,0.65,0.0,3,0.025,0.0
B09E373F-8A54-44C8-895B-0039390B859F,B09E373F_s4,A5CDF89D-02A2-4EC1-89F8-F534FDABDD96,moving_average,"{""theta"": 0.8265791790625233, ""w"": 3}",180,60,120,0.0,0.0416666666666666,0,5,60,120,4,2.23463687150838,2,36.0,52.0,0.6388888888888888,0.0,5,0.0416666666666666,2.0
B09E373F-8A54-44C8-895B-0039390B859F,B09E373F_s4,A5CDF89D-02A2-4EC1-89F8-F534FDABDD96,ewma,"{""theta"": 0.8265791790625233, ""alpha"": 0.5}",180,60,120,0.0,0.0416666666666666,0,5,60,120,4,2.23463687150838,2,36.0,53.0,0.6388888888888888,0.0,5,0.0416666666666666,3.0
B09E373F-8A54-44C8-895B-0039390B859F,B09E373F_s4,A5CDF89D-02A2-4EC1-89F8-F534FDABDD96,majority_vote,"{""theta"": 0.8349176847555694, ""w"": 5, ""k"": 3}",180,60,120,0.0333333333333333,0.0416666666666666,2,5,60,120,4,2.23463687150838,2,36.0,53.0,0.65,2.0,5,0.0416666666666666,2.0
B09E373F-8A54-44C8-895B-0039390B859F,B09E373F_s4,A5CDF89D-02A2-4EC1-89F8-F534FDABDD96,debounce,"{""theta"": 0.8363635852557467, ""n"": 3}",180,60,120,0.0333333333333333,0.0416666666666666,2,5,60,120,4,2.23463687150838,2,36.0,53.0,0.65,2.0,5,0.0416666666666666,2.0
B09E373F-8A54-44C8-895B-0039390B859F,B09E373F_s4,A5CDF89D-02A2-4EC1-89F8-F534FDABDD96,margin_dual_threshold,"{""theta"": 0.8020763715065399, ""margin"": 0.1}",180,60,120,0.0,0.0,0,0,60,120,2,1.11731843575419,0,60.0,60.0,0.6666666666666666,0.0,0,0.0,0.0
B09E373F-8A54-44C8-895B-0039390B859F,B09E373F_s4,A5CDF89D-02A2-4EC1-89F8-F534FDABDD96,hysteresis,"{""theta"": 0.8630137574103699, ""margin"": 0.05, ""ttt_frames"": 3}",180,60,120,0.0333333333333333,0.2833333333333333,2,34,60,120,4,2.23463687150838,0,36.0,30.0,0.4888888888888889,2.0,34,0.2833333333333333,30.0
B09E373F-8A54-44C8-895B-0039390B859F,B09E373F_s4,A5CDF89D-02A2-4EC1-89F8-F534FDABDD96,trust_model,"{""theta"": 0.8908038392773124, ""gain"": 0.6, ""decay"": 0.05, ""tau_lo"": 0.4, ""tau_hi"": 0.6}",180,60,120,0.0333333333333333,0.3,2,36,60,120,2,1.11731843575419,0,60.0,62.0,0.4777777777777778,2.0,36,0.3,36.0
B09E373F-8A54-44C8-895B-0039390B859F,B09E373F_s4,A5CDF89D-02A2-4EC1-89F8-F534FDABDD96,sprt,"{""A"": 4, ""B"": 1, ""mu_gen"": 0.9228362242924207, ""sd_gen"": 0.04770322787863707, ""mu_imp"": 0.2878320943508673, ""sd_imp"": 0.25713054801954227}",180,60,120,0.0,0.0083333333333333,0,1,60,120,2,1.11731843575419,0,60.0,60.0,0.6611111111111111,0.0,1,0.0083333333333333,1.0
B09E373F-8A54-44C8-895B-0039390B859F,B09E373F_s5,11B5EC4D-4133-4289-B475-4E737182A406,instantaneous,"{""theta"": 0.83033089879914}",180,60,120,0.0,0.025,0,3,60,120,4,2.23463687150838,2,36.0,45.0,0.65,0.0,3,0.025,0.0
B09E373F-8A54-44C8-895B-0039390B859F,B09E373F_s5,11B5EC4D-4133-4289-B475-4E737182A406,moving_average,"{""theta"": 0.8265791790625233, ""w"": 3}",180,60,120,0.0,0.0416666666666666,0,5,60,120,4,2.23463687150838,2,36.0,44.0,0.6388888888888888,0.0,5,0.0416666666666666,2.0
B09E373F-8A54-44C8-895B-0039390B859F,B09E373F_s5,11B5EC4D-4133-4289-B475-4E737182A406,ewma,"{""theta"": 0.8265791790625233, ""alpha"": 0.5}",180,60,120,0.0,0.0333333333333333,0,4,60,120,4,2.23463687150838,2,36.0,45.0,0.6444444444444445,0.0,4,0.0333333333333333,2.0
B09E373F-8A54-44C8-895B-0039390B859F,B09E373F_s5,11B5EC4D-4133-4289-B475-4E737182A406,majority_vote,"{""theta"": 0.8349176847555694, ""w"": 5, ""k"": 3}",180,60,120,0.0333333333333333,0.0416666666666666,2,5,60,120,4,2.23463687150838,2,36.0,45.0,0.65,2.0,5,0.0416666666666666,2.0
B09E373F-8A54-44C8-895B-0039390B859F,B09E373F_s5,11B5EC4D-4133-4289-B475-4E737182A406,debounce,"{""theta"": 0.8363635852557467, ""n"": 3}",180,60,120,0.0333333333333333,0.0416666666666666,2,5,60,120,4,2.23463687150838,2,36.0,45.0,0.65,2.0,5,0.0416666666666666,2.0
B09E373F-8A54-44C8-895B-0039390B859F,B09E373F_s5,11B5EC4D-4133-4289-B475-4E737182A406,margin_dual_threshold,"{""theta"": 0.8020763715065399, ""margin"": 0.1}",180,60,120,0.0,0.0,0,0,60,120,2,1.11731843575419,0,60.0,60.0,0.6666666666666666,0.0,0,0.0,0.0
B09E373F-8A54-44C8-895B-0039390B859F,B09E373F_s5,11B5EC4D-4133-4289-B475-4E737182A406,hysteresis,"{""theta"": 0.8630137574103699, ""margin"": 0.05, ""ttt_frames"": 3}",180,60,120,0.0333333333333333,0.05,2,6,60,120,4,2.23463687150838,0,36.0,44.0,0.6444444444444445,2.0,6,0.05,2.0
B09E373F-8A54-44C8-895B-0039390B859F,B09E373F_s5,11B5EC4D-4133-4289-B475-4E737182A406,trust_model,"{""theta"": 0.8908038392773124, ""gain"": 0.6, ""decay"": 0.05, ""tau_lo"": 0.4, ""tau_hi"": 0.6}",180,60,120,0.0166666666666666,0.5,1,60,60,120,1,0.5586592178770949,0,90.0,90.0,0.3388888888888889,1.0,60,0.5,
B09E373F-8A54-44C8-895B-0039390B859F,B09E373F_s5,11B5EC4D-4133-4289-B475-4E737182A406,sprt,"{""A"": 4, ""B"": 1, ""mu_gen"": 0.9228362242924207, ""sd_gen"": 0.04770322787863707, ""mu_imp"": 0.2878320943508673, ""sd_imp"": 0.25713054801954227}",180,60,120,0.0,0.0,0,0,60,120,2,1.11731843575419,0,60.0,60.0,0.6666666666666666,0.0,0,0.0,0.0
B9724848-C7E2-45F4-9B3F-A1F38D864495,B9724848_s0,11B5EC4D-4133-4289-B475-4E737182A406,instantaneous,"{""theta"": 0.8199014946099031}",180,60,120,0.0166666666666666,0.0,1,0,60,120,4,2.23463687150838,2,36.0,35.0,0.6722222222222223,0.0,0,0.0,0.0
B9724848-C7E2-45F4-9B3F-A1F38D864495,B9724848_s0,11B5EC4D-4133-4289-B475-4E737182A406,moving_average,"{""theta"": 0.870417729216152, ""w"": 10}",180,60,120,0.0,0.2666666666666666,0,32,60,120,9,5.027932960893855,2,18.0,12.5,0.4888888888888889,0.0,32,0.2666666666666666,8.0
B9724848-C7E2-45F4-9B3F-A1F38D864495,B9724848_s0,11B5EC4D-4133-4289-B475-4E737182A406,ewma,"{""theta"": 0.8135496027772702, ""alpha"": 0.5}",180,60,120,0.0166666666666666,0.0083333333333333,1,1,60,120,2,1.11731843575419,0,60.0,60.0,0.6666666666666666,1.0,1,0.0083333333333333,1.0
B9724848-C7E2-45F4-9B3F-A1F38D864495,B9724848_s0,11B5EC4D-4133-4289-B475-4E737182A406,majority_vote,"{""theta"": 0.8459736159327609, ""w"": 3, ""k"": 2}",180,60,120,0.0166666666666666,0.0083333333333333,1,1,60,120,2,1.11731843575419,0,60.0,60.0,0.6666666666666666,1.0,1,0.0083333333333333,1.0
B9724848-C7E2-45F4-9B3F-A1F38D864495,B9724848_s0,11B5EC4D-4133-4289-B475-4E737182A406,debounce,"{""theta"": 0.8459736159327609, ""n"": 2}",180,60,120,0.0166666666666666,0.0083333333333333,1,1,60,120,2,1.11731843575419,0,60.0,60.0,0.6666666666666666,1.0,1,0.0083333333333333,1.0
B9724848-C7E2-45F4-9B3F-A1F38D864495,B9724848_s0,11B5EC4D-4133-4289-B475-4E737182A406,margin_dual_threshold,"{""theta"": 0.8201478889091905, ""margin"": 0.05}",180,60,120,0.0333333333333333,0.0,2,0,60,120,4,2.23463687150838,2,36.0,35.0,0.6777777777777778,1.0,0,0.0,0.0
B9724848-C7E2-45F4-9B3F-A1F38D864495,B9724848_s0,11B5EC4D-4133-4289-B475-4E737182A406,hysteresis,"{""theta"": 0.8215623738351909, ""margin"": 0.05, ""ttt_frames"": 2}",180,60,120,0.0166666666666666,0.0083333333333333,1,1,60,120,2,1.11731843575419,0,60.0,60.0,0.6666666666666666,1.0,1,0.0083333333333333,1.0
B9724848-C7E2-45F4-9B3F-A1F38D864495,B9724848_s0,11B5EC4D-4133-4289-B475-4E737182A406,trust_model,"{""theta"": 0.9134938147268409, ""gain"": 0.6, ""decay"": 0.05, ""tau_lo"": 0.4, ""tau_hi"": 0.6}",180,60,120,0.0,0.8416666666666667,0,101,60,120,1,0.5586592178770949,0,90.0,90.0,0.1055555555555555,0.0,101,0.8416666666666667,
B9724848-C7E2-45F4-9B3F-A1F38D864495,B9724848_s0,11B5EC4D-4133-4289-B475-4E737182A406,sprt,"{""A"": 16, ""B"": 16, ""mu_gen"": 0.9348401953021905, ""sd_gen"": 0.03970146104471033, ""mu_imp"": 0.4860134600158353, ""sd_imp"": 0.2282570299831422}",180,60,120,0.05,0.0333333333333333,3,4,60,120,2,1.11731843575419,0,60.0,61.0,0.6611111111111111,3.0,4,0.0333333333333333,4.0
B9724848-C7E2-45F4-9B3F-A1F38D864495,B9724848_s1,33A85C34-CFE4-4732-9E73-0A7AC861B27A,instantaneous,"{""theta"": 0.8199014946099031}",180,60,120,0.0,0.0,0,0,60,120,2,1.11731843575419,0,60.0,60.0,0.6666666666666666,0.0,0,0.0,0.0
B9724848-C7E2-45F4-9B3F-A1F38D864495,B9724848_s1,33A85C34-CFE4-4732-9E73-0A7AC861B27A,moving_average,"{""theta"": 0.870417729216152, ""w"": 10}",180,60,120,0.0,0.1,0,12,60,120,2,1.11731843575419,0,60.0,57.0,0.6,0.0,12,0.1,9.0
B9724848-C7E2-45F4-9B3F-A1F38D864495,B9724848_s1,33A85C34-CFE4-4732-9E73-0A7AC861B27A,ewma,"{""theta"": 0.8135496027772702, ""alpha"": 0.5}",180,60,120,0.0166666666666666,0.0083333333333333,1,1,60,120,2,1.11731843575419,0,60.0,60.0,0.6666666666666666,1.0,1,0.0083333333333333,1.0
B9724848-C7E2-45F4-9B3F-A1F38D864495,B9724848_s1,33A85C34-CFE4-4732-9E73-0A7AC861B27A,majority_vote,"{""theta"": 0.8459736159327609, ""w"": 3, ""k"": 2}",180,60,120,0.0166666666666666,0.0083333333333333,1,1,60,120,2,1.11731843575419,0,60.0,60.0,0.6666666666666666,1.0,1,0.0083333333333333,1.0
B9724848-C7E2-45F4-9B3F-A1F38D864495,B9724848_s1,33A85C34-CFE4-4732-9E73-0A7AC861B27A,debounce,"{""theta"": 0.8459736159327609, ""n"": 2}",180,60,120,0.0166666666666666,0.0083333333333333,1,1,60,120,2,1.11731843575419,0,60.0,60.0,0.6666666666666666,1.0,1,0.0083333333333333,1.0
B9724848-C7E2-45F4-9B3F-A1F38D864495,B9724848_s1,33A85C34-CFE4-4732-9E73-0A7AC861B27A,margin_dual_threshold,"{""theta"": 0.8201478889091905, ""margin"": 0.05}",180,60,120,0.0,0.0,0,0,60,120,2,1.11731843575419,0,60.0,60.0,0.6666666666666666,0.0,0,0.0,0.0
B9724848-C7E2-45F4-9B3F-A1F38D864495,B9724848_s1,33A85C34-CFE4-4732-9E73-0A7AC861B27A,hysteresis,"{""theta"": 0.8215623738351909, ""margin"": 0.05, ""ttt_frames"": 2}",180,60,120,0.0166666666666666,0.0083333333333333,1,1,60,120,2,1.11731843575419,0,60.0,60.0,0.6666666666666666,1.0,1,0.0083333333333333,1.0
B9724848-C7E2-45F4-9B3F-A1F38D864495,B9724848_s1,33A85C34-CFE4-4732-9E73-0A7AC861B27A,trust_model,"{""theta"": 0.9134938147268409, ""gain"": 0.6, ""decay"": 0.05, ""tau_lo"": 0.4, ""tau_hi"": 0.6}",180,60,120,0.0,0.5333333333333333,0,64,60,120,2,1.11731843575419,0,60.0,53.0,0.3111111111111111,0.0,64,0.5333333333333333,57.0
B9724848-C7E2-45F4-9B3F-A1F38D864495,B9724848_s1,33A85C34-CFE4-4732-9E73-0A7AC861B27A,sprt,"{""A"": 16, ""B"": 16, ""mu_gen"": 0.9348401953021905, ""sd_gen"": 0.03970146104471033, ""mu_imp"": 0.4860134600158353, ""sd_imp"": 0.2282570299831422}",180,60,120,0.0666666666666666,0.0666666666666666,4,8,60,120,2,1.11731843575419,0,60.0,64.0,0.6444444444444445,4.0,8,0.0666666666666666,8.0
B9724848-C7E2-45F4-9B3F-A1F38D864495,B9724848_s2,098A72A5-E3E5-4F54-A152-BBDA0DF7B694,instantaneous,"{""theta"": 0.8199014946099031}",180,60,120,0.0,0.0,0,0,60,120,2,1.11731843575419,0,60.0,60.0,0.6666666666666666,0.0,0,0.0,0.0
B9724848-C7E2-45F4-9B3F-A1F38D864495,B9724848_s2,098A72A5-E3E5-4F54-A152-BBDA0DF7B694,moving_average,"{""theta"": 0.870417729216152, ""w"": 10}",180,60,120,0.0,0.075,0,9,60,120,2,1.11731843575419,0,60.0,60.0,0.6166666666666667,0.0,9,0.075,9.0
B9724848-C7E2-45F4-9B3F-A1F38D864495,B9724848_s2,098A72A5-E3E5-4F54-A152-BBDA0DF7B694,ewma,"{""theta"": 0.8135496027772702, ""alpha"": 0.5}",180,60,120,0.0,0.025,0,3,60,120,2,1.11731843575419,0,60.0,60.0,0.65,0.0,3,0.025,3.0
B9724848-C7E2-45F4-9B3F-A1F38D864495,B9724848_s2,098A72A5-E3E5-4F54-A152-BBDA0DF7B694,majority_vote,"{""theta"": 0.8459736159327609, ""w"": 3, ""k"": 2}",180,60,120,0.0166666666666666,0.0083333333333333,1,1,60,120,2,1.11731843575419,0,60.0,60.0,0.6666666666666666,1.0,1,0.0083333333333333,1.0
B9724848-C7E2-45F4-9B3F-A1F38D864495,B9724848_s2,098A72A5-E3E5-4F54-A152-BBDA0DF7B694,debounce,"{""theta"": 0.8459736159327609, ""n"": 2}",180,60,120,0.0166666666666666,0.0083333333333333,1,1,60,120,2,1.11731843575419,0,60.0,60.0,0.6666666666666666,1.0,1,0.0083333333333333,1.0
B9724848-C7E2-45F4-9B3F-A1F38D864495,B9724848_s2,098A72A5-E3E5-4F54-A152-BBDA0DF7B694,margin_dual_threshold,"{""theta"": 0.8201478889091905, ""margin"": 0.05}",180,60,120,0.0,0.0,0,0,60,120,2,1.11731843575419,0,60.0,60.0,0.6666666666666666,0.0,0,0.0,0.0
B9724848-C7E2-45F4-9B3F-A1F38D864495,B9724848_s2,098A72A5-E3E5-4F54-A152-BBDA0DF7B694,hysteresis,"{""theta"": 0.8215623738351909, ""margin"": 0.05, ""ttt_frames"": 2}",180,60,120,0.0166666666666666,0.0083333333333333,1,1,60,120,2,1.11731843575419,0,60.0,60.0,0.6666666666666666,1.0,1,0.0083333333333333,1.0
B9724848-C7E2-45F4-9B3F-A1F38D864495,B9724848_s2,098A72A5-E3E5-4F54-A152-BBDA0DF7B694,trust_model,"{""theta"": 0.9134938147268409, ""gain"": 0.6, ""decay"": 0.05, ""tau_lo"": 0.4, ""tau_hi"": 0.6}",180,60,120,0.0,0.5,0,60,60,120,1,0.5586592178770949,0,90.0,90.0,0.3333333333333333,0.0,60,0.5,
B9724848-C7E2-45F4-9B3F-A1F38D864495,B9724848_s2,098A72A5-E3E5-4F54-A152-BBDA0DF7B694,sprt,"{""A"": 16, ""B"": 16, ""mu_gen"": 0.9348401953021905, ""sd_gen"": 0.03970146104471033, ""mu_imp"": 0.4860134600158353, ""sd_imp"": 0.2282570299831422}",180,60,120,0.0,0.0666666666666666,0,8,60,120,2,1.11731843575419,0,60.0,60.0,0.6222222222222222,0.0,8,0.0666666666666666,8.0
B9724848-C7E2-45F4-9B3F-A1F38D864495,B9724848_s3,4E98F91F-4654-42EF-B908-A3389443F2E7,instantaneous,"{""theta"": 0.8199014946099031}",180,60,120,0.0,0.0,0,0,60,120,2,1.11731843575419,0,60.0,60.0,0.6666666666666666,0.0,0,0.0,0.0
B9724848-C7E2-45F4-9B3F-A1F38D864495,B9724848_s3,4E98F91F-4654-42EF-B908-A3389443F2E7,moving_average,"{""theta"": 0.870417729216152, ""w"": 10}",180,60,120,0.0166666666666666,0.725,1,87,60,120,6,3.35195530726257,2,25.714285714285715,6.0,0.1888888888888888,1.0,87,0.725,
B9724848-C7E2-45F4-9B3F-A1F38D864495,B9724848_s3,4E98F91F-4654-42EF-B908-A3389443F2E7,ewma,"{""theta"": 0.8135496027772702, ""alpha"": 0.5}",180,60,120,0.0,0.025,0,3,60,120,2,1.11731843575419,0,60.0,60.0,0.65,0.0,3,0.025,3.0
B9724848-C7E2-45F4-9B3F-A1F38D864495,B9724848_s3,4E98F91F-4654-42EF-B908-A3389443F2E7,majority_vote,"{""theta"": 0.8459736159327609, ""w"": 3, ""k"": 2}",180,60,120,0.0166666666666666,0.0083333333333333,1,1,60,120,2,1.11731843575419,0,60.0,60.0,0.6666666666666666,1.0,1,0.0083333333333333,1.0
B9724848-C7E2-45F4-9B3F-A1F38D864495,B9724848_s3,4E98F91F-4654-42EF-B908-A3389443F2E7,debounce,"{""theta"": 0.8459736159327609, ""n"": 2}",180,60,120,0.0166666666666666,0.0083333333333333,1,1,60,120,2,1.11731843575419,0,60.0,60.0,0.6666666666666666,1.0,1,0.0083333333333333,1.0
B9724848-C7E2-45F4-9B3F-A1F38D864495,B9724848_s3,4E98F91F-4654-42EF-B908-A3389443F2E7,margin_dual_threshold,"{""theta"": 0.8201478889091905, ""margin"": 0.05}",180,60,120,0.0,0.0,0,0,60,120,2,1.11731843575419,0,60.0,60.0,0.6666666666666666,0.0,0,0.0,0.0
B9724848-C7E2-45F4-9B3F-A1F38D864495,B9724848_s3,4E98F91F-4654-42EF-B908-A3389443F2E7,hysteresis,"{""theta"": 0.8215623738351909, ""margin"": 0.05, ""ttt_frames"": 2}",180,60,120,0.0166666666666666,0.0083333333333333,1,1,60,120,2,1.11731843575419,0,60.0,60.0,0.6666666666666666,1.0,1,0.0083333333333333,1.0
B9724848-C7E2-45F4-9B3F-A1F38D864495,B9724848_s3,4E98F91F-4654-42EF-B908-A3389443F2E7,trust_model,"{""theta"": 0.9134938147268409, ""gain"": 0.6, ""decay"": 0.05, ""tau_lo"": 0.4, ""tau_hi"": 0.6}",180,60,120,0.0,0.8583333333333333,0,103,60,120,1,0.5586592178770949,0,90.0,90.0,0.0944444444444444,0.0,103,0.8583333333333333,
B9724848-C7E2-45F4-9B3F-A1F38D864495,B9724848_s3,4E98F91F-4654-42EF-B908-A3389443F2E7,sprt,"{""A"": 16, ""B"": 16, ""mu_gen"": 0.9348401953021905, ""sd_gen"": 0.03970146104471033, ""mu_imp"": 0.4860134600158353, ""sd_imp"": 0.2282570299831422}",180,60,120,0.0,0.1166666666666666,0,14,60,120,2,1.11731843575419,0,60.0,60.0,0.5888888888888889,0.0,14,0.1166666666666666,14.0
B9724848-C7E2-45F4-9B3F-A1F38D864495,B9724848_s4,78A91A4E-4A51-4065-BDA7-94755F0BB3BB,instantaneous,"{""theta"": 0.8199014946099031}",180,60,120,0.0,0.0,0,0,60,120,2,1.11731843575419,0,60.0,60.0,0.6666666666666666,0.0,0,0.0,0.0
B9724848-C7E2-45F4-9B3F-A1F38D864495,B9724848_s4,78A91A4E-4A51-4065-BDA7-94755F0BB3BB,moving_average,"{""theta"": 0.870417729216152, ""w"": 10}",180,60,120,0.0,0.575,0,69,60,120,1,0.5586592178770949,0,90.0,90.0,0.2833333333333333,0.0,69,0.575,9.0
B9724848-C7E2-45F4-9B3F-A1F38D864495,B9724848_s4,78A91A4E-4A51-4065-BDA7-94755F0BB3BB,ewma,"{""theta"": 0.8135496027772702, ""alpha"": 0.5}",180,60,120,0.0,0.025,0,3,60,120,2,1.11731843575419,0,60.0,60.0,0.65,0.0,3,0.025,3.0
B9724848-C7E2-45F4-9B3F-A1F38D864495,B9724848_s4,78A91A4E-4A51-4065-BDA7-94755F0BB3BB,majority_vote,"{""theta"": 0.8459736159327609, ""w"": 3, ""k"": 2}",180,60,120,0.0166666666666666,0.0083333333333333,1,1,60,120,2,1.11731843575419,0,60.0,60.0,0.6666666666666666,1.0,1,0.0083333333333333,1.0
B9724848-C7E2-45F4-9B3F-A1F38D864495,B9724848_s4,78A91A4E-4A51-4065-BDA7-94755F0BB3BB,debounce,"{""theta"": 0.8459736159327609, ""n"": 2}",180,60,120,0.0166666666666666,0.0083333333333333,1,1,60,120,2,1.11731843575419,0,60.0,60.0,0.6666666666666666,1.0,1,0.0083333333333333,1.0
B9724848-C7E2-45F4-9B3F-A1F38D864495,B9724848_s4,78A91A4E-4A51-4065-BDA7-94755F0BB3BB,margin_dual_threshold,"{""theta"": 0.8201478889091905, ""margin"": 0.05}",180,60,120,0.0,0.0,0,0,60,120,2,1.11731843575419,0,60.0,60.0,0.6666666666666666,0.0,0,0.0,0.0
B9724848-C7E2-45F4-9B3F-A1F38D864495,B9724848_s4,78A91A4E-4A51-4065-BDA7-94755F0BB3BB,hysteresis,"{""theta"": 0.8215623738351909, ""margin"": 0.05, ""ttt_frames"": 2}",180,60,120,0.0166666666666666,0.0083333333333333,1,1,60,120,2,1.11731843575419,0,60.0,60.0,0.6666666666666666,1.0,1,0.0083333333333333,1.0
B9724848-C7E2-45F4-9B3F-A1F38D864495,B9724848_s4,78A91A4E-4A51-4065-BDA7-94755F0BB3BB,trust_model,"{""theta"": 0.9134938147268409, ""gain"": 0.6, ""decay"": 0.05, ""tau_lo"": 0.4, ""tau_hi"": 0.6}",180,60,120,0.0,0.6916666666666667,0,83,60,120,2,1.11731843575419,0,60.0,24.0,0.2055555555555555,0.0,83,0.6916666666666667,36.0
B9724848-C7E2-45F4-9B3F-A1F38D864495,B9724848_s4,78A91A4E-4A51-4065-BDA7-94755F0BB3BB,sprt,"{""A"": 16, ""B"": 16, ""mu_gen"": 0.9348401953021905, ""sd_gen"": 0.03970146104471033, ""mu_imp"": 0.4860134600158353, ""sd_imp"": 0.2282570299831422}",180,60,120,0.0,0.05,0,6,60,120,2,1.11731843575419,0,60.0,60.0,0.6333333333333333,0.0,6,0.05,6.0
B9724848-C7E2-45F4-9B3F-A1F38D864495,B9724848_s5,0BFC35E2-4817-4865-BFA7-764742302A2D,instantaneous,"{""theta"": 0.8199014946099031}",180,60,120,0.0,0.0,0,0,60,120,2,1.11731843575419,0,60.0,60.0,0.6666666666666666,0.0,0,0.0,0.0
B9724848-C7E2-45F4-9B3F-A1F38D864495,B9724848_s5,0BFC35E2-4817-4865-BFA7-764742302A2D,moving_average,"{""theta"": 0.870417729216152, ""w"": 10}",180,60,120,0.0,0.0916666666666666,0,11,60,120,2,1.11731843575419,0,60.0,60.0,0.6055555555555555,0.0,11,0.0916666666666666,11.0
B9724848-C7E2-45F4-9B3F-A1F38D864495,B9724848_s5,0BFC35E2-4817-4865-BFA7-764742302A2D,ewma,"{""theta"": 0.8135496027772702, ""alpha"": 0.5}",180,60,120,0.0,0.025,0,3,60,120,2,1.11731843575419,0,60.0,60.0,0.65,0.0,3,0.025,3.0
B9724848-C7E2-45F4-9B3F-A1F38D864495,B9724848_s5,0BFC35E2-4817-4865-BFA7-764742302A2D,majority_vote,"{""theta"": 0.8459736159327609, ""w"": 3, ""k"": 2}",180,60,120,0.0166666666666666,0.0083333333333333,1,1,60,120,2,1.11731843575419,0,60.0,60.0,0.6666666666666666,1.0,1,0.0083333333333333,1.0
B9724848-C7E2-45F4-9B3F-A1F38D864495,B9724848_s5,0BFC35E2-4817-4865-BFA7-764742302A2D,debounce,"{""theta"": 0.8459736159327609, ""n"": 2}",180,60,120,0.0166666666666666,0.0083333333333333,1,1,60,120,2,1.11731843575419,0,60.0,60.0,0.6666666666666666,1.0,1,0.0083333333333333,1.0
B9724848-C7E2-45F4-9B3F-A1F38D864495,B9724848_s5,0BFC35E2-4817-4865-BFA7-764742302A2D,margin_dual_threshold,"{""theta"": 0.8201478889091905, ""margin"": 0.05}",180,60,120,0.0,0.0,0,0,60,120,2,1.11731843575419,0,60.0,60.0,0.6666666666666666,0.0,0,0.0,0.0
B9724848-C7E2-45F4-9B3F-A1F38D864495,B9724848_s5,0BFC35E2-4817-4865-BFA7-764742302A2D,hysteresis,"{""theta"": 0.8215623738351909, ""margin"": 0.05, ""ttt_frames"": 2}",180,60,120,0.0166666666666666,0.0083333333333333,1,1,60,120,2,1.11731843575419,0,60.0,60.0,0.6666666666666666,1.0,1,0.0083333333333333,1.0
B9724848-C7E2-45F4-9B3F-A1F38D864495,B9724848_s5,0BFC35E2-4817-4865-BFA7-764742302A2D,trust_model,"{""theta"": 0.9134938147268409, ""gain"": 0.6, ""decay"": 0.05, ""tau_lo"": 0.4, ""tau_hi"": 0.6}",180,60,120,0.0,0.5,0,60,60,120,1,0.5586592178770949,0,90.0,90.0,0.3333333333333333,0.0,60,0.5,
B9724848-C7E2-45F4-9B3F-A1F38D864495,B9724848_s5,0BFC35E2-4817-4865-BFA7-764742302A2D,sprt,"{""A"": 16, ""B"": 16, ""mu_gen"": 0.9348401953021905, ""sd_gen"": 0.03970146104471033, ""mu_imp"": 0.4860134600158353, ""sd_imp"": 0.2282570299831422}",180,60,120,0.0,0.0833333333333333,0,10,60,120,2,1.11731843575419,0,60.0,60.0,0.6111111111111112,0.0,10,0.0833333333333333,10.0
BE3CA5A6-A561-4BBD-B7C9-5DF6805400FC,BE3CA5A6_s0,A5CDF89D-02A2-4EC1-89F8-F534FDABDD96,instantaneous,"{""theta"": 0.8058684183945861}",180,60,120,0.4166666666666667,0.0,25,0,60,120,26,14.525139664804469,24,6.666666666666667,2.0,0.8055555555555556,15.0,0,0.0,0.0
BE3CA5A6-A561-4BBD-B7C9-5DF6805400FC,BE3CA5A6_s0,A5CDF89D-02A2-4EC1-89F8-F534FDABDD96,moving_average,"{""theta"": 0.7921218561967015, ""w"": 3}",180,60,120,0.6833333333333333,0.0083333333333333,41,1,60,120,8,4.46927374301676,7,20.0,5.0,0.8888888888888888,17.0,1,0.0083333333333333,1.0
BE3CA5A6-A561-4BBD-B7C9-5DF6805400FC,BE3CA5A6_s0,A5CDF89D-02A2-4EC1-89F8-F534FDABDD96,ewma,"{""theta"": 0.807172975195879, ""alpha"": 0.1}",180,60,120,0.6,0.05,36,6,60,120,2,1.11731843575419,0,60.0,54.0,0.8333333333333334,36.0,6,0.05,6.0
BE3CA5A6-A561-4BBD-B7C9-5DF6805400FC,BE3CA5A6_s0,A5CDF89D-02A2-4EC1-89F8-F534FDABDD96,majority_vote,"{""theta"": 0.8058684183945861, ""w"": 3, ""k"": 2}",180,60,120,0.4333333333333333,0.0083333333333333,26,1,60,120,16,8.938547486033519,13,10.588235294117649,3.0,0.8055555555555556,2.0,1,0.0083333333333333,1.0
BE3CA5A6-A561-4BBD-B7C9-5DF6805400FC,BE3CA5A6_s0,A5CDF89D-02A2-4EC1-89F8-F534FDABDD96,debounce,"{""theta"": 0.8045755926871853, ""n"": 3}",180,60,120,0.5666666666666667,0.0166666666666666,34,2,60,120,4,2.23463687150838,0,36.0,24.0,0.8444444444444444,17.0,2,0.0166666666666666,2.0
BE3CA5A6-A561-4BBD-B7C9-5DF6805400FC,BE3CA5A6_s0,A5CDF89D-02A2-4EC1-89F8-F534FDABDD96,margin_dual_threshold,"{""theta"": 0.7734327518289251, ""margin"": 0.1}",180,60,120,0.8,0.0,48,0,60,120,2,1.11731843575419,0,60.0,60.0,0.9333333333333332,48.0,0,0.0,0.0
BE3CA5A6-A561-4BBD-B7C9-5DF6805400FC,BE3CA5A6_s0,A5CDF89D-02A2-4EC1-89F8-F534FDABDD96,hysteresis,"{""theta"": 0.781887075595573, ""margin"": 0.05, ""ttt_frames"": 2}",180,60,120,0.8166666666666667,0.0083333333333333,49,1,60,120,2,1.11731843575419,0,60.0,59.0,0.9333333333333332,49.0,1,0.0083333333333333,1.0
BE3CA5A6-A561-4BBD-B7C9-5DF6805400FC,BE3CA5A6_s0,A5CDF89D-02A2-4EC1-89F8-F534FDABDD96,trust_model,"{""theta"": 0.8073931453183845, ""gain"": 0.3, ""decay"": 0.2, ""tau_lo"": 0.4, ""tau_hi"": 0.6}",180,60,120,0.8166666666666667,0.05,49,6,60,120,2,1.11731843575419,0,60.0,54.0,0.9055555555555556,49.0,6,0.05,6.0
BE3CA5A6-A561-4BBD-B7C9-5DF6805400FC,BE3CA5A6_s0,A5CDF89D-02A2-4EC1-89F8-F534FDABDD96,sprt,"{""A"": 16, ""B"": 16, ""mu_gen"": 0.918297067467017, ""sd_gen"": 0.04395432343943981, ""mu_imp"": 0.4661505554513433, ""sd_imp"": 0.22723150208551413}",180,60,120,0.3,0.0333333333333333,18,4,60,120,2,1.11731843575419,0,60.0,56.0,0.7444444444444445,18.0,4,0.0333333333333333,4.0
BE3CA5A6-A561-4BBD-B7C9-5DF6805400FC,BE3CA5A6_s1,A7599A50-24AE-46A6-8EA6-2576F1011D81,instantaneous,"{""theta"": 0.8058684183945861}",180,60,120,0.0,0.0,0,0,60,120,2,1.11731843575419,0,60.0,60.0,0.6666666666666666,0.0,0,0.0,0.0
BE3CA5A6-A561-4BBD-B7C9-5DF6805400FC,BE3CA5A6_s1,A7599A50-24AE-46A6-8EA6-2576F1011D81,moving_average,"{""theta"": 0.7921218561967015, ""w"": 3}",180,60,120,0.0,0.0166666666666666,0,2,60,120,2,1.11731843575419,0,60.0,60.0,0.6555555555555556,0.0,2,0.0166666666666666,2.0
BE3CA5A6-A561-4BBD-B7C9-5DF6805400FC,BE3CA5A6_s1,A7599A50-24AE-46A6-8EA6-2576F1011D81,ewma,"{""theta"": 0.807172975195879, ""alpha"": 0.1}",180,60,120,0.0166666666666666,0.225,1,27,60,120,2,1.11731843575419,0,60.0,61.0,0.5222222222222223,1.0,27,0.225,27.0
BE3CA5A6-A561-4BBD-B7C9-5DF6805400FC,BE3CA5A6_s1,A7599A50-24AE-46A6-8EA6-2576F1011D81,majority_vote,"{""theta"": 0.8058684183945861, ""w"": 3, ""k"": 2}",180,60,120,0.0166666666666666,0.0083333333333333,1,1,60,120,2,1.11731843575419,0,60.0,60.0,0.6666666666666666,1.0,1,0.0083333333333333,1.0
BE3CA5A6-A561-4BBD-B7C9-5DF6805400FC,BE3CA5A6_s1,A7599A50-24AE-46A6-8EA6-2576F1011D81,debounce,"{""theta"": 0.8045755926871853, ""n"": 3}",180,60,120,0.0333333333333333,0.0166666666666666,2,2,60,120,2,1.11731843575419,0,60.0,60.0,0.6666666666666666,2.0,2,0.0166666666666666,2.0
BE3CA5A6-A561-4BBD-B7C9-5DF6805400FC,BE3CA5A6_s1,A7599A50-24AE-46A6-8EA6-2576F1011D81,margin_dual_threshold,"{""theta"": 0.7734327518289251, ""margin"": 0.1}",180,60,120,0.0,0.0,0,0,60,120,2,1.11731843575419,0,60.0,60.0,0.6666666666666666,0.0,0,0.0,0.0
BE3CA5A6-A561-4BBD-B7C9-5DF6805400FC,BE3CA5A6_s1,A7599A50-24AE-46A6-8EA6-2576F1011D81,hysteresis,"{""theta"": 0.781887075595573, ""margin"": 0.05, ""ttt_frames"": 2}",180,60,120,0.0166666666666666,0.0083333333333333,1,1,60,120,2,1.11731843575419,0,60.0,60.0,0.6666666666666666,1.0,1,0.0083333333333333,1.0
BE3CA5A6-A561-4BBD-B7C9-5DF6805400FC,BE3CA5A6_s1,A7599A50-24AE-46A6-8EA6-2576F1011D81,trust_model,"{""theta"": 0.8073931453183845, ""gain"": 0.3, ""decay"": 0.2, ""tau_lo"": 0.4, ""tau_hi"": 0.6}",180,60,120,0.0166666666666666,0.5,1,60,60,120,1,0.5586592178770949,0,90.0,90.0,0.3388888888888889,1.0,60,0.5,
BE3CA5A6-A561-4BBD-B7C9-5DF6805400FC,BE3CA5A6_s1,A7599A50-24AE-46A6-8EA6-2576F1011D81,sprt,"{""A"": 16, ""B"": 16, ""mu_gen"": 0.918297067467017, ""sd_gen"": 0.04395432343943981, ""mu_imp"": 0.4661505554513433, ""sd_imp"": 0.22723150208551413}",180,60,120,0.0,0.0666666666666666,0,8,60,120,2,1.11731843575419,0,60.0,60.0,0.6222222222222222,0.0,8,0.0666666666666666,8.0
BE3CA5A6-A561-4BBD-B7C9-5DF6805400FC,BE3CA5A6_s2,33A85C34-CFE4-4732-9E73-0A7AC861B27A,instantaneous,"{""theta"": 0.8058684183945861}",180,60,120,0.0,0.0,0,0,60,120,2,1.11731843575419,0,60.0,60.0,0.6666666666666666,0.0,0,0.0,0.0
BE3CA5A6-A561-4BBD-B7C9-5DF6805400FC,BE3CA5A6_s2,33A85C34-CFE4-4732-9E73-0A7AC861B27A,moving_average,"{""theta"": 0.7921218561967015, ""w"": 3}",180,60,120,0.0,0.0166666666666666,0,2,60,120,2,1.11731843575419,0,60.0,60.0,0.6555555555555556,0.0,2,0.0166666666666666,2.0
BE3CA5A6-A561-4BBD-B7C9-5DF6805400FC,BE3CA5A6_s2,33A85C34-CFE4-4732-9E73-0A7AC861B27A,ewma,"{""theta"": 0.807172975195879, ""alpha"": 0.1}",180,60,120,0.0166666666666666,0.1666666666666666,1,20,60,120,2,1.11731843575419,0,60.0,61.0,0.5611111111111111,1.0,20,0.1666666666666666,20.0
BE3CA5A6-A561-4BBD-B7C9-5DF6805400FC,BE3CA5A6_s2,33A85C34-CFE4-4732-9E73-0A7AC861B27A,majority_vote,"{""theta"": 0.8058684183945861, ""w"": 3, ""k"": 2}",180,60,120,0.0166666666666666,0.0083333333333333,1,1,60,120,2,1.11731843575419,0,60.0,60.0,0.6666666666666666,1.0,1,0.0083333333333333,1.0
BE3CA5A6-A561-4BBD-B7C9-5DF6805400FC,BE3CA5A6_s2,33A85C34-CFE4-4732-9E73-0A7AC861B27A,debounce,"{""theta"": 0.8045755926871853, ""n"": 3}",180,60,120,0.0333333333333333,0.0166666666666666,2,2,60,120,2,1.11731843575419,0,60.0,60.0,0.6666666666666666,2.0,2,0.0166666666666666,2.0
BE3CA5A6-A561-4BBD-B7C9-5DF6805400FC,BE3CA5A6_s2,33A85C34-CFE4-4732-9E73-0A7AC861B27A,margin_dual_threshold,"{""theta"": 0.7734327518289251, ""margin"": 0.1}",180,60,120,0.0,0.0,0,0,60,120,2,1.11731843575419,0,60.0,60.0,0.6666666666666666,0.0,0,0.0,0.0
BE3CA5A6-A561-4BBD-B7C9-5DF6805400FC,BE3CA5A6_s2,33A85C34-CFE4-4732-9E73-0A7AC861B27A,hysteresis,"{""theta"": 0.781887075595573, ""margin"": 0.05, ""ttt_frames"": 2}",180,60,120,0.0166666666666666,0.0083333333333333,1,1,60,120,2,1.11731843575419,0,60.0,60.0,0.6666666666666666,1.0,1,0.0083333333333333,1.0
BE3CA5A6-A561-4BBD-B7C9-5DF6805400FC,BE3CA5A6_s2,33A85C34-CFE4-4732-9E73-0A7AC861B27A,trust_model,"{""theta"": 0.8073931453183845, ""gain"": 0.3, ""decay"": 0.2, ""tau_lo"": 0.4, ""tau_hi"": 0.6}",180,60,120,0.0166666666666666,0.125,1,15,60,120,2,1.11731843575419,0,60.0,61.0,0.5888888888888889,1.0,15,0.125,15.0
BE3CA5A6-A561-4BBD-B7C9-5DF6805400FC,BE3CA5A6_s2,33A85C34-CFE4-4732-9E73-0A7AC861B27A,sprt,"{""A"": 16, ""B"": 16, ""mu_gen"": 0.918297067467017, ""sd_gen"": 0.04395432343943981, ""mu_imp"": 0.4661505554513433, ""sd_imp"": 0.22723150208551413}",180,60,120,0.0,0.0416666666666666,0,5,60,120,2,1.11731843575419,0,60.0,60.0,0.6388888888888888,0.0,5,0.0416666666666666,5.0
BE3CA5A6-A561-4BBD-B7C9-5DF6805400FC,BE3CA5A6_s3,33A85C34-CFE4-4732-9E73-0A7AC861B27A,instantaneous,"{""theta"": 0.8058684183945861}",180,60,120,0.0,0.0,0,0,60,120,2,1.11731843575419,0,60.0,60.0,0.6666666666666666,0.0,0,0.0,0.0
BE3CA5A6-A561-4BBD-B7C9-5DF6805400FC,BE3CA5A6_s3,33A85C34-CFE4-4732-9E73-0A7AC861B27A,moving_average,"{""theta"": 0.7921218561967015, ""w"": 3}",180,60,120,0.0,0.0166666666666666,0,2,60,120,2,1.11731843575419,0,60.0,60.0,0.6555555555555556,0.0,2,0.0166666666666666,2.0
BE3CA5A6-A561-4BBD-B7C9-5DF6805400FC,BE3CA5A6_s3,33A85C34-CFE4-4732-9E73-0A7AC861B27A,ewma,"{""theta"": 0.807172975195879, ""alpha"": 0.1}",180,60,120,0.0166666666666666,0.1416666666666666,1,17,60,120,2,1.11731843575419,0,60.0,61.0,0.5777777777777777,1.0,17,0.1416666666666666,17.0
BE3CA5A6-A561-4BBD-B7C9-5DF6805400FC,BE3CA5A6_s3,33A85C34-CFE4-4732-9E73-0A7AC861B27A,majority_vote,"{""theta"": 0.8058684183945861, ""w"": 3, ""k"": 2}",180,60,120,0.0166666666666666,0.0083333333333333,1,1,60,120,2,1.11731843575419,0,60.0,60.0,0.6666666666666666,1.0,1,0.0083333333333333,1.0
BE3CA5A6-A561-4BBD-B7C9-5DF6805400FC,BE3CA5A6_s3,33A85C34-CFE4-4732-9E73-0A7AC861B27A,debounce,"{""theta"": 0.8045755926871853, ""n"": 3}",180,60,120,0.0333333333333333,0.0166666666666666,2,2,60,120,2,1.11731843575419,0,60.0,60.0,0.6666666666666666,2.0,2,0.0166666666666666,2.0
BE3CA5A6-A561-4BBD-B7C9-5DF6805400FC,BE3CA5A6_s3,33A85C34-CFE4-4732-9E73-0A7AC861B27A,margin_dual_threshold,"{""theta"": 0.7734327518289251, ""margin"": 0.1}",180,60,120,0.0,0.0,0,0,60,120,2,1.11731843575419,0,60.0,60.0,0.6666666666666666,0.0,0,0.0,0.0
BE3CA5A6-A561-4BBD-B7C9-5DF6805400FC,BE3CA5A6_s3,33A85C34-CFE4-4732-9E73-0A7AC861B27A,hysteresis,"{""theta"": 0.781887075595573, ""margin"": 0.05, ""ttt_frames"": 2}",180,60,120,0.0166666666666666,0.0083333333333333,1,1,60,120,2,1.11731843575419,0,60.0,60.0,0.6666666666666666,1.0,1,0.0083333333333333,1.0
BE3CA5A6-A561-4BBD-B7C9-5DF6805400FC,BE3CA5A6_s3,33A85C34-CFE4-4732-9E73-0A7AC861B27A,trust_model,"{""theta"": 0.8073931453183845, ""gain"": 0.3, ""decay"": 0.2, ""tau_lo"": 0.4, ""tau_hi"": 0.6}",180,60,120,0.0166666666666666,0.0666666666666666,1,8,60,120,2,1.11731843575419,0,60.0,61.0,0.6277777777777778,1.0,8,0.0666666666666666,8.0
BE3CA5A6-A561-4BBD-B7C9-5DF6805400FC,BE3CA5A6_s3,33A85C34-CFE4-4732-9E73-0A7AC861B27A,sprt,"{""A"": 16, ""B"": 16, ""mu_gen"": 0.918297067467017, ""sd_gen"": 0.04395432343943981, ""mu_imp"": 0.4661505554513433, ""sd_imp"": 0.22723150208551413}",180,60,120,0.0,0.0333333333333333,0,4,60,120,2,1.11731843575419,0,60.0,60.0,0.6444444444444445,0.0,4,0.0333333333333333,4.0
BE3CA5A6-A561-4BBD-B7C9-5DF6805400FC,BE3CA5A6_s4,CF722AA9-2533-4E51-9FEB-9EAC84EE9AAC,instantaneous,"{""theta"": 0.8058684183945861}",180,60,120,0.0,0.0,0,0,60,120,2,1.11731843575419,0,60.0,60.0,0.6666666666666666,0.0,0,0.0,0.0
BE3CA5A6-A561-4BBD-B7C9-5DF6805400FC,BE3CA5A6_s4,CF722AA9-2533-4E51-9FEB-9EAC84EE9AAC,moving_average,"{""theta"": 0.7921218561967015, ""w"": 3}",180,60,120,0.0,0.0083333333333333,0,1,60,120,2,1.11731843575419,0,60.0,60.0,0.6611111111111111,0.0,1,0.0083333333333333,1.0
BE3CA5A6-A561-4BBD-B7C9-5DF6805400FC,BE3CA5A6_s4,CF722AA9-2533-4E51-9FEB-9EAC84EE9AAC,ewma,"{""theta"": 0.807172975195879, ""alpha"": 0.1}",180,60,120,0.0166666666666666,0.0666666666666666,1,8,60,120,2,1.11731843575419,0,60.0,61.0,0.6277777777777778,1.0,8,0.0666666666666666,8.0
BE3CA5A6-A561-4BBD-B7C9-5DF6805400FC,BE3CA5A6_s4,CF722AA9-2533-4E51-9FEB-9EAC84EE9AAC,majority_vote,"{""theta"": 0.8058684183945861, ""w"": 3, ""k"": 2}",180,60,120,0.0166666666666666,0.0083333333333333,1,1,60,120,2,1.11731843575419,0,60.0,60.0,0.6666666666666666,1.0,1,0.0083333333333333,1.0
BE3CA5A6-A561-4BBD-B7C9-5DF6805400FC,BE3CA5A6_s4,CF722AA9-2533-4E51-9FEB-9EAC84EE9AAC,debounce,"{""theta"": 0.8045755926871853, ""n"": 3}",180,60,120,0.0333333333333333,0.0166666666666666,2,2,60,120,2,1.11731843575419,0,60.0,60.0,0.6666666666666666,2.0,2,0.0166666666666666,2.0
BE3CA5A6-A561-4BBD-B7C9-5DF6805400FC,BE3CA5A6_s4,CF722AA9-2533-4E51-9FEB-9EAC84EE9AAC,margin_dual_threshold,"{""theta"": 0.7734327518289251, ""margin"": 0.1}",180,60,120,0.0,0.0,0,0,60,120,2,1.11731843575419,0,60.0,60.0,0.6666666666666666,0.0,0,0.0,0.0
BE3CA5A6-A561-4BBD-B7C9-5DF6805400FC,BE3CA5A6_s4,CF722AA9-2533-4E51-9FEB-9EAC84EE9AAC,hysteresis,"{""theta"": 0.781887075595573, ""margin"": 0.05, ""ttt_frames"": 2}",180,60,120,0.0166666666666666,0.0083333333333333,1,1,60,120,2,1.11731843575419,0,60.0,60.0,0.6666666666666666,1.0,1,0.0083333333333333,1.0
BE3CA5A6-A561-4BBD-B7C9-5DF6805400FC,BE3CA5A6_s4,CF722AA9-2533-4E51-9FEB-9EAC84EE9AAC,trust_model,"{""theta"": 0.8073931453183845, ""gain"": 0.3, ""decay"": 0.2, ""tau_lo"": 0.4, ""tau_hi"": 0.6}",180,60,120,0.0333333333333333,0.0416666666666666,2,5,60,120,2,1.11731843575419,0,60.0,62.0,0.65,2.0,5,0.0416666666666666,5.0
BE3CA5A6-A561-4BBD-B7C9-5DF6805400FC,BE3CA5A6_s4,CF722AA9-2533-4E51-9FEB-9EAC84EE9AAC,sprt,"{""A"": 16, ""B"": 16, ""mu_gen"": 0.918297067467017, ""sd_gen"": 0.04395432343943981, ""mu_imp"": 0.4661505554513433, ""sd_imp"": 0.22723150208551413}",180,60,120,0.0166666666666666,0.0416666666666666,1,5,60,120,2,1.11731843575419,0,60.0,61.0,0.6444444444444445,1.0,5,0.0416666666666666,5.0
BE3CA5A6-A561-4BBD-B7C9-5DF6805400FC,BE3CA5A6_s5,7CE37510-56D0-4120-A1CF-0E23351428D2,instantaneous,"{""theta"": 0.8058684183945861}",180,60,120,0.75,0.0,45,0,60,120,20,11.1731843575419,20,8.571428571428571,1.0,0.9166666666666666,14.0,0,0.0,0.0
BE3CA5A6-A561-4BBD-B7C9-5DF6805400FC,BE3CA5A6_s5,7CE37510-56D0-4120-A1CF-0E23351428D2,moving_average,"{""theta"": 0.7921218561967015, ""w"": 3}",180,60,120,0.8333333333333334,0.0,50,0,60,120,8,4.46927374301676,4,20.0,4.0,0.9444444444444444,15.0,0,0.0,0.0
BE3CA5A6-A561-4BBD-B7C9-5DF6805400FC,BE3CA5A6_s5,7CE37510-56D0-4120-A1CF-0E23351428D2,ewma,"{""theta"": 0.807172975195879, ""alpha"": 0.1}",180,60,120,0.9166666666666666,0.025,55,3,60,120,2,1.11731843575419,0,60.0,57.0,0.9555555555555556,55.0,3,0.025,3.0
BE3CA5A6-A561-4BBD-B7C9-5DF6805400FC,BE3CA5A6_s5,7CE37510-56D0-4120-A1CF-0E23351428D2,majority_vote,"{""theta"": 0.8058684183945861, ""w"": 3, ""k"": 2}",180,60,120,0.7666666666666667,0.0,46,0,60,120,12,6.70391061452514,8,13.846153846153848,3.0,0.9222222222222224,15.0,0,0.0,0.0
BE3CA5A6-A561-4BBD-B7C9-5DF6805400FC,BE3CA5A6_s5,7CE37510-56D0-4120-A1CF-0E23351428D2,debounce,"{""theta"": 0.8045755926871853, ""n"": 3}",180,60,120,0.8666666666666667,0.0166666666666666,52,2,60,120,4,2.23463687150838,0,36.0,36.0,0.9444444444444444,16.0,2,0.0166666666666666,2.0
BE3CA5A6-A561-4BBD-B7C9-5DF6805400FC,BE3CA5A6_s5,7CE37510-56D0-4120-A1CF-0E23351428D2,margin_dual_threshold,"{""theta"": 0.7734327518289251, ""margin"": 0.1}",180,60,120,0.95,0.0,57,0,60,120,2,1.11731843575419,2,60.0,62.0,0.9833333333333332,55.0,0,0.0,0.0
BE3CA5A6-A561-4BBD-B7C9-5DF6805400FC,BE3CA5A6_s5,7CE37510-56D0-4120-A1CF-0E23351428D2,hysteresis,"{""theta"": 0.781887075595573, ""margin"": 0.05, ""ttt_frames"": 2}",180,60,120,0.9333333333333332,0.0083333333333333,56,1,60,120,2,1.11731843575419,0,60.0,59.0,0.9722222222222222,56.0,1,0.0083333333333333,1.0
BE3CA5A6-A561-4BBD-B7C9-5DF6805400FC,BE3CA5A6_s5,7CE37510-56D0-4120-A1CF-0E23351428D2,trust_model,"{""theta"": 0.8073931453183845, ""gain"": 0.3, ""decay"": 0.2, ""tau_lo"": 0.4, ""tau_hi"": 0.6}",180,60,120,1.0,0.0,60,0,60,120,0,0.0,0,180.0,180.0,1.0,,0,0.0,0.0
BE3CA5A6-A561-4BBD-B7C9-5DF6805400FC,BE3CA5A6_s5,7CE37510-56D0-4120-A1CF-0E23351428D2,sprt,"{""A"": 16, ""B"": 16, ""mu_gen"": 0.918297067467017, ""sd_gen"": 0.04395432343943981, ""mu_imp"": 0.4661505554513433, ""sd_imp"": 0.22723150208551413}",180,60,120,0.9166666666666666,0.0666666666666666,55,8,60,120,2,1.11731843575419,0,60.0,52.0,0.9277777777777778,55.0,8,0.0666666666666666,8.0
CA820D43-E5E2-42EF-9798-BE56F776370B,CA820D43_s0,11B5EC4D-4133-4289-B475-4E737182A406,instantaneous,"{""theta"": 0.8363179506580622}",180,60,120,0.0,0.0083333333333333,0,1,60,120,4,2.23463687150838,2,36.0,58.0,0.6611111111111111,0.0,1,0.0083333333333333,0.0
CA820D43-E5E2-42EF-9798-BE56F776370B,CA820D43_s0,11B5EC4D-4133-4289-B475-4E737182A406,moving_average,"{""theta"": 0.8303450271252125, ""w"": 3}",180,60,120,0.0,0.025,0,3,60,120,4,2.23463687150838,2,36.0,58.0,0.65,0.0,3,0.025,2.0
CA820D43-E5E2-42EF-9798-BE56F776370B,CA820D43_s0,11B5EC4D-4133-4289-B475-4E737182A406,ewma,"{""theta"": 0.8435841221107465, ""alpha"": 0.1}",180,60,120,0.0333333333333333,0.1416666666666666,2,17,60,120,2,1.11731843575419,0,60.0,62.0,0.5833333333333334,2.0,17,0.1416666666666666,17.0
CA820D43-E5E2-42EF-9798-BE56F776370B,CA820D43_s0,11B5EC4D-4133-4289-B475-4E737182A406,majority_vote,"{""theta"": 0.8285879126075854, ""w"": 5, ""k"": 4}",180,60,120,0.0166666666666666,0.05,1,6,60,120,4,2.23463687150838,2,36.0,57.0,0.6388888888888888,1.0,6,0.05,3.0
CA820D43-E5E2-42EF-9798-BE56F776370B,CA820D43_s0,11B5EC4D-4133-4289-B475-4E737182A406,debounce,"{""theta"": 0.8653173176960182, ""n"": 3}",180,60,120,0.0333333333333333,0.0416666666666666,2,5,60,120,4,2.23463687150838,2,36.0,29.0,0.65,2.0,5,0.0416666666666666,2.0
CA820D43-E5E2-42EF-9798-BE56F776370B,CA820D43_s0,11B5EC4D-4133-4289-B475-4E737182A406,margin_dual_threshold,"{""theta"": 0.8197602856332167, ""margin"": 0.05}",180,60,120,0.0,0.0,0,0,60,120,2,1.11731843575419,0,60.0,60.0,0.6666666666666666,0.0,0,0.0,0.0
CA820D43-E5E2-42EF-9798-BE56F776370B,CA820D43_s0,11B5EC4D-4133-4289-B475-4E737182A406,hysteresis,"{""theta"": 0.8557724135255016, ""margin"": 0.2, ""ttt_frames"": 2}",180,60,120,0.0166666666666666,0.225,1,27,60,120,2,1.11731843575419,0,60.0,61.0,0.5222222222222223,1.0,27,0.225,27.0
CA820D43-E5E2-42EF-9798-BE56F776370B,CA820D43_s0,11B5EC4D-4133-4289-B475-4E737182A406,trust_model,"{""theta"": 0.8784730350893786, ""gain"": 0.6, ""decay"": 0.05, ""tau_lo"": 0.4, ""tau_hi"": 0.6}",180,60,120,0.0166666666666666,0.225,1,27,60,120,2,1.11731843575419,0,60.0,61.0,0.5222222222222223,1.0,27,0.225,27.0
CA820D43-E5E2-42EF-9798-BE56F776370B,CA820D43_s0,11B5EC4D-4133-4289-B475-4E737182A406,sprt,"{""A"": 4, ""B"": 1, ""mu_gen"": 0.9082465031474299, ""sd_gen"": 0.057813241209220066, ""mu_imp"": 0.5100733524596193, ""sd_imp"": 0.21862633864180503}",180,60,120,0.0,0.0083333333333333,0,1,60,120,2,1.11731843575419,0,60.0,60.0,0.6611111111111111,0.0,1,0.0083333333333333,1.0
CA820D43-E5E2-42EF-9798-BE56F776370B,CA820D43_s1,ECECC2AB-D32F-4F90-B74C-E12A1C69BBE2,instantaneous,"{""theta"": 0.8363179506580622}",180,60,120,1.0,0.0166666666666666,60,2,60,120,4,2.23463687150838,4,36.0,22.0,0.9888888888888888,,2,0.0166666666666666,1.0
CA820D43-E5E2-42EF-9798-BE56F776370B,CA820D43_s1,ECECC2AB-D32F-4F90-B74C-E12A1C69BBE2,moving_average,"{""theta"": 0.8303450271252125, ""w"": 3}",180,60,120,1.0,0.0166666666666666,60,2,60,120,2,1.11731843575419,2,60.0,58.0,0.9888888888888888,,2,0.0166666666666666,2.0
CA820D43-E5E2-42EF-9798-BE56F776370B,CA820D43_s1,ECECC2AB-D32F-4F90-B74C-E12A1C69BBE2,ewma,"{""theta"": 0.8435841221107465, ""alpha"": 0.1}",180,60,120,1.0,0.0166666666666666,60,2,60,120,2,1.11731843575419,2,60.0,58.0,0.9888888888888888,,2,0.0166666666666666,2.0
CA820D43-E5E2-42EF-9798-BE56F776370B,CA820D43_s1,ECECC2AB-D32F-4F90-B74C-E12A1C69BBE2,majority_vote,"{""theta"": 0.8285879126075854, ""w"": 5, ""k"": 4}",180,60,120,1.0,0.0,60,0,60,120,0,0.0,0,180.0,180.0,1.0,,0,0.0,0.0
CA820D43-E5E2-42EF-9798-BE56F776370B,CA820D43_s1,ECECC2AB-D32F-4F90-B74C-E12A1C69BBE2,debounce,"{""theta"": 0.8653173176960182, ""n"": 3}",180,60,120,0.0333333333333333,0.1583333333333333,2,19,60,120,4,2.23463687150838,0,36.0,25.0,0.5722222222222222,2.0,19,0.1583333333333333,6.0
CA820D43-E5E2-42EF-9798-BE56F776370B,CA820D43_s1,ECECC2AB-D32F-4F90-B74C-E12A1C69BBE2,margin_dual_threshold,"{""theta"": 0.8197602856332167, ""margin"": 0.05}",180,60,120,1.0,0.0083333333333333,60,1,60,120,2,1.11731843575419,2,60.0,59.0,0.9944444444444444,,1,0.0083333333333333,1.0
CA820D43-E5E2-42EF-9798-BE56F776370B,CA820D43_s1,ECECC2AB-D32F-4F90-B74C-E12A1C69BBE2,hysteresis,"{""theta"": 0.8557724135255016, ""margin"": 0.2, ""ttt_frames"": 2}",180,60,120,1.0,0.0,60,0,60,120,0,0.0,0,180.0,180.0,1.0,,0,0.0,0.0
CA820D43-E5E2-42EF-9798-BE56F776370B,CA820D43_s1,ECECC2AB-D32F-4F90-B74C-E12A1C69BBE2,trust_model,"{""theta"": 0.8784730350893786, ""gain"": 0.6, ""decay"": 0.05, ""tau_lo"": 0.4, ""tau_hi"": 0.6}",180,60,120,0.2666666666666666,0.1166666666666666,16,14,60,120,2,1.11731843575419,0,60.0,58.0,0.6777777777777778,16.0,14,0.1166666666666666,14.0
CA820D43-E5E2-42EF-9798-BE56F776370B,CA820D43_s1,ECECC2AB-D32F-4F90-B74C-E12A1C69BBE2,sprt,"{""A"": 4, ""B"": 1, ""mu_gen"": 0.9082465031474299, ""sd_gen"": 0.057813241209220066, ""mu_imp"": 0.5100733524596193, ""sd_imp"": 0.21862633864180503}",180,60,120,1.0,0.0166666666666666,60,2,60,120,2,1.11731843575419,2,60.0,58.0,0.9888888888888888,,2,0.0166666666666666,2.0
CA820D43-E5E2-42EF-9798-BE56F776370B,CA820D43_s2,B9724848-C7E2-45F4-9B3F-A1F38D864495,instantaneous,"{""theta"": 0.8363179506580622}",180,60,120,0.0,0.0,0,0,60,120,2,1.11731843575419,0,60.0,60.0,0.6666666666666666,0.0,0,0.0,0.0
CA820D43-E5E2-42EF-9798-BE56F776370B,CA820D43_s2,B9724848-C7E2-45F4-9B3F-A1F38D864495,moving_average,"{""theta"": 0.8303450271252125, ""w"": 3}",180,60,120,0.0,0.0166666666666666,0,2,60,120,2,1.11731843575419,0,60.0,60.0,0.6555555555555556,0.0,2,0.0166666666666666,2.0
CA820D43-E5E2-42EF-9798-BE56F776370B,CA820D43_s2,B9724848-C7E2-45F4-9B3F-A1F38D864495,ewma,"{""theta"": 0.8435841221107465, ""alpha"": 0.1}",180,60,120,0.0333333333333333,0.1916666666666666,2,23,60,120,2,1.11731843575419,0,60.0,62.0,0.55,2.0,23,0.1916666666666666,23.0
CA820D43-E5E2-42EF-9798-BE56F776370B,CA820D43_s2,B9724848-C7E2-45F4-9B3F-A1F38D864495,majority_vote,"{""theta"": 0.8285879126075854, ""w"": 5, ""k"": 4}",180,60,120,0.0166666666666666,0.025,1,3,60,120,2,1.11731843575419,0,60.0,61.0,0.6555555555555556,1.0,3,0.025,3.0
CA820D43-E5E2-42EF-9798-BE56F776370B,CA820D43_s2,B9724848-C7E2-45F4-9B3F-A1F38D864495,debounce,"{""theta"": 0.8653173176960182, ""n"": 3}",180,60,120,0.0333333333333333,0.1,2,12,60,120,6,3.35195530726257,2,25.714285714285715,12.0,0.6111111111111112,2.0,12,0.1,2.0
CA820D43-E5E2-42EF-9798-BE56F776370B,CA820D43_s2,B9724848-C7E2-45F4-9B3F-A1F38D864495,margin_dual_threshold,"{""theta"": 0.8197602856332167, ""margin"": 0.05}",180,60,120,0.0,0.0,0,0,60,120,2,1.11731843575419,0,60.0,60.0,0.6666666666666666,0.0,0,0.0,0.0
CA820D43-E5E2-42EF-9798-BE56F776370B,CA820D43_s2,B9724848-C7E2-45F4-9B3F-A1F38D864495,hysteresis,"{""theta"": 0.8557724135255016, ""margin"": 0.2, ""ttt_frames"": 2}",180,60,120,0.0166666666666666,0.0666666666666666,1,8,60,120,2,1.11731843575419,0,60.0,61.0,0.6277777777777778,1.0,8,0.0666666666666666,8.0
CA820D43-E5E2-42EF-9798-BE56F776370B,CA820D43_s2,B9724848-C7E2-45F4-9B3F-A1F38D864495,trust_model,"{""theta"": 0.8784730350893786, ""gain"": 0.6, ""decay"": 0.05, ""tau_lo"": 0.4, ""tau_hi"": 0.6}",180,60,120,0.0333333333333333,0.3,2,36,60,120,2,1.11731843575419,0,60.0,62.0,0.4777777777777778,2.0,36,0.3,36.0
CA820D43-E5E2-42EF-9798-BE56F776370B,CA820D43_s2,B9724848-C7E2-45F4-9B3F-A1F38D864495,sprt,"{""A"": 4, ""B"": 1, ""mu_gen"": 0.9082465031474299, ""sd_gen"": 0.057813241209220066, ""mu_imp"": 0.5100733524596193, ""sd_imp"": 0.21862633864180503}",180,60,120,0.0,0.0083333333333333,0,1,60,120,2,1.11731843575419,0,60.0,60.0,0.6611111111111111,0.0,1,0.0083333333333333,1.0
CA820D43-E5E2-42EF-9798-BE56F776370B,CA820D43_s3,4E98F91F-4654-42EF-B908-A3389443F2E7,instantaneous,"{""theta"": 0.8363179506580622}",180,60,120,0.0,0.0,0,0,60,120,2,1.11731843575419,0,60.0,60.0,0.6666666666666666,0.0,0,0.0,0.0
CA820D43-E5E2-42EF-9798-BE56F776370B,CA820D43_s3,4E98F91F-4654-42EF-B908-A3389443F2E7,moving_average,"{""theta"": 0.8303450271252125, ""w"": 3}",180,60,120,0.0,0.0166666666666666,0,2,60,120,2,1.11731843575419,0,60.0,60.0,0.6555555555555556,0.0,2,0.0166666666666666,2.0
CA820D43-E5E2-42EF-9798-BE56F776370B,CA820D43_s3,4E98F91F-4654-42EF-B908-A3389443F2E7,ewma,"{""theta"": 0.8435841221107465, ""alpha"": 0.1}",180,60,120,0.0166666666666666,0.1416666666666666,1,17,60,120,2,1.11731843575419,0,60.0,61.0,0.5777777777777777,1.0,17,0.1416666666666666,17.0
CA820D43-E5E2-42EF-9798-BE56F776370B,CA820D43_s3,4E98F91F-4654-42EF-B908-A3389443F2E7,majority_vote,"{""theta"": 0.8285879126075854, ""w"": 5, ""k"": 4}",180,60,120,0.0166666666666666,0.025,1,3,60,120,2,1.11731843575419,0,60.0,61.0,0.6555555555555556,1.0,3,0.025,3.0
CA820D43-E5E2-42EF-9798-BE56F776370B,CA820D43_s3,4E98F91F-4654-42EF-B908-A3389443F2E7,debounce,"{""theta"": 0.8653173176960182, ""n"": 3}",180,60,120,0.0,0.1083333333333333,0,13,60,120,6,3.35195530726257,2,25.714285714285715,11.0,0.5944444444444444,0.0,13,0.1083333333333333,6.0
CA820D43-E5E2-42EF-9798-BE56F776370B,CA820D43_s3,4E98F91F-4654-42EF-B908-A3389443F2E7,margin_dual_threshold,"{""theta"": 0.8197602856332167, ""margin"": 0.05}",180,60,120,0.0,0.0,0,0,60,120,2,1.11731843575419,0,60.0,60.0,0.6666666666666666,0.0,0,0.0,0.0
CA820D43-E5E2-42EF-9798-BE56F776370B,CA820D43_s3,4E98F91F-4654-42EF-B908-A3389443F2E7,hysteresis,"{""theta"": 0.8557724135255016, ""margin"": 0.2, ""ttt_frames"": 2}",180,60,120,0.0166666666666666,0.1083333333333333,1,13,60,120,2,1.11731843575419,0,60.0,61.0,0.6,1.0,13,0.1083333333333333,13.0
CA820D43-E5E2-42EF-9798-BE56F776370B,CA820D43_s3,4E98F91F-4654-42EF-B908-A3389443F2E7,trust_model,"{""theta"": 0.8784730350893786, ""gain"": 0.6, ""decay"": 0.05, ""tau_lo"": 0.4, ""tau_hi"": 0.6}",180,60,120,0.0166666666666666,0.175,1,21,60,120,2,1.11731843575419,0,60.0,61.0,0.5555555555555556,1.0,21,0.175,21.0
CA820D43-E5E2-42EF-9798-BE56F776370B,CA820D43_s3,4E98F91F-4654-42EF-B908-A3389443F2E7,sprt,"{""A"": 4, ""B"": 1, ""mu_gen"": 0.9082465031474299, ""sd_gen"": 0.057813241209220066, ""mu_imp"": 0.5100733524596193, ""sd_imp"": 0.21862633864180503}",180,60,120,0.0,0.0083333333333333,0,1,60,120,2,1.11731843575419,0,60.0,60.0,0.6611111111111111,0.0,1,0.0083333333333333,1.0
CA820D43-E5E2-42EF-9798-BE56F776370B,CA820D43_s4,11B5EC4D-4133-4289-B475-4E737182A406,instantaneous,"{""theta"": 0.8363179506580622}",180,60,120,0.65,0.0,39,0,60,120,18,10.05586592178771,16,9.473684210526317,1.0,0.8833333333333333,37.0,0,0.0,0.0
CA820D43-E5E2-42EF-9798-BE56F776370B,CA820D43_s4,11B5EC4D-4133-4289-B475-4E737182A406,moving_average,"{""theta"": 0.8303450271252125, ""w"": 3}",180,60,120,0.6166666666666667,0.0083333333333333,37,1,60,120,6,3.35195530726257,4,25.714285714285715,13.0,0.8666666666666667,18.0,1,0.0083333333333333,1.0
CA820D43-E5E2-42EF-9798-BE56F776370B,CA820D43_s4,11B5EC4D-4133-4289-B475-4E737182A406,ewma,"{""theta"": 0.8435841221107465, ""alpha"": 0.1}",180,60,120,0.4833333333333333,0.0333333333333333,29,4,60,120,4,2.23463687150838,2,36.0,29.0,0.8055555555555556,27.0,4,0.0333333333333333,4.0
CA820D43-E5E2-42EF-9798-BE56F776370B,CA820D43_s4,11B5EC4D-4133-4289-B475-4E737182A406,majority_vote,"{""theta"": 0.8285879126075854, ""w"": 5, ""k"": 4}",180,60,120,0.65,0.025,39,3,60,120,6,3.35195530726257,2,25.714285714285715,13.0,0.8666666666666667,37.0,3,0.025,3.0
CA820D43-E5E2-42EF-9798-BE56F776370B,CA820D43_s4,11B5EC4D-4133-4289-B475-4E737182A406,debounce,"{""theta"": 0.8653173176960182, ""n"": 3}",180,60,120,0.0333333333333333,0.0833333333333333,2,10,60,120,6,3.35195530726257,2,25.714285714285715,26.0,0.6222222222222222,2.0,10,0.0833333333333333,2.0
CA820D43-E5E2-42EF-9798-BE56F776370B,CA820D43_s4,11B5EC4D-4133-4289-B475-4E737182A406,margin_dual_threshold,"{""theta"": 0.8197602856332167, ""margin"": 0.05}",180,60,120,0.6833333333333333,0.0,41,0,60,120,6,3.35195530726257,2,25.714285714285715,11.0,0.8944444444444445,37.0,0,0.0,0.0
CA820D43-E5E2-42EF-9798-BE56F776370B,CA820D43_s4,11B5EC4D-4133-4289-B475-4E737182A406,hysteresis,"{""theta"": 0.8557724135255016, ""margin"": 0.2, ""ttt_frames"": 2}",180,60,120,0.9,0.0166666666666666,54,2,60,120,2,1.11731843575419,0,60.0,58.0,0.9555555555555556,54.0,2,0.0166666666666666,2.0
CA820D43-E5E2-42EF-9798-BE56F776370B,CA820D43_s4,11B5EC4D-4133-4289-B475-4E737182A406,trust_model,"{""theta"": 0.8784730350893786, ""gain"": 0.6, ""decay"": 0.05, ""tau_lo"": 0.4, ""tau_hi"": 0.6}",180,60,120,0.3,0.1833333333333333,18,22,60,120,2,1.11731843575419,0,60.0,64.0,0.6444444444444445,18.0,22,0.1833333333333333,22.0
CA820D43-E5E2-42EF-9798-BE56F776370B,CA820D43_s4,11B5EC4D-4133-4289-B475-4E737182A406,sprt,"{""A"": 4, ""B"": 1, ""mu_gen"": 0.9082465031474299, ""sd_gen"": 0.057813241209220066, ""mu_imp"": 0.5100733524596193, ""sd_imp"": 0.21862633864180503}",180,60,120,0.7,0.0083333333333333,42,1,60,120,6,3.35195530726257,2,25.714285714285715,7.0,0.8944444444444445,37.0,1,0.0083333333333333,1.0
CA820D43-E5E2-42EF-9798-BE56F776370B,CA820D43_s5,24E40C4C-A349-4F9F-93AB-01D00FB994AF,instantaneous,"{""theta"": 0.8363179506580622}",180,60,120,0.0,0.0,0,0,60,120,2,1.11731843575419,0,60.0,60.0,0.6666666666666666,0.0,0,0.0,0.0
CA820D43-E5E2-42EF-9798-BE56F776370B,CA820D43_s5,24E40C4C-A349-4F9F-93AB-01D00FB994AF,moving_average,"{""theta"": 0.8303450271252125, ""w"": 3}",180,60,120,0.0,0.0166666666666666,0,2,60,120,2,1.11731843575419,0,60.0,60.0,0.6555555555555556,0.0,2,0.0166666666666666,2.0
CA820D43-E5E2-42EF-9798-BE56F776370B,CA820D43_s5,24E40C4C-A349-4F9F-93AB-01D00FB994AF,ewma,"{""theta"": 0.8435841221107465, ""alpha"": 0.1}",180,60,120,0.0166666666666666,0.2083333333333333,1,25,60,120,2,1.11731843575419,0,60.0,61.0,0.5333333333333333,1.0,25,0.2083333333333333,25.0
CA820D43-E5E2-42EF-9798-BE56F776370B,CA820D43_s5,24E40C4C-A349-4F9F-93AB-01D00FB994AF,majority_vote,"{""theta"": 0.8285879126075854, ""w"": 5, ""k"": 4}",180,60,120,0.0166666666666666,0.025,1,3,60,120,2,1.11731843575419,0,60.0,61.0,0.6555555555555556,1.0,3,0.025,3.0
CA820D43-E5E2-42EF-9798-BE56F776370B,CA820D43_s5,24E40C4C-A349-4F9F-93AB-01D00FB994AF,debounce,"{""theta"": 0.8653173176960182, ""n"": 3}",180,60,120,0.0333333333333333,0.0583333333333333,2,7,60,120,4,2.23463687150838,0,36.0,35.0,0.6388888888888888,2.0,7,0.0583333333333333,2.0
CA820D43-E5E2-42EF-9798-BE56F776370B,CA820D43_s5,24E40C4C-A349-4F9F-93AB-01D00FB994AF,margin_dual_threshold,"{""theta"": 0.8197602856332167, ""margin"": 0.05}",180,60,120,0.0,0.0,0,0,60,120,2,1.11731843575419,0,60.0,60.0,0.6666666666666666,0.0,0,0.0,0.0
CA820D43-E5E2-42EF-9798-BE56F776370B,CA820D43_s5,24E40C4C-A349-4F9F-93AB-01D00FB994AF,hysteresis,"{""theta"": 0.8557724135255016, ""margin"": 0.2, ""ttt_frames"": 2}",180,60,120,0.0166666666666666,0.0333333333333333,1,4,60,120,2,1.11731843575419,0,60.0,61.0,0.65,1.0,4,0.0333333333333333,4.0
CA820D43-E5E2-42EF-9798-BE56F776370B,CA820D43_s5,24E40C4C-A349-4F9F-93AB-01D00FB994AF,trust_model,"{""theta"": 0.8784730350893786, ""gain"": 0.6, ""decay"": 0.05, ""tau_lo"": 0.4, ""tau_hi"": 0.6}",180,60,120,0.0166666666666666,0.225,1,27,60,120,2,1.11731843575419,0,60.0,61.0,0.5222222222222223,1.0,27,0.225,27.0
CA820D43-E5E2-42EF-9798-BE56F776370B,CA820D43_s5,24E40C4C-A349-4F9F-93AB-01D00FB994AF,sprt,"{""A"": 4, ""B"": 1, ""mu_gen"": 0.9082465031474299, ""sd_gen"": 0.057813241209220066, ""mu_imp"": 0.5100733524596193, ""sd_imp"": 0.21862633864180503}",180,60,120,0.0,0.0083333333333333,0,1,60,120,2,1.11731843575419,0,60.0,60.0,0.6611111111111111,0.0,1,0.0083333333333333,1.0
CDA3BBF7-6631-45E8-85BA-EEB416B32A3C,CDA3BBF7_s0,ECECC2AB-D32F-4F90-B74C-E12A1C69BBE2,instantaneous,"{""theta"": 0.9199214107385858}",180,60,120,0.9666666666666667,0.0,58,0,60,120,4,2.2346368715083798,4,36.0,58.0,0.9888888888888889,,0,0.0,0.0
CDA3BBF7-6631-45E8-85BA-EEB416B32A3C,CDA3BBF7_s0,ECECC2AB-D32F-4F90-B74C-E12A1C69BBE2,moving_average,"{""theta"": 0.9136982866694526, ""w"": 5}",180,60,120,0.9833333333333333,0.0,59,0,60,120,2,1.1173184357541899,2,60.0,64.0,0.9944444444444445,,0,0.0,0.0
CDA3BBF7-6631-45E8-85BA-EEB416B32A3C,CDA3BBF7_s0,ECECC2AB-D32F-4F90-B74C-E12A1C69BBE2,ewma,"{""theta"": 0.9103975658169662, ""alpha"": 0.5}",180,60,120,0.9833333333333333,0.0,59,0,60,120,2,1.1173184357541899,2,60.0,60.0,0.9944444444444445,,0,0.0,0.0
CDA3BBF7-6631-45E8-85BA-EEB416B32A3C,CDA3BBF7_s0,ECECC2AB-D32F-4F90-B74C-E12A1C69BBE2,majority_vote,"{""theta"": 0.9457720643543669, ""w"": 5, ""k"": 3}",180,60,120,0.03333333333333333,0.016666666666666666,2,2,60,120,2,1.1173184357541899,0,60.0,60.0,0.6666666666666666,2.0,2,0.016666666666666666,2.0
CDA3BBF7-6631-45E8-85BA-EEB416B32A3C,CDA3BBF7_s0,ECECC2AB-D32F-4F90-B74C-E12A1C69BBE2,debounce,"{""theta"": 0.9196776961650969, ""n"": 2}",180,60,120,1.0,0.0,60,0,60,120,0,0.0,0,180.0,180.0,1.0,,0,0.0,0.0
CDA3BBF7-6631-45E8-85BA-EEB416B32A3C,CDA3BBF7_s0,ECECC2AB-D32F-4F90-B74C-E12A1C69BBE2,margin_dual_threshold,"{""theta"": 0.9103975658169662, ""margin"": 0.2}",180,60,120,1.0,0.0,60,0,60,120,0,0.0,0,180.0,180.0,1.0,,0,0.0,0.0
CDA3BBF7-6631-45E8-85BA-EEB416B32A3C,CDA3BBF7_s0,ECECC2AB-D32F-4F90-B74C-E12A1C69BBE2,hysteresis,"{""theta"": 0.9206535413117318, ""margin"": 0.1, ""ttt_frames"": 2}",180,60,120,1.0,0.0,60,0,60,120,0,0.0,0,180.0,180.0,1.0,,0,0.0,0.0
CDA3BBF7-6631-45E8-85BA-EEB416B32A3C,CDA3BBF7_s0,ECECC2AB-D32F-4F90-B74C-E12A1C69BBE2,trust_model,"{""theta"": 0.9420982448809027, ""gain"": 0.6, ""decay"": 0.2, ""tau_lo"": 0.4, ""tau_hi"": 0.6}",180,60,120,1.0,0.0,60,0,60,120,0,0.0,0,180.0,180.0,1.0,,0,0.0,0.0
CDA3BBF7-6631-45E8-85BA-EEB416B32A3C,CDA3BBF7_s0,ECECC2AB-D32F-4F90-B74C-E12A1C69BBE2,sprt,"{""A"": 16, ""B"": 16, ""mu_gen"": 0.9719402946092771, ""sd_gen"": 0.020863321435747643, ""mu_imp"": 0.626628882852765, ""sd_imp"": 0.24462732041686938}",180,60,120,0.7833333333333333,0.0,47,0,60,120,2,1.1173184357541899,0,60.0,60.0,0.9277777777777778,0.0,0,0.0,0.0
CDA3BBF7-6631-45E8-85BA-EEB416B32A3C,CDA3BBF7_s1,78A91A4E-4A51-4065-BDA7-94755F0BB3BB,instantaneous,"{""theta"": 0.9199214107385858}",180,60,120,0.0,0.0,0,0,60,120,2,1.1173184357541899,0,60.0,60.0,0.6666666666666666,0.0,0,0.0,0.0
CDA3BBF7-6631-45E8-85BA-EEB416B32A3C,CDA3BBF7_s1,78A91A4E-4A51-4065-BDA7-94755F0BB3BB,moving_average,"{""theta"": 0.9136982866694526, ""w"": 5}",180,60,120,0.03333333333333333,0.03333333333333333,2,4,60,120,2,1.1173184357541899,0,60.0,62.0,0.6555555555555556,2.0,4,0.03333333333333333,4.0
CDA3BBF7-6631-45E8-85BA-EEB416B32A3C,CDA3BBF7_s1,78A91A4E-4A51-4065-BDA7-94755F0BB3BB,ewma,"{""theta"": 0.9103975658169662, ""alpha"": 0.5}",180,60,120,0.016666666666666666,0.016666666666666666,1,2,60,120,2,1.1173184357541899,0,60.0,61.0,0.6611111111111111,1.0,2,0.016666666666666666,2.0
CDA3BBF7-6631-45E8-85BA-EEB416B32A3C,CDA3BBF7_s1,78A91A4E-4A51-4065-BDA7-94755F0BB3BB,majority_vote,"{""theta"": 0.9457720643543669, ""w"": 5, ""k"": 3}",180,60,120,0.03333333333333333,0.016666666666666666,2,2,60,120,2,1.1173184357541899,0,60.0,60.0,0.6666666666666666,2.0,2,0.016666666666666666,2.0
CDA3BBF7-6631-45E8-85BA-EEB416B32A3C,CDA3BBF7_s1,78A91A4E-4A51-4065-BDA7-94755F0BB3BB,debounce,"{""theta"": 0.9196776961650969, ""n"": 2}",180,60,120,0.016666666666666666,0.008333333333333333,1,1,60,120,2,1.1173184357541899,0,60.0,60.0,0.6666666666666666,1.0,1,0.008333333333333333,1.0
CDA3BBF7-6631-45E8-85BA-EEB416B32A3C,CDA3BBF7_s1,78A91A4E-4A51-4065-BDA7-94755F0BB3BB,margin_dual_threshold,"{""theta"": 0.9103975658169662, ""margin"": 0.2}",180,60,120,0.016666666666666666,0.5,1,60,60,120,1,0.5586592178770949,0,90.0,90.0,0.3388888888888889,1.0,60,0.5,
CDA3BBF7-6631-45E8-85BA-EEB416B32A3C,CDA3BBF7_s1,78A91A4E-4A51-4065-BDA7-94755F0BB3BB,hysteresis,"{""theta"": 0.9206535413117318, ""margin"": 0.1, ""ttt_frames"": 2}",180,60,120,0.03333333333333333,0.008333333333333333,2,1,60,120,2,1.1173184357541899,0,60.0,59.0,0.6722222222222223,2.0,1,0.008333333333333333,1.0
CDA3BBF7-6631-45E8-85BA-EEB416B32A3C,CDA3BBF7_s1,78A91A4E-4A51-4065-BDA7-94755F0BB3BB,trust_model,"{""theta"": 0.9420982448809027, ""gain"": 0.6, ""decay"": 0.2, ""tau_lo"": 0.4, ""tau_hi"": 0.6}",180,60,120,0.03333333333333333,0.175,2,21,60,120,2,1.1173184357541899,0,60.0,62.0,0.5611111111111111,2.0,21,0.175,21.0
CDA3BBF7-6631-45E8-85BA-EEB416B32A3C,CDA3BBF7_s1,78A91A4E-4A51-4065-BDA7-94755F0BB3BB,sprt,"{""A"": 16, ""B"": 16, ""mu_gen"": 0.9719402946092771, ""sd_gen"": 0.020863321435747643, ""mu_imp"": 0.626628882852765, ""sd_imp"": 0.24462732041686938}",180,60,120,0.016666666666666666,0.03333333333333333,1,4,60,120,2,1.1173184357541899,0,60.0,61.0,0.65,1.0,4,0.03333333333333333,4.0
CDA3BBF7-6631-45E8-85BA-EEB416B32A3C,CDA3BBF7_s2,78A91A4E-4A51-4065-BDA7-94755F0BB3BB,instantaneous,"{""theta"": 0.9199214107385858}",180,60,120,0.45,0.0,27,0,60,120,14,7.82122905027933,13,12.0,3.0,0.8166666666666667,27.0,0,0.0,0.0
CDA3BBF7-6631-45E8-85BA-EEB416B32A3C,CDA3BBF7_s2,78A91A4E-4A51-4065-BDA7-94755F0BB3BB,moving_average,"{""theta"": 0.9136982866694526, ""w"": 5}",180,60,120,0.5,0.016666666666666666,30,2,60,120,4,2.2346368715083798,2,36.0,19.0,0.8222222222222222,28.0,2,0.016666666666666666,2.0
CDA3BBF7-6631-45E8-85BA-EEB416B32A3C,CDA3BBF7_s2,78A91A4E-4A51-4065-BDA7-94755F0BB3BB,ewma,"{""theta"": 0.9103975658169662, ""alpha"": 0.5}",180,60,120,0.5333333333333333,0.008333333333333333,32,1,60,120,6,3.35195530726257,4,25.714285714285715,11.0,0.8388888888888889,28.0,1,0.008333333333333333,1.0
CDA3BBF7-6631-45E8-85BA-EEB416B32A3C,CDA3BBF7_s2,78A91A4E-4A51-4065-BDA7-94755F0BB3BB,majority_vote,"{""theta"": 0.9457720643543669, ""w"": 5, ""k"": 3}",180,60,120,0.03333333333333333,0.016666666666666666,2,2,60,120,2,1.1173184357541899,0,60.0,60.0,0.6666666666666666,2.0,2,0.016666666666666666,2.0
CDA3BBF7-6631-45E8-85BA-EEB416B32A3C,CDA3BBF7_s2,78A91A4E-4A51-4065-BDA7-94755F0BB3BB,debounce,"{""theta"": 0.9196776961650969, ""n"": 2}",180,60,120,0.4666666666666667,0.008333333333333333,28,1,60,120,6,3.35195530726257,4,25.714285714285715,16.0,0.8166666666666667,28.0,1,0.008333333333333333,1.0
CDA3BBF7-6631-45E8-85BA-EEB416B32A3C,CDA3BBF7_s2,78A91A4E-4A51-4065-BDA7-94755F0BB3BB,margin_dual_threshold,"{""theta"": 0.9103975658169662, ""margin"": 0.2}",180,60,120,0.5333333333333333,0.5,32,60,60,120,1,0.5586592178770949,0,90.0,90.0,0.5111111111111111,32.0,60,0.5,
CDA3BBF7-6631-45E8-85BA-EEB416B32A3C,CDA3BBF7_s2,78A91A4E-4A51-4065-BDA7-94755F0BB3BB,hysteresis,"{""theta"": 0.9206535413117318, ""margin"": 0.1, ""ttt_frames"": 2}",180,60,120,0.5166666666666667,0.008333333333333333,31,1,60,120,2,1.1173184357541899,0,60.0,59.0,0.8333333333333334,31.0,1,0.008333333333333333,1.0
CDA3BBF7-6631-45E8-85BA-EEB416B32A3C,CDA3BBF7_s2,78A91A4E-4A51-4065-BDA7-94755F0BB3BB,trust_model,"{""theta"": 0.9420982448809027, ""gain"": 0.6, ""decay"": 0.2, ""tau_lo"": 0.4, ""tau_hi"": 0.6}",180,60,120,0.5,0.2916666666666667,30,35,60,120,2,1.1173184357541899,0,60.0,65.0,0.6388888888888888,30.0,35,0.2916666666666667,35.0
CDA3BBF7-6631-45E8-85BA-EEB416B32A3C,CDA3BBF7_s2,78A91A4E-4A51-4065-BDA7-94755F0BB3BB,sprt,"{""A"": 16, ""B"": 16, ""mu_gen"": 0.9719402946092771, ""sd_gen"": 0.020863321435747643, ""mu_imp"": 0.626628882852765, ""sd_imp"": 0.24462732041686938}",180,60,120,0.5,0.03333333333333333,30,4,60,120,2,1.1173184357541899,0,60.0,56.0,0.8111111111111111,30.0,4,0.03333333333333333,4.0
CDA3BBF7-6631-45E8-85BA-EEB416B32A3C,CDA3BBF7_s3,33A85C34-CFE4-4732-9E73-0A7AC861B27A,instantaneous,"{""theta"": 0.9199214107385858}",180,60,120,0.0,0.0,0,0,60,120,2,1.1173184357541899,0,60.0,60.0,0.6666666666666666,0.0,0,0.0,0.0
CDA3BBF7-6631-45E8-85BA-EEB416B32A3C,CDA3BBF7_s3,33A85C34-CFE4-4732-9E73-0A7AC861B27A,moving_average,"{""theta"": 0.9136982866694526, ""w"": 5}",180,60,120,0.016666666666666666,0.025,1,3,60,120,2,1.1173184357541899,0,60.0,61.0,0.6555555555555556,1.0,3,0.025,3.0
CDA3BBF7-6631-45E8-85BA-EEB416B32A3C,CDA3BBF7_s3,33A85C34-CFE4-4732-9E73-0A7AC861B27A,ewma,"{""theta"": 0.9103975658169662, ""alpha"": 0.5}",180,60,120,0.0,0.016666666666666666,0,2,60,120,2,1.1173184357541899,0,60.0,60.0,0.6555555555555556,0.0,2,0.016666666666666666,2.0
CDA3BBF7-6631-45E8-85BA-EEB416B32A3C,CDA3BBF7_s3,33A85C34-CFE4-4732-9E73-0A7AC861B27A,majority_vote,"{""theta"": 0.9457720643543669, ""w"": 5, ""k"": 3}",180,60,120,0.03333333333333333,0.016666666666666666,2,2,60,120,2,1.1173184357541899,0,60.0,60.0,0.6666666666666666,2.0,2,0.016666666666666666,2.0
CDA3BBF7-6631-45E8-85BA-EEB416B32A3C,CDA3BBF7_s3,33A85C34-CFE4-4732-9E73-0A7AC861B27A,debounce,"{""theta"": 0.9196776961650969, ""n"": 2}",180,60,120,0.016666666666666666,0.008333333333333333,1,1,60,120,2,1.1173184357541899,0,60.0,60.0,0.6666666666666666,1.0,1,0.008333333333333333,1.0
CDA3BBF7-6631-45E8-85BA-EEB416B32A3C,CDA3BBF7_s3,33A85C34-CFE4-4732-9E73-0A7AC861B27A,margin_dual_threshold,"{""theta"": 0.9103975658169662, ""margin"": 0.2}",180,60,120,0.0,0.5,0,60,60,120,1,0.5586592178770949,0,90.0,90.0,0.3333333333333333,0.0,60,0.5,
CDA3BBF7-6631-45E8-85BA-EEB416B32A3C,CDA3BBF7_s3,33A85C34-CFE4-4732-9E73-0A7AC861B27A,hysteresis,"{""theta"": 0.9206535413117318, ""margin"": 0.1, ""ttt_frames"": 2}",180,60,120,0.016666666666666666,0.18333333333333332,1,22,60,120,2,1.1173184357541899,0,60.0,61.0,0.55,1.0,22,0.18333333333333332,22.0
CDA3BBF7-6631-45E8-85BA-EEB416B32A3C,CDA3BBF7_s3,33A85C34-CFE4-4732-9E73-0A7AC861B27A,trust_model,"{""theta"": 0.9420982448809027, ""gain"": 0.6, ""decay"": 0.2, ""tau_lo"": 0.4, ""tau_hi"": 0.6}",180,60,120,0.03333333333333333,0.5,2,60,60,120,1,0.5586592178770949,0,90.0,90.0,0.34444444444444444,2.0,60,0.5,
CDA3BBF7-6631-45E8-85BA-EEB416B32A3C,CDA3BBF7_s3,33A85C34-CFE4-4732-9E73-0A7AC861B27A,sprt,"{""A"": 16, ""B"": 16, ""mu_gen"": 0.9719402946092771, ""sd_gen"": 0.020863321435747643, ""mu_imp"": 0.626628882852765, ""sd_imp"": 0.24462732041686938}",180,60,120,0.0,0.03333333333333333,0,4,60,120,2,1.1173184357541899,0,60.0,60.0,0.6444444444444445,0.0,4,0.03333333333333333,4.0
CDA3BBF7-6631-45E8-85BA-EEB416B32A3C,CDA3BBF7_s4,7D9BB102-A612-4E2A-8E22-3159752F55D8,instantaneous,"{""theta"": 0.9199214107385858}",180,60,120,0.0,0.0,0,0,60,120,2,1.1173184357541899,0,60.0,60.0,0.6666666666666666,0.0,0,0.0,0.0
CDA3BBF7-6631-45E8-85BA-EEB416B32A3C,CDA3BBF7_s4,7D9BB102-A612-4E2A-8E22-3159752F55D8,moving_average,"{""theta"": 0.9136982866694526, ""w"": 5}",180,60,120,0.0,0.025,0,3,60,120,2,1.1173184357541899,0,60.0,60.0,0.65,0.0,3,0.025,3.0
CDA3BBF7-6631-45E8-85BA-EEB416B32A3C,CDA3BBF7_s4,7D9BB102-A612-4E2A-8E22-3159752F55D8,ewma,"{""theta"": 0.9103975658169662, ""alpha"": 0.5}",180,60,120,0.0,0.016666666666666666,0,2,60,120,2,1.1173184357541899,0,60.0,60.0,0.6555555555555556,0.0,2,0.016666666666666666,2.0
CDA3BBF7-6631-45E8-85BA-EEB416B32A3C,CDA3BBF7_s4,7D9BB102-A612-4E2A-8E22-3159752F55D8,majority_vote,"{""theta"": 0.9457720643543669, ""w"": 5, ""k"": 3}",180,60,120,0.03333333333333333,0.016666666666666666,2,2,60,120,2,1.1173184357541899,0,60.0,60.0,0.6666666666666666,2.0,2,0.016666666666666666,2.0
CDA3BBF7-6631-45E8-85BA-EEB416B32A3C,CDA3BBF7_s4,7D9BB102-A612-4E2A-8E22-3159752F55D8,debounce,"{""theta"": 0.9196776961650969, ""n"": 2}",180,60,120,0.016666666666666666,0.008333333333333333,1,1,60,120,2,1.1173184357541899,0,60.0,60.0,0.6666666666666666,1.0,1,0.008333333333333333,1.0
CDA3BBF7-6631-45E8-85BA-EEB416B32A3C,CDA3BBF7_s4,7D9BB102-A612-4E2A-8E22-3159752F55D8,margin_dual_threshold,"{""theta"": 0.9103975658169662, ""margin"": 0.2}",180,60,120,0.0,0.5,0,60,60,120,1,0.5586592178770949,0,90.0,90.0,0.3333333333333333,0.0,60,0.5,
CDA3BBF7-6631-45E8-85BA-EEB416B32A3C,CDA3BBF7_s4,7D9BB102-A612-4E2A-8E22-3159752F55D8,hysteresis,"{""theta"": 0.9206535413117318, ""margin"": 0.1, ""ttt_frames"": 2}",180,60,120,0.016666666666666666,0.008333333333333333,1,1,60,120,2,1.1173184357541899,0,60.0,60.0,0.6666666666666666,1.0,1,0.008333333333333333,1.0
CDA3BBF7-6631-45E8-85BA-EEB416B32A3C,CDA3BBF7_s4,7D9BB102-A612-4E2A-8E22-3159752F55D8,trust_model,"{""theta"": 0.9420982448809027, ""gain"": 0.6, ""decay"": 0.2, ""tau_lo"": 0.4, ""tau_hi"": 0.6}",180,60,120,0.0,0.09166666666666666,0,11,60,120,2,1.1173184357541899,0,60.0,60.0,0.6055555555555555,0.0,11,0.09166666666666666,11.0
CDA3BBF7-6631-45E8-85BA-EEB416B32A3C,CDA3BBF7_s4,7D9BB102-A612-4E2A-8E22-3159752F55D8,sprt,"{""A"": 16, ""B"": 16, ""mu_gen"": 0.9719402946092771, ""sd_gen"": 0.020863321435747643, ""mu_imp"": 0.626628882852765, ""sd_imp"": 0.24462732041686938}",180,60,120,0.0,0.041666666666666664,0,5,60,120,2,1.1173184357541899,0,60.0,60.0,0.6388888888888888,0.0,5,0.041666666666666664,5.0
CDA3BBF7-6631-45E8-85BA-EEB416B32A3C,CDA3BBF7_s5,F50235E0-DD67-4F2A-B00B-1F31ADA998B9,instantaneous,"{""theta"": 0.9199214107385858}",180,60,120,0.0,0.0,0,0,60,120,2,1.1173184357541899,0,60.0,60.0,0.6666666666666666,0.0,0,0.0,0.0
CDA3BBF7-6631-45E8-85BA-EEB416B32A3C,CDA3BBF7_s5,F50235E0-DD67-4F2A-B00B-1F31ADA998B9,moving_average,"{""theta"": 0.9136982866694526, ""w"": 5}",180,60,120,0.016666666666666666,0.025,1,3,60,120,2,1.1173184357541899,0,60.0,61.0,0.6555555555555556,1.0,3,0.025,3.0
CDA3BBF7-6631-45E8-85BA-EEB416B32A3C,CDA3BBF7_s5,F50235E0-DD67-4F2A-B00B-1F31ADA998B9,ewma,"{""theta"": 0.9103975658169662, ""alpha"": 0.5}",180,60,120,0.0,0.016666666666666666,0,2,60,120,2,1.1173184357541899,0,60.0,60.0,0.6555555555555556,0.0,2,0.016666666666666666,2.0
CDA3BBF7-6631-45E8-85BA-EEB416B32A3C,CDA3BBF7_s5,F50235E0-DD67-4F2A-B00B-1F31ADA998B9,majority_vote,"{""theta"": 0.9457720643543669, ""w"": 5, ""k"": 3}",180,60,120,0.03333333333333333,0.016666666666666666,2,2,60,120,2,1.1173184357541899,0,60.0,60.0,0.6666666666666666,2.0,2,0.016666666666666666,2.0
CDA3BBF7-6631-45E8-85BA-EEB416B32A3C,CDA3BBF7_s5,F50235E0-DD67-4F2A-B00B-1F31ADA998B9,debounce,"{""theta"": 0.9196776961650969, ""n"": 2}",180,60,120,0.016666666666666666,0.008333333333333333,1,1,60,120,2,1.1173184357541899,0,60.0,60.0,0.6666666666666666,1.0,1,0.008333333333333333,1.0
CDA3BBF7-6631-45E8-85BA-EEB416B32A3C,CDA3BBF7_s5,F50235E0-DD67-4F2A-B00B-1F31ADA998B9,margin_dual_threshold,"{""theta"": 0.9103975658169662, ""margin"": 0.2}",180,60,120,0.0,0.5,0,60,60,120,1,0.5586592178770949,0,90.0,90.0,0.3333333333333333,0.0,60,0.5,
CDA3BBF7-6631-45E8-85BA-EEB416B32A3C,CDA3BBF7_s5,F50235E0-DD67-4F2A-B00B-1F31ADA998B9,hysteresis,"{""theta"": 0.9206535413117318, ""margin"": 0.1, ""ttt_frames"": 2}",180,60,120,0.016666666666666666,0.008333333333333333,1,1,60,120,2,1.1173184357541899,0,60.0,60.0,0.6666666666666666,1.0,1,0.008333333333333333,1.0
CDA3BBF7-6631-45E8-85BA-EEB416B32A3C,CDA3BBF7_s5,F50235E0-DD67-4F2A-B00B-1F31ADA998B9,trust_model,"{""theta"": 0.9420982448809027, ""gain"": 0.6, ""decay"": 0.2, ""tau_lo"": 0.4, ""tau_hi"": 0.6}",180,60,120,0.016666666666666666,0.09166666666666666,1,11,60,120,2,1.1173184357541899,0,60.0,61.0,0.6111111111111112,1.0,11,0.09166666666666666,11.0
CDA3BBF7-6631-45E8-85BA-EEB416B32A3C,CDA3BBF7_s5,F50235E0-DD67-4F2A-B00B-1F31ADA998B9,sprt,"{""A"": 16, ""B"": 16, ""mu_gen"": 0.9719402946092771, ""sd_gen"": 0.020863321435747643, ""mu_imp"": 0.626628882852765, ""sd_imp"": 0.24462732041686938}",180,60,120,0.0,0.03333333333333333,0,4,60,120,2,1.1173184357541899,0,60.0,60.0,0.6444444444444445,0.0,4,0.03333333333333333,4.0
CF722AA9-2533-4E51-9FEB-9EAC84EE9AAC,CF722AA9_s0,098A72A5-E3E5-4F54-A152-BBDA0DF7B694,instantaneous,"{""theta"": 0.903432173777746}",180,60,120,0.0,0.0,0,0,60,120,2,1.1173184357541899,0,60.0,60.0,0.6666666666666666,0.0,0,0.0,0.0
CF722AA9-2533-4E51-9FEB-9EAC84EE9AAC,CF722AA9_s0,098A72A5-E3E5-4F54-A152-BBDA0DF7B694,moving_average,"{""theta"": 0.8799864363378401, ""w"": 5}",180,60,120,0.0,0.03333333333333333,0,4,60,120,2,1.1173184357541899,0,60.0,60.0,0.6444444444444445,0.0,4,0.03333333333333333,4.0
CF722AA9-2533-4E51-9FEB-9EAC84EE9AAC,CF722AA9_s0,098A72A5-E3E5-4F54-A152-BBDA0DF7B694,ewma,"{""theta"": 0.874594261030546, ""alpha"": 0.2}",180,60,120,0.0,0.058333333333333334,0,7,60,120,2,1.1173184357541899,0,60.0,60.0,0.6277777777777778,0.0,7,0.058333333333333334,7.0
CF722AA9-2533-4E51-9FEB-9EAC84EE9AAC,CF722AA9_s0,098A72A5-E3E5-4F54-A152-BBDA0DF7B694,majority_vote,"{""theta"": 0.9102182509355295, ""w"": 3, ""k"": 2}",180,60,120,0.016666666666666666,0.008333333333333333,1,1,60,120,2,1.1173184357541899,0,60.0,60.0,0.6666666666666666,1.0,1,0.008333333333333333,1.0
CF722AA9-2533-4E51-9FEB-9EAC84EE9AAC,CF722AA9_s0,098A72A5-E3E5-4F54-A152-BBDA0DF7B694,debounce,"{""theta"": 0.905348591365438, ""n"": 2}",180,60,120,0.016666666666666666,0.008333333333333333,1,1,60,120,2,1.1173184357541899,0,60.0,60.0,0.6666666666666666,1.0,1,0.008333333333333333,1.0
CF722AA9-2533-4E51-9FEB-9EAC84EE9AAC,CF722AA9_s0,098A72A5-E3E5-4F54-A152-BBDA0DF7B694,margin_dual_threshold,"{""theta"": 0.860507302272961, ""margin"": 0.1}",180,60,120,0.0,0.0,0,0,60,120,2,1.1173184357541899,0,60.0,60.0,0.6666666666666666,0.0,0,0.0,0.0
CF722AA9-2533-4E51-9FEB-9EAC84EE9AAC,CF722AA9_s0,098A72A5-E3E5-4F54-A152-BBDA0DF7B694,hysteresis,"{""theta"": 0.958181775172272, ""margin"": 0.05, ""ttt_frames"": 3}",180,60,120,0.03333333333333333,0.058333333333333334,2,7,60,120,2,1.1173184357541899,0,60.0,62.0,0.6388888888888888,2.0,7,0.058333333333333334,7.0
CF722AA9-2533-4E51-9FEB-9EAC84EE9AAC,CF722AA9_s0,098A72A5-E3E5-4F54-A152-BBDA0DF7B694,trust_model,"{""theta"": 0.930624817443176, ""gain"": 0.6, ""decay"": 0.05, ""tau_lo"": 0.4, ""tau_hi"": 0.6}",180,60,120,0.016666666666666666,0.13333333333333333,1,16,60,120,2,1.1173184357541899,0,60.0,61.0,0.5833333333333334,1.0,16,0.13333333333333333,16.0
CF722AA9-2533-4E51-9FEB-9EAC84EE9AAC,CF722AA9_s0,098A72A5-E3E5-4F54-A152-BBDA0DF7B694,sprt,"{""A"": 2, ""B"": 4, ""mu_gen"": 0.9581670609208405, ""sd_gen"": 0.028362032244021278, ""mu_imp"": 0.5024460900270835, ""sd_imp"": 0.3001218062028427}",180,60,120,0.0,0.0,0,0,60,120,2,1.1173184357541899,0,60.0,60.0,0.6666666666666666,0.0,0,0.0,0.0
CF722AA9-2533-4E51-9FEB-9EAC84EE9AAC,CF722AA9_s1,24E40C4C-A349-4F9F-93AB-01D00FB994AF,instantaneous,"{""theta"": 0.903432173777746}",180,60,120,0.05,0.0,3,0,60,120,8,4.4692737430167595,6,20.0,13.0,0.6833333333333333,0.0,0,0.0,0.0
CF722AA9-2533-4E51-9FEB-9EAC84EE9AAC,CF722AA9_s1,24E40C4C-A349-4F9F-93AB-01D00FB994AF,moving_average,"{""theta"": 0.8799864363378401, ""w"": 5}",180,60,120,0.016666666666666666,0.025,1,3,60,120,2,1.1173184357541899,0,60.0,61.0,0.6555555555555556,1.0,3,0.025,3.0
CF722AA9-2533-4E51-9FEB-9EAC84EE9AAC,CF722AA9_s1,24E40C4C-A349-4F9F-93AB-01D00FB994AF,ewma,"{""theta"": 0.874594261030546, ""alpha"": 0.2}",180,60,120,0.06666666666666667,0.03333333333333333,4,4,60,120,2,1.1173184357541899,0,60.0,60.0,0.6666666666666666,4.0,4,0.03333333333333333,4.0
CF722AA9-2533-4E51-9FEB-9EAC84EE9AAC,CF722AA9_s1,24E40C4C-A349-4F9F-93AB-01D00FB994AF,majority_vote,"{""theta"": 0.9102182509355295, ""w"": 3, ""k"": 2}",180,60,120,0.016666666666666666,0.008333333333333333,1,1,60,120,2,1.1173184357541899,0,60.0,60.0,0.6666666666666666,1.0,1,0.008333333333333333,1.0
CF722AA9-2533-4E51-9FEB-9EAC84EE9AAC,CF722AA9_s1,24E40C4C-A349-4F9F-93AB-01D00FB994AF,debounce,"{""theta"": 0.905348591365438, ""n"": 2}",180,60,120,0.016666666666666666,0.008333333333333333,1,1,60,120,2,1.1173184357541899,0,60.0,60.0,0.6666666666666666,1.0,1,0.008333333333333333,1.0
CF722AA9-2533-4E51-9FEB-9EAC84EE9AAC,CF722AA9_s1,24E40C4C-A349-4F9F-93AB-01D00FB994AF,margin_dual_threshold,"{""theta"": 0.860507302272961, ""margin"": 0.1}",180,60,120,0.03333333333333333,0.0,2,0,60,120,4,2.2346368715083798,2,36.0,42.0,0.6777777777777778,0.0,0,0.0,0.0
CF722AA9-2533-4E51-9FEB-9EAC84EE9AAC,CF722AA9_s1,24E40C4C-A349-4F9F-93AB-01D00FB994AF,hysteresis,"{""theta"": 0.958181775172272, ""margin"": 0.05, ""ttt_frames"": 3}",180,60,120,0.03333333333333333,0.2916666666666667,2,35,60,120,2,1.1173184357541899,0,60.0,62.0,0.48333333333333334,2.0,35,0.2916666666666667,35.0
CF722AA9-2533-4E51-9FEB-9EAC84EE9AAC,CF722AA9_s1,24E40C4C-A349-4F9F-93AB-01D00FB994AF,trust_model,"{""theta"": 0.930624817443176, ""gain"": 0.6, ""decay"": 0.05, ""tau_lo"": 0.4, ""tau_hi"": 0.6}",180,60,120,0.08333333333333333,0.20833333333333334,5,25,60,120,2,1.1173184357541899,0,60.0,65.0,0.5555555555555556,5.0,25,0.20833333333333334,25.0
CF722AA9-2533-4E51-9FEB-9EAC84EE9AAC,CF722AA9_s1,24E40C4C-A349-4F9F-93AB-01D00FB994AF,sprt,"{""A"": 2, ""B"": 4, ""mu_gen"": 0.9581670609208405, ""sd_gen"": 0.028362032244021278, ""mu_imp"": 0.5024460900270835, ""sd_imp"": 0.3001218062028427}",180,60,120,0.03333333333333333,0.0,2,0,60,120,4,2.2346368715083798,2,36.0,42.0,0.6777777777777778,0.0,0,0.0,0.0
CF722AA9-2533-4E51-9FEB-9EAC84EE9AAC,CF722AA9_s2,61359772-D8D8-480D-B623-7C636EAD0C81,instantaneous,"{""theta"": 0.903432173777746}",180,60,120,0.0,0.0,0,0,60,120,2,1.1173184357541899,0,60.0,60.0,0.6666666666666666,0.0,0,0.0,0.0
CF722AA9-2533-4E51-9FEB-9EAC84EE9AAC,CF722AA9_s2,61359772-D8D8-480D-B623-7C636EAD0C81,moving_average,"{""theta"": 0.8799864363378401, ""w"": 5}",180,60,120,0.0,0.03333333333333333,0,4,60,120,2,1.1173184357541899,0,60.0,60.0,0.6444444444444445,0.0,4,0.03333333333333333,4.0
CF722AA9-2533-4E51-9FEB-9EAC84EE9AAC,CF722AA9_s2,61359772-D8D8-480D-B623-7C636EAD0C81,ewma,"{""theta"": 0.874594261030546, ""alpha"": 0.2}",180,60,120,0.0,0.075,0,9,60,120,2,1.1173184357541899,0,60.0,60.0,0.6166666666666667,0.0,9,0.075,9.0
CF722AA9-2533-4E51-9FEB-9EAC84EE9AAC,CF722AA9_s2,61359772-D8D8-480D-B623-7C636EAD0C81,majority_vote,"{""theta"": 0.9102182509355295, ""w"": 3, ""k"": 2}",180,60,120,0.016666666666666666,0.008333333333333333,1,1,60,120,2,1.1173184357541899,0,60.0,60.0,0.6666666666666666,1.0,1,0.008333333333333333,1.0
CF722AA9-2533-4E51-9FEB-9EAC84EE9AAC,CF722AA9_s2,61359772-D8D8-480D-B623-7C636EAD0C81,debounce,"{""theta"": 0.905348591365438, ""n"": 2}",180,60,120,0.016666666666666666,0.008333333333333333,1,1,60,120,2,1.1173184357541899,0,60.0,60.0,0.6666666666666666,1.0,1,0.008333333333333333,1.0
CF722AA9-2533-4E51-9FEB-9EAC84EE9AAC,CF722AA9_s2,61359772-D8D8-480D-B623-7C636EAD0C81,margin_dual_threshold,"{""theta"": 0.860507302272961, ""margin"": 0.1}",180,60,120,0.0,0.0,0,0,60,120,2,1.1173184357541899,0,60.0,60.0,0.6666666666666666,0.0,0,0.0,0.0
CF722AA9-2533-4E51-9FEB-9EAC84EE9AAC,CF722AA9_s2,61359772-D8D8-480D-B623-7C636EAD0C81,hysteresis,"{""theta"": 0.958181775172272, ""margin"": 0.05, ""ttt_frames"": 3}",180,60,120,0.03333333333333333,0.3,2,36,60,120,2,1.1173184357541899,0,60.0,62.0,0.4777777777777778,2.0,36,0.3,36.0
CF722AA9-2533-4E51-9FEB-9EAC84EE9AAC,CF722AA9_s2,61359772-D8D8-480D-B623-7C636EAD0C81,trust_model,"{""theta"": 0.930624817443176, ""gain"": 0.6, ""decay"": 0.05, ""tau_lo"": 0.4, ""tau_hi"": 0.6}",180,60,120,0.016666666666666666,0.21666666666666667,1,26,60,120,2,1.1173184357541899,0,60.0,61.0,0.5277777777777778,1.0,26,0.21666666666666667,26.0
CF722AA9-2533-4E51-9FEB-9EAC84EE9AAC,CF722AA9_s2,61359772-D8D8-480D-B623-7C636EAD0C81,sprt,"{""A"": 2, ""B"": 4, ""mu_gen"": 0.9581670609208405, ""sd_gen"": 0.028362032244021278, ""mu_imp"": 0.5024460900270835, ""sd_imp"": 0.3001218062028427}",180,60,120,0.0,0.0,0,0,60,120,2,1.1173184357541899,0,60.0,60.0,0.6666666666666666,0.0,0,0.0,0.0
CF722AA9-2533-4E51-9FEB-9EAC84EE9AAC,CF722AA9_s3,481F4DD2-7689-43B9-A2AA-C8772227162B,instantaneous,"{""theta"": 0.903432173777746}",180,60,120,0.0,0.0,0,0,60,120,2,1.1173184357541899,0,60.0,60.0,0.6666666666666666,0.0,0,0.0,0.0
CF722AA9-2533-4E51-9FEB-9EAC84EE9AAC,CF722AA9_s3,481F4DD2-7689-43B9-A2AA-C8772227162B,moving_average,"{""theta"": 0.8799864363378401, ""w"": 5}",180,60,120,0.016666666666666666,0.03333333333333333,1,4,60,120,2,1.1173184357541899,0,60.0,61.0,0.65,1.0,4,0.03333333333333333,4.0
CF722AA9-2533-4E51-9FEB-9EAC84EE9AAC,CF722AA9_s3,481F4DD2-7689-43B9-A2AA-C8772227162B,ewma,"{""theta"": 0.874594261030546, ""alpha"": 0.2}",180,60,120,0.016666666666666666,0.058333333333333334,1,7,60,120,2,1.1173184357541899,0,60.0,61.0,0.6333333333333333,1.0,7,0.058333333333333334,7.0
CF722AA9-2533-4E51-9FEB-9EAC84EE9AAC,CF722AA9_s3,481F4DD2-7689-43B9-A2AA-C8772227162B,majority_vote,"{""theta"": 0.9102182509355295, ""w"": 3, ""k"": 2}",180,60,120,0.016666666666666666,0.008333333333333333,1,1,60,120,2,1.1173184357541899,0,60.0,60.0,0.6666666666666666,1.0,1,0.008333333333333333,1.0
CF722AA9-2533-4E51-9FEB-9EAC84EE9AAC,CF722AA9_s3,481F4DD2-7689-43B9-A2AA-C8772227162B,debounce,"{""theta"": 0.905348591365438, ""n"": 2}",180,60,120,0.016666666666666666,0.008333333333333333,1,1,60,120,2,1.1173184357541899,0,60.0,60.0,0.6666666666666666,1.0,1,0.008333333333333333,1.0
CF722AA9-2533-4E51-9FEB-9EAC84EE9AAC,CF722AA9_s3,481F4DD2-7689-43B9-A2AA-C8772227162B,margin_dual_threshold,"{""theta"": 0.860507302272961, ""margin"": 0.1}",180,60,120,0.0,0.0,0,0,60,120,2,1.1173184357541899,0,60.0,60.0,0.6666666666666666,0.0,0,0.0,0.0
CF722AA9-2533-4E51-9FEB-9EAC84EE9AAC,CF722AA9_s3,481F4DD2-7689-43B9-A2AA-C8772227162B,hysteresis,"{""theta"": 0.958181775172272, ""margin"": 0.05, ""ttt_frames"": 3}",180,60,120,0.03333333333333333,0.15833333333333333,2,19,60,120,2,1.1173184357541899,0,60.0,62.0,0.5722222222222222,2.0,19,0.15833333333333333,19.0
CF722AA9-2533-4E51-9FEB-9EAC84EE9AAC,CF722AA9_s3,481F4DD2-7689-43B9-A2AA-C8772227162B,trust_model,"{""theta"": 0.930624817443176, ""gain"": 0.6, ""decay"": 0.05, ""tau_lo"": 0.4, ""tau_hi"": 0.6}",180,60,120,0.03333333333333333,0.14166666666666666,2,17,60,120,2,1.1173184357541899,0,60.0,62.0,0.5833333333333334,2.0,17,0.14166666666666666,17.0
CF722AA9-2533-4E51-9FEB-9EAC84EE9AAC,CF722AA9_s3,481F4DD2-7689-43B9-A2AA-C8772227162B,sprt,"{""A"": 2, ""B"": 4, ""mu_gen"": 0.9581670609208405, ""sd_gen"": 0.028362032244021278, ""mu_imp"": 0.5024460900270835, ""sd_imp"": 0.3001218062028427}",180,60,120,0.0,0.0,0,0,60,120,2,1.1173184357541899,0,60.0,60.0,0.6666666666666666,0.0,0,0.0,0.0
CF722AA9-2533-4E51-9FEB-9EAC84EE9AAC,CF722AA9_s4,B9724848-C7E2-45F4-9B3F-A1F38D864495,instantaneous,"{""theta"": 0.903432173777746}",180,60,120,0.0,0.0,0,0,60,120,2,1.1173184357541899,0,60.0,60.0,0.6666666666666666,0.0,0,0.0,0.0
CF722AA9-2533-4E51-9FEB-9EAC84EE9AAC,CF722AA9_s4,B9724848-C7E2-45F4-9B3F-A1F38D864495,moving_average,"{""theta"": 0.8799864363378401, ""w"": 5}",180,60,120,0.0,0.03333333333333333,0,4,60,120,2,1.1173184357541899,0,60.0,60.0,0.6444444444444445,0.0,4,0.03333333333333333,4.0
CF722AA9-2533-4E51-9FEB-9EAC84EE9AAC,CF722AA9_s4,B9724848-C7E2-45F4-9B3F-A1F38D864495,ewma,"{""theta"": 0.874594261030546, ""alpha"": 0.2}",180,60,120,0.0,0.08333333333333333,0,10,60,120,2,1.1173184357541899,0,60.0,60.0,0.6111111111111112,0.0,10,0.08333333333333333,10.0
CF722AA9-2533-4E51-9FEB-9EAC84EE9AAC,CF722AA9_s4,B9724848-C7E2-45F4-9B3F-A1F38D864495,majority_vote,"{""theta"": 0.9102182509355295, ""w"": 3, ""k"": 2}",180,60,120,0.016666666666666666,0.008333333333333333,1,1,60,120,2,1.1173184357541899,0,60.0,60.0,0.6666666666666666,1.0,1,0.008333333333333333,1.0
CF722AA9-2533-4E51-9FEB-9EAC84EE9AAC,CF722AA9_s4,B9724848-C7E2-45F4-9B3F-A1F38D864495,debounce,"{""theta"": 0.905348591365438, ""n"": 2}",180,60,120,0.016666666666666666,0.008333333333333333,1,1,60,120,2,1.1173184357541899,0,60.0,60.0,0.6666666666666666,1.0,1,0.008333333333333333,1.0
CF722AA9-2533-4E51-9FEB-9EAC84EE9AAC,CF722AA9_s4,B9724848-C7E2-45F4-9B3F-A1F38D864495,margin_dual_threshold,"{""theta"": 0.860507302272961, ""margin"": 0.1}",180,60,120,0.0,0.0,0,0,60,120,2,1.1173184357541899,0,60.0,60.0,0.6666666666666666,0.0,0,0.0,0.0
CF722AA9-2533-4E51-9FEB-9EAC84EE9AAC,CF722AA9_s4,B9724848-C7E2-45F4-9B3F-A1F38D864495,hysteresis,"{""theta"": 0.958181775172272, ""margin"": 0.05, ""ttt_frames"": 3}",180,60,120,0.03333333333333333,0.5,2,60,60,120,1,0.5586592178770949,0,90.0,90.0,0.34444444444444444,2.0,60,0.5,
CF722AA9-2533-4E51-9FEB-9EAC84EE9AAC,CF722AA9_s4,B9724848-C7E2-45F4-9B3F-A1F38D864495,trust_model,"{""theta"": 0.930624817443176, ""gain"": 0.6, ""decay"": 0.05, ""tau_lo"": 0.4, ""tau_hi"": 0.6}",180,60,120,0.016666666666666666,0.15,1,18,60,120,2,1.1173184357541899,0,60.0,61.0,0.5722222222222222,1.0,18,0.15,18.0
CF722AA9-2533-4E51-9FEB-9EAC84EE9AAC,CF722AA9_s4,B9724848-C7E2-45F4-9B3F-A1F38D864495,sprt,"{""A"": 2, ""B"": 4, ""mu_gen"": 0.9581670609208405, ""sd_gen"": 0.028362032244021278, ""mu_imp"": 0.5024460900270835, ""sd_imp"": 0.3001218062028427}",180,60,120,0.0,0.0,0,0,60,120,2,1.1173184357541899,0,60.0,60.0,0.6666666666666666,0.0,0,0.0,0.0
CF722AA9-2533-4E51-9FEB-9EAC84EE9AAC,CF722AA9_s5,665514DE-49DC-421F-8DCB-145D0B2609AD,instantaneous,"{""theta"": 0.903432173777746}",180,60,120,0.0,0.0,0,0,60,120,2,1.1173184357541899,0,60.0,60.0,0.6666666666666666,0.0,0,0.0,0.0
CF722AA9-2533-4E51-9FEB-9EAC84EE9AAC,CF722AA9_s5,665514DE-49DC-421F-8DCB-145D0B2609AD,moving_average,"{""theta"": 0.8799864363378401, ""w"": 5}",180,60,120,0.0,0.03333333333333333,0,4,60,120,2,1.1173184357541899,0,60.0,60.0,0.6444444444444445,0.0,4,0.03333333333333333,4.0
CF722AA9-2533-4E51-9FEB-9EAC84EE9AAC,CF722AA9_s5,665514DE-49DC-421F-8DCB-145D0B2609AD,ewma,"{""theta"": 0.874594261030546, ""alpha"": 0.2}",180,60,120,0.0,0.08333333333333333,0,10,60,120,2,1.1173184357541899,0,60.0,60.0,0.6111111111111112,0.0,10,0.08333333333333333,10.0
CF722AA9-2533-4E51-9FEB-9EAC84EE9AAC,CF722AA9_s5,665514DE-49DC-421F-8DCB-145D0B2609AD,majority_vote,"{""theta"": 0.9102182509355295, ""w"": 3, ""k"": 2}",180,60,120,0.016666666666666666,0.008333333333333333,1,1,60,120,2,1.1173184357541899,0,60.0,60.0,0.6666666666666666,1.0,1,0.008333333333333333,1.0
CF722AA9-2533-4E51-9FEB-9EAC84EE9AAC,CF722AA9_s5,665514DE-49DC-421F-8DCB-145D0B2609AD,debounce,"{""theta"": 0.905348591365438, ""n"": 2}",180,60,120,0.016666666666666666,0.008333333333333333,1,1,60,120,2,1.1173184357541899,0,60.0,60.0,0.6666666666666666,1.0,1,0.008333333333333333,1.0
CF722AA9-2533-4E51-9FEB-9EAC84EE9AAC,CF722AA9_s5,665514DE-49DC-421F-8DCB-145D0B2609AD,margin_dual_threshold,"{""theta"": 0.860507302272961, ""margin"": 0.1}",180,60,120,0.0,0.0,0,0,60,120,2,1.1173184357541899,0,60.0,60.0,0.6666666666666666,0.0,0,0.0,0.0
CF722AA9-2533-4E51-9FEB-9EAC84EE9AAC,CF722AA9_s5,665514DE-49DC-421F-8DCB-145D0B2609AD,hysteresis,"{""theta"": 0.958181775172272, ""margin"": 0.05, ""ttt_frames"": 3}",180,60,120,0.03333333333333333,0.5,2,60,60,120,1,0.5586592178770949,0,90.0,90.0,0.34444444444444444,2.0,60,0.5,
CF722AA9-2533-4E51-9FEB-9EAC84EE9AAC,CF722AA9_s5,665514DE-49DC-421F-8DCB-145D0B2609AD,trust_model,"{""theta"": 0.930624817443176, ""gain"": 0.6, ""decay"": 0.05, ""tau_lo"": 0.4, ""tau_hi"": 0.6}",180,60,120,0.016666666666666666,0.2,1,24,60,120,2,1.1173184357541899,0,60.0,61.0,0.5388888888888889,1.0,24,0.2,24.0
CF722AA9-2533-4E51-9FEB-9EAC84EE9AAC,CF722AA9_s5,665514DE-49DC-421F-8DCB-145D0B2609AD,sprt,"{""A"": 2, ""B"": 4, ""mu_gen"": 0.9581670609208405, ""sd_gen"": 0.028362032244021278, ""mu_imp"": 0.5024460900270835, ""sd_imp"": 0.3001218062028427}",180,60,120,0.0,0.0,0,0,60,120,2,1.1173184357541899,0,60.0,60.0,0.6666666666666666,0.0,0,0.0,0.0
D7D20E2E-FC78-405D-B346-DBD3FD8FC92B,D7D20E2E_s0,61359772-D8D8-480D-B623-7C636EAD0C81,instantaneous,"{""theta"": 0.8572518037843169}",180,60,120,0.0,0.0,0,0,60,120,2,1.1173184357541899,0,60.0,60.0,0.6666666666666666,0.0,0,0.0,0.0
D7D20E2E-FC78-405D-B346-DBD3FD8FC92B,D7D20E2E_s0,61359772-D8D8-480D-B623-7C636EAD0C81,moving_average,"{""theta"": 0.8371489660472964, ""w"": 3}",180,60,120,0.0,0.016666666666666666,0,2,60,120,2,1.1173184357541899,0,60.0,60.0,0.6555555555555556,0.0,2,0.016666666666666666,2.0
D7D20E2E-FC78-405D-B346-DBD3FD8FC92B,D7D20E2E_s0,61359772-D8D8-480D-B623-7C636EAD0C81,ewma,"{""theta"": 0.8338275239211091, ""alpha"": 0.2}",180,60,120,0.0,0.06666666666666667,0,8,60,120,2,1.1173184357541899,0,60.0,60.0,0.6222222222222222,0.0,8,0.06666666666666667,8.0
D7D20E2E-FC78-405D-B346-DBD3FD8FC92B,D7D20E2E_s0,61359772-D8D8-480D-B623-7C636EAD0C81,majority_vote,"{""theta"": 0.9240849052919352, ""w"": 5, ""k"": 3}",180,60,120,0.0,0.4166666666666667,0,50,60,120,5,2.793296089385475,0,30.0,23.0,0.3888888888888889,0.0,50,0.4166666666666667,2.0
D7D20E2E-FC78-405D-B346-DBD3FD8FC92B,D7D20E2E_s0,61359772-D8D8-480D-B623-7C636EAD0C81,debounce,"{""theta"": 0.854798533940186, ""n"": 2}",180,60,120,0.016666666666666666,0.008333333333333333,1,1,60,120,2,1.1173184357541899,0,60.0,60.0,0.6666666666666666,1.0,1,0.008333333333333333,1.0
D7D20E2E-FC78-405D-B346-DBD3FD8FC92B,D7D20E2E_s0,61359772-D8D8-480D-B623-7C636EAD0C81,margin_dual_threshold,"{""theta"": 0.8427256382717717, ""margin"": 0.05}",180,60,120,0.0,0.0,0,0,60,120,2,1.1173184357541899,0,60.0,60.0,0.6666666666666666,0.0,0,0.0,0.0
D7D20E2E-FC78-405D-B346-DBD3FD8FC92B,D7D20E2E_s0,61359772-D8D8-480D-B623-7C636EAD0C81,hysteresis,"{""theta"": 0.9240849052919352, ""margin"": 0.05, ""ttt_frames"": 3}",180,60,120,0.0,0.5,0,60,60,120,2,1.1173184357541899,0,60.0,52.0,0.3333333333333333,0.0,60,0.5,8.0
D7D20E2E-FC78-405D-B346-DBD3FD8FC92B,D7D20E2E_s0,61359772-D8D8-480D-B623-7C636EAD0C81,trust_model,"{""theta"": 0.8692076727802561, ""gain"": 0.6, ""decay"": 0.2, ""tau_lo"": 0.4, ""tau_hi"": 0.6}",180,60,120,0.0,0.058333333333333334,0,7,60,120,2,1.1173184357541899,0,60.0,60.0,0.6277777777777778,0.0,7,0.058333333333333334,7.0
D7D20E2E-FC78-405D-B346-DBD3FD8FC92B,D7D20E2E_s0,61359772-D8D8-480D-B623-7C636EAD0C81,sprt,"{""A"": 1, ""B"": 4, ""mu_gen"": 0.9638414263707176, ""sd_gen"": 0.03232462950793989, ""mu_imp"": 0.4543971988977847, ""sd_imp"": 0.27834558756606}",180,60,120,0.0,0.0,0,0,60,120,2,1.1173184357541899,0,60.0,60.0,0.6666666666666666,0.0,0,0.0,0.0
D7D20E2E-FC78-405D-B346-DBD3FD8FC92B,D7D20E2E_s1,806289BC-AD52-4CC1-806C-0CDB14D65EB6,instantaneous,"{""theta"": 0.8572518037843169}",180,60,120,0.0,0.0,0,0,60,120,2,1.1173184357541899,0,60.0,60.0,0.6666666666666666,0.0,0,0.0,0.0
D7D20E2E-FC78-405D-B346-DBD3FD8FC92B,D7D20E2E_s1,806289BC-AD52-4CC1-806C-0CDB14D65EB6,moving_average,"{""theta"": 0.8371489660472964, ""w"": 3}",180,60,120,0.0,0.016666666666666666,0,2,60,120,2,1.1173184357541899,0,60.0,60.0,0.6555555555555556,0.0,2,0.016666666666666666,2.0
D7D20E2E-FC78-405D-B346-DBD3FD8FC92B,D7D20E2E_s1,806289BC-AD52-4CC1-806C-0CDB14D65EB6,ewma,"{""theta"": 0.8338275239211091, ""alpha"": 0.2}",180,60,120,0.0,0.075,0,9,60,120,2,1.1173184357541899,0,60.0,60.0,0.6166666666666667,0.0,9,0.075,9.0
D7D20E2E-FC78-405D-B346-DBD3FD8FC92B,D7D20E2E_s1,806289BC-AD52-4CC1-806C-0CDB14D65EB6,majority_vote,"{""theta"": 0.9240849052919352, ""w"": 5, ""k"": 3}",180,60,120,0.03333333333333333,0.375,2,45,60,120,11,6.145251396648045,6,15.0,6.5,0.42777777777777776,2.0,45,0.375,2.0
D7D20E2E-FC78-405D-B346-DBD3FD8FC92B,D7D20E2E_s1,806289BC-AD52-4CC1-806C-0CDB14D65EB6,debounce,"{""theta"": 0.854798533940186, ""n"": 2}",180,60,120,0.016666666666666666,0.008333333333333333,1,1,60,120,2,1.1173184357541899,0,60.0,60.0,0.6666666666666666,1.0,1,0.008333333333333333,1.0
D7D20E2E-FC78-405D-B346-DBD3FD8FC92B,D7D20E2E_s1,806289BC-AD52-4CC1-806C-0CDB14D65EB6,margin_dual_threshold,"{""theta"": 0.8427256382717717, ""margin"": 0.05}",180,60,120,0.0,0.0,0,0,60,120,2,1.1173184357541899,0,60.0,60.0,0.6666666666666666,0.0,0,0.0,0.0
D7D20E2E-FC78-405D-B346-DBD3FD8FC92B,D7D20E2E_s1,806289BC-AD52-4CC1-806C-0CDB14D65EB6,hysteresis,"{""theta"": 0.9240849052919352, ""margin"": 0.05, ""ttt_frames"": 3}",180,60,120,0.03333333333333333,0.5,2,60,60,120,1,0.5586592178770949,0,90.0,90.0,0.34444444444444444,2.0,60,0.5,
D7D20E2E-FC78-405D-B346-DBD3FD8FC92B,D7D20E2E_s1,806289BC-AD52-4CC1-806C-0CDB14D65EB6,trust_model,"{""theta"": 0.8692076727802561, ""gain"": 0.6, ""decay"": 0.2, ""tau_lo"": 0.4, ""tau_hi"": 0.6}",180,60,120,0.0,0.09166666666666666,0,11,60,120,2,1.1173184357541899,0,60.0,60.0,0.6055555555555555,0.0,11,0.09166666666666666,11.0
D7D20E2E-FC78-405D-B346-DBD3FD8FC92B,D7D20E2E_s1,806289BC-AD52-4CC1-806C-0CDB14D65EB6,sprt,"{""A"": 1, ""B"": 4, ""mu_gen"": 0.9638414263707176, ""sd_gen"": 0.03232462950793989, ""mu_imp"": 0.4543971988977847, ""sd_imp"": 0.27834558756606}",180,60,120,0.0,0.0,0,0,60,120,2,1.1173184357541899,0,60.0,60.0,0.6666666666666666,0.0,0,0.0,0.0
D7D20E2E-FC78-405D-B346-DBD3FD8FC92B,D7D20E2E_s2,A5CDF89D-02A2-4EC1-89F8-F534FDABDD96,instantaneous,"{""theta"": 0.8572518037843169}",180,60,120,0.08333333333333333,0.0,5,0,60,120,6,3.35195530726257,4,25.714285714285715,8.0,0.6944444444444444,0.0,0,0.0,0.0
D7D20E2E-FC78-405D-B346-DBD3FD8FC92B,D7D20E2E_s2,A5CDF89D-02A2-4EC1-89F8-F534FDABDD96,moving_average,"{""theta"": 0.8371489660472964, ""w"": 3}",180,60,120,0.15,0.016666666666666666,9,2,60,120,6,3.35195530726257,3,25.714285714285715,7.0,0.7055555555555556,1.0,2,0.016666666666666666,2.0
D7D20E2E-FC78-405D-B346-DBD3FD8FC92B,D7D20E2E_s2,A5CDF89D-02A2-4EC1-89F8-F534FDABDD96,ewma,"{""theta"": 0.8338275239211091, ""alpha"": 0.2}",180,60,120,0.08333333333333333,0.06666666666666667,5,8,60,120,4,2.2346368715083798,2,36.0,52.0,0.65,2.0,8,0.06666666666666667,8.0
D7D20E2E-FC78-405D-B346-DBD3FD8FC92B,D7D20E2E_s2,A5CDF89D-02A2-4EC1-89F8-F534FDABDD96,majority_vote,"{""theta"": 0.9240849052919352, ""w"": 5, ""k"": 3}",180,60,120,0.03333333333333333,0.5,2,60,60,120,1,0.5586592178770949,0,90.0,90.0,0.34444444444444444,2.0,60,0.5,
D7D20E2E-FC78-405D-B346-DBD3FD8FC92B,D7D20E2E_s2,A5CDF89D-02A2-4EC1-89F8-F534FDABDD96,debounce,"{""theta"": 0.854798533940186, ""n"": 2}",180,60,120,0.1,0.008333333333333333,6,1,60,120,6,3.35195530726257,4,25.714285714285715,8.0,0.6944444444444444,1.0,1,0.008333333333333333,1.0
D7D20E2E-FC78-405D-B346-DBD3FD8FC92B,D7D20E2E_s2,A5CDF89D-02A2-4EC1-89F8-F534FDABDD96,margin_dual_threshold,"{""theta"": 0.8427256382717717, ""margin"": 0.05}",180,60,120,0.0,0.0,0,0,60,120,2,1.1173184357541899,0,60.0,60.0,0.6666666666666666,0.0,0,0.0,0.0
D7D20E2E-FC78-405D-B346-DBD3FD8FC92B,D7D20E2E_s2,A5CDF89D-02A2-4EC1-89F8-F534FDABDD96,hysteresis,"{""theta"": 0.9240849052919352, ""margin"": 0.05, ""ttt_frames"": 3}",180,60,120,0.03333333333333333,0.5,2,60,60,120,1,0.5586592178770949,0,90.0,90.0,0.34444444444444444,2.0,60,0.5,
D7D20E2E-FC78-405D-B346-DBD3FD8FC92B,D7D20E2E_s2,A5CDF89D-02A2-4EC1-89F8-F534FDABDD96,trust_model,"{""theta"": 0.8692076727802561, ""gain"": 0.6, ""decay"": 0.2, ""tau_lo"": 0.4, ""tau_hi"": 0.6}",180,60,120,0.03333333333333333,0.5,2,60,60,120,1,0.5586592178770949,0,90.0,90.0,0.34444444444444444,2.0,60,0.5,
D7D20E2E-FC78-405D-B346-DBD3FD8FC92B,D7D20E2E_s2,A5CDF89D-02A2-4EC1-89F8-F534FDABDD96,sprt,"{""A"": 1, ""B"": 4, ""mu_gen"": 0.9638414263707176, ""sd_gen"": 0.03232462950793989, ""mu_imp"": 0.4543971988977847, ""sd_imp"": 0.27834558756606}",180,60,120,0.0,0.13333333333333333,0,16,60,120,4,2.2346368715083798,0,36.0,28.0,0.5777777777777777,0.0,16,0.13333333333333333,0.0
D7D20E2E-FC78-405D-B346-DBD3FD8FC92B,D7D20E2E_s3,806289BC-AD52-4CC1-806C-0CDB14D65EB6,instantaneous,"{""theta"": 0.8572518037843169}",180,60,120,0.0,0.0,0,0,60,120,2,1.1173184357541899,0,60.0,60.0,0.6666666666666666,0.0,0,0.0,0.0
D7D20E2E-FC78-405D-B346-DBD3FD8FC92B,D7D20E2E_s3,806289BC-AD52-4CC1-806C-0CDB14D65EB6,moving_average,"{""theta"": 0.8371489660472964, ""w"": 3}",180,60,120,0.0,0.016666666666666666,0,2,60,120,2,1.1173184357541899,0,60.0,60.0,0.6555555555555556,0.0,2,0.016666666666666666,2.0
D7D20E2E-FC78-405D-B346-DBD3FD8FC92B,D7D20E2E_s3,806289BC-AD52-4CC1-806C-0CDB14D65EB6,ewma,"{""theta"": 0.8338275239211091, ""alpha"": 0.2}",180,60,120,0.0,0.058333333333333334,0,7,60,120,2,1.1173184357541899,0,60.0,60.0,0.6277777777777778,0.0,7,0.058333333333333334,7.0
D7D20E2E-FC78-405D-B346-DBD3FD8FC92B,D7D20E2E_s3,806289BC-AD52-4CC1-806C-0CDB14D65EB6,majority_vote,"{""theta"": 0.9240849052919352, ""w"": 5, ""k"": 3}",180,60,120,0.016666666666666666,0.058333333333333334,1,7,60,120,3,1.675977653631285,0,45.0,57.0,0.6333333333333333,1.0,7,0.058333333333333334,3.0
D7D20E2E-FC78-405D-B346-DBD3FD8FC92B,D7D20E2E_s3,806289BC-AD52-4CC1-806C-0CDB14D65EB6,debounce,"{""theta"": 0.854798533940186, ""n"": 2}",180,60,120,0.016666666666666666,0.008333333333333333,1,1,60,120,2,1.1173184357541899,0,60.0,60.0,0.6666666666666666,1.0,1,0.008333333333333333,1.0
D7D20E2E-FC78-405D-B346-DBD3FD8FC92B,D7D20E2E_s3,806289BC-AD52-4CC1-806C-0CDB14D65EB6,margin_dual_threshold,"{""theta"": 0.8427256382717717, ""margin"": 0.05}",180,60,120,0.0,0.0,0,0,60,120,2,1.1173184357541899,0,60.0,60.0,0.6666666666666666,0.0,0,0.0,0.0
D7D20E2E-FC78-405D-B346-DBD3FD8FC92B,D7D20E2E_s3,806289BC-AD52-4CC1-806C-0CDB14D65EB6,hysteresis,"{""theta"": 0.9240849052919352, ""margin"": 0.05, ""ttt_frames"": 3}",180,60,120,0.03333333333333333,0.11666666666666667,2,14,60,120,2,1.1173184357541899,0,60.0,62.0,0.6,2.0,14,0.11666666666666667,14.0
D7D20E2E-FC78-405D-B346-DBD3FD8FC92B,D7D20E2E_s3,806289BC-AD52-4CC1-806C-0CDB14D65EB6,trust_model,"{""theta"": 0.8692076727802561, ""gain"": 0.6, ""decay"": 0.2, ""tau_lo"": 0.4, ""tau_hi"": 0.6}",180,60,120,0.0,0.058333333333333334,0,7,60,120,2,1.1173184357541899,0,60.0,60.0,0.6277777777777778,0.0,7,0.058333333333333334,7.0
D7D20E2E-FC78-405D-B346-DBD3FD8FC92B,D7D20E2E_s3,806289BC-AD52-4CC1-806C-0CDB14D65EB6,sprt,"{""A"": 1, ""B"": 4, ""mu_gen"": 0.9638414263707176, ""sd_gen"": 0.03232462950793989, ""mu_imp"": 0.4543971988977847, ""sd_imp"": 0.27834558756606}",180,60,120,0.0,0.0,0,0,60,120,2,1.1173184357541899,0,60.0,60.0,0.6666666666666666,0.0,0,0.0,0.0
D7D20E2E-FC78-405D-B346-DBD3FD8FC92B,D7D20E2E_s4,B9724848-C7E2-45F4-9B3F-A1F38D864495,instantaneous,"{""theta"": 0.8572518037843169}",180,60,120,0.0,0.0,0,0,60,120,2,1.1173184357541899,0,60.0,60.0,0.6666666666666666,0.0,0,0.0,0.0
D7D20E2E-FC78-405D-B346-DBD3FD8FC92B,D7D20E2E_s4,B9724848-C7E2-45F4-9B3F-A1F38D864495,moving_average,"{""theta"": 0.8371489660472964, ""w"": 3}",180,60,120,0.0,0.016666666666666666,0,2,60,120,2,1.1173184357541899,0,60.0,60.0,0.6555555555555556,0.0,2,0.016666666666666666,2.0
D7D20E2E-FC78-405D-B346-DBD3FD8FC92B,D7D20E2E_s4,B9724848-C7E2-45F4-9B3F-A1F38D864495,ewma,"{""theta"": 0.8338275239211091, ""alpha"": 0.2}",180,60,120,0.0,0.05,0,6,60,120,2,1.1173184357541899,0,60.0,60.0,0.6333333333333333,0.0,6,0.05,6.0
D7D20E2E-FC78-405D-B346-DBD3FD8FC92B,D7D20E2E_s4,B9724848-C7E2-45F4-9B3F-A1F38D864495,majority_vote,"{""theta"": 0.9240849052919352, ""w"": 5, ""k"": 3}",180,60,120,0.03333333333333333,0.6833333333333333,2,82,60,120,13,7.262569832402234,5,12.857142857142858,6.5,0.2222222222222222,2.0,82,0.6833333333333333,32.0
D7D20E2E-FC78-405D-B346-DBD3FD8FC92B,D7D20E2E_s4,B9724848-C7E2-45F4-9B3F-A1F38D864495,debounce,"{""theta"": 0.854798533940186, ""n"": 2}",180,60,120,0.016666666666666666,0.008333333333333333,1,1,60,120,2,1.1173184357541899,0,60.0,60.0,0.6666666666666666,1.0,1,0.008333333333333333,1.0
D7D20E2E-FC78-405D-B346-DBD3FD8FC92B,D7D20E2E_s4,B9724848-C7E2-45F4-9B3F-A1F38D864495,margin_dual_threshold,"{""theta"": 0.8427256382717717, ""margin"": 0.05}",180,60,120,0.0,0.0,0,0,60,120,2,1.1173184357541899,0,60.0,60.0,0.6666666666666666,0.0,0,0.0,0.0
D7D20E2E-FC78-405D-B346-DBD3FD8FC92B,D7D20E2E_s4,B9724848-C7E2-45F4-9B3F-A1F38D864495,hysteresis,"{""theta"": 0.9240849052919352, ""margin"": 0.05, ""ttt_frames"": 3}",180,60,120,0.0,0.9333333333333333,0,112,60,120,3,1.675977653631285,0,45.0,11.0,0.044444444444444446,0.0,112,0.9333333333333333,
D7D20E2E-FC78-405D-B346-DBD3FD8FC92B,D7D20E2E_s4,B9724848-C7E2-45F4-9B3F-A1F38D864495,trust_model,"{""theta"": 0.8692076727802561, ""gain"": 0.6, ""decay"": 0.2, ""tau_lo"": 0.4, ""tau_hi"": 0.6}",180,60,120,0.0,0.25,0,30,60,120,2,1.1173184357541899,0,60.0,60.0,0.5,0.0,30,0.25,30.0
D7D20E2E-FC78-405D-B346-DBD3FD8FC92B,D7D20E2E_s4,B9724848-C7E2-45F4-9B3F-A1F38D864495,sprt,"{""A"": 1, ""B"": 4, ""mu_gen"": 0.9638414263707176, ""sd_gen"": 0.03232462950793989, ""mu_imp"": 0.4543971988977847, ""sd_imp"": 0.27834558756606}",180,60,120,0.0,0.008333333333333333,0,1,60,120,2,1.1173184357541899,0,60.0,60.0,0.6611111111111111,0.0,1,0.008333333333333333,1.0
D7D20E2E-FC78-405D-B346-DBD3FD8FC92B,D7D20E2E_s5,665514DE-49DC-421F-8DCB-145D0B2609AD,instantaneous,"{""theta"": 0.8572518037843169}",180,60,120,0.0,0.0,0,0,60,120,2,1.1173184357541899,0,60.0,60.0,0.6666666666666666,0.0,0,0.0,0.0
D7D20E2E-FC78-405D-B346-DBD3FD8FC92B,D7D20E2E_s5,665514DE-49DC-421F-8DCB-145D0B2609AD,moving_average,"{""theta"": 0.8371489660472964, ""w"": 3}",180,60,120,0.0,0.016666666666666666,0,2,60,120,2,1.1173184357541899,0,60.0,60.0,0.6555555555555556,0.0,2,0.016666666666666666,2.0
D7D20E2E-FC78-405D-B346-DBD3FD8FC92B,D7D20E2E_s5,665514DE-49DC-421F-8DCB-145D0B2609AD,ewma,"{""theta"": 0.8338275239211091, ""alpha"": 0.2}",180,60,120,0.0,0.058333333333333334,0,7,60,120,2,1.1173184357541899,0,60.0,60.0,0.6277777777777778,0.0,7,0.058333333333333334,7.0
D7D20E2E-FC78-405D-B346-DBD3FD8FC92B,D7D20E2E_s5,665514DE-49DC-421F-8DCB-145D0B2609AD,majority_vote,"{""theta"": 0.9240849052919352, ""w"": 5, ""k"": 3}",180,60,120,0.0,0.9,0,108,60,120,4,2.2346368715083798,0,36.0,38.0,0.06666666666666667,0.0,108,0.9,18.0
D7D20E2E-FC78-405D-B346-DBD3FD8FC92B,D7D20E2E_s5,665514DE-49DC-421F-8DCB-145D0B2609AD,debounce,"{""theta"": 0.854798533940186, ""n"": 2}",180,60,120,0.016666666666666666,0.008333333333333333,1,1,60,120,2,1.1173184357541899,0,60.0,60.0,0.6666666666666666,1.0,1,0.008333333333333333,1.0
D7D20E2E-FC78-405D-B346-DBD3FD8FC92B,D7D20E2E_s5,665514DE-49DC-421F-8DCB-145D0B2609AD,margin_dual_threshold,"{""theta"": 0.8427256382717717, ""margin"": 0.05}",180,60,120,0.0,0.0,0,0,60,120,2,1.1173184357541899,0,60.0,60.0,0.6666666666666666,0.0,0,0.0,0.0
D7D20E2E-FC78-405D-B346-DBD3FD8FC92B,D7D20E2E_s5,665514DE-49DC-421F-8DCB-145D0B2609AD,hysteresis,"{""theta"": 0.9240849052919352, ""margin"": 0.05, ""ttt_frames"": 3}",180,60,120,0.0,0.8166666666666667,0,98,60,120,3,1.675977653631285,0,45.0,24.0,0.12222222222222222,0.0,98,0.8166666666666667,
D7D20E2E-FC78-405D-B346-DBD3FD8FC92B,D7D20E2E_s5,665514DE-49DC-421F-8DCB-145D0B2609AD,trust_model,"{""theta"": 0.8692076727802561, ""gain"": 0.6, ""decay"": 0.2, ""tau_lo"": 0.4, ""tau_hi"": 0.6}",180,60,120,0.0,0.11666666666666667,0,14,60,120,2,1.1173184357541899,0,60.0,60.0,0.5888888888888889,0.0,14,0.11666666666666667,14.0
D7D20E2E-FC78-405D-B346-DBD3FD8FC92B,D7D20E2E_s5,665514DE-49DC-421F-8DCB-145D0B2609AD,sprt,"{""A"": 1, ""B"": 4, ""mu_gen"": 0.9638414263707176, ""sd_gen"": 0.03232462950793989, ""mu_imp"": 0.4543971988977847, ""sd_imp"": 0.27834558756606}",180,60,120,0.0,0.0,0,0,60,120,2,1.1173184357541899,0,60.0,60.0,0.6666666666666666,0.0,0,0.0,0.0
E65577C1-8D5D-4F70-AF23-B3ADB9D3DBA3,E65577C1_s0,7CE37510-56D0-4120-A1CF-0E23351428D2,instantaneous,"{""theta"": 0.9286111652798069}",180,60,120,0.0,0.016666666666666666,0,2,60,120,4,2.2346368715083798,2,36.0,36.0,0.6555555555555556,0.0,2,0.016666666666666666,0.0
E65577C1-8D5D-4F70-AF23-B3ADB9D3DBA3,E65577C1_s0,7CE37510-56D0-4120-A1CF-0E23351428D2,moving_average,"{""theta"": 0.9280711490821317, ""w"": 3}",180,60,120,0.0,0.016666666666666666,0,2,60,120,2,1.1173184357541899,0,60.0,60.0,0.6555555555555556,0.0,2,0.016666666666666666,2.0
E65577C1-8D5D-4F70-AF23-B3ADB9D3DBA3,E65577C1_s0,7CE37510-56D0-4120-A1CF-0E23351428D2,ewma,"{""theta"": 0.9278600846407927, ""alpha"": 0.2}",180,60,120,0.0,0.21666666666666667,0,26,60,120,2,1.1173184357541899,0,60.0,60.0,0.5222222222222223,0.0,26,0.21666666666666667,26.0
E65577C1-8D5D-4F70-AF23-B3ADB9D3DBA3,E65577C1_s0,7CE37510-56D0-4120-A1CF-0E23351428D2,majority_vote,"{""theta"": 0.9286999049842257, ""w"": 5, ""k"": 4}",180,60,120,0.016666666666666666,0.058333333333333334,1,7,60,120,4,2.2346368715083798,0,36.0,37.0,0.6333333333333333,1.0,7,0.058333333333333334,3.0
E65577C1-8D5D-4F70-AF23-B3ADB9D3DBA3,E65577C1_s0,7CE37510-56D0-4120-A1CF-0E23351428D2,debounce,"{""theta"": 0.9292216453344343, ""n"": 3}",180,60,120,0.03333333333333333,0.30833333333333335,2,37,60,120,2,1.1173184357541899,0,60.0,62.0,0.4722222222222222,2.0,37,0.30833333333333335,37.0
E65577C1-8D5D-4F70-AF23-B3ADB9D3DBA3,E65577C1_s0,7CE37510-56D0-4120-A1CF-0E23351428D2,margin_dual_threshold,"{""theta"": 0.9200173410404624, ""margin"": 0.2}",180,60,120,0.0,0.5,0,60,60,120,1,0.5586592178770949,0,90.0,90.0,0.3333333333333333,0.0,60,0.5,
E65577C1-8D5D-4F70-AF23-B3ADB9D3DBA3,E65577C1_s0,7CE37510-56D0-4120-A1CF-0E23351428D2,hysteresis,"{""theta"": 0.9517960363336085, ""margin"": 0.05, ""ttt_frames"": 2}",180,60,120,0.016666666666666666,0.5,1,60,60,120,1,0.5586592178770949,0,90.0,90.0,0.3388888888888889,1.0,60,0.5,
E65577C1-8D5D-4F70-AF23-B3ADB9D3DBA3,E65577C1_s0,7CE37510-56D0-4120-A1CF-0E23351428D2,trust_model,"{""theta"": 0.954533691164327, ""gain"": 0.6, ""decay"": 0.05, ""tau_lo"": 0.4, ""tau_hi"": 0.6}",180,60,120,0.0,0.6666666666666666,0,80,60,120,1,0.5586592178770949,0,90.0,90.0,0.2222222222222222,0.0,80,0.6666666666666666,
E65577C1-8D5D-4F70-AF23-B3ADB9D3DBA3,E65577C1_s0,7CE37510-56D0-4120-A1CF-0E23351428D2,sprt,"{""A"": 16, ""B"": 16, ""mu_gen"": 0.9655923135150014, ""sd_gen"": 0.020675495359135595, ""mu_imp"": 0.5900512661712084, ""sd_imp"": 0.2621178185449946}",180,60,120,0.0,0.06666666666666667,0,8,60,120,2,1.1173184357541899,0,60.0,60.0,0.6222222222222222,0.0,8,0.06666666666666667,8.0
E65577C1-8D5D-4F70-AF23-B3ADB9D3DBA3,E65577C1_s1,665514DE-49DC-421F-8DCB-145D0B2609AD,instantaneous,"{""theta"": 0.9286111652798069}",180,60,120,0.0,0.0,0,0,60,120,2,1.1173184357541899,0,60.0,60.0,0.6666666666666666,0.0,0,0.0,0.0
E65577C1-8D5D-4F70-AF23-B3ADB9D3DBA3,E65577C1_s1,665514DE-49DC-421F-8DCB-145D0B2609AD,moving_average,"{""theta"": 0.9280711490821317, ""w"": 3}",180,60,120,0.0,0.016666666666666666,0,2,60,120,2,1.1173184357541899,0,60.0,60.0,0.6555555555555556,0.0,2,0.016666666666666666,2.0
E65577C1-8D5D-4F70-AF23-B3ADB9D3DBA3,E65577C1_s1,665514DE-49DC-421F-8DCB-145D0B2609AD,ewma,"{""theta"": 0.9278600846407927, ""alpha"": 0.2}",180,60,120,0.0,0.14166666666666666,0,17,60,120,2,1.1173184357541899,0,60.0,60.0,0.5722222222222222,0.0,17,0.14166666666666666,17.0
E65577C1-8D5D-4F70-AF23-B3ADB9D3DBA3,E65577C1_s1,665514DE-49DC-421F-8DCB-145D0B2609AD,majority_vote,"{""theta"": 0.9286999049842257, ""w"": 5, ""k"": 4}",180,60,120,0.016666666666666666,0.025,1,3,60,120,2,1.1173184357541899,0,60.0,61.0,0.6555555555555556,1.0,3,0.025,3.0
E65577C1-8D5D-4F70-AF23-B3ADB9D3DBA3,E65577C1_s1,665514DE-49DC-421F-8DCB-145D0B2609AD,debounce,"{""theta"": 0.9292216453344343, ""n"": 3}",180,60,120,0.03333333333333333,0.016666666666666666,2,2,60,120,2,1.1173184357541899,0,60.0,60.0,0.6666666666666666,2.0,2,0.016666666666666666,2.0
E65577C1-8D5D-4F70-AF23-B3ADB9D3DBA3,E65577C1_s1,665514DE-49DC-421F-8DCB-145D0B2609AD,margin_dual_threshold,"{""theta"": 0.9200173410404624, ""margin"": 0.2}",180,60,120,0.0,0.5,0,60,60,120,1,0.5586592178770949,0,90.0,90.0,0.3333333333333333,0.0,60,0.5,
E65577C1-8D5D-4F70-AF23-B3ADB9D3DBA3,E65577C1_s1,665514DE-49DC-421F-8DCB-145D0B2609AD,hysteresis,"{""theta"": 0.9517960363336085, ""margin"": 0.05, ""ttt_frames"": 2}",180,60,120,0.016666666666666666,0.175,1,21,60,120,2,1.1173184357541899,0,60.0,61.0,0.5555555555555556,1.0,21,0.175,21.0
E65577C1-8D5D-4F70-AF23-B3ADB9D3DBA3,E65577C1_s1,665514DE-49DC-421F-8DCB-145D0B2609AD,trust_model,"{""theta"": 0.954533691164327, ""gain"": 0.6, ""decay"": 0.05, ""tau_lo"": 0.4, ""tau_hi"": 0.6}",180,60,120,0.0,0.5,0,60,60,120,1,0.5586592178770949,0,90.0,90.0,0.3333333333333333,0.0,60,0.5,
E65577C1-8D5D-4F70-AF23-B3ADB9D3DBA3,E65577C1_s1,665514DE-49DC-421F-8DCB-145D0B2609AD,sprt,"{""A"": 16, ""B"": 16, ""mu_gen"": 0.9655923135150014, ""sd_gen"": 0.020675495359135595, ""mu_imp"": 0.5900512661712084, ""sd_imp"": 0.2621178185449946}",180,60,120,0.0,0.05,0,6,60,120,2,1.1173184357541899,0,60.0,60.0,0.6333333333333333,0.0,6,0.05,6.0
E65577C1-8D5D-4F70-AF23-B3ADB9D3DBA3,E65577C1_s2,61976C24-1C50-4355-9C49-AAE44A7D09F6,instantaneous,"{""theta"": 0.9286111652798069}",180,60,120,0.06666666666666667,0.0,4,0,60,120,8,4.4692737430167595,6,20.0,7.0,0.6888888888888889,1.0,0,0.0,0.0
E65577C1-8D5D-4F70-AF23-B3ADB9D3DBA3,E65577C1_s2,61976C24-1C50-4355-9C49-AAE44A7D09F6,moving_average,"{""theta"": 0.9280711490821317, ""w"": 3}",180,60,120,0.016666666666666666,0.008333333333333333,1,1,60,120,2,1.1173184357541899,0,60.0,60.0,0.6666666666666666,1.0,1,0.008333333333333333,1.0
E65577C1-8D5D-4F70-AF23-B3ADB9D3DBA3,E65577C1_s2,61976C24-1C50-4355-9C49-AAE44A7D09F6,ewma,"{""theta"": 0.9278600846407927, ""alpha"": 0.2}",180,60,120,0.016666666666666666,0.041666666666666664,1,5,60,120,2,1.1173184357541899,0,60.0,61.0,0.6444444444444445,1.0,5,0.041666666666666664,5.0
E65577C1-8D5D-4F70-AF23-B3ADB9D3DBA3,E65577C1_s2,61976C24-1C50-4355-9C49-AAE44A7D09F6,majority_vote,"{""theta"": 0.9286999049842257, ""w"": 5, ""k"": 4}",180,60,120,0.03333333333333333,0.025,2,3,60,120,2,1.1173184357541899,0,60.0,61.0,0.6611111111111111,2.0,3,0.025,3.0
E65577C1-8D5D-4F70-AF23-B3ADB9D3DBA3,E65577C1_s2,61976C24-1C50-4355-9C49-AAE44A7D09F6,debounce,"{""theta"": 0.9292216453344343, ""n"": 3}",180,60,120,0.0,0.15833333333333333,0,19,60,120,4,2.2346368715083798,2,36.0,27.0,0.5611111111111111,0.0,19,0.15833333333333333,2.0
E65577C1-8D5D-4F70-AF23-B3ADB9D3DBA3,E65577C1_s2,61976C24-1C50-4355-9C49-AAE44A7D09F6,margin_dual_threshold,"{""theta"": 0.9200173410404624, ""margin"": 0.2}",180,60,120,0.26666666666666666,0.5,16,60,60,120,1,0.5586592178770949,0,90.0,90.0,0.4222222222222222,16.0,60,0.5,
E65577C1-8D5D-4F70-AF23-B3ADB9D3DBA3,E65577C1_s2,61976C24-1C50-4355-9C49-AAE44A7D09F6,hysteresis,"{""theta"": 0.9517960363336085, ""margin"": 0.05, ""ttt_frames"": 2}",180,60,120,0.03333333333333333,0.5,2,60,60,120,1,0.5586592178770949,0,90.0,90.0,0.34444444444444444,2.0,60,0.5,
E65577C1-8D5D-4F70-AF23-B3ADB9D3DBA3,E65577C1_s2,61976C24-1C50-4355-9C49-AAE44A7D09F6,trust_model,"{""theta"": 0.954533691164327, ""gain"": 0.6, ""decay"": 0.05, ""tau_lo"": 0.4, ""tau_hi"": 0.6}",180,60,120,0.0,0.7333333333333333,0,88,60,120,1,0.5586592178770949,0,90.0,90.0,0.17777777777777778,0.0,88,0.7333333333333333,
E65577C1-8D5D-4F70-AF23-B3ADB9D3DBA3,E65577C1_s2,61976C24-1C50-4355-9C49-AAE44A7D09F6,sprt,"{""A"": 16, ""B"": 16, ""mu_gen"": 0.9655923135150014, ""sd_gen"": 0.020675495359135595, ""mu_imp"": 0.5900512661712084, ""sd_imp"": 0.2621178185449946}",180,60,120,0.26666666666666666,0.075,16,9,60,120,2,1.1173184357541899,0,60.0,53.0,0.7055555555555556,16.0,9,0.075,9.0
E65577C1-8D5D-4F70-AF23-B3ADB9D3DBA3,E65577C1_s3,098A72A5-E3E5-4F54-A152-BBDA0DF7B694,instantaneous,"{""theta"": 0.9286111652798069}",180,60,120,0.0,0.0,0,0,60,120,2,1.1173184357541899,0,60.0,60.0,0.6666666666666666,0.0,0,0.0,0.0
E65577C1-8D5D-4F70-AF23-B3ADB9D3DBA3,E65577C1_s3,098A72A5-E3E5-4F54-A152-BBDA0DF7B694,moving_average,"{""theta"": 0.9280711490821317, ""w"": 3}",180,60,120,0.0,0.016666666666666666,0,2,60,120,2,1.1173184357541899,0,60.0,60.0,0.6555555555555556,0.0,2,0.016666666666666666,2.0
E65577C1-8D5D-4F70-AF23-B3ADB9D3DBA3,E65577C1_s3,098A72A5-E3E5-4F54-A152-BBDA0DF7B694,ewma,"{""theta"": 0.9278600846407927, ""alpha"": 0.2}",180,60,120,0.0,0.10833333333333334,0,13,60,120,2,1.1173184357541899,0,60.0,60.0,0.5944444444444444,0.0,13,0.10833333333333334,13.0
E65577C1-8D5D-4F70-AF23-B3ADB9D3DBA3,E65577C1_s3,098A72A5-E3E5-4F54-A152-BBDA0DF7B694,majority_vote,"{""theta"": 0.9286999049842257, ""w"": 5, ""k"": 4}",180,60,120,0.016666666666666666,0.025,1,3,60,120,2,1.1173184357541899,0,60.0,61.0,0.6555555555555556,1.0,3,0.025,3.0
E65577C1-8D5D-4F70-AF23-B3ADB9D3DBA3,E65577C1_s3,098A72A5-E3E5-4F54-A152-BBDA0DF7B694,debounce,"{""theta"": 0.9292216453344343, ""n"": 3}",180,60,120,0.0,0.3416666666666667,0,41,60,120,4,2.2346368715083798,2,36.0,16.0,0.4388888888888889,0.0,41,0.3416666666666667,2.0
E65577C1-8D5D-4F70-AF23-B3ADB9D3DBA3,E65577C1_s3,098A72A5-E3E5-4F54-A152-BBDA0DF7B694,margin_dual_threshold,"{""theta"": 0.9200173410404624, ""margin"": 0.2}",180,60,120,0.0,0.5,0,60,60,120,1,0.5586592178770949,0,90.0,90.0,0.3333333333333333,0.0,60,0.5,
E65577C1-8D5D-4F70-AF23-B3ADB9D3DBA3,E65577C1_s3,098A72A5-E3E5-4F54-A152-BBDA0DF7B694,hysteresis,"{""theta"": 0.9517960363336085, ""margin"": 0.05, ""ttt_frames"": 2}",180,60,120,0.016666666666666666,0.5,1,60,60,120,1,0.5586592178770949,0,90.0,90.0,0.3388888888888889,1.0,60,0.5,
E65577C1-8D5D-4F70-AF23-B3ADB9D3DBA3,E65577C1_s3,098A72A5-E3E5-4F54-A152-BBDA0DF7B694,trust_model,"{""theta"": 0.954533691164327, ""gain"": 0.6, ""decay"": 0.05, ""tau_lo"": 0.4, ""tau_hi"": 0.6}",180,60,120,0.0,0.775,0,93,60,120,1,0.5586592178770949,0,90.0,90.0,0.15,0.0,93,0.775,
E65577C1-8D5D-4F70-AF23-B3ADB9D3DBA3,E65577C1_s3,098A72A5-E3E5-4F54-A152-BBDA0DF7B694,sprt,"{""A"": 16, ""B"": 16, ""mu_gen"": 0.9655923135150014, ""sd_gen"": 0.020675495359135595, ""mu_imp"": 0.5900512661712084, ""sd_imp"": 0.2621178185449946}",180,60,120,0.0,0.041666666666666664,0,5,60,120,2,1.1173184357541899,0,60.0,60.0,0.6388888888888888,0.0,5,0.041666666666666664,5.0
E65577C1-8D5D-4F70-AF23-B3ADB9D3DBA3,E65577C1_s4,ECECC2AB-D32F-4F90-B74C-E12A1C69BBE2,instantaneous,"{""theta"": 0.9286111652798069}",180,60,120,0.0,0.0,0,0,60,120,2,1.1173184357541899,0,60.0,60.0,0.6666666666666666,0.0,0,0.0,0.0
E65577C1-8D5D-4F70-AF23-B3ADB9D3DBA3,E65577C1_s4,ECECC2AB-D32F-4F90-B74C-E12A1C69BBE2,moving_average,"{""theta"": 0.9280711490821317, ""w"": 3}",180,60,120,0.0,0.016666666666666666,0,2,60,120,2,1.1173184357541899,0,60.0,60.0,0.6555555555555556,0.0,2,0.016666666666666666,2.0
E65577C1-8D5D-4F70-AF23-B3ADB9D3DBA3,E65577C1_s4,ECECC2AB-D32F-4F90-B74C-E12A1C69BBE2,ewma,"{""theta"": 0.9278600846407927, ""alpha"": 0.2}",180,60,120,0.0,0.125,0,15,60,120,2,1.1173184357541899,0,60.0,60.0,0.5833333333333334,0.0,15,0.125,15.0
E65577C1-8D5D-4F70-AF23-B3ADB9D3DBA3,E65577C1_s4,ECECC2AB-D32F-4F90-B74C-E12A1C69BBE2,majority_vote,"{""theta"": 0.9286999049842257, ""w"": 5, ""k"": 4}",180,60,120,0.016666666666666666,0.025,1,3,60,120,2,1.1173184357541899,0,60.0,61.0,0.6555555555555556,1.0,3,0.025,3.0
E65577C1-8D5D-4F70-AF23-B3ADB9D3DBA3,E65577C1_s4,ECECC2AB-D32F-4F90-B74C-E12A1C69BBE2,debounce,"{""theta"": 0.9292216453344343, ""n"": 3}",180,60,120,0.03333333333333333,0.016666666666666666,2,2,60,120,2,1.1173184357541899,0,60.0,60.0,0.6666666666666666,2.0,2,0.016666666666666666,2.0
E65577C1-8D5D-4F70-AF23-B3ADB9D3DBA3,E65577C1_s4,ECECC2AB-D32F-4F90-B74C-E12A1C69BBE2,margin_dual_threshold,"{""theta"": 0.9200173410404624, ""margin"": 0.2}",180,60,120,0.0,0.5,0,60,60,120,1,0.5586592178770949,0,90.0,90.0,0.3333333333333333,0.0,60,0.5,
E65577C1-8D5D-4F70-AF23-B3ADB9D3DBA3,E65577C1_s4,ECECC2AB-D32F-4F90-B74C-E12A1C69BBE2,hysteresis,"{""theta"": 0.9517960363336085, ""margin"": 0.05, ""ttt_frames"": 2}",180,60,120,0.016666666666666666,0.5,1,60,60,120,1,0.5586592178770949,0,90.0,90.0,0.3388888888888889,1.0,60,0.5,
E65577C1-8D5D-4F70-AF23-B3ADB9D3DBA3,E65577C1_s4,ECECC2AB-D32F-4F90-B74C-E12A1C69BBE2,trust_model,"{""theta"": 0.954533691164327, ""gain"": 0.6, ""decay"": 0.05, ""tau_lo"": 0.4, ""tau_hi"": 0.6}",180,60,120,0.0,0.5,0,60,60,120,1,0.5586592178770949,0,90.0,90.0,0.3333333333333333,0.0,60,0.5,
E65577C1-8D5D-4F70-AF23-B3ADB9D3DBA3,E65577C1_s4,ECECC2AB-D32F-4F90-B74C-E12A1C69BBE2,sprt,"{""A"": 16, ""B"": 16, ""mu_gen"": 0.9655923135150014, ""sd_gen"": 0.020675495359135595, ""mu_imp"": 0.5900512661712084, ""sd_imp"": 0.2621178185449946}",180,60,120,0.0,0.03333333333333333,0,4,60,120,2,1.1173184357541899,0,60.0,60.0,0.6444444444444445,0.0,4,0.03333333333333333,4.0
E65577C1-8D5D-4F70-AF23-B3ADB9D3DBA3,E65577C1_s5,8023FE1A-D3B0-4E2C-A57A-9321B7FC755F,instantaneous,"{""theta"": 0.9286111652798069}",180,60,120,0.03333333333333333,0.0,2,0,60,120,6,3.35195530726257,4,25.714285714285715,20.0,0.6777777777777778,0.0,0,0.0,0.0
E65577C1-8D5D-4F70-AF23-B3ADB9D3DBA3,E65577C1_s5,8023FE1A-D3B0-4E2C-A57A-9321B7FC755F,moving_average,"{""theta"": 0.9280711490821317, ""w"": 3}",180,60,120,0.0,0.016666666666666666,0,2,60,120,2,1.1173184357541899,0,60.0,60.0,0.6555555555555556,0.0,2,0.016666666666666666,2.0
E65577C1-8D5D-4F70-AF23-B3ADB9D3DBA3,E65577C1_s5,8023FE1A-D3B0-4E2C-A57A-9321B7FC755F,ewma,"{""theta"": 0.9278600846407927, ""alpha"": 0.2}",180,60,120,0.0,0.09166666666666666,0,11,60,120,2,1.1173184357541899,0,60.0,60.0,0.6055555555555555,0.0,11,0.09166666666666666,11.0
E65577C1-8D5D-4F70-AF23-B3ADB9D3DBA3,E65577C1_s5,8023FE1A-D3B0-4E2C-A57A-9321B7FC755F,majority_vote,"{""theta"": 0.9286999049842257, ""w"": 5, ""k"": 4}",180,60,120,0.016666666666666666,0.025,1,3,60,120,2,1.1173184357541899,0,60.0,61.0,0.6555555555555556,1.0,3,0.025,3.0
E65577C1-8D5D-4F70-AF23-B3ADB9D3DBA3,E65577C1_s5,8023FE1A-D3B0-4E2C-A57A-9321B7FC755F,debounce,"{""theta"": 0.9292216453344343, ""n"": 3}",180,60,120,0.03333333333333333,0.016666666666666666,2,2,60,120,2,1.1173184357541899,0,60.0,60.0,0.6666666666666666,2.0,2,0.016666666666666666,2.0
E65577C1-8D5D-4F70-AF23-B3ADB9D3DBA3,E65577C1_s5,8023FE1A-D3B0-4E2C-A57A-9321B7FC755F,margin_dual_threshold,"{""theta"": 0.9200173410404624, ""margin"": 0.2}",180,60,120,0.0,0.5,0,60,60,120,1,0.5586592178770949,0,90.0,90.0,0.3333333333333333,0.0,60,0.5,
E65577C1-8D5D-4F70-AF23-B3ADB9D3DBA3,E65577C1_s5,8023FE1A-D3B0-4E2C-A57A-9321B7FC755F,hysteresis,"{""theta"": 0.9517960363336085, ""margin"": 0.05, ""ttt_frames"": 2}",180,60,120,0.016666666666666666,0.5,1,60,60,120,1,0.5586592178770949,0,90.0,90.0,0.3388888888888889,1.0,60,0.5,
E65577C1-8D5D-4F70-AF23-B3ADB9D3DBA3,E65577C1_s5,8023FE1A-D3B0-4E2C-A57A-9321B7FC755F,trust_model,"{""theta"": 0.954533691164327, ""gain"": 0.6, ""decay"": 0.05, ""tau_lo"": 0.4, ""tau_hi"": 0.6}",180,60,120,0.016666666666666666,0.5,1,60,60,120,1,0.5586592178770949,0,90.0,90.0,0.3388888888888889,1.0,60,0.5,
E65577C1-8D5D-4F70-AF23-B3ADB9D3DBA3,E65577C1_s5,8023FE1A-D3B0-4E2C-A57A-9321B7FC755F,sprt,"{""A"": 16, ""B"": 16, ""mu_gen"": 0.9655923135150014, ""sd_gen"": 0.020675495359135595, ""mu_imp"": 0.5900512661712084, ""sd_imp"": 0.2621178185449946}",180,60,120,0.0,0.05,0,6,60,120,2,1.1173184357541899,0,60.0,60.0,0.6333333333333333,0.0,6,0.05,6.0
ECECC2AB-D32F-4F90-B74C-E12A1C69BBE2,ECECC2AB_s0,806289BC-AD52-4CC1-806C-0CDB14D65EB6,instantaneous,"{""theta"": 0.873834609308543}",180,60,120,0.0,0.0,0,0,60,120,2,1.1173184357541899,0,60.0,60.0,0.6666666666666666,0.0,0,0.0,0.0
ECECC2AB-D32F-4F90-B74C-E12A1C69BBE2,ECECC2AB_s0,806289BC-AD52-4CC1-806C-0CDB14D65EB6,moving_average,"{""theta"": 0.8281250511182614, ""w"": 5}",180,60,120,0.016666666666666666,0.025,1,3,60,120,2,1.1173184357541899,0,60.0,61.0,0.6555555555555556,1.0,3,0.025,3.0
ECECC2AB-D32F-4F90-B74C-E12A1C69BBE2,ECECC2AB_s0,806289BC-AD52-4CC1-806C-0CDB14D65EB6,ewma,"{""theta"": 0.8183836286832886, ""alpha"": 0.3}",180,60,120,0.016666666666666666,0.025,1,3,60,120,2,1.1173184357541899,0,60.0,61.0,0.6555555555555556,1.0,3,0.025,3.0
ECECC2AB-D32F-4F90-B74C-E12A1C69BBE2,ECECC2AB_s0,806289BC-AD52-4CC1-806C-0CDB14D65EB6,majority_vote,"{""theta"": 0.9315887080156604, ""w"": 10, ""k"": 8}",180,60,120,0.03333333333333333,0.058333333333333334,2,7,60,120,2,1.1173184357541899,0,60.0,62.0,0.6388888888888888,2.0,7,0.058333333333333334,7.0
ECECC2AB-D32F-4F90-B74C-E12A1C69BBE2,ECECC2AB_s0,806289BC-AD52-4CC1-806C-0CDB14D65EB6,debounce,"{""theta"": 0.9830290954049041, ""n"": 5}",180,60,120,0.0,0.9666666666666667,0,116,60,120,1,0.5586592178770949,0,90.0,90.0,0.022222222222222223,0.0,116,0.9666666666666667,
ECECC2AB-D32F-4F90-B74C-E12A1C69BBE2,ECECC2AB_s0,806289BC-AD52-4CC1-806C-0CDB14D65EB6,margin_dual_threshold,"{""theta"": 0.8364759593590004, ""margin"": 0.1}",180,60,120,0.0,0.0,0,0,60,120,2,1.1173184357541899,0,60.0,60.0,0.6666666666666666,0.0,0,0.0,0.0
ECECC2AB-D32F-4F90-B74C-E12A1C69BBE2,ECECC2AB_s0,806289BC-AD52-4CC1-806C-0CDB14D65EB6,hysteresis,"{""theta"": 0.9474551823614259, ""margin"": 0.05, ""ttt_frames"": 3}",180,60,120,0.03333333333333333,0.14166666666666666,2,17,60,120,2,1.1173184357541899,0,60.0,62.0,0.5833333333333334,2.0,17,0.14166666666666666,17.0
ECECC2AB-D32F-4F90-B74C-E12A1C69BBE2,ECECC2AB_s0,806289BC-AD52-4CC1-806C-0CDB14D65EB6,trust_model,"{""theta"": 0.9474551823614259, ""gain"": 0.3, ""decay"": 0.05, ""tau_lo"": 0.4, ""tau_hi"": 0.6}",180,60,120,0.016666666666666666,0.3416666666666667,1,41,60,120,2,1.1173184357541899,0,60.0,61.0,0.4444444444444444,1.0,41,0.3416666666666667,41.0
ECECC2AB-D32F-4F90-B74C-E12A1C69BBE2,ECECC2AB_s0,806289BC-AD52-4CC1-806C-0CDB14D65EB6,sprt,"{""A"": 1, ""B"": 1, ""mu_gen"": 0.973646741992353, ""sd_gen"": 0.017139579676554963, ""mu_imp"": 0.3562884927994138, ""sd_imp"": 0.27038744082207056}",180,60,120,0.0,0.0,0,0,60,120,2,1.1173184357541899,0,60.0,60.0,0.6666666666666666,0.0,0,0.0,0.0
ECECC2AB-D32F-4F90-B74C-E12A1C69BBE2,ECECC2AB_s1,61976C24-1C50-4355-9C49-AAE44A7D09F6,instantaneous,"{""theta"": 0.873834609308543}",180,60,120,0.16666666666666666,0.0,10,0,60,120,4,2.2346368715083798,2,36.0,31.0,0.7222222222222222,0.0,0,0.0,0.0
ECECC2AB-D32F-4F90-B74C-E12A1C69BBE2,ECECC2AB_s1,61976C24-1C50-4355-9C49-AAE44A7D09F6,moving_average,"{""theta"": 0.8281250511182614, ""w"": 5}",180,60,120,0.15,0.0,9,0,60,120,2,1.1173184357541899,0,60.0,62.0,0.7166666666666667,2.0,0,0.0,0.0
ECECC2AB-D32F-4F90-B74C-E12A1C69BBE2,ECECC2AB_s1,61976C24-1C50-4355-9C49-AAE44A7D09F6,ewma,"{""theta"": 0.8183836286832886, ""alpha"": 0.3}",180,60,120,0.13333333333333333,0.0,8,0,60,120,2,1.1173184357541899,0,60.0,61.0,0.7111111111111111,1.0,0,0.0,0.0
ECECC2AB-D32F-4F90-B74C-E12A1C69BBE2,ECECC2AB_s1,61976C24-1C50-4355-9C49-AAE44A7D09F6,majority_vote,"{""theta"": 0.9315887080156604, ""w"": 10, ""k"": 8}",180,60,120,0.0,0.23333333333333334,0,28,60,120,7,3.910614525139665,2,22.5,11.5,0.5111111111111111,0.0,28,0.23333333333333334,7.0
ECECC2AB-D32F-4F90-B74C-E12A1C69BBE2,ECECC2AB_s1,61976C24-1C50-4355-9C49-AAE44A7D09F6,debounce,"{""theta"": 0.9830290954049041, ""n"": 5}",180,60,120,0.0,0.5166666666666667,0,62,60,120,2,1.1173184357541899,0,60.0,54.0,0.32222222222222224,0.0,62,0.5166666666666667,6.0
ECECC2AB-D32F-4F90-B74C-E12A1C69BBE2,ECECC2AB_s1,61976C24-1C50-4355-9C49-AAE44A7D09F6,margin_dual_threshold,"{""theta"": 0.8364759593590004, ""margin"": 0.1}",180,60,120,0.15,0.0,9,0,60,120,2,1.1173184357541899,0,60.0,60.0,0.7166666666666667,0.0,0,0.0,0.0
ECECC2AB-D32F-4F90-B74C-E12A1C69BBE2,ECECC2AB_s1,61976C24-1C50-4355-9C49-AAE44A7D09F6,hysteresis,"{""theta"": 0.9474551823614259, ""margin"": 0.05, ""ttt_frames"": 3}",180,60,120,0.03333333333333333,0.016666666666666666,2,2,60,120,2,1.1173184357541899,0,60.0,60.0,0.6666666666666666,2.0,2,0.016666666666666666,2.0
ECECC2AB-D32F-4F90-B74C-E12A1C69BBE2,ECECC2AB_s1,61976C24-1C50-4355-9C49-AAE44A7D09F6,trust_model,"{""theta"": 0.9474551823614259, ""gain"": 0.3, ""decay"": 0.05, ""tau_lo"": 0.4, ""tau_hi"": 0.6}",180,60,120,0.0,0.23333333333333334,0,28,60,120,2,1.1173184357541899,0,60.0,60.0,0.5111111111111111,0.0,28,0.23333333333333334,28.0
ECECC2AB-D32F-4F90-B74C-E12A1C69BBE2,ECECC2AB_s1,61976C24-1C50-4355-9C49-AAE44A7D09F6,sprt,"{""A"": 1, ""B"": 1, ""mu_gen"": 0.973646741992353, ""sd_gen"": 0.017139579676554963, ""mu_imp"": 0.3562884927994138, ""sd_imp"": 0.27038744082207056}",180,60,120,0.08333333333333333,0.0,5,0,60,120,2,1.1173184357541899,0,60.0,60.0,0.6944444444444444,0.0,0,0.0,0.0
ECECC2AB-D32F-4F90-B74C-E12A1C69BBE2,ECECC2AB_s2,33A85C34-CFE4-4732-9E73-0A7AC861B27A,instantaneous,"{""theta"": 0.873834609308543}",180,60,120,0.0,0.0,0,0,60,120,2,1.1173184357541899,0,60.0,60.0,0.6666666666666666,0.0,0,0.0,0.0
ECECC2AB-D32F-4F90-B74C-E12A1C69BBE2,ECECC2AB_s2,33A85C34-CFE4-4732-9E73-0A7AC861B27A,moving_average,"{""theta"": 0.8281250511182614, ""w"": 5}",180,60,120,0.016666666666666666,0.016666666666666666,1,2,60,120,2,1.1173184357541899,0,60.0,61.0,0.6611111111111111,1.0,2,0.016666666666666666,2.0
ECECC2AB-D32F-4F90-B74C-E12A1C69BBE2,ECECC2AB_s2,33A85C34-CFE4-4732-9E73-0A7AC861B27A,ewma,"{""theta"": 0.8183836286832886, ""alpha"": 0.3}",180,60,120,0.0,0.016666666666666666,0,2,60,120,2,1.1173184357541899,0,60.0,60.0,0.6555555555555556,0.0,2,0.016666666666666666,2.0
ECECC2AB-D32F-4F90-B74C-E12A1C69BBE2,ECECC2AB_s2,33A85C34-CFE4-4732-9E73-0A7AC861B27A,majority_vote,"{""theta"": 0.9315887080156604, ""w"": 10, ""k"": 8}",180,60,120,0.03333333333333333,0.058333333333333334,2,7,60,120,2,1.1173184357541899,0,60.0,62.0,0.6388888888888888,2.0,7,0.058333333333333334,7.0
ECECC2AB-D32F-4F90-B74C-E12A1C69BBE2,ECECC2AB_s2,33A85C34-CFE4-4732-9E73-0A7AC861B27A,debounce,"{""theta"": 0.9830290954049041, ""n"": 5}",180,60,120,0.06666666666666667,0.5,4,60,60,120,1,0.5586592178770949,0,90.0,90.0,0.35555555555555557,4.0,60,0.5,
ECECC2AB-D32F-4F90-B74C-E12A1C69BBE2,ECECC2AB_s2,33A85C34-CFE4-4732-9E73-0A7AC861B27A,margin_dual_threshold,"{""theta"": 0.8364759593590004, ""margin"": 0.1}",180,60,120,0.0,0.0,0,0,60,120,2,1.1173184357541899,0,60.0,60.0,0.6666666666666666,0.0,0,0.0,0.0
ECECC2AB-D32F-4F90-B74C-E12A1C69BBE2,ECECC2AB_s2,33A85C34-CFE4-4732-9E73-0A7AC861B27A,hysteresis,"{""theta"": 0.9474551823614259, ""margin"": 0.05, ""ttt_frames"": 3}",180,60,120,0.03333333333333333,0.016666666666666666,2,2,60,120,2,1.1173184357541899,0,60.0,60.0,0.6666666666666666,2.0,2,0.016666666666666666,2.0
ECECC2AB-D32F-4F90-B74C-E12A1C69BBE2,ECECC2AB_s2,33A85C34-CFE4-4732-9E73-0A7AC861B27A,trust_model,"{""theta"": 0.9474551823614259, ""gain"": 0.3, ""decay"": 0.05, ""tau_lo"": 0.4, ""tau_hi"": 0.6}",180,60,120,0.03333333333333333,0.325,2,39,60,120,2,1.1173184357541899,0,60.0,62.0,0.46111111111111114,2.0,39,0.325,39.0
ECECC2AB-D32F-4F90-B74C-E12A1C69BBE2,ECECC2AB_s2,33A85C34-CFE4-4732-9E73-0A7AC861B27A,sprt,"{""A"": 1, ""B"": 1, ""mu_gen"": 0.973646741992353, ""sd_gen"": 0.017139579676554963, ""mu_imp"": 0.3562884927994138, ""sd_imp"": 0.27038744082207056}",180,60,120,0.0,0.0,0,0,60,120,2,1.1173184357541899,0,60.0,60.0,0.6666666666666666,0.0,0,0.0,0.0
ECECC2AB-D32F-4F90-B74C-E12A1C69BBE2,ECECC2AB_s3,78A91A4E-4A51-4065-BDA7-94755F0BB3BB,instantaneous,"{""theta"": 0.873834609308543}",180,60,120,0.0,0.0,0,0,60,120,2,1.1173184357541899,0,60.0,60.0,0.6666666666666666,0.0,0,0.0,0.0
ECECC2AB-D32F-4F90-B74C-E12A1C69BBE2,ECECC2AB_s3,78A91A4E-4A51-4065-BDA7-94755F0BB3BB,moving_average,"{""theta"": 0.8281250511182614, ""w"": 5}",180,60,120,0.016666666666666666,0.025,1,3,60,120,2,1.1173184357541899,0,60.0,61.0,0.6555555555555556,1.0,3,0.025,3.0
ECECC2AB-D32F-4F90-B74C-E12A1C69BBE2,ECECC2AB_s3,78A91A4E-4A51-4065-BDA7-94755F0BB3BB,ewma,"{""theta"": 0.8183836286832886, ""alpha"": 0.3}",180,60,120,0.0,0.025,0,3,60,120,2,1.1173184357541899,0,60.0,60.0,0.65,0.0,3,0.025,3.0
ECECC2AB-D32F-4F90-B74C-E12A1C69BBE2,ECECC2AB_s3,78A91A4E-4A51-4065-BDA7-94755F0BB3BB,majority_vote,"{""theta"": 0.9315887080156604, ""w"": 10, ""k"": 8}",180,60,120,0.03333333333333333,0.24166666666666667,2,29,60,120,8,4.4692737430167595,3,20.0,14.0,0.5166666666666667,2.0,29,0.24166666666666667,7.0
ECECC2AB-D32F-4F90-B74C-E12A1C69BBE2,ECECC2AB_s3,78A91A4E-4A51-4065-BDA7-94755F0BB3BB,debounce,"{""theta"": 0.9830290954049041, ""n"": 5}",180,60,120,0.0,0.7583333333333333,0,91,60,120,3,1.675977653631285,0,45.0,28.0,0.16111111111111112,0.0,91,0.7583333333333333,4.0
ECECC2AB-D32F-4F90-B74C-E12A1C69BBE2,ECECC2AB_s3,78A91A4E-4A51-4065-BDA7-94755F0BB3BB,margin_dual_threshold,"{""theta"": 0.8364759593590004, ""margin"": 0.1}",180,60,120,0.0,0.0,0,0,60,120,2,1.1173184357541899,0,60.0,60.0,0.6666666666666666,0.0,0,0.0,0.0
ECECC2AB-D32F-4F90-B74C-E12A1C69BBE2,ECECC2AB_s3,78A91A4E-4A51-4065-BDA7-94755F0BB3BB,hysteresis,"{""theta"": 0.9474551823614259, ""margin"": 0.05, ""ttt_frames"": 3}",180,60,120,0.03333333333333333,0.016666666666666666,2,2,60,120,2,1.1173184357541899,0,60.0,60.0,0.6666666666666666,2.0,2,0.016666666666666666,2.0
ECECC2AB-D32F-4F90-B74C-E12A1C69BBE2,ECECC2AB_s3,78A91A4E-4A51-4065-BDA7-94755F0BB3BB,trust_model,"{""theta"": 0.9474551823614259, ""gain"": 0.3, ""decay"": 0.05, ""tau_lo"": 0.4, ""tau_hi"": 0.6}",180,60,120,0.0,0.375,0,45,60,120,2,1.1173184357541899,0,60.0,60.0,0.4166666666666667,0.0,45,0.375,45.0
ECECC2AB-D32F-4F90-B74C-E12A1C69BBE2,ECECC2AB_s3,78A91A4E-4A51-4065-BDA7-94755F0BB3BB,sprt,"{""A"": 1, ""B"": 1, ""mu_gen"": 0.973646741992353, ""sd_gen"": 0.017139579676554963, ""mu_imp"": 0.3562884927994138, ""sd_imp"": 0.27038744082207056}",180,60,120,0.0,0.0,0,0,60,120,2,1.1173184357541899,0,60.0,60.0,0.6666666666666666,0.0,0,0.0,0.0
ECECC2AB-D32F-4F90-B74C-E12A1C69BBE2,ECECC2AB_s4,A5CDF89D-02A2-4EC1-89F8-F534FDABDD96,instantaneous,"{""theta"": 0.873834609308543}",180,60,120,0.0,0.0,0,0,60,120,2,1.1173184357541899,0,60.0,60.0,0.6666666666666666,0.0,0,0.0,0.0
ECECC2AB-D32F-4F90-B74C-E12A1C69BBE2,ECECC2AB_s4,A5CDF89D-02A2-4EC1-89F8-F534FDABDD96,moving_average,"{""theta"": 0.8281250511182614, ""w"": 5}",180,60,120,0.08333333333333333,0.016666666666666666,5,2,60,120,4,2.2346368715083798,2,36.0,30.0,0.6833333333333333,4.0,2,0.016666666666666666,2.0
ECECC2AB-D32F-4F90-B74C-E12A1C69BBE2,ECECC2AB_s4,A5CDF89D-02A2-4EC1-89F8-F534FDABDD96,ewma,"{""theta"": 0.8183836286832886, ""alpha"": 0.3}",180,60,120,0.1,0.008333333333333333,6,1,60,120,4,2.2346368715083798,2,36.0,29.0,0.6944444444444444,5.0,1,0.008333333333333333,1.0
ECECC2AB-D32F-4F90-B74C-E12A1C69BBE2,ECECC2AB_s4,A5CDF89D-02A2-4EC1-89F8-F534FDABDD96,majority_vote,"{""theta"": 0.9315887080156604, ""w"": 10, ""k"": 8}",180,60,120,0.03333333333333333,0.058333333333333334,2,7,60,120,2,1.1173184357541899,0,60.0,62.0,0.6388888888888888,2.0,7,0.058333333333333334,7.0
ECECC2AB-D32F-4F90-B74C-E12A1C69BBE2,ECECC2AB_s4,A5CDF89D-02A2-4EC1-89F8-F534FDABDD96,debounce,"{""theta"": 0.9830290954049041, ""n"": 5}",180,60,120,0.06666666666666667,0.24166666666666667,4,29,60,120,3,1.675977653631285,0,45.0,45.5,0.5277777777777778,4.0,29,0.24166666666666667,4.0
ECECC2AB-D32F-4F90-B74C-E12A1C69BBE2,ECECC2AB_s4,A5CDF89D-02A2-4EC1-89F8-F534FDABDD96,margin_dual_threshold,"{""theta"": 0.8364759593590004, ""margin"": 0.1}",180,60,120,0.016666666666666666,0.0,1,0,60,120,2,1.1173184357541899,0,60.0,60.0,0.6722222222222223,1.0,0,0.0,0.0
ECECC2AB-D32F-4F90-B74C-E12A1C69BBE2,ECECC2AB_s4,A5CDF89D-02A2-4EC1-89F8-F534FDABDD96,hysteresis,"{""theta"": 0.9474551823614259, ""margin"": 0.05, ""ttt_frames"": 3}",180,60,120,0.03333333333333333,0.016666666666666666,2,2,60,120,2,1.1173184357541899,0,60.0,60.0,0.6666666666666666,2.0,2,0.016666666666666666,2.0
ECECC2AB-D32F-4F90-B74C-E12A1C69BBE2,ECECC2AB_s4,A5CDF89D-02A2-4EC1-89F8-F534FDABDD96,trust_model,"{""theta"": 0.9474551823614259, ""gain"": 0.3, ""decay"": 0.05, ""tau_lo"": 0.4, ""tau_hi"": 0.6}",180,60,120,0.1,0.39166666666666666,6,47,60,120,2,1.1173184357541899,0,60.0,66.0,0.4388888888888889,6.0,47,0.39166666666666666,47.0
ECECC2AB-D32F-4F90-B74C-E12A1C69BBE2,ECECC2AB_s4,A5CDF89D-02A2-4EC1-89F8-F534FDABDD96,sprt,"{""A"": 1, ""B"": 1, ""mu_gen"": 0.973646741992353, ""sd_gen"": 0.017139579676554963, ""mu_imp"": 0.3562884927994138, ""sd_imp"": 0.27038744082207056}",180,60,120,0.0,0.0,0,0,60,120,2,1.1173184357541899,0,60.0,60.0,0.6666666666666666,0.0,0,0.0,0.0
ECECC2AB-D32F-4F90-B74C-E12A1C69BBE2,ECECC2AB_s5,7D9BB102-A612-4E2A-8E22-3159752F55D8,instantaneous,"{""theta"": 0.873834609308543}",180,60,120,0.0,0.0,0,0,60,120,2,1.1173184357541899,0,60.0,60.0,0.6666666666666666,0.0,0,0.0,0.0
ECECC2AB-D32F-4F90-B74C-E12A1C69BBE2,ECECC2AB_s5,7D9BB102-A612-4E2A-8E22-3159752F55D8,moving_average,"{""theta"": 0.8281250511182614, ""w"": 5}",180,60,120,0.016666666666666666,0.025,1,3,60,120,2,1.1173184357541899,0,60.0,61.0,0.6555555555555556,1.0,3,0.025,3.0
ECECC2AB-D32F-4F90-B74C-E12A1C69BBE2,ECECC2AB_s5,7D9BB102-A612-4E2A-8E22-3159752F55D8,ewma,"{""theta"": 0.8183836286832886, ""alpha"": 0.3}",180,60,120,0.016666666666666666,0.025,1,3,60,120,2,1.1173184357541899,0,60.0,61.0,0.6555555555555556,1.0,3,0.025,3.0
ECECC2AB-D32F-4F90-B74C-E12A1C69BBE2,ECECC2AB_s5,7D9BB102-A612-4E2A-8E22-3159752F55D8,majority_vote,"{""theta"": 0.9315887080156604, ""w"": 10, ""k"": 8}",180,60,120,0.03333333333333333,0.058333333333333334,2,7,60,120,2,1.1173184357541899,0,60.0,62.0,0.6388888888888888,2.0,7,0.058333333333333334,7.0
ECECC2AB-D32F-4F90-B74C-E12A1C69BBE2,ECECC2AB_s5,7D9BB102-A612-4E2A-8E22-3159752F55D8,debounce,"{""theta"": 0.9830290954049041, ""n"": 5}",180,60,120,0.0,0.4583333333333333,0,55,60,120,2,1.1173184357541899,0,60.0,55.0,0.3611111111111111,0.0,55,0.4583333333333333,5.0
ECECC2AB-D32F-4F90-B74C-E12A1C69BBE2,ECECC2AB_s5,7D9BB102-A612-4E2A-8E22-3159752F55D8,margin_dual_threshold,"{""theta"": 0.8364759593590004, ""margin"": 0.1}",180,60,120,0.0,0.0,0,0,60,120,2,1.1173184357541899,0,60.0,60.0,0.6666666666666666,0.0,0,0.0,0.0
ECECC2AB-D32F-4F90-B74C-E12A1C69BBE2,ECECC2AB_s5,7D9BB102-A612-4E2A-8E22-3159752F55D8,hysteresis,"{""theta"": 0.9474551823614259, ""margin"": 0.05, ""ttt_frames"": 3}",180,60,120,0.03333333333333333,0.025,2,3,60,120,2,1.1173184357541899,0,60.0,61.0,0.6611111111111111,2.0,3,0.025,3.0
ECECC2AB-D32F-4F90-B74C-E12A1C69BBE2,ECECC2AB_s5,7D9BB102-A612-4E2A-8E22-3159752F55D8,trust_model,"{""theta"": 0.9474551823614259, ""gain"": 0.3, ""decay"": 0.05, ""tau_lo"": 0.4, ""tau_hi"": 0.6}",180,60,120,0.03333333333333333,0.24166666666666667,2,29,60,120,2,1.1173184357541899,0,60.0,62.0,0.5166666666666667,2.0,29,0.24166666666666667,29.0
ECECC2AB-D32F-4F90-B74C-E12A1C69BBE2,ECECC2AB_s5,7D9BB102-A612-4E2A-8E22-3159752F55D8,sprt,"{""A"": 1, ""B"": 1, ""mu_gen"": 0.973646741992353, ""sd_gen"": 0.017139579676554963, ""mu_imp"": 0.3562884927994138, ""sd_imp"": 0.27038744082207056}",180,60,120,0.0,0.0,0,0,60,120,2,1.1173184357541899,0,60.0,60.0,0.6666666666666666,0.0,0,0.0,0.0
FDAA70A1-42A3-4E3F-9AE3-3FDA412E03BF,FDAA70A1_s0,61976C24-1C50-4355-9C49-AAE44A7D09F6,instantaneous,"{""theta"": 0.849373461089519}",180,60,120,0.1,0.0,6,0,60,120,2,1.1173184357541899,0,60.0,60.0,0.7,0.0,0,0.0,0.0
FDAA70A1-42A3-4E3F-9AE3-3FDA412E03BF,FDAA70A1_s0,61976C24-1C50-4355-9C49-AAE44A7D09F6,moving_average,"{""theta"": 0.8507902861687254, ""w"": 5}",180,60,120,0.08333333333333333,0.0,5,0,60,120,2,1.1173184357541899,0,60.0,61.0,0.6944444444444444,1.0,0,0.0,0.0
FDAA70A1-42A3-4E3F-9AE3-3FDA412E03BF,FDAA70A1_s0,61976C24-1C50-4355-9C49-AAE44A7D09F6,ewma,"{""theta"": 0.8479394235579328, ""alpha"": 0.3}",180,60,120,0.03333333333333333,0.0,2,0,60,120,2,1.1173184357541899,0,60.0,61.0,0.6777777777777778,1.0,0,0.0,0.0
FDAA70A1-42A3-4E3F-9AE3-3FDA412E03BF,FDAA70A1_s0,61976C24-1C50-4355-9C49-AAE44A7D09F6,majority_vote,"{""theta"": 0.8428648195892818, ""w"": 3, ""k"": 2}",180,60,120,0.1,0.0,6,0,60,120,2,1.1173184357541899,0,60.0,61.0,0.7,1.0,0,0.0,0.0
FDAA70A1-42A3-4E3F-9AE3-3FDA412E03BF,FDAA70A1_s0,61976C24-1C50-4355-9C49-AAE44A7D09F6,debounce,"{""theta"": 0.8428648195892818, ""n"": 2}",180,60,120,0.1,0.0,6,0,60,120,2,1.1173184357541899,0,60.0,61.0,0.7,1.0,0,0.0,0.0
FDAA70A1-42A3-4E3F-9AE3-3FDA412E03BF,FDAA70A1_s0,61976C24-1C50-4355-9C49-AAE44A7D09F6,margin_dual_threshold,"{""theta"": 0.8193224612306153, ""margin"": 0.1}",180,60,120,0.1,0.0,6,0,60,120,2,1.1173184357541899,0,60.0,60.0,0.7,0.0,0,0.0,0.0
FDAA70A1-42A3-4E3F-9AE3-3FDA412E03BF,FDAA70A1_s0,61976C24-1C50-4355-9C49-AAE44A7D09F6,hysteresis,"{""theta"": 0.8596968720257565, ""margin"": 0.05, ""ttt_frames"": 2}",180,60,120,0.1,0.0,6,0,60,120,2,1.1173184357541899,0,60.0,61.0,0.7,1.0,0,0.0,0.0
FDAA70A1-42A3-4E3F-9AE3-3FDA412E03BF,FDAA70A1_s0,61976C24-1C50-4355-9C49-AAE44A7D09F6,trust_model,"{""theta"": 0.9147573786893447, ""gain"": 0.6, ""decay"": 0.2, ""tau_lo"": 0.4, ""tau_hi"": 0.6}",180,60,120,0.016666666666666666,0.041666666666666664,1,5,60,120,2,1.1173184357541899,0,60.0,61.0,0.6444444444444445,1.0,5,0.041666666666666664,5.0
FDAA70A1-42A3-4E3F-9AE3-3FDA412E03BF,FDAA70A1_s0,61976C24-1C50-4355-9C49-AAE44A7D09F6,sprt,"{""A"": 1, ""B"": 16, ""mu_gen"": 0.9593810794286032, ""sd_gen"": 0.029060667450462818, ""mu_imp"": 0.5068689900505808, ""sd_imp"": 0.2821245617631153}",180,60,120,0.1,0.0,6,0,60,120,2,1.1173184357541899,0,60.0,60.0,0.7,0.0,0,0.0,0.0
FDAA70A1-42A3-4E3F-9AE3-3FDA412E03BF,FDAA70A1_s1,806289BC-AD52-4CC1-806C-0CDB14D65EB6,instantaneous,"{""theta"": 0.849373461089519}",180,60,120,0.0,0.0,0,0,60,120,2,1.1173184357541899,0,60.0,60.0,0.6666666666666666,0.0,0,0.0,0.0
FDAA70A1-42A3-4E3F-9AE3-3FDA412E03BF,FDAA70A1_s1,806289BC-AD52-4CC1-806C-0CDB14D65EB6,moving_average,"{""theta"": 0.8507902861687254, ""w"": 5}",180,60,120,0.0,0.03333333333333333,0,4,60,120,2,1.1173184357541899,0,60.0,60.0,0.6444444444444445,0.0,4,0.03333333333333333,4.0
FDAA70A1-42A3-4E3F-9AE3-3FDA412E03BF,FDAA70A1_s1,806289BC-AD52-4CC1-806C-0CDB14D65EB6,ewma,"{""theta"": 0.8479394235579328, ""alpha"": 0.3}",180,60,120,0.0,0.041666666666666664,0,5,60,120,2,1.1173184357541899,0,60.0,60.0,0.6388888888888888,0.0,5,0.041666666666666664,5.0
FDAA70A1-42A3-4E3F-9AE3-3FDA412E03BF,FDAA70A1_s1,806289BC-AD52-4CC1-806C-0CDB14D65EB6,majority_vote,"{""theta"": 0.8428648195892818, ""w"": 3, ""k"": 2}",180,60,120,0.016666666666666666,0.008333333333333333,1,1,60,120,2,1.1173184357541899,0,60.0,60.0,0.6666666666666666,1.0,1,0.008333333333333333,1.0
FDAA70A1-42A3-4E3F-9AE3-3FDA412E03BF,FDAA70A1_s1,806289BC-AD52-4CC1-806C-0CDB14D65EB6,debounce,"{""theta"": 0.8428648195892818, ""n"": 2}",180,60,120,0.016666666666666666,0.008333333333333333,1,1,60,120,2,1.1173184357541899,0,60.0,60.0,0.6666666666666666,1.0,1,0.008333333333333333,1.0
FDAA70A1-42A3-4E3F-9AE3-3FDA412E03BF,FDAA70A1_s1,806289BC-AD52-4CC1-806C-0CDB14D65EB6,margin_dual_threshold,"{""theta"": 0.8193224612306153, ""margin"": 0.1}",180,60,120,0.0,0.0,0,0,60,120,2,1.1173184357541899,0,60.0,60.0,0.6666666666666666,0.0,0,0.0,0.0
FDAA70A1-42A3-4E3F-9AE3-3FDA412E03BF,FDAA70A1_s1,806289BC-AD52-4CC1-806C-0CDB14D65EB6,hysteresis,"{""theta"": 0.8596968720257565, ""margin"": 0.05, ""ttt_frames"": 2}",180,60,120,0.016666666666666666,0.008333333333333333,1,1,60,120,2,1.1173184357541899,0,60.0,60.0,0.6666666666666666,1.0,1,0.008333333333333333,1.0
FDAA70A1-42A3-4E3F-9AE3-3FDA412E03BF,FDAA70A1_s1,806289BC-AD52-4CC1-806C-0CDB14D65EB6,trust_model,"{""theta"": 0.9147573786893447, ""gain"": 0.6, ""decay"": 0.2, ""tau_lo"": 0.4, ""tau_hi"": 0.6}",180,60,120,0.0,0.058333333333333334,0,7,60,120,2,1.1173184357541899,0,60.0,60.0,0.6277777777777778,0.0,7,0.058333333333333334,7.0
FDAA70A1-42A3-4E3F-9AE3-3FDA412E03BF,FDAA70A1_s1,806289BC-AD52-4CC1-806C-0CDB14D65EB6,sprt,"{""A"": 1, ""B"": 16, ""mu_gen"": 0.9593810794286032, ""sd_gen"": 0.029060667450462818, ""mu_imp"": 0.5068689900505808, ""sd_imp"": 0.2821245617631153}",180,60,120,0.0,0.0,0,0,60,120,2,1.1173184357541899,0,60.0,60.0,0.6666666666666666,0.0,0,0.0,0.0
FDAA70A1-42A3-4E3F-9AE3-3FDA412E03BF,FDAA70A1_s2,4E98F91F-4654-42EF-B908-A3389443F2E7,instantaneous,"{""theta"": 0.849373461089519}",180,60,120,0.0,0.0,0,0,60,120,2,1.1173184357541899,0,60.0,60.0,0.6666666666666666,0.0,0,0.0,0.0
FDAA70A1-42A3-4E3F-9AE3-3FDA412E03BF,FDAA70A1_s2,4E98F91F-4654-42EF-B908-A3389443F2E7,moving_average,"{""theta"": 0.8507902861687254, ""w"": 5}",180,60,120,0.0,0.03333333333333333,0,4,60,120,2,1.1173184357541899,0,60.0,60.0,0.6444444444444445,0.0,4,0.03333333333333333,4.0
FDAA70A1-42A3-4E3F-9AE3-3FDA412E03BF,FDAA70A1_s2,4E98F91F-4654-42EF-B908-A3389443F2E7,ewma,"{""theta"": 0.8479394235579328, ""alpha"": 0.3}",180,60,120,0.0,0.041666666666666664,0,5,60,120,2,1.1173184357541899,0,60.0,60.0,0.6388888888888888,0.0,5,0.041666666666666664,5.0
FDAA70A1-42A3-4E3F-9AE3-3FDA412E03BF,FDAA70A1_s2,4E98F91F-4654-42EF-B908-A3389443F2E7,majority_vote,"{""theta"": 0.8428648195892818, ""w"": 3, ""k"": 2}",180,60,120,0.016666666666666666,0.008333333333333333,1,1,60,120,2,1.1173184357541899,0,60.0,60.0,0.6666666666666666,1.0,1,0.008333333333333333,1.0
FDAA70A1-42A3-4E3F-9AE3-3FDA412E03BF,FDAA70A1_s2,4E98F91F-4654-42EF-B908-A3389443F2E7,debounce,"{""theta"": 0.8428648195892818, ""n"": 2}",180,60,120,0.016666666666666666,0.008333333333333333,1,1,60,120,2,1.1173184357541899,0,60.0,60.0,0.6666666666666666,1.0,1,0.008333333333333333,1.0
FDAA70A1-42A3-4E3F-9AE3-3FDA412E03BF,FDAA70A1_s2,4E98F91F-4654-42EF-B908-A3389443F2E7,margin_dual_threshold,"{""theta"": 0.8193224612306153, ""margin"": 0.1}",180,60,120,0.0,0.0,0,0,60,120,2,1.1173184357541899,0,60.0,60.0,0.6666666666666666,0.0,0,0.0,0.0
FDAA70A1-42A3-4E3F-9AE3-3FDA412E03BF,FDAA70A1_s2,4E98F91F-4654-42EF-B908-A3389443F2E7,hysteresis,"{""theta"": 0.8596968720257565, ""margin"": 0.05, ""ttt_frames"": 2}",180,60,120,0.016666666666666666,0.008333333333333333,1,1,60,120,2,1.1173184357541899,0,60.0,60.0,0.6666666666666666,1.0,1,0.008333333333333333,1.0
FDAA70A1-42A3-4E3F-9AE3-3FDA412E03BF,FDAA70A1_s2,4E98F91F-4654-42EF-B908-A3389443F2E7,trust_model,"{""theta"": 0.9147573786893447, ""gain"": 0.6, ""decay"": 0.2, ""tau_lo"": 0.4, ""tau_hi"": 0.6}",180,60,120,0.0,0.475,0,57,60,120,2,1.1173184357541899,0,60.0,60.0,0.35,0.0,57,0.475,57.0
FDAA70A1-42A3-4E3F-9AE3-3FDA412E03BF,FDAA70A1_s2,4E98F91F-4654-42EF-B908-A3389443F2E7,sprt,"{""A"": 1, ""B"": 16, ""mu_gen"": 0.9593810794286032, ""sd_gen"": 0.029060667450462818, ""mu_imp"": 0.5068689900505808, ""sd_imp"": 0.2821245617631153}",180,60,120,0.0,0.0,0,0,60,120,2,1.1173184357541899,0,60.0,60.0,0.6666666666666666,0.0,0,0.0,0.0
FDAA70A1-42A3-4E3F-9AE3-3FDA412E03BF,FDAA70A1_s3,A7599A50-24AE-46A6-8EA6-2576F1011D81,instantaneous,"{""theta"": 0.849373461089519}",180,60,120,0.0,0.0,0,0,60,120,2,1.1173184357541899,0,60.0,60.0,0.6666666666666666,0.0,0,0.0,0.0
FDAA70A1-42A3-4E3F-9AE3-3FDA412E03BF,FDAA70A1_s3,A7599A50-24AE-46A6-8EA6-2576F1011D81,moving_average,"{""theta"": 0.8507902861687254, ""w"": 5}",180,60,120,0.0,0.03333333333333333,0,4,60,120,2,1.1173184357541899,0,60.0,60.0,0.6444444444444445,0.0,4,0.03333333333333333,4.0
FDAA70A1-42A3-4E3F-9AE3-3FDA412E03BF,FDAA70A1_s3,A7599A50-24AE-46A6-8EA6-2576F1011D81,ewma,"{""theta"": 0.8479394235579328, ""alpha"": 0.3}",180,60,120,0.0,0.041666666666666664,0,5,60,120,2,1.1173184357541899,0,60.0,60.0,0.6388888888888888,0.0,5,0.041666666666666664,5.0
FDAA70A1-42A3-4E3F-9AE3-3FDA412E03BF,FDAA70A1_s3,A7599A50-24AE-46A6-8EA6-2576F1011D81,majority_vote,"{""theta"": 0.8428648195892818, ""w"": 3, ""k"": 2}",180,60,120,0.016666666666666666,0.008333333333333333,1,1,60,120,2,1.1173184357541899,0,60.0,60.0,0.6666666666666666,1.0,1,0.008333333333333333,1.0
FDAA70A1-42A3-4E3F-9AE3-3FDA412E03BF,FDAA70A1_s3,A7599A50-24AE-46A6-8EA6-2576F1011D81,debounce,"{""theta"": 0.8428648195892818, ""n"": 2}",180,60,120,0.016666666666666666,0.008333333333333333,1,1,60,120,2,1.1173184357541899,0,60.0,60.0,0.6666666666666666,1.0,1,0.008333333333333333,1.0
FDAA70A1-42A3-4E3F-9AE3-3FDA412E03BF,FDAA70A1_s3,A7599A50-24AE-46A6-8EA6-2576F1011D81,margin_dual_threshold,"{""theta"": 0.8193224612306153, ""margin"": 0.1}",180,60,120,0.0,0.0,0,0,60,120,2,1.1173184357541899,0,60.0,60.0,0.6666666666666666,0.0,0,0.0,0.0
FDAA70A1-42A3-4E3F-9AE3-3FDA412E03BF,FDAA70A1_s3,A7599A50-24AE-46A6-8EA6-2576F1011D81,hysteresis,"{""theta"": 0.8596968720257565, ""margin"": 0.05, ""ttt_frames"": 2}",180,60,120,0.016666666666666666,0.008333333333333333,1,1,60,120,2,1.1173184357541899,0,60.0,60.0,0.6666666666666666,1.0,1,0.008333333333333333,1.0
FDAA70A1-42A3-4E3F-9AE3-3FDA412E03BF,FDAA70A1_s3,A7599A50-24AE-46A6-8EA6-2576F1011D81,trust_model,"{""theta"": 0.9147573786893447, ""gain"": 0.6, ""decay"": 0.2, ""tau_lo"": 0.4, ""tau_hi"": 0.6}",180,60,120,0.0,0.13333333333333333,0,16,60,120,2,1.1173184357541899,0,60.0,60.0,0.5777777777777777,0.0,16,0.13333333333333333,16.0
FDAA70A1-42A3-4E3F-9AE3-3FDA412E03BF,FDAA70A1_s3,A7599A50-24AE-46A6-8EA6-2576F1011D81,sprt,"{""A"": 1, ""B"": 16, ""mu_gen"": 0.9593810794286032, ""sd_gen"": 0.029060667450462818, ""mu_imp"": 0.5068689900505808, ""sd_imp"": 0.2821245617631153}",180,60,120,0.0,0.0,0,0,60,120,2,1.1173184357541899,0,60.0,60.0,0.6666666666666666,0.0,0,0.0,0.0
FDAA70A1-42A3-4E3F-9AE3-3FDA412E03BF,FDAA70A1_s4,A7599A50-24AE-46A6-8EA6-2576F1011D81,instantaneous,"{""theta"": 0.849373461089519}",180,60,120,0.0,0.0,0,0,60,120,2,1.1173184357541899,0,60.0,60.0,0.6666666666666666,0.0,0,0.0,0.0
FDAA70A1-42A3-4E3F-9AE3-3FDA412E03BF,FDAA70A1_s4,A7599A50-24AE-46A6-8EA6-2576F1011D81,moving_average,"{""theta"": 0.8507902861687254, ""w"": 5}",180,60,120,0.0,0.025,0,3,60,120,2,1.1173184357541899,0,60.0,60.0,0.65,0.0,3,0.025,3.0
FDAA70A1-42A3-4E3F-9AE3-3FDA412E03BF,FDAA70A1_s4,A7599A50-24AE-46A6-8EA6-2576F1011D81,ewma,"{""theta"": 0.8479394235579328, ""alpha"": 0.3}",180,60,120,0.0,0.03333333333333333,0,4,60,120,2,1.1173184357541899,0,60.0,60.0,0.6444444444444445,0.0,4,0.03333333333333333,4.0
FDAA70A1-42A3-4E3F-9AE3-3FDA412E03BF,FDAA70A1_s4,A7599A50-24AE-46A6-8EA6-2576F1011D81,majority_vote,"{""theta"": 0.8428648195892818, ""w"": 3, ""k"": 2}",180,60,120,0.016666666666666666,0.008333333333333333,1,1,60,120,2,1.1173184357541899,0,60.0,60.0,0.6666666666666666,1.0,1,0.008333333333333333,1.0
FDAA70A1-42A3-4E3F-9AE3-3FDA412E03BF,FDAA70A1_s4,A7599A50-24AE-46A6-8EA6-2576F1011D81,debounce,"{""theta"": 0.8428648195892818, ""n"": 2}",180,60,120,0.016666666666666666,0.008333333333333333,1,1,60,120,2,1.1173184357541899,0,60.0,60.0,0.6666666666666666,1.0,1,0.008333333333333333,1.0
FDAA70A1-42A3-4E3F-9AE3-3FDA412E03BF,FDAA70A1_s4,A7599A50-24AE-46A6-8EA6-2576F1011D81,margin_dual_threshold,"{""theta"": 0.8193224612306153, ""margin"": 0.1}",180,60,120,0.0,0.0,0,0,60,120,2,1.1173184357541899,0,60.0,60.0,0.6666666666666666,0.0,0,0.0,0.0
FDAA70A1-42A3-4E3F-9AE3-3FDA412E03BF,FDAA70A1_s4,A7599A50-24AE-46A6-8EA6-2576F1011D81,hysteresis,"{""theta"": 0.8596968720257565, ""margin"": 0.05, ""ttt_frames"": 2}",180,60,120,0.016666666666666666,0.008333333333333333,1,1,60,120,2,1.1173184357541899,0,60.0,60.0,0.6666666666666666,1.0,1,0.008333333333333333,1.0
FDAA70A1-42A3-4E3F-9AE3-3FDA412E03BF,FDAA70A1_s4,A7599A50-24AE-46A6-8EA6-2576F1011D81,trust_model,"{""theta"": 0.9147573786893447, ""gain"": 0.6, ""decay"": 0.2, ""tau_lo"": 0.4, ""tau_hi"": 0.6}",180,60,120,0.0,0.06666666666666667,0,8,60,120,2,1.1173184357541899,0,60.0,60.0,0.6222222222222222,0.0,8,0.06666666666666667,8.0
FDAA70A1-42A3-4E3F-9AE3-3FDA412E03BF,FDAA70A1_s4,A7599A50-24AE-46A6-8EA6-2576F1011D81,sprt,"{""A"": 1, ""B"": 16, ""mu_gen"": 0.9593810794286032, ""sd_gen"": 0.029060667450462818, ""mu_imp"": 0.5068689900505808, ""sd_imp"": 0.2821245617631153}",180,60,120,0.0,0.0,0,0,60,120,2,1.1173184357541899,0,60.0,60.0,0.6666666666666666,0.0,0,0.0,0.0
FDAA70A1-42A3-4E3F-9AE3-3FDA412E03BF,FDAA70A1_s5,CF722AA9-2533-4E51-9FEB-9EAC84EE9AAC,instantaneous,"{""theta"": 0.849373461089519}",180,60,120,0.0,0.0,0,0,60,120,2,1.1173184357541899,0,60.0,60.0,0.6666666666666666,0.0,0,0.0,0.0
FDAA70A1-42A3-4E3F-9AE3-3FDA412E03BF,FDAA70A1_s5,CF722AA9-2533-4E51-9FEB-9EAC84EE9AAC,moving_average,"{""theta"": 0.8507902861687254, ""w"": 5}",180,60,120,0.016666666666666666,0.03333333333333333,1,4,60,120,2,1.1173184357541899,0,60.0,61.0,0.65,1.0,4,0.03333333333333333,4.0
FDAA70A1-42A3-4E3F-9AE3-3FDA412E03BF,FDAA70A1_s5,CF722AA9-2533-4E51-9FEB-9EAC84EE9AAC,ewma,"{""theta"": 0.8479394235579328, ""alpha"": 0.3}",180,60,120,0.0,0.03333333333333333,0,4,60,120,2,1.1173184357541899,0,60.0,60.0,0.6444444444444445,0.0,4,0.03333333333333333,4.0
FDAA70A1-42A3-4E3F-9AE3-3FDA412E03BF,FDAA70A1_s5,CF722AA9-2533-4E51-9FEB-9EAC84EE9AAC,majority_vote,"{""theta"": 0.8428648195892818, ""w"": 3, ""k"": 2}",180,60,120,0.016666666666666666,0.008333333333333333,1,1,60,120,2,1.1173184357541899,0,60.0,60.0,0.6666666666666666,1.0,1,0.008333333333333333,1.0
FDAA70A1-42A3-4E3F-9AE3-3FDA412E03BF,FDAA70A1_s5,CF722AA9-2533-4E51-9FEB-9EAC84EE9AAC,debounce,"{""theta"": 0.8428648195892818, ""n"": 2}",180,60,120,0.016666666666666666,0.008333333333333333,1,1,60,120,2,1.1173184357541899,0,60.0,60.0,0.6666666666666666,1.0,1,0.008333333333333333,1.0
FDAA70A1-42A3-4E3F-9AE3-3FDA412E03BF,FDAA70A1_s5,CF722AA9-2533-4E51-9FEB-9EAC84EE9AAC,margin_dual_threshold,"{""theta"": 0.8193224612306153, ""margin"": 0.1}",180,60,120,0.0,0.0,0,0,60,120,2,1.1173184357541899,0,60.0,60.0,0.6666666666666666,0.0,0,0.0,0.0
FDAA70A1-42A3-4E3F-9AE3-3FDA412E03BF,FDAA70A1_s5,CF722AA9-2533-4E51-9FEB-9EAC84EE9AAC,hysteresis,"{""theta"": 0.8596968720257565, ""margin"": 0.05, ""ttt_frames"": 2}",180,60,120,0.016666666666666666,0.008333333333333333,1,1,60,120,2,1.1173184357541899,0,60.0,60.0,0.6666666666666666,1.0,1,0.008333333333333333,1.0
FDAA70A1-42A3-4E3F-9AE3-3FDA412E03BF,FDAA70A1_s5,CF722AA9-2533-4E51-9FEB-9EAC84EE9AAC,trust_model,"{""theta"": 0.9147573786893447, ""gain"": 0.6, ""decay"": 0.2, ""tau_lo"": 0.4, ""tau_hi"": 0.6}",180,60,120,0.0,0.075,0,9,60,120,2,1.1173184357541899,0,60.0,60.0,0.6166666666666667,0.0,9,0.075,9.0
FDAA70A1-42A3-4E3F-9AE3-3FDA412E03BF,FDAA70A1_s5,CF722AA9-2533-4E51-9FEB-9EAC84EE9AAC,sprt,"{""A"": 1, ""B"": 16, ""mu_gen"": 0.9593810794286032, ""sd_gen"": 0.029060667450462818, ""mu_imp"": 0.5068689900505808, ""sd_imp"": 0.2821245617631153}",180,60,120,0.0,0.0,0,0,60,120,2,1.1173184357541899,0,60.0,60.0,0.6666666666666666,0.0,0,0.0,0.0
