partition,params_str,mechanism,target_name,genuine_uuid,frames,locks,unlocks,transitions,locked_frames,pp_events,pp_locks,genuine_hours,false_locks_per_hour,frr_time,transitions_per_hour,pingpong_per_hour,pingpong_locks_per_hour,lockout_mean_frames,X_n_sequences,X_ania_median,X_ania_mean,X_first_lock_median,X_miss_rate,X_far_frame,X_fa_frames,X_impostor_frames,X_recovery_median,X_recovery_censored_rate,X_locked_at_switch_rate,X_locked_at_return_rate,M_n_sequences,M_ania_median,M_ania_mean,M_first_lock_median,M_miss_rate,M_far_frame,M_fa_frames,M_impostor_frames,M_recovery_median,M_recovery_censored_rate,M_locked_at_switch_rate,M_locked_at_return_rate
test,theta=0.04311,threshold,primary,00EABED2-271D-49D8-B599-1D4A09240601,408,15,15,30,41,23,14,6.8,2.2058823529411766,0.10049019607843138,4.411764705882353,3.3823529411764706,2.058823529411765,2.7333333333333334,16,4.5,13.4375,1.5,0.3125,0.5104166666666666,241,412,0.0,0.0,0.125,0.375,16,0.0,7.25,0.0,0.25,0.3510416666666667,142,412,0.0,0.0,0.0625,0.6875
test,theta=0.04311,threshold,primary,098A72A5-E3E5-4F54-A152-BBDA0DF7B694,1334,1,1,2,1,1,1,22.233333333333334,0.04497751124437781,0.0007496251874062968,0.08995502248875561,0.04497751124437781,0.04497751124437781,1.0,16,1.5,5.25,0.0,0.125,0.40729166666666666,206,412,0.0,0.0,0.0,0.5625,16,0.0,5.4375,0.0,0.1875,0.31666666666666665,107,412,0.0,0.0,0.0,0.8125
test,theta=0.04311,threshold,primary,0A986513-7828-4D53-AA1F-E02D6DF9561B,763,3,3,6,3,4,3,12.716666666666667,0.23591087811271297,0.003931847968545216,0.47182175622542594,0.3145478374836173,0.23591087811271297,1.0,16,3.0,9.625,3.0,0.375,0.6270833333333333,220,412,0.0,0.0,0.0,0.375,16,1.0,4.375,0.0,0.3125,0.37395833333333334,104,412,0.0,0.0,0.0,0.5625
test,theta=0.04311,threshold,primary,11B5EC4D-4133-4289-B475-4E737182A406,1740,0,0,0,0,0,0,29.0,0.0,0.0,0.0,0.0,0.0,,16,2.0,6.0625,0.5,0.25,0.43854166666666666,171,412,0.0,0.0,0.0,0.5625,16,2.0,7.875,0.5,0.25,0.47291666666666665,235,412,0.0,0.0,0.0,0.4375
test,theta=0.04311,threshold,primary,136562B6-95B2-483D-88DC-065F28409FD2,1215,0,0,0,0,0,0,20.25,0.0,0.0,0.0,0.0,0.0,,16,2.5,8.75,0.0,0.375,0.53125,233,412,0.0,0.0,0.0,0.4375,16,1.5,7.1875,0.0,0.375,0.3854166666666667,134,412,0.0,0.0,0.0,0.5
test,theta=0.04311,threshold,primary,1538C99F-BA1E-4EFB-A949-6C7C47701B20,1281,12,12,24,59,20,10,21.35,0.5620608899297423,0.04605776736924278,1.1241217798594847,0.9367681498829039,0.46838407494145196,4.916666666666667,16,0.0,4.125,0.0,0.125,0.20520833333333333,113,412,0.0,0.0,0.0,0.6875,16,0.0,1.0,0.0,0.125,0.25104166666666666,85,412,0.0,0.0,0.0625,0.8125
test,theta=0.04311,threshold,primary,24E40C4C-A349-4F9F-93AB-01D00FB994AF,926,1,1,2,1,1,1,15.433333333333334,0.06479481641468682,0.0010799136069114472,0.12958963282937364,0.06479481641468682,0.06479481641468682,1.0,16,4.5,16.6875,3.0,0.625,0.6697916666666667,268,412,0.0,0.0,0.0,0.375,16,12.5,22.0625,10.5,0.75,0.875,354,412,0.0,0.0,0.0,0.25
test,theta=0.04311,threshold,primary,2C32C23E-E30C-498A-8DD2-0EFB9150A02E,1675,0,0,0,0,0,0,27.916666666666668,0.0,0.0,0.0,0.0,0.0,,16,2.5,7.8125,0.5,0.3125,0.425,170,412,0.0,0.0,0.0,0.5625,16,1.5,5.0,1.0,0.1875,0.47708333333333336,159,412,0.0,0.0,0.0,0.5625
test,theta=0.04311,threshold,primary,3600D531-0C55-44A7-AE95-A7A38519464E,1032,5,4,9,13,6,3,17.2,0.29069767441860467,0.012596899224806201,0.5232558139534884,0.3488372093023256,0.1744186046511628,2.6,16,0.0,8.5,0.0,0.375,0.378125,153,412,0.0,0.0,0.0,0.5625,16,3.0,8.0,1.0,0.375,0.46875,151,412,0.0,0.0,0.0,0.5625
test,theta=0.04311,threshold,primary,4FC32141-E888-4BFF-8804-12559A491D8C,967,0,0,0,0,0,0,16.116666666666667,0.0,0.0,0.0,0.0,0.0,,16,20.0,25.75,20.0,1.0,1.0,412,412,0.0,0.0,0.0,0.0,16,20.0,25.75,20.0,1.0,1.0,412,412,0.0,0.0,0.0,0.0
test,theta=0.04311,threshold,primary,5119D0F8-FCA8-4184-A4EB-19421A40DE0D,1295,0,0,0,0,0,0,21.583333333333332,0.0,0.0,0.0,0.0,0.0,,16,0.0,10.0625,0.0,0.375,0.36875,162,412,0.0,0.0,0.0,0.625,16,0.0,5.5625,0.0,0.25,0.42083333333333334,170,412,0.0,0.0,0.0,0.5
test,theta=0.04311,threshold,primary,5152A2DF-FAF3-4BA8-9CA9-E66B32671A53,1295,3,3,6,7,5,3,21.583333333333332,0.138996138996139,0.005405405405405406,0.277992277992278,0.23166023166023167,0.138996138996139,2.3333333333333335,16,0.0,5.5625,0.0,0.25,0.33958333333333335,118,412,0.0,0.0,0.0,0.6875,16,3.0,5.125,2.5,0.3125,0.559375,183,412,0.0,0.0,0.0,0.375
test,theta=0.04311,threshold,primary,5EF64122-B513-46AE-BCF1-E62AAC285D2C,754,2,2,4,2,2,2,12.566666666666666,0.15915119363395225,0.002652519893899204,0.3183023872679045,0.15915119363395225,0.15915119363395225,1.0,16,0.0,4.3125,0.0,0.125,0.19895833333333332,83,412,0.0,0.0,0.0,0.8125,16,1.0,4.0625,0.0,0.0625,0.25729166666666664,98,412,0.0,0.0,0.1875,0.875
test,theta=0.04311,threshold,primary,61976C24-1C50-4355-9C49-AAE44A7D09F6,1717,0,0,0,0,0,0,28.616666666666667,0.0,0.0,0.0,0.0,0.0,,16,0.5,8.0625,0.5,0.25,0.37395833333333334,178,412,0.0,0.0,0.0,0.5625,16,0.0,2.0625,0.0,0.125,0.25625,76,412,0.0,0.0,0.0,0.6875
test,theta=0.04311,threshold,primary,78A91A4E-4A51-4065-BDA7-94755F0BB3BB,2371,14,14,28,18,17,14,39.516666666666666,0.35428089413749475,0.007591733445803458,0.7085617882749895,0.4301982285955293,0.35428089413749475,1.2857142857142858,16,7.5,13.6875,1.0,0.375,0.5489583333333333,241,412,0.0,0.0,0.0,0.5,16,2.5,13.625,0.5,0.4375,0.5145833333333333,212,412,0.0,0.0,0.0,0.4375
test,theta=0.04311,threshold,primary,7CE37510-56D0-4120-A1CF-0E23351428D2,1924,3,3,6,3,3,3,32.06666666666667,0.09355509355509355,0.0015592515592515593,0.1871101871101871,0.09355509355509355,0.09355509355509355,1.0,16,0.0,2.125,0.0,0.125,0.134375,43,412,0.0,0.0,0.0,0.8125,16,0.0,3.5625,0.0,0.1875,0.38125,163,412,0.0,0.0,0.0,0.625
test,theta=0.04311,threshold,primary,8023FE1A-D3B0-4E2C-A57A-9321B7FC755F,1809,6,6,12,7,7,6,30.15,0.19900497512437812,0.003869541182974019,0.39800995024875624,0.23217247097844113,0.19900497512437812,1.1666666666666667,16,0.0,2.0625,0.0,0.1875,0.3302083333333333,123,412,0.0,0.0,0.0,0.5625,16,1.5,6.9375,0.5,0.0625,0.309375,163,412,0.0,0.0,0.0,0.8125
test,theta=0.04311,threshold,primary,83CF687B-7CEC-434B-9FE8-00C3D5799BE6,1879,15,15,30,19,18,15,31.316666666666666,0.47897817988291647,0.010111761575306013,0.9579563597658329,0.5747738158594997,0.47897817988291647,1.2666666666666666,16,0.0,2.375,0.0,0.0625,0.15937500000000002,78,412,0.0,0.0,0.0,0.875,16,0.0,0.5,0.0,0.0,0.09999999999999999,32,412,0.0,0.0,0.0,0.875
test,theta=0.04311,threshold,primary,9759096F-1119-4E19-A0AD-6F16989C7E1C,1954,22,22,44,38,32,22,32.56666666666667,0.67553735926305,0.019447287615148412,1.3510747185261,0.9825997952917093,0.67553735926305,1.7272727272727273,16,0.0,5.3125,0.0,0.3125,0.4322916666666667,162,412,0.0,0.0,0.0625,0.625,16,4.0,10.8125,1.5,0.5,0.5395833333333333,200,412,0.0,0.0,0.0,0.4375
test,theta=0.04311,threshold,primary,9DC38D04-E82E-4F29-AB52-B476535226F2,1909,1,1,2,1,1,1,31.816666666666666,0.03143006809848088,0.0005238344683080147,0.06286013619696176,0.03143006809848088,0.03143006809848088,1.0,16,2.0,13.9375,1.0,0.1875,0.40208333333333335,222,412,0.0,0.0,0.0,0.75,16,2.5,9.0625,1.0,0.25,0.3875,150,412,0.0,0.0,0.0,0.75
test,theta=0.04311,threshold,primary,A5CDF89D-02A2-4EC1-89F8-F534FDABDD96,1179,0,0,0,0,0,0,19.65,0.0,0.0,0.0,0.0,0.0,,16,1.0,5.625,0.0,0.3125,0.403125,122,412,0.0,0.0,0.0,0.5625,16,3.0,5.625,0.0,0.1875,0.43333333333333335,170,412,0.0,0.0,0.0,0.625
test,theta=0.04311,threshold,primary,A76A5AF5-5A93-4CF2-A16E-62353BB70E8A,1475,0,0,0,0,0,0,24.583333333333332,0.0,0.0,0.0,0.0,0.0,,16,6.5,20.5625,6.5,0.6875,0.7010416666666667,335,412,0.0,0.0,0.0,0.25,16,3.0,11.25,3.0,0.4375,0.56875,195,412,0.0,0.0,0.0,0.5
test,theta=0.04311,threshold,primary,B09E373F-8A54-44C8-895B-0039390B859F,1597,0,0,0,0,0,0,26.616666666666667,0.0,0.0,0.0,0.0,0.0,,16,10.0,18.3125,6.5,0.625,0.6739583333333333,315,412,0.0,0.0,0.0,0.25,16,4.5,13.25,3.5,0.5,0.6520833333333333,263,412,0.0,0.0,0.0,0.25
test,theta=0.04311,threshold,primary,B9724848-C7E2-45F4-9B3F-A1F38D864495,1497,32,32,64,43,55,32,24.95,1.282565130260521,0.028724114896459586,2.565130260521042,2.2044088176352705,1.282565130260521,1.34375,16,0.5,4.125,0.0,0.1875,0.2875,121,412,0.0,0.0,0.0,0.75,16,2.0,5.9375,0.0,0.25,0.44166666666666665,163,412,0.0,0.0,0.0,0.625
test,theta=0.04311,threshold,primary,BE3CA5A6-A561-4BBD-B7C9-5DF6805400FC,1633,0,0,0,0,0,0,27.216666666666665,0.0,0.0,0.0,0.0,0.0,,16,20.0,25.75,10.0,1.0,0.996875,410,412,0.0,0.0,0.0,0.0,16,20.0,24.1875,20.0,0.9375,0.9958333333333333,408,412,0.0,0.0,0.0,0.0
test,theta=0.04311,threshold,primary,C48CE857-A0DD-4DDB-BEA5-3A25449B2153,937,0,0,0,0,0,0,15.616666666666667,0.0,0.0,0.0,0.0,0.0,,16,6.0,12.3125,2.0,0.3125,0.5479166666666667,199,412,0.0,0.0,0.0,0.6875,16,1.5,9.9375,0.0,0.1875,0.40520833333333334,213,412,0.0,0.0,0.0,0.5625
test,theta=0.04311,threshold,primary,CA820D43-E5E2-42EF-9798-BE56F776370B,1543,12,12,24,16,14,12,25.716666666666665,0.4666234607906676,0.010369410239792612,0.9332469215813352,0.5443940375891122,0.4666234607906676,1.3333333333333333,16,3.0,10.6875,0.0,0.25,0.43854166666666666,235,412,0.0,0.0,0.0,0.5625,16,1.0,4.75,0.0,0.1875,0.396875,164,412,0.0,0.0,0.0625,0.5625
test,theta=0.04311,threshold,primary,CDA3BBF7-6631-45E8-85BA-EEB416B32A3C,537,1,1,2,1,1,1,8.95,0.111731843575419,0.00186219739292365,0.223463687150838,0.111731843575419,0.111731843575419,1.0,16,0.0,7.3125,0.0,0.3125,0.3625,144,412,0.0,0.0,0.0,0.5625,16,0.5,7.4375,0.0,0.1875,0.3614583333333333,170,412,0.0,0.0,0.0,0.6875
test,theta=0.04311,threshold,primary,CF722AA9-2533-4E51-9FEB-9EAC84EE9AAC,694,0,0,0,0,0,0,11.566666666666666,0.0,0.0,0.0,0.0,0.0,,16,3.0,9.125,0.0,0.3125,0.578125,269,412,0.0,0.0,0.0,0.4375,16,4.0,11.0,3.0,0.5625,0.646875,217,412,0.0,0.0,0.0,0.3125
test,theta=0.04311,threshold,primary,D7D20E2E-FC78-405D-B346-DBD3FD8FC92B,1212,4,4,8,4,4,4,20.2,0.19801980198019803,0.0033003300330033004,0.39603960396039606,0.19801980198019803,0.19801980198019803,1.0,16,1.5,6.4375,1.0,0.25,0.5125,188,412,0.0,0.0,0.0,0.5625,16,6.5,14.0,1.0,0.6875,0.6645833333333333,252,412,0.0,0.0,0.0,0.1875
test,theta=0.04311,threshold,primary,E65577C1-8D5D-4F70-AF23-B3ADB9D3DBA3,657,16,16,32,21,27,16,10.95,1.4611872146118723,0.0319634703196347,2.9223744292237446,2.4657534246575343,1.4611872146118723,1.3125,16,3.0,13.0,0.0,0.4375,0.509375,246,412,0.0,0.0,0.0625,0.3125,16,4.0,10.0625,3.0,0.4375,0.6708333333333333,224,412,0.0,0.0,0.0,0.4375
test,theta=0.04311,threshold,primary,ECECC2AB-D32F-4F90-B74C-E12A1C69BBE2,677,0,0,0,0,0,0,11.283333333333333,0.0,0.0,0.0,0.0,0.0,,16,1.0,1.8125,1.0,0.0625,0.31145833333333334,112,412,0.0,0.0,0.0,0.9375,16,4.0,6.0,0.5,0.1875,0.39375,142,412,0.0,0.0,0.0,0.75
test,theta=0.04311,threshold,primary,FDAA70A1-42A3-4E3F-9AE3-3FDA412E03BF,966,0,0,0,0,0,0,16.1,0.0,0.0,0.0,0.0,0.0,,16,0.0,1.9375,0.0,0.125,0.19791666666666669,77,412,0.0,0.0,0.0,0.75,16,2.5,8.875,0.0,0.1875,0.4375,206,412,0.0,0.0,0.0,0.625
test,"k=2, theta=0.09975",moving_average,primary,00EABED2-271D-49D8-B599-1D4A09240601,408,8,8,16,52,9,5,6.8,1.1764705882352942,0.12745098039215685,2.3529411764705883,1.3235294117647058,0.7352941176470589,6.5,16,2.0,9.625,1.0,0.1875,0.434375,196,412,0.0,0.0,0.125,0.6875,16,1.0,1.0625,1.0,0.0,0.1875,46,412,0.0,0.0,0.25,1.0
test,"k=2, theta=0.09975",moving_average,primary,098A72A5-E3E5-4F54-A152-BBDA0DF7B694,1334,0,0,0,0,0,0,22.233333333333334,0.0,0.0,0.0,0.0,0.0,,16,1.0,5.4375,1.0,0.125,0.465625,213,412,0.0,0.0,0.0,0.625,16,1.0,4.0,1.0,0.125,0.36874999999999997,117,412,0.0,0.0,0.0,0.8125
test,"k=2, theta=0.09975",moving_average,primary,0A986513-7828-4D53-AA1F-E02D6DF9561B,763,1,1,2,5,1,1,12.716666666666667,0.07863695937090433,0.00655307994757536,0.15727391874180865,0.07863695937090433,0.07863695937090433,5.0,16,3.0,5.6875,2.5,0.3125,0.5385416666666667,168,412,0.0,0.0,0.0,0.5625,16,1.0,2.4375,1.0,0.0625,0.284375,66,412,0.0,0.0,0.0,0.75
test,"k=2, theta=0.09975",moving_average,primary,11B5EC4D-4133-4289-B475-4E737182A406,1740,0,0,0,0,0,0,29.0,0.0,0.0,0.0,0.0,0.0,,16,1.5,6.25,1.0,0.25,0.46458333333333335,157,412,0.0,0.0,0.0,0.625,16,2.0,3.5,1.5,0.0625,0.4510416666666667,200,412,0.0,0.0,0.0,0.6875
test,"k=2, theta=0.09975",moving_average,primary,136562B6-95B2-483D-88DC-065F28409FD2,1215,0,0,0,0,0,0,20.25,0.0,0.0,0.0,0.0,0.0,,16,2.5,9.125,1.0,0.375,0.55625,222,412,0.0,0.0,0.0,0.5,16,1.0,5.125,1.0,0.1875,0.409375,125,412,0.0,0.0,0.0,0.5625
test,"k=2, theta=0.09975",moving_average,primary,1538C99F-BA1E-4EFB-A949-6C7C47701B20,1281,2,2,4,75,1,1,21.35,0.09367681498829039,0.0585480093676815,0.18735362997658078,0.046838407494145196,0.046838407494145196,37.5,16,1.0,4.875,1.0,0.0625,0.26875,116,412,0.0,0.0,0.0,0.875,16,1.0,1.25,1.0,0.125,0.2677083333333333,67,412,0.0,0.0,0.125,0.875
test,"k=2, theta=0.09975",moving_average,primary,24E40C4C-A349-4F9F-93AB-01D00FB994AF,926,1,1,2,3,1,1,15.433333333333334,0.06479481641468682,0.0032397408207343412,0.12958963282937364,0.06479481641468682,0.06479481641468682,3.0,16,4.5,14.8125,3.0,0.375,0.6177083333333333,243,412,0.0,0.0,0.0,0.4375,16,10.0,18.8125,9.5,0.6875,0.8239583333333333,321,412,0.0,0.0,0.0,0.3125
test,"k=2, theta=0.09975",moving_average,primary,2C32C23E-E30C-498A-8DD2-0EFB9150A02E,1675,1,1,2,2,1,1,27.916666666666668,0.035820895522388055,0.0011940298507462687,0.07164179104477611,0.035820895522388055,0.035820895522388055,2.0,16,2.0,6.6875,1.0,0.3125,0.46875,179,412,0.0,0.0,0.0,0.5625,16,1.0,4.5625,1.0,0.1875,0.5,146,412,0.0,0.0,0.0,0.5625
test,"k=2, theta=0.09975",moving_average,primary,3600D531-0C55-44A7-AE95-A7A38519464E,1032,2,2,4,12,2,1,17.2,0.11627906976744186,0.011627906976744186,0.23255813953488372,0.11627906976744186,0.05813953488372093,6.0,16,1.0,8.625,1.0,0.3125,0.45416666666666666,154,412,0.0,0.0,0.0,0.625,16,3.0,10.3125,2.5,0.4375,0.5541666666666667,164,412,0.0,0.0,0.0,0.5625
test,"k=2, theta=0.09975",moving_average,primary,4FC32141-E888-4BFF-8804-12559A491D8C,967,0,0,0,0,0,0,16.116666666666667,0.0,0.0,0.0,0.0,0.0,,16,10.0,21.875,10.0,0.8125,0.9302083333333333,370,412,0.0,0.0,0.0,0.125,16,20.0,25.75,12.5,1.0,0.99375,408,412,0.0,0.0,0.0,0.0
test,"k=2, theta=0.09975",moving_average,primary,5119D0F8-FCA8-4184-A4EB-19421A40DE0D,1295,2,2,4,3,2,2,21.583333333333332,0.09266409266409267,0.0023166023166023165,0.18532818532818535,0.09266409266409267,0.09266409266409267,1.5,16,1.0,3.75,1.0,0.0,0.25625,88,412,0.0,0.0,0.0,0.8125,16,1.0,6.3125,1.0,0.25,0.459375,158,412,0.0,0.0,0.0,0.625
test,"k=2, theta=0.09975",moving_average,primary,5152A2DF-FAF3-4BA8-9CA9-E66B32671A53,1295,1,1,2,8,0,0,21.583333333333332,0.04633204633204634,0.006177606177606178,0.09266409266409267,0.0,0.0,8.0,16,1.0,5.6875,1.0,0.125,0.36458333333333337,113,412,0.0,0.0,0.0,0.8125,16,3.0,8.375,2.0,0.375,0.609375,200,412,0.0,0.0,0.0,0.375
test,"k=2, theta=0.09975",moving_average,primary,5EF64122-B513-46AE-BCF1-E62AAC285D2C,754,2,2,4,2,2,2,12.566666666666666,0.15915119363395225,0.002652519893899204,0.3183023872679045,0.15915119363395225,0.15915119363395225,1.0,16,1.0,2.6875,1.0,0.0625,0.2760416666666667,87,412,0.0,0.0,0.0,0.8125,16,1.0,3.625,1.0,0.0,0.30624999999999997,96,412,0.0,0.0,0.0,0.9375
test,"k=2, theta=0.09975",moving_average,primary,61976C24-1C50-4355-9C49-AAE44A7D09F6,1717,0,0,0,0,0,0,28.616666666666667,0.0,0.0,0.0,0.0,0.0,,16,1.5,8.3125,1.5,0.25,0.44895833333333335,177,412,0.0,0.0,0.0,0.4375,16,1.0,1.875,1.0,0.125,0.315625,84,412,0.0,0.0,0.0,0.6875
test,"k=2, theta=0.09975",moving_average,primary,78A91A4E-4A51-4065-BDA7-94755F0BB3BB,2371,14,14,28,21,17,14,39.516666666666666,0.35428089413749475,0.008857022353437369,0.7085617882749895,0.4301982285955293,0.35428089413749475,1.5,16,5.0,12.0625,1.0,0.375,0.5604166666666667,223,412,0.0,0.0,0.0,0.5,16,1.5,9.5,1.0,0.25,0.5,199,412,0.0,0.0,0.0625,0.4375
test,"k=2, theta=0.09975",moving_average,primary,7CE37510-56D0-4120-A1CF-0E23351428D2,1924,2,2,4,2,2,2,32.06666666666667,0.06237006237006237,0.0010395010395010396,0.12474012474012473,0.06237006237006237,0.06237006237006237,1.0,16,1.0,2.9375,1.0,0.125,0.228125,54,412,0.0,0.0,0.0,0.8125,16,1.0,2.6875,1.0,0.125,0.43020833333333336,164,412,0.0,0.0,0.0,0.625
test,"k=2, theta=0.09975",moving_average,primary,8023FE1A-D3B0-4E2C-A57A-9321B7FC755F,1809,3,3,6,6,3,3,30.15,0.09950248756218906,0.003316749585406302,0.19900497512437812,0.09950248756218906,0.09950248756218906,2.0,16,1.0,2.6875,1.0,0.125,0.3302083333333333,98,412,0.0,0.0,0.0,0.6875,16,1.5,6.6875,1.0,0.0625,0.4010416666666667,174,412,0.0,0.0,0.0,0.75
test,"k=2, theta=0.09975",moving_average,primary,83CF687B-7CEC-434B-9FE8-00C3D5799BE6,1879,25,25,50,48,36,25,31.316666666666666,0.7982969664715274,0.025545502927088876,1.5965939329430547,1.1495476317189994,0.7982969664715274,1.92,16,1.0,2.0,1.0,0.0625,0.22395833333333331,61,412,0.0,0.0,0.125,0.9375,16,1.0,1.25,1.0,0.0,0.16354166666666667,30,412,0.0,0.0,0.0,0.9375
test,"k=2, theta=0.09975",moving_average,primary,9759096F-1119-4E19-A0AD-6F16989C7E1C,1954,20,20,40,61,26,17,32.56666666666667,0.6141248720573182,0.031218014329580348,1.2282497441146365,0.7983623336745137,0.5220061412487205,3.05,16,1.0,4.625,1.0,0.1875,0.46979166666666666,156,412,0.0,0.0,0.1875,0.625,16,3.0,11.0,2.0,0.5,0.59375,193,412,0.0,0.0,0.0625,0.4375
test,"k=2, theta=0.09975",moving_average,primary,9DC38D04-E82E-4F29-AB52-B476535226F2,1909,1,1,2,1,1,1,31.816666666666666,0.03143006809848088,0.0005238344683080147,0.06286013619696176,0.03143006809848088,0.03143006809848088,1.0,16,2.5,9.6875,1.5,0.25,0.48854166666666665,228,412,0.0,0.0,0.0,0.625,16,1.5,9.0625,1.5,0.25,0.4270833333333333,151,412,0.0,0.0,0.0,0.75
test,"k=2, theta=0.09975",moving_average,primary,A5CDF89D-02A2-4EC1-89F8-F534FDABDD96,1179,0,0,0,0,0,0,19.65,0.0,0.0,0.0,0.0,0.0,,16,1.0,2.5625,1.0,0.1875,0.37916666666666665,101,412,0.0,0.0,0.0,0.75,16,3.0,6.125,2.5,0.25,0.49166666666666664,153,412,0.0,0.0,0.0,0.5
test,"k=2, theta=0.09975",moving_average,primary,A76A5AF5-5A93-4CF2-A16E-62353BB70E8A,1475,0,0,0,0,0,0,24.583333333333332,0.0,0.0,0.0,0.0,0.0,,16,6.5,20.375,6.5,0.625,0.7145833333333333,328,412,0.0,0.0,0.0,0.25,16,3.0,10.1875,2.0,0.375,0.58125,194,412,0.0,0.0,0.0,0.5
test,"k=2, theta=0.09975",moving_average,primary,B09E373F-8A54-44C8-895B-0039390B859F,1597,0,0,0,0,0,0,26.616666666666667,0.0,0.0,0.0,0.0,0.0,,16,5.0,15.8125,4.0,0.375,0.6239583333333334,295,412,0.0,0.0,0.0,0.4375,16,3.5,12.5,3.5,0.25,0.5864583333333333,242,412,0.0,0.0,0.0,0.5
test,"k=2, theta=0.09975",moving_average,primary,B9724848-C7E2-45F4-9B3F-A1F38D864495,1497,24,24,48,55,36,22,24.95,0.9619238476953909,0.03674014696058784,1.9238476953907817,1.4428857715430863,0.8817635270541082,2.2916666666666665,16,1.0,2.625,1.0,0.0,0.271875,98,412,0.0,0.0,0.0625,0.8125,16,1.0,3.4375,1.0,0.0625,0.33125,122,412,0.0,0.0,0.0,0.875
test,"k=2, theta=0.09975",moving_average,primary,BE3CA5A6-A561-4BBD-B7C9-5DF6805400FC,1633,9,9,18,13,12,9,27.216666666666665,0.3306797305572566,0.007960808328230252,0.6613594611145132,0.44090630740967546,0.3306797305572566,1.4444444444444444,16,10.0,17.5,5.0,0.8125,0.9177083333333333,358,412,0.0,0.0,0.0,0.0,16,10.0,21.0625,8.0,0.75,0.85625,359,412,0.0,0.0,0.0,0.1875
test,"k=2, theta=0.09975",moving_average,primary,C48CE857-A0DD-4DDB-BEA5-3A25449B2153,937,0,0,0,0,0,0,15.616666666666667,0.0,0.0,0.0,0.0,0.0,,16,5.0,10.9375,2.5,0.375,0.5572916666666666,181,412,0.0,0.0,0.0,0.625,16,1.0,9.625,1.0,0.125,0.4125,204,412,0.0,0.0,0.0,0.625
test,"k=2, theta=0.09975",moving_average,primary,CA820D43-E5E2-42EF-9798-BE56F776370B,1543,10,10,20,10,12,10,25.716666666666665,0.38885288399222295,0.0064808813998703824,0.7777057679844459,0.4666234607906676,0.38885288399222295,1.0,16,1.0,12.4375,1.0,0.1875,0.475,245,412,0.0,0.0,0.0,0.6875,16,1.0,5.3125,1.0,0.25,0.425,156,412,0.0,0.0,0.0625,0.5
test,"k=2, theta=0.09975",moving_average,primary,CDA3BBF7-6631-45E8-85BA-EEB416B32A3C,537,2,2,4,3,3,2,8.95,0.223463687150838,0.00558659217877095,0.446927374301676,0.335195530726257,0.223463687150838,1.5,16,1.0,3.5,1.0,0.1875,0.39166666666666666,122,412,0.0,0.0,0.0,0.5,16,1.0,2.5,1.0,0.0,0.30104166666666665,118,412,0.0,0.0,0.0,0.75
test,"k=2, theta=0.09975",moving_average,primary,CF722AA9-2533-4E51-9FEB-9EAC84EE9AAC,694,2,2,4,3,2,2,11.566666666666666,0.1729106628242075,0.004322766570605188,0.345821325648415,0.1729106628242075,0.1729106628242075,1.5,16,3.0,6.5,1.0,0.1875,0.540625,222,412,0.0,0.0,0.0625,0.5625,16,3.0,6.875,1.5,0.5,0.6166666666666667,189,412,0.0,0.0,0.0,0.3125
test,"k=2, theta=0.09975",moving_average,primary,D7D20E2E-FC78-405D-B346-DBD3FD8FC92B,1212,2,2,4,3,2,2,20.2,0.09900990099009901,0.0024752475247524753,0.19801980198019803,0.09900990099009901,0.09900990099009901,1.5,16,1.0,6.5625,1.0,0.3125,0.45625,173,412,0.0,0.0,0.0,0.5625,16,3.0,7.375,2.0,0.375,0.6375,213,412,0.0,0.0,0.0,0.4375
test,"k=2, theta=0.09975",moving_average,primary,E65577C1-8D5D-4F70-AF23-B3ADB9D3DBA3,657,16,16,32,77,23,14,10.95,1.4611872146118723,0.1171993911719939,2.9223744292237446,2.1004566210045663,1.2785388127853883,4.8125,16,1.0,4.875,1.0,0.125,0.2864583333333333,118,412,0.0,0.0,0.1875,0.75,16,1.0,7.125,1.0,0.25,0.46041666666666664,160,412,0.0,0.0,0.0,0.625
test,"k=2, theta=0.09975",moving_average,primary,ECECC2AB-D32F-4F90-B74C-E12A1C69BBE2,677,1,1,2,1,1,1,11.283333333333333,0.08862629246676514,0.0014771048744460858,0.17725258493353027,0.08862629246676514,0.08862629246676514,1.0,16,1.5,2.5625,1.0,0.125,0.35,114,412,0.0,0.0,0.0,0.8125,16,2.0,3.25,1.0,0.0625,0.384375,127,412,0.0,0.0,0.0,0.8125
test,"k=2, theta=0.09975",moving_average,primary,FDAA70A1-42A3-4E3F-9AE3-3FDA412E03BF,966,4,4,8,6,5,4,16.1,0.24844720496894407,0.006211180124223602,0.49689440993788814,0.3105590062111801,0.24844720496894407,1.5,16,1.0,2.5625,1.0,0.125,0.2833333333333333,82,412,0.0,0.0,0.0,0.75,16,1.0,7.1875,1.0,0.125,0.40104166666666663,191,412,0.0,0.0,0.0,0.6875
test,"alpha=0.7, theta=0.1091",ewma,primary,00EABED2-271D-49D8-B599-1D4A09240601,408,10,10,20,59,12,7,6.8,1.4705882352941178,0.14460784313725492,2.9411764705882355,1.7647058823529411,1.0294117647058825,5.9,16,3.0,9.8125,2.0,0.1875,0.440625,196,412,0.0,0.0,0.1875,0.6875,16,1.0,1.625,1.0,0.0,0.20520833333333333,43,412,0.0,0.0,0.3125,1.0
test,"alpha=0.7, theta=0.1091",ewma,primary,098A72A5-E3E5-4F54-A152-BBDA0DF7B694,1334,0,0,0,0,0,0,22.233333333333334,0.0,0.0,0.0,0.0,0.0,,16,2.0,5.4375,2.0,0.125,0.4822916666666667,211,412,0.0,0.0,0.0,0.625,16,1.0,4.0,1.0,0.125,0.3770833333333333,109,412,0.0,0.0,0.0,0.8125
test,"alpha=0.7, theta=0.1091",ewma,primary,0A986513-7828-4D53-AA1F-E02D6DF9561B,763,2,2,4,7,2,1,12.716666666666667,0.15727391874180865,0.009174311926605505,0.3145478374836173,0.15727391874180865,0.07863695937090433,3.5,16,2.5,5.8125,2.5,0.25,0.5416666666666666,168,412,0.0,0.0,0.0,0.625,16,1.5,4.125,1.0,0.125,0.3072916666666667,71,412,0.0,0.0,0.0,0.75
test,"alpha=0.7, theta=0.1091",ewma,primary,11B5EC4D-4133-4289-B475-4E737182A406,1740,0,0,0,0,0,0,29.0,0.0,0.0,0.0,0.0,0.0,,16,1.5,6.5625,1.5,0.25,0.46145833333333336,153,412,0.0,0.0,0.0,0.625,16,2.0,3.5625,2.0,0.0625,0.459375,193,412,0.0,0.0,0.0,0.75
test,"alpha=0.7, theta=0.1091",ewma,primary,136562B6-95B2-483D-88DC-065F28409FD2,1215,0,0,0,0,0,0,20.25,0.0,0.0,0.0,0.0,0.0,,16,2.5,9.25,2.0,0.375,0.5697916666666667,216,412,0.0,0.0,0.0,0.5,16,2.0,6.375,2.0,0.25,0.4395833333333333,130,412,0.0,0.0,0.0,0.5625
test,"alpha=0.7, theta=0.1091",ewma,primary,1538C99F-BA1E-4EFB-A949-6C7C47701B20,1281,2,2,4,75,1,1,21.35,0.09367681498829039,0.0585480093676815,0.18735362997658078,0.046838407494145196,0.046838407494145196,37.5,16,1.0,4.9375,1.0,0.0625,0.29375,119,412,0.0,0.0,0.0,0.875,16,1.0,1.4375,1.0,0.125,0.275,68,412,0.0,0.0,0.125,0.875
test,"alpha=0.7, theta=0.1091",ewma,primary,24E40C4C-A349-4F9F-93AB-01D00FB994AF,926,1,1,2,1,1,1,15.433333333333334,0.06479481641468682,0.0010799136069114472,0.12958963282937364,0.06479481641468682,0.06479481641468682,1.0,16,4.5,15.3125,4.5,0.5,0.6114583333333333,243,412,0.0,0.0,0.0,0.4375,16,10.0,19.25,10.0,0.6875,0.834375,323,412,0.0,0.0,0.0,0.3125
test,"alpha=0.7, theta=0.1091",ewma,primary,2C32C23E-E30C-498A-8DD2-0EFB9150A02E,1675,1,1,2,2,1,1,27.916666666666668,0.035820895522388055,0.0011940298507462687,0.07164179104477611,0.035820895522388055,0.035820895522388055,2.0,16,2.5,6.8125,2.0,0.3125,0.5020833333333333,182,412,0.0,0.0,0.0,0.5625,16,2.0,5.25,1.5,0.1875,0.5,143,412,0.0,0.0,0.0,0.5625
test,"alpha=0.7, theta=0.1091",ewma,primary,3600D531-0C55-44A7-AE95-A7A38519464E,1032,3,2,5,13,2,1,17.2,0.1744186046511628,0.012596899224806201,0.29069767441860467,0.11627906976744186,0.05813953488372093,4.333333333333333,16,1.0,8.625,1.0,0.3125,0.45625,156,412,0.0,0.0,0.0,0.625,16,3.0,10.25,2.5,0.4375,0.5458333333333334,159,412,0.0,0.0,0.0,0.5625
test,"alpha=0.7, theta=0.1091",ewma,primary,4FC32141-E888-4BFF-8804-12559A491D8C,967,0,0,0,0,0,0,16.116666666666667,0.0,0.0,0.0,0.0,0.0,,16,10.0,22.0625,10.0,0.875,0.8989583333333333,351,412,0.0,0.0,0.0,0.125,16,10.0,23.0,10.0,0.8125,0.9479166666666666,393,412,0.0,0.0,0.0,0.0625
test,"alpha=0.7, theta=0.1091",ewma,primary,5119D0F8-FCA8-4184-A4EB-19421A40DE0D,1295,2,2,4,2,2,2,21.583333333333332,0.09266409266409267,0.0015444015444015444,0.18532818532818535,0.09266409266409267,0.09266409266409267,1.0,16,1.0,3.5625,1.0,0.0,0.24895833333333334,80,412,0.0,0.0,0.0,0.875,16,2.5,8.5625,1.5,0.3125,0.478125,158,412,0.0,0.0,0.0,0.625
test,"alpha=0.7, theta=0.1091",ewma,primary,5152A2DF-FAF3-4BA8-9CA9-E66B32671A53,1295,1,1,2,8,0,0,21.583333333333332,0.04633204633204634,0.006177606177606178,0.09266409266409267,0.0,0.0,8.0,16,1.0,5.625,1.0,0.125,0.3572916666666667,112,412,0.0,0.0,0.0,0.8125,16,3.0,8.4375,3.0,0.375,0.6114583333333333,200,412,0.0,0.0,0.0,0.375
test,"alpha=0.7, theta=0.1091",ewma,primary,5EF64122-B513-46AE-BCF1-E62AAC285D2C,754,0,0,0,0,0,0,12.566666666666666,0.0,0.0,0.0,0.0,0.0,,16,1.0,4.75,1.0,0.125,0.28125,87,412,0.0,0.0,0.0,0.8125,16,1.0,4.3125,1.0,0.0,0.296875,92,412,0.0,0.0,0.0,0.9375
test,"alpha=0.7, theta=0.1091",ewma,primary,61976C24-1C50-4355-9C49-AAE44A7D09F6,1717,0,0,0,0,0,0,28.616666666666667,0.0,0.0,0.0,0.0,0.0,,16,1.5,8.25,1.5,0.1875,0.440625,174,412,0.0,0.0,0.0,0.5625,16,1.0,1.9375,1.0,0.125,0.3125,81,412,0.0,0.0,0.0,0.6875
test,"alpha=0.7, theta=0.1091",ewma,primary,78A91A4E-4A51-4065-BDA7-94755F0BB3BB,2371,11,11,22,17,14,11,39.516666666666666,0.27836355967946014,0.007169970476592155,0.5567271193589203,0.35428089413749475,0.27836355967946014,1.5454545454545454,16,4.5,12.0,3.0,0.375,0.5854166666666667,221,412,0.0,0.0,0.0,0.5,16,2.0,10.0,2.0,0.3125,0.528125,206,412,0.0,0.0,0.0,0.4375
test,"alpha=0.7, theta=0.1091",ewma,primary,7CE37510-56D0-4120-A1CF-0E23351428D2,1924,3,3,6,3,3,3,32.06666666666667,0.09355509355509355,0.0015592515592515593,0.1871101871101871,0.09355509355509355,0.09355509355509355,1.0,16,1.0,2.9375,1.0,0.125,0.22395833333333334,52,412,0.0,0.0,0.0,0.8125,16,2.0,3.6875,1.0,0.125,0.4302083333333333,155,412,0.0,0.0,0.0,0.6875
test,"alpha=0.7, theta=0.1091",ewma,primary,8023FE1A-D3B0-4E2C-A57A-9321B7FC755F,1809,3,3,6,6,3,3,30.15,0.09950248756218906,0.003316749585406302,0.19900497512437812,0.09950248756218906,0.09950248756218906,2.0,16,1.0,2.9375,1.0,0.125,0.3333333333333333,102,412,0.0,0.0,0.0,0.625,16,2.0,6.625,2.0,0.0625,0.40520833333333334,168,412,0.0,0.0,0.0,0.8125
test,"alpha=0.7, theta=0.1091",ewma,primary,83CF687B-7CEC-434B-9FE8-00C3D5799BE6,1879,28,28,56,53,41,28,31.316666666666666,0.8940926024481107,0.028206492815327302,1.7881852048962215,1.309207025013305,0.8940926024481107,1.8928571428571428,16,1.0,2.0,1.0,0.0625,0.23645833333333333,56,412,0.0,0.0,0.125,0.9375,16,1.0,1.125,1.0,0.0,0.15625,26,412,0.0,0.0,0.0,1.0
test,"alpha=0.7, theta=0.1091",ewma,primary,9759096F-1119-4E19-A0AD-6F16989C7E1C,1954,23,23,46,62,36,21,32.56666666666667,0.706243602865916,0.03172978505629478,1.412487205731832,1.105424769703173,0.6448311156601841,2.6956521739130435,16,1.0,4.3125,1.0,0.1875,0.4510416666666667,148,412,0.0,0.0,0.125,0.6875,16,3.0,11.0625,1.5,0.5,0.5760416666666667,192,412,0.0,0.0,0.0625,0.4375
test,"alpha=0.7, theta=0.1091",ewma,primary,9DC38D04-E82E-4F29-AB52-B476535226F2,1909,1,1,2,1,1,1,31.816666666666666,0.03143006809848088,0.0005238344683080147,0.06286013619696176,0.03143006809848088,0.03143006809848088,1.0,16,2.0,9.4375,1.5,0.0625,0.43854166666666666,221,412,0.0,0.0,0.0,0.8125,16,2.5,9.3125,2.0,0.25,0.4395833333333333,151,412,0.0,0.0,0.0,0.75
test,"alpha=0.7, theta=0.1091",ewma,primary,A5CDF89D-02A2-4EC1-89F8-F534FDABDD96,1179,0,0,0,0,0,0,19.65,0.0,0.0,0.0,0.0,0.0,,16,1.5,2.875,1.0,0.1875,0.378125,92,412,0.0,0.0,0.0,0.6875,16,3.0,5.8125,3.0,0.25,0.49583333333333335,150,412,0.0,0.0,0.0,0.625
test,"alpha=0.7, theta=0.1091",ewma,primary,A76A5AF5-5A93-4CF2-A16E-62353BB70E8A,1475,0,0,0,0,0,0,24.583333333333332,0.0,0.0,0.0,0.0,0.0,,16,6.5,20.4375,6.5,0.625,0.7052083333333333,324,412,0.0,0.0,0.0,0.25,16,3.0,11.5,3.0,0.4375,0.6083333333333333,197,412,0.0,0.0,0.0,0.5
test,"alpha=0.7, theta=0.1091",ewma,primary,B09E373F-8A54-44C8-895B-0039390B859F,1597,0,0,0,0,0,0,26.616666666666667,0.0,0.0,0.0,0.0,0.0,,16,5.0,16.0625,5.0,0.375,0.6770833333333333,298,412,0.0,0.0,0.0,0.375,16,3.5,12.6875,3.5,0.25,0.6020833333333333,239,412,0.0,0.0,0.0,0.5
test,"alpha=0.7, theta=0.1091",ewma,primary,B9724848-C7E2-45F4-9B3F-A1F38D864495,1497,29,29,58,61,46,26,24.95,1.1623246492985972,0.04074816299265197,2.3246492985971945,1.843687374749499,1.0420841683366733,2.103448275862069,16,1.0,2.6875,1.0,0.0,0.28229166666666666,86,412,0.0,0.0,0.0625,0.875,16,1.0,3.8125,1.0,0.0625,0.346875,119,412,0.0,0.0,0.0,0.875
test,"alpha=0.7, theta=0.1091",ewma,primary,BE3CA5A6-A561-4BBD-B7C9-5DF6805400FC,1633,10,10,20,22,14,9,27.216666666666665,0.36742192284139624,0.013472137170851195,0.7348438456827925,0.5143906919779547,0.3306797305572566,2.2,16,9.5,16.1875,4.5,0.6875,0.896875,352,412,0.0,0.0,0.0,0.0,16,10.0,20.125,8.0,0.75,0.840625,350,412,0.0,0.0,0.125,0.125
test,"alpha=0.7, theta=0.1091",ewma,primary,C48CE857-A0DD-4DDB-BEA5-3A25449B2153,937,0,0,0,0,0,0,15.616666666666667,0.0,0.0,0.0,0.0,0.0,,16,6.0,11.0625,3.0,0.3125,0.58125,180,412,0.0,0.0,0.0,0.6875,16,2.0,11.5625,2.0,0.1875,0.484375,210,412,0.0,0.0,0.0,0.625
test,"alpha=0.7, theta=0.1091",ewma,primary,CA820D43-E5E2-42EF-9798-BE56F776370B,1543,9,9,18,11,11,9,25.716666666666665,0.34996759559300067,0.007128969539857421,0.6999351911860013,0.42773817239144524,0.34996759559300067,1.2222222222222223,16,1.0,10.75,1.0,0.1875,0.48333333333333334,242,412,0.0,0.0,0.0,0.6875,16,1.5,4.9375,1.0,0.1875,0.4083333333333333,151,412,0.0,0.0,0.0625,0.5
test,"alpha=0.7, theta=0.1091",ewma,primary,CDA3BBF7-6631-45E8-85BA-EEB416B32A3C,537,2,2,4,2,3,2,8.95,0.223463687150838,0.0037243947858473,0.446927374301676,0.335195530726257,0.223463687150838,1.0,16,1.5,3.6875,1.0,0.1875,0.421875,118,412,0.0,0.0,0.0,0.625,16,1.5,2.3125,1.5,0.0625,0.36041666666666666,114,412,0.0,0.0,0.0,0.75
test,"alpha=0.7, theta=0.1091",ewma,primary,CF722AA9-2533-4E51-9FEB-9EAC84EE9AAC,694,1,1,2,2,1,1,11.566666666666666,0.08645533141210375,0.002881844380403458,0.1729106628242075,0.08645533141210375,0.08645533141210375,2.0,16,3.0,6.875,3.0,0.25,0.5604166666666667,215,412,0.0,0.0,0.0,0.5625,16,3.0,7.8125,2.5,0.5,0.640625,188,412,0.0,0.0,0.0,0.3125
test,"alpha=0.7, theta=0.1091",ewma,primary,D7D20E2E-FC78-405D-B346-DBD3FD8FC92B,1212,4,4,8,4,5,4,20.2,0.19801980198019803,0.0033003300330033004,0.39603960396039606,0.24752475247524752,0.19801980198019803,1.0,16,1.5,10.0,1.5,0.25,0.453125,167,412,0.0,0.0,0.0,0.6875,16,3.0,7.375,3.0,0.5,0.6802083333333333,216,412,0.0,0.0,0.0,0.3125
test,"alpha=0.7, theta=0.1091",ewma,primary,E65577C1-8D5D-4F70-AF23-B3ADB9D3DBA3,657,17,17,34,78,26,15,10.95,1.5525114155251143,0.1187214611872146,3.1050228310502286,2.3744292237442925,1.3698630136986303,4.588235294117647,16,2.0,4.125,1.0,0.125,0.28125,109,412,0.0,0.0,0.1875,0.75,16,2.0,7.25,2.0,0.1875,0.4895833333333333,161,412,0.0,0.0,0.0,0.6875
test,"alpha=0.7, theta=0.1091",ewma,primary,ECECC2AB-D32F-4F90-B74C-E12A1C69BBE2,677,0,0,0,0,0,0,11.283333333333333,0.0,0.0,0.0,0.0,0.0,,16,2.0,2.4375,2.0,0.125,0.33958333333333335,108,412,0.0,0.0,0.0,0.8125,16,2.0,3.4375,2.0,0.0625,0.403125,124,412,0.0,0.0,0.0,0.8125
test,"alpha=0.7, theta=0.1091",ewma,primary,FDAA70A1-42A3-4E3F-9AE3-3FDA412E03BF,966,4,4,8,6,5,4,16.1,0.24844720496894407,0.006211180124223602,0.49689440993788814,0.3105590062111801,0.24844720496894407,1.5,16,1.0,2.6875,1.0,0.125,0.27708333333333335,81,412,0.0,0.0,0.0,0.75,16,2.5,7.625,1.0,0.1875,0.4239583333333333,181,412,0.0,0.0,0.0,0.6875
test,"k=3, theta=0.1091",majority_vote,primary,00EABED2-271D-49D8-B599-1D4A09240601,408,5,5,10,65,3,2,6.8,0.7352941176470589,0.15931372549019607,1.4705882352941178,0.4411764705882353,0.29411764705882354,13.0,16,1.0,9.375,1.0,0.125,0.3770833333333333,179,412,1.0,0.0,0.125,0.6875,16,1.0,1.0625,1.0,0.0,0.14583333333333331,31,412,1.0,0.0,0.3125,1.0
test,"k=3, theta=0.1091",majority_vote,primary,098A72A5-E3E5-4F54-A152-BBDA0DF7B694,1334,0,0,0,0,0,0,22.233333333333334,0.0,0.0,0.0,0.0,0.0,,16,1.0,3.0625,1.0,0.125,0.4395833333333333,192,412,0.5,0.0,0.0,0.5625,16,1.0,3.1875,1.0,0.125,0.35,88,412,1.0,0.0,0.0,0.8125
test,"k=3, theta=0.1091",majority_vote,primary,0A986513-7828-4D53-AA1F-E02D6DF9561B,763,1,1,2,8,0,0,12.716666666666667,0.07863695937090433,0.010484927916120577,0.15727391874180865,0.0,0.0,8.0,16,3.0,5.8125,2.5,0.3125,0.515625,152,412,1.0,0.0,0.0,0.625,16,1.0,1.875,1.0,0.0,0.24895833333333334,57,412,1.0,0.0,0.0,0.75
test,"k=3, theta=0.1091",majority_vote,primary,11B5EC4D-4133-4289-B475-4E737182A406,1740,0,0,0,0,0,0,29.0,0.0,0.0,0.0,0.0,0.0,,16,1.0,4.75,1.0,0.25,0.4427083333333333,143,412,1.0,0.0,0.0,0.625,16,1.5,3.4375,1.5,0.0625,0.4,169,412,1.0,0.0,0.0,0.75
test,"k=3, theta=0.1091",majority_vote,primary,136562B6-95B2-483D-88DC-065F28409FD2,1215,0,0,0,0,0,0,20.25,0.0,0.0,0.0,0.0,0.0,,16,1.0,4.6875,1.0,0.1875,0.515625,197,412,0.5,0.0,0.0,0.5,16,1.0,4.75,1.0,0.1875,0.3958333333333333,114,412,1.0,0.0,0.0,0.625
test,"k=3, theta=0.1091",majority_vote,primary,1538C99F-BA1E-4EFB-A949-6C7C47701B20,1281,2,2,4,77,1,1,21.35,0.09367681498829039,0.060109289617486336,0.18735362997658078,0.046838407494145196,0.046838407494145196,38.5,16,1.0,4.6875,1.0,0.0625,0.23645833333333333,103,412,1.0,0.0,0.0,0.875,16,1.0,1.25,1.0,0.125,0.24166666666666667,46,412,1.0,0.0,0.125,0.875
test,"k=3, theta=0.1091",majority_vote,primary,24E40C4C-A349-4F9F-93AB-01D00FB994AF,926,1,1,2,4,1,1,15.433333333333334,0.06479481641468682,0.004319654427645789,0.12958963282937364,0.06479481641468682,0.06479481641468682,4.0,16,4.5,14.5625,3.0,0.375,0.603125,237,412,0.0,0.0,0.0,0.4375,16,10.0,17.1875,9.5,0.625,0.79375,307,412,0.0,0.0,0.0,0.3125
test,"k=3, theta=0.1091",majority_vote,primary,2C32C23E-E30C-498A-8DD2-0EFB9150A02E,1675,1,1,2,3,1,1,27.916666666666668,0.035820895522388055,0.001791044776119403,0.07164179104477611,0.035820895522388055,0.035820895522388055,3.0,16,1.5,6.5625,1.5,0.3125,0.4375,147,412,1.0,0.0,0.0,0.625,16,1.0,4.75,1.0,0.25,0.44166666666666665,115,412,0.0,0.0,0.0,0.625
test,"k=3, theta=0.1091",majority_vote,primary,3600D531-0C55-44A7-AE95-A7A38519464E,1032,3,2,5,15,3,1,17.2,0.1744186046511628,0.014534883720930232,0.29069767441860467,0.1744186046511628,0.05813953488372093,5.0,16,1.0,5.8125,1.0,0.1875,0.41770833333333335,131,412,1.0,0.0,0.0,0.6875,16,3.0,6.4375,2.5,0.25,0.5052083333333334,140,412,1.0,0.0,0.0,0.5625
test,"k=3, theta=0.1091",majority_vote,primary,4FC32141-E888-4BFF-8804-12559A491D8C,967,0,0,0,0,0,0,16.116666666666667,0.0,0.0,0.0,0.0,0.0,,16,10.0,21.3125,10.0,0.8125,0.8739583333333334,345,412,0.0,0.0,0.0,0.125,16,10.0,22.5,10.0,0.8125,0.9197916666666667,385,412,0.0,0.0,0.0,0.0
test,"k=3, theta=0.1091",majority_vote,primary,5119D0F8-FCA8-4184-A4EB-19421A40DE0D,1295,2,2,4,4,2,2,21.583333333333332,0.09266409266409267,0.003088803088803089,0.18532818532818535,0.09266409266409267,0.09266409266409267,2.0,16,1.0,3.375,1.0,0.0,0.225,70,412,1.0,0.0,0.0,0.875,16,1.0,4.625,1.0,0.125,0.425,144,412,1.0,0.0,0.0,0.6875
test,"k=3, theta=0.1091",majority_vote,primary,5152A2DF-FAF3-4BA8-9CA9-E66B32671A53,1295,1,1,2,9,0,0,21.583333333333332,0.04633204633204634,0.0069498069498069494,0.09266409266409267,0.0,0.0,9.0,16,1.0,3.4375,1.0,0.125,0.3385416666666667,98,412,1.0,0.0,0.0,0.8125,16,2.0,4.0625,2.0,0.25,0.55625,172,412,0.0,0.0,0.0,0.375
test,"k=3, theta=0.1091",majority_vote,primary,5EF64122-B513-46AE-BCF1-E62AAC285D2C,754,2,2,4,4,2,2,12.566666666666666,0.15915119363395225,0.005305039787798408,0.3183023872679045,0.15915119363395225,0.15915119363395225,2.0,16,1.0,2.625,1.0,0.0625,0.27291666666666664,81,412,1.0,0.0,0.0,0.8125,16,1.0,3.875,1.0,0.0625,0.32708333333333334,96,412,1.0,0.0,0.0,0.875
test,"k=3, theta=0.1091",majority_vote,primary,61976C24-1C50-4355-9C49-AAE44A7D09F6,1717,0,0,0,0,0,0,28.616666666666667,0.0,0.0,0.0,0.0,0.0,,16,1.5,8.25,1.5,0.25,0.42291666666666666,160,412,0.0,0.0,0.0,0.5,16,1.0,1.75,1.0,0.125,0.29375,69,412,1.0,0.0,0.0,0.6875
test,"k=3, theta=0.1091",majority_vote,primary,78A91A4E-4A51-4065-BDA7-94755F0BB3BB,2371,10,10,20,28,12,9,39.516666666666666,0.25305778152678193,0.01180936313791649,0.5061155630535639,0.30366933783213834,0.22775200337410376,2.8,16,3.5,6.5625,2.5,0.1875,0.5166666666666666,202,412,0.5,0.0,0.0,0.5625,16,1.5,5.8125,1.5,0.1875,0.4635416666666667,183,412,0.0,0.0,0.0,0.5
test,"k=3, theta=0.1091",majority_vote,primary,7CE37510-56D0-4120-A1CF-0E23351428D2,1924,4,4,8,7,4,4,32.06666666666667,0.12474012474012473,0.0036382536382536385,0.24948024948024947,0.12474012474012473,0.12474012474012473,1.75,16,1.0,1.75,1.0,0.0625,0.21354166666666666,45,412,1.0,0.0,0.0,0.8125,16,1.0,1.75,1.0,0.125,0.3677083333333333,133,412,1.0,0.0,0.0,0.6875
test,"k=3, theta=0.1091",majority_vote,primary,8023FE1A-D3B0-4E2C-A57A-9321B7FC755F,1809,3,3,6,9,2,2,30.15,0.09950248756218906,0.004975124378109453,0.19900497512437812,0.06633499170812604,0.06633499170812604,3.0,16,1.0,1.9375,1.0,0.125,0.29791666666666666,80,412,1.0,0.0,0.0,0.75,16,1.0,4.5625,1.0,0.0,0.334375,151,412,1.0,0.0,0.0,0.875
test,"k=3, theta=0.1091",majority_vote,primary,83CF687B-7CEC-434B-9FE8-00C3D5799BE6,1879,18,18,36,72,20,15,31.316666666666666,0.5747738158594997,0.03831825439063331,1.1495476317189994,0.6386375731772219,0.47897817988291647,4.0,16,1.0,2.0625,1.0,0.0625,0.21875,53,412,1.0,0.0,0.125,0.9375,16,1.0,1.25,1.0,0.0,0.16041666666666665,27,412,1.0,0.0,0.0,1.0
test,"k=3, theta=0.1091",majority_vote,primary,9759096F-1119-4E19-A0AD-6F16989C7E1C,1954,14,14,28,74,13,9,32.56666666666667,0.4298874104401228,0.037871033776867964,0.8597748208802456,0.39918116683725685,0.27635619242579323,5.285714285714286,16,1.0,3.375,1.0,0.1875,0.41770833333333335,131,412,1.0,0.0,0.125,0.75,16,3.0,8.375,1.0,0.4375,0.571875,178,412,0.5,0.0,0.0625,0.5
test,"k=3, theta=0.1091",majority_vote,primary,9DC38D04-E82E-4F29-AB52-B476535226F2,1909,0,0,0,0,0,0,31.816666666666666,0.0,0.0,0.0,0.0,0.0,,16,2.0,8.6875,2.0,0.0625,0.4197916666666667,212,412,1.0,0.0,0.0,0.8125,16,2.0,7.8125,2.0,0.1875,0.4,140,412,1.0,0.0,0.0,0.75
test,"k=3, theta=0.1091",majority_vote,primary,A5CDF89D-02A2-4EC1-89F8-F534FDABDD96,1179,1,1,2,1,1,1,19.65,0.050890585241730284,0.0008481764206955047,0.10178117048346057,0.050890585241730284,0.050890585241730284,1.0,16,1.0,1.9375,1.0,0.1875,0.3677083333333333,85,412,1.0,0.0,0.0,0.75,16,3.0,5.1875,3.0,0.1875,0.45,121,412,0.5,0.0,0.0,0.625
test,"k=3, theta=0.1091",majority_vote,primary,A76A5AF5-5A93-4CF2-A16E-62353BB70E8A,1475,0,0,0,0,0,0,24.583333333333332,0.0,0.0,0.0,0.0,0.0,,16,6.5,20.1875,3.0,0.625,0.69375,319,412,0.0,0.0,0.0,0.25,16,3.0,10.0625,2.0,0.3125,0.5395833333333333,184,412,0.5,0.0,0.0,0.625
test,"k=3, theta=0.1091",majority_vote,primary,B09E373F-8A54-44C8-895B-0039390B859F,1597,1,1,2,1,1,1,26.616666666666667,0.03757044458359424,0.0006261740763932373,0.07514088916718847,0.03757044458359424,0.03757044458359424,1.0,16,4.5,15.8125,4.0,0.375,0.621875,284,412,0.0,0.0,0.0,0.5,16,3.5,12.1875,3.5,0.3125,0.5614583333333333,221,412,0.0,0.0,0.0,0.375
test,"k=3, theta=0.1091",majority_vote,primary,B9724848-C7E2-45F4-9B3F-A1F38D864495,1497,20,20,40,77,22,14,24.95,0.8016032064128257,0.05143620574482298,1.6032064128256514,0.8817635270541082,0.561122244488978,3.85,16,1.0,2.625,1.0,0.0,0.24791666666666667,72,412,1.0,0.0,0.0625,0.875,16,1.0,3.0,1.0,0.0625,0.2604166666666667,94,412,1.0,0.0,0.0,0.875
test,"k=3, theta=0.1091",majority_vote,primary,BE3CA5A6-A561-4BBD-B7C9-5DF6805400FC,1633,10,10,20,28,16,10,27.216666666666665,0.36742192284139624,0.017146356399265157,0.7348438456827925,0.5878750765462339,0.36742192284139624,2.8,16,7.5,14.25,4.5,0.5625,0.8354166666666667,326,412,0.0,0.0,0.0,0.125,16,7.5,18.5,7.5,0.625,0.8145833333333333,344,412,0.0,0.0,0.125,0.25
test,"k=3, theta=0.1091",majority_vote,primary,C48CE857-A0DD-4DDB-BEA5-3A25449B2153,937,0,0,0,0,0,0,15.616666666666667,0.0,0.0,0.0,0.0,0.0,,16,2.0,9.625,2.0,0.3125,0.5229166666666667,167,412,0.5,0.0,0.0,0.5625,16,1.0,8.625,1.0,0.125,0.375,189,412,1.0,0.0,0.0,0.75
test,"k=3, theta=0.1091",majority_vote,primary,CA820D43-E5E2-42EF-9798-BE56F776370B,1543,8,8,16,20,8,8,25.716666666666665,0.3110823071937784,0.012961762799740765,0.6221646143875568,0.3110823071937784,0.3110823071937784,2.5,16,1.0,4.1875,1.0,0.0625,0.4125,213,412,0.5,0.0,0.0,0.75,16,1.0,2.6875,1.0,0.0625,0.34375,130,412,0.5,0.0,0.0625,0.6875
test,"k=3, theta=0.1091",majority_vote,primary,CDA3BBF7-6631-45E8-85BA-EEB416B32A3C,537,1,1,2,5,1,1,8.95,0.111731843575419,0.00931098696461825,0.223463687150838,0.111731843575419,0.111731843575419,5.0,16,1.0,2.25,1.0,0.125,0.3458333333333333,98,412,0.5,0.0,0.0,0.6875,16,1.0,2.0,1.0,0.0,0.30104166666666665,93,412,1.0,0.0,0.0,0.8125
test,"k=3, theta=0.1091",majority_vote,primary,CF722AA9-2533-4E51-9FEB-9EAC84EE9AAC,694,2,2,4,4,2,2,11.566666666666666,0.1729106628242075,0.005763688760806916,0.345821325648415,0.1729106628242075,0.1729106628242075,2.0,16,1.5,5.5625,1.5,0.1875,0.48125,200,412,0.0,0.0,0.0,0.5625,16,3.0,6.6875,2.5,0.375,0.5791666666666667,169,412,0.0,0.0,0.0,0.4375
test,"k=3, theta=0.1091",majority_vote,primary,D7D20E2E-FC78-405D-B346-DBD3FD8FC92B,1212,5,5,10,8,5,5,20.2,0.24752475247524752,0.006600660066006601,0.49504950495049505,0.24752475247524752,0.24752475247524752,1.6,16,1.0,3.625,1.0,0.0625,0.39375,147,412,1.0,0.0,0.0,0.8125,16,3.0,5.625,3.0,0.4375,0.6697916666666667,196,412,0.0,0.0,0.0,0.3125
test,"k=3, theta=0.1091",majority_vote,primary,E65577C1-8D5D-4F70-AF23-B3ADB9D3DBA3,657,15,15,30,95,19,12,10.95,1.3698630136986303,0.1445966514459665,2.7397260273972606,1.7351598173515983,1.0958904109589043,6.333333333333333,16,1.0,1.3125,1.0,0.0625,0.25729166666666664,92,412,1.0,0.0,0.1875,0.8125,16,2.0,7.125,1.5,0.25,0.44375,140,412,1.0,0.0,0.125,0.625
test,"k=3, theta=0.1091",majority_vote,primary,ECECC2AB-D32F-4F90-B74C-E12A1C69BBE2,677,1,1,2,2,1,1,11.283333333333333,0.08862629246676514,0.0029542097488921715,0.17725258493353027,0.08862629246676514,0.08862629246676514,2.0,16,1.0,2.1875,1.0,0.1875,0.3229166666666667,87,412,1.0,0.0,0.0,0.8125,16,2.0,2.375,1.5,0.0,0.3104166666666667,103,412,1.0,0.0,0.0,0.875
test,"k=3, theta=0.1091",majority_vote,primary,FDAA70A1-42A3-4E3F-9AE3-3FDA412E03BF,966,3,3,6,7,4,3,16.1,0.18633540372670807,0.007246376811594203,0.37267080745341613,0.24844720496894407,0.18633540372670807,2.3333333333333335,16,1.0,1.6875,1.0,0.0,0.22916666666666666,67,412,1.0,0.0,0.0,0.9375,16,1.0,3.8125,1.0,0.0625,0.353125,151,412,1.0,0.0,0.1875,0.6875
test,"T=2, theta=0.1545",debounce,primary,00EABED2-271D-49D8-B599-1D4A09240601,408,6,5,11,71,5,4,6.8,0.8823529411764706,0.17401960784313725,1.6176470588235294,0.7352941176470589,0.5882352941176471,11.833333333333334,16,1.0,2.875,1.0,0.0625,0.3354166666666667,147,412,1.0,0.0625,0.125,0.75,16,1.0,1.0625,1.0,0.0,0.14479166666666665,30,412,1.0,0.125,0.3125,1.0
test,"T=2, theta=0.1545",debounce,primary,098A72A5-E3E5-4F54-A152-BBDA0DF7B694,1334,0,0,0,0,0,0,22.233333333333334,0.0,0.0,0.0,0.0,0.0,,16,1.0,3.0625,1.0,0.125,0.39166666666666666,163,412,1.0,0.0,0.0,0.6875,16,1.0,2.6875,1.0,0.0625,0.315625,80,412,1.0,0.0,0.0,0.8125
test,"T=2, theta=0.1545",debounce,primary,0A986513-7828-4D53-AA1F-E02D6DF9561B,763,1,1,2,8,0,0,12.716666666666667,0.07863695937090433,0.010484927916120577,0.15727391874180865,0.0,0.0,8.0,16,1.5,3.5625,1.5,0.1875,0.45208333333333334,122,412,1.0,0.0,0.0,0.625,16,1.0,1.75,1.0,0.0,0.23958333333333331,48,412,1.0,0.0,0.0,0.8125
test,"T=2, theta=0.1545",debounce,primary,11B5EC4D-4133-4289-B475-4E737182A406,1740,1,1,2,2,1,1,29.0,0.034482758620689655,0.0011494252873563218,0.06896551724137931,0.034482758620689655,0.034482758620689655,2.0,16,1.0,4.25,1.0,0.1875,0.415625,126,412,1.0,0.0,0.0,0.6875,16,1.5,3.3125,1.5,0.0625,0.3208333333333333,128,412,1.0,0.0,0.0,0.8125
test,"T=2, theta=0.1545",debounce,primary,136562B6-95B2-483D-88DC-065F28409FD2,1215,1,1,2,2,1,1,20.25,0.04938271604938271,0.0016460905349794238,0.09876543209876543,0.04938271604938271,0.04938271604938271,2.0,16,1.0,2.9375,1.0,0.1875,0.46770833333333334,161,412,0.5,0.0,0.0,0.5,16,1.0,3.5625,1.0,0.125,0.32708333333333334,94,412,1.0,0.0,0.0,0.625
test,"T=2, theta=0.1545",debounce,primary,1538C99F-BA1E-4EFB-A949-6C7C47701B20,1281,2,2,4,77,1,1,21.35,0.09367681498829039,0.060109289617486336,0.18735362997658078,0.046838407494145196,0.046838407494145196,38.5,16,1.0,4.6875,1.0,0.0625,0.21770833333333334,91,412,1.0,0.0,0.0,0.875,16,1.0,1.25,1.0,0.125,0.228125,37,412,1.0,0.0,0.125,0.875
test,"T=2, theta=0.1545",debounce,primary,24E40C4C-A349-4F9F-93AB-01D00FB994AF,926,2,2,4,7,2,2,15.433333333333334,0.12958963282937364,0.00755939524838013,0.25917926565874727,0.12958963282937364,0.12958963282937364,3.5,16,3.0,12.125,3.0,0.375,0.534375,201,412,0.0,0.0,0.0,0.4375,16,10.0,15.5625,7.0,0.5625,0.740625,276,412,0.0,0.0,0.0,0.375
test,"T=2, theta=0.1545",debounce,primary,2C32C23E-E30C-498A-8DD2-0EFB9150A02E,1675,1,1,2,3,1,1,27.916666666666668,0.035820895522388055,0.001791044776119403,0.07164179104477611,0.035820895522388055,0.035820895522388055,3.0,16,2.0,6.6875,2.0,0.3125,0.44166666666666665,136,412,1.0,0.0,0.0,0.625,16,1.0,4.5,1.0,0.1875,0.4083333333333333,95,412,1.0,0.0,0.0,0.75
test,"T=2, theta=0.1545",debounce,primary,3600D531-0C55-44A7-AE95-A7A38519464E,1032,2,2,4,16,2,1,17.2,0.11627906976744186,0.015503875968992248,0.23255813953488372,0.11627906976744186,0.05813953488372093,8.0,16,1.0,5.8125,1.0,0.1875,0.4041666666666667,123,412,1.0,0.0,0.0,0.6875,16,3.0,6.4375,2.5,0.25,0.49895833333333334,135,412,1.0,0.0,0.0,0.625
test,"T=2, theta=0.1545",debounce,primary,4FC32141-E888-4BFF-8804-12559A491D8C,967,0,0,0,0,0,0,16.116666666666667,0.0,0.0,0.0,0.0,0.0,,16,10.0,19.5625,10.0,0.75,0.8385416666666666,321,412,0.0,0.0,0.0,0.1875,16,7.5,16.25,7.5,0.5,0.7072916666666667,299,412,0.0,0.0,0.0,0.375
test,"T=2, theta=0.1545",debounce,primary,5119D0F8-FCA8-4184-A4EB-19421A40DE0D,1295,2,2,4,5,2,2,21.583333333333332,0.09266409266409267,0.003861003861003861,0.18532818532818535,0.09266409266409267,0.09266409266409267,2.5,16,1.0,2.8125,1.0,0.0,0.190625,54,412,1.0,0.0,0.0,0.9375,16,1.0,4.6875,1.0,0.125,0.4041666666666667,139,412,1.0,0.0,0.0,0.6875
test,"T=2, theta=0.1545",debounce,primary,5152A2DF-FAF3-4BA8-9CA9-E66B32671A53,1295,1,1,2,9,0,0,21.583333333333332,0.04633204633204634,0.0069498069498069494,0.09266409266409267,0.0,0.0,9.0,16,1.0,1.6875,1.0,0.0625,0.29270833333333335,77,412,1.0,0.0,0.0,0.8125,16,2.0,4.125,2.0,0.25,0.55,171,412,0.0,0.0,0.0,0.375
test,"T=2, theta=0.1545",debounce,primary,5EF64122-B513-46AE-BCF1-E62AAC285D2C,754,2,2,4,4,2,2,12.566666666666666,0.15915119363395225,0.005305039787798408,0.3183023872679045,0.15915119363395225,0.15915119363395225,2.0,16,1.0,2.625,1.0,0.0625,0.25729166666666664,76,412,1.0,0.0,0.0,0.8125,16,1.0,3.6875,1.0,0.0,0.2916666666666667,82,412,1.0,0.0,0.0,0.9375
test,"T=2, theta=0.1545",debounce,primary,61976C24-1C50-4355-9C49-AAE44A7D09F6,1717,0,0,0,0,0,0,28.616666666666667,0.0,0.0,0.0,0.0,0.0,,16,1.5,8.3125,1.5,0.25,0.4166666666666667,152,412,1.0,0.0,0.0,0.5625,16,1.0,1.75,1.0,0.125,0.2739583333333333,59,412,1.0,0.0,0.0,0.75
test,"T=2, theta=0.1545",debounce,primary,78A91A4E-4A51-4065-BDA7-94755F0BB3BB,2371,12,12,24,49,11,9,39.516666666666666,0.30366933783213834,0.02066638549135386,0.6073386756642767,0.27836355967946014,0.22775200337410376,4.083333333333333,16,1.5,5.8125,1.0,0.1875,0.46770833333333334,173,412,0.5,0.0,0.0,0.5625,16,1.0,5.75,1.0,0.125,0.38958333333333334,162,412,0.5,0.0,0.0625,0.625
test,"T=2, theta=0.1545",debounce,primary,7CE37510-56D0-4120-A1CF-0E23351428D2,1924,4,4,8,10,4,4,32.06666666666667,0.12474012474012473,0.005197505197505198,0.24948024948024947,0.12474012474012473,0.12474012474012473,2.5,16,1.0,1.75,1.0,0.0625,0.19895833333333332,36,412,1.0,0.0,0.0,0.875,16,1.0,1.8125,1.0,0.125,0.35,119,412,1.0,0.0,0.0,0.6875
test,"T=2, theta=0.1545",debounce,primary,8023FE1A-D3B0-4E2C-A57A-9321B7FC755F,1809,6,6,12,20,5,5,30.15,0.19900497512437812,0.01105583195135434,0.39800995024875624,0.16583747927031509,0.16583747927031509,3.3333333333333335,16,1.0,1.8125,1.0,0.125,0.278125,64,412,1.0,0.0,0.0,0.8125,16,1.0,3.9375,1.0,0.0,0.325,132,412,1.0,0.0,0.0,0.875
test,"T=2, theta=0.1545",debounce,primary,83CF687B-7CEC-434B-9FE8-00C3D5799BE6,1879,19,19,38,111,16,12,31.316666666666666,0.6067056945183609,0.05907397551889303,1.2134113890367217,0.5109100585417775,0.38318254390633316,5.842105263157895,16,1.0,1.6875,1.0,0.0625,0.19583333333333333,37,412,1.0,0.0,0.125,0.9375,16,1.0,1.25,1.0,0.0,0.15,22,412,1.0,0.0,0.0,1.0
test,"T=2, theta=0.1545",debounce,primary,9759096F-1119-4E19-A0AD-6F16989C7E1C,1954,16,16,32,108,19,10,32.56666666666667,0.49129989764585463,0.05527123848515865,0.9825997952917093,0.5834186284544524,0.3070624360286591,6.75,16,1.0,2.625,1.0,0.1875,0.40729166666666666,122,412,1.0,0.0,0.25,0.75,16,2.0,9.0,1.0,0.3125,0.540625,164,412,1.0,0.0,0.0625,0.5625
test,"T=2, theta=0.1545",debounce,primary,9DC38D04-E82E-4F29-AB52-B476535226F2,1909,0,0,0,0,0,0,31.816666666666666,0.0,0.0,0.0,0.0,0.0,,16,1.5,8.75,1.5,0.1875,0.4395833333333333,197,412,1.0,0.0,0.0,0.6875,16,2.0,7.6875,2.0,0.1875,0.384375,130,412,1.0,0.0,0.0,0.75
test,"T=2, theta=0.1545",debounce,primary,A5CDF89D-02A2-4EC1-89F8-F534FDABDD96,1179,4,4,8,14,4,3,19.65,0.20356234096692113,0.011874469889737066,0.40712468193384227,0.20356234096692113,0.15267175572519084,3.5,16,1.0,1.625,1.0,0.1875,0.3104166666666667,59,412,1.0,0.0,0.0,0.75,16,2.0,4.6875,2.0,0.125,0.3729166666666667,99,412,1.0,0.0,0.0,0.6875
test,"T=2, theta=0.1545",debounce,primary,A76A5AF5-5A93-4CF2-A16E-62353BB70E8A,1475,0,0,0,0,0,0,24.583333333333332,0.0,0.0,0.0,0.0,0.0,,16,3.5,18.625,3.5,0.5625,0.6770833333333334,309,412,0.0,0.0,0.0,0.375,16,2.0,7.125,1.0,0.25,0.53125,176,412,1.0,0.0,0.0,0.625
test,"T=2, theta=0.1545",debounce,primary,B09E373F-8A54-44C8-895B-0039390B859F,1597,1,1,2,2,1,1,26.616666666666667,0.03757044458359424,0.0012523481527864746,0.07514088916718847,0.03757044458359424,0.03757044458359424,2.0,16,4.0,11.9375,4.0,0.3125,0.5708333333333333,258,412,0.0,0.0,0.0,0.5625,16,2.5,8.0,2.5,0.0625,0.44166666666666665,191,412,1.0,0.0,0.0,0.625
test,"T=2, theta=0.1545",debounce,primary,B9724848-C7E2-45F4-9B3F-A1F38D864495,1497,17,17,34,102,17,9,24.95,0.6813627254509018,0.06813627254509018,1.3627254509018036,0.6813627254509018,0.36072144288577157,6.0,16,1.0,1.5625,1.0,0.0,0.16979166666666667,48,412,1.0,0.0,0.0625,0.9375,16,1.0,2.9375,1.0,0.0625,0.25625,80,412,1.0,0.0,0.0625,0.875
test,"T=2, theta=0.1545",debounce,primary,BE3CA5A6-A561-4BBD-B7C9-5DF6805400FC,1633,15,15,30,130,13,9,27.216666666666665,0.5511328842620944,0.07960808328230251,1.1022657685241888,0.4776484996938151,0.3306797305572566,8.666666666666666,16,1.0,9.8125,1.0,0.25,0.615625,280,412,0.0,0.0,0.0625,0.3125,16,4.0,13.125,2.0,0.5,0.678125,263,412,0.0,0.0,0.25,0.375
test,"T=2, theta=0.1545",debounce,primary,C48CE857-A0DD-4DDB-BEA5-3A25449B2153,937,0,0,0,0,0,0,15.616666666666667,0.0,0.0,0.0,0.0,0.0,,16,2.5,9.6875,2.5,0.3125,0.5072916666666667,160,412,1.0,0.0,0.0,0.625,16,1.0,8.0,1.0,0.125,0.34375,167,412,1.0,0.0,0.0,0.75
test,"T=2, theta=0.1545",debounce,primary,CA820D43-E5E2-42EF-9798-BE56F776370B,1543,10,10,20,28,10,10,25.716666666666665,0.38885288399222295,0.01814646791963707,0.7777057679844459,0.38885288399222295,0.38885288399222295,2.8,16,1.0,4.25,1.0,0.0625,0.3854166666666667,198,412,1.0,0.0,0.0,0.75,16,1.0,2.1875,1.0,0.125,0.3458333333333333,118,412,1.0,0.0,0.0625,0.625
test,"T=2, theta=0.1545",debounce,primary,CDA3BBF7-6631-45E8-85BA-EEB416B32A3C,537,1,1,2,5,1,1,8.95,0.111731843575419,0.00931098696461825,0.223463687150838,0.111731843575419,0.111731843575419,5.0,16,1.0,1.9375,1.0,0.125,0.2875,59,412,1.0,0.0,0.0,0.75,16,1.0,1.5,1.0,0.0,0.175,39,412,1.0,0.0,0.0,0.9375
test,"T=2, theta=0.1545",debounce,primary,CF722AA9-2533-4E51-9FEB-9EAC84EE9AAC,694,2,2,4,6,2,2,11.566666666666666,0.1729106628242075,0.008645533141210375,0.345821325648415,0.1729106628242075,0.1729106628242075,3.0,16,1.0,3.8125,1.0,0.0625,0.340625,146,412,1.0,0.0,0.0625,0.75,16,1.0,4.375,1.0,0.3125,0.5416666666666666,146,412,0.0,0.0,0.0,0.625
test,"T=2, theta=0.1545",debounce,primary,D7D20E2E-FC78-405D-B346-DBD3FD8FC92B,1212,3,3,6,15,2,2,20.2,0.1485148514851485,0.012376237623762377,0.297029702970297,0.09900990099009901,0.09900990099009901,5.0,16,1.0,2.3125,1.0,0.125,0.35312499999999997,98,412,1.0,0.0,0.0,0.8125,16,3.0,5.0625,2.0,0.25,0.528125,147,412,0.5,0.0,0.0,0.5625
test,"T=2, theta=0.1545",debounce,primary,E65577C1-8D5D-4F70-AF23-B3ADB9D3DBA3,657,13,13,26,121,14,8,10.95,1.1872146118721463,0.1841704718417047,2.3744292237442925,1.2785388127853883,0.7305936073059361,9.307692307692308,16,1.0,0.8125,1.0,0.0625,0.18020833333333333,41,412,1.0,0.0,0.1875,0.8125,16,1.0,6.0625,1.0,0.125,0.3510416666666667,114,412,1.0,0.0,0.125,0.75
test,"T=2, theta=0.1545",debounce,primary,ECECC2AB-D32F-4F90-B74C-E12A1C69BBE2,677,1,1,2,2,1,1,11.283333333333333,0.08862629246676514,0.0029542097488921715,0.17725258493353027,0.08862629246676514,0.08862629246676514,2.0,16,1.0,2.25,1.0,0.125,0.2989583333333333,81,412,1.0,0.0,0.0,0.875,16,1.0,1.75,1.0,0.0625,0.2947916666666667,90,412,1.0,0.0,0.0,0.875
test,"T=2, theta=0.1545",debounce,primary,FDAA70A1-42A3-4E3F-9AE3-3FDA412E03BF,966,3,3,6,14,2,2,16.1,0.18633540372670807,0.014492753623188406,0.37267080745341613,0.12422360248447203,0.12422360248447203,4.666666666666667,16,1.0,1.5,1.0,0.0,0.21458333333333332,62,412,1.0,0.0,0.0,0.9375,16,1.0,3.875,1.0,0.0625,0.3072916666666667,133,412,1.0,0.0,0.1875,0.8125
test,"m=0.3, theta=0.1978",margin,primary,00EABED2-271D-49D8-B599-1D4A09240601,408,6,5,11,67,5,4,6.8,0.8823529411764706,0.1642156862745098,1.6176470588235294,0.7352941176470589,0.5882352941176471,11.166666666666666,16,0.0,6.125,0.0,0.125,0.2895833333333333,154,412,0.0,0.0625,0.125,0.6875,16,0.0,0.875,0.0,0.0625,0.128125,24,412,0.0,0.125,0.3125,0.9375
test,"m=0.3, theta=0.1978",margin,primary,098A72A5-E3E5-4F54-A152-BBDA0DF7B694,1334,1,1,2,1,1,1,22.233333333333334,0.04497751124437781,0.0007496251874062968,0.08995502248875561,0.04497751124437781,0.04497751124437781,1.0,16,0.5,2.6875,0.0,0.0625,0.321875,161,412,0.0,0.0,0.0,0.6875,16,0.0,2.5,0.0,0.125,0.2552083333333333,69,412,0.0,0.0,0.0,0.8125
test,"m=0.3, theta=0.1978",margin,primary,0A986513-7828-4D53-AA1F-E02D6DF9561B,763,2,2,4,7,1,1,12.716666666666667,0.15727391874180865,0.009174311926605505,0.3145478374836173,0.07863695937090433,0.07863695937090433,3.5,16,3.0,5.375,3.0,0.25,0.4625,135,412,0.0,0.0,0.0,0.625,16,0.0,1.5625,0.0,0.0,0.22083333333333333,53,412,0.0,0.0,0.0,0.875
test,"m=0.3, theta=0.1978",margin,primary,11B5EC4D-4133-4289-B475-4E737182A406,1740,0,0,0,0,0,0,29.0,0.0,0.0,0.0,0.0,0.0,,16,0.5,5.4375,0.5,0.25,0.38645833333333335,140,412,0.0,0.0,0.0,0.625,16,0.5,4.0,0.5,0.0625,0.259375,148,412,0.0,0.0,0.0,0.875
test,"m=0.3, theta=0.1978",margin,primary,136562B6-95B2-483D-88DC-065F28409FD2,1215,0,0,0,0,0,0,20.25,0.0,0.0,0.0,0.0,0.0,,16,1.0,3.25,0.0,0.1875,0.43333333333333335,159,412,0.0,0.0,0.0,0.5,16,0.0,3.5625,0.0,0.1875,0.3020833333333333,100,412,0.0,0.0,0.0,0.625
test,"m=0.3, theta=0.1978",margin,primary,1538C99F-BA1E-4EFB-A949-6C7C47701B20,1281,2,2,4,77,1,1,21.35,0.09367681498829039,0.060109289617486336,0.18735362997658078,0.046838407494145196,0.046838407494145196,38.5,16,0.0,3.8125,0.0,0.0625,0.14375,91,412,0.0,0.0,0.0,0.875,16,0.0,0.5,0.0,0.125,0.17604166666666668,37,412,0.0,0.0,0.125,0.875
test,"m=0.3, theta=0.1978",margin,primary,24E40C4C-A349-4F9F-93AB-01D00FB994AF,926,2,2,4,6,2,2,15.433333333333334,0.12958963282937364,0.0064794816414686825,0.25917926565874727,0.12958963282937364,0.12958963282937364,3.0,16,3.0,13.9375,3.0,0.4375,0.5604166666666667,218,412,0.0,0.0,0.0,0.5,16,10.0,18.0,10.0,0.625,0.803125,314,412,0.0,0.0,0.0,0.3125
test,"m=0.3, theta=0.1978",margin,primary,2C32C23E-E30C-498A-8DD2-0EFB9150A02E,1675,0,0,0,0,0,0,27.916666666666668,0.0,0.0,0.0,0.0,0.0,,16,1.5,6.0,0.5,0.25,0.3375,135,412,0.0,0.0,0.0,0.6875,16,1.0,3.8125,1.0,0.1875,0.3822916666666667,95,412,0.0,0.0,0.0,0.625
test,"m=0.3, theta=0.1978",margin,primary,3600D531-0C55-44A7-AE95-A7A38519464E,1032,2,1,3,22,1,0,17.2,0.11627906976744186,0.02131782945736434,0.1744186046511628,0.05813953488372093,0.0,11.0,16,0.0,5.1875,0.0,0.1875,0.3125,122,412,0.0,0.0,0.0,0.625,16,3.0,5.6875,1.0,0.25,0.4427083333333333,136,412,0.0,0.0,0.0,0.5625
test,"m=0.3, theta=0.1978",margin,primary,4FC32141-E888-4BFF-8804-12559A491D8C,967,0,0,0,0,0,0,16.116666666666667,0.0,0.0,0.0,0.0,0.0,,16,20.0,25.75,20.0,1.0,1.0,412,412,0.0,0.0,0.0,0.0,16,20.0,25.75,20.0,1.0,1.0,412,412,0.0,0.0,0.0,0.0
test,"m=0.3, theta=0.1978",margin,primary,5119D0F8-FCA8-4184-A4EB-19421A40DE0D,1295,0,0,0,0,0,0,21.583333333333332,0.0,0.0,0.0,0.0,0.0,,16,0.0,2.5,0.0,0.0,0.14375,48,412,0.0,0.0,0.0,0.9375,16,0.0,4.25,0.0,0.125,0.334375,133,412,0.0,0.0,0.0,0.625
test,"m=0.3, theta=0.1978",margin,primary,5152A2DF-FAF3-4BA8-9CA9-E66B32671A53,1295,1,1,2,10,0,0,21.583333333333332,0.04633204633204634,0.007722007722007722,0.09266409266409267,0.0,0.0,10.0,16,0.0,5.125,0.0,0.125,0.284375,91,412,0.0,0.0,0.0,0.75,16,1.0,4.1875,1.0,0.3125,0.5104166666666666,156,412,0.0,0.0,0.0,0.4375
test,"m=0.3, theta=0.1978",margin,primary,5EF64122-B513-46AE-BCF1-E62AAC285D2C,754,2,2,4,5,2,2,12.566666666666666,0.15915119363395225,0.006631299734748011,0.3183023872679045,0.15915119363395225,0.15915119363395225,2.5,16,0.0,1.75,0.0,0.0625,0.15729166666666666,63,412,0.0,0.0,0.0,0.875,16,0.0,2.125,0.0,0.0,0.19270833333333334,70,412,0.0,0.0,0.1875,0.9375
test,"m=0.3, theta=0.1978",margin,primary,61976C24-1C50-4355-9C49-AAE44A7D09F6,1717,0,0,0,0,0,0,28.616666666666667,0.0,0.0,0.0,0.0,0.0,,16,0.5,7.375,0.5,0.1875,0.30104166666666665,141,412,0.0,0.0,0.0,0.6875,16,0.0,1.0625,0.0,0.125,0.18958333333333333,45,412,0.0,0.0,0.0,0.75
test,"m=0.3, theta=0.1978",margin,primary,78A91A4E-4A51-4065-BDA7-94755F0BB3BB,2371,14,14,28,52,14,11,39.516666666666666,0.35428089413749475,0.021931674398987768,0.7085617882749895,0.35428089413749475,0.27836355967946014,3.7142857142857144,16,0.5,5.4375,0.5,0.1875,0.409375,184,412,0.0,0.0,0.0,0.5,16,1.0,5.625,0.5,0.1875,0.41875,173,412,0.0,0.0,0.0625,0.5
test,"m=0.3, theta=0.1978",margin,primary,7CE37510-56D0-4120-A1CF-0E23351428D2,1924,3,3,6,3,3,3,32.06666666666667,0.09355509355509355,0.0015592515592515593,0.1871101871101871,0.09355509355509355,0.09355509355509355,1.0,16,0.0,0.875,0.0,0.0625,0.11354166666666667,27,412,0.0,0.0,0.0,0.875,16,0.0,1.125,0.0,0.125,0.271875,95,412,0.0,0.0,0.0,0.75
test,"m=0.3, theta=0.1978",margin,primary,8023FE1A-D3B0-4E2C-A57A-9321B7FC755F,1809,5,5,10,10,5,5,30.15,0.16583747927031509,0.00552791597567717,0.33167495854063017,0.16583747927031509,0.16583747927031509,2.0,16,0.0,0.5625,0.0,0.125,0.19479166666666667,47,412,0.0,0.0,0.0,0.75,16,1.0,3.125,0.5,0.0625,0.234375,110,412,0.0,0.0,0.0,0.8125
test,"m=0.3, theta=0.1978",margin,primary,83CF687B-7CEC-434B-9FE8-00C3D5799BE6,1879,14,14,28,91,12,10,31.316666666666666,0.44704630122405536,0.04843001596593933,0.8940926024481107,0.38318254390633316,0.31931878658861096,6.5,16,0.0,1.25,0.0,0.0625,0.08541666666666667,22,412,0.0,0.0,0.0625,0.9375,16,0.0,0.3125,0.0,0.0,0.03333333333333333,6,412,0.0,0.0,0.0,1.0
test,"m=0.3, theta=0.1978",margin,primary,9759096F-1119-4E19-A0AD-6F16989C7E1C,1954,15,15,30,117,17,8,32.56666666666667,0.4605936540429887,0.059877175025588536,0.9211873080859774,0.5220061412487205,0.24564994882292732,7.8,16,0.0,1.6875,0.0,0.125,0.32395833333333335,112,412,0.0,0.0,0.1875,0.6875,16,3.0,8.6875,0.5,0.4375,0.4822916666666667,160,412,0.0,0.0,0.1875,0.4375
test,"m=0.3, theta=0.1978",margin,primary,9DC38D04-E82E-4F29-AB52-B476535226F2,1909,1,1,2,7,0,0,31.816666666666666,0.03143006809848088,0.003666841278156103,0.06286013619696176,0.0,0.0,7.0,16,1.0,7.0625,1.0,0.0625,0.3458333333333333,196,412,0.0,0.0,0.0,0.8125,16,1.0,7.5625,1.0,0.1875,0.3229166666666667,133,412,0.0,0.0,0.0,0.75
test,"m=0.3, theta=0.1978",margin,primary,A5CDF89D-02A2-4EC1-89F8-F534FDABDD96,1179,0,0,0,0,0,0,19.65,0.0,0.0,0.0,0.0,0.0,,16,0.0,1.6875,0.0,0.25,0.303125,51,412,0.0,0.0,0.0,0.6875,16,2.0,4.25,0.0,0.1875,0.2625,89,412,0.0,0.0,0.0,0.75
test,"m=0.3, theta=0.1978",margin,primary,A76A5AF5-5A93-4CF2-A16E-62353BB70E8A,1475,0,0,0,0,0,0,24.583333333333332,0.0,0.0,0.0,0.0,0.0,,16,5.5,16.9375,5.5,0.5,0.6125,291,412,0.0,0.0,0.0,0.4375,16,3.0,9.375,3.0,0.4375,0.5197916666666667,172,412,0.0,0.0,0.0,0.5625
test,"m=0.3, theta=0.1978",margin,primary,B09E373F-8A54-44C8-895B-0039390B859F,1597,0,0,0,0,0,0,26.616666666666667,0.0,0.0,0.0,0.0,0.0,,16,3.0,12.6875,3.0,0.3125,0.5385416666666667,269,412,0.0,0.0,0.0,0.5625,16,3.5,12.125,3.5,0.3125,0.521875,229,412,0.0,0.0,0.0,0.5625
test,"m=0.3, theta=0.1978",margin,primary,B9724848-C7E2-45F4-9B3F-A1F38D864495,1497,19,19,38,92,24,14,24.95,0.7615230460921844,0.0614562458249833,1.5230460921843687,0.9619238476953909,0.561122244488978,4.842105263157895,16,0.0,1.1875,0.0,0.0,0.0875,41,412,0.0,0.0,0.0625,0.9375,16,0.5,2.6875,0.0,0.125,0.3072916666666667,87,412,0.0,0.0,0.0,0.8125
test,"m=0.3, theta=0.1978",margin,primary,BE3CA5A6-A561-4BBD-B7C9-5DF6805400FC,1633,0,0,0,0,0,0,27.216666666666665,0.0,0.0,0.0,0.0,0.0,,16,10.0,20.8125,10.0,0.875,0.9375,372,412,0.0,0.0,0.0,0.0,16,20.0,24.1875,20.0,0.9375,0.9739583333333334,387,412,0.0,0.0,0.0,0.0625
test,"m=0.3, theta=0.1978",margin,primary,C48CE857-A0DD-4DDB-BEA5-3A25449B2153,937,0,0,0,0,0,0,15.616666666666667,0.0,0.0,0.0,0.0,0.0,,16,3.0,8.6875,1.5,0.25,0.46770833333333334,142,412,0.0,0.0,0.0,0.6875,16,0.5,7.0625,0.0,0.125,0.31354166666666666,169,412,0.0,0.0,0.0,0.6875
test,"m=0.3, theta=0.1978",margin,primary,CA820D43-E5E2-42EF-9798-BE56F776370B,1543,11,11,22,29,9,9,25.716666666666665,0.42773817239144524,0.018794556059624108,0.8554763447828905,0.34996759559300067,0.34996759559300067,2.6363636363636362,16,0.0,3.3125,0.0,0.125,0.26145833333333335,170,412,0.0,0.0,0.0,0.75,16,0.0,1.125,0.0,0.0625,0.2572916666666667,97,412,0.0,0.0,0.0625,0.75
test,"m=0.3, theta=0.1978",margin,primary,CDA3BBF7-6631-45E8-85BA-EEB416B32A3C,537,1,1,2,4,1,1,8.95,0.111731843575419,0.0074487895716946,0.223463687150838,0.111731843575419,0.111731843575419,4.0,16,0.0,1.9375,0.0,0.125,0.2520833333333333,77,412,0.0,0.0,0.0,0.75,16,0.0,3.75,0.0,0.125,0.24583333333333332,95,412,0.0,0.0,0.0,0.8125
test,"m=0.3, theta=0.1978",margin,primary,CF722AA9-2533-4E51-9FEB-9EAC84EE9AAC,694,1,1,2,4,1,1,11.566666666666666,0.08645533141210375,0.005763688760806916,0.1729106628242075,0.08645533141210375,0.08645533141210375,4.0,16,0.0,3.3125,0.0,0.25,0.3614583333333333,123,412,0.0,0.0,0.0,0.5,16,3.0,6.4375,3.0,0.5,0.5802083333333333,164,412,0.0,0.0,0.0,0.3125
test,"m=0.3, theta=0.1978",margin,primary,D7D20E2E-FC78-405D-B346-DBD3FD8FC92B,1212,4,4,8,8,5,4,20.2,0.19801980198019803,0.006600660066006601,0.39603960396039606,0.24752475247524752,0.19801980198019803,2.0,16,1.0,3.4375,1.0,0.0625,0.38229166666666664,127,412,0.0,0.0,0.0,0.6875,16,2.5,5.5,1.0,0.25,0.5041666666666667,177,412,0.0,0.0,0.0,0.5625
test,"m=0.3, theta=0.1978",margin,primary,E65577C1-8D5D-4F70-AF23-B3ADB9D3DBA3,657,4,4,8,87,1,1,10.95,0.36529680365296807,0.1324200913242009,0.7305936073059361,0.09132420091324202,0.09132420091324202,21.75,16,0.0,3.8125,0.0,0.125,0.203125,91,412,0.0,0.0,0.25,0.75,16,3.0,7.25,3.0,0.4375,0.5239583333333333,153,412,0.0,0.0,0.0,0.4375
test,"m=0.3, theta=0.1978",margin,primary,ECECC2AB-D32F-4F90-B74C-E12A1C69BBE2,677,0,0,0,0,0,0,11.283333333333333,0.0,0.0,0.0,0.0,0.0,,16,1.0,1.1875,1.0,0.0625,0.234375,65,412,0.0,0.0,0.0,0.9375,16,1.5,1.75,0.5,0.0625,0.21458333333333335,75,412,0.0,0.0,0.0,0.8125
test,"m=0.3, theta=0.1978",margin,primary,FDAA70A1-42A3-4E3F-9AE3-3FDA412E03BF,966,1,1,2,11,0,0,16.1,0.06211180124223602,0.011387163561076604,0.12422360248447203,0.0,0.0,11.0,16,0.0,1.25,0.0,0.0,0.140625,57,412,0.0,0.0,0.0,0.875,16,1.0,3.8125,0.0,0.125,0.31979166666666664,145,412,0.0,0.0,0.125,0.8125
test,"m=0.3, T=2, theta=0.3318",hysteresis,primary,00EABED2-271D-49D8-B599-1D4A09240601,408,6,5,11,92,3,2,6.8,0.8823529411764706,0.22549019607843138,1.6176470588235294,0.4411764705882353,0.29411764705882354,15.333333333333334,16,1.0,1.25,1.0,0.0625,0.22499999999999998,93,412,1.0,0.0625,0.25,0.875,16,1.0,0.8125,1.0,0.0,0.11666666666666667,13,412,1.0,0.125,0.3125,1.0
test,"m=0.3, T=2, theta=0.3318",hysteresis,primary,098A72A5-E3E5-4F54-A152-BBDA0DF7B694,1334,0,0,0,0,0,0,22.233333333333334,0.0,0.0,0.0,0.0,0.0,,16,1.0,3.0625,1.0,0.125,0.34791666666666665,126,412,1.0,0.0,0.0,0.75,16,1.0,2.625,1.0,0.0625,0.2604166666666667,48,412,1.0,0.0,0.0,0.8125
test,"m=0.3, T=2, theta=0.3318",hysteresis,primary,0A986513-7828-4D53-AA1F-E02D6DF9561B,763,1,1,2,16,0,0,12.716666666666667,0.07863695937090433,0.020969855832241154,0.15727391874180865,0.0,0.0,16.0,16,1.0,2.5,1.0,0.1875,0.33229166666666665,73,412,1.0,0.0,0.125,0.75,16,1.0,1.1875,1.0,0.0,0.1375,26,412,1.0,0.0,0.0625,0.9375
test,"m=0.3, T=2, theta=0.3318",hysteresis,primary,11B5EC4D-4133-4289-B475-4E737182A406,1740,1,1,2,3,1,1,29.0,0.034482758620689655,0.0017241379310344827,0.06896551724137931,0.034482758620689655,0.034482758620689655,3.0,16,1.0,4.0625,1.0,0.1875,0.365625,91,412,1.0,0.0,0.0,0.6875,16,1.5,3.25,1.5,0.0625,0.26145833333333335,91,412,1.0,0.0,0.0,0.9375
test,"m=0.3, T=2, theta=0.3318",hysteresis,primary,136562B6-95B2-483D-88DC-065F28409FD2,1215,1,1,2,2,1,1,20.25,0.04938271604938271,0.0016460905349794238,0.09876543209876543,0.04938271604938271,0.04938271604938271,2.0,16,1.0,2.6875,1.0,0.125,0.34479166666666666,94,412,1.0,0.0,0.0,0.8125,16,1.0,2.5,1.0,0.125,0.25729166666666664,57,412,1.0,0.0,0.0,0.8125
test,"m=0.3, T=2, theta=0.3318",hysteresis,primary,1538C99F-BA1E-4EFB-A949-6C7C47701B20,1281,2,2,4,77,1,1,21.35,0.09367681498829039,0.060109289617486336,0.18735362997658078,0.046838407494145196,0.046838407494145196,38.5,16,1.0,1.4375,1.0,0.0,0.2125,86,412,1.0,0.0,0.0,0.875,16,1.0,1.25,1.0,0.125,0.21562499999999998,27,412,1.0,0.0,0.125,0.875
test,"m=0.3, T=2, theta=0.3318",hysteresis,primary,24E40C4C-A349-4F9F-93AB-01D00FB994AF,926,4,4,8,33,2,2,15.433333333333334,0.25917926565874727,0.035637149028077755,0.5183585313174945,0.12958963282937364,0.12958963282937364,8.25,16,2.0,9.25,1.0,0.1875,0.4083333333333333,170,412,1.0,0.0,0.125,0.6875,16,7.0,14.625,7.0,0.5,0.6729166666666666,250,412,0.0,0.0,0.0,0.4375
test,"m=0.3, T=2, theta=0.3318",hysteresis,primary,2C32C23E-E30C-498A-8DD2-0EFB9150A02E,1675,2,2,4,8,2,2,27.916666666666668,0.07164179104477611,0.004776119402985075,0.14328358208955222,0.07164179104477611,0.07164179104477611,4.0,16,1.0,6.5625,1.0,0.25,0.37604166666666666,113,412,1.0,0.0,0.0,0.75,16,1.0,2.625,1.0,0.1875,0.36979166666666663,69,412,1.0,0.0,0.0,0.75
test,"m=0.3, T=2, theta=0.3318",hysteresis,primary,3600D531-0C55-44A7-AE95-A7A38519464E,1032,1,0,1,22,0,0,17.2,0.05813953488372093,0.02131782945736434,0.05813953488372093,0.0,0.0,22.0,16,1.0,4.1875,1.0,0.125,0.3416666666666667,103,412,1.0,0.0,0.0,0.75,16,2.5,5.25,2.5,0.1875,0.39479166666666665,90,412,1.0,0.0,0.0,0.75
test,"m=0.3, T=2, theta=0.3318",hysteresis,primary,4FC32141-E888-4BFF-8804-12559A491D8C,967,1,0,1,9,0,0,16.116666666666667,0.06204756980351603,0.009307135470527405,0.06204756980351603,0.0,0.0,9.0,16,6.5,14.125,6.5,0.625,0.7166666666666667,226,412,0.0,0.0625,0.0,0.375,16,4.5,13.25,4.5,0.375,0.5770833333333333,233,412,0.5,0.0625,0.0,0.5
test,"m=0.3, T=2, theta=0.3318",hysteresis,primary,5119D0F8-FCA8-4184-A4EB-19421A40DE0D,1295,3,3,6,11,3,3,21.583333333333332,0.138996138996139,0.008494208494208495,0.277992277992278,0.138996138996139,0.138996138996139,3.6666666666666665,16,1.0,2.75,1.0,0.0,0.16770833333333332,44,412,1.0,0.0,0.0,1.0,16,1.0,4.6875,1.0,0.125,0.3770833333333333,133,412,1.0,0.0,0.0,0.75
test,"m=0.3, T=2, theta=0.3318",hysteresis,primary,5152A2DF-FAF3-4BA8-9CA9-E66B32671A53,1295,1,1,2,10,0,0,21.583333333333332,0.04633204633204634,0.007722007722007722,0.09266409266409267,0.0,0.0,10.0,16,1.0,1.5625,1.0,0.0625,0.225,44,412,1.0,0.0,0.0,0.875,16,2.0,4.125,2.0,0.25,0.48541666666666666,134,412,1.0,0.0,0.0,0.5625
test,"m=0.3, T=2, theta=0.3318",hysteresis,primary,5EF64122-B513-46AE-BCF1-E62AAC285D2C,754,2,1,3,6,1,1,12.566666666666666,0.15915119363395225,0.007957559681697613,0.2387267904509284,0.07957559681697612,0.07957559681697612,3.0,16,1.0,2.0,1.0,0.0625,0.175,30,412,1.0,0.0,0.0,0.9375,16,1.0,3.5625,1.0,0.0,0.25625,58,412,1.0,0.0,0.0,0.9375
test,"m=0.3, T=2, theta=0.3318",hysteresis,primary,61976C24-1C50-4355-9C49-AAE44A7D09F6,1717,0,0,0,0,0,0,28.616666666666667,0.0,0.0,0.0,0.0,0.0,,16,1.5,8.1875,1.5,0.25,0.3875,134,412,1.0,0.0,0.0,0.6875,16,1.0,1.6875,1.0,0.125,0.25833333333333336,48,412,1.0,0.0,0.0,0.8125
test,"m=0.3, T=2, theta=0.3318",hysteresis,primary,78A91A4E-4A51-4065-BDA7-94755F0BB3BB,2371,13,13,26,120,7,5,39.516666666666666,0.32897511598481655,0.05061155630535639,0.6579502319696331,0.17714044706874738,0.12652889076339097,9.23076923076923,16,1.0,3.5625,1.0,0.125,0.3729166666666667,116,412,1.0,0.0,0.0,0.6875,16,1.0,5.75,1.0,0.125,0.3416666666666667,136,412,1.0,0.0,0.0625,0.75
test,"m=0.3, T=2, theta=0.3318",hysteresis,primary,7CE37510-56D0-4120-A1CF-0E23351428D2,1924,8,7,15,29,7,6,32.06666666666667,0.24948024948024947,0.015072765072765074,0.46777546777546775,0.21829521829521828,0.1871101871101871,3.625,16,1.0,1.75,1.0,0.0625,0.18958333333333333,31,412,1.0,0.0,0.0,0.9375,16,1.0,1.8125,1.0,0.125,0.28541666666666665,69,412,1.0,0.0,0.0,0.8125
test,"m=0.3, T=2, theta=0.3318",hysteresis,primary,8023FE1A-D3B0-4E2C-A57A-9321B7FC755F,1809,7,7,14,72,3,3,30.15,0.23217247097844113,0.03980099502487562,0.46434494195688225,0.09950248756218906,0.09950248756218906,10.285714285714286,16,1.0,1.25,1.0,0.125,0.21458333333333332,30,412,1.0,0.0,0.0,0.8125,16,1.0,3.5,1.0,0.0,0.25416666666666665,64,412,1.0,0.0,0.0,0.9375
test,"m=0.3, T=2, theta=0.3318",hysteresis,primary,83CF687B-7CEC-434B-9FE8-00C3D5799BE6,1879,19,19,38,214,11,7,31.316666666666666,0.6067056945183609,0.11389036721660457,1.2134113890367217,0.35125066524747206,0.22352315061202768,11.263157894736842,16,1.0,1.5,1.0,0.0625,0.17083333333333334,24,412,1.0,0.0,0.1875,0.9375,16,1.0,1.125,1.0,0.0,0.14270833333333333,18,412,1.0,0.0,0.125,1.0
test,"m=0.3, T=2, theta=0.3318",hysteresis,primary,9759096F-1119-4E19-A0AD-6F16989C7E1C,1954,7,7,14,170,5,4,32.56666666666667,0.2149437052200614,0.08700102354145343,0.4298874104401228,0.15353121801432956,0.12282497441146366,24.285714285714285,16,1.0,1.8125,1.0,0.125,0.25833333333333336,81,412,1.0,0.125,0.25,0.8125,16,1.0,4.625,1.0,0.1875,0.3645833333333333,108,412,1.0,0.0,0.1875,0.75
test,"m=0.3, T=2, theta=0.3318",hysteresis,primary,9DC38D04-E82E-4F29-AB52-B476535226F2,1909,1,1,2,14,0,0,31.816666666666666,0.03143006809848088,0.007333682556312206,0.06286013619696176,0.0,0.0,14.0,16,1.5,6.375,1.5,0.1875,0.403125,172,412,1.0,0.0,0.0,0.75,16,1.5,3.9375,1.5,0.125,0.346875,105,412,1.0,0.0,0.0,0.75
test,"m=0.3, T=2, theta=0.3318",hysteresis,primary,A5CDF89D-02A2-4EC1-89F8-F534FDABDD96,1179,6,6,12,28,5,4,19.65,0.3053435114503817,0.02374893977947413,0.6106870229007634,0.2544529262086514,0.20356234096692113,4.666666666666667,16,1.0,1.625,1.0,0.1875,0.28125,36,412,1.0,0.0,0.0,0.75,16,1.5,4.1875,1.5,0.0625,0.22916666666666666,67,412,1.0,0.0,0.0625,0.9375
test,"m=0.3, T=2, theta=0.3318",hysteresis,primary,A76A5AF5-5A93-4CF2-A16E-62353BB70E8A,1475,0,0,0,0,0,0,24.583333333333332,0.0,0.0,0.0,0.0,0.0,,16,3.5,16.8125,3.5,0.4375,0.6229166666666667,281,412,1.0,0.0,0.0,0.5625,16,1.0,4.5,1.0,0.1875,0.4302083333333333,125,412,1.0,0.0,0.0,0.625
test,"m=0.3, T=2, theta=0.3318",hysteresis,primary,B09E373F-8A54-44C8-895B-0039390B859F,1597,1,0,1,3,0,0,26.616666666666667,0.03757044458359424,0.001878522229179712,0.03757044458359424,0.0,0.0,3.0,16,3.5,10.8125,3.5,0.3125,0.453125,172,412,1.0,0.0,0.0,0.625,16,2.5,7.5625,2.5,0.0,0.3208333333333333,121,412,1.0,0.0,0.0,1.0
test,"m=0.3, T=2, theta=0.3318",hysteresis,primary,B9724848-C7E2-45F4-9B3F-A1F38D864495,1497,9,8,17,210,3,1,24.95,0.36072144288577157,0.1402805611222445,0.6813627254509018,0.12024048096192386,0.04008016032064128,23.333333333333332,16,1.0,1.0,1.0,0.0,0.09375,18,412,1.0,0.0,0.3125,1.0,16,1.0,1.6875,1.0,0.0625,0.17916666666666667,44,412,1.0,0.0625,0.125,0.9375
test,"m=0.3, T=2, theta=0.3318",hysteresis,primary,BE3CA5A6-A561-4BBD-B7C9-5DF6805400FC,1633,11,11,22,254,3,1,27.216666666666665,0.40416411512553585,0.15554194733619106,0.8083282302510717,0.11022657685241886,0.03674219228413962,23.09090909090909,16,1.0,8.25,1.0,0.25,0.3770833333333333,141,412,1.0,0.0,0.0625,0.6875,16,1.0,5.0,1.0,0.3125,0.4552083333333333,150,412,1.0,0.0,0.4375,0.5625
test,"m=0.3, T=2, theta=0.3318",hysteresis,primary,C48CE857-A0DD-4DDB-BEA5-3A25449B2153,937,0,0,0,0,0,0,15.616666666666667,0.0,0.0,0.0,0.0,0.0,,16,2.5,7.9375,2.5,0.25,0.44895833333333335,132,412,1.0,0.0,0.0,0.6875,16,1.0,6.625,1.0,0.0,0.29375,129,412,1.0,0.0,0.0,0.9375
test,"m=0.3, T=2, theta=0.3318",hysteresis,primary,CA820D43-E5E2-42EF-9798-BE56F776370B,1543,11,11,22,84,5,5,25.716666666666665,0.42773817239144524,0.05443940375891121,0.8554763447828905,0.19442644199611148,0.19442644199611148,7.636363636363637,16,1.0,4.25,1.0,0.0625,0.3145833333333333,135,412,1.0,0.0,0.0,0.875,16,1.0,1.0625,1.0,0.125,0.25729166666666664,66,412,1.0,0.0,0.0625,0.8125
test,"m=0.3, T=2, theta=0.3318",hysteresis,primary,CDA3BBF7-6631-45E8-85BA-EEB416B32A3C,537,1,1,2,5,1,1,8.95,0.111731843575419,0.00931098696461825,0.223463687150838,0.111731843575419,0.111731843575419,5.0,16,1.0,1.9375,1.0,0.125,0.23541666666666666,35,412,1.0,0.0,0.0,0.875,16,1.0,1.25,1.0,0.0,0.15625,30,412,1.0,0.0,0.0,1.0
test,"m=0.3, T=2, theta=0.3318",hysteresis,primary,CF722AA9-2533-4E51-9FEB-9EAC84EE9AAC,694,2,2,4,11,1,1,11.566666666666666,0.1729106628242075,0.01585014409221902,0.345821325648415,0.08645533141210375,0.08645533141210375,5.5,16,1.0,2.375,1.0,0.0,0.171875,54,412,1.0,0.0,0.0625,0.9375,16,1.0,4.375,1.0,0.3125,0.4197916666666667,75,412,1.0,0.0,0.0,0.625
test,"m=0.3, T=2, theta=0.3318",hysteresis,primary,D7D20E2E-FC78-405D-B346-DBD3FD8FC92B,1212,4,4,8,54,1,1,20.2,0.19801980198019803,0.04455445544554455,0.39603960396039606,0.04950495049504951,0.04950495049504951,13.5,16,1.0,2.125,1.0,0.125,0.23645833333333333,43,412,1.0,0.0,0.0625,0.875,16,2.0,2.375,2.0,0.0625,0.3177083333333333,66,412,1.0,0.0,0.0625,0.875
test,"m=0.3, T=2, theta=0.3318",hysteresis,primary,E65577C1-8D5D-4F70-AF23-B3ADB9D3DBA3,657,7,7,14,179,5,2,10.95,0.6392694063926941,0.2724505327245053,1.2785388127853883,0.4566210045662101,0.18264840182648404,25.571428571428573,16,1.0,0.75,1.0,0.0625,0.146875,21,412,2.0,0.0625,0.25,0.9375,16,1.0,3.4375,1.0,0.0625,0.221875,63,412,7.5,0.0625,0.25,0.875
test,"m=0.3, T=2, theta=0.3318",hysteresis,primary,ECECC2AB-D32F-4F90-B74C-E12A1C69BBE2,677,1,1,2,4,1,1,11.283333333333333,0.08862629246676514,0.005908419497784343,0.17725258493353027,0.08862629246676514,0.08862629246676514,4.0,16,1.0,1.6875,1.0,0.0625,0.24270833333333333,46,412,1.0,0.0,0.0,0.9375,16,1.0,1.75,1.0,0.0625,0.24479166666666666,62,412,1.0,0.0,0.0,0.9375
test,"m=0.3, T=2, theta=0.3318",hysteresis,primary,FDAA70A1-42A3-4E3F-9AE3-3FDA412E03BF,966,4,4,8,42,2,2,16.1,0.24844720496894407,0.043478260869565216,0.49689440993788814,0.12422360248447203,0.12422360248447203,10.5,16,1.0,1.5,1.0,0.0,0.175,46,412,1.0,0.0,0.0,0.9375,16,1.0,3.0,1.0,0.0625,0.22708333333333333,74,412,1.0,0.0,0.25,0.9375
test,"r=0.5, tau=0.5, theta=0.4256",trust,primary,00EABED2-271D-49D8-B599-1D4A09240601,408,5,4,9,88,2,2,6.8,0.7352941176470589,0.21568627450980393,1.3235294117647058,0.29411764705882354,0.29411764705882354,17.6,16,2.0,1.9375,2.0,0.0625,0.28541666666666665,99,412,1.0,0.0625,0.1875,0.875,16,2.0,1.4375,2.0,0.0,0.21458333333333332,23,412,1.0,0.125,0.3125,1.0
test,"r=0.5, tau=0.5, theta=0.4256",trust,primary,098A72A5-E3E5-4F54-A152-BBDA0DF7B694,1334,0,0,0,0,0,0,22.233333333333334,0.0,0.0,0.0,0.0,0.0,,16,2.0,3.75,2.0,0.125,0.41041666666666665,119,412,1.0,0.0,0.0,0.8125,16,2.0,3.875,2.0,0.1875,0.38229166666666664,61,412,1.0,0.0,0.0,0.8125
test,"r=0.5, tau=0.5, theta=0.4256",trust,primary,0A986513-7828-4D53-AA1F-E02D6DF9561B,763,1,1,2,15,0,0,12.716666666666667,0.07863695937090433,0.019659239842726082,0.15727391874180865,0.0,0.0,15.0,16,2.0,3.3125,2.0,0.25,0.365625,71,412,1.0,0.0,0.0625,0.75,16,2.0,2.5,2.0,0.0,0.25416666666666665,40,412,1.0,0.0,0.0625,1.0
test,"r=0.5, tau=0.5, theta=0.4256",trust,primary,11B5EC4D-4133-4289-B475-4E737182A406,1740,1,1,2,2,1,1,29.0,0.034482758620689655,0.0011494252873563218,0.06896551724137931,0.034482758620689655,0.034482758620689655,2.0,16,2.0,4.4375,2.0,0.1875,0.4145833333333333,92,412,1.0,0.0,0.0,0.75,16,2.5,4.0625,2.5,0.0625,0.3302083333333333,81,412,1.0,0.0,0.0,0.9375
test,"r=0.5, tau=0.5, theta=0.4256",trust,primary,136562B6-95B2-483D-88DC-065F28409FD2,1215,1,1,2,2,1,1,20.25,0.04938271604938271,0.0016460905349794238,0.09876543209876543,0.04938271604938271,0.04938271604938271,2.0,16,3.0,3.75,2.5,0.1875,0.38645833333333335,78,412,1.0,0.0,0.0,0.8125,16,2.0,3.5,2.0,0.125,0.35625,66,412,1.0,0.0,0.0,0.8125
test,"r=0.5, tau=0.5, theta=0.4256",trust,primary,1538C99F-BA1E-4EFB-A949-6C7C47701B20,1281,1,1,2,75,0,0,21.35,0.046838407494145196,0.0585480093676815,0.09367681498829039,0.0,0.0,75.0,16,2.0,5.625,2.0,0.0625,0.325,100,412,1.0,0.0,0.0,0.9375,16,2.0,2.0,2.0,0.125,0.2791666666666667,32,412,1.0,0.0,0.125,0.875
test,"r=0.5, tau=0.5, theta=0.4256",trust,primary,24E40C4C-A349-4F9F-93AB-01D00FB994AF,926,8,8,16,59,7,4,15.433333333333334,0.5183585313174945,0.06371490280777538,1.036717062634989,0.4535637149028078,0.25917926565874727,7.375,16,3.0,8.8125,3.0,0.125,0.42083333333333334,164,412,2.5,0.0,0.125,0.75,16,4.5,12.8125,4.5,0.4375,0.628125,205,412,1.0,0.0,0.0,0.5625
test,"r=0.5, tau=0.5, theta=0.4256",trust,primary,2C32C23E-E30C-498A-8DD2-0EFB9150A02E,1675,1,1,2,1,1,1,27.916666666666668,0.035820895522388055,0.0005970149253731343,0.07164179104477611,0.035820895522388055,0.035820895522388055,1.0,16,2.5,4.125,2.5,0.25,0.434375,94,412,0.5,0.0,0.0,0.6875,16,2.0,4.0625,2.0,0.25,0.43333333333333335,74,412,1.0,0.0,0.0,0.75
test,"r=0.5, tau=0.5, theta=0.4256",trust,primary,3600D531-0C55-44A7-AE95-A7A38519464E,1032,1,0,1,21,0,0,17.2,0.05813953488372093,0.020348837209302327,0.05813953488372093,0.0,0.0,21.0,16,2.0,5.0,2.0,0.125,0.40520833333333334,110,412,1.5,0.0,0.0,0.75,16,3.0,6.9375,3.0,0.25,0.46979166666666666,107,412,1.0,0.0,0.0,0.75
test,"r=0.5, tau=0.5, theta=0.4256",trust,primary,4FC32141-E888-4BFF-8804-12559A491D8C,967,3,2,5,20,2,1,16.116666666666667,0.18614270941054809,0.020682523267838676,0.3102378490175801,0.12409513960703206,0.06204756980351603,6.666666666666667,16,3.5,9.5,3.5,0.375,0.5125,152,412,1.0,0.0625,0.0625,0.625,16,4.5,8.25,4.5,0.375,0.5541666666666667,137,412,0.5,0.0625,0.0,0.5625
test,"r=0.5, tau=0.5, theta=0.4256",trust,primary,5119D0F8-FCA8-4184-A4EB-19421A40DE0D,1295,3,3,6,6,3,3,21.583333333333332,0.138996138996139,0.004633204633204633,0.277992277992278,0.138996138996139,0.138996138996139,2.0,16,2.0,2.5,2.0,0.0,0.23854166666666665,40,412,1.0,0.0,0.0,1.0,16,2.0,5.5625,2.0,0.125,0.38958333333333334,96,412,1.0,0.0,0.0,0.75
test,"r=0.5, tau=0.5, theta=0.4256",trust,primary,5152A2DF-FAF3-4BA8-9CA9-E66B32671A53,1295,1,1,2,11,0,0,21.583333333333332,0.04633204633204634,0.008494208494208495,0.09266409266409267,0.0,0.0,11.0,16,2.0,4.25,2.0,0.0625,0.325,68,412,2.0,0.0,0.0,0.9375,16,3.0,5.0,2.5,0.3125,0.49375,115,412,1.0,0.0,0.0,0.625
test,"r=0.5, tau=0.5, theta=0.4256",trust,primary,5EF64122-B513-46AE-BCF1-E62AAC285D2C,754,1,1,2,1,1,1,12.566666666666666,0.07957559681697612,0.001326259946949602,0.15915119363395225,0.07957559681697612,0.07957559681697612,1.0,16,2.0,3.125,2.0,0.0625,0.2791666666666667,49,412,1.0,0.0,0.0,0.9375,16,2.0,3.875,2.0,0.0625,0.315625,60,412,1.0,0.0,0.0,0.9375
test,"r=0.5, tau=0.5, theta=0.4256",trust,primary,61976C24-1C50-4355-9C49-AAE44A7D09F6,1717,0,0,0,0,0,0,28.616666666666667,0.0,0.0,0.0,0.0,0.0,,16,2.5,8.75,2.5,0.25,0.4604166666666667,140,412,1.0,0.0,0.0,0.75,16,2.0,2.625,2.0,0.125,0.3385416666666667,63,412,1.0,0.0,0.0,0.8125
test,"r=0.5, tau=0.5, theta=0.4256",trust,primary,78A91A4E-4A51-4065-BDA7-94755F0BB3BB,2371,19,19,38,135,22,14,39.516666666666666,0.4808097849008857,0.05693800084352594,0.9616195698017714,0.5567271193589203,0.35428089413749475,7.105263157894737,16,3.0,5.75,3.0,0.1875,0.471875,125,412,0.5,0.0,0.125,0.6875,16,2.0,6.5,2.0,0.25,0.44687499999999997,146,412,0.0,0.0,0.0625,0.625
test,"r=0.5, tau=0.5, theta=0.4256",trust,primary,7CE37510-56D0-4120-A1CF-0E23351428D2,1924,5,4,9,28,3,3,32.06666666666667,0.1559251559251559,0.014553014553014554,0.2806652806652806,0.09355509355509355,0.09355509355509355,5.6,16,2.0,2.5,2.0,0.0625,0.23541666666666666,40,412,1.0,0.0,0.0625,0.9375,16,2.0,2.75,2.0,0.125,0.3458333333333333,66,412,1.0,0.0,0.0,0.8125
test,"r=0.5, tau=0.5, theta=0.4256",trust,primary,8023FE1A-D3B0-4E2C-A57A-9321B7FC755F,1809,8,8,16,53,5,4,30.15,0.26533996683250416,0.029297954671088998,0.5306799336650083,0.16583747927031509,0.13266998341625208,6.625,16,2.0,2.1875,2.0,0.125,0.278125,34,412,1.0,0.0,0.0,0.875,16,2.0,4.1875,2.0,0.0625,0.33958333333333335,67,412,1.0,0.0,0.0,0.9375
test,"r=0.5, tau=0.5, theta=0.4256",trust,primary,83CF687B-7CEC-434B-9FE8-00C3D5799BE6,1879,16,16,32,264,7,3,31.316666666666666,0.5109100585417775,0.14050026609898883,1.021820117083555,0.22352315061202768,0.09579563597658329,16.5,16,2.0,2.1875,2.0,0.0625,0.27291666666666664,35,412,1.0,0.0,0.125,0.9375,16,2.0,1.9375,2.0,0.0,0.2583333333333333,31,412,2.5,0.0,0.125,1.0
test,"r=0.5, tau=0.5, theta=0.4256",trust,primary,9759096F-1119-4E19-A0AD-6F16989C7E1C,1954,9,9,18,163,10,8,32.56666666666667,0.27635619242579323,0.0834186284544524,0.5527123848515865,0.3070624360286591,0.24564994882292732,18.11111111111111,16,2.0,2.3125,2.0,0.0625,0.309375,90,412,1.0,0.125,0.25,0.875,16,2.0,3.4375,2.0,0.125,0.32916666666666666,78,412,1.0,0.0625,0.1875,0.8125
test,"r=0.5, tau=0.5, theta=0.4256",trust,primary,9DC38D04-E82E-4F29-AB52-B476535226F2,1909,3,3,6,22,2,1,31.816666666666666,0.09429020429544265,0.011524358302776323,0.1885804085908853,0.06286013619696176,0.03143006809848088,7.333333333333333,16,2.5,7.0,2.5,0.1875,0.40625,121,412,1.0,0.0,0.0,0.8125,16,2.5,4.6875,2.5,0.125,0.41666666666666663,101,412,1.0,0.0,0.0,0.8125
test,"r=0.5, tau=0.5, theta=0.4256",trust,primary,A5CDF89D-02A2-4EC1-89F8-F534FDABDD96,1179,9,9,18,15,11,8,19.65,0.45801526717557256,0.01272264631043257,0.9160305343511451,0.5597964376590331,0.40712468193384227,1.6666666666666667,16,2.0,2.1875,2.0,0.1875,0.3333333333333333,44,412,2.0,0.0,0.0,0.75,16,3.0,4.625,3.0,0.1875,0.36666666666666664,72,412,2.0,0.0,0.0625,0.8125
test,"r=0.5, tau=0.5, theta=0.4256",trust,primary,A76A5AF5-5A93-4CF2-A16E-62353BB70E8A,1475,0,0,0,0,0,0,24.583333333333332,0.0,0.0,0.0,0.0,0.0,,16,3.5,11.9375,3.5,0.3125,0.5572916666666666,211,412,1.0,0.0,0.0,0.625,16,3.0,5.9375,3.0,0.375,0.51875,126,412,0.0,0.0,0.0,0.5625
test,"r=0.5, tau=0.5, theta=0.4256",trust,primary,B09E373F-8A54-44C8-895B-0039390B859F,1597,0,0,0,0,0,0,26.616666666666667,0.0,0.0,0.0,0.0,0.0,,16,3.5,11.125,3.5,0.25,0.5020833333333333,178,412,1.0,0.0,0.0,0.75,16,3.0,8.5,3.0,0.125,0.46562499999999996,136,412,1.0,0.0,0.0,0.875
test,"r=0.5, tau=0.5, theta=0.4256",trust,primary,B9724848-C7E2-45F4-9B3F-A1F38D864495,1497,12,11,23,258,9,4,24.95,0.4809619238476954,0.17234468937875752,0.9218436873747495,0.36072144288577157,0.16032064128256512,21.5,16,2.0,1.8125,2.0,0.0,0.17708333333333331,29,412,1.0,0.0625,0.25,1.0,16,2.0,2.1875,2.0,0.0625,0.23229166666666667,49,412,1.0,0.0625,0.1875,0.9375
test,"r=0.5, tau=0.5, theta=0.4256",trust,primary,BE3CA5A6-A561-4BBD-B7C9-5DF6805400FC,1633,10,10,20,436,6,2,27.216666666666665,0.36742192284139624,0.2669932639314146,0.7348438456827925,0.22045315370483773,0.07348438456827924,43.6,16,3.0,8.4375,3.0,0.4375,0.490625,133,412,1.0,0.0625,0.125,0.5625,16,0.0,4.0,0.0,0.1875,0.284375,118,412,21.0,0.1875,0.5625,0.75
test,"r=0.5, tau=0.5, theta=0.4256",trust,primary,C48CE857-A0DD-4DDB-BEA5-3A25449B2153,937,1,1,2,6,0,0,15.616666666666667,0.064034151547492,0.0064034151547491995,0.128068303094984,0.0,0.0,6.0,16,3.0,6.3125,3.0,0.25,0.44895833333333335,100,412,1.0,0.0,0.0,0.6875,16,2.0,5.5,2.0,0.0,0.3770833333333333,106,412,1.0,0.0,0.0,0.9375
test,"r=0.5, tau=0.5, theta=0.4256",trust,primary,CA820D43-E5E2-42EF-9798-BE56F776370B,1543,12,12,24,103,9,4,25.716666666666665,0.4666234607906676,0.06675307841866494,0.9332469215813352,0.34996759559300067,0.1555411535968892,8.583333333333334,16,2.0,4.375,2.0,0.0625,0.38125,115,412,2.0,0.0,0.0625,0.875,16,2.0,1.9375,2.0,0.125,0.29583333333333334,50,412,1.0,0.0,0.0,0.8125
test,"r=0.5, tau=0.5, theta=0.4256",trust,primary,CDA3BBF7-6631-45E8-85BA-EEB416B32A3C,537,1,1,2,5,1,1,8.95,0.111731843575419,0.00931098696461825,0.223463687150838,0.111731843575419,0.111731843575419,5.0,16,2.0,2.9375,2.0,0.125,0.33645833333333336,53,412,1.0,0.0,0.0,0.875,16,2.0,2.3125,2.0,0.0,0.2708333333333333,40,412,1.0,0.0,0.0,1.0
test,"r=0.5, tau=0.5, theta=0.4256",trust,primary,CF722AA9-2533-4E51-9FEB-9EAC84EE9AAC,694,4,4,8,13,4,3,11.566666666666666,0.345821325648415,0.018731988472622477,0.69164265129683,0.345821325648415,0.25936599423631124,3.25,16,2.0,4.0,2.0,0.0625,0.346875,63,412,1.0,0.0,0.0,0.9375,16,3.0,5.25,3.0,0.375,0.4739583333333333,84,412,0.5,0.0,0.0625,0.625
test,"r=0.5, tau=0.5, theta=0.4256",trust,primary,D7D20E2E-FC78-405D-B346-DBD3FD8FC92B,1212,9,9,18,80,5,5,20.2,0.44554455445544555,0.066006600660066,0.8910891089108911,0.24752475247524752,0.24752475247524752,8.88888888888889,16,2.0,2.5,2.0,0.0625,0.21770833333333334,40,412,1.0,0.0,0.0625,0.9375,16,3.0,4.4375,3.0,0.3125,0.43333333333333335,77,412,1.0,0.0,0.0625,0.6875
test,"r=0.5, tau=0.5, theta=0.4256",trust,primary,E65577C1-8D5D-4F70-AF23-B3ADB9D3DBA3,657,8,8,16,241,7,2,10.95,0.7305936073059361,0.3668188736681887,1.4611872146118723,0.6392694063926941,0.18264840182648404,30.125,16,0.5,1.0,0.5,0.0625,0.15520833333333334,24,412,2.5,0.1875,0.4375,0.9375,16,0.0,2.6875,0.0,0.0625,0.18229166666666666,43,412,18.5,0.1875,0.4375,0.9375
test,"r=0.5, tau=0.5, theta=0.4256",trust,primary,ECECC2AB-D32F-4F90-B74C-E12A1C69BBE2,677,0,0,0,0,0,0,11.283333333333333,0.0,0.0,0.0,0.0,0.0,,16,2.5,2.6875,2.5,0.1875,0.32187499999999997,45,412,1.0,0.0,0.0,0.8125,16,2.0,2.75,2.0,0.0625,0.31145833333333334,53,412,1.0,0.0,0.0,0.9375
test,"r=0.5, tau=0.5, theta=0.4256",trust,primary,FDAA70A1-42A3-4E3F-9AE3-3FDA412E03BF,966,3,3,6,56,2,1,16.1,0.18633540372670807,0.057971014492753624,0.37267080745341613,0.12422360248447203,0.06211180124223602,18.666666666666668,16,2.0,2.125,2.0,0.0,0.234375,55,412,2.0,0.0,0.1875,0.9375,16,2.0,4.25,2.0,0.125,0.2791666666666667,71,412,2.5,0.0,0.1875,0.875
test,"alpha=0.001, beta=0.01336",sprt,primary,00EABED2-271D-49D8-B599-1D4A09240601,408,4,2,6,105,0,0,6.8,0.5882352941176471,0.25735294117647056,0.8823529411764706,0.0,0.0,26.25,16,1.0,1.4375,1.0,0.0625,0.16874999999999998,33,412,1.0,0.1875,0.25,0.9375,16,1.0,0.8125,1.0,0.0,0.09687499999999999,13,412,1.0,0.125,0.3125,1.0
test,"alpha=0.001, beta=0.01336",sprt,primary,098A72A5-E3E5-4F54-A152-BBDA0DF7B694,1334,0,0,0,0,0,0,22.233333333333334,0.0,0.0,0.0,0.0,0.0,,16,0.5,1.8125,0.5,0.125,0.196875,36,412,1.0,0.0,0.0,0.875,16,1.0,1.875,1.0,0.0625,0.16458333333333333,30,412,1.0,0.0,0.0,0.9375
test,"alpha=0.001, beta=0.01336",sprt,primary,0A986513-7828-4D53-AA1F-E02D6DF9561B,763,2,2,4,20,0,0,12.716666666666667,0.15727391874180865,0.02621231979030144,0.3145478374836173,0.0,0.0,10.0,16,2.0,2.875,2.0,0.25,0.3260416666666667,49,412,2.0,0.0,0.0625,0.75,16,1.0,1.3125,1.0,0.0,0.09999999999999999,21,412,4.0,0.0,0.0625,1.0
test,"alpha=0.001, beta=0.01336",sprt,primary,11B5EC4D-4133-4289-B475-4E737182A406,1740,2,2,4,21,1,1,29.0,0.06896551724137931,0.01206896551724138,0.13793103448275862,0.034482758620689655,0.034482758620689655,10.5,16,1.0,2.75,1.0,0.1875,0.24791666666666667,44,412,1.0,0.0,0.0,0.8125,16,1.0,2.5,1.0,0.0625,0.1625,42,412,1.0,0.0,0.0,0.9375
test,"alpha=0.001, beta=0.01336",sprt,primary,136562B6-95B2-483D-88DC-065F28409FD2,1215,1,1,2,8,0,0,20.25,0.04938271604938271,0.006584362139917695,0.09876543209876543,0.0,0.0,8.0,16,1.5,2.4375,1.5,0.125,0.2604166666666667,39,412,1.0,0.0,0.0,0.875,16,1.0,2.25,1.0,0.0625,0.21354166666666666,36,412,1.5,0.0,0.0,0.9375
test,"alpha=0.001, beta=0.01336",sprt,primary,1538C99F-BA1E-4EFB-A949-6C7C47701B20,1281,3,3,6,85,2,2,21.35,0.1405152224824356,0.0663544106167057,0.2810304449648712,0.09367681498829039,0.09367681498829039,28.333333333333332,16,0.0,4.1875,0.0,0.0625,0.12604166666666666,72,412,1.0,0.0,0.0,0.9375,16,1.0,1.3125,1.0,0.125,0.17083333333333334,21,412,1.0,0.0,0.125,0.875
test,"alpha=0.001, beta=0.01336",sprt,primary,24E40C4C-A349-4F9F-93AB-01D00FB994AF,926,5,5,10,129,1,1,15.433333333333334,0.32397408207343414,0.13930885529157666,0.6479481641468683,0.06479481641468682,0.06479481641468682,25.8,16,3.0,6.4375,3.0,0.125,0.328125,118,412,6.0,0.0,0.125,0.75,16,4.5,12.3125,4.5,0.4375,0.5864583333333333,197,412,3.0,0.0,0.0,0.5625
test,"alpha=0.001, beta=0.01336",sprt,primary,2C32C23E-E30C-498A-8DD2-0EFB9150A02E,1675,1,1,2,4,1,1,27.916666666666668,0.035820895522388055,0.0023880597014925373,0.07164179104477611,0.035820895522388055,0.035820895522388055,4.0,16,1.5,2.8125,1.5,0.1875,0.3020833333333333,70,412,1.0,0.0,0.0,0.75,16,1.5,2.625,1.5,0.1875,0.27291666666666664,42,412,1.0,0.0,0.0,0.8125
test,"alpha=0.001, beta=0.01336",sprt,primary,3600D531-0C55-44A7-AE95-A7A38519464E,1032,1,0,1,22,0,0,17.2,0.05813953488372093,0.02131782945736434,0.05813953488372093,0.0,0.0,22.0,16,1.0,3.5,1.0,0.125,0.21666666666666667,56,412,3.0,0.0,0.0,0.875,16,3.0,5.625,3.0,0.1875,0.4114583333333333,90,412,2.0,0.0,0.0,0.8125
test,"alpha=0.001, beta=0.01336",sprt,primary,4FC32141-E888-4BFF-8804-12559A491D8C,967,1,0,1,40,0,0,16.116666666666667,0.06204756980351603,0.04136504653567735,0.06204756980351603,0.0,0.0,40.0,16,3.0,8.5625,3.0,0.375,0.4875,137,412,1.5,0.125,0.125,0.625,16,4.0,7.875,4.0,0.1875,0.47604166666666664,126,412,1.0,0.0625,0.0,0.8125
test,"alpha=0.001, beta=0.01336",sprt,primary,5119D0F8-FCA8-4184-A4EB-19421A40DE0D,1295,3,3,6,32,0,0,21.583333333333332,0.138996138996139,0.02471042471042471,0.277992277992278,0.0,0.0,10.666666666666666,16,0.0,1.25,0.0,0.0,0.09166666666666666,20,412,1.0,0.0,0.0625,1.0,16,1.0,4.4375,1.0,0.125,0.26145833333333335,71,412,1.0,0.0,0.0,0.875
test,"alpha=0.001, beta=0.01336",sprt,primary,5152A2DF-FAF3-4BA8-9CA9-E66B32671A53,1295,1,1,2,16,0,0,21.583333333333332,0.04633204633204634,0.012355212355212355,0.09266409266409267,0.0,0.0,16.0,16,1.0,1.875,1.0,0.0625,0.20104166666666667,30,412,3.0,0.0,0.0,0.9375,16,3.0,3.75,3.0,0.25,0.36354166666666665,72,412,2.0,0.0,0.0,0.75
test,"alpha=0.001, beta=0.01336",sprt,primary,5EF64122-B513-46AE-BCF1-E62AAC285D2C,754,3,2,5,8,2,2,12.566666666666666,0.2387267904509284,0.010610079575596816,0.3978779840848806,0.15915119363395225,0.15915119363395225,2.6666666666666665,16,0.0,1.4375,0.0,0.0625,0.11458333333333333,23,412,1.0,0.0,0.0,0.9375,16,0.5,2.125,0.5,0.0,0.128125,34,412,1.0,0.0,0.1875,1.0
test,"alpha=0.001, beta=0.01336",sprt,primary,61976C24-1C50-4355-9C49-AAE44A7D09F6,1717,0,0,0,0,0,0,28.616666666666667,0.0,0.0,0.0,0.0,0.0,,16,1.5,4.8125,1.5,0.125,0.25729166666666664,112,412,1.0,0.0,0.0,0.8125,16,1.0,1.3125,1.0,0.125,0.21145833333333333,37,412,1.0,0.0,0.0,0.8125
test,"alpha=0.001, beta=0.01336",sprt,primary,78A91A4E-4A51-4065-BDA7-94755F0BB3BB,2371,10,10,20,205,3,3,39.516666666666666,0.25305778152678193,0.08646140868831717,0.5061155630535639,0.07591733445803459,0.07591733445803459,20.5,16,2.0,3.8125,2.0,0.125,0.37395833333333334,108,412,1.0,0.0,0.125,0.6875,16,1.0,4.75,1.0,0.125,0.26979166666666665,96,412,1.0,0.0,0.125,0.8125
test,"alpha=0.001, beta=0.01336",sprt,primary,7CE37510-56D0-4120-A1CF-0E23351428D2,1924,7,6,13,47,4,4,32.06666666666667,0.21829521829521828,0.02442827442827443,0.4054054054054054,0.12474012474012473,0.12474012474012473,6.714285714285714,16,1.0,1.3125,1.0,0.0625,0.12083333333333333,21,412,1.0,0.0,0.0625,0.9375,16,1.0,0.875,1.0,0.0625,0.159375,36,412,1.0,0.0,0.0,0.875
test,"alpha=0.001, beta=0.01336",sprt,primary,8023FE1A-D3B0-4E2C-A57A-9321B7FC755F,1809,7,7,14,146,1,1,30.15,0.23217247097844113,0.08070757324488667,0.46434494195688225,0.03316749585406302,0.03316749585406302,20.857142857142858,16,1.0,0.875,1.0,0.125,0.18645833333333334,14,412,1.5,0.0,0.0,0.875,16,1.0,2.625,1.0,0.0,0.13333333333333333,42,412,1.0,0.0,0.0,1.0
test,"alpha=0.001, beta=0.01336",sprt,primary,83CF687B-7CEC-434B-9FE8-00C3D5799BE6,1879,12,12,24,414,0,0,31.316666666666666,0.38318254390633316,0.22032996274614156,0.7663650878126663,0.0,0.0,34.5,16,1.0,1.25,1.0,0.0625,0.16979166666666667,20,412,8.5,0.0625,0.25,0.9375,16,0.0,0.75,0.0,0.0,0.13749999999999998,12,412,6.0,0.125,0.25,1.0
test,"alpha=0.001, beta=0.01336",sprt,primary,9759096F-1119-4E19-A0AD-6F16989C7E1C,1954,7,7,14,239,2,2,32.56666666666667,0.2149437052200614,0.12231320368474924,0.4298874104401228,0.06141248720573183,0.06141248720573183,34.142857142857146,16,0.5,1.4375,0.5,0.0625,0.16979166666666667,37,412,1.0,0.1875,0.25,0.9375,16,0.0,1.5625,0.0,0.125,0.16666666666666666,41,412,1.0,0.0625,0.1875,0.8125
test,"alpha=0.001, beta=0.01336",sprt,primary,9DC38D04-E82E-4F29-AB52-B476535226F2,1909,3,3,6,31,0,0,31.816666666666666,0.09429020429544265,0.016238868517548456,0.1885804085908853,0.0,0.0,10.333333333333334,16,1.5,5.75,1.5,0.0625,0.20833333333333334,92,412,3.5,0.0,0.0,0.9375,16,2.5,3.5,2.5,0.125,0.27708333333333335,70,412,1.0,0.0,0.0,0.8125
test,"alpha=0.001, beta=0.01336",sprt,primary,A5CDF89D-02A2-4EC1-89F8-F534FDABDD96,1179,6,6,12,61,0,0,19.65,0.3053435114503817,0.05173876166242578,0.6106870229007634,0.0,0.0,10.166666666666666,16,1.0,1.3125,1.0,0.1875,0.259375,24,412,2.0,0.0,0.125,0.75,16,1.0,3.4375,1.0,0.0625,0.196875,55,412,3.5,0.0,0.125,0.9375
test,"alpha=0.001, beta=0.01336",sprt,primary,A76A5AF5-5A93-4CF2-A16E-62353BB70E8A,1475,0,0,0,0,0,0,24.583333333333332,0.0,0.0,0.0,0.0,0.0,,16,4.0,10.9375,4.0,0.25,0.45,175,412,1.0,0.0,0.0,0.75,16,3.0,4.0,3.0,0.1875,0.38958333333333334,82,412,1.0,0.0,0.0,0.8125
test,"alpha=0.001, beta=0.01336",sprt,primary,B09E373F-8A54-44C8-895B-0039390B859F,1597,0,0,0,0,0,0,26.616666666666667,0.0,0.0,0.0,0.0,0.0,,16,2.0,9.0,2.0,0.125,0.3302083333333333,145,412,2.0,0.0,0.0,0.8125,16,3.5,7.9375,3.5,0.0,0.403125,127,412,2.0,0.0,0.0,1.0
test,"alpha=0.001, beta=0.01336",sprt,primary,B9724848-C7E2-45F4-9B3F-A1F38D864495,1497,9,8,17,321,2,1,24.95,0.36072144288577157,0.21442885771543085,0.6813627254509018,0.08016032064128256,0.04008016032064128,35.666666666666664,16,0.0,0.8125,0.0,0.0,0.06041666666666667,13,412,1.0,0.0625,0.25,1.0,16,0.0,0.8125,0.0,0.0625,0.125,18,412,1.0,0.0625,0.25,0.9375
test,"alpha=0.001, beta=0.01336",sprt,primary,BE3CA5A6-A561-4BBD-B7C9-5DF6805400FC,1633,7,6,13,516,0,0,27.216666666666665,0.25719534598897736,0.31598285364360074,0.4776484996938151,0.0,0.0,73.71428571428571,16,2.5,7.375,2.5,0.3125,0.440625,122,412,4.5,0.125,0.1875,0.625,16,0.0,2.5,0.0,0.125,0.26458333333333334,102,412,36.5,0.375,0.625,0.75
test,"alpha=0.001, beta=0.01336",sprt,primary,C48CE857-A0DD-4DDB-BEA5-3A25449B2153,937,1,1,2,10,0,0,15.616666666666667,0.064034151547492,0.010672358591248666,0.128068303094984,0.0,0.0,10.0,16,2.5,3.5625,2.5,0.125,0.31145833333333334,60,412,1.0,0.0,0.0,0.875,16,1.0,3.875,1.0,0.0,0.19479166666666667,62,412,1.0,0.0,0.0,1.0
test,"alpha=0.001, beta=0.01336",sprt,primary,CA820D43-E5E2-42EF-9798-BE56F776370B,1543,11,11,22,193,3,1,25.716666666666665,0.42773817239144524,0.12508101101749838,0.8554763447828905,0.1166558651976669,0.0388852883992223,17.545454545454547,16,1.0,1.5,1.0,0.0625,0.19270833333333331,39,412,3.5,0.0,0.1875,0.875,16,1.0,1.0625,1.0,0.0625,0.16770833333333332,20,412,3.0,0.0,0.0625,0.9375
test,"alpha=0.001, beta=0.01336",sprt,primary,CDA3BBF7-6631-45E8-85BA-EEB416B32A3C,537,1,0,1,8,0,0,8.95,0.111731843575419,0.0148975791433892,0.111731843575419,0.0,0.0,8.0,16,1.0,1.8125,1.0,0.125,0.21979166666666666,31,412,1.0,0.0,0.0,0.875,16,1.0,1.3125,1.0,0.0,0.134375,24,412,1.0,0.0,0.0,1.0
test,"alpha=0.001, beta=0.01336",sprt,primary,CF722AA9-2533-4E51-9FEB-9EAC84EE9AAC,694,2,2,4,47,0,0,11.566666666666666,0.1729106628242075,0.06772334293948126,0.345821325648415,0.0,0.0,23.5,16,1.5,1.625,1.5,0.0,0.15416666666666667,26,412,2.5,0.0,0.125,1.0,16,2.0,4.4375,2.0,0.3125,0.41041666666666665,71,412,1.0,0.0,0.0625,0.6875
test,"alpha=0.001, beta=0.01336",sprt,primary,D7D20E2E-FC78-405D-B346-DBD3FD8FC92B,1212,7,7,14,142,2,2,20.2,0.34653465346534656,0.11716171617161716,0.6930693069306931,0.09900990099009901,0.09900990099009901,20.285714285714285,16,1.0,1.625,1.0,0.0,0.16666666666666666,26,412,1.0,0.0,0.125,1.0,16,2.0,2.5625,2.0,0.125,0.2947916666666667,43,412,1.0,0.0,0.0625,0.875
test,"alpha=0.001, beta=0.01336",sprt,primary,E65577C1-8D5D-4F70-AF23-B3ADB9D3DBA3,657,2,2,4,263,0,0,10.95,0.18264840182648404,0.4003044140030441,0.36529680365296807,0.0,0.0,131.5,16,0.0,0.5625,0.0,0.0,0.04583333333333333,9,412,8.5,0.25,0.5625,1.0,16,0.0,2.625,0.0,0.0625,0.14791666666666667,42,412,34.5,0.25,0.5625,0.9375
test,"alpha=0.001, beta=0.01336",sprt,primary,ECECC2AB-D32F-4F90-B74C-E12A1C69BBE2,677,0,0,0,0,0,0,11.283333333333333,0.0,0.0,0.0,0.0,0.0,,16,1.5,1.75,1.5,0.1875,0.24895833333333334,28,412,1.0,0.0,0.0,0.8125,16,2.0,1.875,2.0,0.0625,0.19479166666666667,30,412,1.0,0.0,0.0,0.9375
test,"alpha=0.001, beta=0.01336",sprt,primary,FDAA70A1-42A3-4E3F-9AE3-3FDA412E03BF,966,3,3,6,79,1,1,16.1,0.18633540372670807,0.08178053830227744,0.37267080745341613,0.06211180124223602,0.06211180124223602,26.333333333333332,16,1.0,0.875,1.0,0.0,0.07395833333333333,34,412,3.5,0.0,0.1875,0.9375,16,1.0,3.4375,1.0,0.125,0.23333333333333334,55,412,5.0,0.0,0.375,0.875
test,"rho=0.0001, theta=0.7685",hmm,primary,00EABED2-271D-49D8-B599-1D4A09240601,408,5,3,8,98,1,1,6.8,0.7352941176470589,0.24019607843137256,1.1764705882352942,0.14705882352941177,0.14705882352941177,19.6,16,1.0,2.625,1.0,0.0625,0.18125,49,412,2.0,0.1875,0.25,0.9375,16,1.0,1.0625,1.0,0.0,0.146875,17,412,2.0,0.125,0.3125,1.0
test,"rho=0.0001, theta=0.7685",hmm,primary,098A72A5-E3E5-4F54-A152-BBDA0DF7B694,1334,0,0,0,0,0,0,22.233333333333334,0.0,0.0,0.0,0.0,0.0,,16,2.0,3.1875,2.0,0.0625,0.275,51,412,2.0,0.0,0.0,0.9375,16,1.0,2.6875,1.0,0.0625,0.27291666666666664,46,412,2.0,0.0,0.0,0.875
test,"rho=0.0001, theta=0.7685",hmm,primary,0A986513-7828-4D53-AA1F-E02D6DF9561B,763,1,1,2,16,0,0,12.716666666666667,0.07863695937090433,0.020969855832241154,0.15727391874180865,0.0,0.0,16.0,16,2.0,3.0,2.0,0.1875,0.31145833333333334,48,412,3.0,0.0,0.0625,0.8125,16,1.0,1.6875,1.0,0.0,0.171875,27,412,3.5,0.0,0.0625,1.0
test,"rho=0.0001, theta=0.7685",hmm,primary,11B5EC4D-4133-4289-B475-4E737182A406,1740,1,1,2,1,1,1,29.0,0.034482758620689655,0.0005747126436781609,0.06896551724137931,0.034482758620689655,0.034482758620689655,1.0,16,1.5,3.75,1.5,0.1875,0.32187499999999997,60,412,2.0,0.0,0.0,0.8125,16,2.0,3.25,2.0,0.0625,0.23645833333333333,52,412,2.0,0.0,0.0,0.9375
test,"rho=0.0001, theta=0.7685",hmm,primary,136562B6-95B2-483D-88DC-065F28409FD2,1215,2,2,4,5,2,2,20.25,0.09876543209876543,0.00411522633744856,0.19753086419753085,0.09876543209876543,0.09876543209876543,2.5,16,1.0,2.5625,1.0,0.125,0.2677083333333333,41,412,2.0,0.0,0.0,0.875,16,1.0,2.5,1.0,0.125,0.25729166666666664,40,412,2.0,0.0,0.0,0.875
test,"rho=0.0001, theta=0.7685",hmm,primary,1538C99F-BA1E-4EFB-A949-6C7C47701B20,1281,1,1,2,78,0,0,21.35,0.046838407494145196,0.06088992974238876,0.09367681498829039,0.0,0.0,78.0,16,1.0,1.5625,1.0,0.0,0.20520833333333333,75,412,2.0,0.0,0.0,0.9375,16,1.0,1.375,1.0,0.125,0.21145833333333333,22,412,2.0,0.0,0.125,0.875
test,"rho=0.0001, theta=0.7685",hmm,primary,24E40C4C-A349-4F9F-93AB-01D00FB994AF,926,5,4,9,114,2,1,15.433333333333334,0.32397408207343414,0.12311015118790497,0.5831533477321814,0.12958963282937364,0.06479481641468682,22.8,16,2.5,6.125,2.0,0.125,0.3333333333333333,107,412,6.5,0.0625,0.125,0.8125,16,4.0,12.5,4.0,0.4375,0.5875,199,412,4.0,0.0,0.0,0.5625
test,"rho=0.0001, theta=0.7685",hmm,primary,2C32C23E-E30C-498A-8DD2-0EFB9150A02E,1675,1,1,2,1,1,1,27.916666666666668,0.035820895522388055,0.0005970149253731343,0.07164179104477611,0.035820895522388055,0.035820895522388055,1.0,16,2.0,3.375,2.0,0.1875,0.3614583333333333,72,412,1.5,0.0,0.0,0.75,16,2.0,3.3125,2.0,0.1875,0.346875,50,412,2.0,0.0,0.0,0.8125
test,"rho=0.0001, theta=0.7685",hmm,primary,3600D531-0C55-44A7-AE95-A7A38519464E,1032,1,0,1,22,0,0,17.2,0.05813953488372093,0.02131782945736434,0.05813953488372093,0.0,0.0,22.0,16,1.0,3.75,1.0,0.125,0.259375,60,412,4.0,0.0,0.0,0.875,16,2.5,5.25,2.5,0.1875,0.365625,83,412,2.5,0.0,0.0,0.8125
test,"rho=0.0001, theta=0.7685",hmm,primary,4FC32141-E888-4BFF-8804-12559A491D8C,967,2,1,3,25,0,0,16.116666666666667,0.12409513960703206,0.025853154084798345,0.18614270941054809,0.0,0.0,12.5,16,3.5,8.6875,3.5,0.3125,0.509375,144,412,2.0,0.0625,0.0625,0.625,16,5.0,8.625,5.0,0.375,0.5614583333333334,138,412,1.0,0.0625,0.0,0.625
test,"rho=0.0001, theta=0.7685",hmm,primary,5119D0F8-FCA8-4184-A4EB-19421A40DE0D,1295,5,5,10,16,5,4,21.583333333333332,0.23166023166023167,0.012355212355212355,0.46332046332046334,0.23166023166023167,0.18532818532818535,3.2,16,1.0,1.8125,1.0,0.0,0.14895833333333333,29,412,2.0,0.0,0.0625,1.0,16,1.0,4.75,1.0,0.125,0.284375,76,412,1.5,0.0,0.0,0.875
test,"rho=0.0001, theta=0.7685",hmm,primary,5152A2DF-FAF3-4BA8-9CA9-E66B32671A53,1295,1,1,2,17,0,0,21.583333333333332,0.04633204633204634,0.013127413127413128,0.09266409266409267,0.0,0.0,17.0,16,1.0,2.0625,1.0,0.0625,0.221875,33,412,4.5,0.0,0.0,0.9375,16,2.5,3.5625,2.5,0.25,0.3625,63,412,3.0,0.0,0.0,0.75
test,"rho=0.0001, theta=0.7685",hmm,primary,5EF64122-B513-46AE-BCF1-E62AAC285D2C,754,1,1,2,2,1,1,12.566666666666666,0.07957559681697612,0.002652519893899204,0.15915119363395225,0.07957559681697612,0.07957559681697612,2.0,16,1.0,2.3125,1.0,0.0625,0.1875,37,412,2.0,0.0,0.0,0.9375,16,1.0,2.5625,1.0,0.0,0.20208333333333334,41,412,2.0,0.0,0.0,1.0
test,"rho=0.0001, theta=0.7685",hmm,primary,61976C24-1C50-4355-9C49-AAE44A7D09F6,1717,0,0,0,0,0,0,28.616666666666667,0.0,0.0,0.0,0.0,0.0,,16,1.5,7.9375,1.5,0.1875,0.3614583333333333,126,412,2.0,0.0,0.0,0.8125,16,1.0,1.75,1.0,0.125,0.2604166666666667,49,412,2.0,0.0,0.0,0.8125
test,"rho=0.0001, theta=0.7685",hmm,primary,78A91A4E-4A51-4065-BDA7-94755F0BB3BB,2371,15,15,30,213,12,7,39.516666666666666,0.37958667229017296,0.08983551244200759,0.7591733445803459,0.30366933783213834,0.17714044706874738,14.2,16,2.0,3.875,2.0,0.125,0.3875,107,412,1.5,0.0625,0.125,0.6875,16,1.5,4.5,1.5,0.125,0.31354166666666666,95,412,1.0,0.0,0.125,0.75
test,"rho=0.0001, theta=0.7685",hmm,primary,7CE37510-56D0-4120-A1CF-0E23351428D2,1924,7,6,13,34,5,5,32.06666666666667,0.21829521829521828,0.017671517671517672,0.4054054054054054,0.1559251559251559,0.1559251559251559,4.857142857142857,16,1.0,1.625,1.0,0.0625,0.15625,26,412,2.0,0.0,0.0625,0.9375,16,1.0,1.8125,1.0,0.125,0.2677083333333333,50,412,2.0,0.0,0.0,0.8125
test,"rho=0.0001, theta=0.7685",hmm,primary,8023FE1A-D3B0-4E2C-A57A-9321B7FC755F,1809,9,9,18,127,5,3,30.15,0.2985074626865672,0.07020453289110005,0.5970149253731344,0.16583747927031509,0.09950248756218906,14.11111111111111,16,1.0,1.375,1.0,0.125,0.203125,22,412,2.0,0.0,0.0,0.875,16,2.0,3.25,2.0,0.0625,0.265625,52,412,2.0,0.0,0.0,0.9375
test,"rho=0.0001, theta=0.7685",hmm,primary,83CF687B-7CEC-434B-9FE8-00C3D5799BE6,1879,12,12,24,374,6,4,31.316666666666666,0.38318254390633316,0.19904204364023417,0.7663650878126663,0.19159127195316658,0.12772751463544438,31.166666666666668,16,1.0,1.5,1.0,0.0625,0.171875,24,412,10.5,0.0625,0.1875,0.9375,16,1.0,1.0,1.0,0.0,0.13541666666666666,16,412,6.0,0.125,0.125,1.0
test,"rho=0.0001, theta=0.7685",hmm,primary,9759096F-1119-4E19-A0AD-6F16989C7E1C,1954,9,9,18,202,7,6,32.56666666666667,0.27635619242579323,0.10337768679631525,0.5527123848515865,0.2149437052200614,0.18423746161719548,22.444444444444443,16,1.0,1.625,1.0,0.0625,0.21770833333333334,60,412,2.0,0.125,0.25,0.9375,16,1.0,2.25,1.0,0.125,0.23541666666666666,56,412,2.0,0.0625,0.1875,0.8125
test,"rho=0.0001, theta=0.7685",hmm,primary,9DC38D04-E82E-4F29-AB52-B476535226F2,1909,2,2,4,27,0,0,31.816666666666666,0.06286013619696176,0.014143530644316397,0.12572027239392353,0.0,0.0,13.5,16,1.5,6.1875,1.5,0.0625,0.2708333333333333,99,412,2.0,0.0,0.0,0.9375,16,2.5,3.8125,2.5,0.125,0.33125,78,412,2.0,0.0,0.0,0.8125
test,"rho=0.0001, theta=0.7685",hmm,primary,A5CDF89D-02A2-4EC1-89F8-F534FDABDD96,1179,6,6,12,17,7,5,19.65,0.3053435114503817,0.01441899915182358,0.6106870229007634,0.356234096692112,0.2544529262086514,2.8333333333333335,16,1.0,1.6875,1.0,0.1875,0.271875,27,412,3.0,0.0,0.0,0.8125,16,2.0,3.5625,2.0,0.125,0.2625,57,412,3.5,0.0,0.0625,0.875
test,"rho=0.0001, theta=0.7685",hmm,primary,A76A5AF5-5A93-4CF2-A16E-62353BB70E8A,1475,0,0,0,0,0,0,24.583333333333332,0.0,0.0,0.0,0.0,0.0,,16,4.0,11.0,4.0,0.3125,0.4927083333333333,176,412,2.0,0.0,0.0,0.6875,16,3.0,5.0625,3.0,0.25,0.4395833333333333,94,412,1.5,0.0,0.0,0.75
test,"rho=0.0001, theta=0.7685",hmm,primary,B09E373F-8A54-44C8-895B-0039390B859F,1597,0,0,0,0,0,0,26.616666666666667,0.0,0.0,0.0,0.0,0.0,,16,3.0,9.9375,3.0,0.1875,0.42604166666666665,164,412,2.0,0.0,0.0,0.75,16,3.5,7.875,3.5,0.125,0.4239583333333333,126,412,2.0,0.0,0.0,0.875
test,"rho=0.0001, theta=0.7685",hmm,primary,B9724848-C7E2-45F4-9B3F-A1F38D864495,1497,8,7,15,301,3,2,24.95,0.32064128256513025,0.2010688042752171,0.6012024048096193,0.12024048096192386,0.08016032064128256,37.625,16,1.0,1.5,1.0,0.0,0.12604166666666666,24,412,2.0,0.1875,0.25,1.0,16,1.0,1.5,1.0,0.0625,0.14479166666666665,22,412,2.0,0.0625,0.1875,0.9375
test,"rho=0.0001, theta=0.7685",hmm,primary,BE3CA5A6-A561-4BBD-B7C9-5DF6805400FC,1633,8,8,16,507,3,2,27.216666666666665,0.29393753827311697,0.3104715248009798,0.5878750765462339,0.11022657685241886,0.07348438456827924,63.375,16,3.0,7.625,3.0,0.375,0.46770833333333334,127,412,3.5,0.125,0.1875,0.5625,16,0.0,2.25,0.0,0.125,0.20729166666666665,62,412,44.5,0.375,0.625,0.8125
test,"rho=0.0001, theta=0.7685",hmm,primary,C48CE857-A0DD-4DDB-BEA5-3A25449B2153,937,1,1,2,6,0,0,15.616666666666667,0.064034151547492,0.0064034151547491995,0.128068303094984,0.0,0.0,6.0,16,2.5,4.0,2.5,0.125,0.35833333333333334,66,412,1.5,0.0,0.0,0.8125,16,1.0,3.625,1.0,0.0,0.24479166666666666,59,412,1.5,0.0,0.0,1.0
test,"rho=0.0001, theta=0.7685",hmm,primary,CA820D43-E5E2-42EF-9798-BE56F776370B,1543,10,10,20,164,3,2,25.716666666666665,0.38885288399222295,0.10628645495787427,0.7777057679844459,0.1166558651976669,0.0777705767984446,16.4,16,1.0,2.0625,1.0,0.0625,0.20208333333333334,47,412,4.0,0.0,0.125,0.875,16,1.0,1.125,1.0,0.125,0.178125,18,412,3.0,0.0,0.0625,0.875
test,"rho=0.0001, theta=0.7685",hmm,primary,CDA3BBF7-6631-45E8-85BA-EEB416B32A3C,537,1,1,2,6,0,0,8.95,0.111731843575419,0.0111731843575419,0.223463687150838,0.0,0.0,6.0,16,1.0,2.25,1.0,0.125,0.23541666666666666,36,412,2.0,0.0,0.0,0.875,16,1.5,1.875,1.5,0.0,0.19479166666666667,31,412,2.0,0.0,0.0,1.0
test,"rho=0.0001, theta=0.7685",hmm,primary,CF722AA9-2533-4E51-9FEB-9EAC84EE9AAC,694,3,3,6,33,1,1,11.566666666666666,0.25936599423631124,0.04755043227665706,0.5187319884726225,0.08645533141210375,0.08645533141210375,11.0,16,1.5,2.9375,1.5,0.0625,0.22916666666666666,45,412,3.5,0.0,0.0625,0.9375,16,3.0,4.6875,2.5,0.3125,0.425,74,412,1.5,0.0,0.0625,0.6875
test,"rho=0.0001, theta=0.7685",hmm,primary,D7D20E2E-FC78-405D-B346-DBD3FD8FC92B,1212,8,8,16,133,4,4,20.2,0.39603960396039606,0.10973597359735973,0.7920792079207921,0.19801980198019803,0.19801980198019803,16.625,16,1.0,2.0,1.0,0.0,0.16770833333333332,30,412,2.0,0.0,0.125,1.0,16,3.0,3.125,3.0,0.1875,0.3489583333333333,53,412,2.0,0.0,0.0625,0.8125
test,"rho=0.0001, theta=0.7685",hmm,primary,E65577C1-8D5D-4F70-AF23-B3ADB9D3DBA3,657,2,2,4,264,0,0,10.95,0.18264840182648404,0.4018264840182648,0.36529680365296807,0.0,0.0,132.0,16,0.0,0.4375,0.0,0.0,0.03958333333333333,7,412,9.5,0.25,0.5625,1.0,16,0.0,2.4375,0.0,0.0625,0.15729166666666666,39,412,35.5,0.3125,0.5625,0.9375
test,"rho=0.0001, theta=0.7685",hmm,primary,ECECC2AB-D32F-4F90-B74C-E12A1C69BBE2,677,0,0,0,0,0,0,11.283333333333333,0.0,0.0,0.0,0.0,0.0,,16,2.0,2.0,2.0,0.1875,0.26979166666666665,32,412,2.0,0.0,0.0,0.8125,16,2.0,2.125,2.0,0.0,0.21354166666666666,33,412,2.0,0.0,0.0,1.0
test,"rho=0.0001, theta=0.7685",hmm,primary,FDAA70A1-42A3-4E3F-9AE3-3FDA412E03BF,966,4,4,8,74,3,2,16.1,0.24844720496894407,0.07660455486542443,0.49689440993788814,0.18633540372670807,0.12422360248447203,18.5,16,1.0,1.375,1.0,0.0,0.14479166666666668,38,412,4.0,0.0,0.1875,0.9375,16,1.0,3.625,1.0,0.125,0.22291666666666665,58,412,5.0,0.0,0.3125,0.875
test,theta=0.1301,threshold,sensitivity_1,00EABED2-271D-49D8-B599-1D4A09240601,408,16,16,32,69,21,13,6.8,2.3529411764705883,0.16911764705882354,4.705882352941177,3.088235294117647,1.911764705882353,4.3125,16,2.0,9.125,0.0,0.1875,0.290625,151,412,0.0,0.0,0.1875,0.6875,16,0.0,0.375,0.0,0.0,0.05625,24,412,0.0,0.0,0.3125,1.0
test,theta=0.1301,threshold,sensitivity_1,098A72A5-E3E5-4F54-A152-BBDA0DF7B694,1334,5,4,9,5,4,4,22.233333333333334,0.22488755622188905,0.0037481259370314842,0.4047976011994003,0.17991004497751123,0.17991004497751123,1.0,16,0.5,3.875,0.0,0.125,0.3197916666666667,164,412,0.0,0.0,0.0,0.625,16,0.0,2.5,0.0,0.0,0.221875,81,412,0.0,0.0,0.0,0.875
test,theta=0.1301,threshold,sensitivity_1,0A986513-7828-4D53-AA1F-E02D6DF9561B,763,8,8,16,13,11,7,12.716666666666667,0.6290956749672346,0.01703800786369594,1.2581913499344692,0.8650065530799476,0.5504587155963303,1.625,16,1.0,3.3125,0.0,0.1875,0.4083333333333333,120,412,0.0,0.0,0.0,0.6875,16,0.0,1.0,0.0,0.0,0.13854166666666667,44,412,0.0,0.0,0.0625,0.75
test,theta=0.1301,threshold,sensitivity_1,11B5EC4D-4133-4289-B475-4E737182A406,1740,4,4,8,4,4,4,29.0,0.13793103448275862,0.0022988505747126436,0.27586206896551724,0.13793103448275862,0.13793103448275862,1.0,16,0.5,4.875,0.0,0.1875,0.309375,121,412,0.0,0.0,0.0625,0.6875,16,1.0,2.625,0.5,0.0625,0.275,140,412,0.0,0.0,0.0,0.8125
test,theta=0.1301,threshold,sensitivity_1,136562B6-95B2-483D-88DC-065F28409FD2,1215,2,2,4,2,2,2,20.25,0.09876543209876543,0.0016460905349794238,0.19753086419753085,0.09876543209876543,0.09876543209876543,1.0,16,1.0,6.375,0.0,0.25,0.41041666666666665,174,412,0.0,0.0,0.0,0.5625,16,0.0,3.4375,0.0,0.1875,0.26145833333333335,94,412,0.0,0.0,0.0,0.625
test,theta=0.1301,threshold,sensitivity_1,1538C99F-BA1E-4EFB-A949-6C7C47701B20,1281,3,3,6,78,2,2,21.35,0.1405152224824356,0.06088992974238876,0.2810304449648712,0.09367681498829039,0.09367681498829039,26.0,16,0.0,3.9375,0.0,0.0625,0.12083333333333332,86,412,0.0,0.0,0.0,0.875,16,0.0,0.5,0.0,0.125,0.134375,41,412,0.0,0.0,0.125,0.875
test,theta=0.1301,threshold,sensitivity_1,24E40C4C-A349-4F9F-93AB-01D00FB994AF,926,10,10,20,12,13,10,15.433333333333334,0.6479481641468683,0.012958963282937365,1.2958963282937366,0.8423326133909287,0.6479481641468683,1.2,16,4.0,11.875,0.0,0.375,0.49583333333333335,206,412,0.0,0.0,0.0625,0.4375,16,9.5,17.0,4.5,0.5,0.7125,287,412,0.0,0.0,0.0,0.4375
test,theta=0.1301,threshold,sensitivity_1,2C32C23E-E30C-498A-8DD2-0EFB9150A02E,1675,7,7,14,9,7,7,27.916666666666668,0.2507462686567164,0.005373134328358209,0.5014925373134328,0.2507462686567164,0.2507462686567164,1.2857142857142858,16,1.0,6.0,0.0,0.3125,0.3177083333333333,131,412,0.0,0.0,0.0,0.5625,16,0.0,3.8125,0.0,0.1875,0.33958333333333335,103,412,0.0,0.0,0.0,0.5625
test,theta=0.1301,threshold,sensitivity_1,3600D531-0C55-44A7-AE95-A7A38519464E,1032,9,7,16,21,9,6,17.2,0.5232558139534884,0.020348837209302327,0.9302325581395349,0.5232558139534884,0.3488372093023256,2.3333333333333335,16,0.0,5.1875,0.0,0.1875,0.3197916666666667,118,412,0.0,0.0,0.0,0.625,16,3.0,6.25,1.0,0.25,0.42291666666666666,124,412,0.0,0.0,0.0,0.6875
test,theta=0.1301,threshold,sensitivity_1,4FC32141-E888-4BFF-8804-12559A491D8C,967,1,1,2,1,1,1,16.116666666666667,0.06204756980351603,0.001034126163391934,0.12409513960703206,0.06204756980351603,0.06204756980351603,1.0,16,10.0,21.125,10.0,0.8125,0.8677083333333333,340,412,0.0,0.0,0.0,0.125,16,9.0,20.0625,6.5,0.625,0.7989583333333333,361,412,0.0,0.0,0.0,0.1875
test,theta=0.1301,threshold,sensitivity_1,5119D0F8-FCA8-4184-A4EB-19421A40DE0D,1295,7,7,14,10,8,7,21.583333333333332,0.32432432432432434,0.007722007722007722,0.6486486486486487,0.3706563706563707,0.32432432432432434,1.4285714285714286,16,0.0,1.875,0.0,0.0,0.09583333333333334,49,412,0.0,0.0,0.0,0.875,16,0.0,4.9375,0.0,0.1875,0.33958333333333335,131,412,0.0,0.0,0.0,0.625
test,theta=0.1301,threshold,sensitivity_1,5152A2DF-FAF3-4BA8-9CA9-E66B32671A53,1295,1,1,2,9,0,0,21.583333333333332,0.04633204633204634,0.0069498069498069494,0.09266409266409267,0.0,0.0,9.0,16,0.0,4.5625,0.0,0.125,0.22291666666666668,77,412,0.0,0.0,0.0,0.8125,16,2.5,3.9375,0.0,0.25,0.5135416666666667,160,412,0.0,0.0,0.0,0.375
test,theta=0.1301,threshold,sensitivity_1,5EF64122-B513-46AE-BCF1-E62AAC285D2C,754,5,5,10,7,5,5,12.566666666666666,0.3978779840848806,0.009283819628647215,0.7957559681697612,0.3978779840848806,0.3978779840848806,1.4,16,0.0,3.4375,0.0,0.0625,0.16979166666666667,64,412,0.0,0.0,0.0,0.8125,16,0.0,2.8125,0.0,0.0,0.165625,69,412,0.0,0.0,0.1875,0.9375
test,theta=0.1301,threshold,sensitivity_1,61976C24-1C50-4355-9C49-AAE44A7D09F6,1717,1,1,2,1,1,1,28.616666666666667,0.034944670937682006,0.0005824111822947001,0.06988934187536401,0.034944670937682006,0.034944670937682006,1.0,16,0.5,7.5,0.0,0.1875,0.3072916666666667,140,412,0.0,0.0,0.0,0.6875,16,0.0,1.0,0.0,0.0625,0.19375,53,412,0.0,0.0,0.0,0.75
test,theta=0.1301,threshold,sensitivity_1,78A91A4E-4A51-4065-BDA7-94755F0BB3BB,2371,39,39,78,61,55,39,39.516666666666666,0.9869253479544496,0.025727541121889498,1.9738506959088993,1.3918177983973008,0.9869253479544496,1.564102564102564,16,3.0,9.9375,0.0,0.3125,0.39479166666666665,178,412,0.0,0.0,0.0625,0.5,16,1.0,8.0625,0.0,0.25,0.36041666666666666,160,412,0.0,0.0,0.0625,0.4375
test,theta=0.1301,threshold,sensitivity_1,7CE37510-56D0-4120-A1CF-0E23351428D2,1924,14,14,28,17,17,14,32.06666666666667,0.43659043659043656,0.008835758835758836,0.8731808731808731,0.5301455301455301,0.43659043659043656,1.2142857142857142,16,0.0,2.0625,0.0,0.125,0.11458333333333333,32,412,0.0,0.0,0.0,0.8125,16,0.0,1.3125,0.0,0.125,0.2791666666666667,121,412,0.0,0.0,0.0,0.6875
test,theta=0.1301,threshold,sensitivity_1,8023FE1A-D3B0-4E2C-A57A-9321B7FC755F,1809,26,26,52,35,30,26,30.15,0.8623548922056385,0.019347705914870093,1.724709784411277,0.9950248756218906,0.8623548922056385,1.3461538461538463,16,0.0,1.1875,0.0,0.125,0.23125,69,412,0.0,0.0,0.0,0.6875,16,0.5,3.875,0.0,0.0625,0.228125,129,412,0.0,0.0,0.0,0.8125
test,theta=0.1301,threshold,sensitivity_1,83CF687B-7CEC-434B-9FE8-00C3D5799BE6,1879,57,57,114,108,83,54,31.316666666666666,1.8201170835550824,0.05747738158594997,3.640234167110165,2.650345928685471,1.7243214475784991,1.894736842105263,16,0.0,1.25,0.0,0.0625,0.09895833333333333,36,412,0.0,0.0,0.125,0.9375,16,0.0,0.25,0.0,0.0,0.03958333333333334,12,412,0.0,0.0,0.0,1.0
test,theta=0.1301,threshold,sensitivity_1,9759096F-1119-4E19-A0AD-6F16989C7E1C,1954,43,43,86,99,67,39,32.56666666666667,1.3203684749232343,0.05066530194472876,2.6407369498464686,2.057318321392016,1.1975435005117705,2.302325581395349,16,0.0,2.75,0.0,0.125,0.3177083333333333,112,412,0.0,0.0,0.1875,0.75,16,3.0,10.3125,0.0,0.3125,0.45729166666666665,155,412,0.0,0.0,0.0625,0.625
test,theta=0.1301,threshold,sensitivity_1,9DC38D04-E82E-4F29-AB52-B476535226F2,1909,7,7,14,7,8,7,31.816666666666666,0.22001047668936616,0.003666841278156103,0.4400209533787323,0.25144054478784705,0.22001047668936616,1.0,16,0.5,8.5,0.0,0.0625,0.278125,176,412,0.0,0.0,0.0,0.8125,16,1.5,7.25,0.0,0.125,0.29791666666666666,121,412,0.0,0.0,0.0,0.8125
test,theta=0.1301,threshold,sensitivity_1,A5CDF89D-02A2-4EC1-89F8-F534FDABDD96,1179,22,22,44,23,32,22,19.65,1.1195928753180662,0.019508057675996608,2.2391857506361323,1.628498727735369,1.1195928753180662,1.0454545454545454,16,0.0,1.0,0.0,0.1875,0.28541666666666665,71,412,0.0,0.0,0.0,0.6875,16,2.5,5.0,0.0,0.1875,0.31979166666666664,106,412,0.0,0.0,0.0625,0.6875
test,theta=0.1301,threshold,sensitivity_1,A76A5AF5-5A93-4CF2-A16E-62353BB70E8A,1475,0,0,0,0,0,0,24.583333333333332,0.0,0.0,0.0,0.0,0.0,,16,6.0,19.125,3.0,0.5,0.5895833333333333,294,412,0.0,0.0,0.0,0.3125,16,3.0,6.5625,0.0,0.3125,0.46875,165,412,0.0,0.0,0.0,0.625
test,theta=0.1301,threshold,sensitivity_1,B09E373F-8A54-44C8-895B-0039390B859F,1597,8,8,16,8,9,8,26.616666666666667,0.3005635566687539,0.005009392611145898,0.6011271133375078,0.33813400125234816,0.3005635566687539,1.0,16,4.5,15.0,1.0,0.3125,0.4927083333333333,260,412,0.0,0.0,0.0,0.375,16,3.0,8.875,2.0,0.1875,0.3927083333333333,194,412,0.0,0.0,0.0,0.5625
test,theta=0.1301,threshold,sensitivity_1,B9724848-C7E2-45F4-9B3F-A1F38D864495,1497,66,66,132,116,107,63,24.95,2.6452905811623246,0.07748830995323981,5.290581162324649,4.2885771543086175,2.5250501002004007,1.7575757575757576,16,0.0,1.8125,0.0,0.0,0.11666666666666667,55,412,0.0,0.0,0.125,1.0,16,0.0,2.5,0.0,0.0625,0.16874999999999998,81,412,0.0,0.0,0.0,0.875
test,theta=0.1301,threshold,sensitivity_1,BE3CA5A6-A561-4BBD-B7C9-5DF6805400FC,1633,37,37,74,74,60,34,27.216666666666665,1.359461114513166,0.0453153704837722,2.718922229026332,2.2045315370483776,1.2492345376607472,2.0,16,3.5,12.5625,0.5,0.375,0.6125,287,412,0.0,0.0,0.0,0.3125,16,6.5,14.8125,2.0,0.4375,0.671875,290,412,0.0,0.0,0.1875,0.25
test,theta=0.1301,threshold,sensitivity_1,C48CE857-A0DD-4DDB-BEA5-3A25449B2153,937,4,4,8,4,5,4,15.616666666666667,0.256136606189968,0.004268943436499467,0.512273212379936,0.32017075773745995,0.256136606189968,1.0,16,1.5,8.9375,0.5,0.25,0.4166666666666667,140,412,0.0,0.0,0.0,0.6875,16,0.0,7.375,0.0,0.125,0.2604166666666667,168,412,0.0,0.0,0.0,0.625
test,theta=0.1301,threshold,sensitivity_1,CA820D43-E5E2-42EF-9798-BE56F776370B,1543,36,36,72,50,45,36,25.716666666666665,1.3998703823720027,0.03240440699935191,2.7997407647440054,1.7498379779650033,1.3998703823720027,1.3888888888888888,16,0.0,3.625,0.0,0.0625,0.28958333333333336,180,412,0.0,0.0,0.0,0.75,16,0.0,2.125,0.0,0.0,0.26041666666666663,115,412,0.0,0.0,0.125,0.75
test,theta=0.1301,threshold,sensitivity_1,CDA3BBF7-6631-45E8-85BA-EEB416B32A3C,537,3,3,6,5,4,3,8.95,0.335195530726257,0.00931098696461825,0.670391061452514,0.446927374301676,0.335195530726257,1.6666666666666667,16,0.0,1.5,0.0,0.125,0.24270833333333333,71,412,0.0,0.0,0.0,0.6875,16,0.0,0.625,0.0,0.0,0.128125,61,412,0.0,0.0,0.0,0.875
test,theta=0.1301,threshold,sensitivity_1,CF722AA9-2533-4E51-9FEB-9EAC84EE9AAC,694,6,5,11,9,6,5,11.566666666666666,0.5187319884726225,0.012968299711815562,0.9510086455331412,0.5187319884726225,0.43227665706051877,1.5,16,1.5,5.25,0.0,0.0625,0.3520833333333333,167,412,0.0,0.0,0.0625,0.75,16,1.5,4.5625,0.0,0.4375,0.5031249999999999,149,412,0.0,0.0,0.0,0.375
test,theta=0.1301,threshold,sensitivity_1,D7D20E2E-FC78-405D-B346-DBD3FD8FC92B,1212,23,23,46,29,34,23,20.2,1.1386138613861387,0.02392739273927393,2.2772277227722775,1.6831683168316833,1.1386138613861387,1.2608695652173914,16,0.0,2.875,0.0,0.0,0.240625,107,412,0.0,0.0,0.0,0.875,16,3.0,4.875,1.0,0.4375,0.5197916666666667,158,412,0.0,0.0,0.0,0.3125
test,theta=0.1301,threshold,sensitivity_1,E65577C1-8D5D-4F70-AF23-B3ADB9D3DBA3,657,33,33,66,113,55,30,10.95,3.0136986301369864,0.1719939117199391,6.027397260273973,5.0228310502283104,2.7397260273972606,3.4242424242424243,16,0.0,0.4375,0.0,0.0625,0.16875,71,412,0.0,0.0,0.25,0.75,16,0.0,6.25,0.0,0.1875,0.30625,120,412,0.0,0.0,0.0625,0.6875
test,theta=0.1301,threshold,sensitivity_1,ECECC2AB-D32F-4F90-B74C-E12A1C69BBE2,677,1,1,2,2,1,1,11.283333333333333,0.08862629246676514,0.0029542097488921715,0.17725258493353027,0.08862629246676514,0.08862629246676514,2.0,16,0.5,1.6875,0.0,0.0625,0.234375,75,412,0.0,0.0,0.0,0.9375,16,1.0,1.4375,0.0,0.0,0.178125,79,412,0.0,0.0,0.0,0.875
test,theta=0.1301,threshold,sensitivity_1,FDAA70A1-42A3-4E3F-9AE3-3FDA412E03BF,966,15,15,30,20,21,15,16.1,0.9316770186335402,0.020703933747412008,1.8633540372670805,1.3043478260869563,0.9316770186335402,1.3333333333333333,16,0.0,1.4375,0.0,0.0625,0.12395833333333334,55,412,0.0,0.0,0.0,0.75,16,0.0,3.1875,0.0,0.0625,0.25416666666666665,141,412,0.0,0.0,0.0625,0.75
test,"k=3, theta=0.3543",moving_average,sensitivity_1,00EABED2-271D-49D8-B599-1D4A09240601,408,7,6,13,88,6,4,6.8,1.0294117647058825,0.21568627450980393,1.911764705882353,0.8823529411764706,0.5882352941176471,12.571428571428571,16,1.0,1.25,1.0,0.0625,0.22916666666666666,94,412,1.0,0.0625,0.1875,0.875,16,1.0,0.9375,1.0,0.0,0.13541666666666666,16,412,1.0,0.125,0.3125,1.0
test,"k=3, theta=0.3543",moving_average,sensitivity_1,098A72A5-E3E5-4F54-A152-BBDA0DF7B694,1334,3,3,6,4,3,3,22.233333333333334,0.13493253373313344,0.0029985007496251873,0.2698650674662669,0.13493253373313344,0.13493253373313344,1.3333333333333333,16,2.0,2.625,2.0,0.0,0.3302083333333333,127,412,0.5,0.0,0.0,0.875,16,1.0,2.4375,1.0,0.0625,0.29791666666666666,56,412,1.0,0.0,0.0,0.8125
test,"k=3, theta=0.3543",moving_average,sensitivity_1,0A986513-7828-4D53-AA1F-E02D6DF9561B,763,5,5,10,21,4,4,12.716666666666667,0.3931847968545216,0.027522935779816515,0.7863695937090432,0.3145478374836173,0.3145478374836173,4.2,16,1.5,2.625,1.5,0.1875,0.3385416666666667,80,412,1.0,0.0,0.125,0.8125,16,1.0,1.4375,1.0,0.0,0.178125,37,412,1.0,0.0,0.0625,0.9375
test,"k=3, theta=0.3543",moving_average,sensitivity_1,11B5EC4D-4133-4289-B475-4E737182A406,1740,9,9,18,22,10,8,29.0,0.3103448275862069,0.01264367816091954,0.6206896551724138,0.3448275862068966,0.27586206896551724,2.4444444444444446,16,1.0,3.625,1.0,0.125,0.33125,89,412,1.0,0.0,0.0,0.75,16,2.0,2.75,2.0,0.0625,0.26666666666666666,79,412,0.0,0.0,0.0,0.9375
test,"k=3, theta=0.3543",moving_average,sensitivity_1,136562B6-95B2-483D-88DC-065F28409FD2,1215,8,8,16,19,10,7,20.25,0.3950617283950617,0.015637860082304528,0.7901234567901234,0.49382716049382713,0.345679012345679,2.375,16,1.0,1.8125,1.0,0.0625,0.30104166666666665,80,412,1.0,0.0,0.0,0.875,16,1.0,2.125,1.0,0.0,0.23854166666666665,62,412,0.5,0.0,0.0,0.875
test,"k=3, theta=0.3543",moving_average,sensitivity_1,1538C99F-BA1E-4EFB-A949-6C7C47701B20,1281,3,3,6,79,2,2,21.35,0.1405152224824356,0.06167056986729118,0.2810304449648712,0.09367681498829039,0.09367681498829039,26.333333333333332,16,1.0,1.5,1.0,0.0,0.22395833333333331,80,412,1.0,0.0,0.0,0.875,16,1.0,1.125,1.0,0.0625,0.190625,26,412,1.0,0.0,0.125,0.9375
test,"k=3, theta=0.3543",moving_average,sensitivity_1,24E40C4C-A349-4F9F-93AB-01D00FB994AF,926,17,17,34,64,17,12,15.433333333333334,1.101511879049676,0.06911447084233262,2.203023758099352,1.101511879049676,0.7775377969762419,3.764705882352941,16,1.5,5.75,1.0,0.125,0.3375,147,412,1.0,0.0,0.1875,0.625,16,2.5,11.375,2.5,0.3125,0.5354166666666667,217,412,0.0,0.0,0.0,0.5625
test,"k=3, theta=0.3543",moving_average,sensitivity_1,2C32C23E-E30C-498A-8DD2-0EFB9150A02E,1675,7,7,14,10,8,7,27.916666666666668,0.2507462686567164,0.005970149253731343,0.5014925373134328,0.28656716417910444,0.2507462686567164,1.4285714285714286,16,2.0,2.9375,2.0,0.125,0.35520833333333335,94,412,1.0,0.0,0.0,0.8125,16,1.0,2.375,1.0,0.0625,0.3125,70,412,0.0,0.0,0.0,0.75
test,"k=3, theta=0.3543",moving_average,sensitivity_1,3600D531-0C55-44A7-AE95-A7A38519464E,1032,3,2,5,22,2,1,17.2,0.1744186046511628,0.02131782945736434,0.29069767441860467,0.11627906976744186,0.05813953488372093,7.333333333333333,16,1.0,4.0625,1.0,0.125,0.325,102,412,1.0,0.0,0.0,0.75,16,2.5,5.1875,2.5,0.1875,0.41875,102,412,1.0,0.0,0.0,0.6875
test,"k=3, theta=0.3543",moving_average,sensitivity_1,4FC32141-E888-4BFF-8804-12559A491D8C,967,7,6,13,31,8,5,16.116666666666667,0.43433298862461217,0.03205791106514995,0.8066184074457083,0.4963805584281282,0.3102378490175801,4.428571428571429,16,2.0,7.75,2.0,0.25,0.41041666666666665,127,412,0.0,0.0,0.0,0.6875,16,2.0,6.1875,2.0,0.125,0.440625,124,412,0.0,0.0,0.0,0.75
test,"k=3, theta=0.3543",moving_average,sensitivity_1,5119D0F8-FCA8-4184-A4EB-19421A40DE0D,1295,11,11,22,28,16,11,21.583333333333332,0.5096525096525096,0.021621621621621623,1.0193050193050193,0.7413127413127414,0.5096525096525096,2.5454545454545454,16,1.0,1.5,1.0,0.0,0.16979166666666667,38,412,1.0,0.0,0.0,0.9375,16,1.0,4.5625,1.0,0.125,0.3614583333333333,108,412,1.0,0.0,0.0,0.6875
test,"k=3, theta=0.3543",moving_average,sensitivity_1,5152A2DF-FAF3-4BA8-9CA9-E66B32671A53,1295,7,7,14,20,6,6,21.583333333333332,0.32432432432432434,0.015444015444015444,0.6486486486486487,0.277992277992278,0.277992277992278,2.857142857142857,16,1.0,1.375,1.0,0.0625,0.21875,50,412,1.0,0.0,0.0,0.875,16,1.5,2.8125,1.5,0.1875,0.4552083333333333,125,412,0.0,0.0,0.0,0.5625
test,"k=3, theta=0.3543",moving_average,sensitivity_1,5EF64122-B513-46AE-BCF1-E62AAC285D2C,754,2,2,4,4,2,2,12.566666666666666,0.15915119363395225,0.005305039787798408,0.3183023872679045,0.15915119363395225,0.15915119363395225,2.0,16,1.0,2.0,1.0,0.0625,0.20208333333333334,48,412,1.0,0.0,0.0,0.875,16,1.0,2.4375,1.0,0.0,0.20729166666666665,46,412,1.0,0.0,0.0,0.9375
test,"k=3, theta=0.3543",moving_average,sensitivity_1,61976C24-1C50-4355-9C49-AAE44A7D09F6,1717,4,4,8,5,4,4,28.616666666666667,0.13977868375072802,0.0029120559114735,0.27955736750145604,0.13977868375072802,0.13977868375072802,1.25,16,1.5,7.9375,1.5,0.1875,0.3625,133,412,0.0,0.0,0.0,0.625,16,1.0,1.6875,1.0,0.0625,0.24479166666666666,52,412,1.0,0.0,0.0,0.875
test,"k=3, theta=0.3543",moving_average,sensitivity_1,78A91A4E-4A51-4065-BDA7-94755F0BB3BB,2371,31,31,62,132,36,25,39.516666666666666,0.7844791227330241,0.05567271193589203,1.5689582454660482,0.911008013496415,0.6326444538169549,4.258064516129032,16,2.0,3.375,2.0,0.0625,0.375,121,412,0.0,0.0,0.0625,0.75,16,1.5,4.4375,1.5,0.0,0.34791666666666665,131,412,0.0,0.0,0.0625,0.6875
test,"k=3, theta=0.3543",moving_average,sensitivity_1,7CE37510-56D0-4120-A1CF-0E23351428D2,1924,12,11,23,39,10,8,32.06666666666667,0.3742203742203742,0.02027027027027027,0.7172557172557171,0.3118503118503118,0.24948024948024947,3.25,16,1.0,1.625,1.0,0.0625,0.18541666666666667,31,412,1.0,0.0,0.0,0.9375,16,1.0,1.875,1.0,0.125,0.315625,84,412,1.0,0.0,0.0,0.8125
test,"k=3, theta=0.3543",moving_average,sensitivity_1,8023FE1A-D3B0-4E2C-A57A-9321B7FC755F,1809,32,32,64,81,39,28,30.15,1.0613598673300166,0.04477611940298507,2.1227197346600333,1.2935323383084578,0.9286898839137645,2.53125,16,1.0,1.375,1.0,0.125,0.21770833333333334,36,412,1.0,0.0,0.0,0.8125,16,2.0,2.3125,1.5,0.0,0.234375,59,412,1.0,0.0,0.0,0.9375
test,"k=3, theta=0.3543",moving_average,sensitivity_1,83CF687B-7CEC-434B-9FE8-00C3D5799BE6,1879,45,45,90,250,48,32,31.316666666666666,1.4369345396487494,0.13304949441192124,2.873869079297499,1.5327301756253326,1.021820117083555,5.555555555555555,16,1.0,1.25,1.0,0.0,0.15,20,412,1.0,0.0,0.125,1.0,16,1.0,0.8125,1.0,0.0,0.12083333333333333,13,412,1.0,0.0,0.0625,1.0
test,"k=3, theta=0.3543",moving_average,sensitivity_1,9759096F-1119-4E19-A0AD-6F16989C7E1C,1954,20,20,40,185,23,17,32.56666666666667,0.6141248720573182,0.09467758444216991,1.2282497441146365,0.706243602865916,0.5220061412487205,9.25,16,1.0,1.5625,1.0,0.0625,0.2552083333333333,80,412,1.0,0.0625,0.25,0.875,16,2.0,2.4375,1.0,0.1875,0.365625,100,412,1.0,0.0,0.1875,0.5625
test,"k=3, theta=0.3543",moving_average,sensitivity_1,9DC38D04-E82E-4F29-AB52-B476535226F2,1909,11,11,22,33,12,9,31.816666666666666,0.34573074908328966,0.017286537454164485,0.6914614981665793,0.3771608171817706,0.2828706128863279,3.0,16,1.0,5.6875,1.0,0.0625,0.3052083333333333,143,412,1.0,0.0,0.0,0.8125,16,1.5,2.875,1.5,0.0625,0.31666666666666665,95,412,1.0,0.0,0.0,0.8125
test,"k=3, theta=0.3543",moving_average,sensitivity_1,A5CDF89D-02A2-4EC1-89F8-F534FDABDD96,1179,17,17,34,40,20,16,19.65,0.8651399491094148,0.033927056827820185,1.7302798982188297,1.0178117048346056,0.8142493638676845,2.3529411764705883,16,1.0,1.1875,1.0,0.0625,0.21979166666666666,34,412,1.0,0.0,0.0,0.875,16,1.5,3.1875,1.5,0.0625,0.234375,63,412,1.0,0.0,0.0625,0.875
test,"k=3, theta=0.3543",moving_average,sensitivity_1,A76A5AF5-5A93-4CF2-A16E-62353BB70E8A,1475,0,0,0,0,0,0,24.583333333333332,0.0,0.0,0.0,0.0,0.0,,16,2.0,8.125,2.0,0.125,0.478125,218,412,0.0,0.0,0.0,0.6875,16,2.0,4.5,2.0,0.1875,0.428125,115,412,0.0,0.0,0.0,0.625
test,"k=3, theta=0.3543",moving_average,sensitivity_1,B09E373F-8A54-44C8-895B-0039390B859F,1597,7,6,13,10,6,6,26.616666666666667,0.2629931120851597,0.006261740763932373,0.4884157795867251,0.22542266750156542,0.22542266750156542,1.4285714285714286,16,1.5,8.5625,1.5,0.125,0.32395833333333335,159,412,0.0,0.0,0.0,0.75,16,2.0,7.0625,2.0,0.0,0.33541666666666664,125,412,0.0,0.0,0.0625,0.75
test,"k=3, theta=0.3543",moving_average,sensitivity_1,B9724848-C7E2-45F4-9B3F-A1F38D864495,1497,44,44,88,234,57,31,24.95,1.7635270541082164,0.156312625250501,3.527054108216433,2.284569138276553,1.24248496993988,5.318181818181818,16,1.0,1.25,1.0,0.0,0.125,22,412,1.0,0.0,0.1875,1.0,16,1.0,2.25,1.0,0.0625,0.15312499999999998,42,412,1.0,0.0,0.1875,0.9375
test,"k=3, theta=0.3543",moving_average,sensitivity_1,BE3CA5A6-A561-4BBD-B7C9-5DF6805400FC,1633,31,31,62,351,30,16,27.216666666666665,1.1390079608083283,0.21494182486221677,2.2780159216166567,1.1022657685241888,0.5878750765462339,11.32258064516129,16,2.0,7.625,2.0,0.1875,0.43854166666666666,145,412,0.0,0.0,0.125,0.625,16,2.0,4.9375,1.0,0.1875,0.3520833333333333,136,412,1.5,0.0,0.5625,0.5625
test,"k=3, theta=0.3543",moving_average,sensitivity_1,C48CE857-A0DD-4DDB-BEA5-3A25449B2153,937,4,4,8,8,5,4,15.616666666666667,0.256136606189968,0.008537886872998933,0.512273212379936,0.32017075773745995,0.256136606189968,2.0,16,2.0,3.75,2.0,0.125,0.35625,98,412,1.0,0.0,0.0,0.75,16,1.0,2.875,1.0,0.0,0.2635416666666667,104,412,0.5,0.0,0.0,0.875
test,"k=3, theta=0.3543",moving_average,sensitivity_1,CA820D43-E5E2-42EF-9798-BE56F776370B,1543,31,31,62,118,33,24,25.716666666666665,1.2054439403758912,0.07647440051847051,2.4108878807517824,1.2832145171743359,0.9332469215813352,3.806451612903226,16,1.0,2.875,1.0,0.0625,0.278125,128,412,1.0,0.0,0.0625,0.875,16,1.0,1.0625,1.0,0.0625,0.26458333333333334,79,412,0.5,0.0,0.0625,0.8125
test,"k=3, theta=0.3543",moving_average,sensitivity_1,CDA3BBF7-6631-45E8-85BA-EEB416B32A3C,537,1,1,2,4,1,1,8.95,0.111731843575419,0.0074487895716946,0.223463687150838,0.111731843575419,0.111731843575419,4.0,16,1.0,1.9375,1.0,0.125,0.23645833333333333,36,412,0.5,0.0,0.0,0.875,16,1.0,1.5625,1.0,0.0,0.190625,40,412,1.0,0.0,0.0,1.0
test,"k=3, theta=0.3543",moving_average,sensitivity_1,CF722AA9-2533-4E51-9FEB-9EAC84EE9AAC,694,6,6,12,17,6,5,11.566666666666666,0.5187319884726225,0.024495677233429394,1.037463976945245,0.5187319884726225,0.43227665706051877,2.8333333333333335,16,1.5,1.75,1.5,0.0,0.22291666666666665,75,412,1.0,0.0,0.0625,0.875,16,1.5,4.25,1.5,0.25,0.38645833333333335,72,412,0.0,0.0,0.0,0.6875
test,"k=3, theta=0.3543",moving_average,sensitivity_1,D7D20E2E-FC78-405D-B346-DBD3FD8FC92B,1212,18,18,36,87,19,14,20.2,0.8910891089108911,0.07178217821782178,1.7821782178217822,0.9405940594059407,0.6930693069306931,4.833333333333333,16,1.0,1.3125,1.0,0.0,0.184375,45,412,1.0,0.0,0.0625,0.9375,16,2.0,3.625,2.0,0.125,0.33125,74,412,0.0,0.0,0.0,0.8125
test,"k=3, theta=0.3543",moving_average,sensitivity_1,E65577C1-8D5D-4F70-AF23-B3ADB9D3DBA3,657,18,18,36,187,20,8,10.95,1.6438356164383563,0.2846270928462709,3.2876712328767126,1.8264840182648403,0.7305936073059361,10.38888888888889,16,1.0,0.875,1.0,0.0625,0.13125,23,412,1.5,0.0625,0.3125,0.9375,16,1.0,2.6875,1.0,0.0,0.23541666666666666,64,412,1.5,0.0,0.1875,0.875
test,"k=3, theta=0.3543",moving_average,sensitivity_1,ECECC2AB-D32F-4F90-B74C-E12A1C69BBE2,677,3,3,6,7,3,3,11.283333333333333,0.2658788774002954,0.0103397341211226,0.5317577548005908,0.2658788774002954,0.2658788774002954,2.3333333333333335,16,1.0,1.5625,1.0,0.0,0.22395833333333331,56,412,1.0,0.0,0.0,1.0,16,2.0,1.5625,2.0,0.0,0.22708333333333333,52,412,1.0,0.0,0.0,1.0
test,"k=3, theta=0.3543",moving_average,sensitivity_1,FDAA70A1-42A3-4E3F-9AE3-3FDA412E03BF,966,10,10,20,54,13,8,16.1,0.6211180124223602,0.055900621118012424,1.2422360248447204,0.8074534161490683,0.49689440993788814,5.4,16,1.0,1.3125,1.0,0.0,0.16666666666666666,51,412,1.0,0.0,0.0625,0.9375,16,1.0,2.5625,1.0,0.0625,0.24166666666666667,81,412,1.0,0.0,0.3125,0.9375
test,"alpha=0.5, theta=0.3318",ewma,sensitivity_1,00EABED2-271D-49D8-B599-1D4A09240601,408,9,8,17,83,9,5,6.8,1.3235294117647058,0.2034313725490196,2.5,1.3235294117647058,0.7352941176470589,9.222222222222221,16,1.0,1.125,1.0,0.0625,0.22604166666666667,97,412,0.0,0.0625,0.1875,0.8125,16,1.0,0.75,1.0,0.0,0.1125,14,412,0.0,0.125,0.3125,1.0
test,"alpha=0.5, theta=0.3318",ewma,sensitivity_1,098A72A5-E3E5-4F54-A152-BBDA0DF7B694,1334,1,1,2,2,1,1,22.233333333333334,0.04497751124437781,0.0014992503748125937,0.08995502248875561,0.04497751124437781,0.04497751124437781,2.0,16,1.0,3.0625,1.0,0.0625,0.3375,132,412,0.0,0.0,0.0,0.8125,16,1.0,2.9375,1.0,0.125,0.29062499999999997,61,412,0.0,0.0,0.0,0.8125
test,"alpha=0.5, theta=0.3318",ewma,sensitivity_1,0A986513-7828-4D53-AA1F-E02D6DF9561B,763,3,3,6,19,2,2,12.716666666666667,0.23591087811271297,0.02490170380078637,0.47182175622542594,0.15727391874180865,0.15727391874180865,6.333333333333333,16,1.0,2.4375,1.0,0.1875,0.33125,76,412,0.0,0.0,0.125,0.8125,16,1.0,1.4375,1.0,0.0,0.19895833333333332,40,412,0.0,0.0,0.0625,0.9375
test,"alpha=0.5, theta=0.3318",ewma,sensitivity_1,11B5EC4D-4133-4289-B475-4E737182A406,1740,6,6,12,12,8,6,29.0,0.20689655172413793,0.006896551724137931,0.41379310344827586,0.27586206896551724,0.20689655172413793,2.0,16,1.0,3.5,1.0,0.1875,0.365625,96,412,0.0,0.0,0.0,0.6875,16,1.0,2.75,1.0,0.0625,0.24895833333333334,82,412,0.0,0.0,0.0,0.9375
test,"alpha=0.5, theta=0.3318",ewma,sensitivity_1,136562B6-95B2-483D-88DC-065F28409FD2,1215,6,6,12,14,6,5,20.25,0.2962962962962963,0.011522633744855968,0.5925925925925926,0.2962962962962963,0.24691358024691357,2.3333333333333335,16,2.0,2.75,1.0,0.1875,0.34479166666666666,94,412,0.0,0.0,0.0,0.75,16,1.0,2.25,1.0,0.125,0.25,64,412,0.0,0.0,0.0,0.8125
test,"alpha=0.5, theta=0.3318",ewma,sensitivity_1,1538C99F-BA1E-4EFB-A949-6C7C47701B20,1281,3,3,6,77,2,2,21.35,0.1405152224824356,0.060109289617486336,0.2810304449648712,0.09367681498829039,0.09367681498829039,25.666666666666668,16,1.0,1.375,1.0,0.0,0.20833333333333331,84,412,0.0,0.0,0.0,0.875,16,1.0,1.1875,1.0,0.125,0.19375,29,412,0.0,0.0,0.125,0.875
test,"alpha=0.5, theta=0.3318",ewma,sensitivity_1,24E40C4C-A349-4F9F-93AB-01D00FB994AF,926,22,22,44,48,33,21,15.433333333333334,1.42548596112311,0.05183585313174946,2.85097192224622,2.138228941684665,1.3606911447084233,2.1818181818181817,16,2.0,7.4375,1.0,0.1875,0.34791666666666665,154,412,0.0,0.0,0.0625,0.625,16,4.0,11.875,3.0,0.375,0.5708333333333333,220,412,0.0,0.0,0.0,0.5
test,"alpha=0.5, theta=0.3318",ewma,sensitivity_1,2C32C23E-E30C-498A-8DD2-0EFB9150A02E,1675,5,5,10,8,6,5,27.916666666666668,0.1791044776119403,0.004776119402985075,0.3582089552238806,0.21492537313432836,0.1791044776119403,1.6,16,1.5,2.75,1.5,0.125,0.35520833333333335,103,412,0.0,0.0,0.0,0.75,16,1.0,2.875,1.0,0.1875,0.37395833333333334,80,412,0.0,0.0,0.0,0.625
test,"alpha=0.5, theta=0.3318",ewma,sensitivity_1,3600D531-0C55-44A7-AE95-A7A38519464E,1032,3,2,5,22,2,1,17.2,0.1744186046511628,0.02131782945736434,0.29069767441860467,0.11627906976744186,0.05813953488372093,7.333333333333333,16,1.0,4.0,1.0,0.125,0.3333333333333333,109,412,0.0,0.0,0.0,0.6875,16,3.0,5.8125,2.5,0.25,0.425,100,412,0.0,0.0,0.0,0.6875
test,"alpha=0.5, theta=0.3318",ewma,sensitivity_1,4FC32141-E888-4BFF-8804-12559A491D8C,967,4,4,8,20,3,2,16.116666666666667,0.2481902792140641,0.020682523267838676,0.4963805584281282,0.18614270941054809,0.12409513960703206,5.0,16,2.5,5.5625,2.0,0.3125,0.4510416666666667,131,412,0.0,0.0,0.0,0.5625,16,2.5,7.0625,2.0,0.1875,0.478125,140,412,0.0,0.0,0.0,0.6875
test,"alpha=0.5, theta=0.3318",ewma,sensitivity_1,5119D0F8-FCA8-4184-A4EB-19421A40DE0D,1295,11,11,22,18,16,11,21.583333333333332,0.5096525096525096,0.013899613899613899,1.0193050193050193,0.7413127413127414,0.5096525096525096,1.6363636363636365,16,1.0,1.25,1.0,0.0,0.140625,35,412,0.0,0.0,0.0,0.9375,16,1.0,4.5,1.0,0.125,0.37395833333333334,114,412,0.0,0.0,0.0,0.6875
test,"alpha=0.5, theta=0.3318",ewma,sensitivity_1,5152A2DF-FAF3-4BA8-9CA9-E66B32671A53,1295,4,4,8,13,3,3,21.583333333333332,0.18532818532818535,0.010038610038610039,0.3706563706563707,0.138996138996139,0.138996138996139,3.25,16,1.0,1.6875,1.0,0.0625,0.23125,55,412,0.0,0.0,0.0,0.875,16,2.5,3.75,1.5,0.25,0.48854166666666665,137,412,0.0,0.0,0.0,0.5
test,"alpha=0.5, theta=0.3318",ewma,sensitivity_1,5EF64122-B513-46AE-BCF1-E62AAC285D2C,754,2,2,4,4,2,2,12.566666666666666,0.15915119363395225,0.005305039787798408,0.3183023872679045,0.15915119363395225,0.15915119363395225,2.0,16,1.0,1.875,1.0,0.0625,0.19270833333333334,45,412,0.0,0.0,0.0,0.875,16,1.0,2.4375,1.0,0.0,0.22083333333333333,49,412,0.0,0.0,0.0,0.9375
test,"alpha=0.5, theta=0.3318",ewma,sensitivity_1,61976C24-1C50-4355-9C49-AAE44A7D09F6,1717,1,1,2,1,1,1,28.616666666666667,0.034944670937682006,0.0005824111822947001,0.06988934187536401,0.034944670937682006,0.034944670937682006,1.0,16,1.5,7.9375,1.5,0.1875,0.365625,136,412,0.0,0.0,0.0,0.6875,16,1.0,1.5,1.0,0.0625,0.2375,51,412,0.0,0.0,0.0,0.8125
test,"alpha=0.5, theta=0.3318",ewma,sensitivity_1,78A91A4E-4A51-4065-BDA7-94755F0BB3BB,2371,34,34,68,119,44,27,39.516666666666666,0.8603964571910586,0.05018979333614509,1.7207929143821172,1.1134542387178405,0.6832560101223113,3.5,16,1.0,4.875,1.0,0.1875,0.3770833333333333,126,412,0.0,0.0,0.0,0.6875,16,1.0,5.625,1.0,0.125,0.36666666666666664,140,412,0.0,0.0,0.125,0.625
test,"alpha=0.5, theta=0.3318",ewma,sensitivity_1,7CE37510-56D0-4120-A1CF-0E23351428D2,1924,10,10,20,34,8,8,32.06666666666667,0.3118503118503118,0.017671517671517672,0.6237006237006236,0.24948024948024947,0.24948024948024947,3.4,16,1.0,1.5625,1.0,0.0625,0.16666666666666666,31,412,0.0,0.0,0.0,0.9375,16,1.0,1.75,1.0,0.125,0.29583333333333334,84,412,0.0,0.0,0.0,0.8125
test,"alpha=0.5, theta=0.3318",ewma,sensitivity_1,8023FE1A-D3B0-4E2C-A57A-9321B7FC755F,1809,30,30,60,70,36,28,30.15,0.9950248756218906,0.038695411829740185,1.9900497512437811,1.1940298507462688,0.9286898839137645,2.3333333333333335,16,1.0,1.375,1.0,0.125,0.228125,40,412,0.0,0.0,0.0,0.875,16,1.0,2.75,1.0,0.0625,0.22708333333333333,66,412,0.0,0.0,0.0,0.875
test,"alpha=0.5, theta=0.3318",ewma,sensitivity_1,83CF687B-7CEC-434B-9FE8-00C3D5799BE6,1879,47,47,94,229,59,35,31.316666666666666,1.5007982969664715,0.12187333688131985,3.001596593932943,1.8839808408728047,1.1176157530601383,4.872340425531915,16,1.0,1.0625,1.0,0.0,0.14166666666666666,17,412,0.0,0.0,0.1875,1.0,16,1.0,0.75,1.0,0.0,0.11979166666666666,12,412,0.0,0.0,0.0625,1.0
test,"alpha=0.5, theta=0.3318",ewma,sensitivity_1,9759096F-1119-4E19-A0AD-6F16989C7E1C,1954,21,21,42,176,25,17,32.56666666666667,0.6448311156601841,0.09007164790174002,1.2896622313203683,0.7676560900716478,0.5220061412487205,8.380952380952381,16,1.0,1.5,1.0,0.0625,0.26458333333333334,85,412,0.0,0.0,0.25,0.8125,16,3.0,3.4375,1.0,0.25,0.39166666666666666,113,412,0.0,0.0,0.1875,0.625
test,"alpha=0.5, theta=0.3318",ewma,sensitivity_1,9DC38D04-E82E-4F29-AB52-B476535226F2,1909,10,10,20,29,11,8,31.816666666666666,0.3143006809848088,0.015191199580932426,0.6286013619696176,0.34573074908328966,0.25144054478784705,2.9,16,1.0,5.5625,1.0,0.0625,0.3208333333333333,153,412,0.0,0.0,0.0,0.8125,16,1.5,3.0625,1.5,0.0625,0.334375,101,412,0.0,0.0,0.0,0.8125
test,"alpha=0.5, theta=0.3318",ewma,sensitivity_1,A5CDF89D-02A2-4EC1-89F8-F534FDABDD96,1179,21,21,42,38,29,21,19.65,1.0687022900763359,0.032230703986429174,2.1374045801526718,1.4758269720101782,1.0687022900763359,1.8095238095238095,16,1.0,1.1875,1.0,0.125,0.23958333333333331,34,412,0.0,0.0,0.0,0.8125,16,2.0,3.4375,1.5,0.0625,0.27708333333333335,71,412,0.0,0.0,0.125,0.875
test,"alpha=0.5, theta=0.3318",ewma,sensitivity_1,A76A5AF5-5A93-4CF2-A16E-62353BB70E8A,1475,0,0,0,0,0,0,24.583333333333332,0.0,0.0,0.0,0.0,0.0,,16,3.0,11.1875,3.0,0.3125,0.5364583333333334,234,412,0.0,0.0,0.0,0.5625,16,1.5,3.625,1.0,0.1875,0.4322916666666667,116,412,0.0,0.0,0.0,0.625
test,"alpha=0.5, theta=0.3318",ewma,sensitivity_1,B09E373F-8A54-44C8-895B-0039390B859F,1597,8,7,15,10,8,7,26.616666666666667,0.3005635566687539,0.006261740763932373,0.5635566687539135,0.3005635566687539,0.2629931120851597,1.25,16,1.0,9.75,1.0,0.1875,0.32708333333333334,166,412,0.0,0.0,0.0,0.75,16,2.0,6.9375,2.0,0.0,0.33125,127,412,0.0,0.0,0.0625,0.75
test,"alpha=0.5, theta=0.3318",ewma,sensitivity_1,B9724848-C7E2-45F4-9B3F-A1F38D864495,1497,45,45,90,217,64,33,24.95,1.8036072144288577,0.1449565798263193,3.6072144288577155,2.565130260521042,1.3226452905811623,4.822222222222222,16,1.0,1.1875,1.0,0.0,0.09583333333333333,19,412,0.0,0.0,0.125,1.0,16,1.0,2.625,1.0,0.0625,0.134375,43,412,0.0,0.0,0.1875,0.9375
test,"alpha=0.5, theta=0.3318",ewma,sensitivity_1,BE3CA5A6-A561-4BBD-B7C9-5DF6805400FC,1633,32,32,64,324,32,17,27.216666666666665,1.1757501530924679,0.19840783833435394,2.3515003061849358,1.1757501530924679,0.6246172688303736,10.125,16,1.0,7.1875,1.0,0.25,0.396875,147,412,0.0,0.0,0.125,0.5625,16,2.5,8.4375,1.0,0.3125,0.3927083333333333,144,412,0.5,0.0,0.5625,0.5625
test,"alpha=0.5, theta=0.3318",ewma,sensitivity_1,C48CE857-A0DD-4DDB-BEA5-3A25449B2153,937,3,3,6,7,4,3,15.616666666666667,0.192102454642476,0.007470651013874066,0.384204909284952,0.256136606189968,0.192102454642476,2.3333333333333335,16,2.0,6.4375,1.5,0.125,0.37604166666666666,109,412,0.0,0.0,0.0,0.75,16,1.0,5.0625,1.0,0.0,0.2708333333333333,115,412,0.0,0.0,0.0,0.875
test,"alpha=0.5, theta=0.3318",ewma,sensitivity_1,CA820D43-E5E2-42EF-9798-BE56F776370B,1543,33,33,66,97,37,26,25.716666666666665,1.2832145171743359,0.06286454957874271,2.5664290343486718,1.438755670771225,1.0110174983797797,2.9393939393939394,16,1.0,2.625,1.0,0.0625,0.28020833333333334,137,412,0.0,0.0,0.0625,0.875,16,1.0,1.0,1.0,0.0625,0.265625,77,412,0.0,0.0,0.0625,0.8125
test,"alpha=0.5, theta=0.3318",ewma,sensitivity_1,CDA3BBF7-6631-45E8-85BA-EEB416B32A3C,537,1,1,2,4,1,1,8.95,0.111731843575419,0.0074487895716946,0.223463687150838,0.111731843575419,0.111731843575419,4.0,16,1.0,2.0,1.0,0.125,0.24687499999999998,39,412,0.0,0.0,0.0,0.875,16,1.0,1.1875,1.0,0.0,0.16041666666666668,37,412,0.0,0.0,0.0,1.0
test,"alpha=0.5, theta=0.3318",ewma,sensitivity_1,CF722AA9-2533-4E51-9FEB-9EAC84EE9AAC,694,5,5,10,16,5,4,11.566666666666666,0.43227665706051877,0.023054755043227664,0.8645533141210375,0.43227665706051877,0.345821325648415,3.2,16,1.0,1.6875,1.0,0.0,0.24479166666666666,77,412,0.0,0.0,0.0625,0.875,16,2.0,4.4375,1.0,0.3125,0.428125,82,412,0.0,0.0,0.0,0.5625
test,"alpha=0.5, theta=0.3318",ewma,sensitivity_1,D7D20E2E-FC78-405D-B346-DBD3FD8FC92B,1212,20,20,40,83,23,16,20.2,0.9900990099009901,0.06848184818481848,1.9801980198019802,1.1386138613861387,0.7920792079207921,4.15,16,1.0,1.625,1.0,0.0,0.15208333333333332,48,412,0.0,0.0,0.0625,1.0,16,2.0,3.75,1.5,0.125,0.3614583333333333,90,412,0.0,0.0,0.0,0.75
test,"alpha=0.5, theta=0.3318",ewma,sensitivity_1,E65577C1-8D5D-4F70-AF23-B3ADB9D3DBA3,657,17,17,34,182,20,9,10.95,1.5525114155251143,0.2770167427701674,3.1050228310502286,1.8264840182648403,0.8219178082191781,10.705882352941176,16,0.5,0.625,0.5,0.0625,0.121875,21,412,0.0,0.0625,0.3125,0.9375,16,1.0,3.5625,1.0,0.0625,0.21770833333333334,64,412,0.5,0.0,0.1875,0.875
test,"alpha=0.5, theta=0.3318",ewma,sensitivity_1,ECECC2AB-D32F-4F90-B74C-E12A1C69BBE2,677,3,3,6,3,3,3,11.283333333333333,0.2658788774002954,0.004431314623338257,0.5317577548005908,0.2658788774002954,0.2658788774002954,1.0,16,1.0,1.5625,1.0,0.0,0.22916666666666666,57,412,0.0,0.0,0.0,1.0,16,1.0,1.6875,1.0,0.0,0.20416666666666666,51,412,0.0,0.0,0.0,1.0
test,"alpha=0.5, theta=0.3318",ewma,sensitivity_1,FDAA70A1-42A3-4E3F-9AE3-3FDA412E03BF,966,9,9,18,51,10,7,16.1,0.5590062111801242,0.052795031055900624,1.1180124223602483,0.6211180124223602,0.43478260869565216,5.666666666666667,16,1.0,1.125,1.0,0.0,0.146875,45,412,0.0,0.0,0.0625,0.9375,16,1.0,3.5,1.0,0.0625,0.22083333333333333,81,412,0.0,0.0,0.25,0.9375
test,"k=3, theta=0.3318",majority_vote,sensitivity_1,00EABED2-271D-49D8-B599-1D4A09240601,408,9,8,17,89,10,6,6.8,1.3235294117647058,0.2181372549019608,2.5,1.4705882352941178,0.8823529411764706,9.88888888888889,16,1.0,0.9375,1.0,0.0,0.18958333333333333,88,412,1.0,0.0625,0.1875,0.9375,16,1.0,1.0,1.0,0.0,0.125,16,412,1.0,0.125,0.3125,1.0
test,"k=3, theta=0.3318",majority_vote,sensitivity_1,098A72A5-E3E5-4F54-A152-BBDA0DF7B694,1334,3,3,6,6,3,3,22.233333333333334,0.13493253373313344,0.004497751124437781,0.2698650674662669,0.13493253373313344,0.13493253373313344,2.0,16,1.0,1.9375,1.0,0.0625,0.328125,121,412,1.0,0.0,0.0,0.8125,16,1.0,2.1875,1.0,0.0,0.26458333333333334,53,412,1.0,0.0,0.0,0.875
test,"k=3, theta=0.3318",majority_vote,sensitivity_1,0A986513-7828-4D53-AA1F-E02D6DF9561B,763,4,4,8,23,3,3,12.716666666666667,0.3145478374836173,0.03014416775884666,0.6290956749672346,0.23591087811271297,0.23591087811271297,5.75,16,1.0,1.6875,1.0,0.125,0.3020833333333333,67,412,1.0,0.0,0.125,0.875,16,1.0,1.4375,1.0,0.0,0.18125,36,412,1.0,0.0,0.0625,0.875
test,"k=3, theta=0.3318",majority_vote,sensitivity_1,11B5EC4D-4133-4289-B475-4E737182A406,1740,9,9,18,27,10,8,29.0,0.3103448275862069,0.015517241379310345,0.6206896551724138,0.3448275862068966,0.27586206896551724,3.0,16,1.0,1.875,1.0,0.0625,0.28020833333333334,76,412,1.0,0.0,0.0,0.75,16,1.0,2.6875,1.0,0.0625,0.22604166666666667,70,412,1.0,0.0,0.0,0.9375
test,"k=3, theta=0.3318",majority_vote,sensitivity_1,136562B6-95B2-483D-88DC-065F28409FD2,1215,5,5,10,15,5,4,20.25,0.24691358024691357,0.012345679012345678,0.49382716049382713,0.24691358024691357,0.19753086419753085,3.0,16,1.0,1.5625,1.0,0.0625,0.27708333333333335,81,412,1.0,0.0,0.0,0.75,16,1.0,2.0,1.0,0.0625,0.240625,60,412,1.0,0.0,0.0,0.8125
test,"k=3, theta=0.3318",majority_vote,sensitivity_1,1538C99F-BA1E-4EFB-A949-6C7C47701B20,1281,4,4,8,82,3,3,21.35,0.18735362997658078,0.06401249024199844,0.37470725995316156,0.1405152224824356,0.1405152224824356,20.5,16,1.0,1.375,1.0,0.0,0.19479166666666667,75,412,1.0,0.0,0.0,0.875,16,1.0,1.1875,1.0,0.125,0.21458333333333332,28,412,1.0,0.0,0.125,0.875
test,"k=3, theta=0.3318",majority_vote,sensitivity_1,24E40C4C-A349-4F9F-93AB-01D00FB994AF,926,21,21,42,72,27,17,15.433333333333334,1.3606911447084233,0.07775377969762419,2.7213822894168467,1.7494600431965444,1.101511879049676,3.4285714285714284,16,1.0,6.125,1.0,0.125,0.33333333333333337,148,412,1.0,0.0,0.125,0.625,16,2.5,10.6875,2.5,0.25,0.525,208,412,0.0,0.0,0.0,0.625
test,"k=3, theta=0.3318",majority_vote,sensitivity_1,2C32C23E-E30C-498A-8DD2-0EFB9150A02E,1675,10,10,20,22,11,10,27.916666666666668,0.3582089552238806,0.013134328358208954,0.7164179104477612,0.3940298507462686,0.3582089552238806,2.2,16,1.0,2.625,1.0,0.125,0.28958333333333336,85,412,1.0,0.0,0.0,0.8125,16,1.0,2.25,1.0,0.0625,0.29583333333333334,65,412,1.0,0.0,0.0625,0.75
test,"k=3, theta=0.3318",majority_vote,sensitivity_1,3600D531-0C55-44A7-AE95-A7A38519464E,1032,3,2,5,28,2,2,17.2,0.1744186046511628,0.027131782945736434,0.29069767441860467,0.11627906976744186,0.11627906976744186,9.333333333333334,16,1.0,3.8125,1.0,0.0625,0.309375,98,412,1.0,0.0,0.0,0.75,16,2.5,5.125,2.5,0.1875,0.41562499999999997,101,412,1.0,0.0,0.0,0.75
test,"k=3, theta=0.3318",majority_vote,sensitivity_1,4FC32141-E888-4BFF-8804-12559A491D8C,967,4,4,8,21,4,2,16.116666666666667,0.2481902792140641,0.02171664943123061,0.4963805584281282,0.2481902792140641,0.12409513960703206,5.25,16,1.0,5.4375,1.0,0.25,0.37916666666666665,124,412,1.0,0.0,0.0625,0.625,16,1.0,3.75,1.0,0.125,0.37083333333333335,133,412,1.0,0.0,0.0,0.75
test,"k=3, theta=0.3318",majority_vote,sensitivity_1,5119D0F8-FCA8-4184-A4EB-19421A40DE0D,1295,12,12,24,35,15,11,21.583333333333332,0.555984555984556,0.02702702702702703,1.111969111969112,0.694980694980695,0.5096525096525096,2.9166666666666665,16,1.0,1.1875,1.0,0.0,0.13645833333333332,34,412,1.0,0.0,0.0625,0.9375,16,1.0,4.5625,1.0,0.125,0.36041666666666666,106,412,1.0,0.0,0.0,0.6875
test,"k=3, theta=0.3318",majority_vote,sensitivity_1,5152A2DF-FAF3-4BA8-9CA9-E66B32671A53,1295,7,7,14,21,6,6,21.583333333333332,0.32432432432432434,0.016216216216216217,0.6486486486486487,0.277992277992278,0.277992277992278,3.0,16,1.0,1.3125,1.0,0.0625,0.21354166666666666,48,412,1.0,0.0,0.0,0.875,16,1.0,2.6875,1.0,0.125,0.42604166666666665,131,412,0.5,0.0,0.0,0.5625
test,"k=3, theta=0.3318",majority_vote,sensitivity_1,5EF64122-B513-46AE-BCF1-E62AAC285D2C,754,2,1,3,6,1,1,12.566666666666666,0.15915119363395225,0.007957559681697613,0.2387267904509284,0.07957559681697612,0.07957559681697612,3.0,16,1.0,1.875,1.0,0.0625,0.184375,39,412,1.0,0.0,0.0,0.9375,16,1.0,2.1875,1.0,0.0,0.16979166666666667,40,412,1.0,0.0,0.0,0.9375
test,"k=3, theta=0.3318",majority_vote,sensitivity_1,61976C24-1C50-4355-9C49-AAE44A7D09F6,1717,5,5,10,6,5,5,28.616666666666667,0.17472335468841002,0.0034944670937682005,0.34944670937682004,0.17472335468841002,0.17472335468841002,1.2,16,1.5,7.9375,1.5,0.1875,0.3572916666666667,129,412,1.0,0.0,0.0,0.6875,16,1.0,1.5625,1.0,0.0625,0.23125,43,412,1.0,0.0,0.0,0.875
test,"k=3, theta=0.3318",majority_vote,sensitivity_1,78A91A4E-4A51-4065-BDA7-94755F0BB3BB,2371,29,29,58,141,31,21,39.516666666666666,0.7338675664276677,0.05946857865879376,1.4677351328553354,0.7844791227330241,0.5314213412062421,4.862068965517241,16,1.0,3.0625,1.0,0.125,0.35,110,412,1.0,0.0,0.0,0.75,16,1.0,3.875,1.0,0.0,0.24895833333333334,119,412,1.0,0.0,0.125,0.75
test,"k=3, theta=0.3318",majority_vote,sensitivity_1,7CE37510-56D0-4120-A1CF-0E23351428D2,1924,15,14,29,49,12,10,32.06666666666667,0.46777546777546775,0.02546777546777547,0.9043659043659042,0.3742203742203742,0.3118503118503118,3.2666666666666666,16,1.0,1.75,1.0,0.0625,0.18958333333333333,31,412,1.0,0.0,0.0,0.9375,16,1.0,1.6875,1.0,0.125,0.284375,84,412,1.0,0.0,0.0,0.8125
test,"k=3, theta=0.3318",majority_vote,sensitivity_1,8023FE1A-D3B0-4E2C-A57A-9321B7FC755F,1809,32,32,64,95,37,28,30.15,1.0613598673300166,0.05251520176893311,2.1227197346600333,1.2271973466003316,0.9286898839137645,2.96875,16,1.0,1.125,1.0,0.125,0.22708333333333333,35,412,1.0,0.0,0.0,0.8125,16,1.0,2.1875,1.0,0.0,0.18854166666666666,60,412,1.0,0.0,0.0625,0.9375
test,"k=3, theta=0.3318",majority_vote,sensitivity_1,83CF687B-7CEC-434B-9FE8-00C3D5799BE6,1879,36,36,72,257,33,20,31.316666666666666,1.1495476317189994,0.13677488025545503,2.299095263437999,1.0537519957424162,0.6386375731772219,7.138888888888889,16,1.0,1.1875,1.0,0.0,0.14791666666666667,19,412,1.0,0.0,0.1875,1.0,16,1.0,1.0,1.0,0.0,0.134375,16,412,1.0,0.0,0.125,1.0
test,"k=3, theta=0.3318",majority_vote,sensitivity_1,9759096F-1119-4E19-A0AD-6F16989C7E1C,1954,21,21,42,192,26,18,32.56666666666667,0.6448311156601841,0.09825997952917093,1.2896622313203683,0.7983623336745137,0.5527123848515865,9.142857142857142,16,1.0,1.4375,1.0,0.0625,0.2625,76,412,1.0,0.0625,0.25,0.875,16,1.0,2.6875,1.0,0.1875,0.37083333333333335,101,412,1.0,0.0,0.1875,0.625
test,"k=3, theta=0.3318",majority_vote,sensitivity_1,9DC38D04-E82E-4F29-AB52-B476535226F2,1909,9,9,18,38,9,6,31.816666666666666,0.2828706128863279,0.01990570979570456,0.5657412257726558,0.2828706128863279,0.1885804085908853,4.222222222222222,16,1.0,5.625,1.0,0.0625,0.28229166666666666,139,412,1.0,0.0,0.0,0.875,16,1.5,3.375,1.0,0.0625,0.3020833333333333,93,412,1.0,0.0,0.0,0.8125
test,"k=3, theta=0.3318",majority_vote,sensitivity_1,A5CDF89D-02A2-4EC1-89F8-F534FDABDD96,1179,21,21,42,72,25,17,19.65,1.0687022900763359,0.061068702290076333,2.1374045801526718,1.272264631043257,0.8651399491094148,3.4285714285714284,16,1.0,1.1875,1.0,0.125,0.23020833333333332,32,412,1.0,0.0,0.0,0.8125,16,1.5,3.25,1.0,0.125,0.284375,76,412,1.0,0.0,0.125,0.8125
test,"k=3, theta=0.3318",majority_vote,sensitivity_1,A76A5AF5-5A93-4CF2-A16E-62353BB70E8A,1475,0,0,0,0,0,0,24.583333333333332,0.0,0.0,0.0,0.0,0.0,,16,2.5,8.0625,2.5,0.1875,0.4875,227,412,1.0,0.0,0.0,0.625,16,1.0,2.375,1.0,0.125,0.378125,100,412,1.0,0.0,0.0,0.625
test,"k=3, theta=0.3318",majority_vote,sensitivity_1,B09E373F-8A54-44C8-895B-0039390B859F,1597,7,6,13,16,6,6,26.616666666666667,0.2629931120851597,0.010018785222291797,0.4884157795867251,0.22542266750156542,0.22542266750156542,2.2857142857142856,16,1.0,9.75,1.0,0.1875,0.34270833333333334,168,412,1.0,0.0,0.0,0.75,16,1.5,7.125,1.0,0.0,0.3208333333333333,128,412,1.0,0.0,0.0625,0.8125
test,"k=3, theta=0.3318",majority_vote,sensitivity_1,B9724848-C7E2-45F4-9B3F-A1F38D864495,1497,41,41,82,227,50,26,24.95,1.6432865731462927,0.1516366065464262,3.2865731462925853,2.0040080160320644,1.0420841683366733,5.536585365853658,16,1.0,1.0,1.0,0.0,0.09375,18,412,1.0,0.0,0.25,1.0,16,1.0,1.1875,1.0,0.0625,0.16041666666666665,43,412,1.0,0.0,0.125,0.9375
test,"k=3, theta=0.3318",majority_vote,sensitivity_1,BE3CA5A6-A561-4BBD-B7C9-5DF6805400FC,1633,29,29,58,359,24,12,27.216666666666665,1.065523576240049,0.2198407838334354,2.131047152480098,0.8818126148193509,0.44090630740967546,12.379310344827585,16,1.0,7.0,1.0,0.1875,0.36354166666666665,150,412,1.0,0.0,0.125,0.625,16,1.5,7.3125,0.0,0.25,0.35,134,412,1.0,0.0,0.5625,0.5625
test,"k=3, theta=0.3318",majority_vote,sensitivity_1,C48CE857-A0DD-4DDB-BEA5-3A25449B2153,937,2,2,4,8,1,1,15.616666666666667,0.128068303094984,0.008537886872998933,0.256136606189968,0.064034151547492,0.064034151547492,4.0,16,1.5,1.6875,1.5,0.0625,0.35520833333333335,103,412,1.0,0.0,0.0,0.75,16,1.0,5.375,1.0,0.0,0.26666666666666666,117,412,1.0,0.0,0.0,0.875
test,"k=3, theta=0.3318",majority_vote,sensitivity_1,CA820D43-E5E2-42EF-9798-BE56F776370B,1543,29,29,58,119,28,21,25.716666666666665,1.1276733635774465,0.07712248865845756,2.255346727154893,1.0887880751782244,0.8165910563836682,4.103448275862069,16,1.0,2.4375,1.0,0.0,0.24375,118,412,1.0,0.0,0.0625,0.9375,16,1.0,1.0,1.0,0.0625,0.25625,68,412,1.0,0.0,0.0625,0.8125
test,"k=3, theta=0.3318",majority_vote,sensitivity_1,CDA3BBF7-6631-45E8-85BA-EEB416B32A3C,537,1,1,2,5,1,1,8.95,0.111731843575419,0.00931098696461825,0.223463687150838,0.111731843575419,0.111731843575419,5.0,16,1.0,1.8125,1.0,0.0625,0.225,35,412,1.0,0.0,0.0,0.9375,16,1.0,1.1875,1.0,0.0,0.14791666666666667,27,412,1.0,0.0,0.0,1.0
test,"k=3, theta=0.3318",majority_vote,sensitivity_1,CF722AA9-2533-4E51-9FEB-9EAC84EE9AAC,694,7,7,14,26,9,6,11.566666666666666,0.6051873198847262,0.037463976945244955,1.2103746397694524,0.7780979827089337,0.5187319884726225,3.7142857142857144,16,1.0,1.1875,1.0,0.0,0.18125,63,412,1.0,0.0,0.0625,0.875,16,1.0,4.1875,1.0,0.3125,0.41875,79,412,0.0,0.0,0.0,0.5625
test,"k=3, theta=0.3318",majority_vote,sensitivity_1,D7D20E2E-FC78-405D-B346-DBD3FD8FC92B,1212,19,19,38,97,20,14,20.2,0.9405940594059407,0.08003300330033003,1.8811881188118813,0.9900990099009901,0.6930693069306931,5.105263157894737,16,1.0,0.9375,1.0,0.0,0.14791666666666667,47,412,1.0,0.0,0.125,0.9375,16,2.0,1.5625,1.5,0.0,0.315625,82,412,1.0,0.0,0.0625,0.8125
test,"k=3, theta=0.3318",majority_vote,sensitivity_1,E65577C1-8D5D-4F70-AF23-B3ADB9D3DBA3,657,17,17,34,194,19,8,10.95,1.5525114155251143,0.2952815829528158,3.1050228310502286,1.7351598173515983,0.7305936073059361,11.411764705882353,16,1.0,0.6875,1.0,0.0625,0.11770833333333333,18,412,1.0,0.0625,0.3125,0.9375,16,1.0,2.625,1.0,0.0,0.19270833333333331,59,412,1.0,0.0,0.1875,0.875
test,"k=3, theta=0.3318",majority_vote,sensitivity_1,ECECC2AB-D32F-4F90-B74C-E12A1C69BBE2,677,5,5,10,11,6,5,11.283333333333333,0.4431314623338257,0.01624815361890694,0.8862629246676514,0.5317577548005908,0.4431314623338257,2.2,16,1.0,1.5,1.0,0.0,0.22604166666666664,54,412,1.0,0.0,0.0,1.0,16,1.0,1.125,1.0,0.0,0.175,46,412,1.0,0.0,0.0,0.9375
test,"k=3, theta=0.3318",majority_vote,sensitivity_1,FDAA70A1-42A3-4E3F-9AE3-3FDA412E03BF,966,13,13,26,64,15,11,16.1,0.8074534161490683,0.06625258799171843,1.6149068322981366,0.9316770186335402,0.6832298136645962,4.923076923076923,16,1.0,1.25,1.0,0.0,0.14375,44,412,1.0,0.0,0.0625,0.9375,16,1.0,3.375,1.0,0.0625,0.221875,78,412,1.0,0.0,0.375,0.9375
test,"T=2, theta=0.4013",debounce,sensitivity_1,00EABED2-271D-49D8-B599-1D4A09240601,408,7,6,13,94,5,3,6.8,1.0294117647058825,0.23039215686274508,1.911764705882353,0.7352941176470589,0.4411764705882353,13.428571428571429,16,1.0,0.875,1.0,0.0,0.17604166666666665,75,412,1.0,0.0625,0.1875,0.9375,16,1.0,0.8125,1.0,0.0,0.11666666666666667,13,412,1.0,0.125,0.3125,1.0
test,"T=2, theta=0.4013",debounce,sensitivity_1,098A72A5-E3E5-4F54-A152-BBDA0DF7B694,1334,3,3,6,8,3,3,22.233333333333334,0.13493253373313344,0.005997001499250375,0.2698650674662669,0.13493253373313344,0.13493253373313344,2.6666666666666665,16,1.0,1.5625,1.0,0.0,0.24479166666666666,103,412,1.0,0.0,0.0,0.875,16,1.0,1.8125,1.0,0.0,0.2375,37,412,1.0,0.0,0.0,0.875
test,"T=2, theta=0.4013",debounce,sensitivity_1,0A986513-7828-4D53-AA1F-E02D6DF9561B,763,4,4,8,25,3,3,12.716666666666667,0.3145478374836173,0.0327653997378768,0.6290956749672346,0.23591087811271297,0.23591087811271297,6.25,16,1.0,1.75,1.0,0.125,0.2864583333333333,63,412,1.0,0.0,0.125,0.875,16,1.0,1.375,1.0,0.0,0.13645833333333332,24,412,1.0,0.0,0.0625,0.9375
test,"T=2, theta=0.4013",debounce,sensitivity_1,11B5EC4D-4133-4289-B475-4E737182A406,1740,7,7,14,32,5,4,29.0,0.2413793103448276,0.01839080459770115,0.4827586206896552,0.1724137931034483,0.13793103448275862,4.571428571428571,16,1.0,1.9375,1.0,0.0625,0.234375,62,412,1.0,0.0,0.0,0.75,16,1.0,2.4375,1.0,0.0625,0.21666666666666667,63,412,1.0,0.0,0.0,0.9375
test,"T=2, theta=0.4013",debounce,sensitivity_1,136562B6-95B2-483D-88DC-065F28409FD2,1215,7,7,14,32,5,4,20.25,0.345679012345679,0.02633744855967078,0.691358024691358,0.24691358024691357,0.19753086419753085,4.571428571428571,16,1.0,1.5,1.0,0.0625,0.22916666666666666,63,412,1.0,0.0,0.0,0.875,16,1.0,1.75,1.0,0.0,0.15416666666666667,47,412,1.0,0.0,0.0,0.9375
test,"T=2, theta=0.4013",debounce,sensitivity_1,1538C99F-BA1E-4EFB-A949-6C7C47701B20,1281,4,4,8,82,3,3,21.35,0.18735362997658078,0.06401249024199844,0.37470725995316156,0.1405152224824356,0.1405152224824356,20.5,16,1.0,1.4375,1.0,0.0,0.1875,69,412,1.0,0.0,0.0,0.9375,16,1.0,1.25,1.0,0.125,0.2125,24,412,1.0,0.0,0.125,0.875
test,"T=2, theta=0.4013",debounce,sensitivity_1,24E40C4C-A349-4F9F-93AB-01D00FB994AF,926,15,15,30,90,13,9,15.433333333333334,0.9719222462203023,0.09719222462203024,1.9438444924406046,0.8423326133909287,0.5831533477321814,6.0,16,1.0,4.9375,1.0,0.125,0.30520833333333336,129,412,1.0,0.0,0.1875,0.6875,16,1.5,10.1875,1.5,0.25,0.45416666666666666,189,412,0.5,0.0,0.0,0.5625
test,"T=2, theta=0.4013",debounce,sensitivity_1,2C32C23E-E30C-498A-8DD2-0EFB9150A02E,1675,12,12,24,32,12,11,27.916666666666668,0.4298507462686567,0.0191044776119403,0.8597014925373134,0.4298507462686567,0.3940298507462686,2.6666666666666665,16,1.0,2.6875,1.0,0.125,0.278125,69,412,1.0,0.0,0.0,0.8125,16,1.0,1.5,1.0,0.0,0.23020833333333332,55,412,1.0,0.0,0.0625,0.875
test,"T=2, theta=0.4013",debounce,sensitivity_1,3600D531-0C55-44A7-AE95-A7A38519464E,1032,3,2,5,29,2,2,17.2,0.1744186046511628,0.02810077519379845,0.29069767441860467,0.11627906976744186,0.11627906976744186,9.666666666666666,16,1.0,3.8125,1.0,0.0625,0.2833333333333333,95,412,1.0,0.0,0.0,0.8125,16,2.0,5.1875,1.5,0.125,0.378125,91,412,1.0,0.0,0.0,0.8125
test,"T=2, theta=0.4013",debounce,sensitivity_1,4FC32141-E888-4BFF-8804-12559A491D8C,967,7,5,12,44,7,4,16.116666666666667,0.43433298862461217,0.045501551189245086,0.7445708376421923,0.43433298862461217,0.2481902792140641,6.285714285714286,16,1.0,4.75,1.0,0.125,0.3125,108,412,1.0,0.0625,0.0625,0.75,16,1.0,3.5625,1.0,0.125,0.30833333333333335,99,412,1.0,0.0625,0.0,0.75
test,"T=2, theta=0.4013",debounce,sensitivity_1,5119D0F8-FCA8-4184-A4EB-19421A40DE0D,1295,10,10,20,50,9,7,21.583333333333332,0.46332046332046334,0.03861003861003861,0.9266409266409267,0.416988416988417,0.32432432432432434,5.0,16,1.0,1.25,1.0,0.0,0.13125,32,412,1.0,0.0,0.0625,0.9375,16,1.0,4.6875,1.0,0.125,0.359375,107,412,1.0,0.0,0.0,0.6875
test,"T=2, theta=0.4013",debounce,sensitivity_1,5152A2DF-FAF3-4BA8-9CA9-E66B32671A53,1295,10,10,20,37,9,8,21.583333333333332,0.46332046332046334,0.02857142857142857,0.9266409266409267,0.416988416988417,0.3706563706563707,3.7,16,1.0,1.375,1.0,0.0625,0.20625,41,412,1.0,0.0,0.0,0.875,16,1.0,2.625,1.0,0.125,0.3833333333333333,106,412,0.5,0.0,0.0625,0.5625
test,"T=2, theta=0.4013",debounce,sensitivity_1,5EF64122-B513-46AE-BCF1-E62AAC285D2C,754,2,1,3,6,1,1,12.566666666666666,0.15915119363395225,0.007957559681697613,0.2387267904509284,0.07957559681697612,0.07957559681697612,3.0,16,1.0,1.9375,1.0,0.0625,0.17395833333333333,29,412,1.0,0.0,0.0,0.9375,16,1.0,2.125,1.0,0.0,0.16979166666666667,35,412,1.0,0.0,0.0,0.9375
test,"T=2, theta=0.4013",debounce,sensitivity_1,61976C24-1C50-4355-9C49-AAE44A7D09F6,1717,3,3,6,10,3,3,28.616666666666667,0.10483401281304601,0.005824111822947,0.20966802562609202,0.10483401281304601,0.10483401281304601,3.3333333333333335,16,1.0,7.4375,1.0,0.1875,0.3416666666666667,123,412,1.0,0.0,0.0,0.75,16,1.0,1.625,1.0,0.0625,0.23333333333333334,45,412,1.0,0.0,0.0,0.875
test,"T=2, theta=0.4013",debounce,sensitivity_1,78A91A4E-4A51-4065-BDA7-94755F0BB3BB,2371,24,24,48,170,19,14,39.516666666666666,0.6073386756642767,0.07169970476592155,1.2146773513285534,0.4808097849008857,0.35428089413749475,7.083333333333333,16,1.0,3.125,1.0,0.125,0.3416666666666667,94,412,1.0,0.0,0.0,0.75,16,1.0,3.75,1.0,0.0,0.21875,105,412,1.0,0.0,0.125,0.8125
test,"T=2, theta=0.4013",debounce,sensitivity_1,7CE37510-56D0-4120-A1CF-0E23351428D2,1924,11,10,21,54,7,5,32.06666666666667,0.343035343035343,0.028066528066528068,0.6548856548856549,0.21829521829521828,0.1559251559251559,4.909090909090909,16,1.0,1.0625,1.0,0.0625,0.17291666666666666,25,412,1.0,0.0,0.0625,0.9375,16,1.0,1.6875,1.0,0.125,0.253125,67,412,1.0,0.0,0.0,0.8125
test,"T=2, theta=0.4013",debounce,sensitivity_1,8023FE1A-D3B0-4E2C-A57A-9321B7FC755F,1809,32,32,64,149,33,23,30.15,1.0613598673300166,0.08236594803758983,2.1227197346600333,1.0945273631840797,0.7628524046434495,4.65625,16,1.0,1.125,1.0,0.125,0.20625,28,412,1.0,0.0,0.0625,0.8125,16,1.0,2.1875,1.0,0.0,0.19895833333333332,55,412,1.0,0.0,0.0625,0.9375
test,"T=2, theta=0.4013",debounce,sensitivity_1,83CF687B-7CEC-434B-9FE8-00C3D5799BE6,1879,39,39,78,315,33,22,31.316666666666666,1.2453432676955827,0.16764236295902077,2.4906865353911654,1.0537519957424162,0.7025013304949441,8.076923076923077,16,1.0,0.9375,1.0,0.0,0.12291666666666666,15,412,1.0,0.0,0.1875,1.0,16,1.0,1.0,1.0,0.0,0.134375,16,412,1.0,0.0,0.1875,1.0
test,"T=2, theta=0.4013",debounce,sensitivity_1,9759096F-1119-4E19-A0AD-6F16989C7E1C,1954,23,23,46,221,23,16,32.56666666666667,0.706243602865916,0.11310133060388945,1.412487205731832,0.706243602865916,0.49129989764585463,9.608695652173912,16,1.0,1.3125,1.0,0.0,0.19166666666666665,67,412,1.0,0.0625,0.25,0.9375,16,1.0,2.5625,1.0,0.1875,0.3,73,412,1.0,0.0,0.1875,0.6875
test,"T=2, theta=0.4013",debounce,sensitivity_1,9DC38D04-E82E-4F29-AB52-B476535226F2,1909,15,15,30,65,18,11,31.816666666666666,0.4714510214772132,0.03404924044002095,0.9429020429544264,0.5657412257726558,0.34573074908328966,4.333333333333333,16,1.0,5.3125,1.0,0.0625,0.26458333333333334,129,412,1.0,0.0,0.0,0.9375,16,1.0,1.8125,1.0,0.0625,0.26875,71,412,1.0,0.0,0.0,0.8125
test,"T=2, theta=0.4013",debounce,sensitivity_1,A5CDF89D-02A2-4EC1-89F8-F534FDABDD96,1179,18,18,36,88,18,12,19.65,0.9160305343511451,0.07463952502120441,1.8320610687022902,0.9160305343511451,0.6106870229007634,4.888888888888889,16,1.0,1.0625,1.0,0.0625,0.190625,31,412,1.0,0.0,0.0625,0.875,16,1.0,3.1875,1.0,0.125,0.22708333333333333,53,412,1.0,0.0,0.125,0.8125
test,"T=2, theta=0.4013",debounce,sensitivity_1,A76A5AF5-5A93-4CF2-A16E-62353BB70E8A,1475,0,0,0,0,0,0,24.583333333333332,0.0,0.0,0.0,0.0,0.0,,16,1.5,6.5625,1.5,0.125,0.40625,192,412,1.0,0.0,0.0,0.6875,16,1.0,2.3125,1.0,0.125,0.371875,90,412,1.0,0.0,0.0,0.625
test,"T=2, theta=0.4013",debounce,sensitivity_1,B09E373F-8A54-44C8-895B-0039390B859F,1597,9,8,17,24,8,8,26.616666666666667,0.33813400125234816,0.015028177833437696,0.638697557921102,0.3005635566687539,0.3005635566687539,2.6666666666666665,16,1.0,7.5,1.0,0.125,0.31666666666666665,148,412,1.0,0.0,0.0,0.75,16,1.0,6.9375,1.0,0.0,0.2989583333333333,119,412,1.0,0.0,0.0625,0.875
test,"T=2, theta=0.4013",debounce,sensitivity_1,B9724848-C7E2-45F4-9B3F-A1F38D864495,1497,27,26,53,278,22,10,24.95,1.0821643286573146,0.18570474281897129,2.124248496993988,0.8817635270541082,0.40080160320641284,10.296296296296296,16,1.0,1.0,1.0,0.0,0.09375,18,412,1.0,0.0,0.3125,1.0,16,1.0,0.875,1.0,0.0,0.09479166666666666,29,412,1.0,0.0,0.1875,1.0
test,"T=2, theta=0.4013",debounce,sensitivity_1,BE3CA5A6-A561-4BBD-B7C9-5DF6805400FC,1633,30,30,60,399,24,13,27.216666666666665,1.1022657685241888,0.2443355786895285,2.2045315370483776,0.8818126148193509,0.4776484996938151,13.3,16,1.0,7.0,1.0,0.1875,0.31354166666666666,130,412,1.0,0.0,0.125,0.75,16,1.0,2.5,0.0,0.125,0.30104166666666665,107,412,4.0,0.0,0.5625,0.6875
test,"T=2, theta=0.4013",debounce,sensitivity_1,C48CE857-A0DD-4DDB-BEA5-3A25449B2153,937,3,3,6,15,3,2,15.616666666666667,0.192102454642476,0.016008537886873,0.384204909284952,0.192102454642476,0.128068303094984,5.0,16,1.0,2.5625,1.0,0.0625,0.30416666666666664,82,412,1.0,0.0,0.0,0.75,16,1.0,1.9375,1.0,0.0,0.22708333333333333,83,412,1.0,0.0,0.0,0.875
test,"T=2, theta=0.4013",debounce,sensitivity_1,CA820D43-E5E2-42EF-9798-BE56F776370B,1543,34,34,68,164,32,24,25.716666666666665,1.322099805573558,0.10628645495787427,2.644199611147116,1.2443292287751135,0.9332469215813352,4.823529411764706,16,1.0,2.5,1.0,0.0,0.22916666666666666,106,412,1.0,0.0,0.0625,0.9375,16,1.0,1.0625,1.0,0.125,0.2604166666666667,60,412,1.0,0.0,0.0625,0.75
test,"T=2, theta=0.4013",debounce,sensitivity_1,CDA3BBF7-6631-45E8-85BA-EEB416B32A3C,537,1,1,2,5,1,1,8.95,0.111731843575419,0.00931098696461825,0.223463687150838,0.111731843575419,0.111731843575419,5.0,16,1.0,1.875,1.0,0.0625,0.21458333333333332,34,412,1.0,0.0,0.0,0.9375,16,1.0,1.125,1.0,0.0,0.140625,25,412,1.0,0.0,0.0,1.0
test,"T=2, theta=0.4013",debounce,sensitivity_1,CF722AA9-2533-4E51-9FEB-9EAC84EE9AAC,694,7,7,14,30,7,5,11.566666666666666,0.6051873198847262,0.043227665706051875,1.2103746397694524,0.6051873198847262,0.43227665706051877,4.285714285714286,16,1.0,1.1875,1.0,0.0,0.17291666666666666,55,412,1.0,0.0,0.0625,0.875,16,1.0,3.75,1.0,0.25,0.3458333333333333,67,412,1.0,0.0,0.0,0.6875
test,"T=2, theta=0.4013",debounce,sensitivity_1,D7D20E2E-FC78-405D-B346-DBD3FD8FC92B,1212,12,12,24,102,6,6,20.2,0.594059405940594,0.08415841584158416,1.188118811881188,0.297029702970297,0.297029702970297,8.5,16,1.0,0.875,1.0,0.0,0.10104166666666667,25,412,1.0,0.0,0.0625,0.9375,16,1.0,1.3125,1.0,0.0,0.1875,39,412,1.0,0.0,0.0625,0.9375
test,"T=2, theta=0.4013",debounce,sensitivity_1,E65577C1-8D5D-4F70-AF23-B3ADB9D3DBA3,657,15,15,30,214,15,5,10.95,1.3698630136986303,0.3257229832572298,2.7397260273972606,1.3698630136986303,0.4566210045662101,14.266666666666667,16,0.5,0.625,0.5,0.0625,0.11562499999999999,17,412,2.0,0.0625,0.4375,0.9375,16,1.0,2.625,1.0,0.0,0.171875,48,412,3.0,0.0625,0.1875,0.9375
test,"T=2, theta=0.4013",debounce,sensitivity_1,ECECC2AB-D32F-4F90-B74C-E12A1C69BBE2,677,4,4,8,18,3,3,11.283333333333333,0.35450516986706054,0.026587887740029542,0.7090103397341211,0.2658788774002954,0.2658788774002954,4.5,16,1.0,1.5,1.0,0.0625,0.2375,51,412,1.0,0.0,0.0,0.9375,16,1.0,1.125,1.0,0.0,0.15729166666666666,39,412,1.0,0.0,0.0,1.0
test,"T=2, theta=0.4013",debounce,sensitivity_1,FDAA70A1-42A3-4E3F-9AE3-3FDA412E03BF,966,11,11,22,77,11,8,16.1,0.6832298136645962,0.07971014492753623,1.3664596273291925,0.6832298136645962,0.49689440993788814,7.0,16,1.0,1.375,1.0,0.0,0.16666666666666666,46,412,1.0,0.0,0.125,0.9375,16,1.0,3.3125,1.0,0.0625,0.21041666666666667,63,412,1.0,0.0,0.375,0.9375
test,"m=0.3, theta=0.31",margin,sensitivity_1,00EABED2-271D-49D8-B599-1D4A09240601,408,10,9,19,86,10,7,6.8,1.4705882352941178,0.2107843137254902,2.794117647058824,1.4705882352941178,1.0294117647058825,8.6,16,0.0,0.25,0.0,0.0625,0.153125,85,412,0.0,0.0625,0.1875,0.8125,16,0.0,0.125,0.0,0.0,0.011458333333333334,6,412,0.0,0.125,0.3125,1.0
test,"m=0.3, theta=0.31",margin,sensitivity_1,098A72A5-E3E5-4F54-A152-BBDA0DF7B694,1334,7,6,13,9,6,6,22.233333333333334,0.31484257871064464,0.006746626686656672,0.5847076461769115,0.2698650674662669,0.2698650674662669,1.2857142857142858,16,0.0,2.0625,0.0,0.0625,0.24687499999999998,118,412,0.0,0.0,0.0,0.8125,16,0.0,1.5,0.0,0.0,0.171875,47,412,0.0,0.0,0.0,0.875
test,"m=0.3, theta=0.31",margin,sensitivity_1,0A986513-7828-4D53-AA1F-E02D6DF9561B,763,6,6,12,22,6,5,12.716666666666667,0.47182175622542594,0.028833551769331587,0.9436435124508519,0.47182175622542594,0.3931847968545216,3.6666666666666665,16,0.0,1.25,0.0,0.125,0.22708333333333333,57,412,0.0,0.0,0.125,0.875,16,0.0,0.8125,0.0,0.0,0.096875,28,412,0.0,0.0,0.125,0.9375
test,"m=0.3, theta=0.31",margin,sensitivity_1,11B5EC4D-4133-4289-B475-4E737182A406,1740,6,6,12,16,5,5,29.0,0.20689655172413793,0.009195402298850575,0.41379310344827586,0.1724137931034483,0.1724137931034483,2.6666666666666665,16,0.0,3.0625,0.0,0.125,0.25,98,412,0.0,0.0,0.125,0.75,16,0.5,2.0,0.5,0.0625,0.1625,73,412,0.0,0.0,0.0,0.9375
test,"m=0.3, theta=0.31",margin,sensitivity_1,136562B6-95B2-483D-88DC-065F28409FD2,1215,2,2,4,4,2,2,20.25,0.09876543209876543,0.0032921810699588477,0.19753086419753085,0.09876543209876543,0.09876543209876543,2.0,16,0.0,1.375,0.0,0.0625,0.25,101,412,0.0,0.0,0.0,0.8125,16,0.0,1.5625,0.0,0.125,0.153125,57,412,0.0,0.0,0.0,0.75
test,"m=0.3, theta=0.31",margin,sensitivity_1,1538C99F-BA1E-4EFB-A949-6C7C47701B20,1281,3,3,6,79,2,2,21.35,0.1405152224824356,0.06167056986729118,0.2810304449648712,0.09367681498829039,0.09367681498829039,26.333333333333332,16,0.0,0.0625,0.0,0.0,0.0875,66,412,0.0,0.0,0.0,0.875,16,0.0,0.375,0.0,0.0625,0.08854166666666666,20,412,0.0,0.0,0.125,0.9375
test,"m=0.3, theta=0.31",margin,sensitivity_1,24E40C4C-A349-4F9F-93AB-01D00FB994AF,926,14,14,28,38,17,12,15.433333333333334,0.9071274298056156,0.04103671706263499,1.8142548596112311,1.101511879049676,0.7775377969762419,2.7142857142857144,16,1.0,6.875,0.0,0.1875,0.33958333333333335,155,412,0.0,0.0,0.0625,0.625,16,3.5,13.625,3.5,0.4375,0.6083333333333334,244,412,0.0,0.0,0.0,0.5
test,"m=0.3, theta=0.31",margin,sensitivity_1,2C32C23E-E30C-498A-8DD2-0EFB9150A02E,1675,12,12,24,20,12,12,27.916666666666668,0.4298507462686567,0.011940298507462687,0.8597014925373134,0.4298507462686567,0.4298507462686567,1.6666666666666667,16,0.0,1.9375,0.0,0.125,0.18854166666666666,82,412,0.0,0.0,0.0,0.75,16,0.0,2.3125,0.0,0.1875,0.2583333333333333,73,412,0.0,0.0,0.0625,0.6875
test,"m=0.3, theta=0.31",margin,sensitivity_1,3600D531-0C55-44A7-AE95-A7A38519464E,1032,7,5,12,28,5,4,17.2,0.4069767441860465,0.027131782945736434,0.6976744186046512,0.29069767441860467,0.23255813953488372,4.0,16,0.0,3.375,0.0,0.125,0.24479166666666666,100,412,0.0,0.0,0.0,0.6875,16,2.0,4.9375,1.0,0.1875,0.346875,93,412,0.0,0.0,0.0,0.75
test,"m=0.3, theta=0.31",margin,sensitivity_1,4FC32141-E888-4BFF-8804-12559A491D8C,967,2,1,3,11,1,1,16.116666666666667,0.12409513960703206,0.011375387797311272,0.18614270941054809,0.06204756980351603,0.06204756980351603,5.5,16,2.5,9.4375,2.5,0.375,0.4770833333333333,151,412,0.0,0.0625,0.0625,0.625,16,2.5,11.0625,2.5,0.3125,0.475,211,412,0.0,0.0,0.0,0.625
test,"m=0.3, theta=0.31",margin,sensitivity_1,5119D0F8-FCA8-4184-A4EB-19421A40DE0D,1295,10,10,20,18,12,10,21.583333333333332,0.46332046332046334,0.013899613899613899,0.9266409266409267,0.555984555984556,0.46332046332046334,1.8,16,0.0,1.4375,0.0,0.0,0.05208333333333333,28,412,0.0,0.0,0.0,0.9375,16,0.0,3.8125,0.0,0.125,0.284375,107,412,0.0,0.0,0.0,0.6875
test,"m=0.3, theta=0.31",margin,sensitivity_1,5152A2DF-FAF3-4BA8-9CA9-E66B32671A53,1295,4,4,8,15,3,3,21.583333333333332,0.18532818532818535,0.011583011583011582,0.3706563706563707,0.138996138996139,0.138996138996139,3.75,16,0.0,1.5,0.0,0.0625,0.16458333333333333,50,412,0.0,0.0,0.0,0.875,16,1.0,3.1875,0.0,0.25,0.43124999999999997,127,412,0.0,0.0,0.0,0.5625
test,"m=0.3, theta=0.31",margin,sensitivity_1,5EF64122-B513-46AE-BCF1-E62AAC285D2C,754,5,5,10,10,5,5,12.566666666666666,0.3978779840848806,0.013262599469496022,0.7957559681697612,0.3978779840848806,0.3978779840848806,2.0,16,0.0,1.125,0.0,0.0625,0.115625,37,412,0.0,0.0,0.0,0.875,16,0.0,0.6875,0.0,0.0,0.10208333333333333,33,412,0.0,0.0,0.1875,0.9375
test,"m=0.3, theta=0.31",margin,sensitivity_1,61976C24-1C50-4355-9C49-AAE44A7D09F6,1717,2,2,4,2,2,2,28.616666666666667,0.06988934187536401,0.0011648223645894002,0.13977868375072802,0.06988934187536401,0.06988934187536401,1.0,16,0.0,6.875,0.0,0.1875,0.26458333333333334,120,412,0.0,0.0,0.0,0.6875,16,0.0,0.75,0.0,0.0625,0.15729166666666666,35,412,0.0,0.0,0.0,0.8125
test,"m=0.3, theta=0.31",margin,sensitivity_1,78A91A4E-4A51-4065-BDA7-94755F0BB3BB,2371,37,37,74,125,40,30,39.516666666666666,0.9363137916490932,0.052720371151412905,1.8726275832981865,1.0122311261071277,0.7591733445803459,3.3783783783783785,16,0.0,4.0625,0.0,0.1875,0.3052083333333333,123,412,0.0,0.0,0.0625,0.6875,16,0.0,4.5625,0.0,0.0625,0.196875,119,412,0.0,0.0,0.0625,0.625
test,"m=0.3, theta=0.31",margin,sensitivity_1,7CE37510-56D0-4120-A1CF-0E23351428D2,1924,12,12,24,41,9,9,32.06666666666667,0.3742203742203742,0.02130977130977131,0.7484407484407484,0.2806652806652806,0.2806652806652806,3.4166666666666665,16,0.0,0.8125,0.0,0.0625,0.09479166666666666,19,412,0.0,0.0,0.0,0.9375,16,0.0,0.8125,0.0,0.125,0.19791666666666669,71,412,0.0,0.0,0.0,0.8125
test,"m=0.3, theta=0.31",margin,sensitivity_1,8023FE1A-D3B0-4E2C-A57A-9321B7FC755F,1809,38,38,76,87,44,34,30.15,1.2603648424543947,0.04809286898839138,2.5207296849087895,1.4593698175787728,1.1276948590381426,2.289473684210526,16,0.0,0.375,0.0,0.125,0.17604166666666668,32,412,0.0,0.0,0.0,0.875,16,0.0,2.0,0.0,0.0,0.128125,64,412,0.0,0.0,0.0,0.875
test,"m=0.3, theta=0.31",margin,sensitivity_1,83CF687B-7CEC-434B-9FE8-00C3D5799BE6,1879,45,45,90,218,48,33,31.316666666666666,1.4369345396487494,0.11601915912719532,2.873869079297499,1.5327301756253326,1.0537519957424162,4.844444444444444,16,0.0,0.4375,0.0,0.0,0.04375,7,412,0.0,0.0,0.125,1.0,16,0.0,0.25,0.0,0.0,0.025,4,412,0.0,0.0,0.0625,1.0
test,"m=0.3, theta=0.31",margin,sensitivity_1,9759096F-1119-4E19-A0AD-6F16989C7E1C,1954,24,24,48,186,27,19,32.56666666666667,0.7369498464687819,0.09518935516888434,1.4738996929375638,0.8290685772773797,0.5834186284544524,7.75,16,0.0,1.25,0.0,0.0625,0.21562499999999998,76,412,0.0,0.0,0.25,0.8125,16,1.0,2.25,0.0,0.1875,0.3385416666666667,108,412,0.0,0.0,0.1875,0.625
test,"m=0.3, theta=0.31",margin,sensitivity_1,9DC38D04-E82E-4F29-AB52-B476535226F2,1909,8,8,16,22,8,7,31.816666666666666,0.25144054478784705,0.011524358302776323,0.5028810895756941,0.25144054478784705,0.22001047668936616,2.75,16,0.0,4.9375,0.0,0.0625,0.18229166666666666,133,412,0.0,0.0,0.0,0.8125,16,1.0,2.875,0.0,0.0625,0.2677083333333333,101,412,0.0,0.0,0.0,0.8125
test,"m=0.3, theta=0.31",margin,sensitivity_1,A5CDF89D-02A2-4EC1-89F8-F534FDABDD96,1179,25,25,50,48,35,25,19.65,1.272264631043257,0.04071246819338423,2.544529262086514,1.78117048346056,1.272264631043257,1.92,16,0.0,0.5625,0.0,0.125,0.15,23,412,0.0,0.0,0.0,0.8125,16,1.0,3.1875,0.0,0.0625,0.17083333333333334,62,412,0.0,0.0,0.125,0.875
test,"m=0.3, theta=0.31",margin,sensitivity_1,A76A5AF5-5A93-4CF2-A16E-62353BB70E8A,1475,0,0,0,0,0,0,24.583333333333332,0.0,0.0,0.0,0.0,0.0,,16,3.0,12.375,3.0,0.3125,0.4552083333333333,237,412,0.0,0.0,0.0,0.6875,16,0.0,2.8125,0.0,0.125,0.34791666666666665,112,412,0.0,0.0,0.0,0.6875
test,"m=0.3, theta=0.31",margin,sensitivity_1,B09E373F-8A54-44C8-895B-0039390B859F,1597,12,11,23,19,11,11,26.616666666666667,0.45084533500313084,0.011897307451471509,0.8641202254226675,0.41327489041953663,0.41327489041953663,1.5833333333333333,16,0.5,9.25,0.5,0.1875,0.246875,161,412,0.0,0.0,0.0,0.75,16,1.5,6.5,0.5,0.0,0.22604166666666667,122,412,0.0,0.0,0.0625,0.75
test,"m=0.3, theta=0.31",margin,sensitivity_1,B9724848-C7E2-45F4-9B3F-A1F38D864495,1497,48,47,95,224,63,36,24.95,1.9238476953907817,0.14963259853039412,3.807615230460922,2.5250501002004007,1.4428857715430863,4.666666666666667,16,0.0,0.6875,0.0,0.0,0.025,14,412,0.0,0.0,0.1875,1.0,16,0.0,0.375,0.0,0.0625,0.06875,31,412,0.0,0.0,0.1875,0.9375
test,"m=0.3, theta=0.31",margin,sensitivity_1,BE3CA5A6-A561-4BBD-B7C9-5DF6805400FC,1633,22,22,44,267,18,10,27.216666666666665,0.8083282302510717,0.16350275566442132,1.6166564605021434,0.6613594611145132,0.36742192284139624,12.136363636363637,16,0.0,6.5625,0.0,0.25,0.30624999999999997,133,412,0.0,0.0,0.125,0.5625,16,2.0,9.0625,0.5,0.3125,0.43333333333333335,161,412,0.0,0.0,0.375,0.5625
test,"m=0.3, theta=0.31",margin,sensitivity_1,C48CE857-A0DD-4DDB-BEA5-3A25449B2153,937,4,4,8,11,5,4,15.616666666666667,0.256136606189968,0.011739594450373533,0.512273212379936,0.32017075773745995,0.256136606189968,2.75,16,1.5,6.0,0.5,0.1875,0.3333333333333333,102,412,0.0,0.0,0.0,0.6875,16,0.0,4.5625,0.0,0.0,0.178125,113,412,0.0,0.0,0.0,0.875
test,"m=0.3, theta=0.31",margin,sensitivity_1,CA820D43-E5E2-42EF-9798-BE56F776370B,1543,39,39,78,123,42,32,25.716666666666665,1.5165262475696695,0.0797148412184057,3.033052495139339,1.6331821127673365,1.2443292287751135,3.1538461538461537,16,0.0,2.625,0.0,0.0625,0.21666666666666667,134,412,0.0,0.0,0.0625,0.875,16,0.0,0.125,0.0,0.0,0.16041666666666665,68,412,0.0,0.0,0.1875,0.875
test,"m=0.3, theta=0.31",margin,sensitivity_1,CDA3BBF7-6631-45E8-85BA-EEB416B32A3C,537,2,2,4,6,2,2,8.95,0.223463687150838,0.0111731843575419,0.446927374301676,0.223463687150838,0.223463687150838,3.0,16,0.0,1.0625,0.0,0.125,0.16145833333333334,27,412,0.0,0.0,0.0,0.8125,16,0.0,0.25,0.0,0.0,0.053125,23,412,0.0,0.0,0.0,0.9375
test,"m=0.3, theta=0.31",margin,sensitivity_1,CF722AA9-2533-4E51-9FEB-9EAC84EE9AAC,694,7,6,13,20,6,5,11.566666666666666,0.6051873198847262,0.02881844380403458,1.1239193083573487,0.5187319884726225,0.43227665706051877,2.857142857142857,16,0.0,2.1875,0.0,0.0625,0.14583333333333334,75,412,0.0,0.0,0.0625,0.8125,16,0.0,3.5,0.0,0.25,0.3145833333333333,71,412,0.0,0.0,0.0,0.625
test,"m=0.3, theta=0.31",margin,sensitivity_1,D7D20E2E-FC78-405D-B346-DBD3FD8FC92B,1212,15,15,30,81,15,11,20.2,0.7425742574257426,0.06683168316831684,1.4851485148514851,0.7425742574257426,0.5445544554455446,5.4,16,0.0,0.625,0.0,0.0,0.08229166666666667,29,412,0.0,0.0,0.0625,1.0,16,1.0,2.5,0.5,0.1875,0.2864583333333333,76,412,0.0,0.0,0.0,0.6875
test,"m=0.3, theta=0.31",margin,sensitivity_1,E65577C1-8D5D-4F70-AF23-B3ADB9D3DBA3,657,15,15,30,179,15,8,10.95,1.3698630136986303,0.2724505327245053,2.7397260273972606,1.3698630136986303,0.7305936073059361,11.933333333333334,16,0.0,0.1875,0.0,0.0625,0.08333333333333333,14,412,0.0,0.0625,0.3125,0.9375,16,0.0,3.6875,0.0,0.125,0.215625,77,412,2.0,0.0625,0.25,0.8125
test,"m=0.3, theta=0.31",margin,sensitivity_1,ECECC2AB-D32F-4F90-B74C-E12A1C69BBE2,677,2,2,4,5,2,2,11.283333333333333,0.17725258493353027,0.007385524372230428,0.35450516986706054,0.17725258493353027,0.17725258493353027,2.5,16,0.0,0.6875,0.0,0.0625,0.165625,44,412,0.0,0.0,0.0,0.9375,16,0.0,0.8125,0.0,0.0,0.07187500000000001,38,412,0.0,0.0,0.0,0.9375
test,"m=0.3, theta=0.31",margin,sensitivity_1,FDAA70A1-42A3-4E3F-9AE3-3FDA412E03BF,966,10,10,20,50,9,7,16.1,0.6211180124223602,0.051759834368530024,1.2422360248447204,0.5590062111801242,0.43478260869565216,5.0,16,0.0,0.5,0.0,0.0,0.07708333333333334,40,412,0.0,0.0,0.0,0.9375,16,0.0,2.25,0.0,0.0625,0.15,79,412,0.0,0.0,0.25,0.9375
test,"m=0.3, T=2, theta=0.7858",hysteresis,sensitivity_1,00EABED2-271D-49D8-B599-1D4A09240601,408,5,2,7,146,1,0,6.8,0.7352941176470589,0.35784313725490197,1.0294117647058825,0.14705882352941177,0.0,29.2,16,1.0,0.875,1.0,0.0,0.11458333333333333,16,412,1.0,0.1875,0.25,1.0,16,1.0,0.6875,1.0,0.0,0.10416666666666666,11,412,1.0,0.125,0.3125,1.0
test,"m=0.3, T=2, theta=0.7858",hysteresis,sensitivity_1,098A72A5-E3E5-4F54-A152-BBDA0DF7B694,1334,9,9,18,78,5,5,22.233333333333334,0.4047976011994003,0.05847076461769116,0.8095952023988006,0.22488755622188905,0.22488755622188905,8.666666666666666,16,1.0,1.1875,1.0,0.0,0.13958333333333334,19,412,1.0,0.0,0.0,1.0,16,1.0,1.125,1.0,0.0,0.13333333333333333,18,412,1.0,0.0,0.0,1.0
test,"m=0.3, T=2, theta=0.7858",hysteresis,sensitivity_1,0A986513-7828-4D53-AA1F-E02D6DF9561B,763,5,5,10,153,2,0,12.716666666666667,0.3931847968545216,0.20052424639580602,0.7863695937090432,0.15727391874180865,0.0,30.6,16,1.0,1.3125,1.0,0.0625,0.16458333333333333,21,412,12.5,0.0625,0.3125,0.9375,16,1.0,0.8125,1.0,0.0,0.09375,13,412,4.0,0.125,0.3125,1.0
test,"m=0.3, T=2, theta=0.7858",hysteresis,sensitivity_1,11B5EC4D-4133-4289-B475-4E737182A406,1740,9,9,18,205,2,2,29.0,0.3103448275862069,0.11781609195402298,0.6206896551724138,0.06896551724137931,0.06896551724137931,22.77777777777778,16,1.0,1.0625,1.0,0.0625,0.14791666666666667,17,412,1.0,0.0,0.1875,0.9375,16,1.0,1.1875,1.0,0.0,0.10520833333333333,19,412,1.0,0.0,0.0625,1.0
test,"m=0.3, T=2, theta=0.7858",hysteresis,sensitivity_1,136562B6-95B2-483D-88DC-065F28409FD2,1215,15,13,28,479,4,2,20.25,0.7407407407407407,0.39423868312757204,1.382716049382716,0.19753086419753085,0.09876543209876543,31.933333333333334,16,1.0,0.75,1.0,0.0,0.090625,12,412,1.0,0.0,0.25,1.0,16,1.0,0.8125,1.0,0.0,0.06666666666666667,13,412,4.0,0.0625,0.375,1.0
test,"m=0.3, T=2, theta=0.7858",hysteresis,sensitivity_1,1538C99F-BA1E-4EFB-A949-6C7C47701B20,1281,5,4,9,129,2,2,21.35,0.23419203747072598,0.10070257611241218,0.42154566744730676,0.09367681498829039,0.09367681498829039,25.8,16,1.0,0.9375,1.0,0.0,0.125,20,412,1.0,0.0,0.0625,1.0,16,1.0,0.9375,1.0,0.0625,0.13333333333333333,15,412,1.0,0.0,0.1875,0.9375
test,"m=0.3, T=2, theta=0.7858",hysteresis,sensitivity_1,24E40C4C-A349-4F9F-93AB-01D00FB994AF,926,6,2,8,650,0,0,15.433333333333334,0.38876889848812096,0.7019438444924406,0.5183585313174945,0.0,0.0,108.33333333333333,16,0.0,0.4375,0.0,0.0,0.02708333333333333,7,412,60.0,0.8125,0.75,1.0,16,0.0,1.875,0.0,0.0,0.07291666666666667,30,412,53.5,0.6875,0.625,1.0
test,"m=0.3, T=2, theta=0.7858",hysteresis,sensitivity_1,2C32C23E-E30C-498A-8DD2-0EFB9150A02E,1675,25,24,49,302,12,9,27.916666666666668,0.8955223880597014,0.18029850746268658,1.7552238805970148,0.4298507462686567,0.32238805970149254,12.08,16,1.0,1.375,1.0,0.0625,0.17291666666666666,28,412,1.0,0.0,0.0625,0.9375,16,1.0,0.875,1.0,0.0,0.06979166666666667,14,412,1.5,0.0,0.3125,1.0
test,"m=0.3, T=2, theta=0.7858",hysteresis,sensitivity_1,3600D531-0C55-44A7-AE95-A7A38519464E,1032,13,9,22,283,3,2,17.2,0.7558139534883721,0.2742248062015504,1.2790697674418605,0.1744186046511628,0.11627906976744186,21.76923076923077,16,1.0,0.75,1.0,0.0625,0.10625,12,412,11.0,0.1875,0.3125,0.9375,16,1.0,1.4375,1.0,0.0625,0.19583333333333333,23,412,10.0,0.0,0.125,0.9375
test,"m=0.3, T=2, theta=0.7858",hysteresis,sensitivity_1,4FC32141-E888-4BFF-8804-12559A491D8C,967,6,3,9,209,0,0,16.116666666666667,0.37228541882109617,0.21613236814891418,0.5584281282316442,0.0,0.0,34.833333333333336,16,1.0,0.8125,1.0,0.0625,0.1125,13,412,7.0,0.3125,0.4375,0.9375,16,1.0,1.25,1.0,0.0,0.12604166666666666,20,412,1.0,0.25,0.125,1.0
test,"m=0.3, T=2, theta=0.7858",hysteresis,sensitivity_1,5119D0F8-FCA8-4184-A4EB-19421A40DE0D,1295,16,16,32,244,8,6,21.583333333333332,0.7413127413127414,0.18841698841698842,1.4826254826254828,0.3706563706563707,0.277992277992278,15.25,16,1.0,0.75,1.0,0.0,0.09479166666666666,12,412,1.0,0.0,0.25,1.0,16,1.0,1.625,1.0,0.125,0.21666666666666667,26,412,1.0,0.0,0.125,0.875
test,"m=0.3, T=2, theta=0.7858",hysteresis,sensitivity_1,5152A2DF-FAF3-4BA8-9CA9-E66B32671A53,1295,16,14,30,642,1,0,21.583333333333332,0.7413127413127414,0.4957528957528958,1.38996138996139,0.04633204633204634,0.0,40.125,16,1.0,0.625,1.0,0.0,0.059375,10,412,27.0,0.3125,0.4375,1.0,16,1.0,1.25,1.0,0.0625,0.16145833333333334,20,412,6.5,0.3125,0.4375,0.9375
test,"m=0.3, T=2, theta=0.7858",hysteresis,sensitivity_1,5EF64122-B513-46AE-BCF1-E62AAC285D2C,754,3,2,5,9,2,2,12.566666666666666,0.2387267904509284,0.011936339522546418,0.3978779840848806,0.15915119363395225,0.15915119363395225,3.0,16,1.0,1.125,1.0,0.0625,0.16979166666666667,25,412,1.0,0.0,0.0,0.9375,16,1.0,0.9375,1.0,0.0,0.1125,15,412,1.0,0.0,0.0,1.0
test,"m=0.3, T=2, theta=0.7858",hysteresis,sensitivity_1,61976C24-1C50-4355-9C49-AAE44A7D09F6,1717,10,10,20,108,2,1,28.616666666666667,0.34944670937682004,0.0629004076878276,0.6988934187536401,0.06988934187536401,0.034944670937682006,10.8,16,1.0,4.5,1.0,0.125,0.278125,99,412,1.0,0.0,0.125,0.8125,16,1.0,1.5,1.0,0.0,0.19166666666666668,43,412,1.0,0.0,0.0,0.9375
test,"m=0.3, T=2, theta=0.7858",hysteresis,sensitivity_1,78A91A4E-4A51-4065-BDA7-94755F0BB3BB,2371,22,22,44,426,10,7,39.516666666666666,0.5567271193589203,0.17967102488401518,1.1134542387178405,0.25305778152678193,0.17714044706874738,19.363636363636363,16,1.0,1.5,1.0,0.0625,0.20416666666666666,51,412,1.0,0.0625,0.25,0.8125,16,1.0,1.0625,1.0,0.0,0.121875,27,412,1.0,0.0625,0.125,0.9375
test,"m=0.3, T=2, theta=0.7858",hysteresis,sensitivity_1,7CE37510-56D0-4120-A1CF-0E23351428D2,1924,11,10,21,184,6,5,32.06666666666667,0.343035343035343,0.09563409563409564,0.6548856548856549,0.1871101871101871,0.1559251559251559,16.727272727272727,16,1.0,0.875,1.0,0.0,0.09375,14,412,1.0,0.0625,0.125,1.0,16,1.0,1.0,1.0,0.0,0.13749999999999998,32,412,1.0,0.0,0.0,0.9375
test,"m=0.3, T=2, theta=0.7858",hysteresis,sensitivity_1,8023FE1A-D3B0-4E2C-A57A-9321B7FC755F,1809,23,22,45,505,9,8,30.15,0.7628524046434495,0.2791597567716971,1.492537313432836,0.2985074626865672,0.26533996683250416,21.956521739130434,16,1.0,0.8125,1.0,0.0,0.11041666666666666,13,412,1.5,0.0,0.125,1.0,16,1.0,1.0625,1.0,0.0,0.12708333333333333,17,412,1.0,0.0,0.125,1.0
test,"m=0.3, T=2, theta=0.7858",hysteresis,sensitivity_1,83CF687B-7CEC-434B-9FE8-00C3D5799BE6,1879,15,15,30,954,7,3,31.316666666666666,0.47897817988291647,0.5077168706758914,0.9579563597658329,0.22352315061202768,0.09579563597658329,63.6,16,0.0,0.4375,0.0,0.0,0.058333333333333334,7,412,43.0,0.4375,0.5625,1.0,16,1.0,0.6875,1.0,0.0,0.11354166666666667,11,412,31.0,0.4375,0.4375,1.0
test,"m=0.3, T=2, theta=0.7858",hysteresis,sensitivity_1,9759096F-1119-4E19-A0AD-6F16989C7E1C,1954,20,19,39,628,3,2,32.56666666666667,0.6141248720573182,0.32139201637666326,1.1975435005117705,0.09211873080859774,0.06141248720573183,31.4,16,1.0,0.75,1.0,0.0,0.09270833333333334,22,412,1.0,0.25,0.375,1.0,16,1.0,0.8125,1.0,0.0,0.08125,13,412,1.5,0.25,0.25,1.0
test,"m=0.3, T=2, theta=0.7858",hysteresis,sensitivity_1,9DC38D04-E82E-4F29-AB52-B476535226F2,1909,23,22,45,702,3,3,31.816666666666666,0.7228915662650602,0.3677317967522263,1.4143530644316396,0.09429020429544265,0.09429020429544265,30.52173913043478,16,1.0,0.8125,1.0,0.0,0.09479166666666666,32,412,8.5,0.125,0.375,1.0,16,1.0,1.1875,1.0,0.0,0.11041666666666666,22,412,1.5,0.0625,0.25,0.9375
test,"m=0.3, T=2, theta=0.7858",hysteresis,sensitivity_1,A5CDF89D-02A2-4EC1-89F8-F534FDABDD96,1179,19,17,36,324,8,4,19.65,0.9669211195928754,0.2748091603053435,1.8320610687022902,0.40712468193384227,0.20356234096692113,17.05263157894737,16,1.0,0.5625,1.0,0.0,0.06770833333333333,9,412,6.5,0.125,0.4375,1.0,16,0.0,1.3125,0.0,0.0,0.04791666666666666,21,412,8.0,0.125,0.5625,1.0
test,"m=0.3, T=2, theta=0.7858",hysteresis,sensitivity_1,A76A5AF5-5A93-4CF2-A16E-62353BB70E8A,1475,4,4,8,18,3,3,24.583333333333332,0.16271186440677968,0.012203389830508475,0.32542372881355935,0.12203389830508475,0.12203389830508475,4.5,16,1.0,1.6875,1.0,0.0,0.1625,30,412,1.0,0.0,0.0,1.0,16,1.0,1.3125,1.0,0.0625,0.19999999999999998,25,412,1.0,0.0625,0.0,0.9375
test,"m=0.3, T=2, theta=0.7858",hysteresis,sensitivity_1,B09E373F-8A54-44C8-895B-0039390B859F,1597,20,17,37,458,7,4,26.616666666666667,0.7514088916718847,0.2867877269881027,1.390106449592987,0.2629931120851597,0.15028177833437695,22.9,16,1.0,5.3125,1.0,0.0625,0.19791666666666666,86,412,5.0,0.1875,0.1875,0.9375,16,1.0,1.0625,1.0,0.0,0.09791666666666667,26,412,2.5,0.125,0.375,1.0
test,"m=0.3, T=2, theta=0.7858",hysteresis,sensitivity_1,B9724848-C7E2-45F4-9B3F-A1F38D864495,1497,13,11,24,533,4,3,24.95,0.5210420841683366,0.3560454241816967,0.9619238476953909,0.16032064128256512,0.12024048096192386,41.0,16,1.0,0.8125,1.0,0.0,0.08645833333333333,13,412,1.0,0.1875,0.3125,1.0,16,1.0,0.6875,1.0,0.0,0.046875,11,412,1.0,0.25,0.375,1.0
test,"m=0.3, T=2, theta=0.7858",hysteresis,sensitivity_1,BE3CA5A6-A561-4BBD-B7C9-5DF6805400FC,1633,5,3,8,1093,0,0,27.216666666666665,0.18371096142069812,0.6693202694427434,0.29393753827311697,0.0,0.0,218.6,16,0.5,4.25,0.5,0.0625,0.13854166666666667,68,412,54.5,0.5,0.5,0.9375,16,0.0,0.25,0.0,0.0,0.030208333333333334,4,412,60.0,0.8125,0.75,1.0
test,"m=0.3, T=2, theta=0.7858",hysteresis,sensitivity_1,C48CE857-A0DD-4DDB-BEA5-3A25449B2153,937,3,3,6,58,1,1,15.616666666666667,0.192102454642476,0.061899679829242264,0.384204909284952,0.064034151547492,0.064034151547492,19.333333333333332,16,1.0,1.0625,1.0,0.0,0.128125,19,412,1.0,0.0,0.0625,1.0,16,1.0,0.9375,1.0,0.0,0.11458333333333333,15,412,1.0,0.0,0.0625,1.0
test,"m=0.3, T=2, theta=0.7858",hysteresis,sensitivity_1,CA820D43-E5E2-42EF-9798-BE56F776370B,1543,24,24,48,759,4,2,25.716666666666665,0.9332469215813352,0.49189889825016203,1.8664938431626703,0.1555411535968892,0.0777705767984446,31.625,16,0.0,0.375,0.0,0.0,0.0375,12,412,13.5,0.0625,0.75,1.0,16,1.0,0.5625,1.0,0.0,0.06145833333333333,9,412,16.0,0.0625,0.375,1.0
test,"m=0.3, T=2, theta=0.7858",hysteresis,sensitivity_1,CDA3BBF7-6631-45E8-85BA-EEB416B32A3C,537,1,0,1,8,0,0,8.95,0.111731843575419,0.0148975791433892,0.111731843575419,0.0,0.0,8.0,16,1.0,1.1875,1.0,0.0,0.128125,19,412,1.0,0.0,0.0,1.0,16,1.0,1.0625,1.0,0.0,0.12916666666666665,19,412,1.0,0.0,0.0,1.0
test,"m=0.3, T=2, theta=0.7858",hysteresis,sensitivity_1,CF722AA9-2533-4E51-9FEB-9EAC84EE9AAC,694,6,5,11,243,0,0,11.566666666666666,0.5187319884726225,0.35014409221902015,0.9510086455331412,0.0,0.0,40.5,16,1.0,0.6875,1.0,0.0,0.09375,11,412,5.5,0.125,0.375,1.0,16,1.0,1.6875,1.0,0.0,0.178125,29,412,5.5,0.1875,0.3125,0.9375
test,"m=0.3, T=2, theta=0.7858",hysteresis,sensitivity_1,D7D20E2E-FC78-405D-B346-DBD3FD8FC92B,1212,12,11,23,277,4,1,20.2,0.594059405940594,0.22854785478547854,1.1386138613861387,0.19801980198019803,0.04950495049504951,23.083333333333332,16,1.0,0.875,1.0,0.0,0.07916666666666666,14,412,1.0,0.0,0.125,1.0,16,1.0,0.75,1.0,0.0,0.07083333333333333,12,412,1.0,0.0625,0.25,1.0
test,"m=0.3, T=2, theta=0.7858",hysteresis,sensitivity_1,E65577C1-8D5D-4F70-AF23-B3ADB9D3DBA3,657,2,2,4,292,1,1,10.95,0.18264840182648404,0.4444444444444444,0.36529680365296807,0.09132420091324202,0.09132420091324202,146.0,16,0.0,0.375,0.0,0.0,0.03229166666666666,6,412,16.5,0.3125,0.625,1.0,16,0.0,0.25,0.0,0.0,0.035416666666666666,4,412,60.0,0.5625,0.6875,1.0
test,"m=0.3, T=2, theta=0.7858",hysteresis,sensitivity_1,ECECC2AB-D32F-4F90-B74C-E12A1C69BBE2,677,4,4,8,83,2,2,11.283333333333333,0.35450516986706054,0.12259970457902511,0.7090103397341211,0.17725258493353027,0.17725258493353027,20.75,16,1.0,1.125,1.0,0.0,0.11354166666666667,18,412,1.0,0.0,0.0625,1.0,16,1.0,0.9375,1.0,0.0,0.11979166666666666,15,412,1.0,0.0,0.0,1.0
test,"m=0.3, T=2, theta=0.7858",hysteresis,sensitivity_1,FDAA70A1-42A3-4E3F-9AE3-3FDA412E03BF,966,9,8,17,286,4,3,16.1,0.5590062111801242,0.29606625258799174,1.0559006211180124,0.24844720496894407,0.18633540372670807,31.77777777777778,16,0.0,0.375,0.0,0.0,0.04479166666666667,17,412,12.0,0.0625,0.5625,1.0,16,0.0,0.375,0.0,0.0,0.051041666666666666,6,412,16.0,0.25,0.6875,1.0
test,"r=0.5, tau=0.5, theta=0.7858",trust,sensitivity_1,00EABED2-271D-49D8-B599-1D4A09240601,408,4,1,5,157,0,0,6.8,0.5882352941176471,0.38480392156862747,0.7352941176470589,0.0,0.0,39.25,16,1.0,0.875,1.0,0.0,0.11249999999999999,14,412,4.5,0.25,0.25,1.0,16,1.0,0.75,1.0,0.0,0.11041666666666666,12,412,4.0,0.3125,0.3125,1.0
test,"r=0.5, tau=0.5, theta=0.7858",trust,sensitivity_1,098A72A5-E3E5-4F54-A152-BBDA0DF7B694,1334,11,11,22,109,8,4,22.233333333333334,0.4947526236881559,0.08170914542728636,0.9895052473763118,0.35982008995502246,0.17991004497751123,9.909090909090908,16,1.0,1.375,1.0,0.0,0.14375,22,412,4.0,0.0,0.0,1.0,16,1.0,1.125,1.0,0.0,0.14375,18,412,4.0,0.0,0.0,1.0
test,"r=0.5, tau=0.5, theta=0.7858",trust,sensitivity_1,0A986513-7828-4D53-AA1F-E02D6DF9561B,763,4,4,8,120,2,1,12.716666666666667,0.3145478374836173,0.15727391874180865,0.6290956749672346,0.15727391874180865,0.07863695937090433,30.0,16,1.0,1.3125,1.0,0.0625,0.159375,21,412,8.5,0.0,0.25,0.9375,16,1.0,0.75,1.0,0.0,0.09166666666666666,12,412,8.0,0.0,0.3125,1.0
test,"r=0.5, tau=0.5, theta=0.7858",trust,sensitivity_1,11B5EC4D-4133-4289-B475-4E737182A406,1740,8,8,16,193,3,2,29.0,0.27586206896551724,0.11091954022988505,0.5517241379310345,0.10344827586206896,0.06896551724137931,24.125,16,1.0,1.0,1.0,0.0625,0.14583333333333334,16,412,4.0,0.0,0.1875,0.9375,16,1.0,1.4375,1.0,0.0625,0.16979166666666667,23,412,4.0,0.0,0.0,0.9375
test,"r=0.5, tau=0.5, theta=0.7858",trust,sensitivity_1,136562B6-95B2-483D-88DC-065F28409FD2,1215,12,10,22,513,4,2,20.25,0.5925925925925926,0.4222222222222222,1.0864197530864197,0.19753086419753085,0.09876543209876543,42.75,16,1.0,0.6875,1.0,0.0,0.06979166666666667,11,412,5.5,0.125,0.3125,1.0,16,1.0,0.6875,1.0,0.0,0.07916666666666666,11,412,5.5,0.0625,0.25,1.0
test,"r=0.5, tau=0.5, theta=0.7858",trust,sensitivity_1,1538C99F-BA1E-4EFB-A949-6C7C47701B20,1281,7,6,13,140,4,2,21.35,0.32786885245901637,0.1092896174863388,0.6088992974238876,0.18735362997658078,0.09367681498829039,20.0,16,1.0,1.0,1.0,0.0,0.12083333333333333,16,412,4.0,0.0,0.0625,1.0,16,1.0,1.0,1.0,0.0625,0.13958333333333334,16,412,4.5,0.0625,0.1875,0.9375
test,"r=0.5, tau=0.5, theta=0.7858",trust,sensitivity_1,24E40C4C-A349-4F9F-93AB-01D00FB994AF,926,13,8,21,595,7,3,15.433333333333334,0.8423326133909287,0.642548596112311,1.3606911447084233,0.4535637149028078,0.19438444924406048,45.76923076923077,16,0.0,0.625,0.0,0.0625,0.07083333333333333,10,412,24.0,0.5,0.625,0.9375,16,0.0,1.6875,0.0,0.0,0.08645833333333333,41,412,49.5,0.625,0.5625,1.0
test,"r=0.5, tau=0.5, theta=0.7858",trust,sensitivity_1,2C32C23E-E30C-498A-8DD2-0EFB9150A02E,1675,27,26,53,271,21,12,27.916666666666668,0.9671641791044776,0.1617910447761194,1.898507462686567,0.7522388059701492,0.4298507462686567,10.037037037037036,16,1.0,1.375,1.0,0.0625,0.16666666666666666,22,412,4.0,0.0,0.0,0.9375,16,1.0,1.125,1.0,0.0,0.08229166666666667,16,412,6.0,0.0,0.3125,1.0
test,"r=0.5, tau=0.5, theta=0.7858",trust,sensitivity_1,3600D531-0C55-44A7-AE95-A7A38519464E,1032,15,12,27,178,12,8,17.2,0.872093023255814,0.17248062015503876,1.5697674418604652,0.6976744186046512,0.46511627906976744,11.866666666666667,16,1.0,0.9375,1.0,0.0625,0.13020833333333331,15,412,13.5,0.0,0.0625,0.9375,16,1.0,1.4375,1.0,0.0625,0.19166666666666665,23,412,11.0,0.0625,0.0625,0.9375
test,"r=0.5, tau=0.5, theta=0.7858",trust,sensitivity_1,4FC32141-E888-4BFF-8804-12559A491D8C,967,6,2,8,383,0,0,16.116666666666667,0.37228541882109617,0.3960703205791106,0.4963805584281282,0.0,0.0,63.833333333333336,16,0.0,1.0625,0.0,0.0625,0.11041666666666666,17,412,13.0,0.3125,0.5625,0.9375,16,1.0,1.0,1.0,0.0,0.121875,16,412,5.0,0.25,0.1875,1.0
test,"r=0.5, tau=0.5, theta=0.7858",trust,sensitivity_1,5119D0F8-FCA8-4184-A4EB-19421A40DE0D,1295,16,16,32,276,10,6,21.583333333333332,0.7413127413127414,0.21312741312741312,1.4826254826254828,0.46332046332046334,0.277992277992278,17.25,16,1.0,0.625,1.0,0.0,0.08645833333333333,10,412,4.0,0.0,0.25,1.0,16,1.0,1.4375,1.0,0.0625,0.17395833333333333,23,412,4.0,0.0,0.0625,0.9375
test,"r=0.5, tau=0.5, theta=0.7858",trust,sensitivity_1,5152A2DF-FAF3-4BA8-9CA9-E66B32671A53,1295,29,28,57,534,31,16,21.583333333333332,1.3436293436293436,0.41235521235521233,2.640926640926641,1.4362934362934363,0.7413127413127414,18.413793103448278,16,1.0,0.9375,1.0,0.0625,0.11979166666666667,15,412,21.5,0.0625,0.1875,0.9375,16,0.0,1.125,0.0,0.0625,0.11562499999999999,18,412,11.5,0.1875,0.4375,0.9375
test,"r=0.5, tau=0.5, theta=0.7858",trust,sensitivity_1,5EF64122-B513-46AE-BCF1-E62AAC285D2C,754,3,2,5,8,2,2,12.566666666666666,0.2387267904509284,0.010610079575596816,0.3978779840848806,0.15915119363395225,0.15915119363395225,2.6666666666666665,16,1.0,1.125,1.0,0.0625,0.165625,21,412,4.0,0.0,0.0,0.9375,16,1.0,0.9375,1.0,0.0,0.1125,15,412,4.0,0.0,0.0,1.0
test,"r=0.5, tau=0.5, theta=0.7858",trust,sensitivity_1,61976C24-1C50-4355-9C49-AAE44A7D09F6,1717,9,9,18,95,5,3,28.616666666666667,0.31450203843913804,0.0553290623179965,0.6290040768782761,0.17472335468841002,0.10483401281304601,10.555555555555555,16,1.0,3.25,1.0,0.125,0.28125,93,412,4.0,0.0,0.125,0.8125,16,1.0,1.3125,1.0,0.0,0.171875,25,412,4.0,0.0,0.0,1.0
test,"r=0.5, tau=0.5, theta=0.7858",trust,sensitivity_1,78A91A4E-4A51-4065-BDA7-94755F0BB3BB,2371,14,14,28,445,7,4,39.516666666666666,0.35428089413749475,0.18768452129902993,0.7085617882749895,0.17714044706874738,0.10122311261071278,31.785714285714285,16,1.0,1.625,1.0,0.0625,0.21041666666666667,41,412,5.0,0.0625,0.1875,0.875,16,1.0,1.0,1.0,0.0,0.10833333333333332,19,412,5.0,0.125,0.125,1.0
test,"r=0.5, tau=0.5, theta=0.7858",trust,sensitivity_1,7CE37510-56D0-4120-A1CF-0E23351428D2,1924,16,15,31,214,12,7,32.06666666666667,0.49896049896049893,0.11122661122661123,0.9667359667359666,0.3742203742203742,0.21829521829521828,13.375,16,1.0,0.75,1.0,0.0,0.07083333333333333,12,412,5.0,0.0,0.25,1.0,16,1.0,1.0625,1.0,0.0625,0.175,31,412,4.0,0.0,0.0625,0.875
test,"r=0.5, tau=0.5, theta=0.7858",trust,sensitivity_1,8023FE1A-D3B0-4E2C-A57A-9321B7FC755F,1809,22,22,44,542,13,7,30.15,0.7296849087893864,0.2996130458817026,1.4593698175787728,0.4311774461028193,0.23217247097844113,24.636363636363637,16,1.0,0.9375,1.0,0.0625,0.171875,15,412,5.0,0.0625,0.125,0.9375,16,1.0,1.0,1.0,0.0,0.11979166666666666,16,412,4.0,0.0625,0.1875,1.0
test,"r=0.5, tau=0.5, theta=0.7858",trust,sensitivity_1,83CF687B-7CEC-434B-9FE8-00C3D5799BE6,1879,14,13,27,989,6,2,31.316666666666666,0.44704630122405536,0.5263437998935604,0.8621607237892496,0.19159127195316658,0.06386375731772219,70.64285714285714,16,0.5,0.5625,0.5,0.0,0.07083333333333333,9,412,46.0,0.4375,0.5,1.0,16,0.0,0.5625,0.0,0.0,0.07604166666666666,9,412,17.0,0.25,0.5625,1.0
test,"r=0.5, tau=0.5, theta=0.7858",trust,sensitivity_1,9759096F-1119-4E19-A0AD-6F16989C7E1C,1954,17,15,32,592,6,4,32.56666666666667,0.5220061412487205,0.3029682702149437,0.9825997952917093,0.18423746161719548,0.12282497441146366,34.8235294117647,16,1.0,0.875,1.0,0.0,0.10520833333333333,14,412,4.5,0.3125,0.375,1.0,16,1.0,0.9375,1.0,0.0,0.09375,15,412,5.5,0.1875,0.25,1.0
test,"r=0.5, tau=0.5, theta=0.7858",trust,sensitivity_1,9DC38D04-E82E-4F29-AB52-B476535226F2,1909,28,27,55,689,21,11,31.816666666666666,0.8800419067574646,0.3609219486642221,1.7286537454164483,0.6600314300680985,0.34573074908328966,24.607142857142858,16,1.0,1.4375,1.0,0.0,0.08229166666666667,23,412,20.0,0.125,0.375,1.0,16,1.0,1.125,1.0,0.0,0.10416666666666666,18,412,9.5,0.0625,0.25,1.0
test,"r=0.5, tau=0.5, theta=0.7858",trust,sensitivity_1,A5CDF89D-02A2-4EC1-89F8-F534FDABDD96,1179,13,12,25,366,7,4,19.65,0.6615776081424937,0.3104325699745547,1.272264631043257,0.356234096692112,0.20356234096692113,28.153846153846153,16,0.5,0.5,0.5,0.0,0.065625,8,412,14.5,0.1875,0.375,1.0,16,0.0,1.25,0.0,0.0,0.020833333333333332,20,412,26.5,0.1875,0.625,1.0
test,"r=0.5, tau=0.5, theta=0.7858",trust,sensitivity_1,A76A5AF5-5A93-4CF2-A16E-62353BB70E8A,1475,1,1,2,8,0,0,24.583333333333332,0.04067796610169492,0.005423728813559322,0.08135593220338984,0.0,0.0,8.0,16,2.0,2.1875,2.0,0.0625,0.23333333333333334,35,412,4.5,0.0,0.0,0.9375,16,1.0,1.9375,1.0,0.125,0.24479166666666666,28,412,4.0,0.0625,0.0,0.875
test,"r=0.5, tau=0.5, theta=0.7858",trust,sensitivity_1,B09E373F-8A54-44C8-895B-0039390B859F,1597,18,15,33,599,13,6,26.616666666666667,0.6762680025046963,0.37507827175954916,1.2398246712586098,0.4884157795867251,0.22542266750156542,33.27777777777778,16,1.0,2.5625,1.0,0.0,0.16666666666666666,66,412,6.5,0.3125,0.375,0.9375,16,0.5,0.75,0.5,0.0,0.07083333333333333,13,412,13.0,0.3125,0.5,1.0
test,"r=0.5, tau=0.5, theta=0.7858",trust,sensitivity_1,B9724848-C7E2-45F4-9B3F-A1F38D864495,1497,10,9,19,522,5,3,24.95,0.40080160320641284,0.3486973947895792,0.7615230460921844,0.20040080160320642,0.12024048096192386,52.2,16,1.0,0.75,1.0,0.0,0.08541666666666667,12,412,4.0,0.1875,0.3125,1.0,16,1.0,0.6875,1.0,0.0,0.046875,11,412,6.0,0.3125,0.375,1.0
test,"r=0.5, tau=0.5, theta=0.7858",trust,sensitivity_1,BE3CA5A6-A561-4BBD-B7C9-5DF6805400FC,1633,9,7,16,988,3,1,27.216666666666665,0.3306797305572566,0.605021432945499,0.5878750765462339,0.11022657685241886,0.03674219228413962,109.77777777777777,16,1.0,4.5,1.0,0.0625,0.16458333333333333,72,412,32.5,0.4375,0.375,0.9375,16,0.0,0.3125,0.0,0.0,0.051041666666666666,5,412,60.0,0.6875,0.6875,1.0
test,"r=0.5, tau=0.5, theta=0.7858",trust,sensitivity_1,C48CE857-A0DD-4DDB-BEA5-3A25449B2153,937,3,3,6,60,0,0,15.616666666666667,0.192102454642476,0.064034151547492,0.384204909284952,0.0,0.0,20.0,16,1.0,1.375,1.0,0.0,0.17604166666666665,22,412,4.0,0.0,0.0625,1.0,16,1.0,1.125,1.0,0.0,0.11875,18,412,4.0,0.0,0.0625,1.0
test,"r=0.5, tau=0.5, theta=0.7858",trust,sensitivity_1,CA820D43-E5E2-42EF-9798-BE56F776370B,1543,28,28,56,805,12,7,25.716666666666665,1.0887880751782244,0.5217109526895658,2.177576150356449,0.4666234607906676,0.2721970187945561,28.75,16,0.0,0.125,0.0,0.0,0.02395833333333333,3,412,20.5,0.0625,0.625,0.9375,16,0.0,0.4375,0.0,0.0,0.07708333333333332,7,412,21.0,0.125,0.5625,1.0
test,"r=0.5, tau=0.5, theta=0.7858",trust,sensitivity_1,CDA3BBF7-6631-45E8-85BA-EEB416B32A3C,537,1,0,1,8,0,0,8.95,0.111731843575419,0.0148975791433892,0.111731843575419,0.0,0.0,8.0,16,1.0,1.3125,1.0,0.0,0.13958333333333334,21,412,4.0,0.0,0.0,1.0,16,1.0,1.125,1.0,0.0,0.13333333333333333,18,412,4.0,0.0,0.0,1.0
test,"r=0.5, tau=0.5, theta=0.7858",trust,sensitivity_1,CF722AA9-2533-4E51-9FEB-9EAC84EE9AAC,694,13,11,24,231,12,5,11.566666666666666,1.1239193083573487,0.33285302593659943,2.07492795389049,1.037463976945245,0.43227665706051877,17.76923076923077,16,1.0,0.625,1.0,0.0,0.07708333333333334,10,412,7.5,0.0625,0.1875,1.0,16,1.0,1.875,1.0,0.125,0.2635416666666667,34,412,8.5,0.125,0.3125,0.8125
test,"r=0.5, tau=0.5, theta=0.7858",trust,sensitivity_1,D7D20E2E-FC78-405D-B346-DBD3FD8FC92B,1212,10,10,20,267,3,3,20.2,0.49504950495049505,0.2202970297029703,0.9900990099009901,0.1485148514851485,0.1485148514851485,26.7,16,1.0,0.9375,1.0,0.0,0.08541666666666667,15,412,5.0,0.0625,0.125,1.0,16,1.0,0.8125,1.0,0.0,0.07291666666666667,13,412,5.0,0.0625,0.1875,1.0
test,"r=0.5, tau=0.5, theta=0.7858",trust,sensitivity_1,E65577C1-8D5D-4F70-AF23-B3ADB9D3DBA3,657,2,2,4,296,1,1,10.95,0.18264840182648404,0.4505327245053272,0.36529680365296807,0.09132420091324202,0.09132420091324202,148.0,16,0.0,0.3125,0.0,0.0,0.03125,5,412,21.5,0.375,0.6875,1.0,16,0.0,0.4375,0.0,0.0,0.04791666666666666,6,412,60.0,0.5625,0.6875,1.0
test,"r=0.5, tau=0.5, theta=0.7858",trust,sensitivity_1,ECECC2AB-D32F-4F90-B74C-E12A1C69BBE2,677,4,4,8,83,3,2,11.283333333333333,0.35450516986706054,0.12259970457902511,0.7090103397341211,0.2658788774002954,0.17725258493353027,20.75,16,1.0,1.25,1.0,0.0,0.15520833333333334,20,412,4.0,0.0,0.125,1.0,16,1.0,1.0625,1.0,0.0,0.12708333333333333,17,412,4.0,0.0625,0.0,1.0
test,"r=0.5, tau=0.5, theta=0.7858",trust,sensitivity_1,FDAA70A1-42A3-4E3F-9AE3-3FDA412E03BF,966,8,7,15,289,3,2,16.1,0.49689440993788814,0.2991718426501035,0.9316770186335402,0.18633540372670807,0.12422360248447203,36.125,16,0.0,0.25,0.0,0.0,0.04479166666666667,4,412,13.5,0.0625,0.5625,1.0,16,0.0,0.4375,0.0,0.0,0.09166666666666666,7,412,16.0,0.125,0.6875,1.0
test,"alpha=0.01, beta=0.4898",sprt,sensitivity_1,00EABED2-271D-49D8-B599-1D4A09240601,408,6,5,11,110,2,1,6.8,0.8823529411764706,0.2696078431372549,1.6176470588235294,0.29411764705882354,0.14705882352941177,18.333333333333332,16,0.0,0.1875,0.0,0.0,0.06666666666666667,26,412,0.0,0.0625,0.25,1.0,16,0.0,0.0625,0.0,0.0,0.00625,1,412,0.0,0.125,0.3125,1.0
test,"alpha=0.01, beta=0.4898",sprt,sensitivity_1,098A72A5-E3E5-4F54-A152-BBDA0DF7B694,1334,6,5,11,21,4,4,22.233333333333334,0.2698650674662669,0.015742128935532233,0.4947526236881559,0.17991004497751123,0.17991004497751123,3.5,16,0.0,0.625,0.0,0.0,0.08645833333333333,32,412,0.0,0.0,0.0,0.9375,16,0.0,1.1875,0.0,0.0,0.10208333333333333,20,412,0.0,0.0,0.0,1.0
test,"alpha=0.01, beta=0.4898",sprt,sensitivity_1,0A986513-7828-4D53-AA1F-E02D6DF9561B,763,7,7,14,37,6,5,12.716666666666667,0.5504587155963303,0.04849279161205767,1.1009174311926606,0.47182175622542594,0.3931847968545216,5.285714285714286,16,0.0,1.1875,0.0,0.125,0.196875,30,412,1.0,0.0,0.1875,0.875,16,0.0,0.375,0.0,0.0,0.030208333333333334,6,412,2.0,0.0,0.125,1.0
test,"alpha=0.01, beta=0.4898",sprt,sensitivity_1,11B5EC4D-4133-4289-B475-4E737182A406,1740,10,10,20,56,5,4,29.0,0.3448275862068966,0.03218390804597701,0.6896551724137931,0.1724137931034483,0.13793103448275862,5.6,16,0.0,1.125,0.0,0.0625,0.1125,22,412,0.0,0.0,0.0625,0.9375,16,0.0,0.5,0.0,0.0,0.016666666666666666,13,412,0.0,0.0,0.0,1.0
test,"alpha=0.01, beta=0.4898",sprt,sensitivity_1,136562B6-95B2-483D-88DC-065F28409FD2,1215,7,7,14,59,4,3,20.25,0.345679012345679,0.048559670781893,0.691358024691358,0.19753086419753085,0.14814814814814814,8.428571428571429,16,0.0,0.3125,0.0,0.0625,0.06979166666666667,5,412,0.0,0.0,0.0625,0.9375,16,0.0,0.6875,0.0,0.0625,0.1125,11,412,0.0,0.0,0.0,0.9375
test,"alpha=0.01, beta=0.4898",sprt,sensitivity_1,1538C99F-BA1E-4EFB-A949-6C7C47701B20,1281,5,5,10,88,5,4,21.35,0.23419203747072598,0.06869633099141297,0.46838407494145196,0.23419203747072598,0.18735362997658078,17.6,16,0.0,0.0625,0.0,0.0,0.0375,31,412,0.0,0.0,0.0,0.9375,16,0.0,0.0625,0.0,0.0,0.020833333333333332,1,412,0.0,0.0,0.1875,1.0
test,"alpha=0.01, beta=0.4898",sprt,sensitivity_1,24E40C4C-A349-4F9F-93AB-01D00FB994AF,926,10,10,20,220,3,2,15.433333333333334,0.6479481641468683,0.23758099352051837,1.2958963282937366,0.19438444924406048,0.12958963282937364,22.0,16,0.0,4.125,0.0,0.0625,0.18333333333333332,86,412,3.5,0.0,0.25,0.8125,16,1.5,9.625,1.5,0.1875,0.371875,152,412,3.0,0.0,0.125,0.8125
test,"alpha=0.01, beta=0.4898",sprt,sensitivity_1,2C32C23E-E30C-498A-8DD2-0EFB9150A02E,1675,13,13,26,59,9,9,27.916666666666668,0.46567164179104475,0.03522388059701492,0.9313432835820895,0.32238805970149254,0.32238805970149254,4.538461538461538,16,0.0,0.5625,0.0,0.0,0.090625,48,412,0.0,0.0,0.0,0.8125,16,0.0,0.25,0.0,0.0,0.075,14,412,0.0,0.0,0.0625,0.9375
test,"alpha=0.01, beta=0.4898",sprt,sensitivity_1,3600D531-0C55-44A7-AE95-A7A38519464E,1032,10,8,18,60,7,6,17.2,0.5813953488372093,0.05813953488372093,1.0465116279069768,0.4069767441860465,0.3488372093023256,6.0,16,0.0,2.375,0.0,0.0625,0.08333333333333333,43,412,1.0,0.0,0.0,0.875,16,1.0,2.4375,1.0,0.125,0.21875,39,412,1.0,0.0,0.0,0.875
test,"alpha=0.01, beta=0.4898",sprt,sensitivity_1,4FC32141-E888-4BFF-8804-12559A491D8C,967,4,2,6,39,0,0,16.116666666666667,0.2481902792140641,0.04033092037228542,0.37228541882109617,0.0,0.0,9.75,16,1.0,3.6875,1.0,0.1875,0.3177083333333333,82,412,1.0,0.0625,0.125,0.8125,16,0.0,3.0,0.0,0.125,0.15833333333333333,61,412,0.0,0.0625,0.0,0.875
test,"alpha=0.01, beta=0.4898",sprt,sensitivity_1,5119D0F8-FCA8-4184-A4EB-19421A40DE0D,1295,13,13,26,80,8,6,21.583333333333332,0.6023166023166023,0.06177606177606178,1.2046332046332047,0.3706563706563707,0.277992277992278,6.153846153846154,16,0.0,0.0,0.0,0.0,0.0,0,412,0.0,0.0,0.125,1.0,16,0.0,1.0625,0.0,0.125,0.165625,34,412,0.0,0.0,0.0,0.75
test,"alpha=0.01, beta=0.4898",sprt,sensitivity_1,5152A2DF-FAF3-4BA8-9CA9-E66B32671A53,1295,9,9,18,91,4,4,21.583333333333332,0.416988416988417,0.07027027027027027,0.833976833976834,0.18532818532818535,0.18532818532818535,10.11111111111111,16,0.0,0.4375,0.0,0.0625,0.07916666666666666,8,412,1.5,0.0,0.0,0.9375,16,0.0,1.4375,0.0,0.1875,0.2729166666666667,41,412,1.0,0.0,0.0625,0.75
test,"alpha=0.01, beta=0.4898",sprt,sensitivity_1,5EF64122-B513-46AE-BCF1-E62AAC285D2C,754,6,6,12,12,6,6,12.566666666666666,0.4774535809018568,0.015915119363395226,0.9549071618037136,0.4774535809018568,0.4774535809018568,2.0,16,0.0,0.1875,0.0,0.0625,0.06666666666666667,7,412,0.0,0.0,0.0,0.9375,16,0.0,0.1875,0.0,0.0,0.003125,3,412,0.0,0.0,0.1875,1.0
test,"alpha=0.01, beta=0.4898",sprt,sensitivity_1,61976C24-1C50-4355-9C49-AAE44A7D09F6,1717,2,2,4,9,2,2,28.616666666666667,0.06988934187536401,0.0052417006406523005,0.13977868375072802,0.06988934187536401,0.06988934187536401,4.5,16,0.0,4.125,0.0,0.125,0.21354166666666666,97,412,0.0,0.0,0.0,0.8125,16,0.0,0.4375,0.0,0.0,0.12395833333333332,24,412,0.0,0.0,0.0,1.0
test,"alpha=0.01, beta=0.4898",sprt,sensitivity_1,78A91A4E-4A51-4065-BDA7-94755F0BB3BB,2371,29,29,58,266,21,16,39.516666666666666,0.7338675664276677,0.11218894981020666,1.4677351328553354,0.5314213412062421,0.4048924504428511,9.172413793103448,16,0.0,2.1875,0.0,0.0625,0.18437499999999998,77,412,0.0,0.0,0.1875,0.8125,16,0.0,1.0,0.0,0.0,0.046875,40,412,0.0,0.0,0.125,0.9375
test,"alpha=0.01, beta=0.4898",sprt,sensitivity_1,7CE37510-56D0-4120-A1CF-0E23351428D2,1924,21,20,41,96,22,14,32.06666666666667,0.6548856548856549,0.0498960498960499,1.2785862785862785,0.686070686070686,0.43659043659043656,4.571428571428571,16,0.0,0.1875,0.0,0.0625,0.07083333333333333,7,412,0.0,0.0,0.0625,0.9375,16,0.0,0.1875,0.0,0.0625,0.08541666666666667,25,412,0.0,0.0,0.0,0.875
test,"alpha=0.01, beta=0.4898",sprt,sensitivity_1,8023FE1A-D3B0-4E2C-A57A-9321B7FC755F,1809,36,36,72,297,28,20,30.15,1.1940298507462688,0.16417910447761194,2.3880597014925375,0.9286898839137645,0.6633499170812603,8.25,16,0.0,0.1875,0.0,0.0625,0.0625,3,412,0.0,0.0,0.0625,0.9375,16,0.0,0.3125,0.0,0.0,0.011458333333333334,6,412,0.0,0.0,0.0625,1.0
test,"alpha=0.01, beta=0.4898",sprt,sensitivity_1,83CF687B-7CEC-434B-9FE8-00C3D5799BE6,1879,30,30,60,438,18,9,31.316666666666666,0.9579563597658329,0.233102714209686,1.9159127195316659,0.5747738158594997,0.28738690792974986,14.6,16,0.0,0.3125,0.0,0.0,0.03125,5,412,2.5,0.0,0.25,1.0,16,0.0,0.25,0.0,0.0,0.025,4,412,4.5,0.0,0.3125,1.0
test,"alpha=0.01, beta=0.4898",sprt,sensitivity_1,9759096F-1119-4E19-A0AD-6F16989C7E1C,1954,23,23,46,293,21,13,32.56666666666667,0.706243602865916,0.14994882292732856,1.412487205731832,0.6448311156601841,0.39918116683725685,12.73913043478261,16,0.0,0.6875,0.0,0.0,0.103125,38,412,0.0,0.125,0.25,0.9375,16,0.0,1.0625,0.0,0.125,0.15104166666666666,30,412,0.0,0.0625,0.1875,0.875
test,"alpha=0.01, beta=0.4898",sprt,sensitivity_1,9DC38D04-E82E-4F29-AB52-B476535226F2,1909,16,16,32,141,8,7,31.816666666666666,0.5028810895756941,0.07386066003143006,1.0057621791513882,0.25144054478784705,0.22001047668936616,8.8125,16,0.0,1.8125,0.0,0.0,0.14166666666666666,60,412,1.5,0.0,0.0625,0.9375,16,0.0,1.25,0.0,0.0625,0.171875,45,412,0.0,0.0,0.0,0.8125
test,"alpha=0.01, beta=0.4898",sprt,sensitivity_1,A5CDF89D-02A2-4EC1-89F8-F534FDABDD96,1179,20,20,40,143,16,9,19.65,1.0178117048346056,0.12128922815945717,2.035623409669211,0.8142493638676845,0.45801526717557256,7.15,16,0.0,0.5,0.0,0.125,0.18541666666666665,17,412,1.0,0.0,0.125,0.8125,16,0.0,1.9375,0.0,0.0625,0.08750000000000001,31,412,2.0,0.0,0.125,0.9375
test,"alpha=0.01, beta=0.4898",sprt,sensitivity_1,A76A5AF5-5A93-4CF2-A16E-62353BB70E8A,1475,1,1,2,4,1,1,24.583333333333332,0.04067796610169492,0.002711864406779661,0.08135593220338984,0.04067796610169492,0.04067796610169492,4.0,16,0.5,5.3125,0.5,0.125,0.24166666666666667,115,412,0.0,0.0,0.0,0.8125,16,0.0,1.25,0.0,0.125,0.2,40,412,0.0,0.0,0.0,0.8125
test,"alpha=0.01, beta=0.4898",sprt,sensitivity_1,B09E373F-8A54-44C8-895B-0039390B859F,1597,14,13,27,63,10,9,26.616666666666667,0.5259862241703194,0.039448966812773954,1.0144020037570445,0.37570444583594237,0.33813400125234816,4.5,16,0.0,5.5,0.0,0.0625,0.21354166666666666,116,412,0.5,0.0,0.0,0.875,16,0.0,5.875,0.0,0.0,0.14166666666666666,94,412,1.0,0.0,0.0625,1.0
test,"alpha=0.01, beta=0.4898",sprt,sensitivity_1,B9724848-C7E2-45F4-9B3F-A1F38D864495,1497,21,19,40,386,12,6,24.95,0.841683366733467,0.2578490313961256,1.6032064128256514,0.4809619238476954,0.2404809619238477,18.38095238095238,16,0.0,0.0,0.0,0.0,0.0,0,412,0.0,0.0625,0.3125,1.0,16,0.0,0.1875,0.0,0.0,0.015625,12,412,0.0,0.0625,0.3125,1.0
test,"alpha=0.01, beta=0.4898",sprt,sensitivity_1,BE3CA5A6-A561-4BBD-B7C9-5DF6805400FC,1633,10,10,20,567,0,0,27.216666666666665,0.36742192284139624,0.3472137170851194,0.7348438456827925,0.0,0.0,56.7,16,1.0,6.75,1.0,0.1875,0.25416666666666665,106,412,1.5,0.0625,0.1875,0.8125,16,0.0,1.4375,0.0,0.0,0.165625,64,412,38.5,0.25,0.625,0.9375
test,"alpha=0.01, beta=0.4898",sprt,sensitivity_1,C48CE857-A0DD-4DDB-BEA5-3A25449B2153,937,3,3,6,16,2,2,15.616666666666667,0.192102454642476,0.017075773745997867,0.384204909284952,0.128068303094984,0.128068303094984,5.333333333333333,16,0.0,0.625,0.0,0.0,0.11249999999999999,12,412,0.0,0.0,0.0,1.0,16,0.0,0.25,0.0,0.0,0.005208333333333333,5,412,0.0,0.0,0.0,1.0
test,"alpha=0.01, beta=0.4898",sprt,sensitivity_1,CA820D43-E5E2-42EF-9798-BE56F776370B,1543,36,36,72,331,26,16,25.716666666666665,1.3998703823720027,0.21451717433570966,2.7997407647440054,1.0110174983797797,0.6221646143875568,9.194444444444445,16,0.0,0.6875,0.0,0.0625,0.06145833333333333,28,412,1.5,0.0,0.25,0.875,16,0.0,0.125,0.0,0.0,0.06041666666666666,11,412,1.0,0.0,0.25,0.9375
test,"alpha=0.01, beta=0.4898",sprt,sensitivity_1,CDA3BBF7-6631-45E8-85BA-EEB416B32A3C,537,2,2,4,8,1,1,8.95,0.223463687150838,0.0148975791433892,0.446927374301676,0.111731843575419,0.111731843575419,4.0,16,0.0,1.0,0.0,0.0625,0.11875,19,412,0.0,0.0,0.0,0.9375,16,0.0,0.3125,0.0,0.0,0.049999999999999996,9,412,0.0,0.0,0.0,1.0
test,"alpha=0.01, beta=0.4898",sprt,sensitivity_1,CF722AA9-2533-4E51-9FEB-9EAC84EE9AAC,694,5,5,10,41,3,1,11.566666666666666,0.43227665706051877,0.059077809798270896,0.8645533141210375,0.25936599423631124,0.08645533141210375,8.2,16,0.0,0.625,0.0,0.0,0.029166666666666667,11,412,1.0,0.0,0.0625,1.0,16,0.0,2.875,0.0,0.25,0.25,46,412,0.0,0.0,0.0625,0.75
test,"alpha=0.01, beta=0.4898",sprt,sensitivity_1,D7D20E2E-FC78-405D-B346-DBD3FD8FC92B,1212,14,14,28,159,7,5,20.2,0.6930693069306931,0.1311881188118812,1.3861386138613863,0.34653465346534656,0.24752475247524752,11.357142857142858,16,0.0,0.1875,0.0,0.0,0.03333333333333333,3,412,0.0,0.0,0.125,1.0,16,0.5,0.8125,0.5,0.0625,0.140625,16,412,0.0,0.0,0.0,0.9375
test,"alpha=0.01, beta=0.4898",sprt,sensitivity_1,E65577C1-8D5D-4F70-AF23-B3ADB9D3DBA3,657,9,9,18,266,7,4,10.95,0.8219178082191781,0.4048706240487062,1.6438356164383563,0.6392694063926941,0.36529680365296807,29.555555555555557,16,0.0,0.0,0.0,0.0,0.010416666666666666,5,412,5.5,0.1875,0.5625,1.0,16,0.0,0.4375,0.0,0.0,0.04791666666666666,9,412,19.5,0.25,0.5625,1.0
test,"alpha=0.01, beta=0.4898",sprt,sensitivity_1,ECECC2AB-D32F-4F90-B74C-E12A1C69BBE2,677,3,3,6,32,1,1,11.283333333333333,0.2658788774002954,0.047267355982274745,0.5317577548005908,0.08862629246676514,0.08862629246676514,10.666666666666666,16,0.0,0.5,0.0,0.0,0.08958333333333333,9,412,0.0,0.0,0.0,1.0,16,0.0,0.0625,0.0,0.0,0.008333333333333333,3,412,0.0,0.0,0.0,1.0
test,"alpha=0.01, beta=0.4898",sprt,sensitivity_1,FDAA70A1-42A3-4E3F-9AE3-3FDA412E03BF,966,10,9,19,112,5,4,16.1,0.6211180124223602,0.11594202898550725,1.1801242236024843,0.3105590062111801,0.24844720496894407,11.2,16,0.0,0.1875,0.0,0.0,0.018750000000000003,15,412,2.0,0.0,0.25,1.0,16,0.0,1.9375,0.0,0.0625,0.10104166666666667,37,412,3.0,0.0,0.3125,0.9375
test,"rho=0.0001, theta=0.9989",hmm,sensitivity_1,00EABED2-271D-49D8-B599-1D4A09240601,408,6,4,10,125,2,2,6.8,0.8823529411764706,0.30637254901960786,1.4705882352941178,0.29411764705882354,0.29411764705882354,20.833333333333332,16,0.0,0.25,0.0,0.0,0.04791666666666666,8,412,3.0,0.1875,0.25,1.0,16,0.0,0.0,0.0,0.0,0.0,0,412,3.0,0.125,0.3125,1.0
test,"rho=0.0001, theta=0.9989",hmm,sensitivity_1,098A72A5-E3E5-4F54-A152-BBDA0DF7B694,1334,6,6,12,13,6,6,22.233333333333334,0.2698650674662669,0.009745127436281859,0.5397301349325337,0.2698650674662669,0.2698650674662669,2.1666666666666665,16,0.0,1.1875,0.0,0.0625,0.121875,17,412,3.0,0.0,0.0,0.9375,16,0.0,0.9375,0.0,0.0,0.09166666666666666,15,412,3.0,0.0,0.0,1.0
test,"rho=0.0001, theta=0.9989",hmm,sensitivity_1,0A986513-7828-4D53-AA1F-E02D6DF9561B,763,7,7,14,45,8,5,12.716666666666667,0.5504587155963303,0.05897771952817824,1.1009174311926606,0.6290956749672346,0.3931847968545216,6.428571428571429,16,0.0,1.125,0.0,0.125,0.159375,17,412,5.5,0.0,0.125,0.875,16,0.0,0.3125,0.0,0.0,0.009375,5,412,5.5,0.0,0.0625,1.0
test,"rho=0.0001, theta=0.9989",hmm,sensitivity_1,11B5EC4D-4133-4289-B475-4E737182A406,1740,8,8,16,49,4,3,29.0,0.27586206896551724,0.028160919540229885,0.5517241379310345,0.13793103448275862,0.10344827586206896,6.125,16,0.0,0.9375,0.0,0.0625,0.09895833333333333,12,412,3.0,0.0,0.0625,0.9375,16,0.5,1.0625,0.5,0.0625,0.090625,20,412,3.0,0.0,0.0,0.9375
test,"rho=0.0001, theta=0.9989",hmm,sensitivity_1,136562B6-95B2-483D-88DC-065F28409FD2,1215,7,7,14,56,4,3,20.25,0.345679012345679,0.04609053497942387,0.691358024691358,0.19753086419753085,0.14814814814814814,8.0,16,0.0,0.8125,0.0,0.0625,0.08020833333333334,9,412,3.0,0.0,0.0625,0.9375,16,0.0,0.75,0.0,0.0,0.06354166666666666,11,412,3.0,0.0,0.0,1.0
test,"rho=0.0001, theta=0.9989",hmm,sensitivity_1,1538C99F-BA1E-4EFB-A949-6C7C47701B20,1281,5,5,10,92,5,4,21.35,0.23419203747072598,0.07181889149102264,0.46838407494145196,0.23419203747072598,0.18735362997658078,18.4,16,0.0,0.0625,0.0,0.0,0.030208333333333334,29,412,3.0,0.0,0.0,0.9375,16,0.0,0.375,0.0,0.0625,0.075,5,412,3.0,0.0625,0.125,0.9375
test,"rho=0.0001, theta=0.9989",hmm,sensitivity_1,24E40C4C-A349-4F9F-93AB-01D00FB994AF,926,10,9,19,225,7,5,15.433333333333334,0.6479481641468683,0.24298056155507558,1.2311015118790496,0.4535637149028078,0.32397408207343414,22.5,16,0.0,3.125,0.0,0.125,0.184375,54,412,9.0,0.0625,0.1875,0.8125,16,2.0,10.0,1.5,0.1875,0.3822916666666667,157,412,5.5,0.0625,0.0625,0.75
test,"rho=0.0001, theta=0.9989",hmm,sensitivity_1,2C32C23E-E30C-498A-8DD2-0EFB9150A02E,1675,13,13,26,31,12,11,27.916666666666668,0.46567164179104475,0.018507462686567163,0.9313432835820895,0.4298507462686567,0.3940298507462686,2.3846153846153846,16,0.0,1.125,0.0,0.0625,0.12708333333333333,34,412,2.5,0.0,0.0,0.8125,16,0.0,0.75,0.0,0.0,0.05729166666666667,12,412,3.0,0.0,0.0625,1.0
test,"rho=0.0001, theta=0.9989",hmm,sensitivity_1,3600D531-0C55-44A7-AE95-A7A38519464E,1032,6,4,10,31,5,4,17.2,0.3488372093023256,0.030038759689922482,0.5813953488372093,0.29069767441860467,0.23255813953488372,5.166666666666667,16,0.0,2.3125,0.0,0.0625,0.08645833333333333,34,412,6.5,0.0,0.0,0.9375,16,1.0,2.375,1.0,0.0625,0.19583333333333333,37,412,5.0,0.0,0.0,0.9375
test,"rho=0.0001, theta=0.9989",hmm,sensitivity_1,4FC32141-E888-4BFF-8804-12559A491D8C,967,3,1,4,64,0,0,16.116666666666667,0.18614270941054809,0.06618407445708377,0.2481902792140641,0.0,0.0,21.333333333333332,16,1.0,4.875,1.0,0.125,0.3020833333333333,77,412,4.5,0.125,0.125,0.875,16,1.0,3.4375,1.0,0.125,0.23645833333333333,61,412,2.0,0.0625,0.0,0.875
test,"rho=0.0001, theta=0.9989",hmm,sensitivity_1,5119D0F8-FCA8-4184-A4EB-19421A40DE0D,1295,13,13,26,73,8,7,21.583333333333332,0.6023166023166023,0.05637065637065637,1.2046332046332047,0.3706563706563707,0.32432432432432434,5.615384615384615,16,0.0,0.4375,0.0,0.0,0.011458333333333334,6,412,3.0,0.0,0.125,1.0,16,0.0,1.125,0.0,0.125,0.16145833333333334,41,412,3.0,0.0,0.0,0.875
test,"rho=0.0001, theta=0.9989",hmm,sensitivity_1,5152A2DF-FAF3-4BA8-9CA9-E66B32671A53,1295,16,16,32,78,14,12,21.583333333333332,0.7413127413127414,0.06023166023166023,1.4826254826254828,0.6486486486486487,0.555984555984556,4.875,16,0.0,0.625,0.0,0.0625,0.09270833333333334,10,412,9.0,0.0,0.0625,0.9375,16,0.0,1.3125,0.0,0.125,0.17291666666666666,22,412,5.0,0.0625,0.0,0.875
test,"rho=0.0001, theta=0.9989",hmm,sensitivity_1,5EF64122-B513-46AE-BCF1-E62AAC285D2C,754,4,3,7,10,3,3,12.566666666666666,0.3183023872679045,0.013262599469496022,0.5570291777188329,0.2387267904509284,0.2387267904509284,2.5,16,0.0,0.3125,0.0,0.0625,0.08020833333333334,15,412,3.0,0.0,0.0,0.9375,16,0.0,0.4375,0.0,0.0,0.035416666666666666,9,412,3.0,0.0,0.1875,1.0
test,"rho=0.0001, theta=0.9989",hmm,sensitivity_1,61976C24-1C50-4355-9C49-AAE44A7D09F6,1717,5,5,10,12,4,4,28.616666666666667,0.17472335468841002,0.006988934187536401,0.34944670937682004,0.13977868375072802,0.13977868375072802,2.4,16,0.0,4.0,0.0,0.125,0.2125,97,412,3.0,0.0,0.0,0.8125,16,0.0,0.75,0.0,0.0,0.125,26,412,3.0,0.0,0.0,0.9375
test,"rho=0.0001, theta=0.9989",hmm,sensitivity_1,78A91A4E-4A51-4065-BDA7-94755F0BB3BB,2371,19,19,38,288,14,10,39.516666666666666,0.4808097849008857,0.12146773513285533,0.9616195698017714,0.35428089413749475,0.25305778152678193,15.157894736842104,16,0.0,2.375,0.0,0.0625,0.16979166666666667,64,412,3.0,0.0625,0.1875,0.875,16,0.0,1.125,0.0,0.0,0.10104166666666667,39,412,2.5,0.0,0.125,0.9375
test,"rho=0.0001, theta=0.9989",hmm,sensitivity_1,7CE37510-56D0-4120-A1CF-0E23351428D2,1924,14,13,27,98,12,9,32.06666666666667,0.43659043659043656,0.05093555093555094,0.8419958419958419,0.3742203742203742,0.2806652806652806,7.0,16,0.0,0.8125,0.0,0.0625,0.07708333333333334,10,412,3.0,0.0,0.125,0.9375,16,0.0,0.1875,0.0,0.0625,0.08333333333333333,23,412,3.0,0.0,0.0,0.875
test,"rho=0.0001, theta=0.9989",hmm,sensitivity_1,8023FE1A-D3B0-4E2C-A57A-9321B7FC755F,1809,36,36,72,303,37,25,30.15,1.1940298507462688,0.16749585406301823,2.3880597014925375,1.2271973466003316,0.8291873963515755,8.416666666666666,16,0.0,0.4375,0.0,0.125,0.12708333333333333,7,412,3.0,0.0,0.0625,0.875,16,0.5,0.6875,0.5,0.0,0.07083333333333333,13,412,3.0,0.0,0.0625,1.0
test,"rho=0.0001, theta=0.9989",hmm,sensitivity_1,83CF687B-7CEC-434B-9FE8-00C3D5799BE6,1879,23,23,46,540,16,10,31.316666666666666,0.7344332091538052,0.28738690792974986,1.4688664183076103,0.5109100585417775,0.31931878658861096,23.47826086956522,16,0.0,0.3125,0.0,0.0,0.03125,5,412,19.0,0.0625,0.25,1.0,16,0.0,0.25,0.0,0.0,0.025,4,412,11.0,0.1875,0.3125,1.0
test,"rho=0.0001, theta=0.9989",hmm,sensitivity_1,9759096F-1119-4E19-A0AD-6F16989C7E1C,1954,22,22,44,317,23,14,32.56666666666667,0.67553735926305,0.16223132036847493,1.3510747185261,0.706243602865916,0.4298874104401228,14.409090909090908,16,0.0,0.6875,0.0,0.0,0.08124999999999999,19,412,3.0,0.25,0.25,1.0,16,0.0,1.0,0.0,0.125,0.1375,19,412,3.0,0.0625,0.1875,0.875
test,"rho=0.0001, theta=0.9989",hmm,sensitivity_1,9DC38D04-E82E-4F29-AB52-B476535226F2,1909,11,11,22,118,8,7,31.816666666666666,0.34573074908328966,0.061812467260345734,0.6914614981665793,0.25144054478784705,0.22001047668936616,10.727272727272727,16,0.0,2.875,0.0,0.0,0.07916666666666668,59,412,5.0,0.0,0.0,0.9375,16,0.5,1.375,0.0,0.0625,0.134375,25,412,3.0,0.0,0.0,0.875
test,"rho=0.0001, theta=0.9989",hmm,sensitivity_1,A5CDF89D-02A2-4EC1-89F8-F534FDABDD96,1179,23,23,46,126,23,15,19.65,1.1704834605597965,0.10687022900763359,2.340966921119593,1.1704834605597965,0.7633587786259542,5.478260869565218,16,0.0,0.3125,0.0,0.0625,0.08958333333333333,5,412,5.5,0.0625,0.125,0.9375,16,0.0,2.0625,0.0,0.0625,0.08645833333333333,32,412,6.0,0.0625,0.25,0.9375
test,"rho=0.0001, theta=0.9989",hmm,sensitivity_1,A76A5AF5-5A93-4CF2-A16E-62353BB70E8A,1475,0,0,0,0,0,0,24.583333333333332,0.0,0.0,0.0,0.0,0.0,,16,2.0,4.25,2.0,0.1875,0.32395833333333335,109,412,3.0,0.0,0.0,0.75,16,0.5,1.625,0.5,0.125,0.22291666666666668,36,412,2.5,0.0,0.0,0.875
test,"rho=0.0001, theta=0.9989",hmm,sensitivity_1,B09E373F-8A54-44C8-895B-0039390B859F,1597,13,12,25,40,11,10,26.616666666666667,0.4884157795867251,0.025046963055729492,0.939261114589856,0.41327489041953663,0.37570444583594237,3.076923076923077,16,1.0,7.625,1.0,0.125,0.20625,124,412,3.5,0.0,0.0,0.8125,16,1.0,4.9375,1.0,0.0,0.18125,85,412,3.5,0.0,0.0625,1.0
test,"rho=0.0001, theta=0.9989",hmm,sensitivity_1,B9724848-C7E2-45F4-9B3F-A1F38D864495,1497,20,18,38,434,13,8,24.95,0.8016032064128257,0.2899131596526386,1.5230460921843687,0.5210420841683366,0.32064128256513025,21.7,16,0.0,0.5625,0.0,0.0,0.03020833333333333,8,412,3.0,0.1875,0.375,1.0,16,0.0,0.125,0.0,0.0,0.004166666666666667,2,412,3.5,0.1875,0.3125,1.0
test,"rho=0.0001, theta=0.9989",hmm,sensitivity_1,BE3CA5A6-A561-4BBD-B7C9-5DF6805400FC,1633,13,12,25,642,6,3,27.216666666666665,0.4776484996938151,0.39314145744029394,0.9185548071034906,0.22045315370483773,0.11022657685241886,49.38461538461539,16,1.0,6.125,1.0,0.125,0.23645833333333333,100,412,8.0,0.1875,0.25,0.8125,16,0.0,0.5,0.0,0.0,0.06458333333333333,8,412,50.5,0.4375,0.625,1.0
test,"rho=0.0001, theta=0.9989",hmm,sensitivity_1,C48CE857-A0DD-4DDB-BEA5-3A25449B2153,937,3,3,6,20,2,2,15.616666666666667,0.192102454642476,0.021344717182497332,0.384204909284952,0.128068303094984,0.128068303094984,6.666666666666667,16,0.5,1.25,0.5,0.0,0.11979166666666666,18,412,3.0,0.0,0.0,1.0,16,0.0,0.6875,0.0,0.0,0.03854166666666667,10,412,3.0,0.0,0.0,1.0
test,"rho=0.0001, theta=0.9989",hmm,sensitivity_1,CA820D43-E5E2-42EF-9798-BE56F776370B,1543,36,36,72,314,33,23,25.716666666666665,1.3998703823720027,0.20349967595593,2.7997407647440054,1.2832145171743359,0.8943616331821128,8.722222222222221,16,0.0,0.375,0.0,0.0,0.01875,13,412,6.0,0.0,0.25,0.9375,16,0.0,0.125,0.0,0.0,0.041666666666666664,2,412,7.0,0.125,0.1875,1.0
test,"rho=0.0001, theta=0.9989",hmm,sensitivity_1,CDA3BBF7-6631-45E8-85BA-EEB416B32A3C,537,1,0,1,9,0,0,8.95,0.111731843575419,0.01675977653631285,0.111731843575419,0.0,0.0,9.0,16,0.0,1.125,0.0,0.0625,0.11562499999999999,18,412,3.0,0.0,0.0,0.9375,16,0.0,0.375,0.0,0.0,0.052083333333333336,6,412,3.0,0.0,0.0,1.0
test,"rho=0.0001, theta=0.9989",hmm,sensitivity_1,CF722AA9-2533-4E51-9FEB-9EAC84EE9AAC,694,5,4,9,62,3,2,11.566666666666666,0.43227665706051877,0.0893371757925072,0.7780979827089337,0.25936599423631124,0.1729106628242075,12.4,16,0.0,0.5625,0.0,0.0,0.041666666666666664,8,412,5.5,0.0625,0.125,1.0,16,0.0,3.25,0.0,0.25,0.2864583333333333,52,412,3.0,0.0625,0.125,0.75
test,"rho=0.0001, theta=0.9989",hmm,sensitivity_1,D7D20E2E-FC78-405D-B346-DBD3FD8FC92B,1212,12,12,24,198,5,4,20.2,0.594059405940594,0.16336633663366337,1.188118811881188,0.24752475247524752,0.19801980198019803,16.5,16,0.0,0.25,0.0,0.0,0.034375,4,412,3.0,0.0,0.125,1.0,16,1.0,0.8125,1.0,0.0,0.11354166666666667,13,412,3.0,0.0,0.125,1.0
test,"rho=0.0001, theta=0.9989",hmm,sensitivity_1,E65577C1-8D5D-4F70-AF23-B3ADB9D3DBA3,657,3,3,6,281,1,1,10.95,0.27397260273972607,0.4277016742770167,0.5479452054794521,0.09132420091324202,0.09132420091324202,93.66666666666667,16,0.0,0.0,0.0,0.0,0.0,0,412,18.5,0.3125,0.6875,1.0,16,0.0,0.375,0.0,0.0,0.0625,18,412,38.0,0.3125,0.75,1.0
test,"rho=0.0001, theta=0.9989",hmm,sensitivity_1,ECECC2AB-D32F-4F90-B74C-E12A1C69BBE2,677,5,5,10,24,6,3,11.283333333333333,0.4431314623338257,0.03545051698670606,0.8862629246676514,0.5317577548005908,0.2658788774002954,4.8,16,0.0,0.6875,0.0,0.0,0.13125,11,412,3.0,0.0,0.0,1.0,16,0.0,0.375,0.0,0.0,0.017708333333333333,6,412,3.0,0.0,0.0,1.0
test,"rho=0.0001, theta=0.9989",hmm,sensitivity_1,FDAA70A1-42A3-4E3F-9AE3-3FDA412E03BF,966,10,10,20,121,8,6,16.1,0.6211180124223602,0.12525879917184266,1.2422360248447204,0.49689440993788814,0.37267080745341613,12.1,16,0.0,0.125,0.0,0.0,0.011458333333333334,9,412,5.5,0.0,0.25,0.9375,16,0.0,2.125,0.0,0.0625,0.121875,39,412,8.0,0.0,0.5625,0.9375
test,theta=0.01984,threshold,sensitivity_2,00EABED2-271D-49D8-B599-1D4A09240601,408,9,9,18,14,15,9,6.8,1.3235294117647058,0.03431372549019608,2.6470588235294117,2.2058823529411766,1.3235294117647058,1.5555555555555556,16,9.5,16.25,3.5,0.5,0.6572916666666666,289,412,0.0,0.0,0.0,0.3125,16,1.5,9.375,0.5,0.375,0.4614583333333333,184,412,0.0,0.0,0.0625,0.5625
test,theta=0.01984,threshold,sensitivity_2,098A72A5-E3E5-4F54-A152-BBDA0DF7B694,1334,1,1,2,1,1,1,22.233333333333334,0.04497751124437781,0.0007496251874062968,0.08995502248875561,0.04497751124437781,0.04497751124437781,1.0,16,2.0,6.8125,1.0,0.1875,0.4583333333333333,225,412,0.0,0.0,0.0,0.5625,16,0.0,5.5,0.0,0.25,0.3520833333333333,119,412,0.0,0.0,0.0,0.75
test,theta=0.01984,threshold,sensitivity_2,0A986513-7828-4D53-AA1F-E02D6DF9561B,763,0,0,0,0,0,0,12.716666666666667,0.0,0.0,0.0,0.0,0.0,,16,9.5,16.6875,4.5,0.5,0.796875,291,412,0.0,0.0,0.0,0.3125,16,3.0,10.75,1.0,0.4375,0.5270833333333333,181,412,0.0,0.0,0.0,0.4375
test,theta=0.01984,threshold,sensitivity_2,11B5EC4D-4133-4289-B475-4E737182A406,1740,0,0,0,0,0,0,29.0,0.0,0.0,0.0,0.0,0.0,,16,3.0,9.625,3.0,0.375,0.5708333333333333,221,412,0.0,0.0,0.0,0.4375,16,3.0,15.3125,1.5,0.375,0.5822916666666667,291,412,0.0,0.0,0.0,0.4375
test,theta=0.01984,threshold,sensitivity_2,136562B6-95B2-483D-88DC-065F28409FD2,1215,0,0,0,0,0,0,20.25,0.0,0.0,0.0,0.0,0.0,,16,3.0,12.6875,2.5,0.5,0.6395833333333333,271,412,0.0,0.0,0.0,0.3125,16,3.0,10.75,3.0,0.5625,0.5875,200,412,0.0,0.0,0.0,0.375
test,theta=0.01984,threshold,sensitivity_2,1538C99F-BA1E-4EFB-A949-6C7C47701B20,1281,12,12,24,43,20,10,21.35,0.5620608899297423,0.03356752537080406,1.1241217798594847,0.9367681498829039,0.46838407494145196,3.5833333333333335,16,0.0,6.625,0.0,0.1875,0.26041666666666663,144,412,0.0,0.0,0.0,0.6875,16,1.0,1.4375,0.0,0.125,0.309375,115,412,0.0,0.0,0.0,0.6875
test,theta=0.01984,threshold,sensitivity_2,24E40C4C-A349-4F9F-93AB-01D00FB994AF,926,0,0,0,0,0,0,15.433333333333334,0.0,0.0,0.0,0.0,0.0,,16,10.0,20.75,4.5,0.8125,0.80625,322,412,0.0,0.0,0.0,0.1875,16,20.0,24.9375,10.5,0.9375,0.9770833333333333,392,412,0.0,0.0,0.0,0.0625
test,theta=0.01984,threshold,sensitivity_2,2C32C23E-E30C-498A-8DD2-0EFB9150A02E,1675,0,0,0,0,0,0,27.916666666666668,0.0,0.0,0.0,0.0,0.0,,16,3.0,12.4375,2.5,0.4375,0.5166666666666666,209,412,0.0,0.0,0.0,0.5,16,2.0,7.4375,1.0,0.375,0.5739583333333333,200,412,0.0,0.0,0.0,0.3125
test,theta=0.01984,threshold,sensitivity_2,3600D531-0C55-44A7-AE95-A7A38519464E,1032,6,6,12,6,11,6,17.2,0.3488372093023256,0.005813953488372093,0.6976744186046512,0.6395348837209303,0.3488372093023256,1.0,16,0.5,8.6875,0.0,0.375,0.4291666666666667,161,412,0.0,0.0,0.0,0.5625,16,3.0,10.0,2.0,0.4375,0.521875,168,412,0.0,0.0,0.0,0.5625
test,theta=0.01984,threshold,sensitivity_2,4FC32141-E888-4BFF-8804-12559A491D8C,967,0,0,0,0,0,0,16.116666666666667,0.0,0.0,0.0,0.0,0.0,,16,20.0,25.75,20.0,1.0,1.0,412,412,0.0,0.0,0.0,0.0,16,20.0,25.75,20.0,1.0,1.0,412,412,0.0,0.0,0.0,0.0
test,theta=0.01984,threshold,sensitivity_2,5119D0F8-FCA8-4184-A4EB-19421A40DE0D,1295,0,0,0,0,0,0,21.583333333333332,0.0,0.0,0.0,0.0,0.0,,16,1.5,10.3125,0.0,0.4375,0.43333333333333335,179,412,0.0,0.0,0.0,0.5,16,2.5,9.75,0.5,0.375,0.5229166666666667,195,412,0.0,0.0,0.0,0.4375
test,theta=0.01984,threshold,sensitivity_2,5152A2DF-FAF3-4BA8-9CA9-E66B32671A53,1295,3,3,6,5,5,3,21.583333333333332,0.138996138996139,0.003861003861003861,0.277992277992278,0.23166023166023167,0.138996138996139,1.6666666666666667,16,1.5,11.1875,0.0,0.375,0.43854166666666666,186,412,0.0,0.0,0.0,0.625,16,3.0,6.25,2.5,0.375,0.5958333333333333,203,412,0.0,0.0,0.0,0.375
test,theta=0.01984,threshold,sensitivity_2,5EF64122-B513-46AE-BCF1-E62AAC285D2C,754,1,1,2,1,1,1,12.566666666666666,0.07957559681697612,0.001326259946949602,0.15915119363395225,0.07957559681697612,0.07957559681697612,1.0,16,0.0,5.875,0.0,0.1875,0.2520833333333333,93,412,0.0,0.0,0.0,0.75,16,1.0,4.0625,0.0,0.0625,0.271875,107,412,0.0,0.0,0.0,0.875
test,theta=0.01984,threshold,sensitivity_2,61976C24-1C50-4355-9C49-AAE44A7D09F6,1717,0,0,0,0,0,0,28.616666666666667,0.0,0.0,0.0,0.0,0.0,,16,0.5,8.3125,0.5,0.25,0.425,201,412,0.0,0.0,0.0,0.5625,16,0.0,4.3125,0.0,0.1875,0.29375,92,412,0.0,0.0,0.0,0.625
test,theta=0.01984,threshold,sensitivity_2,78A91A4E-4A51-4065-BDA7-94755F0BB3BB,2371,3,3,6,3,3,3,39.516666666666666,0.07591733445803459,0.0012652889076339097,0.15183466891606917,0.07591733445803459,0.07591733445803459,1.0,16,10.0,15.125,5.5,0.5,0.7020833333333333,290,412,0.0,0.0,0.0,0.1875,16,3.0,13.75,0.5,0.5625,0.578125,230,412,0.0,0.0,0.0,0.3125
test,theta=0.01984,threshold,sensitivity_2,7CE37510-56D0-4120-A1CF-0E23351428D2,1924,2,2,4,2,2,2,32.06666666666667,0.06237006237006237,0.0010395010395010396,0.12474012474012473,0.06237006237006237,0.06237006237006237,1.0,16,0.0,3.25,0.0,0.125,0.184375,73,412,0.0,0.0,0.0,0.75,16,2.0,9.6875,0.0,0.375,0.4947916666666667,227,412,0.0,0.0,0.0,0.5625
test,theta=0.01984,threshold,sensitivity_2,8023FE1A-D3B0-4E2C-A57A-9321B7FC755F,1809,3,3,6,4,4,3,30.15,0.09950248756218906,0.002211166390270868,0.19900497512437812,0.13266998341625208,0.09950248756218906,1.3333333333333333,16,1.5,7.5625,0.0,0.4375,0.453125,168,412,0.0,0.0,0.0,0.375,16,2.5,7.125,1.0,0.0625,0.34375,179,412,0.0,0.0,0.0,0.8125
test,theta=0.01984,threshold,sensitivity_2,83CF687B-7CEC-434B-9FE8-00C3D5799BE6,1879,2,2,4,2,2,2,31.316666666666666,0.06386375731772219,0.0010643959552953698,0.12772751463544438,0.06386375731772219,0.06386375731772219,1.0,16,0.0,2.9375,0.0,0.125,0.2604166666666667,113,412,0.0,0.0,0.0,0.6875,16,0.0,1.375,0.0,0.0625,0.21666666666666667,65,412,0.0,0.0,0.0,0.75
test,theta=0.01984,threshold,sensitivity_2,9759096F-1119-4E19-A0AD-6F16989C7E1C,1954,14,14,28,17,20,14,32.56666666666667,0.4298874104401228,0.008700102354145343,0.8597748208802456,0.6141248720573182,0.4298874104401228,1.2142857142857142,16,1.5,7.9375,0.0,0.4375,0.5166666666666667,210,412,0.0,0.0,0.0,0.5,16,8.0,12.3125,1.5,0.5,0.6135416666666667,245,412,0.0,0.0,0.0,0.4375
test,theta=0.01984,threshold,sensitivity_2,9DC38D04-E82E-4F29-AB52-B476535226F2,1909,0,0,0,0,0,0,31.816666666666666,0.0,0.0,0.0,0.0,0.0,,16,2.0,14.0,2.0,0.1875,0.46458333333333335,235,412,0.0,0.0,0.0,0.75,16,5.5,10.375,2.0,0.3125,0.4447916666666667,174,412,0.0,0.0,0.0,0.6875
test,theta=0.01984,threshold,sensitivity_2,A5CDF89D-02A2-4EC1-89F8-F534FDABDD96,1179,0,0,0,0,0,0,19.65,0.0,0.0,0.0,0.0,0.0,,16,2.5,9.375,0.0,0.375,0.4614583333333333,162,412,0.0,0.0,0.0,0.5625,16,9.0,13.0625,3.0,0.1875,0.5947916666666666,240,412,0.0,0.0,0.0,0.5
test,theta=0.01984,threshold,sensitivity_2,A76A5AF5-5A93-4CF2-A16E-62353BB70E8A,1475,0,0,0,0,0,0,24.583333333333332,0.0,0.0,0.0,0.0,0.0,,16,10.0,21.8125,6.5,0.6875,0.7416666666666667,353,412,0.0,0.0,0.0,0.25,16,3.0,11.375,3.0,0.5,0.5947916666666667,206,412,0.0,0.0,0.0,0.375
test,theta=0.01984,threshold,sensitivity_2,B09E373F-8A54-44C8-895B-0039390B859F,1597,0,0,0,0,0,0,26.616666666666667,0.0,0.0,0.0,0.0,0.0,,16,10.0,19.5625,10.0,0.8125,0.821875,336,412,0.0,0.0,0.0,0.125,16,10.0,18.8125,4.5,0.625,0.803125,347,412,0.0,0.0,0.0,0.125
test,theta=0.01984,threshold,sensitivity_2,B9724848-C7E2-45F4-9B3F-A1F38D864495,1497,19,19,38,22,28,19,24.95,0.7615230460921844,0.014696058784235137,1.5230460921843687,1.122244488977956,0.7615230460921844,1.1578947368421053,16,1.5,8.125,0.5,0.3125,0.4239583333333333,155,412,0.0,0.0,0.0,0.6875,16,3.0,6.5,0.5,0.25,0.5166666666666667,193,412,0.0,0.0,0.0,0.625
test,theta=0.01984,threshold,sensitivity_2,BE3CA5A6-A561-4BBD-B7C9-5DF6805400FC,1633,0,0,0,0,0,0,27.216666666666665,0.0,0.0,0.0,0.0,0.0,,16,20.0,25.75,20.0,1.0,1.0,412,412,0.0,0.0,0.0,0.0,16,20.0,25.75,20.0,1.0,1.0,412,412,0.0,0.0,0.0,0.0
test,theta=0.01984,threshold,sensitivity_2,C48CE857-A0DD-4DDB-BEA5-3A25449B2153,937,0,0,0,0,0,0,15.616666666666667,0.0,0.0,0.0,0.0,0.0,,16,6.0,13.375,3.0,0.375,0.6083333333333333,228,412,0.0,0.0,0.0,0.625,16,3.0,12.875,1.0,0.3125,0.55,249,412,0.0,0.0,0.0,0.4375
test,theta=0.01984,threshold,sensitivity_2,CA820D43-E5E2-42EF-9798-BE56F776370B,1543,4,4,8,5,5,4,25.716666666666665,0.1555411535968892,0.0032404406999351912,0.3110823071937784,0.19442644199611148,0.1555411535968892,1.25,16,3.0,15.4375,0.0,0.25,0.5385416666666667,271,412,0.0,0.0,0.0,0.5,16,3.0,9.1875,0.0,0.375,0.4916666666666667,201,412,0.0,0.0,0.0,0.375
test,theta=0.01984,threshold,sensitivity_2,CDA3BBF7-6631-45E8-85BA-EEB416B32A3C,537,1,1,2,1,1,1,8.95,0.111731843575419,0.00186219739292365,0.223463687150838,0.111731843575419,0.111731843575419,1.0,16,0.0,7.5,0.0,0.375,0.4552083333333333,159,412,0.0,0.0,0.0,0.5,16,2.5,12.125,1.5,0.3125,0.5072916666666667,218,412,0.0,0.0,0.0,0.625
test,theta=0.01984,threshold,sensitivity_2,CF722AA9-2533-4E51-9FEB-9EAC84EE9AAC,694,0,0,0,0,0,0,11.566666666666666,0.0,0.0,0.0,0.0,0.0,,16,10.0,22.125,3.0,0.625,0.69375,340,412,0.0,0.0,0.0,0.25,16,10.0,14.0,7.5,0.6875,0.8322916666666667,306,412,0.0,0.0,0.0,0.1875
test,theta=0.01984,threshold,sensitivity_2,D7D20E2E-FC78-405D-B346-DBD3FD8FC92B,1212,0,0,0,0,0,0,20.2,0.0,0.0,0.0,0.0,0.0,,16,4.5,13.125,1.0,0.5625,0.6375,232,412,0.0,0.0,0.0,0.375,16,10.0,18.25,3.5,0.75,0.76875,291,412,0.0,0.0,0.0,0.125
test,theta=0.01984,threshold,sensitivity_2,E65577C1-8D5D-4F70-AF23-B3ADB9D3DBA3,657,0,0,0,0,0,0,10.95,0.0,0.0,0.0,0.0,0.0,,16,10.0,24.5,10.0,0.9375,0.9270833333333334,390,412,0.0,0.0,0.0,0.0,16,20.0,25.5625,7.5,0.9375,0.9427083333333334,371,412,0.0,0.0,0.0,0.0625
test,theta=0.01984,threshold,sensitivity_2,ECECC2AB-D32F-4F90-B74C-E12A1C69BBE2,677,0,0,0,0,0,0,11.283333333333333,0.0,0.0,0.0,0.0,0.0,,16,1.5,2.75,1.5,0.0625,0.3677083333333333,136,412,0.0,0.0,0.0,0.875,16,4.0,7.625,2.0,0.1875,0.48854166666666665,184,412,0.0,0.0,0.0,0.6875
test,theta=0.01984,threshold,sensitivity_2,FDAA70A1-42A3-4E3F-9AE3-3FDA412E03BF,966,0,0,0,0,0,0,16.1,0.0,0.0,0.0,0.0,0.0,,16,0.0,4.4375,0.0,0.1875,0.253125,96,412,0.0,0.0,0.0,0.75,16,3.0,10.375,1.5,0.25,0.5145833333333333,248,412,0.0,0.0,0.0,0.5625
test,"k=2, theta=0.04743",moving_average,sensitivity_2,00EABED2-271D-49D8-B599-1D4A09240601,408,11,11,22,37,14,8,6.8,1.6176470588235294,0.09068627450980392,3.235294117647059,2.058823529411765,1.1764705882352942,3.3636363636363638,16,6.0,12.125,3.0,0.375,0.6239583333333333,268,412,0.0,0.0,0.0625,0.375,16,1.0,7.625,1.0,0.25,0.43125,153,412,0.0,0.0,0.0625,0.6875
test,"k=2, theta=0.04743",moving_average,sensitivity_2,098A72A5-E3E5-4F54-A152-BBDA0DF7B694,1334,0,0,0,0,0,0,22.233333333333334,0.0,0.0,0.0,0.0,0.0,,16,2.0,9.1875,1.0,0.1875,0.5166666666666666,244,412,0.0,0.0,0.0,0.5,16,1.0,5.8125,1.0,0.25,0.4427083333333333,135,412,0.0,0.0,0.0,0.75
test,"k=2, theta=0.04743",moving_average,sensitivity_2,0A986513-7828-4D53-AA1F-E02D6DF9561B,763,1,1,2,2,1,1,12.716666666666667,0.07863695937090433,0.002621231979030144,0.15727391874180865,0.07863695937090433,0.07863695937090433,2.0,16,3.0,8.9375,3.0,0.4375,0.6489583333333333,232,412,0.0,0.0,0.0,0.375,16,2.5,5.5,1.0,0.375,0.42291666666666666,104,412,0.0,0.0,0.0,0.5625
test,"k=2, theta=0.04743",moving_average,sensitivity_2,11B5EC4D-4133-4289-B475-4E737182A406,1740,0,0,0,0,0,0,29.0,0.0,0.0,0.0,0.0,0.0,,16,2.5,7.25,1.5,0.25,0.5208333333333334,189,412,0.0,0.0,0.0,0.5,16,3.0,8.5625,2.0,0.3125,0.5885416666666666,253,412,0.0,0.0,0.0,0.375
test,"k=2, theta=0.04743",moving_average,sensitivity_2,136562B6-95B2-483D-88DC-065F28409FD2,1215,0,0,0,0,0,0,20.25,0.0,0.0,0.0,0.0,0.0,,16,3.0,10.6875,1.0,0.375,0.6083333333333334,254,412,0.0,0.0,0.0,0.4375,16,1.0,7.5,1.0,0.3125,0.45208333333333334,148,412,0.0,0.0,0.0,0.5625
test,"k=2, theta=0.04743",moving_average,sensitivity_2,1538C99F-BA1E-4EFB-A949-6C7C47701B20,1281,6,6,12,60,8,3,21.35,0.2810304449648712,0.0468384074941452,0.5620608899297423,0.37470725995316156,0.1405152224824356,10.0,16,1.0,4.875,1.0,0.0625,0.2875,132,412,0.0,0.0,0.0,0.8125,16,1.0,1.375,1.0,0.125,0.31354166666666666,96,412,0.0,0.0,0.0,0.8125
test,"k=2, theta=0.04743",moving_average,sensitivity_2,24E40C4C-A349-4F9F-93AB-01D00FB994AF,926,0,0,0,0,0,0,15.433333333333334,0.0,0.0,0.0,0.0,0.0,,16,5.0,17.0625,5.0,0.6875,0.7145833333333333,275,412,0.0,0.0,0.0,0.3125,16,19.5,22.75,11.0,0.75,0.91875,363,412,0.0,0.0,0.0,0.25
test,"k=2, theta=0.04743",moving_average,sensitivity_2,2C32C23E-E30C-498A-8DD2-0EFB9150A02E,1675,0,0,0,0,0,0,27.916666666666668,0.0,0.0,0.0,0.0,0.0,,16,3.0,8.625,3.0,0.3125,0.521875,195,412,0.0,0.0,0.0,0.5625,16,2.5,6.875,1.5,0.3125,0.5708333333333333,187,412,0.0,0.0,0.0,0.4375
test,"k=2, theta=0.04743",moving_average,sensitivity_2,3600D531-0C55-44A7-AE95-A7A38519464E,1032,2,2,4,12,2,1,17.2,0.11627906976744186,0.011627906976744186,0.23255813953488372,0.11627906976744186,0.05813953488372093,6.0,16,1.0,9.125,1.0,0.375,0.48333333333333334,172,412,0.0,0.0,0.0,0.5625,16,3.0,10.4375,2.5,0.4375,0.5760416666666667,179,412,0.0,0.0,0.0,0.5625
test,"k=2, theta=0.04743",moving_average,sensitivity_2,4FC32141-E888-4BFF-8804-12559A491D8C,967,0,0,0,0,0,0,16.116666666666667,0.0,0.0,0.0,0.0,0.0,,16,20.0,25.75,20.0,1.0,1.0,412,412,0.0,0.0,0.0,0.0,16,20.0,25.75,20.0,1.0,1.0,412,412,0.0,0.0,0.0,0.0
test,"k=2, theta=0.04743",moving_average,sensitivity_2,5119D0F8-FCA8-4184-A4EB-19421A40DE0D,1295,0,0,0,0,0,0,21.583333333333332,0.0,0.0,0.0,0.0,0.0,,16,1.0,10.3125,1.0,0.375,0.48125,178,412,0.0,0.0,0.0,0.625,16,2.5,8.6875,1.0,0.375,0.5010416666666667,180,412,0.0,0.0,0.0,0.5625
test,"k=2, theta=0.04743",moving_average,sensitivity_2,5152A2DF-FAF3-4BA8-9CA9-E66B32671A53,1295,1,1,2,8,0,0,21.583333333333332,0.04633204633204634,0.006177606177606178,0.09266409266409267,0.0,0.0,8.0,16,1.0,6.625,1.0,0.25,0.4302083333333333,134,412,0.0,0.0,0.0,0.6875,16,3.0,8.6875,3.0,0.375,0.6395833333333333,216,412,0.0,0.0,0.0,0.375
test,"k=2, theta=0.04743",moving_average,sensitivity_2,5EF64122-B513-46AE-BCF1-E62AAC285D2C,754,1,1,2,1,1,1,12.566666666666666,0.07957559681697612,0.001326259946949602,0.15915119363395225,0.07957559681697612,0.07957559681697612,1.0,16,1.0,5.6875,1.0,0.1875,0.30833333333333335,102,412,0.0,0.0,0.0,0.8125,16,2.0,4.875,1.0,0.1875,0.38541666666666663,118,412,0.0,0.0,0.0,0.75
test,"k=2, theta=0.04743",moving_average,sensitivity_2,61976C24-1C50-4355-9C49-AAE44A7D09F6,1717,0,0,0,0,0,0,28.616666666666667,0.0,0.0,0.0,0.0,0.0,,16,1.5,8.625,1.5,0.3125,0.47291666666666665,190,412,0.0,0.0,0.0,0.4375,16,1.0,3.5,1.0,0.1875,0.33229166666666665,94,412,0.0,0.0,0.0,0.625
test,"k=2, theta=0.04743",moving_average,sensitivity_2,78A91A4E-4A51-4065-BDA7-94755F0BB3BB,2371,4,4,8,5,4,4,39.516666666666666,0.10122311261071278,0.002108814846056516,0.20244622522142555,0.10122311261071278,0.10122311261071278,1.25,16,8.0,13.9375,4.5,0.375,0.65625,260,412,0.0,0.0,0.0,0.5,16,3.0,14.1875,1.5,0.5625,0.609375,233,412,0.0,0.0,0.0,0.3125
test,"k=2, theta=0.04743",moving_average,sensitivity_2,7CE37510-56D0-4120-A1CF-0E23351428D2,1924,1,1,2,1,1,1,32.06666666666667,0.031185031185031183,0.0005197505197505198,0.06237006237006237,0.031185031185031183,0.031185031185031183,1.0,16,1.0,2.9375,1.0,0.125,0.23958333333333331,65,412,0.0,0.0,0.0,0.8125,16,2.0,4.875,1.0,0.25,0.5104166666666666,192,412,0.0,0.0,0.0,0.5625
test,"k=2, theta=0.04743",moving_average,sensitivity_2,8023FE1A-D3B0-4E2C-A57A-9321B7FC755F,1809,3,3,6,3,4,3,30.15,0.09950248756218906,0.001658374792703151,0.19900497512437812,0.13266998341625208,0.09950248756218906,1.0,16,1.0,3.75,1.0,0.1875,0.4302083333333333,150,412,0.0,0.0,0.0,0.5625,16,2.0,7.5,2.0,0.125,0.47604166666666664,205,412,0.0,0.0,0.0,0.75
test,"k=2, theta=0.04743",moving_average,sensitivity_2,83CF687B-7CEC-434B-9FE8-00C3D5799BE6,1879,5,5,10,5,5,5,31.316666666666666,0.15965939329430548,0.0026609898882384245,0.31931878658861096,0.15965939329430548,0.15965939329430548,1.0,16,1.0,3.0,1.0,0.0625,0.265625,88,412,0.0,0.0,0.0,0.875,16,1.0,1.4375,1.0,0.0,0.21666666666666665,50,412,0.0,0.0,0.0,0.8125
test,"k=2, theta=0.04743",moving_average,sensitivity_2,9759096F-1119-4E19-A0AD-6F16989C7E1C,1954,15,15,30,29,21,14,32.56666666666667,0.4605936540429887,0.014841351074718526,0.9211873080859774,0.6448311156601841,0.4298874104401228,1.9333333333333333,16,1.0,6.8125,1.0,0.375,0.54375,184,412,0.0,0.0,0.0625,0.5,16,4.0,11.25,3.0,0.5,0.628125,211,412,0.0,0.0,0.0,0.4375
test,"k=2, theta=0.04743",moving_average,sensitivity_2,9DC38D04-E82E-4F29-AB52-B476535226F2,1909,0,0,0,0,0,0,31.816666666666666,0.0,0.0,0.0,0.0,0.0,,16,3.0,14.5,2.0,0.3125,0.5364583333333334,247,412,0.0,0.0,0.0,0.625,16,3.0,9.8125,3.0,0.3125,0.5052083333333334,167,412,0.0,0.0,0.0,0.6875
test,"k=2, theta=0.04743",moving_average,sensitivity_2,A5CDF89D-02A2-4EC1-89F8-F534FDABDD96,1179,0,0,0,0,0,0,19.65,0.0,0.0,0.0,0.0,0.0,,16,2.0,6.5625,1.5,0.3125,0.4895833333333333,145,412,0.0,0.0,0.0,0.5625,16,3.5,7.0,3.0,0.25,0.5802083333333333,196,412,0.0,0.0,0.0,0.4375
test,"k=2, theta=0.04743",moving_average,sensitivity_2,A76A5AF5-5A93-4CF2-A16E-62353BB70E8A,1475,0,0,0,0,0,0,24.583333333333332,0.0,0.0,0.0,0.0,0.0,,16,6.5,20.875,6.5,0.6875,0.74375,343,412,0.0,0.0,0.0,0.25,16,3.0,11.625,3.0,0.4375,0.6229166666666667,207,412,0.0,0.0,0.0,0.4375
test,"k=2, theta=0.04743",moving_average,sensitivity_2,B09E373F-8A54-44C8-895B-0039390B859F,1597,0,0,0,0,0,0,26.616666666666667,0.0,0.0,0.0,0.0,0.0,,16,10.0,18.6875,7.0,0.625,0.7375,326,412,0.0,0.0,0.0,0.25,16,8.0,15.0625,5.0,0.5625,0.721875,270,412,0.0,0.0,0.0,0.25
test,"k=2, theta=0.04743",moving_average,sensitivity_2,B9724848-C7E2-45F4-9B3F-A1F38D864495,1497,16,16,32,23,21,16,24.95,0.6412825651302605,0.015364061456245824,1.282565130260521,0.841683366733467,0.6412825651302605,1.4375,16,1.0,4.5625,1.0,0.1875,0.421875,143,412,0.0,0.0,0.0625,0.6875,16,1.5,5.25,1.0,0.25,0.503125,183,412,0.0,0.0,0.0,0.6875
test,"k=2, theta=0.04743",moving_average,sensitivity_2,BE3CA5A6-A561-4BBD-B7C9-5DF6805400FC,1633,0,0,0,0,0,0,27.216666666666665,0.0,0.0,0.0,0.0,0.0,,16,20.0,25.75,20.0,1.0,1.0,412,412,0.0,0.0,0.0,0.0,16,20.0,24.25,20.0,0.9375,0.9947916666666666,407,412,0.0,0.0,0.0,0.0
test,"k=2, theta=0.04743",moving_average,sensitivity_2,C48CE857-A0DD-4DDB-BEA5-3A25449B2153,937,0,0,0,0,0,0,15.616666666666667,0.0,0.0,0.0,0.0,0.0,,16,6.5,13.875,3.0,0.4375,0.6354166666666666,222,412,0.0,0.0,0.0,0.5,16,1.5,12.125,1.0,0.25,0.50625,232,412,0.0,0.0,0.0,0.5625
test,"k=2, theta=0.04743",moving_average,sensitivity_2,CA820D43-E5E2-42EF-9798-BE56F776370B,1543,4,4,8,4,5,4,25.716666666666665,0.1555411535968892,0.002592352559948153,0.3110823071937784,0.19442644199611148,0.1555411535968892,1.0,16,3.0,15.375,1.0,0.3125,0.5666666666666667,282,412,0.0,0.0,0.0,0.4375,16,1.5,5.5,1.0,0.25,0.515625,193,412,0.0,0.0,0.0625,0.375
test,"k=2, theta=0.04743",moving_average,sensitivity_2,CDA3BBF7-6631-45E8-85BA-EEB416B32A3C,537,0,0,0,0,0,0,8.95,0.0,0.0,0.0,0.0,0.0,,16,1.0,8.25,1.0,0.3125,0.4739583333333333,167,412,0.0,0.0,0.0,0.5,16,1.5,8.25,1.5,0.1875,0.4979166666666667,198,412,0.0,0.0,0.0,0.625
test,"k=2, theta=0.04743",moving_average,sensitivity_2,CF722AA9-2533-4E51-9FEB-9EAC84EE9AAC,694,0,0,0,0,0,0,11.566666666666666,0.0,0.0,0.0,0.0,0.0,,16,6.5,10.5,3.0,0.375,0.6510416666666666,283,412,0.0,0.0,0.0,0.375,16,4.5,11.125,3.0,0.5625,0.6875,228,412,0.0,0.0,0.0,0.3125
test,"k=2, theta=0.04743",moving_average,sensitivity_2,D7D20E2E-FC78-405D-B346-DBD3FD8FC92B,1212,0,0,0,0,0,0,20.2,0.0,0.0,0.0,0.0,0.0,,16,2.5,10.625,1.5,0.4375,0.5864583333333333,206,412,0.0,0.0,0.0,0.4375,16,6.5,14.125,3.5,0.6875,0.7635416666666667,272,412,0.0,0.0,0.0,0.1875
test,"k=2, theta=0.04743",moving_average,sensitivity_2,E65577C1-8D5D-4F70-AF23-B3ADB9D3DBA3,657,12,12,24,22,19,11,10.95,1.0958904109589043,0.0334855403348554,2.1917808219178085,1.7351598173515983,1.0045662100456623,1.8333333333333333,16,2.5,13.375,1.0,0.375,0.571875,256,412,0.0,0.0,0.0625,0.5625,16,4.0,10.3125,4.0,0.4375,0.6583333333333333,229,412,0.0,0.0,0.0,0.4375
test,"k=2, theta=0.04743",moving_average,sensitivity_2,ECECC2AB-D32F-4F90-B74C-E12A1C69BBE2,677,0,0,0,0,0,0,11.283333333333333,0.0,0.0,0.0,0.0,0.0,,16,2.0,3.4375,2.0,0.1875,0.428125,141,412,0.0,0.0,0.0,0.6875,16,3.5,7.125,3.0,0.1875,0.5072916666666667,169,412,0.0,0.0,0.0,0.75
test,"k=2, theta=0.04743",moving_average,sensitivity_2,FDAA70A1-42A3-4E3F-9AE3-3FDA412E03BF,966,0,0,0,0,0,0,16.1,0.0,0.0,0.0,0.0,0.0,,16,1.0,2.6875,1.0,0.125,0.31666666666666665,95,412,0.0,0.0,0.0,0.75,16,3.0,11.3125,3.0,0.25,0.5385416666666667,240,412,0.0,0.0,0.0,0.5625
test,"alpha=0.7, theta=0.06297",ewma,sensitivity_2,00EABED2-271D-49D8-B599-1D4A09240601,408,9,9,18,40,11,6,6.8,1.3235294117647058,0.09803921568627451,2.6470588235294117,1.6176470588235294,0.8823529411764706,4.444444444444445,16,3.0,11.75,3.0,0.3125,0.615625,247,412,0.0,0.0,0.125,0.5,16,2.0,2.625,2.0,0.0625,0.3958333333333333,101,412,0.0,0.0,0.125,0.75
test,"alpha=0.7, theta=0.06297",ewma,sensitivity_2,098A72A5-E3E5-4F54-A152-BBDA0DF7B694,1334,0,0,0,0,0,0,22.233333333333334,0.0,0.0,0.0,0.0,0.0,,16,2.5,6.75,2.5,0.1875,0.5864583333333333,246,412,0.0,0.0,0.0,0.5,16,2.5,5.625,2.0,0.25,0.521875,142,412,0.0,0.0,0.0,0.6875
test,"alpha=0.7, theta=0.06297",ewma,sensitivity_2,0A986513-7828-4D53-AA1F-E02D6DF9561B,763,1,1,2,3,1,1,12.716666666666667,0.07863695937090433,0.003931847968545216,0.15727391874180865,0.07863695937090433,0.07863695937090433,3.0,16,3.0,8.5,3.0,0.4375,0.6510416666666666,213,412,0.0,0.0,0.0,0.4375,16,2.0,5.5,2.0,0.3125,0.471875,93,412,0.0,0.0,0.0,0.625
test,"alpha=0.7, theta=0.06297",ewma,sensitivity_2,11B5EC4D-4133-4289-B475-4E737182A406,1740,0,0,0,0,0,0,29.0,0.0,0.0,0.0,0.0,0.0,,16,3.0,7.75,3.0,0.25,0.5760416666666667,192,412,0.0,0.0,0.0,0.5625,16,3.5,11.75,3.0,0.3125,0.6333333333333333,248,412,0.0,0.0,0.0,0.4375
test,"alpha=0.7, theta=0.06297",ewma,sensitivity_2,136562B6-95B2-483D-88DC-065F28409FD2,1215,0,0,0,0,0,0,20.25,0.0,0.0,0.0,0.0,0.0,,16,3.0,10.1875,3.0,0.375,0.66875,257,412,0.0,0.0,0.0,0.4375,16,2.5,7.8125,2.5,0.3125,0.5427083333333333,153,412,0.0,0.0,0.0,0.5
test,"alpha=0.7, theta=0.06297",ewma,sensitivity_2,1538C99F-BA1E-4EFB-A949-6C7C47701B20,1281,4,4,8,68,4,1,21.35,0.18735362997658078,0.05308352849336456,0.37470725995316156,0.18735362997658078,0.046838407494145196,17.0,16,2.0,5.8125,2.0,0.125,0.4239583333333333,143,412,0.0,0.0,0.0,0.75,16,2.0,2.0625,2.0,0.125,0.365625,97,412,0.0,0.0,0.125,0.8125
test,"alpha=0.7, theta=0.06297",ewma,sensitivity_2,24E40C4C-A349-4F9F-93AB-01D00FB994AF,926,0,0,0,0,0,0,15.433333333333334,0.0,0.0,0.0,0.0,0.0,,16,5.0,17.1875,5.0,0.625,0.696875,270,412,0.0,0.0,0.0,0.375,16,10.5,21.3125,10.5,0.8125,0.915625,356,412,0.0,0.0,0.0,0.1875
test,"alpha=0.7, theta=0.06297",ewma,sensitivity_2,2C32C23E-E30C-498A-8DD2-0EFB9150A02E,1675,0,0,0,0,0,0,27.916666666666668,0.0,0.0,0.0,0.0,0.0,,16,3.0,10.75,3.0,0.3125,0.575,210,412,0.0,0.0,0.0,0.5625,16,3.0,6.3125,2.5,0.25,0.6177083333333333,186,412,0.0,0.0,0.0,0.375
test,"alpha=0.7, theta=0.06297",ewma,sensitivity_2,3600D531-0C55-44A7-AE95-A7A38519464E,1032,1,1,2,10,0,0,17.2,0.05813953488372093,0.009689922480620155,0.11627906976744186,0.0,0.0,10.0,16,2.0,9.75,2.0,0.375,0.55,181,412,0.0,0.0,0.0,0.5625,16,3.0,10.75,3.0,0.4375,0.621875,186,412,0.0,0.0,0.0,0.5625
test,"alpha=0.7, theta=0.06297",ewma,sensitivity_2,4FC32141-E888-4BFF-8804-12559A491D8C,967,0,0,0,0,0,0,16.116666666666667,0.0,0.0,0.0,0.0,0.0,,16,20.0,25.75,20.0,1.0,1.0,412,412,0.0,0.0,0.0,0.0,16,20.0,25.75,20.0,1.0,1.0,412,412,0.0,0.0,0.0,0.0
test,"alpha=0.7, theta=0.06297",ewma,sensitivity_2,5119D0F8-FCA8-4184-A4EB-19421A40DE0D,1295,0,0,0,0,0,0,21.583333333333332,0.0,0.0,0.0,0.0,0.0,,16,2.0,10.75,2.0,0.3125,0.5270833333333333,174,412,0.0,0.0,0.0,0.6875,16,3.0,9.1875,2.0,0.375,0.5802083333333333,184,412,0.0,0.0,0.0,0.5625
test,"alpha=0.7, theta=0.06297",ewma,sensitivity_2,5152A2DF-FAF3-4BA8-9CA9-E66B32671A53,1295,1,1,2,7,0,0,21.583333333333332,0.04633204633204634,0.005405405405405406,0.09266409266409267,0.0,0.0,7.0,16,2.0,7.1875,2.0,0.25,0.503125,140,412,0.0,0.0,0.0,0.75,16,3.0,8.8125,3.0,0.375,0.6760416666666667,223,412,0.0,0.0,0.0,0.375
test,"alpha=0.7, theta=0.06297",ewma,sensitivity_2,5EF64122-B513-46AE-BCF1-E62AAC285D2C,754,0,0,0,0,0,0,12.566666666666666,0.0,0.0,0.0,0.0,0.0,,16,2.0,6.3125,2.0,0.1875,0.3927083333333333,110,412,0.0,0.0,0.0,0.8125,16,2.5,5.1875,2.5,0.125,0.44479166666666664,120,412,0.0,0.0,0.0,0.8125
test,"alpha=0.7, theta=0.06297",ewma,sensitivity_2,61976C24-1C50-4355-9C49-AAE44A7D09F6,1717,0,0,0,0,0,0,28.616666666666667,0.0,0.0,0.0,0.0,0.0,,16,2.0,9.1875,2.0,0.3125,0.553125,197,412,0.0,0.0,0.0,0.4375,16,2.0,4.1875,2.0,0.1875,0.4,105,412,0.0,0.0,0.0,0.625
test,"alpha=0.7, theta=0.06297",ewma,sensitivity_2,78A91A4E-4A51-4065-BDA7-94755F0BB3BB,2371,4,4,8,5,5,4,39.516666666666666,0.10122311261071278,0.002108814846056516,0.20244622522142555,0.12652889076339097,0.10122311261071278,1.25,16,6.0,13.0625,5.5,0.4375,0.7177083333333333,256,412,0.0,0.0,0.0,0.4375,16,3.0,14.5625,2.5,0.5625,0.628125,235,412,0.0,0.0,0.0,0.3125
test,"alpha=0.7, theta=0.06297",ewma,sensitivity_2,7CE37510-56D0-4120-A1CF-0E23351428D2,1924,0,0,0,0,0,0,32.06666666666667,0.0,0.0,0.0,0.0,0.0,,16,2.0,3.6875,2.0,0.125,0.30416666666666664,71,412,0.0,0.0,0.0,0.8125,16,3.0,5.125,2.0,0.1875,0.553125,188,412,0.0,0.0,0.0,0.5625
test,"alpha=0.7, theta=0.06297",ewma,sensitivity_2,8023FE1A-D3B0-4E2C-A57A-9321B7FC755F,1809,2,2,4,3,3,2,30.15,0.06633499170812604,0.001658374792703151,0.13266998341625208,0.09950248756218906,0.06633499170812604,1.5,16,2.5,4.3125,2.0,0.1875,0.4739583333333333,141,412,0.0,0.0,0.0,0.5625,16,2.5,8.9375,2.5,0.0625,0.5135416666666667,204,412,0.0,0.0,0.0,0.75
test,"alpha=0.7, theta=0.06297",ewma,sensitivity_2,83CF687B-7CEC-434B-9FE8-00C3D5799BE6,1879,6,6,12,8,7,6,31.316666666666666,0.19159127195316658,0.004257583821181479,0.38318254390633316,0.22352315061202768,0.19159127195316658,1.3333333333333333,16,2.0,3.5625,2.0,0.0625,0.35520833333333335,89,412,0.0,0.0,0.0,0.9375,16,2.0,2.0,2.0,0.0,0.29375,50,412,0.0,0.0,0.0,0.9375
test,"alpha=0.7, theta=0.06297",ewma,sensitivity_2,9759096F-1119-4E19-A0AD-6F16989C7E1C,1954,15,15,30,37,22,14,32.56666666666667,0.4605936540429887,0.018935516888433982,0.9211873080859774,0.67553735926305,0.4298874104401228,2.466666666666667,16,2.0,7.1875,2.0,0.375,0.58125,185,412,0.0,0.0,0.0625,0.5625,16,6.5,11.9375,3.0,0.5,0.6802083333333333,216,412,0.0,0.0,0.0,0.4375
test,"alpha=0.7, theta=0.06297",ewma,sensitivity_2,9DC38D04-E82E-4F29-AB52-B476535226F2,1909,0,0,0,0,0,0,31.816666666666666,0.0,0.0,0.0,0.0,0.0,,16,3.0,14.8125,2.5,0.3125,0.578125,253,412,0.0,0.0,0.0,0.625,16,2.5,9.875,2.5,0.25,0.5270833333333333,168,412,0.0,0.0,0.0,0.75
test,"alpha=0.7, theta=0.06297",ewma,sensitivity_2,A5CDF89D-02A2-4EC1-89F8-F534FDABDD96,1179,0,0,0,0,0,0,19.65,0.0,0.0,0.0,0.0,0.0,,16,2.0,6.625,2.0,0.3125,0.5,143,412,0.0,0.0,0.0,0.5625,16,4.0,7.375,3.5,0.25,0.6197916666666666,194,412,0.0,0.0,0.0,0.4375
test,"alpha=0.7, theta=0.06297",ewma,sensitivity_2,A76A5AF5-5A93-4CF2-A16E-62353BB70E8A,1475,0,0,0,0,0,0,24.583333333333332,0.0,0.0,0.0,0.0,0.0,,16,6.5,21.1875,6.5,0.6875,0.7770833333333333,346,412,0.0,0.0,0.0,0.25,16,3.0,12.0625,3.0,0.5,0.665625,213,412,0.0,0.0,0.0,0.375
test,"alpha=0.7, theta=0.06297",ewma,sensitivity_2,B09E373F-8A54-44C8-895B-0039390B859F,1597,0,0,0,0,0,0,26.616666666666667,0.0,0.0,0.0,0.0,0.0,,16,6.0,18.4375,6.0,0.5,0.7697916666666667,325,412,0.0,0.0,0.0,0.3125,16,7.0,14.25,4.5,0.4375,0.7260416666666667,267,412,0.0,0.0,0.0,0.3125
test,"alpha=0.7, theta=0.06297",ewma,sensitivity_2,B9724848-C7E2-45F4-9B3F-A1F38D864495,1497,16,16,32,27,23,16,24.95,0.6412825651302605,0.018036072144288578,1.282565130260521,0.9218436873747495,0.6412825651302605,1.6875,16,2.0,5.0,2.0,0.1875,0.459375,138,412,0.0,0.0,0.0625,0.75,16,2.0,5.5625,2.0,0.25,0.49895833333333334,175,412,0.0,0.0,0.0,0.6875
test,"alpha=0.7, theta=0.06297",ewma,sensitivity_2,BE3CA5A6-A561-4BBD-B7C9-5DF6805400FC,1633,0,0,0,0,0,0,27.216666666666665,0.0,0.0,0.0,0.0,0.0,,16,20.0,25.75,10.0,1.0,0.99375,408,412,0.0,0.0,0.0,0.0,16,20.0,24.1875,20.0,0.9375,0.9916666666666667,404,412,0.0,0.0,0.0,0.0
test,"alpha=0.7, theta=0.06297",ewma,sensitivity_2,C48CE857-A0DD-4DDB-BEA5-3A25449B2153,937,0,0,0,0,0,0,15.616666666666667,0.0,0.0,0.0,0.0,0.0,,16,6.0,13.125,3.0,0.375,0.6635416666666667,216,412,0.0,0.0,0.0,0.5625,16,2.0,12.75,2.0,0.25,0.575,237,412,0.0,0.0,0.0,0.5625
test,"alpha=0.7, theta=0.06297",ewma,sensitivity_2,CA820D43-E5E2-42EF-9798-BE56F776370B,1543,1,1,2,1,1,1,25.716666666666665,0.0388852883992223,0.0006480881399870382,0.0777705767984446,0.0388852883992223,0.0388852883992223,1.0,16,3.0,16.625,2.0,0.25,0.625,279,412,0.0,0.0,0.0,0.625,16,2.5,5.625,2.0,0.1875,0.5447916666666667,194,412,0.0,0.0,0.0,0.4375
test,"alpha=0.7, theta=0.06297",ewma,sensitivity_2,CDA3BBF7-6631-45E8-85BA-EEB416B32A3C,537,0,0,0,0,0,0,8.95,0.0,0.0,0.0,0.0,0.0,,16,2.0,8.8125,2.0,0.3125,0.55625,170,412,0.0,0.0,0.0,0.5,16,2.0,6.0625,2.0,0.1875,0.55625,196,412,0.0,0.0,0.0,0.625
test,"alpha=0.7, theta=0.06297",ewma,sensitivity_2,CF722AA9-2533-4E51-9FEB-9EAC84EE9AAC,694,0,0,0,0,0,0,11.566666666666666,0.0,0.0,0.0,0.0,0.0,,16,6.5,10.875,3.0,0.375,0.696875,278,412,0.0,0.0,0.0,0.375,16,4.0,8.3125,3.0,0.5,0.6958333333333333,218,412,0.0,0.0,0.0,0.3125
test,"alpha=0.7, theta=0.06297",ewma,sensitivity_2,D7D20E2E-FC78-405D-B346-DBD3FD8FC92B,1212,0,0,0,0,0,0,20.2,0.0,0.0,0.0,0.0,0.0,,16,3.0,11.25,2.0,0.4375,0.6,204,412,0.0,0.0,0.0,0.4375,16,3.5,10.75,3.5,0.625,0.7635416666666667,266,412,0.0,0.0,0.0,0.1875
test,"alpha=0.7, theta=0.06297",ewma,sensitivity_2,E65577C1-8D5D-4F70-AF23-B3ADB9D3DBA3,657,7,7,14,45,10,4,10.95,0.6392694063926941,0.0684931506849315,1.2785388127853883,0.9132420091324202,0.36529680365296807,6.428571428571429,16,2.5,9.75,2.0,0.25,0.5270833333333333,215,412,0.0,0.0,0.1875,0.6875,16,4.0,10.625,3.5,0.5,0.709375,224,412,0.0,0.0,0.0,0.375
test,"alpha=0.7, theta=0.06297",ewma,sensitivity_2,ECECC2AB-D32F-4F90-B74C-E12A1C69BBE2,677,0,0,0,0,0,0,11.283333333333333,0.0,0.0,0.0,0.0,0.0,,16,2.0,3.5625,2.0,0.1875,0.45416666666666666,145,412,0.0,0.0,0.0,0.6875,16,4.0,7.6875,3.5,0.25,0.553125,167,412,0.0,0.0,0.0,0.75
test,"alpha=0.7, theta=0.06297",ewma,sensitivity_2,FDAA70A1-42A3-4E3F-9AE3-3FDA412E03BF,966,0,0,0,0,0,0,16.1,0.0,0.0,0.0,0.0,0.0,,16,2.0,3.125,2.0,0.125,0.3885416666666667,99,412,0.0,0.0,0.0,0.75,16,3.0,8.5625,3.0,0.25,0.559375,235,412,0.0,0.0,0.0,0.5625
test,"k=3, theta=0.06297",majority_vote,sensitivity_2,00EABED2-271D-49D8-B599-1D4A09240601,408,7,7,14,52,7,4,6.8,1.0294117647058825,0.12745098039215685,2.058823529411765,1.0294117647058825,0.5882352941176471,7.428571428571429,16,3.0,10.6875,1.5,0.25,0.5083333333333333,225,412,0.0,0.0,0.125,0.5,16,1.0,1.9375,1.0,0.0,0.26145833333333335,76,412,1.0,0.0,0.1875,0.9375
test,"k=3, theta=0.06297",majority_vote,sensitivity_2,098A72A5-E3E5-4F54-A152-BBDA0DF7B694,1334,0,0,0,0,0,0,22.233333333333334,0.0,0.0,0.0,0.0,0.0,,16,1.5,3.1875,1.5,0.125,0.48854166666666665,213,412,0.5,0.0,0.0,0.5625,16,1.0,3.8125,1.0,0.1875,0.4083333333333333,109,412,1.0,0.0,0.0,0.75
test,"k=3, theta=0.06297",majority_vote,sensitivity_2,0A986513-7828-4D53-AA1F-E02D6DF9561B,763,1,1,2,4,1,1,12.716666666666667,0.07863695937090433,0.005242463958060288,0.15727391874180865,0.07863695937090433,0.07863695937090433,4.0,16,3.0,7.8125,3.0,0.375,0.5708333333333333,191,412,0.0,0.0,0.0,0.5625,16,1.0,4.375,1.0,0.125,0.3208333333333333,74,412,1.0,0.0,0.0,0.75
test,"k=3, theta=0.06297",majority_vote,sensitivity_2,11B5EC4D-4133-4289-B475-4E737182A406,1740,0,0,0,0,0,0,29.0,0.0,0.0,0.0,0.0,0.0,,16,1.5,6.375,1.5,0.25,0.4822916666666667,171,412,0.5,0.0,0.0,0.5625,16,2.0,6.75,2.0,0.125,0.5145833333333333,222,412,0.0,0.0,0.0,0.5
test,"k=3, theta=0.06297",majority_vote,sensitivity_2,136562B6-95B2-483D-88DC-065F28409FD2,1215,0,0,0,0,0,0,20.25,0.0,0.0,0.0,0.0,0.0,,16,2.0,8.6875,1.0,0.375,0.5729166666666666,229,412,0.0,0.0,0.0,0.4375,16,1.0,5.9375,1.0,0.25,0.41354166666666664,124,412,1.0,0.0,0.0,0.5625
test,"k=3, theta=0.06297",majority_vote,sensitivity_2,1538C99F-BA1E-4EFB-A949-6C7C47701B20,1281,2,2,4,74,1,0,21.35,0.09367681498829039,0.05776736924277908,0.18735362997658078,0.046838407494145196,0.0,37.0,16,1.0,4.75,1.0,0.0625,0.2708333333333333,113,412,1.0,0.0,0.0,0.8125,16,1.0,1.25,1.0,0.125,0.2583333333333333,56,412,1.0,0.0,0.125,0.8125
test,"k=3, theta=0.06297",majority_vote,sensitivity_2,24E40C4C-A349-4F9F-93AB-01D00FB994AF,926,0,0,0,0,0,0,15.433333333333334,0.0,0.0,0.0,0.0,0.0,,16,5.0,15.5,3.0,0.4375,0.675,261,412,0.0,0.0,0.0,0.4375,16,11.0,19.625,10.0,0.75,0.9041666666666667,347,412,0.0,0.0,0.0,0.25
test,"k=3, theta=0.06297",majority_vote,sensitivity_2,2C32C23E-E30C-498A-8DD2-0EFB9150A02E,1675,0,0,0,0,0,0,27.916666666666668,0.0,0.0,0.0,0.0,0.0,,16,2.5,6.75,2.5,0.3125,0.45625,155,412,1.0,0.0,0.0,0.625,16,1.5,4.8125,1.5,0.25,0.48854166666666665,143,412,0.0,0.0,0.0,0.625
test,"k=3, theta=0.06297",majority_vote,sensitivity_2,3600D531-0C55-44A7-AE95-A7A38519464E,1032,2,2,4,14,2,1,17.2,0.11627906976744186,0.013565891472868217,0.23255813953488372,0.11627906976744186,0.05813953488372093,7.0,16,1.0,8.625,1.0,0.3125,0.46770833333333334,164,412,1.0,0.0,0.0,0.5625,16,3.0,8.0,2.5,0.3125,0.5375,159,412,1.0,0.0,0.0,0.5625
test,"k=3, theta=0.06297",majority_vote,sensitivity_2,4FC32141-E888-4BFF-8804-12559A491D8C,967,0,0,0,0,0,0,16.116666666666667,0.0,0.0,0.0,0.0,0.0,,16,20.0,25.75,20.0,1.0,1.0,412,412,0.0,0.0,0.0,0.0,16,20.0,25.75,20.0,1.0,1.0,412,412,0.0,0.0,0.0,0.0
test,"k=3, theta=0.06297",majority_vote,sensitivity_2,5119D0F8-FCA8-4184-A4EB-19421A40DE0D,1295,0,0,0,0,0,0,21.583333333333332,0.0,0.0,0.0,0.0,0.0,,16,1.0,9.9375,1.0,0.25,0.45416666666666666,164,412,1.0,0.0,0.0,0.75,16,1.0,6.25,1.0,0.25,0.4739583333333333,167,412,1.0,0.0,0.0,0.625
test,"k=3, theta=0.06297",majority_vote,sensitivity_2,5152A2DF-FAF3-4BA8-9CA9-E66B32671A53,1295,1,1,2,9,0,0,21.583333333333332,0.04633204633204634,0.0069498069498069494,0.09266409266409267,0.0,0.0,9.0,16,1.0,4.3125,1.0,0.25,0.41041666666666665,116,412,1.0,0.0,0.0,0.75,16,3.0,5.0625,3.0,0.3125,0.590625,188,412,0.0,0.0,0.0,0.375
test,"k=3, theta=0.06297",majority_vote,sensitivity_2,5EF64122-B513-46AE-BCF1-E62AAC285D2C,754,1,1,2,2,1,1,12.566666666666666,0.07957559681697612,0.002652519893899204,0.15915119363395225,0.07957559681697612,0.07957559681697612,2.0,16,1.0,2.875,1.0,0.0625,0.28958333333333336,91,412,1.0,0.0,0.0,0.8125,16,1.0,4.0625,1.0,0.125,0.3541666666666667,112,412,1.0,0.0,0.0,0.8125
test,"k=3, theta=0.06297",majority_vote,sensitivity_2,61976C24-1C50-4355-9C49-AAE44A7D09F6,1717,0,0,0,0,0,0,28.616666666666667,0.0,0.0,0.0,0.0,0.0,,16,1.5,8.3125,1.5,0.25,0.4447916666666667,176,412,0.0,0.0,0.0,0.4375,16,1.0,1.75,1.0,0.125,0.29791666666666666,73,412,1.0,0.0,0.0,0.625
test,"k=3, theta=0.06297",majority_vote,sensitivity_2,78A91A4E-4A51-4065-BDA7-94755F0BB3BB,2371,6,6,12,15,8,6,39.516666666666666,0.15183466891606917,0.0063264445381695485,0.30366933783213834,0.20244622522142555,0.15183466891606917,2.5,16,5.5,12.25,4.0,0.375,0.6166666666666667,239,412,0.5,0.0,0.0,0.5625,16,2.0,9.9375,1.5,0.4375,0.5614583333333334,219,412,0.0,0.0,0.0,0.3125
test,"k=3, theta=0.06297",majority_vote,sensitivity_2,7CE37510-56D0-4120-A1CF-0E23351428D2,1924,1,1,2,2,1,1,32.06666666666667,0.031185031185031183,0.0010395010395010396,0.06237006237006237,0.031185031185031183,0.031185031185031183,2.0,16,1.0,1.75,1.0,0.0625,0.21875,49,412,1.0,0.0,0.0,0.8125,16,1.0,2.3125,1.0,0.1875,0.42916666666666664,149,412,1.0,0.0,0.0,0.625
test,"k=3, theta=0.06297",majority_vote,sensitivity_2,8023FE1A-D3B0-4E2C-A57A-9321B7FC755F,1809,2,2,4,7,2,2,30.15,0.06633499170812604,0.003869541182974019,0.13266998341625208,0.06633499170812604,0.06633499170812604,3.5,16,1.0,2.0,1.0,0.125,0.31354166666666666,95,412,1.0,0.0,0.0,0.75,16,2.0,4.8125,2.0,0.0625,0.4239583333333333,176,412,1.0,0.0,0.0,0.8125
test,"k=3, theta=0.06297",majority_vote,sensitivity_2,83CF687B-7CEC-434B-9FE8-00C3D5799BE6,1879,5,5,10,11,6,5,31.316666666666666,0.15965939329430548,0.005854177754124534,0.31931878658861096,0.19159127195316658,0.15965939329430548,2.2,16,1.0,2.0625,1.0,0.0625,0.24687499999999998,73,412,1.0,0.0,0.0,0.875,16,1.0,1.3125,1.0,0.0,0.18645833333333334,38,412,1.0,0.0,0.0,0.9375
test,"k=3, theta=0.06297",majority_vote,sensitivity_2,9759096F-1119-4E19-A0AD-6F16989C7E1C,1954,11,11,22,49,12,9,32.56666666666667,0.337768679631525,0.025076765609007165,0.67553735926305,0.36847492323439096,0.27635619242579323,4.454545454545454,16,1.0,4.9375,1.0,0.25,0.4927083333333333,162,412,1.0,0.0,0.0625,0.625,16,3.0,8.375,3.0,0.4375,0.5989583333333334,189,412,0.0,0.0,0.0625,0.5
test,"k=3, theta=0.06297",majority_vote,sensitivity_2,9DC38D04-E82E-4F29-AB52-B476535226F2,1909,0,0,0,0,0,0,31.816666666666666,0.0,0.0,0.0,0.0,0.0,,16,2.0,14.25,2.0,0.25,0.4708333333333333,231,412,1.0,0.0,0.0,0.6875,16,2.5,9.4375,2.5,0.25,0.44583333333333336,151,412,1.0,0.0,0.0,0.75
test,"k=3, theta=0.06297",majority_vote,sensitivity_2,A5CDF89D-02A2-4EC1-89F8-F534FDABDD96,1179,0,0,0,0,0,0,19.65,0.0,0.0,0.0,0.0,0.0,,16,1.0,5.875,1.0,0.3125,0.4270833333333333,121,412,1.0,0.0,0.0,0.625,16,3.0,5.375,3.0,0.1875,0.496875,152,412,0.0,0.0,0.0,0.5625
test,"k=3, theta=0.06297",majority_vote,sensitivity_2,A76A5AF5-5A93-4CF2-A16E-62353BB70E8A,1475,0,0,0,0,0,0,24.583333333333332,0.0,0.0,0.0,0.0,0.0,,16,6.5,20.875,6.5,0.6875,0.7333333333333334,338,412,0.0,0.0,0.0,0.25,16,3.0,11.4375,3.0,0.4375,0.6041666666666666,198,412,0.0,0.0,0.0,0.4375
test,"k=3, theta=0.06297",majority_vote,sensitivity_2,B09E373F-8A54-44C8-895B-0039390B859F,1597,0,0,0,0,0,0,26.616666666666667,0.0,0.0,0.0,0.0,0.0,,16,6.0,16.1875,6.0,0.375,0.6822916666666666,310,412,0.0,0.0,0.0,0.5,16,5.5,12.9375,4.5,0.375,0.6416666666666666,249,412,0.0,0.0,0.0,0.375
test,"k=3, theta=0.06297",majority_vote,sensitivity_2,B9724848-C7E2-45F4-9B3F-A1F38D864495,1497,19,19,38,42,25,19,24.95,0.7615230460921844,0.028056112224448898,1.5230460921843687,1.0020040080160322,0.7615230460921844,2.210526315789474,16,1.0,3.3125,1.0,0.0,0.3385416666666667,113,412,1.0,0.0,0.0,0.8125,16,1.0,4.5,1.0,0.125,0.4145833333333333,144,412,1.0,0.0,0.0,0.8125
test,"k=3, theta=0.06297",majority_vote,sensitivity_2,BE3CA5A6-A561-4BBD-B7C9-5DF6805400FC,1633,0,0,0,0,0,0,27.216666666666665,0.0,0.0,0.0,0.0,0.0,,16,20.0,25.75,10.0,1.0,0.9916666666666667,406,412,0.0,0.0,0.0,0.0,16,20.0,24.0625,20.0,0.9375,0.9895833333333334,402,412,0.0,0.0,0.0,0.0
test,"k=3, theta=0.06297",majority_vote,sensitivity_2,C48CE857-A0DD-4DDB-BEA5-3A25449B2153,937,0,0,0,0,0,0,15.616666666666667,0.0,0.0,0.0,0.0,0.0,,16,3.0,10.6875,3.0,0.375,0.6208333333333333,202,412,0.5,0.0,0.0,0.5625,16,1.5,9.5625,1.0,0.125,0.44479166666666664,214,412,1.0,0.0,0.0,0.6875
test,"k=3, theta=0.06297",majority_vote,sensitivity_2,CA820D43-E5E2-42EF-9798-BE56F776370B,1543,3,3,6,10,3,3,25.716666666666665,0.1166558651976669,0.0064808813998703824,0.2333117303953338,0.1166558651976669,0.1166558651976669,3.3333333333333335,16,1.0,5.125,1.0,0.0625,0.45208333333333334,237,412,0.5,0.0,0.0,0.75,16,1.0,4.625,1.0,0.1875,0.40208333333333335,146,412,0.0,0.0,0.0625,0.5
test,"k=3, theta=0.06297",majority_vote,sensitivity_2,CDA3BBF7-6631-45E8-85BA-EEB416B32A3C,537,0,0,0,0,0,0,8.95,0.0,0.0,0.0,0.0,0.0,,16,1.0,7.4375,1.0,0.25,0.4125,142,412,0.5,0.0,0.0,0.625,16,1.5,5.6875,1.5,0.1875,0.459375,167,412,1.0,0.0,0.0,0.6875
test,"k=3, theta=0.06297",majority_vote,sensitivity_2,CF722AA9-2533-4E51-9FEB-9EAC84EE9AAC,694,0,0,0,0,0,0,11.566666666666666,0.0,0.0,0.0,0.0,0.0,,16,3.0,8.5625,3.0,0.375,0.621875,257,412,0.0,0.0,0.0,0.375,16,3.0,7.6875,3.0,0.4375,0.6302083333333334,195,412,0.0,0.0,0.0,0.375
test,"k=3, theta=0.06297",majority_vote,sensitivity_2,D7D20E2E-FC78-405D-B346-DBD3FD8FC92B,1212,0,0,0,0,0,0,20.2,0.0,0.0,0.0,0.0,0.0,,16,1.5,6.875,1.5,0.375,0.546875,185,412,0.0,0.0,0.0,0.5,16,3.0,9.6875,3.0,0.5625,0.721875,240,412,0.0,0.0,0.0,0.25
test,"k=3, theta=0.06297",majority_vote,sensitivity_2,E65577C1-8D5D-4F70-AF23-B3ADB9D3DBA3,657,4,4,8,52,5,3,10.95,0.36529680365296807,0.0791476407914764,0.7305936073059361,0.4566210045662101,0.27397260273972607,13.0,16,1.0,8.6875,1.0,0.25,0.409375,192,412,1.0,0.0,0.1875,0.6875,16,4.0,9.0625,4.0,0.4375,0.621875,204,412,0.0,0.0,0.0,0.4375
test,"k=3, theta=0.06297",majority_vote,sensitivity_2,ECECC2AB-D32F-4F90-B74C-E12A1C69BBE2,677,0,0,0,0,0,0,11.283333333333333,0.0,0.0,0.0,0.0,0.0,,16,2.0,2.5625,2.0,0.1875,0.36354166666666665,104,412,1.0,0.0,0.0,0.75,16,3.0,3.4375,3.0,0.125,0.45729166666666665,140,412,1.0,0.0,0.0,0.75
test,"k=3, theta=0.06297",majority_vote,sensitivity_2,FDAA70A1-42A3-4E3F-9AE3-3FDA412E03BF,966,0,0,0,0,0,0,16.1,0.0,0.0,0.0,0.0,0.0,,16,1.0,2.1875,1.0,0.0,0.271875,80,412,1.0,0.0,0.0,0.9375,16,1.5,5.75,1.5,0.1875,0.4395833333333333,186,412,1.0,0.0,0.0,0.625
test,"T=2, theta=0.07586",debounce,sensitivity_2,00EABED2-271D-49D8-B599-1D4A09240601,408,6,6,12,56,5,3,6.8,0.8823529411764706,0.13725490196078433,1.7647058823529411,0.7352941176470589,0.4411764705882353,9.333333333333334,16,2.0,10.125,1.0,0.1875,0.440625,204,412,0.5,0.0,0.125,0.625,16,1.0,1.25,1.0,0.0,0.21666666666666667,54,412,1.0,0.0,0.25,1.0
test,"T=2, theta=0.07586",debounce,sensitivity_2,098A72A5-E3E5-4F54-A152-BBDA0DF7B694,1334,0,0,0,0,0,0,22.233333333333334,0.0,0.0,0.0,0.0,0.0,,16,1.0,3.25,1.0,0.125,0.4625,207,412,1.0,0.0,0.0,0.5625,16,1.0,3.9375,1.0,0.1875,0.39375,106,412,1.0,0.0,0.0,0.75
test,"T=2, theta=0.07586",debounce,sensitivity_2,0A986513-7828-4D53-AA1F-E02D6DF9561B,763,1,1,2,5,1,1,12.716666666666667,0.07863695937090433,0.00655307994757536,0.15727391874180865,0.07863695937090433,0.07863695937090433,5.0,16,3.0,7.0,3.0,0.375,0.5510416666666667,174,412,0.5,0.0,0.0,0.5,16,1.0,2.0625,1.0,0.0,0.27708333333333335,67,412,1.0,0.0,0.0,0.75
test,"T=2, theta=0.07586",debounce,sensitivity_2,11B5EC4D-4133-4289-B475-4E737182A406,1740,0,0,0,0,0,0,29.0,0.0,0.0,0.0,0.0,0.0,,16,1.5,6.375,1.5,0.25,0.475,166,412,1.0,0.0,0.0,0.625,16,2.0,5.3125,2.0,0.125,0.5020833333333333,211,412,0.5,0.0,0.0,0.5
test,"T=2, theta=0.07586",debounce,sensitivity_2,136562B6-95B2-483D-88DC-065F28409FD2,1215,0,0,0,0,0,0,20.25,0.0,0.0,0.0,0.0,0.0,,16,1.0,8.125,1.0,0.3125,0.565625,228,412,0.0,0.0,0.0,0.4375,16,1.0,4.9375,1.0,0.1875,0.4041666666666667,118,412,1.0,0.0,0.0,0.5625
test,"T=2, theta=0.07586",debounce,sensitivity_2,1538C99F-BA1E-4EFB-A949-6C7C47701B20,1281,1,1,2,75,0,0,21.35,0.046838407494145196,0.0585480093676815,0.09367681498829039,0.0,0.0,75.0,16,1.0,4.6875,1.0,0.0625,0.24791666666666667,109,412,1.0,0.0,0.0,0.875,16,1.0,1.25,1.0,0.125,0.24895833333333334,49,412,1.0,0.0,0.125,0.875
test,"T=2, theta=0.07586",debounce,sensitivity_2,24E40C4C-A349-4F9F-93AB-01D00FB994AF,926,1,1,2,2,1,1,15.433333333333334,0.06479481641468682,0.0021598272138228943,0.12958963282937364,0.06479481641468682,0.06479481641468682,2.0,16,5.0,15.4375,3.0,0.4375,0.6666666666666666,256,412,0.0,0.0,0.0,0.4375,16,11.0,18.4375,10.0,0.625,0.834375,332,412,0.0,0.0,0.0,0.3125
test,"T=2, theta=0.07586",debounce,sensitivity_2,2C32C23E-E30C-498A-8DD2-0EFB9150A02E,1675,0,0,0,0,0,0,27.916666666666668,0.0,0.0,0.0,0.0,0.0,,16,3.0,6.9375,3.0,0.3125,0.46458333333333335,158,412,1.0,0.0,0.0,0.625,16,1.5,4.9375,1.5,0.25,0.47291666666666665,131,412,0.5,0.0,0.0,0.625
test,"T=2, theta=0.07586",debounce,sensitivity_2,3600D531-0C55-44A7-AE95-A7A38519464E,1032,2,2,4,14,2,1,17.2,0.11627906976744186,0.013565891472868217,0.23255813953488372,0.11627906976744186,0.05813953488372093,7.0,16,1.0,8.5,1.0,0.25,0.4552083333333333,157,412,1.0,0.0,0.0,0.6875,16,3.0,8.0625,2.5,0.3125,0.5333333333333333,156,412,1.0,0.0,0.0,0.5625
test,"T=2, theta=0.07586",debounce,sensitivity_2,4FC32141-E888-4BFF-8804-12559A491D8C,967,0,0,0,0,0,0,16.116666666666667,0.0,0.0,0.0,0.0,0.0,,16,20.0,25.75,20.0,1.0,1.0,412,412,0.0,0.0,0.0,0.0,16,20.0,25.75,20.0,1.0,1.0,412,412,0.0,0.0,0.0,0.0
test,"T=2, theta=0.07586",debounce,sensitivity_2,5119D0F8-FCA8-4184-A4EB-19421A40DE0D,1295,0,0,0,0,0,0,21.583333333333332,0.0,0.0,0.0,0.0,0.0,,16,1.0,4.8125,1.0,0.1875,0.421875,136,412,1.0,0.0,0.0,0.6875,16,1.0,5.75,1.0,0.1875,0.440625,155,412,1.0,0.0,0.0,0.6875
test,"T=2, theta=0.07586",debounce,sensitivity_2,5152A2DF-FAF3-4BA8-9CA9-E66B32671A53,1295,1,1,2,9,0,0,21.583333333333332,0.04633204633204634,0.0069498069498069494,0.09266409266409267,0.0,0.0,9.0,16,1.0,4.0,1.0,0.1875,0.3875,109,412,1.0,0.0,0.0,0.75,16,3.0,4.6875,3.0,0.25,0.5864583333333333,189,412,0.0,0.0,0.0,0.375
test,"T=2, theta=0.07586",debounce,sensitivity_2,5EF64122-B513-46AE-BCF1-E62AAC285D2C,754,1,1,2,2,1,1,12.566666666666666,0.07957559681697612,0.002652519893899204,0.15915119363395225,0.07957559681697612,0.07957559681697612,2.0,16,1.0,2.875,1.0,0.0625,0.28541666666666665,88,412,1.0,0.0,0.0,0.8125,16,1.0,4.75,1.0,0.125,0.35208333333333336,110,412,1.0,0.0,0.0,0.8125
test,"T=2, theta=0.07586",debounce,sensitivity_2,61976C24-1C50-4355-9C49-AAE44A7D09F6,1717,0,0,0,0,0,0,28.616666666666667,0.0,0.0,0.0,0.0,0.0,,16,1.5,8.375,1.5,0.25,0.4447916666666667,174,412,0.5,0.0,0.0,0.5,16,1.0,1.75,1.0,0.125,0.29375,70,412,1.0,0.0,0.0,0.6875
test,"T=2, theta=0.07586",debounce,sensitivity_2,78A91A4E-4A51-4065-BDA7-94755F0BB3BB,2371,4,4,8,17,3,3,39.516666666666666,0.10122311261071278,0.007169970476592155,0.20244622522142555,0.07591733445803459,0.07591733445803459,4.25,16,6.0,12.25,4.5,0.375,0.615625,235,412,0.5,0.0,0.0,0.5625,16,2.5,10.5625,1.5,0.5,0.565625,218,412,0.0,0.0,0.0,0.375
test,"T=2, theta=0.07586",debounce,sensitivity_2,7CE37510-56D0-4120-A1CF-0E23351428D2,1924,1,1,2,2,1,1,32.06666666666667,0.031185031185031183,0.0010395010395010396,0.06237006237006237,0.031185031185031183,0.031185031185031183,2.0,16,1.0,1.75,1.0,0.0625,0.21875,49,412,1.0,0.0,0.0,0.8125,16,1.0,1.875,1.0,0.125,0.3854166666666667,130,412,1.0,0.0,0.0,0.6875
test,"T=2, theta=0.07586",debounce,sensitivity_2,8023FE1A-D3B0-4E2C-A57A-9321B7FC755F,1809,2,2,4,9,1,1,30.15,0.06633499170812604,0.004975124378109453,0.13266998341625208,0.03316749585406302,0.03316749585406302,4.5,16,1.0,2.0625,1.0,0.125,0.3104166666666667,89,412,1.0,0.0,0.0,0.75,16,2.0,4.9375,2.0,0.0625,0.434375,178,412,1.0,0.0,0.0,0.8125
test,"T=2, theta=0.07586",debounce,sensitivity_2,83CF687B-7CEC-434B-9FE8-00C3D5799BE6,1879,10,10,20,31,11,9,31.316666666666666,0.31931878658861096,0.016498137307078234,0.6386375731772219,0.35125066524747206,0.28738690792974986,3.1,16,1.0,2.0625,1.0,0.0625,0.23645833333333333,65,412,1.0,0.0,0.0,0.9375,16,1.0,1.25,1.0,0.0,0.16666666666666666,32,412,1.0,0.0,0.0,0.9375
test,"T=2, theta=0.07586",debounce,sensitivity_2,9759096F-1119-4E19-A0AD-6F16989C7E1C,1954,11,11,22,55,11,8,32.56666666666667,0.337768679631525,0.028147389969293755,0.67553735926305,0.337768679631525,0.24564994882292732,5.0,16,1.0,4.1875,1.0,0.25,0.4791666666666667,163,412,1.0,0.0,0.125,0.6875,16,3.0,11.0,3.0,0.5,0.5947916666666666,185,412,0.0,0.0,0.0625,0.5
test,"T=2, theta=0.07586",debounce,sensitivity_2,9DC38D04-E82E-4F29-AB52-B476535226F2,1909,0,0,0,0,0,0,31.816666666666666,0.0,0.0,0.0,0.0,0.0,,16,2.0,10.6875,2.0,0.25,0.484375,227,412,1.0,0.0,0.0,0.625,16,3.0,9.5625,3.0,0.3125,0.459375,151,412,1.0,0.0,0.0,0.6875
test,"T=2, theta=0.07586",debounce,sensitivity_2,A5CDF89D-02A2-4EC1-89F8-F534FDABDD96,1179,0,0,0,0,0,0,19.65,0.0,0.0,0.0,0.0,0.0,,16,1.0,2.4375,1.0,0.1875,0.4114583333333333,106,412,1.0,0.0,0.0,0.6875,16,3.0,5.5,3.0,0.1875,0.496875,155,412,0.0,0.0,0.0,0.5
test,"T=2, theta=0.07586",debounce,sensitivity_2,A76A5AF5-5A93-4CF2-A16E-62353BB70E8A,1475,0,0,0,0,0,0,24.583333333333332,0.0,0.0,0.0,0.0,0.0,,16,6.5,20.5,6.5,0.625,0.7229166666666667,333,412,0.0,0.0,0.0,0.25,16,3.0,11.3125,2.0,0.375,0.5625,196,412,0.0,0.0,0.0,0.5
test,"T=2, theta=0.07586",debounce,sensitivity_2,B09E373F-8A54-44C8-895B-0039390B859F,1597,0,0,0,0,0,0,26.616666666666667,0.0,0.0,0.0,0.0,0.0,,16,6.5,16.125,6.5,0.4375,0.671875,305,412,0.0,0.0,0.0,0.4375,16,5.5,12.75,5.5,0.375,0.6208333333333333,242,412,0.0,0.0,0.0,0.375
test,"T=2, theta=0.07586",debounce,sensitivity_2,B9724848-C7E2-45F4-9B3F-A1F38D864495,1497,13,13,26,57,13,10,24.95,0.5210420841683366,0.03807615230460922,1.0420841683366733,0.5210420841683366,0.40080160320641284,4.384615384615385,16,1.0,2.9375,1.0,0.0625,0.32083333333333336,96,412,1.0,0.0,0.0625,0.8125,16,1.0,4.5,1.0,0.125,0.37916666666666665,130,412,1.0,0.0,0.0,0.8125
test,"T=2, theta=0.07586",debounce,sensitivity_2,BE3CA5A6-A561-4BBD-B7C9-5DF6805400FC,1633,0,0,0,0,0,0,27.216666666666665,0.0,0.0,0.0,0.0,0.0,,16,20.0,25.75,11.0,1.0,0.9895833333333334,404,412,0.0,0.0,0.0,0.0,16,20.0,24.0,10.0,0.875,0.9541666666666666,389,412,0.0,0.0,0.0,0.125
test,"T=2, theta=0.07586",debounce,sensitivity_2,C48CE857-A0DD-4DDB-BEA5-3A25449B2153,937,0,0,0,0,0,0,15.616666666666667,0.0,0.0,0.0,0.0,0.0,,16,3.0,10.8125,3.0,0.4375,0.6083333333333334,194,412,0.5,0.0,0.0,0.5,16,1.5,9.625,1.0,0.1875,0.4614583333333333,212,412,1.0,0.0,0.0,0.6875
test,"T=2, theta=0.07586",debounce,sensitivity_2,CA820D43-E5E2-42EF-9798-BE56F776370B,1543,6,6,12,17,6,6,25.716666666666665,0.2333117303953338,0.01101749837977965,0.4666234607906676,0.2333117303953338,0.2333117303953338,2.8333333333333335,16,1.0,5.25,1.0,0.0625,0.44479166666666664,232,412,1.0,0.0,0.0,0.75,16,1.0,2.8125,1.0,0.125,0.4041666666666667,148,412,0.0,0.0,0.0625,0.4375
test,"T=2, theta=0.07586",debounce,sensitivity_2,CDA3BBF7-6631-45E8-85BA-EEB416B32A3C,537,0,0,0,0,0,0,8.95,0.0,0.0,0.0,0.0,0.0,,16,1.0,7.3125,1.0,0.1875,0.4114583333333333,141,412,1.0,0.0,0.0,0.6875,16,1.5,4.75,1.5,0.1875,0.43124999999999997,149,412,1.0,0.0,0.0,0.6875
test,"T=2, theta=0.07586",debounce,sensitivity_2,CF722AA9-2533-4E51-9FEB-9EAC84EE9AAC,694,1,1,2,2,1,1,11.566666666666666,0.08645533141210375,0.002881844380403458,0.1729106628242075,0.08645533141210375,0.08645533141210375,2.0,16,3.0,8.625,3.0,0.375,0.6072916666666667,246,412,0.0,0.0,0.0,0.375,16,3.0,7.6875,3.0,0.4375,0.621875,189,412,0.0,0.0,0.0,0.4375
test,"T=2, theta=0.07586",debounce,sensitivity_2,D7D20E2E-FC78-405D-B346-DBD3FD8FC92B,1212,0,0,0,0,0,0,20.2,0.0,0.0,0.0,0.0,0.0,,16,1.5,6.0,1.5,0.25,0.496875,174,412,0.5,0.0,0.0,0.5625,16,3.5,8.1875,3.0,0.5,0.7125,232,412,0.0,0.0,0.0,0.3125
test,"T=2, theta=0.07586",debounce,sensitivity_2,E65577C1-8D5D-4F70-AF23-B3ADB9D3DBA3,657,5,5,10,68,4,4,10.95,0.4566210045662101,0.1035007610350076,0.9132420091324202,0.36529680365296807,0.36529680365296807,13.6,16,1.0,4.0625,1.0,0.125,0.303125,128,412,1.0,0.0,0.1875,0.75,16,4.0,9.0,4.0,0.375,0.60625,192,412,0.5,0.0,0.0,0.5
test,"T=2, theta=0.07586",debounce,sensitivity_2,ECECC2AB-D32F-4F90-B74C-E12A1C69BBE2,677,0,0,0,0,0,0,11.283333333333333,0.0,0.0,0.0,0.0,0.0,,16,2.0,2.6875,2.0,0.1875,0.3614583333333333,100,412,1.0,0.0,0.0,0.8125,16,3.0,3.1875,3.0,0.125,0.43229166666666663,132,412,1.0,0.0,0.0,0.8125
test,"T=2, theta=0.07586",debounce,sensitivity_2,FDAA70A1-42A3-4E3F-9AE3-3FDA412E03BF,966,0,0,0,0,0,0,16.1,0.0,0.0,0.0,0.0,0.0,,16,1.0,2.1875,1.0,0.0,0.26458333333333334,76,412,1.0,0.0,0.0,0.9375,16,1.0,4.25,1.0,0.125,0.425,168,412,1.0,0.0,0.0,0.625
test,"m=0.05, theta=0.04743",margin,sensitivity_2,00EABED2-271D-49D8-B599-1D4A09240601,408,6,6,12,27,8,5,6.8,0.8823529411764706,0.0661764705882353,1.7647058823529411,1.1764705882352942,0.7352941176470589,4.5,16,6.0,13.1875,3.0,0.375,0.5802083333333333,270,412,0.0,0.0,0.125,0.4375,16,0.5,7.375,0.5,0.3125,0.4,162,412,0.0,0.0,0.0625,0.625
test,"m=0.05, theta=0.04743",margin,sensitivity_2,098A72A5-E3E5-4F54-A152-BBDA0DF7B694,1334,1,1,2,1,1,1,22.233333333333334,0.04497751124437781,0.0007496251874062968,0.08995502248875561,0.04497751124437781,0.04497751124437781,1.0,16,1.5,5.125,0.5,0.125,0.4270833333333333,218,412,0.0,0.0,0.0,0.5625,16,0.0,5.0625,0.0,0.25,0.34479166666666666,112,412,0.0,0.0,0.0,0.75
test,"m=0.05, theta=0.04743",margin,sensitivity_2,0A986513-7828-4D53-AA1F-E02D6DF9561B,763,0,0,0,0,0,0,12.716666666666667,0.0,0.0,0.0,0.0,0.0,,16,4.5,8.375,3.0,0.375,0.6531250000000001,212,412,0.0,0.0,0.0,0.5,16,1.5,4.625,1.0,0.3125,0.35833333333333334,87,412,0.0,0.0,0.0,0.5625
test,"m=0.05, theta=0.04743",margin,sensitivity_2,11B5EC4D-4133-4289-B475-4E737182A406,1740,0,0,0,0,0,0,29.0,0.0,0.0,0.0,0.0,0.0,,16,2.0,6.4375,2.0,0.3125,0.4947916666666667,188,412,0.0,0.0,0.0,0.5,16,2.0,7.625,1.5,0.1875,0.48125,237,412,0.0,0.0,0.0,0.5625
test,"m=0.05, theta=0.04743",margin,sensitivity_2,136562B6-95B2-483D-88DC-065F28409FD2,1215,0,0,0,0,0,0,20.25,0.0,0.0,0.0,0.0,0.0,,16,3.0,12.6875,2.5,0.5,0.615625,258,412,0.0,0.0,0.0,0.375,16,3.0,8.9375,3.0,0.4375,0.4947916666666667,169,412,0.0,0.0,0.0,0.4375
test,"m=0.05, theta=0.04743",margin,sensitivity_2,1538C99F-BA1E-4EFB-A949-6C7C47701B20,1281,3,3,6,68,1,0,21.35,0.1405152224824356,0.05308352849336456,0.2810304449648712,0.046838407494145196,0.0,22.666666666666668,16,0.0,4.1875,0.0,0.0625,0.19375,114,412,0.0,0.0,0.0,0.8125,16,0.0,0.625,0.0,0.125,0.234375,77,412,0.0,0.0,0.125,0.8125
test,"m=0.05, theta=0.04743",margin,sensitivity_2,24E40C4C-A349-4F9F-93AB-01D00FB994AF,926,0,0,0,0,0,0,15.433333333333334,0.0,0.0,0.0,0.0,0.0,,16,4.5,16.9375,3.0,0.6875,0.7135416666666666,273,412,0.0,0.0,0.0,0.3125,16,10.5,21.4375,10.5,0.875,0.9572916666666667,375,412,0.0,0.0,0.0,0.125
test,"m=0.05, theta=0.04743",margin,sensitivity_2,2C32C23E-E30C-498A-8DD2-0EFB9150A02E,1675,0,0,0,0,0,0,27.916666666666668,0.0,0.0,0.0,0.0,0.0,,16,3.0,8.625,1.5,0.3125,0.46979166666666666,194,412,0.0,0.0,0.0,0.5625,16,2.0,5.625,1.0,0.3125,0.5270833333333333,168,412,0.0,0.0,0.0,0.4375
test,"m=0.05, theta=0.04743",margin,sensitivity_2,3600D531-0C55-44A7-AE95-A7A38519464E,1032,1,1,2,12,0,0,17.2,0.05813953488372093,0.011627906976744186,0.11627906976744186,0.0,0.0,12.0,16,0.0,8.0,0.0,0.3125,0.37916666666666665,157,412,0.0,0.0,0.0,0.5625,16,3.0,8.0,2.0,0.375,0.5083333333333333,160,412,0.0,0.0,0.0,0.5625
test,"m=0.05, theta=0.04743",margin,sensitivity_2,4FC32141-E888-4BFF-8804-12559A491D8C,967,0,0,0,0,0,0,16.116666666666667,0.0,0.0,0.0,0.0,0.0,,16,20.0,25.75,20.0,1.0,1.0,412,412,0.0,0.0,0.0,0.0,16,20.0,25.75,20.0,1.0,1.0,412,412,0.0,0.0,0.0,0.0
test,"m=0.05, theta=0.04743",margin,sensitivity_2,5119D0F8-FCA8-4184-A4EB-19421A40DE0D,1295,0,0,0,0,0,0,21.583333333333332,0.0,0.0,0.0,0.0,0.0,,16,0.0,9.6875,0.0,0.375,0.4010416666666667,168,412,0.0,0.0,0.0,0.625,16,1.0,6.0625,0.5,0.25,0.44375,174,412,0.0,0.0,0.0,0.5625
test,"m=0.05, theta=0.04743",margin,sensitivity_2,5152A2DF-FAF3-4BA8-9CA9-E66B32671A53,1295,1,1,2,9,0,0,21.583333333333332,0.04633204633204634,0.0069498069498069494,0.09266409266409267,0.0,0.0,9.0,16,0.0,5.875,0.0,0.25,0.3572916666666667,128,412,0.0,0.0,0.0,0.6875,16,3.0,4.9375,2.5,0.3125,0.56875,189,412,0.0,0.0,0.0,0.375
test,"m=0.05, theta=0.04743",margin,sensitivity_2,5EF64122-B513-46AE-BCF1-E62AAC285D2C,754,1,1,2,2,1,1,12.566666666666666,0.07957559681697612,0.002652519893899204,0.15915119363395225,0.07957559681697612,0.07957559681697612,2.0,16,0.0,4.4375,0.0,0.125,0.22708333333333333,90,412,0.0,0.0,0.0,0.8125,16,1.0,4.0625,0.0,0.0625,0.2583333333333333,99,412,0.0,0.0,0.0,0.875
test,"m=0.05, theta=0.04743",margin,sensitivity_2,61976C24-1C50-4355-9C49-AAE44A7D09F6,1717,0,0,0,0,0,0,28.616666666666667,0.0,0.0,0.0,0.0,0.0,,16,0.5,8.125,0.5,0.25,0.3958333333333333,177,412,0.0,0.0,0.0,0.5625,16,0.0,1.125,0.0,0.125,0.24895833333333334,74,412,0.0,0.0,0.0,0.625
test,"m=0.05, theta=0.04743",margin,sensitivity_2,78A91A4E-4A51-4065-BDA7-94755F0BB3BB,2371,3,3,6,4,3,3,39.516666666666666,0.07591733445803459,0.001687051876845213,0.15183466891606917,0.07591733445803459,0.07591733445803459,1.3333333333333333,16,8.0,13.9375,5.5,0.4375,0.5947916666666666,258,412,0.0,0.0,0.0,0.4375,16,3.0,13.75,0.5,0.5625,0.5322916666666667,217,412,0.0,0.0,0.0,0.3125
test,"m=0.05, theta=0.04743",margin,sensitivity_2,7CE37510-56D0-4120-A1CF-0E23351428D2,1924,3,3,6,3,3,3,32.06666666666667,0.09355509355509355,0.0015592515592515593,0.1871101871101871,0.09355509355509355,0.09355509355509355,1.0,16,0.0,2.125,0.0,0.125,0.13958333333333334,46,412,0.0,0.0,0.0,0.8125,16,1.0,3.4375,0.0,0.1875,0.41354166666666664,166,412,0.0,0.0,0.0,0.5625
test,"m=0.05, theta=0.04743",margin,sensitivity_2,8023FE1A-D3B0-4E2C-A57A-9321B7FC755F,1809,3,3,6,5,4,3,30.15,0.09950248756218906,0.002763957987838585,0.19900497512437812,0.13266998341625208,0.09950248756218906,1.6666666666666667,16,0.0,2.9375,0.0,0.1875,0.33125,128,412,0.0,0.0,0.0,0.5625,16,2.0,5.625,1.0,0.0625,0.32708333333333334,169,412,0.0,0.0,0.0,0.8125
test,"m=0.05, theta=0.04743",margin,sensitivity_2,83CF687B-7CEC-434B-9FE8-00C3D5799BE6,1879,2,2,4,2,2,2,31.316666666666666,0.06386375731772219,0.0010643959552953698,0.12772751463544438,0.06386375731772219,0.06386375731772219,1.0,16,0.0,2.4375,0.0,0.125,0.21979166666666666,78,412,0.0,0.0,0.0,0.8125,16,0.0,0.625,0.0,0.0,0.10104166666666667,32,412,0.0,0.0,0.0,0.9375
test,"m=0.05, theta=0.04743",margin,sensitivity_2,9759096F-1119-4E19-A0AD-6F16989C7E1C,1954,13,13,26,28,20,13,32.56666666666667,0.39918116683725685,0.014329580348004094,0.7983623336745137,0.6141248720573182,0.39918116683725685,2.1538461538461537,16,0.0,5.4375,0.0,0.375,0.4625,166,412,0.0,0.0,0.0,0.5625,16,3.0,10.75,1.5,0.5,0.5520833333333334,191,412,0.0,0.0,0.0,0.4375
test,"m=0.05, theta=0.04743",margin,sensitivity_2,9DC38D04-E82E-4F29-AB52-B476535226F2,1909,1,1,2,1,1,1,31.816666666666666,0.03143006809848088,0.0005238344683080147,0.06286013619696176,0.03143006809848088,0.03143006809848088,1.0,16,2.0,13.8125,2.0,0.1875,0.425,226,412,0.0,0.0,0.0,0.75,16,2.5,9.3125,1.5,0.3125,0.40729166666666666,152,412,0.0,0.0,0.0,0.6875
test,"m=0.05, theta=0.04743",margin,sensitivity_2,A5CDF89D-02A2-4EC1-89F8-F534FDABDD96,1179,0,0,0,0,0,0,19.65,0.0,0.0,0.0,0.0,0.0,,16,1.0,5.75,0.0,0.3125,0.41770833333333335,131,412,0.0,0.0,0.0,0.5625,16,3.5,6.8125,2.0,0.1875,0.453125,176,412,0.0,0.0,0.0,0.5625
test,"m=0.05, theta=0.04743",margin,sensitivity_2,A76A5AF5-5A93-4CF2-A16E-62353BB70E8A,1475,0,0,0,0,0,0,24.583333333333332,0.0,0.0,0.0,0.0,0.0,,16,6.5,20.625,6.5,0.6875,0.7041666666666666,337,412,0.0,0.0,0.0,0.25,16,3.0,11.125,3.0,0.4375,0.5697916666666667,196,412,0.0,0.0,0.0,0.4375
test,"m=0.05, theta=0.04743",margin,sensitivity_2,B09E373F-8A54-44C8-895B-0039390B859F,1597,0,0,0,0,0,0,26.616666666666667,0.0,0.0,0.0,0.0,0.0,,16,10.0,18.5,10.0,0.6875,0.7614583333333333,326,412,0.0,0.0,0.0,0.1875,16,4.5,13.9375,4.0,0.5625,0.690625,264,412,0.0,0.0,0.0,0.25
test,"m=0.05, theta=0.04743",margin,sensitivity_2,B9724848-C7E2-45F4-9B3F-A1F38D864495,1497,23,23,46,30,36,23,24.95,0.9218436873747495,0.02004008016032064,1.843687374749499,1.4428857715430863,0.9218436873747495,1.3043478260869565,16,0.0,4.0625,0.0,0.1875,0.37916666666666665,143,412,0.0,0.0,0.0,0.75,16,1.5,4.8125,0.5,0.25,0.46458333333333335,169,412,0.0,0.0,0.0,0.6875
test,"m=0.05, theta=0.04743",margin,sensitivity_2,BE3CA5A6-A561-4BBD-B7C9-5DF6805400FC,1633,0,0,0,0,0,0,27.216666666666665,0.0,0.0,0.0,0.0,0.0,,16,20.0,25.75,20.0,1.0,1.0,412,412,0.0,0.0,0.0,0.0,16,20.0,25.75,20.0,1.0,1.0,412,412,0.0,0.0,0.0,0.0
test,"m=0.05, theta=0.04743",margin,sensitivity_2,C48CE857-A0DD-4DDB-BEA5-3A25449B2153,937,0,0,0,0,0,0,15.616666666666667,0.0,0.0,0.0,0.0,0.0,,16,6.0,12.625,3.0,0.375,0.584375,210,412,0.0,0.0,0.0,0.625,16,1.0,11.5,1.0,0.1875,0.42291666666666666,215,412,0.0,0.0,0.0,0.625
test,"m=0.05, theta=0.04743",margin,sensitivity_2,CA820D43-E5E2-42EF-9798-BE56F776370B,1543,6,6,12,9,8,6,25.716666666666665,0.2333117303953338,0.005832793259883344,0.4666234607906676,0.3110823071937784,0.2333117303953338,1.5,16,3.0,10.0625,0.0,0.1875,0.46354166666666663,242,412,0.0,0.0,0.0,0.5625,16,0.5,4.25,0.0,0.1875,0.4135416666666667,167,412,0.0,0.0,0.0625,0.4375
test,"m=0.05, theta=0.04743",margin,sensitivity_2,CDA3BBF7-6631-45E8-85BA-EEB416B32A3C,537,1,1,2,1,1,1,8.95,0.111731843575419,0.00186219739292365,0.223463687150838,0.111731843575419,0.111731843575419,1.0,16,0.0,7.5,0.0,0.375,0.43854166666666666,153,412,0.0,0.0,0.0,0.5,16,1.0,7.6875,0.5,0.1875,0.421875,182,412,0.0,0.0,0.0,0.625
test,"m=0.05, theta=0.04743",margin,sensitivity_2,CF722AA9-2533-4E51-9FEB-9EAC84EE9AAC,694,0,0,0,0,0,0,11.566666666666666,0.0,0.0,0.0,0.0,0.0,,16,6.5,11.9375,3.0,0.375,0.5989583333333334,284,412,0.0,0.0,0.0,0.4375,16,7.0,12.625,4.0,0.625,0.7375,238,412,0.0,0.0,0.0,0.25
test,"m=0.05, theta=0.04743",margin,sensitivity_2,D7D20E2E-FC78-405D-B346-DBD3FD8FC92B,1212,1,1,2,1,1,1,20.2,0.04950495049504951,0.0008250825082508251,0.09900990099009901,0.04950495049504951,0.04950495049504951,1.0,16,1.5,10.0,1.0,0.3125,0.5125,198,412,0.0,0.0,0.0,0.5625,16,3.5,10.4375,3.0,0.625,0.7427083333333333,273,412,0.0,0.0,0.0,0.1875
test,"m=0.05, theta=0.04743",margin,sensitivity_2,E65577C1-8D5D-4F70-AF23-B3ADB9D3DBA3,657,0,0,0,0,0,0,10.95,0.0,0.0,0.0,0.0,0.0,,16,4.5,14.0,3.0,0.5,0.65,284,412,0.0,0.0,0.0,0.375,16,7.5,13.125,7.5,0.625,0.7510416666666666,239,412,0.0,0.0,0.0,0.3125
test,"m=0.05, theta=0.04743",margin,sensitivity_2,ECECC2AB-D32F-4F90-B74C-E12A1C69BBE2,677,0,0,0,0,0,0,11.283333333333333,0.0,0.0,0.0,0.0,0.0,,16,1.5,1.9375,1.5,0.0625,0.31979166666666664,116,412,0.0,0.0,0.0,0.875,16,3.5,5.875,1.0,0.1875,0.4010416666666667,143,412,0.0,0.0,0.0,0.75
test,"m=0.05, theta=0.04743",margin,sensitivity_2,FDAA70A1-42A3-4E3F-9AE3-3FDA412E03BF,966,0,0,0,0,0,0,16.1,0.0,0.0,0.0,0.0,0.0,,16,0.0,2.0,0.0,0.125,0.20208333333333334,77,412,0.0,0.0,0.0,0.75,16,2.5,9.25,1.5,0.1875,0.4614583333333333,227,412,0.0,0.0,0.0,0.625
test,"m=0.3, T=2, theta=0.2315",hysteresis,sensitivity_2,00EABED2-271D-49D8-B599-1D4A09240601,408,4,3,7,69,1,1,6.8,0.5882352941176471,0.16911764705882354,1.0294117647058825,0.14705882352941177,0.14705882352941177,17.25,16,1.0,5.75,1.0,0.125,0.2947916666666667,133,412,1.0,0.0625,0.125,0.875,16,1.0,0.8125,1.0,0.0,0.11666666666666667,13,412,1.0,0.125,0.3125,1.0
test,"m=0.3, T=2, theta=0.2315",hysteresis,sensitivity_2,098A72A5-E3E5-4F54-A152-BBDA0DF7B694,1334,0,0,0,0,0,0,22.233333333333334,0.0,0.0,0.0,0.0,0.0,,16,1.0,3.25,1.0,0.125,0.4,171,412,1.0,0.0,0.0,0.6875,16,1.0,3.75,1.0,0.1875,0.33229166666666665,63,412,1.0,0.0,0.0,0.75
test,"m=0.3, T=2, theta=0.2315",hysteresis,sensitivity_2,0A986513-7828-4D53-AA1F-E02D6DF9561B,763,1,1,2,8,0,0,12.716666666666667,0.07863695937090433,0.010484927916120577,0.15727391874180865,0.0,0.0,8.0,16,3.0,5.25,3.0,0.375,0.46770833333333334,114,412,1.0,0.0,0.0,0.5625,16,1.0,1.8125,1.0,0.0,0.19583333333333333,43,412,1.0,0.0,0.0,0.875
test,"m=0.3, T=2, theta=0.2315",hysteresis,sensitivity_2,11B5EC4D-4133-4289-B475-4E737182A406,1740,0,0,0,0,0,0,29.0,0.0,0.0,0.0,0.0,0.0,,16,1.5,6.375,1.5,0.25,0.4479166666666667,145,412,1.0,0.0,0.0,0.625,16,2.0,3.75,2.0,0.125,0.3260416666666667,114,412,1.0,0.0,0.0,0.875
test,"m=0.3, T=2, theta=0.2315",hysteresis,sensitivity_2,136562B6-95B2-483D-88DC-065F28409FD2,1215,0,0,0,0,0,0,20.25,0.0,0.0,0.0,0.0,0.0,,16,1.0,6.4375,1.0,0.25,0.45625,173,412,0.0,0.0,0.0,0.4375,16,1.0,4.9375,1.0,0.1875,0.3572916666666667,94,412,1.0,0.0,0.0,0.75
test,"m=0.3, T=2, theta=0.2315",hysteresis,sensitivity_2,1538C99F-BA1E-4EFB-A949-6C7C47701B20,1281,1,1,2,75,0,0,21.35,0.046838407494145196,0.0585480093676815,0.09367681498829039,0.0,0.0,75.0,16,1.0,4.6875,1.0,0.0625,0.21979166666666666,93,412,1.0,0.0,0.0,0.875,16,1.0,1.25,1.0,0.125,0.21875,30,412,1.0,0.0,0.125,0.875
test,"m=0.3, T=2, theta=0.2315",hysteresis,sensitivity_2,24E40C4C-A349-4F9F-93AB-01D00FB994AF,926,1,1,2,10,0,0,15.433333333333334,0.06479481641468682,0.01079913606911447,0.12958963282937364,0.0,0.0,10.0,16,4.5,15.3125,3.0,0.4375,0.634375,246,412,0.0,0.0,0.0,0.4375,16,10.0,17.4375,10.0,0.625,0.7885416666666667,297,412,0.0,0.0,0.0,0.3125
test,"m=0.3, T=2, theta=0.2315",hysteresis,sensitivity_2,2C32C23E-E30C-498A-8DD2-0EFB9150A02E,1675,1,1,2,5,1,1,27.916666666666668,0.035820895522388055,0.0029850746268656717,0.07164179104477611,0.035820895522388055,0.035820895522388055,5.0,16,3.0,6.9375,3.0,0.3125,0.428125,125,412,1.0,0.0,0.0,0.625,16,1.5,3.375,1.5,0.1875,0.4125,86,412,1.0,0.0,0.0,0.6875
test,"m=0.3, T=2, theta=0.2315",hysteresis,sensitivity_2,3600D531-0C55-44A7-AE95-A7A38519464E,1032,1,0,1,22,0,0,17.2,0.05813953488372093,0.02131782945736434,0.05813953488372093,0.0,0.0,22.0,16,1.0,7.25,1.0,0.1875,0.3927083333333333,137,412,1.0,0.0,0.0,0.75,16,2.5,5.875,2.5,0.1875,0.44687499999999997,115,412,1.0,0.0,0.0,0.6875
test,"m=0.3, T=2, theta=0.2315",hysteresis,sensitivity_2,4FC32141-E888-4BFF-8804-12559A491D8C,967,0,0,0,0,0,0,16.116666666666667,0.0,0.0,0.0,0.0,0.0,,16,20.0,25.75,20.0,1.0,1.0,412,412,0.0,0.0,0.0,0.0,16,20.0,25.75,20.0,1.0,1.0,412,412,0.0,0.0,0.0,0.0
test,"m=0.3, T=2, theta=0.2315",hysteresis,sensitivity_2,5119D0F8-FCA8-4184-A4EB-19421A40DE0D,1295,0,0,0,0,0,0,21.583333333333332,0.0,0.0,0.0,0.0,0.0,,16,1.0,3.625,1.0,0.125,0.29375,65,412,1.0,0.0,0.0,0.8125,16,1.0,5.0625,1.0,0.125,0.41041666666666665,145,412,1.0,0.0,0.0,0.6875
test,"m=0.3, T=2, theta=0.2315",hysteresis,sensitivity_2,5152A2DF-FAF3-4BA8-9CA9-E66B32671A53,1295,1,1,2,10,0,0,21.583333333333332,0.04633204633204634,0.007722007722007722,0.09266409266409267,0.0,0.0,10.0,16,1.0,4.0,1.0,0.1875,0.365625,96,412,1.0,0.0,0.0,0.75,16,3.0,4.6875,3.0,0.25,0.51875,154,412,0.5,0.0,0.0,0.5
test,"m=0.3, T=2, theta=0.2315",hysteresis,sensitivity_2,5EF64122-B513-46AE-BCF1-E62AAC285D2C,754,2,1,3,6,1,1,12.566666666666666,0.15915119363395225,0.007957559681697613,0.2387267904509284,0.07957559681697612,0.07957559681697612,3.0,16,1.0,2.625,1.0,0.0625,0.19270833333333334,42,412,1.0,0.0,0.0,0.9375,16,1.0,4.125,1.0,0.125,0.3072916666666667,67,412,1.0,0.0,0.0,0.8125
test,"m=0.3, T=2, theta=0.2315",hysteresis,sensitivity_2,61976C24-1C50-4355-9C49-AAE44A7D09F6,1717,0,0,0,0,0,0,28.616666666666667,0.0,0.0,0.0,0.0,0.0,,16,1.5,8.375,1.5,0.25,0.409375,140,412,1.0,0.0,0.0,0.625,16,1.0,1.75,1.0,0.125,0.2604166666666667,49,412,1.0,0.0,0.0,0.8125
test,"m=0.3, T=2, theta=0.2315",hysteresis,sensitivity_2,78A91A4E-4A51-4065-BDA7-94755F0BB3BB,2371,4,4,8,42,0,0,39.516666666666666,0.10122311261071278,0.017714044706874738,0.20244622522142555,0.0,0.0,10.5,16,4.5,10.4375,4.5,0.3125,0.5499999999999999,187,412,1.0,0.0,0.0,0.625,16,1.5,9.4375,1.5,0.375,0.459375,181,412,0.0,0.0,0.0,0.5625
test,"m=0.3, T=2, theta=0.2315",hysteresis,sensitivity_2,7CE37510-56D0-4120-A1CF-0E23351428D2,1924,1,1,2,2,1,1,32.06666666666667,0.031185031185031183,0.0010395010395010396,0.06237006237006237,0.031185031185031183,0.031185031185031183,2.0,16,1.0,1.75,1.0,0.0625,0.20208333333333334,37,412,1.0,0.0,0.0,0.875,16,1.0,1.875,1.0,0.125,0.3364583333333333,94,412,1.0,0.0,0.0,0.6875
test,"m=0.3, T=2, theta=0.2315",hysteresis,sensitivity_2,8023FE1A-D3B0-4E2C-A57A-9321B7FC755F,1809,2,2,4,18,0,0,30.15,0.06633499170812604,0.009950248756218905,0.13266998341625208,0.0,0.0,9.0,16,1.0,2.0625,1.0,0.125,0.25416666666666665,55,412,1.0,0.0,0.0,0.8125,16,2.0,4.9375,2.0,0.0625,0.340625,103,412,1.0,0.0,0.0,0.8125
test,"m=0.3, T=2, theta=0.2315",hysteresis,sensitivity_2,83CF687B-7CEC-434B-9FE8-00C3D5799BE6,1879,7,7,14,72,2,2,31.316666666666666,0.22352315061202768,0.03831825439063331,0.44704630122405536,0.06386375731772219,0.06386375731772219,10.285714285714286,16,1.0,2.0625,1.0,0.0625,0.19375,33,412,1.0,0.0,0.0625,0.9375,16,1.0,1.25,1.0,0.0,0.14583333333333331,20,412,1.0,0.0,0.0,1.0
test,"m=0.3, T=2, theta=0.2315",hysteresis,sensitivity_2,9759096F-1119-4E19-A0AD-6F16989C7E1C,1954,6,6,12,140,4,3,32.56666666666667,0.18423746161719548,0.07164790174002048,0.36847492323439096,0.12282497441146366,0.09211873080859774,23.333333333333332,16,1.0,2.9375,1.0,0.125,0.315625,113,412,1.0,0.0625,0.25,0.8125,16,3.0,8.1875,1.0,0.4375,0.5197916666666667,163,412,0.0,0.0,0.1875,0.5
test,"m=0.3, T=2, theta=0.2315",hysteresis,sensitivity_2,9DC38D04-E82E-4F29-AB52-B476535226F2,1909,0,0,0,0,0,0,31.816666666666666,0.0,0.0,0.0,0.0,0.0,,16,2.0,6.4375,2.0,0.1875,0.4427083333333333,200,412,1.0,0.0,0.0,0.6875,16,3.0,8.75,3.0,0.25,0.43854166666666666,140,412,1.0,0.0,0.0,0.6875
test,"m=0.3, T=2, theta=0.2315",hysteresis,sensitivity_2,A5CDF89D-02A2-4EC1-89F8-F534FDABDD96,1179,0,0,0,0,0,0,19.65,0.0,0.0,0.0,0.0,0.0,,16,1.0,2.1875,1.0,0.1875,0.3520833333333333,52,412,1.0,0.0,0.0,0.75,16,3.0,5.5,3.0,0.1875,0.38958333333333334,96,412,1.0,0.0,0.0,0.6875
test,"m=0.3, T=2, theta=0.2315",hysteresis,sensitivity_2,A76A5AF5-5A93-4CF2-A16E-62353BB70E8A,1475,0,0,0,0,0,0,24.583333333333332,0.0,0.0,0.0,0.0,0.0,,16,6.5,19.5625,6.5,0.5625,0.68125,313,412,0.0,0.0,0.0,0.4375,16,2.0,9.8125,2.0,0.375,0.5166666666666666,177,412,0.5,0.0,0.0,0.5625
test,"m=0.3, T=2, theta=0.2315",hysteresis,sensitivity_2,B09E373F-8A54-44C8-895B-0039390B859F,1597,0,0,0,0,0,0,26.616666666666667,0.0,0.0,0.0,0.0,0.0,,16,6.5,16.125,6.5,0.4375,0.6052083333333333,259,412,0.5,0.0,0.0,0.5,16,5.0,12.4375,5.0,0.3125,0.553125,219,412,1.0,0.0,0.0,0.5625
test,"m=0.3, T=2, theta=0.2315",hysteresis,sensitivity_2,B9724848-C7E2-45F4-9B3F-A1F38D864495,1497,9,9,18,131,3,2,24.95,0.36072144288577157,0.08750835003340013,0.7214428857715431,0.12024048096192386,0.08016032064128256,14.555555555555555,16,1.0,2.5625,1.0,0.0625,0.22916666666666666,49,412,1.0,0.0,0.1875,0.875,16,1.0,3.625,1.0,0.125,0.284375,69,412,1.0,0.0,0.0625,0.8125
test,"m=0.3, T=2, theta=0.2315",hysteresis,sensitivity_2,BE3CA5A6-A561-4BBD-B7C9-5DF6805400FC,1633,0,0,0,0,0,0,27.216666666666665,0.0,0.0,0.0,0.0,0.0,,16,10.0,18.5625,10.0,0.8125,0.8822916666666667,322,412,0.0,0.0,0.0,0.125,16,10.0,21.75,10.0,0.8125,0.9135416666666667,360,412,0.0,0.0,0.0,0.125
test,"m=0.3, T=2, theta=0.2315",hysteresis,sensitivity_2,C48CE857-A0DD-4DDB-BEA5-3A25449B2153,937,0,0,0,0,0,0,15.616666666666667,0.0,0.0,0.0,0.0,0.0,,16,3.0,10.375,3.0,0.375,0.5364583333333334,164,412,1.0,0.0,0.0,0.625,16,1.0,9.25,1.0,0.125,0.3833333333333333,184,412,1.0,0.0,0.0,0.75
test,"m=0.3, T=2, theta=0.2315",hysteresis,sensitivity_2,CA820D43-E5E2-42EF-9798-BE56F776370B,1543,6,6,12,30,3,3,25.716666666666665,0.2333117303953338,0.019442644199611146,0.4666234607906676,0.1166558651976669,0.1166558651976669,5.0,16,1.0,4.25,1.0,0.0625,0.36354166666666665,179,412,1.0,0.0,0.0,0.875,16,1.0,1.75,1.0,0.125,0.334375,92,412,1.0,0.0,0.0625,0.5625
test,"m=0.3, T=2, theta=0.2315",hysteresis,sensitivity_2,CDA3BBF7-6631-45E8-85BA-EEB416B32A3C,537,0,0,0,0,0,0,8.95,0.0,0.0,0.0,0.0,0.0,,16,1.0,7.3125,1.0,0.1875,0.35520833333333335,121,412,1.0,0.0,0.0,0.8125,16,1.0,2.75,1.0,0.0625,0.26145833333333335,58,412,1.0,0.0,0.0,0.9375
test,"m=0.3, T=2, theta=0.2315",hysteresis,sensitivity_2,CF722AA9-2533-4E51-9FEB-9EAC84EE9AAC,694,1,1,2,8,0,0,11.566666666666666,0.08645533141210375,0.011527377521613832,0.1729106628242075,0.0,0.0,8.0,16,3.0,7.0,3.0,0.3125,0.49374999999999997,155,412,1.0,0.0,0.0,0.5625,16,3.0,6.8125,3.0,0.4375,0.5458333333333334,127,412,0.0,0.0,0.0,0.5
test,"m=0.3, T=2, theta=0.2315",hysteresis,sensitivity_2,D7D20E2E-FC78-405D-B346-DBD3FD8FC92B,1212,0,0,0,0,0,0,20.2,0.0,0.0,0.0,0.0,0.0,,16,1.5,3.9375,1.5,0.1875,0.39166666666666666,111,412,1.0,0.0,0.0,0.75,16,3.0,5.1875,3.0,0.4375,0.65,187,412,0.0,0.0,0.0,0.375
test,"m=0.3, T=2, theta=0.2315",hysteresis,sensitivity_2,E65577C1-8D5D-4F70-AF23-B3ADB9D3DBA3,657,3,3,6,120,0,0,10.95,0.27397260273972607,0.182648401826484,0.5479452054794521,0.0,0.0,40.0,16,1.0,1.3125,1.0,0.0625,0.171875,37,412,1.0,0.0,0.25,0.875,16,4.0,7.8125,2.5,0.3125,0.5208333333333334,136,412,1.0,0.0,0.0625,0.625
test,"m=0.3, T=2, theta=0.2315",hysteresis,sensitivity_2,ECECC2AB-D32F-4F90-B74C-E12A1C69BBE2,677,0,0,0,0,0,0,11.283333333333333,0.0,0.0,0.0,0.0,0.0,,16,1.5,2.375,1.5,0.1875,0.3125,70,412,1.0,0.0,0.0,0.8125,16,2.5,2.8125,2.5,0.0625,0.315625,82,412,1.0,0.0,0.0,0.9375
test,"m=0.3, T=2, theta=0.2315",hysteresis,sensitivity_2,FDAA70A1-42A3-4E3F-9AE3-3FDA412E03BF,966,0,0,0,0,0,0,16.1,0.0,0.0,0.0,0.0,0.0,,16,1.0,2.0625,1.0,0.0,0.22499999999999998,59,412,1.0,0.0,0.0,0.9375,16,1.0,4.1875,1.0,0.125,0.284375,84,412,1.0,0.0,0.0,0.875
test,"r=0.5, tau=0.5, theta=0.2689",trust,sensitivity_2,00EABED2-271D-49D8-B599-1D4A09240601,408,2,1,3,54,0,0,6.8,0.29411764705882354,0.1323529411764706,0.4411764705882353,0.0,0.0,27.0,16,3.5,7.6875,3.5,0.3125,0.49270833333333336,163,412,0.5,0.0625,0.125,0.625,16,3.0,2.5,3.0,0.25,0.346875,40,412,1.0,0.125,0.3125,0.75
test,"r=0.5, tau=0.5, theta=0.2689",trust,sensitivity_2,098A72A5-E3E5-4F54-A152-BBDA0DF7B694,1334,0,0,0,0,0,0,22.233333333333334,0.0,0.0,0.0,0.0,0.0,,16,3.0,8.9375,3.0,0.375,0.6020833333333333,210,412,0.0,0.0,0.0,0.5625,16,3.0,5.375,3.0,0.375,0.503125,92,412,1.0,0.0,0.0,0.5625
test,"r=0.5, tau=0.5, theta=0.2689",trust,sensitivity_2,0A986513-7828-4D53-AA1F-E02D6DF9561B,763,1,1,2,10,0,0,12.716666666666667,0.07863695937090433,0.01310615989515072,0.15727391874180865,0.0,0.0,10.0,16,4.0,6.75,4.0,0.4375,0.5895833333333333,160,412,0.0,0.0,0.0,0.4375,16,4.0,5.0625,4.0,0.3125,0.4916666666666667,92,412,1.0,0.0,0.0,0.625
test,"r=0.5, tau=0.5, theta=0.2689",trust,sensitivity_2,11B5EC4D-4133-4289-B475-4E737182A406,1740,0,0,0,0,0,0,29.0,0.0,0.0,0.0,0.0,0.0,,16,3.5,7.5625,3.5,0.375,0.5739583333333333,149,412,0.5,0.0,0.0,0.5,16,4.0,5.75,4.0,0.25,0.496875,142,412,0.5,0.0,0.0,0.6875
test,"r=0.5, tau=0.5, theta=0.2689",trust,sensitivity_2,136562B6-95B2-483D-88DC-065F28409FD2,1215,0,0,0,0,0,0,20.25,0.0,0.0,0.0,0.0,0.0,,16,3.5,6.6875,3.5,0.375,0.5885416666666666,153,412,0.0,0.0,0.0,0.5,16,3.5,6.25,3.0,0.375,0.5114583333333333,111,412,0.5,0.0,0.0,0.5625
test,"r=0.5, tau=0.5, theta=0.2689",trust,sensitivity_2,1538C99F-BA1E-4EFB-A949-6C7C47701B20,1281,1,1,2,73,0,0,21.35,0.046838407494145196,0.05698672911787666,0.09367681498829039,0.0,0.0,73.0,16,3.0,6.6875,3.0,0.3125,0.4614583333333333,122,412,1.0,0.0,0.0,0.625,16,3.0,2.8125,3.0,0.25,0.35833333333333334,52,412,1.0,0.0,0.125,0.75
test,"r=0.5, tau=0.5, theta=0.2689",trust,sensitivity_2,24E40C4C-A349-4F9F-93AB-01D00FB994AF,926,1,1,2,1,1,1,15.433333333333334,0.06479481641468682,0.0010799136069114472,0.12958963282937364,0.06479481641468682,0.06479481641468682,1.0,16,5.0,14.125,5.0,0.4375,0.6541666666666667,229,412,0.0,0.0,0.0,0.4375,16,9.5,17.75,9.5,0.625,0.8427083333333334,299,412,0.0,0.0,0.0,0.3125
test,"r=0.5, tau=0.5, theta=0.2689",trust,sensitivity_2,2C32C23E-E30C-498A-8DD2-0EFB9150A02E,1675,0,0,0,0,0,0,27.916666666666668,0.0,0.0,0.0,0.0,0.0,,16,3.5,11.1875,3.5,0.4375,0.584375,175,412,0.0,0.0,0.0,0.5625,16,3.5,7.5625,3.0,0.5,0.5989583333333334,131,412,0.0,0.0,0.0,0.5
test,"r=0.5, tau=0.5, theta=0.2689",trust,sensitivity_2,3600D531-0C55-44A7-AE95-A7A38519464E,1032,1,0,1,19,0,0,17.2,0.05813953488372093,0.018410852713178296,0.05813953488372093,0.0,0.0,19.0,16,3.0,10.0625,3.0,0.4375,0.6041666666666666,175,412,0.5,0.0,0.0,0.5625,16,3.5,10.0,3.5,0.375,0.6114583333333333,160,412,0.0,0.0,0.0,0.625
test,"r=0.5, tau=0.5, theta=0.2689",trust,sensitivity_2,4FC32141-E888-4BFF-8804-12559A491D8C,967,0,0,0,0,0,0,16.116666666666667,0.0,0.0,0.0,0.0,0.0,,16,10.0,14.375,10.0,0.625,0.7479166666666667,230,412,0.0,0.0625,0.0,0.375,16,10.0,16.375,10.0,0.625,0.8177083333333334,284,412,0.0,0.0,0.0,0.25
test,"r=0.5, tau=0.5, theta=0.2689",trust,sensitivity_2,5119D0F8-FCA8-4184-A4EB-19421A40DE0D,1295,0,0,0,0,0,0,21.583333333333332,0.0,0.0,0.0,0.0,0.0,,16,3.0,5.9375,3.0,0.3125,0.4625,95,412,1.0,0.0,0.0,0.6875,16,4.5,10.0625,4.0,0.5625,0.621875,161,412,0.0,0.0,0.0,0.4375
test,"r=0.5, tau=0.5, theta=0.2689",trust,sensitivity_2,5152A2DF-FAF3-4BA8-9CA9-E66B32671A53,1295,1,1,2,9,0,0,21.583333333333332,0.04633204633204634,0.0069498069498069494,0.09266409266409267,0.0,0.0,9.0,16,3.5,7.3125,3.5,0.3125,0.5145833333333333,118,412,1.0,0.0,0.0,0.6875,16,3.5,9.6875,3.5,0.4375,0.68125,207,412,0.0,0.0,0.0,0.4375
test,"r=0.5, tau=0.5, theta=0.2689",trust,sensitivity_2,5EF64122-B513-46AE-BCF1-E62AAC285D2C,754,0,0,0,0,0,0,12.566666666666666,0.0,0.0,0.0,0.0,0.0,,16,3.0,5.0,3.0,0.25,0.4322916666666667,93,412,1.0,0.0,0.0,0.75,16,3.0,5.75,3.0,0.3125,0.47604166666666664,92,412,1.0,0.0,0.0,0.6875
test,"r=0.5, tau=0.5, theta=0.2689",trust,sensitivity_2,61976C24-1C50-4355-9C49-AAE44A7D09F6,1717,0,0,0,0,0,0,28.616666666666667,0.0,0.0,0.0,0.0,0.0,,16,3.0,9.8125,3.0,0.4375,0.5697916666666667,158,412,0.0,0.0,0.0,0.5625,16,3.0,5.3125,3.0,0.3125,0.428125,83,412,1.0,0.0,0.0,0.6875
test,"r=0.5, tau=0.5, theta=0.2689",trust,sensitivity_2,78A91A4E-4A51-4065-BDA7-94755F0BB3BB,2371,4,4,8,19,2,2,39.516666666666666,0.10122311261071278,0.008013496415014762,0.20244622522142555,0.05061155630535639,0.05061155630535639,4.75,16,6.0,10.375,6.0,0.5,0.6864583333333333,195,412,0.0,0.0,0.0,0.4375,16,3.0,9.0,3.0,0.4375,0.5854166666666667,196,412,0.0,0.0,0.0,0.4375
test,"r=0.5, tau=0.5, theta=0.2689",trust,sensitivity_2,7CE37510-56D0-4120-A1CF-0E23351428D2,1924,0,0,0,0,0,0,32.06666666666667,0.0,0.0,0.0,0.0,0.0,,16,3.0,4.75,3.0,0.3125,0.42291666666666666,75,412,1.0,0.0,0.0,0.6875,16,3.0,4.125,3.0,0.3125,0.49583333333333335,114,412,0.0,0.0,0.0,0.5625
test,"r=0.5, tau=0.5, theta=0.2689",trust,sensitivity_2,8023FE1A-D3B0-4E2C-A57A-9321B7FC755F,1809,1,1,2,7,0,0,30.15,0.03316749585406302,0.003869541182974019,0.06633499170812604,0.0,0.0,7.0,16,3.0,4.3125,3.0,0.25,0.4239583333333333,77,412,0.5,0.0,0.0,0.75,16,4.0,6.4375,4.0,0.3125,0.49375,112,412,1.0,0.0,0.0,0.625
test,"r=0.5, tau=0.5, theta=0.2689",trust,sensitivity_2,83CF687B-7CEC-434B-9FE8-00C3D5799BE6,1879,7,7,14,76,4,4,31.316666666666666,0.22352315061202768,0.04044704630122405,0.44704630122405536,0.12772751463544438,0.12772751463544438,10.857142857142858,16,3.0,3.4375,3.0,0.3125,0.4010416666666667,55,412,1.0,0.0,0.0625,0.6875,16,3.0,3.0625,3.0,0.25,0.39687500000000003,49,412,1.0,0.0,0.0625,0.75
test,"r=0.5, tau=0.5, theta=0.2689",trust,sensitivity_2,9759096F-1119-4E19-A0AD-6F16989C7E1C,1954,1,1,2,144,0,0,32.56666666666667,0.030706243602865915,0.0736949846468782,0.06141248720573183,0.0,0.0,144.0,16,3.0,7.3125,3.0,0.25,0.43125,128,412,1.0,0.125,0.1875,0.6875,16,3.5,10.5,3.0,0.4375,0.5520833333333334,169,412,0.5,0.0625,0.1875,0.4375
test,"r=0.5, tau=0.5, theta=0.2689",trust,sensitivity_2,9DC38D04-E82E-4F29-AB52-B476535226F2,1909,0,0,0,0,0,0,31.816666666666666,0.0,0.0,0.0,0.0,0.0,,16,3.0,12.3125,3.0,0.4375,0.6375,247,412,0.0,0.0,0.0,0.5,16,3.5,10.8125,3.5,0.4375,0.6114583333333333,173,412,0.5,0.0,0.0,0.5625
test,"r=0.5, tau=0.5, theta=0.2689",trust,sensitivity_2,A5CDF89D-02A2-4EC1-89F8-F534FDABDD96,1179,0,0,0,0,0,0,19.65,0.0,0.0,0.0,0.0,0.0,,16,3.0,3.8125,3.0,0.25,0.42604166666666665,72,412,1.0,0.0,0.0,0.6875,16,6.0,7.5,6.0,0.4375,0.55625,120,412,1.0,0.0,0.0,0.5625
test,"r=0.5, tau=0.5, theta=0.2689",trust,sensitivity_2,A76A5AF5-5A93-4CF2-A16E-62353BB70E8A,1475,0,0,0,0,0,0,24.583333333333332,0.0,0.0,0.0,0.0,0.0,,16,7.0,19.9375,7.0,0.625,0.7479166666666667,319,412,0.0,0.0,0.0,0.375,16,3.5,10.1875,3.5,0.5,0.640625,179,412,0.0,0.0,0.0,0.375
test,"r=0.5, tau=0.5, theta=0.2689",trust,sensitivity_2,B09E373F-8A54-44C8-895B-0039390B859F,1597,0,0,0,0,0,0,26.616666666666667,0.0,0.0,0.0,0.0,0.0,,16,6.0,15.75,6.0,0.5,0.7125,252,412,0.0,0.0,0.0,0.5,16,7.0,11.1875,7.0,0.375,0.6479166666666667,185,412,0.0,0.0,0.0,0.5
test,"r=0.5, tau=0.5, theta=0.2689",trust,sensitivity_2,B9724848-C7E2-45F4-9B3F-A1F38D864495,1497,9,9,18,102,7,4,24.95,0.36072144288577157,0.06813627254509018,0.7214428857715431,0.280561122244489,0.16032064128256512,11.333333333333334,16,3.0,3.5,3.0,0.25,0.3645833333333333,56,412,1.0,0.0,0.125,0.75,16,3.0,5.25,3.0,0.1875,0.35208333333333336,86,412,1.0,0.0,0.125,0.8125
test,"r=0.5, tau=0.5, theta=0.2689",trust,sensitivity_2,BE3CA5A6-A561-4BBD-B7C9-5DF6805400FC,1633,8,8,16,206,4,2,27.216666666666665,0.29393753827311697,0.12614819350887937,0.5878750765462339,0.14696876913655849,0.07348438456827924,25.75,16,6.5,11.375,6.0,0.5,0.6427083333333333,196,412,0.0,0.0,0.0,0.4375,16,3.0,9.9375,3.0,0.375,0.478125,168,412,0.5,0.0625,0.4375,0.4375
test,"r=0.5, tau=0.5, theta=0.2689",trust,sensitivity_2,C48CE857-A0DD-4DDB-BEA5-3A25449B2153,937,0,0,0,0,0,0,15.616666666666667,0.0,0.0,0.0,0.0,0.0,,16,4.5,11.75,4.5,0.5,0.68125,188,412,0.0,0.0,0.0,0.5,16,3.0,9.8125,3.0,0.375,0.578125,181,412,0.0,0.0,0.0,0.5625
test,"r=0.5, tau=0.5, theta=0.2689",trust,sensitivity_2,CA820D43-E5E2-42EF-9798-BE56F776370B,1543,0,0,0,0,0,0,25.716666666666665,0.0,0.0,0.0,0.0,0.0,,16,3.0,15.9375,3.0,0.375,0.6604166666666667,271,412,0.5,0.0,0.0,0.5625,16,3.5,6.0625,3.5,0.3125,0.5197916666666667,141,412,0.0,0.0,0.0,0.5625
test,"r=0.5, tau=0.5, theta=0.2689",trust,sensitivity_2,CDA3BBF7-6631-45E8-85BA-EEB416B32A3C,537,0,0,0,0,0,0,8.95,0.0,0.0,0.0,0.0,0.0,,16,3.0,4.625,3.0,0.375,0.49583333333333335,83,412,1.0,0.0,0.0,0.5625,16,3.0,4.5,3.0,0.25,0.44166666666666665,77,412,1.0,0.0,0.0,0.75
test,"r=0.5, tau=0.5, theta=0.2689",trust,sensitivity_2,CF722AA9-2533-4E51-9FEB-9EAC84EE9AAC,694,0,0,0,0,0,0,11.566666666666666,0.0,0.0,0.0,0.0,0.0,,16,4.0,6.4375,4.0,0.375,0.5645833333333333,141,412,0.0,0.0,0.0,0.5625,16,4.0,6.875,4.0,0.5,0.5833333333333334,113,412,0.0,0.0,0.0,0.4375
test,"r=0.5, tau=0.5, theta=0.2689",trust,sensitivity_2,D7D20E2E-FC78-405D-B346-DBD3FD8FC92B,1212,2,2,4,29,1,1,20.2,0.09900990099009901,0.02392739273927393,0.19801980198019803,0.04950495049504951,0.04950495049504951,14.5,16,3.5,4.3125,3.5,0.25,0.434375,106,412,1.0,0.0,0.0625,0.75,16,5.0,7.1875,5.0,0.4375,0.6322916666666667,167,412,0.0,0.0,0.0,0.5
test,"r=0.5, tau=0.5, theta=0.2689",trust,sensitivity_2,E65577C1-8D5D-4F70-AF23-B3ADB9D3DBA3,657,8,8,16,144,8,4,10.95,0.7305936073059361,0.2191780821917808,1.4611872146118723,0.7305936073059361,0.36529680365296807,18.0,16,3.0,2.4375,3.0,0.1875,0.31875,54,412,1.0,0.0625,0.25,0.8125,16,4.5,8.9375,4.5,0.3125,0.6104166666666666,151,412,1.0,0.0,0.125,0.625
test,"r=0.5, tau=0.5, theta=0.2689",trust,sensitivity_2,ECECC2AB-D32F-4F90-B74C-E12A1C69BBE2,677,0,0,0,0,0,0,11.283333333333333,0.0,0.0,0.0,0.0,0.0,,16,3.0,4.0625,3.0,0.25,0.44166666666666665,104,412,1.0,0.0,0.0,0.75,16,4.5,6.6875,4.0,0.3125,0.5145833333333333,113,412,1.0,0.0,0.0,0.6875
test,"r=0.5, tau=0.5, theta=0.2689",trust,sensitivity_2,FDAA70A1-42A3-4E3F-9AE3-3FDA412E03BF,966,1,1,2,15,0,0,16.1,0.06211180124223602,0.015527950310559006,0.12422360248447203,0.0,0.0,15.0,16,3.0,4.5,3.0,0.375,0.5020833333333333,96,412,1.0,0.0,0.0,0.5625,16,3.0,7.25,3.0,0.1875,0.48125,153,412,1.5,0.0,0.125,0.8125
test,"alpha=0.001, beta=1.35e-08",sprt,sensitivity_2,00EABED2-271D-49D8-B599-1D4A09240601,408,3,1,4,75,0,0,6.8,0.4411764705882353,0.18382352941176472,0.5882352941176471,0.0,0.0,25.0,16,3.5,7.1875,3.5,0.1875,0.421875,125,412,2.0,0.1875,0.1875,0.75,16,3.0,2.875,3.0,0.25,0.35625,46,412,4.0,0.125,0.3125,0.75
test,"alpha=0.001, beta=1.35e-08",sprt,sensitivity_2,098A72A5-E3E5-4F54-A152-BBDA0DF7B694,1334,0,0,0,0,0,0,22.233333333333334,0.0,0.0,0.0,0.0,0.0,,16,3.0,6.0625,3.0,0.3125,0.49270833333333336,97,412,2.0,0.0,0.0,0.6875,16,3.0,5.3125,3.0,0.375,0.490625,85,412,1.0,0.0,0.0,0.625
test,"alpha=0.001, beta=1.35e-08",sprt,sensitivity_2,0A986513-7828-4D53-AA1F-E02D6DF9561B,763,1,1,2,30,0,0,12.716666666666667,0.07863695937090433,0.039318479685452164,0.15727391874180865,0.0,0.0,30.0,16,4.0,6.1875,4.0,0.375,0.5145833333333333,99,412,2.0,0.0,0.0,0.625,16,4.0,5.0,4.0,0.3125,0.45729166666666665,80,412,4.0,0.0,0.0,0.6875
test,"alpha=0.001, beta=1.35e-08",sprt,sensitivity_2,11B5EC4D-4133-4289-B475-4E737182A406,1740,0,0,0,0,0,0,29.0,0.0,0.0,0.0,0.0,0.0,,16,4.0,6.625,4.0,0.3125,0.5166666666666667,106,412,2.0,0.0,0.0,0.6875,16,4.0,6.0625,4.0,0.25,0.4552083333333333,97,412,3.0,0.0,0.0,0.75
test,"alpha=0.001, beta=1.35e-08",sprt,sensitivity_2,136562B6-95B2-483D-88DC-065F28409FD2,1215,0,0,0,0,0,0,20.25,0.0,0.0,0.0,0.0,0.0,,16,4.0,6.4375,4.0,0.375,0.5302083333333333,103,412,1.0,0.0,0.0,0.625,16,3.5,5.625,3.5,0.375,0.49583333333333335,90,412,1.5,0.0625,0.0,0.625
test,"alpha=0.001, beta=1.35e-08",sprt,sensitivity_2,1538C99F-BA1E-4EFB-A949-6C7C47701B20,1281,1,1,2,80,0,0,21.35,0.046838407494145196,0.0624512099921936,0.09367681498829039,0.0,0.0,80.0,16,3.0,6.875,3.0,0.3125,0.459375,120,412,2.5,0.0,0.0,0.625,16,3.5,3.375,3.5,0.25,0.37916666666666665,54,412,3.0,0.0625,0.125,0.75
test,"alpha=0.001, beta=1.35e-08",sprt,sensitivity_2,24E40C4C-A349-4F9F-93AB-01D00FB994AF,926,1,0,1,24,0,0,15.433333333333334,0.06479481641468682,0.02591792656587473,0.06479481641468682,0.0,0.0,24.0,16,4.0,12.25,4.0,0.3125,0.5875,210,412,11.0,0.0625,0.0,0.625,16,10.0,17.1875,10.0,0.625,0.7958333333333334,275,412,0.0,0.0625,0.0,0.375
test,"alpha=0.001, beta=1.35e-08",sprt,sensitivity_2,2C32C23E-E30C-498A-8DD2-0EFB9150A02E,1675,0,0,0,0,0,0,27.916666666666668,0.0,0.0,0.0,0.0,0.0,,16,4.0,5.9375,4.0,0.375,0.5145833333333334,112,412,2.0,0.0,0.0,0.5625,16,4.5,6.875,4.5,0.375,0.5583333333333333,110,412,2.0,0.0,0.0,0.625
test,"alpha=0.001, beta=1.35e-08",sprt,sensitivity_2,3600D531-0C55-44A7-AE95-A7A38519464E,1032,1,0,1,19,0,0,17.2,0.05813953488372093,0.018410852713178296,0.05813953488372093,0.0,0.0,19.0,16,4.0,9.4375,4.0,0.375,0.5635416666666667,151,412,3.0,0.0,0.0,0.625,16,4.5,9.0,4.5,0.3125,0.5864583333333333,144,412,2.5,0.0,0.0,0.6875
test,"alpha=0.001, beta=1.35e-08",sprt,sensitivity_2,4FC32141-E888-4BFF-8804-12559A491D8C,967,0,0,0,0,0,0,16.116666666666667,0.0,0.0,0.0,0.0,0.0,,16,10.0,14.0,10.0,0.5625,0.7541666666666667,224,412,0.0,0.0625,0.0,0.4375,16,10.0,14.25,10.0,0.5625,0.7645833333333333,228,412,0.0,0.0,0.0,0.4375
test,"alpha=0.001, beta=1.35e-08",sprt,sensitivity_2,5119D0F8-FCA8-4184-A4EB-19421A40DE0D,1295,0,0,0,0,0,0,21.583333333333332,0.0,0.0,0.0,0.0,0.0,,16,3.0,5.6875,3.0,0.25,0.471875,91,412,3.0,0.0,0.0,0.75,16,4.0,7.75,4.0,0.4375,0.5677083333333334,124,412,0.5,0.0,0.0,0.5625
test,"alpha=0.001, beta=1.35e-08",sprt,sensitivity_2,5152A2DF-FAF3-4BA8-9CA9-E66B32671A53,1295,1,1,2,22,0,0,21.583333333333332,0.04633204633204634,0.01698841698841699,0.09266409266409267,0.0,0.0,22.0,16,3.5,6.375,3.5,0.3125,0.5260416666666666,102,412,4.5,0.0,0.0,0.6875,16,4.5,7.0625,4.5,0.375,0.5229166666666667,126,412,4.5,0.0,0.0625,0.625
test,"alpha=0.001, beta=1.35e-08",sprt,sensitivity_2,5EF64122-B513-46AE-BCF1-E62AAC285D2C,754,0,0,0,0,0,0,12.566666666666666,0.0,0.0,0.0,0.0,0.0,,16,3.0,4.625,3.0,0.25,0.40208333333333335,74,412,2.0,0.0,0.0,0.75,16,3.5,6.0,3.5,0.25,0.478125,96,412,1.0,0.0,0.0,0.75
test,"alpha=0.001, beta=1.35e-08",sprt,sensitivity_2,61976C24-1C50-4355-9C49-AAE44A7D09F6,1717,0,0,0,0,0,0,28.616666666666667,0.0,0.0,0.0,0.0,0.0,,16,4.0,9.875,4.0,0.4375,0.575,158,412,1.5,0.0,0.0,0.5625,16,3.0,5.3125,3.0,0.3125,0.44166666666666665,85,412,1.5,0.0,0.0,0.6875
test,"alpha=0.001, beta=1.35e-08",sprt,sensitivity_2,78A91A4E-4A51-4065-BDA7-94755F0BB3BB,2371,6,6,12,140,0,0,39.516666666666666,0.15183466891606917,0.059046815689582456,0.30366933783213834,0.0,0.0,23.333333333333332,16,6.0,8.25,6.0,0.375,0.6197916666666666,156,412,1.0,0.0,0.125,0.5625,16,3.0,8.25,3.0,0.3125,0.5125,146,412,1.0,0.0,0.0,0.625
test,"alpha=0.001, beta=1.35e-08",sprt,sensitivity_2,7CE37510-56D0-4120-A1CF-0E23351428D2,1924,0,0,0,0,0,0,32.06666666666667,0.0,0.0,0.0,0.0,0.0,,16,3.5,4.1875,3.5,0.1875,0.37083333333333335,67,412,2.0,0.0,0.0,0.8125,16,4.0,4.5625,4.0,0.3125,0.4791666666666667,94,412,1.5,0.0,0.0,0.625
test,"alpha=0.001, beta=1.35e-08",sprt,sensitivity_2,8023FE1A-D3B0-4E2C-A57A-9321B7FC755F,1809,2,2,4,90,0,0,30.15,0.06633499170812604,0.04975124378109453,0.13266998341625208,0.0,0.0,45.0,16,3.0,3.9375,3.0,0.25,0.396875,63,412,3.5,0.0,0.0,0.75,16,4.0,5.9375,4.0,0.3125,0.471875,95,412,3.0,0.0,0.0,0.6875
test,"alpha=0.001, beta=1.35e-08",sprt,sensitivity_2,83CF687B-7CEC-434B-9FE8-00C3D5799BE6,1879,6,6,12,331,0,0,31.316666666666666,0.19159127195316658,0.17615753060138373,0.38318254390633316,0.0,0.0,55.166666666666664,16,3.0,3.4375,3.0,0.3125,0.40208333333333335,55,412,3.0,0.0625,0.1875,0.6875,16,3.0,3.125,3.0,0.25,0.3927083333333333,50,412,4.0,0.1875,0.125,0.75
test,"alpha=0.001, beta=1.35e-08",sprt,sensitivity_2,9759096F-1119-4E19-A0AD-6F16989C7E1C,1954,1,1,2,167,0,0,32.56666666666667,0.030706243602865915,0.08546571136131013,0.06141248720573183,0.0,0.0,167.0,16,3.0,3.9375,3.0,0.25,0.40729166666666666,108,412,1.5,0.1875,0.1875,0.75,16,3.0,6.25,3.0,0.3125,0.43645833333333334,100,412,2.5,0.0625,0.1875,0.6875
test,"alpha=0.001, beta=1.35e-08",sprt,sensitivity_2,9DC38D04-E82E-4F29-AB52-B476535226F2,1909,1,1,2,6,0,0,31.816666666666666,0.03143006809848088,0.003143006809848088,0.06286013619696176,0.0,0.0,6.0,16,4.0,10.375,4.0,0.3125,0.5510416666666667,166,412,3.0,0.0,0.0,0.6875,16,4.0,8.0625,4.0,0.3125,0.5666666666666667,132,412,1.5,0.0,0.0,0.625
test,"alpha=0.001, beta=1.35e-08",sprt,sensitivity_2,A5CDF89D-02A2-4EC1-89F8-F534FDABDD96,1179,0,0,0,0,0,0,19.65,0.0,0.0,0.0,0.0,0.0,,16,3.5,4.125,3.5,0.25,0.4354166666666667,66,412,4.5,0.125,0.0,0.75,16,5.0,6.5625,5.0,0.3125,0.4864583333333333,105,412,4.0,0.0625,0.0,0.6875
test,"alpha=0.001, beta=1.35e-08",sprt,sensitivity_2,A76A5AF5-5A93-4CF2-A16E-62353BB70E8A,1475,0,0,0,0,0,0,24.583333333333332,0.0,0.0,0.0,0.0,0.0,,16,6.5,18.25,6.5,0.5,0.715625,292,412,0.5,0.0,0.0,0.5,16,4.0,8.0,4.0,0.4375,0.6229166666666667,166,412,0.5,0.0,0.0,0.5
test,"alpha=0.001, beta=1.35e-08",sprt,sensitivity_2,B09E373F-8A54-44C8-895B-0039390B859F,1597,0,0,0,0,0,0,26.616666666666667,0.0,0.0,0.0,0.0,0.0,,16,6.5,14.375,6.5,0.5,0.7010416666666667,230,412,0.5,0.0,0.0,0.5,16,8.5,11.5,8.5,0.375,0.6614583333333334,184,412,2.0,0.0,0.0,0.625
test,"alpha=0.001, beta=1.35e-08",sprt,sensitivity_2,B9724848-C7E2-45F4-9B3F-A1F38D864495,1497,3,2,5,234,0,0,24.95,0.12024048096192386,0.156312625250501,0.20040080160320642,0.0,0.0,78.0,16,3.0,3.8125,3.0,0.25,0.3729166666666667,61,412,2.5,0.1875,0.25,0.75,16,3.0,4.875,3.0,0.1875,0.3416666666666667,78,412,2.0,0.0625,0.125,0.8125
test,"alpha=0.001, beta=1.35e-08",sprt,sensitivity_2,BE3CA5A6-A561-4BBD-B7C9-5DF6805400FC,1633,4,3,7,408,0,0,27.216666666666665,0.14696876913655849,0.24984690753214941,0.25719534598897736,0.0,0.0,102.0,16,7.5,11.125,7.5,0.5,0.5885416666666666,178,412,2.5,0.1875,0.125,0.5,16,0.0,4.3125,0.0,0.1875,0.24791666666666667,69,412,49.0,0.5,0.625,0.8125
test,"alpha=0.001, beta=1.35e-08",sprt,sensitivity_2,C48CE857-A0DD-4DDB-BEA5-3A25449B2153,937,0,0,0,0,0,0,15.616666666666667,0.0,0.0,0.0,0.0,0.0,,16,4.5,10.9375,4.5,0.5,0.6604166666666667,175,412,1.0,0.0,0.0,0.5,16,3.5,8.9375,3.5,0.3125,0.515625,143,412,2.0,0.0,0.0,0.6875
test,"alpha=0.001, beta=1.35e-08",sprt,sensitivity_2,CA820D43-E5E2-42EF-9798-BE56F776370B,1543,2,2,4,37,1,1,25.716666666666665,0.0777705767984446,0.023979261179520414,0.1555411535968892,0.0388852883992223,0.0388852883992223,18.5,16,3.0,7.1875,3.0,0.3125,0.48854166666666665,121,412,3.5,0.0,0.0,0.625,16,3.5,4.4375,3.5,0.25,0.4395833333333333,78,412,3.5,0.0625,0.0,0.75
test,"alpha=0.001, beta=1.35e-08",sprt,sensitivity_2,CDA3BBF7-6631-45E8-85BA-EEB416B32A3C,537,0,0,0,0,0,0,8.95,0.0,0.0,0.0,0.0,0.0,,16,4.0,5.0,4.0,0.375,0.4864583333333333,80,412,1.5,0.0,0.0,0.625,16,4.0,4.75,4.0,0.25,0.471875,82,412,1.0,0.0,0.0,0.75
test,"alpha=0.001, beta=1.35e-08",sprt,sensitivity_2,CF722AA9-2533-4E51-9FEB-9EAC84EE9AAC,694,0,0,0,0,0,0,11.566666666666666,0.0,0.0,0.0,0.0,0.0,,16,4.0,6.4375,4.0,0.375,0.5270833333333333,103,412,3.5,0.0,0.0,0.625,16,4.0,6.75,4.0,0.5,0.559375,108,412,0.5,0.0,0.0,0.5
test,"alpha=0.001, beta=1.35e-08",sprt,sensitivity_2,D7D20E2E-FC78-405D-B346-DBD3FD8FC92B,1212,1,1,2,58,0,0,20.2,0.04950495049504951,0.04785478547854786,0.09900990099009901,0.0,0.0,58.0,16,4.0,4.6875,4.0,0.1875,0.36041666666666666,75,412,2.5,0.0,0.125,0.8125,16,5.0,6.6875,5.0,0.4375,0.578125,107,412,3.5,0.0,0.0,0.5625
test,"alpha=0.001, beta=1.35e-08",sprt,sensitivity_2,E65577C1-8D5D-4F70-AF23-B3ADB9D3DBA3,657,2,2,4,263,0,0,10.95,0.18264840182648404,0.4003044140030441,0.36529680365296807,0.0,0.0,131.5,16,0.0,1.5625,0.0,0.0625,0.12291666666666666,25,412,10.5,0.3125,0.6875,0.9375,16,0.0,3.6875,0.0,0.25,0.31875,59,412,36.5,0.3125,0.625,0.75
test,"alpha=0.001, beta=1.35e-08",sprt,sensitivity_2,ECECC2AB-D32F-4F90-B74C-E12A1C69BBE2,677,0,0,0,0,0,0,11.283333333333333,0.0,0.0,0.0,0.0,0.0,,16,4.0,4.5,4.0,0.25,0.42604166666666665,72,412,1.0,0.0,0.0,0.75,16,4.5,4.875,4.5,0.25,0.465625,78,412,3.0,0.0,0.0,0.75
test,"alpha=0.001, beta=1.35e-08",sprt,sensitivity_2,FDAA70A1-42A3-4E3F-9AE3-3FDA412E03BF,966,2,2,4,56,0,0,16.1,0.12422360248447203,0.057971014492753624,0.24844720496894407,0.0,0.0,28.0,16,4.0,3.75,4.0,0.1875,0.359375,79,412,4.0,0.0,0.125,0.75,16,3.0,5.8125,3.0,0.1875,0.378125,93,412,6.0,0.0,0.3125,0.8125
test,"rho=0.1, theta=0.0009111",hmm,sensitivity_2,00EABED2-271D-49D8-B599-1D4A09240601,408,12,12,24,37,18,11,6.8,1.7647058823529411,0.09068627450980392,3.5294117647058822,2.6470588235294117,1.6176470588235294,3.0833333333333335,16,4.5,11.8125,3.0,0.25,0.640625,259,412,0.0,0.0,0.125,0.375,16,2.0,6.3125,2.0,0.1875,0.4864583333333333,149,412,0.0,0.0,0.0625,0.6875
test,"rho=0.1, theta=0.0009111",hmm,sensitivity_2,098A72A5-E3E5-4F54-A152-BBDA0DF7B694,1334,0,0,0,0,0,0,22.233333333333334,0.0,0.0,0.0,0.0,0.0,,16,2.5,6.75,2.0,0.1875,0.59375,250,412,0.0,0.0,0.0,0.5,16,2.5,7.4375,2.0,0.3125,0.528125,147,412,0.0,0.0,0.0,0.6875
test,"rho=0.1, theta=0.0009111",hmm,sensitivity_2,0A986513-7828-4D53-AA1F-E02D6DF9561B,763,2,2,4,2,3,2,12.716666666666667,0.15727391874180865,0.002621231979030144,0.3145478374836173,0.23591087811271297,0.15727391874180865,1.0,16,4.0,10.4375,3.0,0.375,0.6625,230,412,0.0,0.0,0.0,0.4375,16,3.0,6.125,2.0,0.375,0.5125,115,412,0.0,0.0,0.0,0.5625
test,"rho=0.1, theta=0.0009111",hmm,sensitivity_2,11B5EC4D-4133-4289-B475-4E737182A406,1740,0,0,0,0,0,0,29.0,0.0,0.0,0.0,0.0,0.0,,16,3.0,7.8125,3.0,0.25,0.5791666666666666,193,412,0.0,0.0,0.0,0.5625,16,3.5,13.125,2.5,0.4375,0.65,258,412,0.0,0.0,0.0,0.3125
test,"rho=0.1, theta=0.0009111",hmm,sensitivity_2,136562B6-95B2-483D-88DC-065F28409FD2,1215,0,0,0,0,0,0,20.25,0.0,0.0,0.0,0.0,0.0,,16,3.0,10.1875,2.5,0.375,0.675,262,412,0.0,0.0,0.0,0.4375,16,2.0,7.5625,2.0,0.25,0.5052083333333334,153,412,0.0,0.0,0.0,0.5625
test,"rho=0.1, theta=0.0009111",hmm,sensitivity_2,1538C99F-BA1E-4EFB-A949-6C7C47701B20,1281,8,8,16,62,12,5,21.35,0.37470725995316156,0.04839968774395004,0.7494145199063231,0.5620608899297423,0.23419203747072598,7.75,16,2.0,5.6875,2.0,0.125,0.41875,144,412,0.0,0.0,0.0,0.75,16,2.0,2.0625,2.0,0.125,0.38229166666666664,106,412,0.0,0.0,0.125,0.8125
test,"rho=0.1, theta=0.0009111",hmm,sensitivity_2,24E40C4C-A349-4F9F-93AB-01D00FB994AF,926,1,1,2,1,1,1,15.433333333333334,0.06479481641468682,0.0010799136069114472,0.12958963282937364,0.06479481641468682,0.06479481641468682,1.0,16,5.0,16.9375,4.5,0.5625,0.6947916666666667,273,412,0.0,0.0,0.0,0.375,16,10.5,21.1875,10.5,0.75,0.9125,357,412,0.0,0.0,0.0,0.25
test,"rho=0.1, theta=0.0009111",hmm,sensitivity_2,2C32C23E-E30C-498A-8DD2-0EFB9150A02E,1675,0,0,0,0,0,0,27.916666666666668,0.0,0.0,0.0,0.0,0.0,,16,3.0,11.9375,3.0,0.3125,0.58125,210,412,0.0,0.0,0.0,0.5625,16,2.5,6.25,2.0,0.25,0.6166666666666667,190,412,0.0,0.0,0.0,0.4375
test,"rho=0.1, theta=0.0009111",hmm,sensitivity_2,3600D531-0C55-44A7-AE95-A7A38519464E,1032,4,3,7,11,4,2,17.2,0.23255813953488372,0.01065891472868217,0.4069767441860465,0.23255813953488372,0.11627906976744186,2.75,16,2.0,11.5,2.0,0.4375,0.5552083333333333,182,412,0.0,0.0,0.0,0.5625,16,3.0,10.75,3.0,0.4375,0.6166666666666667,183,412,0.0,0.0,0.0,0.5625
test,"rho=0.1, theta=0.0009111",hmm,sensitivity_2,4FC32141-E888-4BFF-8804-12559A491D8C,967,0,0,0,0,0,0,16.116666666666667,0.0,0.0,0.0,0.0,0.0,,16,20.0,25.75,20.0,1.0,1.0,412,412,0.0,0.0,0.0,0.0,16,20.0,25.75,20.0,1.0,1.0,412,412,0.0,0.0,0.0,0.0
test,"rho=0.1, theta=0.0009111",hmm,sensitivity_2,5119D0F8-FCA8-4184-A4EB-19421A40DE0D,1295,0,0,0,0,0,0,21.583333333333332,0.0,0.0,0.0,0.0,0.0,,16,2.0,10.75,2.0,0.3125,0.5229166666666667,180,412,0.0,0.0,0.0,0.6875,16,3.0,9.1875,2.0,0.375,0.5927083333333333,191,412,0.0,0.0,0.0,0.5
test,"rho=0.1, theta=0.0009111",hmm,sensitivity_2,5152A2DF-FAF3-4BA8-9CA9-E66B32671A53,1295,2,2,4,6,3,2,21.583333333333332,0.09266409266409267,0.004633204633204633,0.18532818532818535,0.138996138996139,0.09266409266409267,3.0,16,2.0,7.125,2.0,0.1875,0.5145833333333333,148,412,0.0,0.0,0.0,0.75,16,3.0,9.3125,3.0,0.375,0.6802083333333333,222,412,0.0,0.0,0.0,0.375
test,"rho=0.1, theta=0.0009111",hmm,sensitivity_2,5EF64122-B513-46AE-BCF1-E62AAC285D2C,754,0,0,0,0,0,0,12.566666666666666,0.0,0.0,0.0,0.0,0.0,,16,2.0,6.3125,2.0,0.1875,0.39375,110,412,0.0,0.0,0.0,0.8125,16,2.5,5.375,2.5,0.1875,0.46770833333333334,127,412,0.0,0.0,0.0,0.75
test,"rho=0.1, theta=0.0009111",hmm,sensitivity_2,61976C24-1C50-4355-9C49-AAE44A7D09F6,1717,0,0,0,0,0,0,28.616666666666667,0.0,0.0,0.0,0.0,0.0,,16,2.5,8.875,2.5,0.25,0.5520833333333333,201,412,0.0,0.0,0.0,0.4375,16,2.0,4.25,2.0,0.1875,0.4166666666666667,108,412,0.0,0.0,0.0,0.6875
test,"rho=0.1, theta=0.0009111",hmm,sensitivity_2,78A91A4E-4A51-4065-BDA7-94755F0BB3BB,2371,3,3,6,3,4,3,39.516666666666666,0.07591733445803459,0.0012652889076339097,0.15183466891606917,0.10122311261071278,0.07591733445803459,1.0,16,5.5,12.9375,5.5,0.375,0.7010416666666667,260,412,0.0,0.0,0.0,0.5,16,3.0,14.5625,2.5,0.5625,0.63125,236,412,0.0,0.0,0.0,0.3125
test,"rho=0.1, theta=0.0009111",hmm,sensitivity_2,7CE37510-56D0-4120-A1CF-0E23351428D2,1924,1,1,2,1,1,1,32.06666666666667,0.031185031185031183,0.0005197505197505198,0.06237006237006237,0.031185031185031183,0.031185031185031183,1.0,16,2.0,3.75,2.0,0.125,0.31354166666666666,75,412,0.0,0.0,0.0,0.8125,16,3.5,9.0,2.0,0.3125,0.5760416666666667,203,412,0.0,0.0,0.0,0.5625
test,"rho=0.1, theta=0.0009111",hmm,sensitivity_2,8023FE1A-D3B0-4E2C-A57A-9321B7FC755F,1809,2,2,4,3,3,2,30.15,0.06633499170812604,0.001658374792703151,0.13266998341625208,0.09950248756218906,0.06633499170812604,1.5,16,2.5,4.3125,2.0,0.1875,0.4822916666666667,152,412,0.0,0.0,0.0,0.5625,16,2.5,9.0625,2.5,0.0625,0.5145833333333333,205,412,0.0,0.0,0.0,0.75
test,"rho=0.1, theta=0.0009111",hmm,sensitivity_2,83CF687B-7CEC-434B-9FE8-00C3D5799BE6,1879,7,7,14,9,8,7,31.316666666666666,0.22352315061202768,0.004789781798829164,0.44704630122405536,0.25545502927088876,0.22352315061202768,1.2857142857142858,16,2.0,3.75,2.0,0.0625,0.365625,97,412,0.0,0.0,0.0,0.9375,16,2.0,2.0,2.0,0.0,0.31145833333333334,56,412,0.0,0.0,0.0,0.8125
test,"rho=0.1, theta=0.0009111",hmm,sensitivity_2,9759096F-1119-4E19-A0AD-6F16989C7E1C,1954,18,18,36,35,27,17,32.56666666666667,0.5527123848515865,0.01791197543500512,1.105424769703173,0.8290685772773797,0.5220061412487205,1.9444444444444444,16,2.5,11.4375,2.0,0.375,0.590625,193,412,0.0,0.0,0.0625,0.5625,16,7.0,12.5,3.0,0.5,0.6854166666666667,222,412,0.0,0.0,0.0,0.4375
test,"rho=0.1, theta=0.0009111",hmm,sensitivity_2,9DC38D04-E82E-4F29-AB52-B476535226F2,1909,0,0,0,0,0,0,31.816666666666666,0.0,0.0,0.0,0.0,0.0,,16,3.0,14.875,2.0,0.3125,0.5833333333333334,255,412,0.0,0.0,0.0,0.625,16,3.5,10.125,2.5,0.25,0.5458333333333333,172,412,0.0,0.0,0.0,0.75
test,"rho=0.1, theta=0.0009111",hmm,sensitivity_2,A5CDF89D-02A2-4EC1-89F8-F534FDABDD96,1179,0,0,0,0,0,0,19.65,0.0,0.0,0.0,0.0,0.0,,16,2.5,6.6875,2.0,0.3125,0.503125,146,412,0.0,0.0,0.0,0.5625,16,4.0,6.6875,3.0,0.25,0.6333333333333333,203,412,0.0,0.0,0.0,0.4375
test,"rho=0.1, theta=0.0009111",hmm,sensitivity_2,A76A5AF5-5A93-4CF2-A16E-62353BB70E8A,1475,0,0,0,0,0,0,24.583333333333332,0.0,0.0,0.0,0.0,0.0,,16,6.5,21.1875,6.5,0.6875,0.7822916666666666,348,412,0.0,0.0,0.0,0.25,16,3.0,12.0,3.0,0.5,0.6666666666666666,213,412,0.0,0.0,0.0,0.375
test,"rho=0.1, theta=0.0009111",hmm,sensitivity_2,B09E373F-8A54-44C8-895B-0039390B859F,1597,0,0,0,0,0,0,26.616666666666667,0.0,0.0,0.0,0.0,0.0,,16,6.0,18.4375,6.0,0.5,0.771875,326,412,0.0,0.0,0.0,0.3125,16,7.5,14.8125,4.5,0.375,0.7135416666666666,272,412,0.0,0.0,0.0,0.375
test,"rho=0.1, theta=0.0009111",hmm,sensitivity_2,B9724848-C7E2-45F4-9B3F-A1F38D864495,1497,17,17,34,25,25,17,24.95,0.6813627254509018,0.016700066800267203,1.3627254509018036,1.0020040080160322,0.6813627254509018,1.4705882352941178,16,2.0,4.9375,2.0,0.1875,0.46979166666666666,146,412,0.0,0.0,0.0,0.6875,16,2.5,5.875,2.0,0.25,0.525,187,412,0.0,0.0,0.0,0.625
test,"rho=0.1, theta=0.0009111",hmm,sensitivity_2,BE3CA5A6-A561-4BBD-B7C9-5DF6805400FC,1633,0,0,0,0,0,0,27.216666666666665,0.0,0.0,0.0,0.0,0.0,,16,20.0,25.75,10.0,1.0,0.99375,408,412,0.0,0.0,0.0,0.0,16,20.0,24.1875,20.0,0.9375,0.99375,406,412,0.0,0.0,0.0,0.0
test,"rho=0.1, theta=0.0009111",hmm,sensitivity_2,C48CE857-A0DD-4DDB-BEA5-3A25449B2153,937,0,0,0,0,0,0,15.616666666666667,0.0,0.0,0.0,0.0,0.0,,16,6.0,13.125,3.0,0.375,0.6604166666666667,218,412,0.0,0.0,0.0,0.5625,16,2.5,13.375,2.5,0.3125,0.6114583333333333,247,412,0.0,0.0,0.0,0.5
test,"rho=0.1, theta=0.0009111",hmm,sensitivity_2,CA820D43-E5E2-42EF-9798-BE56F776370B,1543,3,3,6,3,4,3,25.716666666666665,0.1166558651976669,0.0019442644199611147,0.2333117303953338,0.1555411535968892,0.1166558651976669,1.0,16,3.0,17.8125,2.5,0.3125,0.6708333333333333,288,412,0.0,0.0,0.0,0.5,16,2.0,6.1875,2.0,0.3125,0.5541666666666667,198,412,0.0,0.0,0.0,0.4375
test,"rho=0.1, theta=0.0009111",hmm,sensitivity_2,CDA3BBF7-6631-45E8-85BA-EEB416B32A3C,537,0,0,0,0,0,0,8.95,0.0,0.0,0.0,0.0,0.0,,16,2.0,8.8125,2.0,0.3125,0.5541666666666667,172,412,0.0,0.0,0.0,0.5,16,2.0,8.5625,2.0,0.1875,0.5614583333333334,201,412,0.0,0.0,0.0,0.625
test,"rho=0.1, theta=0.0009111",hmm,sensitivity_2,CF722AA9-2533-4E51-9FEB-9EAC84EE9AAC,694,0,0,0,0,0,0,11.566666666666666,0.0,0.0,0.0,0.0,0.0,,16,6.0,10.8125,3.0,0.3125,0.6979166666666666,283,412,0.0,0.0,0.0,0.4375,16,4.5,8.5,3.0,0.5,0.7052083333333333,228,412,0.0,0.0,0.0,0.3125
test,"rho=0.1, theta=0.0009111",hmm,sensitivity_2,D7D20E2E-FC78-405D-B346-DBD3FD8FC92B,1212,0,0,0,0,0,0,20.2,0.0,0.0,0.0,0.0,0.0,,16,2.5,11.1875,2.0,0.375,0.5979166666666667,210,412,0.0,0.0,0.0,0.5,16,6.5,14.3125,3.5,0.6875,0.7697916666666667,272,412,0.0,0.0,0.0,0.1875
test,"rho=0.1, theta=0.0009111",hmm,sensitivity_2,E65577C1-8D5D-4F70-AF23-B3ADB9D3DBA3,657,19,19,38,34,32,18,10.95,1.7351598173515983,0.0517503805175038,3.4703196347031966,2.9223744292237446,1.6438356164383563,1.7894736842105263,16,2.5,13.375,2.0,0.375,0.5572916666666666,248,412,0.0,0.0,0.0625,0.5,16,4.0,10.375,3.5,0.4375,0.6958333333333333,227,412,0.0,0.0,0.0,0.4375
test,"rho=0.1, theta=0.0009111",hmm,sensitivity_2,ECECC2AB-D32F-4F90-B74C-E12A1C69BBE2,677,0,0,0,0,0,0,11.283333333333333,0.0,0.0,0.0,0.0,0.0,,16,2.5,4.0625,2.5,0.1875,0.4635416666666667,146,412,0.0,0.0,0.0,0.75,16,6.0,9.625,3.0,0.25,0.5697916666666667,174,412,0.0,0.0,0.0,0.75
test,"rho=0.1, theta=0.0009111",hmm,sensitivity_2,FDAA70A1-42A3-4E3F-9AE3-3FDA412E03BF,966,0,0,0,0,0,0,16.1,0.0,0.0,0.0,0.0,0.0,,16,2.0,3.25,2.0,0.125,0.4041666666666667,105,412,0.0,0.0,0.0,0.75,16,3.0,8.5,3.0,0.25,0.5864583333333333,239,412,0.0,0.0,0.0,0.5625
val,theta=0.04311,threshold,primary,00EABED2-271D-49D8-B599-1D4A09240601,428,3,3,6,11,4,2,7.133333333333334,0.4205607476635514,0.02570093457943925,0.8411214953271028,0.5607476635514018,0.2803738317757009,3.6666666666666665,16,2.0,5.5625,0.0,0.125,0.39791666666666664,163,412,0.0,0.0,0.0625,0.6875,16,1.5,9.875,0.0,0.375,0.35833333333333334,169,412,0.0,0.0,0.0,0.625
val,theta=0.04311,threshold,primary,098A72A5-E3E5-4F54-A152-BBDA0DF7B694,1330,0,0,0,0,0,0,22.166666666666668,0.0,0.0,0.0,0.0,0.0,,16,0.0,3.125,0.0,0.25,0.359375,116,412,0.0,0.0,0.0,0.5625,16,0.0,3.75,0.0,0.0625,0.21458333333333335,117,412,0.0,0.0,0.0,0.875
val,theta=0.04311,threshold,primary,0A986513-7828-4D53-AA1F-E02D6DF9561B,763,8,8,16,13,13,8,12.716666666666667,0.6290956749672346,0.01703800786369594,1.2581913499344692,1.0222804718217562,0.6290956749672346,1.625,16,1.5,4.0625,1.0,0.3125,0.4708333333333333,106,412,0.0,0.0,0.0,0.5625,16,3.0,10.75,0.5,0.3125,0.4583333333333333,178,412,0.0,0.0,0.0,0.5625
val,theta=0.04311,threshold,primary,11B5EC4D-4133-4289-B475-4E737182A406,1739,3,3,6,3,4,3,28.983333333333334,0.10350776308223117,0.0017251293847038527,0.20701552616446234,0.13801035077630822,0.10350776308223117,1.0,16,3.0,8.5625,1.0,0.375,0.51875,148,412,0.0,0.0,0.0,0.5,16,0.0,2.8125,0.0,0.1875,0.3020833333333333,100,412,0.0,0.0,0.0,0.625
val,theta=0.04311,threshold,primary,136562B6-95B2-483D-88DC-065F28409FD2,1215,0,0,0,0,0,0,20.25,0.0,0.0,0.0,0.0,0.0,,16,6.5,13.3125,1.0,0.4375,0.5916666666666667,246,412,0.0,0.0,0.0,0.375,16,4.0,10.3125,1.5,0.4375,0.5645833333333333,236,412,0.0,0.0,0.0,0.4375
val,theta=0.04311,threshold,primary,1538C99F-BA1E-4EFB-A949-6C7C47701B20,1281,3,3,6,3,3,3,21.35,0.1405152224824356,0.00234192037470726,0.2810304449648712,0.1405152224824356,0.1405152224824356,1.0,16,0.0,5.8125,0.0,0.125,0.2520833333333333,122,412,0.0,0.0,0.0625,0.8125,16,0.0,1.3125,0.0,0.125,0.27708333333333335,113,412,0.0,0.0,0.0,0.6875
val,theta=0.04311,threshold,primary,24E40C4C-A349-4F9F-93AB-01D00FB994AF,925,0,0,0,0,0,0,15.416666666666666,0.0,0.0,0.0,0.0,0.0,,16,10.0,16.3125,3.5,0.625,0.7083333333333334,257,412,0.0,0.0,0.0,0.25,16,10.0,15.375,7.5,0.6875,0.80625,356,412,0.0,0.0,0.0,0.125
val,theta=0.04311,threshold,primary,2C32C23E-E30C-498A-8DD2-0EFB9150A02E,1674,7,7,14,11,8,7,27.9,0.2508960573476703,0.006571087216248507,0.5017921146953406,0.28673835125448033,0.2508960573476703,1.5714285714285714,16,0.0,2.6875,0.0,0.125,0.18854166666666666,45,412,0.0,0.0,0.0,0.8125,16,3.5,8.1875,0.0,0.125,0.3458333333333333,182,412,0.0,0.0,0.0,0.5625
val,theta=0.04311,threshold,primary,3600D531-0C55-44A7-AE95-A7A38519464E,1017,3,3,6,3,3,3,16.95,0.17699115044247787,0.0029498525073746312,0.35398230088495575,0.17699115044247787,0.17699115044247787,1.0,16,3.0,13.9375,0.5,0.375,0.5114583333333333,249,412,0.0,0.0,0.0,0.5625,16,3.0,8.25,0.0,0.375,0.5333333333333333,216,412,0.0,0.0,0.0,0.375
val,theta=0.04311,threshold,primary,4FC32141-E888-4BFF-8804-12559A491D8C,958,0,0,0,0,0,0,15.966666666666667,0.0,0.0,0.0,0.0,0.0,,16,20.0,25.75,20.0,1.0,1.0,412,412,0.0,0.0,0.0,0.0,16,20.0,25.75,20.0,1.0,1.0,412,412,0.0,0.0,0.0,0.0
val,theta=0.04311,threshold,primary,5119D0F8-FCA8-4184-A4EB-19421A40DE0D,1294,4,4,8,6,6,4,21.566666666666666,0.18547140649149924,0.00463678516228748,0.37094281298299847,0.2782071097372488,0.18547140649149924,1.5,16,0.0,4.1875,0.0,0.0625,0.246875,86,412,0.0,0.0,0.0,0.8125,16,0.0,4.375,0.0,0.125,0.26979166666666665,116,412,0.0,0.0,0.0,0.875
val,theta=0.04311,threshold,primary,5152A2DF-FAF3-4BA8-9CA9-E66B32671A53,1294,4,4,8,5,7,4,21.566666666666666,0.18547140649149924,0.0038639876352395673,0.37094281298299847,0.32457496136012365,0.18547140649149924,1.25,16,3.0,10.5,1.5,0.3125,0.4479166666666667,195,412,0.0,0.0,0.0,0.625,16,0.0,3.25,0.0,0.1875,0.24583333333333332,78,412,0.0,0.0,0.0,0.8125
val,theta=0.04311,threshold,primary,5EF64122-B513-46AE-BCF1-E62AAC285D2C,753,2,2,4,2,2,2,12.55,0.1593625498007968,0.0026560424966799467,0.3187250996015936,0.1593625498007968,0.1593625498007968,1.0,16,0.0,2.0,0.0,0.125,0.178125,55,412,0.0,0.0,0.0,0.8125,16,0.0,1.125,0.0,0.0625,0.12083333333333333,51,412,0.0,0.0,0.0,0.875
val,theta=0.04311,threshold,primary,61976C24-1C50-4355-9C49-AAE44A7D09F6,1717,4,4,8,4,6,4,28.616666666666667,0.13977868375072802,0.0023296447291788003,0.27955736750145604,0.20966802562609202,0.13977868375072802,1.0,16,0.0,6.4375,0.0,0.0625,0.23645833333333333,112,412,0.0,0.0,0.0,0.6875,16,1.0,8.0625,0.0,0.3125,0.40625,196,412,0.0,0.0,0.0,0.5
val,theta=0.04311,threshold,primary,78A91A4E-4A51-4065-BDA7-94755F0BB3BB,2370,9,9,18,15,13,9,39.5,0.22784810126582278,0.006329113924050633,0.45569620253164556,0.3291139240506329,0.22784810126582278,1.6666666666666667,16,1.5,5.6875,0.0,0.1875,0.353125,137,412,0.0,0.0,0.0,0.6875,16,3.5,10.8125,1.0,0.125,0.4927083333333333,247,412,0.0,0.0,0.0,0.5
val,theta=0.04311,threshold,primary,7CE37510-56D0-4120-A1CF-0E23351428D2,1923,5,5,10,5,5,5,32.05,0.15600624024961,0.0026001040041601664,0.31201248049922,0.15600624024961,0.15600624024961,1.0,16,1.0,5.625,0.0,0.1875,0.36874999999999997,129,412,0.0,0.0,0.0,0.75,16,3.0,7.1875,0.5,0.3125,0.4666666666666667,164,412,0.0,0.0,0.0,0.625
val,theta=0.04311,threshold,primary,8023FE1A-D3B0-4E2C-A57A-9321B7FC755F,1808,3,3,6,7,4,3,30.133333333333333,0.09955752212389381,0.0038716814159292035,0.19911504424778761,0.13274336283185842,0.09955752212389381,2.3333333333333335,16,0.0,3.75,0.0,0.0625,0.203125,93,412,0.0,0.0,0.0,0.6875,16,0.0,0.4375,0.0,0.125,0.17291666666666666,35,412,0.0,0.0,0.0,0.75
val,theta=0.04311,threshold,primary,83CF687B-7CEC-434B-9FE8-00C3D5799BE6,1879,4,4,8,4,5,4,31.316666666666666,0.12772751463544438,0.0021287919105907396,0.25545502927088876,0.15965939329430548,0.12772751463544438,1.0,16,0.0,0.75,0.0,0.0625,0.07708333333333334,29,412,0.0,0.0,0.0,0.9375,16,0.0,6.875,0.0,0.3125,0.340625,152,412,0.0,0.0,0.0,0.625
val,theta=0.04311,threshold,primary,9759096F-1119-4E19-A0AD-6F16989C7E1C,1963,2,2,4,2,2,2,32.71666666666667,0.06113092205807437,0.0010188487009679063,0.12226184411614874,0.06113092205807437,0.06113092205807437,1.0,16,4.5,11.375,1.5,0.4375,0.6072916666666667,272,412,0.0,0.0,0.0,0.375,16,3.0,12.8125,0.0,0.3125,0.46458333333333335,229,412,0.0,0.0,0.0,0.4375
val,theta=0.04311,threshold,primary,9DC38D04-E82E-4F29-AB52-B476535226F2,1902,4,4,8,4,4,4,31.7,0.12618296529968454,0.002103049421661409,0.25236593059936907,0.12618296529968454,0.12618296529968454,1.0,16,0.0,6.9375,0.0,0.25,0.26979166666666665,115,412,0.0,0.0,0.0,0.75,16,2.5,9.4375,1.0,0.25,0.475,194,412,0.0,0.0,0.0,0.5625
val,theta=0.04311,threshold,primary,A5CDF89D-02A2-4EC1-89F8-F534FDABDD96,1179,5,5,10,8,8,5,19.65,0.2544529262086514,0.006785411365564037,0.5089058524173028,0.40712468193384227,0.2544529262086514,1.6,16,0.0,4.4375,0.0,0.125,0.24583333333333335,121,412,0.0,0.0,0.0,0.6875,16,9.0,12.125,1.5,0.5,0.6072916666666667,240,412,0.0,0.0,0.0,0.3125
val,theta=0.04311,threshold,primary,A76A5AF5-5A93-4CF2-A16E-62353BB70E8A,1475,1,1,2,1,1,1,24.583333333333332,0.04067796610169492,0.0006779661016949153,0.08135593220338984,0.04067796610169492,0.04067796610169492,1.0,16,3.0,7.0625,2.5,0.4375,0.54375,160,412,0.0,0.0,0.0,0.5,16,2.5,7.3125,2.5,0.3125,0.5552083333333333,168,412,0.0,0.0,0.0,0.5
val,theta=0.04311,threshold,primary,B09E373F-8A54-44C8-895B-0039390B859F,1598,4,4,8,4,6,4,26.633333333333333,0.15018773466833543,0.0025031289111389237,0.30037546933667086,0.22528160200250313,0.15018773466833543,1.0,16,7.5,10.375,0.5,0.375,0.590625,236,412,0.0,0.0,0.0,0.4375,16,7.0,12.75,2.5,0.375,0.6739583333333333,297,412,0.0,0.0,0.0,0.3125
val,theta=0.04311,threshold,primary,B9724848-C7E2-45F4-9B3F-A1F38D864495,1487,10,10,20,10,13,10,24.783333333333335,0.40349697377269667,0.006724949562878279,0.8069939475453933,0.5245460659045057,0.40349697377269667,1.0,16,1.0,3.5625,0.0,0.125,0.2947916666666667,110,412,0.0,0.0,0.0,0.625,16,1.0,7.1875,1.0,0.125,0.4604166666666667,187,412,0.0,0.0,0.0,0.5625
val,theta=0.04311,threshold,primary,BE3CA5A6-A561-4BBD-B7C9-5DF6805400FC,1632,0,0,0,0,0,0,27.2,0.0,0.0,0.0,0.0,0.0,,16,10.0,24.3125,10.0,0.9375,0.9333333333333333,375,412,0.0,0.0,0.0,0.0625,16,20.0,23.9375,12.0,0.9375,0.978125,391,412,0.0,0.0,0.0,0.0
val,theta=0.04311,threshold,primary,C48CE857-A0DD-4DDB-BEA5-3A25449B2153,977,0,0,0,0,0,0,16.283333333333335,0.0,0.0,0.0,0.0,0.0,,16,3.0,7.375,0.0,0.25,0.41562499999999997,173,412,0.0,0.0,0.0,0.5,16,3.0,6.0,0.0,0.25,0.37083333333333335,142,412,0.0,0.0,0.0,0.6875
val,theta=0.04311,threshold,primary,CA820D43-E5E2-42EF-9798-BE56F776370B,1540,6,6,12,7,7,6,25.666666666666668,0.23376623376623376,0.004545454545454545,0.4675324675324675,0.2727272727272727,0.23376623376623376,1.1666666666666667,16,2.5,9.375,0.0,0.4375,0.4427083333333333,156,412,0.0,0.0,0.0625,0.5,16,3.0,7.9375,0.0,0.4375,0.38229166666666664,136,412,0.0,0.0,0.0,0.5625
val,theta=0.04311,threshold,primary,CDA3BBF7-6631-45E8-85BA-EEB416B32A3C,543,1,1,2,1,1,1,9.05,0.11049723756906077,0.001841620626151013,0.22099447513812154,0.11049723756906077,0.11049723756906077,1.0,16,0.0,1.3125,0.0,0.1875,0.26875,71,412,0.0,0.0,0.0,0.75,16,0.0,4.0,0.0,0.125,0.2125,86,412,0.0,0.0,0.0,0.8125
val,theta=0.04311,threshold,primary,CF722AA9-2533-4E51-9FEB-9EAC84EE9AAC,694,0,0,0,0,0,0,11.566666666666666,0.0,0.0,0.0,0.0,0.0,,16,10.0,22.4375,10.0,0.625,0.7666666666666666,352,412,0.0,0.0,0.0,0.3125,16,10.0,19.1875,8.5,0.75,0.828125,327,412,0.0,0.0,0.0,0.1875
val,theta=0.04311,threshold,primary,D7D20E2E-FC78-405D-B346-DBD3FD8FC92B,1213,1,1,2,2,1,1,20.216666666666665,0.0494641384995878,0.0016488046166529267,0.0989282769991756,0.0494641384995878,0.0494641384995878,2.0,16,0.0,5.875,0.0,0.25,0.41875,173,412,0.0,0.0,0.0,0.625,16,0.0,6.75,0.0,0.25,0.27395833333333336,124,412,0.0,0.0,0.0625,0.6875
val,theta=0.04311,threshold,primary,E65577C1-8D5D-4F70-AF23-B3ADB9D3DBA3,659,1,1,2,1,1,1,10.983333333333333,0.09104704097116845,0.0015174506828528073,0.1820940819423369,0.09104704097116845,0.09104704097116845,1.0,16,3.0,10.125,0.5,0.4375,0.525,213,412,0.0,0.0,0.0,0.5,16,10.0,19.4375,5.0,0.5,0.6010416666666667,339,412,0.0,0.0,0.0,0.4375
val,theta=0.04311,threshold,primary,ECECC2AB-D32F-4F90-B74C-E12A1C69BBE2,677,1,1,2,4,1,1,11.283333333333333,0.08862629246676514,0.005908419497784343,0.17725258493353027,0.08862629246676514,0.08862629246676514,4.0,16,0.0,3.9375,0.0,0.125,0.17395833333333333,73,412,0.0,0.0,0.0,0.875,16,0.0,10.125,0.0,0.3125,0.3833333333333333,165,412,0.0,0.0,0.0,0.4375
val,theta=0.04311,threshold,primary,FDAA70A1-42A3-4E3F-9AE3-3FDA412E03BF,966,3,3,6,4,4,3,16.1,0.18633540372670807,0.004140786749482402,0.37267080745341613,0.24844720496894407,0.18633540372670807,1.3333333333333333,16,0.0,9.0,0.0,0.25,0.3770833333333333,190,412,0.0,0.0,0.0,0.625,16,0.0,4.3125,0.0,0.1875,0.2864583333333333,93,412,0.0,0.0,0.0,0.625
val,"k=2, theta=0.09975",moving_average,primary,00EABED2-271D-49D8-B599-1D4A09240601,428,2,2,4,12,2,1,7.133333333333334,0.2803738317757009,0.028037383177570093,0.5607476635514018,0.2803738317757009,0.14018691588785046,6.0,16,1.0,4.0625,1.0,0.0,0.3177083333333333,129,412,0.0,0.0,0.0625,0.8125,16,1.0,6.375,1.0,0.125,0.31145833333333334,138,412,0.0,0.0,0.0,0.75
val,"k=2, theta=0.09975",moving_average,primary,098A72A5-E3E5-4F54-A152-BBDA0DF7B694,1330,1,1,2,1,1,1,22.166666666666668,0.045112781954887216,0.0007518796992481203,0.09022556390977443,0.045112781954887216,0.045112781954887216,1.0,16,1.0,3.8125,1.0,0.25,0.42083333333333334,128,412,0.0,0.0,0.0,0.5625,16,1.0,2.375,1.0,0.0,0.2947916666666667,127,412,0.0,0.0,0.0,0.8125
val,"k=2, theta=0.09975",moving_average,primary,0A986513-7828-4D53-AA1F-E02D6DF9561B,763,3,3,6,18,3,2,12.716666666666667,0.23591087811271297,0.023591087811271297,0.47182175622542594,0.23591087811271297,0.15727391874180865,6.0,16,1.0,4.0625,1.0,0.3125,0.4010416666666667,88,412,0.0,0.0,0.0,0.625,16,1.5,6.0625,1.0,0.125,0.4166666666666667,147,412,0.0,0.0,0.0,0.6875
val,"k=2, theta=0.09975",moving_average,primary,11B5EC4D-4133-4289-B475-4E737182A406,1739,4,4,8,4,5,4,28.983333333333334,0.13801035077630822,0.0023001725129384704,0.27602070155261643,0.17251293847038526,0.13801035077630822,1.0,16,3.0,5.1875,2.0,0.3125,0.459375,101,412,0.0,0.0,0.0,0.4375,16,1.0,3.4375,1.0,0.1875,0.365625,106,412,0.0,0.0,0.0,0.6875
val,"k=2, theta=0.09975",moving_average,primary,136562B6-95B2-483D-88DC-065F28409FD2,1215,2,2,4,4,3,2,20.25,0.09876543209876543,0.0032921810699588477,0.19753086419753085,0.14814814814814814,0.09876543209876543,2.0,16,2.0,13.125,2.0,0.375,0.6260416666666666,244,412,0.0,0.0,0.0,0.5,16,3.0,11.1875,2.0,0.4375,0.6260416666666666,246,412,0.0,0.0,0.0,0.5
val,"k=2, theta=0.09975",moving_average,primary,1538C99F-BA1E-4EFB-A949-6C7C47701B20,1281,1,1,2,1,1,1,21.35,0.046838407494145196,0.00078064012490242,0.09367681498829039,0.046838407494145196,0.046838407494145196,1.0,16,1.0,5.0625,1.0,0.125,0.3020833333333333,118,412,0.0,0.0,0.0625,0.8125,16,1.0,1.1875,1.0,0.0625,0.3260416666666667,114,412,0.0,0.0,0.0,0.6875
val,"k=2, theta=0.09975",moving_average,primary,24E40C4C-A349-4F9F-93AB-01D00FB994AF,925,0,0,0,0,0,0,15.416666666666666,0.0,0.0,0.0,0.0,0.0,,16,2.0,10.9375,2.0,0.375,0.5114583333333333,181,412,0.0,0.0,0.0,0.625,16,8.5,12.3125,5.0,0.375,0.70625,297,412,0.0,0.0,0.0,0.3125
val,"k=2, theta=0.09975",moving_average,primary,2C32C23E-E30C-498A-8DD2-0EFB9150A02E,1674,7,7,14,18,10,7,27.9,0.2508960573476703,0.010752688172043012,0.5017921146953406,0.35842293906810035,0.2508960573476703,2.5714285714285716,16,1.0,2.4375,1.0,0.0625,0.24270833333333333,55,412,0.0,0.0,0.0,0.875,16,3.5,5.6875,1.0,0.0625,0.38125,148,412,0.0,0.0,0.0,0.6875
val,"k=2, theta=0.09975",moving_average,primary,3600D531-0C55-44A7-AE95-A7A38519464E,1017,1,1,2,1,1,1,16.95,0.058997050147492625,0.0009832841691248771,0.11799410029498525,0.058997050147492625,0.058997050147492625,1.0,16,4.0,12.4375,1.0,0.375,0.553125,249,412,0.0,0.0,0.0,0.5,16,1.0,6.5625,1.0,0.25,0.565625,214,412,0.0,0.0,0.0,0.5625
val,"k=2, theta=0.09975",moving_average,primary,4FC32141-E888-4BFF-8804-12559A491D8C,958,0,0,0,0,0,0,15.966666666666667,0.0,0.0,0.0,0.0,0.0,,16,20.0,25.75,20.0,1.0,1.0,412,412,0.0,0.0,0.0,0.0,16,20.0,25.75,20.0,1.0,1.0,412,412,0.0,0.0,0.0,0.0
val,"k=2, theta=0.09975",moving_average,primary,5119D0F8-FCA8-4184-A4EB-19421A40DE0D,1294,9,9,18,17,14,8,21.566666666666666,0.41731066460587324,0.01313755795981453,0.8346213292117465,0.6491499227202473,0.37094281298299847,1.8888888888888888,16,1.0,4.0625,1.0,0.0625,0.3,90,412,0.0,0.0,0.0625,0.8125,16,1.0,5.0,1.0,0.125,0.328125,106,412,0.0,0.0,0.0,0.875
val,"k=2, theta=0.09975",moving_average,primary,5152A2DF-FAF3-4BA8-9CA9-E66B32671A53,1294,5,5,10,8,8,5,21.566666666666666,0.23183925811437403,0.0061823802163833074,0.46367851622874806,0.37094281298299847,0.23183925811437403,1.6,16,2.0,9.4375,1.0,0.3125,0.45416666666666666,177,412,0.0,0.0,0.0,0.625,16,1.0,3.4375,1.0,0.125,0.29062499999999997,77,412,0.0,0.0,0.0,0.8125
val,"k=2, theta=0.09975",moving_average,primary,5EF64122-B513-46AE-BCF1-E62AAC285D2C,753,1,1,2,2,1,1,12.55,0.0796812749003984,0.0026560424966799467,0.1593625498007968,0.0796812749003984,0.0796812749003984,2.0,16,1.0,1.625,1.0,0.125,0.2635416666666667,56,412,0.0,0.0,0.0,0.875,16,1.0,1.5625,1.0,0.0625,0.20625,48,412,0.0,0.0,0.0,0.875
val,"k=2, theta=0.09975",moving_average,primary,61976C24-1C50-4355-9C49-AAE44A7D09F6,1717,5,5,10,5,6,5,28.616666666666667,0.17472335468841002,0.0029120559114735,0.34944670937682004,0.20966802562609202,0.17472335468841002,1.0,16,1.0,5.8125,1.0,0.0625,0.33229166666666665,114,412,0.0,0.0,0.0,0.8125,16,1.5,3.9375,1.0,0.1875,0.475,197,412,0.0,0.0,0.0,0.625
val,"k=2, theta=0.09975",moving_average,primary,78A91A4E-4A51-4065-BDA7-94755F0BB3BB,2370,10,10,20,27,13,8,39.5,0.25316455696202533,0.01139240506329114,0.5063291139240507,0.3291139240506329,0.20253164556962025,2.7,16,1.0,3.375,1.0,0.1875,0.34479166666666666,98,412,0.0,0.0,0.0,0.75,16,1.0,7.1875,1.0,0.1875,0.4791666666666667,218,412,0.0,0.0,0.0,0.5
val,"k=2, theta=0.09975",moving_average,primary,7CE37510-56D0-4120-A1CF-0E23351428D2,1923,3,3,6,3,3,3,32.05,0.093603744149766,0.0015600624024961,0.187207488299532,0.093603744149766,0.093603744149766,1.0,16,1.0,5.8125,1.0,0.1875,0.39791666666666664,119,412,0.0,0.0,0.0,0.75,16,2.0,3.875,1.0,0.25,0.44375,151,412,0.0,0.0,0.0,0.625
val,"k=2, theta=0.09975",moving_average,primary,8023FE1A-D3B0-4E2C-A57A-9321B7FC755F,1808,2,2,4,8,1,1,30.133333333333333,0.06637168141592921,0.004424778761061947,0.13274336283185842,0.033185840707964605,0.033185840707964605,4.0,16,1.0,4.375,1.0,0.0,0.23958333333333331,95,412,0.0,0.0,0.0,0.8125,16,1.0,1.5,1.0,0.125,0.25625,41,412,0.0,0.0,0.0,0.75
val,"k=2, theta=0.09975",moving_average,primary,83CF687B-7CEC-434B-9FE8-00C3D5799BE6,1879,1,1,2,1,1,1,31.316666666666666,0.031931878658861094,0.0005321979776476849,0.06386375731772219,0.031931878658861094,0.031931878658861094,1.0,16,1.0,1.5,1.0,0.0,0.18020833333333333,38,412,0.0,0.0,0.0,0.9375,16,1.0,5.9375,1.0,0.1875,0.37916666666666665,127,412,0.0,0.0,0.0,0.75
val,"k=2, theta=0.09975",moving_average,primary,9759096F-1119-4E19-A0AD-6F16989C7E1C,1963,2,2,4,3,2,2,32.71666666666667,0.06113092205807437,0.0015282730514518594,0.12226184411614874,0.06113092205807437,0.06113092205807437,1.5,16,3.0,10.375,2.0,0.375,0.58125,241,412,0.0,0.0,0.0,0.4375,16,2.0,12.625,1.0,0.1875,0.5114583333333333,226,412,0.0,0.0,0.0,0.625
val,"k=2, theta=0.09975",moving_average,primary,9DC38D04-E82E-4F29-AB52-B476535226F2,1902,1,1,2,1,1,1,31.7,0.031545741324921134,0.0005257623554153522,0.06309148264984227,0.031545741324921134,0.031545741324921134,1.0,16,1.0,5.25,1.0,0.1875,0.3416666666666667,111,412,0.0,0.0,0.0,0.75,16,1.0,5.25,1.0,0.125,0.41562499999999997,162,412,0.0,0.0,0.0,0.625
val,"k=2, theta=0.09975",moving_average,primary,A5CDF89D-02A2-4EC1-89F8-F534FDABDD96,1179,1,1,2,10,0,0,19.65,0.050890585241730284,0.008481764206955046,0.10178117048346057,0.0,0.0,10.0,16,1.0,5.4375,1.0,0.0625,0.3,119,412,0.0,0.0,0.0,0.8125,16,4.0,4.875,3.0,0.1875,0.4739583333333333,158,412,0.0,0.0,0.0,0.5
val,"k=2, theta=0.09975",moving_average,primary,A76A5AF5-5A93-4CF2-A16E-62353BB70E8A,1475,0,0,0,0,0,0,24.583333333333332,0.0,0.0,0.0,0.0,0.0,,16,2.5,6.9375,1.5,0.4375,0.565625,156,412,0.0,0.0,0.0,0.5,16,3.0,6.375,3.0,0.375,0.5770833333333334,155,412,0.0,0.0,0.0,0.5
val,"k=2, theta=0.09975",moving_average,primary,B09E373F-8A54-44C8-895B-0039390B859F,1598,3,3,6,5,3,3,26.633333333333333,0.11264080100125157,0.0031289111389236545,0.22528160200250313,0.11264080100125157,0.11264080100125157,1.6666666666666667,16,3.0,8.9375,2.0,0.3125,0.5916666666666667,203,412,0.0,0.0,0.0,0.5625,16,3.5,12.625,2.5,0.3125,0.6385416666666667,261,412,0.0,0.0,0.0,0.3125
val,"k=2, theta=0.09975",moving_average,primary,B9724848-C7E2-45F4-9B3F-A1F38D864495,1487,5,5,10,6,6,5,24.783333333333335,0.20174848688634833,0.004034969737726967,0.40349697377269667,0.242098184263618,0.20174848688634833,1.2,16,1.0,1.875,1.0,0.125,0.29791666666666666,84,412,0.0,0.0,0.0,0.75,16,1.5,4.25,1.0,0.1875,0.421875,134,412,0.0,0.0,0.0,0.75
val,"k=2, theta=0.09975",moving_average,primary,BE3CA5A6-A561-4BBD-B7C9-5DF6805400FC,1632,0,0,0,0,0,0,27.2,0.0,0.0,0.0,0.0,0.0,,16,7.5,14.875,3.0,0.6875,0.74375,267,412,0.0,0.0,0.0,0.3125,16,10.0,18.6875,9.0,0.75,0.8572916666666667,329,412,0.0,0.0,0.0,0.0625
val,"k=2, theta=0.09975",moving_average,primary,C48CE857-A0DD-4DDB-BEA5-3A25449B2153,977,0,0,0,0,0,0,16.283333333333335,0.0,0.0,0.0,0.0,0.0,,16,2.0,7.625,1.0,0.1875,0.49166666666666664,192,412,0.0,0.0,0.0,0.5,16,3.0,8.625,1.5,0.3125,0.48541666666666666,166,412,0.0,0.0,0.0,0.5625
val,"k=2, theta=0.09975",moving_average,primary,CA820D43-E5E2-42EF-9798-BE56F776370B,1540,5,5,10,7,5,5,25.666666666666668,0.1948051948051948,0.004545454545454545,0.3896103896103896,0.1948051948051948,0.1948051948051948,1.4,16,1.5,8.75,1.0,0.3125,0.446875,147,412,0.0,0.0,0.0,0.625,16,2.0,7.0,1.0,0.3125,0.4166666666666667,139,412,0.0,0.0,0.0,0.6875
val,"k=2, theta=0.09975",moving_average,primary,CDA3BBF7-6631-45E8-85BA-EEB416B32A3C,543,1,1,2,2,1,1,9.05,0.11049723756906077,0.003683241252302026,0.22099447513812154,0.11049723756906077,0.11049723756906077,2.0,16,1.0,2.0625,1.0,0.1875,0.32187499999999997,74,412,0.0,0.0,0.0,0.75,16,1.0,3.5,1.0,0.0625,0.2625,84,412,0.0,0.0,0.0,0.8125
val,"k=2, theta=0.09975",moving_average,primary,CF722AA9-2533-4E51-9FEB-9EAC84EE9AAC,694,4,4,8,4,4,4,11.566666666666666,0.345821325648415,0.005763688760806916,0.69164265129683,0.345821325648415,0.345821325648415,1.0,16,9.0,18.5,3.0,0.5,0.7104166666666667,335,412,0.0,0.0,0.0,0.3125,16,8.5,17.0625,6.0,0.625,0.7843749999999999,310,412,0.0,0.0,0.0,0.3125
val,"k=2, theta=0.09975",moving_average,primary,D7D20E2E-FC78-405D-B346-DBD3FD8FC92B,1213,4,4,8,4,5,4,20.216666666666665,0.1978565539983512,0.0032976092333058533,0.3957131079967024,0.247320692497939,0.1978565539983512,1.0,16,1.0,3.25,1.0,0.1875,0.3885416666666667,157,412,0.0,0.0,0.0,0.6875,16,1.0,4.4375,1.0,0.125,0.2520833333333333,106,412,0.0,0.0,0.0,0.75
val,"k=2, theta=0.09975",moving_average,primary,E65577C1-8D5D-4F70-AF23-B3ADB9D3DBA3,659,4,4,8,5,4,4,10.983333333333333,0.3641881638846738,0.007587253414264037,0.7283763277693476,0.3641881638846738,0.3641881638846738,1.25,16,1.0,5.25,1.0,0.1875,0.45,163,412,0.0,0.0,0.0,0.625,16,6.5,15.5625,5.0,0.1875,0.609375,303,412,0.0,0.0,0.0,0.6875
val,"k=2, theta=0.09975",moving_average,primary,ECECC2AB-D32F-4F90-B74C-E12A1C69BBE2,677,1,1,2,4,1,1,11.283333333333333,0.08862629246676514,0.005908419497784343,0.17725258493353027,0.08862629246676514,0.08862629246676514,4.0,16,1.0,3.375,1.0,0.0625,0.240625,68,412,0.0,0.0,0.0,0.9375,16,1.0,6.875,1.0,0.25,0.396875,166,412,0.0,0.0,0.0,0.5625
val,"k=2, theta=0.09975",moving_average,primary,FDAA70A1-42A3-4E3F-9AE3-3FDA412E03BF,966,2,2,4,15,1,1,16.1,0.12422360248447203,0.015527950310559006,0.24844720496894407,0.06211180124223602,0.06211180124223602,7.5,16,1.0,9.625,1.0,0.25,0.434375,195,412,0.0,0.0,0.0,0.5625,16,1.0,4.1875,1.0,0.125,0.2760416666666667,76,412,0.0,0.0,0.125,0.8125
val,"alpha=0.7, theta=0.1091",ewma,primary,00EABED2-271D-49D8-B599-1D4A09240601,428,2,2,4,12,2,1,7.133333333333334,0.2803738317757009,0.028037383177570093,0.5607476635514018,0.2803738317757009,0.14018691588785046,6.0,16,2.0,4.1875,2.0,0.0,0.3625,123,412,0.0,0.0,0.0625,0.875,16,1.0,7.1875,1.0,0.125,0.33229166666666665,139,412,0.0,0.0,0.0,0.75
val,"alpha=0.7, theta=0.1091",ewma,primary,098A72A5-E3E5-4F54-A152-BBDA0DF7B694,1330,1,1,2,1,1,1,22.166666666666668,0.045112781954887216,0.0007518796992481203,0.09022556390977443,0.045112781954887216,0.045112781954887216,1.0,16,1.0,3.6875,1.0,0.25,0.41666666666666663,126,412,0.0,0.0,0.0,0.5625,16,1.0,2.5,1.0,0.0625,0.328125,124,412,0.0,0.0,0.0,0.875
val,"alpha=0.7, theta=0.1091",ewma,primary,0A986513-7828-4D53-AA1F-E02D6DF9561B,763,3,3,6,17,3,2,12.716666666666667,0.23591087811271297,0.022280471821756225,0.47182175622542594,0.23591087811271297,0.15727391874180865,5.666666666666667,16,1.5,4.0625,1.5,0.3125,0.4145833333333333,83,412,0.0,0.0,0.0,0.625,16,2.0,6.1875,1.5,0.125,0.4395833333333333,146,412,0.0,0.0,0.0,0.6875
val,"alpha=0.7, theta=0.1091",ewma,primary,11B5EC4D-4133-4289-B475-4E737182A406,1739,2,2,4,2,3,2,28.983333333333334,0.06900517538815411,0.0011500862564692352,0.13801035077630822,0.10350776308223117,0.06900517538815411,1.0,16,3.0,5.1875,2.0,0.3125,0.43854166666666666,96,412,0.0,0.0,0.0,0.5,16,1.0,3.5625,1.0,0.1875,0.371875,106,412,0.0,0.0,0.0,0.625
val,"alpha=0.7, theta=0.1091",ewma,primary,136562B6-95B2-483D-88DC-065F28409FD2,1215,2,2,4,5,3,2,20.25,0.09876543209876543,0.00411522633744856,0.19753086419753085,0.14814814814814814,0.09876543209876543,2.5,16,2.5,12.9375,2.0,0.4375,0.6541666666666667,245,412,0.0,0.0,0.0,0.4375,16,3.0,10.8125,2.5,0.4375,0.63125,241,412,0.0,0.0,0.0,0.5
val,"alpha=0.7, theta=0.1091",ewma,primary,1538C99F-BA1E-4EFB-A949-6C7C47701B20,1281,1,1,2,1,1,1,21.35,0.046838407494145196,0.00078064012490242,0.09367681498829039,0.046838407494145196,0.046838407494145196,1.0,16,1.0,6.5,1.0,0.125,0.3177083333333333,123,412,0.0,0.0,0.0625,0.8125,16,1.0,1.5625,1.0,0.0625,0.328125,116,412,0.0,0.0,0.0,0.75
val,"alpha=0.7, theta=0.1091",ewma,primary,24E40C4C-A349-4F9F-93AB-01D00FB994AF,925,0,0,0,0,0,0,15.416666666666666,0.0,0.0,0.0,0.0,0.0,,16,2.5,9.0,2.5,0.3125,0.53125,173,412,0.0,0.0,0.0,0.625,16,7.0,11.75,4.5,0.3125,0.7041666666666666,290,412,0.0,0.0,0.0,0.375
val,"alpha=0.7, theta=0.1091",ewma,primary,2C32C23E-E30C-498A-8DD2-0EFB9150A02E,1674,8,8,16,18,13,8,27.9,0.28673835125448033,0.010752688172043012,0.5734767025089607,0.4659498207885305,0.28673835125448033,2.25,16,1.0,2.4375,1.0,0.0625,0.22395833333333334,47,412,0.0,0.0,0.0,0.875,16,3.0,5.25,2.0,0.0625,0.390625,143,412,0.0,0.0,0.0,0.625
val,"alpha=0.7, theta=0.1091",ewma,primary,3600D531-0C55-44A7-AE95-A7A38519464E,1017,3,3,6,4,4,3,16.95,0.17699115044247787,0.003933136676499509,0.35398230088495575,0.2359882005899705,0.17699115044247787,1.3333333333333333,16,3.0,12.5625,1.5,0.3125,0.5499999999999999,236,412,0.0,0.0,0.0,0.625,16,1.0,6.5,1.0,0.25,0.578125,215,412,0.0,0.0,0.0625,0.4375
val,"alpha=0.7, theta=0.1091",ewma,primary,4FC32141-E888-4BFF-8804-12559A491D8C,958,0,0,0,0,0,0,15.966666666666667,0.0,0.0,0.0,0.0,0.0,,16,20.0,25.75,20.0,1.0,1.0,412,412,0.0,0.0,0.0,0.0,16,20.0,25.75,20.0,1.0,1.0,412,412,0.0,0.0,0.0,0.0
val,"alpha=0.7, theta=0.1091",ewma,primary,5119D0F8-FCA8-4184-A4EB-19421A40DE0D,1294,9,9,18,18,14,8,21.566666666666666,0.41731066460587324,0.013910355486862442,0.8346213292117465,0.6491499227202473,0.37094281298299847,2.0,16,2.0,4.0625,2.0,0.0625,0.31979166666666664,91,412,0.0,0.0,0.0625,0.8125,16,1.0,4.1875,1.0,0.125,0.3520833333333333,108,412,0.0,0.0,0.0,0.875
val,"alpha=0.7, theta=0.1091",ewma,primary,5152A2DF-FAF3-4BA8-9CA9-E66B32671A53,1294,7,7,14,10,12,7,21.566666666666666,0.32457496136012365,0.0077279752704791345,0.6491499227202473,0.5564142194744977,0.32457496136012365,1.4285714285714286,16,2.0,9.5,2.0,0.3125,0.46458333333333335,178,412,0.0,0.0,0.0,0.625,16,1.0,3.4375,1.0,0.125,0.28854166666666664,76,412,0.0,0.0,0.0,0.8125
val,"alpha=0.7, theta=0.1091",ewma,primary,5EF64122-B513-46AE-BCF1-E62AAC285D2C,753,1,1,2,1,1,1,12.55,0.0796812749003984,0.0013280212483399733,0.1593625498007968,0.0796812749003984,0.0796812749003984,1.0,16,1.0,2.0625,1.0,0.125,0.2635416666666667,59,412,0.0,0.0,0.0,0.8125,16,1.0,1.625,1.0,0.0625,0.21875,50,412,0.0,0.0,0.0,0.875
val,"alpha=0.7, theta=0.1091",ewma,primary,61976C24-1C50-4355-9C49-AAE44A7D09F6,1717,6,6,12,7,9,6,28.616666666666667,0.20966802562609202,0.004076878276062901,0.41933605125218404,0.31450203843913804,0.20966802562609202,1.1666666666666667,16,1.0,5.8125,1.0,0.0625,0.32916666666666666,110,412,0.0,0.0,0.0,0.8125,16,1.5,5.4375,1.0,0.125,0.4916666666666667,202,412,0.0,0.0,0.0,0.6875
val,"alpha=0.7, theta=0.1091",ewma,primary,78A91A4E-4A51-4065-BDA7-94755F0BB3BB,2370,7,7,14,29,7,4,39.5,0.17721518987341772,0.012236286919831224,0.35443037974683544,0.17721518987341772,0.10126582278481013,4.142857142857143,16,1.5,3.6875,1.0,0.1875,0.3614583333333333,103,412,0.0,0.0,0.0,0.75,16,2.0,6.9375,2.0,0.125,0.46354166666666663,211,412,0.0,0.0,0.0,0.4375
val,"alpha=0.7, theta=0.1091",ewma,primary,7CE37510-56D0-4120-A1CF-0E23351428D2,1923,3,3,6,4,4,3,32.05,0.093603744149766,0.0020800832033281333,0.187207488299532,0.12480499219968799,0.093603744149766,1.3333333333333333,16,1.0,5.875,1.0,0.1875,0.39999999999999997,117,412,0.0,0.0,0.0,0.75,16,2.0,3.75,1.5,0.25,0.4302083333333333,144,412,0.0,0.0,0.0,0.625
val,"alpha=0.7, theta=0.1091",ewma,primary,8023FE1A-D3B0-4E2C-A57A-9321B7FC755F,1808,1,1,2,7,0,0,30.133333333333333,0.033185840707964605,0.0038716814159292035,0.06637168141592921,0.0,0.0,7.0,16,1.0,4.375,1.0,0.0,0.24166666666666664,93,412,0.0,0.0,0.0,0.8125,16,1.0,1.5625,1.0,0.125,0.2552083333333333,43,412,0.0,0.0,0.0,0.75
val,"alpha=0.7, theta=0.1091",ewma,primary,83CF687B-7CEC-434B-9FE8-00C3D5799BE6,1879,3,3,6,3,4,3,31.316666666666666,0.09579563597658329,0.0015965939329430547,0.19159127195316658,0.12772751463544438,0.09579563597658329,1.0,16,1.0,1.5,1.0,0.0,0.18645833333333334,39,412,0.0,0.0,0.0,0.9375,16,1.0,5.875,1.0,0.1875,0.38125,124,412,0.0,0.0,0.0,0.75
val,"alpha=0.7, theta=0.1091",ewma,primary,9759096F-1119-4E19-A0AD-6F16989C7E1C,1963,2,2,4,2,2,2,32.71666666666667,0.06113092205807437,0.0010188487009679063,0.12226184411614874,0.06113092205807437,0.06113092205807437,1.0,16,2.5,9.0625,2.0,0.375,0.5822916666666667,238,412,0.0,0.0,0.0,0.4375,16,2.5,12.8125,2.0,0.25,0.509375,221,412,0.0,0.0,0.0,0.625
val,"alpha=0.7, theta=0.1091",ewma,primary,9DC38D04-E82E-4F29-AB52-B476535226F2,1902,3,3,6,3,3,3,31.7,0.09463722397476342,0.0015772870662460567,0.18927444794952683,0.09463722397476342,0.09463722397476342,1.0,16,1.0,5.1875,1.0,0.1875,0.3333333333333333,108,412,0.0,0.0,0.0,0.8125,16,2.5,6.6875,2.0,0.1875,0.46249999999999997,175,412,0.0,0.0,0.0,0.625
val,"alpha=0.7, theta=0.1091",ewma,primary,A5CDF89D-02A2-4EC1-89F8-F534FDABDD96,1179,1,1,2,10,0,0,19.65,0.050890585241730284,0.008481764206955046,0.10178117048346057,0.0,0.0,10.0,16,1.0,5.4375,1.0,0.0625,0.29270833333333335,114,412,0.0,0.0,0.0,0.8125,16,3.0,5.9375,3.0,0.1875,0.4927083333333333,157,412,0.0,0.0,0.0,0.5625
val,"alpha=0.7, theta=0.1091",ewma,primary,A76A5AF5-5A93-4CF2-A16E-62353BB70E8A,1475,0,0,0,0,0,0,24.583333333333332,0.0,0.0,0.0,0.0,0.0,,16,2.5,7.125,2.0,0.4375,0.5552083333333333,146,412,0.0,0.0,0.0,0.5,16,3.0,6.5625,3.0,0.375,0.575,154,412,0.0,0.0,0.0,0.4375
val,"alpha=0.7, theta=0.1091",ewma,primary,B09E373F-8A54-44C8-895B-0039390B859F,1598,4,4,8,6,5,4,26.633333333333333,0.15018773466833543,0.0037546933667083854,0.30037546933667086,0.18773466833541927,0.15018773466833543,1.5,16,3.0,9.1875,2.5,0.3125,0.5947916666666667,205,412,0.0,0.0,0.0,0.5625,16,3.0,12.6875,3.0,0.3125,0.6416666666666667,256,412,0.0,0.0,0.0,0.375
val,"alpha=0.7, theta=0.1091",ewma,primary,B9724848-C7E2-45F4-9B3F-A1F38D864495,1487,7,7,14,9,10,7,24.783333333333335,0.2824478816408877,0.00605245460659045,0.5648957632817754,0.40349697377269667,0.2824478816408877,1.2857142857142858,16,2.0,2.125,1.5,0.125,0.33541666666666664,81,412,0.0,0.0,0.0,0.8125,16,2.0,4.125,2.0,0.125,0.428125,127,412,0.0,0.0,0.0,0.75
val,"alpha=0.7, theta=0.1091",ewma,primary,BE3CA5A6-A561-4BBD-B7C9-5DF6805400FC,1632,0,0,0,0,0,0,27.2,0.0,0.0,0.0,0.0,0.0,,16,7.5,15.0625,3.5,0.6875,0.76875,267,412,0.0,0.0,0.0,0.3125,16,10.0,19.125,10.0,0.8125,0.8708333333333333,330,412,0.0,0.0,0.0,0.0625
val,"alpha=0.7, theta=0.1091",ewma,primary,C48CE857-A0DD-4DDB-BEA5-3A25449B2153,977,0,0,0,0,0,0,16.283333333333335,0.0,0.0,0.0,0.0,0.0,,16,2.5,7.75,2.5,0.1875,0.5177083333333333,196,412,0.0,0.0,0.0,0.5,16,3.0,8.1875,2.0,0.3125,0.49583333333333335,168,412,0.0,0.0,0.0,0.5625
val,"alpha=0.7, theta=0.1091",ewma,primary,CA820D43-E5E2-42EF-9798-BE56F776370B,1540,4,4,8,4,5,4,25.666666666666668,0.15584415584415584,0.0025974025974025974,0.3116883116883117,0.1948051948051948,0.15584415584415584,1.0,16,2.0,8.75,1.5,0.3125,0.465625,146,412,0.0,0.0,0.0,0.6875,16,2.5,4.4375,1.5,0.25,0.41458333333333336,137,412,0.0,0.0,0.0,0.625
val,"alpha=0.7, theta=0.1091",ewma,primary,CDA3BBF7-6631-45E8-85BA-EEB416B32A3C,543,0,0,0,0,0,0,9.05,0.0,0.0,0.0,0.0,0.0,,16,1.0,2.0625,1.0,0.1875,0.32708333333333334,78,412,0.0,0.0,0.0,0.75,16,1.0,3.5625,1.0,0.0,0.26145833333333335,84,412,0.0,0.0,0.0,0.875
val,"alpha=0.7, theta=0.1091",ewma,primary,CF722AA9-2533-4E51-9FEB-9EAC84EE9AAC,694,3,3,6,4,4,3,11.566666666666666,0.25936599423631124,0.005763688760806916,0.5187319884726225,0.345821325648415,0.25936599423631124,1.3333333333333333,16,6.5,17.25,2.5,0.375,0.68125,328,412,0.0,0.0,0.0,0.375,16,9.5,18.75,5.0,0.625,0.7947916666666667,310,412,0.0,0.0,0.0,0.3125
val,"alpha=0.7, theta=0.1091",ewma,primary,D7D20E2E-FC78-405D-B346-DBD3FD8FC92B,1213,2,2,4,4,2,2,20.216666666666665,0.0989282769991756,0.0032976092333058533,0.1978565539983512,0.0989282769991756,0.0989282769991756,2.0,16,1.0,3.875,1.0,0.25,0.43020833333333336,155,412,0.0,0.0,0.0,0.625,16,1.0,4.4375,1.0,0.0625,0.2739583333333333,108,412,0.0,0.0,0.0,0.8125
val,"alpha=0.7, theta=0.1091",ewma,primary,E65577C1-8D5D-4F70-AF23-B3ADB9D3DBA3,659,4,4,8,5,4,4,10.983333333333333,0.3641881638846738,0.007587253414264037,0.7283763277693476,0.3641881638846738,0.3641881638846738,1.25,16,2.0,5.5625,2.0,0.125,0.48854166666666665,164,412,0.0,0.0,0.0,0.75,16,6.0,13.5,4.5,0.125,0.6479166666666667,303,412,0.0,0.0,0.0,0.625
val,"alpha=0.7, theta=0.1091",ewma,primary,ECECC2AB-D32F-4F90-B74C-E12A1C69BBE2,677,1,1,2,5,1,1,11.283333333333333,0.08862629246676514,0.007385524372230428,0.17725258493353027,0.08862629246676514,0.08862629246676514,5.0,16,1.0,3.8125,1.0,0.0625,0.25104166666666666,72,412,0.0,0.0,0.0,0.9375,16,1.0,6.9375,1.0,0.3125,0.4375,167,412,0.0,0.0,0.0,0.5625
val,"alpha=0.7, theta=0.1091",ewma,primary,FDAA70A1-42A3-4E3F-9AE3-3FDA412E03BF,966,3,3,6,16,3,2,16.1,0.18633540372670807,0.016563146997929608,0.37267080745341613,0.18633540372670807,0.12422360248447203,5.333333333333333,16,1.0,9.5625,1.0,0.25,0.440625,195,412,0.0,0.0,0.0,0.625,16,1.0,4.1875,1.0,0.125,0.28020833333333334,76,412,0.0,0.0,0.125,0.8125
val,"k=3, theta=0.1091",majority_vote,primary,00EABED2-271D-49D8-B599-1D4A09240601,428,1,1,2,14,0,0,7.133333333333334,0.14018691588785046,0.03271028037383177,0.2803738317757009,0.0,0.0,14.0,16,1.0,3.5,1.0,0.0,0.2947916666666667,103,412,1.0,0.0,0.0625,0.875,16,1.0,5.0625,1.0,0.125,0.28229166666666666,131,412,1.0,0.0,0.0,0.8125
val,"k=3, theta=0.1091",majority_vote,primary,098A72A5-E3E5-4F54-A152-BBDA0DF7B694,1330,1,1,2,2,1,1,22.166666666666668,0.045112781954887216,0.0015037593984962407,0.09022556390977443,0.045112781954887216,0.045112781954887216,2.0,16,1.0,3.75,1.0,0.25,0.4083333333333333,116,412,1.0,0.0,0.0,0.6875,16,1.0,1.6875,1.0,0.0625,0.2552083333333333,96,412,1.0,0.0,0.0,0.875
val,"k=3, theta=0.1091",majority_vote,primary,0A986513-7828-4D53-AA1F-E02D6DF9561B,763,3,3,6,21,3,2,12.716666666666667,0.23591087811271297,0.027522935779816515,0.47182175622542594,0.23591087811271297,0.15727391874180865,7.0,16,1.0,3.75,1.0,0.25,0.36041666666666666,71,412,1.0,0.0,0.0,0.6875,16,1.0,5.375,1.0,0.125,0.37395833333333334,121,412,1.0,0.0,0.0,0.75
val,"k=3, theta=0.1091",majority_vote,primary,11B5EC4D-4133-4289-B475-4E737182A406,1739,3,3,6,6,4,3,28.983333333333334,0.10350776308223117,0.0034502587694077054,0.20701552616446234,0.13801035077630822,0.10350776308223117,2.0,16,2.0,3.625,2.0,0.25,0.4197916666666667,89,412,0.0,0.0,0.0,0.5625,16,1.0,3.5625,1.0,0.1875,0.34791666666666665,85,412,1.0,0.0,0.0,0.6875
val,"k=3, theta=0.1091",majority_vote,primary,136562B6-95B2-483D-88DC-065F28409FD2,1215,1,1,2,3,1,1,20.25,0.04938271604938271,0.0024691358024691358,0.09876543209876543,0.04938271604938271,0.04938271604938271,3.0,16,2.5,12.875,2.0,0.4375,0.6354166666666666,241,412,0.0,0.0,0.0,0.4375,16,1.5,8.4375,1.5,0.375,0.5510416666666667,219,412,0.5,0.0,0.0,0.625
val,"k=3, theta=0.1091",majority_vote,primary,1538C99F-BA1E-4EFB-A949-6C7C47701B20,1281,2,2,4,2,2,2,21.35,0.09367681498829039,0.00156128024980484,0.18735362997658078,0.09367681498829039,0.09367681498829039,1.0,16,1.0,4.9375,1.0,0.125,0.303125,110,412,1.0,0.0,0.0625,0.8125,16,1.0,1.1875,1.0,0.0625,0.2989583333333333,98,412,1.0,0.0,0.0625,0.75
val,"k=3, theta=0.1091",majority_vote,primary,24E40C4C-A349-4F9F-93AB-01D00FB994AF,925,0,0,0,0,0,0,15.416666666666666,0.0,0.0,0.0,0.0,0.0,,16,2.0,8.3125,2.0,0.3125,0.49375,157,412,0.5,0.0,0.0,0.6875,16,4.5,9.8125,4.5,0.3125,0.6572916666666667,269,412,0.0,0.0,0.0,0.3125
val,"k=3, theta=0.1091",majority_vote,primary,2C32C23E-E30C-498A-8DD2-0EFB9150A02E,1674,7,7,14,20,9,7,27.9,0.2508960573476703,0.011947431302270013,0.5017921146953406,0.3225806451612903,0.2508960573476703,2.857142857142857,16,1.0,1.8125,1.0,0.0625,0.20625,40,412,1.0,0.0,0.0,0.9375,16,1.0,4.75,1.0,0.0,0.28854166666666664,120,412,1.0,0.0,0.0,0.6875
val,"k=3, theta=0.1091",majority_vote,primary,3600D531-0C55-44A7-AE95-A7A38519464E,1017,2,2,4,4,2,2,16.95,0.11799410029498525,0.003933136676499509,0.2359882005899705,0.11799410029498525,0.11799410029498525,2.0,16,1.0,11.8125,1.0,0.3125,0.503125,220,412,0.5,0.0,0.0,0.625,16,1.0,6.1875,1.0,0.25,0.540625,197,412,0.0,0.0,0.0625,0.5
val,"k=3, theta=0.1091",majority_vote,primary,4FC32141-E888-4BFF-8804-12559A491D8C,958,0,0,0,0,0,0,15.966666666666667,0.0,0.0,0.0,0.0,0.0,,16,20.0,25.75,20.0,1.0,1.0,412,412,0.0,0.0,0.0,0.0,16,20.0,25.75,20.0,1.0,1.0,412,412,0.0,0.0,0.0,0.0
val,"k=3, theta=0.1091",majority_vote,primary,5119D0F8-FCA8-4184-A4EB-19421A40DE0D,1294,5,5,10,25,6,4,21.566666666666666,0.23183925811437403,0.019319938176197836,0.46367851622874806,0.2782071097372488,0.18547140649149924,5.0,16,1.0,4.0625,1.0,0.0625,0.27291666666666664,82,412,1.0,0.0,0.0625,0.875,16,1.0,3.9375,1.0,0.125,0.30833333333333335,96,412,1.0,0.0,0.0,0.875
val,"k=3, theta=0.1091",majority_vote,primary,5152A2DF-FAF3-4BA8-9CA9-E66B32671A53,1294,3,3,6,8,3,3,21.566666666666666,0.1391035548686244,0.0061823802163833074,0.2782071097372488,0.1391035548686244,0.1391035548686244,2.6666666666666665,16,1.5,9.375,1.0,0.3125,0.4322916666666667,165,412,1.0,0.0,0.0,0.625,16,1.0,3.4375,1.0,0.125,0.2864583333333333,75,412,1.0,0.0,0.0,0.8125
val,"k=3, theta=0.1091",majority_vote,primary,5EF64122-B513-46AE-BCF1-E62AAC285D2C,753,1,1,2,3,1,1,12.55,0.0796812749003984,0.00398406374501992,0.1593625498007968,0.0796812749003984,0.0796812749003984,3.0,16,1.0,1.3125,1.0,0.125,0.24166666666666667,48,412,1.0,0.0,0.0,0.875,16,1.0,1.625,1.0,0.0625,0.2,42,412,1.0,0.0,0.0,0.875
val,"k=3, theta=0.1091",majority_vote,primary,61976C24-1C50-4355-9C49-AAE44A7D09F6,1717,4,4,8,11,3,3,28.616666666666667,0.13977868375072802,0.0064065230052417,0.27955736750145604,0.10483401281304601,0.10483401281304601,2.75,16,1.0,4.875,1.0,0.0625,0.2895833333333333,97,412,1.0,0.0,0.0,0.875,16,1.0,6.4375,1.0,0.0625,0.4,175,412,0.5,0.0,0.0,0.8125
val,"k=3, theta=0.1091",majority_vote,primary,78A91A4E-4A51-4065-BDA7-94755F0BB3BB,2370,10,10,20,30,10,8,39.5,0.25316455696202533,0.012658227848101266,0.5063291139240507,0.25316455696202533,0.20253164556962025,3.0,16,1.0,2.0625,1.0,0.125,0.29583333333333334,77,412,1.0,0.0,0.0,0.8125,16,1.0,6.0625,1.0,0.125,0.421875,190,412,0.0,0.0,0.0,0.5625
val,"k=3, theta=0.1091",majority_vote,primary,7CE37510-56D0-4120-A1CF-0E23351428D2,1923,5,5,10,7,6,5,32.05,0.15600624024961,0.003640145605824233,0.31201248049922,0.187207488299532,0.15600624024961,1.4,16,1.0,4.5,1.0,0.1875,0.371875,107,412,1.0,0.0,0.0,0.6875,16,1.0,3.25,1.0,0.1875,0.38958333333333334,116,412,1.0,0.0,0.0,0.6875
val,"k=3, theta=0.1091",majority_vote,primary,8023FE1A-D3B0-4E2C-A57A-9321B7FC755F,1808,2,2,4,10,1,1,30.133333333333333,0.06637168141592921,0.0055309734513274336,0.13274336283185842,0.033185840707964605,0.033185840707964605,5.0,16,1.0,1.125,1.0,0.0,0.20833333333333331,78,412,1.0,0.0,0.0,0.875,16,1.0,1.25,1.0,0.0625,0.21458333333333335,32,412,1.0,0.0,0.0,0.8125
val,"k=3, theta=0.1091",majority_vote,primary,83CF687B-7CEC-434B-9FE8-00C3D5799BE6,1879,4,4,8,5,5,4,31.316666666666666,0.12772751463544438,0.0026609898882384245,0.25545502927088876,0.15965939329430548,0.12772751463544438,1.25,16,1.0,1.0625,1.0,0.0,0.16041666666666665,34,412,1.0,0.0,0.0,0.9375,16,1.0,5.1875,1.0,0.1875,0.35,112,412,1.0,0.0,0.0,0.75
val,"k=3, theta=0.1091",majority_vote,primary,9759096F-1119-4E19-A0AD-6F16989C7E1C,1963,1,1,2,2,1,1,32.71666666666667,0.030565461029037184,0.0010188487009679063,0.06113092205807437,0.030565461029037184,0.030565461029037184,2.0,16,2.0,8.9375,2.0,0.375,0.540625,217,412,0.0,0.0,0.0,0.4375,16,1.0,7.875,1.0,0.125,0.4739583333333333,202,412,1.0,0.0,0.0,0.625
val,"k=3, theta=0.1091",majority_vote,primary,9DC38D04-E82E-4F29-AB52-B476535226F2,1902,2,2,4,3,2,2,31.7,0.06309148264984227,0.0015772870662460567,0.12618296529968454,0.06309148264984227,0.06309148264984227,1.5,16,1.0,5.1875,1.0,0.1875,0.328125,103,412,1.0,0.0,0.0,0.8125,16,1.0,5.3125,1.0,0.125,0.38541666666666663,145,412,1.0,0.0,0.0,0.75
val,"k=3, theta=0.1091",majority_vote,primary,A5CDF89D-02A2-4EC1-89F8-F534FDABDD96,1179,3,3,6,13,3,2,19.65,0.15267175572519084,0.01102629346904156,0.3053435114503817,0.15267175572519084,0.10178117048346057,4.333333333333333,16,1.0,4.8125,1.0,0.0625,0.26979166666666665,105,412,1.0,0.0,0.0,0.8125,16,3.5,4.375,3.0,0.125,0.4239583333333333,130,412,0.5,0.0,0.0,0.6875
val,"k=3, theta=0.1091",majority_vote,primary,A76A5AF5-5A93-4CF2-A16E-62353BB70E8A,1475,2,2,4,2,3,2,24.583333333333332,0.08135593220338984,0.0013559322033898306,0.16271186440677968,0.12203389830508475,0.08135593220338984,1.0,16,2.5,6.9375,2.5,0.4375,0.546875,140,412,0.5,0.0,0.0,0.5,16,3.0,6.4375,3.0,0.375,0.55625,145,412,0.0,0.0,0.0,0.5
val,"k=3, theta=0.1091",majority_vote,primary,B09E373F-8A54-44C8-895B-0039390B859F,1598,1,1,2,4,1,1,26.633333333333333,0.03754693366708386,0.0025031289111389237,0.07509386733416772,0.03754693366708386,0.03754693366708386,4.0,16,3.0,8.875,2.5,0.3125,0.5604166666666667,192,412,1.0,0.0,0.0,0.625,16,3.0,8.5625,2.0,0.1875,0.5479166666666667,227,412,0.0,0.0,0.0,0.4375
val,"k=3, theta=0.1091",majority_vote,primary,B9724848-C7E2-45F4-9B3F-A1F38D864495,1487,5,5,10,13,5,4,24.783333333333335,0.20174848688634833,0.008742434431741762,0.40349697377269667,0.20174848688634833,0.16139878950907868,2.6,16,1.0,1.25,1.0,0.0,0.20625,61,412,1.0,0.0,0.0,0.9375,16,1.0,3.4375,1.0,0.125,0.3645833333333333,101,412,1.0,0.0,0.0,0.75
val,"k=3, theta=0.1091",majority_vote,primary,BE3CA5A6-A561-4BBD-B7C9-5DF6805400FC,1632,0,0,0,0,0,0,27.2,0.0,0.0,0.0,0.0,0.0,,16,6.5,14.625,3.0,0.6875,0.715625,249,412,0.0,0.0,0.0,0.3125,16,10.0,18.375,9.0,0.6875,0.8395833333333333,318,412,0.0,0.0,0.0,0.25
val,"k=3, theta=0.1091",majority_vote,primary,C48CE857-A0DD-4DDB-BEA5-3A25449B2153,977,0,0,0,0,0,0,16.283333333333335,0.0,0.0,0.0,0.0,0.0,,16,1.5,3.75,1.0,0.125,0.42812500000000003,152,412,0.5,0.0,0.0,0.625,16,2.0,3.0625,1.5,0.125,0.38645833333333335,123,412,1.0,0.0,0.0,0.8125
val,"k=3, theta=0.1091",majority_vote,primary,CA820D43-E5E2-42EF-9798-BE56F776370B,1540,5,5,10,11,5,5,25.666666666666668,0.1948051948051948,0.007142857142857143,0.3896103896103896,0.1948051948051948,0.1948051948051948,2.2,16,1.0,7.6875,1.0,0.1875,0.41666666666666663,139,412,1.0,0.0,0.0,0.6875,16,1.0,3.125,1.0,0.1875,0.375,121,412,1.0,0.0,0.0,0.75
val,"k=3, theta=0.1091",majority_vote,primary,CDA3BBF7-6631-45E8-85BA-EEB416B32A3C,543,1,1,2,2,1,1,9.05,0.11049723756906077,0.003683241252302026,0.22099447513812154,0.11049723756906077,0.11049723756906077,2.0,16,1.0,2.0,1.0,0.1875,0.29166666666666663,50,412,1.0,0.0,0.0,0.75,16,1.0,2.0625,1.0,0.0,0.196875,64,412,1.0,0.0,0.0,0.875
val,"k=3, theta=0.1091",majority_vote,primary,CF722AA9-2533-4E51-9FEB-9EAC84EE9AAC,694,3,3,6,6,3,3,11.566666666666666,0.25936599423631124,0.008645533141210375,0.5187319884726225,0.25936599423631124,0.25936599423631124,2.0,16,2.5,15.5625,2.5,0.3125,0.6583333333333333,324,412,0.0,0.0,0.0,0.5,16,8.0,15.8125,6.0,0.5,0.728125,296,412,0.0,0.0,0.0,0.3125
val,"k=3, theta=0.1091",majority_vote,primary,D7D20E2E-FC78-405D-B346-DBD3FD8FC92B,1213,3,3,6,7,3,3,20.216666666666665,0.14839241549876342,0.005770816158285243,0.29678483099752684,0.14839241549876342,0.14839241549876342,2.3333333333333335,16,1.0,2.875,1.0,0.125,0.34375,131,412,1.0,0.0,0.0,0.6875,16,1.0,4.0625,1.0,0.0625,0.228125,94,412,1.0,0.0,0.0,0.9375
val,"k=3, theta=0.1091",majority_vote,primary,E65577C1-8D5D-4F70-AF23-B3ADB9D3DBA3,659,5,5,10,12,5,5,10.983333333333333,0.45523520485584223,0.018209408194233688,0.9104704097116845,0.45523520485584223,0.45523520485584223,2.4,16,1.0,5.3125,1.0,0.125,0.421875,144,412,1.0,0.0,0.0,0.75,16,6.5,15.0,4.0,0.125,0.58125,288,412,1.0,0.0,0.0,0.75
val,"k=3, theta=0.1091",majority_vote,primary,ECECC2AB-D32F-4F90-B74C-E12A1C69BBE2,677,1,1,2,6,0,0,11.283333333333333,0.08862629246676514,0.008862629246676515,0.17725258493353027,0.0,0.0,6.0,16,1.0,3.25,1.0,0.0625,0.228125,61,412,1.0,0.0,0.0,0.9375,16,1.0,1.25,1.0,0.0625,0.359375,157,412,0.5,0.0,0.0,0.75
val,"k=3, theta=0.1091",majority_vote,primary,FDAA70A1-42A3-4E3F-9AE3-3FDA412E03BF,966,2,2,4,14,1,1,16.1,0.12422360248447203,0.014492753623188406,0.24844720496894407,0.06211180124223602,0.06211180124223602,7.0,16,1.0,7.875,1.0,0.125,0.39791666666666664,181,412,1.0,0.0,0.0,0.625,16,1.0,3.6875,1.0,0.125,0.26666666666666666,71,412,1.0,0.0,0.0625,0.8125
val,"T=2, theta=0.1545",debounce,primary,00EABED2-271D-49D8-B599-1D4A09240601,428,1,1,2,15,0,0,7.133333333333334,0.14018691588785046,0.035046728971962614,0.2803738317757009,0.0,0.0,15.0,16,1.0,3.375,1.0,0.0,0.24583333333333335,89,412,1.0,0.0,0.0625,0.9375,16,1.0,5.0625,1.0,0.125,0.2677083333333333,117,412,1.0,0.0,0.0,0.875
val,"T=2, theta=0.1545",debounce,primary,098A72A5-E3E5-4F54-A152-BBDA0DF7B694,1330,1,1,2,2,1,1,22.166666666666668,0.045112781954887216,0.0015037593984962407,0.09022556390977443,0.045112781954887216,0.045112781954887216,2.0,16,1.0,3.875,1.0,0.25,0.403125,113,412,1.0,0.0,0.0,0.6875,16,1.0,1.25,1.0,0.0,0.21145833333333333,84,412,1.0,0.0,0.0,0.9375
val,"T=2, theta=0.1545",debounce,primary,0A986513-7828-4D53-AA1F-E02D6DF9561B,763,3,3,6,24,2,2,12.716666666666667,0.23591087811271297,0.03145478374836173,0.47182175622542594,0.15727391874180865,0.15727391874180865,8.0,16,1.0,3.8125,1.0,0.3125,0.37083333333333335,64,412,1.0,0.0,0.0625,0.625,16,1.0,5.0625,1.0,0.125,0.34270833333333334,96,412,1.0,0.0,0.0,0.75
val,"T=2, theta=0.1545",debounce,primary,11B5EC4D-4133-4289-B475-4E737182A406,1739,6,6,12,14,7,6,28.983333333333334,0.20701552616446234,0.008050603795284647,0.4140310523289247,0.24151811385853938,0.20701552616446234,2.3333333333333335,16,1.5,2.375,1.5,0.1875,0.3552083333333333,63,412,1.0,0.0,0.0,0.75,16,1.0,3.5,1.0,0.1875,0.33125,74,412,1.0,0.0,0.0,0.6875
val,"T=2, theta=0.1545",debounce,primary,136562B6-95B2-483D-88DC-065F28409FD2,1215,3,3,6,21,2,2,20.25,0.14814814814814814,0.01728395061728395,0.2962962962962963,0.09876543209876543,0.09876543209876543,7.0,16,2.0,8.875,1.5,0.25,0.5552083333333333,209,412,0.5,0.0,0.0,0.5,16,1.0,6.625,1.0,0.25,0.5020833333333333,197,412,1.0,0.0,0.0,0.6875
val,"T=2, theta=0.1545",debounce,primary,1538C99F-BA1E-4EFB-A949-6C7C47701B20,1281,1,1,2,4,1,1,21.35,0.046838407494145196,0.00312256049960968,0.09367681498829039,0.046838407494145196,0.046838407494145196,4.0,16,1.0,4.9375,1.0,0.125,0.2833333333333333,95,412,1.0,0.0,0.0,0.875,16,1.0,1.1875,1.0,0.0625,0.28854166666666664,90,412,1.0,0.0,0.0625,0.75
val,"T=2, theta=0.1545",debounce,primary,24E40C4C-A349-4F9F-93AB-01D00FB994AF,925,1,1,2,2,1,1,15.416666666666666,0.06486486486486487,0.002162162162162162,0.12972972972972974,0.06486486486486487,0.06486486486486487,2.0,16,2.0,5.75,2.0,0.25,0.41354166666666664,118,412,1.0,0.0,0.0,0.75,16,4.5,8.375,4.0,0.25,0.6010416666666667,224,412,0.0,0.0,0.0,0.5625
val,"T=2, theta=0.1545",debounce,primary,2C32C23E-E30C-498A-8DD2-0EFB9150A02E,1674,5,5,10,32,5,3,27.9,0.17921146953405018,0.019115890083632018,0.35842293906810035,0.17921146953405018,0.10752688172043011,6.4,16,1.0,1.875,1.0,0.0625,0.19479166666666667,34,412,1.0,0.0,0.0,0.9375,16,1.0,4.25,1.0,0.0,0.2583333333333333,99,412,1.0,0.0,0.0,0.8125
val,"T=2, theta=0.1545",debounce,primary,3600D531-0C55-44A7-AE95-A7A38519464E,1017,1,1,2,5,1,1,16.95,0.058997050147492625,0.004916420845624385,0.11799410029498525,0.058997050147492625,0.058997050147492625,5.0,16,1.0,11.5,1.0,0.3125,0.4708333333333333,204,412,1.0,0.0,0.0,0.625,16,1.0,3.125,1.0,0.1875,0.5010416666666666,178,412,1.0,0.0,0.0,0.5625
val,"T=2, theta=0.1545",debounce,primary,4FC32141-E888-4BFF-8804-12559A491D8C,958,0,0,0,0,0,0,15.966666666666667,0.0,0.0,0.0,0.0,0.0,,16,10.0,17.8125,10.0,0.75,0.8677083333333333,351,412,0.0,0.0,0.0,0.125,16,6.5,15.125,6.5,0.5,0.6645833333333333,302,412,0.0,0.0,0.0,0.375
val,"T=2, theta=0.1545",debounce,primary,5119D0F8-FCA8-4184-A4EB-19421A40DE0D,1294,6,6,12,33,7,4,21.566666666666666,0.2782071097372488,0.025502318392581144,0.5564142194744977,0.32457496136012365,0.18547140649149924,5.5,16,1.0,4.0625,1.0,0.0625,0.2708333333333333,78,412,1.0,0.0,0.0625,0.875,16,1.0,3.8125,1.0,0.0625,0.2916666666666667,90,412,1.0,0.0,0.0,0.9375
val,"T=2, theta=0.1545",debounce,primary,5152A2DF-FAF3-4BA8-9CA9-E66B32671A53,1294,4,4,8,16,5,3,21.566666666666666,0.18547140649149924,0.012364760432766615,0.37094281298299847,0.23183925811437403,0.1391035548686244,4.0,16,2.0,9.4375,1.0,0.3125,0.421875,159,412,1.0,0.0,0.0,0.625,16,1.0,3.375,1.0,0.125,0.2708333333333333,70,412,1.0,0.0,0.0,0.875
val,"T=2, theta=0.1545",debounce,primary,5EF64122-B513-46AE-BCF1-E62AAC285D2C,753,1,1,2,3,1,1,12.55,0.0796812749003984,0.00398406374501992,0.1593625498007968,0.0796812749003984,0.0796812749003984,3.0,16,1.0,1.375,1.0,0.125,0.23229166666666667,41,412,1.0,0.0,0.0,0.875,16,1.0,1.0,1.0,0.0,0.16354166666666667,32,412,1.0,0.0,0.0,0.875
val,"T=2, theta=0.1545",debounce,primary,61976C24-1C50-4355-9C49-AAE44A7D09F6,1717,4,4,8,23,4,2,28.616666666666667,0.13977868375072802,0.013395457192778102,0.27955736750145604,0.13977868375072802,0.06988934187536401,5.75,16,1.0,3.75,1.0,0.0625,0.2791666666666667,89,412,1.0,0.0,0.0,0.875,16,1.0,3.375,1.0,0.125,0.371875,150,412,1.0,0.0,0.0,0.75
val,"T=2, theta=0.1545",debounce,primary,78A91A4E-4A51-4065-BDA7-94755F0BB3BB,2370,7,7,14,41,6,4,39.5,0.17721518987341772,0.01729957805907173,0.35443037974683544,0.1518987341772152,0.10126582278481013,5.857142857142857,16,1.0,1.9375,1.0,0.125,0.2791666666666667,63,412,1.0,0.0,0.0,0.875,16,1.0,5.5,1.0,0.125,0.384375,160,412,1.0,0.0,0.0,0.5625
val,"T=2, theta=0.1545",debounce,primary,7CE37510-56D0-4120-A1CF-0E23351428D2,1923,4,4,8,10,5,4,32.05,0.12480499219968799,0.005200208008320333,0.24960998439937598,0.15600624024961,0.12480499219968799,2.5,16,1.0,5.125,1.0,0.125,0.2791666666666667,92,412,1.0,0.0,0.0625,0.875,16,1.0,3.3125,1.0,0.1875,0.3729166666666667,104,412,1.0,0.0,0.0,0.6875
val,"T=2, theta=0.1545",debounce,primary,8023FE1A-D3B0-4E2C-A57A-9321B7FC755F,1808,2,2,4,10,1,1,30.133333333333333,0.06637168141592921,0.0055309734513274336,0.13274336283185842,0.033185840707964605,0.033185840707964605,5.0,16,1.0,1.125,1.0,0.0,0.17395833333333333,53,412,1.0,0.0,0.0,0.9375,16,1.0,1.25,1.0,0.125,0.225,28,412,1.0,0.0,0.0,0.75
val,"T=2, theta=0.1545",debounce,primary,83CF687B-7CEC-434B-9FE8-00C3D5799BE6,1879,3,3,6,11,2,2,31.316666666666666,0.09579563597658329,0.005854177754124534,0.19159127195316658,0.06386375731772219,0.06386375731772219,3.6666666666666665,16,1.0,1.0,1.0,0.0,0.15208333333333332,31,412,1.0,0.0,0.0,0.9375,16,1.0,5.125,1.0,0.1875,0.3208333333333333,93,412,1.0,0.0,0.0625,0.75
val,"T=2, theta=0.1545",debounce,primary,9759096F-1119-4E19-A0AD-6F16989C7E1C,1963,3,3,6,7,4,3,32.71666666666667,0.09169638308711156,0.003565970453387672,0.18339276617422312,0.12226184411614874,0.09169638308711156,2.3333333333333335,16,1.0,7.5,1.0,0.1875,0.45,184,412,0.0,0.0,0.0,0.5625,16,1.0,6.9375,1.0,0.0625,0.38958333333333334,174,412,1.0,0.0,0.0,0.8125
val,"T=2, theta=0.1545",debounce,primary,9DC38D04-E82E-4F29-AB52-B476535226F2,1902,3,3,6,6,3,3,31.7,0.09463722397476342,0.0031545741324921135,0.18927444794952683,0.09463722397476342,0.09463722397476342,2.0,16,1.0,3.8125,1.0,0.1875,0.3177083333333333,94,412,1.0,0.0,0.0,0.8125,16,1.0,5.25,1.0,0.125,0.3645833333333333,130,412,1.0,0.0,0.0,0.75
val,"T=2, theta=0.1545",debounce,primary,A5CDF89D-02A2-4EC1-89F8-F534FDABDD96,1179,6,6,12,25,5,5,19.65,0.3053435114503817,0.021204410517387615,0.6106870229007634,0.2544529262086514,0.2544529262086514,4.166666666666667,16,1.0,4.8125,1.0,0.0625,0.25104166666666666,96,412,1.0,0.0,0.0,0.875,16,3.5,4.25,3.0,0.125,0.37083333333333335,105,412,1.0,0.0,0.0,0.75
val,"T=2, theta=0.1545",debounce,primary,A76A5AF5-5A93-4CF2-A16E-62353BB70E8A,1475,0,0,0,0,0,0,24.583333333333332,0.0,0.0,0.0,0.0,0.0,,16,1.0,6.3125,1.0,0.375,0.434375,107,412,1.0,0.0,0.0,0.5625,16,3.0,6.375,3.0,0.375,0.5447916666666667,137,412,0.5,0.0,0.0,0.5
val,"T=2, theta=0.1545",debounce,primary,B09E373F-8A54-44C8-895B-0039390B859F,1598,3,3,6,18,2,1,26.633333333333333,0.11264080100125157,0.011264080100125156,0.22528160200250313,0.07509386733416772,0.03754693366708386,6.0,16,2.0,8.625,2.0,0.3125,0.5437500000000001,187,412,1.0,0.0,0.0,0.625,16,3.0,8.375,2.5,0.1875,0.49583333333333335,198,412,0.0,0.0,0.0,0.5
val,"T=2, theta=0.1545",debounce,primary,B9724848-C7E2-45F4-9B3F-A1F38D864495,1487,5,5,10,16,4,4,24.783333333333335,0.20174848688634833,0.010759919300605245,0.40349697377269667,0.16139878950907868,0.16139878950907868,3.2,16,1.0,1.25,1.0,0.0,0.18645833333333334,48,412,1.0,0.0,0.0,0.9375,16,1.0,3.125,1.0,0.125,0.32395833333333335,87,412,1.0,0.0,0.0,0.75
val,"T=2, theta=0.1545",debounce,primary,BE3CA5A6-A561-4BBD-B7C9-5DF6805400FC,1632,0,0,0,0,0,0,27.2,0.0,0.0,0.0,0.0,0.0,,16,3.0,12.75,3.0,0.5625,0.6833333333333333,231,412,0.0,0.0,0.0,0.375,16,9.0,16.4375,9.0,0.625,0.803125,294,412,0.0,0.0,0.0,0.25
val,"T=2, theta=0.1545",debounce,primary,C48CE857-A0DD-4DDB-BEA5-3A25449B2153,977,1,1,2,2,1,1,16.283333333333335,0.06141248720573183,0.0020470829068577278,0.12282497441146366,0.06141248720573183,0.06141248720573183,2.0,16,1.0,3.4375,1.0,0.125,0.396875,140,412,0.5,0.0,0.0,0.6875,16,2.5,3.0625,1.5,0.1875,0.3989583333333333,119,412,1.0,0.0,0.0,0.75
val,"T=2, theta=0.1545",debounce,primary,CA820D43-E5E2-42EF-9798-BE56F776370B,1540,5,5,10,13,5,5,25.666666666666668,0.1948051948051948,0.008441558441558441,0.3896103896103896,0.1948051948051948,0.1948051948051948,2.6,16,1.0,6.8125,1.0,0.1875,0.36041666666666666,117,412,1.0,0.0,0.0,0.6875,16,1.0,3.1875,1.0,0.1875,0.35833333333333334,111,412,1.0,0.0,0.0,0.75
val,"T=2, theta=0.1545",debounce,primary,CDA3BBF7-6631-45E8-85BA-EEB416B32A3C,543,1,1,2,2,1,1,9.05,0.11049723756906077,0.003683241252302026,0.22099447513812154,0.11049723756906077,0.11049723756906077,2.0,16,1.0,2.0625,1.0,0.1875,0.28229166666666666,45,412,1.0,0.0,0.0,0.75,16,1.0,2.0625,1.0,0.0,0.178125,57,412,1.0,0.0,0.0,0.9375
val,"T=2, theta=0.1545",debounce,primary,CF722AA9-2533-4E51-9FEB-9EAC84EE9AAC,694,5,5,10,31,5,3,11.566666666666666,0.43227665706051877,0.0446685878962536,0.8645533141210375,0.43227665706051877,0.25936599423631124,6.2,16,2.5,14.375,2.5,0.3125,0.5666666666666667,290,412,0.0,0.0,0.0625,0.5,16,6.0,11.875,3.0,0.375,0.64375,258,412,0.0,0.0,0.125,0.4375
val,"T=2, theta=0.1545",debounce,primary,D7D20E2E-FC78-405D-B346-DBD3FD8FC92B,1213,4,4,8,26,3,2,20.216666666666665,0.1978565539983512,0.021434460016488046,0.3957131079967024,0.14839241549876342,0.0989282769991756,6.5,16,1.0,1.0625,1.0,0.0,0.21041666666666667,89,412,1.0,0.0,0.0,0.9375,16,1.0,3.5,1.0,0.0625,0.20416666666666666,76,412,1.0,0.0,0.0,0.9375
val,"T=2, theta=0.1545",debounce,primary,E65577C1-8D5D-4F70-AF23-B3ADB9D3DBA3,659,5,5,10,12,5,5,10.983333333333333,0.45523520485584223,0.018209408194233688,0.9104704097116845,0.45523520485584223,0.45523520485584223,2.4,16,1.0,3.875,1.0,0.125,0.38229166666666664,125,412,1.0,0.0,0.0,0.8125,16,2.0,5.6875,2.0,0.0,0.44687499999999997,233,412,1.0,0.0,0.0,0.8125
val,"T=2, theta=0.1545",debounce,primary,ECECC2AB-D32F-4F90-B74C-E12A1C69BBE2,677,1,1,2,8,0,0,11.283333333333333,0.08862629246676514,0.011816838995568686,0.17725258493353027,0.0,0.0,8.0,16,1.0,3.375,1.0,0.0625,0.228125,56,412,1.0,0.0,0.0,0.9375,16,1.0,1.25,1.0,0.0625,0.359375,157,412,1.0,0.0,0.0,0.75
val,"T=2, theta=0.1545",debounce,primary,FDAA70A1-42A3-4E3F-9AE3-3FDA412E03BF,966,2,2,4,19,1,1,16.1,0.12422360248447203,0.019668737060041408,0.24844720496894407,0.06211180124223602,0.06211180124223602,9.5,16,1.0,9.0,1.0,0.125,0.40208333333333335,185,412,1.0,0.0,0.0,0.625,16,1.0,3.625,1.0,0.125,0.23020833333333332,62,412,1.0,0.0,0.125,0.8125
val,"m=0.3, theta=0.1978",margin,primary,00EABED2-271D-49D8-B599-1D4A09240601,428,1,1,2,14,0,0,7.133333333333334,0.14018691588785046,0.03271028037383177,0.2803738317757009,0.0,0.0,14.0,16,0.0,2.6875,0.0,0.0625,0.2,84,412,0.0,0.0,0.0625,0.9375,16,0.0,4.25,0.0,0.125,0.18333333333333335,93,412,0.0,0.0,0.0,0.8125
val,"m=0.3, theta=0.1978",margin,primary,098A72A5-E3E5-4F54-A152-BBDA0DF7B694,1330,0,0,0,0,0,0,22.166666666666668,0.0,0.0,0.0,0.0,0.0,,16,0.0,2.875,0.0,0.25,0.33229166666666665,102,412,0.0,0.0,0.0,0.625,16,0.0,0.875,0.0,0.0,0.11249999999999999,80,412,0.0,0.0,0.0,1.0
val,"m=0.3, theta=0.1978",margin,primary,0A986513-7828-4D53-AA1F-E02D6DF9561B,763,4,4,8,20,4,3,12.716666666666667,0.3145478374836173,0.02621231979030144,0.6290956749672346,0.3145478374836173,0.23591087811271297,5.0,16,1.5,3.875,1.0,0.25,0.4125,66,412,0.0,0.0,0.0,0.6875,16,1.0,5.3125,0.5,0.1875,0.32708333333333334,102,412,0.0,0.0,0.0,0.8125
val,"m=0.3, theta=0.1978",margin,primary,11B5EC4D-4133-4289-B475-4E737182A406,1739,5,5,10,9,7,5,28.983333333333334,0.17251293847038526,0.005175388154111558,0.3450258769407705,0.24151811385853938,0.17251293847038526,1.8,16,1.5,1.8125,0.5,0.1875,0.3645833333333333,71,412,0.0,0.0,0.0,0.6875,16,0.0,2.6875,0.0,0.1875,0.2708333333333333,78,412,0.0,0.0,0.0,0.6875
val,"m=0.3, theta=0.1978",margin,primary,136562B6-95B2-483D-88DC-065F28409FD2,1215,0,0,0,0,0,0,20.25,0.0,0.0,0.0,0.0,0.0,,16,1.0,10.75,1.0,0.375,0.54375,220,412,0.0,0.0,0.0,0.5,16,1.5,7.6875,1.5,0.3125,0.471875,195,412,0.0,0.0,0.0,0.5625
val,"m=0.3, theta=0.1978",margin,primary,1538C99F-BA1E-4EFB-A949-6C7C47701B20,1281,3,3,6,3,3,3,21.35,0.1405152224824356,0.00234192037470726,0.2810304449648712,0.1405152224824356,0.1405152224824356,1.0,16,0.0,4.375,0.0,0.125,0.196875,94,412,0.0,0.0,0.0625,0.875,16,0.0,0.4375,0.0,0.0625,0.18645833333333334,70,412,0.0,0.0,0.0,0.8125
val,"m=0.3, theta=0.1978",margin,primary,24E40C4C-A349-4F9F-93AB-01D00FB994AF,925,0,0,0,0,0,0,15.416666666666666,0.0,0.0,0.0,0.0,0.0,,16,2.5,9.25,2.5,0.25,0.4510416666666667,148,412,0.0,0.0,0.0,0.75,16,4.5,11.25,4.5,0.4375,0.5989583333333334,261,412,0.0,0.0,0.0,0.375
val,"m=0.3, theta=0.1978",margin,primary,2C32C23E-E30C-498A-8DD2-0EFB9150A02E,1674,5,5,10,30,3,3,27.9,0.17921146953405018,0.017921146953405017,0.35842293906810035,0.10752688172043011,0.10752688172043011,6.0,16,0.0,0.9375,0.0,0.0625,0.09583333333333334,20,412,0.0,0.0,0.0,0.875,16,0.0,3.6875,0.0,0.0,0.16979166666666667,97,412,0.0,0.0,0.0,0.8125
val,"m=0.3, theta=0.1978",margin,primary,3600D531-0C55-44A7-AE95-A7A38519464E,1017,3,3,6,3,3,3,16.95,0.17699115044247787,0.0029498525073746312,0.35398230088495575,0.17699115044247787,0.17699115044247787,1.0,16,1.0,7.625,0.5,0.3125,0.4375,205,412,0.0,0.0,0.0,0.5625,16,0.0,5.25,0.0,0.25,0.434375,180,412,0.0,0.0,0.0,0.5
val,"m=0.3, theta=0.1978",margin,primary,4FC32141-E888-4BFF-8804-12559A491D8C,958,0,0,0,0,0,0,15.966666666666667,0.0,0.0,0.0,0.0,0.0,,16,20.0,25.75,20.0,1.0,1.0,412,412,0.0,0.0,0.0,0.0,16,20.0,25.75,20.0,1.0,1.0,412,412,0.0,0.0,0.0,0.0
val,"m=0.3, theta=0.1978",margin,primary,5119D0F8-FCA8-4184-A4EB-19421A40DE0D,1294,2,2,4,12,1,1,21.566666666666666,0.09273570324574962,0.00927357032457496,0.18547140649149924,0.04636785162287481,0.04636785162287481,6.0,16,0.0,3.0625,0.0,0.0625,0.2,61,412,0.0,0.0,0.0625,0.875,16,0.0,3.375,0.0,0.125,0.19895833333333332,65,412,0.0,0.0,0.0,0.875
val,"m=0.3, theta=0.1978",margin,primary,5152A2DF-FAF3-4BA8-9CA9-E66B32671A53,1294,3,3,6,10,4,2,21.566666666666666,0.1391035548686244,0.0077279752704791345,0.2782071097372488,0.18547140649149924,0.09273570324574962,3.3333333333333335,16,1.5,9.125,1.5,0.3125,0.3854166666666667,160,412,0.0,0.0,0.0,0.625,16,0.0,2.6875,0.0,0.125,0.17708333333333331,59,412,0.0,0.0,0.0,0.875
val,"m=0.3, theta=0.1978",margin,primary,5EF64122-B513-46AE-BCF1-E62AAC285D2C,753,2,2,4,3,2,2,12.55,0.1593625498007968,0.00398406374501992,0.3187250996015936,0.1593625498007968,0.1593625498007968,1.5,16,0.0,0.375,0.0,0.0625,0.10104166666666667,27,412,0.0,0.0,0.0,0.9375,16,0.0,0.5625,0.0,0.0,0.07083333333333333,18,412,0.0,0.0,0.0,0.9375
val,"m=0.3, theta=0.1978",margin,primary,61976C24-1C50-4355-9C49-AAE44A7D09F6,1717,2,2,4,10,1,1,28.616666666666667,0.06988934187536401,0.005824111822947,0.13977868375072802,0.034944670937682006,0.034944670937682006,5.0,16,0.0,3.5625,0.0,0.0625,0.159375,76,412,0.0,0.0,0.0,0.8125,16,0.0,2.5,0.0,0.0625,0.26875,157,412,0.0,0.0,0.0625,0.75
val,"m=0.3, theta=0.1978",margin,primary,78A91A4E-4A51-4065-BDA7-94755F0BB3BB,2370,5,5,10,40,3,3,39.5,0.12658227848101267,0.016877637130801686,0.25316455696202533,0.0759493670886076,0.0759493670886076,8.0,16,0.0,1.25,0.0,0.125,0.20520833333333333,64,412,0.0,0.0,0.0,0.875,16,1.0,5.25,1.0,0.125,0.31354166666666666,132,412,0.0,0.0,0.0,0.6875
val,"m=0.3, theta=0.1978",margin,primary,7CE37510-56D0-4120-A1CF-0E23351428D2,1923,6,6,12,12,7,6,32.05,0.187207488299532,0.0062402496099844,0.374414976599064,0.21840873634945399,0.187207488299532,2.0,16,0.0,4.5625,0.0,0.1875,0.28229166666666666,90,412,0.0,0.0,0.0,0.8125,16,2.0,3.375,0.5,0.25,0.35625,102,412,0.0,0.0,0.125,0.6875
val,"m=0.3, theta=0.1978",margin,primary,8023FE1A-D3B0-4E2C-A57A-9321B7FC755F,1808,2,2,4,10,1,1,30.133333333333333,0.06637168141592921,0.0055309734513274336,0.13274336283185842,0.033185840707964605,0.033185840707964605,5.0,16,0.0,0.375,0.0,0.0625,0.125,49,412,0.0,0.0,0.0,0.875,16,0.0,0.4375,0.0,0.125,0.13541666666666666,16,412,0.0,0.0,0.0,0.75
val,"m=0.3, theta=0.1978",margin,primary,83CF687B-7CEC-434B-9FE8-00C3D5799BE6,1879,3,3,6,11,2,2,31.316666666666666,0.09579563597658329,0.005854177754124534,0.19159127195316658,0.06386375731772219,0.06386375731772219,3.6666666666666665,16,0.0,0.0,0.0,0.0,0.03854166666666667,17,412,0.0,0.0,0.0,0.9375,16,0.0,4.625,0.0,0.1875,0.22291666666666668,89,412,0.0,0.0,0.0625,0.75
val,"m=0.3, theta=0.1978",margin,primary,9759096F-1119-4E19-A0AD-6F16989C7E1C,1963,2,2,4,10,1,1,32.71666666666667,0.06113092205807437,0.005094243504839531,0.12226184411614874,0.030565461029037184,0.030565461029037184,5.0,16,0.5,7.3125,0.5,0.25,0.465625,196,412,0.0,0.0,0.0,0.5,16,0.0,7.6875,0.0,0.1875,0.36770833333333336,170,412,0.0,0.0,0.0,0.6875
val,"m=0.3, theta=0.1978",margin,primary,9DC38D04-E82E-4F29-AB52-B476535226F2,1902,5,5,10,15,5,4,31.7,0.15772870662460567,0.007886435331230283,0.31545741324921134,0.15772870662460567,0.12618296529968454,3.0,16,0.0,4.625,0.0,0.1875,0.24895833333333334,96,412,0.0,0.0,0.0,0.8125,16,2.5,5.75,1.0,0.1875,0.39479166666666665,147,412,0.0,0.0,0.0,0.75
val,"m=0.3, theta=0.1978",margin,primary,A5CDF89D-02A2-4EC1-89F8-F534FDABDD96,1179,2,2,4,14,1,1,19.65,0.10178117048346057,0.011874469889737066,0.20356234096692113,0.050890585241730284,0.050890585241730284,7.0,16,0.0,3.875,0.0,0.0625,0.146875,87,412,0.0,0.0,0.0,0.875,16,3.0,4.875,1.5,0.1875,0.3541666666666667,124,412,0.0,0.0,0.0,0.5625
val,"m=0.3, theta=0.1978",margin,primary,A76A5AF5-5A93-4CF2-A16E-62353BB70E8A,1475,2,2,4,2,2,2,24.583333333333332,0.08135593220338984,0.0013559322033898306,0.16271186440677968,0.08135593220338984,0.08135593220338984,1.0,16,2.5,6.6875,2.5,0.4375,0.5083333333333333,133,412,0.0,0.0,0.0,0.5,16,2.5,5.875,2.5,0.3125,0.5125,135,412,0.0,0.0,0.0,0.5625
val,"m=0.3, theta=0.1978",margin,primary,B09E373F-8A54-44C8-895B-0039390B859F,1598,2,2,4,9,1,1,26.633333333333333,0.07509386733416772,0.005632040050062578,0.15018773466833543,0.03754693366708386,0.03754693366708386,4.5,16,3.0,8.5,0.0,0.3125,0.4770833333333333,174,412,0.0,0.0,0.0,0.625,16,3.0,6.0625,2.5,0.1875,0.45416666666666666,202,412,0.0,0.0,0.0,0.5
val,"m=0.3, theta=0.1978",margin,primary,B9724848-C7E2-45F4-9B3F-A1F38D864495,1487,8,8,16,23,7,7,24.783333333333335,0.32279757901815737,0.01546738399462004,0.6455951580363147,0.2824478816408877,0.2824478816408877,2.875,16,0.0,0.5,0.0,0.0625,0.10833333333333334,43,412,0.0,0.0,0.0625,0.875,16,1.0,2.6875,1.0,0.0625,0.28229166666666666,92,412,0.0,0.0,0.0,0.875
val,"m=0.3, theta=0.1978",margin,primary,BE3CA5A6-A561-4BBD-B7C9-5DF6805400FC,1632,0,0,0,0,0,0,27.2,0.0,0.0,0.0,0.0,0.0,,16,9.5,15.1875,9.5,0.75,0.7916666666666666,268,412,0.0,0.0,0.0,0.25,16,12.0,22.875,12.0,0.9375,0.9520833333333334,366,412,0.0,0.0,0.0,0.0625
val,"m=0.3, theta=0.1978",margin,primary,C48CE857-A0DD-4DDB-BEA5-3A25449B2153,977,0,0,0,0,0,0,16.283333333333335,0.0,0.0,0.0,0.0,0.0,,16,1.5,3.0625,0.0,0.1875,0.35,141,412,0.0,0.0,0.0,0.5625,16,3.0,4.0,0.0,0.1875,0.31354166666666666,119,412,0.0,0.0,0.0,0.6875
val,"m=0.3, theta=0.1978",margin,primary,CA820D43-E5E2-42EF-9798-BE56F776370B,1540,6,6,12,12,7,6,25.666666666666668,0.23376623376623376,0.007792207792207792,0.4675324675324675,0.2727272727272727,0.23376623376623376,2.0,16,0.0,5.9375,0.0,0.125,0.340625,123,412,0.0,0.0,0.0625,0.6875,16,0.0,2.125,0.0,0.1875,0.28854166666666664,102,412,0.0,0.0,0.0,0.75
val,"m=0.3, theta=0.1978",margin,primary,CDA3BBF7-6631-45E8-85BA-EEB416B32A3C,543,1,1,2,2,1,1,9.05,0.11049723756906077,0.003683241252302026,0.22099447513812154,0.11049723756906077,0.11049723756906077,2.0,16,0.0,1.3125,0.0,0.1875,0.2375,49,412,0.0,0.0,0.0,0.75,16,0.0,0.6875,0.0,0.0,0.08020833333333334,43,412,0.0,0.0,0.0,0.9375
val,"m=0.3, theta=0.1978",margin,primary,CF722AA9-2533-4E51-9FEB-9EAC84EE9AAC,694,1,1,2,20,0,0,11.566666666666666,0.08645533141210375,0.02881844380403458,0.1729106628242075,0.0,0.0,20.0,16,5.5,15.0,5.5,0.4375,0.6791666666666667,294,412,0.0,0.0625,0.0,0.4375,16,8.5,16.0625,8.5,0.625,0.7645833333333334,296,412,0.0,0.0625,0.0,0.25
val,"m=0.3, theta=0.1978",margin,primary,D7D20E2E-FC78-405D-B346-DBD3FD8FC92B,1213,2,2,4,16,1,1,20.216666666666665,0.0989282769991756,0.013190436933223413,0.1978565539983512,0.0494641384995878,0.0494641384995878,8.0,16,0.0,2.0625,0.0,0.1875,0.315625,101,412,0.0,0.0,0.0,0.625,16,0.0,3.625,0.0,0.0625,0.15833333333333333,87,412,0.0,0.0,0.0625,0.875
val,"m=0.3, theta=0.1978",margin,primary,E65577C1-8D5D-4F70-AF23-B3ADB9D3DBA3,659,2,2,4,3,2,2,10.983333333333333,0.1820940819423369,0.004552352048558422,0.3641881638846738,0.1820940819423369,0.1820940819423369,1.5,16,0.5,5.375,0.5,0.25,0.36354166666666665,139,412,0.0,0.0,0.0,0.6875,16,5.0,13.8125,5.0,0.25,0.471875,288,412,0.0,0.0,0.0,0.6875
val,"m=0.3, theta=0.1978",margin,primary,ECECC2AB-D32F-4F90-B74C-E12A1C69BBE2,677,1,1,2,9,0,0,11.283333333333333,0.08862629246676514,0.013293943870014771,0.17725258493353027,0.0,0.0,9.0,16,0.0,2.4375,0.0,0.0625,0.11354166666666667,40,412,0.0,0.0,0.0,0.9375,16,0.0,0.5625,0.0,0.125,0.3052083333333333,143,412,0.0,0.0,0.0,0.625
val,"m=0.3, theta=0.1978",margin,primary,FDAA70A1-42A3-4E3F-9AE3-3FDA412E03BF,966,2,2,4,14,1,1,16.1,0.12422360248447203,0.014492753623188406,0.24844720496894407,0.06211180124223602,0.06211180124223602,7.0,16,0.0,5.875,0.0,0.1875,0.321875,166,412,0.0,0.0,0.0,0.6875,16,0.0,3.0625,0.0,0.125,0.16979166666666667,53,412,0.0,0.0,0.0625,0.8125
val,"m=0.3, T=2, theta=0.3318",hysteresis,primary,00EABED2-271D-49D8-B599-1D4A09240601,428,1,1,2,15,0,0,7.133333333333334,0.14018691588785046,0.035046728971962614,0.2803738317757009,0.0,0.0,15.0,16,1.0,2.0,1.0,0.0,0.140625,34,412,1.0,0.0,0.0625,1.0,16,1.0,4.9375,1.0,0.0625,0.196875,89,412,1.0,0.0,0.0,0.9375
val,"m=0.3, T=2, theta=0.3318",hysteresis,primary,098A72A5-E3E5-4F54-A152-BBDA0DF7B694,1330,1,1,2,3,1,1,22.166666666666668,0.045112781954887216,0.002255639097744361,0.09022556390977443,0.045112781954887216,0.045112781954887216,3.0,16,1.0,2.125,1.0,0.1875,0.31875,72,412,1.0,0.0,0.0,0.6875,16,1.0,1.25,1.0,0.0,0.17916666666666667,53,412,1.0,0.0,0.0,1.0
val,"m=0.3, T=2, theta=0.3318",hysteresis,primary,0A986513-7828-4D53-AA1F-E02D6DF9561B,763,4,4,8,32,2,2,12.716666666666667,0.3145478374836173,0.04193971166448231,0.6290956749672346,0.15727391874180865,0.15727391874180865,8.0,16,1.0,3.8125,1.0,0.3125,0.3645833333333333,59,412,1.0,0.0,0.0625,0.6875,16,1.0,4.125,1.0,0.125,0.32708333333333334,86,412,1.0,0.0,0.0,0.8125
val,"m=0.3, T=2, theta=0.3318",hysteresis,primary,11B5EC4D-4133-4289-B475-4E737182A406,1739,6,6,12,35,3,3,28.983333333333334,0.20701552616446234,0.020126509488211614,0.4140310523289247,0.10350776308223117,0.10350776308223117,5.833333333333333,16,1.5,2.3125,1.5,0.1875,0.334375,50,412,1.0,0.0,0.0625,0.75,16,1.0,3.0625,1.0,0.125,0.271875,50,412,1.0,0.0,0.0625,0.8125
val,"m=0.3, T=2, theta=0.3318",hysteresis,primary,136562B6-95B2-483D-88DC-065F28409FD2,1215,4,3,7,28,2,2,20.25,0.19753086419753085,0.023045267489711935,0.345679012345679,0.09876543209876543,0.09876543209876543,7.0,16,1.5,4.5625,1.5,0.1875,0.39999999999999997,92,412,1.0,0.0,0.0,0.6875,16,1.0,5.75,1.0,0.125,0.315625,137,412,1.0,0.0,0.0625,0.8125
val,"m=0.3, T=2, theta=0.3318",hysteresis,primary,1538C99F-BA1E-4EFB-A949-6C7C47701B20,1281,2,2,4,10,1,1,21.35,0.09367681498829039,0.0078064012490242,0.18735362997658078,0.046838407494145196,0.046838407494145196,5.0,16,1.0,3.75,1.0,0.125,0.22604166666666667,62,412,1.0,0.0,0.0625,0.875,16,1.0,1.1875,1.0,0.0625,0.253125,66,412,1.0,0.0,0.0625,0.8125
val,"m=0.3, T=2, theta=0.3318",hysteresis,primary,24E40C4C-A349-4F9F-93AB-01D00FB994AF,925,3,3,6,7,3,3,15.416666666666666,0.1945945945945946,0.0075675675675675675,0.3891891891891892,0.1945945945945946,0.1945945945945946,2.3333333333333335,16,1.5,2.6875,1.5,0.1875,0.296875,54,412,1.0,0.0,0.0,0.8125,16,3.5,7.1875,3.5,0.25,0.5416666666666666,183,412,1.0,0.0,0.0,0.6875
val,"m=0.3, T=2, theta=0.3318",hysteresis,primary,2C32C23E-E30C-498A-8DD2-0EFB9150A02E,1674,3,3,6,51,2,1,27.9,0.10752688172043011,0.03046594982078853,0.21505376344086022,0.07168458781362008,0.03584229390681004,17.0,16,1.0,1.5,1.0,0.0625,0.17395833333333333,24,412,1.0,0.0,0.0,0.9375,16,1.0,3.3125,1.0,0.0,0.2125,76,412,1.0,0.0,0.0,0.875
val,"m=0.3, T=2, theta=0.3318",hysteresis,primary,3600D531-0C55-44A7-AE95-A7A38519464E,1017,2,2,4,13,1,1,16.95,0.11799410029498525,0.012782694198623401,0.2359882005899705,0.058997050147492625,0.058997050147492625,6.5,16,1.0,4.5625,1.0,0.125,0.3697916666666667,140,412,1.0,0.0,0.0,0.6875,16,1.0,2.25,1.0,0.125,0.234375,47,412,1.0,0.0,0.0625,0.8125
val,"m=0.3, T=2, theta=0.3318",hysteresis,primary,4FC32141-E888-4BFF-8804-12559A491D8C,958,1,1,2,9,0,0,15.966666666666667,0.06263048016701461,0.009394572025052192,0.12526096033402923,0.0,0.0,9.0,16,8.0,15.375,8.0,0.625,0.7510416666666666,280,412,0.0,0.0,0.0,0.375,16,3.5,14.125,3.5,0.375,0.5552083333333333,258,412,1.0,0.0,0.0,0.625
val,"m=0.3, T=2, theta=0.3318",hysteresis,primary,5119D0F8-FCA8-4184-A4EB-19421A40DE0D,1294,3,3,6,44,0,0,21.566666666666666,0.1391035548686244,0.03400309119010819,0.2782071097372488,0.0,0.0,14.666666666666666,16,1.0,1.625,1.0,0.0625,0.20625000000000002,37,412,1.0,0.0,0.0625,0.875,16,1.0,3.5625,1.0,0.0625,0.2572916666666667,57,412,1.0,0.0,0.0,0.9375
val,"m=0.3, T=2, theta=0.3318",hysteresis,primary,5152A2DF-FAF3-4BA8-9CA9-E66B32671A53,1294,1,1,2,36,0,0,21.566666666666666,0.04636785162287481,0.027820710973724884,0.09273570324574962,0.0,0.0,36.0,16,1.0,8.875,1.0,0.25,0.371875,147,412,1.0,0.0,0.0,0.75,16,1.0,3.375,1.0,0.125,0.26666666666666666,68,412,1.0,0.0,0.0,0.875
val,"m=0.3, T=2, theta=0.3318",hysteresis,primary,5EF64122-B513-46AE-BCF1-E62AAC285D2C,753,1,1,2,3,1,1,12.55,0.0796812749003984,0.00398406374501992,0.1593625498007968,0.0796812749003984,0.0796812749003984,3.0,16,1.0,1.375,1.0,0.125,0.20729166666666665,22,412,1.0,0.0,0.0,0.875,16,1.0,1.0,1.0,0.0,0.128125,23,412,1.0,0.0,0.0,0.9375
val,"m=0.3, T=2, theta=0.3318",hysteresis,primary,61976C24-1C50-4355-9C49-AAE44A7D09F6,1717,2,2,4,38,0,0,28.616666666666667,0.06988934187536401,0.0221316249271986,0.13977868375072802,0.0,0.0,19.0,16,1.0,3.3125,1.0,0.0625,0.21354166666666666,53,412,1.0,0.0,0.0,0.9375,16,1.0,1.75,1.0,0.125,0.31145833333333334,101,412,1.0,0.0,0.0625,0.8125
val,"m=0.3, T=2, theta=0.3318",hysteresis,primary,78A91A4E-4A51-4065-BDA7-94755F0BB3BB,2370,5,5,10,72,3,3,39.5,0.12658227848101267,0.030379746835443037,0.25316455696202533,0.0759493670886076,0.0759493670886076,14.4,16,1.0,1.9375,1.0,0.125,0.2552083333333333,42,412,1.0,0.0,0.0,0.875,16,1.0,3.0625,1.0,0.0625,0.28854166666666664,99,412,1.0,0.0,0.0,0.75
val,"m=0.3, T=2, theta=0.3318",hysteresis,primary,7CE37510-56D0-4120-A1CF-0E23351428D2,1923,5,5,10,37,3,3,32.05,0.15600624024961,0.01924076963078523,0.31201248049922,0.093603744149766,0.093603744149766,7.4,16,1.0,3.0,1.0,0.0,0.175,54,412,1.0,0.0,0.0625,0.9375,16,1.0,2.5,1.0,0.0625,0.23333333333333334,56,412,1.0,0.0,0.125,0.8125
val,"m=0.3, T=2, theta=0.3318",hysteresis,primary,8023FE1A-D3B0-4E2C-A57A-9321B7FC755F,1808,3,3,6,22,1,1,30.133333333333333,0.09955752212389381,0.012168141592920354,0.19911504424778761,0.033185840707964605,0.033185840707964605,7.333333333333333,16,1.0,0.9375,1.0,0.0,0.12604166666666666,26,412,1.0,0.0,0.0,1.0,16,1.0,1.25,1.0,0.125,0.21666666666666667,24,412,1.0,0.0,0.0,0.8125
val,"m=0.3, T=2, theta=0.3318",hysteresis,primary,83CF687B-7CEC-434B-9FE8-00C3D5799BE6,1879,2,2,4,41,0,0,31.316666666666666,0.06386375731772219,0.021820117083555083,0.12772751463544438,0.0,0.0,20.5,16,1.0,1.0,1.0,0.0,0.13333333333333333,28,412,1.0,0.0,0.0,1.0,16,1.0,5.125,1.0,0.1875,0.2916666666666667,80,412,1.0,0.0,0.0625,0.8125
val,"m=0.3, T=2, theta=0.3318",hysteresis,primary,9759096F-1119-4E19-A0AD-6F16989C7E1C,1963,4,4,8,46,2,1,32.71666666666667,0.12226184411614874,0.023433520122261846,0.24452368823229748,0.06113092205807437,0.030565461029037184,11.5,16,1.0,3.9375,1.0,0.125,0.328125,89,412,1.0,0.0,0.0,0.75,16,1.0,6.875,1.0,0.0625,0.33125,126,412,1.0,0.0,0.0,0.8125
val,"m=0.3, T=2, theta=0.3318",hysteresis,primary,9DC38D04-E82E-4F29-AB52-B476535226F2,1902,5,5,10,36,4,4,31.7,0.15772870662460567,0.01892744479495268,0.31545741324921134,0.12618296529968454,0.12618296529968454,7.2,16,1.0,2.1875,1.0,0.125,0.23333333333333334,37,412,1.0,0.0,0.0,0.875,16,1.0,5.125,1.0,0.125,0.31875,98,412,1.0,0.0,0.0625,0.8125
val,"m=0.3, T=2, theta=0.3318",hysteresis,primary,A5CDF89D-02A2-4EC1-89F8-F534FDABDD96,1179,6,6,12,60,4,3,19.65,0.3053435114503817,0.05089058524173028,0.6106870229007634,0.20356234096692113,0.15267175572519084,10.0,16,1.0,4.8125,1.0,0.0625,0.21562499999999998,83,412,1.0,0.0,0.0,0.875,16,3.0,3.0625,3.0,0.125,0.2864583333333333,63,412,1.0,0.0,0.0,0.875
val,"m=0.3, T=2, theta=0.3318",hysteresis,primary,A76A5AF5-5A93-4CF2-A16E-62353BB70E8A,1475,0,0,0,0,0,0,24.583333333333332,0.0,0.0,0.0,0.0,0.0,,16,1.0,3.125,1.0,0.3125,0.3989583333333333,79,412,1.0,0.0,0.0,0.625,16,3.0,5.625,3.0,0.375,0.5375,131,412,0.5,0.0,0.0,0.5
val,"m=0.3, T=2, theta=0.3318",hysteresis,primary,B09E373F-8A54-44C8-895B-0039390B859F,1598,3,3,6,26,0,0,26.633333333333333,0.11264080100125157,0.016270337922403004,0.22528160200250313,0.0,0.0,8.666666666666666,16,2.0,8.5625,2.0,0.3125,0.5114583333333333,172,412,1.0,0.0,0.0,0.625,16,2.5,5.875,2.5,0.125,0.390625,130,412,1.0,0.0,0.0,0.8125
val,"m=0.3, T=2, theta=0.3318",hysteresis,primary,B9724848-C7E2-45F4-9B3F-A1F38D864495,1487,7,7,14,43,5,5,24.783333333333335,0.2824478816408877,0.028917283120376596,0.5648957632817754,0.20174848688634833,0.20174848688634833,6.142857142857143,16,1.0,1.0,1.0,0.0,0.12083333333333333,16,412,1.0,0.0,0.0625,1.0,16,1.0,2.9375,1.0,0.125,0.28854166666666664,67,412,1.0,0.0,0.0,0.8125
val,"m=0.3, T=2, theta=0.3318",hysteresis,primary,BE3CA5A6-A561-4BBD-B7C9-5DF6805400FC,1632,0,0,0,0,0,0,27.2,0.0,0.0,0.0,0.0,0.0,,16,3.0,11.3125,3.0,0.4375,0.5812499999999999,186,412,1.0,0.0625,0.0,0.5625,16,9.0,16.4375,9.0,0.625,0.7614583333333333,267,412,0.0,0.0625,0.0,0.3125
val,"m=0.3, T=2, theta=0.3318",hysteresis,primary,C48CE857-A0DD-4DDB-BEA5-3A25449B2153,977,1,1,2,15,0,0,16.283333333333335,0.06141248720573183,0.015353121801432957,0.12282497441146366,0.0,0.0,15.0,16,1.0,2.8125,1.0,0.125,0.3302083333333333,85,412,1.0,0.0,0.0,0.75,16,1.0,2.6875,1.0,0.1875,0.3458333333333333,85,412,1.0,0.0,0.0,0.8125
val,"m=0.3, T=2, theta=0.3318",hysteresis,primary,CA820D43-E5E2-42EF-9798-BE56F776370B,1540,6,6,12,28,5,5,25.666666666666668,0.23376623376623376,0.01818181818181818,0.4675324675324675,0.1948051948051948,0.1948051948051948,4.666666666666667,16,1.0,2.9375,1.0,0.0625,0.253125,52,412,1.0,0.0,0.0,0.8125,16,1.0,3.1875,1.0,0.1875,0.3229166666666667,85,412,1.0,0.0,0.0,0.75
val,"m=0.3, T=2, theta=0.3318",hysteresis,primary,CDA3BBF7-6631-45E8-85BA-EEB416B32A3C,543,1,1,2,3,1,1,9.05,0.11049723756906077,0.0055248618784530384,0.22099447513812154,0.11049723756906077,0.11049723756906077,3.0,16,1.0,2.0625,1.0,0.1875,0.2708333333333333,38,412,1.0,0.0,0.0,0.8125,16,1.0,2.0625,1.0,0.0,0.16354166666666667,48,412,1.0,0.0,0.0,0.9375
val,"m=0.3, T=2, theta=0.3318",hysteresis,primary,CF722AA9-2533-4E51-9FEB-9EAC84EE9AAC,694,1,0,1,76,0,0,11.566666666666666,0.08645533141210375,0.10951008645533142,0.08645533141210375,0.0,0.0,76.0,16,1.5,12.6875,1.5,0.3125,0.46770833333333334,232,412,1.0,0.125,0.125,0.5625,16,3.0,4.5,3.0,0.25,0.40520833333333334,97,412,1.0,0.1875,0.1875,0.6875
val,"m=0.3, T=2, theta=0.3318",hysteresis,primary,D7D20E2E-FC78-405D-B346-DBD3FD8FC92B,1213,3,3,6,70,2,2,20.216666666666665,0.14839241549876342,0.057708161582852434,0.29678483099752684,0.0989282769991756,0.0989282769991756,23.333333333333332,16,1.0,1.0625,1.0,0.0,0.13958333333333334,28,412,1.0,0.0,0.0,1.0,16,1.0,3.0,1.0,0.0625,0.16458333333333333,48,412,1.0,0.0,0.0,0.9375
val,"m=0.3, T=2, theta=0.3318",hysteresis,primary,E65577C1-8D5D-4F70-AF23-B3ADB9D3DBA3,659,4,4,8,26,4,3,10.983333333333333,0.3641881638846738,0.03945371775417299,0.7283763277693476,0.3641881638846738,0.27314112291350534,6.5,16,1.0,3.8125,1.0,0.125,0.33125,100,412,1.0,0.0,0.0,0.8125,16,2.0,5.3125,2.0,0.0,0.3385416666666667,176,412,1.0,0.0,0.0,0.875
val,"m=0.3, T=2, theta=0.3318",hysteresis,primary,ECECC2AB-D32F-4F90-B74C-E12A1C69BBE2,677,1,1,2,9,0,0,11.283333333333333,0.08862629246676514,0.013293943870014771,0.17725258493353027,0.0,0.0,9.0,16,1.0,3.25,1.0,0.0625,0.22604166666666667,54,412,1.0,0.0,0.0,0.9375,16,1.0,1.25,1.0,0.0625,0.359375,157,412,1.0,0.0,0.0,0.75
val,"m=0.3, T=2, theta=0.3318",hysteresis,primary,FDAA70A1-42A3-4E3F-9AE3-3FDA412E03BF,966,2,2,4,32,1,1,16.1,0.12422360248447203,0.033126293995859216,0.24844720496894407,0.06211180124223602,0.06211180124223602,16.0,16,1.0,6.125,1.0,0.0625,0.2916666666666667,139,412,1.0,0.0,0.0,0.75,16,1.0,3.4375,1.0,0.0625,0.18333333333333332,55,412,1.0,0.0,0.125,0.9375
val,"r=0.5, tau=0.5, theta=0.4256",trust,primary,00EABED2-271D-49D8-B599-1D4A09240601,428,1,1,2,14,0,0,7.133333333333334,0.14018691588785046,0.03271028037383177,0.2803738317757009,0.0,0.0,14.0,16,2.0,2.6875,2.0,0.0,0.2552083333333333,43,412,1.0,0.0,0.0625,1.0,16,2.0,5.8125,2.0,0.125,0.325,93,412,1.0,0.0,0.0,0.875
val,"r=0.5, tau=0.5, theta=0.4256",trust,primary,098A72A5-E3E5-4F54-A152-BBDA0DF7B694,1330,1,1,2,1,1,1,22.166666666666668,0.045112781954887216,0.0007518796992481203,0.09022556390977443,0.045112781954887216,0.045112781954887216,1.0,16,2.0,3.4375,2.0,0.1875,0.3625,62,412,1.0,0.0,0.0,0.75,16,2.0,2.3125,2.0,0.0625,0.271875,37,412,1.0,0.0,0.0,0.9375
val,"r=0.5, tau=0.5, theta=0.4256",trust,primary,0A986513-7828-4D53-AA1F-E02D6DF9561B,763,3,3,6,22,2,2,12.716666666666667,0.23591087811271297,0.028833551769331587,0.47182175622542594,0.15727391874180865,0.15727391874180865,7.333333333333333,16,2.0,4.1875,2.0,0.25,0.39375,66,412,1.0,0.0,0.0625,0.75,16,2.0,6.0,2.0,0.1875,0.41354166666666664,99,412,1.0,0.0,0.0,0.8125
val,"r=0.5, tau=0.5, theta=0.4256",trust,primary,11B5EC4D-4133-4289-B475-4E737182A406,1739,6,6,12,33,6,5,28.983333333333334,0.20701552616446234,0.01897642323174238,0.4140310523289247,0.20701552616446234,0.17251293847038526,5.5,16,2.5,2.5625,2.5,0.1875,0.33125,42,412,1.0,0.0,0.0,0.8125,16,2.0,3.6875,2.0,0.125,0.33854166666666663,58,412,1.0,0.0,0.0625,0.875
val,"r=0.5, tau=0.5, theta=0.4256",trust,primary,136562B6-95B2-483D-88DC-065F28409FD2,1215,6,6,12,37,4,4,20.25,0.2962962962962963,0.030452674897119343,0.5925925925925926,0.19753086419753085,0.19753086419753085,6.166666666666667,16,3.0,4.8125,3.0,0.3125,0.47291666666666665,86,412,0.5,0.0,0.0625,0.625,16,2.5,6.6875,2.5,0.25,0.3833333333333333,121,412,1.0,0.0,0.0625,0.75
val,"r=0.5, tau=0.5, theta=0.4256",trust,primary,1538C99F-BA1E-4EFB-A949-6C7C47701B20,1281,2,2,4,2,3,2,21.35,0.09367681498829039,0.00156128024980484,0.18735362997658078,0.1405152224824356,0.09367681498829039,1.0,16,2.0,4.625,2.0,0.125,0.321875,74,412,1.0,0.0,0.0625,0.875,16,2.0,2.0,2.0,0.125,0.2989583333333333,59,412,1.0,0.0,0.0,0.8125
val,"r=0.5, tau=0.5, theta=0.4256",trust,primary,24E40C4C-A349-4F9F-93AB-01D00FB994AF,925,1,1,2,4,1,1,15.416666666666666,0.06486486486486487,0.004324324324324324,0.12972972972972974,0.06486486486486487,0.06486486486486487,4.0,16,2.5,3.5,2.5,0.1875,0.3729166666666667,68,412,2.0,0.0,0.0,0.8125,16,3.5,8.0,3.5,0.25,0.5770833333333333,181,412,0.0,0.0,0.0,0.625
val,"r=0.5, tau=0.5, theta=0.4256",trust,primary,2C32C23E-E30C-498A-8DD2-0EFB9150A02E,1674,3,3,6,48,1,1,27.9,0.10752688172043011,0.02867383512544803,0.21505376344086022,0.03584229390681004,0.03584229390681004,16.0,16,2.0,2.3125,2.0,0.0625,0.26979166666666665,37,412,1.0,0.0,0.0,0.9375,16,2.0,3.75,2.0,0.0,0.29375,63,412,1.0,0.0,0.0,0.9375
val,"r=0.5, tau=0.5, theta=0.4256",trust,primary,3600D531-0C55-44A7-AE95-A7A38519464E,1017,6,6,12,20,8,5,16.95,0.35398230088495575,0.01966568338249754,0.7079646017699115,0.471976401179941,0.2949852507374631,3.3333333333333335,16,2.5,5.625,2.5,0.0625,0.3729166666666667,97,412,1.0,0.0,0.0,0.875,16,2.0,2.5,2.0,0.1875,0.3260416666666667,46,412,2.0,0.0,0.125,0.75
val,"r=0.5, tau=0.5, theta=0.4256",trust,primary,4FC32141-E888-4BFF-8804-12559A491D8C,958,9,9,18,190,5,2,15.966666666666667,0.5636743215031316,0.19832985386221294,1.1273486430062631,0.31315240083507306,0.12526096033402923,21.11111111111111,16,3.0,8.0,3.0,0.375,0.6270833333333333,167,412,0.0,0.0,0.1875,0.5625,16,3.0,7.1875,3.0,0.4375,0.6354166666666666,180,412,0.5,0.0,0.0625,0.5
val,"r=0.5, tau=0.5, theta=0.4256",trust,primary,5119D0F8-FCA8-4184-A4EB-19421A40DE0D,1294,5,5,10,46,3,2,21.566666666666666,0.23183925811437403,0.03554868624420402,0.46367851622874806,0.1391035548686244,0.09273570324574962,9.2,16,2.0,2.9375,2.0,0.0625,0.28020833333333334,48,412,1.0,0.0,0.0625,0.9375,16,2.0,4.5625,2.0,0.0625,0.3625,73,412,1.0,0.0,0.0,0.9375
val,"r=0.5, tau=0.5, theta=0.4256",trust,primary,5152A2DF-FAF3-4BA8-9CA9-E66B32671A53,1294,2,2,4,45,2,1,21.566666666666666,0.09273570324574962,0.0347758887171561,0.18547140649149924,0.09273570324574962,0.04636785162287481,22.5,16,2.5,9.1875,2.5,0.25,0.4583333333333333,147,412,1.0,0.0,0.0,0.75,16,2.0,3.0,2.0,0.0625,0.36875,75,412,1.0,0.0,0.0,0.875
val,"r=0.5, tau=0.5, theta=0.4256",trust,primary,5EF64122-B513-46AE-BCF1-E62AAC285D2C,753,1,1,2,1,1,1,12.55,0.0796812749003984,0.0013280212483399733,0.1593625498007968,0.0796812749003984,0.0796812749003984,1.0,16,2.0,2.25,2.0,0.125,0.2864583333333333,36,412,1.0,0.0,0.0,0.875,16,2.0,2.125,2.0,0.0,0.253125,38,412,1.0,0.0,0.0,0.9375
val,"r=0.5, tau=0.5, theta=0.4256",trust,primary,61976C24-1C50-4355-9C49-AAE44A7D09F6,1717,2,2,4,43,1,1,28.616666666666667,0.06988934187536401,0.025043680838672103,0.13977868375072802,0.034944670937682006,0.034944670937682006,21.5,16,2.0,4.8125,2.0,0.0625,0.34375,74,412,1.0,0.0,0.0,0.9375,16,2.0,2.8125,2.0,0.1875,0.37083333333333335,81,412,1.0,0.0,0.0625,0.8125
val,"r=0.5, tau=0.5, theta=0.4256",trust,primary,78A91A4E-4A51-4065-BDA7-94755F0BB3BB,2370,4,4,8,79,3,2,39.5,0.10126582278481013,0.03333333333333333,0.20253164556962025,0.0759493670886076,0.05063291139240506,19.75,16,2.0,2.75,2.0,0.0625,0.33125,44,412,1.0,0.0,0.0,0.9375,16,2.0,5.5625,2.0,0.0625,0.31145833333333334,95,412,1.0,0.0,0.0625,0.875
val,"r=0.5, tau=0.5, theta=0.4256",trust,primary,7CE37510-56D0-4120-A1CF-0E23351428D2,1923,3,3,6,36,1,1,32.05,0.093603744149766,0.0187207488299532,0.187207488299532,0.031201248049921998,0.031201248049921998,12.0,16,2.0,3.75,2.0,0.0625,0.30104166666666665,66,412,1.0,0.0,0.0625,0.875,16,2.0,3.375,2.0,0.125,0.31354166666666666,52,412,1.0,0.0,0.125,0.875
val,"r=0.5, tau=0.5, theta=0.4256",trust,primary,8023FE1A-D3B0-4E2C-A57A-9321B7FC755F,1808,4,4,8,17,2,2,30.133333333333333,0.13274336283185842,0.009402654867256638,0.26548672566371684,0.06637168141592921,0.06637168141592921,4.25,16,2.0,1.9375,2.0,0.0,0.19479166666666667,30,412,1.0,0.0,0.0625,1.0,16,2.0,2.0625,2.0,0.125,0.27708333333333335,33,412,1.0,0.0,0.0,0.875
val,"r=0.5, tau=0.5, theta=0.4256",trust,primary,83CF687B-7CEC-434B-9FE8-00C3D5799BE6,1879,3,3,6,42,1,1,31.316666666666666,0.09579563597658329,0.022352315061202766,0.19159127195316658,0.031931878658861094,0.031931878658861094,14.0,16,2.0,1.875,2.0,0.0,0.209375,39,412,1.0,0.0,0.0,1.0,16,2.0,5.9375,2.0,0.1875,0.403125,94,412,1.0,0.0,0.0625,0.8125
val,"r=0.5, tau=0.5, theta=0.4256",trust,primary,9759096F-1119-4E19-A0AD-6F16989C7E1C,1963,5,5,10,76,4,1,32.71666666666667,0.15282730514518594,0.03871625063678044,0.3056546102903719,0.12226184411614874,0.030565461029037184,15.2,16,3.0,4.875,3.0,0.1875,0.396875,81,412,1.0,0.0,0.0,0.8125,16,2.0,5.1875,2.0,0.125,0.3625,88,412,1.0,0.0,0.0625,0.875
val,"r=0.5, tau=0.5, theta=0.4256",trust,primary,9DC38D04-E82E-4F29-AB52-B476535226F2,1902,4,4,8,49,2,2,31.7,0.12618296529968454,0.02576235541535226,0.25236593059936907,0.06309148264984227,0.06309148264984227,12.25,16,2.0,2.9375,2.0,0.125,0.31354166666666666,47,412,1.0,0.0,0.0625,0.875,16,2.0,5.9375,2.0,0.125,0.35416666666666663,102,412,1.0,0.0,0.0,0.875
val,"r=0.5, tau=0.5, theta=0.4256",trust,primary,A5CDF89D-02A2-4EC1-89F8-F534FDABDD96,1179,4,4,8,61,1,1,19.65,0.20356234096692113,0.05173876166242578,0.40712468193384227,0.050890585241730284,0.050890585241730284,15.25,16,2.0,5.8125,2.0,0.0,0.325,92,412,1.0,0.0,0.0,1.0,16,2.5,2.6875,2.5,0.125,0.33125,63,412,1.0,0.0,0.0625,0.875
val,"r=0.5, tau=0.5, theta=0.4256",trust,primary,A76A5AF5-5A93-4CF2-A16E-62353BB70E8A,1475,0,0,0,0,0,0,24.583333333333332,0.0,0.0,0.0,0.0,0.0,,16,2.5,4.0,2.5,0.3125,0.4270833333333333,67,412,1.0,0.0,0.0,0.6875,16,3.0,6.5,3.0,0.3125,0.521875,126,412,0.0,0.0,0.0,0.5625
val,"r=0.5, tau=0.5, theta=0.4256",trust,primary,B09E373F-8A54-44C8-895B-0039390B859F,1598,4,4,8,21,3,2,26.633333333333333,0.15018773466833543,0.013141426783479349,0.30037546933667086,0.11264080100125157,0.07509386733416772,5.25,16,3.0,9.3125,3.0,0.375,0.5614583333333334,170,412,1.0,0.0,0.0,0.625,16,3.0,6.625,3.0,0.1875,0.4625,129,412,1.0,0.0,0.0,0.8125
val,"r=0.5, tau=0.5, theta=0.4256",trust,primary,B9724848-C7E2-45F4-9B3F-A1F38D864495,1487,2,2,4,26,1,1,24.783333333333335,0.08069939475453934,0.017484868863483525,0.16139878950907868,0.04034969737726967,0.04034969737726967,13.0,16,2.0,2.0625,2.0,0.0625,0.259375,33,412,1.0,0.0,0.0,0.9375,16,2.5,3.625,2.5,0.125,0.3458333333333333,73,412,1.0,0.0,0.0,0.8125
val,"r=0.5, tau=0.5, theta=0.4256",trust,primary,BE3CA5A6-A561-4BBD-B7C9-5DF6805400FC,1632,1,1,2,36,0,0,27.2,0.03676470588235294,0.022058823529411766,0.07352941176470588,0.0,0.0,36.0,16,3.0,7.8125,3.0,0.375,0.5322916666666666,125,412,0.5,0.125,0.0,0.625,16,4.5,9.75,4.5,0.375,0.5614583333333334,163,412,1.5,0.125,0.0,0.625
val,"r=0.5, tau=0.5, theta=0.4256",trust,primary,C48CE857-A0DD-4DDB-BEA5-3A25449B2153,977,1,1,2,18,0,0,16.283333333333335,0.06141248720573183,0.01842374616171955,0.12282497441146366,0.0,0.0,18.0,16,2.5,3.8125,2.5,0.1875,0.409375,72,412,1.0,0.0,0.0,0.75,16,3.0,3.5,3.0,0.1875,0.3541666666666667,57,412,1.0,0.0,0.0,0.8125
val,"r=0.5, tau=0.5, theta=0.4256",trust,primary,CA820D43-E5E2-42EF-9798-BE56F776370B,1540,3,3,6,6,3,3,25.666666666666668,0.11688311688311688,0.003896103896103896,0.23376623376623376,0.11688311688311688,0.11688311688311688,2.0,16,2.0,4.6875,2.0,0.1875,0.4010416666666667,74,412,1.0,0.0,0.0,0.75,16,2.5,3.9375,2.0,0.25,0.378125,65,412,1.0,0.0,0.0,0.6875
val,"r=0.5, tau=0.5, theta=0.4256",trust,primary,CDA3BBF7-6631-45E8-85BA-EEB416B32A3C,543,0,0,0,0,0,0,9.05,0.0,0.0,0.0,0.0,0.0,,16,2.0,2.875,2.0,0.1875,0.3333333333333333,46,412,1.0,0.0,0.0,0.8125,16,2.0,2.5625,2.0,0.0,0.296875,63,412,1.0,0.0,0.0,0.875
val,"r=0.5, tau=0.5, theta=0.4256",trust,primary,CF722AA9-2533-4E51-9FEB-9EAC84EE9AAC,694,1,0,1,76,0,0,11.566666666666666,0.08645533141210375,0.10951008645533142,0.08645533141210375,0.0,0.0,76.0,16,3.0,7.5,3.0,0.125,0.40729166666666666,147,412,1.0,0.125,0.125,0.75,16,3.0,5.125,3.0,0.25,0.42916666666666664,81,412,1.0,0.1875,0.1875,0.75
val,"r=0.5, tau=0.5, theta=0.4256",trust,primary,D7D20E2E-FC78-405D-B346-DBD3FD8FC92B,1213,1,1,2,65,0,0,20.216666666666665,0.0494641384995878,0.05358615004122012,0.0989282769991756,0.0,0.0,65.0,16,2.0,2.3125,2.0,0.125,0.29583333333333334,38,412,1.0,0.0,0.0,0.875,16,2.0,3.625,2.0,0.0,0.26979166666666665,58,412,1.0,0.0,0.0,1.0
val,"r=0.5, tau=0.5, theta=0.4256",trust,primary,E65577C1-8D5D-4F70-AF23-B3ADB9D3DBA3,659,4,4,8,46,3,1,10.983333333333333,0.3641881638846738,0.06980273141122914,0.7283763277693476,0.27314112291350534,0.09104704097116845,11.5,16,2.0,4.25,2.0,0.125,0.3802083333333333,96,412,1.0,0.0,0.125,0.8125,16,3.0,7.25,3.0,0.0,0.42604166666666665,162,412,1.0,0.0,0.0,0.9375
val,"r=0.5, tau=0.5, theta=0.4256",trust,primary,ECECC2AB-D32F-4F90-B74C-E12A1C69BBE2,677,1,1,2,14,0,0,11.283333333333333,0.08862629246676514,0.0206794682422452,0.17725258493353027,0.0,0.0,14.0,16,2.0,4.1875,2.0,0.125,0.34270833333333334,67,412,1.0,0.0,0.0,0.875,16,2.0,7.5,2.0,0.25,0.4770833333333333,169,412,1.0,0.0,0.0,0.6875
val,"r=0.5, tau=0.5, theta=0.4256",trust,primary,FDAA70A1-42A3-4E3F-9AE3-3FDA412E03BF,966,2,2,4,33,0,0,16.1,0.12422360248447203,0.034161490683229816,0.24844720496894407,0.0,0.0,16.5,16,2.0,6.75,2.0,0.0625,0.365625,118,412,1.0,0.0,0.0,0.8125,16,2.0,2.6875,2.0,0.0,0.20416666666666666,43,412,1.0,0.0,0.125,1.0
val,"alpha=0.001, beta=0.01336",sprt,primary,00EABED2-271D-49D8-B599-1D4A09240601,428,1,1,2,14,0,0,7.133333333333334,0.14018691588785046,0.03271028037383177,0.2803738317757009,0.0,0.0,14.0,16,1.0,1.625,1.0,0.0625,0.13645833333333332,26,412,1.0,0.0,0.0625,0.9375,16,1.0,2.0,1.0,0.0625,0.18541666666666667,47,412,1.0,0.0,0.0,0.9375
val,"alpha=0.001, beta=0.01336",sprt,primary,098A72A5-E3E5-4F54-A152-BBDA0DF7B694,1330,1,1,2,13,0,0,22.166666666666668,0.045112781954887216,0.009774436090225564,0.09022556390977443,0.0,0.0,13.0,16,1.0,1.9375,1.0,0.1875,0.23958333333333334,31,412,1.0,0.0,0.0625,0.8125,16,1.0,1.1875,1.0,0.0625,0.13854166666666667,19,412,1.0,0.0,0.0,0.9375
val,"alpha=0.001, beta=0.01336",sprt,primary,0A986513-7828-4D53-AA1F-E02D6DF9561B,763,4,4,8,37,1,1,12.716666666666667,0.3145478374836173,0.04849279161205767,0.6290956749672346,0.07863695937090433,0.07863695937090433,9.25,16,1.5,3.0625,1.5,0.1875,0.325,49,412,1.0,0.0,0.0625,0.8125,16,1.0,3.0625,1.0,0.125,0.2729166666666667,57,412,1.0,0.0,0.0,0.875
val,"alpha=0.001, beta=0.01336",sprt,primary,11B5EC4D-4133-4289-B475-4E737182A406,1739,7,7,14,62,3,3,28.983333333333334,0.24151811385853938,0.03565267395054629,0.48303622771707877,0.10350776308223117,0.10350776308223117,8.857142857142858,16,1.5,1.5,1.5,0.1875,0.27499999999999997,24,412,1.0,0.0,0.0625,0.8125,16,1.0,2.5625,1.0,0.125,0.24687499999999998,41,412,1.0,0.0,0.125,0.875
val,"alpha=0.001, beta=0.01336",sprt,primary,136562B6-95B2-483D-88DC-065F28409FD2,1215,4,3,7,78,0,0,20.25,0.19753086419753085,0.06419753086419754,0.345679012345679,0.0,0.0,19.5,16,2.0,4.375,2.0,0.25,0.4114583333333333,70,412,1.0,0.0,0.0,0.75,16,1.0,5.0,1.0,0.0625,0.21666666666666667,88,412,3.5,0.125,0.125,0.875
val,"alpha=0.001, beta=0.01336",sprt,primary,1538C99F-BA1E-4EFB-A949-6C7C47701B20,1281,3,3,6,19,1,1,21.35,0.1405152224824356,0.01483216237314598,0.2810304449648712,0.046838407494145196,0.046838407494145196,6.333333333333333,16,1.0,3.6875,1.0,0.125,0.18229166666666666,59,412,1.0,0.0,0.0625,0.875,16,1.0,0.75,1.0,0.0,0.134375,23,412,1.0,0.0,0.0625,0.9375
val,"alpha=0.001, beta=0.01336",sprt,primary,24E40C4C-A349-4F9F-93AB-01D00FB994AF,925,2,2,4,20,0,0,15.416666666666666,0.12972972972972974,0.021621621621621623,0.2594594594594595,0.0,0.0,10.0,16,2.5,2.6875,2.5,0.1875,0.32395833333333335,52,412,4.0,0.0,0.0,0.8125,16,3.5,7.5,3.5,0.1875,0.44166666666666665,141,412,4.5,0.0,0.0625,0.75
val,"alpha=0.001, beta=0.01336",sprt,primary,2C32C23E-E30C-498A-8DD2-0EFB9150A02E,1674,3,3,6,56,0,0,27.9,0.10752688172043011,0.03345280764635603,0.21505376344086022,0.0,0.0,18.666666666666668,16,1.0,1.3125,1.0,0.0625,0.165625,21,412,1.0,0.0,0.0,0.9375,16,1.0,2.6875,1.0,0.0,0.16354166666666667,43,412,1.0,0.0,0.0,1.0
val,"alpha=0.001, beta=0.01336",sprt,primary,3600D531-0C55-44A7-AE95-A7A38519464E,1017,2,1,3,79,0,0,16.95,0.11799410029498525,0.0776794493608653,0.17699115044247787,0.0,0.0,39.5,16,1.0,2.8125,1.0,0.0625,0.21979166666666666,52,412,1.0,0.0625,0.0,0.9375,16,0.5,1.5,0.5,0.0625,0.109375,24,412,4.0,0.125,0.125,0.9375
val,"alpha=0.001, beta=0.01336",sprt,primary,4FC32141-E888-4BFF-8804-12559A491D8C,958,4,4,8,269,0,0,15.966666666666667,0.25052192066805845,0.2807933194154488,0.5010438413361169,0.0,0.0,67.25,16,2.5,6.625,2.5,0.3125,0.428125,113,412,3.0,0.125,0.375,0.625,16,3.5,4.5625,3.5,0.3125,0.5,121,412,7.0,0.125,0.25,0.5625
val,"alpha=0.001, beta=0.01336",sprt,primary,5119D0F8-FCA8-4184-A4EB-19421A40DE0D,1294,4,4,8,54,0,0,21.566666666666666,0.18547140649149924,0.04173106646058733,0.37094281298299847,0.0,0.0,13.5,16,0.5,0.875,0.5,0.0,0.071875,14,412,1.0,0.0,0.0625,1.0,16,1.0,3.25,1.0,0.0625,0.215625,52,412,1.0,0.0,0.0,0.9375
val,"alpha=0.001, beta=0.01336",sprt,primary,5152A2DF-FAF3-4BA8-9CA9-E66B32671A53,1294,1,0,1,76,0,0,21.566666666666666,0.04636785162287481,0.05873261205564142,0.04636785162287481,0.0,0.0,76.0,16,2.0,8.5625,2.0,0.1875,0.35833333333333334,137,412,2.0,0.0,0.0,0.8125,16,1.0,1.9375,1.0,0.0625,0.22916666666666666,48,412,1.0,0.0,0.0,0.875
val,"alpha=0.001, beta=0.01336",sprt,primary,5EF64122-B513-46AE-BCF1-E62AAC285D2C,753,2,2,4,31,0,0,12.55,0.1593625498007968,0.041168658698539175,0.3187250996015936,0.0,0.0,15.5,16,1.0,1.1875,1.0,0.125,0.19791666666666666,19,412,1.0,0.0,0.0,0.875,16,0.5,0.5,0.5,0.0,0.06145833333333333,9,412,1.0,0.0,0.0,0.9375
val,"alpha=0.001, beta=0.01336",sprt,primary,61976C24-1C50-4355-9C49-AAE44A7D09F6,1717,2,2,4,49,0,0,28.616666666666667,0.06988934187536401,0.028538147932440302,0.13977868375072802,0.0,0.0,24.5,16,1.0,2.1875,1.0,0.0,0.14270833333333333,35,412,1.0,0.0625,0.0,1.0,16,0.5,1.5625,0.5,0.125,0.15,25,412,1.0,0.0,0.0625,0.875
val,"alpha=0.001, beta=0.01336",sprt,primary,78A91A4E-4A51-4065-BDA7-94755F0BB3BB,2370,5,5,10,122,0,0,39.5,0.12658227848101267,0.05147679324894515,0.25316455696202533,0.0,0.0,24.4,16,0.5,1.4375,0.5,0.0625,0.203125,23,412,1.0,0.0,0.0,0.9375,16,1.0,2.625,1.0,0.0625,0.203125,42,412,1.0,0.0,0.0625,0.9375
val,"alpha=0.001, beta=0.01336",sprt,primary,7CE37510-56D0-4120-A1CF-0E23351428D2,1923,7,7,14,61,4,4,32.05,0.21840873634945399,0.031721268850754034,0.43681747269890797,0.12480499219968799,0.12480499219968799,8.714285714285714,16,0.5,1.6875,0.5,0.0625,0.15520833333333334,33,412,1.0,0.0,0.0625,0.875,16,1.0,2.0,1.0,0.0625,0.16041666666666665,32,412,2.5,0.0,0.125,0.9375
val,"alpha=0.001, beta=0.01336",sprt,primary,8023FE1A-D3B0-4E2C-A57A-9321B7FC755F,1808,3,3,6,37,0,0,30.133333333333333,0.09955752212389381,0.020464601769911505,0.19911504424778761,0.0,0.0,12.333333333333334,16,0.0,0.375,0.0,0.0,0.046875,6,412,1.0,0.0,0.0625,1.0,16,0.0,0.5625,0.0,0.0625,0.07604166666666666,9,412,1.0,0.0,0.0,0.9375
val,"alpha=0.001, beta=0.01336",sprt,primary,83CF687B-7CEC-434B-9FE8-00C3D5799BE6,1879,2,2,4,49,0,0,31.316666666666666,0.06386375731772219,0.026077700904736562,0.12772751463544438,0.0,0.0,24.5,16,0.5,0.5625,0.5,0.0,0.04895833333333333,9,412,2.0,0.0,0.0,1.0,16,1.5,5.125,1.5,0.125,0.30625,82,412,2.0,0.0,0.0625,0.875
val,"alpha=0.001, beta=0.01336",sprt,primary,9759096F-1119-4E19-A0AD-6F16989C7E1C,1963,2,2,4,104,0,0,32.71666666666667,0.06113092205807437,0.052980132450331126,0.12226184411614874,0.0,0.0,52.0,16,1.0,3.5625,1.0,0.125,0.2833333333333333,59,412,1.0,0.0,0.0,0.8125,16,1.0,4.875,1.0,0.125,0.2635416666666667,78,412,1.5,0.0625,0.0625,0.875
val,"alpha=0.001, beta=0.01336",sprt,primary,9DC38D04-E82E-4F29-AB52-B476535226F2,1902,3,3,6,89,0,0,31.7,0.09463722397476342,0.04679284963196635,0.18927444794952683,0.0,0.0,29.666666666666668,16,0.5,1.875,0.5,0.125,0.196875,30,412,1.0,0.0,0.1875,0.875,16,1.0,3.875,1.0,0.125,0.221875,62,412,1.0,0.0,0.0625,0.875
val,"alpha=0.001, beta=0.01336",sprt,primary,A5CDF89D-02A2-4EC1-89F8-F534FDABDD96,1179,4,4,8,60,1,1,19.65,0.20356234096692113,0.05089058524173028,0.40712468193384227,0.050890585241730284,0.050890585241730284,15.0,16,1.0,0.75,1.0,0.0,0.134375,49,412,1.0,0.0,0.0,1.0,16,1.5,1.6875,1.5,0.125,0.23541666666666666,37,412,1.0,0.0,0.0625,0.875
val,"alpha=0.001, beta=0.01336",sprt,primary,A76A5AF5-5A93-4CF2-A16E-62353BB70E8A,1475,2,2,4,5,2,2,24.583333333333332,0.08135593220338984,0.003389830508474576,0.16271186440677968,0.08135593220338984,0.08135593220338984,2.5,16,2.5,3.625,2.5,0.3125,0.4,58,412,1.0,0.0,0.0,0.6875,16,2.5,5.1875,2.5,0.25,0.4395833333333333,95,412,2.5,0.0,0.0,0.625
val,"alpha=0.001, beta=0.01336",sprt,primary,B09E373F-8A54-44C8-895B-0039390B859F,1598,8,8,16,145,0,0,26.633333333333333,0.30037546933667086,0.09073842302878599,0.6007509386733417,0.0,0.0,18.125,16,2.5,8.5,2.5,0.3125,0.4427083333333333,145,412,2.5,0.0,0.0,0.6875,16,2.0,3.9375,2.0,0.125,0.35520833333333335,85,412,2.0,0.0,0.0625,0.875
val,"alpha=0.001, beta=0.01336",sprt,primary,B9724848-C7E2-45F4-9B3F-A1F38D864495,1487,6,6,12,48,3,3,24.783333333333335,0.242098184263618,0.03227975790181574,0.484196368527236,0.121049092131809,0.121049092131809,8.0,16,1.0,0.9375,1.0,0.0625,0.11979166666666667,15,412,1.0,0.0,0.0625,0.9375,16,1.5,1.875,1.5,0.0625,0.19479166666666667,30,412,1.0,0.0,0.0,0.9375
val,"alpha=0.001, beta=0.01336",sprt,primary,BE3CA5A6-A561-4BBD-B7C9-5DF6805400FC,1632,2,1,3,342,0,0,27.2,0.07352941176470588,0.20955882352941177,0.11029411764705882,0.0,0.0,171.0,16,3.0,7.6875,3.0,0.375,0.4739583333333333,123,412,3.0,0.1875,0.0625,0.625,16,3.0,6.0625,3.0,0.1875,0.39375,129,412,6.5,0.25,0.3125,0.75
val,"alpha=0.001, beta=0.01336",sprt,primary,C48CE857-A0DD-4DDB-BEA5-3A25449B2153,977,2,2,4,46,0,0,16.283333333333335,0.12282497441146366,0.04708290685772774,0.24564994882292732,0.0,0.0,23.0,16,1.0,2.0625,1.0,0.0625,0.19999999999999998,37,412,1.0,0.0,0.0,0.875,16,2.0,2.375,2.0,0.125,0.25625,38,412,1.0,0.0,0.0,0.875
val,"alpha=0.001, beta=0.01336",sprt,primary,CA820D43-E5E2-42EF-9798-BE56F776370B,1540,6,6,12,50,3,2,25.666666666666668,0.23376623376623376,0.032467532467532464,0.4675324675324675,0.11688311688311688,0.07792207792207792,8.333333333333334,16,2.0,3.8125,2.0,0.125,0.2989583333333333,61,412,1.0,0.0,0.0,0.875,16,1.0,2.5625,1.0,0.125,0.19062500000000002,41,412,2.0,0.0,0.0,0.875
val,"alpha=0.001, beta=0.01336",sprt,primary,CDA3BBF7-6631-45E8-85BA-EEB416B32A3C,543,1,1,2,3,1,1,9.05,0.11049723756906077,0.0055248618784530384,0.22099447513812154,0.11049723756906077,0.11049723756906077,3.0,16,0.0,1.4375,0.0,0.1875,0.196875,23,412,1.0,0.0,0.0,0.8125,16,1.0,0.9375,1.0,0.0,0.15520833333333334,29,412,1.0,0.0,0.0,0.9375
val,"alpha=0.001, beta=0.01336",sprt,primary,CF722AA9-2533-4E51-9FEB-9EAC84EE9AAC,694,1,0,1,76,0,0,11.566666666666666,0.08645533141210375,0.10951008645533142,0.08645533141210375,0.0,0.0,76.0,16,3.0,7.0625,3.0,0.1875,0.36041666666666666,113,412,2.0,0.125,0.125,0.8125,16,3.0,4.9375,3.0,0.1875,0.365625,79,412,2.0,0.1875,0.1875,0.8125
val,"alpha=0.001, beta=0.01336",sprt,primary,D7D20E2E-FC78-405D-B346-DBD3FD8FC92B,1213,2,2,4,65,1,1,20.216666666666665,0.0989282769991756,0.05358615004122012,0.1978565539983512,0.0494641384995878,0.0494641384995878,32.5,16,1.0,1.0,1.0,0.0625,0.15520833333333334,16,412,1.0,0.0,0.0,0.9375,16,0.0,1.3125,0.0,0.0,0.07395833333333333,21,412,1.0,0.0,0.0625,1.0
val,"alpha=0.001, beta=0.01336",sprt,primary,E65577C1-8D5D-4F70-AF23-B3ADB9D3DBA3,659,3,3,6,54,2,1,10.983333333333333,0.27314112291350534,0.0819423368740516,0.5462822458270107,0.1820940819423369,0.09104704097116845,18.0,16,1.0,3.125,1.0,0.125,0.215625,63,412,1.0,0.0,0.125,0.8125,16,2.5,6.5,2.5,0.0,0.290625,136,412,1.0,0.0,0.0,0.9375
val,"alpha=0.001, beta=0.01336",sprt,primary,ECECC2AB-D32F-4F90-B74C-E12A1C69BBE2,677,1,1,2,16,0,0,11.283333333333333,0.08862629246676514,0.023633677991137372,0.17725258493353027,0.0,0.0,16.0,16,1.0,3.0,1.0,0.0625,0.16354166666666667,48,412,1.0,0.0,0.0,0.9375,16,1.0,1.0625,1.0,0.0625,0.17916666666666667,17,412,1.0,0.0,0.0,0.9375
val,"alpha=0.001, beta=0.01336",sprt,primary,FDAA70A1-42A3-4E3F-9AE3-3FDA412E03BF,966,2,2,4,35,0,0,16.1,0.12422360248447203,0.036231884057971016,0.24844720496894407,0.0,0.0,17.5,16,1.0,1.6875,1.0,0.0,0.146875,76,412,1.0,0.0,0.0,0.875,16,1.0,2.0625,1.0,0.0,0.10520833333333333,33,412,2.0,0.0,0.125,1.0
val,"rho=0.0001, theta=0.7685",hmm,primary,00EABED2-271D-49D8-B599-1D4A09240601,428,1,1,2,15,0,0,7.133333333333334,0.14018691588785046,0.035046728971962614,0.2803738317757009,0.0,0.0,15.0,16,1.5,2.375,1.5,0.0,0.21354166666666666,38,412,2.0,0.0,0.0625,1.0,16,1.0,5.0,1.0,0.0625,0.25625,79,412,2.0,0.0,0.0,0.9375
val,"rho=0.0001, theta=0.7685",hmm,primary,098A72A5-E3E5-4F54-A152-BBDA0DF7B694,1330,2,2,4,3,3,2,22.166666666666668,0.09022556390977443,0.002255639097744361,0.18045112781954886,0.13533834586466165,0.09022556390977443,1.5,16,1.0,2.5,1.0,0.1875,0.2833333333333333,40,412,2.0,0.0,0.0,0.8125,16,1.0,1.375,1.0,0.0,0.15208333333333332,22,412,2.0,0.0,0.0,1.0
val,"rho=0.0001, theta=0.7685",hmm,primary,0A986513-7828-4D53-AA1F-E02D6DF9561B,763,3,3,6,32,1,1,12.716666666666667,0.23591087811271297,0.04193971166448231,0.47182175622542594,0.07863695937090433,0.07863695937090433,10.666666666666666,16,1.0,3.5,1.0,0.25,0.3729166666666667,56,412,2.0,0.0,0.0625,0.75,16,1.5,4.1875,1.5,0.125,0.3302083333333333,76,412,2.0,0.0,0.0,0.875
val,"rho=0.0001, theta=0.7685",hmm,primary,11B5EC4D-4133-4289-B475-4E737182A406,1739,5,5,10,39,3,3,28.983333333333334,0.17251293847038526,0.022426682001150087,0.3450258769407705,0.10350776308223117,0.10350776308223117,7.8,16,2.0,2.0,2.0,0.1875,0.28229166666666666,32,412,2.0,0.0,0.0,0.8125,16,1.0,2.6875,1.0,0.125,0.2583333333333333,43,412,2.0,0.0,0.0625,0.875
val,"rho=0.0001, theta=0.7685",hmm,primary,136562B6-95B2-483D-88DC-065F28409FD2,1215,5,4,9,72,1,1,20.25,0.24691358024691357,0.05925925925925926,0.4444444444444444,0.04938271604938271,0.04938271604938271,14.4,16,2.0,4.4375,2.0,0.1875,0.3770833333333333,71,412,2.0,0.0625,0.0625,0.8125,16,1.0,5.9375,1.0,0.1875,0.2791666666666667,95,412,2.5,0.0625,0.0625,0.8125
val,"rho=0.0001, theta=0.7685",hmm,primary,1538C99F-BA1E-4EFB-A949-6C7C47701B20,1281,1,1,2,7,0,0,21.35,0.046838407494145196,0.00546448087431694,0.09367681498829039,0.0,0.0,7.0,16,1.0,3.875,1.0,0.125,0.23229166666666667,62,412,2.0,0.0,0.0625,0.875,16,1.0,1.1875,1.0,0.0625,0.18333333333333332,19,412,2.0,0.0,0.0,0.9375
val,"rho=0.0001, theta=0.7685",hmm,primary,24E40C4C-A349-4F9F-93AB-01D00FB994AF,925,1,1,2,6,0,0,15.416666666666666,0.06486486486486487,0.006486486486486486,0.12972972972972974,0.0,0.0,6.0,16,2.5,3.0,2.5,0.1875,0.325,56,412,4.5,0.0,0.0,0.8125,16,3.0,7.5625,3.0,0.25,0.46875,142,412,3.5,0.0,0.0625,0.6875
val,"rho=0.0001, theta=0.7685",hmm,primary,2C32C23E-E30C-498A-8DD2-0EFB9150A02E,1674,3,3,6,62,1,0,27.9,0.10752688172043011,0.037037037037037035,0.21505376344086022,0.03584229390681004,0.0,20.666666666666668,16,1.0,1.4375,1.0,0.0625,0.171875,23,412,2.0,0.0,0.0,0.9375,16,1.5,3.0,1.5,0.0,0.1875,48,412,2.0,0.0,0.0,1.0
val,"rho=0.0001, theta=0.7685",hmm,primary,3600D531-0C55-44A7-AE95-A7A38519464E,1017,6,5,11,49,5,3,16.95,0.35398230088495575,0.048180924287118974,0.6489675516224189,0.2949852507374631,0.17699115044247787,8.166666666666666,16,1.5,4.5625,1.5,0.0625,0.2791666666666667,72,412,2.0,0.1875,0.0,0.9375,16,1.0,1.9375,1.0,0.1875,0.25625,31,412,7.0,0.125,0.125,0.8125
val,"rho=0.0001, theta=0.7685",hmm,primary,4FC32141-E888-4BFF-8804-12559A491D8C,958,4,3,7,271,0,0,15.966666666666667,0.25052192066805845,0.2828810020876827,0.4384133611691023,0.0,0.0,67.75,16,3.0,6.875,3.0,0.3125,0.4479166666666667,120,412,2.5,0.125,0.375,0.625,16,3.0,4.25,3.0,0.375,0.5010416666666666,118,412,1.0,0.1875,0.25,0.5
val,"rho=0.0001, theta=0.7685",hmm,primary,5119D0F8-FCA8-4184-A4EB-19421A40DE0D,1294,4,4,8,46,1,1,21.566666666666666,0.18547140649149924,0.03554868624420402,0.37094281298299847,0.04636785162287481,0.04636785162287481,11.5,16,1.0,2.25,1.0,0.0625,0.22395833333333334,36,412,2.0,0.0,0.0625,0.9375,16,1.0,3.5625,1.0,0.0625,0.253125,57,412,2.0,0.0,0.0,0.9375
val,"rho=0.0001, theta=0.7685",hmm,primary,5152A2DF-FAF3-4BA8-9CA9-E66B32671A53,1294,1,0,1,76,0,0,21.566666666666666,0.04636785162287481,0.05873261205564142,0.04636785162287481,0.0,0.0,76.0,16,2.5,8.25,2.5,0.1875,0.365625,131,412,2.5,0.0,0.0,0.8125,16,1.0,2.1875,1.0,0.0625,0.23124999999999998,47,412,2.0,0.0,0.0,0.875
val,"rho=0.0001, theta=0.7685",hmm,primary,5EF64122-B513-46AE-BCF1-E62AAC285D2C,753,2,2,4,13,2,1,12.55,0.1593625498007968,0.017264276228419653,0.3187250996015936,0.1593625498007968,0.0796812749003984,6.5,16,1.0,1.4375,1.0,0.125,0.209375,23,412,2.0,0.0,0.0,0.875,16,1.0,1.125,1.0,0.0,0.13333333333333333,18,412,2.0,0.0,0.0,1.0
val,"rho=0.0001, theta=0.7685",hmm,primary,61976C24-1C50-4355-9C49-AAE44A7D09F6,1717,2,2,4,51,0,0,28.616666666666667,0.06988934187536401,0.0297029702970297,0.13977868375072802,0.0,0.0,25.5,16,1.0,3.4375,1.0,0.0625,0.20208333333333334,52,412,2.0,0.0625,0.0,0.9375,16,1.0,2.1875,1.0,0.0625,0.23124999999999998,35,412,2.0,0.0,0.0625,0.9375
val,"rho=0.0001, theta=0.7685",hmm,primary,78A91A4E-4A51-4065-BDA7-94755F0BB3BB,2370,4,4,8,92,2,2,39.5,0.10126582278481013,0.038818565400843885,0.20253164556962025,0.05063291139240506,0.05063291139240506,23.0,16,1.0,2.0,1.0,0.0625,0.23645833333333333,32,412,2.0,0.0,0.0,0.9375,16,2.0,3.25,2.0,0.0625,0.209375,54,412,2.0,0.0,0.0625,0.9375
val,"rho=0.0001, theta=0.7685",hmm,primary,7CE37510-56D0-4120-A1CF-0E23351428D2,1923,4,4,8,49,2,2,32.05,0.12480499219968799,0.02548101924076963,0.24960998439937598,0.062402496099843996,0.062402496099843996,12.25,16,1.0,2.3125,1.0,0.0625,0.22395833333333331,43,412,2.0,0.0,0.0625,0.875,16,1.0,2.5,1.0,0.125,0.228125,40,412,3.0,0.0,0.1875,0.875
val,"rho=0.0001, theta=0.7685",hmm,primary,8023FE1A-D3B0-4E2C-A57A-9321B7FC755F,1808,5,5,10,25,4,3,30.133333333333333,0.16592920353982302,0.013827433628318585,0.33185840707964603,0.13274336283185842,0.09955752212389381,5.0,16,1.0,1.0625,1.0,0.0,0.09791666666666667,17,412,2.0,0.0,0.0625,1.0,16,1.0,1.3125,1.0,0.125,0.20625,21,412,2.0,0.0,0.0,0.875
val,"rho=0.0001, theta=0.7685",hmm,primary,83CF687B-7CEC-434B-9FE8-00C3D5799BE6,1879,5,5,10,66,4,2,31.316666666666666,0.15965939329430548,0.03512506652474721,0.31931878658861096,0.12772751463544438,0.06386375731772219,13.2,16,1.0,1.0,1.0,0.0,0.10104166666666667,16,412,2.5,0.0,0.0625,1.0,16,1.0,4.5625,1.0,0.125,0.2864583333333333,75,412,2.0,0.0,0.0625,0.875
val,"rho=0.0001, theta=0.7685",hmm,primary,9759096F-1119-4E19-A0AD-6F16989C7E1C,1963,5,5,10,106,4,3,32.71666666666667,0.15282730514518594,0.05399898115129903,0.3056546102903719,0.12226184411614874,0.09169638308711156,21.2,16,2.0,3.6875,2.0,0.125,0.30520833333333336,60,412,2.0,0.0,0.0,0.8125,16,1.5,4.75,1.5,0.125,0.2895833333333333,76,412,2.0,0.0625,0.0625,0.875
val,"rho=0.0001, theta=0.7685",hmm,primary,9DC38D04-E82E-4F29-AB52-B476535226F2,1902,4,4,8,89,2,2,31.7,0.12618296529968454,0.04679284963196635,0.25236593059936907,0.06309148264984227,0.06309148264984227,22.25,16,1.0,2.125,1.0,0.125,0.22708333333333333,34,412,2.0,0.0,0.25,0.875,16,2.0,4.75,2.0,0.125,0.29583333333333334,79,412,2.0,0.0,0.0625,0.875
val,"rho=0.0001, theta=0.7685",hmm,primary,A5CDF89D-02A2-4EC1-89F8-F534FDABDD96,1179,4,4,8,64,1,1,19.65,0.20356234096692113,0.0542832909245123,0.40712468193384227,0.050890585241730284,0.050890585241730284,16.0,16,1.0,4.5,1.0,0.0,0.1875,70,412,2.0,0.0,0.0,1.0,16,3.0,2.4375,3.0,0.125,0.28125,50,412,2.0,0.0,0.125,0.875
val,"rho=0.0001, theta=0.7685",hmm,primary,A76A5AF5-5A93-4CF2-A16E-62353BB70E8A,1475,0,0,0,0,0,0,24.583333333333332,0.0,0.0,0.0,0.0,0.0,,16,2.5,3.6875,2.5,0.3125,0.39479166666666665,59,412,1.5,0.0,0.0,0.6875,16,3.0,5.9375,3.0,0.3125,0.45625,94,412,3.0,0.0,0.0,0.6875
val,"rho=0.0001, theta=0.7685",hmm,primary,B09E373F-8A54-44C8-895B-0039390B859F,1598,4,4,8,37,1,1,26.633333333333333,0.15018773466833543,0.023153942428035045,0.30037546933667086,0.03754693366708386,0.03754693366708386,9.25,16,2.5,8.3125,2.5,0.25,0.46770833333333334,134,412,2.5,0.0,0.0,0.6875,16,2.5,5.375,2.5,0.125,0.3333333333333333,86,412,2.0,0.0,0.0625,0.875
val,"rho=0.0001, theta=0.7685",hmm,primary,B9724848-C7E2-45F4-9B3F-A1F38D864495,1487,5,5,10,33,4,4,24.783333333333335,0.20174848688634833,0.02219233355749832,0.40349697377269667,0.16139878950907868,0.16139878950907868,6.6,16,1.0,1.4375,1.0,0.0625,0.17291666666666666,23,412,2.0,0.0,0.0,0.9375,16,1.5,2.6875,1.5,0.125,0.2625,43,412,2.0,0.0,0.0,0.875
val,"rho=0.0001, theta=0.7685",hmm,primary,BE3CA5A6-A561-4BBD-B7C9-5DF6805400FC,1632,2,1,3,362,0,0,27.2,0.07352941176470588,0.22181372549019607,0.11029411764705882,0.0,0.0,181.0,16,3.0,7.375,3.0,0.3125,0.453125,118,412,3.5,0.1875,0.0625,0.6875,16,4.5,10.0,3.5,0.3125,0.49895833333333334,158,412,4.5,0.25,0.3125,0.6875
val,"rho=0.0001, theta=0.7685",hmm,primary,C48CE857-A0DD-4DDB-BEA5-3A25449B2153,977,1,1,2,23,0,0,16.283333333333335,0.06141248720573183,0.02354145342886387,0.12282497441146366,0.0,0.0,23.0,16,2.0,2.9375,2.0,0.1875,0.3229166666666667,49,412,2.0,0.0,0.0,0.75,16,2.0,2.3125,2.0,0.125,0.2375,37,412,2.0,0.0,0.0,0.875
val,"rho=0.0001, theta=0.7685",hmm,primary,CA820D43-E5E2-42EF-9798-BE56F776370B,1540,6,6,12,33,5,4,25.666666666666668,0.23376623376623376,0.02142857142857143,0.4675324675324675,0.1948051948051948,0.15584415584415584,5.5,16,1.0,3.75,1.0,0.125,0.30416666666666664,60,412,2.0,0.0,0.0,0.875,16,1.5,2.375,1.5,0.1875,0.271875,38,412,2.0,0.0,0.0,0.8125
val,"rho=0.0001, theta=0.7685",hmm,primary,CDA3BBF7-6631-45E8-85BA-EEB416B32A3C,543,1,1,2,1,1,1,9.05,0.11049723756906077,0.001841620626151013,0.22099447513812154,0.11049723756906077,0.11049723756906077,1.0,16,1.0,2.125,1.0,0.1875,0.26666666666666666,34,412,2.0,0.0,0.0,0.8125,16,1.0,1.5625,1.0,0.0,0.16145833333333331,36,412,2.0,0.0,0.0,1.0
val,"rho=0.0001, theta=0.7685",hmm,primary,CF722AA9-2533-4E51-9FEB-9EAC84EE9AAC,694,2,1,3,78,1,1,11.566666666666666,0.1729106628242075,0.11239193083573487,0.25936599423631124,0.08645533141210375,0.08645533141210375,39.0,16,2.0,5.375,2.0,0.0625,0.29583333333333334,89,412,2.0,0.125,0.125,0.9375,16,3.0,5.25,3.0,0.3125,0.434375,84,412,2.0,0.1875,0.1875,0.6875
val,"rho=0.0001, theta=0.7685",hmm,primary,D7D20E2E-FC78-405D-B346-DBD3FD8FC92B,1213,3,3,6,67,2,2,20.216666666666665,0.14839241549876342,0.055234954657873044,0.29678483099752684,0.0989282769991756,0.0989282769991756,22.333333333333332,16,1.0,1.6875,1.0,0.125,0.240625,27,412,2.0,0.0,0.0,0.875,16,1.0,2.75,1.0,0.0,0.175,44,412,2.0,0.0,0.0,1.0
val,"rho=0.0001, theta=0.7685",hmm,primary,E65577C1-8D5D-4F70-AF23-B3ADB9D3DBA3,659,3,3,6,55,2,1,10.983333333333333,0.27314112291350534,0.0834597875569044,0.5462822458270107,0.1820940819423369,0.09104704097116845,18.333333333333332,16,1.0,3.8125,1.0,0.125,0.28854166666666664,72,412,2.0,0.0,0.125,0.8125,16,3.0,5.6875,3.0,0.0,0.321875,138,412,2.0,0.0,0.0,0.9375
val,"rho=0.0001, theta=0.7685",hmm,primary,ECECC2AB-D32F-4F90-B74C-E12A1C69BBE2,677,1,1,2,17,0,0,11.283333333333333,0.08862629246676514,0.025110782865583457,0.17725258493353027,0.0,0.0,17.0,16,1.0,3.1875,1.0,0.0625,0.21770833333333334,51,412,2.0,0.0,0.0,0.9375,16,1.0,1.3125,1.0,0.125,0.2125,23,412,2.0,0.0,0.0,0.875
val,"rho=0.0001, theta=0.7685",hmm,primary,FDAA70A1-42A3-4E3F-9AE3-3FDA412E03BF,966,2,2,4,35,0,0,16.1,0.12422360248447203,0.036231884057971016,0.24844720496894407,0.0,0.0,17.5,16,1.0,5.6875,1.0,0.0625,0.21041666666666667,90,412,2.0,0.0,0.0,0.9375,16,1.0,2.125,1.0,0.0,0.13229166666666667,34,412,2.0,0.0,0.125,1.0
val,theta=0.1301,threshold,sensitivity_1,00EABED2-271D-49D8-B599-1D4A09240601,428,5,5,10,17,6,4,7.133333333333334,0.7009345794392523,0.0397196261682243,1.4018691588785046,0.8411214953271028,0.5607476635514018,3.4,16,0.0,3.125,0.0,0.0,0.16458333333333333,86,412,0.0,0.0,0.0625,0.875,16,0.0,4.125,0.0,0.0625,0.13645833333333335,100,412,0.0,0.0,0.0,0.875
val,theta=0.1301,threshold,sensitivity_1,098A72A5-E3E5-4F54-A152-BBDA0DF7B694,1330,5,5,10,6,6,5,22.166666666666668,0.22556390977443608,0.004511278195488722,0.45112781954887216,0.2706766917293233,0.22556390977443608,1.2,16,0.0,3.125,0.0,0.25,0.31875,103,412,0.0,0.0,0.0,0.5625,16,0.0,0.875,0.0,0.0,0.12291666666666667,78,412,0.0,0.0,0.0,0.9375
val,theta=0.1301,threshold,sensitivity_1,0A986513-7828-4D53-AA1F-E02D6DF9561B,763,13,13,26,30,16,12,12.716666666666667,1.0222804718217562,0.039318479685452164,2.0445609436435124,1.2581913499344692,0.9436435124508519,2.3076923076923075,16,0.0,3.0,0.0,0.1875,0.27291666666666664,62,412,0.0,0.0,0.0,0.75,16,0.0,4.8125,0.0,0.125,0.28229166666666666,108,412,0.0,0.0,0.0,0.8125
val,theta=0.1301,threshold,sensitivity_1,11B5EC4D-4133-4289-B475-4E737182A406,1739,14,14,28,18,19,14,28.983333333333334,0.48303622771707877,0.010350776308223116,0.9660724554341575,0.6555491661874641,0.48303622771707877,1.2857142857142858,16,1.0,3.375,0.0,0.3125,0.3145833333333333,63,412,0.0,0.0,0.0,0.625,16,0.0,2.75,0.0,0.125,0.25104166666666666,77,412,0.0,0.0,0.0,0.6875
val,theta=0.1301,threshold,sensitivity_1,136562B6-95B2-483D-88DC-065F28409FD2,1215,8,8,16,20,9,7,20.25,0.3950617283950617,0.01646090534979424,0.7901234567901234,0.4444444444444444,0.345679012345679,2.5,16,1.0,9.6875,0.0,0.25,0.47708333333333336,210,412,0.0,0.0,0.0,0.5,16,2.0,9.375,0.0,0.3125,0.46041666666666664,206,412,0.0,0.0,0.0,0.625
val,theta=0.1301,threshold,sensitivity_1,1538C99F-BA1E-4EFB-A949-6C7C47701B20,1281,11,11,22,11,13,11,21.35,0.5152224824355972,0.00858704137392662,1.0304449648711944,0.6088992974238876,0.5152224824355972,1.0,16,0.0,4.3125,0.0,0.125,0.20937499999999998,95,412,0.0,0.0,0.0625,0.8125,16,0.0,0.25,0.0,0.0,0.18645833333333334,83,412,0.0,0.0,0.0625,0.8125
val,theta=0.1301,threshold,sensitivity_1,24E40C4C-A349-4F9F-93AB-01D00FB994AF,925,8,8,16,8,9,8,15.416666666666666,0.518918918918919,0.008648648648648649,1.037837837837838,0.5837837837837838,0.518918918918919,1.0,16,1.0,5.875,0.0,0.25,0.36875,123,412,0.0,0.0,0.0,0.75,16,4.0,9.625,2.5,0.25,0.540625,238,412,0.0,0.0,0.0,0.5
val,theta=0.1301,threshold,sensitivity_1,2C32C23E-E30C-498A-8DD2-0EFB9150A02E,1674,15,15,30,31,23,14,27.9,0.5376344086021506,0.018518518518518517,1.0752688172043012,0.8243727598566308,0.5017921146953406,2.066666666666667,16,0.0,1.5625,0.0,0.0625,0.11666666666666667,28,412,0.0,0.0,0.0,0.875,16,1.0,3.875,0.0,0.0625,0.20520833333333333,103,412,0.0,0.0,0.0,0.625
val,theta=0.1301,threshold,sensitivity_1,3600D531-0C55-44A7-AE95-A7A38519464E,1017,9,9,18,11,12,9,16.95,0.5309734513274337,0.010816125860373648,1.0619469026548674,0.7079646017699115,0.5309734513274337,1.2222222222222223,16,1.5,11.1875,0.0,0.3125,0.37395833333333334,193,412,0.0,0.0,0.0,0.625,16,0.0,2.4375,0.0,0.1875,0.409375,168,412,0.0,0.0,0.0625,0.5625
val,theta=0.1301,threshold,sensitivity_1,4FC32141-E888-4BFF-8804-12559A491D8C,958,0,0,0,0,0,0,15.966666666666667,0.0,0.0,0.0,0.0,0.0,,16,11.5,22.4375,10.0,0.875,0.953125,398,412,0.0,0.0,0.0,0.0,16,10.0,23.6875,8.0,0.8125,0.828125,366,412,0.0,0.0,0.0,0.1875
val,theta=0.1301,threshold,sensitivity_1,5119D0F8-FCA8-4184-A4EB-19421A40DE0D,1294,13,13,26,32,19,12,21.566666666666666,0.6027820710973725,0.02472952086553323,1.205564142194745,0.8809891808346213,0.5564142194744977,2.4615384615384617,16,0.0,3.125,0.0,0.0,0.16041666666666665,65,412,0.0,0.0,0.0625,0.875,16,0.0,3.25,0.0,0.125,0.20208333333333334,79,412,0.0,0.0,0.0,0.875
val,theta=0.1301,threshold,sensitivity_1,5152A2DF-FAF3-4BA8-9CA9-E66B32671A53,1294,10,10,20,18,16,10,21.566666666666666,0.46367851622874806,0.013910355486862442,0.9273570324574961,0.7418856259659969,0.46367851622874806,1.8,16,1.0,8.75,0.0,0.3125,0.36875,159,412,0.0,0.0,0.0,0.625,16,0.0,2.5,0.0,0.125,0.165625,59,412,0.0,0.0,0.0,0.8125
val,theta=0.1301,threshold,sensitivity_1,5EF64122-B513-46AE-BCF1-E62AAC285D2C,753,6,6,12,8,7,6,12.55,0.4780876494023904,0.010624169986719787,0.9561752988047808,0.5577689243027888,0.4780876494023904,1.3333333333333333,16,0.0,0.5,0.0,0.125,0.12916666666666665,33,412,0.0,0.0,0.0,0.8125,16,0.0,0.625,0.0,0.0625,0.07083333333333333,28,412,0.0,0.0,0.0,0.875
val,theta=0.1301,threshold,sensitivity_1,61976C24-1C50-4355-9C49-AAE44A7D09F6,1717,19,19,38,27,32,18,28.616666666666667,0.663948747815958,0.0157251019219569,1.327897495631916,1.1182294700058242,0.6290040768782761,1.4210526315789473,16,0.0,4.8125,0.0,0.0625,0.165625,78,412,0.0,0.0,0.0,0.875,16,1.0,3.25,0.0,0.125,0.30416666666666664,149,412,0.0,0.0,0.0,0.6875
val,theta=0.1301,threshold,sensitivity_1,78A91A4E-4A51-4065-BDA7-94755F0BB3BB,2370,29,29,58,56,41,26,39.5,0.7341772151898734,0.02362869198312236,1.4683544303797469,1.0379746835443038,0.6582278481012658,1.9310344827586208,16,0.0,2.625,0.0,0.125,0.21875,67,412,0.0,0.0,0.0,0.875,16,0.0,6.125,0.0,0.125,0.32916666666666666,170,412,0.0,0.0,0.0,0.5
val,theta=0.1301,threshold,sensitivity_1,7CE37510-56D0-4120-A1CF-0E23351428D2,1923,17,17,34,20,21,17,32.05,0.530421216848674,0.010400416016640665,1.060842433697348,0.655226209048362,0.530421216848674,1.1764705882352942,16,0.0,5.0,0.0,0.1875,0.225,82,412,0.0,0.0,0.0,0.75,16,0.0,2.625,0.0,0.1875,0.2989583333333333,105,412,0.0,0.0,0.125,0.75
val,theta=0.1301,threshold,sensitivity_1,8023FE1A-D3B0-4E2C-A57A-9321B7FC755F,1808,7,7,14,15,7,6,30.133333333333333,0.2323008849557522,0.008296460176991151,0.4646017699115044,0.2323008849557522,0.19911504424778761,2.142857142857143,16,0.0,2.9375,0.0,0.0,0.08958333333333333,59,412,0.0,0.0,0.0,0.8125,16,0.0,0.3125,0.0,0.0625,0.10625,20,412,0.0,0.0,0.0,0.8125
val,theta=0.1301,threshold,sensitivity_1,83CF687B-7CEC-434B-9FE8-00C3D5799BE6,1879,13,13,26,14,20,13,31.316666666666666,0.41511442256519426,0.007450771687067589,0.8302288451303885,0.6386375731772219,0.41511442256519426,1.0769230769230769,16,0.0,0.125,0.0,0.0,0.059375,22,412,0.0,0.0,0.0,0.9375,16,0.0,4.625,0.0,0.1875,0.24375,98,412,0.0,0.0,0.0,0.75
val,theta=0.1301,threshold,sensitivity_1,9759096F-1119-4E19-A0AD-6F16989C7E1C,1963,25,25,50,26,31,25,32.71666666666667,0.7641365257259296,0.013245033112582781,1.5282730514518592,0.9475292919001528,0.7641365257259296,1.04,16,2.5,8.625,0.0,0.375,0.4354166666666667,197,412,0.0,0.0,0.0625,0.4375,16,0.0,8.1875,0.0,0.125,0.353125,174,412,0.0,0.0,0.0625,0.6875
val,theta=0.1301,threshold,sensitivity_1,9DC38D04-E82E-4F29-AB52-B476535226F2,1902,14,14,28,15,18,14,31.7,0.44164037854889593,0.007886435331230283,0.8832807570977919,0.5678233438485805,0.44164037854889593,1.0714285714285714,16,0.0,4.625,0.0,0.1875,0.23125,85,412,0.0,0.0,0.0,0.8125,16,0.0,5.3125,0.0,0.1875,0.3145833333333333,130,412,0.0,0.0,0.0,0.6875
val,theta=0.1301,threshold,sensitivity_1,A5CDF89D-02A2-4EC1-89F8-F534FDABDD96,1179,14,14,28,28,16,13,19.65,0.712468193384224,0.02374893977947413,1.424936386768448,0.8142493638676845,0.6615776081424937,2.0,16,0.0,3.875,0.0,0.0625,0.15104166666666669,91,412,0.0,0.0,0.0,0.8125,16,3.0,3.75,0.0,0.125,0.3,108,412,0.0,0.0,0.0625,0.6875
val,theta=0.1301,threshold,sensitivity_1,A76A5AF5-5A93-4CF2-A16E-62353BB70E8A,1475,9,9,18,9,13,9,24.583333333333332,0.36610169491525424,0.006101694915254237,0.7322033898305085,0.5288135593220339,0.36610169491525424,1.0,16,2.0,6.375,0.0,0.375,0.471875,123,412,0.0,0.0,0.0,0.5625,16,2.5,5.6875,2.5,0.3125,0.515625,135,412,0.0,0.0,0.0,0.5
val,theta=0.1301,threshold,sensitivity_1,B09E373F-8A54-44C8-895B-0039390B859F,1598,20,20,40,24,29,20,26.633333333333333,0.7509386733416771,0.015018773466833541,1.5018773466833542,1.0888610763454318,0.7509386733416771,1.2,16,3.0,8.5625,0.0,0.3125,0.49895833333333334,179,412,0.0,0.0,0.0,0.5625,16,3.0,8.3125,0.5,0.25,0.4770833333333333,209,412,0.0,0.0,0.0,0.4375
val,theta=0.1301,threshold,sensitivity_1,B9724848-C7E2-45F4-9B3F-A1F38D864495,1487,28,28,56,33,37,28,24.783333333333335,1.1297915265635508,0.02219233355749832,2.2595830531271015,1.4929388029589776,1.1297915265635508,1.1785714285714286,16,0.0,0.6875,0.0,0.125,0.13958333333333334,52,412,0.0,0.0,0.0,0.8125,16,0.5,3.375,0.0,0.0625,0.25416666666666665,95,412,0.0,0.0,0.0,0.8125
val,theta=0.1301,threshold,sensitivity_1,BE3CA5A6-A561-4BBD-B7C9-5DF6805400FC,1632,1,1,2,1,1,1,27.2,0.03676470588235294,0.0006127450980392157,0.07352941176470588,0.03676470588235294,0.03676470588235294,1.0,16,3.0,12.5625,3.0,0.625,0.6520833333333333,234,412,0.0,0.0,0.0,0.3125,16,10.0,18.0,8.5,0.6875,0.80625,303,412,0.0,0.0,0.0,0.125
val,theta=0.1301,threshold,sensitivity_1,C48CE857-A0DD-4DDB-BEA5-3A25449B2153,977,3,3,6,3,3,3,16.283333333333335,0.18423746161719548,0.0030706243602865915,0.36847492323439096,0.18423746161719548,0.18423746161719548,1.0,16,1.5,2.9375,0.0,0.1875,0.3177083333333333,136,412,0.0,0.0,0.0,0.5,16,3.0,3.9375,0.0,0.1875,0.31145833333333334,111,412,0.0,0.0,0.0,0.6875
val,theta=0.1301,threshold,sensitivity_1,CA820D43-E5E2-42EF-9798-BE56F776370B,1540,25,25,50,29,31,25,25.666666666666668,0.974025974025974,0.01883116883116883,1.948051948051948,1.2077922077922076,0.974025974025974,1.16,16,0.5,7.0625,0.0,0.1875,0.29375,112,412,0.0,0.0,0.0625,0.75,16,0.0,2.5625,0.0,0.25,0.29583333333333334,103,412,0.0,0.0,0.0,0.625
val,theta=0.1301,threshold,sensitivity_1,CDA3BBF7-6631-45E8-85BA-EEB416B32A3C,543,4,3,7,5,3,3,9.05,0.4419889502762431,0.009208103130755065,0.7734806629834253,0.3314917127071823,0.3314917127071823,1.25,16,0.0,1.3125,0.0,0.1875,0.20833333333333334,46,412,0.0,0.0,0.0625,0.75,16,0.0,1.25,0.0,0.0,0.09479166666666666,50,412,0.0,0.0,0.0,0.9375
val,theta=0.1301,threshold,sensitivity_1,CF722AA9-2533-4E51-9FEB-9EAC84EE9AAC,694,10,10,20,16,15,10,11.566666666666666,0.8645533141210375,0.023054755043227664,1.729106628242075,1.2968299711815563,0.8645533141210375,1.6,16,2.5,15.75,0.5,0.3125,0.5427083333333333,290,412,0.0,0.0,0.0,0.375,16,6.5,15.375,1.5,0.5,0.6010416666666667,265,412,0.0,0.0,0.0625,0.375
val,theta=0.1301,threshold,sensitivity_1,D7D20E2E-FC78-405D-B346-DBD3FD8FC92B,1213,11,11,22,21,15,10,20.216666666666665,0.5441055234954658,0.01731244847485573,1.0882110469909316,0.741962077493817,0.494641384995878,1.9090909090909092,16,0.0,0.8125,0.0,0.125,0.240625,109,412,0.0,0.0,0.0,0.6875,16,0.0,2.625,0.0,0.0625,0.115625,69,412,0.0,0.0,0.0625,0.875
val,theta=0.1301,threshold,sensitivity_1,E65577C1-8D5D-4F70-AF23-B3ADB9D3DBA3,659,11,11,22,18,16,11,10.983333333333333,1.0015174506828528,0.027314112291350532,2.0030349013657056,1.4567526555386952,1.0015174506828528,1.6363636363636365,16,0.0,4.5625,0.0,0.125,0.3020833333333333,126,412,0.0,0.0,0.0,0.75,16,6.0,10.0,0.0,0.0625,0.39375,239,412,0.0,0.0,0.0,0.8125
val,theta=0.1301,threshold,sensitivity_1,ECECC2AB-D32F-4F90-B74C-E12A1C69BBE2,677,5,5,10,9,7,5,11.283333333333333,0.4431314623338257,0.013293943870014771,0.8862629246676514,0.620384047267356,0.4431314623338257,1.8,16,0.0,2.875,0.0,0.0625,0.11041666666666666,48,412,0.0,0.0,0.0,0.9375,16,0.0,0.4375,0.0,0.0625,0.2677083333333333,140,412,0.0,0.0,0.0,0.6875
val,theta=0.1301,threshold,sensitivity_1,FDAA70A1-42A3-4E3F-9AE3-3FDA412E03BF,966,6,6,12,20,7,5,16.1,0.37267080745341613,0.020703933747412008,0.7453416149068323,0.43478260869565216,0.3105590062111801,3.3333333333333335,16,0.0,8.375,0.0,0.1875,0.30104166666666665,165,412,0.0,0.0,0.0625,0.625,16,0.0,3.4375,0.0,0.125,0.17291666666666666,57,412,0.0,0.0,0.125,0.8125
val,"k=3, theta=0.3543",moving_average,sensitivity_1,00EABED2-271D-49D8-B599-1D4A09240601,428,3,3,6,17,2,2,7.133333333333334,0.4205607476635514,0.0397196261682243,0.8411214953271028,0.2803738317757009,0.2803738317757009,5.666666666666667,16,1.0,1.8125,1.0,0.0,0.21666666666666667,43,412,1.0,0.0,0.0625,1.0,16,1.0,5.0625,1.0,0.0625,0.23854166666666665,79,412,1.0,0.0,0.0,0.9375
val,"k=3, theta=0.3543",moving_average,sensitivity_1,098A72A5-E3E5-4F54-A152-BBDA0DF7B694,1330,7,7,14,12,9,7,22.166666666666668,0.3157894736842105,0.009022556390977444,0.631578947368421,0.40601503759398494,0.3157894736842105,1.7142857142857142,16,1.0,2.3125,1.0,0.125,0.30625,77,412,1.0,0.0,0.0,0.75,16,1.0,1.25,1.0,0.0,0.17604166666666665,45,412,1.0,0.0,0.0,1.0
val,"k=3, theta=0.3543",moving_average,sensitivity_1,0A986513-7828-4D53-AA1F-E02D6DF9561B,763,6,6,12,32,6,5,12.716666666666667,0.47182175622542594,0.04193971166448231,0.9436435124508519,0.47182175622542594,0.3931847968545216,5.333333333333333,16,1.0,2.75,1.0,0.0625,0.26979166666666665,47,412,1.0,0.0,0.0,0.875,16,1.5,3.3125,1.0,0.125,0.3375,85,412,1.0,0.0,0.0,0.75
val,"k=3, theta=0.3543",moving_average,sensitivity_1,11B5EC4D-4133-4289-B475-4E737182A406,1739,16,16,32,45,18,14,28.983333333333334,0.5520414031052329,0.025876940770557792,1.1040828062104657,0.621046578493387,0.48303622771707877,2.8125,16,2.0,1.625,2.0,0.0625,0.271875,46,412,0.0,0.0,0.0625,0.8125,16,1.0,2.5,1.0,0.0625,0.24791666666666665,47,412,1.0,0.0,0.0625,0.8125
val,"k=3, theta=0.3543",moving_average,sensitivity_1,136562B6-95B2-483D-88DC-065F28409FD2,1215,14,14,28,56,12,10,20.25,0.691358024691358,0.04609053497942387,1.382716049382716,0.5925925925925926,0.49382716049382713,4.0,16,2.0,3.5625,2.0,0.125,0.36979166666666663,82,412,1.0,0.0,0.0625,0.875,16,1.0,4.625,1.0,0.0625,0.3239583333333333,128,412,1.0,0.0,0.0,0.875
val,"k=3, theta=0.3543",moving_average,sensitivity_1,1538C99F-BA1E-4EFB-A949-6C7C47701B20,1281,8,8,16,14,8,8,21.35,0.37470725995316156,0.01092896174863388,0.7494145199063231,0.37470725995316156,0.37470725995316156,1.75,16,1.0,3.75,1.0,0.0625,0.23020833333333332,69,412,1.0,0.0,0.0625,0.9375,16,1.0,1.0625,1.0,0.0,0.22291666666666665,66,412,1.0,0.0,0.125,0.9375
val,"k=3, theta=0.3543",moving_average,sensitivity_1,24E40C4C-A349-4F9F-93AB-01D00FB994AF,925,12,12,24,20,17,12,15.416666666666666,0.7783783783783784,0.021621621621621623,1.5567567567567568,1.1027027027027028,0.7783783783783784,1.6666666666666667,16,2.0,2.5,2.0,0.1875,0.32708333333333334,59,412,1.0,0.0,0.0,0.8125,16,2.0,3.5,2.0,0.125,0.440625,159,412,0.5,0.0,0.0625,0.8125
val,"k=3, theta=0.3543",moving_average,sensitivity_1,2C32C23E-E30C-498A-8DD2-0EFB9150A02E,1674,7,7,14,45,8,5,27.9,0.2508960573476703,0.026881720430107527,0.5017921146953406,0.28673835125448033,0.17921146953405018,6.428571428571429,16,1.0,1.125,1.0,0.0,0.13854166666666665,18,412,1.0,0.0,0.0,1.0,16,1.0,1.9375,1.0,0.0,0.21354166666666666,73,412,0.5,0.0,0.0,0.8125
val,"k=3, theta=0.3543",moving_average,sensitivity_1,3600D531-0C55-44A7-AE95-A7A38519464E,1017,11,11,22,33,10,9,16.95,0.6489675516224189,0.032448377581120944,1.2979351032448379,0.5899705014749262,0.5309734513274337,3.0,16,1.0,2.6875,1.0,0.0625,0.3020833333333333,107,412,0.5,0.0,0.0,0.8125,16,1.0,1.4375,1.0,0.0625,0.25937499999999997,59,412,1.0,0.0,0.125,0.8125
val,"k=3, theta=0.3543",moving_average,sensitivity_1,4FC32141-E888-4BFF-8804-12559A491D8C,958,22,22,44,99,24,16,15.966666666666667,1.3778705636743216,0.10334029227557412,2.755741127348643,1.5031315240083507,1.0020876826722338,4.5,16,4.0,10.25,3.0,0.25,0.5989583333333333,223,412,0.0,0.0,0.0625,0.5625,16,3.5,9.625,2.0,0.25,0.4822916666666667,225,412,0.0,0.0,0.125,0.625
val,"k=3, theta=0.3543",moving_average,sensitivity_1,5119D0F8-FCA8-4184-A4EB-19421A40DE0D,1294,6,6,12,53,3,2,21.566666666666666,0.2782071097372488,0.04095826893353941,0.5564142194744977,0.1391035548686244,0.09273570324574962,8.833333333333334,16,1.0,1.8125,1.0,0.0,0.19999999999999998,44,412,1.0,0.0,0.0625,1.0,16,1.0,3.1875,1.0,0.0,0.22604166666666667,60,412,1.0,0.0,0.0,1.0
val,"k=3, theta=0.3543",moving_average,sensitivity_1,5152A2DF-FAF3-4BA8-9CA9-E66B32671A53,1294,15,15,30,55,18,12,21.566666666666666,0.6955177743431221,0.04250386398763524,1.3910355486862442,0.8346213292117465,0.5564142194744977,3.6666666666666665,16,1.0,7.0,1.0,0.1875,0.390625,143,412,1.0,0.0,0.0,0.6875,16,1.0,1.8125,1.0,0.0625,0.2520833333333333,61,412,1.0,0.0,0.0,0.875
val,"k=3, theta=0.3543",moving_average,sensitivity_1,5EF64122-B513-46AE-BCF1-E62AAC285D2C,753,2,2,4,3,2,2,12.55,0.1593625498007968,0.00398406374501992,0.3187250996015936,0.1593625498007968,0.1593625498007968,1.5,16,1.0,1.25,1.0,0.0,0.16770833333333332,21,412,1.0,0.0,0.0,1.0,16,1.0,1.125,1.0,0.0,0.140625,25,412,1.0,0.0,0.0,0.9375
val,"k=3, theta=0.3543",moving_average,sensitivity_1,61976C24-1C50-4355-9C49-AAE44A7D09F6,1717,6,6,12,51,5,3,28.616666666666667,0.20966802562609202,0.0297029702970297,0.41933605125218404,0.17472335468841002,0.10483401281304601,8.5,16,1.0,3.25,1.0,0.0625,0.20729166666666668,55,412,1.0,0.0,0.0,0.875,16,1.0,1.8125,1.0,0.0625,0.31979166666666664,111,412,0.5,0.0,0.0625,0.8125
val,"k=3, theta=0.3543",moving_average,sensitivity_1,78A91A4E-4A51-4065-BDA7-94755F0BB3BB,2370,17,17,34,87,21,14,39.5,0.43037974683544306,0.03670886075949367,0.8607594936708861,0.5316455696202531,0.35443037974683544,5.117647058823529,16,1.0,1.75,1.0,0.0,0.20833333333333331,35,412,1.0,0.0,0.0,1.0,16,1.0,3.0,1.0,0.0625,0.271875,92,412,0.0,0.0,0.0,0.6875
val,"k=3, theta=0.3543",moving_average,sensitivity_1,7CE37510-56D0-4120-A1CF-0E23351428D2,1923,16,16,32,47,18,14,32.05,0.49921996879875197,0.024440977639105563,0.9984399375975039,0.561622464898596,0.43681747269890797,2.9375,16,1.0,1.5,1.0,0.0,0.21875,58,412,1.0,0.0,0.0625,0.9375,16,1.5,2.3125,1.0,0.0,0.23854166666666665,58,412,1.0,0.0,0.125,0.875
val,"k=3, theta=0.3543",moving_average,sensitivity_1,8023FE1A-D3B0-4E2C-A57A-9321B7FC755F,1808,12,12,24,42,14,10,30.133333333333333,0.39823008849557523,0.023230088495575223,0.7964601769911505,0.4646017699115044,0.33185840707964603,3.5,16,1.0,0.9375,1.0,0.0,0.09375,32,412,1.0,0.0,0.125,0.9375,16,1.0,1.125,1.0,0.0,0.17083333333333334,22,412,1.0,0.0,0.0625,0.875
val,"k=3, theta=0.3543",moving_average,sensitivity_1,83CF687B-7CEC-434B-9FE8-00C3D5799BE6,1879,8,8,16,48,7,5,31.316666666666666,0.25545502927088876,0.025545502927088876,0.5109100585417775,0.22352315061202768,0.15965939329430548,6.0,16,1.0,1.0625,1.0,0.0,0.13333333333333333,28,412,1.0,0.0,0.0,1.0,16,1.0,3.5625,1.0,0.125,0.253125,67,412,1.0,0.0,0.0625,0.8125
val,"k=3, theta=0.3543",moving_average,sensitivity_1,9759096F-1119-4E19-A0AD-6F16989C7E1C,1963,26,26,52,68,32,23,32.71666666666667,0.7947019867549668,0.034640855832908816,1.5894039735099337,0.9780947529291899,0.7030056036678553,2.6153846153846154,16,1.5,3.6875,1.5,0.0625,0.33229166666666665,106,412,0.0,0.0,0.0,0.75,16,1.0,3.875,1.0,0.0,0.26666666666666666,98,412,1.0,0.0,0.0625,0.9375
val,"k=3, theta=0.3543",moving_average,sensitivity_1,9DC38D04-E82E-4F29-AB52-B476535226F2,1902,16,16,32,55,21,13,31.7,0.5047318611987381,0.028916929547844375,1.0094637223974763,0.6624605678233438,0.41009463722397477,3.4375,16,1.0,1.875,1.0,0.0625,0.20520833333333333,34,412,1.0,0.0,0.125,0.9375,16,2.0,5.125,2.0,0.125,0.35520833333333335,108,412,0.0,0.0,0.0625,0.8125
val,"k=3, theta=0.3543",moving_average,sensitivity_1,A5CDF89D-02A2-4EC1-89F8-F534FDABDD96,1179,10,10,20,54,10,6,19.65,0.5089058524173028,0.04580152671755725,1.0178117048346056,0.5089058524173028,0.3053435114503817,5.4,16,1.0,3.6875,1.0,0.0,0.2125,77,412,1.0,0.0,0.0,0.9375,16,2.0,2.4375,2.0,0.0625,0.28020833333333334,73,412,1.0,0.0,0.0625,0.9375
val,"k=3, theta=0.3543",moving_average,sensitivity_1,A76A5AF5-5A93-4CF2-A16E-62353BB70E8A,1475,6,6,12,9,6,6,24.583333333333332,0.2440677966101695,0.006101694915254237,0.488135593220339,0.2440677966101695,0.2440677966101695,1.5,16,2.0,3.25,2.0,0.25,0.3885416666666667,80,412,1.0,0.0,0.0,0.6875,16,2.0,4.625,2.0,0.25,0.4510416666666667,108,412,0.5,0.0,0.0,0.5625
val,"k=3, theta=0.3543",moving_average,sensitivity_1,B09E373F-8A54-44C8-895B-0039390B859F,1598,20,20,40,54,22,18,26.633333333333333,0.7509386733416771,0.03379224030037547,1.5018773466833542,0.8260325406758449,0.6758448060075094,2.7,16,1.0,8.1875,1.0,0.25,0.434375,152,412,0.0,0.0,0.0,0.6875,16,2.0,4.9375,2.0,0.0625,0.35625,126,412,0.0,0.0,0.0,0.75
val,"k=3, theta=0.3543",moving_average,sensitivity_1,B9724848-C7E2-45F4-9B3F-A1F38D864495,1487,14,14,28,38,15,13,24.783333333333335,0.5648957632817754,0.025554808338937456,1.1297915265635508,0.605245460659045,0.5245460659045057,2.7142857142857144,16,1.0,1.3125,1.0,0.0,0.18020833333333333,30,412,1.0,0.0,0.0,0.9375,16,2.0,1.875,2.0,0.0625,0.2739583333333333,68,412,0.5,0.0,0.0625,0.8125
val,"k=3, theta=0.3543",moving_average,sensitivity_1,BE3CA5A6-A561-4BBD-B7C9-5DF6805400FC,1632,16,16,32,38,19,14,27.2,0.5882352941176471,0.023284313725490197,1.1764705882352942,0.698529411764706,0.5147058823529412,2.375,16,2.0,6.375,2.0,0.25,0.39375,106,412,0.0,0.0,0.0,0.75,16,3.0,7.6875,2.0,0.375,0.4302083333333333,129,412,0.0,0.0,0.0625,0.5625
val,"k=3, theta=0.3543",moving_average,sensitivity_1,C48CE857-A0DD-4DDB-BEA5-3A25449B2153,977,7,7,14,29,7,6,16.283333333333335,0.4298874104401228,0.02968270214943705,0.8597748208802456,0.4298874104401228,0.36847492323439096,4.142857142857143,16,1.5,2.625,1.5,0.0,0.3,90,412,0.5,0.0,0.0,0.875,16,2.0,1.5625,2.0,0.0,0.2520833333333333,77,412,1.0,0.0,0.0,0.9375
val,"k=3, theta=0.3543",moving_average,sensitivity_1,CA820D43-E5E2-42EF-9798-BE56F776370B,1540,19,19,38,47,24,19,25.666666666666668,0.7402597402597402,0.03051948051948052,1.4805194805194803,0.935064935064935,0.7402597402597402,2.473684210526316,16,1.0,2.8125,1.0,0.0625,0.26666666666666666,57,412,1.0,0.0,0.0625,0.8125,16,1.0,2.125,1.0,0.1875,0.30416666666666664,70,412,1.0,0.0,0.0,0.75
val,"k=3, theta=0.3543",moving_average,sensitivity_1,CDA3BBF7-6631-45E8-85BA-EEB416B32A3C,543,2,2,4,2,2,2,9.05,0.22099447513812154,0.003683241252302026,0.4419889502762431,0.22099447513812154,0.22099447513812154,1.0,16,1.0,1.9375,1.0,0.125,0.25625,45,412,1.0,0.0,0.0,0.8125,16,1.0,1.5,1.0,0.0,0.16979166666666667,47,412,1.0,0.0,0.0,0.9375
val,"k=3, theta=0.3543",moving_average,sensitivity_1,CF722AA9-2533-4E51-9FEB-9EAC84EE9AAC,694,10,9,19,94,12,8,11.566666666666666,0.8645533141210375,0.13544668587896252,1.6426512968299711,1.037463976945245,0.69164265129683,9.4,16,2.0,3.6875,2.0,0.0,0.3260416666666667,138,412,0.0,0.0625,0.125,0.8125,16,2.0,4.3125,2.0,0.125,0.38958333333333334,123,412,0.0,0.0625,0.1875,0.625
val,"k=3, theta=0.3543",moving_average,sensitivity_1,D7D20E2E-FC78-405D-B346-DBD3FD8FC92B,1213,11,10,21,72,11,8,20.216666666666665,0.5441055234954658,0.05935696619950536,1.0387469084913439,0.5441055234954658,0.3957131079967024,6.545454545454546,16,1.0,1.375,1.0,0.0,0.2375,58,412,0.5,0.0,0.0,1.0,16,1.0,2.5625,1.0,0.0,0.17083333333333334,45,412,1.0,0.0,0.0,1.0
val,"k=3, theta=0.3543",moving_average,sensitivity_1,E65577C1-8D5D-4F70-AF23-B3ADB9D3DBA3,659,12,12,24,32,19,11,10.983333333333333,1.0925644916540214,0.048558421851289835,2.1851289833080427,1.7298937784522004,1.0015174506828528,2.6666666666666665,16,1.5,3.5,1.5,0.125,0.325,102,412,0.5,0.0,0.0,0.8125,16,2.0,4.8125,2.0,0.0,0.35,167,412,1.0,0.0,0.0,0.9375
val,"k=3, theta=0.3543",moving_average,sensitivity_1,ECECC2AB-D32F-4F90-B74C-E12A1C69BBE2,677,2,2,4,12,1,1,11.283333333333333,0.17725258493353027,0.01772525849335303,0.35450516986706054,0.08862629246676514,0.08862629246676514,6.0,16,1.0,3.25,1.0,0.0625,0.21875,53,412,1.0,0.0,0.0,0.9375,16,1.0,2.6875,1.0,0.0,0.3104166666666667,132,412,0.0,0.0,0.0,0.9375
val,"k=3, theta=0.3543",moving_average,sensitivity_1,FDAA70A1-42A3-4E3F-9AE3-3FDA412E03BF,966,4,4,8,36,2,2,16.1,0.24844720496894407,0.037267080745341616,0.49689440993788814,0.12422360248447203,0.12422360248447203,9.0,16,1.0,4.8125,1.0,0.0625,0.23750000000000002,109,412,1.0,0.0,0.0,0.8125,16,1.0,1.6875,1.0,0.0,0.134375,37,412,1.0,0.0,0.125,0.9375
val,"alpha=0.5, theta=0.3318",ewma,sensitivity_1,00EABED2-271D-49D8-B599-1D4A09240601,428,3,3,6,16,2,2,7.133333333333334,0.4205607476635514,0.037383177570093455,0.8411214953271028,0.2803738317757009,0.2803738317757009,5.333333333333333,16,1.0,1.5,1.0,0.0,0.1625,45,412,0.0,0.0,0.0625,1.0,16,1.0,4.875,1.0,0.0625,0.20625,78,412,0.0,0.0,0.0,0.9375
val,"alpha=0.5, theta=0.3318",ewma,sensitivity_1,098A72A5-E3E5-4F54-A152-BBDA0DF7B694,1330,7,7,14,10,9,7,22.166666666666668,0.3157894736842105,0.007518796992481203,0.631578947368421,0.40601503759398494,0.3157894736842105,1.4285714285714286,16,1.0,2.3125,1.0,0.125,0.3125,81,412,0.0,0.0,0.0,0.75,16,1.0,1.125,1.0,0.0,0.15416666666666667,47,412,0.0,0.0,0.0,1.0
val,"alpha=0.5, theta=0.3318",ewma,sensitivity_1,0A986513-7828-4D53-AA1F-E02D6DF9561B,763,5,5,10,27,5,4,12.716666666666667,0.3931847968545216,0.035386631716906945,0.7863695937090432,0.3931847968545216,0.3145478374836173,5.4,16,1.0,3.25,1.0,0.1875,0.29583333333333334,50,412,0.0,0.0,0.0,0.8125,16,1.0,4.9375,1.0,0.0625,0.31145833333333334,87,412,0.0,0.0,0.0,0.9375
val,"alpha=0.5, theta=0.3318",ewma,sensitivity_1,11B5EC4D-4133-4289-B475-4E737182A406,1739,15,15,30,34,20,15,28.983333333333334,0.5175388154111559,0.019551466359977,1.0350776308223117,0.690051753881541,0.5175388154111559,2.2666666666666666,16,1.5,1.625,1.5,0.0625,0.28125,48,412,0.0,0.0,0.0625,0.8125,16,1.0,2.75,1.0,0.0625,0.253125,51,412,0.0,0.0,0.0625,0.8125
val,"alpha=0.5, theta=0.3318",ewma,sensitivity_1,136562B6-95B2-483D-88DC-065F28409FD2,1215,13,13,26,46,13,11,20.25,0.6419753086419753,0.03786008230452675,1.2839506172839505,0.6419753086419753,0.5432098765432098,3.5384615384615383,16,1.0,3.8125,1.0,0.125,0.32916666666666666,85,412,0.0,0.0,0.0625,0.8125,16,1.0,4.625,1.0,0.0625,0.31145833333333334,130,412,0.0,0.0,0.0,0.8125
val,"alpha=0.5, theta=0.3318",ewma,sensitivity_1,1538C99F-BA1E-4EFB-A949-6C7C47701B20,1281,8,8,16,9,10,8,21.35,0.37470725995316156,0.00702576112412178,0.7494145199063231,0.46838407494145196,0.37470725995316156,1.125,16,1.0,3.75,1.0,0.125,0.24270833333333333,71,412,0.0,0.0,0.0625,0.875,16,1.0,1.0,1.0,0.0,0.20833333333333334,69,412,0.0,0.0,0.125,0.875
val,"alpha=0.5, theta=0.3318",ewma,sensitivity_1,24E40C4C-A349-4F9F-93AB-01D00FB994AF,925,8,8,16,16,9,8,15.416666666666666,0.518918918918919,0.017297297297297298,1.037837837837838,0.5837837837837838,0.518918918918919,2.0,16,1.0,2.625,1.0,0.1875,0.3020833333333333,56,412,0.0,0.0,0.0,0.8125,16,2.0,6.3125,2.0,0.1875,0.48125,175,412,0.0,0.0,0.0625,0.6875
val,"alpha=0.5, theta=0.3318",ewma,sensitivity_1,2C32C23E-E30C-498A-8DD2-0EFB9150A02E,1674,6,6,12,43,7,4,27.9,0.21505376344086022,0.025686977299880526,0.43010752688172044,0.2508960573476703,0.14336917562724016,7.166666666666667,16,1.0,1.1875,1.0,0.0625,0.1625,20,412,0.0,0.0,0.0,0.9375,16,1.0,2.4375,1.0,0.0,0.21458333333333332,75,412,0.0,0.0,0.0,0.8125
val,"alpha=0.5, theta=0.3318",ewma,sensitivity_1,3600D531-0C55-44A7-AE95-A7A38519464E,1017,11,11,22,24,15,11,16.95,0.6489675516224189,0.02359882005899705,1.2979351032448379,0.8849557522123894,0.6489675516224189,2.1818181818181817,16,1.0,3.8125,1.0,0.0625,0.2833333333333333,117,412,0.0,0.0,0.0,0.75,16,1.0,1.5,1.0,0.125,0.2916666666666667,61,412,0.0,0.0,0.125,0.75
val,"alpha=0.5, theta=0.3318",ewma,sensitivity_1,4FC32141-E888-4BFF-8804-12559A491D8C,958,21,21,42,70,26,17,15.966666666666667,1.3152400835073068,0.07306889352818371,2.6304801670146136,1.62839248434238,1.0647181628392484,3.3333333333333335,16,3.5,11.4375,3.5,0.3125,0.6239583333333333,246,412,0.0,0.0,0.0,0.5,16,4.0,13.5625,2.0,0.3125,0.5270833333333333,249,412,0.0,0.0,0.0625,0.625
val,"alpha=0.5, theta=0.3318",ewma,sensitivity_1,5119D0F8-FCA8-4184-A4EB-19421A40DE0D,1294,7,7,14,50,6,4,21.566666666666666,0.32457496136012365,0.03863987635239567,0.6491499227202473,0.2782071097372488,0.18547140649149924,7.142857142857143,16,1.0,1.8125,1.0,0.0,0.19166666666666665,49,412,0.0,0.0,0.0625,0.9375,16,1.0,3.5625,1.0,0.0625,0.24791666666666667,59,412,0.0,0.0,0.0,0.9375
val,"alpha=0.5, theta=0.3318",ewma,sensitivity_1,5152A2DF-FAF3-4BA8-9CA9-E66B32671A53,1294,13,13,26,44,18,11,21.566666666666666,0.6027820710973725,0.03400309119010819,1.205564142194745,0.8346213292117465,0.5100463678516228,3.3846153846153846,16,1.0,7.5,1.0,0.25,0.403125,147,412,0.0,0.0,0.0,0.6875,16,1.0,1.8125,1.0,0.0625,0.25,60,412,0.0,0.0,0.0,0.875
val,"alpha=0.5, theta=0.3318",ewma,sensitivity_1,5EF64122-B513-46AE-BCF1-E62AAC285D2C,753,2,2,4,3,2,2,12.55,0.1593625498007968,0.00398406374501992,0.3187250996015936,0.1593625498007968,0.1593625498007968,1.5,16,1.0,1.3125,1.0,0.0625,0.18854166666666666,22,412,0.0,0.0,0.0,0.9375,16,1.0,1.25,1.0,0.0,0.146875,26,412,0.0,0.0,0.0,0.9375
val,"alpha=0.5, theta=0.3318",ewma,sensitivity_1,61976C24-1C50-4355-9C49-AAE44A7D09F6,1717,9,9,18,42,12,6,28.616666666666667,0.31450203843913804,0.0244612696563774,0.6290040768782761,0.41933605125218404,0.20966802562609202,4.666666666666667,16,1.0,3.8125,1.0,0.0625,0.22395833333333334,60,412,0.0,0.0,0.0,0.9375,16,1.0,1.75,1.0,0.0625,0.3125,115,412,0.0,0.0,0.0625,0.875
val,"alpha=0.5, theta=0.3318",ewma,sensitivity_1,78A91A4E-4A51-4065-BDA7-94755F0BB3BB,2370,18,18,36,81,24,15,39.5,0.45569620253164556,0.03417721518987342,0.9113924050632911,0.6075949367088608,0.379746835443038,4.5,16,1.0,1.6875,1.0,0.0625,0.21979166666666666,33,412,0.0,0.0,0.0,0.9375,16,1.0,4.375,1.0,0.0625,0.2572916666666667,97,412,0.0,0.0,0.0,0.6875
val,"alpha=0.5, theta=0.3318",ewma,sensitivity_1,7CE37510-56D0-4120-A1CF-0E23351428D2,1923,16,16,32,41,19,14,32.05,0.49921996879875197,0.021320852834113363,0.9984399375975039,0.592823712948518,0.43681747269890797,2.5625,16,1.0,3.125,1.0,0.0,0.18333333333333332,59,412,0.0,0.0,0.0625,0.9375,16,1.0,2.3125,1.0,0.0625,0.2708333333333333,67,412,0.0,0.0,0.125,0.8125
val,"alpha=0.5, theta=0.3318",ewma,sensitivity_1,8023FE1A-D3B0-4E2C-A57A-9321B7FC755F,1808,13,13,26,30,16,12,30.133333333333333,0.4314159292035398,0.016592920353982302,0.8628318584070797,0.5309734513274337,0.39823008849557523,2.3076923076923075,16,1.0,1.125,1.0,0.0,0.11145833333333333,38,412,0.0,0.0,0.125,0.9375,16,1.0,1.3125,1.0,0.0625,0.20416666666666666,27,412,0.0,0.0,0.0,0.8125
val,"alpha=0.5, theta=0.3318",ewma,sensitivity_1,83CF687B-7CEC-434B-9FE8-00C3D5799BE6,1879,5,5,10,43,3,2,31.316666666666666,0.15965939329430548,0.022884513038850453,0.31931878658861096,0.09579563597658329,0.06386375731772219,8.6,16,1.0,0.9375,1.0,0.0,0.11145833333333333,26,412,0.0,0.0,0.0,1.0,16,1.0,5.0625,1.0,0.1875,0.25729166666666664,73,412,0.0,0.0,0.0625,0.8125
val,"alpha=0.5, theta=0.3318",ewma,sensitivity_1,9759096F-1119-4E19-A0AD-6F16989C7E1C,1963,25,25,50,53,34,22,32.71666666666667,0.7641365257259296,0.026999490575649515,1.5282730514518592,1.0392256749872644,0.6724401426388181,2.12,16,1.0,3.375,1.0,0.0625,0.3020833333333333,106,412,0.0,0.0,0.0,0.75,16,1.0,3.6875,1.0,0.0625,0.2791666666666667,100,412,0.0,0.0,0.0625,0.875
val,"alpha=0.5, theta=0.3318",ewma,sensitivity_1,9DC38D04-E82E-4F29-AB52-B476535226F2,1902,16,16,32,42,23,15,31.7,0.5047318611987381,0.022082018927444796,1.0094637223974763,0.7255520504731862,0.47318611987381703,2.625,16,1.0,2.0,1.0,0.0625,0.20937499999999998,37,412,0.0,0.0,0.125,0.9375,16,1.0,5.0625,1.0,0.125,0.3458333333333333,115,412,0.0,0.0,0.0625,0.8125
val,"alpha=0.5, theta=0.3318",ewma,sensitivity_1,A5CDF89D-02A2-4EC1-89F8-F534FDABDD96,1179,10,10,20,49,11,6,19.65,0.5089058524173028,0.041560644614079725,1.0178117048346056,0.5597964376590331,0.3053435114503817,4.9,16,1.0,4.875,1.0,0.0,0.225,79,412,0.0,0.0,0.0,0.9375,16,2.0,2.6875,1.0,0.125,0.3,77,412,0.0,0.0,0.0625,0.875
val,"alpha=0.5, theta=0.3318",ewma,sensitivity_1,A76A5AF5-5A93-4CF2-A16E-62353BB70E8A,1475,4,4,8,6,4,4,24.583333333333332,0.16271186440677968,0.004067796610169492,0.32542372881355935,0.16271186440677968,0.16271186440677968,1.5,16,1.0,2.9375,1.0,0.3125,0.38958333333333334,75,412,0.0,0.0,0.0,0.625,16,2.0,5.0625,2.0,0.25,0.47291666666666665,117,412,0.0,0.0,0.0,0.5625
val,"alpha=0.5, theta=0.3318",ewma,sensitivity_1,B09E373F-8A54-44C8-895B-0039390B859F,1598,17,17,34,41,19,15,26.633333333333333,0.6382978723404256,0.025657071339173967,1.2765957446808511,0.7133917396745932,0.5632040050062578,2.411764705882353,16,3.0,8.3125,1.0,0.3125,0.4822916666666667,162,412,0.0,0.0,0.0,0.625,16,2.5,5.5625,1.0,0.1875,0.38645833333333335,134,412,0.0,0.0,0.0,0.625
val,"alpha=0.5, theta=0.3318",ewma,sensitivity_1,B9724848-C7E2-45F4-9B3F-A1F38D864495,1487,13,13,26,32,14,12,24.783333333333335,0.5245460659045057,0.02151983860121049,1.0490921318090114,0.5648957632817754,0.484196368527236,2.4615384615384617,16,1.0,1.1875,1.0,0.0625,0.16770833333333332,31,412,0.0,0.0,0.0,0.875,16,1.0,1.5,1.0,0.0,0.22708333333333333,66,412,0.0,0.0,0.0,0.875
val,"alpha=0.5, theta=0.3318",ewma,sensitivity_1,BE3CA5A6-A561-4BBD-B7C9-5DF6805400FC,1632,8,8,16,15,12,8,27.2,0.29411764705882354,0.009191176470588236,0.5882352941176471,0.4411764705882353,0.29411764705882354,1.875,16,1.5,6.375,1.5,0.25,0.375,107,412,0.0,0.0,0.0,0.75,16,3.0,8.0,2.5,0.375,0.459375,144,412,0.0,0.0,0.0,0.5625
val,"alpha=0.5, theta=0.3318",ewma,sensitivity_1,C48CE857-A0DD-4DDB-BEA5-3A25449B2153,977,7,7,14,24,9,6,16.283333333333335,0.4298874104401228,0.02456499488229273,0.8597748208802456,0.5527123848515865,0.36847492323439096,3.4285714285714284,16,2.0,2.9375,1.0,0.125,0.33854166666666663,103,412,0.0,0.0,0.0,0.6875,16,2.5,3.75,1.5,0.1875,0.3489583333333333,97,412,0.0,0.0,0.0,0.75
val,"alpha=0.5, theta=0.3318",ewma,sensitivity_1,CA820D43-E5E2-42EF-9798-BE56F776370B,1540,22,22,44,38,28,22,25.666666666666668,0.8571428571428571,0.024675324675324677,1.7142857142857142,1.0909090909090908,0.8571428571428571,1.7272727272727273,16,1.0,2.75,1.0,0.0,0.26145833333333335,60,412,0.0,0.0,0.0,0.875,16,1.0,2.5625,1.0,0.1875,0.30625,73,412,0.0,0.0,0.0,0.75
val,"alpha=0.5, theta=0.3318",ewma,sensitivity_1,CDA3BBF7-6631-45E8-85BA-EEB416B32A3C,543,2,2,4,3,2,2,9.05,0.22099447513812154,0.0055248618784530384,0.4419889502762431,0.22099447513812154,0.22099447513812154,1.5,16,1.0,2.0,1.0,0.1875,0.2791666666666667,48,412,0.0,0.0,0.0,0.75,16,1.0,1.4375,1.0,0.0,0.15208333333333335,50,412,0.0,0.0,0.0,0.875
val,"alpha=0.5, theta=0.3318",ewma,sensitivity_1,CF722AA9-2533-4E51-9FEB-9EAC84EE9AAC,694,11,10,21,86,13,8,11.566666666666666,0.9510086455331412,0.1239193083573487,1.8155619596541788,1.1239193083573487,0.69164265129683,7.818181818181818,16,1.5,4.0625,1.5,0.0625,0.35416666666666663,158,412,0.0,0.0625,0.125,0.75,16,2.0,5.1875,1.5,0.1875,0.428125,141,412,0.0,0.0625,0.1875,0.5625
val,"alpha=0.5, theta=0.3318",ewma,sensitivity_1,D7D20E2E-FC78-405D-B346-DBD3FD8FC92B,1213,9,9,18,68,11,7,20.216666666666665,0.4451772464962902,0.05605935696619951,0.8903544929925804,0.5441055234954658,0.34624896949711464,7.555555555555555,16,1.0,1.5625,1.0,0.125,0.24687499999999998,65,412,0.0,0.0,0.0,0.8125,16,1.0,2.5,1.0,0.0,0.15625,49,412,0.0,0.0,0.0,0.9375
val,"alpha=0.5, theta=0.3318",ewma,sensitivity_1,E65577C1-8D5D-4F70-AF23-B3ADB9D3DBA3,659,13,13,26,32,21,12,10.983333333333333,1.1836115326251897,0.048558421851289835,2.3672230652503794,1.9119878603945373,1.0925644916540214,2.4615384615384617,16,1.0,3.3125,1.0,0.125,0.29791666666666666,97,412,0.0,0.0,0.0,0.8125,16,1.5,4.6875,1.5,0.0,0.32916666666666666,170,412,0.0,0.0,0.0,0.9375
val,"alpha=0.5, theta=0.3318",ewma,sensitivity_1,ECECC2AB-D32F-4F90-B74C-E12A1C69BBE2,677,2,2,4,12,1,1,11.283333333333333,0.17725258493353027,0.01772525849335303,0.35450516986706054,0.08862629246676514,0.08862629246676514,6.0,16,1.0,3.1875,1.0,0.0625,0.21875,52,412,0.0,0.0,0.0,0.9375,16,1.0,6.625,1.0,0.125,0.321875,141,412,0.0,0.0,0.0,0.8125
val,"alpha=0.5, theta=0.3318",ewma,sensitivity_1,FDAA70A1-42A3-4E3F-9AE3-3FDA412E03BF,966,5,5,10,35,4,4,16.1,0.3105590062111801,0.036231884057971016,0.6211180124223602,0.24844720496894407,0.24844720496894407,7.0,16,1.0,5.75,1.0,0.0625,0.26875,120,412,0.0,0.0,0.0625,0.8125,16,1.0,1.75,1.0,0.0,0.14166666666666666,39,412,0.0,0.0,0.125,0.9375
val,"k=3, theta=0.3318",majority_vote,sensitivity_1,00EABED2-271D-49D8-B599-1D4A09240601,428,3,3,6,19,2,2,7.133333333333334,0.4205607476635514,0.04439252336448598,0.8411214953271028,0.2803738317757009,0.2803738317757009,6.333333333333333,16,1.0,1.5,1.0,0.0,0.15,37,412,1.0,0.0,0.0625,1.0,16,1.0,2.375,1.0,0.0,0.18333333333333332,74,412,1.0,0.0,0.0,0.9375
val,"k=3, theta=0.3318",majority_vote,sensitivity_1,098A72A5-E3E5-4F54-A152-BBDA0DF7B694,1330,7,7,14,20,8,7,22.166666666666668,0.3157894736842105,0.015037593984962405,0.631578947368421,0.3609022556390977,0.3157894736842105,2.857142857142857,16,1.0,1.6875,1.0,0.125,0.290625,70,412,1.0,0.0,0.0,0.75,16,1.0,1.125,1.0,0.0,0.15416666666666667,48,412,1.0,0.0,0.0,1.0
val,"k=3, theta=0.3318",majority_vote,sensitivity_1,0A986513-7828-4D53-AA1F-E02D6DF9561B,763,6,6,12,36,6,5,12.716666666666667,0.47182175622542594,0.047182175622542594,0.9436435124508519,0.47182175622542594,0.3931847968545216,6.0,16,1.0,2.6875,1.0,0.0625,0.26875,46,412,1.0,0.0,0.0625,0.875,16,1.0,2.3125,1.0,0.125,0.3,77,412,1.0,0.0,0.0,0.75
val,"k=3, theta=0.3318",majority_vote,sensitivity_1,11B5EC4D-4133-4289-B475-4E737182A406,1739,18,18,36,54,19,15,28.983333333333334,0.621046578493387,0.03105232892466935,1.242093156986774,0.6555491661874641,0.5175388154111559,3.0,16,1.0,1.25,1.0,0.0625,0.22083333333333333,40,412,1.0,0.0,0.0625,0.8125,16,1.0,2.375,1.0,0.0625,0.24062499999999998,45,412,1.0,0.0,0.0,0.8125
val,"k=3, theta=0.3318",majority_vote,sensitivity_1,136562B6-95B2-483D-88DC-065F28409FD2,1215,13,13,26,58,11,9,20.25,0.6419753086419753,0.047736625514403296,1.2839506172839505,0.5432098765432098,0.4444444444444444,4.461538461538462,16,1.0,3.3125,1.0,0.125,0.328125,79,412,1.0,0.0,0.0625,0.875,16,1.0,4.5625,1.0,0.0625,0.325,128,412,1.0,0.0,0.0625,0.8125
val,"k=3, theta=0.3318",majority_vote,sensitivity_1,1538C99F-BA1E-4EFB-A949-6C7C47701B20,1281,6,6,12,12,7,6,21.35,0.2810304449648712,0.00936768149882904,0.5620608899297423,0.32786885245901637,0.2810304449648712,2.0,16,1.0,3.0,1.0,0.0625,0.21770833333333334,66,412,1.0,0.0,0.0625,0.875,16,1.0,1.0625,1.0,0.0625,0.21770833333333334,66,412,1.0,0.0,0.125,0.875
val,"k=3, theta=0.3318",majority_vote,sensitivity_1,24E40C4C-A349-4F9F-93AB-01D00FB994AF,925,11,11,22,27,13,10,15.416666666666666,0.7135135135135136,0.02918918918918919,1.427027027027027,0.8432432432432433,0.6486486486486487,2.4545454545454546,16,1.0,2.0,1.0,0.1875,0.284375,46,412,1.0,0.0,0.0,0.8125,16,1.5,4.4375,1.5,0.125,0.4114583333333333,153,412,1.0,0.0,0.0625,0.8125
val,"k=3, theta=0.3318",majority_vote,sensitivity_1,2C32C23E-E30C-498A-8DD2-0EFB9150A02E,1674,7,7,14,47,7,5,27.9,0.2508960573476703,0.028076463560334528,0.5017921146953406,0.2508960573476703,0.17921146953405018,6.714285714285714,16,1.0,1.0,1.0,0.0625,0.15833333333333333,18,412,1.0,0.0,0.0,0.9375,16,1.0,2.375,1.0,0.0,0.20208333333333334,70,412,1.0,0.0,0.0,0.8125
val,"k=3, theta=0.3318",majority_vote,sensitivity_1,3600D531-0C55-44A7-AE95-A7A38519464E,1017,13,13,26,43,15,11,16.95,0.7669616519174042,0.04228121927236971,1.5339233038348083,0.8849557522123894,0.6489675516224189,3.3076923076923075,16,1.0,2.3125,1.0,0.0625,0.28020833333333334,108,412,1.0,0.0,0.0,0.75,16,1.0,1.4375,1.0,0.0625,0.23541666666666666,55,412,1.0,0.0,0.125,0.8125
val,"k=3, theta=0.3318",majority_vote,sensitivity_1,4FC32141-E888-4BFF-8804-12559A491D8C,958,19,19,38,92,20,14,15.966666666666667,1.1899791231732777,0.09603340292275574,2.3799582463465554,1.2526096033402923,0.8768267223382046,4.842105263157895,16,4.0,10.5,3.0,0.25,0.5760416666666667,224,412,1.0,0.0,0.0,0.625,16,3.5,10.375,1.5,0.25,0.5145833333333333,242,412,1.0,0.0,0.0625,0.625
val,"k=3, theta=0.3318",majority_vote,sensitivity_1,5119D0F8-FCA8-4184-A4EB-19421A40DE0D,1294,6,6,12,50,3,3,21.566666666666666,0.2782071097372488,0.03863987635239567,0.5564142194744977,0.1391035548686244,0.1391035548686244,8.333333333333334,16,1.0,1.5,1.0,0.0,0.15416666666666667,40,412,1.0,0.0,0.0625,0.9375,16,1.0,3.0,1.0,0.0,0.20104166666666667,57,412,1.0,0.0,0.0,1.0
val,"k=3, theta=0.3318",majority_vote,sensitivity_1,5152A2DF-FAF3-4BA8-9CA9-E66B32671A53,1294,14,14,28,53,17,11,21.566666666666666,0.6491499227202473,0.04095826893353941,1.2982998454404946,0.7882534775888718,0.5100463678516228,3.7857142857142856,16,1.0,8.375,1.0,0.1875,0.3729166666666667,138,412,1.0,0.0,0.0,0.75,16,1.0,1.8125,1.0,0.0625,0.2520833333333333,61,412,1.0,0.0,0.0,0.875
val,"k=3, theta=0.3318",majority_vote,sensitivity_1,5EF64122-B513-46AE-BCF1-E62AAC285D2C,753,6,6,12,13,9,6,12.55,0.4780876494023904,0.017264276228419653,0.9561752988047808,0.7171314741035856,0.4780876494023904,2.1666666666666665,16,1.0,1.1875,1.0,0.0625,0.165625,20,412,1.0,0.0,0.0,0.9375,16,1.0,1.0,1.0,0.0,0.140625,25,412,1.0,0.0,0.0,0.9375
val,"k=3, theta=0.3318",majority_vote,sensitivity_1,61976C24-1C50-4355-9C49-AAE44A7D09F6,1717,8,8,16,50,9,6,28.616666666666667,0.27955736750145604,0.029120559114735003,0.5591147350029121,0.31450203843913804,0.20966802562609202,6.25,16,1.0,2.1875,1.0,0.0,0.2,53,412,1.0,0.0,0.0,0.9375,16,1.0,1.5625,1.0,0.0625,0.271875,104,412,1.0,0.0,0.0625,0.8125
val,"k=3, theta=0.3318",majority_vote,sensitivity_1,78A91A4E-4A51-4065-BDA7-94755F0BB3BB,2370,15,15,30,94,15,11,39.5,0.379746835443038,0.039662447257383965,0.759493670886076,0.379746835443038,0.27848101265822783,6.266666666666667,16,1.0,1.5625,1.0,0.0,0.18125,29,412,1.0,0.0,0.0,1.0,16,1.0,4.25,1.0,0.0,0.22187500000000002,94,412,1.0,0.0,0.0,0.875
val,"k=3, theta=0.3318",majority_vote,sensitivity_1,7CE37510-56D0-4120-A1CF-0E23351428D2,1923,17,17,34,64,19,15,32.05,0.530421216848674,0.033281331253250133,1.060842433697348,0.592823712948518,0.46801872074883,3.764705882352941,16,1.0,1.1875,1.0,0.0,0.16458333333333333,50,412,1.0,0.0,0.0625,0.9375,16,1.0,2.0,1.0,0.0,0.24270833333333333,65,412,1.0,0.0,0.1875,0.875
val,"k=3, theta=0.3318",majority_vote,sensitivity_1,8023FE1A-D3B0-4E2C-A57A-9321B7FC755F,1808,14,14,28,49,17,12,30.133333333333333,0.4646017699115044,0.027101769911504425,0.9292035398230089,0.5641592920353983,0.39823008849557523,3.5,16,1.0,0.875,1.0,0.0,0.11562499999999999,33,412,1.0,0.0,0.125,0.9375,16,1.0,1.0625,1.0,0.0625,0.17083333333333334,22,412,1.0,0.0,0.0,0.8125
val,"k=3, theta=0.3318",majority_vote,sensitivity_1,83CF687B-7CEC-434B-9FE8-00C3D5799BE6,1879,8,8,16,46,8,5,31.316666666666666,0.25545502927088876,0.024481106971793506,0.5109100585417775,0.25545502927088876,0.15965939329430548,5.75,16,1.0,1.0,1.0,0.0,0.13229166666666667,27,412,1.0,0.0,0.0,1.0,16,1.0,4.25,1.0,0.125,0.27708333333333335,76,412,1.0,0.0,0.0625,0.8125
val,"k=3, theta=0.3318",majority_vote,sensitivity_1,9759096F-1119-4E19-A0AD-6F16989C7E1C,1963,27,27,54,78,33,24,32.71666666666667,0.8252674477840041,0.039735099337748346,1.6505348955680081,1.0086602139582272,0.7335710646968925,2.888888888888889,16,1.0,2.9375,1.0,0.0625,0.2677083333333333,92,412,1.0,0.0,0.0,0.75,16,1.0,3.5625,1.0,0.0,0.22604166666666667,87,412,1.0,0.0,0.0625,0.9375
val,"k=3, theta=0.3318",majority_vote,sensitivity_1,9DC38D04-E82E-4F29-AB52-B476535226F2,1902,17,17,34,69,21,14,31.7,0.5362776025236593,0.03627760252365931,1.0725552050473186,0.6624605678233438,0.44164037854889593,4.0588235294117645,16,1.0,1.75,1.0,0.0625,0.18229166666666666,31,412,1.0,0.0,0.125,0.9375,16,1.0,4.625,1.0,0.0625,0.2833333333333333,101,412,1.0,0.0,0.0625,0.875
val,"k=3, theta=0.3318",majority_vote,sensitivity_1,A5CDF89D-02A2-4EC1-89F8-F534FDABDD96,1179,13,13,26,58,14,10,19.65,0.6615776081424937,0.04919423240033927,1.3231552162849873,0.712468193384224,0.5089058524173028,4.461538461538462,16,1.0,3.5,1.0,0.0,0.209375,77,412,1.0,0.0,0.0,0.9375,16,1.0,2.4375,1.0,0.0625,0.22291666666666665,64,412,1.0,0.0,0.125,0.9375
val,"k=3, theta=0.3318",majority_vote,sensitivity_1,A76A5AF5-5A93-4CF2-A16E-62353BB70E8A,1475,7,7,14,15,9,7,24.583333333333332,0.2847457627118644,0.010169491525423728,0.5694915254237288,0.36610169491525424,0.2847457627118644,2.142857142857143,16,1.0,2.875,1.0,0.125,0.325,67,412,1.0,0.0,0.0,0.75,16,2.0,3.875,1.5,0.25,0.4395833333333333,104,412,1.0,0.0,0.0,0.5625
val,"k=3, theta=0.3318",majority_vote,sensitivity_1,B09E373F-8A54-44C8-895B-0039390B859F,1598,21,21,42,63,26,19,26.633333333333333,0.7884856070087609,0.039424280350438046,1.5769712140175218,0.9762202753441802,0.7133917396745932,3.0,16,1.5,8.375,1.5,0.25,0.48125,158,412,1.0,0.0,0.0,0.6875,16,2.0,5.375,1.5,0.125,0.3802083333333333,132,412,0.5,0.0,0.0,0.625
val,"k=3, theta=0.3318",majority_vote,sensitivity_1,B9724848-C7E2-45F4-9B3F-A1F38D864495,1487,14,14,28,42,13,13,24.783333333333335,0.5648957632817754,0.02824478816408877,1.1297915265635508,0.5245460659045057,0.5245460659045057,3.0,16,1.0,0.9375,1.0,0.0,0.14791666666666667,26,412,1.0,0.0,0.0625,0.9375,16,1.0,1.375,1.0,0.0625,0.22604166666666667,58,412,1.0,0.0,0.0,0.8125
val,"k=3, theta=0.3318",majority_vote,sensitivity_1,BE3CA5A6-A561-4BBD-B7C9-5DF6805400FC,1632,12,12,24,24,14,11,27.2,0.4411764705882353,0.014705882352941176,0.8823529411764706,0.5147058823529412,0.40441176470588236,2.0,16,1.0,6.375,1.0,0.25,0.403125,108,412,1.0,0.0,0.0,0.75,16,3.0,7.875,2.5,0.375,0.4510416666666667,133,412,0.5,0.0,0.0625,0.5625
val,"k=3, theta=0.3318",majority_vote,sensitivity_1,C48CE857-A0DD-4DDB-BEA5-3A25449B2153,977,9,9,18,35,11,8,16.283333333333335,0.5527123848515865,0.03582395087001024,1.105424769703173,0.67553735926305,0.49129989764585463,3.888888888888889,16,1.0,2.6875,1.0,0.0625,0.2760416666666667,84,412,1.0,0.0,0.0,0.875,16,1.0,2.25,1.0,0.0625,0.26875,80,412,1.0,0.0,0.0625,0.875
val,"k=3, theta=0.3318",majority_vote,sensitivity_1,CA820D43-E5E2-42EF-9798-BE56F776370B,1540,19,19,38,51,23,19,25.666666666666668,0.7402597402597402,0.033116883116883114,1.4805194805194803,0.8961038961038961,0.7402597402597402,2.6842105263157894,16,1.0,2.75,1.0,0.0625,0.278125,69,412,1.0,0.0,0.0,0.75,16,1.0,2.0,1.0,0.1875,0.30416666666666664,71,412,1.0,0.0,0.0,0.75
val,"k=3, theta=0.3318",majority_vote,sensitivity_1,CDA3BBF7-6631-45E8-85BA-EEB416B32A3C,543,2,2,4,5,2,2,9.05,0.22099447513812154,0.009208103130755065,0.4419889502762431,0.22099447513812154,0.22099447513812154,2.5,16,1.0,2.0,1.0,0.1875,0.2635416666666667,38,412,1.0,0.0,0.0,0.75,16,1.0,1.375,1.0,0.0,0.16145833333333331,46,412,1.0,0.0,0.0,0.9375
val,"k=3, theta=0.3318",majority_vote,sensitivity_1,CF722AA9-2533-4E51-9FEB-9EAC84EE9AAC,694,11,10,21,104,14,9,11.566666666666666,0.9510086455331412,0.14985590778097982,1.8155619596541788,1.2103746397694524,0.7780979827089337,9.454545454545455,16,1.0,3.5,1.0,0.0,0.29062499999999997,141,412,1.0,0.125,0.125,0.875,16,2.0,5.375,1.0,0.1875,0.428125,139,412,0.0,0.125,0.1875,0.5625
val,"k=3, theta=0.3318",majority_vote,sensitivity_1,D7D20E2E-FC78-405D-B346-DBD3FD8FC92B,1213,13,12,25,85,14,9,20.216666666666665,0.6430338004946414,0.07007419620774938,1.236603462489695,0.6924979389942293,0.4451772464962902,6.538461538461538,16,1.0,1.0,1.0,0.0,0.16770833333333332,54,412,1.0,0.0,0.0,1.0,16,1.0,2.5625,1.0,0.0,0.13645833333333332,39,412,1.0,0.0,0.0,1.0
val,"k=3, theta=0.3318",majority_vote,sensitivity_1,E65577C1-8D5D-4F70-AF23-B3ADB9D3DBA3,659,13,12,25,51,15,9,10.983333333333333,1.1836115326251897,0.07738998482549317,2.276176024279211,1.3657056145675266,0.819423368740516,3.923076923076923,16,1.0,3.1875,1.0,0.125,0.296875,97,412,1.0,0.0,0.0,0.8125,16,1.0,4.0625,1.0,0.0,0.30729166666666663,154,412,1.0,0.0,0.0,0.9375
val,"k=3, theta=0.3318",majority_vote,sensitivity_1,ECECC2AB-D32F-4F90-B74C-E12A1C69BBE2,677,3,2,5,17,1,1,11.283333333333333,0.2658788774002954,0.025110782865583457,0.4431314623338257,0.08862629246676514,0.08862629246676514,5.666666666666667,16,1.0,3.1875,1.0,0.0625,0.215625,51,412,1.0,0.0,0.0,0.9375,16,1.0,1.0625,1.0,0.0,0.28229166666666666,125,412,1.0,0.0,0.0,0.9375
val,"k=3, theta=0.3318",majority_vote,sensitivity_1,FDAA70A1-42A3-4E3F-9AE3-3FDA412E03BF,966,4,4,8,37,2,2,16.1,0.24844720496894407,0.038302277432712216,0.49689440993788814,0.12422360248447203,0.12422360248447203,9.25,16,1.0,1.5625,1.0,0.0,0.24687499999999998,108,412,1.0,0.0,0.0625,0.8125,16,1.0,1.875,1.0,0.0625,0.15520833333333334,39,412,1.0,0.0,0.125,0.875
val,"T=2, theta=0.4013",debounce,sensitivity_1,00EABED2-271D-49D8-B599-1D4A09240601,428,3,3,6,19,2,2,7.133333333333334,0.4205607476635514,0.04439252336448598,0.8411214953271028,0.2803738317757009,0.2803738317757009,6.333333333333333,16,1.0,1.5,1.0,0.0,0.13645833333333332,28,412,1.0,0.0,0.0625,1.0,16,1.0,2.3125,1.0,0.0,0.175,68,412,1.0,0.0,0.0,0.9375
val,"T=2, theta=0.4013",debounce,sensitivity_1,098A72A5-E3E5-4F54-A152-BBDA0DF7B694,1330,9,9,18,25,10,9,22.166666666666668,0.40601503759398494,0.018796992481203006,0.8120300751879699,0.45112781954887216,0.40601503759398494,2.7777777777777777,16,1.0,1.6875,1.0,0.125,0.259375,62,412,1.0,0.0,0.0,0.75,16,1.0,1.0625,1.0,0.0,0.146875,41,412,1.0,0.0,0.0,1.0
val,"T=2, theta=0.4013",debounce,sensitivity_1,0A986513-7828-4D53-AA1F-E02D6DF9561B,763,6,6,12,34,6,5,12.716666666666667,0.47182175622542594,0.04456094364351245,0.9436435124508519,0.47182175622542594,0.3931847968545216,5.666666666666667,16,1.0,2.6875,1.0,0.125,0.2833333333333333,46,412,1.0,0.0,0.0625,0.8125,16,1.0,2.3125,1.0,0.125,0.296875,74,412,1.0,0.0,0.0,0.75
val,"T=2, theta=0.4013",debounce,sensitivity_1,11B5EC4D-4133-4289-B475-4E737182A406,1739,21,20,41,68,23,16,28.983333333333334,0.7245543415756182,0.039102932719954,1.4146060954571593,0.7935595169637722,0.5520414031052329,3.238095238095238,16,1.0,1.3125,1.0,0.0625,0.19895833333333335,36,412,1.0,0.0,0.0625,0.8125,16,1.0,2.5,1.0,0.125,0.25937499999999997,45,412,1.0,0.0,0.0,0.8125
val,"T=2, theta=0.4013",debounce,sensitivity_1,136562B6-95B2-483D-88DC-065F28409FD2,1215,15,14,29,91,9,8,20.25,0.7407407407407407,0.07489711934156379,1.4320987654320987,0.4444444444444444,0.3950617283950617,6.066666666666666,16,1.0,3.1875,1.0,0.125,0.3072916666666667,69,412,1.0,0.0,0.0625,0.8125,16,1.0,3.5625,1.0,0.0625,0.26458333333333334,116,412,1.0,0.0,0.0625,0.875
val,"T=2, theta=0.4013",debounce,sensitivity_1,1538C99F-BA1E-4EFB-A949-6C7C47701B20,1281,7,7,14,22,7,6,21.35,0.32786885245901637,0.01717408274785324,0.6557377049180327,0.32786885245901637,0.2810304449648712,3.142857142857143,16,1.0,3.0,1.0,0.0625,0.203125,58,412,1.0,0.0,0.0625,0.9375,16,1.0,1.0625,1.0,0.0625,0.20625,55,412,1.0,0.0,0.125,0.875
val,"T=2, theta=0.4013",debounce,sensitivity_1,24E40C4C-A349-4F9F-93AB-01D00FB994AF,925,9,9,18,31,9,8,15.416666666666666,0.5837837837837838,0.03351351351351351,1.1675675675675676,0.5837837837837838,0.518918918918919,3.4444444444444446,16,1.0,2.0,1.0,0.1875,0.278125,43,412,1.0,0.0,0.0625,0.8125,16,1.0,5.5,1.0,0.125,0.39375,141,412,1.0,0.0,0.125,0.8125
val,"T=2, theta=0.4013",debounce,sensitivity_1,2C32C23E-E30C-498A-8DD2-0EFB9150A02E,1674,6,6,12,58,5,3,27.9,0.21505376344086022,0.03464755077658303,0.43010752688172044,0.17921146953405018,0.10752688172043011,9.666666666666666,16,1.0,1.0,1.0,0.0,0.12083333333333333,16,412,1.0,0.0,0.0,1.0,16,1.0,1.5,1.0,0.0,0.18333333333333332,54,412,1.0,0.0,0.0,0.8125
val,"T=2, theta=0.4013",debounce,sensitivity_1,3600D531-0C55-44A7-AE95-A7A38519464E,1017,15,15,30,54,18,12,16.95,0.8849557522123894,0.05309734513274336,1.7699115044247788,1.0619469026548674,0.7079646017699115,3.6,16,1.0,2.375,1.0,0.0625,0.25416666666666665,89,412,1.0,0.0,0.0,0.875,16,1.0,1.375,1.0,0.125,0.21770833333333334,43,412,1.0,0.0,0.25,0.75
val,"T=2, theta=0.4013",debounce,sensitivity_1,4FC32141-E888-4BFF-8804-12559A491D8C,958,27,27,54,174,25,15,15.966666666666667,1.6910229645093946,0.18162839248434237,3.382045929018789,1.5657620041753653,0.9394572025052192,6.444444444444445,16,3.0,6.9375,1.5,0.1875,0.4739583333333333,161,412,1.0,0.0,0.125,0.625,16,1.0,4.5,1.0,0.125,0.3770833333333333,160,412,1.0,0.0,0.125,0.75
val,"T=2, theta=0.4013",debounce,sensitivity_1,5119D0F8-FCA8-4184-A4EB-19421A40DE0D,1294,6,6,12,57,3,2,21.566666666666666,0.2782071097372488,0.04404945904173107,0.5564142194744977,0.1391035548686244,0.09273570324574962,9.5,16,1.0,1.1875,1.0,0.0,0.13333333333333333,33,412,1.0,0.0,0.0625,0.9375,16,1.0,2.9375,1.0,0.0,0.17291666666666666,50,412,1.0,0.0,0.0,1.0
val,"T=2, theta=0.4013",debounce,sensitivity_1,5152A2DF-FAF3-4BA8-9CA9-E66B32671A53,1294,12,12,24,74,12,8,21.566666666666666,0.5564142194744977,0.0571870170015456,1.1128284389489953,0.5564142194744977,0.37094281298299847,6.166666666666667,16,1.0,4.0625,1.0,0.125,0.28229166666666666,106,412,1.0,0.0,0.0,0.875,16,1.0,1.3125,1.0,0.0,0.22708333333333333,57,412,1.0,0.0,0.0,0.875
val,"T=2, theta=0.4013",debounce,sensitivity_1,5EF64122-B513-46AE-BCF1-E62AAC285D2C,753,6,6,12,15,9,6,12.55,0.4780876494023904,0.0199203187250996,0.9561752988047808,0.7171314741035856,0.4780876494023904,2.5,16,1.0,1.125,1.0,0.0,0.12395833333333332,18,412,1.0,0.0,0.0,1.0,16,1.0,1.0,1.0,0.0,0.140625,25,412,1.0,0.0,0.0,0.9375
val,"T=2, theta=0.4013",debounce,sensitivity_1,61976C24-1C50-4355-9C49-AAE44A7D09F6,1717,8,8,16,64,8,6,28.616666666666667,0.27955736750145604,0.037274315666860805,0.5591147350029121,0.27955736750145604,0.20966802562609202,8.0,16,1.0,2.25,1.0,0.0,0.19999999999999998,51,412,1.0,0.0,0.0,0.9375,16,1.0,1.5625,1.0,0.0625,0.2520833333333333,87,412,1.0,0.0,0.0625,0.8125
val,"T=2, theta=0.4013",debounce,sensitivity_1,78A91A4E-4A51-4065-BDA7-94755F0BB3BB,2370,16,16,32,106,15,12,39.5,0.4050632911392405,0.04472573839662447,0.810126582278481,0.379746835443038,0.3037974683544304,6.625,16,1.0,1.625,1.0,0.0,0.1875,30,412,1.0,0.0,0.0,1.0,16,1.0,1.375,1.0,0.0625,0.228125,82,412,1.0,0.0,0.0,0.9375
val,"T=2, theta=0.4013",debounce,sensitivity_1,7CE37510-56D0-4120-A1CF-0E23351428D2,1923,16,16,32,72,15,13,32.05,0.49921996879875197,0.0374414976599064,0.9984399375975039,0.46801872074883,0.405616224648986,4.5,16,1.0,0.9375,1.0,0.0,0.14895833333333333,41,412,1.0,0.0,0.0625,0.9375,16,1.0,1.875,1.0,0.0,0.19791666666666669,52,412,1.0,0.0,0.1875,0.875
val,"T=2, theta=0.4013",debounce,sensitivity_1,8023FE1A-D3B0-4E2C-A57A-9321B7FC755F,1808,17,17,34,74,17,14,30.133333333333333,0.5641592920353983,0.04092920353982301,1.1283185840707965,0.5641592920353983,0.4646017699115044,4.352941176470588,16,1.0,0.8125,1.0,0.0,0.09375,31,412,1.0,0.0,0.1875,0.9375,16,1.0,0.9375,1.0,0.0,0.12708333333333333,19,412,1.0,0.0,0.0625,0.875
val,"T=2, theta=0.4013",debounce,sensitivity_1,83CF687B-7CEC-434B-9FE8-00C3D5799BE6,1879,7,7,14,59,5,4,31.316666666666666,0.22352315061202768,0.03139968068121341,0.44704630122405536,0.15965939329430548,0.12772751463544438,8.428571428571429,16,1.0,1.0,1.0,0.0,0.13125,26,412,1.0,0.0,0.0,1.0,16,1.0,2.5,1.0,0.0625,0.25104166666666666,62,412,1.0,0.0,0.0625,0.8125
val,"T=2, theta=0.4013",debounce,sensitivity_1,9759096F-1119-4E19-A0AD-6F16989C7E1C,1963,18,18,36,102,17,13,32.71666666666667,0.5501782985226693,0.05196128374936322,1.1003565970453386,0.5196128374936322,0.3973509933774834,5.666666666666667,16,1.0,3.0625,1.0,0.0625,0.26875,75,412,1.0,0.0,0.0,0.8125,16,1.0,3.625,1.0,0.0,0.21145833333333333,78,412,1.0,0.0,0.0625,0.9375
val,"T=2, theta=0.4013",debounce,sensitivity_1,9DC38D04-E82E-4F29-AB52-B476535226F2,1902,17,17,34,88,17,12,31.7,0.5362776025236593,0.046267087276550996,1.0725552050473186,0.5362776025236593,0.37854889589905366,5.176470588235294,16,1.0,1.875,1.0,0.0625,0.18437499999999998,33,412,1.0,0.0,0.125,0.9375,16,1.0,4.75,1.0,0.0625,0.28229166666666666,99,412,1.0,0.0,0.0625,0.875
val,"T=2, theta=0.4013",debounce,sensitivity_1,A5CDF89D-02A2-4EC1-89F8-F534FDABDD96,1179,12,12,24,68,12,7,19.65,0.6106870229007634,0.05767599660729432,1.2213740458015268,0.6106870229007634,0.356234096692112,5.666666666666667,16,1.0,1.4375,1.0,0.0,0.209375,74,412,1.0,0.0,0.0,0.9375,16,1.0,1.5625,1.0,0.0625,0.19791666666666666,47,412,1.0,0.0,0.125,0.9375
val,"T=2, theta=0.4013",debounce,sensitivity_1,A76A5AF5-5A93-4CF2-A16E-62353BB70E8A,1475,11,11,22,29,13,11,24.583333333333332,0.44745762711864406,0.01966101694915254,0.8949152542372881,0.5288135593220339,0.44745762711864406,2.6363636363636362,16,1.0,2.3125,1.0,0.0625,0.2875,57,412,1.0,0.0,0.0,0.8125,16,1.0,2.4375,1.0,0.1875,0.39166666666666666,87,412,1.0,0.0,0.0625,0.625
val,"T=2, theta=0.4013",debounce,sensitivity_1,B09E373F-8A54-44C8-895B-0039390B859F,1598,22,22,44,94,21,16,26.633333333333333,0.8260325406758449,0.058823529411764705,1.6520650813516897,0.7884856070087609,0.6007509386733417,4.2727272727272725,16,1.5,6.375,1.5,0.25,0.4479166666666667,137,412,1.0,0.0,0.0,0.625,16,1.0,4.875,1.0,0.0625,0.3177083333333333,118,412,1.0,0.0,0.0625,0.875
val,"T=2, theta=0.4013",debounce,sensitivity_1,B9724848-C7E2-45F4-9B3F-A1F38D864495,1487,18,18,36,71,20,16,24.783333333333335,0.726294552790854,0.04774714189643578,1.452589105581708,0.8069939475453933,0.6455951580363147,3.9444444444444446,16,1.0,0.875,1.0,0.0,0.121875,18,412,1.0,0.0,0.0625,0.9375,16,1.0,1.3125,1.0,0.0,0.19479166666666667,52,412,1.0,0.0,0.125,0.875
val,"T=2, theta=0.4013",debounce,sensitivity_1,BE3CA5A6-A561-4BBD-B7C9-5DF6805400FC,1632,25,24,49,124,27,18,27.2,0.9191176470588236,0.07598039215686274,1.8014705882352942,0.9926470588235294,0.6617647058823529,4.96,16,1.0,2.6875,1.0,0.1875,0.36041666666666666,94,412,1.0,0.0,0.0,0.75,16,1.5,7.1875,1.0,0.375,0.3822916666666667,118,412,1.0,0.0,0.1875,0.625
val,"T=2, theta=0.4013",debounce,sensitivity_1,C48CE857-A0DD-4DDB-BEA5-3A25449B2153,977,10,10,20,50,9,8,16.283333333333335,0.6141248720573182,0.0511770726714432,1.2282497441146365,0.5527123848515865,0.49129989764585463,5.0,16,1.0,1.875,1.0,0.0,0.228125,66,412,1.0,0.0,0.0,0.9375,16,1.0,1.5625,1.0,0.0625,0.22395833333333334,63,412,1.0,0.0,0.0625,0.9375
val,"T=2, theta=0.4013",debounce,sensitivity_1,CA820D43-E5E2-42EF-9798-BE56F776370B,1540,19,19,38,66,21,18,25.666666666666668,0.7402597402597402,0.04285714285714286,1.4805194805194803,0.8181818181818181,0.7012987012987013,3.473684210526316,16,1.0,2.75,1.0,0.0625,0.2489583333333333,53,412,1.0,0.0,0.0,0.8125,16,1.0,2.0625,1.0,0.1875,0.29791666666666666,65,412,1.0,0.0,0.0,0.75
val,"T=2, theta=0.4013",debounce,sensitivity_1,CDA3BBF7-6631-45E8-85BA-EEB416B32A3C,543,3,3,6,7,3,3,9.05,0.3314917127071823,0.01289134438305709,0.6629834254143646,0.3314917127071823,0.3314917127071823,2.3333333333333335,16,1.0,1.375,1.0,0.0625,0.20833333333333334,34,412,1.0,0.0,0.0,0.875,16,1.0,1.25,1.0,0.0,0.15208333333333332,42,412,1.0,0.0,0.0625,0.9375
val,"T=2, theta=0.4013",debounce,sensitivity_1,CF722AA9-2533-4E51-9FEB-9EAC84EE9AAC,694,10,9,19,113,11,7,11.566666666666666,0.8645533141210375,0.1628242074927954,1.6426512968299711,0.9510086455331412,0.6051873198847262,11.3,16,1.0,2.625,1.0,0.0,0.23333333333333334,102,412,1.0,0.125,0.125,0.875,16,1.0,2.8125,1.0,0.1875,0.33229166666666665,79,412,1.0,0.1875,0.1875,0.8125
val,"T=2, theta=0.4013",debounce,sensitivity_1,D7D20E2E-FC78-405D-B346-DBD3FD8FC92B,1213,11,11,22,89,12,9,20.216666666666665,0.5441055234954658,0.07337180544105523,1.0882110469909316,0.5935696619950537,0.4451772464962902,8.090909090909092,16,1.0,1.0,1.0,0.0,0.15416666666666667,43,412,1.0,0.0,0.0,1.0,16,1.0,2.4375,1.0,0.0,0.12604166666666666,31,412,1.0,0.0,0.0,1.0
val,"T=2, theta=0.4013",debounce,sensitivity_1,E65577C1-8D5D-4F70-AF23-B3ADB9D3DBA3,659,11,10,21,59,11,6,10.983333333333333,1.0015174506828528,0.08952959028831563,1.9119878603945373,1.0015174506828528,0.5462822458270107,5.363636363636363,16,1.0,1.625,1.0,0.0625,0.27291666666666664,85,412,1.0,0.0,0.0,0.8125,16,1.0,4.25,1.0,0.0,0.3020833333333333,150,412,1.0,0.0,0.0,0.9375
val,"T=2, theta=0.4013",debounce,sensitivity_1,ECECC2AB-D32F-4F90-B74C-E12A1C69BBE2,677,2,1,3,14,0,0,11.283333333333333,0.17725258493353027,0.0206794682422452,0.2658788774002954,0.0,0.0,7.0,16,1.0,3.0,1.0,0.0,0.215625,49,412,1.0,0.0,0.0,0.9375,16,1.0,0.9375,1.0,0.0,0.2552083333333333,123,412,1.0,0.0,0.0,0.9375
val,"T=2, theta=0.4013",debounce,sensitivity_1,FDAA70A1-42A3-4E3F-9AE3-3FDA412E03BF,966,6,6,12,45,4,4,16.1,0.37267080745341613,0.046583850931677016,0.7453416149068323,0.24844720496894407,0.24844720496894407,7.5,16,1.0,1.5,1.0,0.0,0.22395833333333334,97,412,1.0,0.0,0.0625,0.8125,16,1.0,1.625,1.0,0.0,0.12291666666666666,32,412,1.0,0.0,0.125,0.9375
val,"m=0.3, theta=0.31",margin,sensitivity_1,00EABED2-271D-49D8-B599-1D4A09240601,428,4,4,8,18,4,3,7.133333333333334,0.5607476635514018,0.04205607476635514,1.1214953271028036,0.5607476635514018,0.4205607476635514,4.5,16,0.0,0.6875,0.0,0.0,0.07604166666666666,36,412,0.0,0.0,0.0625,1.0,16,0.0,1.3125,0.0,0.0,0.057291666666666664,54,412,0.0,0.0,0.0,0.9375
val,"m=0.3, theta=0.31",margin,sensitivity_1,098A72A5-E3E5-4F54-A152-BBDA0DF7B694,1330,12,12,24,18,15,12,22.166666666666668,0.5413533834586466,0.013533834586466165,1.0827067669172932,0.6766917293233082,0.5413533834586466,1.5,16,0.0,1.4375,0.0,0.125,0.21458333333333335,73,412,0.0,0.0,0.0625,0.75,16,0.0,0.25,0.0,0.0,0.06458333333333333,40,412,0.0,0.0,0.0,1.0
val,"m=0.3, theta=0.31",margin,sensitivity_1,0A986513-7828-4D53-AA1F-E02D6DF9561B,763,12,12,24,39,13,11,12.716666666666667,0.9436435124508519,0.05111402359108781,1.8872870249017037,1.0222804718217562,0.8650065530799476,3.25,16,0.0,2.5625,0.0,0.1875,0.23333333333333334,39,412,0.0,0.0,0.0,0.8125,16,0.0,3.9375,0.0,0.0625,0.23333333333333334,75,412,0.0,0.0,0.0,0.9375
val,"m=0.3, theta=0.31",margin,sensitivity_1,11B5EC4D-4133-4289-B475-4E737182A406,1739,19,19,38,51,22,17,28.983333333333334,0.6555491661874641,0.029327199539965498,1.3110983323749281,0.7590569292696953,0.58654399079931,2.6842105263157894,16,0.0,0.6875,0.0,0.125,0.17604166666666665,30,412,0.0,0.0,0.0,0.8125,16,0.0,2.625,0.0,0.125,0.19895833333333332,47,412,0.0,0.0,0.0625,0.8125
val,"m=0.3, theta=0.31",margin,sensitivity_1,136562B6-95B2-483D-88DC-065F28409FD2,1215,7,7,14,46,4,4,20.25,0.345679012345679,0.03786008230452675,0.691358024691358,0.19753086419753085,0.19753086419753085,6.571428571428571,16,0.0,3.1875,0.0,0.1875,0.3145833333333333,86,412,0.0,0.0,0.0625,0.6875,16,0.0,3.9375,0.0,0.0625,0.259375,136,412,0.0,0.0,0.0,0.875
val,"m=0.3, theta=0.31",margin,sensitivity_1,1538C99F-BA1E-4EFB-A949-6C7C47701B20,1281,12,12,24,19,13,12,21.35,0.5620608899297423,0.01483216237314598,1.1241217798594847,0.6088992974238876,0.5620608899297423,1.5833333333333333,16,0.0,3.0625,0.0,0.125,0.17083333333333334,71,412,0.0,0.0,0.0625,0.875,16,0.0,0.25,0.0,0.0,0.14270833333333333,57,412,0.0,0.0,0.0625,0.875
val,"m=0.3, theta=0.31",margin,sensitivity_1,24E40C4C-A349-4F9F-93AB-01D00FB994AF,925,12,12,24,18,14,12,15.416666666666666,0.7783783783783784,0.01945945945945946,1.5567567567567568,0.9081081081081082,0.7783783783783784,1.5,16,0.0,1.625,0.0,0.1875,0.26145833333333335,57,412,0.0,0.0,0.0,0.75,16,2.0,6.0,1.5,0.125,0.39791666666666664,173,412,0.0,0.0,0.0,0.75
val,"m=0.3, theta=0.31",margin,sensitivity_1,2C32C23E-E30C-498A-8DD2-0EFB9150A02E,1674,12,12,24,54,13,9,27.9,0.43010752688172044,0.03225806451612903,0.8602150537634409,0.4659498207885305,0.3225806451612903,4.5,16,0.0,0.4375,0.0,0.0625,0.05520833333333333,9,412,0.0,0.0,0.0,0.875,16,0.0,1.5,0.0,0.0,0.10520833333333333,61,412,0.0,0.0,0.0,0.8125
val,"m=0.3, theta=0.31",margin,sensitivity_1,3600D531-0C55-44A7-AE95-A7A38519464E,1017,9,9,18,21,10,9,16.95,0.5309734513274337,0.02064896755162242,1.0619469026548674,0.5899705014749262,0.5309734513274337,2.3333333333333335,16,0.0,3.25,0.0,0.0625,0.18541666666666667,106,412,0.0,0.0,0.0,0.6875,16,0.0,1.1875,0.0,0.125,0.18958333333333333,72,412,0.0,0.0,0.0625,0.75
val,"m=0.3, theta=0.31",margin,sensitivity_1,4FC32141-E888-4BFF-8804-12559A491D8C,958,1,1,2,8,0,0,15.966666666666667,0.06263048016701461,0.008350730688935281,0.12526096033402923,0.0,0.0,8.0,16,8.0,14.75,8.0,0.625,0.7739583333333333,307,412,0.0,0.0,0.0,0.25,16,2.5,13.6875,2.5,0.375,0.4708333333333333,265,412,0.0,0.0,0.0,0.5625
val,"m=0.3, theta=0.31",margin,sensitivity_1,5119D0F8-FCA8-4184-A4EB-19421A40DE0D,1294,8,8,16,54,5,3,21.566666666666666,0.37094281298299847,0.04173106646058733,0.7418856259659969,0.23183925811437403,0.1391035548686244,6.75,16,0.0,0.9375,0.0,0.0,0.090625,38,412,0.0,0.0,0.0625,0.9375,16,0.0,2.8125,0.0,0.0625,0.12187499999999998,46,412,0.0,0.0,0.0,0.9375
val,"m=0.3, theta=0.31",margin,sensitivity_1,5152A2DF-FAF3-4BA8-9CA9-E66B32671A53,1294,9,9,18,33,13,7,21.566666666666666,0.41731066460587324,0.025502318392581144,0.8346213292117465,0.6027820710973725,0.32457496136012365,3.6666666666666665,16,0.0,6.3125,0.0,0.1875,0.33125,140,412,0.0,0.0,0.0,0.625,16,0.0,1.0625,0.0,0.0625,0.14166666666666666,48,412,0.0,0.0,0.0,0.875
val,"m=0.3, theta=0.31",margin,sensitivity_1,5EF64122-B513-46AE-BCF1-E62AAC285D2C,753,7,7,14,13,9,7,12.55,0.5577689243027888,0.017264276228419653,1.1155378486055776,0.7171314741035856,0.5577689243027888,1.8571428571428572,16,0.0,0.125,0.0,0.0,0.005208333333333333,3,412,0.0,0.0,0.0,1.0,16,0.0,0.0,0.0,0.0,0.014583333333333334,9,412,0.0,0.0,0.0,0.9375
val,"m=0.3, theta=0.31",margin,sensitivity_1,61976C24-1C50-4355-9C49-AAE44A7D09F6,1717,13,13,26,50,16,9,28.616666666666667,0.45428072218986604,0.029120559114735003,0.9085614443797321,0.5591147350029121,0.31450203843913804,3.8461538461538463,16,0.0,1.75,0.0,0.0,0.08958333333333333,43,412,0.0,0.0,0.0,0.875,16,0.0,1.1875,0.0,0.0625,0.20729166666666665,114,412,0.0,0.0,0.0625,0.75
val,"m=0.3, theta=0.31",margin,sensitivity_1,78A91A4E-4A51-4065-BDA7-94755F0BB3BB,2370,20,20,40,90,23,17,39.5,0.5063291139240507,0.0379746835443038,1.0126582278481013,0.5822784810126582,0.43037974683544306,4.5,16,0.0,0.6875,0.0,0.0625,0.12812500000000002,25,412,0.0,0.0,0.0,0.9375,16,0.0,1.875,0.0,0.0625,0.18645833333333334,86,412,0.0,0.0,0.0,0.6875
val,"m=0.3, theta=0.31",margin,sensitivity_1,7CE37510-56D0-4120-A1CF-0E23351428D2,1923,24,24,48,51,27,22,32.05,0.748829953198128,0.0265210608424337,1.497659906396256,0.842433697347894,0.686427457098284,2.125,16,0.0,1.8125,0.0,0.0,0.084375,49,412,0.0,0.0,0.0625,0.9375,16,0.0,1.8125,0.0,0.0625,0.18958333333333333,56,412,0.0,0.0,0.1875,0.875
val,"m=0.3, theta=0.31",margin,sensitivity_1,8023FE1A-D3B0-4E2C-A57A-9321B7FC755F,1808,13,13,26,31,15,12,30.133333333333333,0.4314159292035398,0.017146017699115043,0.8628318584070797,0.497787610619469,0.39823008849557523,2.3846153846153846,16,0.0,0.0,0.0,0.0,0.03854166666666667,26,412,0.0,0.0,0.0625,0.9375,16,0.0,0.0,0.0,0.0,0.027083333333333334,9,412,0.0,0.0,0.0,0.875
val,"m=0.3, theta=0.31",margin,sensitivity_1,83CF687B-7CEC-434B-9FE8-00C3D5799BE6,1879,10,10,20,54,9,7,31.316666666666666,0.31931878658861096,0.028738690792974985,0.6386375731772219,0.28738690792974986,0.22352315061202768,5.4,16,0.0,0.0,0.0,0.0,0.0125,12,412,0.0,0.0,0.0,1.0,16,0.0,4.3125,0.0,0.125,0.178125,66,412,0.0,0.0,0.0625,0.875
val,"m=0.3, theta=0.31",margin,sensitivity_1,9759096F-1119-4E19-A0AD-6F16989C7E1C,1963,31,31,62,68,39,28,32.71666666666667,0.9475292919001528,0.034640855832908816,1.8950585838003056,1.1920529801324502,0.8558329088130412,2.193548387096774,16,0.0,3.0625,0.0,0.0625,0.2520833333333333,104,412,0.0,0.0,0.0625,0.75,16,0.0,3.5625,0.0,0.0625,0.18958333333333333,94,412,0.0,0.0,0.0625,0.875
val,"m=0.3, theta=0.31",margin,sensitivity_1,9DC38D04-E82E-4F29-AB52-B476535226F2,1902,13,13,26,34,14,12,31.7,0.41009463722397477,0.017875920084121977,0.8201892744479495,0.44164037854889593,0.37854889589905366,2.6153846153846154,16,0.0,1.5625,0.0,0.125,0.15208333333333332,33,412,0.0,0.0,0.0625,0.875,16,0.0,4.3125,0.0,0.125,0.28125,110,412,0.0,0.0,0.0625,0.75
val,"m=0.3, theta=0.31",margin,sensitivity_1,A5CDF89D-02A2-4EC1-89F8-F534FDABDD96,1179,12,12,24,53,10,8,19.65,0.6106870229007634,0.04495335029686175,1.2213740458015268,0.5089058524173028,0.40712468193384227,4.416666666666667,16,0.0,3.5625,0.0,0.0,0.1125,67,412,0.0,0.0,0.0,0.9375,16,0.0,0.5,0.0,0.0625,0.14895833333333333,56,412,0.0,0.0,0.0625,0.9375
val,"m=0.3, theta=0.31",margin,sensitivity_1,A76A5AF5-5A93-4CF2-A16E-62353BB70E8A,1475,10,10,20,13,14,10,24.583333333333332,0.4067796610169492,0.008813559322033898,0.8135593220338984,0.5694915254237288,0.4067796610169492,1.3,16,0.0,2.1875,0.0,0.1875,0.2520833333333333,68,412,0.0,0.0,0.0,0.6875,16,2.5,5.1875,2.5,0.3125,0.49479166666666663,121,412,0.0,0.0,0.0,0.5625
val,"m=0.3, theta=0.31",margin,sensitivity_1,B09E373F-8A54-44C8-895B-0039390B859F,1598,22,22,44,56,25,19,26.633333333333333,0.8260325406758449,0.03504380475594493,1.6520650813516897,0.9386733416770964,0.7133917396745932,2.5454545454545454,16,2.0,7.375,0.0,0.25,0.43645833333333334,158,412,0.0,0.0,0.0,0.625,16,2.5,5.1875,0.5,0.125,0.325,133,412,0.0,0.0,0.0,0.625
val,"m=0.3, theta=0.31",margin,sensitivity_1,B9724848-C7E2-45F4-9B3F-A1F38D864495,1487,24,24,48,56,27,23,24.783333333333335,0.968392737054472,0.03765971755211836,1.936785474108944,1.089441829186281,0.9280430396772024,2.3333333333333335,16,0.0,0.0625,0.0,0.0,0.05625,25,412,0.0,0.0,0.0625,0.9375,16,0.0,0.875,0.0,0.0,0.165625,58,412,0.0,0.0,0.0,0.875
val,"m=0.3, theta=0.31",margin,sensitivity_1,BE3CA5A6-A561-4BBD-B7C9-5DF6805400FC,1632,2,2,4,2,3,2,27.2,0.07352941176470588,0.0012254901960784314,0.14705882352941177,0.11029411764705882,0.07352941176470588,1.0,16,3.0,7.25,3.0,0.3125,0.42916666666666664,122,412,0.0,0.0,0.0,0.6875,16,3.5,12.0,3.0,0.5,0.665625,247,412,0.0,0.0625,0.0,0.375
val,"m=0.3, theta=0.31",margin,sensitivity_1,C48CE857-A0DD-4DDB-BEA5-3A25449B2153,977,4,4,8,27,4,3,16.283333333333335,0.24564994882292732,0.027635619242579325,0.49129989764585463,0.24564994882292732,0.18423746161719548,6.75,16,0.0,2.0625,0.0,0.125,0.2375,91,412,0.0,0.0,0.0,0.75,16,0.0,2.3125,0.0,0.0625,0.17291666666666666,84,412,0.0,0.0,0.0,0.8125
val,"m=0.3, theta=0.31",margin,sensitivity_1,CA820D43-E5E2-42EF-9798-BE56F776370B,1540,30,30,60,56,35,30,25.666666666666668,1.1688311688311688,0.03636363636363636,2.3376623376623376,1.3636363636363635,1.1688311688311688,1.8666666666666667,16,0.0,2.0625,0.0,0.0,0.14583333333333334,45,412,0.0,0.0,0.0625,0.875,16,0.0,1.4375,0.0,0.1875,0.22291666666666665,66,412,0.0,0.0,0.0,0.75
val,"m=0.3, theta=0.31",margin,sensitivity_1,CDA3BBF7-6631-45E8-85BA-EEB416B32A3C,543,6,5,11,9,5,5,9.05,0.6629834254143646,0.016574585635359115,1.2154696132596685,0.5524861878453038,0.5524861878453038,1.5,16,0.0,1.1875,0.0,0.125,0.165625,33,412,0.0,0.0,0.0625,0.8125,16,0.0,0.0625,0.0,0.0,0.051041666666666666,32,412,0.0,0.0,0.0,0.9375
val,"m=0.3, theta=0.31",margin,sensitivity_1,CF722AA9-2533-4E51-9FEB-9EAC84EE9AAC,694,6,5,11,67,4,3,11.566666666666666,0.5187319884726225,0.09654178674351585,0.9510086455331412,0.345821325648415,0.25936599423631124,11.166666666666666,16,0.5,7.3125,0.5,0.125,0.375,206,412,0.0,0.0625,0.125,0.625,16,0.0,4.0625,0.0,0.1875,0.38958333333333334,158,412,0.0,0.0625,0.1875,0.5625
val,"m=0.3, theta=0.31",margin,sensitivity_1,D7D20E2E-FC78-405D-B346-DBD3FD8FC92B,1213,5,5,10,66,5,3,20.216666666666665,0.247320692497939,0.05441055234954658,0.494641384995878,0.247320692497939,0.14839241549876342,13.2,16,0.0,0.25,0.0,0.0625,0.08333333333333333,52,412,0.0,0.0,0.0,0.875,16,0.0,1.6875,0.0,0.0,0.057291666666666664,35,412,0.0,0.0,0.0625,0.9375
val,"m=0.3, theta=0.31",margin,sensitivity_1,E65577C1-8D5D-4F70-AF23-B3ADB9D3DBA3,659,13,13,26,34,21,12,10.983333333333333,1.1836115326251897,0.051593323216995446,2.3672230652503794,1.9119878603945373,1.0925644916540214,2.6153846153846154,16,0.0,2.5,0.0,0.0625,0.18541666666666667,82,412,0.0,0.0,0.0,0.875,16,0.0,3.8125,0.0,0.0,0.20833333333333331,154,412,0.0,0.0,0.0,0.9375
val,"m=0.3, theta=0.31",margin,sensitivity_1,ECECC2AB-D32F-4F90-B74C-E12A1C69BBE2,677,3,3,6,13,2,2,11.283333333333333,0.2658788774002954,0.019202363367799114,0.5317577548005908,0.17725258493353027,0.17725258493353027,4.333333333333333,16,0.0,2.3125,0.0,0.0625,0.09270833333333334,33,412,0.0,0.0,0.0,0.9375,16,0.0,0.4375,0.0,0.0625,0.2520833333333333,131,412,0.0,0.0,0.0,0.75
val,"m=0.3, theta=0.31",margin,sensitivity_1,FDAA70A1-42A3-4E3F-9AE3-3FDA412E03BF,966,5,5,10,30,4,3,16.1,0.3105590062111801,0.031055900621118012,0.6211180124223602,0.24844720496894407,0.18633540372670807,6.0,16,0.0,1.625,0.0,0.0,0.19479166666666667,113,412,0.0,0.0,0.0625,0.8125,16,0.0,1.0625,0.0,0.0,0.04375,26,412,0.0,0.0,0.125,0.9375
val,"m=0.3, T=2, theta=0.7858",hysteresis,sensitivity_1,00EABED2-271D-49D8-B599-1D4A09240601,428,3,3,6,36,1,1,7.133333333333334,0.4205607476635514,0.08411214953271028,0.8411214953271028,0.14018691588785046,0.14018691588785046,12.0,16,1.0,0.9375,1.0,0.0,0.11979166666666666,15,412,1.0,0.0,0.0625,1.0,16,1.0,0.9375,1.0,0.0,0.11979166666666666,15,412,1.0,0.0,0.0625,1.0
val,"m=0.3, T=2, theta=0.7858",hysteresis,sensitivity_1,098A72A5-E3E5-4F54-A152-BBDA0DF7B694,1330,13,12,25,220,4,3,22.166666666666668,0.5864661654135338,0.16541353383458646,1.1278195488721805,0.18045112781954886,0.13533834586466165,16.923076923076923,16,1.0,0.625,1.0,0.0,0.08333333333333333,10,412,1.5,0.0625,0.375,1.0,16,1.0,0.9375,1.0,0.0,0.11979166666666666,15,412,1.0,0.0,0.0625,1.0
val,"m=0.3, T=2, theta=0.7858",hysteresis,sensitivity_1,0A986513-7828-4D53-AA1F-E02D6DF9561B,763,11,11,22,128,6,3,12.716666666666667,0.8650065530799476,0.16775884665792923,1.7300131061598951,0.47182175622542594,0.23591087811271297,11.636363636363637,16,1.0,1.0,1.0,0.0,0.05625,16,412,3.0,0.0,0.1875,1.0,16,1.0,1.1875,1.0,0.0,0.12291666666666666,19,412,1.0,0.0,0.0,1.0
val,"m=0.3, T=2, theta=0.7858",hysteresis,sensitivity_1,11B5EC4D-4133-4289-B475-4E737182A406,1739,21,20,41,294,14,9,28.983333333333334,0.7245543415756182,0.16906267970097758,1.4146060954571593,0.48303622771707877,0.3105232892466935,14.0,16,1.0,1.0625,1.0,0.0,0.12291666666666666,17,412,1.0,0.0,0.0625,1.0,16,1.0,0.9375,1.0,0.0,0.12395833333333334,15,412,1.0,0.0,0.1875,1.0
val,"m=0.3, T=2, theta=0.7858",hysteresis,sensitivity_1,136562B6-95B2-483D-88DC-065F28409FD2,1215,13,9,22,456,3,3,20.25,0.6419753086419753,0.37530864197530867,1.0864197530864197,0.14814814814814814,0.14814814814814814,35.07692307692308,16,1.0,1.25,1.0,0.0,0.13229166666666667,20,412,1.0,0.125,0.375,1.0,16,0.5,1.75,0.5,0.0,0.07708333333333334,28,412,11.5,0.3125,0.5,1.0
val,"m=0.3, T=2, theta=0.7858",hysteresis,sensitivity_1,1538C99F-BA1E-4EFB-A949-6C7C47701B20,1281,12,12,24,125,5,5,21.35,0.5620608899297423,0.0975800156128025,1.1241217798594847,0.23419203747072598,0.23419203747072598,10.416666666666666,16,1.0,2.625,1.0,0.0625,0.15833333333333333,42,412,1.0,0.0,0.1875,0.9375,16,1.0,0.8125,1.0,0.0,0.10729166666666666,13,412,1.0,0.0,0.125,1.0
val,"m=0.3, T=2, theta=0.7858",hysteresis,sensitivity_1,24E40C4C-A349-4F9F-93AB-01D00FB994AF,925,9,6,15,637,1,0,15.416666666666666,0.5837837837837838,0.6886486486486486,0.972972972972973,0.06486486486486487,0.0,70.77777777777777,16,0.0,0.5,0.0,0.0625,0.09270833333333332,8,412,41.0,0.625,0.625,0.9375,16,0.0,0.4375,0.0,0.0,0.053125,17,412,27.0,0.6875,0.8125,1.0
val,"m=0.3, T=2, theta=0.7858",hysteresis,sensitivity_1,2C32C23E-E30C-498A-8DD2-0EFB9150A02E,1674,13,13,26,185,8,7,27.9,0.4659498207885305,0.11051373954599761,0.931899641577061,0.28673835125448033,0.2508960573476703,14.23076923076923,16,1.0,0.8125,1.0,0.0,0.09270833333333334,13,412,1.0,0.0625,0.125,1.0,16,1.0,0.9375,1.0,0.0,0.11875,15,412,1.0,0.0,0.0,1.0
val,"m=0.3, T=2, theta=0.7858",hysteresis,sensitivity_1,3600D531-0C55-44A7-AE95-A7A38519464E,1017,6,4,10,265,0,0,16.95,0.35398230088495575,0.2605703048180924,0.5899705014749262,0.0,0.0,44.166666666666664,16,1.0,1.625,1.0,0.0,0.14479166666666668,26,412,1.0,0.1875,0.125,1.0,16,1.0,0.5625,1.0,0.0,0.09583333333333333,9,412,13.0,0.4375,0.4375,1.0
val,"m=0.3, T=2, theta=0.7858",hysteresis,sensitivity_1,4FC32141-E888-4BFF-8804-12559A491D8C,958,5,0,5,710,0,0,15.966666666666667,0.31315240083507306,0.7411273486430062,0.31315240083507306,0.0,0.0,142.0,16,0.0,0.625,0.0,0.0625,0.09791666666666667,10,412,60.0,0.75,0.625,0.9375,16,0.0,0.1875,0.0,0.0,0.029166666666666667,3,412,60.0,0.875,0.8125,1.0
val,"m=0.3, T=2, theta=0.7858",hysteresis,sensitivity_1,5119D0F8-FCA8-4184-A4EB-19421A40DE0D,1294,10,10,20,119,6,4,21.566666666666666,0.46367851622874806,0.0919629057187017,0.9273570324574961,0.2782071097372488,0.18547140649149924,11.9,16,1.0,1.0625,1.0,0.0,0.10416666666666666,17,412,1.0,0.0,0.0625,1.0,16,1.0,1.9375,1.0,0.0,0.15312499999999998,31,412,1.0,0.0,0.0625,1.0
val,"m=0.3, T=2, theta=0.7858",hysteresis,sensitivity_1,5152A2DF-FAF3-4BA8-9CA9-E66B32671A53,1294,9,8,17,389,1,1,21.566666666666666,0.41731066460587324,0.30061823802163834,0.7882534775888718,0.04636785162287481,0.04636785162287481,43.22222222222222,16,1.0,1.8125,1.0,0.0,0.08645833333333333,32,412,14.0,0.375,0.1875,1.0,16,1.0,0.8125,1.0,0.0,0.09166666666666666,13,412,3.5,0.125,0.125,1.0
val,"m=0.3, T=2, theta=0.7858",hysteresis,sensitivity_1,5EF64122-B513-46AE-BCF1-E62AAC285D2C,753,4,4,8,51,1,0,12.55,0.3187250996015936,0.06772908366533864,0.6374501992031872,0.0796812749003984,0.0,12.75,16,1.0,1.0,1.0,0.0,0.11666666666666667,16,412,1.0,0.0,0.0625,1.0,16,1.0,1.0,1.0,0.0,0.12083333333333333,16,412,1.0,0.0,0.0,1.0
val,"m=0.3, T=2, theta=0.7858",hysteresis,sensitivity_1,61976C24-1C50-4355-9C49-AAE44A7D09F6,1717,8,8,16,198,5,4,28.616666666666667,0.27955736750145604,0.11531741409435062,0.5591147350029121,0.17472335468841002,0.13977868375072802,24.75,16,1.0,1.25,1.0,0.0,0.13749999999999998,20,412,1.0,0.125,0.0625,1.0,16,1.0,1.3125,1.0,0.0625,0.165625,21,412,1.0,0.0625,0.125,0.9375
val,"m=0.3, T=2, theta=0.7858",hysteresis,sensitivity_1,78A91A4E-4A51-4065-BDA7-94755F0BB3BB,2370,20,20,40,320,9,8,39.5,0.5063291139240507,0.1350210970464135,1.0126582278481013,0.22784810126582278,0.20253164556962025,16.0,16,1.0,1.3125,1.0,0.0,0.15729166666666666,21,412,1.0,0.0,0.0,1.0,16,1.0,1.0625,1.0,0.0625,0.096875,17,412,1.0,0.0,0.125,0.9375
val,"m=0.3, T=2, theta=0.7858",hysteresis,sensitivity_1,7CE37510-56D0-4120-A1CF-0E23351428D2,1923,20,20,40,312,11,9,32.05,0.62402496099844,0.1622464898595944,1.24804992199688,0.343213728549142,0.280811232449298,15.6,16,1.0,0.8125,1.0,0.0,0.10416666666666667,19,412,1.5,0.0,0.1875,0.9375,16,0.5,1.1875,0.5,0.0,0.04791666666666666,19,412,3.5,0.0,0.375,1.0
val,"m=0.3, T=2, theta=0.7858",hysteresis,sensitivity_1,8023FE1A-D3B0-4E2C-A57A-9321B7FC755F,1808,21,21,42,222,16,10,30.133333333333333,0.6969026548672567,0.12278761061946902,1.3938053097345133,0.5309734513274337,0.33185840707964603,10.571428571428571,16,1.0,0.8125,1.0,0.0,0.07291666666666667,13,412,1.0,0.0,0.1875,1.0,16,1.0,0.8125,1.0,0.0,0.11145833333333333,13,412,1.0,0.0,0.1875,1.0
val,"m=0.3, T=2, theta=0.7858",hysteresis,sensitivity_1,83CF687B-7CEC-434B-9FE8-00C3D5799BE6,1879,15,15,30,220,7,7,31.316666666666666,0.47897817988291647,0.11708355508249069,0.9579563597658329,0.22352315061202768,0.22352315061202768,14.666666666666666,16,1.0,0.875,1.0,0.0,0.07916666666666666,14,412,3.0,0.0,0.125,1.0,16,1.0,1.4375,1.0,0.0625,0.15208333333333335,23,412,1.0,0.0,0.3125,0.9375
val,"m=0.3, T=2, theta=0.7858",hysteresis,sensitivity_1,9759096F-1119-4E19-A0AD-6F16989C7E1C,1963,24,24,48,640,6,3,32.71666666666667,0.7335710646968925,0.32603158430973,1.467142129393785,0.18339276617422312,0.09169638308711156,26.666666666666668,16,1.0,2.0,1.0,0.0,0.12083333333333333,32,412,7.0,0.0,0.375,1.0,16,1.0,0.9375,1.0,0.0,0.09583333333333333,37,412,2.5,0.0625,0.375,1.0
val,"m=0.3, T=2, theta=0.7858",hysteresis,sensitivity_1,9DC38D04-E82E-4F29-AB52-B476535226F2,1902,13,12,25,649,2,2,31.7,0.41009463722397477,0.3412197686645636,0.7886435331230284,0.06309148264984227,0.06309148264984227,49.92307692307692,16,1.0,1.25,1.0,0.0,0.12291666666666666,20,412,1.5,0.1875,0.4375,1.0,16,1.0,1.4375,1.0,0.0,0.08854166666666667,23,412,1.0,0.0625,0.25,1.0
val,"m=0.3, T=2, theta=0.7858",hysteresis,sensitivity_1,A5CDF89D-02A2-4EC1-89F8-F534FDABDD96,1179,11,11,22,145,5,5,19.65,0.5597964376590331,0.12298558100084818,1.1195928753180662,0.2544529262086514,0.2544529262086514,13.181818181818182,16,1.0,1.125,1.0,0.0,0.13333333333333333,18,412,1.0,0.0,0.0,1.0,16,1.0,0.875,1.0,0.0625,0.14375,21,412,1.0,0.0,0.25,0.9375
val,"m=0.3, T=2, theta=0.7858",hysteresis,sensitivity_1,A76A5AF5-5A93-4CF2-A16E-62353BB70E8A,1475,11,11,22,700,4,1,24.583333333333332,0.44745762711864406,0.4745762711864407,0.8949152542372881,0.16271186440677968,0.04067796610169492,63.63636363636363,16,0.5,0.5625,0.5,0.0,0.07916666666666666,9,412,12.5,0.25,0.5,1.0,16,0.0,0.5,0.0,0.0625,0.11770833333333333,8,412,25.0,0.375,0.625,0.9375
val,"m=0.3, T=2, theta=0.7858",hysteresis,sensitivity_1,B09E373F-8A54-44C8-895B-0039390B859F,1598,18,17,35,776,5,2,26.633333333333333,0.6758448060075094,0.4856070087609512,1.3141426783479349,0.18773466833541927,0.07509386733416772,43.111111111111114,16,0.0,0.8125,0.0,0.0,0.046875,13,412,23.5,0.3125,0.5,1.0,16,1.0,1.125,1.0,0.0625,0.140625,18,412,1.0,0.125,0.375,0.9375
val,"m=0.3, T=2, theta=0.7858",hysteresis,sensitivity_1,B9724848-C7E2-45F4-9B3F-A1F38D864495,1487,17,17,34,187,11,11,24.783333333333335,0.6859448554135843,0.12575655682582382,1.3718897108271686,0.44384667114996634,0.44384667114996634,11.0,16,1.0,0.75,1.0,0.0,0.090625,12,412,1.0,0.0,0.25,1.0,16,1.0,1.125,1.0,0.0,0.1125,18,412,1.0,0.125,0.1875,1.0
val,"m=0.3, T=2, theta=0.7858",hysteresis,sensitivity_1,BE3CA5A6-A561-4BBD-B7C9-5DF6805400FC,1632,8,5,13,1062,0,0,27.2,0.29411764705882354,0.6507352941176471,0.47794117647058826,0.0,0.0,132.75,16,0.0,1.6875,0.0,0.125,0.134375,27,412,30.5,0.4375,0.5625,0.875,16,0.0,0.5,0.0,0.0625,0.08541666666666667,8,412,60.0,0.8125,0.6875,0.9375
val,"m=0.3, T=2, theta=0.7858",hysteresis,sensitivity_1,C48CE857-A0DD-4DDB-BEA5-3A25449B2153,977,10,7,17,244,1,1,16.283333333333335,0.6141248720573182,0.24974411463664278,1.044012282497441,0.06141248720573183,0.06141248720573183,24.4,16,1.0,1.25,1.0,0.0,0.11562499999999999,20,412,1.0,0.0625,0.0625,1.0,16,1.0,1.0,1.0,0.0,0.09270833333333334,16,412,1.0,0.0,0.1875,1.0
val,"m=0.3, T=2, theta=0.7858",hysteresis,sensitivity_1,CA820D43-E5E2-42EF-9798-BE56F776370B,1540,18,17,35,536,1,1,25.666666666666668,0.7012987012987013,0.34805194805194806,1.3636363636363635,0.03896103896103896,0.03896103896103896,29.77777777777778,16,1.0,1.5,1.0,0.0,0.121875,24,412,1.0,0.0,0.1875,1.0,16,1.0,1.375,1.0,0.0625,0.16041666666666665,22,412,13.5,0.3125,0.1875,0.9375
val,"m=0.3, T=2, theta=0.7858",hysteresis,sensitivity_1,CDA3BBF7-6631-45E8-85BA-EEB416B32A3C,543,7,6,13,86,2,2,9.05,0.7734806629834253,0.15837937384898712,1.43646408839779,0.22099447513812154,0.22099447513812154,12.285714285714286,16,1.0,1.25,1.0,0.0,0.12083333333333333,20,412,1.0,0.0,0.0,1.0,16,1.0,0.6875,1.0,0.0,0.09166666666666666,23,412,1.0,0.0,0.3125,0.9375
val,"m=0.3, T=2, theta=0.7858",hysteresis,sensitivity_1,CF722AA9-2533-4E51-9FEB-9EAC84EE9AAC,694,7,5,12,301,1,0,11.566666666666666,0.6051873198847262,0.43371757925072046,1.037463976945245,0.08645533141210375,0.0,43.0,16,1.0,0.6875,1.0,0.0,0.08854166666666666,11,412,4.0,0.3125,0.3125,1.0,16,0.5,0.5,0.5,0.0,0.075,8,412,34.5,0.375,0.5,1.0
val,"m=0.3, T=2, theta=0.7858",hysteresis,sensitivity_1,D7D20E2E-FC78-405D-B346-DBD3FD8FC92B,1213,9,8,17,200,3,2,20.216666666666665,0.4451772464962902,0.16488046166529266,0.8408903544929927,0.14839241549876342,0.0989282769991756,22.22222222222222,16,1.0,0.875,1.0,0.0,0.11875,14,412,1.0,0.0,0.125,1.0,16,1.0,0.9375,1.0,0.0,0.09791666666666667,15,412,1.0,0.0,0.0625,1.0
val,"m=0.3, T=2, theta=0.7858",hysteresis,sensitivity_1,E65577C1-8D5D-4F70-AF23-B3ADB9D3DBA3,659,13,12,25,145,9,6,10.983333333333333,1.1836115326251897,0.22003034901365706,2.276176024279211,0.819423368740516,0.5462822458270107,11.153846153846153,16,1.0,1.0625,1.0,0.0625,0.16458333333333333,17,412,1.0,0.0,0.25,0.9375,16,1.0,2.375,1.0,0.0,0.2125,69,412,1.0,0.0,0.0625,1.0
val,"m=0.3, T=2, theta=0.7858",hysteresis,sensitivity_1,ECECC2AB-D32F-4F90-B74C-E12A1C69BBE2,677,9,8,17,76,3,3,11.283333333333333,0.7976366322008863,0.11225997045790251,1.5066469719350073,0.2658788774002954,0.2658788774002954,8.444444444444445,16,1.0,1.4375,1.0,0.0,0.125,23,412,1.0,0.0,0.125,1.0,16,1.0,0.875,1.0,0.0,0.11354166666666667,14,412,1.0,0.0,0.0,1.0
val,"m=0.3, T=2, theta=0.7858",hysteresis,sensitivity_1,FDAA70A1-42A3-4E3F-9AE3-3FDA412E03BF,966,11,11,22,157,5,5,16.1,0.6832298136645962,0.16252587991718426,1.3664596273291925,0.3105590062111801,0.3105590062111801,14.272727272727273,16,1.0,1.125,1.0,0.0,0.11458333333333333,39,412,4.5,0.0,0.25,1.0,16,1.0,0.75,1.0,0.0,0.090625,12,412,1.5,0.0,0.1875,1.0
val,"r=0.5, tau=0.5, theta=0.7858",trust,sensitivity_1,00EABED2-271D-49D8-B599-1D4A09240601,428,3,3,6,46,0,0,7.133333333333334,0.4205607476635514,0.10747663551401869,0.8411214953271028,0.0,0.0,15.333333333333334,16,1.0,0.8125,1.0,0.0,0.096875,13,412,5.0,0.0,0.0625,1.0,16,1.0,0.9375,1.0,0.0,0.11979166666666666,15,412,5.0,0.0,0.0625,1.0
val,"r=0.5, tau=0.5, theta=0.7858",trust,sensitivity_1,098A72A5-E3E5-4F54-A152-BBDA0DF7B694,1330,15,13,28,188,13,9,22.166666666666668,0.6766917293233082,0.14135338345864662,1.263157894736842,0.5864661654135338,0.40601503759398494,12.533333333333333,16,1.0,1.1875,1.0,0.0625,0.15208333333333332,17,412,5.5,0.125,0.25,0.9375,16,1.0,1.0,1.0,0.0,0.12083333333333333,16,412,4.0,0.0,0.0,1.0
val,"r=0.5, tau=0.5, theta=0.7858",trust,sensitivity_1,0A986513-7828-4D53-AA1F-E02D6DF9561B,763,17,17,34,155,15,8,12.716666666666667,1.3368283093053734,0.20314547837483618,2.673656618610747,1.1795543905635648,0.6290956749672346,9.117647058823529,16,0.5,0.5625,0.5,0.0,0.04479166666666667,9,412,8.0,0.0,0.4375,1.0,16,1.0,1.25,1.0,0.0,0.121875,20,412,5.0,0.0,0.0625,1.0
val,"r=0.5, tau=0.5, theta=0.7858",trust,sensitivity_1,11B5EC4D-4133-4289-B475-4E737182A406,1739,16,15,31,337,8,3,28.983333333333334,0.5520414031052329,0.19378953421506612,1.0695802185163887,0.27602070155261643,0.10350776308223117,21.0625,16,1.0,1.125,1.0,0.0625,0.16354166666666667,18,412,4.0,0.0,0.0625,0.9375,16,1.0,1.0625,1.0,0.0,0.12395833333333332,17,412,4.0,0.0625,0.125,1.0
val,"r=0.5, tau=0.5, theta=0.7858",trust,sensitivity_1,136562B6-95B2-483D-88DC-065F28409FD2,1215,13,9,22,465,6,4,20.25,0.6419753086419753,0.38271604938271603,1.0864197530864197,0.2962962962962963,0.19753086419753085,35.76923076923077,16,1.0,1.5,1.0,0.0625,0.15208333333333332,24,412,4.5,0.1875,0.3125,0.9375,16,0.0,2.0,0.0,0.0,0.08020833333333334,32,412,22.0,0.5,0.5,1.0
val,"r=0.5, tau=0.5, theta=0.7858",trust,sensitivity_1,1538C99F-BA1E-4EFB-A949-6C7C47701B20,1281,11,11,22,134,7,4,21.35,0.5152224824355972,0.10460577673692428,1.0304449648711944,0.32786885245901637,0.18735362997658078,12.181818181818182,16,1.0,2.625,1.0,0.0625,0.15833333333333333,42,412,4.0,0.0,0.1875,0.9375,16,1.0,0.875,1.0,0.0,0.10833333333333332,14,412,5.5,0.0,0.1875,1.0
val,"r=0.5, tau=0.5, theta=0.7858",trust,sensitivity_1,24E40C4C-A349-4F9F-93AB-01D00FB994AF,925,12,10,22,502,7,3,15.416666666666666,0.7783783783783784,0.5427027027027027,1.427027027027027,0.4540540540540541,0.1945945945945946,41.833333333333336,16,0.0,0.5,0.0,0.0625,0.09791666666666667,8,412,22.5,0.3125,0.5,0.9375,16,0.0,1.875,0.0,0.125,0.21041666666666667,30,412,26.5,0.3125,0.5625,0.875
val,"r=0.5, tau=0.5, theta=0.7858",trust,sensitivity_1,2C32C23E-E30C-498A-8DD2-0EFB9150A02E,1674,9,9,18,159,7,4,27.9,0.3225806451612903,0.09498207885304659,0.6451612903225806,0.2508960573476703,0.14336917562724016,17.666666666666668,16,1.0,0.75,1.0,0.0,0.090625,12,412,6.0,0.0625,0.0625,1.0,16,1.0,1.25,1.0,0.0,0.12708333333333333,20,412,5.0,0.0,0.0,1.0
val,"r=0.5, tau=0.5, theta=0.7858",trust,sensitivity_1,3600D531-0C55-44A7-AE95-A7A38519464E,1017,6,4,10,264,3,1,16.95,0.35398230088495575,0.25958702064896755,0.5899705014749262,0.17699115044247787,0.058997050147492625,44.0,16,1.0,1.5625,1.0,0.0625,0.15208333333333332,25,412,4.5,0.1875,0.125,0.9375,16,1.0,0.875,1.0,0.0,0.12708333333333333,14,412,25.5,0.5,0.4375,1.0
val,"r=0.5, tau=0.5, theta=0.7858",trust,sensitivity_1,4FC32141-E888-4BFF-8804-12559A491D8C,958,5,1,6,692,2,1,15.966666666666667,0.31315240083507306,0.7223382045929019,0.3757828810020877,0.12526096033402923,0.06263048016701461,138.4,16,0.0,0.8125,0.0,0.0625,0.11249999999999999,13,412,45.5,0.6875,0.625,0.9375,16,0.0,0.25,0.0,0.0,0.035416666666666666,4,412,60.0,0.875,0.8125,1.0
val,"r=0.5, tau=0.5, theta=0.7858",trust,sensitivity_1,5119D0F8-FCA8-4184-A4EB-19421A40DE0D,1294,10,10,20,113,8,6,21.566666666666666,0.46367851622874806,0.08732612055641421,0.9273570324574961,0.37094281298299847,0.2782071097372488,11.3,16,1.0,1.0,1.0,0.0,0.10208333333333333,16,412,4.0,0.0,0.0625,1.0,16,1.0,1.8125,1.0,0.0,0.10625,29,412,4.0,0.0,0.125,1.0
val,"r=0.5, tau=0.5, theta=0.7858",trust,sensitivity_1,5152A2DF-FAF3-4BA8-9CA9-E66B32671A53,1294,11,10,21,378,8,4,21.566666666666666,0.5100463678516228,0.2921174652241113,0.973724884080371,0.37094281298299847,0.18547140649149924,34.36363636363637,16,0.5,2.0,0.5,0.0,0.041666666666666664,32,412,14.0,0.1875,0.3125,1.0,16,1.0,0.6875,1.0,0.0,0.05,11,412,9.0,0.0625,0.25,1.0
val,"r=0.5, tau=0.5, theta=0.7858",trust,sensitivity_1,5EF64122-B513-46AE-BCF1-E62AAC285D2C,753,3,3,6,64,0,0,12.55,0.2390438247011952,0.0849933598937583,0.4780876494023904,0.0,0.0,21.333333333333332,16,1.0,0.9375,1.0,0.0,0.11458333333333333,15,412,4.0,0.0,0.0625,1.0,16,1.0,0.875,1.0,0.0,0.1125,14,412,4.0,0.0,0.0,1.0
val,"r=0.5, tau=0.5, theta=0.7858",trust,sensitivity_1,61976C24-1C50-4355-9C49-AAE44A7D09F6,1717,9,9,18,224,9,5,28.616666666666667,0.31450203843913804,0.13046010483401282,0.6290040768782761,0.31450203843913804,0.17472335468841002,24.88888888888889,16,1.0,1.1875,1.0,0.0,0.13125,19,412,4.0,0.125,0.0625,1.0,16,1.0,1.25,1.0,0.0625,0.16354166666666667,20,412,4.0,0.0,0.125,0.9375
val,"r=0.5, tau=0.5, theta=0.7858",trust,sensitivity_1,78A91A4E-4A51-4065-BDA7-94755F0BB3BB,2370,16,16,32,352,8,6,39.5,0.4050632911392405,0.14852320675105485,0.810126582278481,0.20253164556962025,0.1518987341772152,22.0,16,1.0,1.25,1.0,0.0,0.15104166666666666,20,412,4.0,0.0,0.0,1.0,16,1.0,0.9375,1.0,0.0,0.09270833333333334,15,412,5.0,0.125,0.1875,1.0
val,"r=0.5, tau=0.5, theta=0.7858",trust,sensitivity_1,7CE37510-56D0-4120-A1CF-0E23351428D2,1923,20,20,40,343,15,10,32.05,0.62402496099844,0.17836713468538742,1.24804992199688,0.46801872074883,0.31201248049922,17.15,16,1.0,0.6875,1.0,0.0,0.06979166666666667,11,412,5.5,0.0,0.1875,1.0,16,0.5,0.8125,0.5,0.0,0.04583333333333333,13,412,6.0,0.0,0.375,1.0
val,"r=0.5, tau=0.5, theta=0.7858",trust,sensitivity_1,8023FE1A-D3B0-4E2C-A57A-9321B7FC755F,1808,22,22,44,249,21,12,30.133333333333333,0.7300884955752213,0.1377212389380531,1.4601769911504425,0.6969026548672567,0.39823008849557523,11.318181818181818,16,1.0,0.6875,1.0,0.0,0.06979166666666667,11,412,4.0,0.0,0.1875,1.0,16,1.0,0.8125,1.0,0.0,0.11145833333333333,13,412,4.0,0.0,0.1875,1.0
val,"r=0.5, tau=0.5, theta=0.7858",trust,sensitivity_1,83CF687B-7CEC-434B-9FE8-00C3D5799BE6,1879,8,8,16,181,2,1,31.316666666666666,0.25545502927088876,0.09632783395423097,0.5109100585417775,0.06386375731772219,0.031931878658861094,22.625,16,1.0,0.8125,1.0,0.0,0.07708333333333334,13,412,7.5,0.0,0.125,1.0,16,1.0,1.4375,1.0,0.0625,0.153125,23,412,7.0,0.0,0.125,0.9375
val,"r=0.5, tau=0.5, theta=0.7858",trust,sensitivity_1,9759096F-1119-4E19-A0AD-6F16989C7E1C,1963,21,21,42,647,16,7,32.71666666666667,0.6418746816097809,0.3295975547631177,1.2837493632195618,0.48904737646459495,0.2139582272032603,30.80952380952381,16,0.0,1.875,0.0,0.0,0.09791666666666667,30,412,10.0,0.0625,0.375,1.0,16,0.5,0.875,0.5,0.0,0.08541666666666667,31,412,8.0,0.0625,0.4375,1.0
val,"r=0.5, tau=0.5, theta=0.7858",trust,sensitivity_1,9DC38D04-E82E-4F29-AB52-B476535226F2,1902,17,17,34,658,8,4,31.7,0.5362776025236593,0.3459516298633018,1.0725552050473186,0.25236593059936907,0.12618296529968454,38.705882352941174,16,0.5,1.3125,0.5,0.0,0.115625,21,412,8.0,0.1875,0.4375,1.0,16,1.0,1.125,1.0,0.0,0.07708333333333334,18,412,4.0,0.0625,0.3125,1.0
val,"r=0.5, tau=0.5, theta=0.7858",trust,sensitivity_1,A5CDF89D-02A2-4EC1-89F8-F534FDABDD96,1179,12,12,24,150,8,5,19.65,0.6106870229007634,0.1272264631043257,1.2213740458015268,0.40712468193384227,0.2544529262086514,12.5,16,1.0,0.9375,1.0,0.0,0.140625,30,412,6.5,0.0,0.0,1.0,16,1.0,0.875,1.0,0.0625,0.13645833333333332,14,412,5.0,0.0,0.25,0.9375
val,"r=0.5, tau=0.5, theta=0.7858",trust,sensitivity_1,A76A5AF5-5A93-4CF2-A16E-62353BB70E8A,1475,15,15,30,762,13,7,24.583333333333332,0.6101694915254238,0.5166101694915254,1.2203389830508475,0.5288135593220339,0.2847457627118644,50.8,16,0.0,0.5,0.0,0.0,0.06770833333333333,8,412,11.5,0.25,0.5,1.0,16,0.0,0.4375,0.0,0.0,0.096875,7,412,30.0,0.3125,0.6875,1.0
val,"r=0.5, tau=0.5, theta=0.7858",trust,sensitivity_1,B09E373F-8A54-44C8-895B-0039390B859F,1598,11,11,22,844,4,1,26.633333333333333,0.41301627033792243,0.5281602002503129,0.8260325406758449,0.15018773466833543,0.03754693366708386,76.72727272727273,16,0.0,1.125,0.0,0.125,0.16041666666666668,18,412,40.0,0.375,0.5625,0.875,16,0.0,0.8125,0.0,0.0625,0.10416666666666667,13,412,11.5,0.3125,0.4375,0.9375
val,"r=0.5, tau=0.5, theta=0.7858",trust,sensitivity_1,B9724848-C7E2-45F4-9B3F-A1F38D864495,1487,13,12,25,213,4,3,24.783333333333335,0.5245460659045057,0.14324142568930734,1.0087424344317417,0.16139878950907868,0.121049092131809,16.384615384615383,16,1.0,0.6875,1.0,0.0,0.08958333333333333,11,412,4.0,0.0,0.25,1.0,16,1.0,0.8125,1.0,0.0,0.10625,13,412,4.0,0.125,0.1875,1.0
val,"r=0.5, tau=0.5, theta=0.7858",trust,sensitivity_1,BE3CA5A6-A561-4BBD-B7C9-5DF6805400FC,1632,11,8,19,836,4,2,27.2,0.40441176470588236,0.5122549019607843,0.698529411764706,0.14705882352941177,0.07352941176470588,76.0,16,0.0,1.75,0.0,0.125,0.15520833333333334,28,412,21.0,0.375,0.4375,0.875,16,0.0,0.75,0.0,0.125,0.14479166666666668,12,412,46.0,0.625,0.5625,0.875
val,"r=0.5, tau=0.5, theta=0.7858",trust,sensitivity_1,C48CE857-A0DD-4DDB-BEA5-3A25449B2153,977,10,7,17,235,2,1,16.283333333333335,0.6141248720573182,0.240532241555783,1.044012282497441,0.12282497441146366,0.06141248720573183,23.5,16,1.0,1.0625,1.0,0.0,0.13125,17,412,4.0,0.0625,0.25,1.0,16,1.0,1.0625,1.0,0.0,0.09375,17,412,4.0,0.0,0.1875,1.0
val,"r=0.5, tau=0.5, theta=0.7858",trust,sensitivity_1,CA820D43-E5E2-42EF-9798-BE56F776370B,1540,26,25,51,583,21,9,25.666666666666668,1.0129870129870129,0.37857142857142856,1.987012987012987,0.8181818181818181,0.35064935064935066,22.423076923076923,16,1.0,1.6875,1.0,0.0,0.13541666666666666,27,412,7.0,0.125,0.3125,1.0,16,0.0,0.5625,0.0,0.0,0.07916666666666666,9,412,10.5,0.125,0.25,1.0
val,"r=0.5, tau=0.5, theta=0.7858",trust,sensitivity_1,CDA3BBF7-6631-45E8-85BA-EEB416B32A3C,543,5,4,9,96,2,2,9.05,0.5524861878453038,0.17679558011049723,0.9944751381215469,0.22099447513812154,0.22099447513812154,19.2,16,1.0,1.1875,1.0,0.0625,0.159375,19,412,5.0,0.0625,0.0,0.9375,16,1.0,0.6875,1.0,0.0,0.06979166666666667,11,412,5.5,0.0,0.25,1.0
val,"r=0.5, tau=0.5, theta=0.7858",trust,sensitivity_1,CF722AA9-2533-4E51-9FEB-9EAC84EE9AAC,694,8,6,14,229,4,2,11.566666666666666,0.69164265129683,0.329971181556196,1.2103746397694524,0.345821325648415,0.1729106628242075,28.625,16,1.0,0.875,1.0,0.0,0.09270833333333334,14,412,6.0,0.1875,0.25,1.0,16,0.5,0.5625,0.5,0.0,0.07708333333333334,9,412,13.5,0.5,0.25,1.0
val,"r=0.5, tau=0.5, theta=0.7858",trust,sensitivity_1,D7D20E2E-FC78-405D-B346-DBD3FD8FC92B,1213,9,8,17,184,7,5,20.216666666666665,0.4451772464962902,0.15169002473206925,0.8408903544929927,0.34624896949711464,0.247320692497939,20.444444444444443,16,1.0,0.8125,1.0,0.0,0.11666666666666667,13,412,4.0,0.0,0.0625,1.0,16,1.0,0.875,1.0,0.0,0.09166666666666666,14,412,4.0,0.0,0.0,1.0
val,"r=0.5, tau=0.5, theta=0.7858",trust,sensitivity_1,E65577C1-8D5D-4F70-AF23-B3ADB9D3DBA3,659,5,5,10,174,2,1,10.983333333333333,0.45523520485584223,0.26403641881638845,0.9104704097116845,0.1820940819423369,0.09104704097116845,34.8,16,1.0,1.0,1.0,0.0625,0.15520833333333334,16,412,5.5,0.125,0.3125,0.9375,16,1.0,1.9375,1.0,0.0,0.16875,50,412,6.0,0.0625,0.1875,1.0
val,"r=0.5, tau=0.5, theta=0.7858",trust,sensitivity_1,ECECC2AB-D32F-4F90-B74C-E12A1C69BBE2,677,8,7,15,74,8,4,11.283333333333333,0.7090103397341211,0.10930576070901034,1.329394387001477,0.7090103397341211,0.35450516986706054,9.25,16,1.0,1.8125,1.0,0.0,0.13333333333333333,29,412,4.0,0.0,0.0625,1.0,16,1.0,0.6875,1.0,0.0,0.08437499999999999,11,412,4.0,0.0,0.1875,1.0
val,"r=0.5, tau=0.5, theta=0.7858",trust,sensitivity_1,FDAA70A1-42A3-4E3F-9AE3-3FDA412E03BF,966,7,7,14,189,2,1,16.1,0.43478260869565216,0.1956521739130435,0.8695652173913043,0.12422360248447203,0.06211180124223602,27.0,16,1.0,1.125,1.0,0.0,0.1125,36,412,6.0,0.125,0.25,1.0,16,1.0,0.8125,1.0,0.0,0.06666666666666667,13,412,5.5,0.0,0.25,1.0
val,"alpha=0.01, beta=0.4898",sprt,sensitivity_1,00EABED2-271D-49D8-B599-1D4A09240601,428,5,5,10,21,5,4,7.133333333333334,0.7009345794392523,0.04906542056074766,1.4018691588785046,0.7009345794392523,0.5607476635514018,4.2,16,0.0,0.125,0.0,0.0,0.003125,2,412,0.0,0.0,0.0625,1.0,16,0.0,0.125,0.0,0.0,0.03229166666666667,31,412,0.0,0.0,0.0,1.0
val,"alpha=0.01, beta=0.4898",sprt,sensitivity_1,098A72A5-E3E5-4F54-A152-BBDA0DF7B694,1330,13,13,26,47,12,11,22.166666666666668,0.5864661654135338,0.035338345864661655,1.1729323308270676,0.5413533834586466,0.49624060150375937,3.6153846153846154,16,0.0,0.3125,0.0,0.0625,0.09895833333333333,11,412,0.0,0.0,0.0,0.875,16,0.0,0.125,0.0,0.0,0.0020833333333333333,2,412,0.0,0.0,0.0,1.0
val,"alpha=0.01, beta=0.4898",sprt,sensitivity_1,0A986513-7828-4D53-AA1F-E02D6DF9561B,763,8,8,16,55,5,5,12.716666666666667,0.6290956749672346,0.07208387942332896,1.2581913499344692,0.3931847968545216,0.3931847968545216,6.875,16,0.0,0.625,0.0,0.0625,0.15,22,412,0.0,0.0,0.0,0.875,16,0.0,1.5,0.0,0.0625,0.13645833333333332,32,412,0.0,0.0,0.0,0.9375
val,"alpha=0.01, beta=0.4898",sprt,sensitivity_1,11B5EC4D-4133-4289-B475-4E737182A406,1739,20,20,40,134,18,12,28.983333333333334,0.690051753881541,0.07705577918343876,1.380103507763082,0.621046578493387,0.4140310523289247,6.7,16,0.0,0.1875,0.0,0.0,0.005208333333333333,3,412,0.0,0.0,0.0625,1.0,16,0.0,1.375,0.0,0.0625,0.10208333333333333,22,412,0.0,0.0,0.125,0.9375
val,"alpha=0.01, beta=0.4898",sprt,sensitivity_1,136562B6-95B2-483D-88DC-065F28409FD2,1215,12,11,23,136,5,3,20.25,0.5925925925925926,0.11193415637860082,1.1358024691358024,0.24691358024691357,0.14814814814814814,11.333333333333334,16,0.5,2.8125,0.5,0.125,0.21145833333333333,45,412,0.0,0.0,0.0625,0.875,16,0.0,2.9375,0.0,0.0625,0.15833333333333333,63,412,1.0,0.0,0.25,0.9375
val,"alpha=0.01, beta=0.4898",sprt,sensitivity_1,1538C99F-BA1E-4EFB-A949-6C7C47701B20,1281,16,16,32,58,14,13,21.35,0.7494145199063231,0.04527712724434036,1.4988290398126463,0.6557377049180327,0.6088992974238876,3.625,16,0.0,2.125,0.0,0.0,0.084375,34,412,0.0,0.0,0.0625,1.0,16,0.0,0.25,0.0,0.0,0.09270833333333332,22,412,0.0,0.0,0.125,1.0
val,"alpha=0.01, beta=0.4898",sprt,sensitivity_1,24E40C4C-A349-4F9F-93AB-01D00FB994AF,925,10,10,20,72,4,4,15.416666666666666,0.6486486486486487,0.07783783783783783,1.2972972972972974,0.2594594594594595,0.2594594594594595,7.2,16,1.0,1.5,1.0,0.125,0.17395833333333333,33,412,3.0,0.0,0.0,0.875,16,1.0,2.9375,1.0,0.125,0.24375,88,412,2.5,0.0,0.125,0.875
val,"alpha=0.01, beta=0.4898",sprt,sensitivity_1,2C32C23E-E30C-498A-8DD2-0EFB9150A02E,1674,11,11,22,70,9,8,27.9,0.3942652329749104,0.04181600955794504,0.7885304659498208,0.3225806451612903,0.28673835125448033,6.363636363636363,16,0.0,0.125,0.0,0.0,0.021875,2,412,0.0,0.0,0.0,1.0,16,0.0,0.625,0.0,0.0,0.03333333333333333,16,412,0.0,0.0,0.0,0.9375
val,"alpha=0.01, beta=0.4898",sprt,sensitivity_1,3600D531-0C55-44A7-AE95-A7A38519464E,1017,13,13,26,102,10,7,16.95,0.7669616519174042,0.10029498525073746,1.5339233038348083,0.5899705014749262,0.41297935103244837,7.846153846153846,16,0.0,0.6875,0.0,0.0625,0.07916666666666666,26,412,0.0,0.0,0.0,0.9375,16,0.0,0.8125,0.0,0.0625,0.07395833333333333,16,412,2.0,0.0,0.1875,0.875
val,"alpha=0.01, beta=0.4898",sprt,sensitivity_1,4FC32141-E888-4BFF-8804-12559A491D8C,958,9,9,18,322,2,1,15.966666666666667,0.5636743215031316,0.33611691022964507,1.1273486430062631,0.12526096033402923,0.06263048016701461,35.77777777777778,16,2.0,4.5,1.5,0.1875,0.3885416666666667,89,412,2.0,0.125,0.375,0.75,16,0.0,1.5625,0.0,0.0625,0.23645833333333333,92,412,6.0,0.1875,0.375,0.8125
val,"alpha=0.01, beta=0.4898",sprt,sensitivity_1,5119D0F8-FCA8-4184-A4EB-19421A40DE0D,1294,7,7,14,68,3,2,21.566666666666666,0.32457496136012365,0.05255023183925812,0.6491499227202473,0.1391035548686244,0.09273570324574962,9.714285714285714,16,0.0,0.0,0.0,0.0,0.003125,3,412,0.0,0.0,0.0625,1.0,16,0.0,2.0,0.0,0.0,0.053125,31,412,0.0,0.0,0.0,1.0
val,"alpha=0.01, beta=0.4898",sprt,sensitivity_1,5152A2DF-FAF3-4BA8-9CA9-E66B32671A53,1294,10,10,20,145,7,5,21.566666666666666,0.46367851622874806,0.11205564142194745,0.9273570324574961,0.32457496136012365,0.23183925811437403,14.5,16,0.0,3.6875,0.0,0.125,0.20104166666666667,75,412,0.0,0.0,0.0,0.8125,16,0.0,0.9375,0.0,0.0625,0.11458333333333333,35,412,0.0,0.0,0.0,0.875
val,"alpha=0.01, beta=0.4898",sprt,sensitivity_1,5EF64122-B513-46AE-BCF1-E62AAC285D2C,753,7,7,14,35,5,4,12.55,0.5577689243027888,0.04648074369189907,1.1155378486055776,0.398406374501992,0.3187250996015936,5.0,16,0.0,0.125,0.0,0.0,0.003125,2,412,0.0,0.0,0.0,1.0,16,0.0,0.0,0.0,0.0,0.005208333333333333,5,412,0.0,0.0,0.0,0.9375
val,"alpha=0.01, beta=0.4898",sprt,sensitivity_1,61976C24-1C50-4355-9C49-AAE44A7D09F6,1717,6,6,12,84,2,2,28.616666666666667,0.20966802562609202,0.0489225393127548,0.41933605125218404,0.06988934187536401,0.06988934187536401,14.0,16,0.0,0.1875,0.0,0.0,0.009375,5,412,0.0,0.0,0.0,0.9375,16,0.0,0.5625,0.0,0.0625,0.09270833333333334,26,412,0.0,0.0,0.0625,0.9375
val,"alpha=0.01, beta=0.4898",sprt,sensitivity_1,78A91A4E-4A51-4065-BDA7-94755F0BB3BB,2370,20,20,40,159,15,13,39.5,0.5063291139240507,0.0670886075949367,1.0126582278481013,0.379746835443038,0.3291139240506329,7.95,16,0.0,0.3125,0.0,0.0,0.03125,5,412,0.0,0.0,0.0,1.0,16,0.0,1.25,0.0,0.0,0.03854166666666667,22,412,0.0,0.0,0.0625,1.0
val,"alpha=0.01, beta=0.4898",sprt,sensitivity_1,7CE37510-56D0-4120-A1CF-0E23351428D2,1923,27,27,54,137,25,21,32.05,0.842433697347894,0.07124284971398856,1.684867394695788,0.78003120124805,0.655226209048362,5.074074074074074,16,0.0,0.1875,0.0,0.0,0.041666666666666664,13,412,0.5,0.0,0.0625,0.9375,16,0.0,0.75,0.0,0.0,0.07291666666666666,12,412,0.5,0.0,0.3125,1.0
val,"alpha=0.01, beta=0.4898",sprt,sensitivity_1,8023FE1A-D3B0-4E2C-A57A-9321B7FC755F,1808,20,20,40,123,16,13,30.133333333333333,0.6637168141592921,0.06803097345132743,1.3274336283185841,0.5309734513274337,0.4314159292035398,6.15,16,0.0,0.0,0.0,0.0,0.0,0,412,0.0,0.0,0.125,1.0,16,0.0,0.0,0.0,0.0,0.0,0,412,0.0,0.0,0.0,1.0
val,"alpha=0.01, beta=0.4898",sprt,sensitivity_1,83CF687B-7CEC-434B-9FE8-00C3D5799BE6,1879,11,11,22,96,6,6,31.316666666666666,0.35125066524747206,0.05109100585417775,0.7025013304949441,0.19159127195316658,0.19159127195316658,8.727272727272727,16,0.0,0.0,0.0,0.0,0.008333333333333333,8,412,0.5,0.0,0.0625,1.0,16,0.0,2.4375,0.0,0.0625,0.12291666666666667,39,412,1.0,0.0,0.0625,0.9375
val,"alpha=0.01, beta=0.4898",sprt,sensitivity_1,9759096F-1119-4E19-A0AD-6F16989C7E1C,1963,20,20,40,205,11,9,32.71666666666667,0.6113092205807438,0.1044319918492104,1.2226184411614875,0.33622007131940906,0.27508914926133465,10.25,16,0.0,1.9375,0.0,0.0625,0.14583333333333334,36,412,1.0,0.0,0.0625,0.875,16,0.0,3.125,0.0,0.0,0.10729166666666667,51,412,0.5,0.0625,0.125,1.0
val,"alpha=0.01, beta=0.4898",sprt,sensitivity_1,9DC38D04-E82E-4F29-AB52-B476535226F2,1902,13,13,26,162,6,3,31.7,0.41009463722397477,0.08517350157728706,0.8201892744479495,0.18927444794952683,0.09463722397476342,12.461538461538462,16,0.0,1.0,0.0,0.0625,0.075,16,412,0.0,0.0,0.1875,0.9375,16,0.0,0.75,0.0,0.125,0.16979166666666667,46,412,0.0,0.0,0.0625,0.875
val,"alpha=0.01, beta=0.4898",sprt,sensitivity_1,A5CDF89D-02A2-4EC1-89F8-F534FDABDD96,1179,10,10,20,93,6,5,19.65,0.5089058524173028,0.07888040712468193,1.0178117048346056,0.3053435114503817,0.2544529262086514,9.3,16,0.0,0.125,0.0,0.0,0.046875,35,412,0.0,0.0,0.0,1.0,16,0.0,0.5625,0.0,0.0625,0.11562499999999999,20,412,0.0,0.0,0.125,0.9375
val,"alpha=0.01, beta=0.4898",sprt,sensitivity_1,A76A5AF5-5A93-4CF2-A16E-62353BB70E8A,1475,12,12,24,71,12,8,24.583333333333332,0.488135593220339,0.04813559322033898,0.976271186440678,0.488135593220339,0.32542372881355935,5.916666666666667,16,0.0,0.5625,0.0,0.0,0.0625,19,412,3.0,0.0,0.0625,1.0,16,1.0,2.5,1.0,0.0625,0.26458333333333334,65,412,2.0,0.0,0.125,0.8125
val,"alpha=0.01, beta=0.4898",sprt,sensitivity_1,B09E373F-8A54-44C8-895B-0039390B859F,1598,21,21,42,208,14,10,26.633333333333333,0.7884856070087609,0.13016270337922403,1.5769712140175218,0.5256570713391739,0.37546933667083854,9.904761904761905,16,0.0,1.5,0.0,0.125,0.253125,77,412,1.0,0.0,0.125,0.8125,16,0.0,0.6875,0.0,0.125,0.221875,59,412,0.0,0.0,0.125,0.875
val,"alpha=0.01, beta=0.4898",sprt,sensitivity_1,B9724848-C7E2-45F4-9B3F-A1F38D864495,1487,21,21,42,92,18,15,24.783333333333335,0.847343644922663,0.06186953597848016,1.694687289845326,0.726294552790854,0.605245460659045,4.380952380952381,16,0.0,0.0625,0.0,0.0,0.0010416666666666667,1,412,0.0,0.0,0.125,1.0,16,0.0,0.1875,0.0,0.0,0.08645833333333333,18,412,0.0,0.0,0.0625,0.875
val,"alpha=0.01, beta=0.4898",sprt,sensitivity_1,BE3CA5A6-A561-4BBD-B7C9-5DF6805400FC,1632,2,1,3,369,0,0,27.2,0.07352941176470588,0.2261029411764706,0.11029411764705882,0.0,0.0,184.5,16,1.5,4.1875,1.5,0.25,0.39166666666666666,96,412,1.0,0.125,0.0,0.6875,16,2.0,5.6875,0.5,0.1875,0.3104166666666667,96,412,3.5,0.25,0.375,0.75
val,"alpha=0.01, beta=0.4898",sprt,sensitivity_1,C48CE857-A0DD-4DDB-BEA5-3A25449B2153,977,12,12,24,117,7,4,16.283333333333335,0.7369498464687819,0.11975435005117707,1.4738996929375638,0.4298874104401228,0.24564994882292732,9.75,16,0.0,0.5,0.0,0.0,0.07395833333333333,20,412,0.0,0.0,0.0,0.9375,16,0.0,0.5625,0.0,0.0625,0.09375,12,412,0.0,0.0,0.125,0.9375
val,"alpha=0.01, beta=0.4898",sprt,sensitivity_1,CA820D43-E5E2-42EF-9798-BE56F776370B,1540,24,24,48,146,15,13,25.666666666666668,0.935064935064935,0.09480519480519481,1.87012987012987,0.5844155844155844,0.5064935064935064,6.083333333333333,16,0.0,1.8125,0.0,0.0,0.09583333333333334,29,412,0.0,0.0,0.0625,1.0,16,0.0,0.875,0.0,0.0625,0.109375,17,412,0.5,0.0,0.0,0.875
val,"alpha=0.01, beta=0.4898",sprt,sensitivity_1,CDA3BBF7-6631-45E8-85BA-EEB416B32A3C,543,7,6,13,21,6,5,9.05,0.7734806629834253,0.03867403314917127,1.43646408839779,0.6629834254143646,0.5524861878453038,3.0,16,0.0,0.5,0.0,0.125,0.13645833333333332,11,412,0.0,0.0,0.0,0.875,16,0.0,0.0625,0.0,0.0,0.026041666666666664,17,412,0.0,0.0,0.125,1.0
val,"alpha=0.01, beta=0.4898",sprt,sensitivity_1,CF722AA9-2533-4E51-9FEB-9EAC84EE9AAC,694,5,4,9,118,1,1,11.566666666666666,0.43227665706051877,0.17002881844380405,0.7780979827089337,0.08645533141210375,0.08645533141210375,23.6,16,0.0,1.1875,0.0,0.0,0.04791666666666666,24,412,0.0,0.125,0.125,0.9375,16,0.0,1.0,0.0,0.0625,0.18541666666666667,20,412,1.0,0.1875,0.1875,0.9375
val,"alpha=0.01, beta=0.4898",sprt,sensitivity_1,D7D20E2E-FC78-405D-B346-DBD3FD8FC92B,1213,10,10,20,101,8,7,20.216666666666665,0.494641384995878,0.0832646331409728,0.989282769991756,0.3957131079967024,0.34624896949711464,10.1,16,0.0,0.0,0.0,0.0,0.0020833333333333333,1,412,0.0,0.0,0.0,1.0,16,0.0,0.375,0.0,0.0,0.007291666666666666,6,412,0.0,0.0,0.0625,1.0
val,"alpha=0.01, beta=0.4898",sprt,sensitivity_1,E65577C1-8D5D-4F70-AF23-B3ADB9D3DBA3,659,9,8,17,76,5,2,10.983333333333333,0.819423368740516,0.11532625189681335,1.5477996965098635,0.45523520485584223,0.1820940819423369,8.444444444444445,16,0.0,0.8125,0.0,0.0,0.08645833333333333,32,412,0.0,0.0,0.125,0.9375,16,0.0,2.5,0.0,0.0,0.12291666666666666,81,412,0.0,0.0,0.0,1.0
val,"alpha=0.01, beta=0.4898",sprt,sensitivity_1,ECECC2AB-D32F-4F90-B74C-E12A1C69BBE2,677,5,4,9,26,3,3,11.283333333333333,0.4431314623338257,0.03840472673559823,0.7976366322008863,0.2658788774002954,0.2658788774002954,5.2,16,0.0,2.0,0.0,0.0625,0.08958333333333333,32,412,0.0,0.0,0.0,0.9375,16,0.0,0.1875,0.0,0.0,0.10416666666666666,44,412,0.0,0.0,0.0625,1.0
val,"alpha=0.01, beta=0.4898",sprt,sensitivity_1,FDAA70A1-42A3-4E3F-9AE3-3FDA412E03BF,966,5,5,10,47,3,3,16.1,0.3105590062111801,0.048654244306418216,0.6211180124223602,0.18633540372670807,0.18633540372670807,9.4,16,0.0,0.5,0.0,0.0,0.08124999999999999,49,412,0.0,0.0,0.0625,0.875,16,0.0,0.9375,0.0,0.0,0.026041666666666668,15,412,0.5,0.0,0.125,1.0
val,"rho=0.0001, theta=0.9989",hmm,sensitivity_1,00EABED2-271D-49D8-B599-1D4A09240601,428,5,5,10,22,4,4,7.133333333333334,0.7009345794392523,0.0514018691588785,1.4018691588785046,0.5607476635514018,0.5607476635514018,4.4,16,0.0,0.3125,0.0,0.0,0.03020833333333333,8,412,3.0,0.0,0.0625,1.0,16,0.0,0.25,0.0,0.0,0.04479166666666666,24,412,3.0,0.0,0.0,1.0
val,"rho=0.0001, theta=0.9989",hmm,sensitivity_1,098A72A5-E3E5-4F54-A152-BBDA0DF7B694,1330,7,7,14,30,5,5,22.166666666666668,0.3157894736842105,0.022556390977443608,0.631578947368421,0.22556390977443608,0.22556390977443608,4.285714285714286,16,0.0,0.9375,0.0,0.125,0.12291666666666667,14,412,3.5,0.0625,0.0625,0.875,16,0.0,0.1875,0.0,0.0,0.022916666666666665,3,412,3.0,0.0,0.0,1.0
val,"rho=0.0001, theta=0.9989",hmm,sensitivity_1,0A986513-7828-4D53-AA1F-E02D6DF9561B,763,12,12,24,60,11,9,12.716666666666667,0.9436435124508519,0.07863695937090433,1.8872870249017037,0.8650065530799476,0.7077326343381389,5.0,16,0.0,1.3125,0.0,0.0625,0.1375,22,412,3.0,0.0,0.125,0.875,16,0.0,1.5,0.0,0.0625,0.165625,29,412,3.0,0.0,0.0,0.9375
val,"rho=0.0001, theta=0.9989",hmm,sensitivity_1,11B5EC4D-4133-4289-B475-4E737182A406,1739,18,18,36,117,14,9,28.983333333333334,0.621046578493387,0.06728004600345026,1.242093156986774,0.48303622771707877,0.3105232892466935,6.5,16,0.0,0.4375,0.0,0.0625,0.0875,6,412,3.0,0.0,0.0625,0.9375,16,0.0,0.75,0.0,0.0625,0.134375,20,412,3.0,0.0,0.125,0.9375
val,"rho=0.0001, theta=0.9989",hmm,sensitivity_1,136562B6-95B2-483D-88DC-065F28409FD2,1215,15,14,29,191,10,6,20.25,0.7407407407407407,0.15720164609053497,1.4320987654320987,0.49382716049382713,0.2962962962962963,12.733333333333333,16,0.0,2.375,0.0,0.0625,0.175,39,412,3.0,0.0625,0.125,0.875,16,0.0,2.1875,0.0,0.0,0.090625,51,412,5.5,0.1875,0.1875,0.9375
val,"rho=0.0001, theta=0.9989",hmm,sensitivity_1,1538C99F-BA1E-4EFB-A949-6C7C47701B20,1281,13,13,26,51,12,11,21.35,0.6088992974238876,0.03981264637002342,1.2177985948477752,0.5620608899297423,0.5152224824355972,3.923076923076923,16,0.0,2.25,0.0,0.0625,0.084375,36,412,3.0,0.0,0.0625,0.9375,16,0.0,0.25,0.0,0.0,0.06874999999999999,4,412,3.0,0.0,0.125,1.0
val,"rho=0.0001, theta=0.9989",hmm,sensitivity_1,24E40C4C-A349-4F9F-93AB-01D00FB994AF,925,14,14,28,74,12,8,15.416666666666666,0.9081081081081082,0.08,1.8162162162162163,0.7783783783783784,0.518918918918919,5.285714285714286,16,0.0,1.25,0.0,0.1875,0.196875,22,412,7.0,0.0,0.0625,0.8125,16,0.5,2.875,0.5,0.125,0.22916666666666666,68,412,8.0,0.0625,0.125,0.875
val,"rho=0.0001, theta=0.9989",hmm,sensitivity_1,2C32C23E-E30C-498A-8DD2-0EFB9150A02E,1674,6,6,12,80,4,4,27.9,0.21505376344086022,0.04778972520908005,0.43010752688172044,0.14336917562724016,0.14336917562724016,13.333333333333334,16,0.0,0.1875,0.0,0.0,0.02395833333333333,3,412,4.0,0.0,0.0,1.0,16,0.0,0.875,0.0,0.0,0.027083333333333334,14,412,3.0,0.0,0.0,1.0
val,"rho=0.0001, theta=0.9989",hmm,sensitivity_1,3600D531-0C55-44A7-AE95-A7A38519464E,1017,12,11,23,118,11,8,16.95,0.7079646017699115,0.1160275319567355,1.3569321533923304,0.6489675516224189,0.471976401179941,9.833333333333334,16,0.0,1.625,0.0,0.0625,0.09270833333333334,32,412,3.0,0.1875,0.0,0.9375,16,0.0,0.6875,0.0,0.0625,0.05729166666666667,10,412,12.0,0.125,0.1875,0.9375
val,"rho=0.0001, theta=0.9989",hmm,sensitivity_1,4FC32141-E888-4BFF-8804-12559A491D8C,958,18,16,34,369,19,12,15.966666666666667,1.1273486430062631,0.38517745302713985,2.1294363256784967,1.1899791231732777,0.7515657620041754,20.5,16,1.0,3.25,1.0,0.125,0.24791666666666667,77,412,6.5,0.3125,0.375,0.875,16,0.0,1.1875,0.0,0.0625,0.146875,56,412,15.5,0.3125,0.3125,0.875
val,"rho=0.0001, theta=0.9989",hmm,sensitivity_1,5119D0F8-FCA8-4184-A4EB-19421A40DE0D,1294,6,6,12,78,1,1,21.566666666666666,0.2782071097372488,0.06027820710973725,0.5564142194744977,0.04636785162287481,0.04636785162287481,13.0,16,0.0,0.3125,0.0,0.0,0.03229166666666666,5,412,3.0,0.0,0.0625,1.0,16,0.0,2.1875,0.0,0.0,0.084375,35,412,3.0,0.0,0.0,1.0
val,"rho=0.0001, theta=0.9989",hmm,sensitivity_1,5152A2DF-FAF3-4BA8-9CA9-E66B32671A53,1294,11,10,21,152,11,6,21.566666666666666,0.5100463678516228,0.11746522411128284,0.973724884080371,0.5100463678516228,0.2782071097372488,13.818181818181818,16,0.0,3.5,0.0,0.125,0.20208333333333334,78,412,4.5,0.0,0.0,0.875,16,0.0,1.0,0.0,0.0625,0.09166666666666667,22,412,3.0,0.0,0.0,0.875
val,"rho=0.0001, theta=0.9989",hmm,sensitivity_1,5EF64122-B513-46AE-BCF1-E62AAC285D2C,753,4,4,8,32,1,1,12.55,0.3187250996015936,0.04249667994687915,0.6374501992031872,0.0796812749003984,0.0796812749003984,8.0,16,0.0,0.125,0.0,0.0,0.003125,2,412,3.0,0.0,0.0,1.0,16,0.0,0.0625,0.0,0.0,0.00625,1,412,3.0,0.0,0.0,1.0
val,"rho=0.0001, theta=0.9989",hmm,sensitivity_1,61976C24-1C50-4355-9C49-AAE44A7D09F6,1717,11,11,22,87,13,9,28.616666666666667,0.38439138031450204,0.050669772859638904,0.7687827606290041,0.45428072218986604,0.31450203843913804,7.909090909090909,16,0.0,1.1875,0.0,0.0,0.030208333333333334,15,412,3.0,0.0625,0.0,1.0,16,0.0,0.8125,0.0,0.0625,0.07291666666666667,12,412,3.0,0.0,0.0625,0.9375
val,"rho=0.0001, theta=0.9989",hmm,sensitivity_1,78A91A4E-4A51-4065-BDA7-94755F0BB3BB,2370,15,15,30,161,12,8,39.5,0.379746835443038,0.0679324894514768,0.759493670886076,0.3037974683544304,0.20253164556962025,10.733333333333333,16,0.0,0.6875,0.0,0.0,0.078125,11,412,3.0,0.0,0.0,1.0,16,0.0,0.625,0.0,0.0,0.06666666666666667,11,412,3.0,0.0625,0.0625,1.0
val,"rho=0.0001, theta=0.9989",hmm,sensitivity_1,7CE37510-56D0-4120-A1CF-0E23351428D2,1923,22,22,44,123,23,17,32.05,0.686427457098284,0.06396255850234009,1.372854914196568,0.717628705148206,0.530421216848674,5.590909090909091,16,0.0,0.25,0.0,0.0,0.02708333333333333,5,412,3.5,0.0,0.125,0.9375,16,0.0,1.0625,0.0,0.0,0.0625,16,412,4.0,0.0,0.25,1.0
val,"rho=0.0001, theta=0.9989",hmm,sensitivity_1,8023FE1A-D3B0-4E2C-A57A-9321B7FC755F,1808,10,10,20,86,6,5,30.133333333333333,0.33185840707964603,0.04756637168141593,0.6637168141592921,0.19911504424778761,0.16592920353982302,8.6,16,0.0,0.0,0.0,0.0,0.0,0,412,3.0,0.0,0.125,1.0,16,0.0,0.0625,0.0,0.0,0.0020833333333333333,1,412,3.0,0.0,0.0625,1.0
val,"rho=0.0001, theta=0.9989",hmm,sensitivity_1,83CF687B-7CEC-434B-9FE8-00C3D5799BE6,1879,6,6,12,97,3,2,31.316666666666666,0.19159127195316658,0.05162320383182544,0.38318254390633316,0.09579563597658329,0.06386375731772219,16.166666666666668,16,0.0,0.0,0.0,0.0,0.0,0,412,4.5,0.0,0.0625,1.0,16,0.0,1.3125,0.0,0.0625,0.090625,24,412,3.5,0.0,0.0625,0.9375
val,"rho=0.0001, theta=0.9989",hmm,sensitivity_1,9759096F-1119-4E19-A0AD-6F16989C7E1C,1963,24,24,48,207,23,16,32.71666666666667,0.7335710646968925,0.1054508405501783,1.467142129393785,0.7030056036678553,0.48904737646459495,8.625,16,0.0,2.0,0.0,0.0625,0.14479166666666665,32,412,5.0,0.0,0.0625,0.9375,16,0.0,2.9375,0.0,0.0,0.08020833333333333,44,412,4.5,0.0625,0.125,1.0
val,"rho=0.0001, theta=0.9989",hmm,sensitivity_1,9DC38D04-E82E-4F29-AB52-B476535226F2,1902,21,21,42,147,22,16,31.7,0.6624605678233438,0.07728706624605679,1.3249211356466877,0.694006309148265,0.5047318611987381,7.0,16,0.0,1.1875,0.0,0.0625,0.09687499999999999,19,412,3.0,0.0,0.3125,0.9375,16,0.0,1.125,0.0,0.125,0.17604166666666668,45,412,3.0,0.0,0.0625,0.875
val,"rho=0.0001, theta=0.9989",hmm,sensitivity_1,A5CDF89D-02A2-4EC1-89F8-F534FDABDD96,1179,9,9,18,94,5,5,19.65,0.45801526717557256,0.07972858354537744,0.9160305343511451,0.2544529262086514,0.2544529262086514,10.444444444444445,16,0.0,0.125,0.0,0.0,0.049999999999999996,38,412,3.5,0.0,0.0,1.0,16,0.0,0.5,0.0,0.0625,0.07916666666666666,13,412,3.0,0.0,0.1875,0.9375
val,"rho=0.0001, theta=0.9989",hmm,sensitivity_1,A76A5AF5-5A93-4CF2-A16E-62353BB70E8A,1475,17,17,34,66,25,15,24.583333333333332,0.6915254237288135,0.04474576271186441,1.383050847457627,1.0169491525423728,0.6101694915254238,3.8823529411764706,16,1.0,2.0,1.0,0.0625,0.21145833333333333,32,412,3.5,0.0,0.0625,0.875,16,1.0,2.0,1.0,0.1875,0.315625,46,412,9.5,0.0,0.125,0.75
val,"rho=0.0001, theta=0.9989",hmm,sensitivity_1,B09E373F-8A54-44C8-895B-0039390B859F,1598,21,21,42,219,17,12,26.633333333333333,0.7884856070087609,0.13704630788485608,1.5769712140175218,0.6382978723404256,0.45056320400500627,10.428571428571429,16,0.0,1.5,0.0,0.125,0.24479166666666669,66,412,4.5,0.0625,0.125,0.8125,16,0.0,0.9375,0.0,0.0625,0.18958333333333333,58,412,3.5,0.0625,0.1875,0.9375
val,"rho=0.0001, theta=0.9989",hmm,sensitivity_1,B9724848-C7E2-45F4-9B3F-A1F38D864495,1487,21,21,42,112,20,15,24.783333333333335,0.847343644922663,0.07531943510423672,1.694687289845326,0.8069939475453933,0.605245460659045,5.333333333333333,16,0.0,0.125,0.0,0.0,0.003125,2,412,3.0,0.0,0.125,1.0,16,0.0,0.625,0.0,0.0,0.07916666666666666,13,412,3.0,0.0,0.0625,0.9375
val,"rho=0.0001, theta=0.9989",hmm,sensitivity_1,BE3CA5A6-A561-4BBD-B7C9-5DF6805400FC,1632,3,2,5,501,1,0,27.2,0.11029411764705882,0.3069852941176471,0.18382352941176472,0.03676470588235294,0.0,167.0,16,0.5,2.375,0.5,0.1875,0.30104166666666665,82,412,7.5,0.1875,0.25,0.75,16,0.5,1.375,0.0,0.1875,0.23854166666666665,61,412,6.5,0.25,0.5,0.6875
val,"rho=0.0001, theta=0.9989",hmm,sensitivity_1,C48CE857-A0DD-4DDB-BEA5-3A25449B2153,977,9,9,18,82,8,6,16.283333333333335,0.5527123848515865,0.08393039918116683,1.105424769703173,0.49129989764585463,0.36847492323439096,9.11111111111111,16,0.0,0.5625,0.0,0.0,0.06041666666666667,9,412,3.0,0.0,0.0,1.0,16,0.0,0.4375,0.0,0.0,0.024999999999999998,7,412,3.0,0.0,0.125,1.0
val,"rho=0.0001, theta=0.9989",hmm,sensitivity_1,CA820D43-E5E2-42EF-9798-BE56F776370B,1540,26,26,52,140,22,17,25.666666666666668,1.0129870129870129,0.09090909090909091,2.0259740259740258,0.8571428571428571,0.6623376623376623,5.384615384615385,16,0.0,1.9375,0.0,0.0,0.09791666666666667,30,412,3.0,0.0,0.0625,1.0,16,0.0,1.0625,0.0,0.125,0.12916666666666668,17,412,4.5,0.0,0.0625,0.875
val,"rho=0.0001, theta=0.9989",hmm,sensitivity_1,CDA3BBF7-6631-45E8-85BA-EEB416B32A3C,543,4,3,7,12,2,2,9.05,0.4419889502762431,0.022099447513812154,0.7734806629834253,0.22099447513812154,0.22099447513812154,3.0,16,0.0,1.0625,0.0,0.0625,0.11979166666666666,13,412,3.0,0.0,0.0,0.9375,16,0.0,0.0625,0.0,0.0,0.009375,5,412,3.0,0.0,0.0,1.0
val,"rho=0.0001, theta=0.9989",hmm,sensitivity_1,CF722AA9-2533-4E51-9FEB-9EAC84EE9AAC,694,6,5,11,135,4,2,11.566666666666666,0.5187319884726225,0.19452449567723343,0.9510086455331412,0.345821325648415,0.1729106628242075,22.5,16,1.0,1.8125,1.0,0.0,0.09375,28,412,3.5,0.125,0.125,1.0,16,1.0,2.1875,0.5,0.0625,0.18645833333333334,35,412,3.0,0.1875,0.1875,0.9375
val,"rho=0.0001, theta=0.9989",hmm,sensitivity_1,D7D20E2E-FC78-405D-B346-DBD3FD8FC92B,1213,11,10,21,100,11,7,20.216666666666665,0.5441055234954658,0.08244023083264633,1.0387469084913439,0.5441055234954658,0.34624896949711464,9.090909090909092,16,0.0,0.25,0.0,0.0,0.04479166666666667,4,412,3.0,0.0,0.0,1.0,16,0.0,0.375,0.0,0.0,0.0125,6,412,3.0,0.0,0.0625,1.0
val,"rho=0.0001, theta=0.9989",hmm,sensitivity_1,E65577C1-8D5D-4F70-AF23-B3ADB9D3DBA3,659,9,9,18,81,10,5,10.983333333333333,0.819423368740516,0.12291350531107739,1.638846737481032,0.9104704097116845,0.45523520485584223,9.0,16,0.0,1.0,0.0,0.0625,0.12604166666666666,32,412,3.0,0.0,0.125,0.875,16,1.0,2.875,1.0,0.0,0.128125,79,412,3.0,0.0,0.0,1.0
val,"rho=0.0001, theta=0.9989",hmm,sensitivity_1,ECECC2AB-D32F-4F90-B74C-E12A1C69BBE2,677,4,3,7,27,2,2,11.283333333333333,0.35450516986706054,0.03988183161004431,0.620384047267356,0.17725258493353027,0.17725258493353027,6.75,16,0.0,1.8125,0.0,0.0,0.08125,28,412,3.0,0.0,0.0625,1.0,16,0.0,0.1875,0.0,0.0,0.04791666666666666,3,412,3.0,0.0,0.0,1.0
val,"rho=0.0001, theta=0.9989",hmm,sensitivity_1,FDAA70A1-42A3-4E3F-9AE3-3FDA412E03BF,966,6,6,12,54,4,4,16.1,0.37267080745341613,0.055900621118012424,0.7453416149068323,0.24844720496894407,0.24844720496894407,9.0,16,0.0,0.5,0.0,0.0,0.06354166666666666,49,412,3.0,0.0,0.0625,0.9375,16,0.0,0.75,0.0,0.0,0.0125,12,412,3.0,0.0,0.1875,1.0
val,theta=0.01984,threshold,sensitivity_2,00EABED2-271D-49D8-B599-1D4A09240601,428,4,4,8,5,7,4,7.133333333333334,0.5607476635514018,0.011682242990654205,1.1214953271028036,0.9813084112149533,0.5607476635514018,1.25,16,3.0,12.25,0.5,0.375,0.5875,260,412,0.0,0.0,0.0,0.3125,16,1.5,10.125,0.0,0.375,0.4666666666666667,213,412,0.0,0.0,0.0,0.5
val,theta=0.01984,threshold,sensitivity_2,098A72A5-E3E5-4F54-A152-BBDA0DF7B694,1330,0,0,0,0,0,0,22.166666666666668,0.0,0.0,0.0,0.0,0.0,,16,0.0,3.125,0.0,0.25,0.37083333333333335,126,412,0.0,0.0,0.0,0.5625,16,0.0,7.0625,0.0,0.125,0.3052083333333333,141,412,0.0,0.0,0.0,0.6875
val,theta=0.01984,threshold,sensitivity_2,0A986513-7828-4D53-AA1F-E02D6DF9561B,763,1,1,2,1,1,1,12.716666666666667,0.07863695937090433,0.001310615989515072,0.15727391874180865,0.07863695937090433,0.07863695937090433,1.0,16,2.0,5.1875,1.0,0.4375,0.5458333333333333,143,412,0.0,0.0,0.0,0.375,16,6.0,12.3125,1.5,0.375,0.6447916666666667,261,412,0.0,0.0,0.0,0.375
val,theta=0.01984,threshold,sensitivity_2,11B5EC4D-4133-4289-B475-4E737182A406,1739,0,0,0,0,0,0,28.983333333333334,0.0,0.0,0.0,0.0,0.0,,16,3.0,9.9375,3.0,0.4375,0.6072916666666667,204,412,0.0,0.0,0.0,0.4375,16,0.0,3.25,0.0,0.1875,0.35,124,412,0.0,0.0,0.0,0.5625
val,theta=0.01984,threshold,sensitivity_2,136562B6-95B2-483D-88DC-065F28409FD2,1215,0,0,0,0,0,0,20.25,0.0,0.0,0.0,0.0,0.0,,16,10.0,14.25,1.5,0.5,0.6489583333333333,258,412,0.0,0.0,0.0,0.375,16,5.0,10.9375,3.0,0.5,0.6666666666666666,257,412,0.0,0.0,0.0,0.375
val,theta=0.01984,threshold,sensitivity_2,1538C99F-BA1E-4EFB-A949-6C7C47701B20,1281,1,1,2,1,1,1,21.35,0.046838407494145196,0.00078064012490242,0.09367681498829039,0.046838407494145196,0.046838407494145196,1.0,16,0.0,6.9375,0.0,0.1875,0.2864583333333333,140,412,0.0,0.0,0.0625,0.6875,16,0.0,5.0625,0.0,0.1875,0.31354166666666666,130,412,0.0,0.0,0.0,0.625
val,theta=0.01984,threshold,sensitivity_2,24E40C4C-A349-4F9F-93AB-01D00FB994AF,925,0,0,0,0,0,0,15.416666666666666,0.0,0.0,0.0,0.0,0.0,,16,10.0,19.3125,9.0,0.75,0.8,307,412,0.0,0.0,0.0,0.1875,16,10.0,22.375,10.0,0.875,0.8979166666666667,390,412,0.0,0.0,0.0,0.0625
val,theta=0.01984,threshold,sensitivity_2,2C32C23E-E30C-498A-8DD2-0EFB9150A02E,1674,3,3,6,6,4,3,27.9,0.10752688172043011,0.0035842293906810036,0.21505376344086022,0.14336917562724016,0.10752688172043011,2.0,16,0.0,2.6875,0.0,0.125,0.24479166666666666,55,412,0.0,0.0,0.0,0.75,16,3.5,10.0,1.0,0.25,0.44895833333333335,229,412,0.0,0.0,0.0,0.4375
val,theta=0.01984,threshold,sensitivity_2,3600D531-0C55-44A7-AE95-A7A38519464E,1017,0,0,0,0,0,0,16.95,0.0,0.0,0.0,0.0,0.0,,16,7.0,17.5,1.0,0.5,0.5395833333333333,271,412,0.0,0.0,0.0,0.5,16,3.5,10.9375,0.0,0.5625,0.6177083333333333,237,412,0.0,0.0,0.0,0.25
val,theta=0.01984,threshold,sensitivity_2,4FC32141-E888-4BFF-8804-12559A491D8C,958,0,0,0,0,0,0,15.966666666666667,0.0,0.0,0.0,0.0,0.0,,16,20.0,25.75,20.0,1.0,1.0,412,412,0.0,0.0,0.0,0.0,16,20.0,25.75,20.0,1.0,1.0,412,412,0.0,0.0,0.0,0.0
val,theta=0.01984,threshold,sensitivity_2,5119D0F8-FCA8-4184-A4EB-19421A40DE0D,1294,0,0,0,0,0,0,21.566666666666666,0.0,0.0,0.0,0.0,0.0,,16,2.0,8.625,0.5,0.1875,0.3875,157,412,0.0,0.0,0.0,0.625,16,0.5,4.6875,0.0,0.1875,0.396875,153,412,0.0,0.0,0.0,0.75
val,theta=0.01984,threshold,sensitivity_2,5152A2DF-FAF3-4BA8-9CA9-E66B32671A53,1294,1,1,2,1,1,1,21.566666666666666,0.04636785162287481,0.0007727975270479134,0.09273570324574962,0.04636785162287481,0.04636785162287481,1.0,16,4.0,12.5,3.0,0.375,0.5520833333333334,231,412,0.0,0.0,0.0,0.625,16,0.0,5.0625,0.0,0.1875,0.33958333333333335,125,412,0.0,0.0,0.0,0.75
val,theta=0.01984,threshold,sensitivity_2,5EF64122-B513-46AE-BCF1-E62AAC285D2C,753,0,0,0,0,0,0,12.55,0.0,0.0,0.0,0.0,0.0,,16,0.0,8.1875,0.0,0.25,0.3385416666666667,156,412,0.0,0.0,0.0,0.6875,16,0.0,2.0625,0.0,0.0625,0.19270833333333331,71,412,0.0,0.0,0.0,0.8125
val,theta=0.01984,threshold,sensitivity_2,61976C24-1C50-4355-9C49-AAE44A7D09F6,1717,0,0,0,0,0,0,28.616666666666667,0.0,0.0,0.0,0.0,0.0,,16,0.0,7.0625,0.0,0.125,0.2760416666666667,127,412,0.0,0.0,0.0,0.625,16,1.0,8.25,0.0,0.3125,0.45208333333333334,209,412,0.0,0.0,0.0,0.5
val,theta=0.01984,threshold,sensitivity_2,78A91A4E-4A51-4065-BDA7-94755F0BB3BB,2370,6,6,12,6,6,6,39.5,0.1518987341772152,0.002531645569620253,0.3037974683544304,0.1518987341772152,0.1518987341772152,1.0,16,2.5,11.0,0.0,0.3125,0.4375,185,412,0.0,0.0,0.0,0.5625,16,3.5,15.4375,1.5,0.3125,0.5552083333333333,277,412,0.0,0.0,0.0,0.5
val,theta=0.01984,threshold,sensitivity_2,7CE37510-56D0-4120-A1CF-0E23351428D2,1923,1,1,2,1,1,1,32.05,0.031201248049921998,0.0005200208008320333,0.062402496099843996,0.031201248049921998,0.031201248049921998,1.0,16,3.0,9.375,0.0,0.375,0.4354166666666667,151,412,0.0,0.0,0.0,0.5625,16,3.0,7.625,1.0,0.375,0.5583333333333333,210,412,0.0,0.0,0.0,0.5625
val,theta=0.01984,threshold,sensitivity_2,8023FE1A-D3B0-4E2C-A57A-9321B7FC755F,1808,3,3,6,3,5,3,30.133333333333333,0.09955752212389381,0.00165929203539823,0.19911504424778761,0.16592920353982302,0.09955752212389381,1.0,16,0.0,6.25,0.0,0.1875,0.2791666666666667,126,412,0.0,0.0,0.0,0.625,16,0.0,5.3125,0.0,0.1875,0.2864583333333333,104,412,0.0,0.0,0.0,0.5625
val,theta=0.01984,threshold,sensitivity_2,83CF687B-7CEC-434B-9FE8-00C3D5799BE6,1879,1,1,2,1,1,1,31.316666666666666,0.031931878658861094,0.0005321979776476849,0.06386375731772219,0.031931878658861094,0.031931878658861094,1.0,16,0.0,2.375,0.0,0.0625,0.11979166666666666,39,412,0.0,0.0,0.0,0.8125,16,6.0,7.6875,1.5,0.375,0.4614583333333333,189,412,0.0,0.0,0.0,0.5625
val,theta=0.01984,threshold,sensitivity_2,9759096F-1119-4E19-A0AD-6F16989C7E1C,1963,1,1,2,1,1,1,32.71666666666667,0.030565461029037184,0.0005094243504839531,0.06113092205807437,0.030565461029037184,0.030565461029037184,1.0,16,10.0,18.5,3.0,0.5,0.7,321,412,0.0,0.0,0.0,0.3125,16,5.0,15.25,1.5,0.4375,0.634375,294,412,0.0,0.0,0.0,0.375
val,theta=0.01984,threshold,sensitivity_2,9DC38D04-E82E-4F29-AB52-B476535226F2,1902,0,0,0,0,0,0,31.7,0.0,0.0,0.0,0.0,0.0,,16,0.0,6.9375,0.0,0.25,0.27708333333333335,121,412,0.0,0.0,0.0,0.75,16,5.5,15.0625,1.5,0.4375,0.621875,273,412,0.0,0.0,0.0,0.375
val,theta=0.01984,threshold,sensitivity_2,A5CDF89D-02A2-4EC1-89F8-F534FDABDD96,1179,0,0,0,0,0,0,19.65,0.0,0.0,0.0,0.0,0.0,,16,0.0,7.6875,0.0,0.25,0.36041666666666666,157,412,0.0,0.0,0.0,0.625,16,10.0,14.25,6.5,0.625,0.7260416666666667,269,412,0.0,0.0,0.0,0.25
val,theta=0.01984,threshold,sensitivity_2,A76A5AF5-5A93-4CF2-A16E-62353BB70E8A,1475,0,0,0,0,0,0,24.583333333333332,0.0,0.0,0.0,0.0,0.0,,16,4.0,8.4375,2.5,0.4375,0.621875,209,412,0.0,0.0,0.0,0.3125,16,6.5,12.25,3.0,0.6875,0.70625,219,412,0.0,0.0,0.0,0.25
val,theta=0.01984,threshold,sensitivity_2,B09E373F-8A54-44C8-895B-0039390B859F,1598,1,1,2,1,1,1,26.633333333333333,0.03754693366708386,0.0006257822277847309,0.07509386733416772,0.03754693366708386,0.03754693366708386,1.0,16,10.0,15.0,3.0,0.5625,0.8104166666666667,320,412,0.0,0.0,0.0,0.25,16,10.0,19.125,3.0,0.625,0.7885416666666667,350,412,0.0,0.0,0.0,0.1875
val,theta=0.01984,threshold,sensitivity_2,B9724848-C7E2-45F4-9B3F-A1F38D864495,1487,3,3,6,3,4,3,24.783333333333335,0.121049092131809,0.0020174848688634837,0.242098184263618,0.16139878950907868,0.121049092131809,1.0,16,2.5,8.3125,0.0,0.375,0.484375,183,412,0.0,0.0,0.0,0.4375,16,5.0,13.9375,2.5,0.5,0.5791666666666666,235,412,0.0,0.0,0.0,0.4375
val,theta=0.01984,threshold,sensitivity_2,BE3CA5A6-A561-4BBD-B7C9-5DF6805400FC,1632,0,0,0,0,0,0,27.2,0.0,0.0,0.0,0.0,0.0,,16,20.0,25.75,20.0,1.0,1.0,412,412,0.0,0.0,0.0,0.0,16,20.0,25.75,20.0,1.0,1.0,412,412,0.0,0.0,0.0,0.0
val,theta=0.01984,threshold,sensitivity_2,C48CE857-A0DD-4DDB-BEA5-3A25449B2153,977,0,0,0,0,0,0,16.283333333333335,0.0,0.0,0.0,0.0,0.0,,16,3.5,9.0625,0.5,0.3125,0.5031249999999999,215,412,0.0,0.0,0.0,0.4375,16,5.0,9.0625,1.5,0.3125,0.4822916666666667,210,412,0.0,0.0,0.0,0.625
val,theta=0.01984,threshold,sensitivity_2,CA820D43-E5E2-42EF-9798-BE56F776370B,1540,2,2,4,2,2,2,25.666666666666668,0.07792207792207792,0.0012987012987012987,0.15584415584415584,0.07792207792207792,0.07792207792207792,1.0,16,2.5,9.5,2.5,0.4375,0.5229166666666667,173,412,0.0,0.0,0.0,0.4375,16,3.0,9.0625,0.0,0.4375,0.434375,168,412,0.0,0.0,0.0,0.5625
val,theta=0.01984,threshold,sensitivity_2,CDA3BBF7-6631-45E8-85BA-EEB416B32A3C,543,0,0,0,0,0,0,9.05,0.0,0.0,0.0,0.0,0.0,,16,0.0,3.625,0.0,0.25,0.33333333333333337,117,412,0.0,0.0,0.0,0.6875,16,1.0,5.3125,0.0,0.25,0.353125,133,412,0.0,0.0,0.0,0.6875
val,theta=0.01984,threshold,sensitivity_2,CF722AA9-2533-4E51-9FEB-9EAC84EE9AAC,694,0,0,0,0,0,0,11.566666666666666,0.0,0.0,0.0,0.0,0.0,,16,10.0,22.625,10.0,0.8125,0.8302083333333333,364,412,0.0,0.0,0.0,0.125,16,10.0,22.0,10.0,0.875,0.8958333333333334,353,412,0.0,0.0,0.0,0.125
val,theta=0.01984,threshold,sensitivity_2,D7D20E2E-FC78-405D-B346-DBD3FD8FC92B,1213,0,0,0,0,0,0,20.216666666666665,0.0,0.0,0.0,0.0,0.0,,16,1.5,6.875,0.0,0.3125,0.521875,207,412,0.0,0.0,0.0,0.5,16,0.5,6.875,0.0,0.25,0.3489583333333333,163,412,0.0,0.0,0.0,0.5625
val,theta=0.01984,threshold,sensitivity_2,E65577C1-8D5D-4F70-AF23-B3ADB9D3DBA3,659,0,0,0,0,0,0,10.983333333333333,0.0,0.0,0.0,0.0,0.0,,16,10.0,21.875,4.5,0.8125,0.9395833333333333,380,412,0.0,0.0,0.0,0.0625,16,20.0,25.5625,10.0,0.9375,0.9260416666666667,403,412,0.0,0.0,0.0,0.0625
val,theta=0.01984,threshold,sensitivity_2,ECECC2AB-D32F-4F90-B74C-E12A1C69BBE2,677,2,2,4,3,3,2,11.283333333333333,0.17725258493353027,0.004431314623338257,0.35450516986706054,0.2658788774002954,0.17725258493353027,1.5,16,0.0,4.5625,0.0,0.25,0.24479166666666666,91,412,0.0,0.0,0.0,0.75,16,1.5,10.8125,0.0,0.4375,0.48125,195,412,0.0,0.0,0.0,0.375
val,theta=0.01984,threshold,sensitivity_2,FDAA70A1-42A3-4E3F-9AE3-3FDA412E03BF,966,0,0,0,0,0,0,16.1,0.0,0.0,0.0,0.0,0.0,,16,2.0,9.75,0.0,0.3125,0.4625,221,412,0.0,0.0,0.0,0.4375,16,1.5,6.125,0.0,0.25,0.33854166666666663,117,412,0.0,0.0,0.0,0.625
val,"k=2, theta=0.04743",moving_average,sensitivity_2,00EABED2-271D-49D8-B599-1D4A09240601,428,3,3,6,10,4,2,7.133333333333334,0.4205607476635514,0.02336448598130841,0.8411214953271028,0.5607476635514018,0.2803738317757009,3.3333333333333335,16,1.5,4.5,1.5,0.125,0.5010416666666667,176,412,0.0,0.0,0.0625,0.5625,16,1.0,10.0625,1.0,0.3125,0.440625,190,412,0.0,0.0,0.0,0.6875
val,"k=2, theta=0.04743",moving_average,sensitivity_2,098A72A5-E3E5-4F54-A152-BBDA0DF7B694,1330,0,0,0,0,0,0,22.166666666666668,0.0,0.0,0.0,0.0,0.0,,16,1.0,3.875,1.0,0.25,0.44791666666666663,136,412,0.0,0.0,0.0,0.5625,16,1.0,5.8125,1.0,0.0625,0.36041666666666666,148,412,0.0,0.0,0.0,0.6875
val,"k=2, theta=0.04743",moving_average,sensitivity_2,0A986513-7828-4D53-AA1F-E02D6DF9561B,763,2,2,4,10,2,1,12.716666666666667,0.15727391874180865,0.01310615989515072,0.3145478374836173,0.15727391874180865,0.07863695937090433,5.0,16,2.5,4.75,1.5,0.4375,0.525,120,412,0.0,0.0,0.0,0.5,16,2.5,11.3125,1.5,0.25,0.534375,200,412,0.0,0.0,0.0,0.625
val,"k=2, theta=0.04743",moving_average,sensitivity_2,11B5EC4D-4133-4289-B475-4E737182A406,1739,1,1,2,1,1,1,28.983333333333334,0.034502587694077054,0.0005750431282346176,0.06900517538815411,0.034502587694077054,0.034502587694077054,1.0,16,3.0,8.9375,3.0,0.4375,0.575,162,412,0.0,0.0,0.0,0.375,16,1.0,3.625,1.0,0.1875,0.4010416666666667,127,412,0.0,0.0,0.0,0.625
val,"k=2, theta=0.04743",moving_average,sensitivity_2,136562B6-95B2-483D-88DC-065F28409FD2,1215,0,0,0,0,0,0,20.25,0.0,0.0,0.0,0.0,0.0,,16,6.5,13.875,2.5,0.4375,0.6739583333333333,258,412,0.0,0.0,0.0,0.4375,16,3.0,11.6875,2.0,0.4375,0.6645833333333333,265,412,0.0,0.0,0.0,0.4375
val,"k=2, theta=0.04743",moving_average,sensitivity_2,1538C99F-BA1E-4EFB-A949-6C7C47701B20,1281,0,0,0,0,0,0,21.35,0.0,0.0,0.0,0.0,0.0,,16,1.0,7.125,1.0,0.1875,0.3520833333333333,142,412,0.0,0.0,0.0,0.8125,16,1.0,1.3125,1.0,0.0625,0.3625,133,412,0.0,0.0,0.0,0.6875
val,"k=2, theta=0.04743",moving_average,sensitivity_2,24E40C4C-A349-4F9F-93AB-01D00FB994AF,925,0,0,0,0,0,0,15.416666666666666,0.0,0.0,0.0,0.0,0.0,,16,8.5,16.625,5.0,0.5625,0.7322916666666667,268,412,0.0,0.0,0.0,0.375,16,10.0,15.5625,10.0,0.6875,0.8739583333333333,373,412,0.0,0.0,0.0,0.125
val,"k=2, theta=0.04743",moving_average,sensitivity_2,2C32C23E-E30C-498A-8DD2-0EFB9150A02E,1674,3,3,6,6,3,3,27.9,0.10752688172043011,0.0035842293906810036,0.21505376344086022,0.10752688172043011,0.10752688172043011,2.0,16,1.0,3.3125,1.0,0.0625,0.2635416666666667,66,412,0.0,0.0,0.0,0.875,16,4.0,9.625,2.0,0.125,0.48124999999999996,205,412,0.0,0.0,0.0,0.5625
val,"k=2, theta=0.04743",moving_average,sensitivity_2,3600D531-0C55-44A7-AE95-A7A38519464E,1017,0,0,0,0,0,0,16.95,0.0,0.0,0.0,0.0,0.0,,16,7.0,15.0625,2.0,0.5,0.6302083333333334,276,412,0.0,0.0,0.0,0.4375,16,3.0,9.0625,1.0,0.4375,0.6270833333333333,237,412,0.0,0.0,0.0,0.375
val,"k=2, theta=0.04743",moving_average,sensitivity_2,4FC32141-E888-4BFF-8804-12559A491D8C,958,0,0,0,0,0,0,15.966666666666667,0.0,0.0,0.0,0.0,0.0,,16,20.0,25.75,20.0,1.0,1.0,412,412,0.0,0.0,0.0,0.0,16,20.0,25.75,20.0,1.0,1.0,412,412,0.0,0.0,0.0,0.0
val,"k=2, theta=0.04743",moving_average,sensitivity_2,5119D0F8-FCA8-4184-A4EB-19421A40DE0D,1294,2,2,4,6,3,2,21.566666666666666,0.09273570324574962,0.00463678516228748,0.18547140649149924,0.1391035548686244,0.09273570324574962,3.0,16,1.0,4.125,1.0,0.125,0.3302083333333333,104,412,0.0,0.0,0.0625,0.6875,16,1.0,5.25,1.0,0.125,0.38125,136,412,0.0,0.0,0.0,0.8125
val,"k=2, theta=0.04743",moving_average,sensitivity_2,5152A2DF-FAF3-4BA8-9CA9-E66B32671A53,1294,1,1,2,1,1,1,21.566666666666666,0.04636785162287481,0.0007727975270479134,0.09273570324574962,0.04636785162287481,0.04636785162287481,1.0,16,3.0,10.0,2.0,0.3125,0.5145833333333333,209,412,0.0,0.0,0.0,0.625,16,1.0,3.9375,1.0,0.1875,0.33229166666666665,90,412,0.0,0.0,0.0,0.8125
val,"k=2, theta=0.04743",moving_average,sensitivity_2,5EF64122-B513-46AE-BCF1-E62AAC285D2C,753,1,1,2,1,1,1,12.55,0.0796812749003984,0.0013280212483399733,0.1593625498007968,0.0796812749003984,0.0796812749003984,1.0,16,1.0,2.5625,1.0,0.125,0.29062499999999997,75,412,0.0,0.0,0.0,0.8125,16,1.0,1.625,1.0,0.0625,0.24270833333333333,68,412,0.0,0.0,0.0,0.875
val,"k=2, theta=0.04743",moving_average,sensitivity_2,61976C24-1C50-4355-9C49-AAE44A7D09F6,1717,0,0,0,0,0,0,28.616666666666667,0.0,0.0,0.0,0.0,0.0,,16,1.0,7.625,1.0,0.125,0.3875,139,412,0.0,0.0,0.0,0.6875,16,2.0,8.75,1.0,0.375,0.55625,229,412,0.0,0.0,0.0,0.4375
val,"k=2, theta=0.04743",moving_average,sensitivity_2,78A91A4E-4A51-4065-BDA7-94755F0BB3BB,2370,4,4,8,9,5,4,39.5,0.10126582278481013,0.0037974683544303796,0.20253164556962025,0.12658227848101267,0.10126582278481013,2.25,16,1.0,5.9375,1.0,0.1875,0.44479166666666664,156,412,0.0,0.0,0.0,0.6875,16,3.5,12.0,2.5,0.3125,0.5708333333333333,268,412,0.0,0.0,0.0,0.375
val,"k=2, theta=0.04743",moving_average,sensitivity_2,7CE37510-56D0-4120-A1CF-0E23351428D2,1923,0,0,0,0,0,0,32.05,0.0,0.0,0.0,0.0,0.0,,16,1.0,6.25,1.0,0.3125,0.4708333333333333,144,412,0.0,0.0,0.0,0.625,16,3.0,7.5,1.5,0.375,0.525,191,412,0.0,0.0,0.0,0.5625
val,"k=2, theta=0.04743",moving_average,sensitivity_2,8023FE1A-D3B0-4E2C-A57A-9321B7FC755F,1808,1,1,2,6,0,0,30.133333333333333,0.033185840707964605,0.00331858407079646,0.06637168141592921,0.0,0.0,6.0,16,1.0,5.1875,1.0,0.0625,0.315625,116,412,0.0,0.0,0.0,0.75,16,1.0,2.0,1.0,0.125,0.2833333333333333,54,412,0.0,0.0,0.0,0.75
val,"k=2, theta=0.04743",moving_average,sensitivity_2,83CF687B-7CEC-434B-9FE8-00C3D5799BE6,1879,0,0,0,0,0,0,31.316666666666666,0.0,0.0,0.0,0.0,0.0,,16,1.0,1.6875,1.0,0.0,0.20520833333333333,47,412,0.0,0.0,0.0,0.9375,16,1.0,7.0,1.0,0.25,0.446875,166,412,0.0,0.0,0.0,0.6875
val,"k=2, theta=0.04743",moving_average,sensitivity_2,9759096F-1119-4E19-A0AD-6F16989C7E1C,1963,0,0,0,0,0,0,32.71666666666667,0.0,0.0,0.0,0.0,0.0,,16,6.5,13.625,3.0,0.4375,0.6489583333333333,279,412,0.0,0.0,0.0,0.4375,16,2.0,13.125,1.0,0.3125,0.553125,248,412,0.0,0.0,0.0,0.5
val,"k=2, theta=0.04743",moving_average,sensitivity_2,9DC38D04-E82E-4F29-AB52-B476535226F2,1902,0,0,0,0,0,0,31.7,0.0,0.0,0.0,0.0,0.0,,16,1.0,7.6875,1.0,0.25,0.37083333333333335,134,412,0.0,0.0,0.0,0.75,16,2.5,9.9375,2.5,0.25,0.5520833333333334,218,412,0.0,0.0,0.0,0.5625
val,"k=2, theta=0.04743",moving_average,sensitivity_2,A5CDF89D-02A2-4EC1-89F8-F534FDABDD96,1179,2,2,4,9,3,2,19.65,0.10178117048346057,0.007633587786259542,0.20356234096692113,0.15267175572519084,0.10178117048346057,4.5,16,1.0,5.8125,1.0,0.1875,0.35104166666666664,137,412,0.0,0.0,0.0,0.6875,16,10.0,12.75,6.0,0.5,0.6958333333333333,259,412,0.0,0.0,0.0,0.3125
val,"k=2, theta=0.04743",moving_average,sensitivity_2,A76A5AF5-5A93-4CF2-A16E-62353BB70E8A,1475,0,0,0,0,0,0,24.583333333333332,0.0,0.0,0.0,0.0,0.0,,16,3.0,7.3125,3.0,0.4375,0.6041666666666666,181,412,0.0,0.0,0.0,0.5,16,3.0,6.5,3.0,0.375,0.6114583333333333,183,412,0.0,0.0,0.0,0.4375
val,"k=2, theta=0.04743",moving_average,sensitivity_2,B09E373F-8A54-44C8-895B-0039390B859F,1598,1,1,2,1,1,1,26.633333333333333,0.03754693366708386,0.0006257822277847309,0.07509386733416772,0.03754693366708386,0.03754693366708386,1.0,16,3.5,9.8125,3.0,0.375,0.6645833333333333,240,412,0.0,0.0,0.0,0.5,16,9.5,17.6875,3.0,0.5,0.7583333333333333,319,412,0.0,0.0,0.0,0.3125
val,"k=2, theta=0.04743",moving_average,sensitivity_2,B9724848-C7E2-45F4-9B3F-A1F38D864495,1487,2,2,4,2,3,2,24.783333333333335,0.08069939475453934,0.0013449899125756557,0.16139878950907868,0.121049092131809,0.08069939475453934,1.0,16,2.0,3.8125,1.0,0.1875,0.39791666666666664,131,412,0.0,0.0,0.0,0.6875,16,2.0,7.1875,2.0,0.25,0.56875,213,412,0.0,0.0,0.0,0.5625
val,"k=2, theta=0.04743",moving_average,sensitivity_2,BE3CA5A6-A561-4BBD-B7C9-5DF6805400FC,1632,0,0,0,0,0,0,27.2,0.0,0.0,0.0,0.0,0.0,,16,10.0,21.6875,10.0,0.875,0.9291666666666667,373,412,0.0,0.0,0.0,0.125,16,20.0,24.0,12.5,0.9375,0.978125,391,412,0.0,0.0,0.0,0.0
val,"k=2, theta=0.04743",moving_average,sensitivity_2,C48CE857-A0DD-4DDB-BEA5-3A25449B2153,977,0,0,0,0,0,0,16.283333333333335,0.0,0.0,0.0,0.0,0.0,,16,4.0,13.125,1.0,0.3125,0.534375,216,412,0.0,0.0,0.0,0.5,16,3.0,10.75,2.5,0.375,0.5291666666666667,191,412,0.0,0.0,0.0,0.5625
val,"k=2, theta=0.04743",moving_average,sensitivity_2,CA820D43-E5E2-42EF-9798-BE56F776370B,1540,2,2,4,2,2,2,25.666666666666668,0.07792207792207792,0.0012987012987012987,0.15584415584415584,0.07792207792207792,0.07792207792207792,1.0,16,3.0,9.9375,1.0,0.5,0.515625,171,412,0.0,0.0,0.0,0.5,16,3.0,7.4375,1.5,0.3125,0.4635416666666667,167,412,0.0,0.0,0.0,0.625
val,"k=2, theta=0.04743",moving_average,sensitivity_2,CDA3BBF7-6631-45E8-85BA-EEB416B32A3C,543,0,0,0,0,0,0,9.05,0.0,0.0,0.0,0.0,0.0,,16,1.0,2.125,1.0,0.1875,0.35833333333333334,97,412,0.0,0.0,0.0,0.75,16,1.0,3.5625,1.0,0.0625,0.340625,116,412,0.0,0.0,0.0,0.8125
val,"k=2, theta=0.04743",moving_average,sensitivity_2,CF722AA9-2533-4E51-9FEB-9EAC84EE9AAC,694,0,0,0,0,0,0,11.566666666666666,0.0,0.0,0.0,0.0,0.0,,16,10.0,22.5,10.0,0.75,0.825,358,412,0.0,0.0,0.0,0.1875,16,10.0,20.5625,10.0,0.8125,0.8635416666666667,335,412,0.0,0.0,0.0,0.125
val,"k=2, theta=0.04743",moving_average,sensitivity_2,D7D20E2E-FC78-405D-B346-DBD3FD8FC92B,1213,1,1,2,1,1,1,20.216666666666665,0.0494641384995878,0.0008244023083264633,0.0989282769991756,0.0494641384995878,0.0494641384995878,1.0,16,1.0,7.0625,1.0,0.3125,0.471875,190,412,0.0,0.0,0.0,0.5,16,1.0,7.5,1.0,0.25,0.36041666666666666,137,412,0.0,0.0,0.0,0.6875
val,"k=2, theta=0.04743",moving_average,sensitivity_2,E65577C1-8D5D-4F70-AF23-B3ADB9D3DBA3,659,1,1,2,1,1,1,10.983333333333333,0.09104704097116845,0.0015174506828528073,0.1820940819423369,0.09104704097116845,0.09104704097116845,1.0,16,4.5,12.1875,1.0,0.4375,0.5708333333333333,230,412,0.0,0.0,0.0,0.5625,16,9.5,19.75,6.0,0.5,0.7104166666666667,351,412,0.0,0.0,0.0,0.4375
val,"k=2, theta=0.04743",moving_average,sensitivity_2,ECECC2AB-D32F-4F90-B74C-E12A1C69BBE2,677,1,1,2,4,1,1,11.283333333333333,0.08862629246676514,0.005908419497784343,0.17725258493353027,0.08862629246676514,0.08862629246676514,4.0,16,1.0,4.875,1.0,0.0625,0.28125,95,412,0.0,0.0,0.0,0.9375,16,1.0,7.125,1.0,0.3125,0.45625,179,412,0.0,0.0,0.0,0.4375
val,"k=2, theta=0.04743",moving_average,sensitivity_2,FDAA70A1-42A3-4E3F-9AE3-3FDA412E03BF,966,3,3,6,4,4,3,16.1,0.18633540372670807,0.004140786749482402,0.37267080745341613,0.24844720496894407,0.18633540372670807,1.3333333333333333,16,1.0,9.6875,1.0,0.25,0.49166666666666664,210,412,0.0,0.0,0.0,0.5625,16,1.0,5.6875,1.0,0.25,0.35520833333333335,102,412,0.0,0.0,0.0,0.6875
val,"alpha=0.7, theta=0.06297",ewma,sensitivity_2,00EABED2-271D-49D8-B599-1D4A09240601,428,3,3,6,10,5,3,7.133333333333334,0.4205607476635514,0.02336448598130841,0.8411214953271028,0.7009345794392523,0.4205607476635514,3.3333333333333335,16,2.5,5.4375,2.5,0.125,0.5364583333333334,170,412,0.0,0.0,0.0625,0.625,16,2.5,10.25,2.5,0.3125,0.5104166666666666,188,412,0.0,0.0,0.0,0.625
val,"alpha=0.7, theta=0.06297",ewma,sensitivity_2,098A72A5-E3E5-4F54-A152-BBDA0DF7B694,1330,1,1,2,1,1,1,22.166666666666668,0.045112781954887216,0.0007518796992481203,0.09022556390977443,0.045112781954887216,0.045112781954887216,1.0,16,2.0,4.375,2.0,0.25,0.496875,143,412,0.0,0.0,0.0,0.5625,16,2.0,5.1875,2.0,0.125,0.44166666666666665,155,412,0.0,0.0,0.0,0.6875
val,"alpha=0.7, theta=0.06297",ewma,sensitivity_2,0A986513-7828-4D53-AA1F-E02D6DF9561B,763,1,1,2,13,0,0,12.716666666666667,0.07863695937090433,0.01703800786369594,0.15727391874180865,0.0,0.0,13.0,16,3.0,4.9375,2.5,0.375,0.515625,116,412,0.0,0.0,0.0,0.5625,16,3.0,11.6875,2.5,0.3125,0.58125,198,412,0.0,0.0,0.0,0.5625
val,"alpha=0.7, theta=0.06297",ewma,sensitivity_2,11B5EC4D-4133-4289-B475-4E737182A406,1739,1,1,2,1,1,1,28.983333333333334,0.034502587694077054,0.0005750431282346176,0.06900517538815411,0.034502587694077054,0.034502587694077054,1.0,16,3.0,8.9375,3.0,0.4375,0.575,149,412,0.0,0.0,0.0,0.4375,16,2.0,4.25,2.0,0.1875,0.46041666666666664,138,412,0.0,0.0,0.0,0.625
val,"alpha=0.7, theta=0.06297",ewma,sensitivity_2,136562B6-95B2-483D-88DC-065F28409FD2,1215,0,0,0,0,0,0,20.25,0.0,0.0,0.0,0.0,0.0,,16,6.5,14.0625,3.0,0.4375,0.6989583333333333,261,412,0.0,0.0,0.0,0.4375,16,6.0,12.0625,3.0,0.4375,0.7072916666666667,266,412,0.0,0.0,0.0,0.5
val,"alpha=0.7, theta=0.06297",ewma,sensitivity_2,1538C99F-BA1E-4EFB-A949-6C7C47701B20,1281,0,0,0,0,0,0,21.35,0.0,0.0,0.0,0.0,0.0,,16,2.0,7.25,2.0,0.125,0.42083333333333334,145,412,0.0,0.0,0.0,0.8125,16,2.0,2.25,2.0,0.125,0.434375,141,412,0.0,0.0,0.0,0.5625
val,"alpha=0.7, theta=0.06297",ewma,sensitivity_2,24E40C4C-A349-4F9F-93AB-01D00FB994AF,925,0,0,0,0,0,0,15.416666666666666,0.0,0.0,0.0,0.0,0.0,,16,7.5,16.0,4.0,0.5625,0.7229166666666667,249,412,0.0,0.0,0.0,0.375,16,10.0,15.625,10.0,0.6875,0.8916666666666667,356,412,0.0,0.0,0.0,0.125
val,"alpha=0.7, theta=0.06297",ewma,sensitivity_2,2C32C23E-E30C-498A-8DD2-0EFB9150A02E,1674,3,3,6,7,4,3,27.9,0.10752688172043011,0.004181600955794504,0.21505376344086022,0.14336917562724016,0.10752688172043011,2.3333333333333335,16,2.0,4.3125,2.0,0.125,0.35833333333333334,71,412,0.0,0.0,0.0,0.8125,16,4.0,9.375,3.0,0.1875,0.553125,196,412,0.0,0.0,0.0,0.5625
val,"alpha=0.7, theta=0.06297",ewma,sensitivity_2,3600D531-0C55-44A7-AE95-A7A38519464E,1017,1,1,2,1,1,1,16.95,0.058997050147492625,0.0009832841691248771,0.11799410029498525,0.058997050147492625,0.058997050147492625,1.0,16,7.5,13.9375,3.5,0.375,0.6697916666666667,275,412,0.0,0.0,0.0,0.5,16,4.0,11.0,2.0,0.5,0.6729166666666666,238,412,0.0,0.0,0.0,0.375
val,"alpha=0.7, theta=0.06297",ewma,sensitivity_2,4FC32141-E888-4BFF-8804-12559A491D8C,958,0,0,0,0,0,0,15.966666666666667,0.0,0.0,0.0,0.0,0.0,,16,20.0,25.75,20.0,1.0,1.0,412,412,0.0,0.0,0.0,0.0,16,20.0,25.75,20.0,1.0,1.0,412,412,0.0,0.0,0.0,0.0
val,"alpha=0.7, theta=0.06297",ewma,sensitivity_2,5119D0F8-FCA8-4184-A4EB-19421A40DE0D,1294,3,3,6,6,4,3,21.566666666666666,0.1391035548686244,0.00463678516228748,0.2782071097372488,0.18547140649149924,0.1391035548686244,2.0,16,2.0,4.6875,2.0,0.0625,0.3625,109,412,0.0,0.0,0.0,0.8125,16,2.0,6.375,2.0,0.125,0.45,136,412,0.0,0.0,0.0,0.875
val,"alpha=0.7, theta=0.06297",ewma,sensitivity_2,5152A2DF-FAF3-4BA8-9CA9-E66B32671A53,1294,2,2,4,2,2,2,21.566666666666666,0.09273570324574962,0.0015455950540958269,0.18547140649149924,0.09273570324574962,0.09273570324574962,1.0,16,3.0,10.3125,3.0,0.3125,0.5541666666666667,201,412,0.0,0.0,0.0,0.625,16,2.0,4.75,2.0,0.1875,0.42604166666666665,97,412,0.0,0.0,0.0,0.8125
val,"alpha=0.7, theta=0.06297",ewma,sensitivity_2,5EF64122-B513-46AE-BCF1-E62AAC285D2C,753,0,0,0,0,0,0,12.55,0.0,0.0,0.0,0.0,0.0,,16,2.0,3.75,2.0,0.125,0.36354166666666665,85,412,0.0,0.0,0.0,0.8125,16,2.0,2.5625,2.0,0.0625,0.3364583333333333,73,412,0.0,0.0,0.0,0.875
val,"alpha=0.7, theta=0.06297",ewma,sensitivity_2,61976C24-1C50-4355-9C49-AAE44A7D09F6,1717,0,0,0,0,0,0,28.616666666666667,0.0,0.0,0.0,0.0,0.0,,16,2.0,8.0625,2.0,0.125,0.475,144,412,0.0,0.0,0.0,0.6875,16,3.0,9.125,2.5,0.3125,0.59375,232,412,0.0,0.0,0.0,0.4375
val,"alpha=0.7, theta=0.06297",ewma,sensitivity_2,78A91A4E-4A51-4065-BDA7-94755F0BB3BB,2370,5,5,10,15,6,5,39.5,0.12658227848101267,0.006329113924050633,0.25316455696202533,0.1518987341772152,0.12658227848101267,3.0,16,2.0,4.25,2.0,0.1875,0.48854166666666665,142,412,0.0,0.0,0.0,0.6875,16,2.5,10.0625,2.5,0.1875,0.6041666666666666,263,412,0.0,0.0,0.0,0.4375
val,"alpha=0.7, theta=0.06297",ewma,sensitivity_2,7CE37510-56D0-4120-A1CF-0E23351428D2,1923,0,0,0,0,0,0,32.05,0.0,0.0,0.0,0.0,0.0,,16,2.5,6.875,2.5,0.3125,0.5239583333333333,150,412,0.0,0.0,0.0,0.625,16,3.5,7.9375,2.5,0.3125,0.559375,187,412,0.0,0.0,0.0,0.625
val,"alpha=0.7, theta=0.06297",ewma,sensitivity_2,8023FE1A-D3B0-4E2C-A57A-9321B7FC755F,1808,1,1,2,7,0,0,30.133333333333333,0.033185840707964605,0.0038716814159292035,0.06637168141592921,0.0,0.0,7.0,16,2.0,5.8125,2.0,0.125,0.38437499999999997,120,412,0.0,0.0,0.0,0.6875,16,2.0,2.5625,2.0,0.125,0.346875,62,412,0.0,0.0,0.0,0.75
val,"alpha=0.7, theta=0.06297",ewma,sensitivity_2,83CF687B-7CEC-434B-9FE8-00C3D5799BE6,1879,0,0,0,0,0,0,31.316666666666666,0.0,0.0,0.0,0.0,0.0,,16,2.0,2.875,2.0,0.0625,0.2947916666666667,57,412,0.0,0.0,0.0,0.9375,16,2.0,8.0,2.0,0.25,0.5072916666666667,161,412,0.0,0.0,0.0,0.6875
val,"alpha=0.7, theta=0.06297",ewma,sensitivity_2,9759096F-1119-4E19-A0AD-6F16989C7E1C,1963,1,1,2,1,1,1,32.71666666666667,0.030565461029037184,0.0005094243504839531,0.06113092205807437,0.030565461029037184,0.030565461029037184,1.0,16,5.0,12.0625,3.0,0.4375,0.6958333333333333,279,412,0.0,0.0,0.0,0.4375,16,3.0,13.4375,3.0,0.3125,0.6104166666666666,251,412,0.0,0.0,0.0,0.5
val,"alpha=0.7, theta=0.06297",ewma,sensitivity_2,9DC38D04-E82E-4F29-AB52-B476535226F2,1902,0,0,0,0,0,0,31.7,0.0,0.0,0.0,0.0,0.0,,16,2.0,8.0,2.0,0.25,0.4354166666666667,130,412,0.0,0.0,0.0,0.75,16,2.5,7.125,2.5,0.1875,0.56875,211,412,0.0,0.0,0.0,0.625
val,"alpha=0.7, theta=0.06297",ewma,sensitivity_2,A5CDF89D-02A2-4EC1-89F8-F534FDABDD96,1179,1,1,2,8,0,0,19.65,0.050890585241730284,0.006785411365564037,0.10178117048346057,0.0,0.0,8.0,16,2.0,8.25,2.0,0.25,0.46354166666666663,144,412,0.0,0.0,0.0,0.6875,16,10.0,10.5625,4.0,0.3125,0.6729166666666666,235,412,0.0,0.0,0.0,0.375
val,"alpha=0.7, theta=0.06297",ewma,sensitivity_2,A76A5AF5-5A93-4CF2-A16E-62353BB70E8A,1475,0,0,0,0,0,0,24.583333333333332,0.0,0.0,0.0,0.0,0.0,,16,3.0,7.625,3.0,0.4375,0.6281249999999999,178,412,0.0,0.0,0.0,0.5,16,3.0,7.0625,3.0,0.375,0.6145833333333334,177,412,0.0,0.0,0.0,0.4375
val,"alpha=0.7, theta=0.06297",ewma,sensitivity_2,B09E373F-8A54-44C8-895B-0039390B859F,1598,1,1,2,1,1,1,26.633333333333333,0.03754693366708386,0.0006257822277847309,0.07509386733416772,0.03754693366708386,0.03754693366708386,1.0,16,3.5,10.125,3.5,0.4375,0.6885416666666667,236,412,0.0,0.0,0.0,0.4375,16,7.5,14.6875,4.0,0.3125,0.784375,308,412,0.0,0.0,0.0,0.3125
val,"alpha=0.7, theta=0.06297",ewma,sensitivity_2,B9724848-C7E2-45F4-9B3F-A1F38D864495,1487,1,1,2,1,1,1,24.783333333333335,0.04034969737726967,0.0006724949562878278,0.08069939475453934,0.04034969737726967,0.04034969737726967,1.0,16,2.0,4.0625,2.0,0.1875,0.4739583333333333,125,412,0.0,0.0,0.0,0.625,16,3.0,5.25,3.0,0.25,0.5822916666666667,195,412,0.0,0.0,0.0,0.5625
val,"alpha=0.7, theta=0.06297",ewma,sensitivity_2,BE3CA5A6-A561-4BBD-B7C9-5DF6805400FC,1632,0,0,0,0,0,0,27.2,0.0,0.0,0.0,0.0,0.0,,16,10.0,16.125,6.5,0.75,0.8520833333333333,320,412,0.0,0.0,0.0,0.1875,16,15.0,23.25,12.5,0.9375,0.9572916666666667,376,412,0.0,0.0,0.0,0.0
val,"alpha=0.7, theta=0.06297",ewma,sensitivity_2,C48CE857-A0DD-4DDB-BEA5-3A25449B2153,977,0,0,0,0,0,0,16.283333333333335,0.0,0.0,0.0,0.0,0.0,,16,3.5,13.125,3.0,0.375,0.615625,227,412,0.0,0.0,0.0,0.5,16,3.0,11.125,3.0,0.375,0.5697916666666667,199,412,0.0,0.0,0.0,0.5625
val,"alpha=0.7, theta=0.06297",ewma,sensitivity_2,CA820D43-E5E2-42EF-9798-BE56F776370B,1540,2,2,4,2,2,2,25.666666666666668,0.07792207792207792,0.0012987012987012987,0.15584415584415584,0.07792207792207792,0.07792207792207792,1.0,16,3.0,10.375,3.0,0.5,0.590625,174,412,0.0,0.0,0.0,0.5,16,3.0,7.875,2.5,0.375,0.5302083333333333,166,412,0.0,0.0,0.0,0.5625
val,"alpha=0.7, theta=0.06297",ewma,sensitivity_2,CDA3BBF7-6631-45E8-85BA-EEB416B32A3C,543,0,0,0,0,0,0,9.05,0.0,0.0,0.0,0.0,0.0,,16,2.0,2.875,2.0,0.1875,0.42604166666666665,108,412,0.0,0.0,0.0,0.75,16,2.0,6.3125,2.0,0.125,0.4354166666666667,123,412,0.0,0.0,0.0,0.8125
val,"alpha=0.7, theta=0.06297",ewma,sensitivity_2,CF722AA9-2533-4E51-9FEB-9EAC84EE9AAC,694,0,0,0,0,0,0,11.566666666666666,0.0,0.0,0.0,0.0,0.0,,16,10.0,22.4375,10.0,0.75,0.8364583333333333,358,412,0.0,0.0,0.0,0.1875,16,10.0,20.6875,9.0,0.8125,0.8833333333333333,336,412,0.0,0.0,0.0,0.125
val,"alpha=0.7, theta=0.06297",ewma,sensitivity_2,D7D20E2E-FC78-405D-B346-DBD3FD8FC92B,1213,0,0,0,0,0,0,20.216666666666665,0.0,0.0,0.0,0.0,0.0,,16,2.0,6.75,2.0,0.25,0.509375,190,412,0.0,0.0,0.0,0.625,16,2.0,5.3125,2.0,0.125,0.425,139,412,0.0,0.0,0.0,0.75
val,"alpha=0.7, theta=0.06297",ewma,sensitivity_2,E65577C1-8D5D-4F70-AF23-B3ADB9D3DBA3,659,0,0,0,0,0,0,10.983333333333333,0.0,0.0,0.0,0.0,0.0,,16,3.0,8.625,3.0,0.4375,0.6427083333333333,214,412,0.0,0.0,0.0,0.5,16,8.5,19.875,7.5,0.5,0.8104166666666667,353,412,0.0,0.0,0.0,0.4375
val,"alpha=0.7, theta=0.06297",ewma,sensitivity_2,ECECC2AB-D32F-4F90-B74C-E12A1C69BBE2,677,1,1,2,4,1,1,11.283333333333333,0.08862629246676514,0.005908419497784343,0.17725258493353027,0.08862629246676514,0.08862629246676514,4.0,16,2.0,5.375,2.0,0.125,0.3833333333333333,100,412,0.0,0.0,0.0,0.875,16,2.0,11.25,2.0,0.375,0.515625,186,412,0.0,0.0,0.0,0.4375
val,"alpha=0.7, theta=0.06297",ewma,sensitivity_2,FDAA70A1-42A3-4E3F-9AE3-3FDA412E03BF,966,3,3,6,6,4,3,16.1,0.18633540372670807,0.006211180124223602,0.37267080745341613,0.24844720496894407,0.18633540372670807,2.0,16,2.0,10.1875,2.0,0.25,0.5770833333333334,217,412,0.0,0.0,0.0,0.5625,16,2.0,5.125,2.0,0.1875,0.4145833333333333,103,412,0.0,0.0,0.0,0.75
val,"k=3, theta=0.06297",majority_vote,sensitivity_2,00EABED2-271D-49D8-B599-1D4A09240601,428,1,1,2,14,0,0,7.133333333333334,0.14018691588785046,0.03271028037383177,0.2803738317757009,0.0,0.0,14.0,16,1.5,4.5,1.0,0.125,0.43229166666666663,143,412,1.0,0.0,0.0625,0.625,16,1.0,5.3125,1.0,0.125,0.3875,162,412,1.0,0.0,0.0,0.6875
val,"k=3, theta=0.06297",majority_vote,sensitivity_2,098A72A5-E3E5-4F54-A152-BBDA0DF7B694,1330,1,1,2,2,1,1,22.166666666666668,0.045112781954887216,0.0015037593984962407,0.09022556390977443,0.045112781954887216,0.045112781954887216,2.0,16,1.0,3.75,1.0,0.25,0.4083333333333333,116,412,1.0,0.0,0.0,0.6875,16,1.0,2.4375,1.0,0.0625,0.30729166666666663,122,412,1.0,0.0,0.0,0.8125
val,"k=3, theta=0.06297",majority_vote,sensitivity_2,0A986513-7828-4D53-AA1F-E02D6DF9561B,763,2,2,4,15,1,1,12.716666666666667,0.15727391874180865,0.019659239842726082,0.3145478374836173,0.07863695937090433,0.07863695937090433,7.5,16,1.0,3.875,1.0,0.3125,0.43645833333333334,93,412,0.5,0.0,0.0,0.625,16,2.0,8.375,1.5,0.1875,0.45729166666666665,157,412,1.0,0.0,0.0,0.6875
val,"k=3, theta=0.06297",majority_vote,sensitivity_2,11B5EC4D-4133-4289-B475-4E737182A406,1739,1,1,2,2,1,1,28.983333333333334,0.034502587694077054,0.0011500862564692352,0.06900517538815411,0.034502587694077054,0.034502587694077054,2.0,16,2.5,4.625,2.0,0.375,0.509375,130,412,0.0,0.0,0.0,0.4375,16,1.0,3.5625,1.0,0.1875,0.36875,105,412,1.0,0.0,0.0,0.6875
val,"k=3, theta=0.06297",majority_vote,sensitivity_2,136562B6-95B2-483D-88DC-065F28409FD2,1215,0,0,0,0,0,0,20.25,0.0,0.0,0.0,0.0,0.0,,16,2.5,13.0,2.0,0.4375,0.65,250,412,0.0,0.0,0.0,0.4375,16,3.0,10.3125,2.5,0.375,0.5968749999999999,240,412,0.0,0.0,0.0,0.5625
val,"k=3, theta=0.06297",majority_vote,sensitivity_2,1538C99F-BA1E-4EFB-A949-6C7C47701B20,1281,1,1,2,1,1,1,21.35,0.046838407494145196,0.00078064012490242,0.09367681498829039,0.046838407494145196,0.046838407494145196,1.0,16,1.0,6.625,1.0,0.125,0.32395833333333335,129,412,1.0,0.0,0.0625,0.8125,16,1.0,1.25,1.0,0.0625,0.32083333333333336,114,412,1.0,0.0,0.0,0.75
val,"k=3, theta=0.06297",majority_vote,sensitivity_2,24E40C4C-A349-4F9F-93AB-01D00FB994AF,925,0,0,0,0,0,0,15.416666666666666,0.0,0.0,0.0,0.0,0.0,,16,5.0,13.8125,3.0,0.5,0.6364583333333333,228,412,0.0,0.0,0.0,0.5,16,10.0,12.9375,10.0,0.5,0.8291666666666666,345,412,0.0,0.0,0.0,0.1875
val,"k=3, theta=0.06297",majority_vote,sensitivity_2,2C32C23E-E30C-498A-8DD2-0EFB9150A02E,1674,3,3,6,10,3,3,27.9,0.10752688172043011,0.005973715651135006,0.21505376344086022,0.10752688172043011,0.10752688172043011,3.3333333333333335,16,1.0,2.5,1.0,0.0625,0.22916666666666669,52,412,1.0,0.0,0.0,0.9375,16,1.0,5.0,1.0,0.0,0.33229166666666665,147,412,1.0,0.0,0.0,0.625
val,"k=3, theta=0.06297",majority_vote,sensitivity_2,3600D531-0C55-44A7-AE95-A7A38519464E,1017,0,0,0,0,0,0,16.95,0.0,0.0,0.0,0.0,0.0,,16,1.5,12.0,1.5,0.3125,0.5510416666666667,242,412,0.0,0.0,0.0,0.625,16,1.0,6.625,1.0,0.25,0.5760416666666667,215,412,0.0,0.0,0.0,0.5
val,"k=3, theta=0.06297",majority_vote,sensitivity_2,4FC32141-E888-4BFF-8804-12559A491D8C,958,0,0,0,0,0,0,15.966666666666667,0.0,0.0,0.0,0.0,0.0,,16,20.0,25.75,20.0,1.0,1.0,412,412,0.0,0.0,0.0,0.0,16,20.0,25.75,20.0,1.0,1.0,412,412,0.0,0.0,0.0,0.0
val,"k=3, theta=0.06297",majority_vote,sensitivity_2,5119D0F8-FCA8-4184-A4EB-19421A40DE0D,1294,1,1,2,7,0,0,21.566666666666666,0.04636785162287481,0.005409582689335394,0.09273570324574962,0.0,0.0,7.0,16,1.0,4.125,1.0,0.125,0.30625,89,412,1.0,0.0,0.0,0.75,16,1.0,5.0625,1.0,0.125,0.32916666666666666,111,412,1.0,0.0,0.0,0.875
val,"k=3, theta=0.06297",majority_vote,sensitivity_2,5152A2DF-FAF3-4BA8-9CA9-E66B32671A53,1294,2,2,4,3,2,2,21.566666666666666,0.09273570324574962,0.00231839258114374,0.18547140649149924,0.09273570324574962,0.09273570324574962,1.5,16,2.5,9.875,2.5,0.3125,0.46458333333333335,177,412,1.0,0.0,0.0,0.625,16,1.0,3.5,1.0,0.125,0.3052083333333333,78,412,1.0,0.0,0.0,0.8125
val,"k=3, theta=0.06297",majority_vote,sensitivity_2,5EF64122-B513-46AE-BCF1-E62AAC285D2C,753,1,1,2,3,1,1,12.55,0.0796812749003984,0.00398406374501992,0.1593625498007968,0.0796812749003984,0.0796812749003984,3.0,16,1.0,1.9375,1.0,0.125,0.265625,65,412,1.0,0.0,0.0,0.875,16,1.0,1.625,1.0,0.0625,0.225,56,412,1.0,0.0,0.0,0.875
val,"k=3, theta=0.06297",majority_vote,sensitivity_2,61976C24-1C50-4355-9C49-AAE44A7D09F6,1717,1,1,2,1,1,1,28.616666666666667,0.034944670937682006,0.0005824111822947001,0.06988934187536401,0.034944670937682006,0.034944670937682006,1.0,16,1.0,6.75,1.0,0.0625,0.34479166666666666,120,412,1.0,0.0,0.0,0.8125,16,1.0,7.4375,1.0,0.25,0.46875,198,412,0.0,0.0,0.0,0.6875
val,"k=3, theta=0.06297",majority_vote,sensitivity_2,78A91A4E-4A51-4065-BDA7-94755F0BB3BB,2370,5,5,10,16,5,4,39.5,0.12658227848101267,0.006751054852320675,0.25316455696202533,0.12658227848101267,0.10126582278481013,3.2,16,1.0,3.625,1.0,0.125,0.36979166666666663,122,412,1.0,0.0,0.0,0.8125,16,2.0,8.625,2.0,0.125,0.503125,235,412,0.0,0.0,0.0,0.5
val,"k=3, theta=0.06297",majority_vote,sensitivity_2,7CE37510-56D0-4120-A1CF-0E23351428D2,1923,1,1,2,1,1,1,32.05,0.031201248049921998,0.0005200208008320333,0.062402496099843996,0.031201248049921998,0.031201248049921998,1.0,16,1.0,6.25,1.0,0.3125,0.45625,132,412,1.0,0.0,0.0,0.625,16,2.5,4.375,2.5,0.25,0.49895833333333334,160,412,1.0,0.0,0.0,0.625
val,"k=3, theta=0.06297",majority_vote,sensitivity_2,8023FE1A-D3B0-4E2C-A57A-9321B7FC755F,1808,1,1,2,7,0,0,30.133333333333333,0.033185840707964605,0.0038716814159292035,0.06637168141592921,0.0,0.0,7.0,16,1.0,4.0,1.0,0.0625,0.27291666666666664,97,412,1.0,0.0,0.0,0.75,16,1.0,1.3125,1.0,0.125,0.24166666666666667,36,412,1.0,0.0,0.0,0.75
val,"k=3, theta=0.06297",majority_vote,sensitivity_2,83CF687B-7CEC-434B-9FE8-00C3D5799BE6,1879,0,0,0,0,0,0,31.316666666666666,0.0,0.0,0.0,0.0,0.0,,16,1.0,1.0625,1.0,0.0,0.16874999999999998,37,412,1.0,0.0,0.0,0.9375,16,1.0,6.0625,1.0,0.1875,0.39375,140,412,1.0,0.0,0.0,0.75
val,"k=3, theta=0.06297",majority_vote,sensitivity_2,9759096F-1119-4E19-A0AD-6F16989C7E1C,1963,0,0,0,0,0,0,32.71666666666667,0.0,0.0,0.0,0.0,0.0,,16,2.5,9.5625,2.0,0.375,0.5864583333333333,244,412,0.0,0.0,0.0,0.4375,16,1.5,8.125,1.0,0.1875,0.50625,226,412,0.5,0.0,0.0,0.5625
val,"k=3, theta=0.06297",majority_vote,sensitivity_2,9DC38D04-E82E-4F29-AB52-B476535226F2,1902,0,0,0,0,0,0,31.7,0.0,0.0,0.0,0.0,0.0,,16,1.0,6.8125,1.0,0.1875,0.34479166666666666,115,412,1.0,0.0,0.0,0.75,16,2.5,6.625,2.5,0.1875,0.475,175,412,0.5,0.0,0.0,0.5625
val,"k=3, theta=0.06297",majority_vote,sensitivity_2,A5CDF89D-02A2-4EC1-89F8-F534FDABDD96,1179,1,1,2,11,0,0,19.65,0.050890585241730284,0.009329940627650551,0.10178117048346057,0.0,0.0,11.0,16,1.0,4.8125,1.0,0.0625,0.2885416666666667,112,412,1.0,0.0,0.0,0.8125,16,5.5,7.0625,3.5,0.25,0.5375,183,412,0.0,0.0,0.0,0.5625
val,"k=3, theta=0.06297",majority_vote,sensitivity_2,A76A5AF5-5A93-4CF2-A16E-62353BB70E8A,1475,1,1,2,1,1,1,24.583333333333332,0.04067796610169492,0.0006779661016949153,0.08135593220338984,0.04067796610169492,0.04067796610169492,1.0,16,3.0,7.3125,3.0,0.4375,0.565625,157,412,0.5,0.0,0.0,0.5,16,3.0,6.5,3.0,0.375,0.5708333333333333,158,412,0.0,0.0,0.0,0.4375
val,"k=3, theta=0.06297",majority_vote,sensitivity_2,B09E373F-8A54-44C8-895B-0039390B859F,1598,1,1,2,3,1,1,26.633333333333333,0.03754693366708386,0.0018773466833541927,0.07509386733416772,0.03754693366708386,0.03754693366708386,3.0,16,3.0,9.3125,3.0,0.375,0.5958333333333333,216,412,0.0,0.0,0.0,0.5625,16,4.0,9.625,3.5,0.1875,0.6760416666666667,279,412,0.0,0.0,0.0,0.375
val,"k=3, theta=0.06297",majority_vote,sensitivity_2,B9724848-C7E2-45F4-9B3F-A1F38D864495,1487,2,2,4,4,3,2,24.783333333333335,0.08069939475453934,0.0026899798251513113,0.16139878950907868,0.121049092131809,0.08069939475453934,2.0,16,1.0,2.5,1.0,0.125,0.3,85,412,1.0,0.0,0.0,0.8125,16,2.0,4.3125,2.0,0.1875,0.49166666666666664,159,412,1.0,0.0,0.0,0.6875
val,"k=3, theta=0.06297",majority_vote,sensitivity_2,BE3CA5A6-A561-4BBD-B7C9-5DF6805400FC,1632,0,0,0,0,0,0,27.2,0.0,0.0,0.0,0.0,0.0,,16,6.5,14.8125,6.5,0.75,0.8322916666666667,304,412,0.0,0.0,0.0,0.1875,16,12.5,22.25,12.5,0.875,0.95,369,412,0.0,0.0,0.0,0.0
val,"k=3, theta=0.06297",majority_vote,sensitivity_2,C48CE857-A0DD-4DDB-BEA5-3A25449B2153,977,0,0,0,0,0,0,16.283333333333335,0.0,0.0,0.0,0.0,0.0,,16,2.5,4.1875,1.5,0.1875,0.4979166666666667,176,412,0.5,0.0,0.0,0.5625,16,2.0,4.9375,2.0,0.1875,0.42291666666666666,142,412,1.0,0.0,0.0,0.8125
val,"k=3, theta=0.06297",majority_vote,sensitivity_2,CA820D43-E5E2-42EF-9798-BE56F776370B,1540,2,2,4,4,2,2,25.666666666666668,0.07792207792207792,0.0025974025974025974,0.15584415584415584,0.07792207792207792,0.07792207792207792,2.0,16,1.0,9.625,1.0,0.3125,0.43333333333333335,151,412,1.0,0.0,0.0,0.6875,16,1.5,6.125,1.5,0.25,0.39791666666666664,136,412,1.0,0.0,0.0,0.6875
val,"k=3, theta=0.06297",majority_vote,sensitivity_2,CDA3BBF7-6631-45E8-85BA-EEB416B32A3C,543,0,0,0,0,0,0,9.05,0.0,0.0,0.0,0.0,0.0,,16,1.0,2.0625,1.0,0.1875,0.315625,65,412,1.0,0.0,0.0,0.75,16,1.0,2.8125,1.0,0.0625,0.28020833333333334,88,412,1.0,0.0,0.0,0.8125
val,"k=3, theta=0.06297",majority_vote,sensitivity_2,CF722AA9-2533-4E51-9FEB-9EAC84EE9AAC,694,0,0,0,0,0,0,11.566666666666666,0.0,0.0,0.0,0.0,0.0,,16,10.0,20.125,10.0,0.6875,0.8145833333333333,353,412,0.0,0.0,0.0,0.25,16,10.0,19.125,10.0,0.75,0.8375,323,412,0.0,0.0,0.0,0.125
val,"k=3, theta=0.06297",majority_vote,sensitivity_2,D7D20E2E-FC78-405D-B346-DBD3FD8FC92B,1213,1,1,2,2,1,1,20.216666666666665,0.0494641384995878,0.0016488046166529267,0.0989282769991756,0.0494641384995878,0.0494641384995878,2.0,16,1.0,6.25,1.0,0.25,0.44166666666666665,166,412,0.5,0.0,0.0,0.625,16,1.0,4.5,1.0,0.0625,0.290625,118,412,1.0,0.0,0.0,0.875
val,"k=3, theta=0.06297",majority_vote,sensitivity_2,E65577C1-8D5D-4F70-AF23-B3ADB9D3DBA3,659,2,2,4,5,2,2,10.983333333333333,0.1820940819423369,0.007587253414264037,0.3641881638846738,0.1820940819423369,0.1820940819423369,2.5,16,1.0,5.875,1.0,0.25,0.49375,183,412,1.0,0.0,0.0,0.625,16,7.5,17.75,5.5,0.3125,0.6614583333333334,332,412,0.0,0.0,0.0,0.5625
val,"k=3, theta=0.06297",majority_vote,sensitivity_2,ECECC2AB-D32F-4F90-B74C-E12A1C69BBE2,677,1,1,2,5,1,1,11.283333333333333,0.08862629246676514,0.007385524372230428,0.17725258493353027,0.08862629246676514,0.08862629246676514,5.0,16,1.0,3.9375,1.0,0.0625,0.25,77,412,1.0,0.0,0.0,0.9375,16,1.0,1.3125,1.0,0.125,0.38645833333333335,159,412,0.0,0.0,0.0,0.625
val,"k=3, theta=0.06297",majority_vote,sensitivity_2,FDAA70A1-42A3-4E3F-9AE3-3FDA412E03BF,966,2,2,4,6,2,2,16.1,0.12422360248447203,0.006211180124223602,0.24844720496894407,0.12422360248447203,0.12422360248447203,3.0,16,1.0,9.625,1.0,0.25,0.4635416666666667,195,412,1.0,0.0,0.0,0.5625,16,1.0,3.75,1.0,0.125,0.29583333333333334,84,412,1.0,0.0,0.0,0.8125
val,"T=2, theta=0.07586",debounce,sensitivity_2,00EABED2-271D-49D8-B599-1D4A09240601,428,1,1,2,14,0,0,7.133333333333334,0.14018691588785046,0.03271028037383177,0.2803738317757009,0.0,0.0,14.0,16,1.5,4.4375,1.0,0.125,0.3875,118,412,1.0,0.0,0.0625,0.6875,16,1.0,8.4375,1.0,0.125,0.35833333333333334,155,412,1.0,0.0,0.0,0.8125
val,"T=2, theta=0.07586",debounce,sensitivity_2,098A72A5-E3E5-4F54-A152-BBDA0DF7B694,1330,0,0,0,0,0,0,22.166666666666668,0.0,0.0,0.0,0.0,0.0,,16,1.0,3.875,1.0,0.25,0.40729166666666666,115,412,1.0,0.0,0.0,0.6875,16,1.0,2.625,1.0,0.0625,0.303125,121,412,1.0,0.0,0.0,0.8125
val,"T=2, theta=0.07586",debounce,sensitivity_2,0A986513-7828-4D53-AA1F-E02D6DF9561B,763,1,1,2,15,0,0,12.716666666666667,0.07863695937090433,0.019659239842726082,0.15727391874180865,0.0,0.0,15.0,16,1.0,3.8125,1.0,0.3125,0.3958333333333333,83,412,1.0,0.0,0.0,0.625,16,1.5,6.875,1.0,0.125,0.41666666666666663,145,412,1.0,0.0,0.0,0.6875
val,"T=2, theta=0.07586",debounce,sensitivity_2,11B5EC4D-4133-4289-B475-4E737182A406,1739,2,2,4,4,2,2,28.983333333333334,0.06900517538815411,0.0023001725129384704,0.13801035077630822,0.06900517538815411,0.06900517538815411,2.0,16,3.0,4.3125,3.0,0.3125,0.4791666666666667,116,412,0.5,0.0,0.0,0.5,16,1.0,3.625,1.0,0.1875,0.3729166666666667,104,412,1.0,0.0,0.0,0.6875
val,"T=2, theta=0.07586",debounce,sensitivity_2,136562B6-95B2-483D-88DC-065F28409FD2,1215,0,0,0,0,0,0,20.25,0.0,0.0,0.0,0.0,0.0,,16,3.0,13.0625,2.5,0.4375,0.65,249,412,0.0,0.0,0.0,0.4375,16,3.0,10.4375,3.0,0.375,0.6041666666666666,241,412,0.5,0.0,0.0,0.5625
val,"T=2, theta=0.07586",debounce,sensitivity_2,1538C99F-BA1E-4EFB-A949-6C7C47701B20,1281,0,0,0,0,0,0,21.35,0.0,0.0,0.0,0.0,0.0,,16,1.0,6.5625,1.0,0.125,0.3177083333333333,124,412,1.0,0.0,0.0,0.8125,16,1.0,1.3125,1.0,0.0625,0.325,113,412,1.0,0.0,0.0,0.75
val,"T=2, theta=0.07586",debounce,sensitivity_2,24E40C4C-A349-4F9F-93AB-01D00FB994AF,925,0,0,0,0,0,0,15.416666666666666,0.0,0.0,0.0,0.0,0.0,,16,3.0,11.875,3.0,0.375,0.6229166666666667,211,412,0.5,0.0,0.0,0.5,16,10.0,13.9375,9.0,0.5,0.771875,330,412,0.0,0.0,0.0,0.25
val,"T=2, theta=0.07586",debounce,sensitivity_2,2C32C23E-E30C-498A-8DD2-0EFB9150A02E,1674,3,3,6,10,3,3,27.9,0.10752688172043011,0.005973715651135006,0.21505376344086022,0.10752688172043011,0.10752688172043011,3.3333333333333335,16,1.0,2.5,1.0,0.0625,0.21770833333333334,48,412,1.0,0.0,0.0,0.9375,16,1.0,5.125,1.0,0.0,0.30833333333333335,131,412,1.0,0.0,0.0,0.75
val,"T=2, theta=0.07586",debounce,sensitivity_2,3600D531-0C55-44A7-AE95-A7A38519464E,1017,0,0,0,0,0,0,16.95,0.0,0.0,0.0,0.0,0.0,,16,1.0,12.0,1.0,0.3125,0.528125,237,412,1.0,0.0,0.0,0.625,16,1.0,6.3125,1.0,0.3125,0.5854166666666667,218,412,0.0,0.0,0.0,0.4375
val,"T=2, theta=0.07586",debounce,sensitivity_2,4FC32141-E888-4BFF-8804-12559A491D8C,958,0,0,0,0,0,0,15.966666666666667,0.0,0.0,0.0,0.0,0.0,,16,20.0,25.75,20.0,1.0,1.0,412,412,0.0,0.0,0.0,0.0,16,20.0,25.75,20.0,1.0,1.0,412,412,0.0,0.0,0.0,0.0
val,"T=2, theta=0.07586",debounce,sensitivity_2,5119D0F8-FCA8-4184-A4EB-19421A40DE0D,1294,1,1,2,9,0,0,21.566666666666666,0.04636785162287481,0.006955177743431221,0.09273570324574962,0.0,0.0,9.0,16,1.0,4.125,1.0,0.125,0.3020833333333333,87,412,1.0,0.0,0.0625,0.75,16,1.0,4.0625,1.0,0.125,0.3260416666666667,108,412,1.0,0.0,0.0,0.875
val,"T=2, theta=0.07586",debounce,sensitivity_2,5152A2DF-FAF3-4BA8-9CA9-E66B32671A53,1294,2,2,4,7,3,2,21.566666666666666,0.09273570324574962,0.005409582689335394,0.18547140649149924,0.1391035548686244,0.09273570324574962,3.5,16,2.0,9.75,2.0,0.3125,0.4479166666666667,169,412,1.0,0.0,0.0,0.625,16,1.0,3.5,1.0,0.125,0.2875,76,412,1.0,0.0,0.0,0.875
val,"T=2, theta=0.07586",debounce,sensitivity_2,5EF64122-B513-46AE-BCF1-E62AAC285D2C,753,1,1,2,3,1,1,12.55,0.0796812749003984,0.00398406374501992,0.1593625498007968,0.0796812749003984,0.0796812749003984,3.0,16,1.0,1.6875,1.0,0.125,0.2552083333333333,58,412,1.0,0.0,0.0,0.875,16,1.0,1.625,1.0,0.0625,0.21562499999999998,47,412,1.0,0.0,0.0,0.875
val,"T=2, theta=0.07586",debounce,sensitivity_2,61976C24-1C50-4355-9C49-AAE44A7D09F6,1717,0,0,0,0,0,0,28.616666666666667,0.0,0.0,0.0,0.0,0.0,,16,1.0,5.375,1.0,0.0625,0.328125,114,412,1.0,0.0,0.0,0.8125,16,1.0,7.5,1.0,0.3125,0.4875,200,412,0.0,0.0,0.0,0.625
val,"T=2, theta=0.07586",debounce,sensitivity_2,78A91A4E-4A51-4065-BDA7-94755F0BB3BB,2370,5,5,10,19,5,4,39.5,0.12658227848101267,0.008016877637130802,0.25316455696202533,0.12658227848101267,0.10126582278481013,3.8,16,1.0,3.4375,1.0,0.125,0.3458333333333333,106,412,1.0,0.0,0.0,0.8125,16,3.0,8.0,3.0,0.125,0.49166666666666664,232,412,0.0,0.0,0.0,0.5
val,"T=2, theta=0.07586",debounce,sensitivity_2,7CE37510-56D0-4120-A1CF-0E23351428D2,1923,0,0,0,0,0,0,32.05,0.0,0.0,0.0,0.0,0.0,,16,1.0,6.25,1.0,0.3125,0.44999999999999996,126,412,1.0,0.0,0.0,0.625,16,2.0,4.25,2.0,0.25,0.4645833333333333,158,412,1.0,0.0,0.0,0.625
val,"T=2, theta=0.07586",debounce,sensitivity_2,8023FE1A-D3B0-4E2C-A57A-9321B7FC755F,1808,1,1,2,7,0,0,30.133333333333333,0.033185840707964605,0.0038716814159292035,0.06637168141592921,0.0,0.0,7.0,16,1.0,4.0625,1.0,0.0625,0.265625,93,412,1.0,0.0,0.0,0.8125,16,1.0,1.3125,1.0,0.125,0.24375,37,412,1.0,0.0,0.0,0.75
val,"T=2, theta=0.07586",debounce,sensitivity_2,83CF687B-7CEC-434B-9FE8-00C3D5799BE6,1879,0,0,0,0,0,0,31.316666666666666,0.0,0.0,0.0,0.0,0.0,,16,1.0,1.125,1.0,0.0,0.16979166666666667,38,412,1.0,0.0,0.0,0.9375,16,1.0,5.625,1.0,0.1875,0.36875,126,412,1.0,0.0,0.0,0.75
val,"T=2, theta=0.07586",debounce,sensitivity_2,9759096F-1119-4E19-A0AD-6F16989C7E1C,1963,0,0,0,0,0,0,32.71666666666667,0.0,0.0,0.0,0.0,0.0,,16,3.0,9.625,3.0,0.375,0.5854166666666667,243,412,0.0,0.0,0.0,0.4375,16,1.0,8.1875,1.0,0.1875,0.50625,222,412,0.5,0.0,0.0,0.5625
val,"T=2, theta=0.07586",debounce,sensitivity_2,9DC38D04-E82E-4F29-AB52-B476535226F2,1902,1,1,2,2,1,1,31.7,0.031545741324921134,0.0010515247108307045,0.06309148264984227,0.031545741324921134,0.031545741324921134,2.0,16,1.0,6.8125,1.0,0.1875,0.33958333333333335,112,412,1.0,0.0,0.0,0.75,16,2.0,6.75,2.0,0.1875,0.44895833333333335,170,412,1.0,0.0,0.0,0.625
val,"T=2, theta=0.07586",debounce,sensitivity_2,A5CDF89D-02A2-4EC1-89F8-F534FDABDD96,1179,1,1,2,11,0,0,19.65,0.050890585241730284,0.009329940627650551,0.10178117048346057,0.0,0.0,11.0,16,1.0,4.8125,1.0,0.0625,0.28229166666666666,111,412,1.0,0.0,0.0,0.8125,16,3.5,6.8125,3.5,0.25,0.5125,168,412,1.0,0.0,0.0,0.625
val,"T=2, theta=0.07586",debounce,sensitivity_2,A76A5AF5-5A93-4CF2-A16E-62353BB70E8A,1475,0,0,0,0,0,0,24.583333333333332,0.0,0.0,0.0,0.0,0.0,,16,3.0,7.3125,3.0,0.4375,0.55625,148,412,0.5,0.0,0.0,0.5,16,3.0,6.5,3.0,0.375,0.5677083333333334,156,412,0.0,0.0,0.0,0.5
val,"T=2, theta=0.07586",debounce,sensitivity_2,B09E373F-8A54-44C8-895B-0039390B859F,1598,1,1,2,5,1,1,26.633333333333333,0.03754693366708386,0.0031289111389236545,0.07509386733416772,0.03754693366708386,0.03754693366708386,5.0,16,3.0,9.0625,3.0,0.375,0.5895833333333333,206,412,0.5,0.0,0.0,0.5625,16,4.0,9.5,3.0,0.1875,0.6270833333333333,261,412,0.0,0.0,0.0,0.4375
val,"T=2, theta=0.07586",debounce,sensitivity_2,B9724848-C7E2-45F4-9B3F-A1F38D864495,1487,2,2,4,9,1,1,24.783333333333335,0.08069939475453934,0.00605245460659045,0.16139878950907868,0.04034969737726967,0.04034969737726967,4.5,16,1.0,2.5625,1.0,0.125,0.29583333333333334,76,412,1.0,0.0,0.0,0.8125,16,2.0,4.375,2.0,0.125,0.46770833333333334,145,412,1.0,0.0,0.0,0.75
val,"T=2, theta=0.07586",debounce,sensitivity_2,BE3CA5A6-A561-4BBD-B7C9-5DF6805400FC,1632,0,0,0,0,0,0,27.2,0.0,0.0,0.0,0.0,0.0,,16,10.0,15.5625,6.5,0.75,0.803125,281,412,0.0,0.0,0.0,0.1875,16,12.5,21.8125,12.5,0.8125,0.8989583333333333,352,412,0.0,0.0,0.0,0.125
val,"T=2, theta=0.07586",debounce,sensitivity_2,C48CE857-A0DD-4DDB-BEA5-3A25449B2153,977,0,0,0,0,0,0,16.283333333333335,0.0,0.0,0.0,0.0,0.0,,16,2.0,6.0625,1.0,0.125,0.45,169,412,0.5,0.0,0.0,0.625,16,2.5,3.3125,2.5,0.1875,0.43645833333333334,142,412,1.0,0.0,0.0,0.75
val,"T=2, theta=0.07586",debounce,sensitivity_2,CA820D43-E5E2-42EF-9798-BE56F776370B,1540,1,1,2,2,1,1,25.666666666666668,0.03896103896103896,0.0012987012987012987,0.07792207792207792,0.03896103896103896,0.03896103896103896,2.0,16,1.0,8.625,1.0,0.25,0.42916666666666664,149,412,1.0,0.0,0.0,0.6875,16,1.0,6.1875,1.0,0.25,0.4083333333333333,141,412,1.0,0.0,0.0,0.6875
val,"T=2, theta=0.07586",debounce,sensitivity_2,CDA3BBF7-6631-45E8-85BA-EEB416B32A3C,543,0,0,0,0,0,0,9.05,0.0,0.0,0.0,0.0,0.0,,16,1.0,2.125,1.0,0.1875,0.3145833333333333,63,412,1.0,0.0,0.0,0.75,16,1.0,2.125,1.0,0.0,0.24375,79,412,1.0,0.0,0.0,0.875
val,"T=2, theta=0.07586",debounce,sensitivity_2,CF722AA9-2533-4E51-9FEB-9EAC84EE9AAC,694,1,1,2,2,1,1,11.566666666666666,0.08645533141210375,0.002881844380403458,0.1729106628242075,0.08645533141210375,0.08645533141210375,2.0,16,10.0,20.0625,6.5,0.625,0.7791666666666667,348,412,0.0,0.0,0.0,0.3125,16,10.0,18.0625,9.0,0.6875,0.809375,309,412,0.0,0.0,0.0,0.1875
val,"T=2, theta=0.07586",debounce,sensitivity_2,D7D20E2E-FC78-405D-B346-DBD3FD8FC92B,1213,1,1,2,2,1,1,20.216666666666665,0.0494641384995878,0.0016488046166529267,0.0989282769991756,0.0494641384995878,0.0494641384995878,2.0,16,1.0,6.1875,1.0,0.25,0.4145833333333333,149,412,1.0,0.0,0.0,0.6875,16,1.0,4.5,1.0,0.0625,0.2875,108,412,1.0,0.0,0.0,0.875
val,"T=2, theta=0.07586",debounce,sensitivity_2,E65577C1-8D5D-4F70-AF23-B3ADB9D3DBA3,659,3,3,6,7,3,3,10.983333333333333,0.27314112291350534,0.010622154779969651,0.5462822458270107,0.27314112291350534,0.27314112291350534,2.3333333333333335,16,1.0,5.4375,1.0,0.1875,0.4614583333333333,163,412,1.0,0.0,0.0,0.625,16,9.0,18.125,6.0,0.3125,0.6520833333333333,321,412,0.5,0.0,0.0,0.5625
val,"T=2, theta=0.07586",debounce,sensitivity_2,ECECC2AB-D32F-4F90-B74C-E12A1C69BBE2,677,1,1,2,5,1,1,11.283333333333333,0.08862629246676514,0.007385524372230428,0.17725258493353027,0.08862629246676514,0.08862629246676514,5.0,16,1.0,3.5,1.0,0.0625,0.25104166666666666,68,412,1.0,0.0,0.0,0.9375,16,1.0,1.25,1.0,0.0625,0.359375,157,412,1.0,0.0,0.0,0.75
val,"T=2, theta=0.07586",debounce,sensitivity_2,FDAA70A1-42A3-4E3F-9AE3-3FDA412E03BF,966,2,2,4,9,2,2,16.1,0.12422360248447203,0.009316770186335404,0.24844720496894407,0.12422360248447203,0.12422360248447203,4.5,16,1.0,9.6875,1.0,0.25,0.471875,203,412,1.0,0.0,0.0,0.5625,16,1.0,3.6875,1.0,0.125,0.27708333333333335,76,412,1.0,0.0,0.0625,0.8125
val,"m=0.05, theta=0.04743",margin,sensitivity_2,00EABED2-271D-49D8-B599-1D4A09240601,428,3,3,6,10,4,2,7.133333333333334,0.4205607476635514,0.02336448598130841,0.8411214953271028,0.5607476635514018,0.2803738317757009,3.3333333333333335,16,1.0,4.75,0.0,0.125,0.43645833333333334,170,412,0.0,0.0,0.0625,0.5625,16,0.0,9.9375,0.0,0.375,0.409375,182,412,0.0,0.0,0.0,0.625
val,"m=0.05, theta=0.04743",margin,sensitivity_2,098A72A5-E3E5-4F54-A152-BBDA0DF7B694,1330,0,0,0,0,0,0,22.166666666666668,0.0,0.0,0.0,0.0,0.0,,16,0.0,3.125,0.0,0.25,0.35833333333333334,114,412,0.0,0.0,0.0,0.5625,16,0.0,4.5625,0.0,0.0625,0.22708333333333333,124,412,0.0,0.0,0.0,0.8125
val,"m=0.05, theta=0.04743",margin,sensitivity_2,0A986513-7828-4D53-AA1F-E02D6DF9561B,763,2,2,4,7,2,1,12.716666666666667,0.15727391874180865,0.009174311926605505,0.3145478374836173,0.15727391874180865,0.07863695937090433,3.5,16,2.0,4.25,1.0,0.4375,0.496875,108,412,0.0,0.0,0.0,0.5,16,3.0,9.9375,1.5,0.3125,0.5260416666666666,198,412,0.0,0.0,0.0,0.5
val,"m=0.05, theta=0.04743",margin,sensitivity_2,11B5EC4D-4133-4289-B475-4E737182A406,1739,0,0,0,0,0,0,28.983333333333334,0.0,0.0,0.0,0.0,0.0,,16,3.0,7.6875,3.0,0.375,0.509375,139,412,0.0,0.0,0.0,0.5,16,0.0,2.875,0.0,0.1875,0.31666666666666665,103,412,0.0,0.0,0.0,0.625
val,"m=0.05, theta=0.04743",margin,sensitivity_2,136562B6-95B2-483D-88DC-065F28409FD2,1215,0,0,0,0,0,0,20.25,0.0,0.0,0.0,0.0,0.0,,16,6.5,13.0625,1.5,0.4375,0.6114583333333333,249,412,0.0,0.0,0.0,0.4375,16,5.0,10.6875,3.0,0.4375,0.634375,243,412,0.0,0.0,0.0,0.4375
val,"m=0.05, theta=0.04743",margin,sensitivity_2,1538C99F-BA1E-4EFB-A949-6C7C47701B20,1281,2,2,4,2,2,2,21.35,0.09367681498829039,0.00156128024980484,0.18735362997658078,0.09367681498829039,0.09367681498829039,1.0,16,0.0,5.8125,0.0,0.125,0.25,121,412,0.0,0.0,0.0625,0.8125,16,0.0,0.8125,0.0,0.0625,0.253125,113,412,0.0,0.0,0.0,0.6875
val,"m=0.05, theta=0.04743",margin,sensitivity_2,24E40C4C-A349-4F9F-93AB-01D00FB994AF,925,0,0,0,0,0,0,15.416666666666666,0.0,0.0,0.0,0.0,0.0,,16,8.0,16.625,6.5,0.5625,0.7375,277,412,0.0,0.0,0.0,0.3125,16,10.0,15.375,10.0,0.6875,0.8333333333333334,366,412,0.0,0.0,0.0,0.125
val,"m=0.05, theta=0.04743",margin,sensitivity_2,2C32C23E-E30C-498A-8DD2-0EFB9150A02E,1674,4,4,8,8,5,4,27.9,0.14336917562724016,0.0047789725209080045,0.28673835125448033,0.17921146953405018,0.14336917562724016,2.0,16,0.0,2.0,0.0,0.0625,0.16458333333333333,42,412,0.0,0.0,0.0,0.875,16,3.5,9.3125,1.0,0.125,0.3802083333333333,196,412,0.0,0.0,0.0,0.4375
val,"m=0.05, theta=0.04743",margin,sensitivity_2,3600D531-0C55-44A7-AE95-A7A38519464E,1017,0,0,0,0,0,0,16.95,0.0,0.0,0.0,0.0,0.0,,16,3.0,13.6875,0.5,0.4375,0.5270833333333333,261,412,0.0,0.0,0.0,0.5,16,0.0,6.25,0.0,0.375,0.55,217,412,0.0,0.0,0.0,0.375
val,"m=0.05, theta=0.04743",margin,sensitivity_2,4FC32141-E888-4BFF-8804-12559A491D8C,958,0,0,0,0,0,0,15.966666666666667,0.0,0.0,0.0,0.0,0.0,,16,20.0,25.75,20.0,1.0,1.0,412,412,0.0,0.0,0.0,0.0,16,20.0,25.75,20.0,1.0,1.0,412,412,0.0,0.0,0.0,0.0
val,"m=0.05, theta=0.04743",margin,sensitivity_2,5119D0F8-FCA8-4184-A4EB-19421A40DE0D,1294,0,0,0,0,0,0,21.566666666666666,0.0,0.0,0.0,0.0,0.0,,16,1.5,4.25,0.5,0.0625,0.2916666666666667,95,412,0.0,0.0,0.0,0.75,16,0.0,4.5,0.0,0.125,0.2625,113,412,0.0,0.0,0.0,0.875
val,"m=0.05, theta=0.04743",margin,sensitivity_2,5152A2DF-FAF3-4BA8-9CA9-E66B32671A53,1294,1,1,2,1,1,1,21.566666666666666,0.04636785162287481,0.0007727975270479134,0.09273570324574962,0.04636785162287481,0.04636785162287481,1.0,16,3.0,10.4375,3.0,0.3125,0.459375,194,412,0.0,0.0,0.0,0.625,16,0.0,3.125,0.0,0.1875,0.21666666666666667,74,412,0.0,0.0,0.0,0.8125
val,"m=0.05, theta=0.04743",margin,sensitivity_2,5EF64122-B513-46AE-BCF1-E62AAC285D2C,753,0,0,0,0,0,0,12.55,0.0,0.0,0.0,0.0,0.0,,16,0.0,2.75,0.0,0.125,0.21354166666666666,66,412,0.0,0.0,0.0,0.8125,16,0.0,0.75,0.0,0.0625,0.1125,43,412,0.0,0.0,0.0,0.875
val,"m=0.05, theta=0.04743",margin,sensitivity_2,61976C24-1C50-4355-9C49-AAE44A7D09F6,1717,0,0,0,0,0,0,28.616666666666667,0.0,0.0,0.0,0.0,0.0,,16,0.0,4.8125,0.0,0.0625,0.23229166666666667,113,412,0.0,0.0,0.0,0.6875,16,1.0,7.5,0.0,0.25,0.4166666666666667,196,412,0.0,0.0,0.0,0.5
val,"m=0.05, theta=0.04743",margin,sensitivity_2,78A91A4E-4A51-4065-BDA7-94755F0BB3BB,2370,7,7,14,13,8,7,39.5,0.17721518987341772,0.005485232067510549,0.35443037974683544,0.20253164556962025,0.17721518987341772,1.8571428571428572,16,0.5,4.75,0.0,0.25,0.34270833333333334,135,412,0.0,0.0,0.0,0.625,16,2.5,9.9375,1.5,0.125,0.5,249,412,0.0,0.0,0.0,0.5
val,"m=0.05, theta=0.04743",margin,sensitivity_2,7CE37510-56D0-4120-A1CF-0E23351428D2,1923,2,2,4,2,2,2,32.05,0.062402496099843996,0.0010400416016640667,0.12480499219968799,0.062402496099843996,0.062402496099843996,1.0,16,1.5,6.625,0.0,0.3125,0.4010416666666667,128,412,0.0,0.0,0.0,0.625,16,3.0,7.125,1.0,0.375,0.49479166666666663,174,412,0.0,0.0,0.0,0.5625
val,"m=0.05, theta=0.04743",margin,sensitivity_2,8023FE1A-D3B0-4E2C-A57A-9321B7FC755F,1808,1,1,2,7,0,0,30.133333333333333,0.033185840707964605,0.0038716814159292035,0.06637168141592921,0.0,0.0,7.0,16,0.0,4.375,0.0,0.125,0.215625,93,412,0.0,0.0,0.0,0.6875,16,0.0,1.625,0.0,0.125,0.19166666666666665,43,412,0.0,0.0,0.0,0.75
val,"m=0.05, theta=0.04743",margin,sensitivity_2,83CF687B-7CEC-434B-9FE8-00C3D5799BE6,1879,1,1,2,1,1,1,31.316666666666666,0.031931878658861094,0.0005321979776476849,0.06386375731772219,0.031931878658861094,0.031931878658861094,1.0,16,0.0,0.1875,0.0,0.0,0.090625,28,412,0.0,0.0,0.0,0.9375,16,0.0,6.375,0.0,0.25,0.3458333333333333,152,412,0.0,0.0,0.0,0.6875
val,"m=0.05, theta=0.04743",margin,sensitivity_2,9759096F-1119-4E19-A0AD-6F16989C7E1C,1963,1,1,2,1,1,1,32.71666666666667,0.030565461029037184,0.0005094243504839531,0.06113092205807437,0.030565461029037184,0.030565461029037184,1.0,16,8.5,13.6875,3.0,0.4375,0.634375,283,412,0.0,0.0,0.0,0.4375,16,3.0,12.75,1.5,0.3125,0.490625,229,412,0.0,0.0,0.0,0.5
val,"m=0.05, theta=0.04743",margin,sensitivity_2,9DC38D04-E82E-4F29-AB52-B476535226F2,1902,0,0,0,0,0,0,31.7,0.0,0.0,0.0,0.0,0.0,,16,0.0,6.9375,0.0,0.25,0.2708333333333333,116,412,0.0,0.0,0.0,0.75,16,2.5,9.5,1.0,0.3125,0.515625,210,412,0.0,0.0,0.0,0.5625
val,"m=0.05, theta=0.04743",margin,sensitivity_2,A5CDF89D-02A2-4EC1-89F8-F534FDABDD96,1179,1,1,2,7,0,0,19.65,0.050890585241730284,0.005937234944868533,0.10178117048346057,0.0,0.0,7.0,16,0.0,4.5625,0.0,0.125,0.3,124,412,0.0,0.0,0.0,0.6875,16,10.0,13.0,6.0,0.5625,0.709375,258,412,0.0,0.0,0.0,0.3125
val,"m=0.05, theta=0.04743",margin,sensitivity_2,A76A5AF5-5A93-4CF2-A16E-62353BB70E8A,1475,0,0,0,0,0,0,24.583333333333332,0.0,0.0,0.0,0.0,0.0,,16,3.0,6.875,2.5,0.4375,0.5708333333333333,174,412,0.0,0.0,0.0,0.375,16,3.0,6.125,3.0,0.4375,0.5927083333333334,176,412,0.0,0.0,0.0,0.375
val,"m=0.05, theta=0.04743",margin,sensitivity_2,B09E373F-8A54-44C8-895B-0039390B859F,1598,1,1,2,1,1,1,26.633333333333333,0.03754693366708386,0.0006257822277847309,0.07509386733416772,0.03754693366708386,0.03754693366708386,1.0,16,4.0,10.0,3.0,0.4375,0.6791666666666667,242,412,0.0,0.0,0.0,0.4375,16,7.5,14.75,3.0,0.375,0.7083333333333334,316,412,0.0,0.0,0.0,0.25
val,"m=0.05, theta=0.04743",margin,sensitivity_2,B9724848-C7E2-45F4-9B3F-A1F38D864495,1487,3,3,6,4,4,3,24.783333333333335,0.121049092131809,0.0026899798251513113,0.242098184263618,0.16139878950907868,0.121049092131809,1.3333333333333333,16,1.0,2.875,0.0,0.125,0.33125,117,412,0.0,0.0,0.0,0.5625,16,1.5,10.375,1.5,0.3125,0.503125,210,412,0.0,0.0,0.0,0.5
val,"m=0.05, theta=0.04743",margin,sensitivity_2,BE3CA5A6-A561-4BBD-B7C9-5DF6805400FC,1632,0,0,0,0,0,0,27.2,0.0,0.0,0.0,0.0,0.0,,16,20.0,25.75,20.0,1.0,1.0,412,412,0.0,0.0,0.0,0.0,16,20.0,25.75,20.0,1.0,1.0,412,412,0.0,0.0,0.0,0.0
val,"m=0.05, theta=0.04743",margin,sensitivity_2,C48CE857-A0DD-4DDB-BEA5-3A25449B2153,977,0,0,0,0,0,0,16.283333333333335,0.0,0.0,0.0,0.0,0.0,,16,3.5,7.875,0.5,0.25,0.45416666666666666,189,412,0.0,0.0,0.0,0.5,16,3.0,7.1875,1.0,0.25,0.41770833333333335,162,412,0.0,0.0,0.0,0.6875
val,"m=0.05, theta=0.04743",margin,sensitivity_2,CA820D43-E5E2-42EF-9798-BE56F776370B,1540,2,2,4,3,2,2,25.666666666666668,0.07792207792207792,0.001948051948051948,0.15584415584415584,0.07792207792207792,0.07792207792207792,1.5,16,2.5,9.375,2.5,0.4375,0.5020833333333333,158,412,0.0,0.0,0.0,0.5,16,3.0,6.5,0.0,0.375,0.3833333333333333,136,412,0.0,0.0,0.0,0.5625
val,"m=0.05, theta=0.04743",margin,sensitivity_2,CDA3BBF7-6631-45E8-85BA-EEB416B32A3C,543,0,0,0,0,0,0,9.05,0.0,0.0,0.0,0.0,0.0,,16,0.0,1.4375,0.0,0.1875,0.2791666666666667,79,412,0.0,0.0,0.0,0.6875,16,0.0,2.75,0.0,0.0625,0.253125,101,412,0.0,0.0,0.0,0.875
val,"m=0.05, theta=0.04743",margin,sensitivity_2,CF722AA9-2533-4E51-9FEB-9EAC84EE9AAC,694,0,0,0,0,0,0,11.566666666666666,0.0,0.0,0.0,0.0,0.0,,16,10.0,22.0625,10.0,0.75,0.8072916666666667,353,412,0.0,0.0,0.0,0.1875,16,10.0,20.5625,10.0,0.8125,0.8791666666666667,342,412,0.0,0.0,0.0,0.125
val,"m=0.05, theta=0.04743",margin,sensitivity_2,D7D20E2E-FC78-405D-B346-DBD3FD8FC92B,1213,0,0,0,0,0,0,20.216666666666665,0.0,0.0,0.0,0.0,0.0,,16,1.0,5.6875,0.0,0.25,0.4375,175,412,0.0,0.0,0.0,0.625,16,0.5,4.1875,0.0,0.1875,0.278125,123,412,0.0,0.0,0.0,0.6875
val,"m=0.05, theta=0.04743",margin,sensitivity_2,E65577C1-8D5D-4F70-AF23-B3ADB9D3DBA3,659,0,0,0,0,0,0,10.983333333333333,0.0,0.0,0.0,0.0,0.0,,16,7.5,14.5,3.5,0.625,0.7385416666666667,289,412,0.0,0.0,0.0,0.3125,16,10.0,20.875,10.0,0.75,0.8447916666666666,383,412,0.0,0.0,0.0,0.125
val,"m=0.05, theta=0.04743",margin,sensitivity_2,ECECC2AB-D32F-4F90-B74C-E12A1C69BBE2,677,1,1,2,5,1,1,11.283333333333333,0.08862629246676514,0.007385524372230428,0.17725258493353027,0.08862629246676514,0.08862629246676514,5.0,16,0.0,3.9375,0.0,0.0625,0.16875,72,412,0.0,0.0,0.0,0.9375,16,0.0,6.375,0.0,0.25,0.3416666666666667,160,412,0.0,0.0,0.0,0.5
val,"m=0.05, theta=0.04743",margin,sensitivity_2,FDAA70A1-42A3-4E3F-9AE3-3FDA412E03BF,966,1,1,2,2,1,1,16.1,0.06211180124223602,0.002070393374741201,0.12422360248447203,0.06211180124223602,0.06211180124223602,2.0,16,0.0,9.0625,0.0,0.25,0.38333333333333336,191,412,0.0,0.0,0.0,0.5625,16,0.0,5.0,0.0,0.25,0.26979166666666665,92,412,0.0,0.0,0.0,0.6875
val,"m=0.3, T=2, theta=0.2315",hysteresis,sensitivity_2,00EABED2-271D-49D8-B599-1D4A09240601,428,1,1,2,14,0,0,7.133333333333334,0.14018691588785046,0.03271028037383177,0.2803738317757009,0.0,0.0,14.0,16,1.0,2.375,1.0,0.125,0.2760416666666667,58,412,1.0,0.0,0.0625,0.8125,16,1.0,5.3125,1.0,0.125,0.28125,113,412,1.0,0.0,0.0,0.875
val,"m=0.3, T=2, theta=0.2315",hysteresis,sensitivity_2,098A72A5-E3E5-4F54-A152-BBDA0DF7B694,1330,0,0,0,0,0,0,22.166666666666668,0.0,0.0,0.0,0.0,0.0,,16,1.0,3.875,1.0,0.25,0.39375,107,412,1.0,0.0,0.0,0.6875,16,1.0,2.0,1.0,0.0625,0.221875,75,412,1.0,0.0,0.0,0.9375
val,"m=0.3, T=2, theta=0.2315",hysteresis,sensitivity_2,0A986513-7828-4D53-AA1F-E02D6DF9561B,763,2,2,4,19,1,1,12.716666666666667,0.15727391874180865,0.02490170380078637,0.3145478374836173,0.07863695937090433,0.07863695937090433,9.5,16,1.0,3.8125,1.0,0.3125,0.36875,61,412,1.0,0.0,0.0625,0.6875,16,1.0,5.625,1.0,0.125,0.36875,113,412,1.0,0.0,0.0,0.75
val,"m=0.3, T=2, theta=0.2315",hysteresis,sensitivity_2,11B5EC4D-4133-4289-B475-4E737182A406,1739,2,2,4,10,1,1,28.983333333333334,0.06900517538815411,0.005750431282346176,0.13801035077630822,0.034502587694077054,0.034502587694077054,5.0,16,3.0,3.875,3.0,0.25,0.39166666666666666,72,412,1.0,0.0,0.0,0.6875,16,1.0,3.625,1.0,0.1875,0.3302083333333333,66,412,1.0,0.0,0.0,0.75
val,"m=0.3, T=2, theta=0.2315",hysteresis,sensitivity_2,136562B6-95B2-483D-88DC-065F28409FD2,1215,0,0,0,0,0,0,20.25,0.0,0.0,0.0,0.0,0.0,,16,2.5,10.875,2.5,0.375,0.5833333333333334,206,412,0.5,0.0,0.0,0.5,16,2.0,9.9375,2.0,0.375,0.5270833333333333,192,412,1.0,0.0,0.0,0.625
val,"m=0.3, T=2, theta=0.2315",hysteresis,sensitivity_2,1538C99F-BA1E-4EFB-A949-6C7C47701B20,1281,0,0,0,0,0,0,21.35,0.0,0.0,0.0,0.0,0.0,,16,1.0,6.3125,1.0,0.125,0.28541666666666665,107,412,1.0,0.0,0.0,0.875,16,1.0,1.3125,1.0,0.0625,0.2864583333333333,88,412,1.0,0.0,0.0,0.8125
val,"m=0.3, T=2, theta=0.2315",hysteresis,sensitivity_2,24E40C4C-A349-4F9F-93AB-01D00FB994AF,925,0,0,0,0,0,0,15.416666666666666,0.0,0.0,0.0,0.0,0.0,,16,3.0,11.6875,3.0,0.375,0.5770833333333333,187,412,1.0,0.0,0.0,0.625,16,8.0,10.4375,8.0,0.3125,0.6291666666666667,230,412,0.5,0.0,0.0,0.5625
val,"m=0.3, T=2, theta=0.2315",hysteresis,sensitivity_2,2C32C23E-E30C-498A-8DD2-0EFB9150A02E,1674,3,3,6,42,2,0,27.9,0.10752688172043011,0.025089605734767026,0.21505376344086022,0.07168458781362008,0.0,14.0,16,1.0,2.5,1.0,0.0625,0.20729166666666665,40,412,1.0,0.0,0.0,0.9375,16,1.0,4.375,1.0,0.0,0.26458333333333334,97,412,1.0,0.0,0.0,0.8125
val,"m=0.3, T=2, theta=0.2315",hysteresis,sensitivity_2,3600D531-0C55-44A7-AE95-A7A38519464E,1017,0,0,0,0,0,0,16.95,0.0,0.0,0.0,0.0,0.0,,16,1.0,10.125,1.0,0.25,0.45625,199,412,1.0,0.0,0.0,0.625,16,1.0,6.3125,1.0,0.3125,0.41770833333333335,135,412,1.0,0.0,0.0,0.5625
val,"m=0.3, T=2, theta=0.2315",hysteresis,sensitivity_2,4FC32141-E888-4BFF-8804-12559A491D8C,958,0,0,0,0,0,0,15.966666666666667,0.0,0.0,0.0,0.0,0.0,,16,20.0,25.75,20.0,1.0,1.0,412,412,0.0,0.0,0.0,0.0,16,20.0,25.75,20.0,1.0,1.0,412,412,0.0,0.0,0.0,0.0
val,"m=0.3, T=2, theta=0.2315",hysteresis,sensitivity_2,5119D0F8-FCA8-4184-A4EB-19421A40DE0D,1294,1,1,2,20,0,0,21.566666666666666,0.04636785162287481,0.015455950540958269,0.09273570324574962,0.0,0.0,20.0,16,1.0,4.125,1.0,0.125,0.28541666666666665,77,412,1.0,0.0,0.0625,0.8125,16,1.0,3.8125,1.0,0.125,0.28020833333333334,67,412,1.0,0.0,0.0,0.875
val,"m=0.3, T=2, theta=0.2315",hysteresis,sensitivity_2,5152A2DF-FAF3-4BA8-9CA9-E66B32671A53,1294,1,1,2,26,0,0,21.566666666666666,0.04636785162287481,0.02009273570324575,0.09273570324574962,0.0,0.0,26.0,16,2.0,9.4375,2.0,0.3125,0.42916666666666664,157,412,1.0,0.0,0.0,0.6875,16,1.0,3.5,1.0,0.125,0.2833333333333333,72,412,1.0,0.0,0.0,0.875
val,"m=0.3, T=2, theta=0.2315",hysteresis,sensitivity_2,5EF64122-B513-46AE-BCF1-E62AAC285D2C,753,1,1,2,3,1,1,12.55,0.0796812749003984,0.00398406374501992,0.1593625498007968,0.0796812749003984,0.0796812749003984,3.0,16,1.0,1.4375,1.0,0.125,0.20833333333333334,23,412,1.0,0.0,0.0,0.875,16,1.0,1.625,1.0,0.0625,0.190625,33,412,1.0,0.0,0.0,0.875
val,"m=0.3, T=2, theta=0.2315",hysteresis,sensitivity_2,61976C24-1C50-4355-9C49-AAE44A7D09F6,1717,0,0,0,0,0,0,28.616666666666667,0.0,0.0,0.0,0.0,0.0,,16,1.0,4.0625,1.0,0.0625,0.24479166666666666,69,412,1.0,0.0,0.0,0.9375,16,1.0,5.75,1.0,0.125,0.3770833333333333,158,412,1.0,0.0,0.0,0.75
val,"m=0.3, T=2, theta=0.2315",hysteresis,sensitivity_2,78A91A4E-4A51-4065-BDA7-94755F0BB3BB,2370,3,3,6,44,1,1,39.5,0.0759493670886076,0.018565400843881856,0.1518987341772152,0.02531645569620253,0.02531645569620253,14.666666666666666,16,1.0,2.0625,1.0,0.125,0.2625,44,412,1.0,0.0,0.0,0.875,16,1.0,7.25,1.0,0.125,0.34791666666666665,148,412,1.0,0.0,0.0,0.75
val,"m=0.3, T=2, theta=0.2315",hysteresis,sensitivity_2,7CE37510-56D0-4120-A1CF-0E23351428D2,1923,1,1,2,2,1,1,32.05,0.031201248049921998,0.0010400416016640667,0.062402496099843996,0.031201248049921998,0.031201248049921998,2.0,16,1.0,4.5,1.0,0.1875,0.3572916666666667,93,412,1.0,0.0,0.0,0.75,16,2.0,3.6875,2.0,0.1875,0.36666666666666664,97,412,1.0,0.0,0.0,0.6875
val,"m=0.3, T=2, theta=0.2315",hysteresis,sensitivity_2,8023FE1A-D3B0-4E2C-A57A-9321B7FC755F,1808,1,1,2,7,0,0,30.133333333333333,0.033185840707964605,0.0038716814159292035,0.06637168141592921,0.0,0.0,7.0,16,1.0,1.375,1.0,0.0625,0.22083333333333333,70,412,1.0,0.0,0.0,0.875,16,1.0,1.3125,1.0,0.125,0.22083333333333333,26,412,1.0,0.0,0.0,0.75
val,"m=0.3, T=2, theta=0.2315",hysteresis,sensitivity_2,83CF687B-7CEC-434B-9FE8-00C3D5799BE6,1879,0,0,0,0,0,0,31.316666666666666,0.0,0.0,0.0,0.0,0.0,,16,1.0,1.125,1.0,0.0,0.13645833333333332,31,412,1.0,0.0,0.0,1.0,16,1.0,5.3125,1.0,0.1875,0.303125,88,412,1.0,0.0,0.0,0.8125
val,"m=0.3, T=2, theta=0.2315",hysteresis,sensitivity_2,9759096F-1119-4E19-A0AD-6F16989C7E1C,1963,1,1,2,2,1,1,32.71666666666667,0.030565461029037184,0.0010188487009679063,0.06113092205807437,0.030565461029037184,0.030565461029037184,2.0,16,2.5,8.625,2.5,0.3125,0.48125,178,412,0.5,0.0,0.0,0.5,16,1.0,7.8125,1.0,0.125,0.403125,146,412,1.0,0.0,0.0,0.75
val,"m=0.3, T=2, theta=0.2315",hysteresis,sensitivity_2,9DC38D04-E82E-4F29-AB52-B476535226F2,1902,1,1,2,3,1,1,31.7,0.031545741324921134,0.0015772870662460567,0.06309148264984227,0.031545741324921134,0.031545741324921134,3.0,16,1.0,5.375,1.0,0.1875,0.3104166666666667,86,412,1.0,0.0,0.0,0.8125,16,2.0,6.75,2.0,0.1875,0.425,149,412,1.0,0.0,0.0,0.75
val,"m=0.3, T=2, theta=0.2315",hysteresis,sensitivity_2,A5CDF89D-02A2-4EC1-89F8-F534FDABDD96,1179,1,1,2,11,0,0,19.65,0.050890585241730284,0.009329940627650551,0.10178117048346057,0.0,0.0,11.0,16,1.0,4.8125,1.0,0.0625,0.24687499999999998,98,412,1.0,0.0,0.0,0.875,16,3.5,5.5,3.5,0.25,0.41874999999999996,107,412,1.0,0.0,0.0,0.75
val,"m=0.3, T=2, theta=0.2315",hysteresis,sensitivity_2,A76A5AF5-5A93-4CF2-A16E-62353BB70E8A,1475,0,0,0,0,0,0,24.583333333333332,0.0,0.0,0.0,0.0,0.0,,16,3.0,7.0625,3.0,0.4375,0.4895833333333333,116,412,0.5,0.0,0.0,0.5,16,3.0,6.5,3.0,0.375,0.5489583333333333,138,412,0.5,0.0,0.0,0.5
val,"m=0.3, T=2, theta=0.2315",hysteresis,sensitivity_2,B09E373F-8A54-44C8-895B-0039390B859F,1598,1,1,2,5,1,1,26.633333333333333,0.03754693366708386,0.0031289111389236545,0.07509386733416772,0.03754693366708386,0.03754693366708386,5.0,16,3.0,9.0625,3.0,0.375,0.5625,186,412,1.0,0.0,0.0,0.5625,16,3.0,7.0625,3.0,0.1875,0.465625,175,412,1.0,0.0,0.0,0.6875
val,"m=0.3, T=2, theta=0.2315",hysteresis,sensitivity_2,B9724848-C7E2-45F4-9B3F-A1F38D864495,1487,2,2,4,14,1,1,24.783333333333335,0.08069939475453934,0.00941492938802959,0.16139878950907868,0.04034969737726967,0.04034969737726967,7.0,16,1.0,2.4375,1.0,0.0625,0.20625,43,412,1.0,0.0,0.0,0.875,16,2.0,4.375,2.0,0.125,0.39999999999999997,103,412,1.0,0.0,0.0,0.8125
val,"m=0.3, T=2, theta=0.2315",hysteresis,sensitivity_2,BE3CA5A6-A561-4BBD-B7C9-5DF6805400FC,1632,0,0,0,0,0,0,27.2,0.0,0.0,0.0,0.0,0.0,,16,6.5,14.625,6.5,0.6875,0.7208333333333333,240,412,0.0,0.0,0.0,0.3125,16,12.5,19.4375,12.5,0.75,0.8583333333333334,315,412,0.0,0.0,0.0,0.1875
val,"m=0.3, T=2, theta=0.2315",hysteresis,sensitivity_2,C48CE857-A0DD-4DDB-BEA5-3A25449B2153,977,0,0,0,0,0,0,16.283333333333335,0.0,0.0,0.0,0.0,0.0,,16,1.0,3.0625,1.0,0.125,0.3625,106,412,1.0,0.0,0.0,0.6875,16,2.5,3.3125,2.5,0.1875,0.3833333333333333,111,412,1.0,0.0,0.0,0.8125
val,"m=0.3, T=2, theta=0.2315",hysteresis,sensitivity_2,CA820D43-E5E2-42EF-9798-BE56F776370B,1540,1,1,2,4,1,1,25.666666666666668,0.03896103896103896,0.0025974025974025974,0.07792207792207792,0.03896103896103896,0.03896103896103896,4.0,16,1.0,8.25,1.0,0.1875,0.40520833333333334,130,412,1.0,0.0,0.0,0.8125,16,1.0,5.9375,1.0,0.25,0.35104166666666664,110,412,1.0,0.0,0.0,0.75
val,"m=0.3, T=2, theta=0.2315",hysteresis,sensitivity_2,CDA3BBF7-6631-45E8-85BA-EEB416B32A3C,543,0,0,0,0,0,0,9.05,0.0,0.0,0.0,0.0,0.0,,16,1.0,2.125,1.0,0.1875,0.2895833333333333,45,412,1.0,0.0,0.0,0.8125,16,1.0,2.125,1.0,0.0,0.17604166666666668,55,412,1.0,0.0,0.0,0.9375
val,"m=0.3, T=2, theta=0.2315",hysteresis,sensitivity_2,CF722AA9-2533-4E51-9FEB-9EAC84EE9AAC,694,1,0,1,53,0,0,11.566666666666666,0.08645533141210375,0.07636887608069164,0.08645533141210375,0.0,0.0,53.0,16,6.5,17.8125,6.5,0.5,0.6791666666666667,308,412,0.0,0.0625,0.0625,0.4375,16,7.5,15.625,7.5,0.5625,0.6927083333333334,271,412,0.0,0.0625,0.0625,0.3125
val,"m=0.3, T=2, theta=0.2315",hysteresis,sensitivity_2,D7D20E2E-FC78-405D-B346-DBD3FD8FC92B,1213,1,1,2,2,1,1,20.216666666666665,0.0494641384995878,0.0016488046166529267,0.0989282769991756,0.0494641384995878,0.0494641384995878,2.0,16,1.0,2.5625,1.0,0.1875,0.3302083333333333,85,412,1.0,0.0,0.0,0.8125,16,1.0,4.25,1.0,0.0625,0.23541666666666666,68,412,1.0,0.0,0.0,0.9375
val,"m=0.3, T=2, theta=0.2315",hysteresis,sensitivity_2,E65577C1-8D5D-4F70-AF23-B3ADB9D3DBA3,659,3,3,6,9,3,3,10.983333333333333,0.27314112291350534,0.013657056145675266,0.5462822458270107,0.27314112291350534,0.27314112291350534,3.0,16,1.0,5.4375,1.0,0.1875,0.41770833333333335,135,412,1.0,0.0,0.0,0.75,16,5.0,16.0625,5.0,0.1875,0.5291666666666667,274,412,1.0,0.0,0.0,0.8125
val,"m=0.3, T=2, theta=0.2315",hysteresis,sensitivity_2,ECECC2AB-D32F-4F90-B74C-E12A1C69BBE2,677,1,1,2,9,0,0,11.283333333333333,0.08862629246676514,0.013293943870014771,0.17725258493353027,0.0,0.0,9.0,16,1.0,3.5,1.0,0.0625,0.24062499999999998,58,412,1.0,0.0,0.0,0.9375,16,1.0,1.25,1.0,0.0625,0.359375,157,412,1.0,0.0,0.0,0.75
val,"m=0.3, T=2, theta=0.2315",hysteresis,sensitivity_2,FDAA70A1-42A3-4E3F-9AE3-3FDA412E03BF,966,2,2,4,28,1,1,16.1,0.12422360248447203,0.028985507246376812,0.24844720496894407,0.06211180124223602,0.06211180124223602,14.0,16,1.0,6.75,1.0,0.1875,0.36354166666666665,156,412,1.0,0.0,0.0,0.625,16,1.0,3.6875,1.0,0.125,0.25,62,412,1.0,0.0,0.0625,0.8125
val,"r=0.5, tau=0.5, theta=0.2689",trust,sensitivity_2,00EABED2-271D-49D8-B599-1D4A09240601,428,1,1,2,12,0,0,7.133333333333334,0.14018691588785046,0.028037383177570093,0.2803738317757009,0.0,0.0,12.0,16,3.0,6.6875,3.0,0.25,0.46875,112,412,1.0,0.0,0.0625,0.75,16,3.0,8.25,3.0,0.3125,0.46145833333333336,132,412,1.0,0.0,0.0,0.6875
val,"r=0.5, tau=0.5, theta=0.2689",trust,sensitivity_2,098A72A5-E3E5-4F54-A152-BBDA0DF7B694,1330,0,0,0,0,0,0,22.166666666666668,0.0,0.0,0.0,0.0,0.0,,16,3.0,5.3125,3.0,0.375,0.5270833333333333,126,412,0.5,0.0,0.0,0.5,16,3.0,3.5625,3.0,0.25,0.409375,88,412,1.0,0.0,0.0,0.75
val,"r=0.5, tau=0.5, theta=0.2689",trust,sensitivity_2,0A986513-7828-4D53-AA1F-E02D6DF9561B,763,1,1,2,13,0,0,12.716666666666667,0.07863695937090433,0.01703800786369594,0.15727391874180865,0.0,0.0,13.0,16,3.0,5.375,3.0,0.375,0.47708333333333336,86,412,1.0,0.0,0.0,0.625,16,3.5,7.9375,3.5,0.375,0.546875,138,412,0.5,0.0,0.0,0.625
val,"r=0.5, tau=0.5, theta=0.2689",trust,sensitivity_2,11B5EC4D-4133-4289-B475-4E737182A406,1739,0,0,0,0,0,0,28.983333333333334,0.0,0.0,0.0,0.0,0.0,,16,3.0,5.875,3.0,0.375,0.515625,98,412,0.5,0.0,0.0,0.625,16,3.0,5.25,3.0,0.3125,0.4635416666666667,85,412,1.0,0.0,0.0,0.6875
val,"r=0.5, tau=0.5, theta=0.2689",trust,sensitivity_2,136562B6-95B2-483D-88DC-065F28409FD2,1215,1,1,2,12,0,0,20.25,0.04938271604938271,0.009876543209876543,0.09876543209876543,0.0,0.0,12.0,16,5.0,11.3125,4.0,0.5,0.6770833333333334,200,412,0.0,0.0,0.0,0.375,16,4.5,12.125,4.5,0.5,0.6770833333333334,222,412,0.0,0.0,0.0,0.4375
val,"r=0.5, tau=0.5, theta=0.2689",trust,sensitivity_2,1538C99F-BA1E-4EFB-A949-6C7C47701B20,1281,0,0,0,0,0,0,21.35,0.0,0.0,0.0,0.0,0.0,,16,3.0,7.0625,3.0,0.3125,0.4739583333333333,116,412,1.0,0.0,0.0,0.6875,16,3.0,3.6875,3.0,0.3125,0.4666666666666667,112,412,0.5,0.0,0.0,0.5625
val,"r=0.5, tau=0.5, theta=0.2689",trust,sensitivity_2,24E40C4C-A349-4F9F-93AB-01D00FB994AF,925,0,0,0,0,0,0,15.416666666666666,0.0,0.0,0.0,0.0,0.0,,16,4.5,8.375,4.5,0.375,0.5947916666666667,151,412,1.0,0.0,0.0,0.625,16,8.0,12.875,8.0,0.625,0.7645833333333333,247,412,0.0,0.0,0.0,0.3125
val,"r=0.5, tau=0.5, theta=0.2689",trust,sensitivity_2,2C32C23E-E30C-498A-8DD2-0EFB9150A02E,1674,2,2,4,32,0,0,27.9,0.07168458781362008,0.019115890083632018,0.14336917562724016,0.0,0.0,16.0,16,3.0,3.8125,3.0,0.25,0.3875,61,412,1.0,0.0,0.0,0.75,16,4.0,6.6875,4.0,0.25,0.5333333333333333,144,412,1.0,0.0,0.0,0.625
val,"r=0.5, tau=0.5, theta=0.2689",trust,sensitivity_2,3600D531-0C55-44A7-AE95-A7A38519464E,1017,0,0,0,0,0,0,16.95,0.0,0.0,0.0,0.0,0.0,,16,5.0,13.625,5.0,0.5625,0.7052083333333333,234,412,0.0,0.0,0.0,0.375,16,4.5,7.875,4.0,0.375,0.5885416666666666,134,412,0.0,0.0,0.0,0.5
val,"r=0.5, tau=0.5, theta=0.2689",trust,sensitivity_2,4FC32141-E888-4BFF-8804-12559A491D8C,958,0,0,0,0,0,0,15.966666666666667,0.0,0.0,0.0,0.0,0.0,,16,10.0,19.875,10.0,0.6875,0.9072916666666666,355,412,0.0,0.0,0.0,0.1875,16,10.0,19.8125,10.0,0.6875,0.8604166666666666,338,412,0.0,0.0,0.0,0.25
val,"r=0.5, tau=0.5, theta=0.2689",trust,sensitivity_2,5119D0F8-FCA8-4184-A4EB-19421A40DE0D,1294,4,4,8,28,3,2,21.566666666666666,0.18547140649149924,0.021638330757341576,0.37094281298299847,0.1391035548686244,0.09273570324574962,7.0,16,3.0,5.6875,3.0,0.25,0.40729166666666666,101,412,1.0,0.0,0.0625,0.75,16,3.0,5.875,3.0,0.3125,0.48333333333333334,96,412,1.0,0.0,0.0,0.6875
val,"r=0.5, tau=0.5, theta=0.2689",trust,sensitivity_2,5152A2DF-FAF3-4BA8-9CA9-E66B32671A53,1294,2,2,4,21,2,1,21.566666666666666,0.09273570324574962,0.01622874806800618,0.18547140649149924,0.09273570324574962,0.04636785162287481,10.5,16,3.5,11.0,3.5,0.4375,0.5729166666666666,176,412,0.5,0.0,0.0,0.5625,16,3.0,5.1875,3.0,0.375,0.5020833333333333,99,412,1.0,0.0,0.0,0.5625
val,"r=0.5, tau=0.5, theta=0.2689",trust,sensitivity_2,5EF64122-B513-46AE-BCF1-E62AAC285D2C,753,0,0,0,0,0,0,12.55,0.0,0.0,0.0,0.0,0.0,,16,3.0,3.6875,3.0,0.25,0.38125,57,412,1.0,0.0,0.0,0.75,16,3.0,3.5625,3.0,0.3125,0.4197916666666667,63,412,1.0,0.0,0.0,0.625
val,"r=0.5, tau=0.5, theta=0.2689",trust,sensitivity_2,61976C24-1C50-4355-9C49-AAE44A7D09F6,1717,3,3,6,17,4,2,28.616666666666667,0.10483401281304601,0.009900990099009901,0.20966802562609202,0.13977868375072802,0.06988934187536401,5.666666666666667,16,3.0,7.0625,3.0,0.375,0.525,113,412,1.0,0.0,0.0,0.625,16,3.0,8.5625,3.0,0.25,0.5645833333333333,194,412,0.5,0.0,0.0,0.6875
val,"r=0.5, tau=0.5, theta=0.2689",trust,sensitivity_2,78A91A4E-4A51-4065-BDA7-94755F0BB3BB,2370,2,2,4,40,0,0,39.5,0.05063291139240506,0.016877637130801686,0.10126582278481013,0.0,0.0,20.0,16,3.0,4.4375,3.0,0.3125,0.45625,71,412,1.0,0.0,0.0,0.6875,16,4.0,7.625,4.0,0.3125,0.4760416666666667,153,412,0.5,0.0,0.0625,0.5
val,"r=0.5, tau=0.5, theta=0.2689",trust,sensitivity_2,7CE37510-56D0-4120-A1CF-0E23351428D2,1923,0,0,0,0,0,0,32.05,0.0,0.0,0.0,0.0,0.0,,16,3.0,6.375,3.0,0.3125,0.5145833333333333,122,412,1.0,0.0,0.0,0.625,16,3.0,5.375,3.0,0.375,0.5177083333333333,106,412,0.5,0.0,0.0,0.625
val,"r=0.5, tau=0.5, theta=0.2689",trust,sensitivity_2,8023FE1A-D3B0-4E2C-A57A-9321B7FC755F,1808,1,1,2,5,1,1,30.133333333333333,0.033185840707964605,0.0027654867256637168,0.06637168141592921,0.033185840707964605,0.033185840707964605,5.0,16,3.0,4.25,3.0,0.3125,0.43125,77,412,1.0,0.0,0.0,0.625,16,3.0,3.25,3.0,0.25,0.3697916666666667,52,412,1.0,0.0,0.0,0.75
val,"r=0.5, tau=0.5, theta=0.2689",trust,sensitivity_2,83CF687B-7CEC-434B-9FE8-00C3D5799BE6,1879,4,4,8,9,5,4,31.316666666666666,0.12772751463544438,0.004789781798829164,0.25545502927088876,0.15965939329430548,0.12772751463544438,2.25,16,3.0,3.375,3.0,0.25,0.3979166666666667,67,412,1.0,0.0,0.0,0.75,16,3.5,7.1875,3.5,0.4375,0.5479166666666667,115,412,0.0,0.0,0.0,0.5625
val,"r=0.5, tau=0.5, theta=0.2689",trust,sensitivity_2,9759096F-1119-4E19-A0AD-6F16989C7E1C,1963,1,1,2,3,1,1,32.71666666666667,0.030565461029037184,0.0015282730514518594,0.06113092205807437,0.030565461029037184,0.030565461029037184,3.0,16,4.5,9.5,4.5,0.375,0.6239583333333334,192,412,0.0,0.0,0.0,0.5,16,4.0,10.25,3.5,0.25,0.5916666666666667,187,412,1.0,0.0,0.0,0.625
val,"r=0.5, tau=0.5, theta=0.2689",trust,sensitivity_2,9DC38D04-E82E-4F29-AB52-B476535226F2,1902,0,0,0,0,0,0,31.7,0.0,0.0,0.0,0.0,0.0,,16,3.0,6.125,3.0,0.3125,0.4739583333333333,98,412,1.0,0.0,0.0,0.6875,16,3.5,8.125,3.5,0.375,0.5489583333333333,153,412,0.5,0.0,0.0,0.625
val,"r=0.5, tau=0.5, theta=0.2689",trust,sensitivity_2,A5CDF89D-02A2-4EC1-89F8-F534FDABDD96,1179,1,1,2,8,0,0,19.65,0.050890585241730284,0.006785411365564037,0.10178117048346057,0.0,0.0,8.0,16,3.0,7.375,3.0,0.375,0.540625,140,412,0.5,0.0,0.0,0.5625,16,6.0,7.9375,5.5,0.3125,0.5489583333333333,145,412,1.0,0.0,0.0,0.6875
val,"r=0.5, tau=0.5, theta=0.2689",trust,sensitivity_2,A76A5AF5-5A93-4CF2-A16E-62353BB70E8A,1475,0,0,0,0,0,0,24.583333333333332,0.0,0.0,0.0,0.0,0.0,,16,3.5,5.4375,3.5,0.375,0.5354166666666667,122,412,0.5,0.0,0.0,0.5625,16,3.5,7.9375,3.5,0.4375,0.6072916666666667,156,412,0.0,0.0,0.0,0.4375
val,"r=0.5, tau=0.5, theta=0.2689",trust,sensitivity_2,B09E373F-8A54-44C8-895B-0039390B859F,1598,2,2,4,5,2,2,26.633333333333333,0.07509386733416772,0.0031289111389236545,0.15018773466833543,0.07509386733416772,0.07509386733416772,2.5,16,4.5,10.5625,4.5,0.5,0.6583333333333333,208,412,0.0,0.0,0.0,0.4375,16,5.0,13.0,5.0,0.4375,0.6614583333333334,223,412,0.0,0.0,0.0,0.5
val,"r=0.5, tau=0.5, theta=0.2689",trust,sensitivity_2,B9724848-C7E2-45F4-9B3F-A1F38D864495,1487,1,1,2,10,0,0,24.783333333333335,0.04034969737726967,0.006724949562878279,0.08069939475453934,0.0,0.0,10.0,16,3.0,4.0,3.0,0.25,0.41875,65,412,1.0,0.0,0.0,0.6875,16,3.5,5.375,3.5,0.3125,0.5260416666666666,116,412,0.0,0.0,0.0,0.5625
val,"r=0.5, tau=0.5, theta=0.2689",trust,sensitivity_2,BE3CA5A6-A561-4BBD-B7C9-5DF6805400FC,1632,0,0,0,0,0,0,27.2,0.0,0.0,0.0,0.0,0.0,,16,6.5,11.6875,6.5,0.625,0.69375,191,412,0.0,0.0,0.0,0.375,16,10.0,18.375,10.0,0.75,0.828125,292,412,0.0,0.0625,0.0,0.25
val,"r=0.5, tau=0.5, theta=0.2689",trust,sensitivity_2,C48CE857-A0DD-4DDB-BEA5-3A25449B2153,977,0,0,0,0,0,0,16.283333333333335,0.0,0.0,0.0,0.0,0.0,,16,3.5,7.875,3.5,0.375,0.6302083333333334,187,412,0.0,0.0,0.0,0.4375,16,4.0,7.5625,4.0,0.3125,0.6072916666666667,184,412,0.0,0.0,0.0,0.625
val,"r=0.5, tau=0.5, theta=0.2689",trust,sensitivity_2,CA820D43-E5E2-42EF-9798-BE56F776370B,1540,0,0,0,0,0,0,25.666666666666668,0.0,0.0,0.0,0.0,0.0,,16,3.0,7.5625,3.0,0.4375,0.5479166666666667,122,412,1.0,0.0,0.0,0.5625,16,3.0,8.4375,3.0,0.375,0.4979166666666667,139,412,1.0,0.0,0.0,0.625
val,"r=0.5, tau=0.5, theta=0.2689",trust,sensitivity_2,CDA3BBF7-6631-45E8-85BA-EEB416B32A3C,543,0,0,0,0,0,0,9.05,0.0,0.0,0.0,0.0,0.0,,16,3.0,3.875,3.0,0.3125,0.4239583333333333,66,412,1.0,0.0,0.0,0.6875,16,3.0,4.9375,3.0,0.25,0.465625,98,412,1.0,0.0,0.0,0.625
val,"r=0.5, tau=0.5, theta=0.2689",trust,sensitivity_2,CF722AA9-2533-4E51-9FEB-9EAC84EE9AAC,694,1,0,1,66,0,0,11.566666666666666,0.08645533141210375,0.09510086455331412,0.08645533141210375,0.0,0.0,66.0,16,5.5,15.9375,5.5,0.5625,0.684375,277,412,0.0,0.125,0.0625,0.375,16,8.0,13.6875,6.0,0.5625,0.678125,232,412,0.0,0.125,0.125,0.3125
val,"r=0.5, tau=0.5, theta=0.2689",trust,sensitivity_2,D7D20E2E-FC78-405D-B346-DBD3FD8FC92B,1213,2,2,4,48,1,0,20.216666666666665,0.0989282769991756,0.03957131079967024,0.1978565539983512,0.0494641384995878,0.0,24.0,16,3.0,5.0,3.0,0.3125,0.4760416666666667,115,412,1.0,0.0,0.0,0.6875,16,3.0,6.125,3.0,0.3125,0.4635416666666667,98,412,1.0,0.0,0.0,0.6875
val,"r=0.5, tau=0.5, theta=0.2689",trust,sensitivity_2,E65577C1-8D5D-4F70-AF23-B3ADB9D3DBA3,659,0,0,0,0,0,0,10.983333333333333,0.0,0.0,0.0,0.0,0.0,,16,4.0,8.125,4.0,0.375,0.6135416666666667,164,412,0.5,0.0,0.0,0.5625,16,7.0,13.125,7.0,0.375,0.7,270,412,0.0,0.0,0.0,0.5
val,"r=0.5, tau=0.5, theta=0.2689",trust,sensitivity_2,ECECC2AB-D32F-4F90-B74C-E12A1C69BBE2,677,1,1,2,7,0,0,11.283333333333333,0.08862629246676514,0.0103397341211226,0.17725258493353027,0.0,0.0,7.0,16,3.0,5.25,3.0,0.3125,0.44895833333333335,84,412,1.0,0.0,0.0,0.6875,16,3.0,11.9375,3.0,0.4375,0.55,191,412,1.0,0.0,0.0,0.5625
val,"r=0.5, tau=0.5, theta=0.2689",trust,sensitivity_2,FDAA70A1-42A3-4E3F-9AE3-3FDA412E03BF,966,2,2,4,25,1,1,16.1,0.12422360248447203,0.025879917184265012,0.24844720496894407,0.06211180124223602,0.06211180124223602,12.5,16,4.0,10.375,4.0,0.5,0.6447916666666667,189,412,0.0,0.0,0.0,0.375,16,3.0,5.625,3.0,0.3125,0.4270833333333333,90,412,1.0,0.0,0.0625,0.6875
val,"alpha=0.001, beta=1.35e-08",sprt,sensitivity_2,00EABED2-271D-49D8-B599-1D4A09240601,428,1,1,2,14,0,0,7.133333333333334,0.14018691588785046,0.03271028037383177,0.2803738317757009,0.0,0.0,14.0,16,3.0,5.0625,3.0,0.25,0.4125,81,412,2.0,0.0,0.0625,0.75,16,4.0,8.0,4.0,0.3125,0.48125,128,412,1.0,0.0,0.0,0.6875
val,"alpha=0.001, beta=1.35e-08",sprt,sensitivity_2,098A72A5-E3E5-4F54-A152-BBDA0DF7B694,1330,0,0,0,0,0,0,22.166666666666668,0.0,0.0,0.0,0.0,0.0,,16,3.0,5.0,3.0,0.3125,0.45625,80,412,3.0,0.0,0.0,0.6875,16,4.0,4.3125,4.0,0.25,0.40520833333333334,69,412,1.5,0.0,0.0,0.75
val,"alpha=0.001, beta=1.35e-08",sprt,sensitivity_2,0A986513-7828-4D53-AA1F-E02D6DF9561B,763,2,2,4,18,1,1,12.716666666666667,0.15727391874180865,0.023591087811271297,0.3145478374836173,0.07863695937090433,0.07863695937090433,9.0,16,3.0,5.5,3.0,0.375,0.475,88,412,3.0,0.0,0.0625,0.625,16,4.0,7.875,4.0,0.375,0.5510416666666667,126,412,2.0,0.0,0.0,0.625
val,"alpha=0.001, beta=1.35e-08",sprt,sensitivity_2,11B5EC4D-4133-4289-B475-4E737182A406,1739,1,1,2,8,0,0,28.983333333333334,0.034502587694077054,0.004600345025876941,0.06900517538815411,0.0,0.0,8.0,16,4.0,5.4375,4.0,0.3125,0.5072916666666667,87,412,2.0,0.0,0.0,0.6875,16,3.0,5.0625,3.0,0.3125,0.44166666666666665,81,412,1.5,0.0,0.0625,0.6875
val,"alpha=0.001, beta=1.35e-08",sprt,sensitivity_2,136562B6-95B2-483D-88DC-065F28409FD2,1215,1,1,2,60,0,0,20.25,0.04938271604938271,0.04938271604938271,0.09876543209876543,0.0,0.0,60.0,16,4.0,8.125,4.0,0.4375,0.5739583333333333,130,412,1.5,0.0625,0.0,0.5625,16,5.0,10.1875,5.0,0.4375,0.590625,163,412,1.0,0.125,0.0,0.5625
val,"alpha=0.001, beta=1.35e-08",sprt,sensitivity_2,1538C99F-BA1E-4EFB-A949-6C7C47701B20,1281,0,0,0,0,0,0,21.35,0.0,0.0,0.0,0.0,0.0,,16,4.0,6.8125,4.0,0.3125,0.4739583333333333,109,412,2.0,0.0,0.0,0.6875,16,3.0,3.5625,3.0,0.25,0.396875,68,412,3.5,0.0,0.0,0.6875
val,"alpha=0.001, beta=1.35e-08",sprt,sensitivity_2,24E40C4C-A349-4F9F-93AB-01D00FB994AF,925,0,0,0,0,0,0,15.416666666666666,0.0,0.0,0.0,0.0,0.0,,16,5.5,7.1875,5.5,0.3125,0.5552083333333333,128,412,7.0,0.0,0.0,0.6875,16,9.5,11.5,9.5,0.5,0.709375,205,412,0.0,0.0,0.0,0.4375
val,"alpha=0.001, beta=1.35e-08",sprt,sensitivity_2,2C32C23E-E30C-498A-8DD2-0EFB9150A02E,1674,1,1,2,63,0,0,27.9,0.03584229390681004,0.03763440860215054,0.07168458781362008,0.0,0.0,63.0,16,3.5,4.1875,3.5,0.25,0.41041666666666665,67,412,1.5,0.0,0.0,0.75,16,4.5,6.6875,4.5,0.25,0.4895833333333333,107,412,2.0,0.0,0.0,0.75
val,"alpha=0.001, beta=1.35e-08",sprt,sensitivity_2,3600D531-0C55-44A7-AE95-A7A38519464E,1017,1,0,1,14,0,0,16.95,0.058997050147492625,0.01376597836774828,0.058997050147492625,0.0,0.0,14.0,16,5.0,8.875,5.0,0.375,0.5770833333333333,142,412,1.5,0.125,0.0,0.625,16,4.0,5.875,4.0,0.3125,0.5072916666666667,94,412,7.0,0.125,0.0,0.6875
val,"alpha=0.001, beta=1.35e-08",sprt,sensitivity_2,4FC32141-E888-4BFF-8804-12559A491D8C,958,2,1,3,122,0,0,15.966666666666667,0.12526096033402923,0.12734864300626306,0.18789144050104384,0.0,0.0,61.0,16,9.5,12.375,9.5,0.5,0.6208333333333333,198,412,2.5,0.25,0.25,0.5,16,10.0,15.0,10.0,0.6875,0.7520833333333333,240,412,0.0,0.1875,0.125,0.3125
val,"alpha=0.001, beta=1.35e-08",sprt,sensitivity_2,5119D0F8-FCA8-4184-A4EB-19421A40DE0D,1294,2,2,4,28,0,0,21.566666666666666,0.09273570324574962,0.021638330757341576,0.18547140649149924,0.0,0.0,14.0,16,3.0,5.0,3.0,0.25,0.390625,80,412,2.0,0.0,0.0625,0.75,16,3.0,5.875,3.0,0.3125,0.47291666666666665,94,412,2.0,0.0,0.0,0.6875
val,"alpha=0.001, beta=1.35e-08",sprt,sensitivity_2,5152A2DF-FAF3-4BA8-9CA9-E66B32671A53,1294,1,0,1,63,0,0,21.566666666666666,0.04636785162287481,0.04868624420401855,0.04636785162287481,0.0,0.0,63.0,16,4.0,11.4375,4.0,0.4375,0.5895833333333333,183,412,3.0,0.0,0.0,0.5625,16,3.0,5.5625,3.0,0.375,0.5104166666666666,97,412,1.0,0.0,0.0,0.5625
val,"alpha=0.001, beta=1.35e-08",sprt,sensitivity_2,5EF64122-B513-46AE-BCF1-E62AAC285D2C,753,0,0,0,0,0,0,12.55,0.0,0.0,0.0,0.0,0.0,,16,3.0,3.5625,3.0,0.25,0.390625,57,412,1.0,0.0,0.0,0.75,16,3.0,3.625,3.0,0.25,0.40208333333333335,59,412,2.0,0.0,0.0,0.6875
val,"alpha=0.001, beta=1.35e-08",sprt,sensitivity_2,61976C24-1C50-4355-9C49-AAE44A7D09F6,1717,1,1,2,42,0,0,28.616666666666667,0.034944670937682006,0.0244612696563774,0.06988934187536401,0.0,0.0,42.0,16,3.5,6.625,3.5,0.3125,0.5104166666666666,106,412,1.5,0.0625,0.0,0.6875,16,3.5,6.625,3.5,0.25,0.46979166666666666,106,412,3.0,0.0,0.0625,0.75
val,"alpha=0.001, beta=1.35e-08",sprt,sensitivity_2,78A91A4E-4A51-4065-BDA7-94755F0BB3BB,2370,2,2,4,80,0,0,39.5,0.05063291139240506,0.03375527426160337,0.10126582278481013,0.0,0.0,40.0,16,3.5,4.3125,3.5,0.3125,0.4604166666666667,69,412,1.0,0.0,0.0,0.6875,16,4.0,7.625,4.0,0.1875,0.421875,122,412,2.0,0.0,0.0625,0.8125
val,"alpha=0.001, beta=1.35e-08",sprt,sensitivity_2,7CE37510-56D0-4120-A1CF-0E23351428D2,1923,1,1,2,20,0,0,32.05,0.031201248049921998,0.010400416016640665,0.062402496099843996,0.0,0.0,20.0,16,3.5,6.0625,3.5,0.25,0.48020833333333335,97,412,2.5,0.0,0.0,0.75,16,3.5,4.875,3.5,0.375,0.4583333333333333,78,412,3.0,0.0,0.0,0.625
val,"alpha=0.001, beta=1.35e-08",sprt,sensitivity_2,8023FE1A-D3B0-4E2C-A57A-9321B7FC755F,1808,1,1,2,10,0,0,30.133333333333333,0.033185840707964605,0.0055309734513274336,0.06637168141592921,0.0,0.0,10.0,16,3.0,3.4375,3.0,0.1875,0.3385416666666667,55,412,2.5,0.0,0.0,0.8125,16,3.0,3.3125,3.0,0.25,0.3770833333333333,53,412,2.0,0.0,0.0,0.75
val,"alpha=0.001, beta=1.35e-08",sprt,sensitivity_2,83CF687B-7CEC-434B-9FE8-00C3D5799BE6,1879,2,2,4,44,0,0,31.316666666666666,0.06386375731772219,0.023416711016498136,0.12772751463544438,0.0,0.0,22.0,16,4.0,3.5625,4.0,0.25,0.390625,57,412,2.5,0.0,0.0,0.75,16,4.5,7.6875,4.5,0.4375,0.5666666666666667,123,412,1.5,0.0,0.0625,0.5625
val,"alpha=0.001, beta=1.35e-08",sprt,sensitivity_2,9759096F-1119-4E19-A0AD-6F16989C7E1C,1963,2,2,4,63,0,0,32.71666666666667,0.06113092205807437,0.032093734080489045,0.12226184411614874,0.0,0.0,31.5,16,5.0,8.3125,5.0,0.4375,0.571875,133,412,1.0,0.0,0.0,0.5625,16,3.5,8.875,3.5,0.25,0.4875,142,412,2.0,0.0625,0.0625,0.75
val,"alpha=0.001, beta=1.35e-08",sprt,sensitivity_2,9DC38D04-E82E-4F29-AB52-B476535226F2,1902,1,1,2,28,0,0,31.7,0.031545741324921134,0.014721345951629864,0.06309148264984227,0.0,0.0,28.0,16,3.0,5.0625,3.0,0.3125,0.4427083333333333,81,412,2.0,0.0,0.0,0.6875,16,3.5,7.625,3.5,0.25,0.48020833333333335,122,412,2.5,0.0,0.0,0.75
val,"alpha=0.001, beta=1.35e-08",sprt,sensitivity_2,A5CDF89D-02A2-4EC1-89F8-F534FDABDD96,1179,2,2,4,29,0,0,19.65,0.10178117048346057,0.024597116200169637,0.20356234096692113,0.0,0.0,14.5,16,3.0,7.25,3.0,0.375,0.4864583333333333,116,412,2.0,0.0,0.0,0.625,16,6.5,6.375,6.5,0.3125,0.509375,109,412,2.5,0.0,0.0625,0.6875
val,"alpha=0.001, beta=1.35e-08",sprt,sensitivity_2,A76A5AF5-5A93-4CF2-A16E-62353BB70E8A,1475,0,0,0,0,0,0,24.583333333333332,0.0,0.0,0.0,0.0,0.0,,16,4.0,5.9375,4.0,0.4375,0.525,95,412,2.0,0.0625,0.0,0.5625,16,4.0,7.9375,4.0,0.4375,0.5697916666666667,130,412,0.5,0.0,0.0,0.5
val,"alpha=0.001, beta=1.35e-08",sprt,sensitivity_2,B09E373F-8A54-44C8-895B-0039390B859F,1598,1,1,2,4,1,1,26.633333333333333,0.03754693366708386,0.0025031289111389237,0.07509386733416772,0.03754693366708386,0.03754693366708386,4.0,16,4.0,10.625,4.0,0.5,0.6125,170,412,1.5,0.0,0.0,0.5,16,6.5,9.4375,6.5,0.375,0.5822916666666667,151,412,1.5,0.0625,0.0,0.625
val,"alpha=0.001, beta=1.35e-08",sprt,sensitivity_2,B9724848-C7E2-45F4-9B3F-A1F38D864495,1487,1,1,2,20,0,0,24.783333333333335,0.04034969737726967,0.013449899125756557,0.08069939475453934,0.0,0.0,20.0,16,4.0,4.375,4.0,0.25,0.440625,70,412,2.0,0.0,0.0,0.75,16,4.5,5.8125,4.5,0.375,0.5052083333333334,93,412,2.0,0.0,0.0,0.625
val,"alpha=0.001, beta=1.35e-08",sprt,sensitivity_2,BE3CA5A6-A561-4BBD-B7C9-5DF6805400FC,1632,1,0,1,111,0,0,27.2,0.03676470588235294,0.06801470588235294,0.03676470588235294,0.0,0.0,111.0,16,7.0,11.0,7.0,0.5625,0.665625,176,412,0.0,0.125,0.0,0.4375,16,10.0,14.4375,10.0,0.625,0.7395833333333334,231,412,0.0,0.1875,0.0,0.375
val,"alpha=0.001, beta=1.35e-08",sprt,sensitivity_2,C48CE857-A0DD-4DDB-BEA5-3A25449B2153,977,1,1,2,19,0,0,16.283333333333335,0.06141248720573183,0.019447287615148412,0.12282497441146366,0.0,0.0,19.0,16,4.0,5.375,4.0,0.3125,0.49895833333333334,86,412,2.0,0.0,0.0,0.6875,16,4.0,5.6875,4.0,0.3125,0.4895833333333333,91,412,2.0,0.0,0.0,0.6875
val,"alpha=0.001, beta=1.35e-08",sprt,sensitivity_2,CA820D43-E5E2-42EF-9798-BE56F776370B,1540,0,0,0,0,0,0,25.666666666666668,0.0,0.0,0.0,0.0,0.0,,16,4.0,7.375,4.0,0.4375,0.5541666666666667,118,412,1.0,0.0,0.0,0.5625,16,4.0,5.6875,4.0,0.3125,0.45729166666666665,91,412,3.0,0.0,0.0,0.6875
val,"alpha=0.001, beta=1.35e-08",sprt,sensitivity_2,CDA3BBF7-6631-45E8-85BA-EEB416B32A3C,543,0,0,0,0,0,0,9.05,0.0,0.0,0.0,0.0,0.0,,16,3.0,3.875,3.0,0.3125,0.415625,62,412,2.5,0.0,0.0,0.6875,16,3.0,5.0625,3.0,0.25,0.475,92,412,2.5,0.0,0.0,0.6875
val,"alpha=0.001, beta=1.35e-08",sprt,sensitivity_2,CF722AA9-2533-4E51-9FEB-9EAC84EE9AAC,694,1,0,1,67,0,0,11.566666666666666,0.08645533141210375,0.09654178674351585,0.08645533141210375,0.0,0.0,67.0,16,7.0,14.0,7.0,0.4375,0.6302083333333334,224,412,2.0,0.0625,0.0625,0.5625,16,8.5,8.9375,8.5,0.4375,0.5770833333333333,143,412,1.5,0.25,0.125,0.5625
val,"alpha=0.001, beta=1.35e-08",sprt,sensitivity_2,D7D20E2E-FC78-405D-B346-DBD3FD8FC92B,1213,1,1,2,54,0,0,20.216666666666665,0.0494641384995878,0.04451772464962902,0.0989282769991756,0.0,0.0,54.0,16,3.0,4.8125,3.0,0.25,0.43854166666666666,77,412,3.0,0.0,0.0,0.75,16,3.0,6.0625,3.0,0.25,0.4708333333333333,97,412,3.0,0.0,0.0,0.75
val,"alpha=0.001, beta=1.35e-08",sprt,sensitivity_2,E65577C1-8D5D-4F70-AF23-B3ADB9D3DBA3,659,2,2,4,16,1,1,10.983333333333333,0.1820940819423369,0.024279210925644917,0.3641881638846738,0.09104704097116845,0.09104704097116845,8.0,16,4.0,7.0,4.0,0.375,0.54375,125,412,2.5,0.0,0.0,0.5625,16,8.0,12.25,8.0,0.3125,0.659375,222,412,2.0,0.0,0.0,0.625
val,"alpha=0.001, beta=1.35e-08",sprt,sensitivity_2,ECECC2AB-D32F-4F90-B74C-E12A1C69BBE2,677,1,1,2,18,0,0,11.283333333333333,0.08862629246676514,0.026587887740029542,0.17725258493353027,0.0,0.0,18.0,16,3.5,5.5,3.5,0.3125,0.45416666666666666,88,412,2.0,0.0,0.0625,0.6875,16,4.0,9.375,4.0,0.3125,0.5677083333333334,192,412,1.5,0.0,0.0,0.625
val,"alpha=0.001, beta=1.35e-08",sprt,sensitivity_2,FDAA70A1-42A3-4E3F-9AE3-3FDA412E03BF,966,2,2,4,30,1,1,16.1,0.12422360248447203,0.031055900621118012,0.24844720496894407,0.06211180124223602,0.06211180124223602,15.0,16,4.0,9.5,4.0,0.375,0.5656249999999999,152,412,1.5,0.0,0.0,0.625,16,3.0,5.5625,3.0,0.3125,0.4166666666666667,89,412,2.5,0.0,0.0625,0.6875
val,"rho=0.1, theta=0.0009111",hmm,sensitivity_2,00EABED2-271D-49D8-B599-1D4A09240601,428,3,3,6,10,5,3,7.133333333333334,0.4205607476635514,0.02336448598130841,0.8411214953271028,0.7009345794392523,0.4205607476635514,3.3333333333333335,16,2.5,6.5625,2.0,0.125,0.5510416666666667,184,412,0.0,0.0,0.0625,0.625,16,2.0,10.8125,2.0,0.3125,0.49479166666666663,191,412,0.0,0.0,0.0,0.6875
val,"rho=0.1, theta=0.0009111",hmm,sensitivity_2,098A72A5-E3E5-4F54-A152-BBDA0DF7B694,1330,0,0,0,0,0,0,22.166666666666668,0.0,0.0,0.0,0.0,0.0,,16,2.0,4.375,2.0,0.25,0.4979166666666667,145,412,0.0,0.0,0.0,0.5625,16,2.0,5.6875,2.0,0.0625,0.45416666666666666,162,412,0.0,0.0,0.0,0.75
val,"rho=0.1, theta=0.0009111",hmm,sensitivity_2,0A986513-7828-4D53-AA1F-E02D6DF9561B,763,4,4,8,12,6,4,12.716666666666667,0.3145478374836173,0.015727391874180863,0.6290956749672346,0.47182175622542594,0.3145478374836173,3.0,16,3.0,5.1875,2.5,0.375,0.5364583333333334,124,412,0.0,0.0,0.0,0.5,16,3.0,11.5625,2.5,0.3125,0.5770833333333333,196,412,0.0,0.0,0.0,0.5625
val,"rho=0.1, theta=0.0009111",hmm,sensitivity_2,11B5EC4D-4133-4289-B475-4E737182A406,1739,1,1,2,1,1,1,28.983333333333334,0.034502587694077054,0.0005750431282346176,0.06900517538815411,0.034502587694077054,0.034502587694077054,1.0,16,3.0,9.125,3.0,0.4375,0.596875,160,412,0.0,0.0,0.0,0.375,16,2.0,4.125,2.0,0.1875,0.4552083333333333,134,412,0.0,0.0,0.0,0.625
val,"rho=0.1, theta=0.0009111",hmm,sensitivity_2,136562B6-95B2-483D-88DC-065F28409FD2,1215,0,0,0,0,0,0,20.25,0.0,0.0,0.0,0.0,0.0,,16,6.5,14.3125,3.0,0.4375,0.7020833333333333,263,412,0.0,0.0,0.0,0.4375,16,4.5,12.0625,3.0,0.4375,0.7072916666666667,267,412,0.0,0.0,0.0,0.5
val,"rho=0.1, theta=0.0009111",hmm,sensitivity_2,1538C99F-BA1E-4EFB-A949-6C7C47701B20,1281,0,0,0,0,0,0,21.35,0.0,0.0,0.0,0.0,0.0,,16,2.0,7.3125,2.0,0.125,0.43645833333333334,149,412,0.0,0.0,0.0,0.8125,16,2.0,2.6875,2.0,0.125,0.4354166666666667,146,412,0.0,0.0,0.0,0.6875
val,"rho=0.1, theta=0.0009111",hmm,sensitivity_2,24E40C4C-A349-4F9F-93AB-01D00FB994AF,925,0,0,0,0,0,0,15.416666666666666,0.0,0.0,0.0,0.0,0.0,,16,7.5,16.125,4.0,0.5625,0.7427083333333333,258,412,0.0,0.0,0.0,0.3125,16,10.0,15.625,10.0,0.6875,0.8895833333333333,363,412,0.0,0.0,0.0,0.125
val,"rho=0.1, theta=0.0009111",hmm,sensitivity_2,2C32C23E-E30C-498A-8DD2-0EFB9150A02E,1674,3,3,6,8,4,3,27.9,0.10752688172043011,0.0047789725209080045,0.21505376344086022,0.14336917562724016,0.10752688172043011,2.6666666666666665,16,2.0,4.375,2.0,0.125,0.3645833333333333,75,412,0.0,0.0,0.0,0.8125,16,4.0,10.625,3.0,0.125,0.5729166666666666,212,412,0.0,0.0,0.0,0.625
val,"rho=0.1, theta=0.0009111",hmm,sensitivity_2,3600D531-0C55-44A7-AE95-A7A38519464E,1017,1,1,2,1,1,1,16.95,0.058997050147492625,0.0009832841691248771,0.11799410029498525,0.058997050147492625,0.058997050147492625,1.0,16,8.0,15.6875,3.5,0.5,0.70625,280,412,0.0,0.0,0.0,0.4375,16,4.0,11.0625,2.0,0.4375,0.6708333333333333,242,412,0.0,0.0,0.0,0.375
val,"rho=0.1, theta=0.0009111",hmm,sensitivity_2,4FC32141-E888-4BFF-8804-12559A491D8C,958,0,0,0,0,0,0,15.966666666666667,0.0,0.0,0.0,0.0,0.0,,16,20.0,25.75,20.0,1.0,1.0,412,412,0.0,0.0,0.0,0.0,16,20.0,25.75,20.0,1.0,1.0,412,412,0.0,0.0,0.0,0.0
val,"rho=0.1, theta=0.0009111",hmm,sensitivity_2,5119D0F8-FCA8-4184-A4EB-19421A40DE0D,1294,5,5,10,8,6,5,21.566666666666666,0.23183925811437403,0.0061823802163833074,0.46367851622874806,0.2782071097372488,0.23183925811437403,1.6,16,2.0,4.6875,2.0,0.125,0.37604166666666666,113,412,0.0,0.0,0.0,0.75,16,2.0,6.375,2.0,0.125,0.46249999999999997,142,412,0.0,0.0,0.0,0.875
val,"rho=0.1, theta=0.0009111",hmm,sensitivity_2,5152A2DF-FAF3-4BA8-9CA9-E66B32671A53,1294,1,1,2,1,1,1,21.566666666666666,0.04636785162287481,0.0007727975270479134,0.09273570324574962,0.04636785162287481,0.04636785162287481,1.0,16,3.0,11.0,3.0,0.3125,0.5729166666666666,212,412,0.0,0.0,0.0,0.625,16,2.0,4.75,2.0,0.1875,0.43229166666666663,102,412,0.0,0.0,0.0,0.8125
val,"rho=0.1, theta=0.0009111",hmm,sensitivity_2,5EF64122-B513-46AE-BCF1-E62AAC285D2C,753,1,1,2,1,1,1,12.55,0.0796812749003984,0.0013280212483399733,0.1593625498007968,0.0796812749003984,0.0796812749003984,1.0,16,2.0,3.75,2.0,0.125,0.3614583333333333,84,412,0.0,0.0,0.0,0.8125,16,2.0,2.5625,2.0,0.0625,0.3489583333333333,80,412,0.0,0.0,0.0,0.875
val,"rho=0.1, theta=0.0009111",hmm,sensitivity_2,61976C24-1C50-4355-9C49-AAE44A7D09F6,1717,0,0,0,0,0,0,28.616666666666667,0.0,0.0,0.0,0.0,0.0,,16,2.0,8.25,2.0,0.125,0.4875,148,412,0.0,0.0,0.0,0.6875,16,3.0,12.3125,2.5,0.375,0.5989583333333334,234,412,0.0,0.0,0.0,0.4375
val,"rho=0.1, theta=0.0009111",hmm,sensitivity_2,78A91A4E-4A51-4065-BDA7-94755F0BB3BB,2370,5,5,10,11,7,5,39.5,0.12658227848101267,0.004641350210970464,0.25316455696202533,0.17721518987341772,0.12658227848101267,2.2,16,2.5,7.0625,2.0,0.1875,0.5135416666666667,157,412,0.0,0.0,0.0,0.6875,16,3.0,12.125,2.5,0.3125,0.6177083333333333,268,412,0.0,0.0,0.0,0.375
val,"rho=0.1, theta=0.0009111",hmm,sensitivity_2,7CE37510-56D0-4120-A1CF-0E23351428D2,1923,1,1,2,1,1,1,32.05,0.031201248049921998,0.0005200208008320333,0.062402496099843996,0.031201248049921998,0.031201248049921998,1.0,16,3.0,9.3125,2.5,0.375,0.5302083333333333,154,412,0.0,0.0,0.0,0.625,16,3.5,8.0625,2.5,0.3125,0.5614583333333333,189,412,0.0,0.0,0.0,0.625
val,"rho=0.1, theta=0.0009111",hmm,sensitivity_2,8023FE1A-D3B0-4E2C-A57A-9321B7FC755F,1808,2,2,4,5,3,2,30.133333333333333,0.06637168141592921,0.0027654867256637168,0.13274336283185842,0.09955752212389381,0.06637168141592921,2.5,16,2.0,5.8125,2.0,0.125,0.38958333333333334,126,412,0.0,0.0,0.0,0.6875,16,2.0,2.625,2.0,0.125,0.34791666666666665,63,412,0.0,0.0,0.0,0.75
val,"rho=0.1, theta=0.0009111",hmm,sensitivity_2,83CF687B-7CEC-434B-9FE8-00C3D5799BE6,1879,0,0,0,0,0,0,31.316666666666666,0.0,0.0,0.0,0.0,0.0,,16,2.0,2.875,2.0,0.0625,0.29583333333333334,58,412,0.0,0.0,0.0,0.9375,16,2.0,8.375,2.0,0.25,0.5177083333333333,171,412,0.0,0.0,0.0,0.6875
val,"rho=0.1, theta=0.0009111",hmm,sensitivity_2,9759096F-1119-4E19-A0AD-6F16989C7E1C,1963,0,0,0,0,0,0,32.71666666666667,0.0,0.0,0.0,0.0,0.0,,16,9.5,16.875,3.0,0.5,0.71875,293,412,0.0,0.0,0.0,0.375,16,2.5,13.5625,2.0,0.3125,0.6177083333333333,255,412,0.0,0.0,0.0,0.4375
val,"rho=0.1, theta=0.0009111",hmm,sensitivity_2,9DC38D04-E82E-4F29-AB52-B476535226F2,1902,0,0,0,0,0,0,31.7,0.0,0.0,0.0,0.0,0.0,,16,2.0,8.1875,2.0,0.25,0.44479166666666664,137,412,0.0,0.0,0.0,0.75,16,3.0,7.3125,3.0,0.25,0.603125,220,412,0.0,0.0,0.0,0.5
val,"rho=0.1, theta=0.0009111",hmm,sensitivity_2,A5CDF89D-02A2-4EC1-89F8-F534FDABDD96,1179,3,3,6,6,5,3,19.65,0.15267175572519084,0.005089058524173028,0.3053435114503817,0.2544529262086514,0.15267175572519084,2.0,16,2.0,8.25,2.0,0.25,0.4739583333333333,152,412,0.0,0.0,0.0,0.6875,16,10.0,12.8125,4.0,0.375,0.7041666666666667,247,412,0.0,0.0,0.0,0.4375
val,"rho=0.1, theta=0.0009111",hmm,sensitivity_2,A76A5AF5-5A93-4CF2-A16E-62353BB70E8A,1475,0,0,0,0,0,0,24.583333333333332,0.0,0.0,0.0,0.0,0.0,,16,3.0,7.75,3.0,0.4375,0.6291666666666667,180,412,0.0,0.0,0.0,0.5,16,3.0,7.0625,3.0,0.375,0.6208333333333333,182,412,0.0,0.0,0.0,0.4375
val,"rho=0.1, theta=0.0009111",hmm,sensitivity_2,B09E373F-8A54-44C8-895B-0039390B859F,1598,2,2,4,2,3,2,26.633333333333333,0.07509386733416772,0.0012515644555694619,0.15018773466833543,0.11264080100125157,0.07509386733416772,1.0,16,5.5,10.5,3.0,0.4375,0.6947916666666667,244,412,0.0,0.0,0.0,0.5,16,9.0,16.8125,3.5,0.4375,0.7979166666666666,317,412,0.0,0.0,0.0,0.3125
val,"rho=0.1, theta=0.0009111",hmm,sensitivity_2,B9724848-C7E2-45F4-9B3F-A1F38D864495,1487,1,1,2,1,1,1,24.783333333333335,0.04034969737726967,0.0006724949562878278,0.08069939475453934,0.04034969737726967,0.04034969737726967,1.0,16,2.0,5.6875,2.0,0.1875,0.48541666666666666,133,412,0.0,0.0,0.0,0.6875,16,2.5,11.75,2.0,0.25,0.6041666666666666,206,412,0.0,0.0,0.0,0.625
val,"rho=0.1, theta=0.0009111",hmm,sensitivity_2,BE3CA5A6-A561-4BBD-B7C9-5DF6805400FC,1632,0,0,0,0,0,0,27.2,0.0,0.0,0.0,0.0,0.0,,16,10.0,21.625,8.0,0.875,0.9041666666666667,354,412,0.0,0.0,0.0,0.125,16,16.5,23.4375,12.5,0.9375,0.9697916666666667,383,412,0.0,0.0,0.0,0.0
val,"rho=0.1, theta=0.0009111",hmm,sensitivity_2,C48CE857-A0DD-4DDB-BEA5-3A25449B2153,977,0,0,0,0,0,0,16.283333333333335,0.0,0.0,0.0,0.0,0.0,,16,3.5,13.0625,3.0,0.375,0.60625,223,412,0.0,0.0,0.0,0.5,16,3.0,11.125,3.0,0.375,0.5760416666666667,199,412,0.0,0.0,0.0,0.5625
val,"rho=0.1, theta=0.0009111",hmm,sensitivity_2,CA820D43-E5E2-42EF-9798-BE56F776370B,1540,1,1,2,1,1,1,25.666666666666668,0.03896103896103896,0.0006493506493506494,0.07792207792207792,0.03896103896103896,0.03896103896103896,1.0,16,3.0,10.375,3.0,0.5,0.5958333333333333,178,412,0.0,0.0,0.0,0.4375,16,3.0,7.8125,2.5,0.375,0.5385416666666667,171,412,0.0,0.0,0.0,0.5625
val,"rho=0.1, theta=0.0009111",hmm,sensitivity_2,CDA3BBF7-6631-45E8-85BA-EEB416B32A3C,543,0,0,0,0,0,0,9.05,0.0,0.0,0.0,0.0,0.0,,16,2.0,2.8125,2.0,0.1875,0.428125,109,412,0.0,0.0,0.0,0.75,16,2.0,6.25,2.0,0.125,0.4239583333333333,125,412,0.0,0.0,0.0,0.8125
val,"rho=0.1, theta=0.0009111",hmm,sensitivity_2,CF722AA9-2533-4E51-9FEB-9EAC84EE9AAC,694,0,0,0,0,0,0,11.566666666666666,0.0,0.0,0.0,0.0,0.0,,16,10.0,22.375,9.0,0.75,0.8322916666666667,359,412,0.0,0.0,0.0,0.1875,16,10.0,20.6875,9.0,0.8125,0.88125,335,412,0.0,0.0,0.0,0.125
val,"rho=0.1, theta=0.0009111",hmm,sensitivity_2,D7D20E2E-FC78-405D-B346-DBD3FD8FC92B,1213,0,0,0,0,0,0,20.216666666666665,0.0,0.0,0.0,0.0,0.0,,16,2.0,7.0,2.0,0.25,0.528125,199,412,0.0,0.0,0.0,0.625,16,2.0,8.0625,2.0,0.1875,0.43125,144,412,0.0,0.0,0.0,0.75
val,"rho=0.1, theta=0.0009111",hmm,sensitivity_2,E65577C1-8D5D-4F70-AF23-B3ADB9D3DBA3,659,0,0,0,0,0,0,10.983333333333333,0.0,0.0,0.0,0.0,0.0,,16,4.0,9.1875,3.0,0.4375,0.6510416666666666,227,412,0.0,0.0,0.0,0.5,16,9.5,20.0625,7.5,0.4375,0.7864583333333333,351,412,0.0,0.0,0.0,0.5
val,"rho=0.1, theta=0.0009111",hmm,sensitivity_2,ECECC2AB-D32F-4F90-B74C-E12A1C69BBE2,677,1,1,2,3,1,1,11.283333333333333,0.08862629246676514,0.004431314623338257,0.17725258493353027,0.08862629246676514,0.08862629246676514,3.0,16,2.0,5.375,2.0,0.125,0.3875,104,412,0.0,0.0,0.0,0.875,16,2.0,11.25,2.0,0.375,0.5322916666666666,193,412,0.0,0.0,0.0,0.375
val,"rho=0.1, theta=0.0009111",hmm,sensitivity_2,FDAA70A1-42A3-4E3F-9AE3-3FDA412E03BF,966,4,4,8,5,6,4,16.1,0.24844720496894407,0.005175983436853002,0.49689440993788814,0.37267080745341613,0.24844720496894407,1.25,16,2.5,10.625,2.0,0.3125,0.584375,220,412,0.0,0.0,0.0,0.5625,16,2.0,5.4375,2.0,0.1875,0.44375,114,412,0.0,0.0,0.0,0.625
