target_name,mechanism,params_str,partition,genuine_uuid,run,frames,locks,unlocks,transitions,locked_frames,pp_events,pp_locks
primary,threshold,theta=0.04311,test,00EABED2-271D-49D8-B599-1D4A09240601,25,300,4,4,8,6,5,4
primary,threshold,theta=0.04311,test,00EABED2-271D-49D8-B599-1D4A09240601,42,96,11,11,22,35,18,10
primary,threshold,theta=0.04311,test,00EABED2-271D-49D8-B599-1D4A09240601,44,12,0,0,0,0,0,0
primary,threshold,theta=0.04311,test,098A72A5-E3E5-4F54-A152-BBDA0DF7B694,15,114,0,0,0,0,0,0
primary,threshold,theta=0.04311,test,098A72A5-E3E5-4F54-A152-BBDA0DF7B694,16,733,1,1,2,1,1,1
primary,threshold,theta=0.04311,test,098A72A5-E3E5-4F54-A152-BBDA0DF7B694,17,292,0,0,0,0,0,0
primary,threshold,theta=0.04311,test,098A72A5-E3E5-4F54-A152-BBDA0DF7B694,18,91,0,0,0,0,0,0
primary,threshold,theta=0.04311,test,098A72A5-E3E5-4F54-A152-BBDA0DF7B694,19,104,0,0,0,0,0,0
primary,threshold,theta=0.04311,test,0A986513-7828-4D53-AA1F-E02D6DF9561B,8,763,3,3,6,3,4,3
primary,threshold,theta=0.04311,test,11B5EC4D-4133-4289-B475-4E737182A406,7,1407,0,0,0,0,0,0
primary,threshold,theta=0.04311,test,11B5EC4D-4133-4289-B475-4E737182A406,8,333,0,0,0,0,0,0
primary,threshold,theta=0.04311,test,136562B6-95B2-483D-88DC-065F28409FD2,22,145,0,0,0,0,0,0
primary,threshold,theta=0.04311,test,136562B6-95B2-483D-88DC-065F28409FD2,23,747,0,0,0,0,0,0
primary,threshold,theta=0.04311,test,136562B6-95B2-483D-88DC-065F28409FD2,24,323,0,0,0,0,0,0
primary,threshold,theta=0.04311,test,1538C99F-BA1E-4EFB-A949-6C7C47701B20,30,406,1,1,2,1,1,1
primary,threshold,theta=0.04311,test,1538C99F-BA1E-4EFB-A949-6C7C47701B20,31,875,11,11,22,58,19,9
primary,threshold,theta=0.04311,test,24E40C4C-A349-4F9F-93AB-01D00FB994AF,18,68,0,0,0,0,0,0
primary,threshold,theta=0.04311,test,24E40C4C-A349-4F9F-93AB-01D00FB994AF,19,374,0,0,0,0,0,0
primary,threshold,theta=0.04311,test,24E40C4C-A349-4F9F-93AB-01D00FB994AF,20,166,0,0,0,0,0,0
primary,threshold,theta=0.04311,test,24E40C4C-A349-4F9F-93AB-01D00FB994AF,21,120,1,1,2,1,1,1
primary,threshold,theta=0.04311,test,24E40C4C-A349-4F9F-93AB-01D00FB994AF,22,198,0,0,0,0,0,0
primary,threshold,theta=0.04311,test,2C32C23E-E30C-498A-8DD2-0EFB9150A02E,11,377,0,0,0,0,0,0
primary,threshold,theta=0.04311,test,2C32C23E-E30C-498A-8DD2-0EFB9150A02E,12,1298,0,0,0,0,0,0
primary,threshold,theta=0.04311,test,3600D531-0C55-44A7-AE95-A7A38519464E,27,170,5,4,9,13,6,3
primary,threshold,theta=0.04311,test,3600D531-0C55-44A7-AE95-A7A38519464E,28,205,0,0,0,0,0,0
primary,threshold,theta=0.04311,test,3600D531-0C55-44A7-AE95-A7A38519464E,31,23,0,0,0,0,0,0
primary,threshold,theta=0.04311,test,3600D531-0C55-44A7-AE95-A7A38519464E,32,612,0,0,0,0,0,0
primary,threshold,theta=0.04311,test,3600D531-0C55-44A7-AE95-A7A38519464E,33,22,0,0,0,0,0,0
primary,threshold,theta=0.04311,test,4FC32141-E888-4BFF-8804-12559A491D8C,12,67,0,0,0,0,0,0
primary,threshold,theta=0.04311,test,4FC32141-E888-4BFF-8804-12559A491D8C,13,164,0,0,0,0,0,0
primary,threshold,theta=0.04311,test,4FC32141-E888-4BFF-8804-12559A491D8C,14,59,0,0,0,0,0,0
primary,threshold,theta=0.04311,test,4FC32141-E888-4BFF-8804-12559A491D8C,15,677,0,0,0,0,0,0
primary,threshold,theta=0.04311,test,5119D0F8-FCA8-4184-A4EB-19421A40DE0D,11,461,0,0,0,0,0,0
primary,threshold,theta=0.04311,test,5119D0F8-FCA8-4184-A4EB-19421A40DE0D,12,125,0,0,0,0,0,0
primary,threshold,theta=0.04311,test,5119D0F8-FCA8-4184-A4EB-19421A40DE0D,13,709,0,0,0,0,0,0
primary,threshold,theta=0.04311,test,5152A2DF-FAF3-4BA8-9CA9-E66B32671A53,9,775,3,3,6,7,5,3
primary,threshold,theta=0.04311,test,5152A2DF-FAF3-4BA8-9CA9-E66B32671A53,10,501,0,0,0,0,0,0
primary,threshold,theta=0.04311,test,5152A2DF-FAF3-4BA8-9CA9-E66B32671A53,11,19,0,0,0,0,0,0
primary,threshold,theta=0.04311,test,5EF64122-B513-46AE-BCF1-E62AAC285D2C,12,178,1,1,2,1,1,1
primary,threshold,theta=0.04311,test,5EF64122-B513-46AE-BCF1-E62AAC285D2C,13,576,1,1,2,1,1,1
primary,threshold,theta=0.04311,test,61976C24-1C50-4355-9C49-AAE44A7D09F6,48,1717,0,0,0,0,0,0
primary,threshold,theta=0.04311,test,78A91A4E-4A51-4065-BDA7-94755F0BB3BB,8,2371,14,14,28,18,17,14
primary,threshold,theta=0.04311,test,7CE37510-56D0-4120-A1CF-0E23351428D2,8,1924,3,3,6,3,3,3
primary,threshold,theta=0.04311,test,8023FE1A-D3B0-4E2C-A57A-9321B7FC755F,26,745,4,4,8,4,4,4
primary,threshold,theta=0.04311,test,8023FE1A-D3B0-4E2C-A57A-9321B7FC755F,27,1064,2,2,4,3,3,2
primary,threshold,theta=0.04311,test,83CF687B-7CEC-434B-9FE8-00C3D5799BE6,9,1394,15,15,30,19,18,15
primary,threshold,theta=0.04311,test,83CF687B-7CEC-434B-9FE8-00C3D5799BE6,10,485,0,0,0,0,0,0
primary,threshold,theta=0.04311,test,9759096F-1119-4E19-A0AD-6F16989C7E1C,6,776,19,19,38,34,29,19
primary,threshold,theta=0.04311,test,9759096F-1119-4E19-A0AD-6F16989C7E1C,7,1178,3,3,6,4,3,3
primary,threshold,theta=0.04311,test,9DC38D04-E82E-4F29-AB52-B476535226F2,20,1909,1,1,2,1,1,1
primary,threshold,theta=0.04311,test,A5CDF89D-02A2-4EC1-89F8-F534FDABDD96,16,350,0,0,0,0,0,0
primary,threshold,theta=0.04311,test,A5CDF89D-02A2-4EC1-89F8-F534FDABDD96,17,470,0,0,0,0,0,0
primary,threshold,theta=0.04311,test,A5CDF89D-02A2-4EC1-89F8-F534FDABDD96,18,359,0,0,0,0,0,0
primary,threshold,theta=0.04311,test,A76A5AF5-5A93-4CF2-A16E-62353BB70E8A,4,555,0,0,0,0,0,0
primary,threshold,theta=0.04311,test,A76A5AF5-5A93-4CF2-A16E-62353BB70E8A,5,920,0,0,0,0,0,0
primary,threshold,theta=0.04311,test,B09E373F-8A54-44C8-895B-0039390B859F,11,566,0,0,0,0,0,0
primary,threshold,theta=0.04311,test,B09E373F-8A54-44C8-895B-0039390B859F,12,833,0,0,0,0,0,0
primary,threshold,theta=0.04311,test,B09E373F-8A54-44C8-895B-0039390B859F,14,198,0,0,0,0,0,0
primary,threshold,theta=0.04311,test,B9724848-C7E2-45F4-9B3F-A1F38D864495,15,484,8,8,16,11,14,8
primary,threshold,theta=0.04311,test,B9724848-C7E2-45F4-9B3F-A1F38D864495,16,1013,24,24,48,32,41,24
primary,threshold,theta=0.04311,test,BE3CA5A6-A561-4BBD-B7C9-5DF6805400FC,18,223,0,0,0,0,0,0
primary,threshold,theta=0.04311,test,BE3CA5A6-A561-4BBD-B7C9-5DF6805400FC,19,1410,0,0,0,0,0,0
primary,threshold,theta=0.04311,test,C48CE857-A0DD-4DDB-BEA5-3A25449B2153,34,134,0,0,0,0,0,0
primary,threshold,theta=0.04311,test,C48CE857-A0DD-4DDB-BEA5-3A25449B2153,35,109,0,0,0,0,0,0
primary,threshold,theta=0.04311,test,C48CE857-A0DD-4DDB-BEA5-3A25449B2153,36,169,0,0,0,0,0,0
primary,threshold,theta=0.04311,test,C48CE857-A0DD-4DDB-BEA5-3A25449B2153,37,133,0,0,0,0,0,0
primary,threshold,theta=0.04311,test,C48CE857-A0DD-4DDB-BEA5-3A25449B2153,38,307,0,0,0,0,0,0
primary,threshold,theta=0.04311,test,C48CE857-A0DD-4DDB-BEA5-3A25449B2153,39,85,0,0,0,0,0,0
primary,threshold,theta=0.04311,test,CA820D43-E5E2-42EF-9798-BE56F776370B,10,997,9,9,18,13,11,9
primary,threshold,theta=0.04311,test,CA820D43-E5E2-42EF-9798-BE56F776370B,12,546,3,3,6,3,3,3
primary,threshold,theta=0.04311,test,CDA3BBF7-6631-45E8-85BA-EEB416B32A3C,5,537,1,1,2,1,1,1
primary,threshold,theta=0.04311,test,CF722AA9-2533-4E51-9FEB-9EAC84EE9AAC,11,112,0,0,0,0,0,0
primary,threshold,theta=0.04311,test,CF722AA9-2533-4E51-9FEB-9EAC84EE9AAC,12,371,0,0,0,0,0,0
primary,threshold,theta=0.04311,test,CF722AA9-2533-4E51-9FEB-9EAC84EE9AAC,13,138,0,0,0,0,0,0
primary,threshold,theta=0.04311,test,CF722AA9-2533-4E51-9FEB-9EAC84EE9AAC,14,73,0,0,0,0,0,0
primary,threshold,theta=0.04311,test,D7D20E2E-FC78-405D-B346-DBD3FD8FC92B,14,121,0,0,0,0,0,0
primary,threshold,theta=0.04311,test,D7D20E2E-FC78-405D-B346-DBD3FD8FC92B,15,826,3,3,6,3,3,3
primary,threshold,theta=0.04311,test,D7D20E2E-FC78-405D-B346-DBD3FD8FC92B,16,265,1,1,2,1,1,1
primary,threshold,theta=0.04311,test,E65577C1-8D5D-4F70-AF23-B3ADB9D3DBA3,5,657,16,16,32,21,27,16
primary,threshold,theta=0.04311,test,ECECC2AB-D32F-4F90-B74C-E12A1C69BBE2,17,603,0,0,0,0,0,0
primary,threshold,theta=0.04311,test,ECECC2AB-D32F-4F90-B74C-E12A1C69BBE2,18,74,0,0,0,0,0,0
primary,threshold,theta=0.04311,test,FDAA70A1-42A3-4E3F-9AE3-3FDA412E03BF,20,966,0,0,0,0,0,0
primary,moving_average,"k=2, theta=0.09975",test,00EABED2-271D-49D8-B599-1D4A09240601,25,300,2,2,4,4,2,2
primary,moving_average,"k=2, theta=0.09975",test,00EABED2-271D-49D8-B599-1D4A09240601,42,96,6,6,12,48,7,3
primary,moving_average,"k=2, theta=0.09975",test,00EABED2-271D-49D8-B599-1D4A09240601,44,12,0,0,0,0,0,0
primary,moving_average,"k=2, theta=0.09975",test,098A72A5-E3E5-4F54-A152-BBDA0DF7B694,15,114,0,0,0,0,0,0
primary,moving_average,"k=2, theta=0.09975",test,098A72A5-E3E5-4F54-A152-BBDA0DF7B694,16,733,0,0,0,0,0,0
primary,moving_average,"k=2, theta=0.09975",test,098A72A5-E3E5-4F54-A152-BBDA0DF7B694,17,292,0,0,0,0,0,0
primary,moving_average,"k=2, theta=0.09975",test,098A72A5-E3E5-4F54-A152-BBDA0DF7B694,18,91,0,0,0,0,0,0
primary,moving_average,"k=2, theta=0.09975",test,098A72A5-E3E5-4F54-A152-BBDA0DF7B694,19,104,0,0,0,0,0,0
primary,moving_average,"k=2, theta=0.09975",test,0A986513-7828-4D53-AA1F-E02D6DF9561B,8,763,1,1,2,5,1,1
primary,moving_average,"k=2, theta=0.09975",test,11B5EC4D-4133-4289-B475-4E737182A406,7,1407,0,0,0,0,0,0
primary,moving_average,"k=2, theta=0.09975",test,11B5EC4D-4133-4289-B475-4E737182A406,8,333,0,0,0,0,0,0
primary,moving_average,"k=2, theta=0.09975",test,136562B6-95B2-483D-88DC-065F28409FD2,22,145,0,0,0,0,0,0
primary,moving_average,"k=2, theta=0.09975",test,136562B6-95B2-483D-88DC-065F28409FD2,23,747,0,0,0,0,0,0
primary,moving_average,"k=2, theta=0.09975",test,136562B6-95B2-483D-88DC-065F28409FD2,24,323,0,0,0,0,0,0
primary,moving_average,"k=2, theta=0.09975",test,1538C99F-BA1E-4EFB-A949-6C7C47701B20,30,406,1,1,2,1,1,1
primary,moving_average,"k=2, theta=0.09975",test,1538C99F-BA1E-4EFB-A949-6C7C47701B20,31,875,1,1,2,74,0,0
primary,moving_average,"k=2, theta=0.09975",test,24E40C4C-A349-4F9F-93AB-01D00FB994AF,18,68,0,0,0,0,0,0
primary,moving_average,"k=2, theta=0.09975",test,24E40C4C-A349-4F9F-93AB-01D00FB994AF,19,374,1,1,2,3,1,1
primary,moving_average,"k=2, theta=0.09975",test,24E40C4C-A349-4F9F-93AB-01D00FB994AF,20,166,0,0,0,0,0,0
primary,moving_average,"k=2, theta=0.09975",test,24E40C4C-A349-4F9F-93AB-01D00FB994AF,21,120,0,0,0,0,0,0
primary,moving_average,"k=2, theta=0.09975",test,24E40C4C-A349-4F9F-93AB-01D00FB994AF,22,198,0,0,0,0,0,0
primary,moving_average,"k=2, theta=0.09975",test,2C32C23E-E30C-498A-8DD2-0EFB9150A02E,11,377,0,0,0,0,0,0
primary,moving_average,"k=2, theta=0.09975",test,2C32C23E-E30C-498A-8DD2-0EFB9150A02E,12,1298,1,1,2,2,1,1
primary,moving_average,"k=2, theta=0.09975",test,3600D531-0C55-44A7-AE95-A7A38519464E,27,170,2,2,4,12,2,1
primary,moving_average,"k=2, theta=0.09975",test,3600D531-0C55-44A7-AE95-A7A38519464E,28,205,0,0,0,0,0,0
primary,moving_average,"k=2, theta=0.09975",test,3600D531-0C55-44A7-AE95-A7A38519464E,31,23,0,0,0,0,0,0
primary,moving_average,"k=2, theta=0.09975",test,3600D531-0C55-44A7-AE95-A7A38519464E,32,612,0,0,0,0,0,0
primary,moving_average,"k=2, theta=0.09975",test,3600D531-0C55-44A7-AE95-A7A38519464E,33,22,0,0,0,0,0,0
primary,moving_average,"k=2, theta=0.09975",test,4FC32141-E888-4BFF-8804-12559A491D8C,12,67,0,0,0,0,0,0
primary,moving_average,"k=2, theta=0.09975",test,4FC32141-E888-4BFF-8804-12559A491D8C,13,164,0,0,0,0,0,0
primary,moving_average,"k=2, theta=0.09975",test,4FC32141-E888-4BFF-8804-12559A491D8C,14,59,0,0,0,0,0,0
primary,moving_average,"k=2, theta=0.09975",test,4FC32141-E888-4BFF-8804-12559A491D8C,15,677,0,0,0,0,0,0
primary,moving_average,"k=2, theta=0.09975",test,5119D0F8-FCA8-4184-A4EB-19421A40DE0D,11,461,1,1,2,1,1,1
primary,moving_average,"k=2, theta=0.09975",test,5119D0F8-FCA8-4184-A4EB-19421A40DE0D,12,125,1,1,2,2,1,1
primary,moving_average,"k=2, theta=0.09975",test,5119D0F8-FCA8-4184-A4EB-19421A40DE0D,13,709,0,0,0,0,0,0
primary,moving_average,"k=2, theta=0.09975",test,5152A2DF-FAF3-4BA8-9CA9-E66B32671A53,9,775,1,1,2,8,0,0
primary,moving_average,"k=2, theta=0.09975",test,5152A2DF-FAF3-4BA8-9CA9-E66B32671A53,10,501,0,0,0,0,0,0
primary,moving_average,"k=2, theta=0.09975",test,5152A2DF-FAF3-4BA8-9CA9-E66B32671A53,11,19,0,0,0,0,0,0
primary,moving_average,"k=2, theta=0.09975",test,5EF64122-B513-46AE-BCF1-E62AAC285D2C,12,178,1,1,2,1,1,1
primary,moving_average,"k=2, theta=0.09975",test,5EF64122-B513-46AE-BCF1-E62AAC285D2C,13,576,1,1,2,1,1,1
primary,moving_average,"k=2, theta=0.09975",test,61976C24-1C50-4355-9C49-AAE44A7D09F6,48,1717,0,0,0,0,0,0
primary,moving_average,"k=2, theta=0.09975",test,78A91A4E-4A51-4065-BDA7-94755F0BB3BB,8,2371,14,14,28,21,17,14
primary,moving_average,"k=2, theta=0.09975",test,7CE37510-56D0-4120-A1CF-0E23351428D2,8,1924,2,2,4,2,2,2
primary,moving_average,"k=2, theta=0.09975",test,8023FE1A-D3B0-4E2C-A57A-9321B7FC755F,26,745,2,2,4,2,2,2
primary,moving_average,"k=2, theta=0.09975",test,8023FE1A-D3B0-4E2C-A57A-9321B7FC755F,27,1064,1,1,2,4,1,1
primary,moving_average,"k=2, theta=0.09975",test,83CF687B-7CEC-434B-9FE8-00C3D5799BE6,9,1394,25,25,50,48,36,25
primary,moving_average,"k=2, theta=0.09975",test,83CF687B-7CEC-434B-9FE8-00C3D5799BE6,10,485,0,0,0,0,0,0
primary,moving_average,"k=2, theta=0.09975",test,9759096F-1119-4E19-A0AD-6F16989C7E1C,6,776,19,19,38,60,25,16
primary,moving_average,"k=2, theta=0.09975",test,9759096F-1119-4E19-A0AD-6F16989C7E1C,7,1178,1,1,2,1,1,1
primary,moving_average,"k=2, theta=0.09975",test,9DC38D04-E82E-4F29-AB52-B476535226F2,20,1909,1,1,2,1,1,1
primary,moving_average,"k=2, theta=0.09975",test,A5CDF89D-02A2-4EC1-89F8-F534FDABDD96,16,350,0,0,0,0,0,0
primary,moving_average,"k=2, theta=0.09975",test,A5CDF89D-02A2-4EC1-89F8-F534FDABDD96,17,470,0,0,0,0,0,0
primary,moving_average,"k=2, theta=0.09975",test,A5CDF89D-02A2-4EC1-89F8-F534FDABDD96,18,359,0,0,0,0,0,0
primary,moving_average,"k=2, theta=0.09975",test,A76A5AF5-5A93-4CF2-A16E-62353BB70E8A,4,555,0,0,0,0,0,0
primary,moving_average,"k=2, theta=0.09975",test,A76A5AF5-5A93-4CF2-A16E-62353BB70E8A,5,920,0,0,0,0,0,0
primary,moving_average,"k=2, theta=0.09975",test,B09E373F-8A54-44C8-895B-0039390B859F,11,566,0,0,0,0,0,0
primary,moving_average,"k=2, theta=0.09975",test,B09E373F-8A54-44C8-895B-0039390B859F,12,833,0,0,0,0,0,0
primary,moving_average,"k=2, theta=0.09975",test,B09E373F-8A54-44C8-895B-0039390B859F,14,198,0,0,0,0,0,0
primary,moving_average,"k=2, theta=0.09975",test,B9724848-C7E2-45F4-9B3F-A1F38D864495,15,484,8,8,16,15,14,8
primary,moving_average,"k=2, theta=0.09975",test,B9724848-C7E2-45F4-9B3F-A1F38D864495,16,1013,16,16,32,40,22,14
primary,moving_average,"k=2, theta=0.09975",test,BE3CA5A6-A561-4BBD-B7C9-5DF6805400FC,18,223,0,0,0,0,0,0
primary,moving_average,"k=2, theta=0.09975",test,BE3CA5A6-A561-4BBD-B7C9-5DF6805400FC,19,1410,9,9,18,13,12,9
primary,moving_average,"k=2, theta=0.09975",test,C48CE857-A0DD-4DDB-BEA5-3A25449B2153,34,134,0,0,0,0,0,0
primary,moving_average,"k=2, theta=0.09975",test,C48CE857-A0DD-4DDB-BEA5-3A25449B2153,35,109,0,0,0,0,0,0
primary,moving_average,"k=2, theta=0.09975",test,C48CE857-A0DD-4DDB-BEA5-3A25449B2153,36,169,0,0,0,0,0,0
primary,moving_average,"k=2, theta=0.09975",test,C48CE857-A0DD-4DDB-BEA5-3A25449B2153,37,133,0,0,0,0,0,0
primary,moving_average,"k=2, theta=0.09975",test,C48CE857-A0DD-4DDB-BEA5-3A25449B2153,38,307,0,0,0,0,0,0
primary,moving_average,"k=2, theta=0.09975",test,C48CE857-A0DD-4DDB-BEA5-3A25449B2153,39,85,0,0,0,0,0,0
primary,moving_average,"k=2, theta=0.09975",test,CA820D43-E5E2-42EF-9798-BE56F776370B,10,997,9,9,18,9,11,9
primary,moving_average,"k=2, theta=0.09975",test,CA820D43-E5E2-42EF-9798-BE56F776370B,12,546,1,1,2,1,1,1
primary,moving_average,"k=2, theta=0.09975",test,CDA3BBF7-6631-45E8-85BA-EEB416B32A3C,5,537,2,2,4,3,3,2
primary,moving_average,"k=2, theta=0.09975",test,CF722AA9-2533-4E51-9FEB-9EAC84EE9AAC,11,112,0,0,0,0,0,0
primary,moving_average,"k=2, theta=0.09975",test,CF722AA9-2533-4E51-9FEB-9EAC84EE9AAC,12,371,1,1,2,2,1,1
primary,moving_average,"k=2, theta=0.09975",test,CF722AA9-2533-4E51-9FEB-9EAC84EE9AAC,13,138,0,0,0,0,0,0
primary,moving_average,"k=2, theta=0.09975",test,CF722AA9-2533-4E51-9FEB-9EAC84EE9AAC,14,73,1,1,2,1,1,1
primary,moving_average,"k=2, theta=0.09975",test,D7D20E2E-FC78-405D-B346-DBD3FD8FC92B,14,121,0,0,0,0,0,0
primary,moving_average,"k=2, theta=0.09975",test,D7D20E2E-FC78-405D-B346-DBD3FD8FC92B,15,826,1,1,2,1,1,1
primary,moving_average,"k=2, theta=0.09975",test,D7D20E2E-FC78-405D-B346-DBD3FD8FC92B,16,265,1,1,2,2,1,1
primary,moving_average,"k=2, theta=0.09975",test,E65577C1-8D5D-4F70-AF23-B3ADB9D3DBA3,5,657,16,16,32,77,23,14
primary,moving_average,"k=2, theta=0.09975",test,ECECC2AB-D32F-4F90-B74C-E12A1C69BBE2,17,603,0,0,0,0,0,0
primary,moving_average,"k=2, theta=0.09975",test,ECECC2AB-D32F-4F90-B74C-E12A1C69BBE2,18,74,1,1,2,1,1,1
primary,moving_average,"k=2, theta=0.09975",test,FDAA70A1-42A3-4E3F-9AE3-3FDA412E03BF,20,966,4,4,8,6,5,4
primary,ewma,"alpha=0.7, theta=0.1091",test,00EABED2-271D-49D8-B599-1D4A09240601,25,300,3,3,6,6,3,3
primary,ewma,"alpha=0.7, theta=0.1091",test,00EABED2-271D-49D8-B599-1D4A09240601,42,96,7,7,14,53,9,4
primary,ewma,"alpha=0.7, theta=0.1091",test,00EABED2-271D-49D8-B599-1D4A09240601,44,12,0,0,0,0,0,0
primary,ewma,"alpha=0.7, theta=0.1091",test,098A72A5-E3E5-4F54-A152-BBDA0DF7B694,15,114,0,0,0,0,0,0
primary,ewma,"alpha=0.7, theta=0.1091",test,098A72A5-E3E5-4F54-A152-BBDA0DF7B694,16,733,0,0,0,0,0,0
primary,ewma,"alpha=0.7, theta=0.1091",test,098A72A5-E3E5-4F54-A152-BBDA0DF7B694,17,292,0,0,0,0,0,0
primary,ewma,"alpha=0.7, theta=0.1091",test,098A72A5-E3E5-4F54-A152-BBDA0DF7B694,18,91,0,0,0,0,0,0
primary,ewma,"alpha=0.7, theta=0.1091",test,098A72A5-E3E5-4F54-A152-BBDA0DF7B694,19,104,0,0,0,0,0,0
primary,ewma,"alpha=0.7, theta=0.1091",test,0A986513-7828-4D53-AA1F-E02D6DF9561B,8,763,2,2,4,7,2,1
primary,ewma,"alpha=0.7, theta=0.1091",test,11B5EC4D-4133-4289-B475-4E737182A406,7,1407,0,0,0,0,0,0
primary,ewma,"alpha=0.7, theta=0.1091",test,11B5EC4D-4133-4289-B475-4E737182A406,8,333,0,0,0,0,0,0
primary,ewma,"alpha=0.7, theta=0.1091",test,136562B6-95B2-483D-88DC-065F28409FD2,22,145,0,0,0,0,0,0
primary,ewma,"alpha=0.7, theta=0.1091",test,136562B6-95B2-483D-88DC-065F28409FD2,23,747,0,0,0,0,0,0
primary,ewma,"alpha=0.7, theta=0.1091",test,136562B6-95B2-483D-88DC-065F28409FD2,24,323,0,0,0,0,0,0
primary,ewma,"alpha=0.7, theta=0.1091",test,1538C99F-BA1E-4EFB-A949-6C7C47701B20,30,406,1,1,2,1,1,1
primary,ewma,"alpha=0.7, theta=0.1091",test,1538C99F-BA1E-4EFB-A949-6C7C47701B20,31,875,1,1,2,74,0,0
primary,ewma,"alpha=0.7, theta=0.1091",test,24E40C4C-A349-4F9F-93AB-01D00FB994AF,18,68,0,0,0,0,0,0
primary,ewma,"alpha=0.7, theta=0.1091",test,24E40C4C-A349-4F9F-93AB-01D00FB994AF,19,374,1,1,2,1,1,1
primary,ewma,"alpha=0.7, theta=0.1091",test,24E40C4C-A349-4F9F-93AB-01D00FB994AF,20,166,0,0,0,0,0,0
primary,ewma,"alpha=0.7, theta=0.1091",test,24E40C4C-A349-4F9F-93AB-01D00FB994AF,21,120,0,0,0,0,0,0
primary,ewma,"alpha=0.7, theta=0.1091",test,24E40C4C-A349-4F9F-93AB-01D00FB994AF,22,198,0,0,0,0,0,0
primary,ewma,"alpha=0.7, theta=0.1091",test,2C32C23E-E30C-498A-8DD2-0EFB9150A02E,11,377,0,0,0,0,0,0
primary,ewma,"alpha=0.7, theta=0.1091",test,2C32C23E-E30C-498A-8DD2-0EFB9150A02E,12,1298,1,1,2,2,1,1
primary,ewma,"alpha=0.7, theta=0.1091",test,3600D531-0C55-44A7-AE95-A7A38519464E,27,170,3,2,5,13,2,1
primary,ewma,"alpha=0.7, theta=0.1091",test,3600D531-0C55-44A7-AE95-A7A38519464E,28,205,0,0,0,0,0,0
primary,ewma,"alpha=0.7, theta=0.1091",test,3600D531-0C55-44A7-AE95-A7A38519464E,31,23,0,0,0,0,0,0
primary,ewma,"alpha=0.7, theta=0.1091",test,3600D531-0C55-44A7-AE95-A7A38519464E,32,612,0,0,0,0,0,0
primary,ewma,"alpha=0.7, theta=0.1091",test,3600D531-0C55-44A7-AE95-A7A38519464E,33,22,0,0,0,0,0,0
primary,ewma,"alpha=0.7, theta=0.1091",test,4FC32141-E888-4BFF-8804-12559A491D8C,12,67,0,0,0,0,0,0
primary,ewma,"alpha=0.7, theta=0.1091",test,4FC32141-E888-4BFF-8804-12559A491D8C,13,164,0,0,0,0,0,0
primary,ewma,"alpha=0.7, theta=0.1091",test,4FC32141-E888-4BFF-8804-12559A491D8C,14,59,0,0,0,0,0,0
primary,ewma,"alpha=0.7, theta=0.1091",test,4FC32141-E888-4BFF-8804-12559A491D8C,15,677,0,0,0,0,0,0
primary,ewma,"alpha=0.7, theta=0.1091",test,5119D0F8-FCA8-4184-A4EB-19421A40DE0D,11,461,1,1,2,1,1,1
primary,ewma,"alpha=0.7, theta=0.1091",test,5119D0F8-FCA8-4184-A4EB-19421A40DE0D,12,125,1,1,2,1,1,1
primary,ewma,"alpha=0.7, theta=0.1091",test,5119D0F8-FCA8-4184-A4EB-19421A40DE0D,13,709,0,0,0,0,0,0
primary,ewma,"alpha=0.7, theta=0.1091",test,5152A2DF-FAF3-4BA8-9CA9-E66B32671A53,9,775,1,1,2,8,0,0
primary,ewma,"alpha=0.7, theta=0.1091",test,5152A2DF-FAF3-4BA8-9CA9-E66B32671A53,10,501,0,0,0,0,0,0
primary,ewma,"alpha=0.7, theta=0.1091",test,5152A2DF-FAF3-4BA8-9CA9-E66B32671A53,11,19,0,0,0,0,0,0
primary,ewma,"alpha=0.7, theta=0.1091",test,5EF64122-B513-46AE-BCF1-E62AAC285D2C,12,178,0,0,0,0,0,0
primary,ewma,"alpha=0.7, theta=0.1091",test,5EF64122-B513-46AE-BCF1-E62AAC285D2C,13,576,0,0,0,0,0,0
primary,ewma,"alpha=0.7, theta=0.1091",test,61976C24-1C50-4355-9C49-AAE44A7D09F6,48,1717,0,0,0,0,0,0
primary,ewma,"alpha=0.7, theta=0.1091",test,78A91A4E-4A51-4065-BDA7-94755F0BB3BB,8,2371,11,11,22,17,14,11
primary,ewma,"alpha=0.7, theta=0.1091",test,7CE37510-56D0-4120-A1CF-0E23351428D2,8,1924,3,3,6,3,3,3
primary,ewma,"alpha=0.7, theta=0.1091",test,8023FE1A-D3B0-4E2C-A57A-9321B7FC755F,26,745,2,2,4,2,2,2
primary,ewma,"alpha=0.7, theta=0.1091",test,8023FE1A-D3B0-4E2C-A57A-9321B7FC755F,27,1064,1,1,2,4,1,1
primary,ewma,"alpha=0.7, theta=0.1091",test,83CF687B-7CEC-434B-9FE8-00C3D5799BE6,9,1394,28,28,56,53,41,28
primary,ewma,"alpha=0.7, theta=0.1091",test,83CF687B-7CEC-434B-9FE8-00C3D5799BE6,10,485,0,0,0,0,0,0
primary,ewma,"alpha=0.7, theta=0.1091",test,9759096F-1119-4E19-A0AD-6F16989C7E1C,6,776,22,22,44,61,35,20
primary,ewma,"alpha=0.7, theta=0.1091",test,9759096F-1119-4E19-A0AD-6F16989C7E1C,7,1178,1,1,2,1,1,1
primary,ewma,"alpha=0.7, theta=0.1091",test,9DC38D04-E82E-4F29-AB52-B476535226F2,20,1909,1,1,2,1,1,1
primary,ewma,"alpha=0.7, theta=0.1091",test,A5CDF89D-02A2-4EC1-89F8-F534FDABDD96,16,350,0,0,0,0,0,0
primary,ewma,"alpha=0.7, theta=0.1091",test,A5CDF89D-02A2-4EC1-89F8-F534FDABDD96,17,470,0,0,0,0,0,0
primary,ewma,"alpha=0.7, theta=0.1091",test,A5CDF89D-02A2-4EC1-89F8-F534FDABDD96,18,359,0,0,0,0,0,0
primary,ewma,"alpha=0.7, theta=0.1091",test,A76A5AF5-5A93-4CF2-A16E-62353BB70E8A,4,555,0,0,0,0,0,0
primary,ewma,"alpha=0.7, theta=0.1091",test,A76A5AF5-5A93-4CF2-A16E-62353BB70E8A,5,920,0,0,0,0,0,0
primary,ewma,"alpha=0.7, theta=0.1091",test,B09E373F-8A54-44C8-895B-0039390B859F,11,566,0,0,0,0,0,0
primary,ewma,"alpha=0.7, theta=0.1091",test,B09E373F-8A54-44C8-895B-0039390B859F,12,833,0,0,0,0,0,0
primary,ewma,"alpha=0.7, theta=0.1091",test,B09E373F-8A54-44C8-895B-0039390B859F,14,198,0,0,0,0,0,0
primary,ewma,"alpha=0.7, theta=0.1091",test,B9724848-C7E2-45F4-9B3F-A1F38D864495,15,484,9,9,18,18,15,8
primary,ewma,"alpha=0.7, theta=0.1091",test,B9724848-C7E2-45F4-9B3F-A1F38D864495,16,1013,20,20,40,43,31,18
primary,ewma,"alpha=0.7, theta=0.1091",test,BE3CA5A6-A561-4BBD-B7C9-5DF6805400FC,18,223,0,0,0,0,0,0
primary,ewma,"alpha=0.7, theta=0.1091",test,BE3CA5A6-A561-4BBD-B7C9-5DF6805400FC,19,1410,10,10,20,22,14,9
primary,ewma,"alpha=0.7, theta=0.1091",test,C48CE857-A0DD-4DDB-BEA5-3A25449B2153,34,134,0,0,0,0,0,0
primary,ewma,"alpha=0.7, theta=0.1091",test,C48CE857-A0DD-4DDB-BEA5-3A25449B2153,35,109,0,0,0,0,0,0
primary,ewma,"alpha=0.7, theta=0.1091",test,C48CE857-A0DD-4DDB-BEA5-3A25449B2153,36,169,0,0,0,0,0,0
primary,ewma,"alpha=0.7, theta=0.1091",test,C48CE857-A0DD-4DDB-BEA5-3A25449B2153,37,133,0,0,0,0,0,0
primary,ewma,"alpha=0.7, theta=0.1091",test,C48CE857-A0DD-4DDB-BEA5-3A25449B2153,38,307,0,0,0,0,0,0
primary,ewma,"alpha=0.7, theta=0.1091",test,C48CE857-A0DD-4DDB-BEA5-3A25449B2153,39,85,0,0,0,0,0,0
primary,ewma,"alpha=0.7, theta=0.1091",test,CA820D43-E5E2-42EF-9798-BE56F776370B,10,997,8,8,16,10,10,8
primary,ewma,"alpha=0.7, theta=0.1091",test,CA820D43-E5E2-42EF-9798-BE56F776370B,12,546,1,1,2,1,1,1
primary,ewma,"alpha=0.7, theta=0.1091",test,CDA3BBF7-6631-45E8-85BA-EEB416B32A3C,5,537,2,2,4,2,3,2
primary,ewma,"alpha=0.7, theta=0.1091",test,CF722AA9-2533-4E51-9FEB-9EAC84EE9AAC,11,112,0,0,0,0,0,0
primary,ewma,"alpha=0.7, theta=0.1091",test,CF722AA9-2533-4E51-9FEB-9EAC84EE9AAC,12,371,1,1,2,2,1,1
primary,ewma,"alpha=0.7, theta=0.1091",test,CF722AA9-2533-4E51-9FEB-9EAC84EE9AAC,13,138,0,0,0,0,0,0
primary,ewma,"alpha=0.7, theta=0.1091",test,CF722AA9-2533-4E51-9FEB-9EAC84EE9AAC,14,73,0,0,0,0,0,0
primary,ewma,"alpha=0.7, theta=0.1091",test,D7D20E2E-FC78-405D-B346-DBD3FD8FC92B,14,121,0,0,0,0,0,0
primary,ewma,"alpha=0.7, theta=0.1091",test,D7D20E2E-FC78-405D-B346-DBD3FD8FC92B,15,826,2,2,4,2,2,2
primary,ewma,"alpha=0.7, theta=0.1091",test,D7D20E2E-FC78-405D-B346-DBD3FD8FC92B,16,265,2,2,4,2,3,2
primary,ewma,"alpha=0.7, theta=0.1091",test,E65577C1-8D5D-4F70-AF23-B3ADB9D3DBA3,5,657,17,17,34,78,26,15
primary,ewma,"alpha=0.7, theta=0.1091",test,ECECC2AB-D32F-4F90-B74C-E12A1C69BBE2,17,603,0,0,0,0,0,0
primary,ewma,"alpha=0.7, theta=0.1091",test,ECECC2AB-D32F-4F90-B74C-E12A1C69BBE2,18,74,0,0,0,0,0,0
primary,ewma,"alpha=0.7, theta=0.1091",test,FDAA70A1-42A3-4E3F-9AE3-3FDA412E03BF,20,966,4,4,8,6,5,4
primary,majority_vote,"k=3, theta=0.1091",test,00EABED2-271D-49D8-B599-1D4A09240601,25,300,2,2,4,7,2,2
primary,majority_vote,"k=3, theta=0.1091",test,00EABED2-271D-49D8-B599-1D4A09240601,42,96,3,3,6,58,1,0
primary,majority_vote,"k=3, theta=0.1091",test,00EABED2-271D-49D8-B599-1D4A09240601,44,12,0,0,0,0,0,0
primary,majority_vote,"k=3, theta=0.1091",test,098A72A5-E3E5-4F54-A152-BBDA0DF7B694,15,114,0,0,0,0,0,0
primary,majority_vote,"k=3, theta=0.1091",test,098A72A5-E3E5-4F54-A152-BBDA0DF7B694,16,733,0,0,0,0,0,0
primary,majority_vote,"k=3, theta=0.1091",test,098A72A5-E3E5-4F54-A152-BBDA0DF7B694,17,292,0,0,0,0,0,0
primary,majority_vote,"k=3, theta=0.1091",test,098A72A5-E3E5-4F54-A152-BBDA0DF7B694,18,91,0,0,0,0,0,0
primary,majority_vote,"k=3, theta=0.1091",test,098A72A5-E3E5-4F54-A152-BBDA0DF7B694,19,104,0,0,0,0,0,0
primary,majority_vote,"k=3, theta=0.1091",test,0A986513-7828-4D53-AA1F-E02D6DF9561B,8,763,1,1,2,8,0,0
primary,majority_vote,"k=3, theta=0.1091",test,11B5EC4D-4133-4289-B475-4E737182A406,7,1407,0,0,0,0,0,0
primary,majority_vote,"k=3, theta=0.1091",test,11B5EC4D-4133-4289-B475-4E737182A406,8,333,0,0,0,0,0,0
primary,majority_vote,"k=3, theta=0.1091",test,136562B6-95B2-483D-88DC-065F28409FD2,22,145,0,0,0,0,0,0
primary,majority_vote,"k=3, theta=0.1091",test,136562B6-95B2-483D-88DC-065F28409FD2,23,747,0,0,0,0,0,0
primary,majority_vote,"k=3, theta=0.1091",test,136562B6-95B2-483D-88DC-065F28409FD2,24,323,0,0,0,0,0,0
primary,majority_vote,"k=3, theta=0.1091",test,1538C99F-BA1E-4EFB-A949-6C7C47701B20,30,406,1,1,2,2,1,1
primary,majority_vote,"k=3, theta=0.1091",test,1538C99F-BA1E-4EFB-A949-6C7C47701B20,31,875,1,1,2,75,0,0
primary,majority_vote,"k=3, theta=0.1091",test,24E40C4C-A349-4F9F-93AB-01D00FB994AF,18,68,0,0,0,0,0,0
primary,majority_vote,"k=3, theta=0.1091",test,24E40C4C-A349-4F9F-93AB-01D00FB994AF,19,374,1,1,2,4,1,1
primary,majority_vote,"k=3, theta=0.1091",test,24E40C4C-A349-4F9F-93AB-01D00FB994AF,20,166,0,0,0,0,0,0
primary,majority_vote,"k=3, theta=0.1091",test,24E40C4C-A349-4F9F-93AB-01D00FB994AF,21,120,0,0,0,0,0,0
primary,majority_vote,"k=3, theta=0.1091",test,24E40C4C-A349-4F9F-93AB-01D00FB994AF,22,198,0,0,0,0,0,0
primary,majority_vote,"k=3, theta=0.1091",test,2C32C23E-E30C-498A-8DD2-0EFB9150A02E,11,377,0,0,0,0,0,0
primary,majority_vote,"k=3, theta=0.1091",test,2C32C23E-E30C-498A-8DD2-0EFB9150A02E,12,1298,1,1,2,3,1,1
primary,majority_vote,"k=3, theta=0.1091",test,3600D531-0C55-44A7-AE95-A7A38519464E,27,170,3,2,5,15,3,1
primary,majority_vote,"k=3, theta=0.1091",test,3600D531-0C55-44A7-AE95-A7A38519464E,28,205,0,0,0,0,0,0
primary,majority_vote,"k=3, theta=0.1091",test,3600D531-0C55-44A7-AE95-A7A38519464E,31,23,0,0,0,0,0,0
primary,majority_vote,"k=3, theta=0.1091",test,3600D531-0C55-44A7-AE95-A7A38519464E,32,612,0,0,0,0,0,0
primary,majority_vote,"k=3, theta=0.1091",test,3600D531-0C55-44A7-AE95-A7A38519464E,33,22,0,0,0,0,0,0
primary,majority_vote,"k=3, theta=0.1091",test,4FC32141-E888-4BFF-8804-12559A491D8C,12,67,0,0,0,0,0,0
primary,majority_vote,"k=3, theta=0.1091",test,4FC32141-E888-4BFF-8804-12559A491D8C,13,164,0,0,0,0,0,0
primary,majority_vote,"k=3, theta=0.1091",test,4FC32141-E888-4BFF-8804-12559A491D8C,14,59,0,0,0,0,0,0
primary,majority_vote,"k=3, theta=0.1091",test,4FC32141-E888-4BFF-8804-12559A491D8C,15,677,0,0,0,0,0,0
primary,majority_vote,"k=3, theta=0.1091",test,5119D0F8-FCA8-4184-A4EB-19421A40DE0D,11,461,1,1,2,2,1,1
primary,majority_vote,"k=3, theta=0.1091",test,5119D0F8-FCA8-4184-A4EB-19421A40DE0D,12,125,1,1,2,2,1,1
primary,majority_vote,"k=3, theta=0.1091",test,5119D0F8-FCA8-4184-A4EB-19421A40DE0D,13,709,0,0,0,0,0,0
primary,majority_vote,"k=3, theta=0.1091",test,5152A2DF-FAF3-4BA8-9CA9-E66B32671A53,9,775,1,1,2,9,0,0
primary,majority_vote,"k=3, theta=0.1091",test,5152A2DF-FAF3-4BA8-9CA9-E66B32671A53,10,501,0,0,0,0,0,0
primary,majority_vote,"k=3, theta=0.1091",test,5152A2DF-FAF3-4BA8-9CA9-E66B32671A53,11,19,0,0,0,0,0,0
primary,majority_vote,"k=3, theta=0.1091",test,5EF64122-B513-46AE-BCF1-E62AAC285D2C,12,178,1,1,2,2,1,1
primary,majority_vote,"k=3, theta=0.1091",test,5EF64122-B513-46AE-BCF1-E62AAC285D2C,13,576,1,1,2,2,1,1
primary,majority_vote,"k=3, theta=0.1091",test,61976C24-1C50-4355-9C49-AAE44A7D09F6,48,1717,0,0,0,0,0,0
primary,majority_vote,"k=3, theta=0.1091",test,78A91A4E-4A51-4065-BDA7-94755F0BB3BB,8,2371,10,10,20,28,12,9
primary,majority_vote,"k=3, theta=0.1091",test,7CE37510-56D0-4120-A1CF-0E23351428D2,8,1924,4,4,8,7,4,4
primary,majority_vote,"k=3, theta=0.1091",test,8023FE1A-D3B0-4E2C-A57A-9321B7FC755F,26,745,2,2,4,3,2,2
primary,majority_vote,"k=3, theta=0.1091",test,8023FE1A-D3B0-4E2C-A57A-9321B7FC755F,27,1064,1,1,2,6,0,0
primary,majority_vote,"k=3, theta=0.1091",test,83CF687B-7CEC-434B-9FE8-00C3D5799BE6,9,1394,18,18,36,72,20,15
primary,majority_vote,"k=3, theta=0.1091",test,83CF687B-7CEC-434B-9FE8-00C3D5799BE6,10,485,0,0,0,0,0,0
primary,majority_vote,"k=3, theta=0.1091",test,9759096F-1119-4E19-A0AD-6F16989C7E1C,6,776,12,12,24,71,11,7
primary,majority_vote,"k=3, theta=0.1091",test,9759096F-1119-4E19-A0AD-6F16989C7E1C,7,1178,2,2,4,3,2,2
primary,majority_vote,"k=3, theta=0.1091",test,9DC38D04-E82E-4F29-AB52-B476535226F2,20,1909,0,0,0,0,0,0
primary,majority_vote,"k=3, theta=0.1091",test,A5CDF89D-02A2-4EC1-89F8-F534FDABDD96,16,350,0,0,0,0,0,0
primary,majority_vote,"k=3, theta=0.1091",test,A5CDF89D-02A2-4EC1-89F8-F534FDABDD96,17,470,1,1,2,1,1,1
primary,majority_vote,"k=3, theta=0.1091",test,A5CDF89D-02A2-4EC1-89F8-F534FDABDD96,18,359,0,0,0,0,0,0
primary,majority_vote,"k=3, theta=0.1091",test,A76A5AF5-5A93-4CF2-A16E-62353BB70E8A,4,555,0,0,0,0,0,0
primary,majority_vote,"k=3, theta=0.1091",test,A76A5AF5-5A93-4CF2-A16E-62353BB70E8A,5,920,0,0,0,0,0,0
primary,majority_vote,"k=3, theta=0.1091",test,B09E373F-8A54-44C8-895B-0039390B859F,11,566,0,0,0,0,0,0
primary,majority_vote,"k=3, theta=0.1091",test,B09E373F-8A54-44C8-895B-0039390B859F,12,833,0,0,0,0,0,0
primary,majority_vote,"k=3, theta=0.1091",test,B09E373F-8A54-44C8-895B-0039390B859F,14,198,1,1,2,1,1,1
primary,majority_vote,"k=3, theta=0.1091",test,B9724848-C7E2-45F4-9B3F-A1F38D864495,15,484,5,5,10,21,4,2
primary,majority_vote,"k=3, theta=0.1091",test,B9724848-C7E2-45F4-9B3F-A1F38D864495,16,1013,15,15,30,56,18,12
primary,majority_vote,"k=3, theta=0.1091",test,BE3CA5A6-A561-4BBD-B7C9-5DF6805400FC,18,223,0,0,0,0,0,0
primary,majority_vote,"k=3, theta=0.1091",test,BE3CA5A6-A561-4BBD-B7C9-5DF6805400FC,19,1410,10,10,20,28,16,10
primary,majority_vote,"k=3, theta=0.1091",test,C48CE857-A0DD-4DDB-BEA5-3A25449B2153,34,134,0,0,0,0,0,0
primary,majority_vote,"k=3, theta=0.1091",test,C48CE857-A0DD-4DDB-BEA5-3A25449B2153,35,109,0,0,0,0,0,0
primary,majority_vote,"k=3, theta=0.1091",test,C48CE857-A0DD-4DDB-BEA5-3A25449B2153,36,169,0,0,0,0,0,0
primary,majority_vote,"k=3, theta=0.1091",test,C48CE857-A0DD-4DDB-BEA5-3A25449B2153,37,133,0,0,0,0,0,0
primary,majority_vote,"k=3, theta=0.1091",test,C48CE857-A0DD-4DDB-BEA5-3A25449B2153,38,307,0,0,0,0,0,0
primary,majority_vote,"k=3, theta=0.1091",test,C48CE857-A0DD-4DDB-BEA5-3A25449B2153,39,85,0,0,0,0,0,0
primary,majority_vote,"k=3, theta=0.1091",test,CA820D43-E5E2-42EF-9798-BE56F776370B,10,997,7,7,14,18,7,7
primary,majority_vote,"k=3, theta=0.1091",test,CA820D43-E5E2-42EF-9798-BE56F776370B,12,546,1,1,2,2,1,1
primary,majority_vote,"k=3, theta=0.1091",test,CDA3BBF7-6631-45E8-85BA-EEB416B32A3C,5,537,1,1,2,5,1,1
primary,majority_vote,"k=3, theta=0.1091",test,CF722AA9-2533-4E51-9FEB-9EAC84EE9AAC,11,112,0,0,0,0,0,0
primary,majority_vote,"k=3, theta=0.1091",test,CF722AA9-2533-4E51-9FEB-9EAC84EE9AAC,12,371,1,1,2,3,1,1
primary,majority_vote,"k=3, theta=0.1091",test,CF722AA9-2533-4E51-9FEB-9EAC84EE9AAC,13,138,0,0,0,0,0,0
primary,majority_vote,"k=3, theta=0.1091",test,CF722AA9-2533-4E51-9FEB-9EAC84EE9AAC,14,73,1,1,2,1,1,1
primary,majority_vote,"k=3, theta=0.1091",test,D7D20E2E-FC78-405D-B346-DBD3FD8FC92B,14,121,0,0,0,0,0,0
primary,majority_vote,"k=3, theta=0.1091",test,D7D20E2E-FC78-405D-B346-DBD3FD8FC92B,15,826,4,4,8,6,4,4
primary,majority_vote,"k=3, theta=0.1091",test,D7D20E2E-FC78-405D-B346-DBD3FD8FC92B,16,265,1,1,2,2,1,1
primary,majority_vote,"k=3, theta=0.1091",test,E65577C1-8D5D-4F70-AF23-B3ADB9D3DBA3,5,657,15,15,30,95,19,12
primary,majority_vote,"k=3, theta=0.1091",test,ECECC2AB-D32F-4F90-B74C-E12A1C69BBE2,17,603,0,0,0,0,0,0
primary,majority_vote,"k=3, theta=0.1091",test,ECECC2AB-D32F-4F90-B74C-E12A1C69BBE2,18,74,1,1,2,2,1,1
primary,majority_vote,"k=3, theta=0.1091",test,FDAA70A1-42A3-4E3F-9AE3-3FDA412E03BF,20,966,3,3,6,7,4,3
primary,debounce,"T=2, theta=0.1545",test,00EABED2-271D-49D8-B599-1D4A09240601,25,300,3,3,6,8,4,3
primary,debounce,"T=2, theta=0.1545",test,00EABED2-271D-49D8-B599-1D4A09240601,42,96,3,2,5,63,1,1
primary,debounce,"T=2, theta=0.1545",test,00EABED2-271D-49D8-B599-1D4A09240601,44,12,0,0,0,0,0,0
primary,debounce,"T=2, theta=0.1545",test,098A72A5-E3E5-4F54-A152-BBDA0DF7B694,15,114,0,0,0,0,0,0
primary,debounce,"T=2, theta=0.1545",test,098A72A5-E3E5-4F54-A152-BBDA0DF7B694,16,733,0,0,0,0,0,0
primary,debounce,"T=2, theta=0.1545",test,098A72A5-E3E5-4F54-A152-BBDA0DF7B694,17,292,0,0,0,0,0,0
primary,debounce,"T=2, theta=0.1545",test,098A72A5-E3E5-4F54-A152-BBDA0DF7B694,18,91,0,0,0,0,0,0
primary,debounce,"T=2, theta=0.1545",test,098A72A5-E3E5-4F54-A152-BBDA0DF7B694,19,104,0,0,0,0,0,0
primary,debounce,"T=2, theta=0.1545",test,0A986513-7828-4D53-AA1F-E02D6DF9561B,8,763,1,1,2,8,0,0
primary,debounce,"T=2, theta=0.1545",test,11B5EC4D-4133-4289-B475-4E737182A406,7,1407,1,1,2,2,1,1
primary,debounce,"T=2, theta=0.1545",test,11B5EC4D-4133-4289-B475-4E737182A406,8,333,0,0,0,0,0,0
primary,debounce,"T=2, theta=0.1545",test,136562B6-95B2-483D-88DC-065F28409FD2,22,145,0,0,0,0,0,0
primary,debounce,"T=2, theta=0.1545",test,136562B6-95B2-483D-88DC-065F28409FD2,23,747,1,1,2,2,1,1
primary,debounce,"T=2, theta=0.1545",test,136562B6-95B2-483D-88DC-065F28409FD2,24,323,0,0,0,0,0,0
primary,debounce,"T=2, theta=0.1545",test,1538C99F-BA1E-4EFB-A949-6C7C47701B20,30,406,1,1,2,2,1,1
primary,debounce,"T=2, theta=0.1545",test,1538C99F-BA1E-4EFB-A949-6C7C47701B20,31,875,1,1,2,75,0,0
primary,debounce,"T=2, theta=0.1545",test,24E40C4C-A349-4F9F-93AB-01D00FB994AF,18,68,0,0,0,0,0,0
primary,debounce,"T=2, theta=0.1545",test,24E40C4C-A349-4F9F-93AB-01D00FB994AF,19,374,2,2,4,7,2,2
primary,debounce,"T=2, theta=0.1545",test,24E40C4C-A349-4F9F-93AB-01D00FB994AF,20,166,0,0,0,0,0,0
primary,debounce,"T=2, theta=0.1545",test,24E40C4C-A349-4F9F-93AB-01D00FB994AF,21,120,0,0,0,0,0,0
primary,debounce,"T=2, theta=0.1545",test,24E40C4C-A349-4F9F-93AB-01D00FB994AF,22,198,0,0,0,0,0,0
primary,debounce,"T=2, theta=0.1545",test,2C32C23E-E30C-498A-8DD2-0EFB9150A02E,11,377,0,0,0,0,0,0
primary,debounce,"T=2, theta=0.1545",test,2C32C23E-E30C-498A-8DD2-0EFB9150A02E,12,1298,1,1,2,3,1,1
primary,debounce,"T=2, theta=0.1545",test,3600D531-0C55-44A7-AE95-A7A38519464E,27,170,2,2,4,16,2,1
primary,debounce,"T=2, theta=0.1545",test,3600D531-0C55-44A7-AE95-A7A38519464E,28,205,0,0,0,0,0,0
primary,debounce,"T=2, theta=0.1545",test,3600D531-0C55-44A7-AE95-A7A38519464E,31,23,0,0,0,0,0,0
primary,debounce,"T=2, theta=0.1545",test,3600D531-0C55-44A7-AE95-A7A38519464E,32,612,0,0,0,0,0,0
primary,debounce,"T=2, theta=0.1545",test,3600D531-0C55-44A7-AE95-A7A38519464E,33,22,0,0,0,0,0,0
primary,debounce,"T=2, theta=0.1545",test,4FC32141-E888-4BFF-8804-12559A491D8C,12,67,0,0,0,0,0,0
primary,debounce,"T=2, theta=0.1545",test,4FC32141-E888-4BFF-8804-12559A491D8C,13,164,0,0,0,0,0,0
primary,debounce,"T=2, theta=0.1545",test,4FC32141-E888-4BFF-8804-12559A491D8C,14,59,0,0,0,0,0,0
primary,debounce,"T=2, theta=0.1545",test,4FC32141-E888-4BFF-8804-12559A491D8C,15,677,0,0,0,0,0,0
primary,debounce,"T=2, theta=0.1545",test,5119D0F8-FCA8-4184-A4EB-19421A40DE0D,11,461,1,1,2,2,1,1
primary,debounce,"T=2, theta=0.1545",test,5119D0F8-FCA8-4184-A4EB-19421A40DE0D,12,125,1,1,2,3,1,1
primary,debounce,"T=2, theta=0.1545",test,5119D0F8-FCA8-4184-A4EB-19421A40DE0D,13,709,0,0,0,0,0,0
primary,debounce,"T=2, theta=0.1545",test,5152A2DF-FAF3-4BA8-9CA9-E66B32671A53,9,775,1,1,2,9,0,0
primary,debounce,"T=2, theta=0.1545",test,5152A2DF-FAF3-4BA8-9CA9-E66B32671A53,10,501,0,0,0,0,0,0
primary,debounce,"T=2, theta=0.1545",test,5152A2DF-FAF3-4BA8-9CA9-E66B32671A53,11,19,0,0,0,0,0,0
primary,debounce,"T=2, theta=0.1545",test,5EF64122-B513-46AE-BCF1-E62AAC285D2C,12,178,1,1,2,2,1,1
primary,debounce,"T=2, theta=0.1545",test,5EF64122-B513-46AE-BCF1-E62AAC285D2C,13,576,1,1,2,2,1,1
primary,debounce,"T=2, theta=0.1545",test,61976C24-1C50-4355-9C49-AAE44A7D09F6,48,1717,0,0,0,0,0,0
primary,debounce,"T=2, theta=0.1545",test,78A91A4E-4A51-4065-BDA7-94755F0BB3BB,8,2371,12,12,24,49,11,9
primary,debounce,"T=2, theta=0.1545",test,7CE37510-56D0-4120-A1CF-0E23351428D2,8,1924,4,4,8,10,4,4
primary,debounce,"T=2, theta=0.1545",test,8023FE1A-D3B0-4E2C-A57A-9321B7FC755F,26,745,5,5,10,11,5,5
primary,debounce,"T=2, theta=0.1545",test,8023FE1A-D3B0-4E2C-A57A-9321B7FC755F,27,1064,1,1,2,9,0,0
primary,debounce,"T=2, theta=0.1545",test,83CF687B-7CEC-434B-9FE8-00C3D5799BE6,9,1394,17,17,34,107,14,10
primary,debounce,"T=2, theta=0.1545",test,83CF687B-7CEC-434B-9FE8-00C3D5799BE6,10,485,2,2,4,4,2,2
primary,debounce,"T=2, theta=0.1545",test,9759096F-1119-4E19-A0AD-6F16989C7E1C,6,776,14,14,28,104,17,8
primary,debounce,"T=2, theta=0.1545",test,9759096F-1119-4E19-A0AD-6F16989C7E1C,7,1178,2,2,4,4,2,2
primary,debounce,"T=2, theta=0.1545",test,9DC38D04-E82E-4F29-AB52-B476535226F2,20,1909,0,0,0,0,0,0
primary,debounce,"T=2, theta=0.1545",test,A5CDF89D-02A2-4EC1-89F8-F534FDABDD96,16,350,0,0,0,0,0,0
primary,debounce,"T=2, theta=0.1545",test,A5CDF89D-02A2-4EC1-89F8-F534FDABDD96,17,470,4,4,8,14,4,3
primary,debounce,"T=2, theta=0.1545",test,A5CDF89D-02A2-4EC1-89F8-F534FDABDD96,18,359,0,0,0,0,0,0
primary,debounce,"T=2, theta=0.1545",test,A76A5AF5-5A93-4CF2-A16E-62353BB70E8A,4,555,0,0,0,0,0,0
primary,debounce,"T=2, theta=0.1545",test,A76A5AF5-5A93-4CF2-A16E-62353BB70E8A,5,920,0,0,0,0,0,0
primary,debounce,"T=2, theta=0.1545",test,B09E373F-8A54-44C8-895B-0039390B859F,11,566,0,0,0,0,0,0
primary,debounce,"T=2, theta=0.1545",test,B09E373F-8A54-44C8-895B-0039390B859F,12,833,0,0,0,0,0,0
primary,debounce,"T=2, theta=0.1545",test,B09E373F-8A54-44C8-895B-0039390B859F,14,198,1,1,2,2,1,1
primary,debounce,"T=2, theta=0.1545",test,B9724848-C7E2-45F4-9B3F-A1F38D864495,15,484,4,4,8,29,2,0
primary,debounce,"T=2, theta=0.1545",test,B9724848-C7E2-45F4-9B3F-A1F38D864495,16,1013,13,13,26,73,15,9
primary,debounce,"T=2, theta=0.1545",test,BE3CA5A6-A561-4BBD-B7C9-5DF6805400FC,18,223,0,0,0,0,0,0
primary,debounce,"T=2, theta=0.1545",test,BE3CA5A6-A561-4BBD-B7C9-5DF6805400FC,19,1410,15,15,30,130,13,9
primary,debounce,"T=2, theta=0.1545",test,C48CE857-A0DD-4DDB-BEA5-3A25449B2153,34,134,0,0,0,0,0,0
primary,debounce,"T=2, theta=0.1545",test,C48CE857-A0DD-4DDB-BEA5-3A25449B2153,35,109,0,0,0,0,0,0
primary,debounce,"T=2, theta=0.1545",test,C48CE857-A0DD-4DDB-BEA5-3A25449B2153,36,169,0,0,0,0,0,0
primary,debounce,"T=2, theta=0.1545",test,C48CE857-A0DD-4DDB-BEA5-3A25449B2153,37,133,0,0,0,0,0,0
primary,debounce,"T=2, theta=0.1545",test,C48CE857-A0DD-4DDB-BEA5-3A25449B2153,38,307,0,0,0,0,0,0
primary,debounce,"T=2, theta=0.1545",test,C48CE857-A0DD-4DDB-BEA5-3A25449B2153,39,85,0,0,0,0,0,0
primary,debounce,"T=2, theta=0.1545",test,CA820D43-E5E2-42EF-9798-BE56F776370B,10,997,8,8,16,24,8,8
primary,debounce,"T=2, theta=0.1545",test,CA820D43-E5E2-42EF-9798-BE56F776370B,12,546,2,2,4,4,2,2
primary,debounce,"T=2, theta=0.1545",test,CDA3BBF7-6631-45E8-85BA-EEB416B32A3C,5,537,1,1,2,5,1,1
primary,debounce,"T=2, theta=0.1545",test,CF722AA9-2533-4E51-9FEB-9EAC84EE9AAC,11,112,0,0,0,0,0,0
primary,debounce,"T=2, theta=0.1545",test,CF722AA9-2533-4E51-9FEB-9EAC84EE9AAC,12,371,1,1,2,4,1,1
primary,debounce,"T=2, theta=0.1545",test,CF722AA9-2533-4E51-9FEB-9EAC84EE9AAC,13,138,0,0,0,0,0,0
primary,debounce,"T=2, theta=0.1545",test,CF722AA9-2533-4E51-9FEB-9EAC84EE9AAC,14,73,1,1,2,2,1,1
primary,debounce,"T=2, theta=0.1545",test,D7D20E2E-FC78-405D-B346-DBD3FD8FC92B,14,121,0,0,0,0,0,0
primary,debounce,"T=2, theta=0.1545",test,D7D20E2E-FC78-405D-B346-DBD3FD8FC92B,15,826,2,2,4,7,2,2
primary,debounce,"T=2, theta=0.1545",test,D7D20E2E-FC78-405D-B346-DBD3FD8FC92B,16,265,1,1,2,8,0,0
primary,debounce,"T=2, theta=0.1545",test,E65577C1-8D5D-4F70-AF23-B3ADB9D3DBA3,5,657,13,13,26,121,14,8
primary,debounce,"T=2, theta=0.1545",test,ECECC2AB-D32F-4F90-B74C-E12A1C69BBE2,17,603,0,0,0,0,0,0
primary,debounce,"T=2, theta=0.1545",test,ECECC2AB-D32F-4F90-B74C-E12A1C69BBE2,18,74,1,1,2,2,1,1
primary,debounce,"T=2, theta=0.1545",test,FDAA70A1-42A3-4E3F-9AE3-3FDA412E03BF,20,966,3,3,6,14,2,2
primary,margin,"m=0.3, theta=0.1978",test,00EABED2-271D-49D8-B599-1D4A09240601,25,300,3,3,6,8,3,3
primary,margin,"m=0.3, theta=0.1978",test,00EABED2-271D-49D8-B599-1D4A09240601,42,96,3,2,5,59,2,1
primary,margin,"m=0.3, theta=0.1978",test,00EABED2-271D-49D8-B599-1D4A09240601,44,12,0,0,0,0,0,0
primary,margin,"m=0.3, theta=0.1978",test,098A72A5-E3E5-4F54-A152-BBDA0DF7B694,15,114,0,0,0,0,0,0
primary,margin,"m=0.3, theta=0.1978",test,098A72A5-E3E5-4F54-A152-BBDA0DF7B694,16,733,1,1,2,1,1,1
primary,margin,"m=0.3, theta=0.1978",test,098A72A5-E3E5-4F54-A152-BBDA0DF7B694,17,292,0,0,0,0,0,0
primary,margin,"m=0.3, theta=0.1978",test,098A72A5-E3E5-4F54-A152-BBDA0DF7B694,18,91,0,0,0,0,0,0
primary,margin,"m=0.3, theta=0.1978",test,098A72A5-E3E5-4F54-A152-BBDA0DF7B694,19,104,0,0,0,0,0,0
primary,margin,"m=0.3, theta=0.1978",test,0A986513-7828-4D53-AA1F-E02D6DF9561B,8,763,2,2,4,7,1,1
primary,margin,"m=0.3, theta=0.1978",test,11B5EC4D-4133-4289-B475-4E737182A406,7,1407,0,0,0,0,0,0
primary,margin,"m=0.3, theta=0.1978",test,11B5EC4D-4133-4289-B475-4E737182A406,8,333,0,0,0,0,0,0
primary,margin,"m=0.3, theta=0.1978",test,136562B6-95B2-483D-88DC-065F28409FD2,22,145,0,0,0,0,0,0
primary,margin,"m=0.3, theta=0.1978",test,136562B6-95B2-483D-88DC-065F28409FD2,23,747,0,0,0,0,0,0
primary,margin,"m=0.3, theta=0.1978",test,136562B6-95B2-483D-88DC-065F28409FD2,24,323,0,0,0,0,0,0
primary,margin,"m=0.3, theta=0.1978",test,1538C99F-BA1E-4EFB-A949-6C7C47701B20,30,406,1,1,2,2,1,1
primary,margin,"m=0.3, theta=0.1978",test,1538C99F-BA1E-4EFB-A949-6C7C47701B20,31,875,1,1,2,75,0,0
primary,margin,"m=0.3, theta=0.1978",test,24E40C4C-A349-4F9F-93AB-01D00FB994AF,18,68,0,0,0,0,0,0
primary,margin,"m=0.3, theta=0.1978",test,24E40C4C-A349-4F9F-93AB-01D00FB994AF,19,374,1,1,2,5,1,1
primary,margin,"m=0.3, theta=0.1978",test,24E40C4C-A349-4F9F-93AB-01D00FB994AF,20,166,0,0,0,0,0,0
primary,margin,"m=0.3, theta=0.1978",test,24E40C4C-A349-4F9F-93AB-01D00FB994AF,21,120,1,1,2,1,1,1
primary,margin,"m=0.3, theta=0.1978",test,24E40C4C-A349-4F9F-93AB-01D00FB994AF,22,198,0,0,0,0,0,0
primary,margin,"m=0.3, theta=0.1978",test,2C32C23E-E30C-498A-8DD2-0EFB9150A02E,11,377,0,0,0,0,0,0
primary,margin,"m=0.3, theta=0.1978",test,2C32C23E-E30C-498A-8DD2-0EFB9150A02E,12,1298,0,0,0,0,0,0
primary,margin,"m=0.3, theta=0.1978",test,3600D531-0C55-44A7-AE95-A7A38519464E,27,170,2,1,3,22,1,0
primary,margin,"m=0.3, theta=0.1978",test,3600D531-0C55-44A7-AE95-A7A38519464E,28,205,0,0,0,0,0,0
primary,margin,"m=0.3, theta=0.1978",test,3600D531-0C55-44A7-AE95-A7A38519464E,31,23,0,0,0,0,0,0
primary,margin,"m=0.3, theta=0.1978",test,3600D531-0C55-44A7-AE95-A7A38519464E,32,612,0,0,0,0,0,0
primary,margin,"m=0.3, theta=0.1978",test,3600D531-0C55-44A7-AE95-A7A38519464E,33,22,0,0,0,0,0,0
primary,margin,"m=0.3, theta=0.1978",test,4FC32141-E888-4BFF-8804-12559A491D8C,12,67,0,0,0,0,0,0
primary,margin,"m=0.3, theta=0.1978",test,4FC32141-E888-4BFF-8804-12559A491D8C,13,164,0,0,0,0,0,0
primary,margin,"m=0.3, theta=0.1978",test,4FC32141-E888-4BFF-8804-12559A491D8C,14,59,0,0,0,0,0,0
primary,margin,"m=0.3, theta=0.1978",test,4FC32141-E888-4BFF-8804-12559A491D8C,15,677,0,0,0,0,0,0
primary,margin,"m=0.3, theta=0.1978",test,5119D0F8-FCA8-4184-A4EB-19421A40DE0D,11,461,0,0,0,0,0,0
primary,margin,"m=0.3, theta=0.1978",test,5119D0F8-FCA8-4184-A4EB-19421A40DE0D,12,125,0,0,0,0,0,0
primary,margin,"m=0.3, theta=0.1978",test,5119D0F8-FCA8-4184-A4EB-19421A40DE0D,13,709,0,0,0,0,0,0
primary,margin,"m=0.3, theta=0.1978",test,5152A2DF-FAF3-4BA8-9CA9-E66B32671A53,9,775,1,1,2,10,0,0
primary,margin,"m=0.3, theta=0.1978",test,5152A2DF-FAF3-4BA8-9CA9-E66B32671A53,10,501,0,0,0,0,0,0
primary,margin,"m=0.3, theta=0.1978",test,5152A2DF-FAF3-4BA8-9CA9-E66B32671A53,11,19,0,0,0,0,0,0
primary,margin,"m=0.3, theta=0.1978",test,5EF64122-B513-46AE-BCF1-E62AAC285D2C,12,178,1,1,2,1,1,1
primary,margin,"m=0.3, theta=0.1978",test,5EF64122-B513-46AE-BCF1-E62AAC285D2C,13,576,1,1,2,4,1,1
primary,margin,"m=0.3, theta=0.1978",test,61976C24-1C50-4355-9C49-AAE44A7D09F6,48,1717,0,0,0,0,0,0
primary,margin,"m=0.3, theta=0.1978",test,78A91A4E-4A51-4065-BDA7-94755F0BB3BB,8,2371,14,14,28,52,14,11
primary,margin,"m=0.3, theta=0.1978",test,7CE37510-56D0-4120-A1CF-0E23351428D2,8,1924,3,3,6,3,3,3
primary,margin,"m=0.3, theta=0.1978",test,8023FE1A-D3B0-4E2C-A57A-9321B7FC755F,26,745,4,4,8,5,4,4
primary,margin,"m=0.3, theta=0.1978",test,8023FE1A-D3B0-4E2C-A57A-9321B7FC755F,27,1064,1,1,2,5,1,1
primary,margin,"m=0.3, theta=0.1978",test,83CF687B-7CEC-434B-9FE8-00C3D5799BE6,9,1394,14,14,28,91,12,10
primary,margin,"m=0.3, theta=0.1978",test,83CF687B-7CEC-434B-9FE8-00C3D5799BE6,10,485,0,0,0,0,0,0
primary,margin,"m=0.3, theta=0.1978",test,9759096F-1119-4E19-A0AD-6F16989C7E1C,6,776,12,12,24,113,14,5
primary,margin,"m=0.3, theta=0.1978",test,9759096F-1119-4E19-A0AD-6F16989C7E1C,7,1178,3,3,6,4,3,3
primary,margin,"m=0.3, theta=0.1978",test,9DC38D04-E82E-4F29-AB52-B476535226F2,20,1909,1,1,2,7,0,0
primary,margin,"m=0.3, theta=0.1978",test,A5CDF89D-02A2-4EC1-89F8-F534FDABDD96,16,350,0,0,0,0,0,0
primary,margin,"m=0.3, theta=0.1978",test,A5CDF89D-02A2-4EC1-89F8-F534FDABDD96,17,470,0,0,0,0,0,0
primary,margin,"m=0.3, theta=0.1978",test,A5CDF89D-02A2-4EC1-89F8-F534FDABDD96,18,359,0,0,0,0,0,0
primary,margin,"m=0.3, theta=0.1978",test,A76A5AF5-5A93-4CF2-A16E-62353BB70E8A,4,555,0,0,0,0,0,0
primary,margin,"m=0.3, theta=0.1978",test,A76A5AF5-5A93-4CF2-A16E-62353BB70E8A,5,920,0,0,0,0,0,0
primary,margin,"m=0.3, theta=0.1978",test,B09E373F-8A54-44C8-895B-0039390B859F,11,566,0,0,0,0,0,0
primary,margin,"m=0.3, theta=0.1978",test,B09E373F-8A54-44C8-895B-0039390B859F,12,833,0,0,0,0,0,0
primary,margin,"m=0.3, theta=0.1978",test,B09E373F-8A54-44C8-895B-0039390B859F,14,198,0,0,0,0,0,0
primary,margin,"m=0.3, theta=0.1978",test,B9724848-C7E2-45F4-9B3F-A1F38D864495,15,484,3,3,6,29,2,1
primary,margin,"m=0.3, theta=0.1978",test,B9724848-C7E2-45F4-9B3F-A1F38D864495,16,1013,16,16,32,63,22,13
primary,margin,"m=0.3, theta=0.1978",test,BE3CA5A6-A561-4BBD-B7C9-5DF6805400FC,18,223,0,0,0,0,0,0
primary,margin,"m=0.3, theta=0.1978",test,BE3CA5A6-A561-4BBD-B7C9-5DF6805400FC,19,1410,0,0,0,0,0,0
primary,margin,"m=0.3, theta=0.1978",test,C48CE857-A0DD-4DDB-BEA5-3A25449B2153,34,134,0,0,0,0,0,0
primary,margin,"m=0.3, theta=0.1978",test,C48CE857-A0DD-4DDB-BEA5-3A25449B2153,35,109,0,0,0,0,0,0
primary,margin,"m=0.3, theta=0.1978",test,C48CE857-A0DD-4DDB-BEA5-3A25449B2153,36,169,0,0,0,0,0,0
primary,margin,"m=0.3, theta=0.1978",test,C48CE857-A0DD-4DDB-BEA5-3A25449B2153,37,133,0,0,0,0,0,0
primary,margin,"m=0.3, theta=0.1978",test,C48CE857-A0DD-4DDB-BEA5-3A25449B2153,38,307,0,0,0,0,0,0
primary,margin,"m=0.3, theta=0.1978",test,C48CE857-A0DD-4DDB-BEA5-3A25449B2153,39,85,0,0,0,0,0,0
primary,margin,"m=0.3, theta=0.1978",test,CA820D43-E5E2-42EF-9798-BE56F776370B,10,997,8,8,16,25,6,6
primary,margin,"m=0.3, theta=0.1978",test,CA820D43-E5E2-42EF-9798-BE56F776370B,12,546,3,3,6,4,3,3
primary,margin,"m=0.3, theta=0.1978",test,CDA3BBF7-6631-45E8-85BA-EEB416B32A3C,5,537,1,1,2,4,1,1
primary,margin,"m=0.3, theta=0.1978",test,CF722AA9-2533-4E51-9FEB-9EAC84EE9AAC,11,112,0,0,0,0,0,0
primary,margin,"m=0.3, theta=0.1978",test,CF722AA9-2533-4E51-9FEB-9EAC84EE9AAC,12,371,1,1,2,4,1,1
primary,margin,"m=0.3, theta=0.1978",test,CF722AA9-2533-4E51-9FEB-9EAC84EE9AAC,13,138,0,0,0,0,0,0
primary,margin,"m=0.3, theta=0.1978",test,CF722AA9-2533-4E51-9FEB-9EAC84EE9AAC,14,73,0,0,0,0,0,0
primary,margin,"m=0.3, theta=0.1978",test,D7D20E2E-FC78-405D-B346-DBD3FD8FC92B,14,121,0,0,0,0,0,0
primary,margin,"m=0.3, theta=0.1978",test,D7D20E2E-FC78-405D-B346-DBD3FD8FC92B,15,826,3,3,6,7,4,3
primary,margin,"m=0.3, theta=0.1978",test,D7D20E2E-FC78-405D-B346-DBD3FD8FC92B,16,265,1,1,2,1,1,1
primary,margin,"m=0.3, theta=0.1978",test,E65577C1-8D5D-4F70-AF23-B3ADB9D3DBA3,5,657,4,4,8,87,1,1
primary,margin,"m=0.3, theta=0.1978",test,ECECC2AB-D32F-4F90-B74C-E12A1C69BBE2,17,603,0,0,0,0,0,0
primary,margin,"m=0.3, theta=0.1978",test,ECECC2AB-D32F-4F90-B74C-E12A1C69BBE2,18,74,0,0,0,0,0,0
primary,margin,"m=0.3, theta=0.1978",test,FDAA70A1-42A3-4E3F-9AE3-3FDA412E03BF,20,966,1,1,2,11,0,0
primary,hysteresis,"m=0.3, T=2, theta=0.3318",test,00EABED2-271D-49D8-B599-1D4A09240601,25,300,3,3,6,29,2,1
primary,hysteresis,"m=0.3, T=2, theta=0.3318",test,00EABED2-271D-49D8-B599-1D4A09240601,42,96,3,2,5,63,1,1
primary,hysteresis,"m=0.3, T=2, theta=0.3318",test,00EABED2-271D-49D8-B599-1D4A09240601,44,12,0,0,0,0,0,0
primary,hysteresis,"m=0.3, T=2, theta=0.3318",test,098A72A5-E3E5-4F54-A152-BBDA0DF7B694,15,114,0,0,0,0,0,0
primary,hysteresis,"m=0.3, T=2, theta=0.3318",test,098A72A5-E3E5-4F54-A152-BBDA0DF7B694,16,733,0,0,0,0,0,0
primary,hysteresis,"m=0.3, T=2, theta=0.3318",test,098A72A5-E3E5-4F54-A152-BBDA0DF7B694,17,292,0,0,0,0,0,0
primary,hysteresis,"m=0.3, T=2, theta=0.3318",test,098A72A5-E3E5-4F54-A152-BBDA0DF7B694,18,91,0,0,0,0,0,0
primary,hysteresis,"m=0.3, T=2, theta=0.3318",test,098A72A5-E3E5-4F54-A152-BBDA0DF7B694,19,104,0,0,0,0,0,0
primary,hysteresis,"m=0.3, T=2, theta=0.3318",test,0A986513-7828-4D53-AA1F-E02D6DF9561B,8,763,1,1,2,16,0,0
primary,hysteresis,"m=0.3, T=2, theta=0.3318",test,11B5EC4D-4133-4289-B475-4E737182A406,7,1407,1,1,2,3,1,1
primary,hysteresis,"m=0.3, T=2, theta=0.3318",test,11B5EC4D-4133-4289-B475-4E737182A406,8,333,0,0,0,0,0,0
primary,hysteresis,"m=0.3, T=2, theta=0.3318",test,136562B6-95B2-483D-88DC-065F28409FD2,22,145,0,0,0,0,0,0
primary,hysteresis,"m=0.3, T=2, theta=0.3318",test,136562B6-95B2-483D-88DC-065F28409FD2,23,747,1,1,2,2,1,1
primary,hysteresis,"m=0.3, T=2, theta=0.3318",test,136562B6-95B2-483D-88DC-065F28409FD2,24,323,0,0,0,0,0,0
primary,hysteresis,"m=0.3, T=2, theta=0.3318",test,1538C99F-BA1E-4EFB-A949-6C7C47701B20,30,406,1,1,2,2,1,1
primary,hysteresis,"m=0.3, T=2, theta=0.3318",test,1538C99F-BA1E-4EFB-A949-6C7C47701B20,31,875,1,1,2,75,0,0
primary,hysteresis,"m=0.3, T=2, theta=0.3318",test,24E40C4C-A349-4F9F-93AB-01D00FB994AF,18,68,0,0,0,0,0,0
primary,hysteresis,"m=0.3, T=2, theta=0.3318",test,24E40C4C-A349-4F9F-93AB-01D00FB994AF,19,374,4,4,8,33,2,2
primary,hysteresis,"m=0.3, T=2, theta=0.3318",test,24E40C4C-A349-4F9F-93AB-01D00FB994AF,20,166,0,0,0,0,0,0
primary,hysteresis,"m=0.3, T=2, theta=0.3318",test,24E40C4C-A349-4F9F-93AB-01D00FB994AF,21,120,0,0,0,0,0,0
primary,hysteresis,"m=0.3, T=2, theta=0.3318",test,24E40C4C-A349-4F9F-93AB-01D00FB994AF,22,198,0,0,0,0,0,0
primary,hysteresis,"m=0.3, T=2, theta=0.3318",test,2C32C23E-E30C-498A-8DD2-0EFB9150A02E,11,377,0,0,0,0,0,0
primary,hysteresis,"m=0.3, T=2, theta=0.3318",test,2C32C23E-E30C-498A-8DD2-0EFB9150A02E,12,1298,2,2,4,8,2,2
primary,hysteresis,"m=0.3, T=2, theta=0.3318",test,3600D531-0C55-44A7-AE95-A7A38519464E,27,170,1,0,1,22,0,0
primary,hysteresis,"m=0.3, T=2, theta=0.3318",test,3600D531-0C55-44A7-AE95-A7A38519464E,28,205,0,0,0,0,0,0
primary,hysteresis,"m=0.3, T=2, theta=0.3318",test,3600D531-0C55-44A7-AE95-A7A38519464E,31,23,0,0,0,0,0,0
primary,hysteresis,"m=0.3, T=2, theta=0.3318",test,3600D531-0C55-44A7-AE95-A7A38519464E,32,612,0,0,0,0,0,0
primary,hysteresis,"m=0.3, T=2, theta=0.3318",test,3600D531-0C55-44A7-AE95-A7A38519464E,33,22,0,0,0,0,0,0
primary,hysteresis,"m=0.3, T=2, theta=0.3318",test,4FC32141-E888-4BFF-8804-12559A491D8C,12,67,1,0,1,9,0,0
primary,hysteresis,"m=0.3, T=2, theta=0.3318",test,4FC32141-E888-4BFF-8804-12559A491D8C,13,164,0,0,0,0,0,0
primary,hysteresis,"m=0.3, T=2, theta=0.3318",test,4FC32141-E888-4BFF-8804-12559A491D8C,14,59,0,0,0,0,0,0
primary,hysteresis,"m=0.3, T=2, theta=0.3318",test,4FC32141-E888-4BFF-8804-12559A491D8C,15,677,0,0,0,0,0,0
primary,hysteresis,"m=0.3, T=2, theta=0.3318",test,5119D0F8-FCA8-4184-A4EB-19421A40DE0D,11,461,1,1,2,2,1,1
primary,hysteresis,"m=0.3, T=2, theta=0.3318",test,5119D0F8-FCA8-4184-A4EB-19421A40DE0D,12,125,1,1,2,5,1,1
primary,hysteresis,"m=0.3, T=2, theta=0.3318",test,5119D0F8-FCA8-4184-A4EB-19421A40DE0D,13,709,1,1,2,4,1,1
primary,hysteresis,"m=0.3, T=2, theta=0.3318",test,5152A2DF-FAF3-4BA8-9CA9-E66B32671A53,9,775,1,1,2,10,0,0
primary,hysteresis,"m=0.3, T=2, theta=0.3318",test,5152A2DF-FAF3-4BA8-9CA9-E66B32671A53,10,501,0,0,0,0,0,0
primary,hysteresis,"m=0.3, T=2, theta=0.3318",test,5152A2DF-FAF3-4BA8-9CA9-E66B32671A53,11,19,0,0,0,0,0,0
primary,hysteresis,"m=0.3, T=2, theta=0.3318",test,5EF64122-B513-46AE-BCF1-E62AAC285D2C,12,178,1,1,2,2,1,1
primary,hysteresis,"m=0.3, T=2, theta=0.3318",test,5EF64122-B513-46AE-BCF1-E62AAC285D2C,13,576,1,0,1,4,0,0
primary,hysteresis,"m=0.3, T=2, theta=0.3318",test,61976C24-1C50-4355-9C49-AAE44A7D09F6,48,1717,0,0,0,0,0,0
primary,hysteresis,"m=0.3, T=2, theta=0.3318",test,78A91A4E-4A51-4065-BDA7-94755F0BB3BB,8,2371,13,13,26,120,7,5
primary,hysteresis,"m=0.3, T=2, theta=0.3318",test,7CE37510-56D0-4120-A1CF-0E23351428D2,8,1924,8,7,15,29,7,6
primary,hysteresis,"m=0.3, T=2, theta=0.3318",test,8023FE1A-D3B0-4E2C-A57A-9321B7FC755F,26,745,4,4,8,47,1,1
primary,hysteresis,"m=0.3, T=2, theta=0.3318",test,8023FE1A-D3B0-4E2C-A57A-9321B7FC755F,27,1064,3,3,6,25,2,2
primary,hysteresis,"m=0.3, T=2, theta=0.3318",test,83CF687B-7CEC-434B-9FE8-00C3D5799BE6,9,1394,17,17,34,199,10,6
primary,hysteresis,"m=0.3, T=2, theta=0.3318",test,83CF687B-7CEC-434B-9FE8-00C3D5799BE6,10,485,2,2,4,15,1,1
primary,hysteresis,"m=0.3, T=2, theta=0.3318",test,9759096F-1119-4E19-A0AD-6F16989C7E1C,6,776,4,4,8,150,3,2
primary,hysteresis,"m=0.3, T=2, theta=0.3318",test,9759096F-1119-4E19-A0AD-6F16989C7E1C,7,1178,3,3,6,20,2,2
primary,hysteresis,"m=0.3, T=2, theta=0.3318",test,9DC38D04-E82E-4F29-AB52-B476535226F2,20,1909,1,1,2,14,0,0
primary,hysteresis,"m=0.3, T=2, theta=0.3318",test,A5CDF89D-02A2-4EC1-89F8-F534FDABDD96,16,350,0,0,0,0,0,0
primary,hysteresis,"m=0.3, T=2, theta=0.3318",test,A5CDF89D-02A2-4EC1-89F8-F534FDABDD96,17,470,6,6,12,28,5,4
primary,hysteresis,"m=0.3, T=2, theta=0.3318",test,A5CDF89D-02A2-4EC1-89F8-F534FDABDD96,18,359,0,0,0,0,0,0
primary,hysteresis,"m=0.3, T=2, theta=0.3318",test,A76A5AF5-5A93-4CF2-A16E-62353BB70E8A,4,555,0,0,0,0,0,0
primary,hysteresis,"m=0.3, T=2, theta=0.3318",test,A76A5AF5-5A93-4CF2-A16E-62353BB70E8A,5,920,0,0,0,0,0,0
primary,hysteresis,"m=0.3, T=2, theta=0.3318",test,B09E373F-8A54-44C8-895B-0039390B859F,11,566,0,0,0,0,0,0
primary,hysteresis,"m=0.3, T=2, theta=0.3318",test,B09E373F-8A54-44C8-895B-0039390B859F,12,833,0,0,0,0,0,0
primary,hysteresis,"m=0.3, T=2, theta=0.3318",test,B09E373F-8A54-44C8-895B-0039390B859F,14,198,1,0,1,3,0,0
primary,hysteresis,"m=0.3, T=2, theta=0.3318",test,B9724848-C7E2-45F4-9B3F-A1F38D864495,15,484,3,2,5,48,0,0
primary,hysteresis,"m=0.3, T=2, theta=0.3318",test,B9724848-C7E2-45F4-9B3F-A1F38D864495,16,1013,6,6,12,162,3,1
primary,hysteresis,"m=0.3, T=2, theta=0.3318",test,BE3CA5A6-A561-4BBD-B7C9-5DF6805400FC,18,223,0,0,0,0,0,0
primary,hysteresis,"m=0.3, T=2, theta=0.3318",test,BE3CA5A6-A561-4BBD-B7C9-5DF6805400FC,19,1410,11,11,22,254,3,1
primary,hysteresis,"m=0.3, T=2, theta=0.3318",test,C48CE857-A0DD-4DDB-BEA5-3A25449B2153,34,134,0,0,0,0,0,0
primary,hysteresis,"m=0.3, T=2, theta=0.3318",test,C48CE857-A0DD-4DDB-BEA5-3A25449B2153,35,109,0,0,0,0,0,0
primary,hysteresis,"m=0.3, T=2, theta=0.3318",test,C48CE857-A0DD-4DDB-BEA5-3A25449B2153,36,169,0,0,0,0,0,0
primary,hysteresis,"m=0.3, T=2, theta=0.3318",test,C48CE857-A0DD-4DDB-BEA5-3A25449B2153,37,133,0,0,0,0,0,0
primary,hysteresis,"m=0.3, T=2, theta=0.3318",test,C48CE857-A0DD-4DDB-BEA5-3A25449B2153,38,307,0,0,0,0,0,0
primary,hysteresis,"m=0.3, T=2, theta=0.3318",test,C48CE857-A0DD-4DDB-BEA5-3A25449B2153,39,85,0,0,0,0,0,0
primary,hysteresis,"m=0.3, T=2, theta=0.3318",test,CA820D43-E5E2-42EF-9798-BE56F776370B,10,997,9,9,18,66,4,4
primary,hysteresis,"m=0.3, T=2, theta=0.3318",test,CA820D43-E5E2-42EF-9798-BE56F776370B,12,546,2,2,4,18,1,1
primary,hysteresis,"m=0.3, T=2, theta=0.3318",test,CDA3BBF7-6631-45E8-85BA-EEB416B32A3C,5,537,1,1,2,5,1,1
primary,hysteresis,"m=0.3, T=2, theta=0.3318",test,CF722AA9-2533-4E51-9FEB-9EAC84EE9AAC,11,112,0,0,0,0,0,0
primary,hysteresis,"m=0.3, T=2, theta=0.3318",test,CF722AA9-2533-4E51-9FEB-9EAC84EE9AAC,12,371,1,1,2,8,0,0
primary,hysteresis,"m=0.3, T=2, theta=0.3318",test,CF722AA9-2533-4E51-9FEB-9EAC84EE9AAC,13,138,0,0,0,0,0,0
primary,hysteresis,"m=0.3, T=2, theta=0.3318",test,CF722AA9-2533-4E51-9FEB-9EAC84EE9AAC,14,73,1,1,2,3,1,1
primary,hysteresis,"m=0.3, T=2, theta=0.3318",test,D7D20E2E-FC78-405D-B346-DBD3FD8FC92B,14,121,0,0,0,0,0,0
primary,hysteresis,"m=0.3, T=2, theta=0.3318",test,D7D20E2E-FC78-405D-B346-DBD3FD8FC92B,15,826,3,3,6,46,1,1
primary,hysteresis,"m=0.3, T=2, theta=0.3318",test,D7D20E2E-FC78-405D-B346-DBD3FD8FC92B,16,265,1,1,2,8,0,0
primary,hysteresis,"m=0.3, T=2, theta=0.3318",test,E65577C1-8D5D-4F70-AF23-B3ADB9D3DBA3,5,657,7,7,14,179,5,2
primary,hysteresis,"m=0.3, T=2, theta=0.3318",test,ECECC2AB-D32F-4F90-B74C-E12A1C69BBE2,17,603,0,0,0,0,0,0
primary,hysteresis,"m=0.3, T=2, theta=0.3318",test,ECECC2AB-D32F-4F90-B74C-E12A1C69BBE2,18,74,1,1,2,4,1,1
primary,hysteresis,"m=0.3, T=2, theta=0.3318",test,FDAA70A1-42A3-4E3F-9AE3-3FDA412E03BF,20,966,4,4,8,42,2,2
primary,trust,"r=0.5, tau=0.5, theta=0.4256",test,00EABED2-271D-49D8-B599-1D4A09240601,25,300,2,2,4,28,1,1
primary,trust,"r=0.5, tau=0.5, theta=0.4256",test,00EABED2-271D-49D8-B599-1D4A09240601,42,96,3,2,5,60,1,1
primary,trust,"r=0.5, tau=0.5, theta=0.4256",test,00EABED2-271D-49D8-B599-1D4A09240601,44,12,0,0,0,0,0,0
primary,trust,"r=0.5, tau=0.5, theta=0.4256",test,098A72A5-E3E5-4F54-A152-BBDA0DF7B694,15,114,0,0,0,0,0,0
primary,trust,"r=0.5, tau=0.5, theta=0.4256",test,098A72A5-E3E5-4F54-A152-BBDA0DF7B694,16,733,0,0,0,0,0,0
primary,trust,"r=0.5, tau=0.5, theta=0.4256",test,098A72A5-E3E5-4F54-A152-BBDA0DF7B694,17,292,0,0,0,0,0,0
primary,trust,"r=0.5, tau=0.5, theta=0.4256",test,098A72A5-E3E5-4F54-A152-BBDA0DF7B694,18,91,0,0,0,0,0,0
primary,trust,"r=0.5, tau=0.5, theta=0.4256",test,098A72A5-E3E5-4F54-A152-BBDA0DF7B694,19,104,0,0,0,0,0,0
primary,trust,"r=0.5, tau=0.5, theta=0.4256",test,0A986513-7828-4D53-AA1F-E02D6DF9561B,8,763,1,1,2,15,0,0
primary,trust,"r=0.5, tau=0.5, theta=0.4256",test,11B5EC4D-4133-4289-B475-4E737182A406,7,1407,1,1,2,2,1,1
primary,trust,"r=0.5, tau=0.5, theta=0.4256",test,11B5EC4D-4133-4289-B475-4E737182A406,8,333,0,0,0,0,0,0
primary,trust,"r=0.5, tau=0.5, theta=0.4256",test,136562B6-95B2-483D-88DC-065F28409FD2,22,145,0,0,0,0,0,0
primary,trust,"r=0.5, tau=0.5, theta=0.4256",test,136562B6-95B2-483D-88DC-065F28409FD2,23,747,0,0,0,0,0,0
primary,trust,"r=0.5, tau=0.5, theta=0.4256",test,136562B6-95B2-483D-88DC-065F28409FD2,24,323,1,1,2,2,1,1
primary,trust,"r=0.5, tau=0.5, theta=0.4256",test,1538C99F-BA1E-4EFB-A949-6C7C47701B20,30,406,0,0,0,0,0,0
primary,trust,"r=0.5, tau=0.5, theta=0.4256",test,1538C99F-BA1E-4EFB-A949-6C7C47701B20,31,875,1,1,2,75,0,0
primary,trust,"r=0.5, tau=0.5, theta=0.4256",test,24E40C4C-A349-4F9F-93AB-01D00FB994AF,18,68,0,0,0,0,0,0
primary,trust,"r=0.5, tau=0.5, theta=0.4256",test,24E40C4C-A349-4F9F-93AB-01D00FB994AF,19,374,8,8,16,59,7,4
primary,trust,"r=0.5, tau=0.5, theta=0.4256",test,24E40C4C-A349-4F9F-93AB-01D00FB994AF,20,166,0,0,0,0,0,0
primary,trust,"r=0.5, tau=0.5, theta=0.4256",test,24E40C4C-A349-4F9F-93AB-01D00FB994AF,21,120,0,0,0,0,0,0
primary,trust,"r=0.5, tau=0.5, theta=0.4256",test,24E40C4C-A349-4F9F-93AB-01D00FB994AF,22,198,0,0,0,0,0,0
primary,trust,"r=0.5, tau=0.5, theta=0.4256",test,2C32C23E-E30C-498A-8DD2-0EFB9150A02E,11,377,0,0,0,0,0,0
primary,trust,"r=0.5, tau=0.5, theta=0.4256",test,2C32C23E-E30C-498A-8DD2-0EFB9150A02E,12,1298,1,1,2,1,1,1
primary,trust,"r=0.5, tau=0.5, theta=0.4256",test,3600D531-0C55-44A7-AE95-A7A38519464E,27,170,1,0,1,21,0,0
primary,trust,"r=0.5, tau=0.5, theta=0.4256",test,3600D531-0C55-44A7-AE95-A7A38519464E,28,205,0,0,0,0,0,0
primary,trust,"r=0.5, tau=0.5, theta=0.4256",test,3600D531-0C55-44A7-AE95-A7A38519464E,31,23,0,0,0,0,0,0
primary,trust,"r=0.5, tau=0.5, theta=0.4256",test,3600D531-0C55-44A7-AE95-A7A38519464E,32,612,0,0,0,0,0,0
primary,trust,"r=0.5, tau=0.5, theta=0.4256",test,3600D531-0C55-44A7-AE95-A7A38519464E,33,22,0,0,0,0,0,0
primary,trust,"r=0.5, tau=0.5, theta=0.4256",test,4FC32141-E888-4BFF-8804-12559A491D8C,12,67,3,2,5,20,2,1
primary,trust,"r=0.5, tau=0.5, theta=0.4256",test,4FC32141-E888-4BFF-8804-12559A491D8C,13,164,0,0,0,0,0,0
primary,trust,"r=0.5, tau=0.5, theta=0.4256",test,4FC32141-E888-4BFF-8804-12559A491D8C,14,59,0,0,0,0,0,0
primary,trust,"r=0.5, tau=0.5, theta=0.4256",test,4FC32141-E888-4BFF-8804-12559A491D8C,15,677,0,0,0,0,0,0
primary,trust,"r=0.5, tau=0.5, theta=0.4256",test,5119D0F8-FCA8-4184-A4EB-19421A40DE0D,11,461,2,2,4,3,2,2
primary,trust,"r=0.5, tau=0.5, theta=0.4256",test,5119D0F8-FCA8-4184-A4EB-19421A40DE0D,12,125,1,1,2,3,1,1
primary,trust,"r=0.5, tau=0.5, theta=0.4256",test,5119D0F8-FCA8-4184-A4EB-19421A40DE0D,13,709,0,0,0,0,0,0
primary,trust,"r=0.5, tau=0.5, theta=0.4256",test,5152A2DF-FAF3-4BA8-9CA9-E66B32671A53,9,775,1,1,2,11,0,0
primary,trust,"r=0.5, tau=0.5, theta=0.4256",test,5152A2DF-FAF3-4BA8-9CA9-E66B32671A53,10,501,0,0,0,0,0,0
primary,trust,"r=0.5, tau=0.5, theta=0.4256",test,5152A2DF-FAF3-4BA8-9CA9-E66B32671A53,11,19,0,0,0,0,0,0
primary,trust,"r=0.5, tau=0.5, theta=0.4256",test,5EF64122-B513-46AE-BCF1-E62AAC285D2C,12,178,0,0,0,0,0,0
primary,trust,"r=0.5, tau=0.5, theta=0.4256",test,5EF64122-B513-46AE-BCF1-E62AAC285D2C,13,576,1,1,2,1,1,1
primary,trust,"r=0.5, tau=0.5, theta=0.4256",test,61976C24-1C50-4355-9C49-AAE44A7D09F6,48,1717,0,0,0,0,0,0
primary,trust,"r=0.5, tau=0.5, theta=0.4256",test,78A91A4E-4A51-4065-BDA7-94755F0BB3BB,8,2371,19,19,38,135,22,14
primary,trust,"r=0.5, tau=0.5, theta=0.4256",test,7CE37510-56D0-4120-A1CF-0E23351428D2,8,1924,5,4,9,28,3,3
primary,trust,"r=0.5, tau=0.5, theta=0.4256",test,8023FE1A-D3B0-4E2C-A57A-9321B7FC755F,26,745,5,5,10,26,4,3
primary,trust,"r=0.5, tau=0.5, theta=0.4256",test,8023FE1A-D3B0-4E2C-A57A-9321B7FC755F,27,1064,3,3,6,27,1,1
primary,trust,"r=0.5, tau=0.5, theta=0.4256",test,83CF687B-7CEC-434B-9FE8-00C3D5799BE6,9,1394,15,15,30,245,7,3
primary,trust,"r=0.5, tau=0.5, theta=0.4256",test,83CF687B-7CEC-434B-9FE8-00C3D5799BE6,10,485,1,1,2,19,0,0
primary,trust,"r=0.5, tau=0.5, theta=0.4256",test,9759096F-1119-4E19-A0AD-6F16989C7E1C,6,776,3,3,6,152,2,2
primary,trust,"r=0.5, tau=0.5, theta=0.4256",test,9759096F-1119-4E19-A0AD-6F16989C7E1C,7,1178,6,6,12,11,8,6
primary,trust,"r=0.5, tau=0.5, theta=0.4256",test,9DC38D04-E82E-4F29-AB52-B476535226F2,20,1909,3,3,6,22,2,1
primary,trust,"r=0.5, tau=0.5, theta=0.4256",test,A5CDF89D-02A2-4EC1-89F8-F534FDABDD96,16,350,0,0,0,0,0,0
primary,trust,"r=0.5, tau=0.5, theta=0.4256",test,A5CDF89D-02A2-4EC1-89F8-F534FDABDD96,17,470,8,8,16,14,10,7
primary,trust,"r=0.5, tau=0.5, theta=0.4256",test,A5CDF89D-02A2-4EC1-89F8-F534FDABDD96,18,359,1,1,2,1,1,1
primary,trust,"r=0.5, tau=0.5, theta=0.4256",test,A76A5AF5-5A93-4CF2-A16E-62353BB70E8A,4,555,0,0,0,0,0,0
primary,trust,"r=0.5, tau=0.5, theta=0.4256",test,A76A5AF5-5A93-4CF2-A16E-62353BB70E8A,5,920,0,0,0,0,0,0
primary,trust,"r=0.5, tau=0.5, theta=0.4256",test,B09E373F-8A54-44C8-895B-0039390B859F,11,566,0,0,0,0,0,0
primary,trust,"r=0.5, tau=0.5, theta=0.4256",test,B09E373F-8A54-44C8-895B-0039390B859F,12,833,0,0,0,0,0,0
primary,trust,"r=0.5, tau=0.5, theta=0.4256",test,B09E373F-8A54-44C8-895B-0039390B859F,14,198,0,0,0,0,0,0
primary,trust,"r=0.5, tau=0.5, theta=0.4256",test,B9724848-C7E2-45F4-9B3F-A1F38D864495,15,484,6,5,11,66,4,2
primary,trust,"r=0.5, tau=0.5, theta=0.4256",test,B9724848-C7E2-45F4-9B3F-A1F38D864495,16,1013,6,6,12,192,5,2
primary,trust,"r=0.5, tau=0.5, theta=0.4256",test,BE3CA5A6-A561-4BBD-B7C9-5DF6805400FC,18,223,0,0,0,0,0,0
primary,trust,"r=0.5, tau=0.5, theta=0.4256",test,BE3CA5A6-A561-4BBD-B7C9-5DF6805400FC,19,1410,10,10,20,436,6,2
primary,trust,"r=0.5, tau=0.5, theta=0.4256",test,C48CE857-A0DD-4DDB-BEA5-3A25449B2153,34,134,0,0,0,0,0,0
primary,trust,"r=0.5, tau=0.5, theta=0.4256",test,C48CE857-A0DD-4DDB-BEA5-3A25449B2153,35,109,0,0,0,0,0,0
primary,trust,"r=0.5, tau=0.5, theta=0.4256",test,C48CE857-A0DD-4DDB-BEA5-3A25449B2153,36,169,0,0,0,0,0,0
primary,trust,"r=0.5, tau=0.5, theta=0.4256",test,C48CE857-A0DD-4DDB-BEA5-3A25449B2153,37,133,0,0,0,0,0,0
primary,trust,"r=0.5, tau=0.5, theta=0.4256",test,C48CE857-A0DD-4DDB-BEA5-3A25449B2153,38,307,1,1,2,6,0,0
primary,trust,"r=0.5, tau=0.5, theta=0.4256",test,C48CE857-A0DD-4DDB-BEA5-3A25449B2153,39,85,0,0,0,0,0,0
primary,trust,"r=0.5, tau=0.5, theta=0.4256",test,CA820D43-E5E2-42EF-9798-BE56F776370B,10,997,10,10,20,88,7,3
primary,trust,"r=0.5, tau=0.5, theta=0.4256",test,CA820D43-E5E2-42EF-9798-BE56F776370B,12,546,2,2,4,15,2,1
primary,trust,"r=0.5, tau=0.5, theta=0.4256",test,CDA3BBF7-6631-45E8-85BA-EEB416B32A3C,5,537,1,1,2,5,1,1
primary,trust,"r=0.5, tau=0.5, theta=0.4256",test,CF722AA9-2533-4E51-9FEB-9EAC84EE9AAC,11,112,0,0,0,0,0,0
primary,trust,"r=0.5, tau=0.5, theta=0.4256",test,CF722AA9-2533-4E51-9FEB-9EAC84EE9AAC,12,371,3,3,6,11,3,2
primary,trust,"r=0.5, tau=0.5, theta=0.4256",test,CF722AA9-2533-4E51-9FEB-9EAC84EE9AAC,13,138,0,0,0,0,0,0
primary,trust,"r=0.5, tau=0.5, theta=0.4256",test,CF722AA9-2533-4E51-9FEB-9EAC84EE9AAC,14,73,1,1,2,2,1,1
primary,trust,"r=0.5, tau=0.5, theta=0.4256",test,D7D20E2E-FC78-405D-B346-DBD3FD8FC92B,14,121,0,0,0,0,0,0
primary,trust,"r=0.5, tau=0.5, theta=0.4256",test,D7D20E2E-FC78-405D-B346-DBD3FD8FC92B,15,826,6,6,12,53,4,4
primary,trust,"r=0.5, tau=0.5, theta=0.4256",test,D7D20E2E-FC78-405D-B346-DBD3FD8FC92B,16,265,3,3,6,27,1,1
primary,trust,"r=0.5, tau=0.5, theta=0.4256",test,E65577C1-8D5D-4F70-AF23-B3ADB9D3DBA3,5,657,8,8,16,241,7,2
primary,trust,"r=0.5, tau=0.5, theta=0.4256",test,ECECC2AB-D32F-4F90-B74C-E12A1C69BBE2,17,603,0,0,0,0,0,0
primary,trust,"r=0.5, tau=0.5, theta=0.4256",test,ECECC2AB-D32F-4F90-B74C-E12A1C69BBE2,18,74,0,0,0,0,0,0
primary,trust,"r=0.5, tau=0.5, theta=0.4256",test,FDAA70A1-42A3-4E3F-9AE3-3FDA412E03BF,20,966,3,3,6,56,2,1
primary,sprt,"alpha=0.001, beta=0.01336",test,00EABED2-271D-49D8-B599-1D4A09240601,25,300,2,1,3,35,0,0
primary,sprt,"alpha=0.001, beta=0.01336",test,00EABED2-271D-49D8-B599-1D4A09240601,42,96,2,1,3,70,0,0
primary,sprt,"alpha=0.001, beta=0.01336",test,00EABED2-271D-49D8-B599-1D4A09240601,44,12,0,0,0,0,0,0
primary,sprt,"alpha=0.001, beta=0.01336",test,098A72A5-E3E5-4F54-A152-BBDA0DF7B694,15,114,0,0,0,0,0,0
primary,sprt,"alpha=0.001, beta=0.01336",test,098A72A5-E3E5-4F54-A152-BBDA0DF7B694,16,733,0,0,0,0,0,0
primary,sprt,"alpha=0.001, beta=0.01336",test,098A72A5-E3E5-4F54-A152-BBDA0DF7B694,17,292,0,0,0,0,0,0
primary,sprt,"alpha=0.001, beta=0.01336",test,098A72A5-E3E5-4F54-A152-BBDA0DF7B694,18,91,0,0,0,0,0,0
primary,sprt,"alpha=0.001, beta=0.01336",test,098A72A5-E3E5-4F54-A152-BBDA0DF7B694,19,104,0,0,0,0,0,0
primary,sprt,"alpha=0.001, beta=0.01336",test,0A986513-7828-4D53-AA1F-E02D6DF9561B,8,763,2,2,4,20,0,0
primary,sprt,"alpha=0.001, beta=0.01336",test,11B5EC4D-4133-4289-B475-4E737182A406,7,1407,2,2,4,21,1,1
primary,sprt,"alpha=0.001, beta=0.01336",test,11B5EC4D-4133-4289-B475-4E737182A406,8,333,0,0,0,0,0,0
primary,sprt,"alpha=0.001, beta=0.01336",test,136562B6-95B2-483D-88DC-065F28409FD2,22,145,0,0,0,0,0,0
primary,sprt,"alpha=0.001, beta=0.01336",test,136562B6-95B2-483D-88DC-065F28409FD2,23,747,1,1,2,8,0,0
primary,sprt,"alpha=0.001, beta=0.01336",test,136562B6-95B2-483D-88DC-065F28409FD2,24,323,0,0,0,0,0,0
primary,sprt,"alpha=0.001, beta=0.01336",test,1538C99F-BA1E-4EFB-A949-6C7C47701B20,30,406,2,2,4,9,2,2
primary,sprt,"alpha=0.001, beta=0.01336",test,1538C99F-BA1E-4EFB-A949-6C7C47701B20,31,875,1,1,2,76,0,0
primary,sprt,"alpha=0.001, beta=0.01336",test,24E40C4C-A349-4F9F-93AB-01D00FB994AF,18,68,0,0,0,0,0,0
primary,sprt,"alpha=0.001, beta=0.01336",test,24E40C4C-A349-4F9F-93AB-01D00FB994AF,19,374,4,4,8,124,0,0
primary,sprt,"alpha=0.001, beta=0.01336",test,24E40C4C-A349-4F9F-93AB-01D00FB994AF,20,166,0,0,0,0,0,0
primary,sprt,"alpha=0.001, beta=0.01336",test,24E40C4C-A349-4F9F-93AB-01D00FB994AF,21,120,1,1,2,5,1,1
primary,sprt,"alpha=0.001, beta=0.01336",test,24E40C4C-A349-4F9F-93AB-01D00FB994AF,22,198,0,0,0,0,0,0
primary,sprt,"alpha=0.001, beta=0.01336",test,2C32C23E-E30C-498A-8DD2-0EFB9150A02E,11,377,0,0,0,0,0,0
primary,sprt,"alpha=0.001, beta=0.01336",test,2C32C23E-E30C-498A-8DD2-0EFB9150A02E,12,1298,1,1,2,4,1,1
primary,sprt,"alpha=0.001, beta=0.01336",test,3600D531-0C55-44A7-AE95-A7A38519464E,27,170,1,0,1,22,0,0
primary,sprt,"alpha=0.001, beta=0.01336",test,3600D531-0C55-44A7-AE95-A7A38519464E,28,205,0,0,0,0,0,0
primary,sprt,"alpha=0.001, beta=0.01336",test,3600D531-0C55-44A7-AE95-A7A38519464E,31,23,0,0,0,0,0,0
primary,sprt,"alpha=0.001, beta=0.01336",test,3600D531-0C55-44A7-AE95-A7A38519464E,32,612,0,0,0,0,0,0
primary,sprt,"alpha=0.001, beta=0.01336",test,3600D531-0C55-44A7-AE95-A7A38519464E,33,22,0,0,0,0,0,0
primary,sprt,"alpha=0.001, beta=0.01336",test,4FC32141-E888-4BFF-8804-12559A491D8C,12,67,1,0,1,40,0,0
primary,sprt,"alpha=0.001, beta=0.01336",test,4FC32141-E888-4BFF-8804-12559A491D8C,13,164,0,0,0,0,0,0
primary,sprt,"alpha=0.001, beta=0.01336",test,4FC32141-E888-4BFF-8804-12559A491D8C,14,59,0,0,0,0,0,0
primary,sprt,"alpha=0.001, beta=0.01336",test,4FC32141-E888-4BFF-8804-12559A491D8C,15,677,0,0,0,0,0,0
primary,sprt,"alpha=0.001, beta=0.01336",test,5119D0F8-FCA8-4184-A4EB-19421A40DE0D,11,461,2,2,4,19,0,0
primary,sprt,"alpha=0.001, beta=0.01336",test,5119D0F8-FCA8-4184-A4EB-19421A40DE0D,12,125,1,1,2,13,0,0
primary,sprt,"alpha=0.001, beta=0.01336",test,5119D0F8-FCA8-4184-A4EB-19421A40DE0D,13,709,0,0,0,0,0,0
primary,sprt,"alpha=0.001, beta=0.01336",test,5152A2DF-FAF3-4BA8-9CA9-E66B32671A53,9,775,1,1,2,16,0,0
primary,sprt,"alpha=0.001, beta=0.01336",test,5152A2DF-FAF3-4BA8-9CA9-E66B32671A53,10,501,0,0,0,0,0,0
primary,sprt,"alpha=0.001, beta=0.01336",test,5152A2DF-FAF3-4BA8-9CA9-E66B32671A53,11,19,0,0,0,0,0,0
primary,sprt,"alpha=0.001, beta=0.01336",test,5EF64122-B513-46AE-BCF1-E62AAC285D2C,12,178,2,2,4,4,2,2
primary,sprt,"alpha=0.001, beta=0.01336",test,5EF64122-B513-46AE-BCF1-E62AAC285D2C,13,576,1,0,1,4,0,0
primary,sprt,"alpha=0.001, beta=0.01336",test,61976C24-1C50-4355-9C49-AAE44A7D09F6,48,1717,0,0,0,0,0,0
primary,sprt,"alpha=0.001, beta=0.01336",test,78A91A4E-4A51-4065-BDA7-94755F0BB3BB,8,2371,10,10,20,205,3,3
primary,sprt,"alpha=0.001, beta=0.01336",test,7CE37510-56D0-4120-A1CF-0E23351428D2,8,1924,7,6,13,47,4,4
primary,sprt,"alpha=0.001, beta=0.01336",test,8023FE1A-D3B0-4E2C-A57A-9321B7FC755F,26,745,4,4,8,61,1,1
primary,sprt,"alpha=0.001, beta=0.01336",test,8023FE1A-D3B0-4E2C-A57A-9321B7FC755F,27,1064,3,3,6,85,0,0
primary,sprt,"alpha=0.001, beta=0.01336",test,83CF687B-7CEC-434B-9FE8-00C3D5799BE6,9,1394,10,10,20,383,0,0
primary,sprt,"alpha=0.001, beta=0.01336",test,83CF687B-7CEC-434B-9FE8-00C3D5799BE6,10,485,2,2,4,31,0,0
primary,sprt,"alpha=0.001, beta=0.01336",test,9759096F-1119-4E19-A0AD-6F16989C7E1C,6,776,3,3,6,166,1,1
primary,sprt,"alpha=0.001, beta=0.01336",test,9759096F-1119-4E19-A0AD-6F16989C7E1C,7,1178,4,4,8,73,1,1
primary,sprt,"alpha=0.001, beta=0.01336",test,9DC38D04-E82E-4F29-AB52-B476535226F2,20,1909,3,3,6,31,0,0
primary,sprt,"alpha=0.001, beta=0.01336",test,A5CDF89D-02A2-4EC1-89F8-F534FDABDD96,16,350,0,0,0,0,0,0
primary,sprt,"alpha=0.001, beta=0.01336",test,A5CDF89D-02A2-4EC1-89F8-F534FDABDD96,17,470,5,5,10,49,0,0
primary,sprt,"alpha=0.001, beta=0.01336",test,A5CDF89D-02A2-4EC1-89F8-F534FDABDD96,18,359,1,1,2,12,0,0
primary,sprt,"alpha=0.001, beta=0.01336",test,A76A5AF5-5A93-4CF2-A16E-62353BB70E8A,4,555,0,0,0,0,0,0
primary,sprt,"alpha=0.001, beta=0.01336",test,A76A5AF5-5A93-4CF2-A16E-62353BB70E8A,5,920,0,0,0,0,0,0
primary,sprt,"alpha=0.001, beta=0.01336",test,B09E373F-8A54-44C8-895B-0039390B859F,11,566,0,0,0,0,0,0
primary,sprt,"alpha=0.001, beta=0.01336",test,B09E373F-8A54-44C8-895B-0039390B859F,12,833,0,0,0,0,0,0
primary,sprt,"alpha=0.001, beta=0.01336",test,B09E373F-8A54-44C8-895B-0039390B859F,14,198,0,0,0,0,0,0
primary,sprt,"alpha=0.001, beta=0.01336",test,B9724848-C7E2-45F4-9B3F-A1F38D864495,15,484,5,4,9,110,0,0
primary,sprt,"alpha=0.001, beta=0.01336",test,B9724848-C7E2-45F4-9B3F-A1F38D864495,16,1013,4,4,8,211,2,1
primary,sprt,"alpha=0.001, beta=0.01336",test,BE3CA5A6-A561-4BBD-B7C9-5DF6805400FC,18,223,0,0,0,0,0,0
primary,sprt,"alpha=0.001, beta=0.01336",test,BE3CA5A6-A561-4BBD-B7C9-5DF6805400FC,19,1410,7,6,13,516,0,0
primary,sprt,"alpha=0.001, beta=0.01336",test,C48CE857-A0DD-4DDB-BEA5-3A25449B2153,34,134,0,0,0,0,0,0
primary,sprt,"alpha=0.001, beta=0.01336",test,C48CE857-A0DD-4DDB-BEA5-3A25449B2153,35,109,0,0,0,0,0,0
primary,sprt,"alpha=0.001, beta=0.01336",test,C48CE857-A0DD-4DDB-BEA5-3A25449B2153,36,169,0,0,0,0,0,0
primary,sprt,"alpha=0.001, beta=0.01336",test,C48CE857-A0DD-4DDB-BEA5-3A25449B2153,37,133,0,0,0,0,0,0
primary,sprt,"alpha=0.001, beta=0.01336",test,C48CE857-A0DD-4DDB-BEA5-3A25449B2153,38,307,1,1,2,10,0,0
primary,sprt,"alpha=0.001, beta=0.01336",test,C48CE857-A0DD-4DDB-BEA5-3A25449B2153,39,85,0,0,0,0,0,0
primary,sprt,"alpha=0.001, beta=0.01336",test,CA820D43-E5E2-42EF-9798-BE56F776370B,10,997,9,9,18,154,3,1
primary,sprt,"alpha=0.001, beta=0.01336",test,CA820D43-E5E2-42EF-9798-BE56F776370B,12,546,2,2,4,39,0,0
primary,sprt,"alpha=0.001, beta=0.01336",test,CDA3BBF7-6631-45E8-85BA-EEB416B32A3C,5,537,1,0,1,8,0,0
primary,sprt,"alpha=0.001, beta=0.01336",test,CF722AA9-2533-4E51-9FEB-9EAC84EE9AAC,11,112,0,0,0,0,0,0
primary,sprt,"alpha=0.001, beta=0.01336",test,CF722AA9-2533-4E51-9FEB-9EAC84EE9AAC,12,371,1,1,2,27,0,0
primary,sprt,"alpha=0.001, beta=0.01336",test,CF722AA9-2533-4E51-9FEB-9EAC84EE9AAC,13,138,0,0,0,0,0,0
primary,sprt,"alpha=0.001, beta=0.01336",test,CF722AA9-2533-4E51-9FEB-9EAC84EE9AAC,14,73,1,1,2,20,0,0
primary,sprt,"alpha=0.001, beta=0.01336",test,D7D20E2E-FC78-405D-B346-DBD3FD8FC92B,14,121,0,0,0,0,0,0
primary,sprt,"alpha=0.001, beta=0.01336",test,D7D20E2E-FC78-405D-B346-DBD3FD8FC92B,15,826,5,5,10,91,2,2
primary,sprt,"alpha=0.001, beta=0.01336",test,D7D20E2E-FC78-405D-B346-DBD3FD8FC92B,16,265,2,2,4,51,0,0
primary,sprt,"alpha=0.001, beta=0.01336",test,E65577C1-8D5D-4F70-AF23-B3ADB9D3DBA3,5,657,2,2,4,263,0,0
primary,sprt,"alpha=0.001, beta=0.01336",test,ECECC2AB-D32F-4F90-B74C-E12A1C69BBE2,17,603,0,0,0,0,0,0
primary,sprt,"alpha=0.001, beta=0.01336",test,ECECC2AB-D32F-4F90-B74C-E12A1C69BBE2,18,74,0,0,0,0,0,0
primary,sprt,"alpha=0.001, beta=0.01336",test,FDAA70A1-42A3-4E3F-9AE3-3FDA412E03BF,20,966,3,3,6,79,1,1
primary,hmm,"rho=0.0001, theta=0.7685",test,00EABED2-271D-49D8-B599-1D4A09240601,25,300,2,1,3,35,0,0
primary,hmm,"rho=0.0001, theta=0.7685",test,00EABED2-271D-49D8-B599-1D4A09240601,42,96,3,2,5,63,1,1
primary,hmm,"rho=0.0001, theta=0.7685",test,00EABED2-271D-49D8-B599-1D4A09240601,44,12,0,0,0,0,0,0
primary,hmm,"rho=0.0001, theta=0.7685",test,098A72A5-E3E5-4F54-A152-BBDA0DF7B694,15,114,0,0,0,0,0,0
primary,hmm,"rho=0.0001, theta=0.7685",test,098A72A5-E3E5-4F54-A152-BBDA0DF7B694,16,733,0,0,0,0,0,0
primary,hmm,"rho=0.0001, theta=0.7685",test,098A72A5-E3E5-4F54-A152-BBDA0DF7B694,17,292,0,0,0,0,0,0
primary,hmm,"rho=0.0001, theta=0.7685",test,098A72A5-E3E5-4F54-A152-BBDA0DF7B694,18,91,0,0,0,0,0,0
primary,hmm,"rho=0.0001, theta=0.7685",test,098A72A5-E3E5-4F54-A152-BBDA0DF7B694,19,104,0,0,0,0,0,0
primary,hmm,"rho=0.0001, theta=0.7685",test,0A986513-7828-4D53-AA1F-E02D6DF9561B,8,763,1,1,2,16,0,0
primary,hmm,"rho=0.0001, theta=0.7685",test,11B5EC4D-4133-4289-B475-4E737182A406,7,1407,1,1,2,1,1,1
primary,hmm,"rho=0.0001, theta=0.7685",test,11B5EC4D-4133-4289-B475-4E737182A406,8,333,0,0,0,0,0,0
primary,hmm,"rho=0.0001, theta=0.7685",test,136562B6-95B2-483D-88DC-065F28409FD2,22,145,0,0,0,0,0,0
primary,hmm,"rho=0.0001, theta=0.7685",test,136562B6-95B2-483D-88DC-065F28409FD2,23,747,1,1,2,4,1,1
primary,hmm,"rho=0.0001, theta=0.7685",test,136562B6-95B2-483D-88DC-065F28409FD2,24,323,1,1,2,1,1,1
primary,hmm,"rho=0.0001, theta=0.7685",test,1538C99F-BA1E-4EFB-A949-6C7C47701B20,30,406,0,0,0,0,0,0
primary,hmm,"rho=0.0001, theta=0.7685",test,1538C99F-BA1E-4EFB-A949-6C7C47701B20,31,875,1,1,2,78,0,0
primary,hmm,"rho=0.0001, theta=0.7685",test,24E40C4C-A349-4F9F-93AB-01D00FB994AF,18,68,0,0,0,0,0,0
primary,hmm,"rho=0.0001, theta=0.7685",test,24E40C4C-A349-4F9F-93AB-01D00FB994AF,19,374,5,4,9,114,2,1
primary,hmm,"rho=0.0001, theta=0.7685",test,24E40C4C-A349-4F9F-93AB-01D00FB994AF,20,166,0,0,0,0,0,0
primary,hmm,"rho=0.0001, theta=0.7685",test,24E40C4C-A349-4F9F-93AB-01D00FB994AF,21,120,0,0,0,0,0,0
primary,hmm,"rho=0.0001, theta=0.7685",test,24E40C4C-A349-4F9F-93AB-01D00FB994AF,22,198,0,0,0,0,0,0
primary,hmm,"rho=0.0001, theta=0.7685",test,2C32C23E-E30C-498A-8DD2-0EFB9150A02E,11,377,0,0,0,0,0,0
primary,hmm,"rho=0.0001, theta=0.7685",test,2C32C23E-E30C-498A-8DD2-0EFB9150A02E,12,1298,1,1,2,1,1,1
primary,hmm,"rho=0.0001, theta=0.7685",test,3600D531-0C55-44A7-AE95-A7A38519464E,27,170,1,0,1,22,0,0
primary,hmm,"rho=0.0001, theta=0.7685",test,3600D531-0C55-44A7-AE95-A7A38519464E,28,205,0,0,0,0,0,0
primary,hmm,"rho=0.0001, theta=0.7685",test,3600D531-0C55-44A7-AE95-A7A38519464E,31,23,0,0,0,0,0,0
primary,hmm,"rho=0.0001, theta=0.7685",test,3600D531-0C55-44A7-AE95-A7A38519464E,32,612,0,0,0,0,0,0
primary,hmm,"rho=0.0001, theta=0.7685",test,3600D531-0C55-44A7-AE95-A7A38519464E,33,22,0,0,0,0,0,0
primary,hmm,"rho=0.0001, theta=0.7685",test,4FC32141-E888-4BFF-8804-12559A491D8C,12,67,2,1,3,25,0,0
primary,hmm,"rho=0.0001, theta=0.7685",test,4FC32141-E888-4BFF-8804-12559A491D8C,13,164,0,0,0,0,0,0
primary,hmm,"rho=0.0001, theta=0.7685",test,4FC32141-E888-4BFF-8804-12559A491D8C,14,59,0,0,0,0,0,0
primary,hmm,"rho=0.0001, theta=0.7685",test,4FC32141-E888-4BFF-8804-12559A491D8C,15,677,0,0,0,0,0,0
primary,hmm,"rho=0.0001, theta=0.7685",test,5119D0F8-FCA8-4184-A4EB-19421A40DE0D,11,461,3,3,6,8,3,3
primary,hmm,"rho=0.0001, theta=0.7685",test,5119D0F8-FCA8-4184-A4EB-19421A40DE0D,12,125,2,2,4,8,2,1
primary,hmm,"rho=0.0001, theta=0.7685",test,5119D0F8-FCA8-4184-A4EB-19421A40DE0D,13,709,0,0,0,0,0,0
primary,hmm,"rho=0.0001, theta=0.7685",test,5152A2DF-FAF3-4BA8-9CA9-E66B32671A53,9,775,1,1,2,17,0,0
primary,hmm,"rho=0.0001, theta=0.7685",test,5152A2DF-FAF3-4BA8-9CA9-E66B32671A53,10,501,0,0,0,0,0,0
primary,hmm,"rho=0.0001, theta=0.7685",test,5152A2DF-FAF3-4BA8-9CA9-E66B32671A53,11,19,0,0,0,0,0,0
primary,hmm,"rho=0.0001, theta=0.7685",test,5EF64122-B513-46AE-BCF1-E62AAC285D2C,12,178,0,0,0,0,0,0
primary,hmm,"rho=0.0001, theta=0.7685",test,5EF64122-B513-46AE-BCF1-E62AAC285D2C,13,576,1,1,2,2,1,1
primary,hmm,"rho=0.0001, theta=0.7685",test,61976C24-1C50-4355-9C49-AAE44A7D09F6,48,1717,0,0,0,0,0,0
primary,hmm,"rho=0.0001, theta=0.7685",test,78A91A4E-4A51-4065-BDA7-94755F0BB3BB,8,2371,15,15,30,213,12,7
primary,hmm,"rho=0.0001, theta=0.7685",test,7CE37510-56D0-4120-A1CF-0E23351428D2,8,1924,7,6,13,34,5,5
primary,hmm,"rho=0.0001, theta=0.7685",test,8023FE1A-D3B0-4E2C-A57A-9321B7FC755F,26,745,6,6,12,64,4,2
primary,hmm,"rho=0.0001, theta=0.7685",test,8023FE1A-D3B0-4E2C-A57A-9321B7FC755F,27,1064,3,3,6,63,1,1
primary,hmm,"rho=0.0001, theta=0.7685",test,83CF687B-7CEC-434B-9FE8-00C3D5799BE6,9,1394,11,11,22,351,6,4
primary,hmm,"rho=0.0001, theta=0.7685",test,83CF687B-7CEC-434B-9FE8-00C3D5799BE6,10,485,1,1,2,23,0,0
primary,hmm,"rho=0.0001, theta=0.7685",test,9759096F-1119-4E19-A0AD-6F16989C7E1C,6,776,3,3,6,163,2,2
primary,hmm,"rho=0.0001, theta=0.7685",test,9759096F-1119-4E19-A0AD-6F16989C7E1C,7,1178,6,6,12,39,5,4
primary,hmm,"rho=0.0001, theta=0.7685",test,9DC38D04-E82E-4F29-AB52-B476535226F2,20,1909,2,2,4,27,0,0
primary,hmm,"rho=0.0001, theta=0.7685",test,A5CDF89D-02A2-4EC1-89F8-F534FDABDD96,16,350,0,0,0,0,0,0
primary,hmm,"rho=0.0001, theta=0.7685",test,A5CDF89D-02A2-4EC1-89F8-F534FDABDD96,17,470,6,6,12,17,7,5
primary,hmm,"rho=0.0001, theta=0.7685",test,A5CDF89D-02A2-4EC1-89F8-F534FDABDD96,18,359,0,0,0,0,0,0
primary,hmm,"rho=0.0001, theta=0.7685",test,A76A5AF5-5A93-4CF2-A16E-62353BB70E8A,4,555,0,0,0,0,0,0
primary,hmm,"rho=0.0001, theta=0.7685",test,A76A5AF5-5A93-4CF2-A16E-62353BB70E8A,5,920,0,0,0,0,0,0
primary,hmm,"rho=0.0001, theta=0.7685",test,B09E373F-8A54-44C8-895B-0039390B859F,11,566,0,0,0,0,0,0
primary,hmm,"rho=0.0001, theta=0.7685",test,B09E373F-8A54-44C8-895B-0039390B859F,12,833,0,0,0,0,0,0
primary,hmm,"rho=0.0001, theta=0.7685",test,B09E373F-8A54-44C8-895B-0039390B859F,14,198,0,0,0,0,0,0
primary,hmm,"rho=0.0001, theta=0.7685",test,B9724848-C7E2-45F4-9B3F-A1F38D864495,15,484,6,5,11,86,3,2
primary,hmm,"rho=0.0001, theta=0.7685",test,B9724848-C7E2-45F4-9B3F-A1F38D864495,16,1013,2,2,4,215,0,0
primary,hmm,"rho=0.0001, theta=0.7685",test,BE3CA5A6-A561-4BBD-B7C9-5DF6805400FC,18,223,0,0,0,0,0,0
primary,hmm,"rho=0.0001, theta=0.7685",test,BE3CA5A6-A561-4BBD-B7C9-5DF6805400FC,19,1410,8,8,16,507,3,2
primary,hmm,"rho=0.0001, theta=0.7685",test,C48CE857-A0DD-4DDB-BEA5-3A25449B2153,34,134,0,0,0,0,0,0
primary,hmm,"rho=0.0001, theta=0.7685",test,C48CE857-A0DD-4DDB-BEA5-3A25449B2153,35,109,0,0,0,0,0,0
primary,hmm,"rho=0.0001, theta=0.7685",test,C48CE857-A0DD-4DDB-BEA5-3A25449B2153,36,169,0,0,0,0,0,0
primary,hmm,"rho=0.0001, theta=0.7685",test,C48CE857-A0DD-4DDB-BEA5-3A25449B2153,37,133,0,0,0,0,0,0
primary,hmm,"rho=0.0001, theta=0.7685",test,C48CE857-A0DD-4DDB-BEA5-3A25449B2153,38,307,1,1,2,6,0,0
primary,hmm,"rho=0.0001, theta=0.7685",test,C48CE857-A0DD-4DDB-BEA5-3A25449B2153,39,85,0,0,0,0,0,0
primary,hmm,"rho=0.0001, theta=0.7685",test,CA820D43-E5E2-42EF-9798-BE56F776370B,10,997,8,8,16,141,2,1
primary,hmm,"rho=0.0001, theta=0.7685",test,CA820D43-E5E2-42EF-9798-BE56F776370B,12,546,2,2,4,23,1,1
primary,hmm,"rho=0.0001, theta=0.7685",test,CDA3BBF7-6631-45E8-85BA-EEB416B32A3C,5,537,1,1,2,6,0,0
primary,hmm,"rho=0.0001, theta=0.7685",test,CF722AA9-2533-4E51-9FEB-9EAC84EE9AAC,11,112,0,0,0,0,0,0
primary,hmm,"rho=0.0001, theta=0.7685",test,CF722AA9-2533-4E51-9FEB-9EAC84EE9AAC,12,371,1,1,2,25,0,0
primary,hmm,"rho=0.0001, theta=0.7685",test,CF722AA9-2533-4E51-9FEB-9EAC84EE9AAC,13,138,0,0,0,0,0,0
primary,hmm,"rho=0.0001, theta=0.7685",test,CF722AA9-2533-4E51-9FEB-9EAC84EE9AAC,14,73,2,2,4,8,1,1
primary,hmm,"rho=0.0001, theta=0.7685",test,D7D20E2E-FC78-405D-B346-DBD3FD8FC92B,14,121,0,0,0,0,0,0
primary,hmm,"rho=0.0001, theta=0.7685",test,D7D20E2E-FC78-405D-B346-DBD3FD8FC92B,15,826,6,6,12,83,4,4
primary,hmm,"rho=0.0001, theta=0.7685",test,D7D20E2E-FC78-405D-B346-DBD3FD8FC92B,16,265,2,2,4,50,0,0
primary,hmm,"rho=0.0001, theta=0.7685",test,E65577C1-8D5D-4F70-AF23-B3ADB9D3DBA3,5,657,2,2,4,264,0,0
primary,hmm,"rho=0.0001, theta=0.7685",test,ECECC2AB-D32F-4F90-B74C-E12A1C69BBE2,17,603,0,0,0,0,0,0
primary,hmm,"rho=0.0001, theta=0.7685",test,ECECC2AB-D32F-4F90-B74C-E12A1C69BBE2,18,74,0,0,0,0,0,0
primary,hmm,"rho=0.0001, theta=0.7685",test,FDAA70A1-42A3-4E3F-9AE3-3FDA412E03BF,20,966,4,4,8,74,3,2
sensitivity_1,threshold,theta=0.1301,test,00EABED2-271D-49D8-B599-1D4A09240601,25,300,8,8,16,12,11,8
sensitivity_1,threshold,theta=0.1301,test,00EABED2-271D-49D8-B599-1D4A09240601,42,96,8,8,16,57,10,5
sensitivity_1,threshold,theta=0.1301,test,00EABED2-271D-49D8-B599-1D4A09240601,44,12,0,0,0,0,0,0
sensitivity_1,threshold,theta=0.1301,test,098A72A5-E3E5-4F54-A152-BBDA0DF7B694,15,114,0,0,0,0,0,0
sensitivity_1,threshold,theta=0.1301,test,098A72A5-E3E5-4F54-A152-BBDA0DF7B694,16,733,3,2,5,3,2,2
sensitivity_1,threshold,theta=0.1301,test,098A72A5-E3E5-4F54-A152-BBDA0DF7B694,17,292,1,1,2,1,1,1
sensitivity_1,threshold,theta=0.1301,test,098A72A5-E3E5-4F54-A152-BBDA0DF7B694,18,91,0,0,0,0,0,0
sensitivity_1,threshold,theta=0.1301,test,098A72A5-E3E5-4F54-A152-BBDA0DF7B694,19,104,1,1,2,1,1,1
sensitivity_1,threshold,theta=0.1301,test,0A986513-7828-4D53-AA1F-E02D6DF9561B,8,763,8,8,16,13,11,7
sensitivity_1,threshold,theta=0.1301,test,11B5EC4D-4133-4289-B475-4E737182A406,7,1407,2,2,4,2,2,2
sensitivity_1,threshold,theta=0.1301,test,11B5EC4D-4133-4289-B475-4E737182A406,8,333,2,2,4,2,2,2
sensitivity_1,threshold,theta=0.1301,test,136562B6-95B2-483D-88DC-065F28409FD2,22,145,0,0,0,0,0,0
sensitivity_1,threshold,theta=0.1301,test,136562B6-95B2-483D-88DC-065F28409FD2,23,747,2,2,4,2,2,2
sensitivity_1,threshold,theta=0.1301,test,136562B6-95B2-483D-88DC-065F28409FD2,24,323,0,0,0,0,0,0
sensitivity_1,threshold,theta=0.1301,test,1538C99F-BA1E-4EFB-A949-6C7C47701B20,30,406,2,2,4,3,2,2
sensitivity_1,threshold,theta=0.1301,test,1538C99F-BA1E-4EFB-A949-6C7C47701B20,31,875,1,1,2,75,0,0
sensitivity_1,threshold,theta=0.1301,test,24E40C4C-A349-4F9F-93AB-01D00FB994AF,18,68,0,0,0,0,0,0
sensitivity_1,threshold,theta=0.1301,test,24E40C4C-A349-4F9F-93AB-01D00FB994AF,19,374,9,9,18,11,12,9
sensitivity_1,threshold,theta=0.1301,test,24E40C4C-A349-4F9F-93AB-01D00FB994AF,20,166,0,0,0,0,0,0
sensitivity_1,threshold,theta=0.1301,test,24E40C4C-A349-4F9F-93AB-01D00FB994AF,21,120,1,1,2,1,1,1
sensitivity_1,threshold,theta=0.1301,test,24E40C4C-A349-4F9F-93AB-01D00FB994AF,22,198,0,0,0,0,0,0
sensitivity_1,threshold,theta=0.1301,test,2C32C23E-E30C-498A-8DD2-0EFB9150A02E,11,377,0,0,0,0,0,0
sensitivity_1,threshold,theta=0.1301,test,2C32C23E-E30C-498A-8DD2-0EFB9150A02E,12,1298,7,7,14,9,7,7
sensitivity_1,threshold,theta=0.1301,test,3600D531-0C55-44A7-AE95-A7A38519464E,27,170,4,3,7,16,5,2
sensitivity_1,threshold,theta=0.1301,test,3600D531-0C55-44A7-AE95-A7A38519464E,28,205,2,2,4,2,2,2
sensitivity_1,threshold,theta=0.1301,test,3600D531-0C55-44A7-AE95-A7A38519464E,31,23,0,0,0,0,0,0
sensitivity_1,threshold,theta=0.1301,test,3600D531-0C55-44A7-AE95-A7A38519464E,32,612,3,2,5,3,2,2
sensitivity_1,threshold,theta=0.1301,test,3600D531-0C55-44A7-AE95-A7A38519464E,33,22,0,0,0,0,0,0
sensitivity_1,threshold,theta=0.1301,test,4FC32141-E888-4BFF-8804-12559A491D8C,12,67,1,1,2,1,1,1
sensitivity_1,threshold,theta=0.1301,test,4FC32141-E888-4BFF-8804-12559A491D8C,13,164,0,0,0,0,0,0
sensitivity_1,threshold,theta=0.1301,test,4FC32141-E888-4BFF-8804-12559A491D8C,14,59,0,0,0,0,0,0
sensitivity_1,threshold,theta=0.1301,test,4FC32141-E888-4BFF-8804-12559A491D8C,15,677,0,0,0,0,0,0
sensitivity_1,threshold,theta=0.1301,test,5119D0F8-FCA8-4184-A4EB-19421A40DE0D,11,461,4,4,8,5,5,4
sensitivity_1,threshold,theta=0.1301,test,5119D0F8-FCA8-4184-A4EB-19421A40DE0D,12,125,3,3,6,5,3,3
sensitivity_1,threshold,theta=0.1301,test,5119D0F8-FCA8-4184-A4EB-19421A40DE0D,13,709,0,0,0,0,0,0
sensitivity_1,threshold,theta=0.1301,test,5152A2DF-FAF3-4BA8-9CA9-E66B32671A53,9,775,1,1,2,9,0,0
sensitivity_1,threshold,theta=0.1301,test,5152A2DF-FAF3-4BA8-9CA9-E66B32671A53,10,501,0,0,0,0,0,0
sensitivity_1,threshold,theta=0.1301,test,5152A2DF-FAF3-4BA8-9CA9-E66B32671A53,11,19,0,0,0,0,0,0
sensitivity_1,threshold,theta=0.1301,test,5EF64122-B513-46AE-BCF1-E62AAC285D2C,12,178,4,4,8,5,4,4
sensitivity_1,threshold,theta=0.1301,test,5EF64122-B513-46AE-BCF1-E62AAC285D2C,13,576,1,1,2,2,1,1
sensitivity_1,threshold,theta=0.1301,test,61976C24-1C50-4355-9C49-AAE44A7D09F6,48,1717,1,1,2,1,1,1
sensitivity_1,threshold,theta=0.1301,test,78A91A4E-4A51-4065-BDA7-94755F0BB3BB,8,2371,39,39,78,61,55,39
sensitivity_1,threshold,theta=0.1301,test,7CE37510-56D0-4120-A1CF-0E23351428D2,8,1924,14,14,28,17,17,14
sensitivity_1,threshold,theta=0.1301,test,8023FE1A-D3B0-4E2C-A57A-9321B7FC755F,26,745,15,15,30,20,17,15
sensitivity_1,threshold,theta=0.1301,test,8023FE1A-D3B0-4E2C-A57A-9321B7FC755F,27,1064,11,11,22,15,13,11
sensitivity_1,threshold,theta=0.1301,test,83CF687B-7CEC-434B-9FE8-00C3D5799BE6,9,1394,53,53,106,104,79,50
sensitivity_1,threshold,theta=0.1301,test,83CF687B-7CEC-434B-9FE8-00C3D5799BE6,10,485,4,4,8,4,4,4
sensitivity_1,threshold,theta=0.1301,test,9759096F-1119-4E19-A0AD-6F16989C7E1C,6,776,32,32,64,87,53,28
sensitivity_1,threshold,theta=0.1301,test,9759096F-1119-4E19-A0AD-6F16989C7E1C,7,1178,11,11,22,12,14,11
sensitivity_1,threshold,theta=0.1301,test,9DC38D04-E82E-4F29-AB52-B476535226F2,20,1909,7,7,14,7,8,7
sensitivity_1,threshold,theta=0.1301,test,A5CDF89D-02A2-4EC1-89F8-F534FDABDD96,16,350,1,1,2,1,1,1
sensitivity_1,threshold,theta=0.1301,test,A5CDF89D-02A2-4EC1-89F8-F534FDABDD96,17,470,21,21,42,22,31,21
sensitivity_1,threshold,theta=0.1301,test,A5CDF89D-02A2-4EC1-89F8-F534FDABDD96,18,359,0,0,0,0,0,0
sensitivity_1,threshold,theta=0.1301,test,A76A5AF5-5A93-4CF2-A16E-62353BB70E8A,4,555,0,0,0,0,0,0
sensitivity_1,threshold,theta=0.1301,test,A76A5AF5-5A93-4CF2-A16E-62353BB70E8A,5,920,0,0,0,0,0,0
sensitivity_1,threshold,theta=0.1301,test,B09E373F-8A54-44C8-895B-0039390B859F,11,566,3,3,6,3,3,3
sensitivity_1,threshold,theta=0.1301,test,B09E373F-8A54-44C8-895B-0039390B859F,12,833,2,2,4,2,2,2
sensitivity_1,threshold,theta=0.1301,test,B09E373F-8A54-44C8-895B-0039390B859F,14,198,3,3,6,3,4,3
sensitivity_1,threshold,theta=0.1301,test,B9724848-C7E2-45F4-9B3F-A1F38D864495,15,484,25,25,50,38,39,24
sensitivity_1,threshold,theta=0.1301,test,B9724848-C7E2-45F4-9B3F-A1F38D864495,16,1013,41,41,82,78,68,39
sensitivity_1,threshold,theta=0.1301,test,BE3CA5A6-A561-4BBD-B7C9-5DF6805400FC,18,223,0,0,0,0,0,0
sensitivity_1,threshold,theta=0.1301,test,BE3CA5A6-A561-4BBD-B7C9-5DF6805400FC,19,1410,37,37,74,74,60,34
sensitivity_1,threshold,theta=0.1301,test,C48CE857-A0DD-4DDB-BEA5-3A25449B2153,34,134,0,0,0,0,0,0
sensitivity_1,threshold,theta=0.1301,test,C48CE857-A0DD-4DDB-BEA5-3A25449B2153,35,109,0,0,0,0,0,0
sensitivity_1,threshold,theta=0.1301,test,C48CE857-A0DD-4DDB-BEA5-3A25449B2153,36,169,0,0,0,0,0,0
sensitivity_1,threshold,theta=0.1301,test,C48CE857-A0DD-4DDB-BEA5-3A25449B2153,37,133,0,0,0,0,0,0
sensitivity_1,threshold,theta=0.1301,test,C48CE857-A0DD-4DDB-BEA5-3A25449B2153,38,307,4,4,8,4,5,4
sensitivity_1,threshold,theta=0.1301,test,C48CE857-A0DD-4DDB-BEA5-3A25449B2153,39,85,0,0,0,0,0,0
sensitivity_1,threshold,theta=0.1301,test,CA820D43-E5E2-42EF-9798-BE56F776370B,10,997,23,23,46,35,27,23
sensitivity_1,threshold,theta=0.1301,test,CA820D43-E5E2-42EF-9798-BE56F776370B,12,546,13,13,26,15,18,13
sensitivity_1,threshold,theta=0.1301,test,CDA3BBF7-6631-45E8-85BA-EEB416B32A3C,5,537,3,3,6,5,4,3
sensitivity_1,threshold,theta=0.1301,test,CF722AA9-2533-4E51-9FEB-9EAC84EE9AAC,11,112,0,0,0,0,0,0
sensitivity_1,threshold,theta=0.1301,test,CF722AA9-2533-4E51-9FEB-9EAC84EE9AAC,12,371,2,2,4,4,2,2
sensitivity_1,threshold,theta=0.1301,test,CF722AA9-2533-4E51-9FEB-9EAC84EE9AAC,13,138,0,0,0,0,0,0
sensitivity_1,threshold,theta=0.1301,test,CF722AA9-2533-4E51-9FEB-9EAC84EE9AAC,14,73,4,3,7,5,4,3
sensitivity_1,threshold,theta=0.1301,test,D7D20E2E-FC78-405D-B346-DBD3FD8FC92B,14,121,0,0,0,0,0,0
sensitivity_1,threshold,theta=0.1301,test,D7D20E2E-FC78-405D-B346-DBD3FD8FC92B,15,826,19,19,38,20,28,19
sensitivity_1,threshold,theta=0.1301,test,D7D20E2E-FC78-405D-B346-DBD3FD8FC92B,16,265,4,4,8,9,6,4
sensitivity_1,threshold,theta=0.1301,test,E65577C1-8D5D-4F70-AF23-B3ADB9D3DBA3,5,657,33,33,66,113,55,30
sensitivity_1,threshold,theta=0.1301,test,ECECC2AB-D32F-4F90-B74C-E12A1C69BBE2,17,603,0,0,0,0,0,0
sensitivity_1,threshold,theta=0.1301,test,ECECC2AB-D32F-4F90-B74C-E12A1C69BBE2,18,74,1,1,2,2,1,1
sensitivity_1,threshold,theta=0.1301,test,FDAA70A1-42A3-4E3F-9AE3-3FDA412E03BF,20,966,15,15,30,20,21,15
sensitivity_1,moving_average,"k=3, theta=0.3543",test,00EABED2-271D-49D8-B599-1D4A09240601,25,300,3,3,6,22,3,2
sensitivity_1,moving_average,"k=3, theta=0.3543",test,00EABED2-271D-49D8-B599-1D4A09240601,42,96,4,3,7,66,3,2
sensitivity_1,moving_average,"k=3, theta=0.3543",test,00EABED2-271D-49D8-B599-1D4A09240601,44,12,0,0,0,0,0,0
sensitivity_1,moving_average,"k=3, theta=0.3543",test,098A72A5-E3E5-4F54-A152-BBDA0DF7B694,15,114,0,0,0,0,0,0
sensitivity_1,moving_average,"k=3, theta=0.3543",test,098A72A5-E3E5-4F54-A152-BBDA0DF7B694,16,733,1,1,2,1,1,1
sensitivity_1,moving_average,"k=3, theta=0.3543",test,098A72A5-E3E5-4F54-A152-BBDA0DF7B694,17,292,0,0,0,0,0,0
sensitivity_1,moving_average,"k=3, theta=0.3543",test,098A72A5-E3E5-4F54-A152-BBDA0DF7B694,18,91,0,0,0,0,0,0
sensitivity_1,moving_average,"k=3, theta=0.3543",test,098A72A5-E3E5-4F54-A152-BBDA0DF7B694,19,104,2,2,4,3,2,2
sensitivity_1,moving_average,"k=3, theta=0.3543",test,0A986513-7828-4D53-AA1F-E02D6DF9561B,8,763,5,5,10,21,4,4
sensitivity_1,moving_average,"k=3, theta=0.3543",test,11B5EC4D-4133-4289-B475-4E737182A406,7,1407,5,5,10,18,5,4
sensitivity_1,moving_average,"k=3, theta=0.3543",test,11B5EC4D-4133-4289-B475-4E737182A406,8,333,4,4,8,4,5,4
sensitivity_1,moving_average,"k=3, theta=0.3543",test,136562B6-95B2-483D-88DC-065F28409FD2,22,145,0,0,0,0,0,0
sensitivity_1,moving_average,"k=3, theta=0.3543",test,136562B6-95B2-483D-88DC-065F28409FD2,23,747,5,5,10,7,8,5
sensitivity_1,moving_average,"k=3, theta=0.3543",test,136562B6-95B2-483D-88DC-065F28409FD2,24,323,3,3,6,12,2,2
sensitivity_1,moving_average,"k=3, theta=0.3543",test,1538C99F-BA1E-4EFB-A949-6C7C47701B20,30,406,2,2,4,4,2,2
sensitivity_1,moving_average,"k=3, theta=0.3543",test,1538C99F-BA1E-4EFB-A949-6C7C47701B20,31,875,1,1,2,75,0,0
sensitivity_1,moving_average,"k=3, theta=0.3543",test,24E40C4C-A349-4F9F-93AB-01D00FB994AF,18,68,2,2,4,3,2,2
sensitivity_1,moving_average,"k=3, theta=0.3543",test,24E40C4C-A349-4F9F-93AB-01D00FB994AF,19,374,15,15,30,61,15,10
sensitivity_1,moving_average,"k=3, theta=0.3543",test,24E40C4C-A349-4F9F-93AB-01D00FB994AF,20,166,0,0,0,0,0,0
sensitivity_1,moving_average,"k=3, theta=0.3543",test,24E40C4C-A349-4F9F-93AB-01D00FB994AF,21,120,0,0,0,0,0,0
sensitivity_1,moving_average,"k=3, theta=0.3543",test,24E40C4C-A349-4F9F-93AB-01D00FB994AF,22,198,0,0,0,0,0,0
sensitivity_1,moving_average,"k=3, theta=0.3543",test,2C32C23E-E30C-498A-8DD2-0EFB9150A02E,11,377,0,0,0,0,0,0
sensitivity_1,moving_average,"k=3, theta=0.3543",test,2C32C23E-E30C-498A-8DD2-0EFB9150A02E,12,1298,7,7,14,10,8,7
sensitivity_1,moving_average,"k=3, theta=0.3543",test,3600D531-0C55-44A7-AE95-A7A38519464E,27,170,2,1,3,20,1,0
sensitivity_1,moving_average,"k=3, theta=0.3543",test,3600D531-0C55-44A7-AE95-A7A38519464E,28,205,0,0,0,0,0,0
sensitivity_1,moving_average,"k=3, theta=0.3543",test,3600D531-0C55-44A7-AE95-A7A38519464E,31,23,0,0,0,0,0,0
sensitivity_1,moving_average,"k=3, theta=0.3543",test,3600D531-0C55-44A7-AE95-A7A38519464E,32,612,1,1,2,2,1,1
sensitivity_1,moving_average,"k=3, theta=0.3543",test,3600D531-0C55-44A7-AE95-A7A38519464E,33,22,0,0,0,0,0,0
sensitivity_1,moving_average,"k=3, theta=0.3543",test,4FC32141-E888-4BFF-8804-12559A491D8C,12,67,5,4,9,26,5,3
sensitivity_1,moving_average,"k=3, theta=0.3543",test,4FC32141-E888-4BFF-8804-12559A491D8C,13,164,0,0,0,0,0,0
sensitivity_1,moving_average,"k=3, theta=0.3543",test,4FC32141-E888-4BFF-8804-12559A491D8C,14,59,0,0,0,0,0,0
sensitivity_1,moving_average,"k=3, theta=0.3543",test,4FC32141-E888-4BFF-8804-12559A491D8C,15,677,2,2,4,5,3,2
sensitivity_1,moving_average,"k=3, theta=0.3543",test,5119D0F8-FCA8-4184-A4EB-19421A40DE0D,11,461,5,5,10,15,7,5
sensitivity_1,moving_average,"k=3, theta=0.3543",test,5119D0F8-FCA8-4184-A4EB-19421A40DE0D,12,125,1,1,2,4,1,1
sensitivity_1,moving_average,"k=3, theta=0.3543",test,5119D0F8-FCA8-4184-A4EB-19421A40DE0D,13,709,5,5,10,9,8,5
sensitivity_1,moving_average,"k=3, theta=0.3543",test,5152A2DF-FAF3-4BA8-9CA9-E66B32671A53,9,775,3,3,6,13,2,2
sensitivity_1,moving_average,"k=3, theta=0.3543",test,5152A2DF-FAF3-4BA8-9CA9-E66B32671A53,10,501,4,4,8,7,4,4
sensitivity_1,moving_average,"k=3, theta=0.3543",test,5152A2DF-FAF3-4BA8-9CA9-E66B32671A53,11,19,0,0,0,0,0,0
sensitivity_1,moving_average,"k=3, theta=0.3543",test,5EF64122-B513-46AE-BCF1-E62AAC285D2C,12,178,1,1,2,1,1,1
sensitivity_1,moving_average,"k=3, theta=0.3543",test,5EF64122-B513-46AE-BCF1-E62AAC285D2C,13,576,1,1,2,3,1,1
sensitivity_1,moving_average,"k=3, theta=0.3543",test,61976C24-1C50-4355-9C49-AAE44A7D09F6,48,1717,4,4,8,5,4,4
sensitivity_1,moving_average,"k=3, theta=0.3543",test,78A91A4E-4A51-4065-BDA7-94755F0BB3BB,8,2371,31,31,62,132,36,25
sensitivity_1,moving_average,"k=3, theta=0.3543",test,7CE37510-56D0-4120-A1CF-0E23351428D2,8,1924,12,11,23,39,10,8
sensitivity_1,moving_average,"k=3, theta=0.3543",test,8023FE1A-D3B0-4E2C-A57A-9321B7FC755F,26,745,18,18,36,41,23,16
sensitivity_1,moving_average,"k=3, theta=0.3543",test,8023FE1A-D3B0-4E2C-A57A-9321B7FC755F,27,1064,14,14,28,40,16,12
sensitivity_1,moving_average,"k=3, theta=0.3543",test,83CF687B-7CEC-434B-9FE8-00C3D5799BE6,9,1394,39,39,78,223,42,27
sensitivity_1,moving_average,"k=3, theta=0.3543",test,83CF687B-7CEC-434B-9FE8-00C3D5799BE6,10,485,6,6,12,27,6,5
sensitivity_1,moving_average,"k=3, theta=0.3543",test,9759096F-1119-4E19-A0AD-6F16989C7E1C,6,776,9,9,18,156,8,6
sensitivity_1,moving_average,"k=3, theta=0.3543",test,9759096F-1119-4E19-A0AD-6F16989C7E1C,7,1178,11,11,22,29,15,11
sensitivity_1,moving_average,"k=3, theta=0.3543",test,9DC38D04-E82E-4F29-AB52-B476535226F2,20,1909,11,11,22,33,12,9
sensitivity_1,moving_average,"k=3, theta=0.3543",test,A5CDF89D-02A2-4EC1-89F8-F534FDABDD96,16,350,1,1,2,1,1,1
sensitivity_1,moving_average,"k=3, theta=0.3543",test,A5CDF89D-02A2-4EC1-89F8-F534FDABDD96,17,470,14,14,28,32,18,14
sensitivity_1,moving_average,"k=3, theta=0.3543",test,A5CDF89D-02A2-4EC1-89F8-F534FDABDD96,18,359,2,2,4,7,1,1
sensitivity_1,moving_average,"k=3, theta=0.3543",test,A76A5AF5-5A93-4CF2-A16E-62353BB70E8A,4,555,0,0,0,0,0,0
sensitivity_1,moving_average,"k=3, theta=0.3543",test,A76A5AF5-5A93-4CF2-A16E-62353BB70E8A,5,920,0,0,0,0,0,0
sensitivity_1,moving_average,"k=3, theta=0.3543",test,B09E373F-8A54-44C8-895B-0039390B859F,11,566,2,2,4,3,2,2
sensitivity_1,moving_average,"k=3, theta=0.3543",test,B09E373F-8A54-44C8-895B-0039390B859F,12,833,1,1,2,1,1,1
sensitivity_1,moving_average,"k=3, theta=0.3543",test,B09E373F-8A54-44C8-895B-0039390B859F,14,198,4,3,7,6,3,3
sensitivity_1,moving_average,"k=3, theta=0.3543",test,B9724848-C7E2-45F4-9B3F-A1F38D864495,15,484,22,22,44,78,30,19
sensitivity_1,moving_average,"k=3, theta=0.3543",test,B9724848-C7E2-45F4-9B3F-A1F38D864495,16,1013,22,22,44,156,27,12
sensitivity_1,moving_average,"k=3, theta=0.3543",test,BE3CA5A6-A561-4BBD-B7C9-5DF6805400FC,18,223,0,0,0,0,0,0
sensitivity_1,moving_average,"k=3, theta=0.3543",test,BE3CA5A6-A561-4BBD-B7C9-5DF6805400FC,19,1410,31,31,62,351,30,16
sensitivity_1,moving_average,"k=3, theta=0.3543",test,C48CE857-A0DD-4DDB-BEA5-3A25449B2153,34,134,0,0,0,0,0,0
sensitivity_1,moving_average,"k=3, theta=0.3543",test,C48CE857-A0DD-4DDB-BEA5-3A25449B2153,35,109,0,0,0,0,0,0
sensitivity_1,moving_average,"k=3, theta=0.3543",test,C48CE857-A0DD-4DDB-BEA5-3A25449B2153,36,169,0,0,0,0,0,0
sensitivity_1,moving_average,"k=3, theta=0.3543",test,C48CE857-A0DD-4DDB-BEA5-3A25449B2153,37,133,0,0,0,0,0,0
sensitivity_1,moving_average,"k=3, theta=0.3543",test,C48CE857-A0DD-4DDB-BEA5-3A25449B2153,38,307,4,4,8,8,5,4
sensitivity_1,moving_average,"k=3, theta=0.3543",test,C48CE857-A0DD-4DDB-BEA5-3A25449B2153,39,85,0,0,0,0,0,0
sensitivity_1,moving_average,"k=3, theta=0.3543",test,CA820D43-E5E2-42EF-9798-BE56F776370B,10,997,24,24,48,88,27,18
sensitivity_1,moving_average,"k=3, theta=0.3543",test,CA820D43-E5E2-42EF-9798-BE56F776370B,12,546,7,7,14,30,6,6
sensitivity_1,moving_average,"k=3, theta=0.3543",test,CDA3BBF7-6631-45E8-85BA-EEB416B32A3C,5,537,1,1,2,4,1,1
sensitivity_1,moving_average,"k=3, theta=0.3543",test,CF722AA9-2533-4E51-9FEB-9EAC84EE9AAC,11,112,0,0,0,0,0,0
sensitivity_1,moving_average,"k=3, theta=0.3543",test,CF722AA9-2533-4E51-9FEB-9EAC84EE9AAC,12,371,3,3,6,9,3,2
sensitivity_1,moving_average,"k=3, theta=0.3543",test,CF722AA9-2533-4E51-9FEB-9EAC84EE9AAC,13,138,0,0,0,0,0,0
sensitivity_1,moving_average,"k=3, theta=0.3543",test,CF722AA9-2533-4E51-9FEB-9EAC84EE9AAC,14,73,3,3,6,8,3,3
sensitivity_1,moving_average,"k=3, theta=0.3543",test,D7D20E2E-FC78-405D-B346-DBD3FD8FC92B,14,121,0,0,0,0,0,0
sensitivity_1,moving_average,"k=3, theta=0.3543",test,D7D20E2E-FC78-405D-B346-DBD3FD8FC92B,15,826,12,12,24,65,13,10
sensitivity_1,moving_average,"k=3, theta=0.3543",test,D7D20E2E-FC78-405D-B346-DBD3FD8FC92B,16,265,6,6,12,22,6,4
sensitivity_1,moving_average,"k=3, theta=0.3543",test,E65577C1-8D5D-4F70-AF23-B3ADB9D3DBA3,5,657,18,18,36,187,20,8
sensitivity_1,moving_average,"k=3, theta=0.3543",test,ECECC2AB-D32F-4F90-B74C-E12A1C69BBE2,17,603,2,2,4,4,2,2
sensitivity_1,moving_average,"k=3, theta=0.3543",test,ECECC2AB-D32F-4F90-B74C-E12A1C69BBE2,18,74,1,1,2,3,1,1
sensitivity_1,moving_average,"k=3, theta=0.3543",test,FDAA70A1-42A3-4E3F-9AE3-3FDA412E03BF,20,966,10,10,20,54,13,8
sensitivity_1,ewma,"alpha=0.5, theta=0.3318",test,00EABED2-271D-49D8-B599-1D4A09240601,25,300,5,5,10,20,6,3
sensitivity_1,ewma,"alpha=0.5, theta=0.3318",test,00EABED2-271D-49D8-B599-1D4A09240601,42,96,4,3,7,63,3,2
sensitivity_1,ewma,"alpha=0.5, theta=0.3318",test,00EABED2-271D-49D8-B599-1D4A09240601,44,12,0,0,0,0,0,0
sensitivity_1,ewma,"alpha=0.5, theta=0.3318",test,098A72A5-E3E5-4F54-A152-BBDA0DF7B694,15,114,0,0,0,0,0,0
sensitivity_1,ewma,"alpha=0.5, theta=0.3318",test,098A72A5-E3E5-4F54-A152-BBDA0DF7B694,16,733,0,0,0,0,0,0
sensitivity_1,ewma,"alpha=0.5, theta=0.3318",test,098A72A5-E3E5-4F54-A152-BBDA0DF7B694,17,292,0,0,0,0,0,0
sensitivity_1,ewma,"alpha=0.5, theta=0.3318",test,098A72A5-E3E5-4F54-A152-BBDA0DF7B694,18,91,0,0,0,0,0,0
sensitivity_1,ewma,"alpha=0.5, theta=0.3318",test,098A72A5-E3E5-4F54-A152-BBDA0DF7B694,19,104,1,1,2,2,1,1
sensitivity_1,ewma,"alpha=0.5, theta=0.3318",test,0A986513-7828-4D53-AA1F-E02D6DF9561B,8,763,3,3,6,19,2,2
sensitivity_1,ewma,"alpha=0.5, theta=0.3318",test,11B5EC4D-4133-4289-B475-4E737182A406,7,1407,6,6,12,12,8,6
sensitivity_1,ewma,"alpha=0.5, theta=0.3318",test,11B5EC4D-4133-4289-B475-4E737182A406,8,333,0,0,0,0,0,0
sensitivity_1,ewma,"alpha=0.5, theta=0.3318",test,136562B6-95B2-483D-88DC-065F28409FD2,22,145,0,0,0,0,0,0
sensitivity_1,ewma,"alpha=0.5, theta=0.3318",test,136562B6-95B2-483D-88DC-065F28409FD2,23,747,4,4,8,5,5,4
sensitivity_1,ewma,"alpha=0.5, theta=0.3318",test,136562B6-95B2-483D-88DC-065F28409FD2,24,323,2,2,4,9,1,1
sensitivity_1,ewma,"alpha=0.5, theta=0.3318",test,1538C99F-BA1E-4EFB-A949-6C7C47701B20,30,406,2,2,4,3,2,2
sensitivity_1,ewma,"alpha=0.5, theta=0.3318",test,1538C99F-BA1E-4EFB-A949-6C7C47701B20,31,875,1,1,2,74,0,0
sensitivity_1,ewma,"alpha=0.5, theta=0.3318",test,24E40C4C-A349-4F9F-93AB-01D00FB994AF,18,68,2,2,4,2,2,2
sensitivity_1,ewma,"alpha=0.5, theta=0.3318",test,24E40C4C-A349-4F9F-93AB-01D00FB994AF,19,374,19,19,38,45,30,18
sensitivity_1,ewma,"alpha=0.5, theta=0.3318",test,24E40C4C-A349-4F9F-93AB-01D00FB994AF,20,166,0,0,0,0,0,0
sensitivity_1,ewma,"alpha=0.5, theta=0.3318",test,24E40C4C-A349-4F9F-93AB-01D00FB994AF,21,120,1,1,2,1,1,1
sensitivity_1,ewma,"alpha=0.5, theta=0.3318",test,24E40C4C-A349-4F9F-93AB-01D00FB994AF,22,198,0,0,0,0,0,0
sensitivity_1,ewma,"alpha=0.5, theta=0.3318",test,2C32C23E-E30C-498A-8DD2-0EFB9150A02E,11,377,0,0,0,0,0,0
sensitivity_1,ewma,"alpha=0.5, theta=0.3318",test,2C32C23E-E30C-498A-8DD2-0EFB9150A02E,12,1298,5,5,10,8,6,5
sensitivity_1,ewma,"alpha=0.5, theta=0.3318",test,3600D531-0C55-44A7-AE95-A7A38519464E,27,170,2,1,3,21,1,0
sensitivity_1,ewma,"alpha=0.5, theta=0.3318",test,3600D531-0C55-44A7-AE95-A7A38519464E,28,205,0,0,0,0,0,0
sensitivity_1,ewma,"alpha=0.5, theta=0.3318",test,3600D531-0C55-44A7-AE95-A7A38519464E,31,23,0,0,0,0,0,0
sensitivity_1,ewma,"alpha=0.5, theta=0.3318",test,3600D531-0C55-44A7-AE95-A7A38519464E,32,612,1,1,2,1,1,1
sensitivity_1,ewma,"alpha=0.5, theta=0.3318",test,3600D531-0C55-44A7-AE95-A7A38519464E,33,22,0,0,0,0,0,0
sensitivity_1,ewma,"alpha=0.5, theta=0.3318",test,4FC32141-E888-4BFF-8804-12559A491D8C,12,67,3,3,6,19,2,1
sensitivity_1,ewma,"alpha=0.5, theta=0.3318",test,4FC32141-E888-4BFF-8804-12559A491D8C,13,164,0,0,0,0,0,0
sensitivity_1,ewma,"alpha=0.5, theta=0.3318",test,4FC32141-E888-4BFF-8804-12559A491D8C,14,59,0,0,0,0,0,0
sensitivity_1,ewma,"alpha=0.5, theta=0.3318",test,4FC32141-E888-4BFF-8804-12559A491D8C,15,677,1,1,2,1,1,1
sensitivity_1,ewma,"alpha=0.5, theta=0.3318",test,5119D0F8-FCA8-4184-A4EB-19421A40DE0D,11,461,6,6,12,9,9,6
sensitivity_1,ewma,"alpha=0.5, theta=0.3318",test,5119D0F8-FCA8-4184-A4EB-19421A40DE0D,12,125,1,1,2,4,1,1
sensitivity_1,ewma,"alpha=0.5, theta=0.3318",test,5119D0F8-FCA8-4184-A4EB-19421A40DE0D,13,709,4,4,8,5,6,4
sensitivity_1,ewma,"alpha=0.5, theta=0.3318",test,5152A2DF-FAF3-4BA8-9CA9-E66B32671A53,9,775,2,2,4,10,1,1
sensitivity_1,ewma,"alpha=0.5, theta=0.3318",test,5152A2DF-FAF3-4BA8-9CA9-E66B32671A53,10,501,2,2,4,3,2,2
sensitivity_1,ewma,"alpha=0.5, theta=0.3318",test,5152A2DF-FAF3-4BA8-9CA9-E66B32671A53,11,19,0,0,0,0,0,0
sensitivity_1,ewma,"alpha=0.5, theta=0.3318",test,5EF64122-B513-46AE-BCF1-E62AAC285D2C,12,178,1,1,2,1,1,1
sensitivity_1,ewma,"alpha=0.5, theta=0.3318",test,5EF64122-B513-46AE-BCF1-E62AAC285D2C,13,576,1,1,2,3,1,1
sensitivity_1,ewma,"alpha=0.5, theta=0.3318",test,61976C24-1C50-4355-9C49-AAE44A7D09F6,48,1717,1,1,2,1,1,1
sensitivity_1,ewma,"alpha=0.5, theta=0.3318",test,78A91A4E-4A51-4065-BDA7-94755F0BB3BB,8,2371,34,34,68,119,44,27
sensitivity_1,ewma,"alpha=0.5, theta=0.3318",test,7CE37510-56D0-4120-A1CF-0E23351428D2,8,1924,10,10,20,34,8,8
sensitivity_1,ewma,"alpha=0.5, theta=0.3318",test,8023FE1A-D3B0-4E2C-A57A-9321B7FC755F,26,745,16,16,32,37,19,15
sensitivity_1,ewma,"alpha=0.5, theta=0.3318",test,8023FE1A-D3B0-4E2C-A57A-9321B7FC755F,27,1064,14,14,28,33,17,13
sensitivity_1,ewma,"alpha=0.5, theta=0.3318",test,83CF687B-7CEC-434B-9FE8-00C3D5799BE6,9,1394,40,40,80,208,50,29
sensitivity_1,ewma,"alpha=0.5, theta=0.3318",test,83CF687B-7CEC-434B-9FE8-00C3D5799BE6,10,485,7,7,14,21,9,6
sensitivity_1,ewma,"alpha=0.5, theta=0.3318",test,9759096F-1119-4E19-A0AD-6F16989C7E1C,6,776,9,9,18,152,8,5
sensitivity_1,ewma,"alpha=0.5, theta=0.3318",test,9759096F-1119-4E19-A0AD-6F16989C7E1C,7,1178,12,12,24,24,17,12
sensitivity_1,ewma,"alpha=0.5, theta=0.3318",test,9DC38D04-E82E-4F29-AB52-B476535226F2,20,1909,10,10,20,29,11,8
sensitivity_1,ewma,"alpha=0.5, theta=0.3318",test,A5CDF89D-02A2-4EC1-89F8-F534FDABDD96,16,350,1,1,2,1,1,1
sensitivity_1,ewma,"alpha=0.5, theta=0.3318",test,A5CDF89D-02A2-4EC1-89F8-F534FDABDD96,17,470,17,17,34,33,24,17
sensitivity_1,ewma,"alpha=0.5, theta=0.3318",test,A5CDF89D-02A2-4EC1-89F8-F534FDABDD96,18,359,3,3,6,4,4,3
sensitivity_1,ewma,"alpha=0.5, theta=0.3318",test,A76A5AF5-5A93-4CF2-A16E-62353BB70E8A,4,555,0,0,0,0,0,0
sensitivity_1,ewma,"alpha=0.5, theta=0.3318",test,A76A5AF5-5A93-4CF2-A16E-62353BB70E8A,5,920,0,0,0,0,0,0
sensitivity_1,ewma,"alpha=0.5, theta=0.3318",test,B09E373F-8A54-44C8-895B-0039390B859F,11,566,2,2,4,2,2,2
sensitivity_1,ewma,"alpha=0.5, theta=0.3318",test,B09E373F-8A54-44C8-895B-0039390B859F,12,833,1,1,2,1,1,1
sensitivity_1,ewma,"alpha=0.5, theta=0.3318",test,B09E373F-8A54-44C8-895B-0039390B859F,14,198,5,4,9,7,5,4
sensitivity_1,ewma,"alpha=0.5, theta=0.3318",test,B9724848-C7E2-45F4-9B3F-A1F38D864495,15,484,22,22,44,70,31,19
sensitivity_1,ewma,"alpha=0.5, theta=0.3318",test,B9724848-C7E2-45F4-9B3F-A1F38D864495,16,1013,23,23,46,147,33,14
sensitivity_1,ewma,"alpha=0.5, theta=0.3318",test,BE3CA5A6-A561-4BBD-B7C9-5DF6805400FC,18,223,0,0,0,0,0,0
sensitivity_1,ewma,"alpha=0.5, theta=0.3318",test,BE3CA5A6-A561-4BBD-B7C9-5DF6805400FC,19,1410,32,32,64,324,32,17
sensitivity_1,ewma,"alpha=0.5, theta=0.3318",test,C48CE857-A0DD-4DDB-BEA5-3A25449B2153,34,134,0,0,0,0,0,0
sensitivity_1,ewma,"alpha=0.5, theta=0.3318",test,C48CE857-A0DD-4DDB-BEA5-3A25449B2153,35,109,0,0,0,0,0,0
sensitivity_1,ewma,"alpha=0.5, theta=0.3318",test,C48CE857-A0DD-4DDB-BEA5-3A25449B2153,36,169,0,0,0,0,0,0
sensitivity_1,ewma,"alpha=0.5, theta=0.3318",test,C48CE857-A0DD-4DDB-BEA5-3A25449B2153,37,133,0,0,0,0,0,0
sensitivity_1,ewma,"alpha=0.5, theta=0.3318",test,C48CE857-A0DD-4DDB-BEA5-3A25449B2153,38,307,3,3,6,7,4,3
sensitivity_1,ewma,"alpha=0.5, theta=0.3318",test,C48CE857-A0DD-4DDB-BEA5-3A25449B2153,39,85,0,0,0,0,0,0
sensitivity_1,ewma,"alpha=0.5, theta=0.3318",test,CA820D43-E5E2-42EF-9798-BE56F776370B,10,997,22,22,44,74,24,16
sensitivity_1,ewma,"alpha=0.5, theta=0.3318",test,CA820D43-E5E2-42EF-9798-BE56F776370B,12,546,11,11,22,23,13,10
sensitivity_1,ewma,"alpha=0.5, theta=0.3318",test,CDA3BBF7-6631-45E8-85BA-EEB416B32A3C,5,537,1,1,2,4,1,1
sensitivity_1,ewma,"alpha=0.5, theta=0.3318",test,CF722AA9-2533-4E51-9FEB-9EAC84EE9AAC,11,112,0,0,0,0,0,0
sensitivity_1,ewma,"alpha=0.5, theta=0.3318",test,CF722AA9-2533-4E51-9FEB-9EAC84EE9AAC,12,371,3,3,6,10,3,2
sensitivity_1,ewma,"alpha=0.5, theta=0.3318",test,CF722AA9-2533-4E51-9FEB-9EAC84EE9AAC,13,138,0,0,0,0,0,0
sensitivity_1,ewma,"alpha=0.5, theta=0.3318",test,CF722AA9-2533-4E51-9FEB-9EAC84EE9AAC,14,73,2,2,4,6,2,2
sensitivity_1,ewma,"alpha=0.5, theta=0.3318",test,D7D20E2E-FC78-405D-B346-DBD3FD8FC92B,14,121,0,0,0,0,0,0
sensitivity_1,ewma,"alpha=0.5, theta=0.3318",test,D7D20E2E-FC78-405D-B346-DBD3FD8FC92B,15,826,13,13,26,64,14,10
sensitivity_1,ewma,"alpha=0.5, theta=0.3318",test,D7D20E2E-FC78-405D-B346-DBD3FD8FC92B,16,265,7,7,14,19,9,6
sensitivity_1,ewma,"alpha=0.5, theta=0.3318",test,E65577C1-8D5D-4F70-AF23-B3ADB9D3DBA3,5,657,17,17,34,182,20,9
sensitivity_1,ewma,"alpha=0.5, theta=0.3318",test,ECECC2AB-D32F-4F90-B74C-E12A1C69BBE2,17,603,2,2,4,2,2,2
sensitivity_1,ewma,"alpha=0.5, theta=0.3318",test,ECECC2AB-D32F-4F90-B74C-E12A1C69BBE2,18,74,1,1,2,1,1,1
sensitivity_1,ewma,"alpha=0.5, theta=0.3318",test,FDAA70A1-42A3-4E3F-9AE3-3FDA412E03BF,20,966,9,9,18,51,10,7
sensitivity_1,majority_vote,"k=3, theta=0.3318",test,00EABED2-271D-49D8-B599-1D4A09240601,25,300,5,5,10,22,7,4
sensitivity_1,majority_vote,"k=3, theta=0.3318",test,00EABED2-271D-49D8-B599-1D4A09240601,42,96,4,3,7,67,3,2
sensitivity_1,majority_vote,"k=3, theta=0.3318",test,00EABED2-271D-49D8-B599-1D4A09240601,44,12,0,0,0,0,0,0
sensitivity_1,majority_vote,"k=3, theta=0.3318",test,098A72A5-E3E5-4F54-A152-BBDA0DF7B694,15,114,0,0,0,0,0,0
sensitivity_1,majority_vote,"k=3, theta=0.3318",test,098A72A5-E3E5-4F54-A152-BBDA0DF7B694,16,733,1,1,2,1,1,1
sensitivity_1,majority_vote,"k=3, theta=0.3318",test,098A72A5-E3E5-4F54-A152-BBDA0DF7B694,17,292,0,0,0,0,0,0
sensitivity_1,majority_vote,"k=3, theta=0.3318",test,098A72A5-E3E5-4F54-A152-BBDA0DF7B694,18,91,0,0,0,0,0,0
sensitivity_1,majority_vote,"k=3, theta=0.3318",test,098A72A5-E3E5-4F54-A152-BBDA0DF7B694,19,104,2,2,4,5,2,2
sensitivity_1,majority_vote,"k=3, theta=0.3318",test,0A986513-7828-4D53-AA1F-E02D6DF9561B,8,763,4,4,8,23,3,3
sensitivity_1,majority_vote,"k=3, theta=0.3318",test,11B5EC4D-4133-4289-B475-4E737182A406,7,1407,7,7,14,22,8,6
sensitivity_1,majority_vote,"k=3, theta=0.3318",test,11B5EC4D-4133-4289-B475-4E737182A406,8,333,2,2,4,5,2,2
sensitivity_1,majority_vote,"k=3, theta=0.3318",test,136562B6-95B2-483D-88DC-065F28409FD2,22,145,0,0,0,0,0,0
sensitivity_1,majority_vote,"k=3, theta=0.3318",test,136562B6-95B2-483D-88DC-065F28409FD2,23,747,3,3,6,6,4,3
sensitivity_1,majority_vote,"k=3, theta=0.3318",test,136562B6-95B2-483D-88DC-065F28409FD2,24,323,2,2,4,9,1,1
sensitivity_1,majority_vote,"k=3, theta=0.3318",test,1538C99F-BA1E-4EFB-A949-6C7C47701B20,30,406,2,2,4,5,2,2
sensitivity_1,majority_vote,"k=3, theta=0.3318",test,1538C99F-BA1E-4EFB-A949-6C7C47701B20,31,875,2,2,4,77,1,1
sensitivity_1,majority_vote,"k=3, theta=0.3318",test,24E40C4C-A349-4F9F-93AB-01D00FB994AF,18,68,2,2,4,4,2,2
sensitivity_1,majority_vote,"k=3, theta=0.3318",test,24E40C4C-A349-4F9F-93AB-01D00FB994AF,19,374,16,16,32,64,21,12
sensitivity_1,majority_vote,"k=3, theta=0.3318",test,24E40C4C-A349-4F9F-93AB-01D00FB994AF,20,166,0,0,0,0,0,0
sensitivity_1,majority_vote,"k=3, theta=0.3318",test,24E40C4C-A349-4F9F-93AB-01D00FB994AF,21,120,1,1,2,2,1,1
sensitivity_1,majority_vote,"k=3, theta=0.3318",test,24E40C4C-A349-4F9F-93AB-01D00FB994AF,22,198,2,2,4,2,3,2
sensitivity_1,majority_vote,"k=3, theta=0.3318",test,2C32C23E-E30C-498A-8DD2-0EFB9150A02E,11,377,1,1,2,2,1,1
sensitivity_1,majority_vote,"k=3, theta=0.3318",test,2C32C23E-E30C-498A-8DD2-0EFB9150A02E,12,1298,9,9,18,20,10,9
sensitivity_1,majority_vote,"k=3, theta=0.3318",test,3600D531-0C55-44A7-AE95-A7A38519464E,27,170,1,0,1,23,0,0
sensitivity_1,majority_vote,"k=3, theta=0.3318",test,3600D531-0C55-44A7-AE95-A7A38519464E,28,205,0,0,0,0,0,0
sensitivity_1,majority_vote,"k=3, theta=0.3318",test,3600D531-0C55-44A7-AE95-A7A38519464E,31,23,0,0,0,0,0,0
sensitivity_1,majority_vote,"k=3, theta=0.3318",test,3600D531-0C55-44A7-AE95-A7A38519464E,32,612,2,2,4,5,2,2
sensitivity_1,majority_vote,"k=3, theta=0.3318",test,3600D531-0C55-44A7-AE95-A7A38519464E,33,22,0,0,0,0,0,0
sensitivity_1,majority_vote,"k=3, theta=0.3318",test,4FC32141-E888-4BFF-8804-12559A491D8C,12,67,4,4,8,21,4,2
sensitivity_1,majority_vote,"k=3, theta=0.3318",test,4FC32141-E888-4BFF-8804-12559A491D8C,13,164,0,0,0,0,0,0
sensitivity_1,majority_vote,"k=3, theta=0.3318",test,4FC32141-E888-4BFF-8804-12559A491D8C,14,59,0,0,0,0,0,0
sensitivity_1,majority_vote,"k=3, theta=0.3318",test,4FC32141-E888-4BFF-8804-12559A491D8C,15,677,0,0,0,0,0,0
sensitivity_1,majority_vote,"k=3, theta=0.3318",test,5119D0F8-FCA8-4184-A4EB-19421A40DE0D,11,461,5,5,10,18,6,5
sensitivity_1,majority_vote,"k=3, theta=0.3318",test,5119D0F8-FCA8-4184-A4EB-19421A40DE0D,12,125,1,1,2,5,1,1
sensitivity_1,majority_vote,"k=3, theta=0.3318",test,5119D0F8-FCA8-4184-A4EB-19421A40DE0D,13,709,6,6,12,12,8,5
sensitivity_1,majority_vote,"k=3, theta=0.3318",test,5152A2DF-FAF3-4BA8-9CA9-E66B32671A53,9,775,3,3,6,13,2,2
sensitivity_1,majority_vote,"k=3, theta=0.3318",test,5152A2DF-FAF3-4BA8-9CA9-E66B32671A53,10,501,4,4,8,8,4,4
sensitivity_1,majority_vote,"k=3, theta=0.3318",test,5152A2DF-FAF3-4BA8-9CA9-E66B32671A53,11,19,0,0,0,0,0,0
sensitivity_1,majority_vote,"k=3, theta=0.3318",test,5EF64122-B513-46AE-BCF1-E62AAC285D2C,12,178,1,1,2,2,1,1
sensitivity_1,majority_vote,"k=3, theta=0.3318",test,5EF64122-B513-46AE-BCF1-E62AAC285D2C,13,576,1,0,1,4,0,0
sensitivity_1,majority_vote,"k=3, theta=0.3318",test,61976C24-1C50-4355-9C49-AAE44A7D09F6,48,1717,5,5,10,6,5,5
sensitivity_1,majority_vote,"k=3, theta=0.3318",test,78A91A4E-4A51-4065-BDA7-94755F0BB3BB,8,2371,29,29,58,141,31,21
sensitivity_1,majority_vote,"k=3, theta=0.3318",test,7CE37510-56D0-4120-A1CF-0E23351428D2,8,1924,15,14,29,49,12,10
sensitivity_1,majority_vote,"k=3, theta=0.3318",test,8023FE1A-D3B0-4E2C-A57A-9321B7FC755F,26,745,17,17,34,48,21,15
sensitivity_1,majority_vote,"k=3, theta=0.3318",test,8023FE1A-D3B0-4E2C-A57A-9321B7FC755F,27,1064,15,15,30,47,16,13
sensitivity_1,majority_vote,"k=3, theta=0.3318",test,83CF687B-7CEC-434B-9FE8-00C3D5799BE6,9,1394,30,30,60,232,26,15
sensitivity_1,majority_vote,"k=3, theta=0.3318",test,83CF687B-7CEC-434B-9FE8-00C3D5799BE6,10,485,6,6,12,25,7,5
sensitivity_1,majority_vote,"k=3, theta=0.3318",test,9759096F-1119-4E19-A0AD-6F16989C7E1C,6,776,10,10,20,160,12,7
sensitivity_1,majority_vote,"k=3, theta=0.3318",test,9759096F-1119-4E19-A0AD-6F16989C7E1C,7,1178,11,11,22,32,14,11
sensitivity_1,majority_vote,"k=3, theta=0.3318",test,9DC38D04-E82E-4F29-AB52-B476535226F2,20,1909,9,9,18,38,9,6
sensitivity_1,majority_vote,"k=3, theta=0.3318",test,A5CDF89D-02A2-4EC1-89F8-F534FDABDD96,16,350,1,1,2,3,1,1
sensitivity_1,majority_vote,"k=3, theta=0.3318",test,A5CDF89D-02A2-4EC1-89F8-F534FDABDD96,17,470,18,18,36,61,23,15
sensitivity_1,majority_vote,"k=3, theta=0.3318",test,A5CDF89D-02A2-4EC1-89F8-F534FDABDD96,18,359,2,2,4,8,1,1
sensitivity_1,majority_vote,"k=3, theta=0.3318",test,A76A5AF5-5A93-4CF2-A16E-62353BB70E8A,4,555,0,0,0,0,0,0
sensitivity_1,majority_vote,"k=3, theta=0.3318",test,A76A5AF5-5A93-4CF2-A16E-62353BB70E8A,5,920,0,0,0,0,0,0
sensitivity_1,majority_vote,"k=3, theta=0.3318",test,B09E373F-8A54-44C8-895B-0039390B859F,11,566,3,3,6,8,3,3
sensitivity_1,majority_vote,"k=3, theta=0.3318",test,B09E373F-8A54-44C8-895B-0039390B859F,12,833,1,1,2,2,1,1
sensitivity_1,majority_vote,"k=3, theta=0.3318",test,B09E373F-8A54-44C8-895B-0039390B859F,14,198,3,2,5,6,2,2
sensitivity_1,majority_vote,"k=3, theta=0.3318",test,B9724848-C7E2-45F4-9B3F-A1F38D864495,15,484,20,20,40,70,26,17
sensitivity_1,majority_vote,"k=3, theta=0.3318",test,B9724848-C7E2-45F4-9B3F-A1F38D864495,16,1013,21,21,42,157,24,9
sensitivity_1,majority_vote,"k=3, theta=0.3318",test,BE3CA5A6-A561-4BBD-B7C9-5DF6805400FC,18,223,0,0,0,0,0,0
sensitivity_1,majority_vote,"k=3, theta=0.3318",test,BE3CA5A6-A561-4BBD-B7C9-5DF6805400FC,19,1410,29,29,58,359,24,12
sensitivity_1,majority_vote,"k=3, theta=0.3318",test,C48CE857-A0DD-4DDB-BEA5-3A25449B2153,34,134,0,0,0,0,0,0
sensitivity_1,majority_vote,"k=3, theta=0.3318",test,C48CE857-A0DD-4DDB-BEA5-3A25449B2153,35,109,0,0,0,0,0,0
sensitivity_1,majority_vote,"k=3, theta=0.3318",test,C48CE857-A0DD-4DDB-BEA5-3A25449B2153,36,169,0,0,0,0,0,0
sensitivity_1,majority_vote,"k=3, theta=0.3318",test,C48CE857-A0DD-4DDB-BEA5-3A25449B2153,37,133,0,0,0,0,0,0
sensitivity_1,majority_vote,"k=3, theta=0.3318",test,C48CE857-A0DD-4DDB-BEA5-3A25449B2153,38,307,2,2,4,8,1,1
sensitivity_1,majority_vote,"k=3, theta=0.3318",test,C48CE857-A0DD-4DDB-BEA5-3A25449B2153,39,85,0,0,0,0,0,0
sensitivity_1,majority_vote,"k=3, theta=0.3318",test,CA820D43-E5E2-42EF-9798-BE56F776370B,10,997,21,21,42,85,21,14
sensitivity_1,majority_vote,"k=3, theta=0.3318",test,CA820D43-E5E2-42EF-9798-BE56F776370B,12,546,8,8,16,34,7,7
sensitivity_1,majority_vote,"k=3, theta=0.3318",test,CDA3BBF7-6631-45E8-85BA-EEB416B32A3C,5,537,1,1,2,5,1,1
sensitivity_1,majority_vote,"k=3, theta=0.3318",test,CF722AA9-2533-4E51-9FEB-9EAC84EE9AAC,11,112,0,0,0,0,0,0
sensitivity_1,majority_vote,"k=3, theta=0.3318",test,CF722AA9-2533-4E51-9FEB-9EAC84EE9AAC,12,371,4,4,8,15,6,3
sensitivity_1,majority_vote,"k=3, theta=0.3318",test,CF722AA9-2533-4E51-9FEB-9EAC84EE9AAC,13,138,0,0,0,0,0,0
sensitivity_1,majority_vote,"k=3, theta=0.3318",test,CF722AA9-2533-4E51-9FEB-9EAC84EE9AAC,14,73,3,3,6,11,3,3
sensitivity_1,majority_vote,"k=3, theta=0.3318",test,D7D20E2E-FC78-405D-B346-DBD3FD8FC92B,14,121,0,0,0,0,0,0
sensitivity_1,majority_vote,"k=3, theta=0.3318",test,D7D20E2E-FC78-405D-B346-DBD3FD8FC92B,15,826,14,14,28,74,16,11
sensitivity_1,majority_vote,"k=3, theta=0.3318",test,D7D20E2E-FC78-405D-B346-DBD3FD8FC92B,16,265,5,5,10,23,4,3
sensitivity_1,majority_vote,"k=3, theta=0.3318",test,E65577C1-8D5D-4F70-AF23-B3ADB9D3DBA3,5,657,17,17,34,194,19,8
sensitivity_1,majority_vote,"k=3, theta=0.3318",test,ECECC2AB-D32F-4F90-B74C-E12A1C69BBE2,17,603,3,3,6,6,4,3
sensitivity_1,majority_vote,"k=3, theta=0.3318",test,ECECC2AB-D32F-4F90-B74C-E12A1C69BBE2,18,74,2,2,4,5,2,2
sensitivity_1,majority_vote,"k=3, theta=0.3318",test,FDAA70A1-42A3-4E3F-9AE3-3FDA412E03BF,20,966,13,13,26,64,15,11
sensitivity_1,debounce,"T=2, theta=0.4013",test,00EABED2-271D-49D8-B599-1D4A09240601,25,300,4,4,8,30,4,2
sensitivity_1,debounce,"T=2, theta=0.4013",test,00EABED2-271D-49D8-B599-1D4A09240601,42,96,3,2,5,64,1,1
sensitivity_1,debounce,"T=2, theta=0.4013",test,00EABED2-271D-49D8-B599-1D4A09240601,44,12,0,0,0,0,0,0
sensitivity_1,debounce,"T=2, theta=0.4013",test,098A72A5-E3E5-4F54-A152-BBDA0DF7B694,15,114,0,0,0,0,0,0
sensitivity_1,debounce,"T=2, theta=0.4013",test,098A72A5-E3E5-4F54-A152-BBDA0DF7B694,16,733,1,1,2,2,1,1
sensitivity_1,debounce,"T=2, theta=0.4013",test,098A72A5-E3E5-4F54-A152-BBDA0DF7B694,17,292,0,0,0,0,0,0
sensitivity_1,debounce,"T=2, theta=0.4013",test,098A72A5-E3E5-4F54-A152-BBDA0DF7B694,18,91,0,0,0,0,0,0
sensitivity_1,debounce,"T=2, theta=0.4013",test,098A72A5-E3E5-4F54-A152-BBDA0DF7B694,19,104,2,2,4,6,2,2
sensitivity_1,debounce,"T=2, theta=0.4013",test,0A986513-7828-4D53-AA1F-E02D6DF9561B,8,763,4,4,8,25,3,3
sensitivity_1,debounce,"T=2, theta=0.4013",test,11B5EC4D-4133-4289-B475-4E737182A406,7,1407,5,5,10,27,3,2
sensitivity_1,debounce,"T=2, theta=0.4013",test,11B5EC4D-4133-4289-B475-4E737182A406,8,333,2,2,4,5,2,2
sensitivity_1,debounce,"T=2, theta=0.4013",test,136562B6-95B2-483D-88DC-065F28409FD2,22,145,0,0,0,0,0,0
sensitivity_1,debounce,"T=2, theta=0.4013",test,136562B6-95B2-483D-88DC-065F28409FD2,23,747,2,2,4,12,2,1
sensitivity_1,debounce,"T=2, theta=0.4013",test,136562B6-95B2-483D-88DC-065F28409FD2,24,323,5,5,10,20,3,3
sensitivity_1,debounce,"T=2, theta=0.4013",test,1538C99F-BA1E-4EFB-A949-6C7C47701B20,30,406,2,2,4,5,2,2
sensitivity_1,debounce,"T=2, theta=0.4013",test,1538C99F-BA1E-4EFB-A949-6C7C47701B20,31,875,2,2,4,77,1,1
sensitivity_1,debounce,"T=2, theta=0.4013",test,24E40C4C-A349-4F9F-93AB-01D00FB994AF,18,68,2,2,4,4,2,2
sensitivity_1,debounce,"T=2, theta=0.4013",test,24E40C4C-A349-4F9F-93AB-01D00FB994AF,19,374,12,12,24,84,10,6
sensitivity_1,debounce,"T=2, theta=0.4013",test,24E40C4C-A349-4F9F-93AB-01D00FB994AF,20,166,0,0,0,0,0,0
sensitivity_1,debounce,"T=2, theta=0.4013",test,24E40C4C-A349-4F9F-93AB-01D00FB994AF,21,120,1,1,2,2,1,1
sensitivity_1,debounce,"T=2, theta=0.4013",test,24E40C4C-A349-4F9F-93AB-01D00FB994AF,22,198,0,0,0,0,0,0
sensitivity_1,debounce,"T=2, theta=0.4013",test,2C32C23E-E30C-498A-8DD2-0EFB9150A02E,11,377,2,2,4,4,2,2
sensitivity_1,debounce,"T=2, theta=0.4013",test,2C32C23E-E30C-498A-8DD2-0EFB9150A02E,12,1298,10,10,20,28,10,9
sensitivity_1,debounce,"T=2, theta=0.4013",test,3600D531-0C55-44A7-AE95-A7A38519464E,27,170,1,0,1,22,0,0
sensitivity_1,debounce,"T=2, theta=0.4013",test,3600D531-0C55-44A7-AE95-A7A38519464E,28,205,0,0,0,0,0,0
sensitivity_1,debounce,"T=2, theta=0.4013",test,3600D531-0C55-44A7-AE95-A7A38519464E,31,23,0,0,0,0,0,0
sensitivity_1,debounce,"T=2, theta=0.4013",test,3600D531-0C55-44A7-AE95-A7A38519464E,32,612,2,2,4,7,2,2
sensitivity_1,debounce,"T=2, theta=0.4013",test,3600D531-0C55-44A7-AE95-A7A38519464E,33,22,0,0,0,0,0,0
sensitivity_1,debounce,"T=2, theta=0.4013",test,4FC32141-E888-4BFF-8804-12559A491D8C,12,67,4,3,7,31,4,2
sensitivity_1,debounce,"T=2, theta=0.4013",test,4FC32141-E888-4BFF-8804-12559A491D8C,13,164,0,0,0,0,0,0
sensitivity_1,debounce,"T=2, theta=0.4013",test,4FC32141-E888-4BFF-8804-12559A491D8C,14,59,0,0,0,0,0,0
sensitivity_1,debounce,"T=2, theta=0.4013",test,4FC32141-E888-4BFF-8804-12559A491D8C,15,677,3,2,5,13,3,2
sensitivity_1,debounce,"T=2, theta=0.4013",test,5119D0F8-FCA8-4184-A4EB-19421A40DE0D,11,461,5,5,10,27,6,4
sensitivity_1,debounce,"T=2, theta=0.4013",test,5119D0F8-FCA8-4184-A4EB-19421A40DE0D,12,125,1,1,2,5,1,1
sensitivity_1,debounce,"T=2, theta=0.4013",test,5119D0F8-FCA8-4184-A4EB-19421A40DE0D,13,709,4,4,8,18,2,2
sensitivity_1,debounce,"T=2, theta=0.4013",test,5152A2DF-FAF3-4BA8-9CA9-E66B32671A53,9,775,6,6,12,27,5,4
sensitivity_1,debounce,"T=2, theta=0.4013",test,5152A2DF-FAF3-4BA8-9CA9-E66B32671A53,10,501,4,4,8,10,4,4
sensitivity_1,debounce,"T=2, theta=0.4013",test,5152A2DF-FAF3-4BA8-9CA9-E66B32671A53,11,19,0,0,0,0,0,0
sensitivity_1,debounce,"T=2, theta=0.4013",test,5EF64122-B513-46AE-BCF1-E62AAC285D2C,12,178,1,1,2,2,1,1
sensitivity_1,debounce,"T=2, theta=0.4013",test,5EF64122-B513-46AE-BCF1-E62AAC285D2C,13,576,1,0,1,4,0,0
sensitivity_1,debounce,"T=2, theta=0.4013",test,61976C24-1C50-4355-9C49-AAE44A7D09F6,48,1717,3,3,6,10,3,3
sensitivity_1,debounce,"T=2, theta=0.4013",test,78A91A4E-4A51-4065-BDA7-94755F0BB3BB,8,2371,24,24,48,170,19,14
sensitivity_1,debounce,"T=2, theta=0.4013",test,7CE37510-56D0-4120-A1CF-0E23351428D2,8,1924,11,10,21,54,7,5
sensitivity_1,debounce,"T=2, theta=0.4013",test,8023FE1A-D3B0-4E2C-A57A-9321B7FC755F,26,745,17,17,34,74,16,12
sensitivity_1,debounce,"T=2, theta=0.4013",test,8023FE1A-D3B0-4E2C-A57A-9321B7FC755F,27,1064,15,15,30,75,17,11
sensitivity_1,debounce,"T=2, theta=0.4013",test,83CF687B-7CEC-434B-9FE8-00C3D5799BE6,9,1394,32,32,64,276,26,17
sensitivity_1,debounce,"T=2, theta=0.4013",test,83CF687B-7CEC-434B-9FE8-00C3D5799BE6,10,485,7,7,14,39,7,5
sensitivity_1,debounce,"T=2, theta=0.4013",test,9759096F-1119-4E19-A0AD-6F16989C7E1C,6,776,12,12,24,169,14,9
sensitivity_1,debounce,"T=2, theta=0.4013",test,9759096F-1119-4E19-A0AD-6F16989C7E1C,7,1178,11,11,22,52,9,7
sensitivity_1,debounce,"T=2, theta=0.4013",test,9DC38D04-E82E-4F29-AB52-B476535226F2,20,1909,15,15,30,65,18,11
sensitivity_1,debounce,"T=2, theta=0.4013",test,A5CDF89D-02A2-4EC1-89F8-F534FDABDD96,16,350,2,2,4,4,2,2
sensitivity_1,debounce,"T=2, theta=0.4013",test,A5CDF89D-02A2-4EC1-89F8-F534FDABDD96,17,470,13,13,26,71,13,8
sensitivity_1,debounce,"T=2, theta=0.4013",test,A5CDF89D-02A2-4EC1-89F8-F534FDABDD96,18,359,3,3,6,13,3,2
sensitivity_1,debounce,"T=2, theta=0.4013",test,A76A5AF5-5A93-4CF2-A16E-62353BB70E8A,4,555,0,0,0,0,0,0
sensitivity_1,debounce,"T=2, theta=0.4013",test,A76A5AF5-5A93-4CF2-A16E-62353BB70E8A,5,920,0,0,0,0,0,0
sensitivity_1,debounce,"T=2, theta=0.4013",test,B09E373F-8A54-44C8-895B-0039390B859F,11,566,3,3,6,10,3,3
sensitivity_1,debounce,"T=2, theta=0.4013",test,B09E373F-8A54-44C8-895B-0039390B859F,12,833,3,3,6,6,3,3
sensitivity_1,debounce,"T=2, theta=0.4013",test,B09E373F-8A54-44C8-895B-0039390B859F,14,198,3,2,5,8,2,2
sensitivity_1,debounce,"T=2, theta=0.4013",test,B9724848-C7E2-45F4-9B3F-A1F38D864495,15,484,13,12,25,98,9,5
sensitivity_1,debounce,"T=2, theta=0.4013",test,B9724848-C7E2-45F4-9B3F-A1F38D864495,16,1013,14,14,28,180,13,5
sensitivity_1,debounce,"T=2, theta=0.4013",test,BE3CA5A6-A561-4BBD-B7C9-5DF6805400FC,18,223,1,1,2,2,1,1
sensitivity_1,debounce,"T=2, theta=0.4013",test,BE3CA5A6-A561-4BBD-B7C9-5DF6805400FC,19,1410,29,29,58,397,23,12
sensitivity_1,debounce,"T=2, theta=0.4013",test,C48CE857-A0DD-4DDB-BEA5-3A25449B2153,34,134,0,0,0,0,0,0
sensitivity_1,debounce,"T=2, theta=0.4013",test,C48CE857-A0DD-4DDB-BEA5-3A25449B2153,35,109,0,0,0,0,0,0
sensitivity_1,debounce,"T=2, theta=0.4013",test,C48CE857-A0DD-4DDB-BEA5-3A25449B2153,36,169,0,0,0,0,0,0
sensitivity_1,debounce,"T=2, theta=0.4013",test,C48CE857-A0DD-4DDB-BEA5-3A25449B2153,37,133,0,0,0,0,0,0
sensitivity_1,debounce,"T=2, theta=0.4013",test,C48CE857-A0DD-4DDB-BEA5-3A25449B2153,38,307,3,3,6,15,3,2
sensitivity_1,debounce,"T=2, theta=0.4013",test,C48CE857-A0DD-4DDB-BEA5-3A25449B2153,39,85,0,0,0,0,0,0
sensitivity_1,debounce,"T=2, theta=0.4013",test,CA820D43-E5E2-42EF-9798-BE56F776370B,10,997,26,26,52,121,26,18
sensitivity_1,debounce,"T=2, theta=0.4013",test,CA820D43-E5E2-42EF-9798-BE56F776370B,12,546,8,8,16,43,6,6
sensitivity_1,debounce,"T=2, theta=0.4013",test,CDA3BBF7-6631-45E8-85BA-EEB416B32A3C,5,537,1,1,2,5,1,1
sensitivity_1,debounce,"T=2, theta=0.4013",test,CF722AA9-2533-4E51-9FEB-9EAC84EE9AAC,11,112,0,0,0,0,0,0
sensitivity_1,debounce,"T=2, theta=0.4013",test,CF722AA9-2533-4E51-9FEB-9EAC84EE9AAC,12,371,4,4,8,19,4,2
sensitivity_1,debounce,"T=2, theta=0.4013",test,CF722AA9-2533-4E51-9FEB-9EAC84EE9AAC,13,138,0,0,0,0,0,0
sensitivity_1,debounce,"T=2, theta=0.4013",test,CF722AA9-2533-4E51-9FEB-9EAC84EE9AAC,14,73,3,3,6,11,3,3
sensitivity_1,debounce,"T=2, theta=0.4013",test,D7D20E2E-FC78-405D-B346-DBD3FD8FC92B,14,121,0,0,0,0,0,0
sensitivity_1,debounce,"T=2, theta=0.4013",test,D7D20E2E-FC78-405D-B346-DBD3FD8FC92B,15,826,9,9,18,77,5,5
sensitivity_1,debounce,"T=2, theta=0.4013",test,D7D20E2E-FC78-405D-B346-DBD3FD8FC92B,16,265,3,3,6,25,1,1
sensitivity_1,debounce,"T=2, theta=0.4013",test,E65577C1-8D5D-4F70-AF23-B3ADB9D3DBA3,5,657,15,15,30,214,15,5
sensitivity_1,debounce,"T=2, theta=0.4013",test,ECECC2AB-D32F-4F90-B74C-E12A1C69BBE2,17,603,2,2,4,12,1,1
sensitivity_1,debounce,"T=2, theta=0.4013",test,ECECC2AB-D32F-4F90-B74C-E12A1C69BBE2,18,74,2,2,4,6,2,2
sensitivity_1,debounce,"T=2, theta=0.4013",test,FDAA70A1-42A3-4E3F-9AE3-3FDA412E03BF,20,966,11,11,22,77,11,8
sensitivity_1,margin,"m=0.3, theta=0.31",test,00EABED2-271D-49D8-B599-1D4A09240601,25,300,6,6,12,23,7,5
sensitivity_1,margin,"m=0.3, theta=0.31",test,00EABED2-271D-49D8-B599-1D4A09240601,42,96,4,3,7,63,3,2
sensitivity_1,margin,"m=0.3, theta=0.31",test,00EABED2-271D-49D8-B599-1D4A09240601,44,12,0,0,0,0,0,0
sensitivity_1,margin,"m=0.3, theta=0.31",test,098A72A5-E3E5-4F54-A152-BBDA0DF7B694,15,114,0,0,0,0,0,0
sensitivity_1,margin,"m=0.3, theta=0.31",test,098A72A5-E3E5-4F54-A152-BBDA0DF7B694,16,733,5,4,9,5,4,4
sensitivity_1,margin,"m=0.3, theta=0.31",test,098A72A5-E3E5-4F54-A152-BBDA0DF7B694,17,292,1,1,2,1,1,1
sensitivity_1,margin,"m=0.3, theta=0.31",test,098A72A5-E3E5-4F54-A152-BBDA0DF7B694,18,91,0,0,0,0,0,0
sensitivity_1,margin,"m=0.3, theta=0.31",test,098A72A5-E3E5-4F54-A152-BBDA0DF7B694,19,104,1,1,2,3,1,1
sensitivity_1,margin,"m=0.3, theta=0.31",test,0A986513-7828-4D53-AA1F-E02D6DF9561B,8,763,6,6,12,22,6,5
sensitivity_1,margin,"m=0.3, theta=0.31",test,11B5EC4D-4133-4289-B475-4E737182A406,7,1407,3,3,6,12,2,2
sensitivity_1,margin,"m=0.3, theta=0.31",test,11B5EC4D-4133-4289-B475-4E737182A406,8,333,3,3,6,4,3,3
sensitivity_1,margin,"m=0.3, theta=0.31",test,136562B6-95B2-483D-88DC-065F28409FD2,22,145,0,0,0,0,0,0
sensitivity_1,margin,"m=0.3, theta=0.31",test,136562B6-95B2-483D-88DC-065F28409FD2,23,747,2,2,4,4,2,2
sensitivity_1,margin,"m=0.3, theta=0.31",test,136562B6-95B2-483D-88DC-065F28409FD2,24,323,0,0,0,0,0,0
sensitivity_1,margin,"m=0.3, theta=0.31",test,1538C99F-BA1E-4EFB-A949-6C7C47701B20,30,406,2,2,4,4,2,2
sensitivity_1,margin,"m=0.3, theta=0.31",test,1538C99F-BA1E-4EFB-A949-6C7C47701B20,31,875,1,1,2,75,0,0
sensitivity_1,margin,"m=0.3, theta=0.31",test,24E40C4C-A349-4F9F-93AB-01D00FB994AF,18,68,1,1,2,2,1,1
sensitivity_1,margin,"m=0.3, theta=0.31",test,24E40C4C-A349-4F9F-93AB-01D00FB994AF,19,374,11,11,22,34,14,9
sensitivity_1,margin,"m=0.3, theta=0.31",test,24E40C4C-A349-4F9F-93AB-01D00FB994AF,20,166,0,0,0,0,0,0
sensitivity_1,margin,"m=0.3, theta=0.31",test,24E40C4C-A349-4F9F-93AB-01D00FB994AF,21,120,1,1,2,1,1,1
sensitivity_1,margin,"m=0.3, theta=0.31",test,24E40C4C-A349-4F9F-93AB-01D00FB994AF,22,198,1,1,2,1,1,1
sensitivity_1,margin,"m=0.3, theta=0.31",test,2C32C23E-E30C-498A-8DD2-0EFB9150A02E,11,377,1,1,2,1,1,1
sensitivity_1,margin,"m=0.3, theta=0.31",test,2C32C23E-E30C-498A-8DD2-0EFB9150A02E,12,1298,11,11,22,19,11,11
sensitivity_1,margin,"m=0.3, theta=0.31",test,3600D531-0C55-44A7-AE95-A7A38519464E,27,170,2,1,3,22,1,0
sensitivity_1,margin,"m=0.3, theta=0.31",test,3600D531-0C55-44A7-AE95-A7A38519464E,28,205,2,2,4,2,2,2
sensitivity_1,margin,"m=0.3, theta=0.31",test,3600D531-0C55-44A7-AE95-A7A38519464E,31,23,0,0,0,0,0,0
sensitivity_1,margin,"m=0.3, theta=0.31",test,3600D531-0C55-44A7-AE95-A7A38519464E,32,612,3,2,5,4,2,2
sensitivity_1,margin,"m=0.3, theta=0.31",test,3600D531-0C55-44A7-AE95-A7A38519464E,33,22,0,0,0,0,0,0
sensitivity_1,margin,"m=0.3, theta=0.31",test,4FC32141-E888-4BFF-8804-12559A491D8C,12,67,2,1,3,11,1,1
sensitivity_1,margin,"m=0.3, theta=0.31",test,4FC32141-E888-4BFF-8804-12559A491D8C,13,164,0,0,0,0,0,0
sensitivity_1,margin,"m=0.3, theta=0.31",test,4FC32141-E888-4BFF-8804-12559A491D8C,14,59,0,0,0,0,0,0
sensitivity_1,margin,"m=0.3, theta=0.31",test,4FC32141-E888-4BFF-8804-12559A491D8C,15,677,0,0,0,0,0,0
sensitivity_1,margin,"m=0.3, theta=0.31",test,5119D0F8-FCA8-4184-A4EB-19421A40DE0D,11,461,4,4,8,7,5,4
sensitivity_1,margin,"m=0.3, theta=0.31",test,5119D0F8-FCA8-4184-A4EB-19421A40DE0D,12,125,4,4,8,8,5,4
sensitivity_1,margin,"m=0.3, theta=0.31",test,5119D0F8-FCA8-4184-A4EB-19421A40DE0D,13,709,2,2,4,3,2,2
sensitivity_1,margin,"m=0.3, theta=0.31",test,5152A2DF-FAF3-4BA8-9CA9-E66B32671A53,9,775,1,1,2,10,0,0
sensitivity_1,margin,"m=0.3, theta=0.31",test,5152A2DF-FAF3-4BA8-9CA9-E66B32671A53,10,501,3,3,6,5,3,3
sensitivity_1,margin,"m=0.3, theta=0.31",test,5152A2DF-FAF3-4BA8-9CA9-E66B32671A53,11,19,0,0,0,0,0,0
sensitivity_1,margin,"m=0.3, theta=0.31",test,5EF64122-B513-46AE-BCF1-E62AAC285D2C,12,178,4,4,8,6,4,4
sensitivity_1,margin,"m=0.3, theta=0.31",test,5EF64122-B513-46AE-BCF1-E62AAC285D2C,13,576,1,1,2,4,1,1
sensitivity_1,margin,"m=0.3, theta=0.31",test,61976C24-1C50-4355-9C49-AAE44A7D09F6,48,1717,2,2,4,2,2,2
sensitivity_1,margin,"m=0.3, theta=0.31",test,78A91A4E-4A51-4065-BDA7-94755F0BB3BB,8,2371,37,37,74,125,40,30
sensitivity_1,margin,"m=0.3, theta=0.31",test,7CE37510-56D0-4120-A1CF-0E23351428D2,8,1924,12,12,24,41,9,9
sensitivity_1,margin,"m=0.3, theta=0.31",test,8023FE1A-D3B0-4E2C-A57A-9321B7FC755F,26,745,23,23,46,51,30,21
sensitivity_1,margin,"m=0.3, theta=0.31",test,8023FE1A-D3B0-4E2C-A57A-9321B7FC755F,27,1064,15,15,30,36,14,13
sensitivity_1,margin,"m=0.3, theta=0.31",test,83CF687B-7CEC-434B-9FE8-00C3D5799BE6,9,1394,39,39,78,205,42,27
sensitivity_1,margin,"m=0.3, theta=0.31",test,83CF687B-7CEC-434B-9FE8-00C3D5799BE6,10,485,6,6,12,13,6,6
sensitivity_1,margin,"m=0.3, theta=0.31",test,9759096F-1119-4E19-A0AD-6F16989C7E1C,6,776,11,11,22,155,11,7
sensitivity_1,margin,"m=0.3, theta=0.31",test,9759096F-1119-4E19-A0AD-6F16989C7E1C,7,1178,13,13,26,31,16,12
sensitivity_1,margin,"m=0.3, theta=0.31",test,9DC38D04-E82E-4F29-AB52-B476535226F2,20,1909,8,8,16,22,8,7
sensitivity_1,margin,"m=0.3, theta=0.31",test,A5CDF89D-02A2-4EC1-89F8-F534FDABDD96,16,350,1,1,2,1,1,1
sensitivity_1,margin,"m=0.3, theta=0.31",test,A5CDF89D-02A2-4EC1-89F8-F534FDABDD96,17,470,23,23,46,43,33,23
sensitivity_1,margin,"m=0.3, theta=0.31",test,A5CDF89D-02A2-4EC1-89F8-F534FDABDD96,18,359,1,1,2,4,1,1
sensitivity_1,margin,"m=0.3, theta=0.31",test,A76A5AF5-5A93-4CF2-A16E-62353BB70E8A,4,555,0,0,0,0,0,0
sensitivity_1,margin,"m=0.3, theta=0.31",test,A76A5AF5-5A93-4CF2-A16E-62353BB70E8A,5,920,0,0,0,0,0,0
sensitivity_1,margin,"m=0.3, theta=0.31",test,B09E373F-8A54-44C8-895B-0039390B859F,11,566,3,3,6,5,3,3
sensitivity_1,margin,"m=0.3, theta=0.31",test,B09E373F-8A54-44C8-895B-0039390B859F,12,833,5,5,10,5,5,5
sensitivity_1,margin,"m=0.3, theta=0.31",test,B09E373F-8A54-44C8-895B-0039390B859F,14,198,4,3,7,9,3,3
sensitivity_1,margin,"m=0.3, theta=0.31",test,B9724848-C7E2-45F4-9B3F-A1F38D864495,15,484,20,20,40,78,25,17
sensitivity_1,margin,"m=0.3, theta=0.31",test,B9724848-C7E2-45F4-9B3F-A1F38D864495,16,1013,28,27,55,146,38,19
sensitivity_1,margin,"m=0.3, theta=0.31",test,BE3CA5A6-A561-4BBD-B7C9-5DF6805400FC,18,223,0,0,0,0,0,0
sensitivity_1,margin,"m=0.3, theta=0.31",test,BE3CA5A6-A561-4BBD-B7C9-5DF6805400FC,19,1410,22,22,44,267,18,10
sensitivity_1,margin,"m=0.3, theta=0.31",test,C48CE857-A0DD-4DDB-BEA5-3A25449B2153,34,134,0,0,0,0,0,0
sensitivity_1,margin,"m=0.3, theta=0.31",test,C48CE857-A0DD-4DDB-BEA5-3A25449B2153,35,109,0,0,0,0,0,0
sensitivity_1,margin,"m=0.3, theta=0.31",test,C48CE857-A0DD-4DDB-BEA5-3A25449B2153,36,169,0,0,0,0,0,0
sensitivity_1,margin,"m=0.3, theta=0.31",test,C48CE857-A0DD-4DDB-BEA5-3A25449B2153,37,133,0,0,0,0,0,0
sensitivity_1,margin,"m=0.3, theta=0.31",test,C48CE857-A0DD-4DDB-BEA5-3A25449B2153,38,307,4,4,8,11,5,4
sensitivity_1,margin,"m=0.3, theta=0.31",test,C48CE857-A0DD-4DDB-BEA5-3A25449B2153,39,85,0,0,0,0,0,0
sensitivity_1,margin,"m=0.3, theta=0.31",test,CA820D43-E5E2-42EF-9798-BE56F776370B,10,997,24,24,48,94,24,18
sensitivity_1,margin,"m=0.3, theta=0.31",test,CA820D43-E5E2-42EF-9798-BE56F776370B,12,546,15,15,30,29,18,14
sensitivity_1,margin,"m=0.3, theta=0.31",test,CDA3BBF7-6631-45E8-85BA-EEB416B32A3C,5,537,2,2,4,6,2,2
sensitivity_1,margin,"m=0.3, theta=0.31",test,CF722AA9-2533-4E51-9FEB-9EAC84EE9AAC,11,112,0,0,0,0,0,0
sensitivity_1,margin,"m=0.3, theta=0.31",test,CF722AA9-2533-4E51-9FEB-9EAC84EE9AAC,12,371,4,4,8,13,4,3
sensitivity_1,margin,"m=0.3, theta=0.31",test,CF722AA9-2533-4E51-9FEB-9EAC84EE9AAC,13,138,0,0,0,0,0,0
sensitivity_1,margin,"m=0.3, theta=0.31",test,CF722AA9-2533-4E51-9FEB-9EAC84EE9AAC,14,73,3,2,5,7,2,2
sensitivity_1,margin,"m=0.3, theta=0.31",test,D7D20E2E-FC78-405D-B346-DBD3FD8FC92B,14,121,0,0,0,0,0,0
sensitivity_1,margin,"m=0.3, theta=0.31",test,D7D20E2E-FC78-405D-B346-DBD3FD8FC92B,15,826,10,10,20,67,9,7
sensitivity_1,margin,"m=0.3, theta=0.31",test,D7D20E2E-FC78-405D-B346-DBD3FD8FC92B,16,265,5,5,10,14,6,4
sensitivity_1,margin,"m=0.3, theta=0.31",test,E65577C1-8D5D-4F70-AF23-B3ADB9D3DBA3,5,657,15,15,30,179,15,8
sensitivity_1,margin,"m=0.3, theta=0.31",test,ECECC2AB-D32F-4F90-B74C-E12A1C69BBE2,17,603,1,1,2,1,1,1
sensitivity_1,margin,"m=0.3, theta=0.31",test,ECECC2AB-D32F-4F90-B74C-E12A1C69BBE2,18,74,1,1,2,4,1,1
sensitivity_1,margin,"m=0.3, theta=0.31",test,FDAA70A1-42A3-4E3F-9AE3-3FDA412E03BF,20,966,10,10,20,50,9,7
sensitivity_1,hysteresis,"m=0.3, T=2, theta=0.7858",test,00EABED2-271D-49D8-B599-1D4A09240601,25,300,2,1,3,53,0,0
sensitivity_1,hysteresis,"m=0.3, T=2, theta=0.7858",test,00EABED2-271D-49D8-B599-1D4A09240601,42,96,2,1,3,90,1,0
sensitivity_1,hysteresis,"m=0.3, T=2, theta=0.7858",test,00EABED2-271D-49D8-B599-1D4A09240601,44,12,1,0,1,3,0,0
sensitivity_1,hysteresis,"m=0.3, T=2, theta=0.7858",test,098A72A5-E3E5-4F54-A152-BBDA0DF7B694,15,114,0,0,0,0,0,0
sensitivity_1,hysteresis,"m=0.3, T=2, theta=0.7858",test,098A72A5-E3E5-4F54-A152-BBDA0DF7B694,16,733,4,4,8,46,2,2
sensitivity_1,hysteresis,"m=0.3, T=2, theta=0.7858",test,098A72A5-E3E5-4F54-A152-BBDA0DF7B694,17,292,1,1,2,3,1,1
sensitivity_1,hysteresis,"m=0.3, T=2, theta=0.7858",test,098A72A5-E3E5-4F54-A152-BBDA0DF7B694,18,91,0,0,0,0,0,0
sensitivity_1,hysteresis,"m=0.3, T=2, theta=0.7858",test,098A72A5-E3E5-4F54-A152-BBDA0DF7B694,19,104,4,4,8,29,2,2
sensitivity_1,hysteresis,"m=0.3, T=2, theta=0.7858",test,0A986513-7828-4D53-AA1F-E02D6DF9561B,8,763,5,5,10,153,2,0
sensitivity_1,hysteresis,"m=0.3, T=2, theta=0.7858",test,11B5EC4D-4133-4289-B475-4E737182A406,7,1407,6,6,12,167,1,1
sensitivity_1,hysteresis,"m=0.3, T=2, theta=0.7858",test,11B5EC4D-4133-4289-B475-4E737182A406,8,333,3,3,6,38,1,1
sensitivity_1,hysteresis,"m=0.3, T=2, theta=0.7858",test,136562B6-95B2-483D-88DC-065F28409FD2,22,145,2,1,3,68,0,0
sensitivity_1,hysteresis,"m=0.3, T=2, theta=0.7858",test,136562B6-95B2-483D-88DC-065F28409FD2,23,747,7,7,14,235,3,2
sensitivity_1,hysteresis,"m=0.3, T=2, theta=0.7858",test,136562B6-95B2-483D-88DC-065F28409FD2,24,323,6,5,11,176,1,0
sensitivity_1,hysteresis,"m=0.3, T=2, theta=0.7858",test,1538C99F-BA1E-4EFB-A949-6C7C47701B20,30,406,3,2,5,32,2,2
sensitivity_1,hysteresis,"m=0.3, T=2, theta=0.7858",test,1538C99F-BA1E-4EFB-A949-6C7C47701B20,31,875,2,2,4,97,0,0
sensitivity_1,hysteresis,"m=0.3, T=2, theta=0.7858",test,24E40C4C-A349-4F9F-93AB-01D00FB994AF,18,68,1,0,1,61,0,0
sensitivity_1,hysteresis,"m=0.3, T=2, theta=0.7858",test,24E40C4C-A349-4F9F-93AB-01D00FB994AF,19,374,1,0,1,364,0,0
sensitivity_1,hysteresis,"m=0.3, T=2, theta=0.7858",test,24E40C4C-A349-4F9F-93AB-01D00FB994AF,20,166,1,0,1,72,0,0
sensitivity_1,hysteresis,"m=0.3, T=2, theta=0.7858",test,24E40C4C-A349-4F9F-93AB-01D00FB994AF,21,120,1,0,1,23,0,0
sensitivity_1,hysteresis,"m=0.3, T=2, theta=0.7858",test,24E40C4C-A349-4F9F-93AB-01D00FB994AF,22,198,2,2,4,130,0,0
sensitivity_1,hysteresis,"m=0.3, T=2, theta=0.7858",test,2C32C23E-E30C-498A-8DD2-0EFB9150A02E,11,377,4,4,8,41,2,1
sensitivity_1,hysteresis,"m=0.3, T=2, theta=0.7858",test,2C32C23E-E30C-498A-8DD2-0EFB9150A02E,12,1298,21,20,41,261,10,8
sensitivity_1,hysteresis,"m=0.3, T=2, theta=0.7858",test,3600D531-0C55-44A7-AE95-A7A38519464E,27,170,5,4,9,70,2,1
sensitivity_1,hysteresis,"m=0.3, T=2, theta=0.7858",test,3600D531-0C55-44A7-AE95-A7A38519464E,28,205,2,1,3,25,0,0
sensitivity_1,hysteresis,"m=0.3, T=2, theta=0.7858",test,3600D531-0C55-44A7-AE95-A7A38519464E,31,23,0,0,0,0,0,0
sensitivity_1,hysteresis,"m=0.3, T=2, theta=0.7858",test,3600D531-0C55-44A7-AE95-A7A38519464E,32,612,5,4,9,173,1,1
sensitivity_1,hysteresis,"m=0.3, T=2, theta=0.7858",test,3600D531-0C55-44A7-AE95-A7A38519464E,33,22,1,0,1,15,0,0
sensitivity_1,hysteresis,"m=0.3, T=2, theta=0.7858",test,4FC32141-E888-4BFF-8804-12559A491D8C,12,67,1,0,1,65,0,0
sensitivity_1,hysteresis,"m=0.3, T=2, theta=0.7858",test,4FC32141-E888-4BFF-8804-12559A491D8C,13,164,0,0,0,0,0,0
sensitivity_1,hysteresis,"m=0.3, T=2, theta=0.7858",test,4FC32141-E888-4BFF-8804-12559A491D8C,14,59,1,0,1,43,0,0
sensitivity_1,hysteresis,"m=0.3, T=2, theta=0.7858",test,4FC32141-E888-4BFF-8804-12559A491D8C,15,677,4,3,7,101,0,0
sensitivity_1,hysteresis,"m=0.3, T=2, theta=0.7858",test,5119D0F8-FCA8-4184-A4EB-19421A40DE0D,11,461,5,5,10,86,3,2
sensitivity_1,hysteresis,"m=0.3, T=2, theta=0.7858",test,5119D0F8-FCA8-4184-A4EB-19421A40DE0D,12,125,2,2,4,58,0,0
sensitivity_1,hysteresis,"m=0.3, T=2, theta=0.7858",test,5119D0F8-FCA8-4184-A4EB-19421A40DE0D,13,709,9,9,18,100,5,4
sensitivity_1,hysteresis,"m=0.3, T=2, theta=0.7858",test,5152A2DF-FAF3-4BA8-9CA9-E66B32671A53,9,775,8,7,15,376,0,0
sensitivity_1,hysteresis,"m=0.3, T=2, theta=0.7858",test,5152A2DF-FAF3-4BA8-9CA9-E66B32671A53,10,501,8,7,15,266,1,0
sensitivity_1,hysteresis,"m=0.3, T=2, theta=0.7858",test,5152A2DF-FAF3-4BA8-9CA9-E66B32671A53,11,19,0,0,0,0,0,0
sensitivity_1,hysteresis,"m=0.3, T=2, theta=0.7858",test,5EF64122-B513-46AE-BCF1-E62AAC285D2C,12,178,2,2,4,5,2,2
sensitivity_1,hysteresis,"m=0.3, T=2, theta=0.7858",test,5EF64122-B513-46AE-BCF1-E62AAC285D2C,13,576,1,0,1,4,0,0
sensitivity_1,hysteresis,"m=0.3, T=2, theta=0.7858",test,61976C24-1C50-4355-9C49-AAE44A7D09F6,48,1717,10,10,20,108,2,1
sensitivity_1,hysteresis,"m=0.3, T=2, theta=0.7858",test,78A91A4E-4A51-4065-BDA7-94755F0BB3BB,8,2371,22,22,44,426,10,7
sensitivity_1,hysteresis,"m=0.3, T=2, theta=0.7858",test,7CE37510-56D0-4120-A1CF-0E23351428D2,8,1924,11,10,21,184,6,5
sensitivity_1,hysteresis,"m=0.3, T=2, theta=0.7858",test,8023FE1A-D3B0-4E2C-A57A-9321B7FC755F,26,745,14,14,28,232,6,5
sensitivity_1,hysteresis,"m=0.3, T=2, theta=0.7858",test,8023FE1A-D3B0-4E2C-A57A-9321B7FC755F,27,1064,9,8,17,273,3,3
sensitivity_1,hysteresis,"m=0.3, T=2, theta=0.7858",test,83CF687B-7CEC-434B-9FE8-00C3D5799BE6,9,1394,10,10,20,594,5,2
sensitivity_1,hysteresis,"m=0.3, T=2, theta=0.7858",test,83CF687B-7CEC-434B-9FE8-00C3D5799BE6,10,485,5,5,10,360,2,1
sensitivity_1,hysteresis,"m=0.3, T=2, theta=0.7858",test,9759096F-1119-4E19-A0AD-6F16989C7E1C,6,776,7,6,13,321,2,1
sensitivity_1,hysteresis,"m=0.3, T=2, theta=0.7858",test,9759096F-1119-4E19-A0AD-6F16989C7E1C,7,1178,13,13,26,307,1,1
sensitivity_1,hysteresis,"m=0.3, T=2, theta=0.7858",test,9DC38D04-E82E-4F29-AB52-B476535226F2,20,1909,23,22,45,702,3,3
sensitivity_1,hysteresis,"m=0.3, T=2, theta=0.7858",test,A5CDF89D-02A2-4EC1-89F8-F534FDABDD96,16,350,6,5,11,45,2,2
sensitivity_1,hysteresis,"m=0.3, T=2, theta=0.7858",test,A5CDF89D-02A2-4EC1-89F8-F534FDABDD96,17,470,9,8,17,217,4,1
sensitivity_1,hysteresis,"m=0.3, T=2, theta=0.7858",test,A5CDF89D-02A2-4EC1-89F8-F534FDABDD96,18,359,4,4,8,62,2,1
sensitivity_1,hysteresis,"m=0.3, T=2, theta=0.7858",test,A76A5AF5-5A93-4CF2-A16E-62353BB70E8A,4,555,3,3,6,14,2,2
sensitivity_1,hysteresis,"m=0.3, T=2, theta=0.7858",test,A76A5AF5-5A93-4CF2-A16E-62353BB70E8A,5,920,1,1,2,4,1,1
sensitivity_1,hysteresis,"m=0.3, T=2, theta=0.7858",test,B09E373F-8A54-44C8-895B-0039390B859F,11,566,6,5,11,145,0,0
sensitivity_1,hysteresis,"m=0.3, T=2, theta=0.7858",test,B09E373F-8A54-44C8-895B-0039390B859F,12,833,11,10,21,165,7,4
sensitivity_1,hysteresis,"m=0.3, T=2, theta=0.7858",test,B09E373F-8A54-44C8-895B-0039390B859F,14,198,3,2,5,148,0,0
sensitivity_1,hysteresis,"m=0.3, T=2, theta=0.7858",test,B9724848-C7E2-45F4-9B3F-A1F38D864495,15,484,5,4,9,242,2,1
sensitivity_1,hysteresis,"m=0.3, T=2, theta=0.7858",test,B9724848-C7E2-45F4-9B3F-A1F38D864495,16,1013,8,7,15,291,2,2
sensitivity_1,hysteresis,"m=0.3, T=2, theta=0.7858",test,BE3CA5A6-A561-4BBD-B7C9-5DF6805400FC,18,223,1,0,1,140,0,0
sensitivity_1,hysteresis,"m=0.3, T=2, theta=0.7858",test,BE3CA5A6-A561-4BBD-B7C9-5DF6805400FC,19,1410,4,3,7,953,0,0
sensitivity_1,hysteresis,"m=0.3, T=2, theta=0.7858",test,C48CE857-A0DD-4DDB-BEA5-3A25449B2153,34,134,1,1,2,26,0,0
sensitivity_1,hysteresis,"m=0.3, T=2, theta=0.7858",test,C48CE857-A0DD-4DDB-BEA5-3A25449B2153,35,109,0,0,0,0,0,0
sensitivity_1,hysteresis,"m=0.3, T=2, theta=0.7858",test,C48CE857-A0DD-4DDB-BEA5-3A25449B2153,36,169,0,0,0,0,0,0
sensitivity_1,hysteresis,"m=0.3, T=2, theta=0.7858",test,C48CE857-A0DD-4DDB-BEA5-3A25449B2153,37,133,0,0,0,0,0,0
sensitivity_1,hysteresis,"m=0.3, T=2, theta=0.7858",test,C48CE857-A0DD-4DDB-BEA5-3A25449B2153,38,307,2,2,4,32,1,1
sensitivity_1,hysteresis,"m=0.3, T=2, theta=0.7858",test,C48CE857-A0DD-4DDB-BEA5-3A25449B2153,39,85,0,0,0,0,0,0
sensitivity_1,hysteresis,"m=0.3, T=2, theta=0.7858",test,CA820D43-E5E2-42EF-9798-BE56F776370B,10,997,17,17,34,548,4,2
sensitivity_1,hysteresis,"m=0.3, T=2, theta=0.7858",test,CA820D43-E5E2-42EF-9798-BE56F776370B,12,546,7,7,14,211,0,0
sensitivity_1,hysteresis,"m=0.3, T=2, theta=0.7858",test,CDA3BBF7-6631-45E8-85BA-EEB416B32A3C,5,537,1,0,1,8,0,0
sensitivity_1,hysteresis,"m=0.3, T=2, theta=0.7858",test,CF722AA9-2533-4E51-9FEB-9EAC84EE9AAC,11,112,0,0,0,0,0,0
sensitivity_1,hysteresis,"m=0.3, T=2, theta=0.7858",test,CF722AA9-2533-4E51-9FEB-9EAC84EE9AAC,12,371,2,2,4,130,0,0
sensitivity_1,hysteresis,"m=0.3, T=2, theta=0.7858",test,CF722AA9-2533-4E51-9FEB-9EAC84EE9AAC,13,138,2,2,4,54,0,0
sensitivity_1,hysteresis,"m=0.3, T=2, theta=0.7858",test,CF722AA9-2533-4E51-9FEB-9EAC84EE9AAC,14,73,2,1,3,59,0,0
sensitivity_1,hysteresis,"m=0.3, T=2, theta=0.7858",test,D7D20E2E-FC78-405D-B346-DBD3FD8FC92B,14,121,2,2,4,16,2,1
sensitivity_1,hysteresis,"m=0.3, T=2, theta=0.7858",test,D7D20E2E-FC78-405D-B346-DBD3FD8FC92B,15,826,8,7,15,199,2,0
sensitivity_1,hysteresis,"m=0.3, T=2, theta=0.7858",test,D7D20E2E-FC78-405D-B346-DBD3FD8FC92B,16,265,2,2,4,62,0,0
sensitivity_1,hysteresis,"m=0.3, T=2, theta=0.7858",test,E65577C1-8D5D-4F70-AF23-B3ADB9D3DBA3,5,657,2,2,4,292,1,1
sensitivity_1,hysteresis,"m=0.3, T=2, theta=0.7858",test,ECECC2AB-D32F-4F90-B74C-E12A1C69BBE2,17,603,2,2,4,34,1,1
sensitivity_1,hysteresis,"m=0.3, T=2, theta=0.7858",test,ECECC2AB-D32F-4F90-B74C-E12A1C69BBE2,18,74,2,2,4,49,1,1
sensitivity_1,hysteresis,"m=0.3, T=2, theta=0.7858",test,FDAA70A1-42A3-4E3F-9AE3-3FDA412E03BF,20,966,9,8,17,286,4,3
sensitivity_1,trust,"r=0.5, tau=0.5, theta=0.7858",test,00EABED2-271D-49D8-B599-1D4A09240601,25,300,2,1,3,59,0,0
sensitivity_1,trust,"r=0.5, tau=0.5, theta=0.7858",test,00EABED2-271D-49D8-B599-1D4A09240601,42,96,1,0,1,95,0,0
sensitivity_1,trust,"r=0.5, tau=0.5, theta=0.7858",test,00EABED2-271D-49D8-B599-1D4A09240601,44,12,1,0,1,3,0,0
sensitivity_1,trust,"r=0.5, tau=0.5, theta=0.7858",test,098A72A5-E3E5-4F54-A152-BBDA0DF7B694,15,114,0,0,0,0,0,0
sensitivity_1,trust,"r=0.5, tau=0.5, theta=0.7858",test,098A72A5-E3E5-4F54-A152-BBDA0DF7B694,16,733,7,7,14,57,7,3
sensitivity_1,trust,"r=0.5, tau=0.5, theta=0.7858",test,098A72A5-E3E5-4F54-A152-BBDA0DF7B694,17,292,1,1,2,13,0,0
sensitivity_1,trust,"r=0.5, tau=0.5, theta=0.7858",test,098A72A5-E3E5-4F54-A152-BBDA0DF7B694,18,91,0,0,0,0,0,0
sensitivity_1,trust,"r=0.5, tau=0.5, theta=0.7858",test,098A72A5-E3E5-4F54-A152-BBDA0DF7B694,19,104,3,3,6,39,1,1
sensitivity_1,trust,"r=0.5, tau=0.5, theta=0.7858",test,0A986513-7828-4D53-AA1F-E02D6DF9561B,8,763,4,4,8,120,2,1
sensitivity_1,trust,"r=0.5, tau=0.5, theta=0.7858",test,11B5EC4D-4133-4289-B475-4E737182A406,7,1407,4,4,8,165,0,0
sensitivity_1,trust,"r=0.5, tau=0.5, theta=0.7858",test,11B5EC4D-4133-4289-B475-4E737182A406,8,333,4,4,8,28,3,2
sensitivity_1,trust,"r=0.5, tau=0.5, theta=0.7858",test,136562B6-95B2-483D-88DC-065F28409FD2,22,145,1,0,1,93,0,0
sensitivity_1,trust,"r=0.5, tau=0.5, theta=0.7858",test,136562B6-95B2-483D-88DC-065F28409FD2,23,747,5,5,10,242,1,1
sensitivity_1,trust,"r=0.5, tau=0.5, theta=0.7858",test,136562B6-95B2-483D-88DC-065F28409FD2,24,323,6,5,11,178,3,1
sensitivity_1,trust,"r=0.5, tau=0.5, theta=0.7858",test,1538C99F-BA1E-4EFB-A949-6C7C47701B20,30,406,5,4,9,38,4,2
sensitivity_1,trust,"r=0.5, tau=0.5, theta=0.7858",test,1538C99F-BA1E-4EFB-A949-6C7C47701B20,31,875,2,2,4,102,0,0
sensitivity_1,trust,"r=0.5, tau=0.5, theta=0.7858",test,24E40C4C-A349-4F9F-93AB-01D00FB994AF,18,68,1,0,1,59,0,0
sensitivity_1,trust,"r=0.5, tau=0.5, theta=0.7858",test,24E40C4C-A349-4F9F-93AB-01D00FB994AF,19,374,3,2,5,323,2,1
sensitivity_1,trust,"r=0.5, tau=0.5, theta=0.7858",test,24E40C4C-A349-4F9F-93AB-01D00FB994AF,20,166,3,2,5,84,2,1
sensitivity_1,trust,"r=0.5, tau=0.5, theta=0.7858",test,24E40C4C-A349-4F9F-93AB-01D00FB994AF,21,120,1,0,1,23,0,0
sensitivity_1,trust,"r=0.5, tau=0.5, theta=0.7858",test,24E40C4C-A349-4F9F-93AB-01D00FB994AF,22,198,5,4,9,106,3,1
sensitivity_1,trust,"r=0.5, tau=0.5, theta=0.7858",test,2C32C23E-E30C-498A-8DD2-0EFB9150A02E,11,377,5,5,10,17,6,4
sensitivity_1,trust,"r=0.5, tau=0.5, theta=0.7858",test,2C32C23E-E30C-498A-8DD2-0EFB9150A02E,12,1298,22,21,43,254,15,8
sensitivity_1,trust,"r=0.5, tau=0.5, theta=0.7858",test,3600D531-0C55-44A7-AE95-A7A38519464E,27,170,2,1,3,47,0,0
sensitivity_1,trust,"r=0.5, tau=0.5, theta=0.7858",test,3600D531-0C55-44A7-AE95-A7A38519464E,28,205,3,3,6,34,1,1
sensitivity_1,trust,"r=0.5, tau=0.5, theta=0.7858",test,3600D531-0C55-44A7-AE95-A7A38519464E,31,23,0,0,0,0,0,0
sensitivity_1,trust,"r=0.5, tau=0.5, theta=0.7858",test,3600D531-0C55-44A7-AE95-A7A38519464E,32,612,9,8,17,83,11,7
sensitivity_1,trust,"r=0.5, tau=0.5, theta=0.7858",test,3600D531-0C55-44A7-AE95-A7A38519464E,33,22,1,0,1,14,0,0
sensitivity_1,trust,"r=0.5, tau=0.5, theta=0.7858",test,4FC32141-E888-4BFF-8804-12559A491D8C,12,67,1,0,1,55,0,0
sensitivity_1,trust,"r=0.5, tau=0.5, theta=0.7858",test,4FC32141-E888-4BFF-8804-12559A491D8C,13,164,1,0,1,158,0,0
sensitivity_1,trust,"r=0.5, tau=0.5, theta=0.7858",test,4FC32141-E888-4BFF-8804-12559A491D8C,14,59,1,0,1,50,0,0
sensitivity_1,trust,"r=0.5, tau=0.5, theta=0.7858",test,4FC32141-E888-4BFF-8804-12559A491D8C,15,677,3,2,5,120,0,0
sensitivity_1,trust,"r=0.5, tau=0.5, theta=0.7858",test,5119D0F8-FCA8-4184-A4EB-19421A40DE0D,11,461,4,4,8,87,1,1
sensitivity_1,trust,"r=0.5, tau=0.5, theta=0.7858",test,5119D0F8-FCA8-4184-A4EB-19421A40DE0D,12,125,1,1,2,70,0,0
sensitivity_1,trust,"r=0.5, tau=0.5, theta=0.7858",test,5119D0F8-FCA8-4184-A4EB-19421A40DE0D,13,709,11,11,22,119,9,5
sensitivity_1,trust,"r=0.5, tau=0.5, theta=0.7858",test,5152A2DF-FAF3-4BA8-9CA9-E66B32671A53,9,775,15,14,29,264,13,8
sensitivity_1,trust,"r=0.5, tau=0.5, theta=0.7858",test,5152A2DF-FAF3-4BA8-9CA9-E66B32671A53,10,501,14,14,28,270,18,8
sensitivity_1,trust,"r=0.5, tau=0.5, theta=0.7858",test,5152A2DF-FAF3-4BA8-9CA9-E66B32671A53,11,19,0,0,0,0,0,0
sensitivity_1,trust,"r=0.5, tau=0.5, theta=0.7858",test,5EF64122-B513-46AE-BCF1-E62AAC285D2C,12,178,2,2,4,4,2,2
sensitivity_1,trust,"r=0.5, tau=0.5, theta=0.7858",test,5EF64122-B513-46AE-BCF1-E62AAC285D2C,13,576,1,0,1,4,0,0
sensitivity_1,trust,"r=0.5, tau=0.5, theta=0.7858",test,61976C24-1C50-4355-9C49-AAE44A7D09F6,48,1717,9,9,18,95,5,3
sensitivity_1,trust,"r=0.5, tau=0.5, theta=0.7858",test,78A91A4E-4A51-4065-BDA7-94755F0BB3BB,8,2371,14,14,28,445,7,4
sensitivity_1,trust,"r=0.5, tau=0.5, theta=0.7858",test,7CE37510-56D0-4120-A1CF-0E23351428D2,8,1924,16,15,31,214,12,7
sensitivity_1,trust,"r=0.5, tau=0.5, theta=0.7858",test,8023FE1A-D3B0-4E2C-A57A-9321B7FC755F,26,745,13,13,26,269,7,4
sensitivity_1,trust,"r=0.5, tau=0.5, theta=0.7858",test,8023FE1A-D3B0-4E2C-A57A-9321B7FC755F,27,1064,9,9,18,273,6,3
sensitivity_1,trust,"r=0.5, tau=0.5, theta=0.7858",test,83CF687B-7CEC-434B-9FE8-00C3D5799BE6,9,1394,8,8,16,613,2,1
sensitivity_1,trust,"r=0.5, tau=0.5, theta=0.7858",test,83CF687B-7CEC-434B-9FE8-00C3D5799BE6,10,485,6,5,11,376,4,1
sensitivity_1,trust,"r=0.5, tau=0.5, theta=0.7858",test,9759096F-1119-4E19-A0AD-6F16989C7E1C,6,776,4,3,7,311,1,1
sensitivity_1,trust,"r=0.5, tau=0.5, theta=0.7858",test,9759096F-1119-4E19-A0AD-6F16989C7E1C,7,1178,13,12,25,281,5,3
sensitivity_1,trust,"r=0.5, tau=0.5, theta=0.7858",test,9DC38D04-E82E-4F29-AB52-B476535226F2,20,1909,28,27,55,689,21,11
sensitivity_1,trust,"r=0.5, tau=0.5, theta=0.7858",test,A5CDF89D-02A2-4EC1-89F8-F534FDABDD96,16,350,5,5,10,54,3,2
sensitivity_1,trust,"r=0.5, tau=0.5, theta=0.7858",test,A5CDF89D-02A2-4EC1-89F8-F534FDABDD96,17,470,6,5,11,269,4,2
sensitivity_1,trust,"r=0.5, tau=0.5, theta=0.7858",test,A5CDF89D-02A2-4EC1-89F8-F534FDABDD96,18,359,2,2,4,43,0,0
sensitivity_1,trust,"r=0.5, tau=0.5, theta=0.7858",test,A76A5AF5-5A93-4CF2-A16E-62353BB70E8A,4,555,1,1,2,8,0,0
sensitivity_1,trust,"r=0.5, tau=0.5, theta=0.7858",test,A76A5AF5-5A93-4CF2-A16E-62353BB70E8A,5,920,0,0,0,0,0,0
sensitivity_1,trust,"r=0.5, tau=0.5, theta=0.7858",test,B09E373F-8A54-44C8-895B-0039390B859F,11,566,5,4,9,187,0,0
sensitivity_1,trust,"r=0.5, tau=0.5, theta=0.7858",test,B09E373F-8A54-44C8-895B-0039390B859F,12,833,8,7,15,259,8,3
sensitivity_1,trust,"r=0.5, tau=0.5, theta=0.7858",test,B09E373F-8A54-44C8-895B-0039390B859F,14,198,5,4,9,153,5,3
sensitivity_1,trust,"r=0.5, tau=0.5, theta=0.7858",test,B9724848-C7E2-45F4-9B3F-A1F38D864495,15,484,4,3,7,253,2,1
sensitivity_1,trust,"r=0.5, tau=0.5, theta=0.7858",test,B9724848-C7E2-45F4-9B3F-A1F38D864495,16,1013,6,6,12,269,3,2
sensitivity_1,trust,"r=0.5, tau=0.5, theta=0.7858",test,BE3CA5A6-A561-4BBD-B7C9-5DF6805400FC,18,223,3,2,5,94,3,1
sensitivity_1,trust,"r=0.5, tau=0.5, theta=0.7858",test,BE3CA5A6-A561-4BBD-B7C9-5DF6805400FC,19,1410,6,5,11,894,0,0
sensitivity_1,trust,"r=0.5, tau=0.5, theta=0.7858",test,C48CE857-A0DD-4DDB-BEA5-3A25449B2153,34,134,1,1,2,23,0,0
sensitivity_1,trust,"r=0.5, tau=0.5, theta=0.7858",test,C48CE857-A0DD-4DDB-BEA5-3A25449B2153,35,109,0,0,0,0,0,0
sensitivity_1,trust,"r=0.5, tau=0.5, theta=0.7858",test,C48CE857-A0DD-4DDB-BEA5-3A25449B2153,36,169,0,0,0,0,0,0
sensitivity_1,trust,"r=0.5, tau=0.5, theta=0.7858",test,C48CE857-A0DD-4DDB-BEA5-3A25449B2153,37,133,0,0,0,0,0,0
sensitivity_1,trust,"r=0.5, tau=0.5, theta=0.7858",test,C48CE857-A0DD-4DDB-BEA5-3A25449B2153,38,307,2,2,4,37,0,0
sensitivity_1,trust,"r=0.5, tau=0.5, theta=0.7858",test,C48CE857-A0DD-4DDB-BEA5-3A25449B2153,39,85,0,0,0,0,0,0
sensitivity_1,trust,"r=0.5, tau=0.5, theta=0.7858",test,CA820D43-E5E2-42EF-9798-BE56F776370B,10,997,19,19,38,550,8,5
sensitivity_1,trust,"r=0.5, tau=0.5, theta=0.7858",test,CA820D43-E5E2-42EF-9798-BE56F776370B,12,546,9,9,18,255,4,2
sensitivity_1,trust,"r=0.5, tau=0.5, theta=0.7858",test,CDA3BBF7-6631-45E8-85BA-EEB416B32A3C,5,537,1,0,1,8,0,0
sensitivity_1,trust,"r=0.5, tau=0.5, theta=0.7858",test,CF722AA9-2533-4E51-9FEB-9EAC84EE9AAC,11,112,0,0,0,0,0,0
sensitivity_1,trust,"r=0.5, tau=0.5, theta=0.7858",test,CF722AA9-2533-4E51-9FEB-9EAC84EE9AAC,12,371,7,6,13,122,5,2
sensitivity_1,trust,"r=0.5, tau=0.5, theta=0.7858",test,CF722AA9-2533-4E51-9FEB-9EAC84EE9AAC,13,138,2,2,4,47,2,1
sensitivity_1,trust,"r=0.5, tau=0.5, theta=0.7858",test,CF722AA9-2533-4E51-9FEB-9EAC84EE9AAC,14,73,4,3,7,62,5,2
sensitivity_1,trust,"r=0.5, tau=0.5, theta=0.7858",test,D7D20E2E-FC78-405D-B346-DBD3FD8FC92B,14,121,1,1,2,1,1,1
sensitivity_1,trust,"r=0.5, tau=0.5, theta=0.7858",test,D7D20E2E-FC78-405D-B346-DBD3FD8FC92B,15,826,7,7,14,201,2,2
sensitivity_1,trust,"r=0.5, tau=0.5, theta=0.7858",test,D7D20E2E-FC78-405D-B346-DBD3FD8FC92B,16,265,2,2,4,65,0,0
sensitivity_1,trust,"r=0.5, tau=0.5, theta=0.7858",test,E65577C1-8D5D-4F70-AF23-B3ADB9D3DBA3,5,657,2,2,4,296,1,1
sensitivity_1,trust,"r=0.5, tau=0.5, theta=0.7858",test,ECECC2AB-D32F-4F90-B74C-E12A1C69BBE2,17,603,1,1,2,33,0,0
sensitivity_1,trust,"r=0.5, tau=0.5, theta=0.7858",test,ECECC2AB-D32F-4F90-B74C-E12A1C69BBE2,18,74,3,3,6,50,3,2
sensitivity_1,trust,"r=0.5, tau=0.5, theta=0.7858",test,FDAA70A1-42A3-4E3F-9AE3-3FDA412E03BF,20,966,8,7,15,289,3,2
sensitivity_1,sprt,"alpha=0.01, beta=0.4898",test,00EABED2-271D-49D8-B599-1D4A09240601,25,300,3,3,6,38,1,1
sensitivity_1,sprt,"alpha=0.01, beta=0.4898",test,00EABED2-271D-49D8-B599-1D4A09240601,42,96,3,2,5,72,1,0
sensitivity_1,sprt,"alpha=0.01, beta=0.4898",test,00EABED2-271D-49D8-B599-1D4A09240601,44,12,0,0,0,0,0,0
sensitivity_1,sprt,"alpha=0.01, beta=0.4898",test,098A72A5-E3E5-4F54-A152-BBDA0DF7B694,15,114,0,0,0,0,0,0
sensitivity_1,sprt,"alpha=0.01, beta=0.4898",test,098A72A5-E3E5-4F54-A152-BBDA0DF7B694,16,733,3,2,5,9,2,2
sensitivity_1,sprt,"alpha=0.01, beta=0.4898",test,098A72A5-E3E5-4F54-A152-BBDA0DF7B694,17,292,1,1,2,1,1,1
sensitivity_1,sprt,"alpha=0.01, beta=0.4898",test,098A72A5-E3E5-4F54-A152-BBDA0DF7B694,18,91,0,0,0,0,0,0
sensitivity_1,sprt,"alpha=0.01, beta=0.4898",test,098A72A5-E3E5-4F54-A152-BBDA0DF7B694,19,104,2,2,4,11,1,1
sensitivity_1,sprt,"alpha=0.01, beta=0.4898",test,0A986513-7828-4D53-AA1F-E02D6DF9561B,8,763,7,7,14,37,6,5
sensitivity_1,sprt,"alpha=0.01, beta=0.4898",test,11B5EC4D-4133-4289-B475-4E737182A406,7,1407,7,7,14,44,3,2
sensitivity_1,sprt,"alpha=0.01, beta=0.4898",test,11B5EC4D-4133-4289-B475-4E737182A406,8,333,3,3,6,12,2,2
sensitivity_1,sprt,"alpha=0.01, beta=0.4898",test,136562B6-95B2-483D-88DC-065F28409FD2,22,145,0,0,0,0,0,0
sensitivity_1,sprt,"alpha=0.01, beta=0.4898",test,136562B6-95B2-483D-88DC-065F28409FD2,23,747,2,2,4,31,0,0
sensitivity_1,sprt,"alpha=0.01, beta=0.4898",test,136562B6-95B2-483D-88DC-065F28409FD2,24,323,5,5,10,28,4,3
sensitivity_1,sprt,"alpha=0.01, beta=0.4898",test,1538C99F-BA1E-4EFB-A949-6C7C47701B20,30,406,2,2,4,7,2,2
sensitivity_1,sprt,"alpha=0.01, beta=0.4898",test,1538C99F-BA1E-4EFB-A949-6C7C47701B20,31,875,3,3,6,81,3,2
sensitivity_1,sprt,"alpha=0.01, beta=0.4898",test,24E40C4C-A349-4F9F-93AB-01D00FB994AF,18,68,2,2,4,20,0,0
sensitivity_1,sprt,"alpha=0.01, beta=0.4898",test,24E40C4C-A349-4F9F-93AB-01D00FB994AF,19,374,5,5,10,178,1,0
sensitivity_1,sprt,"alpha=0.01, beta=0.4898",test,24E40C4C-A349-4F9F-93AB-01D00FB994AF,20,166,0,0,0,0,0,0
sensitivity_1,sprt,"alpha=0.01, beta=0.4898",test,24E40C4C-A349-4F9F-93AB-01D00FB994AF,21,120,1,1,2,4,1,1
sensitivity_1,sprt,"alpha=0.01, beta=0.4898",test,24E40C4C-A349-4F9F-93AB-01D00FB994AF,22,198,2,2,4,18,1,1
sensitivity_1,sprt,"alpha=0.01, beta=0.4898",test,2C32C23E-E30C-498A-8DD2-0EFB9150A02E,11,377,2,2,4,9,1,1
sensitivity_1,sprt,"alpha=0.01, beta=0.4898",test,2C32C23E-E30C-498A-8DD2-0EFB9150A02E,12,1298,11,11,22,50,8,8
sensitivity_1,sprt,"alpha=0.01, beta=0.4898",test,3600D531-0C55-44A7-AE95-A7A38519464E,27,170,3,2,5,34,1,1
sensitivity_1,sprt,"alpha=0.01, beta=0.4898",test,3600D531-0C55-44A7-AE95-A7A38519464E,28,205,1,1,2,4,1,1
sensitivity_1,sprt,"alpha=0.01, beta=0.4898",test,3600D531-0C55-44A7-AE95-A7A38519464E,31,23,0,0,0,0,0,0
sensitivity_1,sprt,"alpha=0.01, beta=0.4898",test,3600D531-0C55-44A7-AE95-A7A38519464E,32,612,6,5,11,22,5,4
sensitivity_1,sprt,"alpha=0.01, beta=0.4898",test,3600D531-0C55-44A7-AE95-A7A38519464E,33,22,0,0,0,0,0,0
sensitivity_1,sprt,"alpha=0.01, beta=0.4898",test,4FC32141-E888-4BFF-8804-12559A491D8C,12,67,2,1,3,29,0,0
sensitivity_1,sprt,"alpha=0.01, beta=0.4898",test,4FC32141-E888-4BFF-8804-12559A491D8C,13,164,0,0,0,0,0,0
sensitivity_1,sprt,"alpha=0.01, beta=0.4898",test,4FC32141-E888-4BFF-8804-12559A491D8C,14,59,0,0,0,0,0,0
sensitivity_1,sprt,"alpha=0.01, beta=0.4898",test,4FC32141-E888-4BFF-8804-12559A491D8C,15,677,2,1,3,10,0,0
sensitivity_1,sprt,"alpha=0.01, beta=0.4898",test,5119D0F8-FCA8-4184-A4EB-19421A40DE0D,11,461,5,5,10,35,4,2
sensitivity_1,sprt,"alpha=0.01, beta=0.4898",test,5119D0F8-FCA8-4184-A4EB-19421A40DE0D,12,125,2,2,4,14,1,1
sensitivity_1,sprt,"alpha=0.01, beta=0.4898",test,5119D0F8-FCA8-4184-A4EB-19421A40DE0D,13,709,6,6,12,31,3,3
sensitivity_1,sprt,"alpha=0.01, beta=0.4898",test,5152A2DF-FAF3-4BA8-9CA9-E66B32671A53,9,775,3,3,6,44,0,0
sensitivity_1,sprt,"alpha=0.01, beta=0.4898",test,5152A2DF-FAF3-4BA8-9CA9-E66B32671A53,10,501,6,6,12,47,4,4
sensitivity_1,sprt,"alpha=0.01, beta=0.4898",test,5152A2DF-FAF3-4BA8-9CA9-E66B32671A53,11,19,0,0,0,0,0,0
sensitivity_1,sprt,"alpha=0.01, beta=0.4898",test,5EF64122-B513-46AE-BCF1-E62AAC285D2C,12,178,4,4,8,7,4,4
sensitivity_1,sprt,"alpha=0.01, beta=0.4898",test,5EF64122-B513-46AE-BCF1-E62AAC285D2C,13,576,2,2,4,5,2,2
sensitivity_1,sprt,"alpha=0.01, beta=0.4898",test,61976C24-1C50-4355-9C49-AAE44A7D09F6,48,1717,2,2,4,9,2,2
sensitivity_1,sprt,"alpha=0.01, beta=0.4898",test,78A91A4E-4A51-4065-BDA7-94755F0BB3BB,8,2371,29,29,58,266,21,16
sensitivity_1,sprt,"alpha=0.01, beta=0.4898",test,7CE37510-56D0-4120-A1CF-0E23351428D2,8,1924,21,20,41,96,22,14
sensitivity_1,sprt,"alpha=0.01, beta=0.4898",test,8023FE1A-D3B0-4E2C-A57A-9321B7FC755F,26,745,19,19,38,164,13,9
sensitivity_1,sprt,"alpha=0.01, beta=0.4898",test,8023FE1A-D3B0-4E2C-A57A-9321B7FC755F,27,1064,17,17,34,133,15,11
sensitivity_1,sprt,"alpha=0.01, beta=0.4898",test,83CF687B-7CEC-434B-9FE8-00C3D5799BE6,9,1394,24,24,48,376,14,7
sensitivity_1,sprt,"alpha=0.01, beta=0.4898",test,83CF687B-7CEC-434B-9FE8-00C3D5799BE6,10,485,6,6,12,62,4,2
sensitivity_1,sprt,"alpha=0.01, beta=0.4898",test,9759096F-1119-4E19-A0AD-6F16989C7E1C,6,776,11,11,22,203,12,6
sensitivity_1,sprt,"alpha=0.01, beta=0.4898",test,9759096F-1119-4E19-A0AD-6F16989C7E1C,7,1178,12,12,24,90,9,7
sensitivity_1,sprt,"alpha=0.01, beta=0.4898",test,9DC38D04-E82E-4F29-AB52-B476535226F2,20,1909,16,16,32,141,8,7
sensitivity_1,sprt,"alpha=0.01, beta=0.4898",test,A5CDF89D-02A2-4EC1-89F8-F534FDABDD96,16,350,2,2,4,8,2,2
sensitivity_1,sprt,"alpha=0.01, beta=0.4898",test,A5CDF89D-02A2-4EC1-89F8-F534FDABDD96,17,470,17,17,34,121,14,7
sensitivity_1,sprt,"alpha=0.01, beta=0.4898",test,A5CDF89D-02A2-4EC1-89F8-F534FDABDD96,18,359,1,1,2,14,0,0
sensitivity_1,sprt,"alpha=0.01, beta=0.4898",test,A76A5AF5-5A93-4CF2-A16E-62353BB70E8A,4,555,1,1,2,4,1,1
sensitivity_1,sprt,"alpha=0.01, beta=0.4898",test,A76A5AF5-5A93-4CF2-A16E-62353BB70E8A,5,920,0,0,0,0,0,0
sensitivity_1,sprt,"alpha=0.01, beta=0.4898",test,B09E373F-8A54-44C8-895B-0039390B859F,11,566,4,4,8,25,1,1
sensitivity_1,sprt,"alpha=0.01, beta=0.4898",test,B09E373F-8A54-44C8-895B-0039390B859F,12,833,7,7,14,20,8,7
sensitivity_1,sprt,"alpha=0.01, beta=0.4898",test,B09E373F-8A54-44C8-895B-0039390B859F,14,198,3,2,5,18,1,1
sensitivity_1,sprt,"alpha=0.01, beta=0.4898",test,B9724848-C7E2-45F4-9B3F-A1F38D864495,15,484,10,9,19,166,3,1
sensitivity_1,sprt,"alpha=0.01, beta=0.4898",test,B9724848-C7E2-45F4-9B3F-A1F38D864495,16,1013,11,10,21,220,9,5
sensitivity_1,sprt,"alpha=0.01, beta=0.4898",test,BE3CA5A6-A561-4BBD-B7C9-5DF6805400FC,18,223,1,1,2,11,0,0
sensitivity_1,sprt,"alpha=0.01, beta=0.4898",test,BE3CA5A6-A561-4BBD-B7C9-5DF6805400FC,19,1410,9,9,18,556,0,0
sensitivity_1,sprt,"alpha=0.01, beta=0.4898",test,C48CE857-A0DD-4DDB-BEA5-3A25449B2153,34,134,0,0,0,0,0,0
sensitivity_1,sprt,"alpha=0.01, beta=0.4898",test,C48CE857-A0DD-4DDB-BEA5-3A25449B2153,35,109,0,0,0,0,0,0
sensitivity_1,sprt,"alpha=0.01, beta=0.4898",test,C48CE857-A0DD-4DDB-BEA5-3A25449B2153,36,169,0,0,0,0,0,0
sensitivity_1,sprt,"alpha=0.01, beta=0.4898",test,C48CE857-A0DD-4DDB-BEA5-3A25449B2153,37,133,0,0,0,0,0,0
sensitivity_1,sprt,"alpha=0.01, beta=0.4898",test,C48CE857-A0DD-4DDB-BEA5-3A25449B2153,38,307,3,3,6,16,2,2
sensitivity_1,sprt,"alpha=0.01, beta=0.4898",test,C48CE857-A0DD-4DDB-BEA5-3A25449B2153,39,85,0,0,0,0,0,0
sensitivity_1,sprt,"alpha=0.01, beta=0.4898",test,CA820D43-E5E2-42EF-9798-BE56F776370B,10,997,21,21,42,211,12,8
sensitivity_1,sprt,"alpha=0.01, beta=0.4898",test,CA820D43-E5E2-42EF-9798-BE56F776370B,12,546,15,15,30,120,14,8
sensitivity_1,sprt,"alpha=0.01, beta=0.4898",test,CDA3BBF7-6631-45E8-85BA-EEB416B32A3C,5,537,2,2,4,8,1,1
sensitivity_1,sprt,"alpha=0.01, beta=0.4898",test,CF722AA9-2533-4E51-9FEB-9EAC84EE9AAC,11,112,0,0,0,0,0,0
sensitivity_1,sprt,"alpha=0.01, beta=0.4898",test,CF722AA9-2533-4E51-9FEB-9EAC84EE9AAC,12,371,2,2,4,23,1,0
sensitivity_1,sprt,"alpha=0.01, beta=0.4898",test,CF722AA9-2533-4E51-9FEB-9EAC84EE9AAC,13,138,1,1,2,2,1,1
sensitivity_1,sprt,"alpha=0.01, beta=0.4898",test,CF722AA9-2533-4E51-9FEB-9EAC84EE9AAC,14,73,2,2,4,16,1,0
sensitivity_1,sprt,"alpha=0.01, beta=0.4898",test,D7D20E2E-FC78-405D-B346-DBD3FD8FC92B,14,121,0,0,0,0,0,0
sensitivity_1,sprt,"alpha=0.01, beta=0.4898",test,D7D20E2E-FC78-405D-B346-DBD3FD8FC92B,15,826,11,11,22,115,7,5
sensitivity_1,sprt,"alpha=0.01, beta=0.4898",test,D7D20E2E-FC78-405D-B346-DBD3FD8FC92B,16,265,3,3,6,44,0,0
sensitivity_1,sprt,"alpha=0.01, beta=0.4898",test,E65577C1-8D5D-4F70-AF23-B3ADB9D3DBA3,5,657,9,9,18,266,7,4
sensitivity_1,sprt,"alpha=0.01, beta=0.4898",test,ECECC2AB-D32F-4F90-B74C-E12A1C69BBE2,17,603,2,2,4,23,1,1
sensitivity_1,sprt,"alpha=0.01, beta=0.4898",test,ECECC2AB-D32F-4F90-B74C-E12A1C69BBE2,18,74,1,1,2,9,0,0
sensitivity_1,sprt,"alpha=0.01, beta=0.4898",test,FDAA70A1-42A3-4E3F-9AE3-3FDA412E03BF,20,966,10,9,19,112,5,4
sensitivity_1,hmm,"rho=0.0001, theta=0.9989",test,00EABED2-271D-49D8-B599-1D4A09240601,25,300,4,3,7,46,2,2
sensitivity_1,hmm,"rho=0.0001, theta=0.9989",test,00EABED2-271D-49D8-B599-1D4A09240601,42,96,2,1,3,79,0,0
sensitivity_1,hmm,"rho=0.0001, theta=0.9989",test,00EABED2-271D-49D8-B599-1D4A09240601,44,12,0,0,0,0,0,0
sensitivity_1,hmm,"rho=0.0001, theta=0.9989",test,098A72A5-E3E5-4F54-A152-BBDA0DF7B694,15,114,0,0,0,0,0,0
sensitivity_1,hmm,"rho=0.0001, theta=0.9989",test,098A72A5-E3E5-4F54-A152-BBDA0DF7B694,16,733,3,3,6,8,3,3
sensitivity_1,hmm,"rho=0.0001, theta=0.9989",test,098A72A5-E3E5-4F54-A152-BBDA0DF7B694,17,292,1,1,2,1,1,1
sensitivity_1,hmm,"rho=0.0001, theta=0.9989",test,098A72A5-E3E5-4F54-A152-BBDA0DF7B694,18,91,0,0,0,0,0,0
sensitivity_1,hmm,"rho=0.0001, theta=0.9989",test,098A72A5-E3E5-4F54-A152-BBDA0DF7B694,19,104,2,2,4,4,2,2
sensitivity_1,hmm,"rho=0.0001, theta=0.9989",test,0A986513-7828-4D53-AA1F-E02D6DF9561B,8,763,7,7,14,45,8,5
sensitivity_1,hmm,"rho=0.0001, theta=0.9989",test,11B5EC4D-4133-4289-B475-4E737182A406,7,1407,5,5,10,37,2,1
sensitivity_1,hmm,"rho=0.0001, theta=0.9989",test,11B5EC4D-4133-4289-B475-4E737182A406,8,333,3,3,6,12,2,2
sensitivity_1,hmm,"rho=0.0001, theta=0.9989",test,136562B6-95B2-483D-88DC-065F28409FD2,22,145,0,0,0,0,0,0
sensitivity_1,hmm,"rho=0.0001, theta=0.9989",test,136562B6-95B2-483D-88DC-065F28409FD2,23,747,2,2,4,25,0,0
sensitivity_1,hmm,"rho=0.0001, theta=0.9989",test,136562B6-95B2-483D-88DC-065F28409FD2,24,323,5,5,10,31,4,3
sensitivity_1,hmm,"rho=0.0001, theta=0.9989",test,1538C99F-BA1E-4EFB-A949-6C7C47701B20,30,406,2,2,4,6,2,2
sensitivity_1,hmm,"rho=0.0001, theta=0.9989",test,1538C99F-BA1E-4EFB-A949-6C7C47701B20,31,875,3,3,6,86,3,2
sensitivity_1,hmm,"rho=0.0001, theta=0.9989",test,24E40C4C-A349-4F9F-93AB-01D00FB994AF,18,68,2,2,4,8,2,2
sensitivity_1,hmm,"rho=0.0001, theta=0.9989",test,24E40C4C-A349-4F9F-93AB-01D00FB994AF,19,374,5,4,9,204,2,1
sensitivity_1,hmm,"rho=0.0001, theta=0.9989",test,24E40C4C-A349-4F9F-93AB-01D00FB994AF,20,166,0,0,0,0,0,0
sensitivity_1,hmm,"rho=0.0001, theta=0.9989",test,24E40C4C-A349-4F9F-93AB-01D00FB994AF,21,120,1,1,2,4,1,1
sensitivity_1,hmm,"rho=0.0001, theta=0.9989",test,24E40C4C-A349-4F9F-93AB-01D00FB994AF,22,198,2,2,4,9,2,1
sensitivity_1,hmm,"rho=0.0001, theta=0.9989",test,2C32C23E-E30C-498A-8DD2-0EFB9150A02E,11,377,1,1,2,1,1,1
sensitivity_1,hmm,"rho=0.0001, theta=0.9989",test,2C32C23E-E30C-498A-8DD2-0EFB9150A02E,12,1298,12,12,24,30,11,10
sensitivity_1,hmm,"rho=0.0001, theta=0.9989",test,3600D531-0C55-44A7-AE95-A7A38519464E,27,170,1,0,1,23,0,0
sensitivity_1,hmm,"rho=0.0001, theta=0.9989",test,3600D531-0C55-44A7-AE95-A7A38519464E,28,205,0,0,0,0,0,0
sensitivity_1,hmm,"rho=0.0001, theta=0.9989",test,3600D531-0C55-44A7-AE95-A7A38519464E,31,23,0,0,0,0,0,0
sensitivity_1,hmm,"rho=0.0001, theta=0.9989",test,3600D531-0C55-44A7-AE95-A7A38519464E,32,612,5,4,9,8,5,4
sensitivity_1,hmm,"rho=0.0001, theta=0.9989",test,3600D531-0C55-44A7-AE95-A7A38519464E,33,22,0,0,0,0,0,0
sensitivity_1,hmm,"rho=0.0001, theta=0.9989",test,4FC32141-E888-4BFF-8804-12559A491D8C,12,67,1,0,1,51,0,0
sensitivity_1,hmm,"rho=0.0001, theta=0.9989",test,4FC32141-E888-4BFF-8804-12559A491D8C,13,164,0,0,0,0,0,0
sensitivity_1,hmm,"rho=0.0001, theta=0.9989",test,4FC32141-E888-4BFF-8804-12559A491D8C,14,59,0,0,0,0,0,0
sensitivity_1,hmm,"rho=0.0001, theta=0.9989",test,4FC32141-E888-4BFF-8804-12559A491D8C,15,677,2,1,3,13,0,0
sensitivity_1,hmm,"rho=0.0001, theta=0.9989",test,5119D0F8-FCA8-4184-A4EB-19421A40DE0D,11,461,5,5,10,34,2,2
sensitivity_1,hmm,"rho=0.0001, theta=0.9989",test,5119D0F8-FCA8-4184-A4EB-19421A40DE0D,12,125,2,2,4,16,1,1
sensitivity_1,hmm,"rho=0.0001, theta=0.9989",test,5119D0F8-FCA8-4184-A4EB-19421A40DE0D,13,709,6,6,12,23,5,4
sensitivity_1,hmm,"rho=0.0001, theta=0.9989",test,5152A2DF-FAF3-4BA8-9CA9-E66B32671A53,9,775,8,8,16,45,7,5
sensitivity_1,hmm,"rho=0.0001, theta=0.9989",test,5152A2DF-FAF3-4BA8-9CA9-E66B32671A53,10,501,8,8,16,33,7,7
sensitivity_1,hmm,"rho=0.0001, theta=0.9989",test,5152A2DF-FAF3-4BA8-9CA9-E66B32671A53,11,19,0,0,0,0,0,0
sensitivity_1,hmm,"rho=0.0001, theta=0.9989",test,5EF64122-B513-46AE-BCF1-E62AAC285D2C,12,178,3,3,6,5,3,3
sensitivity_1,hmm,"rho=0.0001, theta=0.9989",test,5EF64122-B513-46AE-BCF1-E62AAC285D2C,13,576,1,0,1,5,0,0
sensitivity_1,hmm,"rho=0.0001, theta=0.9989",test,61976C24-1C50-4355-9C49-AAE44A7D09F6,48,1717,5,5,10,12,4,4
sensitivity_1,hmm,"rho=0.0001, theta=0.9989",test,78A91A4E-4A51-4065-BDA7-94755F0BB3BB,8,2371,19,19,38,288,14,10
sensitivity_1,hmm,"rho=0.0001, theta=0.9989",test,7CE37510-56D0-4120-A1CF-0E23351428D2,8,1924,14,13,27,98,12,9
sensitivity_1,hmm,"rho=0.0001, theta=0.9989",test,8023FE1A-D3B0-4E2C-A57A-9321B7FC755F,26,745,18,18,36,153,17,13
sensitivity_1,hmm,"rho=0.0001, theta=0.9989",test,8023FE1A-D3B0-4E2C-A57A-9321B7FC755F,27,1064,18,18,36,150,20,12
sensitivity_1,hmm,"rho=0.0001, theta=0.9989",test,83CF687B-7CEC-434B-9FE8-00C3D5799BE6,9,1394,16,16,32,478,10,6
sensitivity_1,hmm,"rho=0.0001, theta=0.9989",test,83CF687B-7CEC-434B-9FE8-00C3D5799BE6,10,485,7,7,14,62,6,4
sensitivity_1,hmm,"rho=0.0001, theta=0.9989",test,9759096F-1119-4E19-A0AD-6F16989C7E1C,6,776,13,13,26,206,17,9
sensitivity_1,hmm,"rho=0.0001, theta=0.9989",test,9759096F-1119-4E19-A0AD-6F16989C7E1C,7,1178,9,9,18,111,6,5
sensitivity_1,hmm,"rho=0.0001, theta=0.9989",test,9DC38D04-E82E-4F29-AB52-B476535226F2,20,1909,11,11,22,118,8,7
sensitivity_1,hmm,"rho=0.0001, theta=0.9989",test,A5CDF89D-02A2-4EC1-89F8-F534FDABDD96,16,350,2,2,4,4,2,2
sensitivity_1,hmm,"rho=0.0001, theta=0.9989",test,A5CDF89D-02A2-4EC1-89F8-F534FDABDD96,17,470,19,19,38,101,20,12
sensitivity_1,hmm,"rho=0.0001, theta=0.9989",test,A5CDF89D-02A2-4EC1-89F8-F534FDABDD96,18,359,2,2,4,21,1,1
sensitivity_1,hmm,"rho=0.0001, theta=0.9989",test,A76A5AF5-5A93-4CF2-A16E-62353BB70E8A,4,555,0,0,0,0,0,0
sensitivity_1,hmm,"rho=0.0001, theta=0.9989",test,A76A5AF5-5A93-4CF2-A16E-62353BB70E8A,5,920,0,0,0,0,0,0
sensitivity_1,hmm,"rho=0.0001, theta=0.9989",test,B09E373F-8A54-44C8-895B-0039390B859F,11,566,6,6,12,14,6,5
sensitivity_1,hmm,"rho=0.0001, theta=0.9989",test,B09E373F-8A54-44C8-895B-0039390B859F,12,833,4,4,8,5,4,4
sensitivity_1,hmm,"rho=0.0001, theta=0.9989",test,B09E373F-8A54-44C8-895B-0039390B859F,14,198,3,2,5,21,1,1
sensitivity_1,hmm,"rho=0.0001, theta=0.9989",test,B9724848-C7E2-45F4-9B3F-A1F38D864495,15,484,12,11,23,189,8,4
sensitivity_1,hmm,"rho=0.0001, theta=0.9989",test,B9724848-C7E2-45F4-9B3F-A1F38D864495,16,1013,8,7,15,245,5,4
sensitivity_1,hmm,"rho=0.0001, theta=0.9989",test,BE3CA5A6-A561-4BBD-B7C9-5DF6805400FC,18,223,2,2,4,8,1,1
sensitivity_1,hmm,"rho=0.0001, theta=0.9989",test,BE3CA5A6-A561-4BBD-B7C9-5DF6805400FC,19,1410,11,10,21,634,5,2
sensitivity_1,hmm,"rho=0.0001, theta=0.9989",test,C48CE857-A0DD-4DDB-BEA5-3A25449B2153,34,134,0,0,0,0,0,0
sensitivity_1,hmm,"rho=0.0001, theta=0.9989",test,C48CE857-A0DD-4DDB-BEA5-3A25449B2153,35,109,0,0,0,0,0,0
sensitivity_1,hmm,"rho=0.0001, theta=0.9989",test,C48CE857-A0DD-4DDB-BEA5-3A25449B2153,36,169,0,0,0,0,0,0
sensitivity_1,hmm,"rho=0.0001, theta=0.9989",test,C48CE857-A0DD-4DDB-BEA5-3A25449B2153,37,133,0,0,0,0,0,0
sensitivity_1,hmm,"rho=0.0001, theta=0.9989",test,C48CE857-A0DD-4DDB-BEA5-3A25449B2153,38,307,3,3,6,20,2,2
sensitivity_1,hmm,"rho=0.0001, theta=0.9989",test,C48CE857-A0DD-4DDB-BEA5-3A25449B2153,39,85,0,0,0,0,0,0
sensitivity_1,hmm,"rho=0.0001, theta=0.9989",test,CA820D43-E5E2-42EF-9798-BE56F776370B,10,997,21,21,42,223,18,13
sensitivity_1,hmm,"rho=0.0001, theta=0.9989",test,CA820D43-E5E2-42EF-9798-BE56F776370B,12,546,15,15,30,91,15,10
sensitivity_1,hmm,"rho=0.0001, theta=0.9989",test,CDA3BBF7-6631-45E8-85BA-EEB416B32A3C,5,537,1,0,1,9,0,0
sensitivity_1,hmm,"rho=0.0001, theta=0.9989",test,CF722AA9-2533-4E51-9FEB-9EAC84EE9AAC,11,112,0,0,0,0,0,0
sensitivity_1,hmm,"rho=0.0001, theta=0.9989",test,CF722AA9-2533-4E51-9FEB-9EAC84EE9AAC,12,371,2,2,4,35,1,1
sensitivity_1,hmm,"rho=0.0001, theta=0.9989",test,CF722AA9-2533-4E51-9FEB-9EAC84EE9AAC,13,138,0,0,0,0,0,0
sensitivity_1,hmm,"rho=0.0001, theta=0.9989",test,CF722AA9-2533-4E51-9FEB-9EAC84EE9AAC,14,73,3,2,5,27,2,1
sensitivity_1,hmm,"rho=0.0001, theta=0.9989",test,D7D20E2E-FC78-405D-B346-DBD3FD8FC92B,14,121,0,0,0,0,0,0
sensitivity_1,hmm,"rho=0.0001, theta=0.9989",test,D7D20E2E-FC78-405D-B346-DBD3FD8FC92B,15,826,10,10,20,137,5,4
sensitivity_1,hmm,"rho=0.0001, theta=0.9989",test,D7D20E2E-FC78-405D-B346-DBD3FD8FC92B,16,265,2,2,4,61,0,0
sensitivity_1,hmm,"rho=0.0001, theta=0.9989",test,E65577C1-8D5D-4F70-AF23-B3ADB9D3DBA3,5,657,3,3,6,281,1,1
sensitivity_1,hmm,"rho=0.0001, theta=0.9989",test,ECECC2AB-D32F-4F90-B74C-E12A1C69BBE2,17,603,4,4,8,15,6,3
sensitivity_1,hmm,"rho=0.0001, theta=0.9989",test,ECECC2AB-D32F-4F90-B74C-E12A1C69BBE2,18,74,1,1,2,9,0,0
sensitivity_1,hmm,"rho=0.0001, theta=0.9989",test,FDAA70A1-42A3-4E3F-9AE3-3FDA412E03BF,20,966,10,10,20,121,8,6
sensitivity_2,threshold,theta=0.01984,test,00EABED2-271D-49D8-B599-1D4A09240601,25,300,0,0,0,0,0,0
sensitivity_2,threshold,theta=0.01984,test,00EABED2-271D-49D8-B599-1D4A09240601,42,96,9,9,18,14,15,9
sensitivity_2,threshold,theta=0.01984,test,00EABED2-271D-49D8-B599-1D4A09240601,44,12,0,0,0,0,0,0
sensitivity_2,threshold,theta=0.01984,test,098A72A5-E3E5-4F54-A152-BBDA0DF7B694,15,114,0,0,0,0,0,0
sensitivity_2,threshold,theta=0.01984,test,098A72A5-E3E5-4F54-A152-BBDA0DF7B694,16,733,1,1,2,1,1,1
sensitivity_2,threshold,theta=0.01984,test,098A72A5-E3E5-4F54-A152-BBDA0DF7B694,17,292,0,0,0,0,0,0
sensitivity_2,threshold,theta=0.01984,test,098A72A5-E3E5-4F54-A152-BBDA0DF7B694,18,91,0,0,0,0,0,0
sensitivity_2,threshold,theta=0.01984,test,098A72A5-E3E5-4F54-A152-BBDA0DF7B694,19,104,0,0,0,0,0,0
sensitivity_2,threshold,theta=0.01984,test,0A986513-7828-4D53-AA1F-E02D6DF9561B,8,763,0,0,0,0,0,0
sensitivity_2,threshold,theta=0.01984,test,11B5EC4D-4133-4289-B475-4E737182A406,7,1407,0,0,0,0,0,0
sensitivity_2,threshold,theta=0.01984,test,11B5EC4D-4133-4289-B475-4E737182A406,8,333,0,0,0,0,0,0
sensitivity_2,threshold,theta=0.01984,test,136562B6-95B2-483D-88DC-065F28409FD2,22,145,0,0,0,0,0,0
sensitivity_2,threshold,theta=0.01984,test,136562B6-95B2-483D-88DC-065F28409FD2,23,747,0,0,0,0,0,0
sensitivity_2,threshold,theta=0.01984,test,136562B6-95B2-483D-88DC-065F28409FD2,24,323,0,0,0,0,0,0
sensitivity_2,threshold,theta=0.01984,test,1538C99F-BA1E-4EFB-A949-6C7C47701B20,30,406,0,0,0,0,0,0
sensitivity_2,threshold,theta=0.01984,test,1538C99F-BA1E-4EFB-A949-6C7C47701B20,31,875,12,12,24,43,20,10
sensitivity_2,threshold,theta=0.01984,test,24E40C4C-A349-4F9F-93AB-01D00FB994AF,18,68,0,0,0,0,0,0
sensitivity_2,threshold,theta=0.01984,test,24E40C4C-A349-4F9F-93AB-01D00FB994AF,19,374,0,0,0,0,0,0
sensitivity_2,threshold,theta=0.01984,test,24E40C4C-A349-4F9F-93AB-01D00FB994AF,20,166,0,0,0,0,0,0
sensitivity_2,threshold,theta=0.01984,test,24E40C4C-A349-4F9F-93AB-01D00FB994AF,21,120,0,0,0,0,0,0
sensitivity_2,threshold,theta=0.01984,test,24E40C4C-A349-4F9F-93AB-01D00FB994AF,22,198,0,0,0,0,0,0
sensitivity_2,threshold,theta=0.01984,test,2C32C23E-E30C-498A-8DD2-0EFB9150A02E,11,377,0,0,0,0,0,0
sensitivity_2,threshold,theta=0.01984,test,2C32C23E-E30C-498A-8DD2-0EFB9150A02E,12,1298,0,0,0,0,0,0
sensitivity_2,threshold,theta=0.01984,test,3600D531-0C55-44A7-AE95-A7A38519464E,27,170,6,6,12,6,11,6
sensitivity_2,threshold,theta=0.01984,test,3600D531-0C55-44A7-AE95-A7A38519464E,28,205,0,0,0,0,0,0
sensitivity_2,threshold,theta=0.01984,test,3600D531-0C55-44A7-AE95-A7A38519464E,31,23,0,0,0,0,0,0
sensitivity_2,threshold,theta=0.01984,test,3600D531-0C55-44A7-AE95-A7A38519464E,32,612,0,0,0,0,0,0
sensitivity_2,threshold,theta=0.01984,test,3600D531-0C55-44A7-AE95-A7A38519464E,33,22,0,0,0,0,0,0
sensitivity_2,threshold,theta=0.01984,test,4FC32141-E888-4BFF-8804-12559A491D8C,12,67,0,0,0,0,0,0
sensitivity_2,threshold,theta=0.01984,test,4FC32141-E888-4BFF-8804-12559A491D8C,13,164,0,0,0,0,0,0
sensitivity_2,threshold,theta=0.01984,test,4FC32141-E888-4BFF-8804-12559A491D8C,14,59,0,0,0,0,0,0
sensitivity_2,threshold,theta=0.01984,test,4FC32141-E888-4BFF-8804-12559A491D8C,15,677,0,0,0,0,0,0
sensitivity_2,threshold,theta=0.01984,test,5119D0F8-FCA8-4184-A4EB-19421A40DE0D,11,461,0,0,0,0,0,0
sensitivity_2,threshold,theta=0.01984,test,5119D0F8-FCA8-4184-A4EB-19421A40DE0D,12,125,0,0,0,0,0,0
sensitivity_2,threshold,theta=0.01984,test,5119D0F8-FCA8-4184-A4EB-19421A40DE0D,13,709,0,0,0,0,0,0
sensitivity_2,threshold,theta=0.01984,test,5152A2DF-FAF3-4BA8-9CA9-E66B32671A53,9,775,3,3,6,5,5,3
sensitivity_2,threshold,theta=0.01984,test,5152A2DF-FAF3-4BA8-9CA9-E66B32671A53,10,501,0,0,0,0,0,0
sensitivity_2,threshold,theta=0.01984,test,5152A2DF-FAF3-4BA8-9CA9-E66B32671A53,11,19,0,0,0,0,0,0
sensitivity_2,threshold,theta=0.01984,test,5EF64122-B513-46AE-BCF1-E62AAC285D2C,12,178,0,0,0,0,0,0
sensitivity_2,threshold,theta=0.01984,test,5EF64122-B513-46AE-BCF1-E62AAC285D2C,13,576,1,1,2,1,1,1
sensitivity_2,threshold,theta=0.01984,test,61976C24-1C50-4355-9C49-AAE44A7D09F6,48,1717,0,0,0,0,0,0
sensitivity_2,threshold,theta=0.01984,test,78A91A4E-4A51-4065-BDA7-94755F0BB3BB,8,2371,3,3,6,3,3,3
sensitivity_2,threshold,theta=0.01984,test,7CE37510-56D0-4120-A1CF-0E23351428D2,8,1924,2,2,4,2,2,2
sensitivity_2,threshold,theta=0.01984,test,8023FE1A-D3B0-4E2C-A57A-9321B7FC755F,26,745,1,1,2,1,1,1
sensitivity_2,threshold,theta=0.01984,test,8023FE1A-D3B0-4E2C-A57A-9321B7FC755F,27,1064,2,2,4,3,3,2
sensitivity_2,threshold,theta=0.01984,test,83CF687B-7CEC-434B-9FE8-00C3D5799BE6,9,1394,2,2,4,2,2,2
sensitivity_2,threshold,theta=0.01984,test,83CF687B-7CEC-434B-9FE8-00C3D5799BE6,10,485,0,0,0,0,0,0
sensitivity_2,threshold,theta=0.01984,test,9759096F-1119-4E19-A0AD-6F16989C7E1C,6,776,14,14,28,17,20,14
sensitivity_2,threshold,theta=0.01984,test,9759096F-1119-4E19-A0AD-6F16989C7E1C,7,1178,0,0,0,0,0,0
sensitivity_2,threshold,theta=0.01984,test,9DC38D04-E82E-4F29-AB52-B476535226F2,20,1909,0,0,0,0,0,0
sensitivity_2,threshold,theta=0.01984,test,A5CDF89D-02A2-4EC1-89F8-F534FDABDD96,16,350,0,0,0,0,0,0
sensitivity_2,threshold,theta=0.01984,test,A5CDF89D-02A2-4EC1-89F8-F534FDABDD96,17,470,0,0,0,0,0,0
sensitivity_2,threshold,theta=0.01984,test,A5CDF89D-02A2-4EC1-89F8-F534FDABDD96,18,359,0,0,0,0,0,0
sensitivity_2,threshold,theta=0.01984,test,A76A5AF5-5A93-4CF2-A16E-62353BB70E8A,4,555,0,0,0,0,0,0
sensitivity_2,threshold,theta=0.01984,test,A76A5AF5-5A93-4CF2-A16E-62353BB70E8A,5,920,0,0,0,0,0,0
sensitivity_2,threshold,theta=0.01984,test,B09E373F-8A54-44C8-895B-0039390B859F,11,566,0,0,0,0,0,0
sensitivity_2,threshold,theta=0.01984,test,B09E373F-8A54-44C8-895B-0039390B859F,12,833,0,0,0,0,0,0
sensitivity_2,threshold,theta=0.01984,test,B09E373F-8A54-44C8-895B-0039390B859F,14,198,0,0,0,0,0,0
sensitivity_2,threshold,theta=0.01984,test,B9724848-C7E2-45F4-9B3F-A1F38D864495,15,484,5,5,10,5,6,5
sensitivity_2,threshold,theta=0.01984,test,B9724848-C7E2-45F4-9B3F-A1F38D864495,16,1013,14,14,28,17,22,14
sensitivity_2,threshold,theta=0.01984,test,BE3CA5A6-A561-4BBD-B7C9-5DF6805400FC,18,223,0,0,0,0,0,0
sensitivity_2,threshold,theta=0.01984,test,BE3CA5A6-A561-4BBD-B7C9-5DF6805400FC,19,1410,0,0,0,0,0,0
sensitivity_2,threshold,theta=0.01984,test,C48CE857-A0DD-4DDB-BEA5-3A25449B2153,34,134,0,0,0,0,0,0
sensitivity_2,threshold,theta=0.01984,test,C48CE857-A0DD-4DDB-BEA5-3A25449B2153,35,109,0,0,0,0,0,0
sensitivity_2,threshold,theta=0.01984,test,C48CE857-A0DD-4DDB-BEA5-3A25449B2153,36,169,0,0,0,0,0,0
sensitivity_2,threshold,theta=0.01984,test,C48CE857-A0DD-4DDB-BEA5-3A25449B2153,37,133,0,0,0,0,0,0
sensitivity_2,threshold,theta=0.01984,test,C48CE857-A0DD-4DDB-BEA5-3A25449B2153,38,307,0,0,0,0,0,0
sensitivity_2,threshold,theta=0.01984,test,C48CE857-A0DD-4DDB-BEA5-3A25449B2153,39,85,0,0,0,0,0,0
sensitivity_2,threshold,theta=0.01984,test,CA820D43-E5E2-42EF-9798-BE56F776370B,10,997,4,4,8,5,5,4
sensitivity_2,threshold,theta=0.01984,test,CA820D43-E5E2-42EF-9798-BE56F776370B,12,546,0,0,0,0,0,0
sensitivity_2,threshold,theta=0.01984,test,CDA3BBF7-6631-45E8-85BA-EEB416B32A3C,5,537,1,1,2,1,1,1
sensitivity_2,threshold,theta=0.01984,test,CF722AA9-2533-4E51-9FEB-9EAC84EE9AAC,11,112,0,0,0,0,0,0
sensitivity_2,threshold,theta=0.01984,test,CF722AA9-2533-4E51-9FEB-9EAC84EE9AAC,12,371,0,0,0,0,0,0
sensitivity_2,threshold,theta=0.01984,test,CF722AA9-2533-4E51-9FEB-9EAC84EE9AAC,13,138,0,0,0,0,0,0
sensitivity_2,threshold,theta=0.01984,test,CF722AA9-2533-4E51-9FEB-9EAC84EE9AAC,14,73,0,0,0,0,0,0
sensitivity_2,threshold,theta=0.01984,test,D7D20E2E-FC78-405D-B346-DBD3FD8FC92B,14,121,0,0,0,0,0,0
sensitivity_2,threshold,theta=0.01984,test,D7D20E2E-FC78-405D-B346-DBD3FD8FC92B,15,826,0,0,0,0,0,0
sensitivity_2,threshold,theta=0.01984,test,D7D20E2E-FC78-405D-B346-DBD3FD8FC92B,16,265,0,0,0,0,0,0
sensitivity_2,threshold,theta=0.01984,test,E65577C1-8D5D-4F70-AF23-B3ADB9D3DBA3,5,657,0,0,0,0,0,0
sensitivity_2,threshold,theta=0.01984,test,ECECC2AB-D32F-4F90-B74C-E12A1C69BBE2,17,603,0,0,0,0,0,0
sensitivity_2,threshold,theta=0.01984,test,ECECC2AB-D32F-4F90-B74C-E12A1C69BBE2,18,74,0,0,0,0,0,0
sensitivity_2,threshold,theta=0.01984,test,FDAA70A1-42A3-4E3F-9AE3-3FDA412E03BF,20,966,0,0,0,0,0,0
sensitivity_2,moving_average,"k=2, theta=0.04743",test,00EABED2-271D-49D8-B599-1D4A09240601,25,300,2,2,4,4,2,2
sensitivity_2,moving_average,"k=2, theta=0.04743",test,00EABED2-271D-49D8-B599-1D4A09240601,42,96,9,9,18,33,12,6
sensitivity_2,moving_average,"k=2, theta=0.04743",test,00EABED2-271D-49D8-B599-1D4A09240601,44,12,0,0,0,0,0,0
sensitivity_2,moving_average,"k=2, theta=0.04743",test,098A72A5-E3E5-4F54-A152-BBDA0DF7B694,15,114,0,0,0,0,0,0
sensitivity_2,moving_average,"k=2, theta=0.04743",test,098A72A5-E3E5-4F54-A152-BBDA0DF7B694,16,733,0,0,0,0,0,0
sensitivity_2,moving_average,"k=2, theta=0.04743",test,098A72A5-E3E5-4F54-A152-BBDA0DF7B694,17,292,0,0,0,0,0,0
sensitivity_2,moving_average,"k=2, theta=0.04743",test,098A72A5-E3E5-4F54-A152-BBDA0DF7B694,18,91,0,0,0,0,0,0
sensitivity_2,moving_average,"k=2, theta=0.04743",test,098A72A5-E3E5-4F54-A152-BBDA0DF7B694,19,104,0,0,0,0,0,0
sensitivity_2,moving_average,"k=2, theta=0.04743",test,0A986513-7828-4D53-AA1F-E02D6DF9561B,8,763,1,1,2,2,1,1
sensitivity_2,moving_average,"k=2, theta=0.04743",test,11B5EC4D-4133-4289-B475-4E737182A406,7,1407,0,0,0,0,0,0
sensitivity_2,moving_average,"k=2, theta=0.04743",test,11B5EC4D-4133-4289-B475-4E737182A406,8,333,0,0,0,0,0,0
sensitivity_2,moving_average,"k=2, theta=0.04743",test,136562B6-95B2-483D-88DC-065F28409FD2,22,145,0,0,0,0,0,0
sensitivity_2,moving_average,"k=2, theta=0.04743",test,136562B6-95B2-483D-88DC-065F28409FD2,23,747,0,0,0,0,0,0
sensitivity_2,moving_average,"k=2, theta=0.04743",test,136562B6-95B2-483D-88DC-065F28409FD2,24,323,0,0,0,0,0,0
sensitivity_2,moving_average,"k=2, theta=0.04743",test,1538C99F-BA1E-4EFB-A949-6C7C47701B20,30,406,0,0,0,0,0,0
sensitivity_2,moving_average,"k=2, theta=0.04743",test,1538C99F-BA1E-4EFB-A949-6C7C47701B20,31,875,6,6,12,60,8,3
sensitivity_2,moving_average,"k=2, theta=0.04743",test,24E40C4C-A349-4F9F-93AB-01D00FB994AF,18,68,0,0,0,0,0,0
sensitivity_2,moving_average,"k=2, theta=0.04743",test,24E40C4C-A349-4F9F-93AB-01D00FB994AF,19,374,0,0,0,0,0,0
sensitivity_2,moving_average,"k=2, theta=0.04743",test,24E40C4C-A349-4F9F-93AB-01D00FB994AF,20,166,0,0,0,0,0,0
sensitivity_2,moving_average,"k=2, theta=0.04743",test,24E40C4C-A349-4F9F-93AB-01D00FB994AF,21,120,0,0,0,0,0,0
sensitivity_2,moving_average,"k=2, theta=0.04743",test,24E40C4C-A349-4F9F-93AB-01D00FB994AF,22,198,0,0,0,0,0,0
sensitivity_2,moving_average,"k=2, theta=0.04743",test,2C32C23E-E30C-498A-8DD2-0EFB9150A02E,11,377,0,0,0,0,0,0
sensitivity_2,moving_average,"k=2, theta=0.04743",test,2C32C23E-E30C-498A-8DD2-0EFB9150A02E,12,1298,0,0,0,0,0,0
sensitivity_2,moving_average,"k=2, theta=0.04743",test,3600D531-0C55-44A7-AE95-A7A38519464E,27,170,2,2,4,12,2,1
sensitivity_2,moving_average,"k=2, theta=0.04743",test,3600D531-0C55-44A7-AE95-A7A38519464E,28,205,0,0,0,0,0,0
sensitivity_2,moving_average,"k=2, theta=0.04743",test,3600D531-0C55-44A7-AE95-A7A38519464E,31,23,0,0,0,0,0,0
sensitivity_2,moving_average,"k=2, theta=0.04743",test,3600D531-0C55-44A7-AE95-A7A38519464E,32,612,0,0,0,0,0,0
sensitivity_2,moving_average,"k=2, theta=0.04743",test,3600D531-0C55-44A7-AE95-A7A38519464E,33,22,0,0,0,0,0,0
sensitivity_2,moving_average,"k=2, theta=0.04743",test,4FC32141-E888-4BFF-8804-12559A491D8C,12,67,0,0,0,0,0,0
sensitivity_2,moving_average,"k=2, theta=0.04743",test,4FC32141-E888-4BFF-8804-12559A491D8C,13,164,0,0,0,0,0,0
sensitivity_2,moving_average,"k=2, theta=0.04743",test,4FC32141-E888-4BFF-8804-12559A491D8C,14,59,0,0,0,0,0,0
sensitivity_2,moving_average,"k=2, theta=0.04743",test,4FC32141-E888-4BFF-8804-12559A491D8C,15,677,0,0,0,0,0,0
sensitivity_2,moving_average,"k=2, theta=0.04743",test,5119D0F8-FCA8-4184-A4EB-19421A40DE0D,11,461,0,0,0,0,0,0
sensitivity_2,moving_average,"k=2, theta=0.04743",test,5119D0F8-FCA8-4184-A4EB-19421A40DE0D,12,125,0,0,0,0,0,0
sensitivity_2,moving_average,"k=2, theta=0.04743",test,5119D0F8-FCA8-4184-A4EB-19421A40DE0D,13,709,0,0,0,0,0,0
sensitivity_2,moving_average,"k=2, theta=0.04743",test,5152A2DF-FAF3-4BA8-9CA9-E66B32671A53,9,775,1,1,2,8,0,0
sensitivity_2,moving_average,"k=2, theta=0.04743",test,5152A2DF-FAF3-4BA8-9CA9-E66B32671A53,10,501,0,0,0,0,0,0
sensitivity_2,moving_average,"k=2, theta=0.04743",test,5152A2DF-FAF3-4BA8-9CA9-E66B32671A53,11,19,0,0,0,0,0,0
sensitivity_2,moving_average,"k=2, theta=0.04743",test,5EF64122-B513-46AE-BCF1-E62AAC285D2C,12,178,0,0,0,0,0,0
sensitivity_2,moving_average,"k=2, theta=0.04743",test,5EF64122-B513-46AE-BCF1-E62AAC285D2C,13,576,1,1,2,1,1,1
sensitivity_2,moving_average,"k=2, theta=0.04743",test,61976C24-1C50-4355-9C49-AAE44A7D09F6,48,1717,0,0,0,0,0,0
sensitivity_2,moving_average,"k=2, theta=0.04743",test,78A91A4E-4A51-4065-BDA7-94755F0BB3BB,8,2371,4,4,8,5,4,4
sensitivity_2,moving_average,"k=2, theta=0.04743",test,7CE37510-56D0-4120-A1CF-0E23351428D2,8,1924,1,1,2,1,1,1
sensitivity_2,moving_average,"k=2, theta=0.04743",test,8023FE1A-D3B0-4E2C-A57A-9321B7FC755F,26,745,1,1,2,1,1,1
sensitivity_2,moving_average,"k=2, theta=0.04743",test,8023FE1A-D3B0-4E2C-A57A-9321B7FC755F,27,1064,2,2,4,2,3,2
sensitivity_2,moving_average,"k=2, theta=0.04743",test,83CF687B-7CEC-434B-9FE8-00C3D5799BE6,9,1394,5,5,10,5,5,5
sensitivity_2,moving_average,"k=2, theta=0.04743",test,83CF687B-7CEC-434B-9FE8-00C3D5799BE6,10,485,0,0,0,0,0,0
sensitivity_2,moving_average,"k=2, theta=0.04743",test,9759096F-1119-4E19-A0AD-6F16989C7E1C,6,776,14,14,28,28,20,13
sensitivity_2,moving_average,"k=2, theta=0.04743",test,9759096F-1119-4E19-A0AD-6F16989C7E1C,7,1178,1,1,2,1,1,1
sensitivity_2,moving_average,"k=2, theta=0.04743",test,9DC38D04-E82E-4F29-AB52-B476535226F2,20,1909,0,0,0,0,0,0
sensitivity_2,moving_average,"k=2, theta=0.04743",test,A5CDF89D-02A2-4EC1-89F8-F534FDABDD96,16,350,0,0,0,0,0,0
sensitivity_2,moving_average,"k=2, theta=0.04743",test,A5CDF89D-02A2-4EC1-89F8-F534FDABDD96,17,470,0,0,0,0,0,0
sensitivity_2,moving_average,"k=2, theta=0.04743",test,A5CDF89D-02A2-4EC1-89F8-F534FDABDD96,18,359,0,0,0,0,0,0
sensitivity_2,moving_average,"k=2, theta=0.04743",test,A76A5AF5-5A93-4CF2-A16E-62353BB70E8A,4,555,0,0,0,0,0,0
sensitivity_2,moving_average,"k=2, theta=0.04743",test,A76A5AF5-5A93-4CF2-A16E-62353BB70E8A,5,920,0,0,0,0,0,0
sensitivity_2,moving_average,"k=2, theta=0.04743",test,B09E373F-8A54-44C8-895B-0039390B859F,11,566,0,0,0,0,0,0
sensitivity_2,moving_average,"k=2, theta=0.04743",test,B09E373F-8A54-44C8-895B-0039390B859F,12,833,0,0,0,0,0,0
sensitivity_2,moving_average,"k=2, theta=0.04743",test,B09E373F-8A54-44C8-895B-0039390B859F,14,198,0,0,0,0,0,0
sensitivity_2,moving_average,"k=2, theta=0.04743",test,B9724848-C7E2-45F4-9B3F-A1F38D864495,15,484,4,4,8,6,5,4
sensitivity_2,moving_average,"k=2, theta=0.04743",test,B9724848-C7E2-45F4-9B3F-A1F38D864495,16,1013,12,12,24,17,16,12
sensitivity_2,moving_average,"k=2, theta=0.04743",test,BE3CA5A6-A561-4BBD-B7C9-5DF6805400FC,18,223,0,0,0,0,0,0
sensitivity_2,moving_average,"k=2, theta=0.04743",test,BE3CA5A6-A561-4BBD-B7C9-5DF6805400FC,19,1410,0,0,0,0,0,0
sensitivity_2,moving_average,"k=2, theta=0.04743",test,C48CE857-A0DD-4DDB-BEA5-3A25449B2153,34,134,0,0,0,0,0,0
sensitivity_2,moving_average,"k=2, theta=0.04743",test,C48CE857-A0DD-4DDB-BEA5-3A25449B2153,35,109,0,0,0,0,0,0
sensitivity_2,moving_average,"k=2, theta=0.04743",test,C48CE857-A0DD-4DDB-BEA5-3A25449B2153,36,169,0,0,0,0,0,0
sensitivity_2,moving_average,"k=2, theta=0.04743",test,C48CE857-A0DD-4DDB-BEA5-3A25449B2153,37,133,0,0,0,0,0,0
sensitivity_2,moving_average,"k=2, theta=0.04743",test,C48CE857-A0DD-4DDB-BEA5-3A25449B2153,38,307,0,0,0,0,0,0
sensitivity_2,moving_average,"k=2, theta=0.04743",test,C48CE857-A0DD-4DDB-BEA5-3A25449B2153,39,85,0,0,0,0,0,0
sensitivity_2,moving_average,"k=2, theta=0.04743",test,CA820D43-E5E2-42EF-9798-BE56F776370B,10,997,4,4,8,4,5,4
sensitivity_2,moving_average,"k=2, theta=0.04743",test,CA820D43-E5E2-42EF-9798-BE56F776370B,12,546,0,0,0,0,0,0
sensitivity_2,moving_average,"k=2, theta=0.04743",test,CDA3BBF7-6631-45E8-85BA-EEB416B32A3C,5,537,0,0,0,0,0,0
sensitivity_2,moving_average,"k=2, theta=0.04743",test,CF722AA9-2533-4E51-9FEB-9EAC84EE9AAC,11,112,0,0,0,0,0,0
sensitivity_2,moving_average,"k=2, theta=0.04743",test,CF722AA9-2533-4E51-9FEB-9EAC84EE9AAC,12,371,0,0,0,0,0,0
sensitivity_2,moving_average,"k=2, theta=0.04743",test,CF722AA9-2533-4E51-9FEB-9EAC84EE9AAC,13,138,0,0,0,0,0,0
sensitivity_2,moving_average,"k=2, theta=0.04743",test,CF722AA9-2533-4E51-9FEB-9EAC84EE9AAC,14,73,0,0,0,0,0,0
sensitivity_2,moving_average,"k=2, theta=0.04743",test,D7D20E2E-FC78-405D-B346-DBD3FD8FC92B,14,121,0,0,0,0,0,0
sensitivity_2,moving_average,"k=2, theta=0.04743",test,D7D20E2E-FC78-405D-B346-DBD3FD8FC92B,15,826,0,0,0,0,0,0
sensitivity_2,moving_average,"k=2, theta=0.04743",test,D7D20E2E-FC78-405D-B346-DBD3FD8FC92B,16,265,0,0,0,0,0,0
sensitivity_2,moving_average,"k=2, theta=0.04743",test,E65577C1-8D5D-4F70-AF23-B3ADB9D3DBA3,5,657,12,12,24,22,19,11
sensitivity_2,moving_average,"k=2, theta=0.04743",test,ECECC2AB-D32F-4F90-B74C-E12A1C69BBE2,17,603,0,0,0,0,0,0
sensitivity_2,moving_average,"k=2, theta=0.04743",test,ECECC2AB-D32F-4F90-B74C-E12A1C69BBE2,18,74,0,0,0,0,0,0
sensitivity_2,moving_average,"k=2, theta=0.04743",test,FDAA70A1-42A3-4E3F-9AE3-3FDA412E03BF,20,966,0,0,0,0,0,0
sensitivity_2,ewma,"alpha=0.7, theta=0.06297",test,00EABED2-271D-49D8-B599-1D4A09240601,25,300,2,2,4,3,2,2
sensitivity_2,ewma,"alpha=0.7, theta=0.06297",test,00EABED2-271D-49D8-B599-1D4A09240601,42,96,7,7,14,37,9,4
sensitivity_2,ewma,"alpha=0.7, theta=0.06297",test,00EABED2-271D-49D8-B599-1D4A09240601,44,12,0,0,0,0,0,0
sensitivity_2,ewma,"alpha=0.7, theta=0.06297",test,098A72A5-E3E5-4F54-A152-BBDA0DF7B694,15,114,0,0,0,0,0,0
sensitivity_2,ewma,"alpha=0.7, theta=0.06297",test,098A72A5-E3E5-4F54-A152-BBDA0DF7B694,16,733,0,0,0,0,0,0
sensitivity_2,ewma,"alpha=0.7, theta=0.06297",test,098A72A5-E3E5-4F54-A152-BBDA0DF7B694,17,292,0,0,0,0,0,0
sensitivity_2,ewma,"alpha=0.7, theta=0.06297",test,098A72A5-E3E5-4F54-A152-BBDA0DF7B694,18,91,0,0,0,0,0,0
sensitivity_2,ewma,"alpha=0.7, theta=0.06297",test,098A72A5-E3E5-4F54-A152-BBDA0DF7B694,19,104,0,0,0,0,0,0
sensitivity_2,ewma,"alpha=0.7, theta=0.06297",test,0A986513-7828-4D53-AA1F-E02D6DF9561B,8,763,1,1,2,3,1,1
sensitivity_2,ewma,"alpha=0.7, theta=0.06297",test,11B5EC4D-4133-4289-B475-4E737182A406,7,1407,0,0,0,0,0,0
sensitivity_2,ewma,"alpha=0.7, theta=0.06297",test,11B5EC4D-4133-4289-B475-4E737182A406,8,333,0,0,0,0,0,0
sensitivity_2,ewma,"alpha=0.7, theta=0.06297",test,136562B6-95B2-483D-88DC-065F28409FD2,22,145,0,0,0,0,0,0
sensitivity_2,ewma,"alpha=0.7, theta=0.06297",test,136562B6-95B2-483D-88DC-065F28409FD2,23,747,0,0,0,0,0,0
sensitivity_2,ewma,"alpha=0.7, theta=0.06297",test,136562B6-95B2-483D-88DC-065F28409FD2,24,323,0,0,0,0,0,0
sensitivity_2,ewma,"alpha=0.7, theta=0.06297",test,1538C99F-BA1E-4EFB-A949-6C7C47701B20,30,406,0,0,0,0,0,0
sensitivity_2,ewma,"alpha=0.7, theta=0.06297",test,1538C99F-BA1E-4EFB-A949-6C7C47701B20,31,875,4,4,8,68,4,1
sensitivity_2,ewma,"alpha=0.7, theta=0.06297",test,24E40C4C-A349-4F9F-93AB-01D00FB994AF,18,68,0,0,0,0,0,0
sensitivity_2,ewma,"alpha=0.7, theta=0.06297",test,24E40C4C-A349-4F9F-93AB-01D00FB994AF,19,374,0,0,0,0,0,0
sensitivity_2,ewma,"alpha=0.7, theta=0.06297",test,24E40C4C-A349-4F9F-93AB-01D00FB994AF,20,166,0,0,0,0,0,0
sensitivity_2,ewma,"alpha=0.7, theta=0.06297",test,24E40C4C-A349-4F9F-93AB-01D00FB994AF,21,120,0,0,0,0,0,0
sensitivity_2,ewma,"alpha=0.7, theta=0.06297",test,24E40C4C-A349-4F9F-93AB-01D00FB994AF,22,198,0,0,0,0,0,0
sensitivity_2,ewma,"alpha=0.7, theta=0.06297",test,2C32C23E-E30C-498A-8DD2-0EFB9150A02E,11,377,0,0,0,0,0,0
sensitivity_2,ewma,"alpha=0.7, theta=0.06297",test,2C32C23E-E30C-498A-8DD2-0EFB9150A02E,12,1298,0,0,0,0,0,0
sensitivity_2,ewma,"alpha=0.7, theta=0.06297",test,3600D531-0C55-44A7-AE95-A7A38519464E,27,170,1,1,2,10,0,0
sensitivity_2,ewma,"alpha=0.7, theta=0.06297",test,3600D531-0C55-44A7-AE95-A7A38519464E,28,205,0,0,0,0,0,0
sensitivity_2,ewma,"alpha=0.7, theta=0.06297",test,3600D531-0C55-44A7-AE95-A7A38519464E,31,23,0,0,0,0,0,0
sensitivity_2,ewma,"alpha=0.7, theta=0.06297",test,3600D531-0C55-44A7-AE95-A7A38519464E,32,612,0,0,0,0,0,0
sensitivity_2,ewma,"alpha=0.7, theta=0.06297",test,3600D531-0C55-44A7-AE95-A7A38519464E,33,22,0,0,0,0,0,0
sensitivity_2,ewma,"alpha=0.7, theta=0.06297",test,4FC32141-E888-4BFF-8804-12559A491D8C,12,67,0,0,0,0,0,0
sensitivity_2,ewma,"alpha=0.7, theta=0.06297",test,4FC32141-E888-4BFF-8804-12559A491D8C,13,164,0,0,0,0,0,0
sensitivity_2,ewma,"alpha=0.7, theta=0.06297",test,4FC32141-E888-4BFF-8804-12559A491D8C,14,59,0,0,0,0,0,0
sensitivity_2,ewma,"alpha=0.7, theta=0.06297",test,4FC32141-E888-4BFF-8804-12559A491D8C,15,677,0,0,0,0,0,0
sensitivity_2,ewma,"alpha=0.7, theta=0.06297",test,5119D0F8-FCA8-4184-A4EB-19421A40DE0D,11,461,0,0,0,0,0,0
sensitivity_2,ewma,"alpha=0.7, theta=0.06297",test,5119D0F8-FCA8-4184-A4EB-19421A40DE0D,12,125,0,0,0,0,0,0
sensitivity_2,ewma,"alpha=0.7, theta=0.06297",test,5119D0F8-FCA8-4184-A4EB-19421A40DE0D,13,709,0,0,0,0,0,0
sensitivity_2,ewma,"alpha=0.7, theta=0.06297",test,5152A2DF-FAF3-4BA8-9CA9-E66B32671A53,9,775,1,1,2,7,0,0
sensitivity_2,ewma,"alpha=0.7, theta=0.06297",test,5152A2DF-FAF3-4BA8-9CA9-E66B32671A53,10,501,0,0,0,0,0,0
sensitivity_2,ewma,"alpha=0.7, theta=0.06297",test,5152A2DF-FAF3-4BA8-9CA9-E66B32671A53,11,19,0,0,0,0,0,0
sensitivity_2,ewma,"alpha=0.7, theta=0.06297",test,5EF64122-B513-46AE-BCF1-E62AAC285D2C,12,178,0,0,0,0,0,0
sensitivity_2,ewma,"alpha=0.7, theta=0.06297",test,5EF64122-B513-46AE-BCF1-E62AAC285D2C,13,576,0,0,0,0,0,0
sensitivity_2,ewma,"alpha=0.7, theta=0.06297",test,61976C24-1C50-4355-9C49-AAE44A7D09F6,48,1717,0,0,0,0,0,0
sensitivity_2,ewma,"alpha=0.7, theta=0.06297",test,78A91A4E-4A51-4065-BDA7-94755F0BB3BB,8,2371,4,4,8,5,5,4
sensitivity_2,ewma,"alpha=0.7, theta=0.06297",test,7CE37510-56D0-4120-A1CF-0E23351428D2,8,1924,0,0,0,0,0,0
sensitivity_2,ewma,"alpha=0.7, theta=0.06297",test,8023FE1A-D3B0-4E2C-A57A-9321B7FC755F,26,745,0,0,0,0,0,0
sensitivity_2,ewma,"alpha=0.7, theta=0.06297",test,8023FE1A-D3B0-4E2C-A57A-9321B7FC755F,27,1064,2,2,4,3,3,2
sensitivity_2,ewma,"alpha=0.7, theta=0.06297",test,83CF687B-7CEC-434B-9FE8-00C3D5799BE6,9,1394,6,6,12,8,7,6
sensitivity_2,ewma,"alpha=0.7, theta=0.06297",test,83CF687B-7CEC-434B-9FE8-00C3D5799BE6,10,485,0,0,0,0,0,0
sensitivity_2,ewma,"alpha=0.7, theta=0.06297",test,9759096F-1119-4E19-A0AD-6F16989C7E1C,6,776,14,14,28,36,21,13
sensitivity_2,ewma,"alpha=0.7, theta=0.06297",test,9759096F-1119-4E19-A0AD-6F16989C7E1C,7,1178,1,1,2,1,1,1
sensitivity_2,ewma,"alpha=0.7, theta=0.06297",test,9DC38D04-E82E-4F29-AB52-B476535226F2,20,1909,0,0,0,0,0,0
sensitivity_2,ewma,"alpha=0.7, theta=0.06297",test,A5CDF89D-02A2-4EC1-89F8-F534FDABDD96,16,350,0,0,0,0,0,0
sensitivity_2,ewma,"alpha=0.7, theta=0.06297",test,A5CDF89D-02A2-4EC1-89F8-F534FDABDD96,17,470,0,0,0,0,0,0
sensitivity_2,ewma,"alpha=0.7, theta=0.06297",test,A5CDF89D-02A2-4EC1-89F8-F534FDABDD96,18,359,0,0,0,0,0,0
sensitivity_2,ewma,"alpha=0.7, theta=0.06297",test,A76A5AF5-5A93-4CF2-A16E-62353BB70E8A,4,555,0,0,0,0,0,0
sensitivity_2,ewma,"alpha=0.7, theta=0.06297",test,A76A5AF5-5A93-4CF2-A16E-62353BB70E8A,5,920,0,0,0,0,0,0
sensitivity_2,ewma,"alpha=0.7, theta=0.06297",test,B09E373F-8A54-44C8-895B-0039390B859F,11,566,0,0,0,0,0,0
sensitivity_2,ewma,"alpha=0.7, theta=0.06297",test,B09E373F-8A54-44C8-895B-0039390B859F,12,833,0,0,0,0,0,0
sensitivity_2,ewma,"alpha=0.7, theta=0.06297",test,B09E373F-8A54-44C8-895B-0039390B859F,14,198,0,0,0,0,0,0
sensitivity_2,ewma,"alpha=0.7, theta=0.06297",test,B9724848-C7E2-45F4-9B3F-A1F38D864495,15,484,6,6,12,7,9,6
sensitivity_2,ewma,"alpha=0.7, theta=0.06297",test,B9724848-C7E2-45F4-9B3F-A1F38D864495,16,1013,10,10,20,20,14,10
sensitivity_2,ewma,"alpha=0.7, theta=0.06297",test,BE3CA5A6-A561-4BBD-B7C9-5DF6805400FC,18,223,0,0,0,0,0,0
sensitivity_2,ewma,"alpha=0.7, theta=0.06297",test,BE3CA5A6-A561-4BBD-B7C9-5DF6805400FC,19,1410,0,0,0,0,0,0
sensitivity_2,ewma,"alpha=0.7, theta=0.06297",test,C48CE857-A0DD-4DDB-BEA5-3A25449B2153,34,134,0,0,0,0,0,0
sensitivity_2,ewma,"alpha=0.7, theta=0.06297",test,C48CE857-A0DD-4DDB-BEA5-3A25449B2153,35,109,0,0,0,0,0,0
sensitivity_2,ewma,"alpha=0.7, theta=0.06297",test,C48CE857-A0DD-4DDB-BEA5-3A25449B2153,36,169,0,0,0,0,0,0
sensitivity_2,ewma,"alpha=0.7, theta=0.06297",test,C48CE857-A0DD-4DDB-BEA5-3A25449B2153,37,133,0,0,0,0,0,0
sensitivity_2,ewma,"alpha=0.7, theta=0.06297",test,C48CE857-A0DD-4DDB-BEA5-3A25449B2153,38,307,0,0,0,0,0,0
sensitivity_2,ewma,"alpha=0.7, theta=0.06297",test,C48CE857-A0DD-4DDB-BEA5-3A25449B2153,39,85,0,0,0,0,0,0
sensitivity_2,ewma,"alpha=0.7, theta=0.06297",test,CA820D43-E5E2-42EF-9798-BE56F776370B,10,997,1,1,2,1,1,1
sensitivity_2,ewma,"alpha=0.7, theta=0.06297",test,CA820D43-E5E2-42EF-9798-BE56F776370B,12,546,0,0,0,0,0,0
sensitivity_2,ewma,"alpha=0.7, theta=0.06297",test,CDA3BBF7-6631-45E8-85BA-EEB416B32A3C,5,537,0,0,0,0,0,0
sensitivity_2,ewma,"alpha=0.7, theta=0.06297",test,CF722AA9-2533-4E51-9FEB-9EAC84EE9AAC,11,112,0,0,0,0,0,0
sensitivity_2,ewma,"alpha=0.7, theta=0.06297",test,CF722AA9-2533-4E51-9FEB-9EAC84EE9AAC,12,371,0,0,0,0,0,0
sensitivity_2,ewma,"alpha=0.7, theta=0.06297",test,CF722AA9-2533-4E51-9FEB-9EAC84EE9AAC,13,138,0,0,0,0,0,0
sensitivity_2,ewma,"alpha=0.7, theta=0.06297",test,CF722AA9-2533-4E51-9FEB-9EAC84EE9AAC,14,73,0,0,0,0,0,0
sensitivity_2,ewma,"alpha=0.7, theta=0.06297",test,D7D20E2E-FC78-405D-B346-DBD3FD8FC92B,14,121,0,0,0,0,0,0
sensitivity_2,ewma,"alpha=0.7, theta=0.06297",test,D7D20E2E-FC78-405D-B346-DBD3FD8FC92B,15,826,0,0,0,0,0,0
sensitivity_2,ewma,"alpha=0.7, theta=0.06297",test,D7D20E2E-FC78-405D-B346-DBD3FD8FC92B,16,265,0,0,0,0,0,0
sensitivity_2,ewma,"alpha=0.7, theta=0.06297",test,E65577C1-8D5D-4F70-AF23-B3ADB9D3DBA3,5,657,7,7,14,45,10,4
sensitivity_2,ewma,"alpha=0.7, theta=0.06297",test,ECECC2AB-D32F-4F90-B74C-E12A1C69BBE2,17,603,0,0,0,0,0,0
sensitivity_2,ewma,"alpha=0.7, theta=0.06297",test,ECECC2AB-D32F-4F90-B74C-E12A1C69BBE2,18,74,0,0,0,0,0,0
sensitivity_2,ewma,"alpha=0.7, theta=0.06297",test,FDAA70A1-42A3-4E3F-9AE3-3FDA412E03BF,20,966,0,0,0,0,0,0
sensitivity_2,majority_vote,"k=3, theta=0.06297",test,00EABED2-271D-49D8-B599-1D4A09240601,25,300,2,2,4,6,2,2
sensitivity_2,majority_vote,"k=3, theta=0.06297",test,00EABED2-271D-49D8-B599-1D4A09240601,42,96,5,5,10,46,5,2
sensitivity_2,majority_vote,"k=3, theta=0.06297",test,00EABED2-271D-49D8-B599-1D4A09240601,44,12,0,0,0,0,0,0
sensitivity_2,majority_vote,"k=3, theta=0.06297",test,098A72A5-E3E5-4F54-A152-BBDA0DF7B694,15,114,0,0,0,0,0,0
sensitivity_2,majority_vote,"k=3, theta=0.06297",test,098A72A5-E3E5-4F54-A152-BBDA0DF7B694,16,733,0,0,0,0,0,0
sensitivity_2,majority_vote,"k=3, theta=0.06297",test,098A72A5-E3E5-4F54-A152-BBDA0DF7B694,17,292,0,0,0,0,0,0
sensitivity_2,majority_vote,"k=3, theta=0.06297",test,098A72A5-E3E5-4F54-A152-BBDA0DF7B694,18,91,0,0,0,0,0,0
sensitivity_2,majority_vote,"k=3, theta=0.06297",test,098A72A5-E3E5-4F54-A152-BBDA0DF7B694,19,104,0,0,0,0,0,0
sensitivity_2,majority_vote,"k=3, theta=0.06297",test,0A986513-7828-4D53-AA1F-E02D6DF9561B,8,763,1,1,2,4,1,1
sensitivity_2,majority_vote,"k=3, theta=0.06297",test,11B5EC4D-4133-4289-B475-4E737182A406,7,1407,0,0,0,0,0,0
sensitivity_2,majority_vote,"k=3, theta=0.06297",test,11B5EC4D-4133-4289-B475-4E737182A406,8,333,0,0,0,0,0,0
sensitivity_2,majority_vote,"k=3, theta=0.06297",test,136562B6-95B2-483D-88DC-065F28409FD2,22,145,0,0,0,0,0,0
sensitivity_2,majority_vote,"k=3, theta=0.06297",test,136562B6-95B2-483D-88DC-065F28409FD2,23,747,0,0,0,0,0,0
sensitivity_2,majority_vote,"k=3, theta=0.06297",test,136562B6-95B2-483D-88DC-065F28409FD2,24,323,0,0,0,0,0,0
sensitivity_2,majority_vote,"k=3, theta=0.06297",test,1538C99F-BA1E-4EFB-A949-6C7C47701B20,30,406,0,0,0,0,0,0
sensitivity_2,majority_vote,"k=3, theta=0.06297",test,1538C99F-BA1E-4EFB-A949-6C7C47701B20,31,875,2,2,4,74,1,0
sensitivity_2,majority_vote,"k=3, theta=0.06297",test,24E40C4C-A349-4F9F-93AB-01D00FB994AF,18,68,0,0,0,0,0,0
sensitivity_2,majority_vote,"k=3, theta=0.06297",test,24E40C4C-A349-4F9F-93AB-01D00FB994AF,19,374,0,0,0,0,0,0
sensitivity_2,majority_vote,"k=3, theta=0.06297",test,24E40C4C-A349-4F9F-93AB-01D00FB994AF,20,166,0,0,0,0,0,0
sensitivity_2,majority_vote,"k=3, theta=0.06297",test,24E40C4C-A349-4F9F-93AB-01D00FB994AF,21,120,0,0,0,0,0,0
sensitivity_2,majority_vote,"k=3, theta=0.06297",test,24E40C4C-A349-4F9F-93AB-01D00FB994AF,22,198,0,0,0,0,0,0
sensitivity_2,majority_vote,"k=3, theta=0.06297",test,2C32C23E-E30C-498A-8DD2-0EFB9150A02E,11,377,0,0,0,0,0,0
sensitivity_2,majority_vote,"k=3, theta=0.06297",test,2C32C23E-E30C-498A-8DD2-0EFB9150A02E,12,1298,0,0,0,0,0,0
sensitivity_2,majority_vote,"k=3, theta=0.06297",test,3600D531-0C55-44A7-AE95-A7A38519464E,27,170,2,2,4,14,2,1
sensitivity_2,majority_vote,"k=3, theta=0.06297",test,3600D531-0C55-44A7-AE95-A7A38519464E,28,205,0,0,0,0,0,0
sensitivity_2,majority_vote,"k=3, theta=0.06297",test,3600D531-0C55-44A7-AE95-A7A38519464E,31,23,0,0,0,0,0,0
sensitivity_2,majority_vote,"k=3, theta=0.06297",test,3600D531-0C55-44A7-AE95-A7A38519464E,32,612,0,0,0,0,0,0
sensitivity_2,majority_vote,"k=3, theta=0.06297",test,3600D531-0C55-44A7-AE95-A7A38519464E,33,22,0,0,0,0,0,0
sensitivity_2,majority_vote,"k=3, theta=0.06297",test,4FC32141-E888-4BFF-8804-12559A491D8C,12,67,0,0,0,0,0,0
sensitivity_2,majority_vote,"k=3, theta=0.06297",test,4FC32141-E888-4BFF-8804-12559A491D8C,13,164,0,0,0,0,0,0
sensitivity_2,majority_vote,"k=3, theta=0.06297",test,4FC32141-E888-4BFF-8804-12559A491D8C,14,59,0,0,0,0,0,0
sensitivity_2,majority_vote,"k=3, theta=0.06297",test,4FC32141-E888-4BFF-8804-12559A491D8C,15,677,0,0,0,0,0,0
sensitivity_2,majority_vote,"k=3, theta=0.06297",test,5119D0F8-FCA8-4184-A4EB-19421A40DE0D,11,461,0,0,0,0,0,0
sensitivity_2,majority_vote,"k=3, theta=0.06297",test,5119D0F8-FCA8-4184-A4EB-19421A40DE0D,12,125,0,0,0,0,0,0
sensitivity_2,majority_vote,"k=3, theta=0.06297",test,5119D0F8-FCA8-4184-A4EB-19421A40DE0D,13,709,0,0,0,0,0,0
sensitivity_2,majority_vote,"k=3, theta=0.06297",test,5152A2DF-FAF3-4BA8-9CA9-E66B32671A53,9,775,1,1,2,9,0,0
sensitivity_2,majority_vote,"k=3, theta=0.06297",test,5152A2DF-FAF3-4BA8-9CA9-E66B32671A53,10,501,0,0,0,0,0,0
sensitivity_2,majority_vote,"k=3, theta=0.06297",test,5152A2DF-FAF3-4BA8-9CA9-E66B32671A53,11,19,0,0,0,0,0,0
sensitivity_2,majority_vote,"k=3, theta=0.06297",test,5EF64122-B513-46AE-BCF1-E62AAC285D2C,12,178,0,0,0,0,0,0
sensitivity_2,majority_vote,"k=3, theta=0.06297",test,5EF64122-B513-46AE-BCF1-E62AAC285D2C,13,576,1,1,2,2,1,1
sensitivity_2,majority_vote,"k=3, theta=0.06297",test,61976C24-1C50-4355-9C49-AAE44A7D09F6,48,1717,0,0,0,0,0,0
sensitivity_2,majority_vote,"k=3, theta=0.06297",test,78A91A4E-4A51-4065-BDA7-94755F0BB3BB,8,2371,6,6,12,15,8,6
sensitivity_2,majority_vote,"k=3, theta=0.06297",test,7CE37510-56D0-4120-A1CF-0E23351428D2,8,1924,1,1,2,2,1,1
sensitivity_2,majority_vote,"k=3, theta=0.06297",test,8023FE1A-D3B0-4E2C-A57A-9321B7FC755F,26,745,1,1,2,2,1,1
sensitivity_2,majority_vote,"k=3, theta=0.06297",test,8023FE1A-D3B0-4E2C-A57A-9321B7FC755F,27,1064,1,1,2,5,1,1
sensitivity_2,majority_vote,"k=3, theta=0.06297",test,83CF687B-7CEC-434B-9FE8-00C3D5799BE6,9,1394,5,5,10,11,6,5
sensitivity_2,majority_vote,"k=3, theta=0.06297",test,83CF687B-7CEC-434B-9FE8-00C3D5799BE6,10,485,0,0,0,0,0,0
sensitivity_2,majority_vote,"k=3, theta=0.06297",test,9759096F-1119-4E19-A0AD-6F16989C7E1C,6,776,10,10,20,47,11,8
sensitivity_2,majority_vote,"k=3, theta=0.06297",test,9759096F-1119-4E19-A0AD-6F16989C7E1C,7,1178,1,1,2,2,1,1
sensitivity_2,majority_vote,"k=3, theta=0.06297",test,9DC38D04-E82E-4F29-AB52-B476535226F2,20,1909,0,0,0,0,0,0
sensitivity_2,majority_vote,"k=3, theta=0.06297",test,A5CDF89D-02A2-4EC1-89F8-F534FDABDD96,16,350,0,0,0,0,0,0
sensitivity_2,majority_vote,"k=3, theta=0.06297",test,A5CDF89D-02A2-4EC1-89F8-F534FDABDD96,17,470,0,0,0,0,0,0
sensitivity_2,majority_vote,"k=3, theta=0.06297",test,A5CDF89D-02A2-4EC1-89F8-F534FDABDD96,18,359,0,0,0,0,0,0
sensitivity_2,majority_vote,"k=3, theta=0.06297",test,A76A5AF5-5A93-4CF2-A16E-62353BB70E8A,4,555,0,0,0,0,0,0
sensitivity_2,majority_vote,"k=3, theta=0.06297",test,A76A5AF5-5A93-4CF2-A16E-62353BB70E8A,5,920,0,0,0,0,0,0
sensitivity_2,majority_vote,"k=3, theta=0.06297",test,B09E373F-8A54-44C8-895B-0039390B859F,11,566,0,0,0,0,0,0
sensitivity_2,majority_vote,"k=3, theta=0.06297",test,B09E373F-8A54-44C8-895B-0039390B859F,12,833,0,0,0,0,0,0
sensitivity_2,majority_vote,"k=3, theta=0.06297",test,B09E373F-8A54-44C8-895B-0039390B859F,14,198,0,0,0,0,0,0
sensitivity_2,majority_vote,"k=3, theta=0.06297",test,B9724848-C7E2-45F4-9B3F-A1F38D864495,15,484,5,5,10,10,7,5
sensitivity_2,majority_vote,"k=3, theta=0.06297",test,B9724848-C7E2-45F4-9B3F-A1F38D864495,16,1013,14,14,28,32,18,14
sensitivity_2,majority_vote,"k=3, theta=0.06297",test,BE3CA5A6-A561-4BBD-B7C9-5DF6805400FC,18,223,0,0,0,0,0,0
sensitivity_2,majority_vote,"k=3, theta=0.06297",test,BE3CA5A6-A561-4BBD-B7C9-5DF6805400FC,19,1410,0,0,0,0,0,0
sensitivity_2,majority_vote,"k=3, theta=0.06297",test,C48CE857-A0DD-4DDB-BEA5-3A25449B2153,34,134,0,0,0,0,0,0
sensitivity_2,majority_vote,"k=3, theta=0.06297",test,C48CE857-A0DD-4DDB-BEA5-3A25449B2153,35,109,0,0,0,0,0,0
sensitivity_2,majority_vote,"k=3, theta=0.06297",test,C48CE857-A0DD-4DDB-BEA5-3A25449B2153,36,169,0,0,0,0,0,0
sensitivity_2,majority_vote,"k=3, theta=0.06297",test,C48CE857-A0DD-4DDB-BEA5-3A25449B2153,37,133,0,0,0,0,0,0
sensitivity_2,majority_vote,"k=3, theta=0.06297",test,C48CE857-A0DD-4DDB-BEA5-3A25449B2153,38,307,0,0,0,0,0,0
sensitivity_2,majority_vote,"k=3, theta=0.06297",test,C48CE857-A0DD-4DDB-BEA5-3A25449B2153,39,85,0,0,0,0,0,0
sensitivity_2,majority_vote,"k=3, theta=0.06297",test,CA820D43-E5E2-42EF-9798-BE56F776370B,10,997,3,3,6,10,3,3
sensitivity_2,majority_vote,"k=3, theta=0.06297",test,CA820D43-E5E2-42EF-9798-BE56F776370B,12,546,0,0,0,0,0,0
sensitivity_2,majority_vote,"k=3, theta=0.06297",test,CDA3BBF7-6631-45E8-85BA-EEB416B32A3C,5,537,0,0,0,0,0,0
sensitivity_2,majority_vote,"k=3, theta=0.06297",test,CF722AA9-2533-4E51-9FEB-9EAC84EE9AAC,11,112,0,0,0,0,0,0
sensitivity_2,majority_vote,"k=3, theta=0.06297",test,CF722AA9-2533-4E51-9FEB-9EAC84EE9AAC,12,371,0,0,0,0,0,0
sensitivity_2,majority_vote,"k=3, theta=0.06297",test,CF722AA9-2533-4E51-9FEB-9EAC84EE9AAC,13,138,0,0,0,0,0,0
sensitivity_2,majority_vote,"k=3, theta=0.06297",test,CF722AA9-2533-4E51-9FEB-9EAC84EE9AAC,14,73,0,0,0,0,0,0
sensitivity_2,majority_vote,"k=3, theta=0.06297",test,D7D20E2E-FC78-405D-B346-DBD3FD8FC92B,14,121,0,0,0,0,0,0
sensitivity_2,majority_vote,"k=3, theta=0.06297",test,D7D20E2E-FC78-405D-B346-DBD3FD8FC92B,15,826,0,0,0,0,0,0
sensitivity_2,majority_vote,"k=3, theta=0.06297",test,D7D20E2E-FC78-405D-B346-DBD3FD8FC92B,16,265,0,0,0,0,0,0
sensitivity_2,majority_vote,"k=3, theta=0.06297",test,E65577C1-8D5D-4F70-AF23-B3ADB9D3DBA3,5,657,4,4,8,52,5,3
sensitivity_2,majority_vote,"k=3, theta=0.06297",test,ECECC2AB-D32F-4F90-B74C-E12A1C69BBE2,17,603,0,0,0,0,0,0
sensitivity_2,majority_vote,"k=3, theta=0.06297",test,ECECC2AB-D32F-4F90-B74C-E12A1C69BBE2,18,74,0,0,0,0,0,0
sensitivity_2,majority_vote,"k=3, theta=0.06297",test,FDAA70A1-42A3-4E3F-9AE3-3FDA412E03BF,20,966,0,0,0,0,0,0
sensitivity_2,debounce,"T=2, theta=0.07586",test,00EABED2-271D-49D8-B599-1D4A09240601,25,300,2,2,4,6,2,2
sensitivity_2,debounce,"T=2, theta=0.07586",test,00EABED2-271D-49D8-B599-1D4A09240601,42,96,4,4,8,50,3,1
sensitivity_2,debounce,"T=2, theta=0.07586",test,00EABED2-271D-49D8-B599-1D4A09240601,44,12,0,0,0,0,0,0
sensitivity_2,debounce,"T=2, theta=0.07586",test,098A72A5-E3E5-4F54-A152-BBDA0DF7B694,15,114,0,0,0,0,0,0
sensitivity_2,debounce,"T=2, theta=0.07586",test,098A72A5-E3E5-4F54-A152-BBDA0DF7B694,16,733,0,0,0,0,0,0
sensitivity_2,debounce,"T=2, theta=0.07586",test,098A72A5-E3E5-4F54-A152-BBDA0DF7B694,17,292,0,0,0,0,0,0
sensitivity_2,debounce,"T=2, theta=0.07586",test,098A72A5-E3E5-4F54-A152-BBDA0DF7B694,18,91,0,0,0,0,0,0
sensitivity_2,debounce,"T=2, theta=0.07586",test,098A72A5-E3E5-4F54-A152-BBDA0DF7B694,19,104,0,0,0,0,0,0
sensitivity_2,debounce,"T=2, theta=0.07586",test,0A986513-7828-4D53-AA1F-E02D6DF9561B,8,763,1,1,2,5,1,1
sensitivity_2,debounce,"T=2, theta=0.07586",test,11B5EC4D-4133-4289-B475-4E737182A406,7,1407,0,0,0,0,0,0
sensitivity_2,debounce,"T=2, theta=0.07586",test,11B5EC4D-4133-4289-B475-4E737182A406,8,333,0,0,0,0,0,0
sensitivity_2,debounce,"T=2, theta=0.07586",test,136562B6-95B2-483D-88DC-065F28409FD2,22,145,0,0,0,0,0,0
sensitivity_2,debounce,"T=2, theta=0.07586",test,136562B6-95B2-483D-88DC-065F28409FD2,23,747,0,0,0,0,0,0
sensitivity_2,debounce,"T=2, theta=0.07586",test,136562B6-95B2-483D-88DC-065F28409FD2,24,323,0,0,0,0,0,0
sensitivity_2,debounce,"T=2, theta=0.07586",test,1538C99F-BA1E-4EFB-A949-6C7C47701B20,30,406,0,0,0,0,0,0
sensitivity_2,debounce,"T=2, theta=0.07586",test,1538C99F-BA1E-4EFB-A949-6C7C47701B20,31,875,1,1,2,75,0,0
sensitivity_2,debounce,"T=2, theta=0.07586",test,24E40C4C-A349-4F9F-93AB-01D00FB994AF,18,68,0,0,0,0,0,0
sensitivity_2,debounce,"T=2, theta=0.07586",test,24E40C4C-A349-4F9F-93AB-01D00FB994AF,19,374,1,1,2,2,1,1
sensitivity_2,debounce,"T=2, theta=0.07586",test,24E40C4C-A349-4F9F-93AB-01D00FB994AF,20,166,0,0,0,0,0,0
sensitivity_2,debounce,"T=2, theta=0.07586",test,24E40C4C-A349-4F9F-93AB-01D00FB994AF,21,120,0,0,0,0,0,0
sensitivity_2,debounce,"T=2, theta=0.07586",test,24E40C4C-A349-4F9F-93AB-01D00FB994AF,22,198,0,0,0,0,0,0
sensitivity_2,debounce,"T=2, theta=0.07586",test,2C32C23E-E30C-498A-8DD2-0EFB9150A02E,11,377,0,0,0,0,0,0
sensitivity_2,debounce,"T=2, theta=0.07586",test,2C32C23E-E30C-498A-8DD2-0EFB9150A02E,12,1298,0,0,0,0,0,0
sensitivity_2,debounce,"T=2, theta=0.07586",test,3600D531-0C55-44A7-AE95-A7A38519464E,27,170,2,2,4,14,2,1
sensitivity_2,debounce,"T=2, theta=0.07586",test,3600D531-0C55-44A7-AE95-A7A38519464E,28,205,0,0,0,0,0,0
sensitivity_2,debounce,"T=2, theta=0.07586",test,3600D531-0C55-44A7-AE95-A7A38519464E,31,23,0,0,0,0,0,0
sensitivity_2,debounce,"T=2, theta=0.07586",test,3600D531-0C55-44A7-AE95-A7A38519464E,32,612,0,0,0,0,0,0
sensitivity_2,debounce,"T=2, theta=0.07586",test,3600D531-0C55-44A7-AE95-A7A38519464E,33,22,0,0,0,0,0,0
sensitivity_2,debounce,"T=2, theta=0.07586",test,4FC32141-E888-4BFF-8804-12559A491D8C,12,67,0,0,0,0,0,0
sensitivity_2,debounce,"T=2, theta=0.07586",test,4FC32141-E888-4BFF-8804-12559A491D8C,13,164,0,0,0,0,0,0
sensitivity_2,debounce,"T=2, theta=0.07586",test,4FC32141-E888-4BFF-8804-12559A491D8C,14,59,0,0,0,0,0,0
sensitivity_2,debounce,"T=2, theta=0.07586",test,4FC32141-E888-4BFF-8804-12559A491D8C,15,677,0,0,0,0,0,0
sensitivity_2,debounce,"T=2, theta=0.07586",test,5119D0F8-FCA8-4184-A4EB-19421A40DE0D,11,461,0,0,0,0,0,0
sensitivity_2,debounce,"T=2, theta=0.07586",test,5119D0F8-FCA8-4184-A4EB-19421A40DE0D,12,125,0,0,0,0,0,0
sensitivity_2,debounce,"T=2, theta=0.07586",test,5119D0F8-FCA8-4184-A4EB-19421A40DE0D,13,709,0,0,0,0,0,0
sensitivity_2,debounce,"T=2, theta=0.07586",test,5152A2DF-FAF3-4BA8-9CA9-E66B32671A53,9,775,1,1,2,9,0,0
sensitivity_2,debounce,"T=2, theta=0.07586",test,5152A2DF-FAF3-4BA8-9CA9-E66B32671A53,10,501,0,0,0,0,0,0
sensitivity_2,debounce,"T=2, theta=0.07586",test,5152A2DF-FAF3-4BA8-9CA9-E66B32671A53,11,19,0,0,0,0,0,0
sensitivity_2,debounce,"T=2, theta=0.07586",test,5EF64122-B513-46AE-BCF1-E62AAC285D2C,12,178,0,0,0,0,0,0
sensitivity_2,debounce,"T=2, theta=0.07586",test,5EF64122-B513-46AE-BCF1-E62AAC285D2C,13,576,1,1,2,2,1,1
sensitivity_2,debounce,"T=2, theta=0.07586",test,61976C24-1C50-4355-9C49-AAE44A7D09F6,48,1717,0,0,0,0,0,0
sensitivity_2,debounce,"T=2, theta=0.07586",test,78A91A4E-4A51-4065-BDA7-94755F0BB3BB,8,2371,4,4,8,17,3,3
sensitivity_2,debounce,"T=2, theta=0.07586",test,7CE37510-56D0-4120-A1CF-0E23351428D2,8,1924,1,1,2,2,1,1
sensitivity_2,debounce,"T=2, theta=0.07586",test,8023FE1A-D3B0-4E2C-A57A-9321B7FC755F,26,745,1,1,2,2,1,1
sensitivity_2,debounce,"T=2, theta=0.07586",test,8023FE1A-D3B0-4E2C-A57A-9321B7FC755F,27,1064,1,1,2,7,0,0
sensitivity_2,debounce,"T=2, theta=0.07586",test,83CF687B-7CEC-434B-9FE8-00C3D5799BE6,9,1394,10,10,20,31,11,9
sensitivity_2,debounce,"T=2, theta=0.07586",test,83CF687B-7CEC-434B-9FE8-00C3D5799BE6,10,485,0,0,0,0,0,0
sensitivity_2,debounce,"T=2, theta=0.07586",test,9759096F-1119-4E19-A0AD-6F16989C7E1C,6,776,10,10,20,53,10,7
sensitivity_2,debounce,"T=2, theta=0.07586",test,9759096F-1119-4E19-A0AD-6F16989C7E1C,7,1178,1,1,2,2,1,1
sensitivity_2,debounce,"T=2, theta=0.07586",test,9DC38D04-E82E-4F29-AB52-B476535226F2,20,1909,0,0,0,0,0,0
sensitivity_2,debounce,"T=2, theta=0.07586",test,A5CDF89D-02A2-4EC1-89F8-F534FDABDD96,16,350,0,0,0,0,0,0
sensitivity_2,debounce,"T=2, theta=0.07586",test,A5CDF89D-02A2-4EC1-89F8-F534FDABDD96,17,470,0,0,0,0,0,0
sensitivity_2,debounce,"T=2, theta=0.07586",test,A5CDF89D-02A2-4EC1-89F8-F534FDABDD96,18,359,0,0,0,0,0,0
sensitivity_2,debounce,"T=2, theta=0.07586",test,A76A5AF5-5A93-4CF2-A16E-62353BB70E8A,4,555,0,0,0,0,0,0
sensitivity_2,debounce,"T=2, theta=0.07586",test,A76A5AF5-5A93-4CF2-A16E-62353BB70E8A,5,920,0,0,0,0,0,0
sensitivity_2,debounce,"T=2, theta=0.07586",test,B09E373F-8A54-44C8-895B-0039390B859F,11,566,0,0,0,0,0,0
sensitivity_2,debounce,"T=2, theta=0.07586",test,B09E373F-8A54-44C8-895B-0039390B859F,12,833,0,0,0,0,0,0
sensitivity_2,debounce,"T=2, theta=0.07586",test,B09E373F-8A54-44C8-895B-0039390B859F,14,198,0,0,0,0,0,0
sensitivity_2,debounce,"T=2, theta=0.07586",test,B9724848-C7E2-45F4-9B3F-A1F38D864495,15,484,4,4,8,12,5,4
sensitivity_2,debounce,"T=2, theta=0.07586",test,B9724848-C7E2-45F4-9B3F-A1F38D864495,16,1013,9,9,18,45,8,6
sensitivity_2,debounce,"T=2, theta=0.07586",test,BE3CA5A6-A561-4BBD-B7C9-5DF6805400FC,18,223,0,0,0,0,0,0
sensitivity_2,debounce,"T=2, theta=0.07586",test,BE3CA5A6-A561-4BBD-B7C9-5DF6805400FC,19,1410,0,0,0,0,0,0
sensitivity_2,debounce,"T=2, theta=0.07586",test,C48CE857-A0DD-4DDB-BEA5-3A25449B2153,34,134,0,0,0,0,0,0
sensitivity_2,debounce,"T=2, theta=0.07586",test,C48CE857-A0DD-4DDB-BEA5-3A25449B2153,35,109,0,0,0,0,0,0
sensitivity_2,debounce,"T=2, theta=0.07586",test,C48CE857-A0DD-4DDB-BEA5-3A25449B2153,36,169,0,0,0,0,0,0
sensitivity_2,debounce,"T=2, theta=0.07586",test,C48CE857-A0DD-4DDB-BEA5-3A25449B2153,37,133,0,0,0,0,0,0
sensitivity_2,debounce,"T=2, theta=0.07586",test,C48CE857-A0DD-4DDB-BEA5-3A25449B2153,38,307,0,0,0,0,0,0
sensitivity_2,debounce,"T=2, theta=0.07586",test,C48CE857-A0DD-4DDB-BEA5-3A25449B2153,39,85,0,0,0,0,0,0
sensitivity_2,debounce,"T=2, theta=0.07586",test,CA820D43-E5E2-42EF-9798-BE56F776370B,10,997,5,5,10,15,5,5
sensitivity_2,debounce,"T=2, theta=0.07586",test,CA820D43-E5E2-42EF-9798-BE56F776370B,12,546,1,1,2,2,1,1
sensitivity_2,debounce,"T=2, theta=0.07586",test,CDA3BBF7-6631-45E8-85BA-EEB416B32A3C,5,537,0,0,0,0,0,0
sensitivity_2,debounce,"T=2, theta=0.07586",test,CF722AA9-2533-4E51-9FEB-9EAC84EE9AAC,11,112,0,0,0,0,0,0
sensitivity_2,debounce,"T=2, theta=0.07586",test,CF722AA9-2533-4E51-9FEB-9EAC84EE9AAC,12,371,1,1,2,2,1,1
sensitivity_2,debounce,"T=2, theta=0.07586",test,CF722AA9-2533-4E51-9FEB-9EAC84EE9AAC,13,138,0,0,0,0,0,0
sensitivity_2,debounce,"T=2, theta=0.07586",test,CF722AA9-2533-4E51-9FEB-9EAC84EE9AAC,14,73,0,0,0,0,0,0
sensitivity_2,debounce,"T=2, theta=0.07586",test,D7D20E2E-FC78-405D-B346-DBD3FD8FC92B,14,121,0,0,0,0,0,0
sensitivity_2,debounce,"T=2, theta=0.07586",test,D7D20E2E-FC78-405D-B346-DBD3FD8FC92B,15,826,0,0,0,0,0,0
sensitivity_2,debounce,"T=2, theta=0.07586",test,D7D20E2E-FC78-405D-B346-DBD3FD8FC92B,16,265,0,0,0,0,0,0
sensitivity_2,debounce,"T=2, theta=0.07586",test,E65577C1-8D5D-4F70-AF23-B3ADB9D3DBA3,5,657,5,5,10,68,4,4
sensitivity_2,debounce,"T=2, theta=0.07586",test,ECECC2AB-D32F-4F90-B74C-E12A1C69BBE2,17,603,0,0,0,0,0,0
sensitivity_2,debounce,"T=2, theta=0.07586",test,ECECC2AB-D32F-4F90-B74C-E12A1C69BBE2,18,74,0,0,0,0,0,0
sensitivity_2,debounce,"T=2, theta=0.07586",test,FDAA70A1-42A3-4E3F-9AE3-3FDA412E03BF,20,966,0,0,0,0,0,0
sensitivity_2,margin,"m=0.05, theta=0.04743",test,00EABED2-271D-49D8-B599-1D4A09240601,25,300,0,0,0,0,0,0
sensitivity_2,margin,"m=0.05, theta=0.04743",test,00EABED2-271D-49D8-B599-1D4A09240601,42,96,6,6,12,27,8,5
sensitivity_2,margin,"m=0.05, theta=0.04743",test,00EABED2-271D-49D8-B599-1D4A09240601,44,12,0,0,0,0,0,0
sensitivity_2,margin,"m=0.05, theta=0.04743",test,098A72A5-E3E5-4F54-A152-BBDA0DF7B694,15,114,0,0,0,0,0,0
sensitivity_2,margin,"m=0.05, theta=0.04743",test,098A72A5-E3E5-4F54-A152-BBDA0DF7B694,16,733,1,1,2,1,1,1
sensitivity_2,margin,"m=0.05, theta=0.04743",test,098A72A5-E3E5-4F54-A152-BBDA0DF7B694,17,292,0,0,0,0,0,0
sensitivity_2,margin,"m=0.05, theta=0.04743",test,098A72A5-E3E5-4F54-A152-BBDA0DF7B694,18,91,0,0,0,0,0,0
sensitivity_2,margin,"m=0.05, theta=0.04743",test,098A72A5-E3E5-4F54-A152-BBDA0DF7B694,19,104,0,0,0,0,0,0
sensitivity_2,margin,"m=0.05, theta=0.04743",test,0A986513-7828-4D53-AA1F-E02D6DF9561B,8,763,0,0,0,0,0,0
sensitivity_2,margin,"m=0.05, theta=0.04743",test,11B5EC4D-4133-4289-B475-4E737182A406,7,1407,0,0,0,0,0,0
sensitivity_2,margin,"m=0.05, theta=0.04743",test,11B5EC4D-4133-4289-B475-4E737182A406,8,333,0,0,0,0,0,0
sensitivity_2,margin,"m=0.05, theta=0.04743",test,136562B6-95B2-483D-88DC-065F28409FD2,22,145,0,0,0,0,0,0
sensitivity_2,margin,"m=0.05, theta=0.04743",test,136562B6-95B2-483D-88DC-065F28409FD2,23,747,0,0,0,0,0,0
sensitivity_2,margin,"m=0.05, theta=0.04743",test,136562B6-95B2-483D-88DC-065F28409FD2,24,323,0,0,0,0,0,0
sensitivity_2,margin,"m=0.05, theta=0.04743",test,1538C99F-BA1E-4EFB-A949-6C7C47701B20,30,406,0,0,0,0,0,0
sensitivity_2,margin,"m=0.05, theta=0.04743",test,1538C99F-BA1E-4EFB-A949-6C7C47701B20,31,875,3,3,6,68,1,0
sensitivity_2,margin,"m=0.05, theta=0.04743",test,24E40C4C-A349-4F9F-93AB-01D00FB994AF,18,68,0,0,0,0,0,0
sensitivity_2,margin,"m=0.05, theta=0.04743",test,24E40C4C-A349-4F9F-93AB-01D00FB994AF,19,374,0,0,0,0,0,0
sensitivity_2,margin,"m=0.05, theta=0.04743",test,24E40C4C-A349-4F9F-93AB-01D00FB994AF,20,166,0,0,0,0,0,0
sensitivity_2,margin,"m=0.05, theta=0.04743",test,24E40C4C-A349-4F9F-93AB-01D00FB994AF,21,120,0,0,0,0,0,0
sensitivity_2,margin,"m=0.05, theta=0.04743",test,24E40C4C-A349-4F9F-93AB-01D00FB994AF,22,198,0,0,0,0,0,0
sensitivity_2,margin,"m=0.05, theta=0.04743",test,2C32C23E-E30C-498A-8DD2-0EFB9150A02E,11,377,0,0,0,0,0,0
sensitivity_2,margin,"m=0.05, theta=0.04743",test,2C32C23E-E30C-498A-8DD2-0EFB9150A02E,12,1298,0,0,0,0,0,0
sensitivity_2,margin,"m=0.05, theta=0.04743",test,3600D531-0C55-44A7-AE95-A7A38519464E,27,170,1,1,2,12,0,0
sensitivity_2,margin,"m=0.05, theta=0.04743",test,3600D531-0C55-44A7-AE95-A7A38519464E,28,205,0,0,0,0,0,0
sensitivity_2,margin,"m=0.05, theta=0.04743",test,3600D531-0C55-44A7-AE95-A7A38519464E,31,23,0,0,0,0,0,0
sensitivity_2,margin,"m=0.05, theta=0.04743",test,3600D531-0C55-44A7-AE95-A7A38519464E,32,612,0,0,0,0,0,0
sensitivity_2,margin,"m=0.05, theta=0.04743",test,3600D531-0C55-44A7-AE95-A7A38519464E,33,22,0,0,0,0,0,0
sensitivity_2,margin,"m=0.05, theta=0.04743",test,4FC32141-E888-4BFF-8804-12559A491D8C,12,67,0,0,0,0,0,0
sensitivity_2,margin,"m=0.05, theta=0.04743",test,4FC32141-E888-4BFF-8804-12559A491D8C,13,164,0,0,0,0,0,0
sensitivity_2,margin,"m=0.05, theta=0.04743",test,4FC32141-E888-4BFF-8804-12559A491D8C,14,59,0,0,0,0,0,0
sensitivity_2,margin,"m=0.05, theta=0.04743",test,4FC32141-E888-4BFF-8804-12559A491D8C,15,677,0,0,0,0,0,0
sensitivity_2,margin,"m=0.05, theta=0.04743",test,5119D0F8-FCA8-4184-A4EB-19421A40DE0D,11,461,0,0,0,0,0,0
sensitivity_2,margin,"m=0.05, theta=0.04743",test,5119D0F8-FCA8-4184-A4EB-19421A40DE0D,12,125,0,0,0,0,0,0
sensitivity_2,margin,"m=0.05, theta=0.04743",test,5119D0F8-FCA8-4184-A4EB-19421A40DE0D,13,709,0,0,0,0,0,0
sensitivity_2,margin,"m=0.05, theta=0.04743",test,5152A2DF-FAF3-4BA8-9CA9-E66B32671A53,9,775,1,1,2,9,0,0
sensitivity_2,margin,"m=0.05, theta=0.04743",test,5152A2DF-FAF3-4BA8-9CA9-E66B32671A53,10,501,0,0,0,0,0,0
sensitivity_2,margin,"m=0.05, theta=0.04743",test,5152A2DF-FAF3-4BA8-9CA9-E66B32671A53,11,19,0,0,0,0,0,0
sensitivity_2,margin,"m=0.05, theta=0.04743",test,5EF64122-B513-46AE-BCF1-E62AAC285D2C,12,178,0,0,0,0,0,0
sensitivity_2,margin,"m=0.05, theta=0.04743",test,5EF64122-B513-46AE-BCF1-E62AAC285D2C,13,576,1,1,2,2,1,1
sensitivity_2,margin,"m=0.05, theta=0.04743",test,61976C24-1C50-4355-9C49-AAE44A7D09F6,48,1717,0,0,0,0,0,0
sensitivity_2,margin,"m=0.05, theta=0.04743",test,78A91A4E-4A51-4065-BDA7-94755F0BB3BB,8,2371,3,3,6,4,3,3
sensitivity_2,margin,"m=0.05, theta=0.04743",test,7CE37510-56D0-4120-A1CF-0E23351428D2,8,1924,3,3,6,3,3,3
sensitivity_2,margin,"m=0.05, theta=0.04743",test,8023FE1A-D3B0-4E2C-A57A-9321B7FC755F,26,745,1,1,2,2,1,1
sensitivity_2,margin,"m=0.05, theta=0.04743",test,8023FE1A-D3B0-4E2C-A57A-9321B7FC755F,27,1064,2,2,4,3,3,2
sensitivity_2,margin,"m=0.05, theta=0.04743",test,83CF687B-7CEC-434B-9FE8-00C3D5799BE6,9,1394,2,2,4,2,2,2
sensitivity_2,margin,"m=0.05, theta=0.04743",test,83CF687B-7CEC-434B-9FE8-00C3D5799BE6,10,485,0,0,0,0,0,0
sensitivity_2,margin,"m=0.05, theta=0.04743",test,9759096F-1119-4E19-A0AD-6F16989C7E1C,6,776,13,13,26,28,20,13
sensitivity_2,margin,"m=0.05, theta=0.04743",test,9759096F-1119-4E19-A0AD-6F16989C7E1C,7,1178,0,0,0,0,0,0
sensitivity_2,margin,"m=0.05, theta=0.04743",test,9DC38D04-E82E-4F29-AB52-B476535226F2,20,1909,1,1,2,1,1,1
sensitivity_2,margin,"m=0.05, theta=0.04743",test,A5CDF89D-02A2-4EC1-89F8-F534FDABDD96,16,350,0,0,0,0,0,0
sensitivity_2,margin,"m=0.05, theta=0.04743",test,A5CDF89D-02A2-4EC1-89F8-F534FDABDD96,17,470,0,0,0,0,0,0
sensitivity_2,margin,"m=0.05, theta=0.04743",test,A5CDF89D-02A2-4EC1-89F8-F534FDABDD96,18,359,0,0,0,0,0,0
sensitivity_2,margin,"m=0.05, theta=0.04743",test,A76A5AF5-5A93-4CF2-A16E-62353BB70E8A,4,555,0,0,0,0,0,0
sensitivity_2,margin,"m=0.05, theta=0.04743",test,A76A5AF5-5A93-4CF2-A16E-62353BB70E8A,5,920,0,0,0,0,0,0
sensitivity_2,margin,"m=0.05, theta=0.04743",test,B09E373F-8A54-44C8-895B-0039390B859F,11,566,0,0,0,0,0,0
sensitivity_2,margin,"m=0.05, theta=0.04743",test,B09E373F-8A54-44C8-895B-0039390B859F,12,833,0,0,0,0,0,0
sensitivity_2,margin,"m=0.05, theta=0.04743",test,B09E373F-8A54-44C8-895B-0039390B859F,14,198,0,0,0,0,0,0
sensitivity_2,margin,"m=0.05, theta=0.04743",test,B9724848-C7E2-45F4-9B3F-A1F38D864495,15,484,5,5,10,8,6,5
sensitivity_2,margin,"m=0.05, theta=0.04743",test,B9724848-C7E2-45F4-9B3F-A1F38D864495,16,1013,18,18,36,22,30,18
sensitivity_2,margin,"m=0.05, theta=0.04743",test,BE3CA5A6-A561-4BBD-B7C9-5DF6805400FC,18,223,0,0,0,0,0,0
sensitivity_2,margin,"m=0.05, theta=0.04743",test,BE3CA5A6-A561-4BBD-B7C9-5DF6805400FC,19,1410,0,0,0,0,0,0
sensitivity_2,margin,"m=0.05, theta=0.04743",test,C48CE857-A0DD-4DDB-BEA5-3A25449B2153,34,134,0,0,0,0,0,0
sensitivity_2,margin,"m=0.05, theta=0.04743",test,C48CE857-A0DD-4DDB-BEA5-3A25449B2153,35,109,0,0,0,0,0,0
sensitivity_2,margin,"m=0.05, theta=0.04743",test,C48CE857-A0DD-4DDB-BEA5-3A25449B2153,36,169,0,0,0,0,0,0
sensitivity_2,margin,"m=0.05, theta=0.04743",test,C48CE857-A0DD-4DDB-BEA5-3A25449B2153,37,133,0,0,0,0,0,0
sensitivity_2,margin,"m=0.05, theta=0.04743",test,C48CE857-A0DD-4DDB-BEA5-3A25449B2153,38,307,0,0,0,0,0,0
sensitivity_2,margin,"m=0.05, theta=0.04743",test,C48CE857-A0DD-4DDB-BEA5-3A25449B2153,39,85,0,0,0,0,0,0
sensitivity_2,margin,"m=0.05, theta=0.04743",test,CA820D43-E5E2-42EF-9798-BE56F776370B,10,997,6,6,12,9,8,6
sensitivity_2,margin,"m=0.05, theta=0.04743",test,CA820D43-E5E2-42EF-9798-BE56F776370B,12,546,0,0,0,0,0,0
sensitivity_2,margin,"m=0.05, theta=0.04743",test,CDA3BBF7-6631-45E8-85BA-EEB416B32A3C,5,537,1,1,2,1,1,1
sensitivity_2,margin,"m=0.05, theta=0.04743",test,CF722AA9-2533-4E51-9FEB-9EAC84EE9AAC,11,112,0,0,0,0,0,0
sensitivity_2,margin,"m=0.05, theta=0.04743",test,CF722AA9-2533-4E51-9FEB-9EAC84EE9AAC,12,371,0,0,0,0,0,0
sensitivity_2,margin,"m=0.05, theta=0.04743",test,CF722AA9-2533-4E51-9FEB-9EAC84EE9AAC,13,138,0,0,0,0,0,0
sensitivity_2,margin,"m=0.05, theta=0.04743",test,CF722AA9-2533-4E51-9FEB-9EAC84EE9AAC,14,73,0,0,0,0,0,0
sensitivity_2,margin,"m=0.05, theta=0.04743",test,D7D20E2E-FC78-405D-B346-DBD3FD8FC92B,14,121,0,0,0,0,0,0
sensitivity_2,margin,"m=0.05, theta=0.04743",test,D7D20E2E-FC78-405D-B346-DBD3FD8FC92B,15,826,1,1,2,1,1,1
sensitivity_2,margin,"m=0.05, theta=0.04743",test,D7D20E2E-FC78-405D-B346-DBD3FD8FC92B,16,265,0,0,0,0,0,0
sensitivity_2,margin,"m=0.05, theta=0.04743",test,E65577C1-8D5D-4F70-AF23-B3ADB9D3DBA3,5,657,0,0,0,0,0,0
sensitivity_2,margin,"m=0.05, theta=0.04743",test,ECECC2AB-D32F-4F90-B74C-E12A1C69BBE2,17,603,0,0,0,0,0,0
sensitivity_2,margin,"m=0.05, theta=0.04743",test,ECECC2AB-D32F-4F90-B74C-E12A1C69BBE2,18,74,0,0,0,0,0,0
sensitivity_2,margin,"m=0.05, theta=0.04743",test,FDAA70A1-42A3-4E3F-9AE3-3FDA412E03BF,20,966,0,0,0,0,0,0
sensitivity_2,hysteresis,"m=0.3, T=2, theta=0.2315",test,00EABED2-271D-49D8-B599-1D4A09240601,25,300,2,2,4,9,1,1
sensitivity_2,hysteresis,"m=0.3, T=2, theta=0.2315",test,00EABED2-271D-49D8-B599-1D4A09240601,42,96,2,1,3,60,0,0
sensitivity_2,hysteresis,"m=0.3, T=2, theta=0.2315",test,00EABED2-271D-49D8-B599-1D4A09240601,44,12,0,0,0,0,0,0
sensitivity_2,hysteresis,"m=0.3, T=2, theta=0.2315",test,098A72A5-E3E5-4F54-A152-BBDA0DF7B694,15,114,0,0,0,0,0,0
sensitivity_2,hysteresis,"m=0.3, T=2, theta=0.2315",test,098A72A5-E3E5-4F54-A152-BBDA0DF7B694,16,733,0,0,0,0,0,0
sensitivity_2,hysteresis,"m=0.3, T=2, theta=0.2315",test,098A72A5-E3E5-4F54-A152-BBDA0DF7B694,17,292,0,0,0,0,0,0
sensitivity_2,hysteresis,"m=0.3, T=2, theta=0.2315",test,098A72A5-E3E5-4F54-A152-BBDA0DF7B694,18,91,0,0,0,0,0,0
sensitivity_2,hysteresis,"m=0.3, T=2, theta=0.2315",test,098A72A5-E3E5-4F54-A152-BBDA0DF7B694,19,104,0,0,0,0,0,0
sensitivity_2,hysteresis,"m=0.3, T=2, theta=0.2315",test,0A986513-7828-4D53-AA1F-E02D6DF9561B,8,763,1,1,2,8,0,0
sensitivity_2,hysteresis,"m=0.3, T=2, theta=0.2315",test,11B5EC4D-4133-4289-B475-4E737182A406,7,1407,0,0,0,0,0,0
sensitivity_2,hysteresis,"m=0.3, T=2, theta=0.2315",test,11B5EC4D-4133-4289-B475-4E737182A406,8,333,0,0,0,0,0,0
sensitivity_2,hysteresis,"m=0.3, T=2, theta=0.2315",test,136562B6-95B2-483D-88DC-065F28409FD2,22,145,0,0,0,0,0,0
sensitivity_2,hysteresis,"m=0.3, T=2, theta=0.2315",test,136562B6-95B2-483D-88DC-065F28409FD2,23,747,0,0,0,0,0,0
sensitivity_2,hysteresis,"m=0.3, T=2, theta=0.2315",test,136562B6-95B2-483D-88DC-065F28409FD2,24,323,0,0,0,0,0,0
sensitivity_2,hysteresis,"m=0.3, T=2, theta=0.2315",test,1538C99F-BA1E-4EFB-A949-6C7C47701B20,30,406,0,0,0,0,0,0
sensitivity_2,hysteresis,"m=0.3, T=2, theta=0.2315",test,1538C99F-BA1E-4EFB-A949-6C7C47701B20,31,875,1,1,2,75,0,0
sensitivity_2,hysteresis,"m=0.3, T=2, theta=0.2315",test,24E40C4C-A349-4F9F-93AB-01D00FB994AF,18,68,0,0,0,0,0,0
sensitivity_2,hysteresis,"m=0.3, T=2, theta=0.2315",test,24E40C4C-A349-4F9F-93AB-01D00FB994AF,19,374,1,1,2,10,0,0
sensitivity_2,hysteresis,"m=0.3, T=2, theta=0.2315",test,24E40C4C-A349-4F9F-93AB-01D00FB994AF,20,166,0,0,0,0,0,0
sensitivity_2,hysteresis,"m=0.3, T=2, theta=0.2315",test,24E40C4C-A349-4F9F-93AB-01D00FB994AF,21,120,0,0,0,0,0,0
sensitivity_2,hysteresis,"m=0.3, T=2, theta=0.2315",test,24E40C4C-A349-4F9F-93AB-01D00FB994AF,22,198,0,0,0,0,0,0
sensitivity_2,hysteresis,"m=0.3, T=2, theta=0.2315",test,2C32C23E-E30C-498A-8DD2-0EFB9150A02E,11,377,0,0,0,0,0,0
sensitivity_2,hysteresis,"m=0.3, T=2, theta=0.2315",test,2C32C23E-E30C-498A-8DD2-0EFB9150A02E,12,1298,1,1,2,5,1,1
sensitivity_2,hysteresis,"m=0.3, T=2, theta=0.2315",test,3600D531-0C55-44A7-AE95-A7A38519464E,27,170,1,0,1,22,0,0
sensitivity_2,hysteresis,"m=0.3, T=2, theta=0.2315",test,3600D531-0C55-44A7-AE95-A7A38519464E,28,205,0,0,0,0,0,0
sensitivity_2,hysteresis,"m=0.3, T=2, theta=0.2315",test,3600D531-0C55-44A7-AE95-A7A38519464E,31,23,0,0,0,0,0,0
sensitivity_2,hysteresis,"m=0.3, T=2, theta=0.2315",test,3600D531-0C55-44A7-AE95-A7A38519464E,32,612,0,0,0,0,0,0
sensitivity_2,hysteresis,"m=0.3, T=2, theta=0.2315",test,3600D531-0C55-44A7-AE95-A7A38519464E,33,22,0,0,0,0,0,0
sensitivity_2,hysteresis,"m=0.3, T=2, theta=0.2315",test,4FC32141-E888-4BFF-8804-12559A491D8C,12,67,0,0,0,0,0,0
sensitivity_2,hysteresis,"m=0.3, T=2, theta=0.2315",test,4FC32141-E888-4BFF-8804-12559A491D8C,13,164,0,0,0,0,0,0
sensitivity_2,hysteresis,"m=0.3, T=2, theta=0.2315",test,4FC32141-E888-4BFF-8804-12559A491D8C,14,59,0,0,0,0,0,0
sensitivity_2,hysteresis,"m=0.3, T=2, theta=0.2315",test,4FC32141-E888-4BFF-8804-12559A491D8C,15,677,0,0,0,0,0,0
sensitivity_2,hysteresis,"m=0.3, T=2, theta=0.2315",test,5119D0F8-FCA8-4184-A4EB-19421A40DE0D,11,461,0,0,0,0,0,0
sensitivity_2,hysteresis,"m=0.3, T=2, theta=0.2315",test,5119D0F8-FCA8-4184-A4EB-19421A40DE0D,12,125,0,0,0,0,0,0
sensitivity_2,hysteresis,"m=0.3, T=2, theta=0.2315",test,5119D0F8-FCA8-4184-A4EB-19421A40DE0D,13,709,0,0,0,0,0,0
sensitivity_2,hysteresis,"m=0.3, T=2, theta=0.2315",test,5152A2DF-FAF3-4BA8-9CA9-E66B32671A53,9,775,1,1,2,10,0,0
sensitivity_2,hysteresis,"m=0.3, T=2, theta=0.2315",test,5152A2DF-FAF3-4BA8-9CA9-E66B32671A53,10,501,0,0,0,0,0,0
sensitivity_2,hysteresis,"m=0.3, T=2, theta=0.2315",test,5152A2DF-FAF3-4BA8-9CA9-E66B32671A53,11,19,0,0,0,0,0,0
sensitivity_2,hysteresis,"m=0.3, T=2, theta=0.2315",test,5EF64122-B513-46AE-BCF1-E62AAC285D2C,12,178,1,1,2,2,1,1
sensitivity_2,hysteresis,"m=0.3, T=2, theta=0.2315",test,5EF64122-B513-46AE-BCF1-E62AAC285D2C,13,576,1,0,1,4,0,0
sensitivity_2,hysteresis,"m=0.3, T=2, theta=0.2315",test,61976C24-1C50-4355-9C49-AAE44A7D09F6,48,1717,0,0,0,0,0,0
sensitivity_2,hysteresis,"m=0.3, T=2, theta=0.2315",test,78A91A4E-4A51-4065-BDA7-94755F0BB3BB,8,2371,4,4,8,42,0,0
sensitivity_2,hysteresis,"m=0.3, T=2, theta=0.2315",test,7CE37510-56D0-4120-A1CF-0E23351428D2,8,1924,1,1,2,2,1,1
sensitivity_2,hysteresis,"m=0.3, T=2, theta=0.2315",test,8023FE1A-D3B0-4E2C-A57A-9321B7FC755F,26,745,1,1,2,8,0,0
sensitivity_2,hysteresis,"m=0.3, T=2, theta=0.2315",test,8023FE1A-D3B0-4E2C-A57A-9321B7FC755F,27,1064,1,1,2,10,0,0
sensitivity_2,hysteresis,"m=0.3, T=2, theta=0.2315",test,83CF687B-7CEC-434B-9FE8-00C3D5799BE6,9,1394,7,7,14,72,2,2
sensitivity_2,hysteresis,"m=0.3, T=2, theta=0.2315",test,83CF687B-7CEC-434B-9FE8-00C3D5799BE6,10,485,0,0,0,0,0,0
sensitivity_2,hysteresis,"m=0.3, T=2, theta=0.2315",test,9759096F-1119-4E19-A0AD-6F16989C7E1C,6,776,5,5,10,136,3,2
sensitivity_2,hysteresis,"m=0.3, T=2, theta=0.2315",test,9759096F-1119-4E19-A0AD-6F16989C7E1C,7,1178,1,1,2,4,1,1
sensitivity_2,hysteresis,"m=0.3, T=2, theta=0.2315",test,9DC38D04-E82E-4F29-AB52-B476535226F2,20,1909,0,0,0,0,0,0
sensitivity_2,hysteresis,"m=0.3, T=2, theta=0.2315",test,A5CDF89D-02A2-4EC1-89F8-F534FDABDD96,16,350,0,0,0,0,0,0
sensitivity_2,hysteresis,"m=0.3, T=2, theta=0.2315",test,A5CDF89D-02A2-4EC1-89F8-F534FDABDD96,17,470,0,0,0,0,0,0
sensitivity_2,hysteresis,"m=0.3, T=2, theta=0.2315",test,A5CDF89D-02A2-4EC1-89F8-F534FDABDD96,18,359,0,0,0,0,0,0
sensitivity_2,hysteresis,"m=0.3, T=2, theta=0.2315",test,A76A5AF5-5A93-4CF2-A16E-62353BB70E8A,4,555,0,0,0,0,0,0
sensitivity_2,hysteresis,"m=0.3, T=2, theta=0.2315",test,A76A5AF5-5A93-4CF2-A16E-62353BB70E8A,5,920,0,0,0,0,0,0
sensitivity_2,hysteresis,"m=0.3, T=2, theta=0.2315",test,B09E373F-8A54-44C8-895B-0039390B859F,11,566,0,0,0,0,0,0
sensitivity_2,hysteresis,"m=0.3, T=2, theta=0.2315",test,B09E373F-8A54-44C8-895B-0039390B859F,12,833,0,0,0,0,0,0
sensitivity_2,hysteresis,"m=0.3, T=2, theta=0.2315",test,B09E373F-8A54-44C8-895B-0039390B859F,14,198,0,0,0,0,0,0
sensitivity_2,hysteresis,"m=0.3, T=2, theta=0.2315",test,B9724848-C7E2-45F4-9B3F-A1F38D864495,15,484,2,2,4,30,0,0
sensitivity_2,hysteresis,"m=0.3, T=2, theta=0.2315",test,B9724848-C7E2-45F4-9B3F-A1F38D864495,16,1013,7,7,14,101,3,2
sensitivity_2,hysteresis,"m=0.3, T=2, theta=0.2315",test,BE3CA5A6-A561-4BBD-B7C9-5DF6805400FC,18,223,0,0,0,0,0,0
sensitivity_2,hysteresis,"m=0.3, T=2, theta=0.2315",test,BE3CA5A6-A561-4BBD-B7C9-5DF6805400FC,19,1410,0,0,0,0,0,0
sensitivity_2,hysteresis,"m=0.3, T=2, theta=0.2315",test,C48CE857-A0DD-4DDB-BEA5-3A25449B2153,34,134,0,0,0,0,0,0
sensitivity_2,hysteresis,"m=0.3, T=2, theta=0.2315",test,C48CE857-A0DD-4DDB-BEA5-3A25449B2153,35,109,0,0,0,0,0,0
sensitivity_2,hysteresis,"m=0.3, T=2, theta=0.2315",test,C48CE857-A0DD-4DDB-BEA5-3A25449B2153,36,169,0,0,0,0,0,0
sensitivity_2,hysteresis,"m=0.3, T=2, theta=0.2315",test,C48CE857-A0DD-4DDB-BEA5-3A25449B2153,37,133,0,0,0,0,0,0
sensitivity_2,hysteresis,"m=0.3, T=2, theta=0.2315",test,C48CE857-A0DD-4DDB-BEA5-3A25449B2153,38,307,0,0,0,0,0,0
sensitivity_2,hysteresis,"m=0.3, T=2, theta=0.2315",test,C48CE857-A0DD-4DDB-BEA5-3A25449B2153,39,85,0,0,0,0,0,0
sensitivity_2,hysteresis,"m=0.3, T=2, theta=0.2315",test,CA820D43-E5E2-42EF-9798-BE56F776370B,10,997,5,5,10,26,2,2
sensitivity_2,hysteresis,"m=0.3, T=2, theta=0.2315",test,CA820D43-E5E2-42EF-9798-BE56F776370B,12,546,1,1,2,4,1,1
sensitivity_2,hysteresis,"m=0.3, T=2, theta=0.2315",test,CDA3BBF7-6631-45E8-85BA-EEB416B32A3C,5,537,0,0,0,0,0,0
sensitivity_2,hysteresis,"m=0.3, T=2, theta=0.2315",test,CF722AA9-2533-4E51-9FEB-9EAC84EE9AAC,11,112,0,0,0,0,0,0
sensitivity_2,hysteresis,"m=0.3, T=2, theta=0.2315",test,CF722AA9-2533-4E51-9FEB-9EAC84EE9AAC,12,371,1,1,2,8,0,0
sensitivity_2,hysteresis,"m=0.3, T=2, theta=0.2315",test,CF722AA9-2533-4E51-9FEB-9EAC84EE9AAC,13,138,0,0,0,0,0,0
sensitivity_2,hysteresis,"m=0.3, T=2, theta=0.2315",test,CF722AA9-2533-4E51-9FEB-9EAC84EE9AAC,14,73,0,0,0,0,0,0
sensitivity_2,hysteresis,"m=0.3, T=2, theta=0.2315",test,D7D20E2E-FC78-405D-B346-DBD3FD8FC92B,14,121,0,0,0,0,0,0
sensitivity_2,hysteresis,"m=0.3, T=2, theta=0.2315",test,D7D20E2E-FC78-405D-B346-DBD3FD8FC92B,15,826,0,0,0,0,0,0
sensitivity_2,hysteresis,"m=0.3, T=2, theta=0.2315",test,D7D20E2E-FC78-405D-B346-DBD3FD8FC92B,16,265,0,0,0,0,0,0
sensitivity_2,hysteresis,"m=0.3, T=2, theta=0.2315",test,E65577C1-8D5D-4F70-AF23-B3ADB9D3DBA3,5,657,3,3,6,120,0,0
sensitivity_2,hysteresis,"m=0.3, T=2, theta=0.2315",test,ECECC2AB-D32F-4F90-B74C-E12A1C69BBE2,17,603,0,0,0,0,0,0
sensitivity_2,hysteresis,"m=0.3, T=2, theta=0.2315",test,ECECC2AB-D32F-4F90-B74C-E12A1C69BBE2,18,74,0,0,0,0,0,0
sensitivity_2,hysteresis,"m=0.3, T=2, theta=0.2315",test,FDAA70A1-42A3-4E3F-9AE3-3FDA412E03BF,20,966,0,0,0,0,0,0
sensitivity_2,trust,"r=0.5, tau=0.5, theta=0.2689",test,00EABED2-271D-49D8-B599-1D4A09240601,25,300,0,0,0,0,0,0
sensitivity_2,trust,"r=0.5, tau=0.5, theta=0.2689",test,00EABED2-271D-49D8-B599-1D4A09240601,42,96,2,1,3,54,0,0
sensitivity_2,trust,"r=0.5, tau=0.5, theta=0.2689",test,00EABED2-271D-49D8-B599-1D4A09240601,44,12,0,0,0,0,0,0
sensitivity_2,trust,"r=0.5, tau=0.5, theta=0.2689",test,098A72A5-E3E5-4F54-A152-BBDA0DF7B694,15,114,0,0,0,0,0,0
sensitivity_2,trust,"r=0.5, tau=0.5, theta=0.2689",test,098A72A5-E3E5-4F54-A152-BBDA0DF7B694,16,733,0,0,0,0,0,0
sensitivity_2,trust,"r=0.5, tau=0.5, theta=0.2689",test,098A72A5-E3E5-4F54-A152-BBDA0DF7B694,17,292,0,0,0,0,0,0
sensitivity_2,trust,"r=0.5, tau=0.5, theta=0.2689",test,098A72A5-E3E5-4F54-A152-BBDA0DF7B694,18,91,0,0,0,0,0,0
sensitivity_2,trust,"r=0.5, tau=0.5, theta=0.2689",test,098A72A5-E3E5-4F54-A152-BBDA0DF7B694,19,104,0,0,0,0,0,0
sensitivity_2,trust,"r=0.5, tau=0.5, theta=0.2689",test,0A986513-7828-4D53-AA1F-E02D6DF9561B,8,763,1,1,2,10,0,0
sensitivity_2,trust,"r=0.5, tau=0.5, theta=0.2689",test,11B5EC4D-4133-4289-B475-4E737182A406,7,1407,0,0,0,0,0,0
sensitivity_2,trust,"r=0.5, tau=0.5, theta=0.2689",test,11B5EC4D-4133-4289-B475-4E737182A406,8,333,0,0,0,0,0,0
sensitivity_2,trust,"r=0.5, tau=0.5, theta=0.2689",test,136562B6-95B2-483D-88DC-065F28409FD2,22,145,0,0,0,0,0,0
sensitivity_2,trust,"r=0.5, tau=0.5, theta=0.2689",test,136562B6-95B2-483D-88DC-065F28409FD2,23,747,0,0,0,0,0,0
sensitivity_2,trust,"r=0.5, tau=0.5, theta=0.2689",test,136562B6-95B2-483D-88DC-065F28409FD2,24,323,0,0,0,0,0,0
sensitivity_2,trust,"r=0.5, tau=0.5, theta=0.2689",test,1538C99F-BA1E-4EFB-A949-6C7C47701B20,30,406,0,0,0,0,0,0
sensitivity_2,trust,"r=0.5, tau=0.5, theta=0.2689",test,1538C99F-BA1E-4EFB-A949-6C7C47701B20,31,875,1,1,2,73,0,0
sensitivity_2,trust,"r=0.5, tau=0.5, theta=0.2689",test,24E40C4C-A349-4F9F-93AB-01D00FB994AF,18,68,0,0,0,0,0,0
sensitivity_2,trust,"r=0.5, tau=0.5, theta=0.2689",test,24E40C4C-A349-4F9F-93AB-01D00FB994AF,19,374,1,1,2,1,1,1
sensitivity_2,trust,"r=0.5, tau=0.5, theta=0.2689",test,24E40C4C-A349-4F9F-93AB-01D00FB994AF,20,166,0,0,0,0,0,0
sensitivity_2,trust,"r=0.5, tau=0.5, theta=0.2689",test,24E40C4C-A349-4F9F-93AB-01D00FB994AF,21,120,0,0,0,0,0,0
sensitivity_2,trust,"r=0.5, tau=0.5, theta=0.2689",test,24E40C4C-A349-4F9F-93AB-01D00FB994AF,22,198,0,0,0,0,0,0
sensitivity_2,trust,"r=0.5, tau=0.5, theta=0.2689",test,2C32C23E-E30C-498A-8DD2-0EFB9150A02E,11,377,0,0,0,0,0,0
sensitivity_2,trust,"r=0.5, tau=0.5, theta=0.2689",test,2C32C23E-E30C-498A-8DD2-0EFB9150A02E,12,1298,0,0,0,0,0,0
sensitivity_2,trust,"r=0.5, tau=0.5, theta=0.2689",test,3600D531-0C55-44A7-AE95-A7A38519464E,27,170,1,0,1,19,0,0
sensitivity_2,trust,"r=0.5, tau=0.5, theta=0.2689",test,3600D531-0C55-44A7-AE95-A7A38519464E,28,205,0,0,0,0,0,0
sensitivity_2,trust,"r=0.5, tau=0.5, theta=0.2689",test,3600D531-0C55-44A7-AE95-A7A38519464E,31,23,0,0,0,0,0,0
sensitivity_2,trust,"r=0.5, tau=0.5, theta=0.2689",test,3600D531-0C55-44A7-AE95-A7A38519464E,32,612,0,0,0,0,0,0
sensitivity_2,trust,"r=0.5, tau=0.5, theta=0.2689",test,3600D531-0C55-44A7-AE95-A7A38519464E,33,22,0,0,0,0,0,0
sensitivity_2,trust,"r=0.5, tau=0.5, theta=0.2689",test,4FC32141-E888-4BFF-8804-12559A491D8C,12,67,0,0,0,0,0,0
sensitivity_2,trust,"r=0.5, tau=0.5, theta=0.2689",test,4FC32141-E888-4BFF-8804-12559A491D8C,13,164,0,0,0,0,0,0
sensitivity_2,trust,"r=0.5, tau=0.5, theta=0.2689",test,4FC32141-E888-4BFF-8804-12559A491D8C,14,59,0,0,0,0,0,0
sensitivity_2,trust,"r=0.5, tau=0.5, theta=0.2689",test,4FC32141-E888-4BFF-8804-12559A491D8C,15,677,0,0,0,0,0,0
sensitivity_2,trust,"r=0.5, tau=0.5, theta=0.2689",test,5119D0F8-FCA8-4184-A4EB-19421A40DE0D,11,461,0,0,0,0,0,0
sensitivity_2,trust,"r=0.5, tau=0.5, theta=0.2689",test,5119D0F8-FCA8-4184-A4EB-19421A40DE0D,12,125,0,0,0,0,0,0
sensitivity_2,trust,"r=0.5, tau=0.5, theta=0.2689",test,5119D0F8-FCA8-4184-A4EB-19421A40DE0D,13,709,0,0,0,0,0,0
sensitivity_2,trust,"r=0.5, tau=0.5, theta=0.2689",test,5152A2DF-FAF3-4BA8-9CA9-E66B32671A53,9,775,1,1,2,9,0,0
sensitivity_2,trust,"r=0.5, tau=0.5, theta=0.2689",test,5152A2DF-FAF3-4BA8-9CA9-E66B32671A53,10,501,0,0,0,0,0,0
sensitivity_2,trust,"r=0.5, tau=0.5, theta=0.2689",test,5152A2DF-FAF3-4BA8-9CA9-E66B32671A53,11,19,0,0,0,0,0,0
sensitivity_2,trust,"r=0.5, tau=0.5, theta=0.2689",test,5EF64122-B513-46AE-BCF1-E62AAC285D2C,12,178,0,0,0,0,0,0
sensitivity_2,trust,"r=0.5, tau=0.5, theta=0.2689",test,5EF64122-B513-46AE-BCF1-E62AAC285D2C,13,576,0,0,0,0,0,0
sensitivity_2,trust,"r=0.5, tau=0.5, theta=0.2689",test,61976C24-1C50-4355-9C49-AAE44A7D09F6,48,1717,0,0,0,0,0,0
sensitivity_2,trust,"r=0.5, tau=0.5, theta=0.2689",test,78A91A4E-4A51-4065-BDA7-94755F0BB3BB,8,2371,4,4,8,19,2,2
sensitivity_2,trust,"r=0.5, tau=0.5, theta=0.2689",test,7CE37510-56D0-4120-A1CF-0E23351428D2,8,1924,0,0,0,0,0,0
sensitivity_2,trust,"r=0.5, tau=0.5, theta=0.2689",test,8023FE1A-D3B0-4E2C-A57A-9321B7FC755F,26,745,0,0,0,0,0,0
sensitivity_2,trust,"r=0.5, tau=0.5, theta=0.2689",test,8023FE1A-D3B0-4E2C-A57A-9321B7FC755F,27,1064,1,1,2,7,0,0
sensitivity_2,trust,"r=0.5, tau=0.5, theta=0.2689",test,83CF687B-7CEC-434B-9FE8-00C3D5799BE6,9,1394,7,7,14,76,4,4
sensitivity_2,trust,"r=0.5, tau=0.5, theta=0.2689",test,83CF687B-7CEC-434B-9FE8-00C3D5799BE6,10,485,0,0,0,0,0,0
sensitivity_2,trust,"r=0.5, tau=0.5, theta=0.2689",test,9759096F-1119-4E19-A0AD-6F16989C7E1C,6,776,1,1,2,144,0,0
sensitivity_2,trust,"r=0.5, tau=0.5, theta=0.2689",test,9759096F-1119-4E19-A0AD-6F16989C7E1C,7,1178,0,0,0,0,0,0
sensitivity_2,trust,"r=0.5, tau=0.5, theta=0.2689",test,9DC38D04-E82E-4F29-AB52-B476535226F2,20,1909,0,0,0,0,0,0
sensitivity_2,trust,"r=0.5, tau=0.5, theta=0.2689",test,A5CDF89D-02A2-4EC1-89F8-F534FDABDD96,16,350,0,0,0,0,0,0
sensitivity_2,trust,"r=0.5, tau=0.5, theta=0.2689",test,A5CDF89D-02A2-4EC1-89F8-F534FDABDD96,17,470,0,0,0,0,0,0
sensitivity_2,trust,"r=0.5, tau=0.5, theta=0.2689",test,A5CDF89D-02A2-4EC1-89F8-F534FDABDD96,18,359,0,0,0,0,0,0
sensitivity_2,trust,"r=0.5, tau=0.5, theta=0.2689",test,A76A5AF5-5A93-4CF2-A16E-62353BB70E8A,4,555,0,0,0,0,0,0
sensitivity_2,trust,"r=0.5, tau=0.5, theta=0.2689",test,A76A5AF5-5A93-4CF2-A16E-62353BB70E8A,5,920,0,0,0,0,0,0
sensitivity_2,trust,"r=0.5, tau=0.5, theta=0.2689",test,B09E373F-8A54-44C8-895B-0039390B859F,11,566,0,0,0,0,0,0
sensitivity_2,trust,"r=0.5, tau=0.5, theta=0.2689",test,B09E373F-8A54-44C8-895B-0039390B859F,12,833,0,0,0,0,0,0
sensitivity_2,trust,"r=0.5, tau=0.5, theta=0.2689",test,B09E373F-8A54-44C8-895B-0039390B859F,14,198,0,0,0,0,0,0
sensitivity_2,trust,"r=0.5, tau=0.5, theta=0.2689",test,B9724848-C7E2-45F4-9B3F-A1F38D864495,15,484,2,2,4,25,1,1
sensitivity_2,trust,"r=0.5, tau=0.5, theta=0.2689",test,B9724848-C7E2-45F4-9B3F-A1F38D864495,16,1013,7,7,14,77,6,3
sensitivity_2,trust,"r=0.5, tau=0.5, theta=0.2689",test,BE3CA5A6-A561-4BBD-B7C9-5DF6805400FC,18,223,0,0,0,0,0,0
sensitivity_2,trust,"r=0.5, tau=0.5, theta=0.2689",test,BE3CA5A6-A561-4BBD-B7C9-5DF6805400FC,19,1410,8,8,16,206,4,2
sensitivity_2,trust,"r=0.5, tau=0.5, theta=0.2689",test,C48CE857-A0DD-4DDB-BEA5-3A25449B2153,34,134,0,0,0,0,0,0
sensitivity_2,trust,"r=0.5, tau=0.5, theta=0.2689",test,C48CE857-A0DD-4DDB-BEA5-3A25449B2153,35,109,0,0,0,0,0,0
sensitivity_2,trust,"r=0.5, tau=0.5, theta=0.2689",test,C48CE857-A0DD-4DDB-BEA5-3A25449B2153,36,169,0,0,0,0,0,0
sensitivity_2,trust,"r=0.5, tau=0.5, theta=0.2689",test,C48CE857-A0DD-4DDB-BEA5-3A25449B2153,37,133,0,0,0,0,0,0
sensitivity_2,trust,"r=0.5, tau=0.5, theta=0.2689",test,C48CE857-A0DD-4DDB-BEA5-3A25449B2153,38,307,0,0,0,0,0,0
sensitivity_2,trust,"r=0.5, tau=0.5, theta=0.2689",test,C48CE857-A0DD-4DDB-BEA5-3A25449B2153,39,85,0,0,0,0,0,0
sensitivity_2,trust,"r=0.5, tau=0.5, theta=0.2689",test,CA820D43-E5E2-42EF-9798-BE56F776370B,10,997,0,0,0,0,0,0
sensitivity_2,trust,"r=0.5, tau=0.5, theta=0.2689",test,CA820D43-E5E2-42EF-9798-BE56F776370B,12,546,0,0,0,0,0,0
sensitivity_2,trust,"r=0.5, tau=0.5, theta=0.2689",test,CDA3BBF7-6631-45E8-85BA-EEB416B32A3C,5,537,0,0,0,0,0,0
sensitivity_2,trust,"r=0.5, tau=0.5, theta=0.2689",test,CF722AA9-2533-4E51-9FEB-9EAC84EE9AAC,11,112,0,0,0,0,0,0
sensitivity_2,trust,"r=0.5, tau=0.5, theta=0.2689",test,CF722AA9-2533-4E51-9FEB-9EAC84EE9AAC,12,371,0,0,0,0,0,0
sensitivity_2,trust,"r=0.5, tau=0.5, theta=0.2689",test,CF722AA9-2533-4E51-9FEB-9EAC84EE9AAC,13,138,0,0,0,0,0,0
sensitivity_2,trust,"r=0.5, tau=0.5, theta=0.2689",test,CF722AA9-2533-4E51-9FEB-9EAC84EE9AAC,14,73,0,0,0,0,0,0
sensitivity_2,trust,"r=0.5, tau=0.5, theta=0.2689",test,D7D20E2E-FC78-405D-B346-DBD3FD8FC92B,14,121,0,0,0,0,0,0
sensitivity_2,trust,"r=0.5, tau=0.5, theta=0.2689",test,D7D20E2E-FC78-405D-B346-DBD3FD8FC92B,15,826,1,1,2,27,0,0
sensitivity_2,trust,"r=0.5, tau=0.5, theta=0.2689",test,D7D20E2E-FC78-405D-B346-DBD3FD8FC92B,16,265,1,1,2,2,1,1
sensitivity_2,trust,"r=0.5, tau=0.5, theta=0.2689",test,E65577C1-8D5D-4F70-AF23-B3ADB9D3DBA3,5,657,8,8,16,144,8,4
sensitivity_2,trust,"r=0.5, tau=0.5, theta=0.2689",test,ECECC2AB-D32F-4F90-B74C-E12A1C69BBE2,17,603,0,0,0,0,0,0
sensitivity_2,trust,"r=0.5, tau=0.5, theta=0.2689",test,ECECC2AB-D32F-4F90-B74C-E12A1C69BBE2,18,74,0,0,0,0,0,0
sensitivity_2,trust,"r=0.5, tau=0.5, theta=0.2689",test,FDAA70A1-42A3-4E3F-9AE3-3FDA412E03BF,20,966,1,1,2,15,0,0
sensitivity_2,sprt,"alpha=0.001, beta=1.35e-08",test,00EABED2-271D-49D8-B599-1D4A09240601,25,300,1,0,1,19,0,0
sensitivity_2,sprt,"alpha=0.001, beta=1.35e-08",test,00EABED2-271D-49D8-B599-1D4A09240601,42,96,2,1,3,56,0,0
sensitivity_2,sprt,"alpha=0.001, beta=1.35e-08",test,00EABED2-271D-49D8-B599-1D4A09240601,44,12,0,0,0,0,0,0
sensitivity_2,sprt,"alpha=0.001, beta=1.35e-08",test,098A72A5-E3E5-4F54-A152-BBDA0DF7B694,15,114,0,0,0,0,0,0
sensitivity_2,sprt,"alpha=0.001, beta=1.35e-08",test,098A72A5-E3E5-4F54-A152-BBDA0DF7B694,16,733,0,0,0,0,0,0
sensitivity_2,sprt,"alpha=0.001, beta=1.35e-08",test,098A72A5-E3E5-4F54-A152-BBDA0DF7B694,17,292,0,0,0,0,0,0
sensitivity_2,sprt,"alpha=0.001, beta=1.35e-08",test,098A72A5-E3E5-4F54-A152-BBDA0DF7B694,18,91,0,0,0,0,0,0
sensitivity_2,sprt,"alpha=0.001, beta=1.35e-08",test,098A72A5-E3E5-4F54-A152-BBDA0DF7B694,19,104,0,0,0,0,0,0
sensitivity_2,sprt,"alpha=0.001, beta=1.35e-08",test,0A986513-7828-4D53-AA1F-E02D6DF9561B,8,763,1,1,2,30,0,0
sensitivity_2,sprt,"alpha=0.001, beta=1.35e-08",test,11B5EC4D-4133-4289-B475-4E737182A406,7,1407,0,0,0,0,0,0
sensitivity_2,sprt,"alpha=0.001, beta=1.35e-08",test,11B5EC4D-4133-4289-B475-4E737182A406,8,333,0,0,0,0,0,0
sensitivity_2,sprt,"alpha=0.001, beta=1.35e-08",test,136562B6-95B2-483D-88DC-065F28409FD2,22,145,0,0,0,0,0,0
sensitivity_2,sprt,"alpha=0.001, beta=1.35e-08",test,136562B6-95B2-483D-88DC-065F28409FD2,23,747,0,0,0,0,0,0
sensitivity_2,sprt,"alpha=0.001, beta=1.35e-08",test,136562B6-95B2-483D-88DC-065F28409FD2,24,323,0,0,0,0,0,0
sensitivity_2,sprt,"alpha=0.001, beta=1.35e-08",test,1538C99F-BA1E-4EFB-A949-6C7C47701B20,30,406,0,0,0,0,0,0
sensitivity_2,sprt,"alpha=0.001, beta=1.35e-08",test,1538C99F-BA1E-4EFB-A949-6C7C47701B20,31,875,1,1,2,80,0,0
sensitivity_2,sprt,"alpha=0.001, beta=1.35e-08",test,24E40C4C-A349-4F9F-93AB-01D00FB994AF,18,68,0,0,0,0,0,0
sensitivity_2,sprt,"alpha=0.001, beta=1.35e-08",test,24E40C4C-A349-4F9F-93AB-01D00FB994AF,19,374,1,0,1,24,0,0
sensitivity_2,sprt,"alpha=0.001, beta=1.35e-08",test,24E40C4C-A349-4F9F-93AB-01D00FB994AF,20,166,0,0,0,0,0,0
sensitivity_2,sprt,"alpha=0.001, beta=1.35e-08",test,24E40C4C-A349-4F9F-93AB-01D00FB994AF,21,120,0,0,0,0,0,0
sensitivity_2,sprt,"alpha=0.001, beta=1.35e-08",test,24E40C4C-A349-4F9F-93AB-01D00FB994AF,22,198,0,0,0,0,0,0
sensitivity_2,sprt,"alpha=0.001, beta=1.35e-08",test,2C32C23E-E30C-498A-8DD2-0EFB9150A02E,11,377,0,0,0,0,0,0
sensitivity_2,sprt,"alpha=0.001, beta=1.35e-08",test,2C32C23E-E30C-498A-8DD2-0EFB9150A02E,12,1298,0,0,0,0,0,0
sensitivity_2,sprt,"alpha=0.001, beta=1.35e-08",test,3600D531-0C55-44A7-AE95-A7A38519464E,27,170,1,0,1,19,0,0
sensitivity_2,sprt,"alpha=0.001, beta=1.35e-08",test,3600D531-0C55-44A7-AE95-A7A38519464E,28,205,0,0,0,0,0,0
sensitivity_2,sprt,"alpha=0.001, beta=1.35e-08",test,3600D531-0C55-44A7-AE95-A7A38519464E,31,23,0,0,0,0,0,0
sensitivity_2,sprt,"alpha=0.001, beta=1.35e-08",test,3600D531-0C55-44A7-AE95-A7A38519464E,32,612,0,0,0,0,0,0
sensitivity_2,sprt,"alpha=0.001, beta=1.35e-08",test,3600D531-0C55-44A7-AE95-A7A38519464E,33,22,0,0,0,0,0,0
sensitivity_2,sprt,"alpha=0.001, beta=1.35e-08",test,4FC32141-E888-4BFF-8804-12559A491D8C,12,67,0,0,0,0,0,0
sensitivity_2,sprt,"alpha=0.001, beta=1.35e-08",test,4FC32141-E888-4BFF-8804-12559A491D8C,13,164,0,0,0,0,0,0
sensitivity_2,sprt,"alpha=0.001, beta=1.35e-08",test,4FC32141-E888-4BFF-8804-12559A491D8C,14,59,0,0,0,0,0,0
sensitivity_2,sprt,"alpha=0.001, beta=1.35e-08",test,4FC32141-E888-4BFF-8804-12559A491D8C,15,677,0,0,0,0,0,0
sensitivity_2,sprt,"alpha=0.001, beta=1.35e-08",test,5119D0F8-FCA8-4184-A4EB-19421A40DE0D,11,461,0,0,0,0,0,0
sensitivity_2,sprt,"alpha=0.001, beta=1.35e-08",test,5119D0F8-FCA8-4184-A4EB-19421A40DE0D,12,125,0,0,0,0,0,0
sensitivity_2,sprt,"alpha=0.001, beta=1.35e-08",test,5119D0F8-FCA8-4184-A4EB-19421A40DE0D,13,709,0,0,0,0,0,0
sensitivity_2,sprt,"alpha=0.001, beta=1.35e-08",test,5152A2DF-FAF3-4BA8-9CA9-E66B32671A53,9,775,1,1,2,22,0,0
sensitivity_2,sprt,"alpha=0.001, beta=1.35e-08",test,5152A2DF-FAF3-4BA8-9CA9-E66B32671A53,10,501,0,0,0,0,0,0
sensitivity_2,sprt,"alpha=0.001, beta=1.35e-08",test,5152A2DF-FAF3-4BA8-9CA9-E66B32671A53,11,19,0,0,0,0,0,0
sensitivity_2,sprt,"alpha=0.001, beta=1.35e-08",test,5EF64122-B513-46AE-BCF1-E62AAC285D2C,12,178,0,0,0,0,0,0
sensitivity_2,sprt,"alpha=0.001, beta=1.35e-08",test,5EF64122-B513-46AE-BCF1-E62AAC285D2C,13,576,0,0,0,0,0,0
sensitivity_2,sprt,"alpha=0.001, beta=1.35e-08",test,61976C24-1C50-4355-9C49-AAE44A7D09F6,48,1717,0,0,0,0,0,0
sensitivity_2,sprt,"alpha=0.001, beta=1.35e-08",test,78A91A4E-4A51-4065-BDA7-94755F0BB3BB,8,2371,6,6,12,140,0,0
sensitivity_2,sprt,"alpha=0.001, beta=1.35e-08",test,7CE37510-56D0-4120-A1CF-0E23351428D2,8,1924,0,0,0,0,0,0
sensitivity_2,sprt,"alpha=0.001, beta=1.35e-08",test,8023FE1A-D3B0-4E2C-A57A-9321B7FC755F,26,745,1,1,2,7,0,0
sensitivity_2,sprt,"alpha=0.001, beta=1.35e-08",test,8023FE1A-D3B0-4E2C-A57A-9321B7FC755F,27,1064,1,1,2,83,0,0
sensitivity_2,sprt,"alpha=0.001, beta=1.35e-08",test,83CF687B-7CEC-434B-9FE8-00C3D5799BE6,9,1394,6,6,12,331,0,0
sensitivity_2,sprt,"alpha=0.001, beta=1.35e-08",test,83CF687B-7CEC-434B-9FE8-00C3D5799BE6,10,485,0,0,0,0,0,0
sensitivity_2,sprt,"alpha=0.001, beta=1.35e-08",test,9759096F-1119-4E19-A0AD-6F16989C7E1C,6,776,1,1,2,167,0,0
sensitivity_2,sprt,"alpha=0.001, beta=1.35e-08",test,9759096F-1119-4E19-A0AD-6F16989C7E1C,7,1178,0,0,0,0,0,0
sensitivity_2,sprt,"alpha=0.001, beta=1.35e-08",test,9DC38D04-E82E-4F29-AB52-B476535226F2,20,1909,1,1,2,6,0,0
sensitivity_2,sprt,"alpha=0.001, beta=1.35e-08",test,A5CDF89D-02A2-4EC1-89F8-F534FDABDD96,16,350,0,0,0,0,0,0
sensitivity_2,sprt,"alpha=0.001, beta=1.35e-08",test,A5CDF89D-02A2-4EC1-89F8-F534FDABDD96,17,470,0,0,0,0,0,0
sensitivity_2,sprt,"alpha=0.001, beta=1.35e-08",test,A5CDF89D-02A2-4EC1-89F8-F534FDABDD96,18,359,0,0,0,0,0,0
sensitivity_2,sprt,"alpha=0.001, beta=1.35e-08",test,A76A5AF5-5A93-4CF2-A16E-62353BB70E8A,4,555,0,0,0,0,0,0
sensitivity_2,sprt,"alpha=0.001, beta=1.35e-08",test,A76A5AF5-5A93-4CF2-A16E-62353BB70E8A,5,920,0,0,0,0,0,0
sensitivity_2,sprt,"alpha=0.001, beta=1.35e-08",test,B09E373F-8A54-44C8-895B-0039390B859F,11,566,0,0,0,0,0,0
sensitivity_2,sprt,"alpha=0.001, beta=1.35e-08",test,B09E373F-8A54-44C8-895B-0039390B859F,12,833,0,0,0,0,0,0
sensitivity_2,sprt,"alpha=0.001, beta=1.35e-08",test,B09E373F-8A54-44C8-895B-0039390B859F,14,198,0,0,0,0,0,0
sensitivity_2,sprt,"alpha=0.001, beta=1.35e-08",test,B9724848-C7E2-45F4-9B3F-A1F38D864495,15,484,2,1,3,32,0,0
sensitivity_2,sprt,"alpha=0.001, beta=1.35e-08",test,B9724848-C7E2-45F4-9B3F-A1F38D864495,16,1013,1,1,2,202,0,0
sensitivity_2,sprt,"alpha=0.001, beta=1.35e-08",test,BE3CA5A6-A561-4BBD-B7C9-5DF6805400FC,18,223,0,0,0,0,0,0
sensitivity_2,sprt,"alpha=0.001, beta=1.35e-08",test,BE3CA5A6-A561-4BBD-B7C9-5DF6805400FC,19,1410,4,3,7,408,0,0
sensitivity_2,sprt,"alpha=0.001, beta=1.35e-08",test,C48CE857-A0DD-4DDB-BEA5-3A25449B2153,34,134,0,0,0,0,0,0
sensitivity_2,sprt,"alpha=0.001, beta=1.35e-08",test,C48CE857-A0DD-4DDB-BEA5-3A25449B2153,35,109,0,0,0,0,0,0
sensitivity_2,sprt,"alpha=0.001, beta=1.35e-08",test,C48CE857-A0DD-4DDB-BEA5-3A25449B2153,36,169,0,0,0,0,0,0
sensitivity_2,sprt,"alpha=0.001, beta=1.35e-08",test,C48CE857-A0DD-4DDB-BEA5-3A25449B2153,37,133,0,0,0,0,0,0
sensitivity_2,sprt,"alpha=0.001, beta=1.35e-08",test,C48CE857-A0DD-4DDB-BEA5-3A25449B2153,38,307,0,0,0,0,0,0
sensitivity_2,sprt,"alpha=0.001, beta=1.35e-08",test,C48CE857-A0DD-4DDB-BEA5-3A25449B2153,39,85,0,0,0,0,0,0
sensitivity_2,sprt,"alpha=0.001, beta=1.35e-08",test,CA820D43-E5E2-42EF-9798-BE56F776370B,10,997,1,1,2,32,0,0
sensitivity_2,sprt,"alpha=0.001, beta=1.35e-08",test,CA820D43-E5E2-42EF-9798-BE56F776370B,12,546,1,1,2,5,1,1
sensitivity_2,sprt,"alpha=0.001, beta=1.35e-08",test,CDA3BBF7-6631-45E8-85BA-EEB416B32A3C,5,537,0,0,0,0,0,0
sensitivity_2,sprt,"alpha=0.001, beta=1.35e-08",test,CF722AA9-2533-4E51-9FEB-9EAC84EE9AAC,11,112,0,0,0,0,0,0
sensitivity_2,sprt,"alpha=0.001, beta=1.35e-08",test,CF722AA9-2533-4E51-9FEB-9EAC84EE9AAC,12,371,0,0,0,0,0,0
sensitivity_2,sprt,"alpha=0.001, beta=1.35e-08",test,CF722AA9-2533-4E51-9FEB-9EAC84EE9AAC,13,138,0,0,0,0,0,0
sensitivity_2,sprt,"alpha=0.001, beta=1.35e-08",test,CF722AA9-2533-4E51-9FEB-9EAC84EE9AAC,14,73,0,0,0,0,0,0
sensitivity_2,sprt,"alpha=0.001, beta=1.35e-08",test,D7D20E2E-FC78-405D-B346-DBD3FD8FC92B,14,121,0,0,0,0,0,0
sensitivity_2,sprt,"alpha=0.001, beta=1.35e-08",test,D7D20E2E-FC78-405D-B346-DBD3FD8FC92B,15,826,1,1,2,58,0,0
sensitivity_2,sprt,"alpha=0.001, beta=1.35e-08",test,D7D20E2E-FC78-405D-B346-DBD3FD8FC92B,16,265,0,0,0,0,0,0
sensitivity_2,sprt,"alpha=0.001, beta=1.35e-08",test,E65577C1-8D5D-4F70-AF23-B3ADB9D3DBA3,5,657,2,2,4,263,0,0
sensitivity_2,sprt,"alpha=0.001, beta=1.35e-08",test,ECECC2AB-D32F-4F90-B74C-E12A1C69BBE2,17,603,0,0,0,0,0,0
sensitivity_2,sprt,"alpha=0.001, beta=1.35e-08",test,ECECC2AB-D32F-4F90-B74C-E12A1C69BBE2,18,74,0,0,0,0,0,0
sensitivity_2,sprt,"alpha=0.001, beta=1.35e-08",test,FDAA70A1-42A3-4E3F-9AE3-3FDA412E03BF,20,966,2,2,4,56,0,0
sensitivity_2,hmm,"rho=0.1, theta=0.0009111",test,00EABED2-271D-49D8-B599-1D4A09240601,25,300,2,2,4,4,2,2
sensitivity_2,hmm,"rho=0.1, theta=0.0009111",test,00EABED2-271D-49D8-B599-1D4A09240601,42,96,10,10,20,33,16,9
sensitivity_2,hmm,"rho=0.1, theta=0.0009111",test,00EABED2-271D-49D8-B599-1D4A09240601,44,12,0,0,0,0,0,0
sensitivity_2,hmm,"rho=0.1, theta=0.0009111",test,098A72A5-E3E5-4F54-A152-BBDA0DF7B694,15,114,0,0,0,0,0,0
sensitivity_2,hmm,"rho=0.1, theta=0.0009111",test,098A72A5-E3E5-4F54-A152-BBDA0DF7B694,16,733,0,0,0,0,0,0
sensitivity_2,hmm,"rho=0.1, theta=0.0009111",test,098A72A5-E3E5-4F54-A152-BBDA0DF7B694,17,292,0,0,0,0,0,0
sensitivity_2,hmm,"rho=0.1, theta=0.0009111",test,098A72A5-E3E5-4F54-A152-BBDA0DF7B694,18,91,0,0,0,0,0,0
sensitivity_2,hmm,"rho=0.1, theta=0.0009111",test,098A72A5-E3E5-4F54-A152-BBDA0DF7B694,19,104,0,0,0,0,0,0
sensitivity_2,hmm,"rho=0.1, theta=0.0009111",test,0A986513-7828-4D53-AA1F-E02D6DF9561B,8,763,2,2,4,2,3,2
sensitivity_2,hmm,"rho=0.1, theta=0.0009111",test,11B5EC4D-4133-4289-B475-4E737182A406,7,1407,0,0,0,0,0,0
sensitivity_2,hmm,"rho=0.1, theta=0.0009111",test,11B5EC4D-4133-4289-B475-4E737182A406,8,333,0,0,0,0,0,0
sensitivity_2,hmm,"rho=0.1, theta=0.0009111",test,136562B6-95B2-483D-88DC-065F28409FD2,22,145,0,0,0,0,0,0
sensitivity_2,hmm,"rho=0.1, theta=0.0009111",test,136562B6-95B2-483D-88DC-065F28409FD2,23,747,0,0,0,0,0,0
sensitivity_2,hmm,"rho=0.1, theta=0.0009111",test,136562B6-95B2-483D-88DC-065F28409FD2,24,323,0,0,0,0,0,0
sensitivity_2,hmm,"rho=0.1, theta=0.0009111",test,1538C99F-BA1E-4EFB-A949-6C7C47701B20,30,406,0,0,0,0,0,0
sensitivity_2,hmm,"rho=0.1, theta=0.0009111",test,1538C99F-BA1E-4EFB-A949-6C7C47701B20,31,875,8,8,16,62,12,5
sensitivity_2,hmm,"rho=0.1, theta=0.0009111",test,24E40C4C-A349-4F9F-93AB-01D00FB994AF,18,68,0,0,0,0,0,0
sensitivity_2,hmm,"rho=0.1, theta=0.0009111",test,24E40C4C-A349-4F9F-93AB-01D00FB994AF,19,374,1,1,2,1,1,1
sensitivity_2,hmm,"rho=0.1, theta=0.0009111",test,24E40C4C-A349-4F9F-93AB-01D00FB994AF,20,166,0,0,0,0,0,0
sensitivity_2,hmm,"rho=0.1, theta=0.0009111",test,24E40C4C-A349-4F9F-93AB-01D00FB994AF,21,120,0,0,0,0,0,0
sensitivity_2,hmm,"rho=0.1, theta=0.0009111",test,24E40C4C-A349-4F9F-93AB-01D00FB994AF,22,198,0,0,0,0,0,0
sensitivity_2,hmm,"rho=0.1, theta=0.0009111",test,2C32C23E-E30C-498A-8DD2-0EFB9150A02E,11,377,0,0,0,0,0,0
sensitivity_2,hmm,"rho=0.1, theta=0.0009111",test,2C32C23E-E30C-498A-8DD2-0EFB9150A02E,12,1298,0,0,0,0,0,0
sensitivity_2,hmm,"rho=0.1, theta=0.0009111",test,3600D531-0C55-44A7-AE95-A7A38519464E,27,170,4,3,7,11,4,2
sensitivity_2,hmm,"rho=0.1, theta=0.0009111",test,3600D531-0C55-44A7-AE95-A7A38519464E,28,205,0,0,0,0,0,0
sensitivity_2,hmm,"rho=0.1, theta=0.0009111",test,3600D531-0C55-44A7-AE95-A7A38519464E,31,23,0,0,0,0,0,0
sensitivity_2,hmm,"rho=0.1, theta=0.0009111",test,3600D531-0C55-44A7-AE95-A7A38519464E,32,612,0,0,0,0,0,0
sensitivity_2,hmm,"rho=0.1, theta=0.0009111",test,3600D531-0C55-44A7-AE95-A7A38519464E,33,22,0,0,0,0,0,0
sensitivity_2,hmm,"rho=0.1, theta=0.0009111",test,4FC32141-E888-4BFF-8804-12559A491D8C,12,67,0,0,0,0,0,0
sensitivity_2,hmm,"rho=0.1, theta=0.0009111",test,4FC32141-E888-4BFF-8804-12559A491D8C,13,164,0,0,0,0,0,0
sensitivity_2,hmm,"rho=0.1, theta=0.0009111",test,4FC32141-E888-4BFF-8804-12559A491D8C,14,59,0,0,0,0,0,0
sensitivity_2,hmm,"rho=0.1, theta=0.0009111",test,4FC32141-E888-4BFF-8804-12559A491D8C,15,677,0,0,0,0,0,0
sensitivity_2,hmm,"rho=0.1, theta=0.0009111",test,5119D0F8-FCA8-4184-A4EB-19421A40DE0D,11,461,0,0,0,0,0,0
sensitivity_2,hmm,"rho=0.1, theta=0.0009111",test,5119D0F8-FCA8-4184-A4EB-19421A40DE0D,12,125,0,0,0,0,0,0
sensitivity_2,hmm,"rho=0.1, theta=0.0009111",test,5119D0F8-FCA8-4184-A4EB-19421A40DE0D,13,709,0,0,0,0,0,0
sensitivity_2,hmm,"rho=0.1, theta=0.0009111",test,5152A2DF-FAF3-4BA8-9CA9-E66B32671A53,9,775,2,2,4,6,3,2
sensitivity_2,hmm,"rho=0.1, theta=0.0009111",test,5152A2DF-FAF3-4BA8-9CA9-E66B32671A53,10,501,0,0,0,0,0,0
sensitivity_2,hmm,"rho=0.1, theta=0.0009111",test,5152A2DF-FAF3-4BA8-9CA9-E66B32671A53,11,19,0,0,0,0,0,0
sensitivity_2,hmm,"rho=0.1, theta=0.0009111",test,5EF64122-B513-46AE-BCF1-E62AAC285D2C,12,178,0,0,0,0,0,0
sensitivity_2,hmm,"rho=0.1, theta=0.0009111",test,5EF64122-B513-46AE-BCF1-E62AAC285D2C,13,576,0,0,0,0,0,0
sensitivity_2,hmm,"rho=0.1, theta=0.0009111",test,61976C24-1C50-4355-9C49-AAE44A7D09F6,48,1717,0,0,0,0,0,0
sensitivity_2,hmm,"rho=0.1, theta=0.0009111",test,78A91A4E-4A51-4065-BDA7-94755F0BB3BB,8,2371,3,3,6,3,4,3
sensitivity_2,hmm,"rho=0.1, theta=0.0009111",test,7CE37510-56D0-4120-A1CF-0E23351428D2,8,1924,1,1,2,1,1,1
sensitivity_2,hmm,"rho=0.1, theta=0.0009111",test,8023FE1A-D3B0-4E2C-A57A-9321B7FC755F,26,745,0,0,0,0,0,0
sensitivity_2,hmm,"rho=0.1, theta=0.0009111",test,8023FE1A-D3B0-4E2C-A57A-9321B7FC755F,27,1064,2,2,4,3,3,2
sensitivity_2,hmm,"rho=0.1, theta=0.0009111",test,83CF687B-7CEC-434B-9FE8-00C3D5799BE6,9,1394,7,7,14,9,8,7
sensitivity_2,hmm,"rho=0.1, theta=0.0009111",test,83CF687B-7CEC-434B-9FE8-00C3D5799BE6,10,485,0,0,0,0,0,0
sensitivity_2,hmm,"rho=0.1, theta=0.0009111",test,9759096F-1119-4E19-A0AD-6F16989C7E1C,6,776,17,17,34,34,26,16
sensitivity_2,hmm,"rho=0.1, theta=0.0009111",test,9759096F-1119-4E19-A0AD-6F16989C7E1C,7,1178,1,1,2,1,1,1
sensitivity_2,hmm,"rho=0.1, theta=0.0009111",test,9DC38D04-E82E-4F29-AB52-B476535226F2,20,1909,0,0,0,0,0,0
sensitivity_2,hmm,"rho=0.1, theta=0.0009111",test,A5CDF89D-02A2-4EC1-89F8-F534FDABDD96,16,350,0,0,0,0,0,0
sensitivity_2,hmm,"rho=0.1, theta=0.0009111",test,A5CDF89D-02A2-4EC1-89F8-F534FDABDD96,17,470,0,0,0,0,0,0
sensitivity_2,hmm,"rho=0.1, theta=0.0009111",test,A5CDF89D-02A2-4EC1-89F8-F534FDABDD96,18,359,0,0,0,0,0,0
sensitivity_2,hmm,"rho=0.1, theta=0.0009111",test,A76A5AF5-5A93-4CF2-A16E-62353BB70E8A,4,555,0,0,0,0,0,0
sensitivity_2,hmm,"rho=0.1, theta=0.0009111",test,A76A5AF5-5A93-4CF2-A16E-62353BB70E8A,5,920,0,0,0,0,0,0
sensitivity_2,hmm,"rho=0.1, theta=0.0009111",test,B09E373F-8A54-44C8-895B-0039390B859F,11,566,0,0,0,0,0,0
sensitivity_2,hmm,"rho=0.1, theta=0.0009111",test,B09E373F-8A54-44C8-895B-0039390B859F,12,833,0,0,0,0,0,0
sensitivity_2,hmm,"rho=0.1, theta=0.0009111",test,B09E373F-8A54-44C8-895B-0039390B859F,14,198,0,0,0,0,0,0
sensitivity_2,hmm,"rho=0.1, theta=0.0009111",test,B9724848-C7E2-45F4-9B3F-A1F38D864495,15,484,6,6,12,8,9,6
sensitivity_2,hmm,"rho=0.1, theta=0.0009111",test,B9724848-C7E2-45F4-9B3F-A1F38D864495,16,1013,11,11,22,17,16,11
sensitivity_2,hmm,"rho=0.1, theta=0.0009111",test,BE3CA5A6-A561-4BBD-B7C9-5DF6805400FC,18,223,0,0,0,0,0,0
sensitivity_2,hmm,"rho=0.1, theta=0.0009111",test,BE3CA5A6-A561-4BBD-B7C9-5DF6805400FC,19,1410,0,0,0,0,0,0
sensitivity_2,hmm,"rho=0.1, theta=0.0009111",test,C48CE857-A0DD-4DDB-BEA5-3A25449B2153,34,134,0,0,0,0,0,0
sensitivity_2,hmm,"rho=0.1, theta=0.0009111",test,C48CE857-A0DD-4DDB-BEA5-3A25449B2153,35,109,0,0,0,0,0,0
sensitivity_2,hmm,"rho=0.1, theta=0.0009111",test,C48CE857-A0DD-4DDB-BEA5-3A25449B2153,36,169,0,0,0,0,0,0
sensitivity_2,hmm,"rho=0.1, theta=0.0009111",test,C48CE857-A0DD-4DDB-BEA5-3A25449B2153,37,133,0,0,0,0,0,0
sensitivity_2,hmm,"rho=0.1, theta=0.0009111",test,C48CE857-A0DD-4DDB-BEA5-3A25449B2153,38,307,0,0,0,0,0,0
sensitivity_2,hmm,"rho=0.1, theta=0.0009111",test,C48CE857-A0DD-4DDB-BEA5-3A25449B2153,39,85,0,0,0,0,0,0
sensitivity_2,hmm,"rho=0.1, theta=0.0009111",test,CA820D43-E5E2-42EF-9798-BE56F776370B,10,997,3,3,6,3,4,3
sensitivity_2,hmm,"rho=0.1, theta=0.0009111",test,CA820D43-E5E2-42EF-9798-BE56F776370B,12,546,0,0,0,0,0,0
sensitivity_2,hmm,"rho=0.1, theta=0.0009111",test,CDA3BBF7-6631-45E8-85BA-EEB416B32A3C,5,537,0,0,0,0,0,0
sensitivity_2,hmm,"rho=0.1, theta=0.0009111",test,CF722AA9-2533-4E51-9FEB-9EAC84EE9AAC,11,112,0,0,0,0,0,0
sensitivity_2,hmm,"rho=0.1, theta=0.0009111",test,CF722AA9-2533-4E51-9FEB-9EAC84EE9AAC,12,371,0,0,0,0,0,0
sensitivity_2,hmm,"rho=0.1, theta=0.0009111",test,CF722AA9-2533-4E51-9FEB-9EAC84EE9AAC,13,138,0,0,0,0,0,0
sensitivity_2,hmm,"rho=0.1, theta=0.0009111",test,CF722AA9-2533-4E51-9FEB-9EAC84EE9AAC,14,73,0,0,0,0,0,0
sensitivity_2,hmm,"rho=0.1, theta=0.0009111",test,D7D20E2E-FC78-405D-B346-DBD3FD8FC92B,14,121,0,0,0,0,0,0
sensitivity_2,hmm,"rho=0.1, theta=0.0009111",test,D7D20E2E-FC78-405D-B346-DBD3FD8FC92B,15,826,0,0,0,0,0,0
sensitivity_2,hmm,"rho=0.1, theta=0.0009111",test,D7D20E2E-FC78-405D-B346-DBD3FD8FC92B,16,265,0,0,0,0,0,0
sensitivity_2,hmm,"rho=0.1, theta=0.0009111",test,E65577C1-8D5D-4F70-AF23-B3ADB9D3DBA3,5,657,19,19,38,34,32,18
sensitivity_2,hmm,"rho=0.1, theta=0.0009111",test,ECECC2AB-D32F-4F90-B74C-E12A1C69BBE2,17,603,0,0,0,0,0,0
sensitivity_2,hmm,"rho=0.1, theta=0.0009111",test,ECECC2AB-D32F-4F90-B74C-E12A1C69BBE2,18,74,0,0,0,0,0,0
sensitivity_2,hmm,"rho=0.1, theta=0.0009111",test,FDAA70A1-42A3-4E3F-9AE3-3FDA412E03BF,20,966,0,0,0,0,0,0
primary,threshold,theta=0.04311,val,00EABED2-271D-49D8-B599-1D4A09240601,23,428,3,3,6,11,4,2
primary,threshold,theta=0.04311,val,098A72A5-E3E5-4F54-A152-BBDA0DF7B694,5,174,0,0,0,0,0,0
primary,threshold,theta=0.04311,val,098A72A5-E3E5-4F54-A152-BBDA0DF7B694,6,134,0,0,0,0,0,0
primary,threshold,theta=0.04311,val,098A72A5-E3E5-4F54-A152-BBDA0DF7B694,7,13,0,0,0,0,0,0
primary,threshold,theta=0.04311,val,098A72A5-E3E5-4F54-A152-BBDA0DF7B694,8,275,0,0,0,0,0,0
primary,threshold,theta=0.04311,val,098A72A5-E3E5-4F54-A152-BBDA0DF7B694,9,459,0,0,0,0,0,0
primary,threshold,theta=0.04311,val,098A72A5-E3E5-4F54-A152-BBDA0DF7B694,10,75,0,0,0,0,0,0
primary,threshold,theta=0.04311,val,098A72A5-E3E5-4F54-A152-BBDA0DF7B694,11,44,0,0,0,0,0,0
primary,threshold,theta=0.04311,val,098A72A5-E3E5-4F54-A152-BBDA0DF7B694,13,156,0,0,0,0,0,0
primary,threshold,theta=0.04311,val,0A986513-7828-4D53-AA1F-E02D6DF9561B,6,763,8,8,16,13,13,8
primary,threshold,theta=0.04311,val,11B5EC4D-4133-4289-B475-4E737182A406,3,616,0,0,0,0,0,0
primary,threshold,theta=0.04311,val,11B5EC4D-4133-4289-B475-4E737182A406,4,799,3,3,6,3,4,3
primary,threshold,theta=0.04311,val,11B5EC4D-4133-4289-B475-4E737182A406,5,324,0,0,0,0,0,0
primary,threshold,theta=0.04311,val,136562B6-95B2-483D-88DC-065F28409FD2,17,181,0,0,0,0,0,0
primary,threshold,theta=0.04311,val,136562B6-95B2-483D-88DC-065F28409FD2,18,847,0,0,0,0,0,0
primary,threshold,theta=0.04311,val,136562B6-95B2-483D-88DC-065F28409FD2,19,80,0,0,0,0,0,0
primary,threshold,theta=0.04311,val,136562B6-95B2-483D-88DC-065F28409FD2,20,107,0,0,0,0,0,0
primary,threshold,theta=0.04311,val,1538C99F-BA1E-4EFB-A949-6C7C47701B20,25,291,1,1,2,1,1,1
primary,threshold,theta=0.04311,val,1538C99F-BA1E-4EFB-A949-6C7C47701B20,26,82,0,0,0,0,0,0
primary,threshold,theta=0.04311,val,1538C99F-BA1E-4EFB-A949-6C7C47701B20,27,160,1,1,2,1,1,1
primary,threshold,theta=0.04311,val,1538C99F-BA1E-4EFB-A949-6C7C47701B20,28,748,1,1,2,1,1,1
primary,threshold,theta=0.04311,val,24E40C4C-A349-4F9F-93AB-01D00FB994AF,12,236,0,0,0,0,0,0
primary,threshold,theta=0.04311,val,24E40C4C-A349-4F9F-93AB-01D00FB994AF,13,213,0,0,0,0,0,0
primary,threshold,theta=0.04311,val,24E40C4C-A349-4F9F-93AB-01D00FB994AF,14,141,0,0,0,0,0,0
primary,threshold,theta=0.04311,val,24E40C4C-A349-4F9F-93AB-01D00FB994AF,15,317,0,0,0,0,0,0
primary,threshold,theta=0.04311,val,24E40C4C-A349-4F9F-93AB-01D00FB994AF,16,18,0,0,0,0,0,0
primary,threshold,theta=0.04311,val,2C32C23E-E30C-498A-8DD2-0EFB9150A02E,9,1674,7,7,14,11,8,7
primary,threshold,theta=0.04311,val,3600D531-0C55-44A7-AE95-A7A38519464E,20,842,1,1,2,1,1,1
primary,threshold,theta=0.04311,val,3600D531-0C55-44A7-AE95-A7A38519464E,21,54,2,2,4,2,2,2
primary,threshold,theta=0.04311,val,3600D531-0C55-44A7-AE95-A7A38519464E,22,107,0,0,0,0,0,0
primary,threshold,theta=0.04311,val,3600D531-0C55-44A7-AE95-A7A38519464E,24,14,0,0,0,0,0,0
primary,threshold,theta=0.04311,val,4FC32141-E888-4BFF-8804-12559A491D8C,4,43,0,0,0,0,0,0
primary,threshold,theta=0.04311,val,4FC32141-E888-4BFF-8804-12559A491D8C,5,325,0,0,0,0,0,0
primary,threshold,theta=0.04311,val,4FC32141-E888-4BFF-8804-12559A491D8C,6,427,0,0,0,0,0,0
primary,threshold,theta=0.04311,val,4FC32141-E888-4BFF-8804-12559A491D8C,7,102,0,0,0,0,0,0
primary,threshold,theta=0.04311,val,4FC32141-E888-4BFF-8804-12559A491D8C,8,18,0,0,0,0,0,0
primary,threshold,theta=0.04311,val,4FC32141-E888-4BFF-8804-12559A491D8C,10,43,0,0,0,0,0,0
primary,threshold,theta=0.04311,val,5119D0F8-FCA8-4184-A4EB-19421A40DE0D,9,1294,4,4,8,6,6,4
primary,threshold,theta=0.04311,val,5152A2DF-FAF3-4BA8-9CA9-E66B32671A53,6,697,4,4,8,5,7,4
primary,threshold,theta=0.04311,val,5152A2DF-FAF3-4BA8-9CA9-E66B32671A53,7,597,0,0,0,0,0,0
primary,threshold,theta=0.04311,val,5EF64122-B513-46AE-BCF1-E62AAC285D2C,9,116,0,0,0,0,0,0
primary,threshold,theta=0.04311,val,5EF64122-B513-46AE-BCF1-E62AAC285D2C,10,637,2,2,4,2,2,2
primary,threshold,theta=0.04311,val,61976C24-1C50-4355-9C49-AAE44A7D09F6,46,1717,4,4,8,4,6,4
primary,threshold,theta=0.04311,val,78A91A4E-4A51-4065-BDA7-94755F0BB3BB,5,597,9,9,18,15,13,9
primary,threshold,theta=0.04311,val,78A91A4E-4A51-4065-BDA7-94755F0BB3BB,6,1773,0,0,0,0,0,0
primary,threshold,theta=0.04311,val,7CE37510-56D0-4120-A1CF-0E23351428D2,6,1923,5,5,10,5,5,5
primary,threshold,theta=0.04311,val,8023FE1A-D3B0-4E2C-A57A-9321B7FC755F,23,972,2,2,4,6,3,2
primary,threshold,theta=0.04311,val,8023FE1A-D3B0-4E2C-A57A-9321B7FC755F,24,836,1,1,2,1,1,1
primary,threshold,theta=0.04311,val,83CF687B-7CEC-434B-9FE8-00C3D5799BE6,7,1879,4,4,8,4,5,4
primary,threshold,theta=0.04311,val,9759096F-1119-4E19-A0AD-6F16989C7E1C,3,474,0,0,0,0,0,0
primary,threshold,theta=0.04311,val,9759096F-1119-4E19-A0AD-6F16989C7E1C,4,1489,2,2,4,2,2,2
primary,threshold,theta=0.04311,val,9DC38D04-E82E-4F29-AB52-B476535226F2,12,1543,4,4,8,4,4,4
primary,threshold,theta=0.04311,val,9DC38D04-E82E-4F29-AB52-B476535226F2,18,359,0,0,0,0,0,0
primary,threshold,theta=0.04311,val,A5CDF89D-02A2-4EC1-89F8-F534FDABDD96,12,62,0,0,0,0,0,0
primary,threshold,theta=0.04311,val,A5CDF89D-02A2-4EC1-89F8-F534FDABDD96,13,841,4,4,8,7,7,4
primary,threshold,theta=0.04311,val,A5CDF89D-02A2-4EC1-89F8-F534FDABDD96,14,276,1,1,2,1,1,1
primary,threshold,theta=0.04311,val,A76A5AF5-5A93-4CF2-A16E-62353BB70E8A,2,1475,1,1,2,1,1,1
primary,threshold,theta=0.04311,val,B09E373F-8A54-44C8-895B-0039390B859F,9,1598,4,4,8,4,6,4
primary,threshold,theta=0.04311,val,B9724848-C7E2-45F4-9B3F-A1F38D864495,10,85,0,0,0,0,0,0
primary,threshold,theta=0.04311,val,B9724848-C7E2-45F4-9B3F-A1F38D864495,11,522,7,7,14,7,10,7
primary,threshold,theta=0.04311,val,B9724848-C7E2-45F4-9B3F-A1F38D864495,13,880,3,3,6,3,3,3
primary,threshold,theta=0.04311,val,BE3CA5A6-A561-4BBD-B7C9-5DF6805400FC,13,681,0,0,0,0,0,0
primary,threshold,theta=0.04311,val,BE3CA5A6-A561-4BBD-B7C9-5DF6805400FC,14,79,0,0,0,0,0,0
primary,threshold,theta=0.04311,val,BE3CA5A6-A561-4BBD-B7C9-5DF6805400FC,15,430,0,0,0,0,0,0
primary,threshold,theta=0.04311,val,BE3CA5A6-A561-4BBD-B7C9-5DF6805400FC,16,442,0,0,0,0,0,0
primary,threshold,theta=0.04311,val,C48CE857-A0DD-4DDB-BEA5-3A25449B2153,25,150,0,0,0,0,0,0
primary,threshold,theta=0.04311,val,C48CE857-A0DD-4DDB-BEA5-3A25449B2153,26,40,0,0,0,0,0,0
primary,threshold,theta=0.04311,val,C48CE857-A0DD-4DDB-BEA5-3A25449B2153,28,151,0,0,0,0,0,0
primary,threshold,theta=0.04311,val,C48CE857-A0DD-4DDB-BEA5-3A25449B2153,30,239,0,0,0,0,0,0
primary,threshold,theta=0.04311,val,C48CE857-A0DD-4DDB-BEA5-3A25449B2153,31,282,0,0,0,0,0,0
primary,threshold,theta=0.04311,val,C48CE857-A0DD-4DDB-BEA5-3A25449B2153,32,115,0,0,0,0,0,0
primary,threshold,theta=0.04311,val,CA820D43-E5E2-42EF-9798-BE56F776370B,4,1146,3,3,6,3,4,3
primary,threshold,theta=0.04311,val,CA820D43-E5E2-42EF-9798-BE56F776370B,8,394,3,3,6,4,3,3
primary,threshold,theta=0.04311,val,CDA3BBF7-6631-45E8-85BA-EEB416B32A3C,2,227,1,1,2,1,1,1
primary,threshold,theta=0.04311,val,CDA3BBF7-6631-45E8-85BA-EEB416B32A3C,3,316,0,0,0,0,0,0
primary,threshold,theta=0.04311,val,CF722AA9-2533-4E51-9FEB-9EAC84EE9AAC,7,113,0,0,0,0,0,0
primary,threshold,theta=0.04311,val,CF722AA9-2533-4E51-9FEB-9EAC84EE9AAC,8,371,0,0,0,0,0,0
primary,threshold,theta=0.04311,val,CF722AA9-2533-4E51-9FEB-9EAC84EE9AAC,9,210,0,0,0,0,0,0
primary,threshold,theta=0.04311,val,D7D20E2E-FC78-405D-B346-DBD3FD8FC92B,7,175,0,0,0,0,0,0
primary,threshold,theta=0.04311,val,D7D20E2E-FC78-405D-B346-DBD3FD8FC92B,8,528,0,0,0,0,0,0
primary,threshold,theta=0.04311,val,D7D20E2E-FC78-405D-B346-DBD3FD8FC92B,9,42,1,1,2,2,1,1
primary,threshold,theta=0.04311,val,D7D20E2E-FC78-405D-B346-DBD3FD8FC92B,10,153,0,0,0,0,0,0
primary,threshold,theta=0.04311,val,D7D20E2E-FC78-405D-B346-DBD3FD8FC92B,11,292,0,0,0,0,0,0
primary,threshold,theta=0.04311,val,D7D20E2E-FC78-405D-B346-DBD3FD8FC92B,12,23,0,0,0,0,0,0
primary,threshold,theta=0.04311,val,E65577C1-8D5D-4F70-AF23-B3ADB9D3DBA3,3,659,1,1,2,1,1,1
primary,threshold,theta=0.04311,val,ECECC2AB-D32F-4F90-B74C-E12A1C69BBE2,12,232,0,0,0,0,0,0
primary,threshold,theta=0.04311,val,ECECC2AB-D32F-4F90-B74C-E12A1C69BBE2,13,35,0,0,0,0,0,0
primary,threshold,theta=0.04311,val,ECECC2AB-D32F-4F90-B74C-E12A1C69BBE2,14,204,1,1,2,4,1,1
primary,threshold,theta=0.04311,val,ECECC2AB-D32F-4F90-B74C-E12A1C69BBE2,15,206,0,0,0,0,0,0
primary,threshold,theta=0.04311,val,FDAA70A1-42A3-4E3F-9AE3-3FDA412E03BF,18,966,3,3,6,4,4,3
primary,moving_average,"k=2, theta=0.09975",val,00EABED2-271D-49D8-B599-1D4A09240601,23,428,2,2,4,12,2,1
primary,moving_average,"k=2, theta=0.09975",val,098A72A5-E3E5-4F54-A152-BBDA0DF7B694,5,174,0,0,0,0,0,0
primary,moving_average,"k=2, theta=0.09975",val,098A72A5-E3E5-4F54-A152-BBDA0DF7B694,6,134,1,1,2,1,1,1
primary,moving_average,"k=2, theta=0.09975",val,098A72A5-E3E5-4F54-A152-BBDA0DF7B694,7,13,0,0,0,0,0,0
primary,moving_average,"k=2, theta=0.09975",val,098A72A5-E3E5-4F54-A152-BBDA0DF7B694,8,275,0,0,0,0,0,0
primary,moving_average,"k=2, theta=0.09975",val,098A72A5-E3E5-4F54-A152-BBDA0DF7B694,9,459,0,0,0,0,0,0
primary,moving_average,"k=2, theta=0.09975",val,098A72A5-E3E5-4F54-A152-BBDA0DF7B694,10,75,0,0,0,0,0,0
primary,moving_average,"k=2, theta=0.09975",val,098A72A5-E3E5-4F54-A152-BBDA0DF7B694,11,44,0,0,0,0,0,0
primary,moving_average,"k=2, theta=0.09975",val,098A72A5-E3E5-4F54-A152-BBDA0DF7B694,13,156,0,0,0,0,0,0
primary,moving_average,"k=2, theta=0.09975",val,0A986513-7828-4D53-AA1F-E02D6DF9561B,6,763,3,3,6,18,3,2
primary,moving_average,"k=2, theta=0.09975",val,11B5EC4D-4133-4289-B475-4E737182A406,3,616,2,2,4,2,2,2
primary,moving_average,"k=2, theta=0.09975",val,11B5EC4D-4133-4289-B475-4E737182A406,4,799,2,2,4,2,3,2
primary,moving_average,"k=2, theta=0.09975",val,11B5EC4D-4133-4289-B475-4E737182A406,5,324,0,0,0,0,0,0
primary,moving_average,"k=2, theta=0.09975",val,136562B6-95B2-483D-88DC-065F28409FD2,17,181,0,0,0,0,0,0
primary,moving_average,"k=2, theta=0.09975",val,136562B6-95B2-483D-88DC-065F28409FD2,18,847,2,2,4,4,3,2
primary,moving_average,"k=2, theta=0.09975",val,136562B6-95B2-483D-88DC-065F28409FD2,19,80,0,0,0,0,0,0
primary,moving_average,"k=2, theta=0.09975",val,136562B6-95B2-483D-88DC-065F28409FD2,20,107,0,0,0,0,0,0
primary,moving_average,"k=2, theta=0.09975",val,1538C99F-BA1E-4EFB-A949-6C7C47701B20,25,291,0,0,0,0,0,0
primary,moving_average,"k=2, theta=0.09975",val,1538C99F-BA1E-4EFB-A949-6C7C47701B20,26,82,0,0,0,0,0,0
primary,moving_average,"k=2, theta=0.09975",val,1538C99F-BA1E-4EFB-A949-6C7C47701B20,27,160,0,0,0,0,0,0
primary,moving_average,"k=2, theta=0.09975",val,1538C99F-BA1E-4EFB-A949-6C7C47701B20,28,748,1,1,2,1,1,1
primary,moving_average,"k=2, theta=0.09975",val,24E40C4C-A349-4F9F-93AB-01D00FB994AF,12,236,0,0,0,0,0,0
primary,moving_average,"k=2, theta=0.09975",val,24E40C4C-A349-4F9F-93AB-01D00FB994AF,13,213,0,0,0,0,0,0
primary,moving_average,"k=2, theta=0.09975",val,24E40C4C-A349-4F9F-93AB-01D00FB994AF,14,141,0,0,0,0,0,0
primary,moving_average,"k=2, theta=0.09975",val,24E40C4C-A349-4F9F-93AB-01D00FB994AF,15,317,0,0,0,0,0,0
primary,moving_average,"k=2, theta=0.09975",val,24E40C4C-A349-4F9F-93AB-01D00FB994AF,16,18,0,0,0,0,0,0
primary,moving_average,"k=2, theta=0.09975",val,2C32C23E-E30C-498A-8DD2-0EFB9150A02E,9,1674,7,7,14,18,10,7
primary,moving_average,"k=2, theta=0.09975",val,3600D531-0C55-44A7-AE95-A7A38519464E,20,842,0,0,0,0,0,0
primary,moving_average,"k=2, theta=0.09975",val,3600D531-0C55-44A7-AE95-A7A38519464E,21,54,1,1,2,1,1,1
primary,moving_average,"k=2, theta=0.09975",val,3600D531-0C55-44A7-AE95-A7A38519464E,22,107,0,0,0,0,0,0
primary,moving_average,"k=2, theta=0.09975",val,3600D531-0C55-44A7-AE95-A7A38519464E,24,14,0,0,0,0,0,0
primary,moving_average,"k=2, theta=0.09975",val,4FC32141-E888-4BFF-8804-12559A491D8C,4,43,0,0,0,0,0,0
primary,moving_average,"k=2, theta=0.09975",val,4FC32141-E888-4BFF-8804-12559A491D8C,5,325,0,0,0,0,0,0
primary,moving_average,"k=2, theta=0.09975",val,4FC32141-E888-4BFF-8804-12559A491D8C,6,427,0,0,0,0,0,0
primary,moving_average,"k=2, theta=0.09975",val,4FC32141-E888-4BFF-8804-12559A491D8C,7,102,0,0,0,0,0,0
primary,moving_average,"k=2, theta=0.09975",val,4FC32141-E888-4BFF-8804-12559A491D8C,8,18,0,0,0,0,0,0
primary,moving_average,"k=2, theta=0.09975",val,4FC32141-E888-4BFF-8804-12559A491D8C,10,43,0,0,0,0,0,0
primary,moving_average,"k=2, theta=0.09975",val,5119D0F8-FCA8-4184-A4EB-19421A40DE0D,9,1294,9,9,18,17,14,8
primary,moving_average,"k=2, theta=0.09975",val,5152A2DF-FAF3-4BA8-9CA9-E66B32671A53,6,697,5,5,10,8,8,5
primary,moving_average,"k=2, theta=0.09975",val,5152A2DF-FAF3-4BA8-9CA9-E66B32671A53,7,597,0,0,0,0,0,0
primary,moving_average,"k=2, theta=0.09975",val,5EF64122-B513-46AE-BCF1-E62AAC285D2C,9,116,0,0,0,0,0,0
primary,moving_average,"k=2, theta=0.09975",val,5EF64122-B513-46AE-BCF1-E62AAC285D2C,10,637,1,1,2,2,1,1
primary,moving_average,"k=2, theta=0.09975",val,61976C24-1C50-4355-9C49-AAE44A7D09F6,46,1717,5,5,10,5,6,5
primary,moving_average,"k=2, theta=0.09975",val,78A91A4E-4A51-4065-BDA7-94755F0BB3BB,5,597,10,10,20,27,13,8
primary,moving_average,"k=2, theta=0.09975",val,78A91A4E-4A51-4065-BDA7-94755F0BB3BB,6,1773,0,0,0,0,0,0
primary,moving_average,"k=2, theta=0.09975",val,7CE37510-56D0-4120-A1CF-0E23351428D2,6,1923,3,3,6,3,3,3
primary,moving_average,"k=2, theta=0.09975",val,8023FE1A-D3B0-4E2C-A57A-9321B7FC755F,23,972,1,1,2,7,0,0
primary,moving_average,"k=2, theta=0.09975",val,8023FE1A-D3B0-4E2C-A57A-9321B7FC755F,24,836,1,1,2,1,1,1
primary,moving_average,"k=2, theta=0.09975",val,83CF687B-7CEC-434B-9FE8-00C3D5799BE6,7,1879,1,1,2,1,1,1
primary,moving_average,"k=2, theta=0.09975",val,9759096F-1119-4E19-A0AD-6F16989C7E1C,3,474,0,0,0,0,0,0
primary,moving_average,"k=2, theta=0.09975",val,9759096F-1119-4E19-A0AD-6F16989C7E1C,4,1489,2,2,4,3,2,2
primary,moving_average,"k=2, theta=0.09975",val,9DC38D04-E82E-4F29-AB52-B476535226F2,12,1543,1,1,2,1,1,1
primary,moving_average,"k=2, theta=0.09975",val,9DC38D04-E82E-4F29-AB52-B476535226F2,18,359,0,0,0,0,0,0
primary,moving_average,"k=2, theta=0.09975",val,A5CDF89D-02A2-4EC1-89F8-F534FDABDD96,12,62,0,0,0,0,0,0
primary,moving_average,"k=2, theta=0.09975",val,A5CDF89D-02A2-4EC1-89F8-F534FDABDD96,13,841,1,1,2,10,0,0
primary,moving_average,"k=2, theta=0.09975",val,A5CDF89D-02A2-4EC1-89F8-F534FDABDD96,14,276,0,0,0,0,0,0
primary,moving_average,"k=2, theta=0.09975",val,A76A5AF5-5A93-4CF2-A16E-62353BB70E8A,2,1475,0,0,0,0,0,0
primary,moving_average,"k=2, theta=0.09975",val,B09E373F-8A54-44C8-895B-0039390B859F,9,1598,3,3,6,5,3,3
primary,moving_average,"k=2, theta=0.09975",val,B9724848-C7E2-45F4-9B3F-A1F38D864495,10,85,0,0,0,0,0,0
primary,moving_average,"k=2, theta=0.09975",val,B9724848-C7E2-45F4-9B3F-A1F38D864495,11,522,3,3,6,3,4,3
primary,moving_average,"k=2, theta=0.09975",val,B9724848-C7E2-45F4-9B3F-A1F38D864495,13,880,2,2,4,3,2,2
primary,moving_average,"k=2, theta=0.09975",val,BE3CA5A6-A561-4BBD-B7C9-5DF6805400FC,13,681,0,0,0,0,0,0
primary,moving_average,"k=2, theta=0.09975",val,BE3CA5A6-A561-4BBD-B7C9-5DF6805400FC,14,79,0,0,0,0,0,0
primary,moving_average,"k=2, theta=0.09975",val,BE3CA5A6-A561-4BBD-B7C9-5DF6805400FC,15,430,0,0,0,0,0,0
primary,moving_average,"k=2, theta=0.09975",val,BE3CA5A6-A561-4BBD-B7C9-5DF6805400FC,16,442,0,0,0,0,0,0
primary,moving_average,"k=2, theta=0.09975",val,C48CE857-A0DD-4DDB-BEA5-3A25449B2153,25,150,0,0,0,0,0,0
primary,moving_average,"k=2, theta=0.09975",val,C48CE857-A0DD-4DDB-BEA5-3A25449B2153,26,40,0,0,0,0,0,0
primary,moving_average,"k=2, theta=0.09975",val,C48CE857-A0DD-4DDB-BEA5-3A25449B2153,28,151,0,0,0,0,0,0
primary,moving_average,"k=2, theta=0.09975",val,C48CE857-A0DD-4DDB-BEA5-3A25449B2153,30,239,0,0,0,0,0,0
primary,moving_average,"k=2, theta=0.09975",val,C48CE857-A0DD-4DDB-BEA5-3A25449B2153,31,282,0,0,0,0,0,0
primary,moving_average,"k=2, theta=0.09975",val,C48CE857-A0DD-4DDB-BEA5-3A25449B2153,32,115,0,0,0,0,0,0
primary,moving_average,"k=2, theta=0.09975",val,CA820D43-E5E2-42EF-9798-BE56F776370B,4,1146,3,3,6,3,3,3
primary,moving_average,"k=2, theta=0.09975",val,CA820D43-E5E2-42EF-9798-BE56F776370B,8,394,2,2,4,4,2,2
primary,moving_average,"k=2, theta=0.09975",val,CDA3BBF7-6631-45E8-85BA-EEB416B32A3C,2,227,1,1,2,2,1,1
primary,moving_average,"k=2, theta=0.09975",val,CDA3BBF7-6631-45E8-85BA-EEB416B32A3C,3,316,0,0,0,0,0,0
primary,moving_average,"k=2, theta=0.09975",val,CF722AA9-2533-4E51-9FEB-9EAC84EE9AAC,7,113,0,0,0,0,0,0
primary,moving_average,"k=2, theta=0.09975",val,CF722AA9-2533-4E51-9FEB-9EAC84EE9AAC,8,371,4,4,8,4,4,4
primary,moving_average,"k=2, theta=0.09975",val,CF722AA9-2533-4E51-9FEB-9EAC84EE9AAC,9,210,0,0,0,0,0,0
primary,moving_average,"k=2, theta=0.09975",val,D7D20E2E-FC78-405D-B346-DBD3FD8FC92B,7,175,0,0,0,0,0,0
primary,moving_average,"k=2, theta=0.09975",val,D7D20E2E-FC78-405D-B346-DBD3FD8FC92B,8,528,0,0,0,0,0,0
primary,moving_average,"k=2, theta=0.09975",val,D7D20E2E-FC78-405D-B346-DBD3FD8FC92B,9,42,1,1,2,1,1,1
primary,moving_average,"k=2, theta=0.09975",val,D7D20E2E-FC78-405D-B346-DBD3FD8FC92B,10,153,3,3,6,3,4,3
primary,moving_average,"k=2, theta=0.09975",val,D7D20E2E-FC78-405D-B346-DBD3FD8FC92B,11,292,0,0,0,0,0,0
primary,moving_average,"k=2, theta=0.09975",val,D7D20E2E-FC78-405D-B346-DBD3FD8FC92B,12,23,0,0,0,0,0,0
primary,moving_average,"k=2, theta=0.09975",val,E65577C1-8D5D-4F70-AF23-B3ADB9D3DBA3,3,659,4,4,8,5,4,4
primary,moving_average,"k=2, theta=0.09975",val,ECECC2AB-D32F-4F90-B74C-E12A1C69BBE2,12,232,0,0,0,0,0,0
primary,moving_average,"k=2, theta=0.09975",val,ECECC2AB-D32F-4F90-B74C-E12A1C69BBE2,13,35,0,0,0,0,0,0
primary,moving_average,"k=2, theta=0.09975",val,ECECC2AB-D32F-4F90-B74C-E12A1C69BBE2,14,204,1,1,2,4,1,1
primary,moving_average,"k=2, theta=0.09975",val,ECECC2AB-D32F-4F90-B74C-E12A1C69BBE2,15,206,0,0,0,0,0,0
primary,moving_average,"k=2, theta=0.09975",val,FDAA70A1-42A3-4E3F-9AE3-3FDA412E03BF,18,966,2,2,4,15,1,1
primary,ewma,"alpha=0.7, theta=0.1091",val,00EABED2-271D-49D8-B599-1D4A09240601,23,428,2,2,4,12,2,1
primary,ewma,"alpha=0.7, theta=0.1091",val,098A72A5-E3E5-4F54-A152-BBDA0DF7B694,5,174,0,0,0,0,0,0
primary,ewma,"alpha=0.7, theta=0.1091",val,098A72A5-E3E5-4F54-A152-BBDA0DF7B694,6,134,1,1,2,1,1,1
primary,ewma,"alpha=0.7, theta=0.1091",val,098A72A5-E3E5-4F54-A152-BBDA0DF7B694,7,13,0,0,0,0,0,0
primary,ewma,"alpha=0.7, theta=0.1091",val,098A72A5-E3E5-4F54-A152-BBDA0DF7B694,8,275,0,0,0,0,0,0
primary,ewma,"alpha=0.7, theta=0.1091",val,098A72A5-E3E5-4F54-A152-BBDA0DF7B694,9,459,0,0,0,0,0,0
primary,ewma,"alpha=0.7, theta=0.1091",val,098A72A5-E3E5-4F54-A152-BBDA0DF7B694,10,75,0,0,0,0,0,0
primary,ewma,"alpha=0.7, theta=0.1091",val,098A72A5-E3E5-4F54-A152-BBDA0DF7B694,11,44,0,0,0,0,0,0
primary,ewma,"alpha=0.7, theta=0.1091",val,098A72A5-E3E5-4F54-A152-BBDA0DF7B694,13,156,0,0,0,0,0,0
primary,ewma,"alpha=0.7, theta=0.1091",val,0A986513-7828-4D53-AA1F-E02D6DF9561B,6,763,3,3,6,17,3,2
primary,ewma,"alpha=0.7, theta=0.1091",val,11B5EC4D-4133-4289-B475-4E737182A406,3,616,0,0,0,0,0,0
primary,ewma,"alpha=0.7, theta=0.1091",val,11B5EC4D-4133-4289-B475-4E737182A406,4,799,2,2,4,2,3,2
primary,ewma,"alpha=0.7, theta=0.1091",val,11B5EC4D-4133-4289-B475-4E737182A406,5,324,0,0,0,0,0,0
primary,ewma,"alpha=0.7, theta=0.1091",val,136562B6-95B2-483D-88DC-065F28409FD2,17,181,0,0,0,0,0,0
primary,ewma,"alpha=0.7, theta=0.1091",val,136562B6-95B2-483D-88DC-065F28409FD2,18,847,2,2,4,5,3,2
primary,ewma,"alpha=0.7, theta=0.1091",val,136562B6-95B2-483D-88DC-065F28409FD2,19,80,0,0,0,0,0,0
primary,ewma,"alpha=0.7, theta=0.1091",val,136562B6-95B2-483D-88DC-065F28409FD2,20,107,0,0,0,0,0,0
primary,ewma,"alpha=0.7, theta=0.1091",val,1538C99F-BA1E-4EFB-A949-6C7C47701B20,25,291,0,0,0,0,0,0
primary,ewma,"alpha=0.7, theta=0.1091",val,1538C99F-BA1E-4EFB-A949-6C7C47701B20,26,82,0,0,0,0,0,0
primary,ewma,"alpha=0.7, theta=0.1091",val,1538C99F-BA1E-4EFB-A949-6C7C47701B20,27,160,0,0,0,0,0,0
primary,ewma,"alpha=0.7, theta=0.1091",val,1538C99F-BA1E-4EFB-A949-6C7C47701B20,28,748,1,1,2,1,1,1
primary,ewma,"alpha=0.7, theta=0.1091",val,24E40C4C-A349-4F9F-93AB-01D00FB994AF,12,236,0,0,0,0,0,0
primary,ewma,"alpha=0.7, theta=0.1091",val,24E40C4C-A349-4F9F-93AB-01D00FB994AF,13,213,0,0,0,0,0,0
primary,ewma,"alpha=0.7, theta=0.1091",val,24E40C4C-A349-4F9F-93AB-01D00FB994AF,14,141,0,0,0,0,0,0
primary,ewma,"alpha=0.7, theta=0.1091",val,24E40C4C-A349-4F9F-93AB-01D00FB994AF,15,317,0,0,0,0,0,0
primary,ewma,"alpha=0.7, theta=0.1091",val,24E40C4C-A349-4F9F-93AB-01D00FB994AF,16,18,0,0,0,0,0,0
primary,ewma,"alpha=0.7, theta=0.1091",val,2C32C23E-E30C-498A-8DD2-0EFB9150A02E,9,1674,8,8,16,18,13,8
primary,ewma,"alpha=0.7, theta=0.1091",val,3600D531-0C55-44A7-AE95-A7A38519464E,20,842,1,1,2,1,1,1
primary,ewma,"alpha=0.7, theta=0.1091",val,3600D531-0C55-44A7-AE95-A7A38519464E,21,54,2,2,4,3,3,2
primary,ewma,"alpha=0.7, theta=0.1091",val,3600D531-0C55-44A7-AE95-A7A38519464E,22,107,0,0,0,0,0,0
primary,ewma,"alpha=0.7, theta=0.1091",val,3600D531-0C55-44A7-AE95-A7A38519464E,24,14,0,0,0,0,0,0
primary,ewma,"alpha=0.7, theta=0.1091",val,4FC32141-E888-4BFF-8804-12559A491D8C,4,43,0,0,0,0,0,0
primary,ewma,"alpha=0.7, theta=0.1091",val,4FC32141-E888-4BFF-8804-12559A491D8C,5,325,0,0,0,0,0,0
primary,ewma,"alpha=0.7, theta=0.1091",val,4FC32141-E888-4BFF-8804-12559A491D8C,6,427,0,0,0,0,0,0
primary,ewma,"alpha=0.7, theta=0.1091",val,4FC32141-E888-4BFF-8804-12559A491D8C,7,102,0,0,0,0,0,0
primary,ewma,"alpha=0.7, theta=0.1091",val,4FC32141-E888-4BFF-8804-12559A491D8C,8,18,0,0,0,0,0,0
primary,ewma,"alpha=0.7, theta=0.1091",val,4FC32141-E888-4BFF-8804-12559A491D8C,10,43,0,0,0,0,0,0
primary,ewma,"alpha=0.7, theta=0.1091",val,5119D0F8-FCA8-4184-A4EB-19421A40DE0D,9,1294,9,9,18,18,14,8
primary,ewma,"alpha=0.7, theta=0.1091",val,5152A2DF-FAF3-4BA8-9CA9-E66B32671A53,6,697,7,7,14,10,12,7
primary,ewma,"alpha=0.7, theta=0.1091",val,5152A2DF-FAF3-4BA8-9CA9-E66B32671A53,7,597,0,0,0,0,0,0
primary,ewma,"alpha=0.7, theta=0.1091",val,5EF64122-B513-46AE-BCF1-E62AAC285D2C,9,116,0,0,0,0,0,0
primary,ewma,"alpha=0.7, theta=0.1091",val,5EF64122-B513-46AE-BCF1-E62AAC285D2C,10,637,1,1,2,1,1,1
primary,ewma,"alpha=0.7, theta=0.1091",val,61976C24-1C50-4355-9C49-AAE44A7D09F6,46,1717,6,6,12,7,9,6
primary,ewma,"alpha=0.7, theta=0.1091",val,78A91A4E-4A51-4065-BDA7-94755F0BB3BB,5,597,7,7,14,29,7,4
primary,ewma,"alpha=0.7, theta=0.1091",val,78A91A4E-4A51-4065-BDA7-94755F0BB3BB,6,1773,0,0,0,0,0,0
primary,ewma,"alpha=0.7, theta=0.1091",val,7CE37510-56D0-4120-A1CF-0E23351428D2,6,1923,3,3,6,4,4,3
primary,ewma,"alpha=0.7, theta=0.1091",val,8023FE1A-D3B0-4E2C-A57A-9321B7FC755F,23,972,1,1,2,7,0,0
primary,ewma,"alpha=0.7, theta=0.1091",val,8023FE1A-D3B0-4E2C-A57A-9321B7FC755F,24,836,0,0,0,0,0,0
primary,ewma,"alpha=0.7, theta=0.1091",val,83CF687B-7CEC-434B-9FE8-00C3D5799BE6,7,1879,3,3,6,3,4,3
primary,ewma,"alpha=0.7, theta=0.1091",val,9759096F-1119-4E19-A0AD-6F16989C7E1C,3,474,0,0,0,0,0,0
primary,ewma,"alpha=0.7, theta=0.1091",val,9759096F-1119-4E19-A0AD-6F16989C7E1C,4,1489,2,2,4,2,2,2
primary,ewma,"alpha=0.7, theta=0.1091",val,9DC38D04-E82E-4F29-AB52-B476535226F2,12,1543,3,3,6,3,3,3
primary,ewma,"alpha=0.7, theta=0.1091",val,9DC38D04-E82E-4F29-AB52-B476535226F2,18,359,0,0,0,0,0,0
primary,ewma,"alpha=0.7, theta=0.1091",val,A5CDF89D-02A2-4EC1-89F8-F534FDABDD96,12,62,0,0,0,0,0,0
primary,ewma,"alpha=0.7, theta=0.1091",val,A5CDF89D-02A2-4EC1-89F8-F534FDABDD96,13,841,1,1,2,10,0,0
primary,ewma,"alpha=0.7, theta=0.1091",val,A5CDF89D-02A2-4EC1-89F8-F534FDABDD96,14,276,0,0,0,0,0,0
primary,ewma,"alpha=0.7, theta=0.1091",val,A76A5AF5-5A93-4CF2-A16E-62353BB70E8A,2,1475,0,0,0,0,0,0
primary,ewma,"alpha=0.7, theta=0.1091",val,B09E373F-8A54-44C8-895B-0039390B859F,9,1598,4,4,8,6,5,4
primary,ewma,"alpha=0.7, theta=0.1091",val,B9724848-C7E2-45F4-9B3F-A1F38D864495,10,85,0,0,0,0,0,0
primary,ewma,"alpha=0.7, theta=0.1091",val,B9724848-C7E2-45F4-9B3F-A1F38D864495,11,522,5,5,10,7,8,5
primary,ewma,"alpha=0.7, theta=0.1091",val,B9724848-C7E2-45F4-9B3F-A1F38D864495,13,880,2,2,4,2,2,2
primary,ewma,"alpha=0.7, theta=0.1091",val,BE3CA5A6-A561-4BBD-B7C9-5DF6805400FC,13,681,0,0,0,0,0,0
primary,ewma,"alpha=0.7, theta=0.1091",val,BE3CA5A6-A561-4BBD-B7C9-5DF6805400FC,14,79,0,0,0,0,0,0
primary,ewma,"alpha=0.7, theta=0.1091",val,BE3CA5A6-A561-4BBD-B7C9-5DF6805400FC,15,430,0,0,0,0,0,0
primary,ewma,"alpha=0.7, theta=0.1091",val,BE3CA5A6-A561-4BBD-B7C9-5DF6805400FC,16,442,0,0,0,0,0,0
primary,ewma,"alpha=0.7, theta=0.1091",val,C48CE857-A0DD-4DDB-BEA5-3A25449B2153,25,150,0,0,0,0,0,0
primary,ewma,"alpha=0.7, theta=0.1091",val,C48CE857-A0DD-4DDB-BEA5-3A25449B2153,26,40,0,0,0,0,0,0
primary,ewma,"alpha=0.7, theta=0.1091",val,C48CE857-A0DD-4DDB-BEA5-3A25449B2153,28,151,0,0,0,0,0,0
primary,ewma,"alpha=0.7, theta=0.1091",val,C48CE857-A0DD-4DDB-BEA5-3A25449B2153,30,239,0,0,0,0,0,0
primary,ewma,"alpha=0.7, theta=0.1091",val,C48CE857-A0DD-4DDB-BEA5-3A25449B2153,31,282,0,0,0,0,0,0
primary,ewma,"alpha=0.7, theta=0.1091",val,C48CE857-A0DD-4DDB-BEA5-3A25449B2153,32,115,0,0,0,0,0,0
primary,ewma,"alpha=0.7, theta=0.1091",val,CA820D43-E5E2-42EF-9798-BE56F776370B,4,1146,1,1,2,1,1,1
primary,ewma,"alpha=0.7, theta=0.1091",val,CA820D43-E5E2-42EF-9798-BE56F776370B,8,394,3,3,6,3,4,3
primary,ewma,"alpha=0.7, theta=0.1091",val,CDA3BBF7-6631-45E8-85BA-EEB416B32A3C,2,227,0,0,0,0,0,0
primary,ewma,"alpha=0.7, theta=0.1091",val,CDA3BBF7-6631-45E8-85BA-EEB416B32A3C,3,316,0,0,0,0,0,0
primary,ewma,"alpha=0.7, theta=0.1091",val,CF722AA9-2533-4E51-9FEB-9EAC84EE9AAC,7,113,0,0,0,0,0,0
primary,ewma,"alpha=0.7, theta=0.1091",val,CF722AA9-2533-4E51-9FEB-9EAC84EE9AAC,8,371,3,3,6,4,4,3
primary,ewma,"alpha=0.7, theta=0.1091",val,CF722AA9-2533-4E51-9FEB-9EAC84EE9AAC,9,210,0,0,0,0,0,0
primary,ewma,"alpha=0.7, theta=0.1091",val,D7D20E2E-FC78-405D-B346-DBD3FD8FC92B,7,175,0,0,0,0,0,0
primary,ewma,"alpha=0.7, theta=0.1091",val,D7D20E2E-FC78-405D-B346-DBD3FD8FC92B,8,528,0,0,0,0,0,0
primary,ewma,"alpha=0.7, theta=0.1091",val,D7D20E2E-FC78-405D-B346-DBD3FD8FC92B,9,42,0,0,0,0,0,0
primary,ewma,"alpha=0.7, theta=0.1091",val,D7D20E2E-FC78-405D-B346-DBD3FD8FC92B,10,153,2,2,4,4,2,2
primary,ewma,"alpha=0.7, theta=0.1091",val,D7D20E2E-FC78-405D-B346-DBD3FD8FC92B,11,292,0,0,0,0,0,0
primary,ewma,"alpha=0.7, theta=0.1091",val,D7D20E2E-FC78-405D-B346-DBD3FD8FC92B,12,23,0,0,0,0,0,0
primary,ewma,"alpha=0.7, theta=0.1091",val,E65577C1-8D5D-4F70-AF23-B3ADB9D3DBA3,3,659,4,4,8,5,4,4
primary,ewma,"alpha=0.7, theta=0.1091",val,ECECC2AB-D32F-4F90-B74C-E12A1C69BBE2,12,232,0,0,0,0,0,0
primary,ewma,"alpha=0.7, theta=0.1091",val,ECECC2AB-D32F-4F90-B74C-E12A1C69BBE2,13,35,0,0,0,0,0,0
primary,ewma,"alpha=0.7, theta=0.1091",val,ECECC2AB-D32F-4F90-B74C-E12A1C69BBE2,14,204,1,1,2,5,1,1
primary,ewma,"alpha=0.7, theta=0.1091",val,ECECC2AB-D32F-4F90-B74C-E12A1C69BBE2,15,206,0,0,0,0,0,0
primary,ewma,"alpha=0.7, theta=0.1091",val,FDAA70A1-42A3-4E3F-9AE3-3FDA412E03BF,18,966,3,3,6,16,3,2
primary,majority_vote,"k=3, theta=0.1091",val,00EABED2-271D-49D8-B599-1D4A09240601,23,428,1,1,2,14,0,0
primary,majority_vote,"k=3, theta=0.1091",val,098A72A5-E3E5-4F54-A152-BBDA0DF7B694,5,174,0,0,0,0,0,0
primary,majority_vote,"k=3, theta=0.1091",val,098A72A5-E3E5-4F54-A152-BBDA0DF7B694,6,134,1,1,2,2,1,1
primary,majority_vote,"k=3, theta=0.1091",val,098A72A5-E3E5-4F54-A152-BBDA0DF7B694,7,13,0,0,0,0,0,0
primary,majority_vote,"k=3, theta=0.1091",val,098A72A5-E3E5-4F54-A152-BBDA0DF7B694,8,275,0,0,0,0,0,0
primary,majority_vote,"k=3, theta=0.1091",val,098A72A5-E3E5-4F54-A152-BBDA0DF7B694,9,459,0,0,0,0,0,0
primary,majority_vote,"k=3, theta=0.1091",val,098A72A5-E3E5-4F54-A152-BBDA0DF7B694,10,75,0,0,0,0,0,0
primary,majority_vote,"k=3, theta=0.1091",val,098A72A5-E3E5-4F54-A152-BBDA0DF7B694,11,44,0,0,0,0,0,0
primary,majority_vote,"k=3, theta=0.1091",val,098A72A5-E3E5-4F54-A152-BBDA0DF7B694,13,156,0,0,0,0,0,0
primary,majority_vote,"k=3, theta=0.1091",val,0A986513-7828-4D53-AA1F-E02D6DF9561B,6,763,3,3,6,21,3,2
primary,majority_vote,"k=3, theta=0.1091",val,11B5EC4D-4133-4289-B475-4E737182A406,3,616,1,1,2,2,1,1
primary,majority_vote,"k=3, theta=0.1091",val,11B5EC4D-4133-4289-B475-4E737182A406,4,799,2,2,4,4,3,2
primary,majority_vote,"k=3, theta=0.1091",val,11B5EC4D-4133-4289-B475-4E737182A406,5,324,0,0,0,0,0,0
primary,majority_vote,"k=3, theta=0.1091",val,136562B6-95B2-483D-88DC-065F28409FD2,17,181,0,0,0,0,0,0
primary,majority_vote,"k=3, theta=0.1091",val,136562B6-95B2-483D-88DC-065F28409FD2,18,847,1,1,2,3,1,1
primary,majority_vote,"k=3, theta=0.1091",val,136562B6-95B2-483D-88DC-065F28409FD2,19,80,0,0,0,0,0,0
primary,majority_vote,"k=3, theta=0.1091",val,136562B6-95B2-483D-88DC-065F28409FD2,20,107,0,0,0,0,0,0
primary,majority_vote,"k=3, theta=0.1091",val,1538C99F-BA1E-4EFB-A949-6C7C47701B20,25,291,1,1,2,1,1,1
primary,majority_vote,"k=3, theta=0.1091",val,1538C99F-BA1E-4EFB-A949-6C7C47701B20,26,82,0,0,0,0,0,0
primary,majority_vote,"k=3, theta=0.1091",val,1538C99F-BA1E-4EFB-A949-6C7C47701B20,27,160,0,0,0,0,0,0
primary,majority_vote,"k=3, theta=0.1091",val,1538C99F-BA1E-4EFB-A949-6C7C47701B20,28,748,1,1,2,1,1,1
primary,majority_vote,"k=3, theta=0.1091",val,24E40C4C-A349-4F9F-93AB-01D00FB994AF,12,236,0,0,0,0,0,0
primary,majority_vote,"k=3, theta=0.1091",val,24E40C4C-A349-4F9F-93AB-01D00FB994AF,13,213,0,0,0,0,0,0
primary,majority_vote,"k=3, theta=0.1091",val,24E40C4C-A349-4F9F-93AB-01D00FB994AF,14,141,0,0,0,0,0,0
primary,majority_vote,"k=3, theta=0.1091",val,24E40C4C-A349-4F9F-93AB-01D00FB994AF,15,317,0,0,0,0,0,0
primary,majority_vote,"k=3, theta=0.1091",val,24E40C4C-A349-4F9F-93AB-01D00FB994AF,16,18,0,0,0,0,0,0
primary,majority_vote,"k=3, theta=0.1091",val,2C32C23E-E30C-498A-8DD2-0EFB9150A02E,9,1674,7,7,14,20,9,7
primary,majority_vote,"k=3, theta=0.1091",val,3600D531-0C55-44A7-AE95-A7A38519464E,20,842,1,1,2,1,1,1
primary,majority_vote,"k=3, theta=0.1091",val,3600D531-0C55-44A7-AE95-A7A38519464E,21,54,1,1,2,3,1,1
primary,majority_vote,"k=3, theta=0.1091",val,3600D531-0C55-44A7-AE95-A7A38519464E,22,107,0,0,0,0,0,0
primary,majority_vote,"k=3, theta=0.1091",val,3600D531-0C55-44A7-AE95-A7A38519464E,24,14,0,0,0,0,0,0
primary,majority_vote,"k=3, theta=0.1091",val,4FC32141-E888-4BFF-8804-12559A491D8C,4,43,0,0,0,0,0,0
primary,majority_vote,"k=3, theta=0.1091",val,4FC32141-E888-4BFF-8804-12559A491D8C,5,325,0,0,0,0,0,0
primary,majority_vote,"k=3, theta=0.1091",val,4FC32141-E888-4BFF-8804-12559A491D8C,6,427,0,0,0,0,0,0
primary,majority_vote,"k=3, theta=0.1091",val,4FC32141-E888-4BFF-8804-12559A491D8C,7,102,0,0,0,0,0,0
primary,majority_vote,"k=3, theta=0.1091",val,4FC32141-E888-4BFF-8804-12559A491D8C,8,18,0,0,0,0,0,0
primary,majority_vote,"k=3, theta=0.1091",val,4FC32141-E888-4BFF-8804-12559A491D8C,10,43,0,0,0,0,0,0
primary,majority_vote,"k=3, theta=0.1091",val,5119D0F8-FCA8-4184-A4EB-19421A40DE0D,9,1294,5,5,10,25,6,4
primary,majority_vote,"k=3, theta=0.1091",val,5152A2DF-FAF3-4BA8-9CA9-E66B32671A53,6,697,3,3,6,8,3,3
primary,majority_vote,"k=3, theta=0.1091",val,5152A2DF-FAF3-4BA8-9CA9-E66B32671A53,7,597,0,0,0,0,0,0
primary,majority_vote,"k=3, theta=0.1091",val,5EF64122-B513-46AE-BCF1-E62AAC285D2C,9,116,0,0,0,0,0,0
primary,majority_vote,"k=3, theta=0.1091",val,5EF64122-B513-46AE-BCF1-E62AAC285D2C,10,637,1,1,2,3,1,1
primary,majority_vote,"k=3, theta=0.1091",val,61976C24-1C50-4355-9C49-AAE44A7D09F6,46,1717,4,4,8,11,3,3
primary,majority_vote,"k=3, theta=0.1091",val,78A91A4E-4A51-4065-BDA7-94755F0BB3BB,5,597,10,10,20,30,10,8
primary,majority_vote,"k=3, theta=0.1091",val,78A91A4E-4A51-4065-BDA7-94755F0BB3BB,6,1773,0,0,0,0,0,0
primary,majority_vote,"k=3, theta=0.1091",val,7CE37510-56D0-4120-A1CF-0E23351428D2,6,1923,5,5,10,7,6,5
primary,majority_vote,"k=3, theta=0.1091",val,8023FE1A-D3B0-4E2C-A57A-9321B7FC755F,23,972,1,1,2,8,0,0
primary,majority_vote,"k=3, theta=0.1091",val,8023FE1A-D3B0-4E2C-A57A-9321B7FC755F,24,836,1,1,2,2,1,1
primary,majority_vote,"k=3, theta=0.1091",val,83CF687B-7CEC-434B-9FE8-00C3D5799BE6,7,1879,4,4,8,5,5,4
primary,majority_vote,"k=3, theta=0.1091",val,9759096F-1119-4E19-A0AD-6F16989C7E1C,3,474,0,0,0,0,0,0
primary,majority_vote,"k=3, theta=0.1091",val,9759096F-1119-4E19-A0AD-6F16989C7E1C,4,1489,1,1,2,2,1,1
primary,majority_vote,"k=3, theta=0.1091",val,9DC38D04-E82E-4F29-AB52-B476535226F2,12,1543,2,2,4,3,2,2
primary,majority_vote,"k=3, theta=0.1091",val,9DC38D04-E82E-4F29-AB52-B476535226F2,18,359,0,0,0,0,0,0
primary,majority_vote,"k=3, theta=0.1091",val,A5CDF89D-02A2-4EC1-89F8-F534FDABDD96,12,62,0,0,0,0,0,0
primary,majority_vote,"k=3, theta=0.1091",val,A5CDF89D-02A2-4EC1-89F8-F534FDABDD96,13,841,1,1,2,11,0,0
primary,majority_vote,"k=3, theta=0.1091",val,A5CDF89D-02A2-4EC1-89F8-F534FDABDD96,14,276,2,2,4,2,3,2
primary,majority_vote,"k=3, theta=0.1091",val,A76A5AF5-5A93-4CF2-A16E-62353BB70E8A,2,1475,2,2,4,2,3,2
primary,majority_vote,"k=3, theta=0.1091",val,B09E373F-8A54-44C8-895B-0039390B859F,9,1598,1,1,2,4,1,1
primary,majority_vote,"k=3, theta=0.1091",val,B9724848-C7E2-45F4-9B3F-A1F38D864495,10,85,0,0,0,0,0,0
primary,majority_vote,"k=3, theta=0.1091",val,B9724848-C7E2-45F4-9B3F-A1F38D864495,11,522,3,3,6,9,3,2
primary,majority_vote,"k=3, theta=0.1091",val,B9724848-C7E2-45F4-9B3F-A1F38D864495,13,880,2,2,4,4,2,2
primary,majority_vote,"k=3, theta=0.1091",val,BE3CA5A6-A561-4BBD-B7C9-5DF6805400FC,13,681,0,0,0,0,0,0
primary,majority_vote,"k=3, theta=0.1091",val,BE3CA5A6-A561-4BBD-B7C9-5DF6805400FC,14,79,0,0,0,0,0,0
primary,majority_vote,"k=3, theta=0.1091",val,BE3CA5A6-A561-4BBD-B7C9-5DF6805400FC,15,430,0,0,0,0,0,0
primary,majority_vote,"k=3, theta=0.1091",val,BE3CA5A6-A561-4BBD-B7C9-5DF6805400FC,16,442,0,0,0,0,0,0
primary,majority_vote,"k=3, theta=0.1091",val,C48CE857-A0DD-4DDB-BEA5-3A25449B2153,25,150,0,0,0,0,0,0
primary,majority_vote,"k=3, theta=0.1091",val,C48CE857-A0DD-4DDB-BEA5-3A25449B2153,26,40,0,0,0,0,0,0
primary,majority_vote,"k=3, theta=0.1091",val,C48CE857-A0DD-4DDB-BEA5-3A25449B2153,28,151,0,0,0,0,0,0
primary,majority_vote,"k=3, theta=0.1091",val,C48CE857-A0DD-4DDB-BEA5-3A25449B2153,30,239,0,0,0,0,0,0
primary,majority_vote,"k=3, theta=0.1091",val,C48CE857-A0DD-4DDB-BEA5-3A25449B2153,31,282,0,0,0,0,0,0
primary,majority_vote,"k=3, theta=0.1091",val,C48CE857-A0DD-4DDB-BEA5-3A25449B2153,32,115,0,0,0,0,0,0
primary,majority_vote,"k=3, theta=0.1091",val,CA820D43-E5E2-42EF-9798-BE56F776370B,4,1146,3,3,6,6,3,3
primary,majority_vote,"k=3, theta=0.1091",val,CA820D43-E5E2-42EF-9798-BE56F776370B,8,394,2,2,4,5,2,2
primary,majority_vote,"k=3, theta=0.1091",val,CDA3BBF7-6631-45E8-85BA-EEB416B32A3C,2,227,1,1,2,2,1,1
primary,majority_vote,"k=3, theta=0.1091",val,CDA3BBF7-6631-45E8-85BA-EEB416B32A3C,3,316,0,0,0,0,0,0
primary,majority_vote,"k=3, theta=0.1091",val,CF722AA9-2533-4E51-9FEB-9EAC84EE9AAC,7,113,0,0,0,0,0,0
primary,majority_vote,"k=3, theta=0.1091",val,CF722AA9-2533-4E51-9FEB-9EAC84EE9AAC,8,371,3,3,6,6,3,3
primary,majority_vote,"k=3, theta=0.1091",val,CF722AA9-2533-4E51-9FEB-9EAC84EE9AAC,9,210,0,0,0,0,0,0
primary,majority_vote,"k=3, theta=0.1091",val,D7D20E2E-FC78-405D-B346-DBD3FD8FC92B,7,175,0,0,0,0,0,0
primary,majority_vote,"k=3, theta=0.1091",val,D7D20E2E-FC78-405D-B346-DBD3FD8FC92B,8,528,0,0,0,0,0,0
primary,majority_vote,"k=3, theta=0.1091",val,D7D20E2E-FC78-405D-B346-DBD3FD8FC92B,9,42,1,1,2,2,1,1
primary,majority_vote,"k=3, theta=0.1091",val,D7D20E2E-FC78-405D-B346-DBD3FD8FC92B,10,153,2,2,4,5,2,2
primary,majority_vote,"k=3, theta=0.1091",val,D7D20E2E-FC78-405D-B346-DBD3FD8FC92B,11,292,0,0,0,0,0,0
primary,majority_vote,"k=3, theta=0.1091",val,D7D20E2E-FC78-405D-B346-DBD3FD8FC92B,12,23,0,0,0,0,0,0
primary,majority_vote,"k=3, theta=0.1091",val,E65577C1-8D5D-4F70-AF23-B3ADB9D3DBA3,3,659,5,5,10,12,5,5
primary,majority_vote,"k=3, theta=0.1091",val,ECECC2AB-D32F-4F90-B74C-E12A1C69BBE2,12,232,0,0,0,0,0,0
primary,majority_vote,"k=3, theta=0.1091",val,ECECC2AB-D32F-4F90-B74C-E12A1C69BBE2,13,35,0,0,0,0,0,0
primary,majority_vote,"k=3, theta=0.1091",val,ECECC2AB-D32F-4F90-B74C-E12A1C69BBE2,14,204,1,1,2,6,0,0
primary,majority_vote,"k=3, theta=0.1091",val,ECECC2AB-D32F-4F90-B74C-E12A1C69BBE2,15,206,0,0,0,0,0,0
primary,majority_vote,"k=3, theta=0.1091",val,FDAA70A1-42A3-4E3F-9AE3-3FDA412E03BF,18,966,2,2,4,14,1,1
primary,debounce,"T=2, theta=0.1545",val,00EABED2-271D-49D8-B599-1D4A09240601,23,428,1,1,2,15,0,0
primary,debounce,"T=2, theta=0.1545",val,098A72A5-E3E5-4F54-A152-BBDA0DF7B694,5,174,0,0,0,0,0,0
primary,debounce,"T=2, theta=0.1545",val,098A72A5-E3E5-4F54-A152-BBDA0DF7B694,6,134,0,0,0,0,0,0
primary,debounce,"T=2, theta=0.1545",val,098A72A5-E3E5-4F54-A152-BBDA0DF7B694,7,13,0,0,0,0,0,0
primary,debounce,"T=2, theta=0.1545",val,098A72A5-E3E5-4F54-A152-BBDA0DF7B694,8,275,0,0,0,0,0,0
primary,debounce,"T=2, theta=0.1545",val,098A72A5-E3E5-4F54-A152-BBDA0DF7B694,9,459,0,0,0,0,0,0
primary,debounce,"T=2, theta=0.1545",val,098A72A5-E3E5-4F54-A152-BBDA0DF7B694,10,75,1,1,2,2,1,1
primary,debounce,"T=2, theta=0.1545",val,098A72A5-E3E5-4F54-A152-BBDA0DF7B694,11,44,0,0,0,0,0,0
primary,debounce,"T=2, theta=0.1545",val,098A72A5-E3E5-4F54-A152-BBDA0DF7B694,13,156,0,0,0,0,0,0
primary,debounce,"T=2, theta=0.1545",val,0A986513-7828-4D53-AA1F-E02D6DF9561B,6,763,3,3,6,24,2,2
primary,debounce,"T=2, theta=0.1545",val,11B5EC4D-4133-4289-B475-4E737182A406,3,616,3,3,6,8,3,3
primary,debounce,"T=2, theta=0.1545",val,11B5EC4D-4133-4289-B475-4E737182A406,4,799,3,3,6,6,4,3
primary,debounce,"T=2, theta=0.1545",val,11B5EC4D-4133-4289-B475-4E737182A406,5,324,0,0,0,0,0,0
primary,debounce,"T=2, theta=0.1545",val,136562B6-95B2-483D-88DC-065F28409FD2,17,181,0,0,0,0,0,0
primary,debounce,"T=2, theta=0.1545",val,136562B6-95B2-483D-88DC-065F28409FD2,18,847,1,1,2,15,0,0
primary,debounce,"T=2, theta=0.1545",val,136562B6-95B2-483D-88DC-065F28409FD2,19,80,0,0,0,0,0,0
primary,debounce,"T=2, theta=0.1545",val,136562B6-95B2-483D-88DC-065F28409FD2,20,107,2,2,4,6,2,2
primary,debounce,"T=2, theta=0.1545",val,1538C99F-BA1E-4EFB-A949-6C7C47701B20,25,291,1,1,2,4,1,1
primary,debounce,"T=2, theta=0.1545",val,1538C99F-BA1E-4EFB-A949-6C7C47701B20,26,82,0,0,0,0,0,0
primary,debounce,"T=2, theta=0.1545",val,1538C99F-BA1E-4EFB-A949-6C7C47701B20,27,160,0,0,0,0,0,0
primary,debounce,"T=2, theta=0.1545",val,1538C99F-BA1E-4EFB-A949-6C7C47701B20,28,748,0,0,0,0,0,0
primary,debounce,"T=2, theta=0.1545",val,24E40C4C-A349-4F9F-93AB-01D00FB994AF,12,236,0,0,0,0,0,0
primary,debounce,"T=2, theta=0.1545",val,24E40C4C-A349-4F9F-93AB-01D00FB994AF,13,213,0,0,0,0,0,0
primary,debounce,"T=2, theta=0.1545",val,24E40C4C-A349-4F9F-93AB-01D00FB994AF,14,141,0,0,0,0,0,0
primary,debounce,"T=2, theta=0.1545",val,24E40C4C-A349-4F9F-93AB-01D00FB994AF,15,317,1,1,2,2,1,1
primary,debounce,"T=2, theta=0.1545",val,24E40C4C-A349-4F9F-93AB-01D00FB994AF,16,18,0,0,0,0,0,0
primary,debounce,"T=2, theta=0.1545",val,2C32C23E-E30C-498A-8DD2-0EFB9150A02E,9,1674,5,5,10,32,5,3
primary,debounce,"T=2, theta=0.1545",val,3600D531-0C55-44A7-AE95-A7A38519464E,20,842,0,0,0,0,0,0
primary,debounce,"T=2, theta=0.1545",val,3600D531-0C55-44A7-AE95-A7A38519464E,21,54,1,1,2,5,1,1
primary,debounce,"T=2, theta=0.1545",val,3600D531-0C55-44A7-AE95-A7A38519464E,22,107,0,0,0,0,0,0
primary,debounce,"T=2, theta=0.1545",val,3600D531-0C55-44A7-AE95-A7A38519464E,24,14,0,0,0,0,0,0
primary,debounce,"T=2, theta=0.1545",val,4FC32141-E888-4BFF-8804-12559A491D8C,4,43,0,0,0,0,0,0
primary,debounce,"T=2, theta=0.1545",val,4FC32141-E888-4BFF-8804-12559A491D8C,5,325,0,0,0,0,0,0
primary,debounce,"T=2, theta=0.1545",val,4FC32141-E888-4BFF-8804-12559A491D8C,6,427,0,0,0,0,0,0
primary,debounce,"T=2, theta=0.1545",val,4FC32141-E888-4BFF-8804-12559A491D8C,7,102,0,0,0,0,0,0
primary,debounce,"T=2, theta=0.1545",val,4FC32141-E888-4BFF-8804-12559A491D8C,8,18,0,0,0,0,0,0
primary,debounce,"T=2, theta=0.1545",val,4FC32141-E888-4BFF-8804-12559A491D8C,10,43,0,0,0,0,0,0
primary,debounce,"T=2, theta=0.1545",val,5119D0F8-FCA8-4184-A4EB-19421A40DE0D,9,1294,6,6,12,33,7,4
primary,debounce,"T=2, theta=0.1545",val,5152A2DF-FAF3-4BA8-9CA9-E66B32671A53,6,697,4,4,8,16,5,3
primary,debounce,"T=2, theta=0.1545",val,5152A2DF-FAF3-4BA8-9CA9-E66B32671A53,7,597,0,0,0,0,0,0
primary,debounce,"T=2, theta=0.1545",val,5EF64122-B513-46AE-BCF1-E62AAC285D2C,9,116,0,0,0,0,0,0
primary,debounce,"T=2, theta=0.1545",val,5EF64122-B513-46AE-BCF1-E62AAC285D2C,10,637,1,1,2,3,1,1
primary,debounce,"T=2, theta=0.1545",val,61976C24-1C50-4355-9C49-AAE44A7D09F6,46,1717,4,4,8,23,4,2
primary,debounce,"T=2, theta=0.1545",val,78A91A4E-4A51-4065-BDA7-94755F0BB3BB,5,597,7,7,14,41,6,4
primary,debounce,"T=2, theta=0.1545",val,78A91A4E-4A51-4065-BDA7-94755F0BB3BB,6,1773,0,0,0,0,0,0
primary,debounce,"T=2, theta=0.1545",val,7CE37510-56D0-4120-A1CF-0E23351428D2,6,1923,4,4,8,10,5,4
primary,debounce,"T=2, theta=0.1545",val,8023FE1A-D3B0-4E2C-A57A-9321B7FC755F,23,972,1,1,2,8,0,0
primary,debounce,"T=2, theta=0.1545",val,8023FE1A-D3B0-4E2C-A57A-9321B7FC755F,24,836,1,1,2,2,1,1
primary,debounce,"T=2, theta=0.1545",val,83CF687B-7CEC-434B-9FE8-00C3D5799BE6,7,1879,3,3,6,11,2,2
primary,debounce,"T=2, theta=0.1545",val,9759096F-1119-4E19-A0AD-6F16989C7E1C,3,474,0,0,0,0,0,0
primary,debounce,"T=2, theta=0.1545",val,9759096F-1119-4E19-A0AD-6F16989C7E1C,4,1489,3,3,6,7,4,3
primary,debounce,"T=2, theta=0.1545",val,9DC38D04-E82E-4F29-AB52-B476535226F2,12,1543,3,3,6,6,3,3
primary,debounce,"T=2, theta=0.1545",val,9DC38D04-E82E-4F29-AB52-B476535226F2,18,359,0,0,0,0,0,0
primary,debounce,"T=2, theta=0.1545",val,A5CDF89D-02A2-4EC1-89F8-F534FDABDD96,12,62,0,0,0,0,0,0
primary,debounce,"T=2, theta=0.1545",val,A5CDF89D-02A2-4EC1-89F8-F534FDABDD96,13,841,4,4,8,19,3,3
primary,debounce,"T=2, theta=0.1545",val,A5CDF89D-02A2-4EC1-89F8-F534FDABDD96,14,276,2,2,4,6,2,2
primary,debounce,"T=2, theta=0.1545",val,A76A5AF5-5A93-4CF2-A16E-62353BB70E8A,2,1475,0,0,0,0,0,0
primary,debounce,"T=2, theta=0.1545",val,B09E373F-8A54-44C8-895B-0039390B859F,9,1598,3,3,6,18,2,1
primary,debounce,"T=2, theta=0.1545",val,B9724848-C7E2-45F4-9B3F-A1F38D864495,10,85,0,0,0,0,0,0
primary,debounce,"T=2, theta=0.1545",val,B9724848-C7E2-45F4-9B3F-A1F38D864495,11,522,3,3,6,11,2,2
primary,debounce,"T=2, theta=0.1545",val,B9724848-C7E2-45F4-9B3F-A1F38D864495,13,880,2,2,4,5,2,2
primary,debounce,"T=2, theta=0.1545",val,BE3CA5A6-A561-4BBD-B7C9-5DF6805400FC,13,681,0,0,0,0,0,0
primary,debounce,"T=2, theta=0.1545",val,BE3CA5A6-A561-4BBD-B7C9-5DF6805400FC,14,79,0,0,0,0,0,0
primary,debounce,"T=2, theta=0.1545",val,BE3CA5A6-A561-4BBD-B7C9-5DF6805400FC,15,430,0,0,0,0,0,0
primary,debounce,"T=2, theta=0.1545",val,BE3CA5A6-A561-4BBD-B7C9-5DF6805400FC,16,442,0,0,0,0,0,0
primary,debounce,"T=2, theta=0.1545",val,C48CE857-A0DD-4DDB-BEA5-3A25449B2153,25,150,0,0,0,0,0,0
primary,debounce,"T=2, theta=0.1545",val,C48CE857-A0DD-4DDB-BEA5-3A25449B2153,26,40,0,0,0,0,0,0
primary,debounce,"T=2, theta=0.1545",val,C48CE857-A0DD-4DDB-BEA5-3A25449B2153,28,151,0,0,0,0,0,0
primary,debounce,"T=2, theta=0.1545",val,C48CE857-A0DD-4DDB-BEA5-3A25449B2153,30,239,0,0,0,0,0,0
primary,debounce,"T=2, theta=0.1545",val,C48CE857-A0DD-4DDB-BEA5-3A25449B2153,31,282,1,1,2,2,1,1
primary,debounce,"T=2, theta=0.1545",val,C48CE857-A0DD-4DDB-BEA5-3A25449B2153,32,115,0,0,0,0,0,0
primary,debounce,"T=2, theta=0.1545",val,CA820D43-E5E2-42EF-9798-BE56F776370B,4,1146,3,3,6,6,3,3
primary,debounce,"T=2, theta=0.1545",val,CA820D43-E5E2-42EF-9798-BE56F776370B,8,394,2,2,4,7,2,2
primary,debounce,"T=2, theta=0.1545",val,CDA3BBF7-6631-45E8-85BA-EEB416B32A3C,2,227,1,1,2,2,1,1
primary,debounce,"T=2, theta=0.1545",val,CDA3BBF7-6631-45E8-85BA-EEB416B32A3C,3,316,0,0,0,0,0,0
primary,debounce,"T=2, theta=0.1545",val,CF722AA9-2533-4E51-9FEB-9EAC84EE9AAC,7,113,0,0,0,0,0,0
primary,debounce,"T=2, theta=0.1545",val,CF722AA9-2533-4E51-9FEB-9EAC84EE9AAC,8,371,5,5,10,31,5,3
primary,debounce,"T=2, theta=0.1545",val,CF722AA9-2533-4E51-9FEB-9EAC84EE9AAC,9,210,0,0,0,0,0,0
primary,debounce,"T=2, theta=0.1545",val,D7D20E2E-FC78-405D-B346-DBD3FD8FC92B,7,175,0,0,0,0,0,0
primary,debounce,"T=2, theta=0.1545",val,D7D20E2E-FC78-405D-B346-DBD3FD8FC92B,8,528,0,0,0,0,0,0
primary,debounce,"T=2, theta=0.1545",val,D7D20E2E-FC78-405D-B346-DBD3FD8FC92B,9,42,1,1,2,2,1,1
primary,debounce,"T=2, theta=0.1545",val,D7D20E2E-FC78-405D-B346-DBD3FD8FC92B,10,153,3,3,6,24,2,1
primary,debounce,"T=2, theta=0.1545",val,D7D20E2E-FC78-405D-B346-DBD3FD8FC92B,11,292,0,0,0,0,0,0
primary,debounce,"T=2, theta=0.1545",val,D7D20E2E-FC78-405D-B346-DBD3FD8FC92B,12,23,0,0,0,0,0,0
primary,debounce,"T=2, theta=0.1545",val,E65577C1-8D5D-4F70-AF23-B3ADB9D3DBA3,3,659,5,5,10,12,5,5
primary,debounce,"T=2, theta=0.1545",val,ECECC2AB-D32F-4F90-B74C-E12A1C69BBE2,12,232,0,0,0,0,0,0
primary,debounce,"T=2, theta=0.1545",val,ECECC2AB-D32F-4F90-B74C-E12A1C69BBE2,13,35,0,0,0,0,0,0
primary,debounce,"T=2, theta=0.1545",val,ECECC2AB-D32F-4F90-B74C-E12A1C69BBE2,14,204,1,1,2,8,0,0
primary,debounce,"T=2, theta=0.1545",val,ECECC2AB-D32F-4F90-B74C-E12A1C69BBE2,15,206,0,0,0,0,0,0
primary,debounce,"T=2, theta=0.1545",val,FDAA70A1-42A3-4E3F-9AE3-3FDA412E03BF,18,966,2,2,4,19,1,1
primary,margin,"m=0.3, theta=0.1978",val,00EABED2-271D-49D8-B599-1D4A09240601,23,428,1,1,2,14,0,0
primary,margin,"m=0.3, theta=0.1978",val,098A72A5-E3E5-4F54-A152-BBDA0DF7B694,5,174,0,0,0,0,0,0
primary,margin,"m=0.3, theta=0.1978",val,098A72A5-E3E5-4F54-A152-BBDA0DF7B694,6,134,0,0,0,0,0,0
primary,margin,"m=0.3, theta=0.1978",val,098A72A5-E3E5-4F54-A152-BBDA0DF7B694,7,13,0,0,0,0,0,0
primary,margin,"m=0.3, theta=0.1978",val,098A72A5-E3E5-4F54-A152-BBDA0DF7B694,8,275,0,0,0,0,0,0
primary,margin,"m=0.3, theta=0.1978",val,098A72A5-E3E5-4F54-A152-BBDA0DF7B694,9,459,0,0,0,0,0,0
primary,margin,"m=0.3, theta=0.1978",val,098A72A5-E3E5-4F54-A152-BBDA0DF7B694,10,75,0,0,0,0,0,0
primary,margin,"m=0.3, theta=0.1978",val,098A72A5-E3E5-4F54-A152-BBDA0DF7B694,11,44,0,0,0,0,0,0
primary,margin,"m=0.3, theta=0.1978",val,098A72A5-E3E5-4F54-A152-BBDA0DF7B694,13,156,0,0,0,0,0,0
primary,margin,"m=0.3, theta=0.1978",val,0A986513-7828-4D53-AA1F-E02D6DF9561B,6,763,4,4,8,20,4,3
primary,margin,"m=0.3, theta=0.1978",val,11B5EC4D-4133-4289-B475-4E737182A406,3,616,1,1,2,2,1,1
primary,margin,"m=0.3, theta=0.1978",val,11B5EC4D-4133-4289-B475-4E737182A406,4,799,4,4,8,7,6,4
primary,margin,"m=0.3, theta=0.1978",val,11B5EC4D-4133-4289-B475-4E737182A406,5,324,0,0,0,0,0,0
primary,margin,"m=0.3, theta=0.1978",val,136562B6-95B2-483D-88DC-065F28409FD2,17,181,0,0,0,0,0,0
primary,margin,"m=0.3, theta=0.1978",val,136562B6-95B2-483D-88DC-065F28409FD2,18,847,0,0,0,0,0,0
primary,margin,"m=0.3, theta=0.1978",val,136562B6-95B2-483D-88DC-065F28409FD2,19,80,0,0,0,0,0,0
primary,margin,"m=0.3, theta=0.1978",val,136562B6-95B2-483D-88DC-065F28409FD2,20,107,0,0,0,0,0,0
primary,margin,"m=0.3, theta=0.1978",val,1538C99F-BA1E-4EFB-A949-6C7C47701B20,25,291,1,1,2,1,1,1
primary,margin,"m=0.3, theta=0.1978",val,1538C99F-BA1E-4EFB-A949-6C7C47701B20,26,82,0,0,0,0,0,0
primary,margin,"m=0.3, theta=0.1978",val,1538C99F-BA1E-4EFB-A949-6C7C47701B20,27,160,1,1,2,1,1,1
primary,margin,"m=0.3, theta=0.1978",val,1538C99F-BA1E-4EFB-A949-6C7C47701B20,28,748,1,1,2,1,1,1
primary,margin,"m=0.3, theta=0.1978",val,24E40C4C-A349-4F9F-93AB-01D00FB994AF,12,236,0,0,0,0,0,0
primary,margin,"m=0.3, theta=0.1978",val,24E40C4C-A349-4F9F-93AB-01D00FB994AF,13,213,0,0,0,0,0,0
primary,margin,"m=0.3, theta=0.1978",val,24E40C4C-A349-4F9F-93AB-01D00FB994AF,14,141,0,0,0,0,0,0
primary,margin,"m=0.3, theta=0.1978",val,24E40C4C-A349-4F9F-93AB-01D00FB994AF,15,317,0,0,0,0,0,0
primary,margin,"m=0.3, theta=0.1978",val,24E40C4C-A349-4F9F-93AB-01D00FB994AF,16,18,0,0,0,0,0,0
primary,margin,"m=0.3, theta=0.1978",val,2C32C23E-E30C-498A-8DD2-0EFB9150A02E,9,1674,5,5,10,30,3,3
primary,margin,"m=0.3, theta=0.1978",val,3600D531-0C55-44A7-AE95-A7A38519464E,20,842,1,1,2,1,1,1
primary,margin,"m=0.3, theta=0.1978",val,3600D531-0C55-44A7-AE95-A7A38519464E,21,54,2,2,4,2,2,2
primary,margin,"m=0.3, theta=0.1978",val,3600D531-0C55-44A7-AE95-A7A38519464E,22,107,0,0,0,0,0,0
primary,margin,"m=0.3, theta=0.1978",val,3600D531-0C55-44A7-AE95-A7A38519464E,24,14,0,0,0,0,0,0
primary,margin,"m=0.3, theta=0.1978",val,4FC32141-E888-4BFF-8804-12559A491D8C,4,43,0,0,0,0,0,0
primary,margin,"m=0.3, theta=0.1978",val,4FC32141-E888-4BFF-8804-12559A491D8C,5,325,0,0,0,0,0,0
primary,margin,"m=0.3, theta=0.1978",val,4FC32141-E888-4BFF-8804-12559A491D8C,6,427,0,0,0,0,0,0
primary,margin,"m=0.3, theta=0.1978",val,4FC32141-E888-4BFF-8804-12559A491D8C,7,102,0,0,0,0,0,0
primary,margin,"m=0.3, theta=0.1978",val,4FC32141-E888-4BFF-8804-12559A491D8C,8,18,0,0,0,0,0,0
primary,margin,"m=0.3, theta=0.1978",val,4FC32141-E888-4BFF-8804-12559A491D8C,10,43,0,0,0,0,0,0
primary,margin,"m=0.3, theta=0.1978",val,5119D0F8-FCA8-4184-A4EB-19421A40DE0D,9,1294,2,2,4,12,1,1
primary,margin,"m=0.3, theta=0.1978",val,5152A2DF-FAF3-4BA8-9CA9-E66B32671A53,6,697,3,3,6,10,4,2
primary,margin,"m=0.3, theta=0.1978",val,5152A2DF-FAF3-4BA8-9CA9-E66B32671A53,7,597,0,0,0,0,0,0
primary,margin,"m=0.3, theta=0.1978",val,5EF64122-B513-46AE-BCF1-E62AAC285D2C,9,116,0,0,0,0,0,0
primary,margin,"m=0.3, theta=0.1978",val,5EF64122-B513-46AE-BCF1-E62AAC285D2C,10,637,2,2,4,3,2,2
primary,margin,"m=0.3, theta=0.1978",val,61976C24-1C50-4355-9C49-AAE44A7D09F6,46,1717,2,2,4,10,1,1
primary,margin,"m=0.3, theta=0.1978",val,78A91A4E-4A51-4065-BDA7-94755F0BB3BB,5,597,5,5,10,40,3,3
primary,margin,"m=0.3, theta=0.1978",val,78A91A4E-4A51-4065-BDA7-94755F0BB3BB,6,1773,0,0,0,0,0,0
primary,margin,"m=0.3, theta=0.1978",val,7CE37510-56D0-4120-A1CF-0E23351428D2,6,1923,6,6,12,12,7,6
primary,margin,"m=0.3, theta=0.1978",val,8023FE1A-D3B0-4E2C-A57A-9321B7FC755F,23,972,1,1,2,7,0,0
primary,margin,"m=0.3, theta=0.1978",val,8023FE1A-D3B0-4E2C-A57A-9321B7FC755F,24,836,1,1,2,3,1,1
primary,margin,"m=0.3, theta=0.1978",val,83CF687B-7CEC-434B-9FE8-00C3D5799BE6,7,1879,3,3,6,11,2,2
primary,margin,"m=0.3, theta=0.1978",val,9759096F-1119-4E19-A0AD-6F16989C7E1C,3,474,0,0,0,0,0,0
primary,margin,"m=0.3, theta=0.1978",val,9759096F-1119-4E19-A0AD-6F16989C7E1C,4,1489,2,2,4,10,1,1
primary,margin,"m=0.3, theta=0.1978",val,9DC38D04-E82E-4F29-AB52-B476535226F2,12,1543,5,5,10,15,5,4
primary,margin,"m=0.3, theta=0.1978",val,9DC38D04-E82E-4F29-AB52-B476535226F2,18,359,0,0,0,0,0,0
primary,margin,"m=0.3, theta=0.1978",val,A5CDF89D-02A2-4EC1-89F8-F534FDABDD96,12,62,0,0,0,0,0,0
primary,margin,"m=0.3, theta=0.1978",val,A5CDF89D-02A2-4EC1-89F8-F534FDABDD96,13,841,1,1,2,11,0,0
primary,margin,"m=0.3, theta=0.1978",val,A5CDF89D-02A2-4EC1-89F8-F534FDABDD96,14,276,1,1,2,3,1,1
primary,margin,"m=0.3, theta=0.1978",val,A76A5AF5-5A93-4CF2-A16E-62353BB70E8A,2,1475,2,2,4,2,2,2
primary,margin,"m=0.3, theta=0.1978",val,B09E373F-8A54-44C8-895B-0039390B859F,9,1598,2,2,4,9,1,1
primary,margin,"m=0.3, theta=0.1978",val,B9724848-C7E2-45F4-9B3F-A1F38D864495,10,85,0,0,0,0,0,0
primary,margin,"m=0.3, theta=0.1978",val,B9724848-C7E2-45F4-9B3F-A1F38D864495,11,522,5,5,10,16,4,4
primary,margin,"m=0.3, theta=0.1978",val,B9724848-C7E2-45F4-9B3F-A1F38D864495,13,880,3,3,6,7,3,3
primary,margin,"m=0.3, theta=0.1978",val,BE3CA5A6-A561-4BBD-B7C9-5DF6805400FC,13,681,0,0,0,0,0,0
primary,margin,"m=0.3, theta=0.1978",val,BE3CA5A6-A561-4BBD-B7C9-5DF6805400FC,14,79,0,0,0,0,0,0
primary,margin,"m=0.3, theta=0.1978",val,BE3CA5A6-A561-4BBD-B7C9-5DF6805400FC,15,430,0,0,0,0,0,0
primary,margin,"m=0.3, theta=0.1978",val,BE3CA5A6-A561-4BBD-B7C9-5DF6805400FC,16,442,0,0,0,0,0,0
primary,margin,"m=0.3, theta=0.1978",val,C48CE857-A0DD-4DDB-BEA5-3A25449B2153,25,150,0,0,0,0,0,0
primary,margin,"m=0.3, theta=0.1978",val,C48CE857-A0DD-4DDB-BEA5-3A25449B2153,26,40,0,0,0,0,0,0
primary,margin,"m=0.3, theta=0.1978",val,C48CE857-A0DD-4DDB-BEA5-3A25449B2153,28,151,0,0,0,0,0,0
primary,margin,"m=0.3, theta=0.1978",val,C48CE857-A0DD-4DDB-BEA5-3A25449B2153,30,239,0,0,0,0,0,0
primary,margin,"m=0.3, theta=0.1978",val,C48CE857-A0DD-4DDB-BEA5-3A25449B2153,31,282,0,0,0,0,0,0
primary,margin,"m=0.3, theta=0.1978",val,C48CE857-A0DD-4DDB-BEA5-3A25449B2153,32,115,0,0,0,0,0,0
primary,margin,"m=0.3, theta=0.1978",val,CA820D43-E5E2-42EF-9798-BE56F776370B,4,1146,3,3,6,4,4,3
primary,margin,"m=0.3, theta=0.1978",val,CA820D43-E5E2-42EF-9798-BE56F776370B,8,394,3,3,6,8,3,3
primary,margin,"m=0.3, theta=0.1978",val,CDA3BBF7-6631-45E8-85BA-EEB416B32A3C,2,227,1,1,2,2,1,1
primary,margin,"m=0.3, theta=0.1978",val,CDA3BBF7-6631-45E8-85BA-EEB416B32A3C,3,316,0,0,0,0,0,0
primary,margin,"m=0.3, theta=0.1978",val,CF722AA9-2533-4E51-9FEB-9EAC84EE9AAC,7,113,0,0,0,0,0,0
primary,margin,"m=0.3, theta=0.1978",val,CF722AA9-2533-4E51-9FEB-9EAC84EE9AAC,8,371,1,1,2,20,0,0
primary,margin,"m=0.3, theta=0.1978",val,CF722AA9-2533-4E51-9FEB-9EAC84EE9AAC,9,210,0,0,0,0,0,0
primary,margin,"m=0.3, theta=0.1978",val,D7D20E2E-FC78-405D-B346-DBD3FD8FC92B,7,175,0,0,0,0,0,0
primary,margin,"m=0.3, theta=0.1978",val,D7D20E2E-FC78-405D-B346-DBD3FD8FC92B,8,528,0,0,0,0,0,0
primary,margin,"m=0.3, theta=0.1978",val,D7D20E2E-FC78-405D-B346-DBD3FD8FC92B,9,42,1,1,2,2,1,1
primary,margin,"m=0.3, theta=0.1978",val,D7D20E2E-FC78-405D-B346-DBD3FD8FC92B,10,153,1,1,2,14,0,0
primary,margin,"m=0.3, theta=0.1978",val,D7D20E2E-FC78-405D-B346-DBD3FD8FC92B,11,292,0,0,0,0,0,0
primary,margin,"m=0.3, theta=0.1978",val,D7D20E2E-FC78-405D-B346-DBD3FD8FC92B,12,23,0,0,0,0,0,0
primary,margin,"m=0.3, theta=0.1978",val,E65577C1-8D5D-4F70-AF23-B3ADB9D3DBA3,3,659,2,2,4,3,2,2
primary,margin,"m=0.3, theta=0.1978",val,ECECC2AB-D32F-4F90-B74C-E12A1C69BBE2,12,232,0,0,0,0,0,0
primary,margin,"m=0.3, theta=0.1978",val,ECECC2AB-D32F-4F90-B74C-E12A1C69BBE2,13,35,0,0,0,0,0,0
primary,margin,"m=0.3, theta=0.1978",val,ECECC2AB-D32F-4F90-B74C-E12A1C69BBE2,14,204,1,1,2,9,0,0
primary,margin,"m=0.3, theta=0.1978",val,ECECC2AB-D32F-4F90-B74C-E12A1C69BBE2,15,206,0,0,0,0,0,0
primary,margin,"m=0.3, theta=0.1978",val,FDAA70A1-42A3-4E3F-9AE3-3FDA412E03BF,18,966,2,2,4,14,1,1
primary,hysteresis,"m=0.3, T=2, theta=0.3318",val,00EABED2-271D-49D8-B599-1D4A09240601,23,428,1,1,2,15,0,0
primary,hysteresis,"m=0.3, T=2, theta=0.3318",val,098A72A5-E3E5-4F54-A152-BBDA0DF7B694,5,174,0,0,0,0,0,0
primary,hysteresis,"m=0.3, T=2, theta=0.3318",val,098A72A5-E3E5-4F54-A152-BBDA0DF7B694,6,134,0,0,0,0,0,0
primary,hysteresis,"m=0.3, T=2, theta=0.3318",val,098A72A5-E3E5-4F54-A152-BBDA0DF7B694,7,13,0,0,0,0,0,0
primary,hysteresis,"m=0.3, T=2, theta=0.3318",val,098A72A5-E3E5-4F54-A152-BBDA0DF7B694,8,275,0,0,0,0,0,0
primary,hysteresis,"m=0.3, T=2, theta=0.3318",val,098A72A5-E3E5-4F54-A152-BBDA0DF7B694,9,459,0,0,0,0,0,0
primary,hysteresis,"m=0.3, T=2, theta=0.3318",val,098A72A5-E3E5-4F54-A152-BBDA0DF7B694,10,75,1,1,2,3,1,1
primary,hysteresis,"m=0.3, T=2, theta=0.3318",val,098A72A5-E3E5-4F54-A152-BBDA0DF7B694,11,44,0,0,0,0,0,0
primary,hysteresis,"m=0.3, T=2, theta=0.3318",val,098A72A5-E3E5-4F54-A152-BBDA0DF7B694,13,156,0,0,0,0,0,0
primary,hysteresis,"m=0.3, T=2, theta=0.3318",val,0A986513-7828-4D53-AA1F-E02D6DF9561B,6,763,4,4,8,32,2,2
primary,hysteresis,"m=0.3, T=2, theta=0.3318",val,11B5EC4D-4133-4289-B475-4E737182A406,3,616,3,3,6,10,3,3
primary,hysteresis,"m=0.3, T=2, theta=0.3318",val,11B5EC4D-4133-4289-B475-4E737182A406,4,799,3,3,6,25,0,0
primary,hysteresis,"m=0.3, T=2, theta=0.3318",val,11B5EC4D-4133-4289-B475-4E737182A406,5,324,0,0,0,0,0,0
primary,hysteresis,"m=0.3, T=2, theta=0.3318",val,136562B6-95B2-483D-88DC-065F28409FD2,17,181,0,0,0,0,0,0
primary,hysteresis,"m=0.3, T=2, theta=0.3318",val,136562B6-95B2-483D-88DC-065F28409FD2,18,847,2,2,4,20,1,1
primary,hysteresis,"m=0.3, T=2, theta=0.3318",val,136562B6-95B2-483D-88DC-065F28409FD2,19,80,0,0,0,0,0,0
primary,hysteresis,"m=0.3, T=2, theta=0.3318",val,136562B6-95B2-483D-88DC-065F28409FD2,20,107,2,1,3,8,1,1
primary,hysteresis,"m=0.3, T=2, theta=0.3318",val,1538C99F-BA1E-4EFB-A949-6C7C47701B20,25,291,1,1,2,4,1,1
primary,hysteresis,"m=0.3, T=2, theta=0.3318",val,1538C99F-BA1E-4EFB-A949-6C7C47701B20,26,82,0,0,0,0,0,0
primary,hysteresis,"m=0.3, T=2, theta=0.3318",val,1538C99F-BA1E-4EFB-A949-6C7C47701B20,27,160,0,0,0,0,0,0
primary,hysteresis,"m=0.3, T=2, theta=0.3318",val,1538C99F-BA1E-4EFB-A949-6C7C47701B20,28,748,1,1,2,6,0,0
primary,hysteresis,"m=0.3, T=2, theta=0.3318",val,24E40C4C-A349-4F9F-93AB-01D00FB994AF,12,236,0,0,0,0,0,0
primary,hysteresis,"m=0.3, T=2, theta=0.3318",val,24E40C4C-A349-4F9F-93AB-01D00FB994AF,13,213,0,0,0,0,0,0
primary,hysteresis,"m=0.3, T=2, theta=0.3318",val,24E40C4C-A349-4F9F-93AB-01D00FB994AF,14,141,1,1,2,2,1,1
primary,hysteresis,"m=0.3, T=2, theta=0.3318",val,24E40C4C-A349-4F9F-93AB-01D00FB994AF,15,317,1,1,2,2,1,1
primary,hysteresis,"m=0.3, T=2, theta=0.3318",val,24E40C4C-A349-4F9F-93AB-01D00FB994AF,16,18,1,1,2,3,1,1
primary,hysteresis,"m=0.3, T=2, theta=0.3318",val,2C32C23E-E30C-498A-8DD2-0EFB9150A02E,9,1674,3,3,6,51,2,1
primary,hysteresis,"m=0.3, T=2, theta=0.3318",val,3600D531-0C55-44A7-AE95-A7A38519464E,20,842,1,1,2,8,0,0
primary,hysteresis,"m=0.3, T=2, theta=0.3318",val,3600D531-0C55-44A7-AE95-A7A38519464E,21,54,1,1,2,5,1,1
primary,hysteresis,"m=0.3, T=2, theta=0.3318",val,3600D531-0C55-44A7-AE95-A7A38519464E,22,107,0,0,0,0,0,0
primary,hysteresis,"m=0.3, T=2, theta=0.3318",val,3600D531-0C55-44A7-AE95-A7A38519464E,24,14,0,0,0,0,0,0
primary,hysteresis,"m=0.3, T=2, theta=0.3318",val,4FC32141-E888-4BFF-8804-12559A491D8C,4,43,0,0,0,0,0,0
primary,hysteresis,"m=0.3, T=2, theta=0.3318",val,4FC32141-E888-4BFF-8804-12559A491D8C,5,325,1,1,2,9,0,0
primary,hysteresis,"m=0.3, T=2, theta=0.3318",val,4FC32141-E888-4BFF-8804-12559A491D8C,6,427,0,0,0,0,0,0
primary,hysteresis,"m=0.3, T=2, theta=0.3318",val,4FC32141-E888-4BFF-8804-12559A491D8C,7,102,0,0,0,0,0,0
primary,hysteresis,"m=0.3, T=2, theta=0.3318",val,4FC32141-E888-4BFF-8804-12559A491D8C,8,18,0,0,0,0,0,0
primary,hysteresis,"m=0.3, T=2, theta=0.3318",val,4FC32141-E888-4BFF-8804-12559A491D8C,10,43,0,0,0,0,0,0
primary,hysteresis,"m=0.3, T=2, theta=0.3318",val,5119D0F8-FCA8-4184-A4EB-19421A40DE0D,9,1294,3,3,6,44,0,0
primary,hysteresis,"m=0.3, T=2, theta=0.3318",val,5152A2DF-FAF3-4BA8-9CA9-E66B32671A53,6,697,1,1,2,36,0,0
primary,hysteresis,"m=0.3, T=2, theta=0.3318",val,5152A2DF-FAF3-4BA8-9CA9-E66B32671A53,7,597,0,0,0,0,0,0
primary,hysteresis,"m=0.3, T=2, theta=0.3318",val,5EF64122-B513-46AE-BCF1-E62AAC285D2C,9,116,0,0,0,0,0,0
primary,hysteresis,"m=0.3, T=2, theta=0.3318",val,5EF64122-B513-46AE-BCF1-E62AAC285D2C,10,637,1,1,2,3,1,1
primary,hysteresis,"m=0.3, T=2, theta=0.3318",val,61976C24-1C50-4355-9C49-AAE44A7D09F6,46,1717,2,2,4,38,0,0
primary,hysteresis,"m=0.3, T=2, theta=0.3318",val,78A91A4E-4A51-4065-BDA7-94755F0BB3BB,5,597,5,5,10,72,3,3
primary,hysteresis,"m=0.3, T=2, theta=0.3318",val,78A91A4E-4A51-4065-BDA7-94755F0BB3BB,6,1773,0,0,0,0,0,0
primary,hysteresis,"m=0.3, T=2, theta=0.3318",val,7CE37510-56D0-4120-A1CF-0E23351428D2,6,1923,5,5,10,37,3,3
primary,hysteresis,"m=0.3, T=2, theta=0.3318",val,8023FE1A-D3B0-4E2C-A57A-9321B7FC755F,23,972,2,2,4,12,1,1
primary,hysteresis,"m=0.3, T=2, theta=0.3318",val,8023FE1A-D3B0-4E2C-A57A-9321B7FC755F,24,836,1,1,2,10,0,0
primary,hysteresis,"m=0.3, T=2, theta=0.3318",val,83CF687B-7CEC-434B-9FE8-00C3D5799BE6,7,1879,2,2,4,41,0,0
primary,hysteresis,"m=0.3, T=2, theta=0.3318",val,9759096F-1119-4E19-A0AD-6F16989C7E1C,3,474,2,2,4,33,1,0
primary,hysteresis,"m=0.3, T=2, theta=0.3318",val,9759096F-1119-4E19-A0AD-6F16989C7E1C,4,1489,2,2,4,13,1,1
primary,hysteresis,"m=0.3, T=2, theta=0.3318",val,9DC38D04-E82E-4F29-AB52-B476535226F2,12,1543,5,5,10,36,4,4
primary,hysteresis,"m=0.3, T=2, theta=0.3318",val,9DC38D04-E82E-4F29-AB52-B476535226F2,18,359,0,0,0,0,0,0
primary,hysteresis,"m=0.3, T=2, theta=0.3318",val,A5CDF89D-02A2-4EC1-89F8-F534FDABDD96,12,62,0,0,0,0,0,0
primary,hysteresis,"m=0.3, T=2, theta=0.3318",val,A5CDF89D-02A2-4EC1-89F8-F534FDABDD96,13,841,3,3,6,34,1,1
primary,hysteresis,"m=0.3, T=2, theta=0.3318",val,A5CDF89D-02A2-4EC1-89F8-F534FDABDD96,14,276,3,3,6,26,3,2
primary,hysteresis,"m=0.3, T=2, theta=0.3318",val,A76A5AF5-5A93-4CF2-A16E-62353BB70E8A,2,1475,0,0,0,0,0,0
primary,hysteresis,"m=0.3, T=2, theta=0.3318",val,B09E373F-8A54-44C8-895B-0039390B859F,9,1598,3,3,6,26,0,0
primary,hysteresis,"m=0.3, T=2, theta=0.3318",val,B9724848-C7E2-45F4-9B3F-A1F38D864495,10,85,0,0,0,0,0,0
primary,hysteresis,"m=0.3, T=2, theta=0.3318",val,B9724848-C7E2-45F4-9B3F-A1F38D864495,11,522,5,5,10,36,3,3
primary,hysteresis,"m=0.3, T=2, theta=0.3318",val,B9724848-C7E2-45F4-9B3F-A1F38D864495,13,880,2,2,4,7,2,2
primary,hysteresis,"m=0.3, T=2, theta=0.3318",val,BE3CA5A6-A561-4BBD-B7C9-5DF6805400FC,13,681,0,0,0,0,0,0
primary,hysteresis,"m=0.3, T=2, theta=0.3318",val,BE3CA5A6-A561-4BBD-B7C9-5DF6805400FC,14,79,0,0,0,0,0,0
primary,hysteresis,"m=0.3, T=2, theta=0.3318",val,BE3CA5A6-A561-4BBD-B7C9-5DF6805400FC,15,430,0,0,0,0,0,0
primary,hysteresis,"m=0.3, T=2, theta=0.3318",val,BE3CA5A6-A561-4BBD-B7C9-5DF6805400FC,16,442,0,0,0,0,0,0
primary,hysteresis,"m=0.3, T=2, theta=0.3318",val,C48CE857-A0DD-4DDB-BEA5-3A25449B2153,25,150,0,0,0,0,0,0
primary,hysteresis,"m=0.3, T=2, theta=0.3318",val,C48CE857-A0DD-4DDB-BEA5-3A25449B2153,26,40,0,0,0,0,0,0
primary,hysteresis,"m=0.3, T=2, theta=0.3318",val,C48CE857-A0DD-4DDB-BEA5-3A25449B2153,28,151,0,0,0,0,0,0
primary,hysteresis,"m=0.3, T=2, theta=0.3318",val,C48CE857-A0DD-4DDB-BEA5-3A25449B2153,30,239,0,0,0,0,0,0
primary,hysteresis,"m=0.3, T=2, theta=0.3318",val,C48CE857-A0DD-4DDB-BEA5-3A25449B2153,31,282,1,1,2,15,0,0
primary,hysteresis,"m=0.3, T=2, theta=0.3318",val,C48CE857-A0DD-4DDB-BEA5-3A25449B2153,32,115,0,0,0,0,0,0
primary,hysteresis,"m=0.3, T=2, theta=0.3318",val,CA820D43-E5E2-42EF-9798-BE56F776370B,4,1146,4,4,8,20,3,3
primary,hysteresis,"m=0.3, T=2, theta=0.3318",val,CA820D43-E5E2-42EF-9798-BE56F776370B,8,394,2,2,4,8,2,2
primary,hysteresis,"m=0.3, T=2, theta=0.3318",val,CDA3BBF7-6631-45E8-85BA-EEB416B32A3C,2,227,1,1,2,3,1,1
primary,hysteresis,"m=0.3, T=2, theta=0.3318",val,CDA3BBF7-6631-45E8-85BA-EEB416B32A3C,3,316,0,0,0,0,0,0
primary,hysteresis,"m=0.3, T=2, theta=0.3318",val,CF722AA9-2533-4E51-9FEB-9EAC84EE9AAC,7,113,0,0,0,0,0,0
primary,hysteresis,"m=0.3, T=2, theta=0.3318",val,CF722AA9-2533-4E51-9FEB-9EAC84EE9AAC,8,371,1,0,1,76,0,0
primary,hysteresis,"m=0.3, T=2, theta=0.3318",val,CF722AA9-2533-4E51-9FEB-9EAC84EE9AAC,9,210,0,0,0,0,0,0
primary,hysteresis,"m=0.3, T=2, theta=0.3318",val,D7D20E2E-FC78-405D-B346-DBD3FD8FC92B,7,175,1,1,2,2,1,1
primary,hysteresis,"m=0.3, T=2, theta=0.3318",val,D7D20E2E-FC78-405D-B346-DBD3FD8FC92B,8,528,0,0,0,0,0,0
primary,hysteresis,"m=0.3, T=2, theta=0.3318",val,D7D20E2E-FC78-405D-B346-DBD3FD8FC92B,9,42,1,1,2,2,1,1
primary,hysteresis,"m=0.3, T=2, theta=0.3318",val,D7D20E2E-FC78-405D-B346-DBD3FD8FC92B,10,153,1,1,2,66,0,0
primary,hysteresis,"m=0.3, T=2, theta=0.3318",val,D7D20E2E-FC78-405D-B346-DBD3FD8FC92B,11,292,0,0,0,0,0,0
primary,hysteresis,"m=0.3, T=2, theta=0.3318",val,D7D20E2E-FC78-405D-B346-DBD3FD8FC92B,12,23,0,0,0,0,0,0
primary,hysteresis,"m=0.3, T=2, theta=0.3318",val,E65577C1-8D5D-4F70-AF23-B3ADB9D3DBA3,3,659,4,4,8,26,4,3
primary,hysteresis,"m=0.3, T=2, theta=0.3318",val,ECECC2AB-D32F-4F90-B74C-E12A1C69BBE2,12,232,0,0,0,0,0,0
primary,hysteresis,"m=0.3, T=2, theta=0.3318",val,ECECC2AB-D32F-4F90-B74C-E12A1C69BBE2,13,35,0,0,0,0,0,0
primary,hysteresis,"m=0.3, T=2, theta=0.3318",val,ECECC2AB-D32F-4F90-B74C-E12A1C69BBE2,14,204,1,1,2,9,0,0
primary,hysteresis,"m=0.3, T=2, theta=0.3318",val,ECECC2AB-D32F-4F90-B74C-E12A1C69BBE2,15,206,0,0,0,0,0,0
primary,hysteresis,"m=0.3, T=2, theta=0.3318",val,FDAA70A1-42A3-4E3F-9AE3-3FDA412E03BF,18,966,2,2,4,32,1,1
primary,trust,"r=0.5, tau=0.5, theta=0.4256",val,00EABED2-271D-49D8-B599-1D4A09240601,23,428,1,1,2,14,0,0
primary,trust,"r=0.5, tau=0.5, theta=0.4256",val,098A72A5-E3E5-4F54-A152-BBDA0DF7B694,5,174,0,0,0,0,0,0
primary,trust,"r=0.5, tau=0.5, theta=0.4256",val,098A72A5-E3E5-4F54-A152-BBDA0DF7B694,6,134,0,0,0,0,0,0
primary,trust,"r=0.5, tau=0.5, theta=0.4256",val,098A72A5-E3E5-4F54-A152-BBDA0DF7B694,7,13,0,0,0,0,0,0
primary,trust,"r=0.5, tau=0.5, theta=0.4256",val,098A72A5-E3E5-4F54-A152-BBDA0DF7B694,8,275,0,0,0,0,0,0
primary,trust,"r=0.5, tau=0.5, theta=0.4256",val,098A72A5-E3E5-4F54-A152-BBDA0DF7B694,9,459,0,0,0,0,0,0
primary,trust,"r=0.5, tau=0.5, theta=0.4256",val,098A72A5-E3E5-4F54-A152-BBDA0DF7B694,10,75,1,1,2,1,1,1
primary,trust,"r=0.5, tau=0.5, theta=0.4256",val,098A72A5-E3E5-4F54-A152-BBDA0DF7B694,11,44,0,0,0,0,0,0
primary,trust,"r=0.5, tau=0.5, theta=0.4256",val,098A72A5-E3E5-4F54-A152-BBDA0DF7B694,13,156,0,0,0,0,0,0
primary,trust,"r=0.5, tau=0.5, theta=0.4256",val,0A986513-7828-4D53-AA1F-E02D6DF9561B,6,763,3,3,6,22,2,2
primary,trust,"r=0.5, tau=0.5, theta=0.4256",val,11B5EC4D-4133-4289-B475-4E737182A406,3,616,2,2,4,9,2,2
primary,trust,"r=0.5, tau=0.5, theta=0.4256",val,11B5EC4D-4133-4289-B475-4E737182A406,4,799,4,4,8,24,4,3
primary,trust,"r=0.5, tau=0.5, theta=0.4256",val,11B5EC4D-4133-4289-B475-4E737182A406,5,324,0,0,0,0,0,0
primary,trust,"r=0.5, tau=0.5, theta=0.4256",val,136562B6-95B2-483D-88DC-065F28409FD2,17,181,0,0,0,0,0,0
primary,trust,"r=0.5, tau=0.5, theta=0.4256",val,136562B6-95B2-483D-88DC-065F28409FD2,18,847,3,3,6,29,1,1
primary,trust,"r=0.5, tau=0.5, theta=0.4256",val,136562B6-95B2-483D-88DC-065F28409FD2,19,80,0,0,0,0,0,0
primary,trust,"r=0.5, tau=0.5, theta=0.4256",val,136562B6-95B2-483D-88DC-065F28409FD2,20,107,3,3,6,8,3,3
primary,trust,"r=0.5, tau=0.5, theta=0.4256",val,1538C99F-BA1E-4EFB-A949-6C7C47701B20,25,291,0,0,0,0,0,0
primary,trust,"r=0.5, tau=0.5, theta=0.4256",val,1538C99F-BA1E-4EFB-A949-6C7C47701B20,26,82,0,0,0,0,0,0
primary,trust,"r=0.5, tau=0.5, theta=0.4256",val,1538C99F-BA1E-4EFB-A949-6C7C47701B20,27,160,0,0,0,0,0,0
primary,trust,"r=0.5, tau=0.5, theta=0.4256",val,1538C99F-BA1E-4EFB-A949-6C7C47701B20,28,748,2,2,4,2,3,2
primary,trust,"r=0.5, tau=0.5, theta=0.4256",val,24E40C4C-A349-4F9F-93AB-01D00FB994AF,12,236,0,0,0,0,0,0
primary,trust,"r=0.5, tau=0.5, theta=0.4256",val,24E40C4C-A349-4F9F-93AB-01D00FB994AF,13,213,1,1,2,4,1,1
primary,trust,"r=0.5, tau=0.5, theta=0.4256",val,24E40C4C-A349-4F9F-93AB-01D00FB994AF,14,141,0,0,0,0,0,0
primary,trust,"r=0.5, tau=0.5, theta=0.4256",val,24E40C4C-A349-4F9F-93AB-01D00FB994AF,15,317,0,0,0,0,0,0
primary,trust,"r=0.5, tau=0.5, theta=0.4256",val,24E40C4C-A349-4F9F-93AB-01D00FB994AF,16,18,0,0,0,0,0,0
primary,trust,"r=0.5, tau=0.5, theta=0.4256",val,2C32C23E-E30C-498A-8DD2-0EFB9150A02E,9,1674,3,3,6,48,1,1
primary,trust,"r=0.5, tau=0.5, theta=0.4256",val,3600D531-0C55-44A7-AE95-A7A38519464E,20,842,2,2,4,2,3,2
primary,trust,"r=0.5, tau=0.5, theta=0.4256",val,3600D531-0C55-44A7-AE95-A7A38519464E,21,54,4,4,8,18,5,3
primary,trust,"r=0.5, tau=0.5, theta=0.4256",val,3600D531-0C55-44A7-AE95-A7A38519464E,22,107,0,0,0,0,0,0
primary,trust,"r=0.5, tau=0.5, theta=0.4256",val,3600D531-0C55-44A7-AE95-A7A38519464E,24,14,0,0,0,0,0,0
primary,trust,"r=0.5, tau=0.5, theta=0.4256",val,4FC32141-E888-4BFF-8804-12559A491D8C,4,43,0,0,0,0,0,0
primary,trust,"r=0.5, tau=0.5, theta=0.4256",val,4FC32141-E888-4BFF-8804-12559A491D8C,5,325,7,7,14,142,5,2
primary,trust,"r=0.5, tau=0.5, theta=0.4256",val,4FC32141-E888-4BFF-8804-12559A491D8C,6,427,1,1,2,40,0,0
primary,trust,"r=0.5, tau=0.5, theta=0.4256",val,4FC32141-E888-4BFF-8804-12559A491D8C,7,102,1,1,2,8,0,0
primary,trust,"r=0.5, tau=0.5, theta=0.4256",val,4FC32141-E888-4BFF-8804-12559A491D8C,8,18,0,0,0,0,0,0
primary,trust,"r=0.5, tau=0.5, theta=0.4256",val,4FC32141-E888-4BFF-8804-12559A491D8C,10,43,0,0,0,0,0,0
primary,trust,"r=0.5, tau=0.5, theta=0.4256",val,5119D0F8-FCA8-4184-A4EB-19421A40DE0D,9,1294,5,5,10,46,3,2
primary,trust,"r=0.5, tau=0.5, theta=0.4256",val,5152A2DF-FAF3-4BA8-9CA9-E66B32671A53,6,697,2,2,4,45,2,1
primary,trust,"r=0.5, tau=0.5, theta=0.4256",val,5152A2DF-FAF3-4BA8-9CA9-E66B32671A53,7,597,0,0,0,0,0,0
primary,trust,"r=0.5, tau=0.5, theta=0.4256",val,5EF64122-B513-46AE-BCF1-E62AAC285D2C,9,116,0,0,0,0,0,0
primary,trust,"r=0.5, tau=0.5, theta=0.4256",val,5EF64122-B513-46AE-BCF1-E62AAC285D2C,10,637,1,1,2,1,1,1
primary,trust,"r=0.5, tau=0.5, theta=0.4256",val,61976C24-1C50-4355-9C49-AAE44A7D09F6,46,1717,2,2,4,43,1,1
primary,trust,"r=0.5, tau=0.5, theta=0.4256",val,78A91A4E-4A51-4065-BDA7-94755F0BB3BB,5,597,4,4,8,79,3,2
primary,trust,"r=0.5, tau=0.5, theta=0.4256",val,78A91A4E-4A51-4065-BDA7-94755F0BB3BB,6,1773,0,0,0,0,0,0
primary,trust,"r=0.5, tau=0.5, theta=0.4256",val,7CE37510-56D0-4120-A1CF-0E23351428D2,6,1923,3,3,6,36,1,1
primary,trust,"r=0.5, tau=0.5, theta=0.4256",val,8023FE1A-D3B0-4E2C-A57A-9321B7FC755F,23,972,2,2,4,9,1,1
primary,trust,"r=0.5, tau=0.5, theta=0.4256",val,8023FE1A-D3B0-4E2C-A57A-9321B7FC755F,24,836,2,2,4,8,1,1
primary,trust,"r=0.5, tau=0.5, theta=0.4256",val,83CF687B-7CEC-434B-9FE8-00C3D5799BE6,7,1879,3,3,6,42,1,1
primary,trust,"r=0.5, tau=0.5, theta=0.4256",val,9759096F-1119-4E19-A0AD-6F16989C7E1C,3,474,4,4,8,63,4,1
primary,trust,"r=0.5, tau=0.5, theta=0.4256",val,9759096F-1119-4E19-A0AD-6F16989C7E1C,4,1489,1,1,2,13,0,0
primary,trust,"r=0.5, tau=0.5, theta=0.4256",val,9DC38D04-E82E-4F29-AB52-B476535226F2,12,1543,4,4,8,49,2,2
primary,trust,"r=0.5, tau=0.5, theta=0.4256",val,9DC38D04-E82E-4F29-AB52-B476535226F2,18,359,0,0,0,0,0,0
primary,trust,"r=0.5, tau=0.5, theta=0.4256",val,A5CDF89D-02A2-4EC1-89F8-F534FDABDD96,12,62,0,0,0,0,0,0
primary,trust,"r=0.5, tau=0.5, theta=0.4256",val,A5CDF89D-02A2-4EC1-89F8-F534FDABDD96,13,841,2,2,4,27,0,0
primary,trust,"r=0.5, tau=0.5, theta=0.4256",val,A5CDF89D-02A2-4EC1-89F8-F534FDABDD96,14,276,2,2,4,34,1,1
primary,trust,"r=0.5, tau=0.5, theta=0.4256",val,A76A5AF5-5A93-4CF2-A16E-62353BB70E8A,2,1475,0,0,0,0,0,0
primary,trust,"r=0.5, tau=0.5, theta=0.4256",val,B09E373F-8A54-44C8-895B-0039390B859F,9,1598,4,4,8,21,3,2
primary,trust,"r=0.5, tau=0.5, theta=0.4256",val,B9724848-C7E2-45F4-9B3F-A1F38D864495,10,85,0,0,0,0,0,0
primary,trust,"r=0.5, tau=0.5, theta=0.4256",val,B9724848-C7E2-45F4-9B3F-A1F38D864495,11,522,1,1,2,23,0,0
primary,trust,"r=0.5, tau=0.5, theta=0.4256",val,B9724848-C7E2-45F4-9B3F-A1F38D864495,13,880,1,1,2,3,1,1
primary,trust,"r=0.5, tau=0.5, theta=0.4256",val,BE3CA5A6-A561-4BBD-B7C9-5DF6805400FC,13,681,1,1,2,36,0,0
primary,trust,"r=0.5, tau=0.5, theta=0.4256",val,BE3CA5A6-A561-4BBD-B7C9-5DF6805400FC,14,79,0,0,0,0,0,0
primary,trust,"r=0.5, tau=0.5, theta=0.4256",val,BE3CA5A6-A561-4BBD-B7C9-5DF6805400FC,15,430,0,0,0,0,0,0
primary,trust,"r=0.5, tau=0.5, theta=0.4256",val,BE3CA5A6-A561-4BBD-B7C9-5DF6805400FC,16,442,0,0,0,0,0,0
primary,trust,"r=0.5, tau=0.5, theta=0.4256",val,C48CE857-A0DD-4DDB-BEA5-3A25449B2153,25,150,0,0,0,0,0,0
primary,trust,"r=0.5, tau=0.5, theta=0.4256",val,C48CE857-A0DD-4DDB-BEA5-3A25449B2153,26,40,0,0,0,0,0,0
primary,trust,"r=0.5, tau=0.5, theta=0.4256",val,C48CE857-A0DD-4DDB-BEA5-3A25449B2153,28,151,0,0,0,0,0,0
primary,trust,"r=0.5, tau=0.5, theta=0.4256",val,C48CE857-A0DD-4DDB-BEA5-3A25449B2153,30,239,0,0,0,0,0,0
primary,trust,"r=0.5, tau=0.5, theta=0.4256",val,C48CE857-A0DD-4DDB-BEA5-3A25449B2153,31,282,1,1,2,18,0,0
primary,trust,"r=0.5, tau=0.5, theta=0.4256",val,C48CE857-A0DD-4DDB-BEA5-3A25449B2153,32,115,0,0,0,0,0,0
primary,trust,"r=0.5, tau=0.5, theta=0.4256",val,CA820D43-E5E2-42EF-9798-BE56F776370B,4,1146,1,1,2,1,1,1
primary,trust,"r=0.5, tau=0.5, theta=0.4256",val,CA820D43-E5E2-42EF-9798-BE56F776370B,8,394,2,2,4,5,2,2
primary,trust,"r=0.5, tau=0.5, theta=0.4256",val,CDA3BBF7-6631-45E8-85BA-EEB416B32A3C,2,227,0,0,0,0,0,0
primary,trust,"r=0.5, tau=0.5, theta=0.4256",val,CDA3BBF7-6631-45E8-85BA-EEB416B32A3C,3,316,0,0,0,0,0,0
primary,trust,"r=0.5, tau=0.5, theta=0.4256",val,CF722AA9-2533-4E51-9FEB-9EAC84EE9AAC,7,113,0,0,0,0,0,0
primary,trust,"r=0.5, tau=0.5, theta=0.4256",val,CF722AA9-2533-4E51-9FEB-9EAC84EE9AAC,8,371,1,0,1,76,0,0
primary,trust,"r=0.5, tau=0.5, theta=0.4256",val,CF722AA9-2533-4E51-9FEB-9EAC84EE9AAC,9,210,0,0,0,0,0,0
primary,trust,"r=0.5, tau=0.5, theta=0.4256",val,D7D20E2E-FC78-405D-B346-DBD3FD8FC92B,7,175,0,0,0,0,0,0
primary,trust,"r=0.5, tau=0.5, theta=0.4256",val,D7D20E2E-FC78-405D-B346-DBD3FD8FC92B,8,528,0,0,0,0,0,0
primary,trust,"r=0.5, tau=0.5, theta=0.4256",val,D7D20E2E-FC78-405D-B346-DBD3FD8FC92B,9,42,0,0,0,0,0,0
primary,trust,"r=0.5, tau=0.5, theta=0.4256",val,D7D20E2E-FC78-405D-B346-DBD3FD8FC92B,10,153,1,1,2,65,0,0
primary,trust,"r=0.5, tau=0.5, theta=0.4256",val,D7D20E2E-FC78-405D-B346-DBD3FD8FC92B,11,292,0,0,0,0,0,0
primary,trust,"r=0.5, tau=0.5, theta=0.4256",val,D7D20E2E-FC78-405D-B346-DBD3FD8FC92B,12,23,0,0,0,0,0,0
primary,trust,"r=0.5, tau=0.5, theta=0.4256",val,E65577C1-8D5D-4F70-AF23-B3ADB9D3DBA3,3,659,4,4,8,46,3,1
primary,trust,"r=0.5, tau=0.5, theta=0.4256",val,ECECC2AB-D32F-4F90-B74C-E12A1C69BBE2,12,232,0,0,0,0,0,0
primary,trust,"r=0.5, tau=0.5, theta=0.4256",val,ECECC2AB-D32F-4F90-B74C-E12A1C69BBE2,13,35,0,0,0,0,0,0
primary,trust,"r=0.5, tau=0.5, theta=0.4256",val,ECECC2AB-D32F-4F90-B74C-E12A1C69BBE2,14,204,1,1,2,14,0,0
primary,trust,"r=0.5, tau=0.5, theta=0.4256",val,ECECC2AB-D32F-4F90-B74C-E12A1C69BBE2,15,206,0,0,0,0,0,0
primary,trust,"r=0.5, tau=0.5, theta=0.4256",val,FDAA70A1-42A3-4E3F-9AE3-3FDA412E03BF,18,966,2,2,4,33,0,0
primary,sprt,"alpha=0.001, beta=0.01336",val,00EABED2-271D-49D8-B599-1D4A09240601,23,428,1,1,2,14,0,0
primary,sprt,"alpha=0.001, beta=0.01336",val,098A72A5-E3E5-4F54-A152-BBDA0DF7B694,5,174,0,0,0,0,0,0
primary,sprt,"alpha=0.001, beta=0.01336",val,098A72A5-E3E5-4F54-A152-BBDA0DF7B694,6,134,0,0,0,0,0,0
primary,sprt,"alpha=0.001, beta=0.01336",val,098A72A5-E3E5-4F54-A152-BBDA0DF7B694,7,13,0,0,0,0,0,0
primary,sprt,"alpha=0.001, beta=0.01336",val,098A72A5-E3E5-4F54-A152-BBDA0DF7B694,8,275,0,0,0,0,0,0
primary,sprt,"alpha=0.001, beta=0.01336",val,098A72A5-E3E5-4F54-A152-BBDA0DF7B694,9,459,0,0,0,0,0,0
primary,sprt,"alpha=0.001, beta=0.01336",val,098A72A5-E3E5-4F54-A152-BBDA0DF7B694,10,75,1,1,2,13,0,0
primary,sprt,"alpha=0.001, beta=0.01336",val,098A72A5-E3E5-4F54-A152-BBDA0DF7B694,11,44,0,0,0,0,0,0
primary,sprt,"alpha=0.001, beta=0.01336",val,098A72A5-E3E5-4F54-A152-BBDA0DF7B694,13,156,0,0,0,0,0,0
primary,sprt,"alpha=0.001, beta=0.01336",val,0A986513-7828-4D53-AA1F-E02D6DF9561B,6,763,4,4,8,37,1,1
primary,sprt,"alpha=0.001, beta=0.01336",val,11B5EC4D-4133-4289-B475-4E737182A406,3,616,2,2,4,10,1,1
primary,sprt,"alpha=0.001, beta=0.01336",val,11B5EC4D-4133-4289-B475-4E737182A406,4,799,5,5,10,52,2,2
primary,sprt,"alpha=0.001, beta=0.01336",val,11B5EC4D-4133-4289-B475-4E737182A406,5,324,0,0,0,0,0,0
primary,sprt,"alpha=0.001, beta=0.01336",val,136562B6-95B2-483D-88DC-065F28409FD2,17,181,0,0,0,0,0,0
primary,sprt,"alpha=0.001, beta=0.01336",val,136562B6-95B2-483D-88DC-065F28409FD2,18,847,1,1,2,51,0,0
primary,sprt,"alpha=0.001, beta=0.01336",val,136562B6-95B2-483D-88DC-065F28409FD2,19,80,0,0,0,0,0,0
primary,sprt,"alpha=0.001, beta=0.01336",val,136562B6-95B2-483D-88DC-065F28409FD2,20,107,3,2,5,27,0,0
primary,sprt,"alpha=0.001, beta=0.01336",val,1538C99F-BA1E-4EFB-A949-6C7C47701B20,25,291,2,2,4,8,1,1
primary,sprt,"alpha=0.001, beta=0.01336",val,1538C99F-BA1E-4EFB-A949-6C7C47701B20,26,82,0,0,0,0,0,0
primary,sprt,"alpha=0.001, beta=0.01336",val,1538C99F-BA1E-4EFB-A949-6C7C47701B20,27,160,0,0,0,0,0,0
primary,sprt,"alpha=0.001, beta=0.01336",val,1538C99F-BA1E-4EFB-A949-6C7C47701B20,28,748,1,1,2,11,0,0
primary,sprt,"alpha=0.001, beta=0.01336",val,24E40C4C-A349-4F9F-93AB-01D00FB994AF,12,236,0,0,0,0,0,0
primary,sprt,"alpha=0.001, beta=0.01336",val,24E40C4C-A349-4F9F-93AB-01D00FB994AF,13,213,1,1,2,9,0,0
primary,sprt,"alpha=0.001, beta=0.01336",val,24E40C4C-A349-4F9F-93AB-01D00FB994AF,14,141,1,1,2,11,0,0
primary,sprt,"alpha=0.001, beta=0.01336",val,24E40C4C-A349-4F9F-93AB-01D00FB994AF,15,317,0,0,0,0,0,0
primary,sprt,"alpha=0.001, beta=0.01336",val,24E40C4C-A349-4F9F-93AB-01D00FB994AF,16,18,0,0,0,0,0,0
primary,sprt,"alpha=0.001, beta=0.01336",val,2C32C23E-E30C-498A-8DD2-0EFB9150A02E,9,1674,3,3,6,56,0,0
primary,sprt,"alpha=0.001, beta=0.01336",val,3600D531-0C55-44A7-AE95-A7A38519464E,20,842,1,1,2,35,0,0
primary,sprt,"alpha=0.001, beta=0.01336",val,3600D531-0C55-44A7-AE95-A7A38519464E,21,54,1,0,1,44,0,0
primary,sprt,"alpha=0.001, beta=0.01336",val,3600D531-0C55-44A7-AE95-A7A38519464E,22,107,0,0,0,0,0,0
primary,sprt,"alpha=0.001, beta=0.01336",val,3600D531-0C55-44A7-AE95-A7A38519464E,24,14,0,0,0,0,0,0
primary,sprt,"alpha=0.001, beta=0.01336",val,4FC32141-E888-4BFF-8804-12559A491D8C,4,43,0,0,0,0,0,0
primary,sprt,"alpha=0.001, beta=0.01336",val,4FC32141-E888-4BFF-8804-12559A491D8C,5,325,2,2,4,202,0,0
primary,sprt,"alpha=0.001, beta=0.01336",val,4FC32141-E888-4BFF-8804-12559A491D8C,6,427,1,1,2,46,0,0
primary,sprt,"alpha=0.001, beta=0.01336",val,4FC32141-E888-4BFF-8804-12559A491D8C,7,102,1,1,2,21,0,0
primary,sprt,"alpha=0.001, beta=0.01336",val,4FC32141-E888-4BFF-8804-12559A491D8C,8,18,0,0,0,0,0,0
primary,sprt,"alpha=0.001, beta=0.01336",val,4FC32141-E888-4BFF-8804-12559A491D8C,10,43,0,0,0,0,0,0
primary,sprt,"alpha=0.001, beta=0.01336",val,5119D0F8-FCA8-4184-A4EB-19421A40DE0D,9,1294,4,4,8,54,0,0
primary,sprt,"alpha=0.001, beta=0.01336",val,5152A2DF-FAF3-4BA8-9CA9-E66B32671A53,6,697,1,0,1,76,0,0
primary,sprt,"alpha=0.001, beta=0.01336",val,5152A2DF-FAF3-4BA8-9CA9-E66B32671A53,7,597,0,0,0,0,0,0
primary,sprt,"alpha=0.001, beta=0.01336",val,5EF64122-B513-46AE-BCF1-E62AAC285D2C,9,116,0,0,0,0,0,0
primary,sprt,"alpha=0.001, beta=0.01336",val,5EF64122-B513-46AE-BCF1-E62AAC285D2C,10,637,2,2,4,31,0,0
primary,sprt,"alpha=0.001, beta=0.01336",val,61976C24-1C50-4355-9C49-AAE44A7D09F6,46,1717,2,2,4,49,0,0
primary,sprt,"alpha=0.001, beta=0.01336",val,78A91A4E-4A51-4065-BDA7-94755F0BB3BB,5,597,5,5,10,122,0,0
primary,sprt,"alpha=0.001, beta=0.01336",val,78A91A4E-4A51-4065-BDA7-94755F0BB3BB,6,1773,0,0,0,0,0,0
primary,sprt,"alpha=0.001, beta=0.01336",val,7CE37510-56D0-4120-A1CF-0E23351428D2,6,1923,7,7,14,61,4,4
primary,sprt,"alpha=0.001, beta=0.01336",val,8023FE1A-D3B0-4E2C-A57A-9321B7FC755F,23,972,2,2,4,14,0,0
primary,sprt,"alpha=0.001, beta=0.01336",val,8023FE1A-D3B0-4E2C-A57A-9321B7FC755F,24,836,1,1,2,23,0,0
primary,sprt,"alpha=0.001, beta=0.01336",val,83CF687B-7CEC-434B-9FE8-00C3D5799BE6,7,1879,2,2,4,49,0,0
primary,sprt,"alpha=0.001, beta=0.01336",val,9759096F-1119-4E19-A0AD-6F16989C7E1C,3,474,1,1,2,89,0,0
primary,sprt,"alpha=0.001, beta=0.01336",val,9759096F-1119-4E19-A0AD-6F16989C7E1C,4,1489,1,1,2,15,0,0
primary,sprt,"alpha=0.001, beta=0.01336",val,9DC38D04-E82E-4F29-AB52-B476535226F2,12,1543,3,3,6,89,0,0
primary,sprt,"alpha=0.001, beta=0.01336",val,9DC38D04-E82E-4F29-AB52-B476535226F2,18,359,0,0,0,0,0,0
primary,sprt,"alpha=0.001, beta=0.01336",val,A5CDF89D-02A2-4EC1-89F8-F534FDABDD96,12,62,0,0,0,0,0,0
primary,sprt,"alpha=0.001, beta=0.01336",val,A5CDF89D-02A2-4EC1-89F8-F534FDABDD96,13,841,2,2,4,25,0,0
primary,sprt,"alpha=0.001, beta=0.01336",val,A5CDF89D-02A2-4EC1-89F8-F534FDABDD96,14,276,2,2,4,35,1,1
primary,sprt,"alpha=0.001, beta=0.01336",val,A76A5AF5-5A93-4CF2-A16E-62353BB70E8A,2,1475,2,2,4,5,2,2
primary,sprt,"alpha=0.001, beta=0.01336",val,B09E373F-8A54-44C8-895B-0039390B859F,9,1598,8,8,16,145,0,0
primary,sprt,"alpha=0.001, beta=0.01336",val,B9724848-C7E2-45F4-9B3F-A1F38D864495,10,85,0,0,0,0,0,0
primary,sprt,"alpha=0.001, beta=0.01336",val,B9724848-C7E2-45F4-9B3F-A1F38D864495,11,522,4,4,8,40,2,2
primary,sprt,"alpha=0.001, beta=0.01336",val,B9724848-C7E2-45F4-9B3F-A1F38D864495,13,880,2,2,4,8,1,1
primary,sprt,"alpha=0.001, beta=0.01336",val,BE3CA5A6-A561-4BBD-B7C9-5DF6805400FC,13,681,2,1,3,342,0,0
primary,sprt,"alpha=0.001, beta=0.01336",val,BE3CA5A6-A561-4BBD-B7C9-5DF6805400FC,14,79,0,0,0,0,0,0
primary,sprt,"alpha=0.001, beta=0.01336",val,BE3CA5A6-A561-4BBD-B7C9-5DF6805400FC,15,430,0,0,0,0,0,0
primary,sprt,"alpha=0.001, beta=0.01336",val,BE3CA5A6-A561-4BBD-B7C9-5DF6805400FC,16,442,0,0,0,0,0,0
primary,sprt,"alpha=0.001, beta=0.01336",val,C48CE857-A0DD-4DDB-BEA5-3A25449B2153,25,150,0,0,0,0,0,0
primary,sprt,"alpha=0.001, beta=0.01336",val,C48CE857-A0DD-4DDB-BEA5-3A25449B2153,26,40,0,0,0,0,0,0
primary,sprt,"alpha=0.001, beta=0.01336",val,C48CE857-A0DD-4DDB-BEA5-3A25449B2153,28,151,0,0,0,0,0,0
primary,sprt,"alpha=0.001, beta=0.01336",val,C48CE857-A0DD-4DDB-BEA5-3A25449B2153,30,239,0,0,0,0,0,0
primary,sprt,"alpha=0.001, beta=0.01336",val,C48CE857-A0DD-4DDB-BEA5-3A25449B2153,31,282,1,1,2,23,0,0
primary,sprt,"alpha=0.001, beta=0.01336",val,C48CE857-A0DD-4DDB-BEA5-3A25449B2153,32,115,1,1,2,23,0,0
primary,sprt,"alpha=0.001, beta=0.01336",val,CA820D43-E5E2-42EF-9798-BE56F776370B,4,1146,3,3,6,27,1,1
primary,sprt,"alpha=0.001, beta=0.01336",val,CA820D43-E5E2-42EF-9798-BE56F776370B,8,394,3,3,6,23,2,1
primary,sprt,"alpha=0.001, beta=0.01336",val,CDA3BBF7-6631-45E8-85BA-EEB416B32A3C,2,227,1,1,2,3,1,1
primary,sprt,"alpha=0.001, beta=0.01336",val,CDA3BBF7-6631-45E8-85BA-EEB416B32A3C,3,316,0,0,0,0,0,0
primary,sprt,"alpha=0.001, beta=0.01336",val,CF722AA9-2533-4E51-9FEB-9EAC84EE9AAC,7,113,0,0,0,0,0,0
primary,sprt,"alpha=0.001, beta=0.01336",val,CF722AA9-2533-4E51-9FEB-9EAC84EE9AAC,8,371,1,0,1,76,0,0
primary,sprt,"alpha=0.001, beta=0.01336",val,CF722AA9-2533-4E51-9FEB-9EAC84EE9AAC,9,210,0,0,0,0,0,0
primary,sprt,"alpha=0.001, beta=0.01336",val,D7D20E2E-FC78-405D-B346-DBD3FD8FC92B,7,175,0,0,0,0,0,0
primary,sprt,"alpha=0.001, beta=0.01336",val,D7D20E2E-FC78-405D-B346-DBD3FD8FC92B,8,528,0,0,0,0,0,0
primary,sprt,"alpha=0.001, beta=0.01336",val,D7D20E2E-FC78-405D-B346-DBD3FD8FC92B,9,42,1,1,2,3,1,1
primary,sprt,"alpha=0.001, beta=0.01336",val,D7D20E2E-FC78-405D-B346-DBD3FD8FC92B,10,153,1,1,2,62,0,0
primary,sprt,"alpha=0.001, beta=0.01336",val,D7D20E2E-FC78-405D-B346-DBD3FD8FC92B,11,292,0,0,0,0,0,0
primary,sprt,"alpha=0.001, beta=0.01336",val,D7D20E2E-FC78-405D-B346-DBD3FD8FC92B,12,23,0,0,0,0,0,0
primary,sprt,"alpha=0.001, beta=0.01336",val,E65577C1-8D5D-4F70-AF23-B3ADB9D3DBA3,3,659,3,3,6,54,2,1
primary,sprt,"alpha=0.001, beta=0.01336",val,ECECC2AB-D32F-4F90-B74C-E12A1C69BBE2,12,232,0,0,0,0,0,0
primary,sprt,"alpha=0.001, beta=0.01336",val,ECECC2AB-D32F-4F90-B74C-E12A1C69BBE2,13,35,0,0,0,0,0,0
primary,sprt,"alpha=0.001, beta=0.01336",val,ECECC2AB-D32F-4F90-B74C-E12A1C69BBE2,14,204,1,1,2,16,0,0
primary,sprt,"alpha=0.001, beta=0.01336",val,ECECC2AB-D32F-4F90-B74C-E12A1C69BBE2,15,206,0,0,0,0,0,0
primary,sprt,"alpha=0.001, beta=0.01336",val,FDAA70A1-42A3-4E3F-9AE3-3FDA412E03BF,18,966,2,2,4,35,0,0
primary,hmm,"rho=0.0001, theta=0.7685",val,00EABED2-271D-49D8-B599-1D4A09240601,23,428,1,1,2,15,0,0
primary,hmm,"rho=0.0001, theta=0.7685",val,098A72A5-E3E5-4F54-A152-BBDA0DF7B694,5,174,0,0,0,0,0,0
primary,hmm,"rho=0.0001, theta=0.7685",val,098A72A5-E3E5-4F54-A152-BBDA0DF7B694,6,134,0,0,0,0,0,0
primary,hmm,"rho=0.0001, theta=0.7685",val,098A72A5-E3E5-4F54-A152-BBDA0DF7B694,7,13,0,0,0,0,0,0
primary,hmm,"rho=0.0001, theta=0.7685",val,098A72A5-E3E5-4F54-A152-BBDA0DF7B694,8,275,0,0,0,0,0,0
primary,hmm,"rho=0.0001, theta=0.7685",val,098A72A5-E3E5-4F54-A152-BBDA0DF7B694,9,459,0,0,0,0,0,0
primary,hmm,"rho=0.0001, theta=0.7685",val,098A72A5-E3E5-4F54-A152-BBDA0DF7B694,10,75,2,2,4,3,3,2
primary,hmm,"rho=0.0001, theta=0.7685",val,098A72A5-E3E5-4F54-A152-BBDA0DF7B694,11,44,0,0,0,0,0,0
primary,hmm,"rho=0.0001, theta=0.7685",val,098A72A5-E3E5-4F54-A152-BBDA0DF7B694,13,156,0,0,0,0,0,0
primary,hmm,"rho=0.0001, theta=0.7685",val,0A986513-7828-4D53-AA1F-E02D6DF9561B,6,763,3,3,6,32,1,1
primary,hmm,"rho=0.0001, theta=0.7685",val,11B5EC4D-4133-4289-B475-4E737182A406,3,616,3,3,6,8,3,3
primary,hmm,"rho=0.0001, theta=0.7685",val,11B5EC4D-4133-4289-B475-4E737182A406,4,799,2,2,4,31,0,0
primary,hmm,"rho=0.0001, theta=0.7685",val,11B5EC4D-4133-4289-B475-4E737182A406,5,324,0,0,0,0,0,0
primary,hmm,"rho=0.0001, theta=0.7685",val,136562B6-95B2-483D-88DC-065F28409FD2,17,181,0,0,0,0,0,0
primary,hmm,"rho=0.0001, theta=0.7685",val,136562B6-95B2-483D-88DC-065F28409FD2,18,847,3,3,6,62,1,1
primary,hmm,"rho=0.0001, theta=0.7685",val,136562B6-95B2-483D-88DC-065F28409FD2,19,80,0,0,0,0,0,0
primary,hmm,"rho=0.0001, theta=0.7685",val,136562B6-95B2-483D-88DC-065F28409FD2,20,107,2,1,3,10,0,0
primary,hmm,"rho=0.0001, theta=0.7685",val,1538C99F-BA1E-4EFB-A949-6C7C47701B20,25,291,0,0,0,0,0,0
primary,hmm,"rho=0.0001, theta=0.7685",val,1538C99F-BA1E-4EFB-A949-6C7C47701B20,26,82,0,0,0,0,0,0
primary,hmm,"rho=0.0001, theta=0.7685",val,1538C99F-BA1E-4EFB-A949-6C7C47701B20,27,160,0,0,0,0,0,0
primary,hmm,"rho=0.0001, theta=0.7685",val,1538C99F-BA1E-4EFB-A949-6C7C47701B20,28,748,1,1,2,7,0,0
primary,hmm,"rho=0.0001, theta=0.7685",val,24E40C4C-A349-4F9F-93AB-01D00FB994AF,12,236,0,0,0,0,0,0
primary,hmm,"rho=0.0001, theta=0.7685",val,24E40C4C-A349-4F9F-93AB-01D00FB994AF,13,213,1,1,2,6,0,0
primary,hmm,"rho=0.0001, theta=0.7685",val,24E40C4C-A349-4F9F-93AB-01D00FB994AF,14,141,0,0,0,0,0,0
primary,hmm,"rho=0.0001, theta=0.7685",val,24E40C4C-A349-4F9F-93AB-01D00FB994AF,15,317,0,0,0,0,0,0
primary,hmm,"rho=0.0001, theta=0.7685",val,24E40C4C-A349-4F9F-93AB-01D00FB994AF,16,18,0,0,0,0,0,0
primary,hmm,"rho=0.0001, theta=0.7685",val,2C32C23E-E30C-498A-8DD2-0EFB9150A02E,9,1674,3,3,6,62,1,0
primary,hmm,"rho=0.0001, theta=0.7685",val,3600D531-0C55-44A7-AE95-A7A38519464E,20,842,4,4,8,18,5,3
primary,hmm,"rho=0.0001, theta=0.7685",val,3600D531-0C55-44A7-AE95-A7A38519464E,21,54,2,1,3,31,0,0
primary,hmm,"rho=0.0001, theta=0.7685",val,3600D531-0C55-44A7-AE95-A7A38519464E,22,107,0,0,0,0,0,0
primary,hmm,"rho=0.0001, theta=0.7685",val,3600D531-0C55-44A7-AE95-A7A38519464E,24,14,0,0,0,0,0,0
primary,hmm,"rho=0.0001, theta=0.7685",val,4FC32141-E888-4BFF-8804-12559A491D8C,4,43,0,0,0,0,0,0
primary,hmm,"rho=0.0001, theta=0.7685",val,4FC32141-E888-4BFF-8804-12559A491D8C,5,325,2,1,3,208,0,0
primary,hmm,"rho=0.0001, theta=0.7685",val,4FC32141-E888-4BFF-8804-12559A491D8C,6,427,1,1,2,47,0,0
primary,hmm,"rho=0.0001, theta=0.7685",val,4FC32141-E888-4BFF-8804-12559A491D8C,7,102,1,1,2,16,0,0
primary,hmm,"rho=0.0001, theta=0.7685",val,4FC32141-E888-4BFF-8804-12559A491D8C,8,18,0,0,0,0,0,0
primary,hmm,"rho=0.0001, theta=0.7685",val,4FC32141-E888-4BFF-8804-12559A491D8C,10,43,0,0,0,0,0,0
primary,hmm,"rho=0.0001, theta=0.7685",val,5119D0F8-FCA8-4184-A4EB-19421A40DE0D,9,1294,4,4,8,46,1,1
primary,hmm,"rho=0.0001, theta=0.7685",val,5152A2DF-FAF3-4BA8-9CA9-E66B32671A53,6,697,1,0,1,76,0,0
primary,hmm,"rho=0.0001, theta=0.7685",val,5152A2DF-FAF3-4BA8-9CA9-E66B32671A53,7,597,0,0,0,0,0,0
primary,hmm,"rho=0.0001, theta=0.7685",val,5EF64122-B513-46AE-BCF1-E62AAC285D2C,9,116,0,0,0,0,0,0
primary,hmm,"rho=0.0001, theta=0.7685",val,5EF64122-B513-46AE-BCF1-E62AAC285D2C,10,637,2,2,4,13,2,1
primary,hmm,"rho=0.0001, theta=0.7685",val,61976C24-1C50-4355-9C49-AAE44A7D09F6,46,1717,2,2,4,51,0,0
primary,hmm,"rho=0.0001, theta=0.7685",val,78A91A4E-4A51-4065-BDA7-94755F0BB3BB,5,597,4,4,8,92,2,2
primary,hmm,"rho=0.0001, theta=0.7685",val,78A91A4E-4A51-4065-BDA7-94755F0BB3BB,6,1773,0,0,0,0,0,0
primary,hmm,"rho=0.0001, theta=0.7685",val,7CE37510-56D0-4120-A1CF-0E23351428D2,6,1923,4,4,8,49,2,2
primary,hmm,"rho=0.0001, theta=0.7685",val,8023FE1A-D3B0-4E2C-A57A-9321B7FC755F,23,972,2,2,4,10,1,1
primary,hmm,"rho=0.0001, theta=0.7685",val,8023FE1A-D3B0-4E2C-A57A-9321B7FC755F,24,836,3,3,6,15,3,2
primary,hmm,"rho=0.0001, theta=0.7685",val,83CF687B-7CEC-434B-9FE8-00C3D5799BE6,7,1879,5,5,10,66,4,2
primary,hmm,"rho=0.0001, theta=0.7685",val,9759096F-1119-4E19-A0AD-6F16989C7E1C,3,474,1,1,2,87,0,0
primary,hmm,"rho=0.0001, theta=0.7685",val,9759096F-1119-4E19-A0AD-6F16989C7E1C,4,1489,4,4,8,19,4,3
primary,hmm,"rho=0.0001, theta=0.7685",val,9DC38D04-E82E-4F29-AB52-B476535226F2,12,1543,4,4,8,89,2,2
primary,hmm,"rho=0.0001, theta=0.7685",val,9DC38D04-E82E-4F29-AB52-B476535226F2,18,359,0,0,0,0,0,0
primary,hmm,"rho=0.0001, theta=0.7685",val,A5CDF89D-02A2-4EC1-89F8-F534FDABDD96,12,62,0,0,0,0,0,0
primary,hmm,"rho=0.0001, theta=0.7685",val,A5CDF89D-02A2-4EC1-89F8-F534FDABDD96,13,841,2,2,4,30,0,0
primary,hmm,"rho=0.0001, theta=0.7685",val,A5CDF89D-02A2-4EC1-89F8-F534FDABDD96,14,276,2,2,4,34,1,1
primary,hmm,"rho=0.0001, theta=0.7685",val,A76A5AF5-5A93-4CF2-A16E-62353BB70E8A,2,1475,0,0,0,0,0,0
primary,hmm,"rho=0.0001, theta=0.7685",val,B09E373F-8A54-44C8-895B-0039390B859F,9,1598,4,4,8,37,1,1
primary,hmm,"rho=0.0001, theta=0.7685",val,B9724848-C7E2-45F4-9B3F-A1F38D864495,10,85,0,0,0,0,0,0
primary,hmm,"rho=0.0001, theta=0.7685",val,B9724848-C7E2-45F4-9B3F-A1F38D864495,11,522,3,3,6,29,2,2
primary,hmm,"rho=0.0001, theta=0.7685",val,B9724848-C7E2-45F4-9B3F-A1F38D864495,13,880,2,2,4,4,2,2
primary,hmm,"rho=0.0001, theta=0.7685",val,BE3CA5A6-A561-4BBD-B7C9-5DF6805400FC,13,681,2,1,3,362,0,0
primary,hmm,"rho=0.0001, theta=0.7685",val,BE3CA5A6-A561-4BBD-B7C9-5DF6805400FC,14,79,0,0,0,0,0,0
primary,hmm,"rho=0.0001, theta=0.7685",val,BE3CA5A6-A561-4BBD-B7C9-5DF6805400FC,15,430,0,0,0,0,0,0
primary,hmm,"rho=0.0001, theta=0.7685",val,BE3CA5A6-A561-4BBD-B7C9-5DF6805400FC,16,442,0,0,0,0,0,0
primary,hmm,"rho=0.0001, theta=0.7685",val,C48CE857-A0DD-4DDB-BEA5-3A25449B2153,25,150,0,0,0,0,0,0
primary,hmm,"rho=0.0001, theta=0.7685",val,C48CE857-A0DD-4DDB-BEA5-3A25449B2153,26,40,0,0,0,0,0,0
primary,hmm,"rho=0.0001, theta=0.7685",val,C48CE857-A0DD-4DDB-BEA5-3A25449B2153,28,151,0,0,0,0,0,0
primary,hmm,"rho=0.0001, theta=0.7685",val,C48CE857-A0DD-4DDB-BEA5-3A25449B2153,30,239,0,0,0,0,0,0
primary,hmm,"rho=0.0001, theta=0.7685",val,C48CE857-A0DD-4DDB-BEA5-3A25449B2153,31,282,1,1,2,23,0,0
primary,hmm,"rho=0.0001, theta=0.7685",val,C48CE857-A0DD-4DDB-BEA5-3A25449B2153,32,115,0,0,0,0,0,0
primary,hmm,"rho=0.0001, theta=0.7685",val,CA820D43-E5E2-42EF-9798-BE56F776370B,4,1146,3,3,6,15,2,2
primary,hmm,"rho=0.0001, theta=0.7685",val,CA820D43-E5E2-42EF-9798-BE56F776370B,8,394,3,3,6,18,3,2
primary,hmm,"rho=0.0001, theta=0.7685",val,CDA3BBF7-6631-45E8-85BA-EEB416B32A3C,2,227,1,1,2,1,1,1
primary,hmm,"rho=0.0001, theta=0.7685",val,CDA3BBF7-6631-45E8-85BA-EEB416B32A3C,3,316,0,0,0,0,0,0
primary,hmm,"rho=0.0001, theta=0.7685",val,CF722AA9-2533-4E51-9FEB-9EAC84EE9AAC,7,113,0,0,0,0,0,0
primary,hmm,"rho=0.0001, theta=0.7685",val,CF722AA9-2533-4E51-9FEB-9EAC84EE9AAC,8,371,2,1,3,78,1,1
primary,hmm,"rho=0.0001, theta=0.7685",val,CF722AA9-2533-4E51-9FEB-9EAC84EE9AAC,9,210,0,0,0,0,0,0
primary,hmm,"rho=0.0001, theta=0.7685",val,D7D20E2E-FC78-405D-B346-DBD3FD8FC92B,7,175,1,1,2,2,1,1
primary,hmm,"rho=0.0001, theta=0.7685",val,D7D20E2E-FC78-405D-B346-DBD3FD8FC92B,8,528,0,0,0,0,0,0
primary,hmm,"rho=0.0001, theta=0.7685",val,D7D20E2E-FC78-405D-B346-DBD3FD8FC92B,9,42,1,1,2,1,1,1
primary,hmm,"rho=0.0001, theta=0.7685",val,D7D20E2E-FC78-405D-B346-DBD3FD8FC92B,10,153,1,1,2,64,0,0
primary,hmm,"rho=0.0001, theta=0.7685",val,D7D20E2E-FC78-405D-B346-DBD3FD8FC92B,11,292,0,0,0,0,0,0
primary,hmm,"rho=0.0001, theta=0.7685",val,D7D20E2E-FC78-405D-B346-DBD3FD8FC92B,12,23,0,0,0,0,0,0
primary,hmm,"rho=0.0001, theta=0.7685",val,E65577C1-8D5D-4F70-AF23-B3ADB9D3DBA3,3,659,3,3,6,55,2,1
primary,hmm,"rho=0.0001, theta=0.7685",val,ECECC2AB-D32F-4F90-B74C-E12A1C69BBE2,12,232,0,0,0,0,0,0
primary,hmm,"rho=0.0001, theta=0.7685",val,ECECC2AB-D32F-4F90-B74C-E12A1C69BBE2,13,35,0,0,0,0,0,0
primary,hmm,"rho=0.0001, theta=0.7685",val,ECECC2AB-D32F-4F90-B74C-E12A1C69BBE2,14,204,1,1,2,17,0,0
primary,hmm,"rho=0.0001, theta=0.7685",val,ECECC2AB-D32F-4F90-B74C-E12A1C69BBE2,15,206,0,0,0,0,0,0
primary,hmm,"rho=0.0001, theta=0.7685",val,FDAA70A1-42A3-4E3F-9AE3-3FDA412E03BF,18,966,2,2,4,35,0,0
sensitivity_1,threshold,theta=0.1301,val,00EABED2-271D-49D8-B599-1D4A09240601,23,428,5,5,10,17,6,4
sensitivity_1,threshold,theta=0.1301,val,098A72A5-E3E5-4F54-A152-BBDA0DF7B694,5,174,1,1,2,1,1,1
sensitivity_1,threshold,theta=0.1301,val,098A72A5-E3E5-4F54-A152-BBDA0DF7B694,6,134,1,1,2,1,1,1
sensitivity_1,threshold,theta=0.1301,val,098A72A5-E3E5-4F54-A152-BBDA0DF7B694,7,13,0,0,0,0,0,0
sensitivity_1,threshold,theta=0.1301,val,098A72A5-E3E5-4F54-A152-BBDA0DF7B694,8,275,0,0,0,0,0,0
sensitivity_1,threshold,theta=0.1301,val,098A72A5-E3E5-4F54-A152-BBDA0DF7B694,9,459,0,0,0,0,0,0
sensitivity_1,threshold,theta=0.1301,val,098A72A5-E3E5-4F54-A152-BBDA0DF7B694,10,75,2,2,4,3,3,2
sensitivity_1,threshold,theta=0.1301,val,098A72A5-E3E5-4F54-A152-BBDA0DF7B694,11,44,1,1,2,1,1,1
sensitivity_1,threshold,theta=0.1301,val,098A72A5-E3E5-4F54-A152-BBDA0DF7B694,13,156,0,0,0,0,0,0
sensitivity_1,threshold,theta=0.1301,val,0A986513-7828-4D53-AA1F-E02D6DF9561B,6,763,13,13,26,30,16,12
sensitivity_1,threshold,theta=0.1301,val,11B5EC4D-4133-4289-B475-4E737182A406,3,616,7,7,14,9,10,7
sensitivity_1,threshold,theta=0.1301,val,11B5EC4D-4133-4289-B475-4E737182A406,4,799,7,7,14,9,9,7
sensitivity_1,threshold,theta=0.1301,val,11B5EC4D-4133-4289-B475-4E737182A406,5,324,0,0,0,0,0,0
sensitivity_1,threshold,theta=0.1301,val,136562B6-95B2-483D-88DC-065F28409FD2,17,181,0,0,0,0,0,0
sensitivity_1,threshold,theta=0.1301,val,136562B6-95B2-483D-88DC-065F28409FD2,18,847,5,5,10,15,6,4
sensitivity_1,threshold,theta=0.1301,val,136562B6-95B2-483D-88DC-065F28409FD2,19,80,0,0,0,0,0,0
sensitivity_1,threshold,theta=0.1301,val,136562B6-95B2-483D-88DC-065F28409FD2,20,107,3,3,6,5,3,3
sensitivity_1,threshold,theta=0.1301,val,1538C99F-BA1E-4EFB-A949-6C7C47701B20,25,291,3,3,6,3,4,3
sensitivity_1,threshold,theta=0.1301,val,1538C99F-BA1E-4EFB-A949-6C7C47701B20,26,82,0,0,0,0,0,0
sensitivity_1,threshold,theta=0.1301,val,1538C99F-BA1E-4EFB-A949-6C7C47701B20,27,160,3,3,6,3,3,3
sensitivity_1,threshold,theta=0.1301,val,1538C99F-BA1E-4EFB-A949-6C7C47701B20,28,748,5,5,10,5,6,5
sensitivity_1,threshold,theta=0.1301,val,24E40C4C-A349-4F9F-93AB-01D00FB994AF,12,236,0,0,0,0,0,0
sensitivity_1,threshold,theta=0.1301,val,24E40C4C-A349-4F9F-93AB-01D00FB994AF,13,213,1,1,2,1,1,1
sensitivity_1,threshold,theta=0.1301,val,24E40C4C-A349-4F9F-93AB-01D00FB994AF,14,141,1,1,2,1,1,1
sensitivity_1,threshold,theta=0.1301,val,24E40C4C-A349-4F9F-93AB-01D00FB994AF,15,317,5,5,10,5,6,5
sensitivity_1,threshold,theta=0.1301,val,24E40C4C-A349-4F9F-93AB-01D00FB994AF,16,18,1,1,2,1,1,1
sensitivity_1,threshold,theta=0.1301,val,2C32C23E-E30C-498A-8DD2-0EFB9150A02E,9,1674,15,15,30,31,23,14
sensitivity_1,threshold,theta=0.1301,val,3600D531-0C55-44A7-AE95-A7A38519464E,20,842,5,5,10,5,6,5
sensitivity_1,threshold,theta=0.1301,val,3600D531-0C55-44A7-AE95-A7A38519464E,21,54,3,3,6,5,5,3
sensitivity_1,threshold,theta=0.1301,val,3600D531-0C55-44A7-AE95-A7A38519464E,22,107,1,1,2,1,1,1
sensitivity_1,threshold,theta=0.1301,val,3600D531-0C55-44A7-AE95-A7A38519464E,24,14,0,0,0,0,0,0
sensitivity_1,threshold,theta=0.1301,val,4FC32141-E888-4BFF-8804-12559A491D8C,4,43,0,0,0,0,0,0
sensitivity_1,threshold,theta=0.1301,val,4FC32141-E888-4BFF-8804-12559A491D8C,5,325,0,0,0,0,0,0
sensitivity_1,threshold,theta=0.1301,val,4FC32141-E888-4BFF-8804-12559A491D8C,6,427,0,0,0,0,0,0
sensitivity_1,threshold,theta=0.1301,val,4FC32141-E888-4BFF-8804-12559A491D8C,7,102,0,0,0,0,0,0
sensitivity_1,threshold,theta=0.1301,val,4FC32141-E888-4BFF-8804-12559A491D8C,8,18,0,0,0,0,0,0
sensitivity_1,threshold,theta=0.1301,val,4FC32141-E888-4BFF-8804-12559A491D8C,10,43,0,0,0,0,0,0
sensitivity_1,threshold,theta=0.1301,val,5119D0F8-FCA8-4184-A4EB-19421A40DE0D,9,1294,13,13,26,32,19,12
sensitivity_1,threshold,theta=0.1301,val,5152A2DF-FAF3-4BA8-9CA9-E66B32671A53,6,697,10,10,20,18,16,10
sensitivity_1,threshold,theta=0.1301,val,5152A2DF-FAF3-4BA8-9CA9-E66B32671A53,7,597,0,0,0,0,0,0
sensitivity_1,threshold,theta=0.1301,val,5EF64122-B513-46AE-BCF1-E62AAC285D2C,9,116,0,0,0,0,0,0
sensitivity_1,threshold,theta=0.1301,val,5EF64122-B513-46AE-BCF1-E62AAC285D2C,10,637,6,6,12,8,7,6
sensitivity_1,threshold,theta=0.1301,val,61976C24-1C50-4355-9C49-AAE44A7D09F6,46,1717,19,19,38,27,32,18
sensitivity_1,threshold,theta=0.1301,val,78A91A4E-4A51-4065-BDA7-94755F0BB3BB,5,597,23,23,46,50,35,20
sensitivity_1,threshold,theta=0.1301,val,78A91A4E-4A51-4065-BDA7-94755F0BB3BB,6,1773,6,6,12,6,6,6
sensitivity_1,threshold,theta=0.1301,val,7CE37510-56D0-4120-A1CF-0E23351428D2,6,1923,17,17,34,20,21,17
sensitivity_1,threshold,theta=0.1301,val,8023FE1A-D3B0-4E2C-A57A-9321B7FC755F,23,972,1,1,2,8,0,0
sensitivity_1,threshold,theta=0.1301,val,8023FE1A-D3B0-4E2C-A57A-9321B7FC755F,24,836,6,6,12,7,7,6
sensitivity_1,threshold,theta=0.1301,val,83CF687B-7CEC-434B-9FE8-00C3D5799BE6,7,1879,13,13,26,14,20,13
sensitivity_1,threshold,theta=0.1301,val,9759096F-1119-4E19-A0AD-6F16989C7E1C,3,474,11,11,22,11,13,11
sensitivity_1,threshold,theta=0.1301,val,9759096F-1119-4E19-A0AD-6F16989C7E1C,4,1489,14,14,28,15,18,14
sensitivity_1,threshold,theta=0.1301,val,9DC38D04-E82E-4F29-AB52-B476535226F2,12,1543,14,14,28,15,18,14
sensitivity_1,threshold,theta=0.1301,val,9DC38D04-E82E-4F29-AB52-B476535226F2,18,359,0,0,0,0,0,0
sensitivity_1,threshold,theta=0.1301,val,A5CDF89D-02A2-4EC1-89F8-F534FDABDD96,12,62,0,0,0,0,0,0
sensitivity_1,threshold,theta=0.1301,val,A5CDF89D-02A2-4EC1-89F8-F534FDABDD96,13,841,8,8,16,20,7,7
sensitivity_1,threshold,theta=0.1301,val,A5CDF89D-02A2-4EC1-89F8-F534FDABDD96,14,276,6,6,12,8,9,6
sensitivity_1,threshold,theta=0.1301,val,A76A5AF5-5A93-4CF2-A16E-62353BB70E8A,2,1475,9,9,18,9,13,9
sensitivity_1,threshold,theta=0.1301,val,B09E373F-8A54-44C8-895B-0039390B859F,9,1598,20,20,40,24,29,20
sensitivity_1,threshold,theta=0.1301,val,B9724848-C7E2-45F4-9B3F-A1F38D864495,10,85,5,5,10,5,5,5
sensitivity_1,threshold,theta=0.1301,val,B9724848-C7E2-45F4-9B3F-A1F38D864495,11,522,19,19,38,21,27,19
sensitivity_1,threshold,theta=0.1301,val,B9724848-C7E2-45F4-9B3F-A1F38D864495,13,880,4,4,8,7,5,4
sensitivity_1,threshold,theta=0.1301,val,BE3CA5A6-A561-4BBD-B7C9-5DF6805400FC,13,681,1,1,2,1,1,1
sensitivity_1,threshold,theta=0.1301,val,BE3CA5A6-A561-4BBD-B7C9-5DF6805400FC,14,79,0,0,0,0,0,0
sensitivity_1,threshold,theta=0.1301,val,BE3CA5A6-A561-4BBD-B7C9-5DF6805400FC,15,430,0,0,0,0,0,0
sensitivity_1,threshold,theta=0.1301,val,BE3CA5A6-A561-4BBD-B7C9-5DF6805400FC,16,442,0,0,0,0,0,0
sensitivity_1,threshold,theta=0.1301,val,C48CE857-A0DD-4DDB-BEA5-3A25449B2153,25,150,0,0,0,0,0,0
sensitivity_1,threshold,theta=0.1301,val,C48CE857-A0DD-4DDB-BEA5-3A25449B2153,26,40,0,0,0,0,0,0
sensitivity_1,threshold,theta=0.1301,val,C48CE857-A0DD-4DDB-BEA5-3A25449B2153,28,151,1,1,2,1,1,1
sensitivity_1,threshold,theta=0.1301,val,C48CE857-A0DD-4DDB-BEA5-3A25449B2153,30,239,0,0,0,0,0,0
sensitivity_1,threshold,theta=0.1301,val,C48CE857-A0DD-4DDB-BEA5-3A25449B2153,31,282,2,2,4,2,2,2
sensitivity_1,threshold,theta=0.1301,val,C48CE857-A0DD-4DDB-BEA5-3A25449B2153,32,115,0,0,0,0,0,0
sensitivity_1,threshold,theta=0.1301,val,CA820D43-E5E2-42EF-9798-BE56F776370B,4,1146,19,19,38,21,24,19
sensitivity_1,threshold,theta=0.1301,val,CA820D43-E5E2-42EF-9798-BE56F776370B,8,394,6,6,12,8,7,6
sensitivity_1,threshold,theta=0.1301,val,CDA3BBF7-6631-45E8-85BA-EEB416B32A3C,2,227,3,2,5,4,2,2
sensitivity_1,threshold,theta=0.1301,val,CDA3BBF7-6631-45E8-85BA-EEB416B32A3C,3,316,1,1,2,1,1,1
sensitivity_1,threshold,theta=0.1301,val,CF722AA9-2533-4E51-9FEB-9EAC84EE9AAC,7,113,1,1,2,1,1,1
sensitivity_1,threshold,theta=0.1301,val,CF722AA9-2533-4E51-9FEB-9EAC84EE9AAC,8,371,9,9,18,15,14,9
sensitivity_1,threshold,theta=0.1301,val,CF722AA9-2533-4E51-9FEB-9EAC84EE9AAC,9,210,0,0,0,0,0,0
sensitivity_1,threshold,theta=0.1301,val,D7D20E2E-FC78-405D-B346-DBD3FD8FC92B,7,175,0,0,0,0,0,0
sensitivity_1,threshold,theta=0.1301,val,D7D20E2E-FC78-405D-B346-DBD3FD8FC92B,8,528,0,0,0,0,0,0
sensitivity_1,threshold,theta=0.1301,val,D7D20E2E-FC78-405D-B346-DBD3FD8FC92B,9,42,1,1,2,2,1,1
sensitivity_1,threshold,theta=0.1301,val,D7D20E2E-FC78-405D-B346-DBD3FD8FC92B,10,153,9,9,18,18,13,8
sensitivity_1,threshold,theta=0.1301,val,D7D20E2E-FC78-405D-B346-DBD3FD8FC92B,11,292,1,1,2,1,1,1
sensitivity_1,threshold,theta=0.1301,val,D7D20E2E-FC78-405D-B346-DBD3FD8FC92B,12,23,0,0,0,0,0,0
sensitivity_1,threshold,theta=0.1301,val,E65577C1-8D5D-4F70-AF23-B3ADB9D3DBA3,3,659,11,11,22,18,16,11
sensitivity_1,threshold,theta=0.1301,val,ECECC2AB-D32F-4F90-B74C-E12A1C69BBE2,12,232,2,2,4,2,2,2
sensitivity_1,threshold,theta=0.1301,val,ECECC2AB-D32F-4F90-B74C-E12A1C69BBE2,13,35,0,0,0,0,0,0
sensitivity_1,threshold,theta=0.1301,val,ECECC2AB-D32F-4F90-B74C-E12A1C69BBE2,14,204,3,3,6,7,5,3
sensitivity_1,threshold,theta=0.1301,val,ECECC2AB-D32F-4F90-B74C-E12A1C69BBE2,15,206,0,0,0,0,0,0
sensitivity_1,threshold,theta=0.1301,val,FDAA70A1-42A3-4E3F-9AE3-3FDA412E03BF,18,966,6,6,12,20,7,5
sensitivity_1,moving_average,"k=3, theta=0.3543",val,00EABED2-271D-49D8-B599-1D4A09240601,23,428,3,3,6,17,2,2
sensitivity_1,moving_average,"k=3, theta=0.3543",val,098A72A5-E3E5-4F54-A152-BBDA0DF7B694,5,174,1,1,2,1,1,1
sensitivity_1,moving_average,"k=3, theta=0.3543",val,098A72A5-E3E5-4F54-A152-BBDA0DF7B694,6,134,2,2,4,4,2,2
sensitivity_1,moving_average,"k=3, theta=0.3543",val,098A72A5-E3E5-4F54-A152-BBDA0DF7B694,7,13,0,0,0,0,0,0
sensitivity_1,moving_average,"k=3, theta=0.3543",val,098A72A5-E3E5-4F54-A152-BBDA0DF7B694,8,275,0,0,0,0,0,0
sensitivity_1,moving_average,"k=3, theta=0.3543",val,098A72A5-E3E5-4F54-A152-BBDA0DF7B694,9,459,0,0,0,0,0,0
sensitivity_1,moving_average,"k=3, theta=0.3543",val,098A72A5-E3E5-4F54-A152-BBDA0DF7B694,10,75,2,2,4,5,3,2
sensitivity_1,moving_average,"k=3, theta=0.3543",val,098A72A5-E3E5-4F54-A152-BBDA0DF7B694,11,44,2,2,4,2,3,2
sensitivity_1,moving_average,"k=3, theta=0.3543",val,098A72A5-E3E5-4F54-A152-BBDA0DF7B694,13,156,0,0,0,0,0,0
sensitivity_1,moving_average,"k=3, theta=0.3543",val,0A986513-7828-4D53-AA1F-E02D6DF9561B,6,763,6,6,12,32,6,5
sensitivity_1,moving_average,"k=3, theta=0.3543",val,11B5EC4D-4133-4289-B475-4E737182A406,3,616,4,4,8,12,5,4
sensitivity_1,moving_average,"k=3, theta=0.3543",val,11B5EC4D-4133-4289-B475-4E737182A406,4,799,12,12,24,33,13,10
sensitivity_1,moving_average,"k=3, theta=0.3543",val,11B5EC4D-4133-4289-B475-4E737182A406,5,324,0,0,0,0,0,0
sensitivity_1,moving_average,"k=3, theta=0.3543",val,136562B6-95B2-483D-88DC-065F28409FD2,17,181,1,1,2,3,1,1
sensitivity_1,moving_average,"k=3, theta=0.3543",val,136562B6-95B2-483D-88DC-065F28409FD2,18,847,7,7,14,35,5,4
sensitivity_1,moving_average,"k=3, theta=0.3543",val,136562B6-95B2-483D-88DC-065F28409FD2,19,80,1,1,2,1,1,1
sensitivity_1,moving_average,"k=3, theta=0.3543",val,136562B6-95B2-483D-88DC-065F28409FD2,20,107,5,5,10,17,5,4
sensitivity_1,moving_average,"k=3, theta=0.3543",val,1538C99F-BA1E-4EFB-A949-6C7C47701B20,25,291,1,1,2,2,1,1
sensitivity_1,moving_average,"k=3, theta=0.3543",val,1538C99F-BA1E-4EFB-A949-6C7C47701B20,26,82,0,0,0,0,0,0
sensitivity_1,moving_average,"k=3, theta=0.3543",val,1538C99F-BA1E-4EFB-A949-6C7C47701B20,27,160,3,3,6,3,3,3
sensitivity_1,moving_average,"k=3, theta=0.3543",val,1538C99F-BA1E-4EFB-A949-6C7C47701B20,28,748,4,4,8,9,4,4
sensitivity_1,moving_average,"k=3, theta=0.3543",val,24E40C4C-A349-4F9F-93AB-01D00FB994AF,12,236,0,0,0,0,0,0
sensitivity_1,moving_average,"k=3, theta=0.3543",val,24E40C4C-A349-4F9F-93AB-01D00FB994AF,13,213,3,3,6,6,5,3
sensitivity_1,moving_average,"k=3, theta=0.3543",val,24E40C4C-A349-4F9F-93AB-01D00FB994AF,14,141,2,2,4,4,3,2
sensitivity_1,moving_average,"k=3, theta=0.3543",val,24E40C4C-A349-4F9F-93AB-01D00FB994AF,15,317,6,6,12,8,8,6
sensitivity_1,moving_average,"k=3, theta=0.3543",val,24E40C4C-A349-4F9F-93AB-01D00FB994AF,16,18,1,1,2,2,1,1
sensitivity_1,moving_average,"k=3, theta=0.3543",val,2C32C23E-E30C-498A-8DD2-0EFB9150A02E,9,1674,7,7,14,45,8,5
sensitivity_1,moving_average,"k=3, theta=0.3543",val,3600D531-0C55-44A7-AE95-A7A38519464E,20,842,8,8,16,15,8,8
sensitivity_1,moving_average,"k=3, theta=0.3543",val,3600D531-0C55-44A7-AE95-A7A38519464E,21,54,3,3,6,18,2,1
sensitivity_1,moving_average,"k=3, theta=0.3543",val,3600D531-0C55-44A7-AE95-A7A38519464E,22,107,0,0,0,0,0,0
sensitivity_1,moving_average,"k=3, theta=0.3543",val,3600D531-0C55-44A7-AE95-A7A38519464E,24,14,0,0,0,0,0,0
sensitivity_1,moving_average,"k=3, theta=0.3543",val,4FC32141-E888-4BFF-8804-12559A491D8C,4,43,0,0,0,0,0,0
sensitivity_1,moving_average,"k=3, theta=0.3543",val,4FC32141-E888-4BFF-8804-12559A491D8C,5,325,17,17,34,69,20,13
sensitivity_1,moving_average,"k=3, theta=0.3543",val,4FC32141-E888-4BFF-8804-12559A491D8C,6,427,4,4,8,17,4,3
sensitivity_1,moving_average,"k=3, theta=0.3543",val,4FC32141-E888-4BFF-8804-12559A491D8C,7,102,1,1,2,13,0,0
sensitivity_1,moving_average,"k=3, theta=0.3543",val,4FC32141-E888-4BFF-8804-12559A491D8C,8,18,0,0,0,0,0,0
sensitivity_1,moving_average,"k=3, theta=0.3543",val,4FC32141-E888-4BFF-8804-12559A491D8C,10,43,0,0,0,0,0,0
sensitivity_1,moving_average,"k=3, theta=0.3543",val,5119D0F8-FCA8-4184-A4EB-19421A40DE0D,9,1294,6,6,12,53,3,2
sensitivity_1,moving_average,"k=3, theta=0.3543",val,5152A2DF-FAF3-4BA8-9CA9-E66B32671A53,6,697,15,15,30,55,18,12
sensitivity_1,moving_average,"k=3, theta=0.3543",val,5152A2DF-FAF3-4BA8-9CA9-E66B32671A53,7,597,0,0,0,0,0,0
sensitivity_1,moving_average,"k=3, theta=0.3543",val,5EF64122-B513-46AE-BCF1-E62AAC285D2C,9,116,0,0,0,0,0,0
sensitivity_1,moving_average,"k=3, theta=0.3543",val,5EF64122-B513-46AE-BCF1-E62AAC285D2C,10,637,2,2,4,3,2,2
sensitivity_1,moving_average,"k=3, theta=0.3543",val,61976C24-1C50-4355-9C49-AAE44A7D09F6,46,1717,6,6,12,51,5,3
sensitivity_1,moving_average,"k=3, theta=0.3543",val,78A91A4E-4A51-4065-BDA7-94755F0BB3BB,5,597,15,15,30,84,19,12
sensitivity_1,moving_average,"k=3, theta=0.3543",val,78A91A4E-4A51-4065-BDA7-94755F0BB3BB,6,1773,2,2,4,3,2,2
sensitivity_1,moving_average,"k=3, theta=0.3543",val,7CE37510-56D0-4120-A1CF-0E23351428D2,6,1923,16,16,32,47,18,14
sensitivity_1,moving_average,"k=3, theta=0.3543",val,8023FE1A-D3B0-4E2C-A57A-9321B7FC755F,23,972,5,5,10,19,5,4
sensitivity_1,moving_average,"k=3, theta=0.3543",val,8023FE1A-D3B0-4E2C-A57A-9321B7FC755F,24,836,7,7,14,23,9,6
sensitivity_1,moving_average,"k=3, theta=0.3543",val,83CF687B-7CEC-434B-9FE8-00C3D5799BE6,7,1879,8,8,16,48,7,5
sensitivity_1,moving_average,"k=3, theta=0.3543",val,9759096F-1119-4E19-A0AD-6F16989C7E1C,3,474,15,15,30,39,19,13
sensitivity_1,moving_average,"k=3, theta=0.3543",val,9759096F-1119-4E19-A0AD-6F16989C7E1C,4,1489,11,11,22,29,13,10
sensitivity_1,moving_average,"k=3, theta=0.3543",val,9DC38D04-E82E-4F29-AB52-B476535226F2,12,1543,16,16,32,55,21,13
sensitivity_1,moving_average,"k=3, theta=0.3543",val,9DC38D04-E82E-4F29-AB52-B476535226F2,18,359,0,0,0,0,0,0
sensitivity_1,moving_average,"k=3, theta=0.3543",val,A5CDF89D-02A2-4EC1-89F8-F534FDABDD96,12,62,0,0,0,0,0,0
sensitivity_1,moving_average,"k=3, theta=0.3543",val,A5CDF89D-02A2-4EC1-89F8-F534FDABDD96,13,841,5,5,10,28,4,3
sensitivity_1,moving_average,"k=3, theta=0.3543",val,A5CDF89D-02A2-4EC1-89F8-F534FDABDD96,14,276,5,5,10,26,6,3
sensitivity_1,moving_average,"k=3, theta=0.3543",val,A76A5AF5-5A93-4CF2-A16E-62353BB70E8A,2,1475,6,6,12,9,6,6
sensitivity_1,moving_average,"k=3, theta=0.3543",val,B09E373F-8A54-44C8-895B-0039390B859F,9,1598,20,20,40,54,22,18
sensitivity_1,moving_average,"k=3, theta=0.3543",val,B9724848-C7E2-45F4-9B3F-A1F38D864495,10,85,0,0,0,0,0,0
sensitivity_1,moving_average,"k=3, theta=0.3543",val,B9724848-C7E2-45F4-9B3F-A1F38D864495,11,522,11,11,22,32,12,10
sensitivity_1,moving_average,"k=3, theta=0.3543",val,B9724848-C7E2-45F4-9B3F-A1F38D864495,13,880,3,3,6,6,3,3
sensitivity_1,moving_average,"k=3, theta=0.3543",val,BE3CA5A6-A561-4BBD-B7C9-5DF6805400FC,13,681,16,16,32,38,19,14
sensitivity_1,moving_average,"k=3, theta=0.3543",val,BE3CA5A6-A561-4BBD-B7C9-5DF6805400FC,14,79,0,0,0,0,0,0
sensitivity_1,moving_average,"k=3, theta=0.3543",val,BE3CA5A6-A561-4BBD-B7C9-5DF6805400FC,15,430,0,0,0,0,0,0
sensitivity_1,moving_average,"k=3, theta=0.3543",val,BE3CA5A6-A561-4BBD-B7C9-5DF6805400FC,16,442,0,0,0,0,0,0
sensitivity_1,moving_average,"k=3, theta=0.3543",val,C48CE857-A0DD-4DDB-BEA5-3A25449B2153,25,150,0,0,0,0,0,0
sensitivity_1,moving_average,"k=3, theta=0.3543",val,C48CE857-A0DD-4DDB-BEA5-3A25449B2153,26,40,0,0,0,0,0,0
sensitivity_1,moving_average,"k=3, theta=0.3543",val,C48CE857-A0DD-4DDB-BEA5-3A25449B2153,28,151,2,2,4,3,2,2
sensitivity_1,moving_average,"k=3, theta=0.3543",val,C48CE857-A0DD-4DDB-BEA5-3A25449B2153,30,239,0,0,0,0,0,0
sensitivity_1,moving_average,"k=3, theta=0.3543",val,C48CE857-A0DD-4DDB-BEA5-3A25449B2153,31,282,2,2,4,21,1,1
sensitivity_1,moving_average,"k=3, theta=0.3543",val,C48CE857-A0DD-4DDB-BEA5-3A25449B2153,32,115,3,3,6,5,4,3
sensitivity_1,moving_average,"k=3, theta=0.3543",val,CA820D43-E5E2-42EF-9798-BE56F776370B,4,1146,16,16,32,38,21,16
sensitivity_1,moving_average,"k=3, theta=0.3543",val,CA820D43-E5E2-42EF-9798-BE56F776370B,8,394,3,3,6,9,3,3
sensitivity_1,moving_average,"k=3, theta=0.3543",val,CDA3BBF7-6631-45E8-85BA-EEB416B32A3C,2,227,2,2,4,2,2,2
sensitivity_1,moving_average,"k=3, theta=0.3543",val,CDA3BBF7-6631-45E8-85BA-EEB416B32A3C,3,316,0,0,0,0,0,0
sensitivity_1,moving_average,"k=3, theta=0.3543",val,CF722AA9-2533-4E51-9FEB-9EAC84EE9AAC,7,113,2,2,4,4,3,2
sensitivity_1,moving_average,"k=3, theta=0.3543",val,CF722AA9-2533-4E51-9FEB-9EAC84EE9AAC,8,371,7,6,13,88,8,5
sensitivity_1,moving_average,"k=3, theta=0.3543",val,CF722AA9-2533-4E51-9FEB-9EAC84EE9AAC,9,210,1,1,2,2,1,1
sensitivity_1,moving_average,"k=3, theta=0.3543",val,D7D20E2E-FC78-405D-B346-DBD3FD8FC92B,7,175,3,3,6,7,4,3
sensitivity_1,moving_average,"k=3, theta=0.3543",val,D7D20E2E-FC78-405D-B346-DBD3FD8FC92B,8,528,0,0,0,0,0,0
sensitivity_1,moving_average,"k=3, theta=0.3543",val,D7D20E2E-FC78-405D-B346-DBD3FD8FC92B,9,42,3,2,5,4,2,2
sensitivity_1,moving_average,"k=3, theta=0.3543",val,D7D20E2E-FC78-405D-B346-DBD3FD8FC92B,10,153,4,4,8,59,4,2
sensitivity_1,moving_average,"k=3, theta=0.3543",val,D7D20E2E-FC78-405D-B346-DBD3FD8FC92B,11,292,1,1,2,2,1,1
sensitivity_1,moving_average,"k=3, theta=0.3543",val,D7D20E2E-FC78-405D-B346-DBD3FD8FC92B,12,23,0,0,0,0,0,0
sensitivity_1,moving_average,"k=3, theta=0.3543",val,E65577C1-8D5D-4F70-AF23-B3ADB9D3DBA3,3,659,12,12,24,32,19,11
sensitivity_1,moving_average,"k=3, theta=0.3543",val,ECECC2AB-D32F-4F90-B74C-E12A1C69BBE2,12,232,0,0,0,0,0,0
sensitivity_1,moving_average,"k=3, theta=0.3543",val,ECECC2AB-D32F-4F90-B74C-E12A1C69BBE2,13,35,0,0,0,0,0,0
sensitivity_1,moving_average,"k=3, theta=0.3543",val,ECECC2AB-D32F-4F90-B74C-E12A1C69BBE2,14,204,2,2,4,12,1,1
sensitivity_1,moving_average,"k=3, theta=0.3543",val,ECECC2AB-D32F-4F90-B74C-E12A1C69BBE2,15,206,0,0,0,0,0,0
sensitivity_1,moving_average,"k=3, theta=0.3543",val,FDAA70A1-42A3-4E3F-9AE3-3FDA412E03BF,18,966,4,4,8,36,2,2
sensitivity_1,ewma,"alpha=0.5, theta=0.3318",val,00EABED2-271D-49D8-B599-1D4A09240601,23,428,3,3,6,16,2,2
sensitivity_1,ewma,"alpha=0.5, theta=0.3318",val,098A72A5-E3E5-4F54-A152-BBDA0DF7B694,5,174,0,0,0,0,0,0
sensitivity_1,ewma,"alpha=0.5, theta=0.3318",val,098A72A5-E3E5-4F54-A152-BBDA0DF7B694,6,134,2,2,4,4,2,2
sensitivity_1,ewma,"alpha=0.5, theta=0.3318",val,098A72A5-E3E5-4F54-A152-BBDA0DF7B694,7,13,0,0,0,0,0,0
sensitivity_1,ewma,"alpha=0.5, theta=0.3318",val,098A72A5-E3E5-4F54-A152-BBDA0DF7B694,8,275,0,0,0,0,0,0
sensitivity_1,ewma,"alpha=0.5, theta=0.3318",val,098A72A5-E3E5-4F54-A152-BBDA0DF7B694,9,459,0,0,0,0,0,0
sensitivity_1,ewma,"alpha=0.5, theta=0.3318",val,098A72A5-E3E5-4F54-A152-BBDA0DF7B694,10,75,2,2,4,3,3,2
sensitivity_1,ewma,"alpha=0.5, theta=0.3318",val,098A72A5-E3E5-4F54-A152-BBDA0DF7B694,11,44,3,3,6,3,4,3
sensitivity_1,ewma,"alpha=0.5, theta=0.3318",val,098A72A5-E3E5-4F54-A152-BBDA0DF7B694,13,156,0,0,0,0,0,0
sensitivity_1,ewma,"alpha=0.5, theta=0.3318",val,0A986513-7828-4D53-AA1F-E02D6DF9561B,6,763,5,5,10,27,5,4
sensitivity_1,ewma,"alpha=0.5, theta=0.3318",val,11B5EC4D-4133-4289-B475-4E737182A406,3,616,5,5,10,12,7,5
sensitivity_1,ewma,"alpha=0.5, theta=0.3318",val,11B5EC4D-4133-4289-B475-4E737182A406,4,799,10,10,20,22,13,10
sensitivity_1,ewma,"alpha=0.5, theta=0.3318",val,11B5EC4D-4133-4289-B475-4E737182A406,5,324,0,0,0,0,0,0
sensitivity_1,ewma,"alpha=0.5, theta=0.3318",val,136562B6-95B2-483D-88DC-065F28409FD2,17,181,1,1,2,1,1,1
sensitivity_1,ewma,"alpha=0.5, theta=0.3318",val,136562B6-95B2-483D-88DC-065F28409FD2,18,847,5,5,10,28,4,4
sensitivity_1,ewma,"alpha=0.5, theta=0.3318",val,136562B6-95B2-483D-88DC-065F28409FD2,19,80,1,1,2,1,1,1
sensitivity_1,ewma,"alpha=0.5, theta=0.3318",val,136562B6-95B2-483D-88DC-065F28409FD2,20,107,6,6,12,16,7,5
sensitivity_1,ewma,"alpha=0.5, theta=0.3318",val,1538C99F-BA1E-4EFB-A949-6C7C47701B20,25,291,2,2,4,2,3,2
sensitivity_1,ewma,"alpha=0.5, theta=0.3318",val,1538C99F-BA1E-4EFB-A949-6C7C47701B20,26,82,0,0,0,0,0,0
sensitivity_1,ewma,"alpha=0.5, theta=0.3318",val,1538C99F-BA1E-4EFB-A949-6C7C47701B20,27,160,2,2,4,2,2,2
sensitivity_1,ewma,"alpha=0.5, theta=0.3318",val,1538C99F-BA1E-4EFB-A949-6C7C47701B20,28,748,4,4,8,5,5,4
sensitivity_1,ewma,"alpha=0.5, theta=0.3318",val,24E40C4C-A349-4F9F-93AB-01D00FB994AF,12,236,0,0,0,0,0,0
sensitivity_1,ewma,"alpha=0.5, theta=0.3318",val,24E40C4C-A349-4F9F-93AB-01D00FB994AF,13,213,3,3,6,8,4,3
sensitivity_1,ewma,"alpha=0.5, theta=0.3318",val,24E40C4C-A349-4F9F-93AB-01D00FB994AF,14,141,1,1,2,2,1,1
sensitivity_1,ewma,"alpha=0.5, theta=0.3318",val,24E40C4C-A349-4F9F-93AB-01D00FB994AF,15,317,3,3,6,4,3,3
sensitivity_1,ewma,"alpha=0.5, theta=0.3318",val,24E40C4C-A349-4F9F-93AB-01D00FB994AF,16,18,1,1,2,2,1,1
sensitivity_1,ewma,"alpha=0.5, theta=0.3318",val,2C32C23E-E30C-498A-8DD2-0EFB9150A02E,9,1674,6,6,12,43,7,4
sensitivity_1,ewma,"alpha=0.5, theta=0.3318",val,3600D531-0C55-44A7-AE95-A7A38519464E,20,842,6,6,12,9,7,6
sensitivity_1,ewma,"alpha=0.5, theta=0.3318",val,3600D531-0C55-44A7-AE95-A7A38519464E,21,54,5,5,10,15,8,5
sensitivity_1,ewma,"alpha=0.5, theta=0.3318",val,3600D531-0C55-44A7-AE95-A7A38519464E,22,107,0,0,0,0,0,0
sensitivity_1,ewma,"alpha=0.5, theta=0.3318",val,3600D531-0C55-44A7-AE95-A7A38519464E,24,14,0,0,0,0,0,0
sensitivity_1,ewma,"alpha=0.5, theta=0.3318",val,4FC32141-E888-4BFF-8804-12559A491D8C,4,43,0,0,0,0,0,0
sensitivity_1,ewma,"alpha=0.5, theta=0.3318",val,4FC32141-E888-4BFF-8804-12559A491D8C,5,325,16,16,32,48,21,14
sensitivity_1,ewma,"alpha=0.5, theta=0.3318",val,4FC32141-E888-4BFF-8804-12559A491D8C,6,427,3,3,6,10,3,2
sensitivity_1,ewma,"alpha=0.5, theta=0.3318",val,4FC32141-E888-4BFF-8804-12559A491D8C,7,102,2,2,4,12,2,1
sensitivity_1,ewma,"alpha=0.5, theta=0.3318",val,4FC32141-E888-4BFF-8804-12559A491D8C,8,18,0,0,0,0,0,0
sensitivity_1,ewma,"alpha=0.5, theta=0.3318",val,4FC32141-E888-4BFF-8804-12559A491D8C,10,43,0,0,0,0,0,0
sensitivity_1,ewma,"alpha=0.5, theta=0.3318",val,5119D0F8-FCA8-4184-A4EB-19421A40DE0D,9,1294,7,7,14,50,6,4
sensitivity_1,ewma,"alpha=0.5, theta=0.3318",val,5152A2DF-FAF3-4BA8-9CA9-E66B32671A53,6,697,13,13,26,44,18,11
sensitivity_1,ewma,"alpha=0.5, theta=0.3318",val,5152A2DF-FAF3-4BA8-9CA9-E66B32671A53,7,597,0,0,0,0,0,0
sensitivity_1,ewma,"alpha=0.5, theta=0.3318",val,5EF64122-B513-46AE-BCF1-E62AAC285D2C,9,116,0,0,0,0,0,0
sensitivity_1,ewma,"alpha=0.5, theta=0.3318",val,5EF64122-B513-46AE-BCF1-E62AAC285D2C,10,637,2,2,4,3,2,2
sensitivity_1,ewma,"alpha=0.5, theta=0.3318",val,61976C24-1C50-4355-9C49-AAE44A7D09F6,46,1717,9,9,18,42,12,6
sensitivity_1,ewma,"alpha=0.5, theta=0.3318",val,78A91A4E-4A51-4065-BDA7-94755F0BB3BB,5,597,17,17,34,80,23,14
sensitivity_1,ewma,"alpha=0.5, theta=0.3318",val,78A91A4E-4A51-4065-BDA7-94755F0BB3BB,6,1773,1,1,2,1,1,1
sensitivity_1,ewma,"alpha=0.5, theta=0.3318",val,7CE37510-56D0-4120-A1CF-0E23351428D2,6,1923,16,16,32,41,19,14
sensitivity_1,ewma,"alpha=0.5, theta=0.3318",val,8023FE1A-D3B0-4E2C-A57A-9321B7FC755F,23,972,5,5,10,16,5,4
sensitivity_1,ewma,"alpha=0.5, theta=0.3318",val,8023FE1A-D3B0-4E2C-A57A-9321B7FC755F,24,836,8,8,16,14,11,8
sensitivity_1,ewma,"alpha=0.5, theta=0.3318",val,83CF687B-7CEC-434B-9FE8-00C3D5799BE6,7,1879,5,5,10,43,3,2
sensitivity_1,ewma,"alpha=0.5, theta=0.3318",val,9759096F-1119-4E19-A0AD-6F16989C7E1C,3,474,14,14,28,29,20,12
sensitivity_1,ewma,"alpha=0.5, theta=0.3318",val,9759096F-1119-4E19-A0AD-6F16989C7E1C,4,1489,11,11,22,24,14,10
sensitivity_1,ewma,"alpha=0.5, theta=0.3318",val,9DC38D04-E82E-4F29-AB52-B476535226F2,12,1543,16,16,32,42,23,15
sensitivity_1,ewma,"alpha=0.5, theta=0.3318",val,9DC38D04-E82E-4F29-AB52-B476535226F2,18,359,0,0,0,0,0,0
sensitivity_1,ewma,"alpha=0.5, theta=0.3318",val,A5CDF89D-02A2-4EC1-89F8-F534FDABDD96,12,62,0,0,0,0,0,0
sensitivity_1,ewma,"alpha=0.5, theta=0.3318",val,A5CDF89D-02A2-4EC1-89F8-F534FDABDD96,13,841,4,4,8,26,3,2
sensitivity_1,ewma,"alpha=0.5, theta=0.3318",val,A5CDF89D-02A2-4EC1-89F8-F534FDABDD96,14,276,6,6,12,23,8,4
sensitivity_1,ewma,"alpha=0.5, theta=0.3318",val,A76A5AF5-5A93-4CF2-A16E-62353BB70E8A,2,1475,4,4,8,6,4,4
sensitivity_1,ewma,"alpha=0.5, theta=0.3318",val,B09E373F-8A54-44C8-895B-0039390B859F,9,1598,17,17,34,41,19,15
sensitivity_1,ewma,"alpha=0.5, theta=0.3318",val,B9724848-C7E2-45F4-9B3F-A1F38D864495,10,85,1,1,2,1,1,1
sensitivity_1,ewma,"alpha=0.5, theta=0.3318",val,B9724848-C7E2-45F4-9B3F-A1F38D864495,11,522,10,10,20,25,11,9
sensitivity_1,ewma,"alpha=0.5, theta=0.3318",val,B9724848-C7E2-45F4-9B3F-A1F38D864495,13,880,2,2,4,6,2,2
sensitivity_1,ewma,"alpha=0.5, theta=0.3318",val,BE3CA5A6-A561-4BBD-B7C9-5DF6805400FC,13,681,8,8,16,15,12,8
sensitivity_1,ewma,"alpha=0.5, theta=0.3318",val,BE3CA5A6-A561-4BBD-B7C9-5DF6805400FC,14,79,0,0,0,0,0,0
sensitivity_1,ewma,"alpha=0.5, theta=0.3318",val,BE3CA5A6-A561-4BBD-B7C9-5DF6805400FC,15,430,0,0,0,0,0,0
sensitivity_1,ewma,"alpha=0.5, theta=0.3318",val,BE3CA5A6-A561-4BBD-B7C9-5DF6805400FC,16,442,0,0,0,0,0,0
sensitivity_1,ewma,"alpha=0.5, theta=0.3318",val,C48CE857-A0DD-4DDB-BEA5-3A25449B2153,25,150,0,0,0,0,0,0
sensitivity_1,ewma,"alpha=0.5, theta=0.3318",val,C48CE857-A0DD-4DDB-BEA5-3A25449B2153,26,40,0,0,0,0,0,0
sensitivity_1,ewma,"alpha=0.5, theta=0.3318",val,C48CE857-A0DD-4DDB-BEA5-3A25449B2153,28,151,3,3,6,5,4,3
sensitivity_1,ewma,"alpha=0.5, theta=0.3318",val,C48CE857-A0DD-4DDB-BEA5-3A25449B2153,30,239,0,0,0,0,0,0
sensitivity_1,ewma,"alpha=0.5, theta=0.3318",val,C48CE857-A0DD-4DDB-BEA5-3A25449B2153,31,282,3,3,6,18,4,2
sensitivity_1,ewma,"alpha=0.5, theta=0.3318",val,C48CE857-A0DD-4DDB-BEA5-3A25449B2153,32,115,1,1,2,1,1,1
sensitivity_1,ewma,"alpha=0.5, theta=0.3318",val,CA820D43-E5E2-42EF-9798-BE56F776370B,4,1146,19,19,38,29,25,19
sensitivity_1,ewma,"alpha=0.5, theta=0.3318",val,CA820D43-E5E2-42EF-9798-BE56F776370B,8,394,3,3,6,9,3,3
sensitivity_1,ewma,"alpha=0.5, theta=0.3318",val,CDA3BBF7-6631-45E8-85BA-EEB416B32A3C,2,227,2,2,4,3,2,2
sensitivity_1,ewma,"alpha=0.5, theta=0.3318",val,CDA3BBF7-6631-45E8-85BA-EEB416B32A3C,3,316,0,0,0,0,0,0
sensitivity_1,ewma,"alpha=0.5, theta=0.3318",val,CF722AA9-2533-4E51-9FEB-9EAC84EE9AAC,7,113,2,2,4,3,3,2
sensitivity_1,ewma,"alpha=0.5, theta=0.3318",val,CF722AA9-2533-4E51-9FEB-9EAC84EE9AAC,8,371,8,7,15,82,9,5
sensitivity_1,ewma,"alpha=0.5, theta=0.3318",val,CF722AA9-2533-4E51-9FEB-9EAC84EE9AAC,9,210,1,1,2,1,1,1
sensitivity_1,ewma,"alpha=0.5, theta=0.3318",val,D7D20E2E-FC78-405D-B346-DBD3FD8FC92B,7,175,3,3,6,4,4,3
sensitivity_1,ewma,"alpha=0.5, theta=0.3318",val,D7D20E2E-FC78-405D-B346-DBD3FD8FC92B,8,528,0,0,0,0,0,0
sensitivity_1,ewma,"alpha=0.5, theta=0.3318",val,D7D20E2E-FC78-405D-B346-DBD3FD8FC92B,9,42,1,1,2,1,1,1
sensitivity_1,ewma,"alpha=0.5, theta=0.3318",val,D7D20E2E-FC78-405D-B346-DBD3FD8FC92B,10,153,4,4,8,60,5,2
sensitivity_1,ewma,"alpha=0.5, theta=0.3318",val,D7D20E2E-FC78-405D-B346-DBD3FD8FC92B,11,292,1,1,2,3,1,1
sensitivity_1,ewma,"alpha=0.5, theta=0.3318",val,D7D20E2E-FC78-405D-B346-DBD3FD8FC92B,12,23,0,0,0,0,0,0
sensitivity_1,ewma,"alpha=0.5, theta=0.3318",val,E65577C1-8D5D-4F70-AF23-B3ADB9D3DBA3,3,659,13,13,26,32,21,12
sensitivity_1,ewma,"alpha=0.5, theta=0.3318",val,ECECC2AB-D32F-4F90-B74C-E12A1C69BBE2,12,232,0,0,0,0,0,0
sensitivity_1,ewma,"alpha=0.5, theta=0.3318",val,ECECC2AB-D32F-4F90-B74C-E12A1C69BBE2,13,35,0,0,0,0,0,0
sensitivity_1,ewma,"alpha=0.5, theta=0.3318",val,ECECC2AB-D32F-4F90-B74C-E12A1C69BBE2,14,204,2,2,4,12,1,1
sensitivity_1,ewma,"alpha=0.5, theta=0.3318",val,ECECC2AB-D32F-4F90-B74C-E12A1C69BBE2,15,206,0,0,0,0,0,0
sensitivity_1,ewma,"alpha=0.5, theta=0.3318",val,FDAA70A1-42A3-4E3F-9AE3-3FDA412E03BF,18,966,5,5,10,35,4,4
sensitivity_1,majority_vote,"k=3, theta=0.3318",val,00EABED2-271D-49D8-B599-1D4A09240601,23,428,3,3,6,19,2,2
sensitivity_1,majority_vote,"k=3, theta=0.3318",val,098A72A5-E3E5-4F54-A152-BBDA0DF7B694,5,174,1,1,2,2,1,1
sensitivity_1,majority_vote,"k=3, theta=0.3318",val,098A72A5-E3E5-4F54-A152-BBDA0DF7B694,6,134,2,2,4,5,2,2
sensitivity_1,majority_vote,"k=3, theta=0.3318",val,098A72A5-E3E5-4F54-A152-BBDA0DF7B694,7,13,0,0,0,0,0,0
sensitivity_1,majority_vote,"k=3, theta=0.3318",val,098A72A5-E3E5-4F54-A152-BBDA0DF7B694,8,275,0,0,0,0,0,0
sensitivity_1,majority_vote,"k=3, theta=0.3318",val,098A72A5-E3E5-4F54-A152-BBDA0DF7B694,9,459,0,0,0,0,0,0
sensitivity_1,majority_vote,"k=3, theta=0.3318",val,098A72A5-E3E5-4F54-A152-BBDA0DF7B694,10,75,2,2,4,5,3,2
sensitivity_1,majority_vote,"k=3, theta=0.3318",val,098A72A5-E3E5-4F54-A152-BBDA0DF7B694,11,44,2,2,4,8,2,2
sensitivity_1,majority_vote,"k=3, theta=0.3318",val,098A72A5-E3E5-4F54-A152-BBDA0DF7B694,13,156,0,0,0,0,0,0
sensitivity_1,majority_vote,"k=3, theta=0.3318",val,0A986513-7828-4D53-AA1F-E02D6DF9561B,6,763,6,6,12,36,6,5
sensitivity_1,majority_vote,"k=3, theta=0.3318",val,11B5EC4D-4133-4289-B475-4E737182A406,3,616,5,5,10,19,3,3
sensitivity_1,majority_vote,"k=3, theta=0.3318",val,11B5EC4D-4133-4289-B475-4E737182A406,4,799,13,13,26,35,16,12
sensitivity_1,majority_vote,"k=3, theta=0.3318",val,11B5EC4D-4133-4289-B475-4E737182A406,5,324,0,0,0,0,0,0
sensitivity_1,majority_vote,"k=3, theta=0.3318",val,136562B6-95B2-483D-88DC-065F28409FD2,17,181,1,1,2,1,1,1
sensitivity_1,majority_vote,"k=3, theta=0.3318",val,136562B6-95B2-483D-88DC-065F28409FD2,18,847,7,7,14,39,5,4
sensitivity_1,majority_vote,"k=3, theta=0.3318",val,136562B6-95B2-483D-88DC-065F28409FD2,19,80,1,1,2,1,1,1
sensitivity_1,majority_vote,"k=3, theta=0.3318",val,136562B6-95B2-483D-88DC-065F28409FD2,20,107,4,4,8,17,4,3
sensitivity_1,majority_vote,"k=3, theta=0.3318",val,1538C99F-BA1E-4EFB-A949-6C7C47701B20,25,291,1,1,2,3,1,1
sensitivity_1,majority_vote,"k=3, theta=0.3318",val,1538C99F-BA1E-4EFB-A949-6C7C47701B20,26,82,0,0,0,0,0,0
sensitivity_1,majority_vote,"k=3, theta=0.3318",val,1538C99F-BA1E-4EFB-A949-6C7C47701B20,27,160,0,0,0,0,0,0
sensitivity_1,majority_vote,"k=3, theta=0.3318",val,1538C99F-BA1E-4EFB-A949-6C7C47701B20,28,748,5,5,10,9,6,5
sensitivity_1,majority_vote,"k=3, theta=0.3318",val,24E40C4C-A349-4F9F-93AB-01D00FB994AF,12,236,0,0,0,0,0,0
sensitivity_1,majority_vote,"k=3, theta=0.3318",val,24E40C4C-A349-4F9F-93AB-01D00FB994AF,13,213,2,2,4,11,2,1
sensitivity_1,majority_vote,"k=3, theta=0.3318",val,24E40C4C-A349-4F9F-93AB-01D00FB994AF,14,141,1,1,2,3,1,1
sensitivity_1,majority_vote,"k=3, theta=0.3318",val,24E40C4C-A349-4F9F-93AB-01D00FB994AF,15,317,7,7,14,10,9,7
sensitivity_1,majority_vote,"k=3, theta=0.3318",val,24E40C4C-A349-4F9F-93AB-01D00FB994AF,16,18,1,1,2,3,1,1
sensitivity_1,majority_vote,"k=3, theta=0.3318",val,2C32C23E-E30C-498A-8DD2-0EFB9150A02E,9,1674,7,7,14,47,7,5
sensitivity_1,majority_vote,"k=3, theta=0.3318",val,3600D531-0C55-44A7-AE95-A7A38519464E,20,842,10,10,20,24,13,10
sensitivity_1,majority_vote,"k=3, theta=0.3318",val,3600D531-0C55-44A7-AE95-A7A38519464E,21,54,3,3,6,19,2,1
sensitivity_1,majority_vote,"k=3, theta=0.3318",val,3600D531-0C55-44A7-AE95-A7A38519464E,22,107,0,0,0,0,0,0
sensitivity_1,majority_vote,"k=3, theta=0.3318",val,3600D531-0C55-44A7-AE95-A7A38519464E,24,14,0,0,0,0,0,0
sensitivity_1,majority_vote,"k=3, theta=0.3318",val,4FC32141-E888-4BFF-8804-12559A491D8C,4,43,0,0,0,0,0,0
sensitivity_1,majority_vote,"k=3, theta=0.3318",val,4FC32141-E888-4BFF-8804-12559A491D8C,5,325,14,14,28,62,16,11
sensitivity_1,majority_vote,"k=3, theta=0.3318",val,4FC32141-E888-4BFF-8804-12559A491D8C,6,427,4,4,8,17,4,3
sensitivity_1,majority_vote,"k=3, theta=0.3318",val,4FC32141-E888-4BFF-8804-12559A491D8C,7,102,1,1,2,13,0,0
sensitivity_1,majority_vote,"k=3, theta=0.3318",val,4FC32141-E888-4BFF-8804-12559A491D8C,8,18,0,0,0,0,0,0
sensitivity_1,majority_vote,"k=3, theta=0.3318",val,4FC32141-E888-4BFF-8804-12559A491D8C,10,43,0,0,0,0,0,0
sensitivity_1,majority_vote,"k=3, theta=0.3318",val,5119D0F8-FCA8-4184-A4EB-19421A40DE0D,9,1294,6,6,12,50,3,3
sensitivity_1,majority_vote,"k=3, theta=0.3318",val,5152A2DF-FAF3-4BA8-9CA9-E66B32671A53,6,697,14,14,28,53,17,11
sensitivity_1,majority_vote,"k=3, theta=0.3318",val,5152A2DF-FAF3-4BA8-9CA9-E66B32671A53,7,597,0,0,0,0,0,0
sensitivity_1,majority_vote,"k=3, theta=0.3318",val,5EF64122-B513-46AE-BCF1-E62AAC285D2C,9,116,0,0,0,0,0,0
sensitivity_1,majority_vote,"k=3, theta=0.3318",val,5EF64122-B513-46AE-BCF1-E62AAC285D2C,10,637,6,6,12,13,9,6
sensitivity_1,majority_vote,"k=3, theta=0.3318",val,61976C24-1C50-4355-9C49-AAE44A7D09F6,46,1717,8,8,16,50,9,6
sensitivity_1,majority_vote,"k=3, theta=0.3318",val,78A91A4E-4A51-4065-BDA7-94755F0BB3BB,5,597,14,14,28,91,14,10
sensitivity_1,majority_vote,"k=3, theta=0.3318",val,78A91A4E-4A51-4065-BDA7-94755F0BB3BB,6,1773,1,1,2,3,1,1
sensitivity_1,majority_vote,"k=3, theta=0.3318",val,7CE37510-56D0-4120-A1CF-0E23351428D2,6,1923,17,17,34,64,19,15
sensitivity_1,majority_vote,"k=3, theta=0.3318",val,8023FE1A-D3B0-4E2C-A57A-9321B7FC755F,23,972,6,6,12,25,6,5
sensitivity_1,majority_vote,"k=3, theta=0.3318",val,8023FE1A-D3B0-4E2C-A57A-9321B7FC755F,24,836,8,8,16,24,11,7
sensitivity_1,majority_vote,"k=3, theta=0.3318",val,83CF687B-7CEC-434B-9FE8-00C3D5799BE6,7,1879,8,8,16,46,8,5
sensitivity_1,majority_vote,"k=3, theta=0.3318",val,9759096F-1119-4E19-A0AD-6F16989C7E1C,3,474,16,16,32,44,21,14
sensitivity_1,majority_vote,"k=3, theta=0.3318",val,9759096F-1119-4E19-A0AD-6F16989C7E1C,4,1489,11,11,22,34,12,10
sensitivity_1,majority_vote,"k=3, theta=0.3318",val,9DC38D04-E82E-4F29-AB52-B476535226F2,12,1543,17,17,34,69,21,14
sensitivity_1,majority_vote,"k=3, theta=0.3318",val,9DC38D04-E82E-4F29-AB52-B476535226F2,18,359,0,0,0,0,0,0
sensitivity_1,majority_vote,"k=3, theta=0.3318",val,A5CDF89D-02A2-4EC1-89F8-F534FDABDD96,12,62,0,0,0,0,0,0
sensitivity_1,majority_vote,"k=3, theta=0.3318",val,A5CDF89D-02A2-4EC1-89F8-F534FDABDD96,13,841,8,8,16,33,8,6
sensitivity_1,majority_vote,"k=3, theta=0.3318",val,A5CDF89D-02A2-4EC1-89F8-F534FDABDD96,14,276,5,5,10,25,6,4
sensitivity_1,majority_vote,"k=3, theta=0.3318",val,A76A5AF5-5A93-4CF2-A16E-62353BB70E8A,2,1475,7,7,14,15,9,7
sensitivity_1,majority_vote,"k=3, theta=0.3318",val,B09E373F-8A54-44C8-895B-0039390B859F,9,1598,21,21,42,63,26,19
sensitivity_1,majority_vote,"k=3, theta=0.3318",val,B9724848-C7E2-45F4-9B3F-A1F38D864495,10,85,1,1,2,2,1,1
sensitivity_1,majority_vote,"k=3, theta=0.3318",val,B9724848-C7E2-45F4-9B3F-A1F38D864495,11,522,10,10,20,31,9,9
sensitivity_1,majority_vote,"k=3, theta=0.3318",val,B9724848-C7E2-45F4-9B3F-A1F38D864495,13,880,3,3,6,9,3,3
sensitivity_1,majority_vote,"k=3, theta=0.3318",val,BE3CA5A6-A561-4BBD-B7C9-5DF6805400FC,13,681,12,12,24,24,14,11
sensitivity_1,majority_vote,"k=3, theta=0.3318",val,BE3CA5A6-A561-4BBD-B7C9-5DF6805400FC,14,79,0,0,0,0,0,0
sensitivity_1,majority_vote,"k=3, theta=0.3318",val,BE3CA5A6-A561-4BBD-B7C9-5DF6805400FC,15,430,0,0,0,0,0,0
sensitivity_1,majority_vote,"k=3, theta=0.3318",val,BE3CA5A6-A561-4BBD-B7C9-5DF6805400FC,16,442,0,0,0,0,0,0
sensitivity_1,majority_vote,"k=3, theta=0.3318",val,C48CE857-A0DD-4DDB-BEA5-3A25449B2153,25,150,0,0,0,0,0,0
sensitivity_1,majority_vote,"k=3, theta=0.3318",val,C48CE857-A0DD-4DDB-BEA5-3A25449B2153,26,40,0,0,0,0,0,0
sensitivity_1,majority_vote,"k=3, theta=0.3318",val,C48CE857-A0DD-4DDB-BEA5-3A25449B2153,28,151,3,3,6,6,4,3
sensitivity_1,majority_vote,"k=3, theta=0.3318",val,C48CE857-A0DD-4DDB-BEA5-3A25449B2153,30,239,0,0,0,0,0,0
sensitivity_1,majority_vote,"k=3, theta=0.3318",val,C48CE857-A0DD-4DDB-BEA5-3A25449B2153,31,282,3,3,6,22,3,2
sensitivity_1,majority_vote,"k=3, theta=0.3318",val,C48CE857-A0DD-4DDB-BEA5-3A25449B2153,32,115,3,3,6,7,4,3
sensitivity_1,majority_vote,"k=3, theta=0.3318",val,CA820D43-E5E2-42EF-9798-BE56F776370B,4,1146,16,16,32,39,20,16
sensitivity_1,majority_vote,"k=3, theta=0.3318",val,CA820D43-E5E2-42EF-9798-BE56F776370B,8,394,3,3,6,12,3,3
sensitivity_1,majority_vote,"k=3, theta=0.3318",val,CDA3BBF7-6631-45E8-85BA-EEB416B32A3C,2,227,1,1,2,3,1,1
sensitivity_1,majority_vote,"k=3, theta=0.3318",val,CDA3BBF7-6631-45E8-85BA-EEB416B32A3C,3,316,1,1,2,2,1,1
sensitivity_1,majority_vote,"k=3, theta=0.3318",val,CF722AA9-2533-4E51-9FEB-9EAC84EE9AAC,7,113,3,3,6,7,5,3
sensitivity_1,majority_vote,"k=3, theta=0.3318",val,CF722AA9-2533-4E51-9FEB-9EAC84EE9AAC,8,371,7,6,13,95,8,5
sensitivity_1,majority_vote,"k=3, theta=0.3318",val,CF722AA9-2533-4E51-9FEB-9EAC84EE9AAC,9,210,1,1,2,2,1,1
sensitivity_1,majority_vote,"k=3, theta=0.3318",val,D7D20E2E-FC78-405D-B346-DBD3FD8FC92B,7,175,4,4,8,12,4,3
sensitivity_1,majority_vote,"k=3, theta=0.3318",val,D7D20E2E-FC78-405D-B346-DBD3FD8FC92B,8,528,0,0,0,0,0,0
sensitivity_1,majority_vote,"k=3, theta=0.3318",val,D7D20E2E-FC78-405D-B346-DBD3FD8FC92B,9,42,3,2,5,5,2,2
sensitivity_1,majority_vote,"k=3, theta=0.3318",val,D7D20E2E-FC78-405D-B346-DBD3FD8FC92B,10,153,4,4,8,62,5,2
sensitivity_1,majority_vote,"k=3, theta=0.3318",val,D7D20E2E-FC78-405D-B346-DBD3FD8FC92B,11,292,2,2,4,6,3,2
sensitivity_1,majority_vote,"k=3, theta=0.3318",val,D7D20E2E-FC78-405D-B346-DBD3FD8FC92B,12,23,0,0,0,0,0,0
sensitivity_1,majority_vote,"k=3, theta=0.3318",val,E65577C1-8D5D-4F70-AF23-B3ADB9D3DBA3,3,659,13,12,25,51,15,9
sensitivity_1,majority_vote,"k=3, theta=0.3318",val,ECECC2AB-D32F-4F90-B74C-E12A1C69BBE2,12,232,0,0,0,0,0,0
sensitivity_1,majority_vote,"k=3, theta=0.3318",val,ECECC2AB-D32F-4F90-B74C-E12A1C69BBE2,13,35,0,0,0,0,0,0
sensitivity_1,majority_vote,"k=3, theta=0.3318",val,ECECC2AB-D32F-4F90-B74C-E12A1C69BBE2,14,204,3,2,5,17,1,1
sensitivity_1,majority_vote,"k=3, theta=0.3318",val,ECECC2AB-D32F-4F90-B74C-E12A1C69BBE2,15,206,0,0,0,0,0,0
sensitivity_1,majority_vote,"k=3, theta=0.3318",val,FDAA70A1-42A3-4E3F-9AE3-3FDA412E03BF,18,966,4,4,8,37,2,2
sensitivity_1,debounce,"T=2, theta=0.4013",val,00EABED2-271D-49D8-B599-1D4A09240601,23,428,3,3,6,19,2,2
sensitivity_1,debounce,"T=2, theta=0.4013",val,098A72A5-E3E5-4F54-A152-BBDA0DF7B694,5,174,3,3,6,6,3,3
sensitivity_1,debounce,"T=2, theta=0.4013",val,098A72A5-E3E5-4F54-A152-BBDA0DF7B694,6,134,1,1,2,4,1,1
sensitivity_1,debounce,"T=2, theta=0.4013",val,098A72A5-E3E5-4F54-A152-BBDA0DF7B694,7,13,0,0,0,0,0,0
sensitivity_1,debounce,"T=2, theta=0.4013",val,098A72A5-E3E5-4F54-A152-BBDA0DF7B694,8,275,1,1,2,2,1,1
sensitivity_1,debounce,"T=2, theta=0.4013",val,098A72A5-E3E5-4F54-A152-BBDA0DF7B694,9,459,0,0,0,0,0,0
sensitivity_1,debounce,"T=2, theta=0.4013",val,098A72A5-E3E5-4F54-A152-BBDA0DF7B694,10,75,2,2,4,4,3,2
sensitivity_1,debounce,"T=2, theta=0.4013",val,098A72A5-E3E5-4F54-A152-BBDA0DF7B694,11,44,2,2,4,9,2,2
sensitivity_1,debounce,"T=2, theta=0.4013",val,098A72A5-E3E5-4F54-A152-BBDA0DF7B694,13,156,0,0,0,0,0,0
sensitivity_1,debounce,"T=2, theta=0.4013",val,0A986513-7828-4D53-AA1F-E02D6DF9561B,6,763,6,6,12,34,6,5
sensitivity_1,debounce,"T=2, theta=0.4013",val,11B5EC4D-4133-4289-B475-4E737182A406,3,616,8,8,16,25,9,6
sensitivity_1,debounce,"T=2, theta=0.4013",val,11B5EC4D-4133-4289-B475-4E737182A406,4,799,13,12,25,43,14,10
sensitivity_1,debounce,"T=2, theta=0.4013",val,11B5EC4D-4133-4289-B475-4E737182A406,5,324,0,0,0,0,0,0
sensitivity_1,debounce,"T=2, theta=0.4013",val,136562B6-95B2-483D-88DC-065F28409FD2,17,181,2,2,4,6,2,2
sensitivity_1,debounce,"T=2, theta=0.4013",val,136562B6-95B2-483D-88DC-065F28409FD2,18,847,8,8,16,47,6,5
sensitivity_1,debounce,"T=2, theta=0.4013",val,136562B6-95B2-483D-88DC-065F28409FD2,19,80,1,1,2,7,0,0
sensitivity_1,debounce,"T=2, theta=0.4013",val,136562B6-95B2-483D-88DC-065F28409FD2,20,107,4,3,7,31,1,1
sensitivity_1,debounce,"T=2, theta=0.4013",val,1538C99F-BA1E-4EFB-A949-6C7C47701B20,25,291,1,1,2,4,1,1
sensitivity_1,debounce,"T=2, theta=0.4013",val,1538C99F-BA1E-4EFB-A949-6C7C47701B20,26,82,0,0,0,0,0,0
sensitivity_1,debounce,"T=2, theta=0.4013",val,1538C99F-BA1E-4EFB-A949-6C7C47701B20,27,160,2,2,4,4,2,2
sensitivity_1,debounce,"T=2, theta=0.4013",val,1538C99F-BA1E-4EFB-A949-6C7C47701B20,28,748,4,4,8,14,4,3
sensitivity_1,debounce,"T=2, theta=0.4013",val,24E40C4C-A349-4F9F-93AB-01D00FB994AF,12,236,0,0,0,0,0,0
sensitivity_1,debounce,"T=2, theta=0.4013",val,24E40C4C-A349-4F9F-93AB-01D00FB994AF,13,213,1,1,2,13,0,0
sensitivity_1,debounce,"T=2, theta=0.4013",val,24E40C4C-A349-4F9F-93AB-01D00FB994AF,14,141,3,3,6,7,4,3
sensitivity_1,debounce,"T=2, theta=0.4013",val,24E40C4C-A349-4F9F-93AB-01D00FB994AF,15,317,4,4,8,8,4,4
sensitivity_1,debounce,"T=2, theta=0.4013",val,24E40C4C-A349-4F9F-93AB-01D00FB994AF,16,18,1,1,2,3,1,1
sensitivity_1,debounce,"T=2, theta=0.4013",val,2C32C23E-E30C-498A-8DD2-0EFB9150A02E,9,1674,6,6,12,58,5,3
sensitivity_1,debounce,"T=2, theta=0.4013",val,3600D531-0C55-44A7-AE95-A7A38519464E,20,842,11,11,22,32,14,10
sensitivity_1,debounce,"T=2, theta=0.4013",val,3600D531-0C55-44A7-AE95-A7A38519464E,21,54,4,4,8,22,4,2
sensitivity_1,debounce,"T=2, theta=0.4013",val,3600D531-0C55-44A7-AE95-A7A38519464E,22,107,0,0,0,0,0,0
sensitivity_1,debounce,"T=2, theta=0.4013",val,3600D531-0C55-44A7-AE95-A7A38519464E,24,14,0,0,0,0,0,0
sensitivity_1,debounce,"T=2, theta=0.4013",val,4FC32141-E888-4BFF-8804-12559A491D8C,4,43,0,0,0,0,0,0
sensitivity_1,debounce,"T=2, theta=0.4013",val,4FC32141-E888-4BFF-8804-12559A491D8C,5,325,18,18,36,121,17,10
sensitivity_1,debounce,"T=2, theta=0.4013",val,4FC32141-E888-4BFF-8804-12559A491D8C,6,427,8,8,16,40,8,5
sensitivity_1,debounce,"T=2, theta=0.4013",val,4FC32141-E888-4BFF-8804-12559A491D8C,7,102,1,1,2,13,0,0
sensitivity_1,debounce,"T=2, theta=0.4013",val,4FC32141-E888-4BFF-8804-12559A491D8C,8,18,0,0,0,0,0,0
sensitivity_1,debounce,"T=2, theta=0.4013",val,4FC32141-E888-4BFF-8804-12559A491D8C,10,43,0,0,0,0,0,0
sensitivity_1,debounce,"T=2, theta=0.4013",val,5119D0F8-FCA8-4184-A4EB-19421A40DE0D,9,1294,6,6,12,57,3,2
sensitivity_1,debounce,"T=2, theta=0.4013",val,5152A2DF-FAF3-4BA8-9CA9-E66B32671A53,6,697,12,12,24,74,12,8
sensitivity_1,debounce,"T=2, theta=0.4013",val,5152A2DF-FAF3-4BA8-9CA9-E66B32671A53,7,597,0,0,0,0,0,0
sensitivity_1,debounce,"T=2, theta=0.4013",val,5EF64122-B513-46AE-BCF1-E62AAC285D2C,9,116,0,0,0,0,0,0
sensitivity_1,debounce,"T=2, theta=0.4013",val,5EF64122-B513-46AE-BCF1-E62AAC285D2C,10,637,6,6,12,15,9,6
sensitivity_1,debounce,"T=2, theta=0.4013",val,61976C24-1C50-4355-9C49-AAE44A7D09F6,46,1717,8,8,16,64,8,6
sensitivity_1,debounce,"T=2, theta=0.4013",val,78A91A4E-4A51-4065-BDA7-94755F0BB3BB,5,597,13,13,26,96,12,9
sensitivity_1,debounce,"T=2, theta=0.4013",val,78A91A4E-4A51-4065-BDA7-94755F0BB3BB,6,1773,3,3,6,10,3,3
sensitivity_1,debounce,"T=2, theta=0.4013",val,7CE37510-56D0-4120-A1CF-0E23351428D2,6,1923,16,16,32,72,15,13
sensitivity_1,debounce,"T=2, theta=0.4013",val,8023FE1A-D3B0-4E2C-A57A-9321B7FC755F,23,972,8,8,16,40,6,6
sensitivity_1,debounce,"T=2, theta=0.4013",val,8023FE1A-D3B0-4E2C-A57A-9321B7FC755F,24,836,9,9,18,34,11,8
sensitivity_1,debounce,"T=2, theta=0.4013",val,83CF687B-7CEC-434B-9FE8-00C3D5799BE6,7,1879,7,7,14,59,5,4
sensitivity_1,debounce,"T=2, theta=0.4013",val,9759096F-1119-4E19-A0AD-6F16989C7E1C,3,474,10,10,20,60,9,7
sensitivity_1,debounce,"T=2, theta=0.4013",val,9759096F-1119-4E19-A0AD-6F16989C7E1C,4,1489,8,8,16,42,8,6
sensitivity_1,debounce,"T=2, theta=0.4013",val,9DC38D04-E82E-4F29-AB52-B476535226F2,12,1543,17,17,34,88,17,12
sensitivity_1,debounce,"T=2, theta=0.4013",val,9DC38D04-E82E-4F29-AB52-B476535226F2,18,359,0,0,0,0,0,0
sensitivity_1,debounce,"T=2, theta=0.4013",val,A5CDF89D-02A2-4EC1-89F8-F534FDABDD96,12,62,0,0,0,0,0,0
sensitivity_1,debounce,"T=2, theta=0.4013",val,A5CDF89D-02A2-4EC1-89F8-F534FDABDD96,13,841,7,7,14,36,6,4
sensitivity_1,debounce,"T=2, theta=0.4013",val,A5CDF89D-02A2-4EC1-89F8-F534FDABDD96,14,276,5,5,10,32,6,3
sensitivity_1,debounce,"T=2, theta=0.4013",val,A76A5AF5-5A93-4CF2-A16E-62353BB70E8A,2,1475,11,11,22,29,13,11
sensitivity_1,debounce,"T=2, theta=0.4013",val,B09E373F-8A54-44C8-895B-0039390B859F,9,1598,22,22,44,94,21,16
sensitivity_1,debounce,"T=2, theta=0.4013",val,B9724848-C7E2-45F4-9B3F-A1F38D864495,10,85,1,1,2,2,1,1
sensitivity_1,debounce,"T=2, theta=0.4013",val,B9724848-C7E2-45F4-9B3F-A1F38D864495,11,522,13,13,26,53,15,11
sensitivity_1,debounce,"T=2, theta=0.4013",val,B9724848-C7E2-45F4-9B3F-A1F38D864495,13,880,4,4,8,16,4,4
sensitivity_1,debounce,"T=2, theta=0.4013",val,BE3CA5A6-A561-4BBD-B7C9-5DF6805400FC,13,681,24,23,47,122,26,17
sensitivity_1,debounce,"T=2, theta=0.4013",val,BE3CA5A6-A561-4BBD-B7C9-5DF6805400FC,14,79,0,0,0,0,0,0
sensitivity_1,debounce,"T=2, theta=0.4013",val,BE3CA5A6-A561-4BBD-B7C9-5DF6805400FC,15,430,0,0,0,0,0,0
sensitivity_1,debounce,"T=2, theta=0.4013",val,BE3CA5A6-A561-4BBD-B7C9-5DF6805400FC,16,442,1,1,2,2,1,1
sensitivity_1,debounce,"T=2, theta=0.4013",val,C48CE857-A0DD-4DDB-BEA5-3A25449B2153,25,150,0,0,0,0,0,0
sensitivity_1,debounce,"T=2, theta=0.4013",val,C48CE857-A0DD-4DDB-BEA5-3A25449B2153,26,40,1,1,2,2,1,1
sensitivity_1,debounce,"T=2, theta=0.4013",val,C48CE857-A0DD-4DDB-BEA5-3A25449B2153,28,151,1,1,2,9,0,0
sensitivity_1,debounce,"T=2, theta=0.4013",val,C48CE857-A0DD-4DDB-BEA5-3A25449B2153,30,239,1,1,2,2,1,1
sensitivity_1,debounce,"T=2, theta=0.4013",val,C48CE857-A0DD-4DDB-BEA5-3A25449B2153,31,282,5,5,10,29,5,4
sensitivity_1,debounce,"T=2, theta=0.4013",val,C48CE857-A0DD-4DDB-BEA5-3A25449B2153,32,115,2,2,4,8,2,2
sensitivity_1,debounce,"T=2, theta=0.4013",val,CA820D43-E5E2-42EF-9798-BE56F776370B,4,1146,14,14,28,50,16,13
sensitivity_1,debounce,"T=2, theta=0.4013",val,CA820D43-E5E2-42EF-9798-BE56F776370B,8,394,5,5,10,16,5,5
sensitivity_1,debounce,"T=2, theta=0.4013",val,CDA3BBF7-6631-45E8-85BA-EEB416B32A3C,2,227,2,2,4,5,2,2
sensitivity_1,debounce,"T=2, theta=0.4013",val,CDA3BBF7-6631-45E8-85BA-EEB416B32A3C,3,316,1,1,2,2,1,1
sensitivity_1,debounce,"T=2, theta=0.4013",val,CF722AA9-2533-4E51-9FEB-9EAC84EE9AAC,7,113,4,4,8,13,6,3
sensitivity_1,debounce,"T=2, theta=0.4013",val,CF722AA9-2533-4E51-9FEB-9EAC84EE9AAC,8,371,5,4,9,98,4,3
sensitivity_1,debounce,"T=2, theta=0.4013",val,CF722AA9-2533-4E51-9FEB-9EAC84EE9AAC,9,210,1,1,2,2,1,1
sensitivity_1,debounce,"T=2, theta=0.4013",val,D7D20E2E-FC78-405D-B346-DBD3FD8FC92B,7,175,4,4,8,14,3,3
sensitivity_1,debounce,"T=2, theta=0.4013",val,D7D20E2E-FC78-405D-B346-DBD3FD8FC92B,8,528,0,0,0,0,0,0
sensitivity_1,debounce,"T=2, theta=0.4013",val,D7D20E2E-FC78-405D-B346-DBD3FD8FC92B,9,42,2,2,4,4,2,2
sensitivity_1,debounce,"T=2, theta=0.4013",val,D7D20E2E-FC78-405D-B346-DBD3FD8FC92B,10,153,3,3,6,65,4,2
sensitivity_1,debounce,"T=2, theta=0.4013",val,D7D20E2E-FC78-405D-B346-DBD3FD8FC92B,11,292,2,2,4,6,3,2
sensitivity_1,debounce,"T=2, theta=0.4013",val,D7D20E2E-FC78-405D-B346-DBD3FD8FC92B,12,23,0,0,0,0,0,0
sensitivity_1,debounce,"T=2, theta=0.4013",val,E65577C1-8D5D-4F70-AF23-B3ADB9D3DBA3,3,659,11,10,21,59,11,6
sensitivity_1,debounce,"T=2, theta=0.4013",val,ECECC2AB-D32F-4F90-B74C-E12A1C69BBE2,12,232,0,0,0,0,0,0
sensitivity_1,debounce,"T=2, theta=0.4013",val,ECECC2AB-D32F-4F90-B74C-E12A1C69BBE2,13,35,0,0,0,0,0,0
sensitivity_1,debounce,"T=2, theta=0.4013",val,ECECC2AB-D32F-4F90-B74C-E12A1C69BBE2,14,204,2,1,3,14,0,0
sensitivity_1,debounce,"T=2, theta=0.4013",val,ECECC2AB-D32F-4F90-B74C-E12A1C69BBE2,15,206,0,0,0,0,0,0
sensitivity_1,debounce,"T=2, theta=0.4013",val,FDAA70A1-42A3-4E3F-9AE3-3FDA412E03BF,18,966,6,6,12,45,4,4
sensitivity_1,margin,"m=0.3, theta=0.31",val,00EABED2-271D-49D8-B599-1D4A09240601,23,428,4,4,8,18,4,3
sensitivity_1,margin,"m=0.3, theta=0.31",val,098A72A5-E3E5-4F54-A152-BBDA0DF7B694,5,174,2,2,4,4,2,2
sensitivity_1,margin,"m=0.3, theta=0.31",val,098A72A5-E3E5-4F54-A152-BBDA0DF7B694,6,134,1,1,2,1,1,1
sensitivity_1,margin,"m=0.3, theta=0.31",val,098A72A5-E3E5-4F54-A152-BBDA0DF7B694,7,13,0,0,0,0,0,0
sensitivity_1,margin,"m=0.3, theta=0.31",val,098A72A5-E3E5-4F54-A152-BBDA0DF7B694,8,275,1,1,2,1,1,1
sensitivity_1,margin,"m=0.3, theta=0.31",val,098A72A5-E3E5-4F54-A152-BBDA0DF7B694,9,459,1,1,2,1,1,1
sensitivity_1,margin,"m=0.3, theta=0.31",val,098A72A5-E3E5-4F54-A152-BBDA0DF7B694,10,75,2,2,4,5,3,2
sensitivity_1,margin,"m=0.3, theta=0.31",val,098A72A5-E3E5-4F54-A152-BBDA0DF7B694,11,44,4,4,8,5,6,4
sensitivity_1,margin,"m=0.3, theta=0.31",val,098A72A5-E3E5-4F54-A152-BBDA0DF7B694,13,156,1,1,2,1,1,1
sensitivity_1,margin,"m=0.3, theta=0.31",val,0A986513-7828-4D53-AA1F-E02D6DF9561B,6,763,12,12,24,39,13,11
sensitivity_1,margin,"m=0.3, theta=0.31",val,11B5EC4D-4133-4289-B475-4E737182A406,3,616,8,8,16,21,10,7
sensitivity_1,margin,"m=0.3, theta=0.31",val,11B5EC4D-4133-4289-B475-4E737182A406,4,799,11,11,22,30,12,10
sensitivity_1,margin,"m=0.3, theta=0.31",val,11B5EC4D-4133-4289-B475-4E737182A406,5,324,0,0,0,0,0,0
sensitivity_1,margin,"m=0.3, theta=0.31",val,136562B6-95B2-483D-88DC-065F28409FD2,17,181,0,0,0,0,0,0
sensitivity_1,margin,"m=0.3, theta=0.31",val,136562B6-95B2-483D-88DC-065F28409FD2,18,847,4,4,8,28,2,2
sensitivity_1,margin,"m=0.3, theta=0.31",val,136562B6-95B2-483D-88DC-065F28409FD2,19,80,0,0,0,0,0,0
sensitivity_1,margin,"m=0.3, theta=0.31",val,136562B6-95B2-483D-88DC-065F28409FD2,20,107,3,3,6,18,2,2
sensitivity_1,margin,"m=0.3, theta=0.31",val,1538C99F-BA1E-4EFB-A949-6C7C47701B20,25,291,3,3,6,4,4,3
sensitivity_1,margin,"m=0.3, theta=0.31",val,1538C99F-BA1E-4EFB-A949-6C7C47701B20,26,82,0,0,0,0,0,0
sensitivity_1,margin,"m=0.3, theta=0.31",val,1538C99F-BA1E-4EFB-A949-6C7C47701B20,27,160,4,4,8,6,4,4
sensitivity_1,margin,"m=0.3, theta=0.31",val,1538C99F-BA1E-4EFB-A949-6C7C47701B20,28,748,5,5,10,9,5,5
sensitivity_1,margin,"m=0.3, theta=0.31",val,24E40C4C-A349-4F9F-93AB-01D00FB994AF,12,236,0,0,0,0,0,0
sensitivity_1,margin,"m=0.3, theta=0.31",val,24E40C4C-A349-4F9F-93AB-01D00FB994AF,13,213,1,1,2,1,1,1
sensitivity_1,margin,"m=0.3, theta=0.31",val,24E40C4C-A349-4F9F-93AB-01D00FB994AF,14,141,2,2,4,2,2,2
sensitivity_1,margin,"m=0.3, theta=0.31",val,24E40C4C-A349-4F9F-93AB-01D00FB994AF,15,317,8,8,16,12,10,8
sensitivity_1,margin,"m=0.3, theta=0.31",val,24E40C4C-A349-4F9F-93AB-01D00FB994AF,16,18,1,1,2,3,1,1
sensitivity_1,margin,"m=0.3, theta=0.31",val,2C32C23E-E30C-498A-8DD2-0EFB9150A02E,9,1674,12,12,24,54,13,9
sensitivity_1,margin,"m=0.3, theta=0.31",val,3600D531-0C55-44A7-AE95-A7A38519464E,20,842,6,6,12,14,6,6
sensitivity_1,margin,"m=0.3, theta=0.31",val,3600D531-0C55-44A7-AE95-A7A38519464E,21,54,2,2,4,6,3,2
sensitivity_1,margin,"m=0.3, theta=0.31",val,3600D531-0C55-44A7-AE95-A7A38519464E,22,107,1,1,2,1,1,1
sensitivity_1,margin,"m=0.3, theta=0.31",val,3600D531-0C55-44A7-AE95-A7A38519464E,24,14,0,0,0,0,0,0
sensitivity_1,margin,"m=0.3, theta=0.31",val,4FC32141-E888-4BFF-8804-12559A491D8C,4,43,0,0,0,0,0,0
sensitivity_1,margin,"m=0.3, theta=0.31",val,4FC32141-E888-4BFF-8804-12559A491D8C,5,325,1,1,2,8,0,0
sensitivity_1,margin,"m=0.3, theta=0.31",val,4FC32141-E888-4BFF-8804-12559A491D8C,6,427,0,0,0,0,0,0
sensitivity_1,margin,"m=0.3, theta=0.31",val,4FC32141-E888-4BFF-8804-12559A491D8C,7,102,0,0,0,0,0,0
sensitivity_1,margin,"m=0.3, theta=0.31",val,4FC32141-E888-4BFF-8804-12559A491D8C,8,18,0,0,0,0,0,0
sensitivity_1,margin,"m=0.3, theta=0.31",val,4FC32141-E888-4BFF-8804-12559A491D8C,10,43,0,0,0,0,0,0
sensitivity_1,margin,"m=0.3, theta=0.31",val,5119D0F8-FCA8-4184-A4EB-19421A40DE0D,9,1294,8,8,16,54,5,3
sensitivity_1,margin,"m=0.3, theta=0.31",val,5152A2DF-FAF3-4BA8-9CA9-E66B32671A53,6,697,9,9,18,33,13,7
sensitivity_1,margin,"m=0.3, theta=0.31",val,5152A2DF-FAF3-4BA8-9CA9-E66B32671A53,7,597,0,0,0,0,0,0
sensitivity_1,margin,"m=0.3, theta=0.31",val,5EF64122-B513-46AE-BCF1-E62AAC285D2C,9,116,0,0,0,0,0,0
sensitivity_1,margin,"m=0.3, theta=0.31",val,5EF64122-B513-46AE-BCF1-E62AAC285D2C,10,637,7,7,14,13,9,7
sensitivity_1,margin,"m=0.3, theta=0.31",val,61976C24-1C50-4355-9C49-AAE44A7D09F6,46,1717,13,13,26,50,16,9
sensitivity_1,margin,"m=0.3, theta=0.31",val,78A91A4E-4A51-4065-BDA7-94755F0BB3BB,5,597,14,14,28,82,17,11
sensitivity_1,margin,"m=0.3, theta=0.31",val,78A91A4E-4A51-4065-BDA7-94755F0BB3BB,6,1773,6,6,12,8,6,6
sensitivity_1,margin,"m=0.3, theta=0.31",val,7CE37510-56D0-4120-A1CF-0E23351428D2,6,1923,24,24,48,51,27,22
sensitivity_1,margin,"m=0.3, theta=0.31",val,8023FE1A-D3B0-4E2C-A57A-9321B7FC755F,23,972,3,3,6,15,3,2
sensitivity_1,margin,"m=0.3, theta=0.31",val,8023FE1A-D3B0-4E2C-A57A-9321B7FC755F,24,836,10,10,20,16,12,10
sensitivity_1,margin,"m=0.3, theta=0.31",val,83CF687B-7CEC-434B-9FE8-00C3D5799BE6,7,1879,10,10,20,54,9,7
sensitivity_1,margin,"m=0.3, theta=0.31",val,9759096F-1119-4E19-A0AD-6F16989C7E1C,3,474,16,16,32,35,20,14
sensitivity_1,margin,"m=0.3, theta=0.31",val,9759096F-1119-4E19-A0AD-6F16989C7E1C,4,1489,15,15,30,33,19,14
sensitivity_1,margin,"m=0.3, theta=0.31",val,9DC38D04-E82E-4F29-AB52-B476535226F2,12,1543,13,13,26,34,14,12
sensitivity_1,margin,"m=0.3, theta=0.31",val,9DC38D04-E82E-4F29-AB52-B476535226F2,18,359,0,0,0,0,0,0
sensitivity_1,margin,"m=0.3, theta=0.31",val,A5CDF89D-02A2-4EC1-89F8-F534FDABDD96,12,62,0,0,0,0,0,0
sensitivity_1,margin,"m=0.3, theta=0.31",val,A5CDF89D-02A2-4EC1-89F8-F534FDABDD96,13,841,8,8,16,31,6,6
sensitivity_1,margin,"m=0.3, theta=0.31",val,A5CDF89D-02A2-4EC1-89F8-F534FDABDD96,14,276,4,4,8,22,4,2
sensitivity_1,margin,"m=0.3, theta=0.31",val,A76A5AF5-5A93-4CF2-A16E-62353BB70E8A,2,1475,10,10,20,13,14,10
sensitivity_1,margin,"m=0.3, theta=0.31",val,B09E373F-8A54-44C8-895B-0039390B859F,9,1598,22,22,44,56,25,19
sensitivity_1,margin,"m=0.3, theta=0.31",val,B9724848-C7E2-45F4-9B3F-A1F38D864495,10,85,5,5,10,5,5,5
sensitivity_1,margin,"m=0.3, theta=0.31",val,B9724848-C7E2-45F4-9B3F-A1F38D864495,11,522,15,15,30,39,17,14
sensitivity_1,margin,"m=0.3, theta=0.31",val,B9724848-C7E2-45F4-9B3F-A1F38D864495,13,880,4,4,8,12,5,4
sensitivity_1,margin,"m=0.3, theta=0.31",val,BE3CA5A6-A561-4BBD-B7C9-5DF6805400FC,13,681,2,2,4,2,3,2
sensitivity_1,margin,"m=0.3, theta=0.31",val,BE3CA5A6-A561-4BBD-B7C9-5DF6805400FC,14,79,0,0,0,0,0,0
sensitivity_1,margin,"m=0.3, theta=0.31",val,BE3CA5A6-A561-4BBD-B7C9-5DF6805400FC,15,430,0,0,0,0,0,0
sensitivity_1,margin,"m=0.3, theta=0.31",val,BE3CA5A6-A561-4BBD-B7C9-5DF6805400FC,16,442,0,0,0,0,0,0
sensitivity_1,margin,"m=0.3, theta=0.31",val,C48CE857-A0DD-4DDB-BEA5-3A25449B2153,25,150,0,0,0,0,0,0
sensitivity_1,margin,"m=0.3, theta=0.31",val,C48CE857-A0DD-4DDB-BEA5-3A25449B2153,26,40,1,1,2,2,1,1
sensitivity_1,margin,"m=0.3, theta=0.31",val,C48CE857-A0DD-4DDB-BEA5-3A25449B2153,28,151,1,1,2,4,1,1
sensitivity_1,margin,"m=0.3, theta=0.31",val,C48CE857-A0DD-4DDB-BEA5-3A25449B2153,30,239,0,0,0,0,0,0
sensitivity_1,margin,"m=0.3, theta=0.31",val,C48CE857-A0DD-4DDB-BEA5-3A25449B2153,31,282,2,2,4,21,2,1
sensitivity_1,margin,"m=0.3, theta=0.31",val,C48CE857-A0DD-4DDB-BEA5-3A25449B2153,32,115,0,0,0,0,0,0
sensitivity_1,margin,"m=0.3, theta=0.31",val,CA820D43-E5E2-42EF-9798-BE56F776370B,4,1146,24,24,48,42,29,24
sensitivity_1,margin,"m=0.3, theta=0.31",val,CA820D43-E5E2-42EF-9798-BE56F776370B,8,394,6,6,12,14,6,6
sensitivity_1,margin,"m=0.3, theta=0.31",val,CDA3BBF7-6631-45E8-85BA-EEB416B32A3C,2,227,4,3,7,6,3,3
sensitivity_1,margin,"m=0.3, theta=0.31",val,CDA3BBF7-6631-45E8-85BA-EEB416B32A3C,3,316,2,2,4,3,2,2
sensitivity_1,margin,"m=0.3, theta=0.31",val,CF722AA9-2533-4E51-9FEB-9EAC84EE9AAC,7,113,1,1,2,2,1,1
sensitivity_1,margin,"m=0.3, theta=0.31",val,CF722AA9-2533-4E51-9FEB-9EAC84EE9AAC,8,371,5,4,9,65,3,2
sensitivity_1,margin,"m=0.3, theta=0.31",val,CF722AA9-2533-4E51-9FEB-9EAC84EE9AAC,9,210,0,0,0,0,0,0
sensitivity_1,margin,"m=0.3, theta=0.31",val,D7D20E2E-FC78-405D-B346-DBD3FD8FC92B,7,175,0,0,0,0,0,0
sensitivity_1,margin,"m=0.3, theta=0.31",val,D7D20E2E-FC78-405D-B346-DBD3FD8FC92B,8,528,0,0,0,0,0,0
sensitivity_1,margin,"m=0.3, theta=0.31",val,D7D20E2E-FC78-405D-B346-DBD3FD8FC92B,9,42,1,1,2,2,1,1
sensitivity_1,margin,"m=0.3, theta=0.31",val,D7D20E2E-FC78-405D-B346-DBD3FD8FC92B,10,153,3,3,6,61,3,1
sensitivity_1,margin,"m=0.3, theta=0.31",val,D7D20E2E-FC78-405D-B346-DBD3FD8FC92B,11,292,1,1,2,3,1,1
sensitivity_1,margin,"m=0.3, theta=0.31",val,D7D20E2E-FC78-405D-B346-DBD3FD8FC92B,12,23,0,0,0,0,0,0
sensitivity_1,margin,"m=0.3, theta=0.31",val,E65577C1-8D5D-4F70-AF23-B3ADB9D3DBA3,3,659,13,13,26,34,21,12
sensitivity_1,margin,"m=0.3, theta=0.31",val,ECECC2AB-D32F-4F90-B74C-E12A1C69BBE2,12,232,2,2,4,2,2,2
sensitivity_1,margin,"m=0.3, theta=0.31",val,ECECC2AB-D32F-4F90-B74C-E12A1C69BBE2,13,35,0,0,0,0,0,0
sensitivity_1,margin,"m=0.3, theta=0.31",val,ECECC2AB-D32F-4F90-B74C-E12A1C69BBE2,14,204,1,1,2,11,0,0
sensitivity_1,margin,"m=0.3, theta=0.31",val,ECECC2AB-D32F-4F90-B74C-E12A1C69BBE2,15,206,0,0,0,0,0,0
sensitivity_1,margin,"m=0.3, theta=0.31",val,FDAA70A1-42A3-4E3F-9AE3-3FDA412E03BF,18,966,5,5,10,30,4,3
sensitivity_1,hysteresis,"m=0.3, T=2, theta=0.7858",val,00EABED2-271D-49D8-B599-1D4A09240601,23,428,3,3,6,36,1,1
sensitivity_1,hysteresis,"m=0.3, T=2, theta=0.7858",val,098A72A5-E3E5-4F54-A152-BBDA0DF7B694,5,174,2,1,3,82,0,0
sensitivity_1,hysteresis,"m=0.3, T=2, theta=0.7858",val,098A72A5-E3E5-4F54-A152-BBDA0DF7B694,6,134,3,3,6,27,1,0
sensitivity_1,hysteresis,"m=0.3, T=2, theta=0.7858",val,098A72A5-E3E5-4F54-A152-BBDA0DF7B694,7,13,0,0,0,0,0,0
sensitivity_1,hysteresis,"m=0.3, T=2, theta=0.7858",val,098A72A5-E3E5-4F54-A152-BBDA0DF7B694,8,275,1,1,2,3,1,1
sensitivity_1,hysteresis,"m=0.3, T=2, theta=0.7858",val,098A72A5-E3E5-4F54-A152-BBDA0DF7B694,9,459,3,3,6,51,0,0
sensitivity_1,hysteresis,"m=0.3, T=2, theta=0.7858",val,098A72A5-E3E5-4F54-A152-BBDA0DF7B694,10,75,2,2,4,28,1,1
sensitivity_1,hysteresis,"m=0.3, T=2, theta=0.7858",val,098A72A5-E3E5-4F54-A152-BBDA0DF7B694,11,44,1,1,2,25,0,0
sensitivity_1,hysteresis,"m=0.3, T=2, theta=0.7858",val,098A72A5-E3E5-4F54-A152-BBDA0DF7B694,13,156,1,1,2,4,1,1
sensitivity_1,hysteresis,"m=0.3, T=2, theta=0.7858",val,0A986513-7828-4D53-AA1F-E02D6DF9561B,6,763,11,11,22,128,6,3
sensitivity_1,hysteresis,"m=0.3, T=2, theta=0.7858",val,11B5EC4D-4133-4289-B475-4E737182A406,3,616,9,9,18,101,8,4
sensitivity_1,hysteresis,"m=0.3, T=2, theta=0.7858",val,11B5EC4D-4133-4289-B475-4E737182A406,4,799,11,10,21,189,5,4
sensitivity_1,hysteresis,"m=0.3, T=2, theta=0.7858",val,11B5EC4D-4133-4289-B475-4E737182A406,5,324,1,1,2,4,1,1
sensitivity_1,hysteresis,"m=0.3, T=2, theta=0.7858",val,136562B6-95B2-483D-88DC-065F28409FD2,17,181,3,2,5,76,1,1
sensitivity_1,hysteresis,"m=0.3, T=2, theta=0.7858",val,136562B6-95B2-483D-88DC-065F28409FD2,18,847,6,5,11,225,2,2
sensitivity_1,hysteresis,"m=0.3, T=2, theta=0.7858",val,136562B6-95B2-483D-88DC-065F28409FD2,19,80,2,1,3,55,0,0
sensitivity_1,hysteresis,"m=0.3, T=2, theta=0.7858",val,136562B6-95B2-483D-88DC-065F28409FD2,20,107,2,1,3,100,0,0
sensitivity_1,hysteresis,"m=0.3, T=2, theta=0.7858",val,1538C99F-BA1E-4EFB-A949-6C7C47701B20,25,291,1,1,2,13,0,0
sensitivity_1,hysteresis,"m=0.3, T=2, theta=0.7858",val,1538C99F-BA1E-4EFB-A949-6C7C47701B20,26,82,1,1,2,3,1,1
sensitivity_1,hysteresis,"m=0.3, T=2, theta=0.7858",val,1538C99F-BA1E-4EFB-A949-6C7C47701B20,27,160,5,5,10,34,2,2
sensitivity_1,hysteresis,"m=0.3, T=2, theta=0.7858",val,1538C99F-BA1E-4EFB-A949-6C7C47701B20,28,748,5,5,10,75,2,2
sensitivity_1,hysteresis,"m=0.3, T=2, theta=0.7858",val,24E40C4C-A349-4F9F-93AB-01D00FB994AF,12,236,1,1,2,63,0,0
sensitivity_1,hysteresis,"m=0.3, T=2, theta=0.7858",val,24E40C4C-A349-4F9F-93AB-01D00FB994AF,13,213,2,1,3,187,0,0
sensitivity_1,hysteresis,"m=0.3, T=2, theta=0.7858",val,24E40C4C-A349-4F9F-93AB-01D00FB994AF,14,141,3,3,6,76,1,0
sensitivity_1,hysteresis,"m=0.3, T=2, theta=0.7858",val,24E40C4C-A349-4F9F-93AB-01D00FB994AF,15,317,2,1,3,295,0,0
sensitivity_1,hysteresis,"m=0.3, T=2, theta=0.7858",val,24E40C4C-A349-4F9F-93AB-01D00FB994AF,16,18,1,0,1,16,0,0
sensitivity_1,hysteresis,"m=0.3, T=2, theta=0.7858",val,2C32C23E-E30C-498A-8DD2-0EFB9150A02E,9,1674,13,13,26,185,8,7
sensitivity_1,hysteresis,"m=0.3, T=2, theta=0.7858",val,3600D531-0C55-44A7-AE95-A7A38519464E,20,842,4,3,7,209,0,0
sensitivity_1,hysteresis,"m=0.3, T=2, theta=0.7858",val,3600D531-0C55-44A7-AE95-A7A38519464E,21,54,1,0,1,49,0,0
sensitivity_1,hysteresis,"m=0.3, T=2, theta=0.7858",val,3600D531-0C55-44A7-AE95-A7A38519464E,22,107,1,1,2,7,0,0
sensitivity_1,hysteresis,"m=0.3, T=2, theta=0.7858",val,3600D531-0C55-44A7-AE95-A7A38519464E,24,14,0,0,0,0,0,0
sensitivity_1,hysteresis,"m=0.3, T=2, theta=0.7858",val,4FC32141-E888-4BFF-8804-12559A491D8C,4,43,0,0,0,0,0,0
sensitivity_1,hysteresis,"m=0.3, T=2, theta=0.7858",val,4FC32141-E888-4BFF-8804-12559A491D8C,5,325,1,0,1,323,0,0
sensitivity_1,hysteresis,"m=0.3, T=2, theta=0.7858",val,4FC32141-E888-4BFF-8804-12559A491D8C,6,427,1,0,1,237,0,0
sensitivity_1,hysteresis,"m=0.3, T=2, theta=0.7858",val,4FC32141-E888-4BFF-8804-12559A491D8C,7,102,1,0,1,101,0,0
sensitivity_1,hysteresis,"m=0.3, T=2, theta=0.7858",val,4FC32141-E888-4BFF-8804-12559A491D8C,8,18,1,0,1,11,0,0
sensitivity_1,hysteresis,"m=0.3, T=2, theta=0.7858",val,4FC32141-E888-4BFF-8804-12559A491D8C,10,43,1,0,1,38,0,0
sensitivity_1,hysteresis,"m=0.3, T=2, theta=0.7858",val,5119D0F8-FCA8-4184-A4EB-19421A40DE0D,9,1294,10,10,20,119,6,4
sensitivity_1,hysteresis,"m=0.3, T=2, theta=0.7858",val,5152A2DF-FAF3-4BA8-9CA9-E66B32671A53,6,697,8,7,15,378,1,1
sensitivity_1,hysteresis,"m=0.3, T=2, theta=0.7858",val,5152A2DF-FAF3-4BA8-9CA9-E66B32671A53,7,597,1,1,2,11,0,0
sensitivity_1,hysteresis,"m=0.3, T=2, theta=0.7858",val,5EF64122-B513-46AE-BCF1-E62AAC285D2C,9,116,0,0,0,0,0,0
sensitivity_1,hysteresis,"m=0.3, T=2, theta=0.7858",val,5EF64122-B513-46AE-BCF1-E62AAC285D2C,10,637,4,4,8,51,1,0
sensitivity_1,hysteresis,"m=0.3, T=2, theta=0.7858",val,61976C24-1C50-4355-9C49-AAE44A7D09F6,46,1717,8,8,16,198,5,4
sensitivity_1,hysteresis,"m=0.3, T=2, theta=0.7858",val,78A91A4E-4A51-4065-BDA7-94755F0BB3BB,5,597,10,10,20,216,5,4
sensitivity_1,hysteresis,"m=0.3, T=2, theta=0.7858",val,78A91A4E-4A51-4065-BDA7-94755F0BB3BB,6,1773,10,10,20,104,4,4
sensitivity_1,hysteresis,"m=0.3, T=2, theta=0.7858",val,7CE37510-56D0-4120-A1CF-0E23351428D2,6,1923,20,20,40,312,11,9
sensitivity_1,hysteresis,"m=0.3, T=2, theta=0.7858",val,8023FE1A-D3B0-4E2C-A57A-9321B7FC755F,23,972,8,8,16,94,5,4
sensitivity_1,hysteresis,"m=0.3, T=2, theta=0.7858",val,8023FE1A-D3B0-4E2C-A57A-9321B7FC755F,24,836,13,13,26,128,11,6
sensitivity_1,hysteresis,"m=0.3, T=2, theta=0.7858",val,83CF687B-7CEC-434B-9FE8-00C3D5799BE6,7,1879,15,15,30,220,7,7
sensitivity_1,hysteresis,"m=0.3, T=2, theta=0.7858",val,9759096F-1119-4E19-A0AD-6F16989C7E1C,3,474,5,5,10,319,1,1
sensitivity_1,hysteresis,"m=0.3, T=2, theta=0.7858",val,9759096F-1119-4E19-A0AD-6F16989C7E1C,4,1489,19,19,38,321,5,2
sensitivity_1,hysteresis,"m=0.3, T=2, theta=0.7858",val,9DC38D04-E82E-4F29-AB52-B476535226F2,12,1543,13,12,25,649,2,2
sensitivity_1,hysteresis,"m=0.3, T=2, theta=0.7858",val,9DC38D04-E82E-4F29-AB52-B476535226F2,18,359,0,0,0,0,0,0
sensitivity_1,hysteresis,"m=0.3, T=2, theta=0.7858",val,A5CDF89D-02A2-4EC1-89F8-F534FDABDD96,12,62,0,0,0,0,0,0
sensitivity_1,hysteresis,"m=0.3, T=2, theta=0.7858",val,A5CDF89D-02A2-4EC1-89F8-F534FDABDD96,13,841,8,8,16,86,3,3
sensitivity_1,hysteresis,"m=0.3, T=2, theta=0.7858",val,A5CDF89D-02A2-4EC1-89F8-F534FDABDD96,14,276,3,3,6,59,2,2
sensitivity_1,hysteresis,"m=0.3, T=2, theta=0.7858",val,A76A5AF5-5A93-4CF2-A16E-62353BB70E8A,2,1475,11,11,22,700,4,1
sensitivity_1,hysteresis,"m=0.3, T=2, theta=0.7858",val,B09E373F-8A54-44C8-895B-0039390B859F,9,1598,18,17,35,776,5,2
sensitivity_1,hysteresis,"m=0.3, T=2, theta=0.7858",val,B9724848-C7E2-45F4-9B3F-A1F38D864495,10,85,3,3,6,14,2,2
sensitivity_1,hysteresis,"m=0.3, T=2, theta=0.7858",val,B9724848-C7E2-45F4-9B3F-A1F38D864495,11,522,7,7,14,143,3,3
sensitivity_1,hysteresis,"m=0.3, T=2, theta=0.7858",val,B9724848-C7E2-45F4-9B3F-A1F38D864495,13,880,7,7,14,30,6,6
sensitivity_1,hysteresis,"m=0.3, T=2, theta=0.7858",val,BE3CA5A6-A561-4BBD-B7C9-5DF6805400FC,13,681,1,0,1,658,0,0
sensitivity_1,hysteresis,"m=0.3, T=2, theta=0.7858",val,BE3CA5A6-A561-4BBD-B7C9-5DF6805400FC,14,79,1,0,1,21,0,0
sensitivity_1,hysteresis,"m=0.3, T=2, theta=0.7858",val,BE3CA5A6-A561-4BBD-B7C9-5DF6805400FC,15,430,3,2,5,199,0,0
sensitivity_1,hysteresis,"m=0.3, T=2, theta=0.7858",val,BE3CA5A6-A561-4BBD-B7C9-5DF6805400FC,16,442,3,3,6,184,0,0
sensitivity_1,hysteresis,"m=0.3, T=2, theta=0.7858",val,C48CE857-A0DD-4DDB-BEA5-3A25449B2153,25,150,0,0,0,0,0,0
sensitivity_1,hysteresis,"m=0.3, T=2, theta=0.7858",val,C48CE857-A0DD-4DDB-BEA5-3A25449B2153,26,40,1,0,1,15,0,0
sensitivity_1,hysteresis,"m=0.3, T=2, theta=0.7858",val,C48CE857-A0DD-4DDB-BEA5-3A25449B2153,28,151,4,4,8,44,1,1
sensitivity_1,hysteresis,"m=0.3, T=2, theta=0.7858",val,C48CE857-A0DD-4DDB-BEA5-3A25449B2153,30,239,1,0,1,10,0,0
sensitivity_1,hysteresis,"m=0.3, T=2, theta=0.7858",val,C48CE857-A0DD-4DDB-BEA5-3A25449B2153,31,282,3,3,6,105,0,0
sensitivity_1,hysteresis,"m=0.3, T=2, theta=0.7858",val,C48CE857-A0DD-4DDB-BEA5-3A25449B2153,32,115,1,0,1,70,0,0
sensitivity_1,hysteresis,"m=0.3, T=2, theta=0.7858",val,CA820D43-E5E2-42EF-9798-BE56F776370B,4,1146,15,14,29,361,1,1
sensitivity_1,hysteresis,"m=0.3, T=2, theta=0.7858",val,CA820D43-E5E2-42EF-9798-BE56F776370B,8,394,3,3,6,175,0,0
sensitivity_1,hysteresis,"m=0.3, T=2, theta=0.7858",val,CDA3BBF7-6631-45E8-85BA-EEB416B32A3C,2,227,3,2,5,48,1,1
sensitivity_1,hysteresis,"m=0.3, T=2, theta=0.7858",val,CDA3BBF7-6631-45E8-85BA-EEB416B32A3C,3,316,4,4,8,38,1,1
sensitivity_1,hysteresis,"m=0.3, T=2, theta=0.7858",val,CF722AA9-2533-4E51-9FEB-9EAC84EE9AAC,7,113,2,2,4,55,0,0
sensitivity_1,hysteresis,"m=0.3, T=2, theta=0.7858",val,CF722AA9-2533-4E51-9FEB-9EAC84EE9AAC,8,371,4,3,7,186,1,0
sensitivity_1,hysteresis,"m=0.3, T=2, theta=0.7858",val,CF722AA9-2533-4E51-9FEB-9EAC84EE9AAC,9,210,1,0,1,60,0,0
sensitivity_1,hysteresis,"m=0.3, T=2, theta=0.7858",val,D7D20E2E-FC78-405D-B346-DBD3FD8FC92B,7,175,3,3,6,47,1,1
sensitivity_1,hysteresis,"m=0.3, T=2, theta=0.7858",val,D7D20E2E-FC78-405D-B346-DBD3FD8FC92B,8,528,0,0,0,0,0,0
sensitivity_1,hysteresis,"m=0.3, T=2, theta=0.7858",val,D7D20E2E-FC78-405D-B346-DBD3FD8FC92B,9,42,2,1,3,17,1,1
sensitivity_1,hysteresis,"m=0.3, T=2, theta=0.7858",val,D7D20E2E-FC78-405D-B346-DBD3FD8FC92B,10,153,2,2,4,85,0,0
sensitivity_1,hysteresis,"m=0.3, T=2, theta=0.7858",val,D7D20E2E-FC78-405D-B346-DBD3FD8FC92B,11,292,2,2,4,51,1,0
sensitivity_1,hysteresis,"m=0.3, T=2, theta=0.7858",val,D7D20E2E-FC78-405D-B346-DBD3FD8FC92B,12,23,0,0,0,0,0,0
sensitivity_1,hysteresis,"m=0.3, T=2, theta=0.7858",val,E65577C1-8D5D-4F70-AF23-B3ADB9D3DBA3,3,659,13,12,25,145,9,6
sensitivity_1,hysteresis,"m=0.3, T=2, theta=0.7858",val,ECECC2AB-D32F-4F90-B74C-E12A1C69BBE2,12,232,5,5,10,41,1,1
sensitivity_1,hysteresis,"m=0.3, T=2, theta=0.7858",val,ECECC2AB-D32F-4F90-B74C-E12A1C69BBE2,13,35,1,1,2,2,1,1
sensitivity_1,hysteresis,"m=0.3, T=2, theta=0.7858",val,ECECC2AB-D32F-4F90-B74C-E12A1C69BBE2,14,204,3,2,5,33,1,1
sensitivity_1,hysteresis,"m=0.3, T=2, theta=0.7858",val,ECECC2AB-D32F-4F90-B74C-E12A1C69BBE2,15,206,0,0,0,0,0,0
sensitivity_1,hysteresis,"m=0.3, T=2, theta=0.7858",val,FDAA70A1-42A3-4E3F-9AE3-3FDA412E03BF,18,966,11,11,22,157,5,5
sensitivity_1,trust,"r=0.5, tau=0.5, theta=0.7858",val,00EABED2-271D-49D8-B599-1D4A09240601,23,428,3,3,6,46,0,0
sensitivity_1,trust,"r=0.5, tau=0.5, theta=0.7858",val,098A72A5-E3E5-4F54-A152-BBDA0DF7B694,5,174,7,6,13,54,8,5
sensitivity_1,trust,"r=0.5, tau=0.5, theta=0.7858",val,098A72A5-E3E5-4F54-A152-BBDA0DF7B694,6,134,2,2,4,28,2,1
sensitivity_1,trust,"r=0.5, tau=0.5, theta=0.7858",val,098A72A5-E3E5-4F54-A152-BBDA0DF7B694,7,13,0,0,0,0,0,0
sensitivity_1,trust,"r=0.5, tau=0.5, theta=0.7858",val,098A72A5-E3E5-4F54-A152-BBDA0DF7B694,8,275,1,1,2,2,1,1
sensitivity_1,trust,"r=0.5, tau=0.5, theta=0.7858",val,098A72A5-E3E5-4F54-A152-BBDA0DF7B694,9,459,2,2,4,27,1,1
sensitivity_1,trust,"r=0.5, tau=0.5, theta=0.7858",val,098A72A5-E3E5-4F54-A152-BBDA0DF7B694,10,75,1,0,1,49,0,0
sensitivity_1,trust,"r=0.5, tau=0.5, theta=0.7858",val,098A72A5-E3E5-4F54-A152-BBDA0DF7B694,11,44,1,1,2,25,0,0
sensitivity_1,trust,"r=0.5, tau=0.5, theta=0.7858",val,098A72A5-E3E5-4F54-A152-BBDA0DF7B694,13,156,1,1,2,3,1,1
sensitivity_1,trust,"r=0.5, tau=0.5, theta=0.7858",val,0A986513-7828-4D53-AA1F-E02D6DF9561B,6,763,17,17,34,155,15,8
sensitivity_1,trust,"r=0.5, tau=0.5, theta=0.7858",val,11B5EC4D-4133-4289-B475-4E737182A406,3,616,5,5,10,125,2,1
sensitivity_1,trust,"r=0.5, tau=0.5, theta=0.7858",val,11B5EC4D-4133-4289-B475-4E737182A406,4,799,10,9,19,211,5,1
sensitivity_1,trust,"r=0.5, tau=0.5, theta=0.7858",val,11B5EC4D-4133-4289-B475-4E737182A406,5,324,1,1,2,1,1,1
sensitivity_1,trust,"r=0.5, tau=0.5, theta=0.7858",val,136562B6-95B2-483D-88DC-065F28409FD2,17,181,4,3,7,85,3,2
sensitivity_1,trust,"r=0.5, tau=0.5, theta=0.7858",val,136562B6-95B2-483D-88DC-065F28409FD2,18,847,5,4,9,221,1,1
sensitivity_1,trust,"r=0.5, tau=0.5, theta=0.7858",val,136562B6-95B2-483D-88DC-065F28409FD2,19,80,3,2,5,53,2,1
sensitivity_1,trust,"r=0.5, tau=0.5, theta=0.7858",val,136562B6-95B2-483D-88DC-065F28409FD2,20,107,1,0,1,106,0,0
sensitivity_1,trust,"r=0.5, tau=0.5, theta=0.7858",val,1538C99F-BA1E-4EFB-A949-6C7C47701B20,25,291,1,1,2,14,0,0
sensitivity_1,trust,"r=0.5, tau=0.5, theta=0.7858",val,1538C99F-BA1E-4EFB-A949-6C7C47701B20,26,82,0,0,0,0,0,0
sensitivity_1,trust,"r=0.5, tau=0.5, theta=0.7858",val,1538C99F-BA1E-4EFB-A949-6C7C47701B20,27,160,5,5,10,41,4,2
sensitivity_1,trust,"r=0.5, tau=0.5, theta=0.7858",val,1538C99F-BA1E-4EFB-A949-6C7C47701B20,28,748,5,5,10,79,3,2
sensitivity_1,trust,"r=0.5, tau=0.5, theta=0.7858",val,24E40C4C-A349-4F9F-93AB-01D00FB994AF,12,236,0,0,0,0,0,0
sensitivity_1,trust,"r=0.5, tau=0.5, theta=0.7858",val,24E40C4C-A349-4F9F-93AB-01D00FB994AF,13,213,4,3,7,114,1,0
sensitivity_1,trust,"r=0.5, tau=0.5, theta=0.7858",val,24E40C4C-A349-4F9F-93AB-01D00FB994AF,14,141,4,4,8,74,4,2
sensitivity_1,trust,"r=0.5, tau=0.5, theta=0.7858",val,24E40C4C-A349-4F9F-93AB-01D00FB994AF,15,317,3,3,6,298,2,1
sensitivity_1,trust,"r=0.5, tau=0.5, theta=0.7858",val,24E40C4C-A349-4F9F-93AB-01D00FB994AF,16,18,1,0,1,16,0,0
sensitivity_1,trust,"r=0.5, tau=0.5, theta=0.7858",val,2C32C23E-E30C-498A-8DD2-0EFB9150A02E,9,1674,9,9,18,159,7,4
sensitivity_1,trust,"r=0.5, tau=0.5, theta=0.7858",val,3600D531-0C55-44A7-AE95-A7A38519464E,20,842,3,2,5,209,1,0
sensitivity_1,trust,"r=0.5, tau=0.5, theta=0.7858",val,3600D531-0C55-44A7-AE95-A7A38519464E,21,54,1,0,1,48,0,0
sensitivity_1,trust,"r=0.5, tau=0.5, theta=0.7858",val,3600D531-0C55-44A7-AE95-A7A38519464E,22,107,2,2,4,7,2,1
sensitivity_1,trust,"r=0.5, tau=0.5, theta=0.7858",val,3600D531-0C55-44A7-AE95-A7A38519464E,24,14,0,0,0,0,0,0
sensitivity_1,trust,"r=0.5, tau=0.5, theta=0.7858",val,4FC32141-E888-4BFF-8804-12559A491D8C,4,43,0,0,0,0,0,0
sensitivity_1,trust,"r=0.5, tau=0.5, theta=0.7858",val,4FC32141-E888-4BFF-8804-12559A491D8C,5,325,2,1,3,319,2,1
sensitivity_1,trust,"r=0.5, tau=0.5, theta=0.7858",val,4FC32141-E888-4BFF-8804-12559A491D8C,6,427,1,0,1,236,0,0
sensitivity_1,trust,"r=0.5, tau=0.5, theta=0.7858",val,4FC32141-E888-4BFF-8804-12559A491D8C,7,102,1,0,1,100,0,0
sensitivity_1,trust,"r=0.5, tau=0.5, theta=0.7858",val,4FC32141-E888-4BFF-8804-12559A491D8C,8,18,0,0,0,0,0,0
sensitivity_1,trust,"r=0.5, tau=0.5, theta=0.7858",val,4FC32141-E888-4BFF-8804-12559A491D8C,10,43,1,0,1,37,0,0
sensitivity_1,trust,"r=0.5, tau=0.5, theta=0.7858",val,5119D0F8-FCA8-4184-A4EB-19421A40DE0D,9,1294,10,10,20,113,8,6
sensitivity_1,trust,"r=0.5, tau=0.5, theta=0.7858",val,5152A2DF-FAF3-4BA8-9CA9-E66B32671A53,6,697,7,6,13,364,2,1
sensitivity_1,trust,"r=0.5, tau=0.5, theta=0.7858",val,5152A2DF-FAF3-4BA8-9CA9-E66B32671A53,7,597,4,4,8,14,6,3
sensitivity_1,trust,"r=0.5, tau=0.5, theta=0.7858",val,5EF64122-B513-46AE-BCF1-E62AAC285D2C,9,116,0,0,0,0,0,0
sensitivity_1,trust,"r=0.5, tau=0.5, theta=0.7858",val,5EF64122-B513-46AE-BCF1-E62AAC285D2C,10,637,3,3,6,64,0,0
sensitivity_1,trust,"r=0.5, tau=0.5, theta=0.7858",val,61976C24-1C50-4355-9C49-AAE44A7D09F6,46,1717,9,9,18,224,9,5
sensitivity_1,trust,"r=0.5, tau=0.5, theta=0.7858",val,78A91A4E-4A51-4065-BDA7-94755F0BB3BB,5,597,6,6,12,246,2,1
sensitivity_1,trust,"r=0.5, tau=0.5, theta=0.7858",val,78A91A4E-4A51-4065-BDA7-94755F0BB3BB,6,1773,10,10,20,106,6,5
sensitivity_1,trust,"r=0.5, tau=0.5, theta=0.7858",val,7CE37510-56D0-4120-A1CF-0E23351428D2,6,1923,20,20,40,343,15,10
sensitivity_1,trust,"r=0.5, tau=0.5, theta=0.7858",val,8023FE1A-D3B0-4E2C-A57A-9321B7FC755F,23,972,9,9,18,94,7,5
sensitivity_1,trust,"r=0.5, tau=0.5, theta=0.7858",val,8023FE1A-D3B0-4E2C-A57A-9321B7FC755F,24,836,13,13,26,155,14,7
sensitivity_1,trust,"r=0.5, tau=0.5, theta=0.7858",val,83CF687B-7CEC-434B-9FE8-00C3D5799BE6,7,1879,8,8,16,181,2,1
sensitivity_1,trust,"r=0.5, tau=0.5, theta=0.7858",val,9759096F-1119-4E19-A0AD-6F16989C7E1C,3,474,5,5,10,311,2,0
sensitivity_1,trust,"r=0.5, tau=0.5, theta=0.7858",val,9759096F-1119-4E19-A0AD-6F16989C7E1C,4,1489,16,16,32,336,14,7
sensitivity_1,trust,"r=0.5, tau=0.5, theta=0.7858",val,9DC38D04-E82E-4F29-AB52-B476535226F2,12,1543,17,17,34,658,8,4
sensitivity_1,trust,"r=0.5, tau=0.5, theta=0.7858",val,9DC38D04-E82E-4F29-AB52-B476535226F2,18,359,0,0,0,0,0,0
sensitivity_1,trust,"r=0.5, tau=0.5, theta=0.7858",val,A5CDF89D-02A2-4EC1-89F8-F534FDABDD96,12,62,0,0,0,0,0,0
sensitivity_1,trust,"r=0.5, tau=0.5, theta=0.7858",val,A5CDF89D-02A2-4EC1-89F8-F534FDABDD96,13,841,10,10,20,86,8,5
sensitivity_1,trust,"r=0.5, tau=0.5, theta=0.7858",val,A5CDF89D-02A2-4EC1-89F8-F534FDABDD96,14,276,2,2,4,64,0,0
sensitivity_1,trust,"r=0.5, tau=0.5, theta=0.7858",val,A76A5AF5-5A93-4CF2-A16E-62353BB70E8A,2,1475,15,15,30,762,13,7
sensitivity_1,trust,"r=0.5, tau=0.5, theta=0.7858",val,B09E373F-8A54-44C8-895B-0039390B859F,9,1598,11,11,22,844,4,1
sensitivity_1,trust,"r=0.5, tau=0.5, theta=0.7858",val,B9724848-C7E2-45F4-9B3F-A1F38D864495,10,85,3,3,6,20,2,1
sensitivity_1,trust,"r=0.5, tau=0.5, theta=0.7858",val,B9724848-C7E2-45F4-9B3F-A1F38D864495,11,522,6,5,11,155,2,2
sensitivity_1,trust,"r=0.5, tau=0.5, theta=0.7858",val,B9724848-C7E2-45F4-9B3F-A1F38D864495,13,880,4,4,8,38,0,0
sensitivity_1,trust,"r=0.5, tau=0.5, theta=0.7858",val,BE3CA5A6-A561-4BBD-B7C9-5DF6805400FC,13,681,2,1,3,591,0,0
sensitivity_1,trust,"r=0.5, tau=0.5, theta=0.7858",val,BE3CA5A6-A561-4BBD-B7C9-5DF6805400FC,14,79,3,2,5,34,4,2
sensitivity_1,trust,"r=0.5, tau=0.5, theta=0.7858",val,BE3CA5A6-A561-4BBD-B7C9-5DF6805400FC,15,430,2,1,3,75,0,0
sensitivity_1,trust,"r=0.5, tau=0.5, theta=0.7858",val,BE3CA5A6-A561-4BBD-B7C9-5DF6805400FC,16,442,4,4,8,136,0,0
sensitivity_1,trust,"r=0.5, tau=0.5, theta=0.7858",val,C48CE857-A0DD-4DDB-BEA5-3A25449B2153,25,150,0,0,0,0,0,0
sensitivity_1,trust,"r=0.5, tau=0.5, theta=0.7858",val,C48CE857-A0DD-4DDB-BEA5-3A25449B2153,26,40,2,1,3,13,2,1
sensitivity_1,trust,"r=0.5, tau=0.5, theta=0.7858",val,C48CE857-A0DD-4DDB-BEA5-3A25449B2153,28,151,3,3,6,43,0,0
sensitivity_1,trust,"r=0.5, tau=0.5, theta=0.7858",val,C48CE857-A0DD-4DDB-BEA5-3A25449B2153,30,239,1,0,1,8,0,0
sensitivity_1,trust,"r=0.5, tau=0.5, theta=0.7858",val,C48CE857-A0DD-4DDB-BEA5-3A25449B2153,31,282,3,3,6,104,0,0
sensitivity_1,trust,"r=0.5, tau=0.5, theta=0.7858",val,C48CE857-A0DD-4DDB-BEA5-3A25449B2153,32,115,1,0,1,67,0,0
sensitivity_1,trust,"r=0.5, tau=0.5, theta=0.7858",val,CA820D43-E5E2-42EF-9798-BE56F776370B,4,1146,22,21,43,404,18,8
sensitivity_1,trust,"r=0.5, tau=0.5, theta=0.7858",val,CA820D43-E5E2-42EF-9798-BE56F776370B,8,394,4,4,8,179,3,1
sensitivity_1,trust,"r=0.5, tau=0.5, theta=0.7858",val,CDA3BBF7-6631-45E8-85BA-EEB416B32A3C,2,227,2,1,3,68,0,0
sensitivity_1,trust,"r=0.5, tau=0.5, theta=0.7858",val,CDA3BBF7-6631-45E8-85BA-EEB416B32A3C,3,316,3,3,6,28,2,2
sensitivity_1,trust,"r=0.5, tau=0.5, theta=0.7858",val,CF722AA9-2533-4E51-9FEB-9EAC84EE9AAC,7,113,2,1,3,39,2,1
sensitivity_1,trust,"r=0.5, tau=0.5, theta=0.7858",val,CF722AA9-2533-4E51-9FEB-9EAC84EE9AAC,8,371,4,3,7,165,1,0
sensitivity_1,trust,"r=0.5, tau=0.5, theta=0.7858",val,CF722AA9-2533-4E51-9FEB-9EAC84EE9AAC,9,210,2,2,4,25,1,1
sensitivity_1,trust,"r=0.5, tau=0.5, theta=0.7858",val,D7D20E2E-FC78-405D-B346-DBD3FD8FC92B,7,175,2,2,4,51,1,1
sensitivity_1,trust,"r=0.5, tau=0.5, theta=0.7858",val,D7D20E2E-FC78-405D-B346-DBD3FD8FC92B,8,528,0,0,0,0,0,0
sensitivity_1,trust,"r=0.5, tau=0.5, theta=0.7858",val,D7D20E2E-FC78-405D-B346-DBD3FD8FC92B,9,42,2,1,3,13,1,1
sensitivity_1,trust,"r=0.5, tau=0.5, theta=0.7858",val,D7D20E2E-FC78-405D-B346-DBD3FD8FC92B,10,153,1,1,2,80,0,0
sensitivity_1,trust,"r=0.5, tau=0.5, theta=0.7858",val,D7D20E2E-FC78-405D-B346-DBD3FD8FC92B,11,292,4,4,8,40,5,3
sensitivity_1,trust,"r=0.5, tau=0.5, theta=0.7858",val,D7D20E2E-FC78-405D-B346-DBD3FD8FC92B,12,23,0,0,0,0,0,0
sensitivity_1,trust,"r=0.5, tau=0.5, theta=0.7858",val,E65577C1-8D5D-4F70-AF23-B3ADB9D3DBA3,3,659,5,5,10,174,2,1
sensitivity_1,trust,"r=0.5, tau=0.5, theta=0.7858",val,ECECC2AB-D32F-4F90-B74C-E12A1C69BBE2,12,232,4,4,8,30,4,2
sensitivity_1,trust,"r=0.5, tau=0.5, theta=0.7858",val,ECECC2AB-D32F-4F90-B74C-E12A1C69BBE2,13,35,0,0,0,0,0,0
sensitivity_1,trust,"r=0.5, tau=0.5, theta=0.7858",val,ECECC2AB-D32F-4F90-B74C-E12A1C69BBE2,14,204,4,3,7,44,4,2
sensitivity_1,trust,"r=0.5, tau=0.5, theta=0.7858",val,ECECC2AB-D32F-4F90-B74C-E12A1C69BBE2,15,206,0,0,0,0,0,0
sensitivity_1,trust,"r=0.5, tau=0.5, theta=0.7858",val,FDAA70A1-42A3-4E3F-9AE3-3FDA412E03BF,18,966,7,7,14,189,2,1
sensitivity_1,sprt,"alpha=0.01, beta=0.4898",val,00EABED2-271D-49D8-B599-1D4A09240601,23,428,5,5,10,21,5,4
sensitivity_1,sprt,"alpha=0.01, beta=0.4898",val,098A72A5-E3E5-4F54-A152-BBDA0DF7B694,5,174,3,3,6,8,3,3
sensitivity_1,sprt,"alpha=0.01, beta=0.4898",val,098A72A5-E3E5-4F54-A152-BBDA0DF7B694,6,134,2,2,4,7,2,2
sensitivity_1,sprt,"alpha=0.01, beta=0.4898",val,098A72A5-E3E5-4F54-A152-BBDA0DF7B694,7,13,0,0,0,0,0,0
sensitivity_1,sprt,"alpha=0.01, beta=0.4898",val,098A72A5-E3E5-4F54-A152-BBDA0DF7B694,8,275,2,2,4,2,2,2
sensitivity_1,sprt,"alpha=0.01, beta=0.4898",val,098A72A5-E3E5-4F54-A152-BBDA0DF7B694,9,459,2,2,4,4,2,2
sensitivity_1,sprt,"alpha=0.01, beta=0.4898",val,098A72A5-E3E5-4F54-A152-BBDA0DF7B694,10,75,2,2,4,16,2,1
sensitivity_1,sprt,"alpha=0.01, beta=0.4898",val,098A72A5-E3E5-4F54-A152-BBDA0DF7B694,11,44,1,1,2,8,0,0
sensitivity_1,sprt,"alpha=0.01, beta=0.4898",val,098A72A5-E3E5-4F54-A152-BBDA0DF7B694,13,156,1,1,2,2,1,1
sensitivity_1,sprt,"alpha=0.01, beta=0.4898",val,0A986513-7828-4D53-AA1F-E02D6DF9561B,6,763,8,8,16,55,5,5
sensitivity_1,sprt,"alpha=0.01, beta=0.4898",val,11B5EC4D-4133-4289-B475-4E737182A406,3,616,12,12,24,45,16,10
sensitivity_1,sprt,"alpha=0.01, beta=0.4898",val,11B5EC4D-4133-4289-B475-4E737182A406,4,799,8,8,16,89,2,2
sensitivity_1,sprt,"alpha=0.01, beta=0.4898",val,11B5EC4D-4133-4289-B475-4E737182A406,5,324,0,0,0,0,0,0
sensitivity_1,sprt,"alpha=0.01, beta=0.4898",val,136562B6-95B2-483D-88DC-065F28409FD2,17,181,0,0,0,0,0,0
sensitivity_1,sprt,"alpha=0.01, beta=0.4898",val,136562B6-95B2-483D-88DC-065F28409FD2,18,847,7,7,14,78,4,3
sensitivity_1,sprt,"alpha=0.01, beta=0.4898",val,136562B6-95B2-483D-88DC-065F28409FD2,19,80,1,1,2,16,0,0
sensitivity_1,sprt,"alpha=0.01, beta=0.4898",val,136562B6-95B2-483D-88DC-065F28409FD2,20,107,4,3,7,42,1,0
sensitivity_1,sprt,"alpha=0.01, beta=0.4898",val,1538C99F-BA1E-4EFB-A949-6C7C47701B20,25,291,3,3,6,10,2,2
sensitivity_1,sprt,"alpha=0.01, beta=0.4898",val,1538C99F-BA1E-4EFB-A949-6C7C47701B20,26,82,0,0,0,0,0,0
sensitivity_1,sprt,"alpha=0.01, beta=0.4898",val,1538C99F-BA1E-4EFB-A949-6C7C47701B20,27,160,5,5,10,13,5,5
sensitivity_1,sprt,"alpha=0.01, beta=0.4898",val,1538C99F-BA1E-4EFB-A949-6C7C47701B20,28,748,8,8,16,35,7,6
sensitivity_1,sprt,"alpha=0.01, beta=0.4898",val,24E40C4C-A349-4F9F-93AB-01D00FB994AF,12,236,2,2,4,4,2,2
sensitivity_1,sprt,"alpha=0.01, beta=0.4898",val,24E40C4C-A349-4F9F-93AB-01D00FB994AF,13,213,2,2,4,17,1,1
sensitivity_1,sprt,"alpha=0.01, beta=0.4898",val,24E40C4C-A349-4F9F-93AB-01D00FB994AF,14,141,2,2,4,17,1,1
sensitivity_1,sprt,"alpha=0.01, beta=0.4898",val,24E40C4C-A349-4F9F-93AB-01D00FB994AF,15,317,3,3,6,28,0,0
sensitivity_1,sprt,"alpha=0.01, beta=0.4898",val,24E40C4C-A349-4F9F-93AB-01D00FB994AF,16,18,1,1,2,6,0,0
sensitivity_1,sprt,"alpha=0.01, beta=0.4898",val,2C32C23E-E30C-498A-8DD2-0EFB9150A02E,9,1674,11,11,22,70,9,8
sensitivity_1,sprt,"alpha=0.01, beta=0.4898",val,3600D531-0C55-44A7-AE95-A7A38519464E,20,842,10,10,20,61,8,6
sensitivity_1,sprt,"alpha=0.01, beta=0.4898",val,3600D531-0C55-44A7-AE95-A7A38519464E,21,54,2,2,4,38,1,0
sensitivity_1,sprt,"alpha=0.01, beta=0.4898",val,3600D531-0C55-44A7-AE95-A7A38519464E,22,107,1,1,2,3,1,1
sensitivity_1,sprt,"alpha=0.01, beta=0.4898",val,3600D531-0C55-44A7-AE95-A7A38519464E,24,14,0,0,0,0,0,0
sensitivity_1,sprt,"alpha=0.01, beta=0.4898",val,4FC32141-E888-4BFF-8804-12559A491D8C,4,43,0,0,0,0,0,0
sensitivity_1,sprt,"alpha=0.01, beta=0.4898",val,4FC32141-E888-4BFF-8804-12559A491D8C,5,325,3,3,6,217,0,0
sensitivity_1,sprt,"alpha=0.01, beta=0.4898",val,4FC32141-E888-4BFF-8804-12559A491D8C,6,427,5,5,10,88,2,1
sensitivity_1,sprt,"alpha=0.01, beta=0.4898",val,4FC32141-E888-4BFF-8804-12559A491D8C,7,102,1,1,2,17,0,0
sensitivity_1,sprt,"alpha=0.01, beta=0.4898",val,4FC32141-E888-4BFF-8804-12559A491D8C,8,18,0,0,0,0,0,0
sensitivity_1,sprt,"alpha=0.01, beta=0.4898",val,4FC32141-E888-4BFF-8804-12559A491D8C,10,43,0,0,0,0,0,0
sensitivity_1,sprt,"alpha=0.01, beta=0.4898",val,5119D0F8-FCA8-4184-A4EB-19421A40DE0D,9,1294,7,7,14,68,3,2
sensitivity_1,sprt,"alpha=0.01, beta=0.4898",val,5152A2DF-FAF3-4BA8-9CA9-E66B32671A53,6,697,9,9,18,141,6,4
sensitivity_1,sprt,"alpha=0.01, beta=0.4898",val,5152A2DF-FAF3-4BA8-9CA9-E66B32671A53,7,597,1,1,2,4,1,1
sensitivity_1,sprt,"alpha=0.01, beta=0.4898",val,5EF64122-B513-46AE-BCF1-E62AAC285D2C,9,116,0,0,0,0,0,0
sensitivity_1,sprt,"alpha=0.01, beta=0.4898",val,5EF64122-B513-46AE-BCF1-E62AAC285D2C,10,637,7,7,14,35,5,4
sensitivity_1,sprt,"alpha=0.01, beta=0.4898",val,61976C24-1C50-4355-9C49-AAE44A7D09F6,46,1717,6,6,12,84,2,2
sensitivity_1,sprt,"alpha=0.01, beta=0.4898",val,78A91A4E-4A51-4065-BDA7-94755F0BB3BB,5,597,10,10,20,131,7,5
sensitivity_1,sprt,"alpha=0.01, beta=0.4898",val,78A91A4E-4A51-4065-BDA7-94755F0BB3BB,6,1773,10,10,20,28,8,8
sensitivity_1,sprt,"alpha=0.01, beta=0.4898",val,7CE37510-56D0-4120-A1CF-0E23351428D2,6,1923,27,27,54,137,25,21
sensitivity_1,sprt,"alpha=0.01, beta=0.4898",val,8023FE1A-D3B0-4E2C-A57A-9321B7FC755F,23,972,6,6,12,52,3,3
sensitivity_1,sprt,"alpha=0.01, beta=0.4898",val,8023FE1A-D3B0-4E2C-A57A-9321B7FC755F,24,836,14,14,28,71,13,10
sensitivity_1,sprt,"alpha=0.01, beta=0.4898",val,83CF687B-7CEC-434B-9FE8-00C3D5799BE6,7,1879,11,11,22,96,6,6
sensitivity_1,sprt,"alpha=0.01, beta=0.4898",val,9759096F-1119-4E19-A0AD-6F16989C7E1C,3,474,9,9,18,127,5,4
sensitivity_1,sprt,"alpha=0.01, beta=0.4898",val,9759096F-1119-4E19-A0AD-6F16989C7E1C,4,1489,11,11,22,78,6,5
sensitivity_1,sprt,"alpha=0.01, beta=0.4898",val,9DC38D04-E82E-4F29-AB52-B476535226F2,12,1543,13,13,26,162,6,3
sensitivity_1,sprt,"alpha=0.01, beta=0.4898",val,9DC38D04-E82E-4F29-AB52-B476535226F2,18,359,0,0,0,0,0,0
sensitivity_1,sprt,"alpha=0.01, beta=0.4898",val,A5CDF89D-02A2-4EC1-89F8-F534FDABDD96,12,62,0,0,0,0,0,0
sensitivity_1,sprt,"alpha=0.01, beta=0.4898",val,A5CDF89D-02A2-4EC1-89F8-F534FDABDD96,13,841,8,8,16,56,5,4
sensitivity_1,sprt,"alpha=0.01, beta=0.4898",val,A5CDF89D-02A2-4EC1-89F8-F534FDABDD96,14,276,2,2,4,37,1,1
sensitivity_1,sprt,"alpha=0.01, beta=0.4898",val,A76A5AF5-5A93-4CF2-A16E-62353BB70E8A,2,1475,12,12,24,71,12,8
sensitivity_1,sprt,"alpha=0.01, beta=0.4898",val,B09E373F-8A54-44C8-895B-0039390B859F,9,1598,21,21,42,208,14,10
sensitivity_1,sprt,"alpha=0.01, beta=0.4898",val,B9724848-C7E2-45F4-9B3F-A1F38D864495,10,85,4,4,8,5,4,4
sensitivity_1,sprt,"alpha=0.01, beta=0.4898",val,B9724848-C7E2-45F4-9B3F-A1F38D864495,11,522,13,13,26,70,10,7
sensitivity_1,sprt,"alpha=0.01, beta=0.4898",val,B9724848-C7E2-45F4-9B3F-A1F38D864495,13,880,4,4,8,17,4,4
sensitivity_1,sprt,"alpha=0.01, beta=0.4898",val,BE3CA5A6-A561-4BBD-B7C9-5DF6805400FC,13,681,2,1,3,369,0,0
sensitivity_1,sprt,"alpha=0.01, beta=0.4898",val,BE3CA5A6-A561-4BBD-B7C9-5DF6805400FC,14,79,0,0,0,0,0,0
sensitivity_1,sprt,"alpha=0.01, beta=0.4898",val,BE3CA5A6-A561-4BBD-B7C9-5DF6805400FC,15,430,0,0,0,0,0,0
sensitivity_1,sprt,"alpha=0.01, beta=0.4898",val,BE3CA5A6-A561-4BBD-B7C9-5DF6805400FC,16,442,0,0,0,0,0,0
sensitivity_1,sprt,"alpha=0.01, beta=0.4898",val,C48CE857-A0DD-4DDB-BEA5-3A25449B2153,25,150,0,0,0,0,0,0
sensitivity_1,sprt,"alpha=0.01, beta=0.4898",val,C48CE857-A0DD-4DDB-BEA5-3A25449B2153,26,40,1,1,2,5,1,1
sensitivity_1,sprt,"alpha=0.01, beta=0.4898",val,C48CE857-A0DD-4DDB-BEA5-3A25449B2153,28,151,5,5,10,28,5,3
sensitivity_1,sprt,"alpha=0.01, beta=0.4898",val,C48CE857-A0DD-4DDB-BEA5-3A25449B2153,30,239,0,0,0,0,0,0
sensitivity_1,sprt,"alpha=0.01, beta=0.4898",val,C48CE857-A0DD-4DDB-BEA5-3A25449B2153,31,282,4,4,8,53,0,0
sensitivity_1,sprt,"alpha=0.01, beta=0.4898",val,C48CE857-A0DD-4DDB-BEA5-3A25449B2153,32,115,2,2,4,31,1,0
sensitivity_1,sprt,"alpha=0.01, beta=0.4898",val,CA820D43-E5E2-42EF-9798-BE56F776370B,4,1146,19,19,38,120,12,10
sensitivity_1,sprt,"alpha=0.01, beta=0.4898",val,CA820D43-E5E2-42EF-9798-BE56F776370B,8,394,5,5,10,26,3,3
sensitivity_1,sprt,"alpha=0.01, beta=0.4898",val,CDA3BBF7-6631-45E8-85BA-EEB416B32A3C,2,227,5,4,9,16,4,3
sensitivity_1,sprt,"alpha=0.01, beta=0.4898",val,CDA3BBF7-6631-45E8-85BA-EEB416B32A3C,3,316,2,2,4,5,2,2
sensitivity_1,sprt,"alpha=0.01, beta=0.4898",val,CF722AA9-2533-4E51-9FEB-9EAC84EE9AAC,7,113,1,1,2,22,0,0
sensitivity_1,sprt,"alpha=0.01, beta=0.4898",val,CF722AA9-2533-4E51-9FEB-9EAC84EE9AAC,8,371,4,3,7,96,1,1
sensitivity_1,sprt,"alpha=0.01, beta=0.4898",val,CF722AA9-2533-4E51-9FEB-9EAC84EE9AAC,9,210,0,0,0,0,0,0
sensitivity_1,sprt,"alpha=0.01, beta=0.4898",val,D7D20E2E-FC78-405D-B346-DBD3FD8FC92B,7,175,4,4,8,23,2,2
sensitivity_1,sprt,"alpha=0.01, beta=0.4898",val,D7D20E2E-FC78-405D-B346-DBD3FD8FC92B,8,528,0,0,0,0,0,0
sensitivity_1,sprt,"alpha=0.01, beta=0.4898",val,D7D20E2E-FC78-405D-B346-DBD3FD8FC92B,9,42,1,1,2,2,1,1
sensitivity_1,sprt,"alpha=0.01, beta=0.4898",val,D7D20E2E-FC78-405D-B346-DBD3FD8FC92B,10,153,3,3,6,68,3,2
sensitivity_1,sprt,"alpha=0.01, beta=0.4898",val,D7D20E2E-FC78-405D-B346-DBD3FD8FC92B,11,292,2,2,4,8,2,2
sensitivity_1,sprt,"alpha=0.01, beta=0.4898",val,D7D20E2E-FC78-405D-B346-DBD3FD8FC92B,12,23,0,0,0,0,0,0
sensitivity_1,sprt,"alpha=0.01, beta=0.4898",val,E65577C1-8D5D-4F70-AF23-B3ADB9D3DBA3,3,659,9,8,17,76,5,2
sensitivity_1,sprt,"alpha=0.01, beta=0.4898",val,ECECC2AB-D32F-4F90-B74C-E12A1C69BBE2,12,232,1,1,2,2,1,1
sensitivity_1,sprt,"alpha=0.01, beta=0.4898",val,ECECC2AB-D32F-4F90-B74C-E12A1C69BBE2,13,35,0,0,0,0,0,0
sensitivity_1,sprt,"alpha=0.01, beta=0.4898",val,ECECC2AB-D32F-4F90-B74C-E12A1C69BBE2,14,204,4,3,7,24,2,2
sensitivity_1,sprt,"alpha=0.01, beta=0.4898",val,ECECC2AB-D32F-4F90-B74C-E12A1C69BBE2,15,206,0,0,0,0,0,0
sensitivity_1,sprt,"alpha=0.01, beta=0.4898",val,FDAA70A1-42A3-4E3F-9AE3-3FDA412E03BF,18,966,5,5,10,47,3,3
sensitivity_1,hmm,"rho=0.0001, theta=0.9989",val,00EABED2-271D-49D8-B599-1D4A09240601,23,428,5,5,10,22,4,4
sensitivity_1,hmm,"rho=0.0001, theta=0.9989",val,098A72A5-E3E5-4F54-A152-BBDA0DF7B694,5,174,1,1,2,2,1,1
sensitivity_1,hmm,"rho=0.0001, theta=0.9989",val,098A72A5-E3E5-4F54-A152-BBDA0DF7B694,6,134,2,2,4,5,2,2
sensitivity_1,hmm,"rho=0.0001, theta=0.9989",val,098A72A5-E3E5-4F54-A152-BBDA0DF7B694,7,13,0,0,0,0,0,0
sensitivity_1,hmm,"rho=0.0001, theta=0.9989",val,098A72A5-E3E5-4F54-A152-BBDA0DF7B694,8,275,0,0,0,0,0,0
sensitivity_1,hmm,"rho=0.0001, theta=0.9989",val,098A72A5-E3E5-4F54-A152-BBDA0DF7B694,9,459,0,0,0,0,0,0
sensitivity_1,hmm,"rho=0.0001, theta=0.9989",val,098A72A5-E3E5-4F54-A152-BBDA0DF7B694,10,75,2,2,4,12,1,1
sensitivity_1,hmm,"rho=0.0001, theta=0.9989",val,098A72A5-E3E5-4F54-A152-BBDA0DF7B694,11,44,2,2,4,11,1,1
sensitivity_1,hmm,"rho=0.0001, theta=0.9989",val,098A72A5-E3E5-4F54-A152-BBDA0DF7B694,13,156,0,0,0,0,0,0
sensitivity_1,hmm,"rho=0.0001, theta=0.9989",val,0A986513-7828-4D53-AA1F-E02D6DF9561B,6,763,12,12,24,60,11,9
sensitivity_1,hmm,"rho=0.0001, theta=0.9989",val,11B5EC4D-4133-4289-B475-4E737182A406,3,616,8,8,16,35,8,5
sensitivity_1,hmm,"rho=0.0001, theta=0.9989",val,11B5EC4D-4133-4289-B475-4E737182A406,4,799,10,10,20,82,6,4
sensitivity_1,hmm,"rho=0.0001, theta=0.9989",val,11B5EC4D-4133-4289-B475-4E737182A406,5,324,0,0,0,0,0,0
sensitivity_1,hmm,"rho=0.0001, theta=0.9989",val,136562B6-95B2-483D-88DC-065F28409FD2,17,181,3,3,6,10,4,3
sensitivity_1,hmm,"rho=0.0001, theta=0.9989",val,136562B6-95B2-483D-88DC-065F28409FD2,18,847,6,6,12,115,4,2
sensitivity_1,hmm,"rho=0.0001, theta=0.9989",val,136562B6-95B2-483D-88DC-065F28409FD2,19,80,1,1,2,11,0,0
sensitivity_1,hmm,"rho=0.0001, theta=0.9989",val,136562B6-95B2-483D-88DC-065F28409FD2,20,107,5,4,9,55,2,1
sensitivity_1,hmm,"rho=0.0001, theta=0.9989",val,1538C99F-BA1E-4EFB-A949-6C7C47701B20,25,291,2,2,4,9,1,1
sensitivity_1,hmm,"rho=0.0001, theta=0.9989",val,1538C99F-BA1E-4EFB-A949-6C7C47701B20,26,82,0,0,0,0,0,0
sensitivity_1,hmm,"rho=0.0001, theta=0.9989",val,1538C99F-BA1E-4EFB-A949-6C7C47701B20,27,160,4,4,8,10,4,4
sensitivity_1,hmm,"rho=0.0001, theta=0.9989",val,1538C99F-BA1E-4EFB-A949-6C7C47701B20,28,748,7,7,14,32,7,6
sensitivity_1,hmm,"rho=0.0001, theta=0.9989",val,24E40C4C-A349-4F9F-93AB-01D00FB994AF,12,236,0,0,0,0,0,0
sensitivity_1,hmm,"rho=0.0001, theta=0.9989",val,24E40C4C-A349-4F9F-93AB-01D00FB994AF,13,213,3,3,6,18,3,2
sensitivity_1,hmm,"rho=0.0001, theta=0.9989",val,24E40C4C-A349-4F9F-93AB-01D00FB994AF,14,141,2,2,4,14,1,1
sensitivity_1,hmm,"rho=0.0001, theta=0.9989",val,24E40C4C-A349-4F9F-93AB-01D00FB994AF,15,317,8,8,16,36,8,5
sensitivity_1,hmm,"rho=0.0001, theta=0.9989",val,24E40C4C-A349-4F9F-93AB-01D00FB994AF,16,18,1,1,2,6,0,0
sensitivity_1,hmm,"rho=0.0001, theta=0.9989",val,2C32C23E-E30C-498A-8DD2-0EFB9150A02E,9,1674,6,6,12,80,4,4
sensitivity_1,hmm,"rho=0.0001, theta=0.9989",val,3600D531-0C55-44A7-AE95-A7A38519464E,20,842,10,10,20,69,10,7
sensitivity_1,hmm,"rho=0.0001, theta=0.9989",val,3600D531-0C55-44A7-AE95-A7A38519464E,21,54,1,0,1,48,0,0
sensitivity_1,hmm,"rho=0.0001, theta=0.9989",val,3600D531-0C55-44A7-AE95-A7A38519464E,22,107,1,1,2,1,1,1
sensitivity_1,hmm,"rho=0.0001, theta=0.9989",val,3600D531-0C55-44A7-AE95-A7A38519464E,24,14,0,0,0,0,0,0
sensitivity_1,hmm,"rho=0.0001, theta=0.9989",val,4FC32141-E888-4BFF-8804-12559A491D8C,4,43,0,0,0,0,0,0
sensitivity_1,hmm,"rho=0.0001, theta=0.9989",val,4FC32141-E888-4BFF-8804-12559A491D8C,5,325,6,5,11,237,6,4
sensitivity_1,hmm,"rho=0.0001, theta=0.9989",val,4FC32141-E888-4BFF-8804-12559A491D8C,6,427,11,10,21,104,13,8
sensitivity_1,hmm,"rho=0.0001, theta=0.9989",val,4FC32141-E888-4BFF-8804-12559A491D8C,7,102,1,1,2,28,0,0
sensitivity_1,hmm,"rho=0.0001, theta=0.9989",val,4FC32141-E888-4BFF-8804-12559A491D8C,8,18,0,0,0,0,0,0
sensitivity_1,hmm,"rho=0.0001, theta=0.9989",val,4FC32141-E888-4BFF-8804-12559A491D8C,10,43,0,0,0,0,0,0
sensitivity_1,hmm,"rho=0.0001, theta=0.9989",val,5119D0F8-FCA8-4184-A4EB-19421A40DE0D,9,1294,6,6,12,78,1,1
sensitivity_1,hmm,"rho=0.0001, theta=0.9989",val,5152A2DF-FAF3-4BA8-9CA9-E66B32671A53,6,697,11,10,21,152,11,6
sensitivity_1,hmm,"rho=0.0001, theta=0.9989",val,5152A2DF-FAF3-4BA8-9CA9-E66B32671A53,7,597,0,0,0,0,0,0
sensitivity_1,hmm,"rho=0.0001, theta=0.9989",val,5EF64122-B513-46AE-BCF1-E62AAC285D2C,9,116,0,0,0,0,0,0
sensitivity_1,hmm,"rho=0.0001, theta=0.9989",val,5EF64122-B513-46AE-BCF1-E62AAC285D2C,10,637,4,4,8,32,1,1
sensitivity_1,hmm,"rho=0.0001, theta=0.9989",val,61976C24-1C50-4355-9C49-AAE44A7D09F6,46,1717,11,11,22,87,13,9
sensitivity_1,hmm,"rho=0.0001, theta=0.9989",val,78A91A4E-4A51-4065-BDA7-94755F0BB3BB,5,597,10,10,20,148,8,4
sensitivity_1,hmm,"rho=0.0001, theta=0.9989",val,78A91A4E-4A51-4065-BDA7-94755F0BB3BB,6,1773,5,5,10,13,4,4
sensitivity_1,hmm,"rho=0.0001, theta=0.9989",val,7CE37510-56D0-4120-A1CF-0E23351428D2,6,1923,22,22,44,123,23,17
sensitivity_1,hmm,"rho=0.0001, theta=0.9989",val,8023FE1A-D3B0-4E2C-A57A-9321B7FC755F,23,972,4,4,8,45,1,1
sensitivity_1,hmm,"rho=0.0001, theta=0.9989",val,8023FE1A-D3B0-4E2C-A57A-9321B7FC755F,24,836,6,6,12,41,5,4
sensitivity_1,hmm,"rho=0.0001, theta=0.9989",val,83CF687B-7CEC-434B-9FE8-00C3D5799BE6,7,1879,6,6,12,97,3,2
sensitivity_1,hmm,"rho=0.0001, theta=0.9989",val,9759096F-1119-4E19-A0AD-6F16989C7E1C,3,474,10,10,20,131,11,7
sensitivity_1,hmm,"rho=0.0001, theta=0.9989",val,9759096F-1119-4E19-A0AD-6F16989C7E1C,4,1489,14,14,28,76,12,9
sensitivity_1,hmm,"rho=0.0001, theta=0.9989",val,9DC38D04-E82E-4F29-AB52-B476535226F2,12,1543,21,21,42,147,22,16
sensitivity_1,hmm,"rho=0.0001, theta=0.9989",val,9DC38D04-E82E-4F29-AB52-B476535226F2,18,359,0,0,0,0,0,0
sensitivity_1,hmm,"rho=0.0001, theta=0.9989",val,A5CDF89D-02A2-4EC1-89F8-F534FDABDD96,12,62,0,0,0,0,0,0
sensitivity_1,hmm,"rho=0.0001, theta=0.9989",val,A5CDF89D-02A2-4EC1-89F8-F534FDABDD96,13,841,7,7,14,52,4,4
sensitivity_1,hmm,"rho=0.0001, theta=0.9989",val,A5CDF89D-02A2-4EC1-89F8-F534FDABDD96,14,276,2,2,4,42,1,1
sensitivity_1,hmm,"rho=0.0001, theta=0.9989",val,A76A5AF5-5A93-4CF2-A16E-62353BB70E8A,2,1475,17,17,34,66,25,15
sensitivity_1,hmm,"rho=0.0001, theta=0.9989",val,B09E373F-8A54-44C8-895B-0039390B859F,9,1598,21,21,42,219,17,12
sensitivity_1,hmm,"rho=0.0001, theta=0.9989",val,B9724848-C7E2-45F4-9B3F-A1F38D864495,10,85,4,4,8,4,4,4
sensitivity_1,hmm,"rho=0.0001, theta=0.9989",val,B9724848-C7E2-45F4-9B3F-A1F38D864495,11,522,14,14,28,93,14,9
sensitivity_1,hmm,"rho=0.0001, theta=0.9989",val,B9724848-C7E2-45F4-9B3F-A1F38D864495,13,880,3,3,6,15,2,2
sensitivity_1,hmm,"rho=0.0001, theta=0.9989",val,BE3CA5A6-A561-4BBD-B7C9-5DF6805400FC,13,681,3,2,5,501,1,0
sensitivity_1,hmm,"rho=0.0001, theta=0.9989",val,BE3CA5A6-A561-4BBD-B7C9-5DF6805400FC,14,79,0,0,0,0,0,0
sensitivity_1,hmm,"rho=0.0001, theta=0.9989",val,BE3CA5A6-A561-4BBD-B7C9-5DF6805400FC,15,430,0,0,0,0,0,0
sensitivity_1,hmm,"rho=0.0001, theta=0.9989",val,BE3CA5A6-A561-4BBD-B7C9-5DF6805400FC,16,442,0,0,0,0,0,0
sensitivity_1,hmm,"rho=0.0001, theta=0.9989",val,C48CE857-A0DD-4DDB-BEA5-3A25449B2153,25,150,0,0,0,0,0,0
sensitivity_1,hmm,"rho=0.0001, theta=0.9989",val,C48CE857-A0DD-4DDB-BEA5-3A25449B2153,26,40,0,0,0,0,0,0
sensitivity_1,hmm,"rho=0.0001, theta=0.9989",val,C48CE857-A0DD-4DDB-BEA5-3A25449B2153,28,151,3,3,6,14,3,2
sensitivity_1,hmm,"rho=0.0001, theta=0.9989",val,C48CE857-A0DD-4DDB-BEA5-3A25449B2153,30,239,0,0,0,0,0,0
sensitivity_1,hmm,"rho=0.0001, theta=0.9989",val,C48CE857-A0DD-4DDB-BEA5-3A25449B2153,31,282,5,5,10,44,5,4
sensitivity_1,hmm,"rho=0.0001, theta=0.9989",val,C48CE857-A0DD-4DDB-BEA5-3A25449B2153,32,115,1,1,2,24,0,0
sensitivity_1,hmm,"rho=0.0001, theta=0.9989",val,CA820D43-E5E2-42EF-9798-BE56F776370B,4,1146,19,19,38,105,15,12
sensitivity_1,hmm,"rho=0.0001, theta=0.9989",val,CA820D43-E5E2-42EF-9798-BE56F776370B,8,394,7,7,14,35,7,5
sensitivity_1,hmm,"rho=0.0001, theta=0.9989",val,CDA3BBF7-6631-45E8-85BA-EEB416B32A3C,2,227,3,2,5,10,1,1
sensitivity_1,hmm,"rho=0.0001, theta=0.9989",val,CDA3BBF7-6631-45E8-85BA-EEB416B32A3C,3,316,1,1,2,2,1,1
sensitivity_1,hmm,"rho=0.0001, theta=0.9989",val,CF722AA9-2533-4E51-9FEB-9EAC84EE9AAC,7,113,1,1,2,22,0,0
sensitivity_1,hmm,"rho=0.0001, theta=0.9989",val,CF722AA9-2533-4E51-9FEB-9EAC84EE9AAC,8,371,4,3,7,110,3,1
sensitivity_1,hmm,"rho=0.0001, theta=0.9989",val,CF722AA9-2533-4E51-9FEB-9EAC84EE9AAC,9,210,1,1,2,3,1,1
sensitivity_1,hmm,"rho=0.0001, theta=0.9989",val,D7D20E2E-FC78-405D-B346-DBD3FD8FC92B,7,175,4,4,8,16,4,3
sensitivity_1,hmm,"rho=0.0001, theta=0.9989",val,D7D20E2E-FC78-405D-B346-DBD3FD8FC92B,8,528,0,0,0,0,0,0
sensitivity_1,hmm,"rho=0.0001, theta=0.9989",val,D7D20E2E-FC78-405D-B346-DBD3FD8FC92B,9,42,3,2,5,8,3,2
sensitivity_1,hmm,"rho=0.0001, theta=0.9989",val,D7D20E2E-FC78-405D-B346-DBD3FD8FC92B,10,153,2,2,4,69,2,1
sensitivity_1,hmm,"rho=0.0001, theta=0.9989",val,D7D20E2E-FC78-405D-B346-DBD3FD8FC92B,11,292,2,2,4,7,2,1
sensitivity_1,hmm,"rho=0.0001, theta=0.9989",val,D7D20E2E-FC78-405D-B346-DBD3FD8FC92B,12,23,0,0,0,0,0,0
sensitivity_1,hmm,"rho=0.0001, theta=0.9989",val,E65577C1-8D5D-4F70-AF23-B3ADB9D3DBA3,3,659,9,9,18,81,10,5
sensitivity_1,hmm,"rho=0.0001, theta=0.9989",val,ECECC2AB-D32F-4F90-B74C-E12A1C69BBE2,12,232,1,1,2,1,1,1
sensitivity_1,hmm,"rho=0.0001, theta=0.9989",val,ECECC2AB-D32F-4F90-B74C-E12A1C69BBE2,13,35,0,0,0,0,0,0
sensitivity_1,hmm,"rho=0.0001, theta=0.9989",val,ECECC2AB-D32F-4F90-B74C-E12A1C69BBE2,14,204,3,2,5,26,1,1
sensitivity_1,hmm,"rho=0.0001, theta=0.9989",val,ECECC2AB-D32F-4F90-B74C-E12A1C69BBE2,15,206,0,0,0,0,0,0
sensitivity_1,hmm,"rho=0.0001, theta=0.9989",val,FDAA70A1-42A3-4E3F-9AE3-3FDA412E03BF,18,966,6,6,12,54,4,4
sensitivity_2,threshold,theta=0.01984,val,00EABED2-271D-49D8-B599-1D4A09240601,23,428,4,4,8,5,7,4
sensitivity_2,threshold,theta=0.01984,val,098A72A5-E3E5-4F54-A152-BBDA0DF7B694,5,174,0,0,0,0,0,0
sensitivity_2,threshold,theta=0.01984,val,098A72A5-E3E5-4F54-A152-BBDA0DF7B694,6,134,0,0,0,0,0,0
sensitivity_2,threshold,theta=0.01984,val,098A72A5-E3E5-4F54-A152-BBDA0DF7B694,7,13,0,0,0,0,0,0
sensitivity_2,threshold,theta=0.01984,val,098A72A5-E3E5-4F54-A152-BBDA0DF7B694,8,275,0,0,0,0,0,0
sensitivity_2,threshold,theta=0.01984,val,098A72A5-E3E5-4F54-A152-BBDA0DF7B694,9,459,0,0,0,0,0,0
sensitivity_2,threshold,theta=0.01984,val,098A72A5-E3E5-4F54-A152-BBDA0DF7B694,10,75,0,0,0,0,0,0
sensitivity_2,threshold,theta=0.01984,val,098A72A5-E3E5-4F54-A152-BBDA0DF7B694,11,44,0,0,0,0,0,0
sensitivity_2,threshold,theta=0.01984,val,098A72A5-E3E5-4F54-A152-BBDA0DF7B694,13,156,0,0,0,0,0,0
sensitivity_2,threshold,theta=0.01984,val,0A986513-7828-4D53-AA1F-E02D6DF9561B,6,763,1,1,2,1,1,1
sensitivity_2,threshold,theta=0.01984,val,11B5EC4D-4133-4289-B475-4E737182A406,3,616,0,0,0,0,0,0
sensitivity_2,threshold,theta=0.01984,val,11B5EC4D-4133-4289-B475-4E737182A406,4,799,0,0,0,0,0,0
sensitivity_2,threshold,theta=0.01984,val,11B5EC4D-4133-4289-B475-4E737182A406,5,324,0,0,0,0,0,0
sensitivity_2,threshold,theta=0.01984,val,136562B6-95B2-483D-88DC-065F28409FD2,17,181,0,0,0,0,0,0
sensitivity_2,threshold,theta=0.01984,val,136562B6-95B2-483D-88DC-065F28409FD2,18,847,0,0,0,0,0,0
sensitivity_2,threshold,theta=0.01984,val,136562B6-95B2-483D-88DC-065F28409FD2,19,80,0,0,0,0,0,0
sensitivity_2,threshold,theta=0.01984,val,136562B6-95B2-483D-88DC-065F28409FD2,20,107,0,0,0,0,0,0
sensitivity_2,threshold,theta=0.01984,val,1538C99F-BA1E-4EFB-A949-6C7C47701B20,25,291,0,0,0,0,0,0
sensitivity_2,threshold,theta=0.01984,val,1538C99F-BA1E-4EFB-A949-6C7C47701B20,26,82,0,0,0,0,0,0
sensitivity_2,threshold,theta=0.01984,val,1538C99F-BA1E-4EFB-A949-6C7C47701B20,27,160,0,0,0,0,0,0
sensitivity_2,threshold,theta=0.01984,val,1538C99F-BA1E-4EFB-A949-6C7C47701B20,28,748,1,1,2,1,1,1
sensitivity_2,threshold,theta=0.01984,val,24E40C4C-A349-4F9F-93AB-01D00FB994AF,12,236,0,0,0,0,0,0
sensitivity_2,threshold,theta=0.01984,val,24E40C4C-A349-4F9F-93AB-01D00FB994AF,13,213,0,0,0,0,0,0
sensitivity_2,threshold,theta=0.01984,val,24E40C4C-A349-4F9F-93AB-01D00FB994AF,14,141,0,0,0,0,0,0
sensitivity_2,threshold,theta=0.01984,val,24E40C4C-A349-4F9F-93AB-01D00FB994AF,15,317,0,0,0,0,0,0
sensitivity_2,threshold,theta=0.01984,val,24E40C4C-A349-4F9F-93AB-01D00FB994AF,16,18,0,0,0,0,0,0
sensitivity_2,threshold,theta=0.01984,val,2C32C23E-E30C-498A-8DD2-0EFB9150A02E,9,1674,3,3,6,6,4,3
sensitivity_2,threshold,theta=0.01984,val,3600D531-0C55-44A7-AE95-A7A38519464E,20,842,0,0,0,0,0,0
sensitivity_2,threshold,theta=0.01984,val,3600D531-0C55-44A7-AE95-A7A38519464E,21,54,0,0,0,0,0,0
sensitivity_2,threshold,theta=0.01984,val,3600D531-0C55-44A7-AE95-A7A38519464E,22,107,0,0,0,0,0,0
sensitivity_2,threshold,theta=0.01984,val,3600D531-0C55-44A7-AE95-A7A38519464E,24,14,0,0,0,0,0,0
sensitivity_2,threshold,theta=0.01984,val,4FC32141-E888-4BFF-8804-12559A491D8C,4,43,0,0,0,0,0,0
sensitivity_2,threshold,theta=0.01984,val,4FC32141-E888-4BFF-8804-12559A491D8C,5,325,0,0,0,0,0,0
sensitivity_2,threshold,theta=0.01984,val,4FC32141-E888-4BFF-8804-12559A491D8C,6,427,0,0,0,0,0,0
sensitivity_2,threshold,theta=0.01984,val,4FC32141-E888-4BFF-8804-12559A491D8C,7,102,0,0,0,0,0,0
sensitivity_2,threshold,theta=0.01984,val,4FC32141-E888-4BFF-8804-12559A491D8C,8,18,0,0,0,0,0,0
sensitivity_2,threshold,theta=0.01984,val,4FC32141-E888-4BFF-8804-12559A491D8C,10,43,0,0,0,0,0,0
sensitivity_2,threshold,theta=0.01984,val,5119D0F8-FCA8-4184-A4EB-19421A40DE0D,9,1294,0,0,0,0,0,0
sensitivity_2,threshold,theta=0.01984,val,5152A2DF-FAF3-4BA8-9CA9-E66B32671A53,6,697,1,1,2,1,1,1
sensitivity_2,threshold,theta=0.01984,val,5152A2DF-FAF3-4BA8-9CA9-E66B32671A53,7,597,0,0,0,0,0,0
sensitivity_2,threshold,theta=0.01984,val,5EF64122-B513-46AE-BCF1-E62AAC285D2C,9,116,0,0,0,0,0,0
sensitivity_2,threshold,theta=0.01984,val,5EF64122-B513-46AE-BCF1-E62AAC285D2C,10,637,0,0,0,0,0,0
sensitivity_2,threshold,theta=0.01984,val,61976C24-1C50-4355-9C49-AAE44A7D09F6,46,1717,0,0,0,0,0,0
sensitivity_2,threshold,theta=0.01984,val,78A91A4E-4A51-4065-BDA7-94755F0BB3BB,5,597,6,6,12,6,6,6
sensitivity_2,threshold,theta=0.01984,val,78A91A4E-4A51-4065-BDA7-94755F0BB3BB,6,1773,0,0,0,0,0,0
sensitivity_2,threshold,theta=0.01984,val,7CE37510-56D0-4120-A1CF-0E23351428D2,6,1923,1,1,2,1,1,1
sensitivity_2,threshold,theta=0.01984,val,8023FE1A-D3B0-4E2C-A57A-9321B7FC755F,23,972,3,3,6,3,5,3
sensitivity_2,threshold,theta=0.01984,val,8023FE1A-D3B0-4E2C-A57A-9321B7FC755F,24,836,0,0,0,0,0,0
sensitivity_2,threshold,theta=0.01984,val,83CF687B-7CEC-434B-9FE8-00C3D5799BE6,7,1879,1,1,2,1,1,1
sensitivity_2,threshold,theta=0.01984,val,9759096F-1119-4E19-A0AD-6F16989C7E1C,3,474,0,0,0,0,0,0
sensitivity_2,threshold,theta=0.01984,val,9759096F-1119-4E19-A0AD-6F16989C7E1C,4,1489,1,1,2,1,1,1
sensitivity_2,threshold,theta=0.01984,val,9DC38D04-E82E-4F29-AB52-B476535226F2,12,1543,0,0,0,0,0,0
sensitivity_2,threshold,theta=0.01984,val,9DC38D04-E82E-4F29-AB52-B476535226F2,18,359,0,0,0,0,0,0
sensitivity_2,threshold,theta=0.01984,val,A5CDF89D-02A2-4EC1-89F8-F534FDABDD96,12,62,0,0,0,0,0,0
sensitivity_2,threshold,theta=0.01984,val,A5CDF89D-02A2-4EC1-89F8-F534FDABDD96,13,841,0,0,0,0,0,0
sensitivity_2,threshold,theta=0.01984,val,A5CDF89D-02A2-4EC1-89F8-F534FDABDD96,14,276,0,0,0,0,0,0
sensitivity_2,threshold,theta=0.01984,val,A76A5AF5-5A93-4CF2-A16E-62353BB70E8A,2,1475,0,0,0,0,0,0
sensitivity_2,threshold,theta=0.01984,val,B09E373F-8A54-44C8-895B-0039390B859F,9,1598,1,1,2,1,1,1
sensitivity_2,threshold,theta=0.01984,val,B9724848-C7E2-45F4-9B3F-A1F38D864495,10,85,0,0,0,0,0,0
sensitivity_2,threshold,theta=0.01984,val,B9724848-C7E2-45F4-9B3F-A1F38D864495,11,522,3,3,6,3,4,3
sensitivity_2,threshold,theta=0.01984,val,B9724848-C7E2-45F4-9B3F-A1F38D864495,13,880,0,0,0,0,0,0
sensitivity_2,threshold,theta=0.01984,val,BE3CA5A6-A561-4BBD-B7C9-5DF6805400FC,13,681,0,0,0,0,0,0
sensitivity_2,threshold,theta=0.01984,val,BE3CA5A6-A561-4BBD-B7C9-5DF6805400FC,14,79,0,0,0,0,0,0
sensitivity_2,threshold,theta=0.01984,val,BE3CA5A6-A561-4BBD-B7C9-5DF6805400FC,15,430,0,0,0,0,0,0
sensitivity_2,threshold,theta=0.01984,val,BE3CA5A6-A561-4BBD-B7C9-5DF6805400FC,16,442,0,0,0,0,0,0
sensitivity_2,threshold,theta=0.01984,val,C48CE857-A0DD-4DDB-BEA5-3A25449B2153,25,150,0,0,0,0,0,0
sensitivity_2,threshold,theta=0.01984,val,C48CE857-A0DD-4DDB-BEA5-3A25449B2153,26,40,0,0,0,0,0,0
sensitivity_2,threshold,theta=0.01984,val,C48CE857-A0DD-4DDB-BEA5-3A25449B2153,28,151,0,0,0,0,0,0
sensitivity_2,threshold,theta=0.01984,val,C48CE857-A0DD-4DDB-BEA5-3A25449B2153,30,239,0,0,0,0,0,0
sensitivity_2,threshold,theta=0.01984,val,C48CE857-A0DD-4DDB-BEA5-3A25449B2153,31,282,0,0,0,0,0,0
sensitivity_2,threshold,theta=0.01984,val,C48CE857-A0DD-4DDB-BEA5-3A25449B2153,32,115,0,0,0,0,0,0
sensitivity_2,threshold,theta=0.01984,val,CA820D43-E5E2-42EF-9798-BE56F776370B,4,1146,1,1,2,1,1,1
sensitivity_2,threshold,theta=0.01984,val,CA820D43-E5E2-42EF-9798-BE56F776370B,8,394,1,1,2,1,1,1
sensitivity_2,threshold,theta=0.01984,val,CDA3BBF7-6631-45E8-85BA-EEB416B32A3C,2,227,0,0,0,0,0,0
sensitivity_2,threshold,theta=0.01984,val,CDA3BBF7-6631-45E8-85BA-EEB416B32A3C,3,316,0,0,0,0,0,0
sensitivity_2,threshold,theta=0.01984,val,CF722AA9-2533-4E51-9FEB-9EAC84EE9AAC,7,113,0,0,0,0,0,0
sensitivity_2,threshold,theta=0.01984,val,CF722AA9-2533-4E51-9FEB-9EAC84EE9AAC,8,371,0,0,0,0,0,0
sensitivity_2,threshold,theta=0.01984,val,CF722AA9-2533-4E51-9FEB-9EAC84EE9AAC,9,210,0,0,0,0,0,0
sensitivity_2,threshold,theta=0.01984,val,D7D20E2E-FC78-405D-B346-DBD3FD8FC92B,7,175,0,0,0,0,0,0
sensitivity_2,threshold,theta=0.01984,val,D7D20E2E-FC78-405D-B346-DBD3FD8FC92B,8,528,0,0,0,0,0,0
sensitivity_2,threshold,theta=0.01984,val,D7D20E2E-FC78-405D-B346-DBD3FD8FC92B,9,42,0,0,0,0,0,0
sensitivity_2,threshold,theta=0.01984,val,D7D20E2E-FC78-405D-B346-DBD3FD8FC92B,10,153,0,0,0,0,0,0
sensitivity_2,threshold,theta=0.01984,val,D7D20E2E-FC78-405D-B346-DBD3FD8FC92B,11,292,0,0,0,0,0,0
sensitivity_2,threshold,theta=0.01984,val,D7D20E2E-FC78-405D-B346-DBD3FD8FC92B,12,23,0,0,0,0,0,0
sensitivity_2,threshold,theta=0.01984,val,E65577C1-8D5D-4F70-AF23-B3ADB9D3DBA3,3,659,0,0,0,0,0,0
sensitivity_2,threshold,theta=0.01984,val,ECECC2AB-D32F-4F90-B74C-E12A1C69BBE2,12,232,0,0,0,0,0,0
sensitivity_2,threshold,theta=0.01984,val,ECECC2AB-D32F-4F90-B74C-E12A1C69BBE2,13,35,0,0,0,0,0,0
sensitivity_2,threshold,theta=0.01984,val,ECECC2AB-D32F-4F90-B74C-E12A1C69BBE2,14,204,2,2,4,3,3,2
sensitivity_2,threshold,theta=0.01984,val,ECECC2AB-D32F-4F90-B74C-E12A1C69BBE2,15,206,0,0,0,0,0,0
sensitivity_2,threshold,theta=0.01984,val,FDAA70A1-42A3-4E3F-9AE3-3FDA412E03BF,18,966,0,0,0,0,0,0
sensitivity_2,moving_average,"k=2, theta=0.04743",val,00EABED2-271D-49D8-B599-1D4A09240601,23,428,3,3,6,10,4,2
sensitivity_2,moving_average,"k=2, theta=0.04743",val,098A72A5-E3E5-4F54-A152-BBDA0DF7B694,5,174,0,0,0,0,0,0
sensitivity_2,moving_average,"k=2, theta=0.04743",val,098A72A5-E3E5-4F54-A152-BBDA0DF7B694,6,134,0,0,0,0,0,0
sensitivity_2,moving_average,"k=2, theta=0.04743",val,098A72A5-E3E5-4F54-A152-BBDA0DF7B694,7,13,0,0,0,0,0,0
sensitivity_2,moving_average,"k=2, theta=0.04743",val,098A72A5-E3E5-4F54-A152-BBDA0DF7B694,8,275,0,0,0,0,0,0
sensitivity_2,moving_average,"k=2, theta=0.04743",val,098A72A5-E3E5-4F54-A152-BBDA0DF7B694,9,459,0,0,0,0,0,0
sensitivity_2,moving_average,"k=2, theta=0.04743",val,098A72A5-E3E5-4F54-A152-BBDA0DF7B694,10,75,0,0,0,0,0,0
sensitivity_2,moving_average,"k=2, theta=0.04743",val,098A72A5-E3E5-4F54-A152-BBDA0DF7B694,11,44,0,0,0,0,0,0
sensitivity_2,moving_average,"k=2, theta=0.04743",val,098A72A5-E3E5-4F54-A152-BBDA0DF7B694,13,156,0,0,0,0,0,0
sensitivity_2,moving_average,"k=2, theta=0.04743",val,0A986513-7828-4D53-AA1F-E02D6DF9561B,6,763,2,2,4,10,2,1
sensitivity_2,moving_average,"k=2, theta=0.04743",val,11B5EC4D-4133-4289-B475-4E737182A406,3,616,1,1,2,1,1,1
sensitivity_2,moving_average,"k=2, theta=0.04743",val,11B5EC4D-4133-4289-B475-4E737182A406,4,799,0,0,0,0,0,0
sensitivity_2,moving_average,"k=2, theta=0.04743",val,11B5EC4D-4133-4289-B475-4E737182A406,5,324,0,0,0,0,0,0
sensitivity_2,moving_average,"k=2, theta=0.04743",val,136562B6-95B2-483D-88DC-065F28409FD2,17,181,0,0,0,0,0,0
sensitivity_2,moving_average,"k=2, theta=0.04743",val,136562B6-95B2-483D-88DC-065F28409FD2,18,847,0,0,0,0,0,0
sensitivity_2,moving_average,"k=2, theta=0.04743",val,136562B6-95B2-483D-88DC-065F28409FD2,19,80,0,0,0,0,0,0
sensitivity_2,moving_average,"k=2, theta=0.04743",val,136562B6-95B2-483D-88DC-065F28409FD2,20,107,0,0,0,0,0,0
sensitivity_2,moving_average,"k=2, theta=0.04743",val,1538C99F-BA1E-4EFB-A949-6C7C47701B20,25,291,0,0,0,0,0,0
sensitivity_2,moving_average,"k=2, theta=0.04743",val,1538C99F-BA1E-4EFB-A949-6C7C47701B20,26,82,0,0,0,0,0,0
sensitivity_2,moving_average,"k=2, theta=0.04743",val,1538C99F-BA1E-4EFB-A949-6C7C47701B20,27,160,0,0,0,0,0,0
sensitivity_2,moving_average,"k=2, theta=0.04743",val,1538C99F-BA1E-4EFB-A949-6C7C47701B20,28,748,0,0,0,0,0,0
sensitivity_2,moving_average,"k=2, theta=0.04743",val,24E40C4C-A349-4F9F-93AB-01D00FB994AF,12,236,0,0,0,0,0,0
sensitivity_2,moving_average,"k=2, theta=0.04743",val,24E40C4C-A349-4F9F-93AB-01D00FB994AF,13,213,0,0,0,0,0,0
sensitivity_2,moving_average,"k=2, theta=0.04743",val,24E40C4C-A349-4F9F-93AB-01D00FB994AF,14,141,0,0,0,0,0,0
sensitivity_2,moving_average,"k=2, theta=0.04743",val,24E40C4C-A349-4F9F-93AB-01D00FB994AF,15,317,0,0,0,0,0,0
sensitivity_2,moving_average,"k=2, theta=0.04743",val,24E40C4C-A349-4F9F-93AB-01D00FB994AF,16,18,0,0,0,0,0,0
sensitivity_2,moving_average,"k=2, theta=0.04743",val,2C32C23E-E30C-498A-8DD2-0EFB9150A02E,9,1674,3,3,6,6,3,3
sensitivity_2,moving_average,"k=2, theta=0.04743",val,3600D531-0C55-44A7-AE95-A7A38519464E,20,842,0,0,0,0,0,0
sensitivity_2,moving_average,"k=2, theta=0.04743",val,3600D531-0C55-44A7-AE95-A7A38519464E,21,54,0,0,0,0,0,0
sensitivity_2,moving_average,"k=2, theta=0.04743",val,3600D531-0C55-44A7-AE95-A7A38519464E,22,107,0,0,0,0,0,0
sensitivity_2,moving_average,"k=2, theta=0.04743",val,3600D531-0C55-44A7-AE95-A7A38519464E,24,14,0,0,0,0,0,0
sensitivity_2,moving_average,"k=2, theta=0.04743",val,4FC32141-E888-4BFF-8804-12559A491D8C,4,43,0,0,0,0,0,0
sensitivity_2,moving_average,"k=2, theta=0.04743",val,4FC32141-E888-4BFF-8804-12559A491D8C,5,325,0,0,0,0,0,0
sensitivity_2,moving_average,"k=2, theta=0.04743",val,4FC32141-E888-4BFF-8804-12559A491D8C,6,427,0,0,0,0,0,0
sensitivity_2,moving_average,"k=2, theta=0.04743",val,4FC32141-E888-4BFF-8804-12559A491D8C,7,102,0,0,0,0,0,0
sensitivity_2,moving_average,"k=2, theta=0.04743",val,4FC32141-E888-4BFF-8804-12559A491D8C,8,18,0,0,0,0,0,0
sensitivity_2,moving_average,"k=2, theta=0.04743",val,4FC32141-E888-4BFF-8804-12559A491D8C,10,43,0,0,0,0,0,0
sensitivity_2,moving_average,"k=2, theta=0.04743",val,5119D0F8-FCA8-4184-A4EB-19421A40DE0D,9,1294,2,2,4,6,3,2
sensitivity_2,moving_average,"k=2, theta=0.04743",val,5152A2DF-FAF3-4BA8-9CA9-E66B32671A53,6,697,1,1,2,1,1,1
sensitivity_2,moving_average,"k=2, theta=0.04743",val,5152A2DF-FAF3-4BA8-9CA9-E66B32671A53,7,597,0,0,0,0,0,0
sensitivity_2,moving_average,"k=2, theta=0.04743",val,5EF64122-B513-46AE-BCF1-E62AAC285D2C,9,116,0,0,0,0,0,0
sensitivity_2,moving_average,"k=2, theta=0.04743",val,5EF64122-B513-46AE-BCF1-E62AAC285D2C,10,637,1,1,2,1,1,1
sensitivity_2,moving_average,"k=2, theta=0.04743",val,61976C24-1C50-4355-9C49-AAE44A7D09F6,46,1717,0,0,0,0,0,0
sensitivity_2,moving_average,"k=2, theta=0.04743",val,78A91A4E-4A51-4065-BDA7-94755F0BB3BB,5,597,4,4,8,9,5,4
sensitivity_2,moving_average,"k=2, theta=0.04743",val,78A91A4E-4A51-4065-BDA7-94755F0BB3BB,6,1773,0,0,0,0,0,0
sensitivity_2,moving_average,"k=2, theta=0.04743",val,7CE37510-56D0-4120-A1CF-0E23351428D2,6,1923,0,0,0,0,0,0
sensitivity_2,moving_average,"k=2, theta=0.04743",val,8023FE1A-D3B0-4E2C-A57A-9321B7FC755F,23,972,1,1,2,6,0,0
sensitivity_2,moving_average,"k=2, theta=0.04743",val,8023FE1A-D3B0-4E2C-A57A-9321B7FC755F,24,836,0,0,0,0,0,0
sensitivity_2,moving_average,"k=2, theta=0.04743",val,83CF687B-7CEC-434B-9FE8-00C3D5799BE6,7,1879,0,0,0,0,0,0
sensitivity_2,moving_average,"k=2, theta=0.04743",val,9759096F-1119-4E19-A0AD-6F16989C7E1C,3,474,0,0,0,0,0,0
sensitivity_2,moving_average,"k=2, theta=0.04743",val,9759096F-1119-4E19-A0AD-6F16989C7E1C,4,1489,0,0,0,0,0,0
sensitivity_2,moving_average,"k=2, theta=0.04743",val,9DC38D04-E82E-4F29-AB52-B476535226F2,12,1543,0,0,0,0,0,0
sensitivity_2,moving_average,"k=2, theta=0.04743",val,9DC38D04-E82E-4F29-AB52-B476535226F2,18,359,0,0,0,0,0,0
sensitivity_2,moving_average,"k=2, theta=0.04743",val,A5CDF89D-02A2-4EC1-89F8-F534FDABDD96,12,62,0,0,0,0,0,0
sensitivity_2,moving_average,"k=2, theta=0.04743",val,A5CDF89D-02A2-4EC1-89F8-F534FDABDD96,13,841,2,2,4,9,3,2
sensitivity_2,moving_average,"k=2, theta=0.04743",val,A5CDF89D-02A2-4EC1-89F8-F534FDABDD96,14,276,0,0,0,0,0,0
sensitivity_2,moving_average,"k=2, theta=0.04743",val,A76A5AF5-5A93-4CF2-A16E-62353BB70E8A,2,1475,0,0,0,0,0,0
sensitivity_2,moving_average,"k=2, theta=0.04743",val,B09E373F-8A54-44C8-895B-0039390B859F,9,1598,1,1,2,1,1,1
sensitivity_2,moving_average,"k=2, theta=0.04743",val,B9724848-C7E2-45F4-9B3F-A1F38D864495,10,85,0,0,0,0,0,0
sensitivity_2,moving_average,"k=2, theta=0.04743",val,B9724848-C7E2-45F4-9B3F-A1F38D864495,11,522,2,2,4,2,3,2
sensitivity_2,moving_average,"k=2, theta=0.04743",val,B9724848-C7E2-45F4-9B3F-A1F38D864495,13,880,0,0,0,0,0,0
sensitivity_2,moving_average,"k=2, theta=0.04743",val,BE3CA5A6-A561-4BBD-B7C9-5DF6805400FC,13,681,0,0,0,0,0,0
sensitivity_2,moving_average,"k=2, theta=0.04743",val,BE3CA5A6-A561-4BBD-B7C9-5DF6805400FC,14,79,0,0,0,0,0,0
sensitivity_2,moving_average,"k=2, theta=0.04743",val,BE3CA5A6-A561-4BBD-B7C9-5DF6805400FC,15,430,0,0,0,0,0,0
sensitivity_2,moving_average,"k=2, theta=0.04743",val,BE3CA5A6-A561-4BBD-B7C9-5DF6805400FC,16,442,0,0,0,0,0,0
sensitivity_2,moving_average,"k=2, theta=0.04743",val,C48CE857-A0DD-4DDB-BEA5-3A25449B2153,25,150,0,0,0,0,0,0
sensitivity_2,moving_average,"k=2, theta=0.04743",val,C48CE857-A0DD-4DDB-BEA5-3A25449B2153,26,40,0,0,0,0,0,0
sensitivity_2,moving_average,"k=2, theta=0.04743",val,C48CE857-A0DD-4DDB-BEA5-3A25449B2153,28,151,0,0,0,0,0,0
sensitivity_2,moving_average,"k=2, theta=0.04743",val,C48CE857-A0DD-4DDB-BEA5-3A25449B2153,30,239,0,0,0,0,0,0
sensitivity_2,moving_average,"k=2, theta=0.04743",val,C48CE857-A0DD-4DDB-BEA5-3A25449B2153,31,282,0,0,0,0,0,0
sensitivity_2,moving_average,"k=2, theta=0.04743",val,C48CE857-A0DD-4DDB-BEA5-3A25449B2153,32,115,0,0,0,0,0,0
sensitivity_2,moving_average,"k=2, theta=0.04743",val,CA820D43-E5E2-42EF-9798-BE56F776370B,4,1146,1,1,2,1,1,1
sensitivity_2,moving_average,"k=2, theta=0.04743",val,CA820D43-E5E2-42EF-9798-BE56F776370B,8,394,1,1,2,1,1,1
sensitivity_2,moving_average,"k=2, theta=0.04743",val,CDA3BBF7-6631-45E8-85BA-EEB416B32A3C,2,227,0,0,0,0,0,0
sensitivity_2,moving_average,"k=2, theta=0.04743",val,CDA3BBF7-6631-45E8-85BA-EEB416B32A3C,3,316,0,0,0,0,0,0
sensitivity_2,moving_average,"k=2, theta=0.04743",val,CF722AA9-2533-4E51-9FEB-9EAC84EE9AAC,7,113,0,0,0,0,0,0
sensitivity_2,moving_average,"k=2, theta=0.04743",val,CF722AA9-2533-4E51-9FEB-9EAC84EE9AAC,8,371,0,0,0,0,0,0
sensitivity_2,moving_average,"k=2, theta=0.04743",val,CF722AA9-2533-4E51-9FEB-9EAC84EE9AAC,9,210,0,0,0,0,0,0
sensitivity_2,moving_average,"k=2, theta=0.04743",val,D7D20E2E-FC78-405D-B346-DBD3FD8FC92B,7,175,0,0,0,0,0,0
sensitivity_2,moving_average,"k=2, theta=0.04743",val,D7D20E2E-FC78-405D-B346-DBD3FD8FC92B,8,528,0,0,0,0,0,0
sensitivity_2,moving_average,"k=2, theta=0.04743",val,D7D20E2E-FC78-405D-B346-DBD3FD8FC92B,9,42,1,1,2,1,1,1
sensitivity_2,moving_average,"k=2, theta=0.04743",val,D7D20E2E-FC78-405D-B346-DBD3FD8FC92B,10,153,0,0,0,0,0,0
sensitivity_2,moving_average,"k=2, theta=0.04743",val,D7D20E2E-FC78-405D-B346-DBD3FD8FC92B,11,292,0,0,0,0,0,0
sensitivity_2,moving_average,"k=2, theta=0.04743",val,D7D20E2E-FC78-405D-B346-DBD3FD8FC92B,12,23,0,0,0,0,0,0
sensitivity_2,moving_average,"k=2, theta=0.04743",val,E65577C1-8D5D-4F70-AF23-B3ADB9D3DBA3,3,659,1,1,2,1,1,1
sensitivity_2,moving_average,"k=2, theta=0.04743",val,ECECC2AB-D32F-4F90-B74C-E12A1C69BBE2,12,232,0,0,0,0,0,0
sensitivity_2,moving_average,"k=2, theta=0.04743",val,ECECC2AB-D32F-4F90-B74C-E12A1C69BBE2,13,35,0,0,0,0,0,0
sensitivity_2,moving_average,"k=2, theta=0.04743",val,ECECC2AB-D32F-4F90-B74C-E12A1C69BBE2,14,204,1,1,2,4,1,1
sensitivity_2,moving_average,"k=2, theta=0.04743",val,ECECC2AB-D32F-4F90-B74C-E12A1C69BBE2,15,206,0,0,0,0,0,0
sensitivity_2,moving_average,"k=2, theta=0.04743",val,FDAA70A1-42A3-4E3F-9AE3-3FDA412E03BF,18,966,3,3,6,4,4,3
sensitivity_2,ewma,"alpha=0.7, theta=0.06297",val,00EABED2-271D-49D8-B599-1D4A09240601,23,428,3,3,6,10,5,3
sensitivity_2,ewma,"alpha=0.7, theta=0.06297",val,098A72A5-E3E5-4F54-A152-BBDA0DF7B694,5,174,0,0,0,0,0,0
sensitivity_2,ewma,"alpha=0.7, theta=0.06297",val,098A72A5-E3E5-4F54-A152-BBDA0DF7B694,6,134,1,1,2,1,1,1
sensitivity_2,ewma,"alpha=0.7, theta=0.06297",val,098A72A5-E3E5-4F54-A152-BBDA0DF7B694,7,13,0,0,0,0,0,0
sensitivity_2,ewma,"alpha=0.7, theta=0.06297",val,098A72A5-E3E5-4F54-A152-BBDA0DF7B694,8,275,0,0,0,0,0,0
sensitivity_2,ewma,"alpha=0.7, theta=0.06297",val,098A72A5-E3E5-4F54-A152-BBDA0DF7B694,9,459,0,0,0,0,0,0
sensitivity_2,ewma,"alpha=0.7, theta=0.06297",val,098A72A5-E3E5-4F54-A152-BBDA0DF7B694,10,75,0,0,0,0,0,0
sensitivity_2,ewma,"alpha=0.7, theta=0.06297",val,098A72A5-E3E5-4F54-A152-BBDA0DF7B694,11,44,0,0,0,0,0,0
sensitivity_2,ewma,"alpha=0.7, theta=0.06297",val,098A72A5-E3E5-4F54-A152-BBDA0DF7B694,13,156,0,0,0,0,0,0
sensitivity_2,ewma,"alpha=0.7, theta=0.06297",val,0A986513-7828-4D53-AA1F-E02D6DF9561B,6,763,1,1,2,13,0,0
sensitivity_2,ewma,"alpha=0.7, theta=0.06297",val,11B5EC4D-4133-4289-B475-4E737182A406,3,616,0,0,0,0,0,0
sensitivity_2,ewma,"alpha=0.7, theta=0.06297",val,11B5EC4D-4133-4289-B475-4E737182A406,4,799,1,1,2,1,1,1
sensitivity_2,ewma,"alpha=0.7, theta=0.06297",val,11B5EC4D-4133-4289-B475-4E737182A406,5,324,0,0,0,0,0,0
sensitivity_2,ewma,"alpha=0.7, theta=0.06297",val,136562B6-95B2-483D-88DC-065F28409FD2,17,181,0,0,0,0,0,0
sensitivity_2,ewma,"alpha=0.7, theta=0.06297",val,136562B6-95B2-483D-88DC-065F28409FD2,18,847,0,0,0,0,0,0
sensitivity_2,ewma,"alpha=0.7, theta=0.06297",val,136562B6-95B2-483D-88DC-065F28409FD2,19,80,0,0,0,0,0,0
sensitivity_2,ewma,"alpha=0.7, theta=0.06297",val,136562B6-95B2-483D-88DC-065F28409FD2,20,107,0,0,0,0,0,0
sensitivity_2,ewma,"alpha=0.7, theta=0.06297",val,1538C99F-BA1E-4EFB-A949-6C7C47701B20,25,291,0,0,0,0,0,0
sensitivity_2,ewma,"alpha=0.7, theta=0.06297",val,1538C99F-BA1E-4EFB-A949-6C7C47701B20,26,82,0,0,0,0,0,0
sensitivity_2,ewma,"alpha=0.7, theta=0.06297",val,1538C99F-BA1E-4EFB-A949-6C7C47701B20,27,160,0,0,0,0,0,0
sensitivity_2,ewma,"alpha=0.7, theta=0.06297",val,1538C99F-BA1E-4EFB-A949-6C7C47701B20,28,748,0,0,0,0,0,0
sensitivity_2,ewma,"alpha=0.7, theta=0.06297",val,24E40C4C-A349-4F9F-93AB-01D00FB994AF,12,236,0,0,0,0,0,0
sensitivity_2,ewma,"alpha=0.7, theta=0.06297",val,24E40C4C-A349-4F9F-93AB-01D00FB994AF,13,213,0,0,0,0,0,0
sensitivity_2,ewma,"alpha=0.7, theta=0.06297",val,24E40C4C-A349-4F9F-93AB-01D00FB994AF,14,141,0,0,0,0,0,0
sensitivity_2,ewma,"alpha=0.7, theta=0.06297",val,24E40C4C-A349-4F9F-93AB-01D00FB994AF,15,317,0,0,0,0,0,0
sensitivity_2,ewma,"alpha=0.7, theta=0.06297",val,24E40C4C-A349-4F9F-93AB-01D00FB994AF,16,18,0,0,0,0,0,0
sensitivity_2,ewma,"alpha=0.7, theta=0.06297",val,2C32C23E-E30C-498A-8DD2-0EFB9150A02E,9,1674,3,3,6,7,4,3
sensitivity_2,ewma,"alpha=0.7, theta=0.06297",val,3600D531-0C55-44A7-AE95-A7A38519464E,20,842,0,0,0,0,0,0
sensitivity_2,ewma,"alpha=0.7, theta=0.06297",val,3600D531-0C55-44A7-AE95-A7A38519464E,21,54,1,1,2,1,1,1
sensitivity_2,ewma,"alpha=0.7, theta=0.06297",val,3600D531-0C55-44A7-AE95-A7A38519464E,22,107,0,0,0,0,0,0
sensitivity_2,ewma,"alpha=0.7, theta=0.06297",val,3600D531-0C55-44A7-AE95-A7A38519464E,24,14,0,0,0,0,0,0
sensitivity_2,ewma,"alpha=0.7, theta=0.06297",val,4FC32141-E888-4BFF-8804-12559A491D8C,4,43,0,0,0,0,0,0
sensitivity_2,ewma,"alpha=0.7, theta=0.06297",val,4FC32141-E888-4BFF-8804-12559A491D8C,5,325,0,0,0,0,0,0
sensitivity_2,ewma,"alpha=0.7, theta=0.06297",val,4FC32141-E888-4BFF-8804-12559A491D8C,6,427,0,0,0,0,0,0
sensitivity_2,ewma,"alpha=0.7, theta=0.06297",val,4FC32141-E888-4BFF-8804-12559A491D8C,7,102,0,0,0,0,0,0
sensitivity_2,ewma,"alpha=0.7, theta=0.06297",val,4FC32141-E888-4BFF-8804-12559A491D8C,8,18,0,0,0,0,0,0
sensitivity_2,ewma,"alpha=0.7, theta=0.06297",val,4FC32141-E888-4BFF-8804-12559A491D8C,10,43,0,0,0,0,0,0
sensitivity_2,ewma,"alpha=0.7, theta=0.06297",val,5119D0F8-FCA8-4184-A4EB-19421A40DE0D,9,1294,3,3,6,6,4,3
sensitivity_2,ewma,"alpha=0.7, theta=0.06297",val,5152A2DF-FAF3-4BA8-9CA9-E66B32671A53,6,697,2,2,4,2,2,2
sensitivity_2,ewma,"alpha=0.7, theta=0.06297",val,5152A2DF-FAF3-4BA8-9CA9-E66B32671A53,7,597,0,0,0,0,0,0
sensitivity_2,ewma,"alpha=0.7, theta=0.06297",val,5EF64122-B513-46AE-BCF1-E62AAC285D2C,9,116,0,0,0,0,0,0
sensitivity_2,ewma,"alpha=0.7, theta=0.06297",val,5EF64122-B513-46AE-BCF1-E62AAC285D2C,10,637,0,0,0,0,0,0
sensitivity_2,ewma,"alpha=0.7, theta=0.06297",val,61976C24-1C50-4355-9C49-AAE44A7D09F6,46,1717,0,0,0,0,0,0
sensitivity_2,ewma,"alpha=0.7, theta=0.06297",val,78A91A4E-4A51-4065-BDA7-94755F0BB3BB,5,597,5,5,10,15,6,5
sensitivity_2,ewma,"alpha=0.7, theta=0.06297",val,78A91A4E-4A51-4065-BDA7-94755F0BB3BB,6,1773,0,0,0,0,0,0
sensitivity_2,ewma,"alpha=0.7, theta=0.06297",val,7CE37510-56D0-4120-A1CF-0E23351428D2,6,1923,0,0,0,0,0,0
sensitivity_2,ewma,"alpha=0.7, theta=0.06297",val,8023FE1A-D3B0-4E2C-A57A-9321B7FC755F,23,972,1,1,2,7,0,0
sensitivity_2,ewma,"alpha=0.7, theta=0.06297",val,8023FE1A-D3B0-4E2C-A57A-9321B7FC755F,24,836,0,0,0,0,0,0
sensitivity_2,ewma,"alpha=0.7, theta=0.06297",val,83CF687B-7CEC-434B-9FE8-00C3D5799BE6,7,1879,0,0,0,0,0,0
sensitivity_2,ewma,"alpha=0.7, theta=0.06297",val,9759096F-1119-4E19-A0AD-6F16989C7E1C,3,474,0,0,0,0,0,0
sensitivity_2,ewma,"alpha=0.7, theta=0.06297",val,9759096F-1119-4E19-A0AD-6F16989C7E1C,4,1489,1,1,2,1,1,1
sensitivity_2,ewma,"alpha=0.7, theta=0.06297",val,9DC38D04-E82E-4F29-AB52-B476535226F2,12,1543,0,0,0,0,0,0
sensitivity_2,ewma,"alpha=0.7, theta=0.06297",val,9DC38D04-E82E-4F29-AB52-B476535226F2,18,359,0,0,0,0,0,0
sensitivity_2,ewma,"alpha=0.7, theta=0.06297",val,A5CDF89D-02A2-4EC1-89F8-F534FDABDD96,12,62,0,0,0,0,0,0
sensitivity_2,ewma,"alpha=0.7, theta=0.06297",val,A5CDF89D-02A2-4EC1-89F8-F534FDABDD96,13,841,1,1,2,8,0,0
sensitivity_2,ewma,"alpha=0.7, theta=0.06297",val,A5CDF89D-02A2-4EC1-89F8-F534FDABDD96,14,276,0,0,0,0,0,0
sensitivity_2,ewma,"alpha=0.7, theta=0.06297",val,A76A5AF5-5A93-4CF2-A16E-62353BB70E8A,2,1475,0,0,0,0,0,0
sensitivity_2,ewma,"alpha=0.7, theta=0.06297",val,B09E373F-8A54-44C8-895B-0039390B859F,9,1598,1,1,2,1,1,1
sensitivity_2,ewma,"alpha=0.7, theta=0.06297",val,B9724848-C7E2-45F4-9B3F-A1F38D864495,10,85,0,0,0,0,0,0
sensitivity_2,ewma,"alpha=0.7, theta=0.06297",val,B9724848-C7E2-45F4-9B3F-A1F38D864495,11,522,1,1,2,1,1,1
sensitivity_2,ewma,"alpha=0.7, theta=0.06297",val,B9724848-C7E2-45F4-9B3F-A1F38D864495,13,880,0,0,0,0,0,0
sensitivity_2,ewma,"alpha=0.7, theta=0.06297",val,BE3CA5A6-A561-4BBD-B7C9-5DF6805400FC,13,681,0,0,0,0,0,0
sensitivity_2,ewma,"alpha=0.7, theta=0.06297",val,BE3CA5A6-A561-4BBD-B7C9-5DF6805400FC,14,79,0,0,0,0,0,0
sensitivity_2,ewma,"alpha=0.7, theta=0.06297",val,BE3CA5A6-A561-4BBD-B7C9-5DF6805400FC,15,430,0,0,0,0,0,0
sensitivity_2,ewma,"alpha=0.7, theta=0.06297",val,BE3CA5A6-A561-4BBD-B7C9-5DF6805400FC,16,442,0,0,0,0,0,0
sensitivity_2,ewma,"alpha=0.7, theta=0.06297",val,C48CE857-A0DD-4DDB-BEA5-3A25449B2153,25,150,0,0,0,0,0,0
sensitivity_2,ewma,"alpha=0.7, theta=0.06297",val,C48CE857-A0DD-4DDB-BEA5-3A25449B2153,26,40,0,0,0,0,0,0
sensitivity_2,ewma,"alpha=0.7, theta=0.06297",val,C48CE857-A0DD-4DDB-BEA5-3A25449B2153,28,151,0,0,0,0,0,0
sensitivity_2,ewma,"alpha=0.7, theta=0.06297",val,C48CE857-A0DD-4DDB-BEA5-3A25449B2153,30,239,0,0,0,0,0,0
sensitivity_2,ewma,"alpha=0.7, theta=0.06297",val,C48CE857-A0DD-4DDB-BEA5-3A25449B2153,31,282,0,0,0,0,0,0
sensitivity_2,ewma,"alpha=0.7, theta=0.06297",val,C48CE857-A0DD-4DDB-BEA5-3A25449B2153,32,115,0,0,0,0,0,0
sensitivity_2,ewma,"alpha=0.7, theta=0.06297",val,CA820D43-E5E2-42EF-9798-BE56F776370B,4,1146,1,1,2,1,1,1
sensitivity_2,ewma,"alpha=0.7, theta=0.06297",val,CA820D43-E5E2-42EF-9798-BE56F776370B,8,394,1,1,2,1,1,1
sensitivity_2,ewma,"alpha=0.7, theta=0.06297",val,CDA3BBF7-6631-45E8-85BA-EEB416B32A3C,2,227,0,0,0,0,0,0
sensitivity_2,ewma,"alpha=0.7, theta=0.06297",val,CDA3BBF7-6631-45E8-85BA-EEB416B32A3C,3,316,0,0,0,0,0,0
sensitivity_2,ewma,"alpha=0.7, theta=0.06297",val,CF722AA9-2533-4E51-9FEB-9EAC84EE9AAC,7,113,0,0,0,0,0,0
sensitivity_2,ewma,"alpha=0.7, theta=0.06297",val,CF722AA9-2533-4E51-9FEB-9EAC84EE9AAC,8,371,0,0,0,0,0,0
sensitivity_2,ewma,"alpha=0.7, theta=0.06297",val,CF722AA9-2533-4E51-9FEB-9EAC84EE9AAC,9,210,0,0,0,0,0,0
sensitivity_2,ewma,"alpha=0.7, theta=0.06297",val,D7D20E2E-FC78-405D-B346-DBD3FD8FC92B,7,175,0,0,0,0,0,0
sensitivity_2,ewma,"alpha=0.7, theta=0.06297",val,D7D20E2E-FC78-405D-B346-DBD3FD8FC92B,8,528,0,0,0,0,0,0
sensitivity_2,ewma,"alpha=0.7, theta=0.06297",val,D7D20E2E-FC78-405D-B346-DBD3FD8FC92B,9,42,0,0,0,0,0,0
sensitivity_2,ewma,"alpha=0.7, theta=0.06297",val,D7D20E2E-FC78-405D-B346-DBD3FD8FC92B,10,153,0,0,0,0,0,0
sensitivity_2,ewma,"alpha=0.7, theta=0.06297",val,D7D20E2E-FC78-405D-B346-DBD3FD8FC92B,11,292,0,0,0,0,0,0
sensitivity_2,ewma,"alpha=0.7, theta=0.06297",val,D7D20E2E-FC78-405D-B346-DBD3FD8FC92B,12,23,0,0,0,0,0,0
sensitivity_2,ewma,"alpha=0.7, theta=0.06297",val,E65577C1-8D5D-4F70-AF23-B3ADB9D3DBA3,3,659,0,0,0,0,0,0
sensitivity_2,ewma,"alpha=0.7, theta=0.06297",val,ECECC2AB-D32F-4F90-B74C-E12A1C69BBE2,12,232,0,0,0,0,0,0
sensitivity_2,ewma,"alpha=0.7, theta=0.06297",val,ECECC2AB-D32F-4F90-B74C-E12A1C69BBE2,13,35,0,0,0,0,0,0
sensitivity_2,ewma,"alpha=0.7, theta=0.06297",val,ECECC2AB-D32F-4F90-B74C-E12A1C69BBE2,14,204,1,1,2,4,1,1
sensitivity_2,ewma,"alpha=0.7, theta=0.06297",val,ECECC2AB-D32F-4F90-B74C-E12A1C69BBE2,15,206,0,0,0,0,0,0
sensitivity_2,ewma,"alpha=0.7, theta=0.06297",val,FDAA70A1-42A3-4E3F-9AE3-3FDA412E03BF,18,966,3,3,6,6,4,3
sensitivity_2,majority_vote,"k=3, theta=0.06297",val,00EABED2-271D-49D8-B599-1D4A09240601,23,428,1,1,2,14,0,0
sensitivity_2,majority_vote,"k=3, theta=0.06297",val,098A72A5-E3E5-4F54-A152-BBDA0DF7B694,5,174,0,0,0,0,0,0
sensitivity_2,majority_vote,"k=3, theta=0.06297",val,098A72A5-E3E5-4F54-A152-BBDA0DF7B694,6,134,1,1,2,2,1,1
sensitivity_2,majority_vote,"k=3, theta=0.06297",val,098A72A5-E3E5-4F54-A152-BBDA0DF7B694,7,13,0,0,0,0,0,0
sensitivity_2,majority_vote,"k=3, theta=0.06297",val,098A72A5-E3E5-4F54-A152-BBDA0DF7B694,8,275,0,0,0,0,0,0
sensitivity_2,majority_vote,"k=3, theta=0.06297",val,098A72A5-E3E5-4F54-A152-BBDA0DF7B694,9,459,0,0,0,0,0,0
sensitivity_2,majority_vote,"k=3, theta=0.06297",val,098A72A5-E3E5-4F54-A152-BBDA0DF7B694,10,75,0,0,0,0,0,0
sensitivity_2,majority_vote,"k=3, theta=0.06297",val,098A72A5-E3E5-4F54-A152-BBDA0DF7B694,11,44,0,0,0,0,0,0
sensitivity_2,majority_vote,"k=3, theta=0.06297",val,098A72A5-E3E5-4F54-A152-BBDA0DF7B694,13,156,0,0,0,0,0,0
sensitivity_2,majority_vote,"k=3, theta=0.06297",val,0A986513-7828-4D53-AA1F-E02D6DF9561B,6,763,2,2,4,15,1,1
sensitivity_2,majority_vote,"k=3, theta=0.06297",val,11B5EC4D-4133-4289-B475-4E737182A406,3,616,1,1,2,2,1,1
sensitivity_2,majority_vote,"k=3, theta=0.06297",val,11B5EC4D-4133-4289-B475-4E737182A406,4,799,0,0,0,0,0,0
sensitivity_2,majority_vote,"k=3, theta=0.06297",val,11B5EC4D-4133-4289-B475-4E737182A406,5,324,0,0,0,0,0,0
sensitivity_2,majority_vote,"k=3, theta=0.06297",val,136562B6-95B2-483D-88DC-065F28409FD2,17,181,0,0,0,0,0,0
sensitivity_2,majority_vote,"k=3, theta=0.06297",val,136562B6-95B2-483D-88DC-065F28409FD2,18,847,0,0,0,0,0,0
sensitivity_2,majority_vote,"k=3, theta=0.06297",val,136562B6-95B2-483D-88DC-065F28409FD2,19,80,0,0,0,0,0,0
sensitivity_2,majority_vote,"k=3, theta=0.06297",val,136562B6-95B2-483D-88DC-065F28409FD2,20,107,0,0,0,0,0,0
sensitivity_2,majority_vote,"k=3, theta=0.06297",val,1538C99F-BA1E-4EFB-A949-6C7C47701B20,25,291,0,0,0,0,0,0
sensitivity_2,majority_vote,"k=3, theta=0.06297",val,1538C99F-BA1E-4EFB-A949-6C7C47701B20,26,82,0,0,0,0,0,0
sensitivity_2,majority_vote,"k=3, theta=0.06297",val,1538C99F-BA1E-4EFB-A949-6C7C47701B20,27,160,0,0,0,0,0,0
sensitivity_2,majority_vote,"k=3, theta=0.06297",val,1538C99F-BA1E-4EFB-A949-6C7C47701B20,28,748,1,1,2,1,1,1
sensitivity_2,majority_vote,"k=3, theta=0.06297",val,24E40C4C-A349-4F9F-93AB-01D00FB994AF,12,236,0,0,0,0,0,0
sensitivity_2,majority_vote,"k=3, theta=0.06297",val,24E40C4C-A349-4F9F-93AB-01D00FB994AF,13,213,0,0,0,0,0,0
sensitivity_2,majority_vote,"k=3, theta=0.06297",val,24E40C4C-A349-4F9F-93AB-01D00FB994AF,14,141,0,0,0,0,0,0
sensitivity_2,majority_vote,"k=3, theta=0.06297",val,24E40C4C-A349-4F9F-93AB-01D00FB994AF,15,317,0,0,0,0,0,0
sensitivity_2,majority_vote,"k=3, theta=0.06297",val,24E40C4C-A349-4F9F-93AB-01D00FB994AF,16,18,0,0,0,0,0,0
sensitivity_2,majority_vote,"k=3, theta=0.06297",val,2C32C23E-E30C-498A-8DD2-0EFB9150A02E,9,1674,3,3,6,10,3,3
sensitivity_2,majority_vote,"k=3, theta=0.06297",val,3600D531-0C55-44A7-AE95-A7A38519464E,20,842,0,0,0,0,0,0
sensitivity_2,majority_vote,"k=3, theta=0.06297",val,3600D531-0C55-44A7-AE95-A7A38519464E,21,54,0,0,0,0,0,0
sensitivity_2,majority_vote,"k=3, theta=0.06297",val,3600D531-0C55-44A7-AE95-A7A38519464E,22,107,0,0,0,0,0,0
sensitivity_2,majority_vote,"k=3, theta=0.06297",val,3600D531-0C55-44A7-AE95-A7A38519464E,24,14,0,0,0,0,0,0
sensitivity_2,majority_vote,"k=3, theta=0.06297",val,4FC32141-E888-4BFF-8804-12559A491D8C,4,43,0,0,0,0,0,0
sensitivity_2,majority_vote,"k=3, theta=0.06297",val,4FC32141-E888-4BFF-8804-12559A491D8C,5,325,0,0,0,0,0,0
sensitivity_2,majority_vote,"k=3, theta=0.06297",val,4FC32141-E888-4BFF-8804-12559A491D8C,6,427,0,0,0,0,0,0
sensitivity_2,majority_vote,"k=3, theta=0.06297",val,4FC32141-E888-4BFF-8804-12559A491D8C,7,102,0,0,0,0,0,0
sensitivity_2,majority_vote,"k=3, theta=0.06297",val,4FC32141-E888-4BFF-8804-12559A491D8C,8,18,0,0,0,0,0,0
sensitivity_2,majority_vote,"k=3, theta=0.06297",val,4FC32141-E888-4BFF-8804-12559A491D8C,10,43,0,0,0,0,0,0
sensitivity_2,majority_vote,"k=3, theta=0.06297",val,5119D0F8-FCA8-4184-A4EB-19421A40DE0D,9,1294,1,1,2,7,0,0
sensitivity_2,majority_vote,"k=3, theta=0.06297",val,5152A2DF-FAF3-4BA8-9CA9-E66B32671A53,6,697,2,2,4,3,2,2
sensitivity_2,majority_vote,"k=3, theta=0.06297",val,5152A2DF-FAF3-4BA8-9CA9-E66B32671A53,7,597,0,0,0,0,0,0
sensitivity_2,majority_vote,"k=3, theta=0.06297",val,5EF64122-B513-46AE-BCF1-E62AAC285D2C,9,116,0,0,0,0,0,0
sensitivity_2,majority_vote,"k=3, theta=0.06297",val,5EF64122-B513-46AE-BCF1-E62AAC285D2C,10,637,1,1,2,3,1,1
sensitivity_2,majority_vote,"k=3, theta=0.06297",val,61976C24-1C50-4355-9C49-AAE44A7D09F6,46,1717,1,1,2,1,1,1
sensitivity_2,majority_vote,"k=3, theta=0.06297",val,78A91A4E-4A51-4065-BDA7-94755F0BB3BB,5,597,5,5,10,16,5,4
sensitivity_2,majority_vote,"k=3, theta=0.06297",val,78A91A4E-4A51-4065-BDA7-94755F0BB3BB,6,1773,0,0,0,0,0,0
sensitivity_2,majority_vote,"k=3, theta=0.06297",val,7CE37510-56D0-4120-A1CF-0E23351428D2,6,1923,1,1,2,1,1,1
sensitivity_2,majority_vote,"k=3, theta=0.06297",val,8023FE1A-D3B0-4E2C-A57A-9321B7FC755F,23,972,1,1,2,7,0,0
sensitivity_2,majority_vote,"k=3, theta=0.06297",val,8023FE1A-D3B0-4E2C-A57A-9321B7FC755F,24,836,0,0,0,0,0,0
sensitivity_2,majority_vote,"k=3, theta=0.06297",val,83CF687B-7CEC-434B-9FE8-00C3D5799BE6,7,1879,0,0,0,0,0,0
sensitivity_2,majority_vote,"k=3, theta=0.06297",val,9759096F-1119-4E19-A0AD-6F16989C7E1C,3,474,0,0,0,0,0,0
sensitivity_2,majority_vote,"k=3, theta=0.06297",val,9759096F-1119-4E19-A0AD-6F16989C7E1C,4,1489,0,0,0,0,0,0
sensitivity_2,majority_vote,"k=3, theta=0.06297",val,9DC38D04-E82E-4F29-AB52-B476535226F2,12,1543,0,0,0,0,0,0
sensitivity_2,majority_vote,"k=3, theta=0.06297",val,9DC38D04-E82E-4F29-AB52-B476535226F2,18,359,0,0,0,0,0,0
sensitivity_2,majority_vote,"k=3, theta=0.06297",val,A5CDF89D-02A2-4EC1-89F8-F534FDABDD96,12,62,0,0,0,0,0,0
sensitivity_2,majority_vote,"k=3, theta=0.06297",val,A5CDF89D-02A2-4EC1-89F8-F534FDABDD96,13,841,1,1,2,11,0,0
sensitivity_2,majority_vote,"k=3, theta=0.06297",val,A5CDF89D-02A2-4EC1-89F8-F534FDABDD96,14,276,0,0,0,0,0,0
sensitivity_2,majority_vote,"k=3, theta=0.06297",val,A76A5AF5-5A93-4CF2-A16E-62353BB70E8A,2,1475,1,1,2,1,1,1
sensitivity_2,majority_vote,"k=3, theta=0.06297",val,B09E373F-8A54-44C8-895B-0039390B859F,9,1598,1,1,2,3,1,1
sensitivity_2,majority_vote,"k=3, theta=0.06297",val,B9724848-C7E2-45F4-9B3F-A1F38D864495,10,85,0,0,0,0,0,0
sensitivity_2,majority_vote,"k=3, theta=0.06297",val,B9724848-C7E2-45F4-9B3F-A1F38D864495,11,522,2,2,4,4,3,2
sensitivity_2,majority_vote,"k=3, theta=0.06297",val,B9724848-C7E2-45F4-9B3F-A1F38D864495,13,880,0,0,0,0,0,0
sensitivity_2,majority_vote,"k=3, theta=0.06297",val,BE3CA5A6-A561-4BBD-B7C9-5DF6805400FC,13,681,0,0,0,0,0,0
sensitivity_2,majority_vote,"k=3, theta=0.06297",val,BE3CA5A6-A561-4BBD-B7C9-5DF6805400FC,14,79,0,0,0,0,0,0
sensitivity_2,majority_vote,"k=3, theta=0.06297",val,BE3CA5A6-A561-4BBD-B7C9-5DF6805400FC,15,430,0,0,0,0,0,0
sensitivity_2,majority_vote,"k=3, theta=0.06297",val,BE3CA5A6-A561-4BBD-B7C9-5DF6805400FC,16,442,0,0,0,0,0,0
sensitivity_2,majority_vote,"k=3, theta=0.06297",val,C48CE857-A0DD-4DDB-BEA5-3A25449B2153,25,150,0,0,0,0,0,0
sensitivity_2,majority_vote,"k=3, theta=0.06297",val,C48CE857-A0DD-4DDB-BEA5-3A25449B2153,26,40,0,0,0,0,0,0
sensitivity_2,majority_vote,"k=3, theta=0.06297",val,C48CE857-A0DD-4DDB-BEA5-3A25449B2153,28,151,0,0,0,0,0,0
sensitivity_2,majority_vote,"k=3, theta=0.06297",val,C48CE857-A0DD-4DDB-BEA5-3A25449B2153,30,239,0,0,0,0,0,0
sensitivity_2,majority_vote,"k=3, theta=0.06297",val,C48CE857-A0DD-4DDB-BEA5-3A25449B2153,31,282,0,0,0,0,0,0
sensitivity_2,majority_vote,"k=3, theta=0.06297",val,C48CE857-A0DD-4DDB-BEA5-3A25449B2153,32,115,0,0,0,0,0,0
sensitivity_2,majority_vote,"k=3, theta=0.06297",val,CA820D43-E5E2-42EF-9798-BE56F776370B,4,1146,1,1,2,2,1,1
sensitivity_2,majority_vote,"k=3, theta=0.06297",val,CA820D43-E5E2-42EF-9798-BE56F776370B,8,394,1,1,2,2,1,1
sensitivity_2,majority_vote,"k=3, theta=0.06297",val,CDA3BBF7-6631-45E8-85BA-EEB416B32A3C,2,227,0,0,0,0,0,0
sensitivity_2,majority_vote,"k=3, theta=0.06297",val,CDA3BBF7-6631-45E8-85BA-EEB416B32A3C,3,316,0,0,0,0,0,0
sensitivity_2,majority_vote,"k=3, theta=0.06297",val,CF722AA9-2533-4E51-9FEB-9EAC84EE9AAC,7,113,0,0,0,0,0,0
sensitivity_2,majority_vote,"k=3, theta=0.06297",val,CF722AA9-2533-4E51-9FEB-9EAC84EE9AAC,8,371,0,0,0,0,0,0
sensitivity_2,majority_vote,"k=3, theta=0.06297",val,CF722AA9-2533-4E51-9FEB-9EAC84EE9AAC,9,210,0,0,0,0,0,0
sensitivity_2,majority_vote,"k=3, theta=0.06297",val,D7D20E2E-FC78-405D-B346-DBD3FD8FC92B,7,175,0,0,0,0,0,0
sensitivity_2,majority_vote,"k=3, theta=0.06297",val,D7D20E2E-FC78-405D-B346-DBD3FD8FC92B,8,528,0,0,0,0,0,0
sensitivity_2,majority_vote,"k=3, theta=0.06297",val,D7D20E2E-FC78-405D-B346-DBD3FD8FC92B,9,42,1,1,2,2,1,1
sensitivity_2,majority_vote,"k=3, theta=0.06297",val,D7D20E2E-FC78-405D-B346-DBD3FD8FC92B,10,153,0,0,0,0,0,0
sensitivity_2,majority_vote,"k=3, theta=0.06297",val,D7D20E2E-FC78-405D-B346-DBD3FD8FC92B,11,292,0,0,0,0,0,0
sensitivity_2,majority_vote,"k=3, theta=0.06297",val,D7D20E2E-FC78-405D-B346-DBD3FD8FC92B,12,23,0,0,0,0,0,0
sensitivity_2,majority_vote,"k=3, theta=0.06297",val,E65577C1-8D5D-4F70-AF23-B3ADB9D3DBA3,3,659,2,2,4,5,2,2
sensitivity_2,majority_vote,"k=3, theta=0.06297",val,ECECC2AB-D32F-4F90-B74C-E12A1C69BBE2,12,232,0,0,0,0,0,0
sensitivity_2,majority_vote,"k=3, theta=0.06297",val,ECECC2AB-D32F-4F90-B74C-E12A1C69BBE2,13,35,0,0,0,0,0,0
sensitivity_2,majority_vote,"k=3, theta=0.06297",val,ECECC2AB-D32F-4F90-B74C-E12A1C69BBE2,14,204,1,1,2,5,1,1
sensitivity_2,majority_vote,"k=3, theta=0.06297",val,ECECC2AB-D32F-4F90-B74C-E12A1C69BBE2,15,206,0,0,0,0,0,0
sensitivity_2,majority_vote,"k=3, theta=0.06297",val,FDAA70A1-42A3-4E3F-9AE3-3FDA412E03BF,18,966,2,2,4,6,2,2
sensitivity_2,debounce,"T=2, theta=0.07586",val,00EABED2-271D-49D8-B599-1D4A09240601,23,428,1,1,2,14,0,0
sensitivity_2,debounce,"T=2, theta=0.07586",val,098A72A5-E3E5-4F54-A152-BBDA0DF7B694,5,174,0,0,0,0,0,0
sensitivity_2,debounce,"T=2, theta=0.07586",val,098A72A5-E3E5-4F54-A152-BBDA0DF7B694,6,134,0,0,0,0,0,0
sensitivity_2,debounce,"T=2, theta=0.07586",val,098A72A5-E3E5-4F54-A152-BBDA0DF7B694,7,13,0,0,0,0,0,0
sensitivity_2,debounce,"T=2, theta=0.07586",val,098A72A5-E3E5-4F54-A152-BBDA0DF7B694,8,275,0,0,0,0,0,0
sensitivity_2,debounce,"T=2, theta=0.07586",val,098A72A5-E3E5-4F54-A152-BBDA0DF7B694,9,459,0,0,0,0,0,0
sensitivity_2,debounce,"T=2, theta=0.07586",val,098A72A5-E3E5-4F54-A152-BBDA0DF7B694,10,75,0,0,0,0,0,0
sensitivity_2,debounce,"T=2, theta=0.07586",val,098A72A5-E3E5-4F54-A152-BBDA0DF7B694,11,44,0,0,0,0,0,0
sensitivity_2,debounce,"T=2, theta=0.07586",val,098A72A5-E3E5-4F54-A152-BBDA0DF7B694,13,156,0,0,0,0,0,0
sensitivity_2,debounce,"T=2, theta=0.07586",val,0A986513-7828-4D53-AA1F-E02D6DF9561B,6,763,1,1,2,15,0,0
sensitivity_2,debounce,"T=2, theta=0.07586",val,11B5EC4D-4133-4289-B475-4E737182A406,3,616,1,1,2,2,1,1
sensitivity_2,debounce,"T=2, theta=0.07586",val,11B5EC4D-4133-4289-B475-4E737182A406,4,799,1,1,2,2,1,1
sensitivity_2,debounce,"T=2, theta=0.07586",val,11B5EC4D-4133-4289-B475-4E737182A406,5,324,0,0,0,0,0,0
sensitivity_2,debounce,"T=2, theta=0.07586",val,136562B6-95B2-483D-88DC-065F28409FD2,17,181,0,0,0,0,0,0
sensitivity_2,debounce,"T=2, theta=0.07586",val,136562B6-95B2-483D-88DC-065F28409FD2,18,847,0,0,0,0,0,0
sensitivity_2,debounce,"T=2, theta=0.07586",val,136562B6-95B2-483D-88DC-065F28409FD2,19,80,0,0,0,0,0,0
sensitivity_2,debounce,"T=2, theta=0.07586",val,136562B6-95B2-483D-88DC-065F28409FD2,20,107,0,0,0,0,0,0
sensitivity_2,debounce,"T=2, theta=0.07586",val,1538C99F-BA1E-4EFB-A949-6C7C47701B20,25,291,0,0,0,0,0,0
sensitivity_2,debounce,"T=2, theta=0.07586",val,1538C99F-BA1E-4EFB-A949-6C7C47701B20,26,82,0,0,0,0,0,0
sensitivity_2,debounce,"T=2, theta=0.07586",val,1538C99F-BA1E-4EFB-A949-6C7C47701B20,27,160,0,0,0,0,0,0
sensitivity_2,debounce,"T=2, theta=0.07586",val,1538C99F-BA1E-4EFB-A949-6C7C47701B20,28,748,0,0,0,0,0,0
sensitivity_2,debounce,"T=2, theta=0.07586",val,24E40C4C-A349-4F9F-93AB-01D00FB994AF,12,236,0,0,0,0,0,0
sensitivity_2,debounce,"T=2, theta=0.07586",val,24E40C4C-A349-4F9F-93AB-01D00FB994AF,13,213,0,0,0,0,0,0
sensitivity_2,debounce,"T=2, theta=0.07586",val,24E40C4C-A349-4F9F-93AB-01D00FB994AF,14,141,0,0,0,0,0,0
sensitivity_2,debounce,"T=2, theta=0.07586",val,24E40C4C-A349-4F9F-93AB-01D00FB994AF,15,317,0,0,0,0,0,0
sensitivity_2,debounce,"T=2, theta=0.07586",val,24E40C4C-A349-4F9F-93AB-01D00FB994AF,16,18,0,0,0,0,0,0
sensitivity_2,debounce,"T=2, theta=0.07586",val,2C32C23E-E30C-498A-8DD2-0EFB9150A02E,9,1674,3,3,6,10,3,3
sensitivity_2,debounce,"T=2, theta=0.07586",val,3600D531-0C55-44A7-AE95-A7A38519464E,20,842,0,0,0,0,0,0
sensitivity_2,debounce,"T=2, theta=0.07586",val,3600D531-0C55-44A7-AE95-A7A38519464E,21,54,0,0,0,0,0,0
sensitivity_2,debounce,"T=2, theta=0.07586",val,3600D531-0C55-44A7-AE95-A7A38519464E,22,107,0,0,0,0,0,0
sensitivity_2,debounce,"T=2, theta=0.07586",val,3600D531-0C55-44A7-AE95-A7A38519464E,24,14,0,0,0,0,0,0
sensitivity_2,debounce,"T=2, theta=0.07586",val,4FC32141-E888-4BFF-8804-12559A491D8C,4,43,0,0,0,0,0,0
sensitivity_2,debounce,"T=2, theta=0.07586",val,4FC32141-E888-4BFF-8804-12559A491D8C,5,325,0,0,0,0,0,0
sensitivity_2,debounce,"T=2, theta=0.07586",val,4FC32141-E888-4BFF-8804-12559A491D8C,6,427,0,0,0,0,0,0
sensitivity_2,debounce,"T=2, theta=0.07586",val,4FC32141-E888-4BFF-8804-12559A491D8C,7,102,0,0,0,0,0,0
sensitivity_2,debounce,"T=2, theta=0.07586",val,4FC32141-E888-4BFF-8804-12559A491D8C,8,18,0,0,0,0,0,0
sensitivity_2,debounce,"T=2, theta=0.07586",val,4FC32141-E888-4BFF-8804-12559A491D8C,10,43,0,0,0,0,0,0
sensitivity_2,debounce,"T=2, theta=0.07586",val,5119D0F8-FCA8-4184-A4EB-19421A40DE0D,9,1294,1,1,2,9,0,0
sensitivity_2,debounce,"T=2, theta=0.07586",val,5152A2DF-FAF3-4BA8-9CA9-E66B32671A53,6,697,2,2,4,7,3,2
sensitivity_2,debounce,"T=2, theta=0.07586",val,5152A2DF-FAF3-4BA8-9CA9-E66B32671A53,7,597,0,0,0,0,0,0
sensitivity_2,debounce,"T=2, theta=0.07586",val,5EF64122-B513-46AE-BCF1-E62AAC285D2C,9,116,0,0,0,0,0,0
sensitivity_2,debounce,"T=2, theta=0.07586",val,5EF64122-B513-46AE-BCF1-E62AAC285D2C,10,637,1,1,2,3,1,1
sensitivity_2,debounce,"T=2, theta=0.07586",val,61976C24-1C50-4355-9C49-AAE44A7D09F6,46,1717,0,0,0,0,0,0
sensitivity_2,debounce,"T=2, theta=0.07586",val,78A91A4E-4A51-4065-BDA7-94755F0BB3BB,5,597,5,5,10,19,5,4
sensitivity_2,debounce,"T=2, theta=0.07586",val,78A91A4E-4A51-4065-BDA7-94755F0BB3BB,6,1773,0,0,0,0,0,0
sensitivity_2,debounce,"T=2, theta=0.07586",val,7CE37510-56D0-4120-A1CF-0E23351428D2,6,1923,0,0,0,0,0,0
sensitivity_2,debounce,"T=2, theta=0.07586",val,8023FE1A-D3B0-4E2C-A57A-9321B7FC755F,23,972,1,1,2,7,0,0
sensitivity_2,debounce,"T=2, theta=0.07586",val,8023FE1A-D3B0-4E2C-A57A-9321B7FC755F,24,836,0,0,0,0,0,0
sensitivity_2,debounce,"T=2, theta=0.07586",val,83CF687B-7CEC-434B-9FE8-00C3D5799BE6,7,1879,0,0,0,0,0,0
sensitivity_2,debounce,"T=2, theta=0.07586",val,9759096F-1119-4E19-A0AD-6F16989C7E1C,3,474,0,0,0,0,0,0
sensitivity_2,debounce,"T=2, theta=0.07586",val,9759096F-1119-4E19-A0AD-6F16989C7E1C,4,1489,0,0,0,0,0,0
sensitivity_2,debounce,"T=2, theta=0.07586",val,9DC38D04-E82E-4F29-AB52-B476535226F2,12,1543,1,1,2,2,1,1
sensitivity_2,debounce,"T=2, theta=0.07586",val,9DC38D04-E82E-4F29-AB52-B476535226F2,18,359,0,0,0,0,0,0
sensitivity_2,debounce,"T=2, theta=0.07586",val,A5CDF89D-02A2-4EC1-89F8-F534FDABDD96,12,62,0,0,0,0,0,0
sensitivity_2,debounce,"T=2, theta=0.07586",val,A5CDF89D-02A2-4EC1-89F8-F534FDABDD96,13,841,1,1,2,11,0,0
sensitivity_2,debounce,"T=2, theta=0.07586",val,A5CDF89D-02A2-4EC1-89F8-F534FDABDD96,14,276,0,0,0,0,0,0
sensitivity_2,debounce,"T=2, theta=0.07586",val,A76A5AF5-5A93-4CF2-A16E-62353BB70E8A,2,1475,0,0,0,0,0,0
sensitivity_2,debounce,"T=2, theta=0.07586",val,B09E373F-8A54-44C8-895B-0039390B859F,9,1598,1,1,2,5,1,1
sensitivity_2,debounce,"T=2, theta=0.07586",val,B9724848-C7E2-45F4-9B3F-A1F38D864495,10,85,0,0,0,0,0,0
sensitivity_2,debounce,"T=2, theta=0.07586",val,B9724848-C7E2-45F4-9B3F-A1F38D864495,11,522,1,1,2,7,0,0
sensitivity_2,debounce,"T=2, theta=0.07586",val,B9724848-C7E2-45F4-9B3F-A1F38D864495,13,880,1,1,2,2,1,1
sensitivity_2,debounce,"T=2, theta=0.07586",val,BE3CA5A6-A561-4BBD-B7C9-5DF6805400FC,13,681,0,0,0,0,0,0
sensitivity_2,debounce,"T=2, theta=0.07586",val,BE3CA5A6-A561-4BBD-B7C9-5DF6805400FC,14,79,0,0,0,0,0,0
sensitivity_2,debounce,"T=2, theta=0.07586",val,BE3CA5A6-A561-4BBD-B7C9-5DF6805400FC,15,430,0,0,0,0,0,0
sensitivity_2,debounce,"T=2, theta=0.07586",val,BE3CA5A6-A561-4BBD-B7C9-5DF6805400FC,16,442,0,0,0,0,0,0
sensitivity_2,debounce,"T=2, theta=0.07586",val,C48CE857-A0DD-4DDB-BEA5-3A25449B2153,25,150,0,0,0,0,0,0
sensitivity_2,debounce,"T=2, theta=0.07586",val,C48CE857-A0DD-4DDB-BEA5-3A25449B2153,26,40,0,0,0,0,0,0
sensitivity_2,debounce,"T=2, theta=0.07586",val,C48CE857-A0DD-4DDB-BEA5-3A25449B2153,28,151,0,0,0,0,0,0
sensitivity_2,debounce,"T=2, theta=0.07586",val,C48CE857-A0DD-4DDB-BEA5-3A25449B2153,30,239,0,0,0,0,0,0
sensitivity_2,debounce,"T=2, theta=0.07586",val,C48CE857-A0DD-4DDB-BEA5-3A25449B2153,31,282,0,0,0,0,0,0
sensitivity_2,debounce,"T=2, theta=0.07586",val,C48CE857-A0DD-4DDB-BEA5-3A25449B2153,32,115,0,0,0,0,0,0
sensitivity_2,debounce,"T=2, theta=0.07586",val,CA820D43-E5E2-42EF-9798-BE56F776370B,4,1146,0,0,0,0,0,0
sensitivity_2,debounce,"T=2, theta=0.07586",val,CA820D43-E5E2-42EF-9798-BE56F776370B,8,394,1,1,2,2,1,1
sensitivity_2,debounce,"T=2, theta=0.07586",val,CDA3BBF7-6631-45E8-85BA-EEB416B32A3C,2,227,0,0,0,0,0,0
sensitivity_2,debounce,"T=2, theta=0.07586",val,CDA3BBF7-6631-45E8-85BA-EEB416B32A3C,3,316,0,0,0,0,0,0
sensitivity_2,debounce,"T=2, theta=0.07586",val,CF722AA9-2533-4E51-9FEB-9EAC84EE9AAC,7,113,0,0,0,0,0,0
sensitivity_2,debounce,"T=2, theta=0.07586",val,CF722AA9-2533-4E51-9FEB-9EAC84EE9AAC,8,371,1,1,2,2,1,1
sensitivity_2,debounce,"T=2, theta=0.07586",val,CF722AA9-2533-4E51-9FEB-9EAC84EE9AAC,9,210,0,0,0,0,0,0
sensitivity_2,debounce,"T=2, theta=0.07586",val,D7D20E2E-FC78-405D-B346-DBD3FD8FC92B,7,175,0,0,0,0,0,0
sensitivity_2,debounce,"T=2, theta=0.07586",val,D7D20E2E-FC78-405D-B346-DBD3FD8FC92B,8,528,0,0,0,0,0,0
sensitivity_2,debounce,"T=2, theta=0.07586",val,D7D20E2E-FC78-405D-B346-DBD3FD8FC92B,9,42,1,1,2,2,1,1
sensitivity_2,debounce,"T=2, theta=0.07586",val,D7D20E2E-FC78-405D-B346-DBD3FD8FC92B,10,153,0,0,0,0,0,0
sensitivity_2,debounce,"T=2, theta=0.07586",val,D7D20E2E-FC78-405D-B346-DBD3FD8FC92B,11,292,0,0,0,0,0,0
sensitivity_2,debounce,"T=2, theta=0.07586",val,D7D20E2E-FC78-405D-B346-DBD3FD8FC92B,12,23,0,0,0,0,0,0
sensitivity_2,debounce,"T=2, theta=0.07586",val,E65577C1-8D5D-4F70-AF23-B3ADB9D3DBA3,3,659,3,3,6,7,3,3
sensitivity_2,debounce,"T=2, theta=0.07586",val,ECECC2AB-D32F-4F90-B74C-E12A1C69BBE2,12,232,0,0,0,0,0,0
sensitivity_2,debounce,"T=2, theta=0.07586",val,ECECC2AB-D32F-4F90-B74C-E12A1C69BBE2,13,35,0,0,0,0,0,0
sensitivity_2,debounce,"T=2, theta=0.07586",val,ECECC2AB-D32F-4F90-B74C-E12A1C69BBE2,14,204,1,1,2,5,1,1
sensitivity_2,debounce,"T=2, theta=0.07586",val,ECECC2AB-D32F-4F90-B74C-E12A1C69BBE2,15,206,0,0,0,0,0,0
sensitivity_2,debounce,"T=2, theta=0.07586",val,FDAA70A1-42A3-4E3F-9AE3-3FDA412E03BF,18,966,2,2,4,9,2,2
sensitivity_2,margin,"m=0.05, theta=0.04743",val,00EABED2-271D-49D8-B599-1D4A09240601,23,428,3,3,6,10,4,2
sensitivity_2,margin,"m=0.05, theta=0.04743",val,098A72A5-E3E5-4F54-A152-BBDA0DF7B694,5,174,0,0,0,0,0,0
sensitivity_2,margin,"m=0.05, theta=0.04743",val,098A72A5-E3E5-4F54-A152-BBDA0DF7B694,6,134,0,0,0,0,0,0
sensitivity_2,margin,"m=0.05, theta=0.04743",val,098A72A5-E3E5-4F54-A152-BBDA0DF7B694,7,13,0,0,0,0,0,0
sensitivity_2,margin,"m=0.05, theta=0.04743",val,098A72A5-E3E5-4F54-A152-BBDA0DF7B694,8,275,0,0,0,0,0,0
sensitivity_2,margin,"m=0.05, theta=0.04743",val,098A72A5-E3E5-4F54-A152-BBDA0DF7B694,9,459,0,0,0,0,0,0
sensitivity_2,margin,"m=0.05, theta=0.04743",val,098A72A5-E3E5-4F54-A152-BBDA0DF7B694,10,75,0,0,0,0,0,0
sensitivity_2,margin,"m=0.05, theta=0.04743",val,098A72A5-E3E5-4F54-A152-BBDA0DF7B694,11,44,0,0,0,0,0,0
sensitivity_2,margin,"m=0.05, theta=0.04743",val,098A72A5-E3E5-4F54-A152-BBDA0DF7B694,13,156,0,0,0,0,0,0
sensitivity_2,margin,"m=0.05, theta=0.04743",val,0A986513-7828-4D53-AA1F-E02D6DF9561B,6,763,2,2,4,7,2,1
sensitivity_2,margin,"m=0.05, theta=0.04743",val,11B5EC4D-4133-4289-B475-4E737182A406,3,616,0,0,0,0,0,0
sensitivity_2,margin,"m=0.05, theta=0.04743",val,11B5EC4D-4133-4289-B475-4E737182A406,4,799,0,0,0,0,0,0
sensitivity_2,margin,"m=0.05, theta=0.04743",val,11B5EC4D-4133-4289-B475-4E737182A406,5,324,0,0,0,0,0,0
sensitivity_2,margin,"m=0.05, theta=0.04743",val,136562B6-95B2-483D-88DC-065F28409FD2,17,181,0,0,0,0,0,0
sensitivity_2,margin,"m=0.05, theta=0.04743",val,136562B6-95B2-483D-88DC-065F28409FD2,18,847,0,0,0,0,0,0
sensitivity_2,margin,"m=0.05, theta=0.04743",val,136562B6-95B2-483D-88DC-065F28409FD2,19,80,0,0,0,0,0,0
sensitivity_2,margin,"m=0.05, theta=0.04743",val,136562B6-95B2-483D-88DC-065F28409FD2,20,107,0,0,0,0,0,0
sensitivity_2,margin,"m=0.05, theta=0.04743",val,1538C99F-BA1E-4EFB-A949-6C7C47701B20,25,291,1,1,2,1,1,1
sensitivity_2,margin,"m=0.05, theta=0.04743",val,1538C99F-BA1E-4EFB-A949-6C7C47701B20,26,82,0,0,0,0,0,0
sensitivity_2,margin,"m=0.05, theta=0.04743",val,1538C99F-BA1E-4EFB-A949-6C7C47701B20,27,160,0,0,0,0,0,0
sensitivity_2,margin,"m=0.05, theta=0.04743",val,1538C99F-BA1E-4EFB-A949-6C7C47701B20,28,748,1,1,2,1,1,1
sensitivity_2,margin,"m=0.05, theta=0.04743",val,24E40C4C-A349-4F9F-93AB-01D00FB994AF,12,236,0,0,0,0,0,0
sensitivity_2,margin,"m=0.05, theta=0.04743",val,24E40C4C-A349-4F9F-93AB-01D00FB994AF,13,213,0,0,0,0,0,0
sensitivity_2,margin,"m=0.05, theta=0.04743",val,24E40C4C-A349-4F9F-93AB-01D00FB994AF,14,141,0,0,0,0,0,0
sensitivity_2,margin,"m=0.05, theta=0.04743",val,24E40C4C-A349-4F9F-93AB-01D00FB994AF,15,317,0,0,0,0,0,0
sensitivity_2,margin,"m=0.05, theta=0.04743",val,24E40C4C-A349-4F9F-93AB-01D00FB994AF,16,18,0,0,0,0,0,0
sensitivity_2,margin,"m=0.05, theta=0.04743",val,2C32C23E-E30C-498A-8DD2-0EFB9150A02E,9,1674,4,4,8,8,5,4
sensitivity_2,margin,"m=0.05, theta=0.04743",val,3600D531-0C55-44A7-AE95-A7A38519464E,20,842,0,0,0,0,0,0
sensitivity_2,margin,"m=0.05, theta=0.04743",val,3600D531-0C55-44A7-AE95-A7A38519464E,21,54,0,0,0,0,0,0
sensitivity_2,margin,"m=0.05, theta=0.04743",val,3600D531-0C55-44A7-AE95-A7A38519464E,22,107,0,0,0,0,0,0
sensitivity_2,margin,"m=0.05, theta=0.04743",val,3600D531-0C55-44A7-AE95-A7A38519464E,24,14,0,0,0,0,0,0
sensitivity_2,margin,"m=0.05, theta=0.04743",val,4FC32141-E888-4BFF-8804-12559A491D8C,4,43,0,0,0,0,0,0
sensitivity_2,margin,"m=0.05, theta=0.04743",val,4FC32141-E888-4BFF-8804-12559A491D8C,5,325,0,0,0,0,0,0
sensitivity_2,margin,"m=0.05, theta=0.04743",val,4FC32141-E888-4BFF-8804-12559A491D8C,6,427,0,0,0,0,0,0
sensitivity_2,margin,"m=0.05, theta=0.04743",val,4FC32141-E888-4BFF-8804-12559A491D8C,7,102,0,0,0,0,0,0
sensitivity_2,margin,"m=0.05, theta=0.04743",val,4FC32141-E888-4BFF-8804-12559A491D8C,8,18,0,0,0,0,0,0
sensitivity_2,margin,"m=0.05, theta=0.04743",val,4FC32141-E888-4BFF-8804-12559A491D8C,10,43,0,0,0,0,0,0
sensitivity_2,margin,"m=0.05, theta=0.04743",val,5119D0F8-FCA8-4184-A4EB-19421A40DE0D,9,1294,0,0,0,0,0,0
sensitivity_2,margin,"m=0.05, theta=0.04743",val,5152A2DF-FAF3-4BA8-9CA9-E66B32671A53,6,697,1,1,2,1,1,1
sensitivity_2,margin,"m=0.05, theta=0.04743",val,5152A2DF-FAF3-4BA8-9CA9-E66B32671A53,7,597,0,0,0,0,0,0
sensitivity_2,margin,"m=0.05, theta=0.04743",val,5EF64122-B513-46AE-BCF1-E62AAC285D2C,9,116,0,0,0,0,0,0
sensitivity_2,margin,"m=0.05, theta=0.04743",val,5EF64122-B513-46AE-BCF1-E62AAC285D2C,10,637,0,0,0,0,0,0
sensitivity_2,margin,"m=0.05, theta=0.04743",val,61976C24-1C50-4355-9C49-AAE44A7D09F6,46,1717,0,0,0,0,0,0
sensitivity_2,margin,"m=0.05, theta=0.04743",val,78A91A4E-4A51-4065-BDA7-94755F0BB3BB,5,597,7,7,14,13,8,7
sensitivity_2,margin,"m=0.05, theta=0.04743",val,78A91A4E-4A51-4065-BDA7-94755F0BB3BB,6,1773,0,0,0,0,0,0
sensitivity_2,margin,"m=0.05, theta=0.04743",val,7CE37510-56D0-4120-A1CF-0E23351428D2,6,1923,2,2,4,2,2,2
sensitivity_2,margin,"m=0.05, theta=0.04743",val,8023FE1A-D3B0-4E2C-A57A-9321B7FC755F,23,972,1,1,2,7,0,0
sensitivity_2,margin,"m=0.05, theta=0.04743",val,8023FE1A-D3B0-4E2C-A57A-9321B7FC755F,24,836,0,0,0,0,0,0
sensitivity_2,margin,"m=0.05, theta=0.04743",val,83CF687B-7CEC-434B-9FE8-00C3D5799BE6,7,1879,1,1,2,1,1,1
sensitivity_2,margin,"m=0.05, theta=0.04743",val,9759096F-1119-4E19-A0AD-6F16989C7E1C,3,474,0,0,0,0,0,0
sensitivity_2,margin,"m=0.05, theta=0.04743",val,9759096F-1119-4E19-A0AD-6F16989C7E1C,4,1489,1,1,2,1,1,1
sensitivity_2,margin,"m=0.05, theta=0.04743",val,9DC38D04-E82E-4F29-AB52-B476535226F2,12,1543,0,0,0,0,0,0
sensitivity_2,margin,"m=0.05, theta=0.04743",val,9DC38D04-E82E-4F29-AB52-B476535226F2,18,359,0,0,0,0,0,0
sensitivity_2,margin,"m=0.05, theta=0.04743",val,A5CDF89D-02A2-4EC1-89F8-F534FDABDD96,12,62,0,0,0,0,0,0
sensitivity_2,margin,"m=0.05, theta=0.04743",val,A5CDF89D-02A2-4EC1-89F8-F534FDABDD96,13,841,1,1,2,7,0,0
sensitivity_2,margin,"m=0.05, theta=0.04743",val,A5CDF89D-02A2-4EC1-89F8-F534FDABDD96,14,276,0,0,0,0,0,0
sensitivity_2,margin,"m=0.05, theta=0.04743",val,A76A5AF5-5A93-4CF2-A16E-62353BB70E8A,2,1475,0,0,0,0,0,0
sensitivity_2,margin,"m=0.05, theta=0.04743",val,B09E373F-8A54-44C8-895B-0039390B859F,9,1598,1,1,2,1,1,1
sensitivity_2,margin,"m=0.05, theta=0.04743",val,B9724848-C7E2-45F4-9B3F-A1F38D864495,10,85,0,0,0,0,0,0
sensitivity_2,margin,"m=0.05, theta=0.04743",val,B9724848-C7E2-45F4-9B3F-A1F38D864495,11,522,3,3,6,4,4,3
sensitivity_2,margin,"m=0.05, theta=0.04743",val,B9724848-C7E2-45F4-9B3F-A1F38D864495,13,880,0,0,0,0,0,0
sensitivity_2,margin,"m=0.05, theta=0.04743",val,BE3CA5A6-A561-4BBD-B7C9-5DF6805400FC,13,681,0,0,0,0,0,0
sensitivity_2,margin,"m=0.05, theta=0.04743",val,BE3CA5A6-A561-4BBD-B7C9-5DF6805400FC,14,79,0,0,0,0,0,0
sensitivity_2,margin,"m=0.05, theta=0.04743",val,BE3CA5A6-A561-4BBD-B7C9-5DF6805400FC,15,430,0,0,0,0,0,0
sensitivity_2,margin,"m=0.05, theta=0.04743",val,BE3CA5A6-A561-4BBD-B7C9-5DF6805400FC,16,442,0,0,0,0,0,0
sensitivity_2,margin,"m=0.05, theta=0.04743",val,C48CE857-A0DD-4DDB-BEA5-3A25449B2153,25,150,0,0,0,0,0,0
sensitivity_2,margin,"m=0.05, theta=0.04743",val,C48CE857-A0DD-4DDB-BEA5-3A25449B2153,26,40,0,0,0,0,0,0
sensitivity_2,margin,"m=0.05, theta=0.04743",val,C48CE857-A0DD-4DDB-BEA5-3A25449B2153,28,151,0,0,0,0,0,0
sensitivity_2,margin,"m=0.05, theta=0.04743",val,C48CE857-A0DD-4DDB-BEA5-3A25449B2153,30,239,0,0,0,0,0,0
sensitivity_2,margin,"m=0.05, theta=0.04743",val,C48CE857-A0DD-4DDB-BEA5-3A25449B2153,31,282,0,0,0,0,0,0
sensitivity_2,margin,"m=0.05, theta=0.04743",val,C48CE857-A0DD-4DDB-BEA5-3A25449B2153,32,115,0,0,0,0,0,0
sensitivity_2,margin,"m=0.05, theta=0.04743",val,CA820D43-E5E2-42EF-9798-BE56F776370B,4,1146,1,1,2,1,1,1
sensitivity_2,margin,"m=0.05, theta=0.04743",val,CA820D43-E5E2-42EF-9798-BE56F776370B,8,394,1,1,2,2,1,1
sensitivity_2,margin,"m=0.05, theta=0.04743",val,CDA3BBF7-6631-45E8-85BA-EEB416B32A3C,2,227,0,0,0,0,0,0
sensitivity_2,margin,"m=0.05, theta=0.04743",val,CDA3BBF7-6631-45E8-85BA-EEB416B32A3C,3,316,0,0,0,0,0,0
sensitivity_2,margin,"m=0.05, theta=0.04743",val,CF722AA9-2533-4E51-9FEB-9EAC84EE9AAC,7,113,0,0,0,0,0,0
sensitivity_2,margin,"m=0.05, theta=0.04743",val,CF722AA9-2533-4E51-9FEB-9EAC84EE9AAC,8,371,0,0,0,0,0,0
sensitivity_2,margin,"m=0.05, theta=0.04743",val,CF722AA9-2533-4E51-9FEB-9EAC84EE9AAC,9,210,0,0,0,0,0,0
sensitivity_2,margin,"m=0.05, theta=0.04743",val,D7D20E2E-FC78-405D-B346-DBD3FD8FC92B,7,175,0,0,0,0,0,0
sensitivity_2,margin,"m=0.05, theta=0.04743",val,D7D20E2E-FC78-405D-B346-DBD3FD8FC92B,8,528,0,0,0,0,0,0
sensitivity_2,margin,"m=0.05, theta=0.04743",val,D7D20E2E-FC78-405D-B346-DBD3FD8FC92B,9,42,0,0,0,0,0,0
sensitivity_2,margin,"m=0.05, theta=0.04743",val,D7D20E2E-FC78-405D-B346-DBD3FD8FC92B,10,153,0,0,0,0,0,0
sensitivity_2,margin,"m=0.05, theta=0.04743",val,D7D20E2E-FC78-405D-B346-DBD3FD8FC92B,11,292,0,0,0,0,0,0
sensitivity_2,margin,"m=0.05, theta=0.04743",val,D7D20E2E-FC78-405D-B346-DBD3FD8FC92B,12,23,0,0,0,0,0,0
sensitivity_2,margin,"m=0.05, theta=0.04743",val,E65577C1-8D5D-4F70-AF23-B3ADB9D3DBA3,3,659,0,0,0,0,0,0
sensitivity_2,margin,"m=0.05, theta=0.04743",val,ECECC2AB-D32F-4F90-B74C-E12A1C69BBE2,12,232,0,0,0,0,0,0
sensitivity_2,margin,"m=0.05, theta=0.04743",val,ECECC2AB-D32F-4F90-B74C-E12A1C69BBE2,13,35,0,0,0,0,0,0
sensitivity_2,margin,"m=0.05, theta=0.04743",val,ECECC2AB-D32F-4F90-B74C-E12A1C69BBE2,14,204,1,1,2,5,1,1
sensitivity_2,margin,"m=0.05, theta=0.04743",val,ECECC2AB-D32F-4F90-B74C-E12A1C69BBE2,15,206,0,0,0,0,0,0
sensitivity_2,margin,"m=0.05, theta=0.04743",val,FDAA70A1-42A3-4E3F-9AE3-3FDA412E03BF,18,966,1,1,2,2,1,1
sensitivity_2,hysteresis,"m=0.3, T=2, theta=0.2315",val,00EABED2-271D-49D8-B599-1D4A09240601,23,428,1,1,2,14,0,0
sensitivity_2,hysteresis,"m=0.3, T=2, theta=0.2315",val,098A72A5-E3E5-4F54-A152-BBDA0DF7B694,5,174,0,0,0,0,0,0
sensitivity_2,hysteresis,"m=0.3, T=2, theta=0.2315",val,098A72A5-E3E5-4F54-A152-BBDA0DF7B694,6,134,0,0,0,0,0,0
sensitivity_2,hysteresis,"m=0.3, T=2, theta=0.2315",val,098A72A5-E3E5-4F54-A152-BBDA0DF7B694,7,13,0,0,0,0,0,0
sensitivity_2,hysteresis,"m=0.3, T=2, theta=0.2315",val,098A72A5-E3E5-4F54-A152-BBDA0DF7B694,8,275,0,0,0,0,0,0
sensitivity_2,hysteresis,"m=0.3, T=2, theta=0.2315",val,098A72A5-E3E5-4F54-A152-BBDA0DF7B694,9,459,0,0,0,0,0,0
sensitivity_2,hysteresis,"m=0.3, T=2, theta=0.2315",val,098A72A5-E3E5-4F54-A152-BBDA0DF7B694,10,75,0,0,0,0,0,0
sensitivity_2,hysteresis,"m=0.3, T=2, theta=0.2315",val,098A72A5-E3E5-4F54-A152-BBDA0DF7B694,11,44,0,0,0,0,0,0
sensitivity_2,hysteresis,"m=0.3, T=2, theta=0.2315",val,098A72A5-E3E5-4F54-A152-BBDA0DF7B694,13,156,0,0,0,0,0,0
sensitivity_2,hysteresis,"m=0.3, T=2, theta=0.2315",val,0A986513-7828-4D53-AA1F-E02D6DF9561B,6,763,2,2,4,19,1,1
sensitivity_2,hysteresis,"m=0.3, T=2, theta=0.2315",val,11B5EC4D-4133-4289-B475-4E737182A406,3,616,1,1,2,2,1,1
sensitivity_2,hysteresis,"m=0.3, T=2, theta=0.2315",val,11B5EC4D-4133-4289-B475-4E737182A406,4,799,1,1,2,8,0,0
sensitivity_2,hysteresis,"m=0.3, T=2, theta=0.2315",val,11B5EC4D-4133-4289-B475-4E737182A406,5,324,0,0,0,0,0,0
sensitivity_2,hysteresis,"m=0.3, T=2, theta=0.2315",val,136562B6-95B2-483D-88DC-065F28409FD2,17,181,0,0,0,0,0,0
sensitivity_2,hysteresis,"m=0.3, T=2, theta=0.2315",val,136562B6-95B2-483D-88DC-065F28409FD2,18,847,0,0,0,0,0,0
sensitivity_2,hysteresis,"m=0.3, T=2, theta=0.2315",val,136562B6-95B2-483D-88DC-065F28409FD2,19,80,0,0,0,0,0,0
sensitivity_2,hysteresis,"m=0.3, T=2, theta=0.2315",val,136562B6-95B2-483D-88DC-065F28409FD2,20,107,0,0,0,0,0,0
sensitivity_2,hysteresis,"m=0.3, T=2, theta=0.2315",val,1538C99F-BA1E-4EFB-A949-6C7C47701B20,25,291,0,0,0,0,0,0
sensitivity_2,hysteresis,"m=0.3, T=2, theta=0.2315",val,1538C99F-BA1E-4EFB-A949-6C7C47701B20,26,82,0,0,0,0,0,0
sensitivity_2,hysteresis,"m=0.3, T=2, theta=0.2315",val,1538C99F-BA1E-4EFB-A949-6C7C47701B20,27,160,0,0,0,0,0,0
sensitivity_2,hysteresis,"m=0.3, T=2, theta=0.2315",val,1538C99F-BA1E-4EFB-A949-6C7C47701B20,28,748,0,0,0,0,0,0
sensitivity_2,hysteresis,"m=0.3, T=2, theta=0.2315",val,24E40C4C-A349-4F9F-93AB-01D00FB994AF,12,236,0,0,0,0,0,0
sensitivity_2,hysteresis,"m=0.3, T=2, theta=0.2315",val,24E40C4C-A349-4F9F-93AB-01D00FB994AF,13,213,0,0,0,0,0,0
sensitivity_2,hysteresis,"m=0.3, T=2, theta=0.2315",val,24E40C4C-A349-4F9F-93AB-01D00FB994AF,14,141,0,0,0,0,0,0
sensitivity_2,hysteresis,"m=0.3, T=2, theta=0.2315",val,24E40C4C-A349-4F9F-93AB-01D00FB994AF,15,317,0,0,0,0,0,0
sensitivity_2,hysteresis,"m=0.3, T=2, theta=0.2315",val,24E40C4C-A349-4F9F-93AB-01D00FB994AF,16,18,0,0,0,0,0,0
sensitivity_2,hysteresis,"m=0.3, T=2, theta=0.2315",val,2C32C23E-E30C-498A-8DD2-0EFB9150A02E,9,1674,3,3,6,42,2,0
sensitivity_2,hysteresis,"m=0.3, T=2, theta=0.2315",val,3600D531-0C55-44A7-AE95-A7A38519464E,20,842,0,0,0,0,0,0
sensitivity_2,hysteresis,"m=0.3, T=2, theta=0.2315",val,3600D531-0C55-44A7-AE95-A7A38519464E,21,54,0,0,0,0,0,0
sensitivity_2,hysteresis,"m=0.3, T=2, theta=0.2315",val,3600D531-0C55-44A7-AE95-A7A38519464E,22,107,0,0,0,0,0,0
sensitivity_2,hysteresis,"m=0.3, T=2, theta=0.2315",val,3600D531-0C55-44A7-AE95-A7A38519464E,24,14,0,0,0,0,0,0
sensitivity_2,hysteresis,"m=0.3, T=2, theta=0.2315",val,4FC32141-E888-4BFF-8804-12559A491D8C,4,43,0,0,0,0,0,0
sensitivity_2,hysteresis,"m=0.3, T=2, theta=0.2315",val,4FC32141-E888-4BFF-8804-12559A491D8C,5,325,0,0,0,0,0,0
sensitivity_2,hysteresis,"m=0.3, T=2, theta=0.2315",val,4FC32141-E888-4BFF-8804-12559A491D8C,6,427,0,0,0,0,0,0
sensitivity_2,hysteresis,"m=0.3, T=2, theta=0.2315",val,4FC32141-E888-4BFF-8804-12559A491D8C,7,102,0,0,0,0,0,0
sensitivity_2,hysteresis,"m=0.3, T=2, theta=0.2315",val,4FC32141-E888-4BFF-8804-12559A491D8C,8,18,0,0,0,0,0,0
sensitivity_2,hysteresis,"m=0.3, T=2, theta=0.2315",val,4FC32141-E888-4BFF-8804-12559A491D8C,10,43,0,0,0,0,0,0
sensitivity_2,hysteresis,"m=0.3, T=2, theta=0.2315",val,5119D0F8-FCA8-4184-A4EB-19421A40DE0D,9,1294,1,1,2,20,0,0
sensitivity_2,hysteresis,"m=0.3, T=2, theta=0.2315",val,5152A2DF-FAF3-4BA8-9CA9-E66B32671A53,6,697,1,1,2,26,0,0
sensitivity_2,hysteresis,"m=0.3, T=2, theta=0.2315",val,5152A2DF-FAF3-4BA8-9CA9-E66B32671A53,7,597,0,0,0,0,0,0
sensitivity_2,hysteresis,"m=0.3, T=2, theta=0.2315",val,5EF64122-B513-46AE-BCF1-E62AAC285D2C,9,116,0,0,0,0,0,0
sensitivity_2,hysteresis,"m=0.3, T=2, theta=0.2315",val,5EF64122-B513-46AE-BCF1-E62AAC285D2C,10,637,1,1,2,3,1,1
sensitivity_2,hysteresis,"m=0.3, T=2, theta=0.2315",val,61976C24-1C50-4355-9C49-AAE44A7D09F6,46,1717,0,0,0,0,0,0
sensitivity_2,hysteresis,"m=0.3, T=2, theta=0.2315",val,78A91A4E-4A51-4065-BDA7-94755F0BB3BB,5,597,3,3,6,44,1,1
sensitivity_2,hysteresis,"m=0.3, T=2, theta=0.2315",val,78A91A4E-4A51-4065-BDA7-94755F0BB3BB,6,1773,0,0,0,0,0,0
sensitivity_2,hysteresis,"m=0.3, T=2, theta=0.2315",val,7CE37510-56D0-4120-A1CF-0E23351428D2,6,1923,1,1,2,2,1,1
sensitivity_2,hysteresis,"m=0.3, T=2, theta=0.2315",val,8023FE1A-D3B0-4E2C-A57A-9321B7FC755F,23,972,1,1,2,7,0,0
sensitivity_2,hysteresis,"m=0.3, T=2, theta=0.2315",val,8023FE1A-D3B0-4E2C-A57A-9321B7FC755F,24,836,0,0,0,0,0,0
sensitivity_2,hysteresis,"m=0.3, T=2, theta=0.2315",val,83CF687B-7CEC-434B-9FE8-00C3D5799BE6,7,1879,0,0,0,0,0,0
sensitivity_2,hysteresis,"m=0.3, T=2, theta=0.2315",val,9759096F-1119-4E19-A0AD-6F16989C7E1C,3,474,0,0,0,0,0,0
sensitivity_2,hysteresis,"m=0.3, T=2, theta=0.2315",val,9759096F-1119-4E19-A0AD-6F16989C7E1C,4,1489,1,1,2,2,1,1
sensitivity_2,hysteresis,"m=0.3, T=2, theta=0.2315",val,9DC38D04-E82E-4F29-AB52-B476535226F2,12,1543,1,1,2,3,1,1
sensitivity_2,hysteresis,"m=0.3, T=2, theta=0.2315",val,9DC38D04-E82E-4F29-AB52-B476535226F2,18,359,0,0,0,0,0,0
sensitivity_2,hysteresis,"m=0.3, T=2, theta=0.2315",val,A5CDF89D-02A2-4EC1-89F8-F534FDABDD96,12,62,0,0,0,0,0,0
sensitivity_2,hysteresis,"m=0.3, T=2, theta=0.2315",val,A5CDF89D-02A2-4EC1-89F8-F534FDABDD96,13,841,1,1,2,11,0,0
sensitivity_2,hysteresis,"m=0.3, T=2, theta=0.2315",val,A5CDF89D-02A2-4EC1-89F8-F534FDABDD96,14,276,0,0,0,0,0,0
sensitivity_2,hysteresis,"m=0.3, T=2, theta=0.2315",val,A76A5AF5-5A93-4CF2-A16E-62353BB70E8A,2,1475,0,0,0,0,0,0
sensitivity_2,hysteresis,"m=0.3, T=2, theta=0.2315",val,B09E373F-8A54-44C8-895B-0039390B859F,9,1598,1,1,2,5,1,1
sensitivity_2,hysteresis,"m=0.3, T=2, theta=0.2315",val,B9724848-C7E2-45F4-9B3F-A1F38D864495,10,85,0,0,0,0,0,0
sensitivity_2,hysteresis,"m=0.3, T=2, theta=0.2315",val,B9724848-C7E2-45F4-9B3F-A1F38D864495,11,522,1,1,2,10,0,0
sensitivity_2,hysteresis,"m=0.3, T=2, theta=0.2315",val,B9724848-C7E2-45F4-9B3F-A1F38D864495,13,880,1,1,2,4,1,1
sensitivity_2,hysteresis,"m=0.3, T=2, theta=0.2315",val,BE3CA5A6-A561-4BBD-B7C9-5DF6805400FC,13,681,0,0,0,0,0,0
sensitivity_2,hysteresis,"m=0.3, T=2, theta=0.2315",val,BE3CA5A6-A561-4BBD-B7C9-5DF6805400FC,14,79,0,0,0,0,0,0
sensitivity_2,hysteresis,"m=0.3, T=2, theta=0.2315",val,BE3CA5A6-A561-4BBD-B7C9-5DF6805400FC,15,430,0,0,0,0,0,0
sensitivity_2,hysteresis,"m=0.3, T=2, theta=0.2315",val,BE3CA5A6-A561-4BBD-B7C9-5DF6805400FC,16,442,0,0,0,0,0,0
sensitivity_2,hysteresis,"m=0.3, T=2, theta=0.2315",val,C48CE857-A0DD-4DDB-BEA5-3A25449B2153,25,150,0,0,0,0,0,0
sensitivity_2,hysteresis,"m=0.3, T=2, theta=0.2315",val,C48CE857-A0DD-4DDB-BEA5-3A25449B2153,26,40,0,0,0,0,0,0
sensitivity_2,hysteresis,"m=0.3, T=2, theta=0.2315",val,C48CE857-A0DD-4DDB-BEA5-3A25449B2153,28,151,0,0,0,0,0,0
sensitivity_2,hysteresis,"m=0.3, T=2, theta=0.2315",val,C48CE857-A0DD-4DDB-BEA5-3A25449B2153,30,239,0,0,0,0,0,0
sensitivity_2,hysteresis,"m=0.3, T=2, theta=0.2315",val,C48CE857-A0DD-4DDB-BEA5-3A25449B2153,31,282,0,0,0,0,0,0
sensitivity_2,hysteresis,"m=0.3, T=2, theta=0.2315",val,C48CE857-A0DD-4DDB-BEA5-3A25449B2153,32,115,0,0,0,0,0,0
sensitivity_2,hysteresis,"m=0.3, T=2, theta=0.2315",val,CA820D43-E5E2-42EF-9798-BE56F776370B,4,1146,0,0,0,0,0,0
sensitivity_2,hysteresis,"m=0.3, T=2, theta=0.2315",val,CA820D43-E5E2-42EF-9798-BE56F776370B,8,394,1,1,2,4,1,1
sensitivity_2,hysteresis,"m=0.3, T=2, theta=0.2315",val,CDA3BBF7-6631-45E8-85BA-EEB416B32A3C,2,227,0,0,0,0,0,0
sensitivity_2,hysteresis,"m=0.3, T=2, theta=0.2315",val,CDA3BBF7-6631-45E8-85BA-EEB416B32A3C,3,316,0,0,0,0,0,0
sensitivity_2,hysteresis,"m=0.3, T=2, theta=0.2315",val,CF722AA9-2533-4E51-9FEB-9EAC84EE9AAC,7,113,0,0,0,0,0,0
sensitivity_2,hysteresis,"m=0.3, T=2, theta=0.2315",val,CF722AA9-2533-4E51-9FEB-9EAC84EE9AAC,8,371,1,0,1,53,0,0
sensitivity_2,hysteresis,"m=0.3, T=2, theta=0.2315",val,CF722AA9-2533-4E51-9FEB-9EAC84EE9AAC,9,210,0,0,0,0,0,0
sensitivity_2,hysteresis,"m=0.3, T=2, theta=0.2315",val,D7D20E2E-FC78-405D-B346-DBD3FD8FC92B,7,175,0,0,0,0,0,0
sensitivity_2,hysteresis,"m=0.3, T=2, theta=0.2315",val,D7D20E2E-FC78-405D-B346-DBD3FD8FC92B,8,528,0,0,0,0,0,0
sensitivity_2,hysteresis,"m=0.3, T=2, theta=0.2315",val,D7D20E2E-FC78-405D-B346-DBD3FD8FC92B,9,42,1,1,2,2,1,1
sensitivity_2,hysteresis,"m=0.3, T=2, theta=0.2315",val,D7D20E2E-FC78-405D-B346-DBD3FD8FC92B,10,153,0,0,0,0,0,0
sensitivity_2,hysteresis,"m=0.3, T=2, theta=0.2315",val,D7D20E2E-FC78-405D-B346-DBD3FD8FC92B,11,292,0,0,0,0,0,0
sensitivity_2,hysteresis,"m=0.3, T=2, theta=0.2315",val,D7D20E2E-FC78-405D-B346-DBD3FD8FC92B,12,23,0,0,0,0,0,0
sensitivity_2,hysteresis,"m=0.3, T=2, theta=0.2315",val,E65577C1-8D5D-4F70-AF23-B3ADB9D3DBA3,3,659,3,3,6,9,3,3
sensitivity_2,hysteresis,"m=0.3, T=2, theta=0.2315",val,ECECC2AB-D32F-4F90-B74C-E12A1C69BBE2,12,232,0,0,0,0,0,0
sensitivity_2,hysteresis,"m=0.3, T=2, theta=0.2315",val,ECECC2AB-D32F-4F90-B74C-E12A1C69BBE2,13,35,0,0,0,0,0,0
sensitivity_2,hysteresis,"m=0.3, T=2, theta=0.2315",val,ECECC2AB-D32F-4F90-B74C-E12A1C69BBE2,14,204,1,1,2,9,0,0
sensitivity_2,hysteresis,"m=0.3, T=2, theta=0.2315",val,ECECC2AB-D32F-4F90-B74C-E12A1C69BBE2,15,206,0,0,0,0,0,0
sensitivity_2,hysteresis,"m=0.3, T=2, theta=0.2315",val,FDAA70A1-42A3-4E3F-9AE3-3FDA412E03BF,18,966,2,2,4,28,1,1
sensitivity_2,trust,"r=0.5, tau=0.5, theta=0.2689",val,00EABED2-271D-49D8-B599-1D4A09240601,23,428,1,1,2,12,0,0
sensitivity_2,trust,"r=0.5, tau=0.5, theta=0.2689",val,098A72A5-E3E5-4F54-A152-BBDA0DF7B694,5,174,0,0,0,0,0,0
sensitivity_2,trust,"r=0.5, tau=0.5, theta=0.2689",val,098A72A5-E3E5-4F54-A152-BBDA0DF7B694,6,134,0,0,0,0,0,0
sensitivity_2,trust,"r=0.5, tau=0.5, theta=0.2689",val,098A72A5-E3E5-4F54-A152-BBDA0DF7B694,7,13,0,0,0,0,0,0
sensitivity_2,trust,"r=0.5, tau=0.5, theta=0.2689",val,098A72A5-E3E5-4F54-A152-BBDA0DF7B694,8,275,0,0,0,0,0,0
sensitivity_2,trust,"r=0.5, tau=0.5, theta=0.2689",val,098A72A5-E3E5-4F54-A152-BBDA0DF7B694,9,459,0,0,0,0,0,0
sensitivity_2,trust,"r=0.5, tau=0.5, theta=0.2689",val,098A72A5-E3E5-4F54-A152-BBDA0DF7B694,10,75,0,0,0,0,0,0
sensitivity_2,trust,"r=0.5, tau=0.5, theta=0.2689",val,098A72A5-E3E5-4F54-A152-BBDA0DF7B694,11,44,0,0,0,0,0,0
sensitivity_2,trust,"r=0.5, tau=0.5, theta=0.2689",val,098A72A5-E3E5-4F54-A152-BBDA0DF7B694,13,156,0,0,0,0,0,0
sensitivity_2,trust,"r=0.5, tau=0.5, theta=0.2689",val,0A986513-7828-4D53-AA1F-E02D6DF9561B,6,763,1,1,2,13,0,0
sensitivity_2,trust,"r=0.5, tau=0.5, theta=0.2689",val,11B5EC4D-4133-4289-B475-4E737182A406,3,616,0,0,0,0,0,0
sensitivity_2,trust,"r=0.5, tau=0.5, theta=0.2689",val,11B5EC4D-4133-4289-B475-4E737182A406,4,799,0,0,0,0,0,0
sensitivity_2,trust,"r=0.5, tau=0.5, theta=0.2689",val,11B5EC4D-4133-4289-B475-4E737182A406,5,324,0,0,0,0,0,0
sensitivity_2,trust,"r=0.5, tau=0.5, theta=0.2689",val,136562B6-95B2-483D-88DC-065F28409FD2,17,181,0,0,0,0,0,0
sensitivity_2,trust,"r=0.5, tau=0.5, theta=0.2689",val,136562B6-95B2-483D-88DC-065F28409FD2,18,847,1,1,2,12,0,0
sensitivity_2,trust,"r=0.5, tau=0.5, theta=0.2689",val,136562B6-95B2-483D-88DC-065F28409FD2,19,80,0,0,0,0,0,0
sensitivity_2,trust,"r=0.5, tau=0.5, theta=0.2689",val,136562B6-95B2-483D-88DC-065F28409FD2,20,107,0,0,0,0,0,0
sensitivity_2,trust,"r=0.5, tau=0.5, theta=0.2689",val,1538C99F-BA1E-4EFB-A949-6C7C47701B20,25,291,0,0,0,0,0,0
sensitivity_2,trust,"r=0.5, tau=0.5, theta=0.2689",val,1538C99F-BA1E-4EFB-A949-6C7C47701B20,26,82,0,0,0,0,0,0
sensitivity_2,trust,"r=0.5, tau=0.5, theta=0.2689",val,1538C99F-BA1E-4EFB-A949-6C7C47701B20,27,160,0,0,0,0,0,0
sensitivity_2,trust,"r=0.5, tau=0.5, theta=0.2689",val,1538C99F-BA1E-4EFB-A949-6C7C47701B20,28,748,0,0,0,0,0,0
sensitivity_2,trust,"r=0.5, tau=0.5, theta=0.2689",val,24E40C4C-A349-4F9F-93AB-01D00FB994AF,12,236,0,0,0,0,0,0
sensitivity_2,trust,"r=0.5, tau=0.5, theta=0.2689",val,24E40C4C-A349-4F9F-93AB-01D00FB994AF,13,213,0,0,0,0,0,0
sensitivity_2,trust,"r=0.5, tau=0.5, theta=0.2689",val,24E40C4C-A349-4F9F-93AB-01D00FB994AF,14,141,0,0,0,0,0,0
sensitivity_2,trust,"r=0.5, tau=0.5, theta=0.2689",val,24E40C4C-A349-4F9F-93AB-01D00FB994AF,15,317,0,0,0,0,0,0
sensitivity_2,trust,"r=0.5, tau=0.5, theta=0.2689",val,24E40C4C-A349-4F9F-93AB-01D00FB994AF,16,18,0,0,0,0,0,0
sensitivity_2,trust,"r=0.5, tau=0.5, theta=0.2689",val,2C32C23E-E30C-498A-8DD2-0EFB9150A02E,9,1674,2,2,4,32,0,0
sensitivity_2,trust,"r=0.5, tau=0.5, theta=0.2689",val,3600D531-0C55-44A7-AE95-A7A38519464E,20,842,0,0,0,0,0,0
sensitivity_2,trust,"r=0.5, tau=0.5, theta=0.2689",val,3600D531-0C55-44A7-AE95-A7A38519464E,21,54,0,0,0,0,0,0
sensitivity_2,trust,"r=0.5, tau=0.5, theta=0.2689",val,3600D531-0C55-44A7-AE95-A7A38519464E,22,107,0,0,0,0,0,0
sensitivity_2,trust,"r=0.5, tau=0.5, theta=0.2689",val,3600D531-0C55-44A7-AE95-A7A38519464E,24,14,0,0,0,0,0,0
sensitivity_2,trust,"r=0.5, tau=0.5, theta=0.2689",val,4FC32141-E888-4BFF-8804-12559A491D8C,4,43,0,0,0,0,0,0
sensitivity_2,trust,"r=0.5, tau=0.5, theta=0.2689",val,4FC32141-E888-4BFF-8804-12559A491D8C,5,325,0,0,0,0,0,0
sensitivity_2,trust,"r=0.5, tau=0.5, theta=0.2689",val,4FC32141-E888-4BFF-8804-12559A491D8C,6,427,0,0,0,0,0,0
sensitivity_2,trust,"r=0.5, tau=0.5, theta=0.2689",val,4FC32141-E888-4BFF-8804-12559A491D8C,7,102,0,0,0,0,0,0
sensitivity_2,trust,"r=0.5, tau=0.5, theta=0.2689",val,4FC32141-E888-4BFF-8804-12559A491D8C,8,18,0,0,0,0,0,0
sensitivity_2,trust,"r=0.5, tau=0.5, theta=0.2689",val,4FC32141-E888-4BFF-8804-12559A491D8C,10,43,0,0,0,0,0,0
sensitivity_2,trust,"r=0.5, tau=0.5, theta=0.2689",val,5119D0F8-FCA8-4184-A4EB-19421A40DE0D,9,1294,4,4,8,28,3,2
sensitivity_2,trust,"r=0.5, tau=0.5, theta=0.2689",val,5152A2DF-FAF3-4BA8-9CA9-E66B32671A53,6,697,2,2,4,21,2,1
sensitivity_2,trust,"r=0.5, tau=0.5, theta=0.2689",val,5152A2DF-FAF3-4BA8-9CA9-E66B32671A53,7,597,0,0,0,0,0,0
sensitivity_2,trust,"r=0.5, tau=0.5, theta=0.2689",val,5EF64122-B513-46AE-BCF1-E62AAC285D2C,9,116,0,0,0,0,0,0
sensitivity_2,trust,"r=0.5, tau=0.5, theta=0.2689",val,5EF64122-B513-46AE-BCF1-E62AAC285D2C,10,637,0,0,0,0,0,0
sensitivity_2,trust,"r=0.5, tau=0.5, theta=0.2689",val,61976C24-1C50-4355-9C49-AAE44A7D09F6,46,1717,3,3,6,17,4,2
sensitivity_2,trust,"r=0.5, tau=0.5, theta=0.2689",val,78A91A4E-4A51-4065-BDA7-94755F0BB3BB,5,597,2,2,4,40,0,0
sensitivity_2,trust,"r=0.5, tau=0.5, theta=0.2689",val,78A91A4E-4A51-4065-BDA7-94755F0BB3BB,6,1773,0,0,0,0,0,0
sensitivity_2,trust,"r=0.5, tau=0.5, theta=0.2689",val,7CE37510-56D0-4120-A1CF-0E23351428D2,6,1923,0,0,0,0,0,0
sensitivity_2,trust,"r=0.5, tau=0.5, theta=0.2689",val,8023FE1A-D3B0-4E2C-A57A-9321B7FC755F,23,972,1,1,2,5,1,1
sensitivity_2,trust,"r=0.5, tau=0.5, theta=0.2689",val,8023FE1A-D3B0-4E2C-A57A-9321B7FC755F,24,836,0,0,0,0,0,0
sensitivity_2,trust,"r=0.5, tau=0.5, theta=0.2689",val,83CF687B-7CEC-434B-9FE8-00C3D5799BE6,7,1879,4,4,8,9,5,4
sensitivity_2,trust,"r=0.5, tau=0.5, theta=0.2689",val,9759096F-1119-4E19-A0AD-6F16989C7E1C,3,474,0,0,0,0,0,0
sensitivity_2,trust,"r=0.5, tau=0.5, theta=0.2689",val,9759096F-1119-4E19-A0AD-6F16989C7E1C,4,1489,1,1,2,3,1,1
sensitivity_2,trust,"r=0.5, tau=0.5, theta=0.2689",val,9DC38D04-E82E-4F29-AB52-B476535226F2,12,1543,0,0,0,0,0,0
sensitivity_2,trust,"r=0.5, tau=0.5, theta=0.2689",val,9DC38D04-E82E-4F29-AB52-B476535226F2,18,359,0,0,0,0,0,0
sensitivity_2,trust,"r=0.5, tau=0.5, theta=0.2689",val,A5CDF89D-02A2-4EC1-89F8-F534FDABDD96,12,62,0,0,0,0,0,0
sensitivity_2,trust,"r=0.5, tau=0.5, theta=0.2689",val,A5CDF89D-02A2-4EC1-89F8-F534FDABDD96,13,841,1,1,2,8,0,0
sensitivity_2,trust,"r=0.5, tau=0.5, theta=0.2689",val,A5CDF89D-02A2-4EC1-89F8-F534FDABDD96,14,276,0,0,0,0,0,0
sensitivity_2,trust,"r=0.5, tau=0.5, theta=0.2689",val,A76A5AF5-5A93-4CF2-A16E-62353BB70E8A,2,1475,0,0,0,0,0,0
sensitivity_2,trust,"r=0.5, tau=0.5, theta=0.2689",val,B09E373F-8A54-44C8-895B-0039390B859F,9,1598,2,2,4,5,2,2
sensitivity_2,trust,"r=0.5, tau=0.5, theta=0.2689",val,B9724848-C7E2-45F4-9B3F-A1F38D864495,10,85,0,0,0,0,0,0
sensitivity_2,trust,"r=0.5, tau=0.5, theta=0.2689",val,B9724848-C7E2-45F4-9B3F-A1F38D864495,11,522,1,1,2,10,0,0
sensitivity_2,trust,"r=0.5, tau=0.5, theta=0.2689",val,B9724848-C7E2-45F4-9B3F-A1F38D864495,13,880,0,0,0,0,0,0
sensitivity_2,trust,"r=0.5, tau=0.5, theta=0.2689",val,BE3CA5A6-A561-4BBD-B7C9-5DF6805400FC,13,681,0,0,0,0,0,0
sensitivity_2,trust,"r=0.5, tau=0.5, theta=0.2689",val,BE3CA5A6-A561-4BBD-B7C9-5DF6805400FC,14,79,0,0,0,0,0,0
sensitivity_2,trust,"r=0.5, tau=0.5, theta=0.2689",val,BE3CA5A6-A561-4BBD-B7C9-5DF6805400FC,15,430,0,0,0,0,0,0
sensitivity_2,trust,"r=0.5, tau=0.5, theta=0.2689",val,BE3CA5A6-A561-4BBD-B7C9-5DF6805400FC,16,442,0,0,0,0,0,0
sensitivity_2,trust,"r=0.5, tau=0.5, theta=0.2689",val,C48CE857-A0DD-4DDB-BEA5-3A25449B2153,25,150,0,0,0,0,0,0
sensitivity_2,trust,"r=0.5, tau=0.5, theta=0.2689",val,C48CE857-A0DD-4DDB-BEA5-3A25449B2153,26,40,0,0,0,0,0,0
sensitivity_2,trust,"r=0.5, tau=0.5, theta=0.2689",val,C48CE857-A0DD-4DDB-BEA5-3A25449B2153,28,151,0,0,0,0,0,0
sensitivity_2,trust,"r=0.5, tau=0.5, theta=0.2689",val,C48CE857-A0DD-4DDB-BEA5-3A25449B2153,30,239,0,0,0,0,0,0
sensitivity_2,trust,"r=0.5, tau=0.5, theta=0.2689",val,C48CE857-A0DD-4DDB-BEA5-3A25449B2153,31,282,0,0,0,0,0,0
sensitivity_2,trust,"r=0.5, tau=0.5, theta=0.2689",val,C48CE857-A0DD-4DDB-BEA5-3A25449B2153,32,115,0,0,0,0,0,0
sensitivity_2,trust,"r=0.5, tau=0.5, theta=0.2689",val,CA820D43-E5E2-42EF-9798-BE56F776370B,4,1146,0,0,0,0,0,0
sensitivity_2,trust,"r=0.5, tau=0.5, theta=0.2689",val,CA820D43-E5E2-42EF-9798-BE56F776370B,8,394,0,0,0,0,0,0
sensitivity_2,trust,"r=0.5, tau=0.5, theta=0.2689",val,CDA3BBF7-6631-45E8-85BA-EEB416B32A3C,2,227,0,0,0,0,0,0
sensitivity_2,trust,"r=0.5, tau=0.5, theta=0.2689",val,CDA3BBF7-6631-45E8-85BA-EEB416B32A3C,3,316,0,0,0,0,0,0
sensitivity_2,trust,"r=0.5, tau=0.5, theta=0.2689",val,CF722AA9-2533-4E51-9FEB-9EAC84EE9AAC,7,113,0,0,0,0,0,0
sensitivity_2,trust,"r=0.5, tau=0.5, theta=0.2689",val,CF722AA9-2533-4E51-9FEB-9EAC84EE9AAC,8,371,1,0,1,66,0,0
sensitivity_2,trust,"r=0.5, tau=0.5, theta=0.2689",val,CF722AA9-2533-4E51-9FEB-9EAC84EE9AAC,9,210,0,0,0,0,0,0
sensitivity_2,trust,"r=0.5, tau=0.5, theta=0.2689",val,D7D20E2E-FC78-405D-B346-DBD3FD8FC92B,7,175,0,0,0,0,0,0
sensitivity_2,trust,"r=0.5, tau=0.5, theta=0.2689",val,D7D20E2E-FC78-405D-B346-DBD3FD8FC92B,8,528,0,0,0,0,0,0
sensitivity_2,trust,"r=0.5, tau=0.5, theta=0.2689",val,D7D20E2E-FC78-405D-B346-DBD3FD8FC92B,9,42,0,0,0,0,0,0
sensitivity_2,trust,"r=0.5, tau=0.5, theta=0.2689",val,D7D20E2E-FC78-405D-B346-DBD3FD8FC92B,10,153,2,2,4,48,1,0
sensitivity_2,trust,"r=0.5, tau=0.5, theta=0.2689",val,D7D20E2E-FC78-405D-B346-DBD3FD8FC92B,11,292,0,0,0,0,0,0
sensitivity_2,trust,"r=0.5, tau=0.5, theta=0.2689",val,D7D20E2E-FC78-405D-B346-DBD3FD8FC92B,12,23,0,0,0,0,0,0
sensitivity_2,trust,"r=0.5, tau=0.5, theta=0.2689",val,E65577C1-8D5D-4F70-AF23-B3ADB9D3DBA3,3,659,0,0,0,0,0,0
sensitivity_2,trust,"r=0.5, tau=0.5, theta=0.2689",val,ECECC2AB-D32F-4F90-B74C-E12A1C69BBE2,12,232,0,0,0,0,0,0
sensitivity_2,trust,"r=0.5, tau=0.5, theta=0.2689",val,ECECC2AB-D32F-4F90-B74C-E12A1C69BBE2,13,35,0,0,0,0,0,0
sensitivity_2,trust,"r=0.5, tau=0.5, theta=0.2689",val,ECECC2AB-D32F-4F90-B74C-E12A1C69BBE2,14,204,1,1,2,7,0,0
sensitivity_2,trust,"r=0.5, tau=0.5, theta=0.2689",val,ECECC2AB-D32F-4F90-B74C-E12A1C69BBE2,15,206,0,0,0,0,0,0
sensitivity_2,trust,"r=0.5, tau=0.5, theta=0.2689",val,FDAA70A1-42A3-4E3F-9AE3-3FDA412E03BF,18,966,2,2,4,25,1,1
sensitivity_2,sprt,"alpha=0.001, beta=1.35e-08",val,00EABED2-271D-49D8-B599-1D4A09240601,23,428,1,1,2,14,0,0
sensitivity_2,sprt,"alpha=0.001, beta=1.35e-08",val,098A72A5-E3E5-4F54-A152-BBDA0DF7B694,5,174,0,0,0,0,0,0
sensitivity_2,sprt,"alpha=0.001, beta=1.35e-08",val,098A72A5-E3E5-4F54-A152-BBDA0DF7B694,6,134,0,0,0,0,0,0
sensitivity_2,sprt,"alpha=0.001, beta=1.35e-08",val,098A72A5-E3E5-4F54-A152-BBDA0DF7B694,7,13,0,0,0,0,0,0
sensitivity_2,sprt,"alpha=0.001, beta=1.35e-08",val,098A72A5-E3E5-4F54-A152-BBDA0DF7B694,8,275,0,0,0,0,0,0
sensitivity_2,sprt,"alpha=0.001, beta=1.35e-08",val,098A72A5-E3E5-4F54-A152-BBDA0DF7B694,9,459,0,0,0,0,0,0
sensitivity_2,sprt,"alpha=0.001, beta=1.35e-08",val,098A72A5-E3E5-4F54-A152-BBDA0DF7B694,10,75,0,0,0,0,0,0
sensitivity_2,sprt,"alpha=0.001, beta=1.35e-08",val,098A72A5-E3E5-4F54-A152-BBDA0DF7B694,11,44,0,0,0,0,0,0
sensitivity_2,sprt,"alpha=0.001, beta=1.35e-08",val,098A72A5-E3E5-4F54-A152-BBDA0DF7B694,13,156,0,0,0,0,0,0
sensitivity_2,sprt,"alpha=0.001, beta=1.35e-08",val,0A986513-7828-4D53-AA1F-E02D6DF9561B,6,763,2,2,4,18,1,1
sensitivity_2,sprt,"alpha=0.001, beta=1.35e-08",val,11B5EC4D-4133-4289-B475-4E737182A406,3,616,0,0,0,0,0,0
sensitivity_2,sprt,"alpha=0.001, beta=1.35e-08",val,11B5EC4D-4133-4289-B475-4E737182A406,4,799,1,1,2,8,0,0
sensitivity_2,sprt,"alpha=0.001, beta=1.35e-08",val,11B5EC4D-4133-4289-B475-4E737182A406,5,324,0,0,0,0,0,0
sensitivity_2,sprt,"alpha=0.001, beta=1.35e-08",val,136562B6-95B2-483D-88DC-065F28409FD2,17,181,0,0,0,0,0,0
sensitivity_2,sprt,"alpha=0.001, beta=1.35e-08",val,136562B6-95B2-483D-88DC-065F28409FD2,18,847,1,1,2,60,0,0
sensitivity_2,sprt,"alpha=0.001, beta=1.35e-08",val,136562B6-95B2-483D-88DC-065F28409FD2,19,80,0,0,0,0,0,0
sensitivity_2,sprt,"alpha=0.001, beta=1.35e-08",val,136562B6-95B2-483D-88DC-065F28409FD2,20,107,0,0,0,0,0,0
sensitivity_2,sprt,"alpha=0.001, beta=1.35e-08",val,1538C99F-BA1E-4EFB-A949-6C7C47701B20,25,291,0,0,0,0,0,0
sensitivity_2,sprt,"alpha=0.001, beta=1.35e-08",val,1538C99F-BA1E-4EFB-A949-6C7C47701B20,26,82,0,0,0,0,0,0
sensitivity_2,sprt,"alpha=0.001, beta=1.35e-08",val,1538C99F-BA1E-4EFB-A949-6C7C47701B20,27,160,0,0,0,0,0,0
sensitivity_2,sprt,"alpha=0.001, beta=1.35e-08",val,1538C99F-BA1E-4EFB-A949-6C7C47701B20,28,748,0,0,0,0,0,0
sensitivity_2,sprt,"alpha=0.001, beta=1.35e-08",val,24E40C4C-A349-4F9F-93AB-01D00FB994AF,12,236,0,0,0,0,0,0
sensitivity_2,sprt,"alpha=0.001, beta=1.35e-08",val,24E40C4C-A349-4F9F-93AB-01D00FB994AF,13,213,0,0,0,0,0,0
sensitivity_2,sprt,"alpha=0.001, beta=1.35e-08",val,24E40C4C-A349-4F9F-93AB-01D00FB994AF,14,141,0,0,0,0,0,0
sensitivity_2,sprt,"alpha=0.001, beta=1.35e-08",val,24E40C4C-A349-4F9F-93AB-01D00FB994AF,15,317,0,0,0,0,0,0
sensitivity_2,sprt,"alpha=0.001, beta=1.35e-08",val,24E40C4C-A349-4F9F-93AB-01D00FB994AF,16,18,0,0,0,0,0,0
sensitivity_2,sprt,"alpha=0.001, beta=1.35e-08",val,2C32C23E-E30C-498A-8DD2-0EFB9150A02E,9,1674,1,1,2,63,0,0
sensitivity_2,sprt,"alpha=0.001, beta=1.35e-08",val,3600D531-0C55-44A7-AE95-A7A38519464E,20,842,0,0,0,0,0,0
sensitivity_2,sprt,"alpha=0.001, beta=1.35e-08",val,3600D531-0C55-44A7-AE95-A7A38519464E,21,54,1,0,1,14,0,0
sensitivity_2,sprt,"alpha=0.001, beta=1.35e-08",val,3600D531-0C55-44A7-AE95-A7A38519464E,22,107,0,0,0,0,0,0
sensitivity_2,sprt,"alpha=0.001, beta=1.35e-08",val,3600D531-0C55-44A7-AE95-A7A38519464E,24,14,0,0,0,0,0,0
sensitivity_2,sprt,"alpha=0.001, beta=1.35e-08",val,4FC32141-E888-4BFF-8804-12559A491D8C,4,43,0,0,0,0,0,0
sensitivity_2,sprt,"alpha=0.001, beta=1.35e-08",val,4FC32141-E888-4BFF-8804-12559A491D8C,5,325,2,1,3,122,0,0
sensitivity_2,sprt,"alpha=0.001, beta=1.35e-08",val,4FC32141-E888-4BFF-8804-12559A491D8C,6,427,0,0,0,0,0,0
sensitivity_2,sprt,"alpha=0.001, beta=1.35e-08",val,4FC32141-E888-4BFF-8804-12559A491D8C,7,102,0,0,0,0,0,0
sensitivity_2,sprt,"alpha=0.001, beta=1.35e-08",val,4FC32141-E888-4BFF-8804-12559A491D8C,8,18,0,0,0,0,0,0
sensitivity_2,sprt,"alpha=0.001, beta=1.35e-08",val,4FC32141-E888-4BFF-8804-12559A491D8C,10,43,0,0,0,0,0,0
sensitivity_2,sprt,"alpha=0.001, beta=1.35e-08",val,5119D0F8-FCA8-4184-A4EB-19421A40DE0D,9,1294,2,2,4,28,0,0
sensitivity_2,sprt,"alpha=0.001, beta=1.35e-08",val,5152A2DF-FAF3-4BA8-9CA9-E66B32671A53,6,697,1,0,1,63,0,0
sensitivity_2,sprt,"alpha=0.001, beta=1.35e-08",val,5152A2DF-FAF3-4BA8-9CA9-E66B32671A53,7,597,0,0,0,0,0,0
sensitivity_2,sprt,"alpha=0.001, beta=1.35e-08",val,5EF64122-B513-46AE-BCF1-E62AAC285D2C,9,116,0,0,0,0,0,0
sensitivity_2,sprt,"alpha=0.001, beta=1.35e-08",val,5EF64122-B513-46AE-BCF1-E62AAC285D2C,10,637,0,0,0,0,0,0
sensitivity_2,sprt,"alpha=0.001, beta=1.35e-08",val,61976C24-1C50-4355-9C49-AAE44A7D09F6,46,1717,1,1,2,42,0,0
sensitivity_2,sprt,"alpha=0.001, beta=1.35e-08",val,78A91A4E-4A51-4065-BDA7-94755F0BB3BB,5,597,2,2,4,80,0,0
sensitivity_2,sprt,"alpha=0.001, beta=1.35e-08",val,78A91A4E-4A51-4065-BDA7-94755F0BB3BB,6,1773,0,0,0,0,0,0
sensitivity_2,sprt,"alpha=0.001, beta=1.35e-08",val,7CE37510-56D0-4120-A1CF-0E23351428D2,6,1923,1,1,2,20,0,0
sensitivity_2,sprt,"alpha=0.001, beta=1.35e-08",val,8023FE1A-D3B0-4E2C-A57A-9321B7FC755F,23,972,1,1,2,10,0,0
sensitivity_2,sprt,"alpha=0.001, beta=1.35e-08",val,8023FE1A-D3B0-4E2C-A57A-9321B7FC755F,24,836,0,0,0,0,0,0
sensitivity_2,sprt,"alpha=0.001, beta=1.35e-08",val,83CF687B-7CEC-434B-9FE8-00C3D5799BE6,7,1879,2,2,4,44,0,0
sensitivity_2,sprt,"alpha=0.001, beta=1.35e-08",val,9759096F-1119-4E19-A0AD-6F16989C7E1C,3,474,1,1,2,56,0,0
sensitivity_2,sprt,"alpha=0.001, beta=1.35e-08",val,9759096F-1119-4E19-A0AD-6F16989C7E1C,4,1489,1,1,2,7,0,0
sensitivity_2,sprt,"alpha=0.001, beta=1.35e-08",val,9DC38D04-E82E-4F29-AB52-B476535226F2,12,1543,1,1,2,28,0,0
sensitivity_2,sprt,"alpha=0.001, beta=1.35e-08",val,9DC38D04-E82E-4F29-AB52-B476535226F2,18,359,0,0,0,0,0,0
sensitivity_2,sprt,"alpha=0.001, beta=1.35e-08",val,A5CDF89D-02A2-4EC1-89F8-F534FDABDD96,12,62,0,0,0,0,0,0
sensitivity_2,sprt,"alpha=0.001, beta=1.35e-08",val,A5CDF89D-02A2-4EC1-89F8-F534FDABDD96,13,841,1,1,2,9,0,0
sensitivity_2,sprt,"alpha=0.001, beta=1.35e-08",val,A5CDF89D-02A2-4EC1-89F8-F534FDABDD96,14,276,1,1,2,20,0,0
sensitivity_2,sprt,"alpha=0.001, beta=1.35e-08",val,A76A5AF5-5A93-4CF2-A16E-62353BB70E8A,2,1475,0,0,0,0,0,0
sensitivity_2,sprt,"alpha=0.001, beta=1.35e-08",val,B09E373F-8A54-44C8-895B-0039390B859F,9,1598,1,1,2,4,1,1
sensitivity_2,sprt,"alpha=0.001, beta=1.35e-08",val,B9724848-C7E2-45F4-9B3F-A1F38D864495,10,85,0,0,0,0,0,0
sensitivity_2,sprt,"alpha=0.001, beta=1.35e-08",val,B9724848-C7E2-45F4-9B3F-A1F38D864495,11,522,1,1,2,20,0,0
sensitivity_2,sprt,"alpha=0.001, beta=1.35e-08",val,B9724848-C7E2-45F4-9B3F-A1F38D864495,13,880,0,0,0,0,0,0
sensitivity_2,sprt,"alpha=0.001, beta=1.35e-08",val,BE3CA5A6-A561-4BBD-B7C9-5DF6805400FC,13,681,1,0,1,111,0,0
sensitivity_2,sprt,"alpha=0.001, beta=1.35e-08",val,BE3CA5A6-A561-4BBD-B7C9-5DF6805400FC,14,79,0,0,0,0,0,0
sensitivity_2,sprt,"alpha=0.001, beta=1.35e-08",val,BE3CA5A6-A561-4BBD-B7C9-5DF6805400FC,15,430,0,0,0,0,0,0
sensitivity_2,sprt,"alpha=0.001, beta=1.35e-08",val,BE3CA5A6-A561-4BBD-B7C9-5DF6805400FC,16,442,0,0,0,0,0,0
sensitivity_2,sprt,"alpha=0.001, beta=1.35e-08",val,C48CE857-A0DD-4DDB-BEA5-3A25449B2153,25,150,0,0,0,0,0,0
sensitivity_2,sprt,"alpha=0.001, beta=1.35e-08",val,C48CE857-A0DD-4DDB-BEA5-3A25449B2153,26,40,0,0,0,0,0,0
sensitivity_2,sprt,"alpha=0.001, beta=1.35e-08",val,C48CE857-A0DD-4DDB-BEA5-3A25449B2153,28,151,0,0,0,0,0,0
sensitivity_2,sprt,"alpha=0.001, beta=1.35e-08",val,C48CE857-A0DD-4DDB-BEA5-3A25449B2153,30,239,0,0,0,0,0,0
sensitivity_2,sprt,"alpha=0.001, beta=1.35e-08",val,C48CE857-A0DD-4DDB-BEA5-3A25449B2153,31,282,1,1,2,19,0,0
sensitivity_2,sprt,"alpha=0.001, beta=1.35e-08",val,C48CE857-A0DD-4DDB-BEA5-3A25449B2153,32,115,0,0,0,0,0,0
sensitivity_2,sprt,"alpha=0.001, beta=1.35e-08",val,CA820D43-E5E2-42EF-9798-BE56F776370B,4,1146,0,0,0,0,0,0
sensitivity_2,sprt,"alpha=0.001, beta=1.35e-08",val,CA820D43-E5E2-42EF-9798-BE56F776370B,8,394,0,0,0,0,0,0
sensitivity_2,sprt,"alpha=0.001, beta=1.35e-08",val,CDA3BBF7-6631-45E8-85BA-EEB416B32A3C,2,227,0,0,0,0,0,0
sensitivity_2,sprt,"alpha=0.001, beta=1.35e-08",val,CDA3BBF7-6631-45E8-85BA-EEB416B32A3C,3,316,0,0,0,0,0,0
sensitivity_2,sprt,"alpha=0.001, beta=1.35e-08",val,CF722AA9-2533-4E51-9FEB-9EAC84EE9AAC,7,113,0,0,0,0,0,0
sensitivity_2,sprt,"alpha=0.001, beta=1.35e-08",val,CF722AA9-2533-4E51-9FEB-9EAC84EE9AAC,8,371,1,0,1,67,0,0
sensitivity_2,sprt,"alpha=0.001, beta=1.35e-08",val,CF722AA9-2533-4E51-9FEB-9EAC84EE9AAC,9,210,0,0,0,0,0,0
sensitivity_2,sprt,"alpha=0.001, beta=1.35e-08",val,D7D20E2E-FC78-405D-B346-DBD3FD8FC92B,7,175,0,0,0,0,0,0
sensitivity_2,sprt,"alpha=0.001, beta=1.35e-08",val,D7D20E2E-FC78-405D-B346-DBD3FD8FC92B,8,528,0,0,0,0,0,0
sensitivity_2,sprt,"alpha=0.001, beta=1.35e-08",val,D7D20E2E-FC78-405D-B346-DBD3FD8FC92B,9,42,0,0,0,0,0,0
sensitivity_2,sprt,"alpha=0.001, beta=1.35e-08",val,D7D20E2E-FC78-405D-B346-DBD3FD8FC92B,10,153,1,1,2,54,0,0
sensitivity_2,sprt,"alpha=0.001, beta=1.35e-08",val,D7D20E2E-FC78-405D-B346-DBD3FD8FC92B,11,292,0,0,0,0,0,0
sensitivity_2,sprt,"alpha=0.001, beta=1.35e-08",val,D7D20E2E-FC78-405D-B346-DBD3FD8FC92B,12,23,0,0,0,0,0,0
sensitivity_2,sprt,"alpha=0.001, beta=1.35e-08",val,E65577C1-8D5D-4F70-AF23-B3ADB9D3DBA3,3,659,2,2,4,16,1,1
sensitivity_2,sprt,"alpha=0.001, beta=1.35e-08",val,ECECC2AB-D32F-4F90-B74C-E12A1C69BBE2,12,232,0,0,0,0,0,0
sensitivity_2,sprt,"alpha=0.001, beta=1.35e-08",val,ECECC2AB-D32F-4F90-B74C-E12A1C69BBE2,13,35,0,0,0,0,0,0
sensitivity_2,sprt,"alpha=0.001, beta=1.35e-08",val,ECECC2AB-D32F-4F90-B74C-E12A1C69BBE2,14,204,1,1,2,18,0,0
sensitivity_2,sprt,"alpha=0.001, beta=1.35e-08",val,ECECC2AB-D32F-4F90-B74C-E12A1C69BBE2,15,206,0,0,0,0,0,0
sensitivity_2,sprt,"alpha=0.001, beta=1.35e-08",val,FDAA70A1-42A3-4E3F-9AE3-3FDA412E03BF,18,966,2,2,4,30,1,1
sensitivity_2,hmm,"rho=0.1, theta=0.0009111",val,00EABED2-271D-49D8-B599-1D4A09240601,23,428,3,3,6,10,5,3
sensitivity_2,hmm,"rho=0.1, theta=0.0009111",val,098A72A5-E3E5-4F54-A152-BBDA0DF7B694,5,174,0,0,0,0,0,0
sensitivity_2,hmm,"rho=0.1, theta=0.0009111",val,098A72A5-E3E5-4F54-A152-BBDA0DF7B694,6,134,0,0,0,0,0,0
sensitivity_2,hmm,"rho=0.1, theta=0.0009111",val,098A72A5-E3E5-4F54-A152-BBDA0DF7B694,7,13,0,0,0,0,0,0
sensitivity_2,hmm,"rho=0.1, theta=0.0009111",val,098A72A5-E3E5-4F54-A152-BBDA0DF7B694,8,275,0,0,0,0,0,0
sensitivity_2,hmm,"rho=0.1, theta=0.0009111",val,098A72A5-E3E5-4F54-A152-BBDA0DF7B694,9,459,0,0,0,0,0,0
sensitivity_2,hmm,"rho=0.1, theta=0.0009111",val,098A72A5-E3E5-4F54-A152-BBDA0DF7B694,10,75,0,0,0,0,0,0
sensitivity_2,hmm,"rho=0.1, theta=0.0009111",val,098A72A5-E3E5-4F54-A152-BBDA0DF7B694,11,44,0,0,0,0,0,0
sensitivity_2,hmm,"rho=0.1, theta=0.0009111",val,098A72A5-E3E5-4F54-A152-BBDA0DF7B694,13,156,0,0,0,0,0,0
sensitivity_2,hmm,"rho=0.1, theta=0.0009111",val,0A986513-7828-4D53-AA1F-E02D6DF9561B,6,763,4,4,8,12,6,4
sensitivity_2,hmm,"rho=0.1, theta=0.0009111",val,11B5EC4D-4133-4289-B475-4E737182A406,3,616,0,0,0,0,0,0
sensitivity_2,hmm,"rho=0.1, theta=0.0009111",val,11B5EC4D-4133-4289-B475-4E737182A406,4,799,1,1,2,1,1,1
sensitivity_2,hmm,"rho=0.1, theta=0.0009111",val,11B5EC4D-4133-4289-B475-4E737182A406,5,324,0,0,0,0,0,0
sensitivity_2,hmm,"rho=0.1, theta=0.0009111",val,136562B6-95B2-483D-88DC-065F28409FD2,17,181,0,0,0,0,0,0
sensitivity_2,hmm,"rho=0.1, theta=0.0009111",val,136562B6-95B2-483D-88DC-065F28409FD2,18,847,0,0,0,0,0,0
sensitivity_2,hmm,"rho=0.1, theta=0.0009111",val,136562B6-95B2-483D-88DC-065F28409FD2,19,80,0,0,0,0,0,0
sensitivity_2,hmm,"rho=0.1, theta=0.0009111",val,136562B6-95B2-483D-88DC-065F28409FD2,20,107,0,0,0,0,0,0
sensitivity_2,hmm,"rho=0.1, theta=0.0009111",val,1538C99F-BA1E-4EFB-A949-6C7C47701B20,25,291,0,0,0,0,0,0
sensitivity_2,hmm,"rho=0.1, theta=0.0009111",val,1538C99F-BA1E-4EFB-A949-6C7C47701B20,26,82,0,0,0,0,0,0
sensitivity_2,hmm,"rho=0.1, theta=0.0009111",val,1538C99F-BA1E-4EFB-A949-6C7C47701B20,27,160,0,0,0,0,0,0
sensitivity_2,hmm,"rho=0.1, theta=0.0009111",val,1538C99F-BA1E-4EFB-A949-6C7C47701B20,28,748,0,0,0,0,0,0
sensitivity_2,hmm,"rho=0.1, theta=0.0009111",val,24E40C4C-A349-4F9F-93AB-01D00FB994AF,12,236,0,0,0,0,0,0
sensitivity_2,hmm,"rho=0.1, theta=0.0009111",val,24E40C4C-A349-4F9F-93AB-01D00FB994AF,13,213,0,0,0,0,0,0
sensitivity_2,hmm,"rho=0.1, theta=0.0009111",val,24E40C4C-A349-4F9F-93AB-01D00FB994AF,14,141,0,0,0,0,0,0
sensitivity_2,hmm,"rho=0.1, theta=0.0009111",val,24E40C4C-A349-4F9F-93AB-01D00FB994AF,15,317,0,0,0,0,0,0
sensitivity_2,hmm,"rho=0.1, theta=0.0009111",val,24E40C4C-A349-4F9F-93AB-01D00FB994AF,16,18,0,0,0,0,0,0
sensitivity_2,hmm,"rho=0.1, theta=0.0009111",val,2C32C23E-E30C-498A-8DD2-0EFB9150A02E,9,1674,3,3,6,8,4,3
sensitivity_2,hmm,"rho=0.1, theta=0.0009111",val,3600D531-0C55-44A7-AE95-A7A38519464E,20,842,0,0,0,0,0,0
sensitivity_2,hmm,"rho=0.1, theta=0.0009111",val,3600D531-0C55-44A7-AE95-A7A38519464E,21,54,1,1,2,1,1,1
sensitivity_2,hmm,"rho=0.1, theta=0.0009111",val,3600D531-0C55-44A7-AE95-A7A38519464E,22,107,0,0,0,0,0,0
sensitivity_2,hmm,"rho=0.1, theta=0.0009111",val,3600D531-0C55-44A7-AE95-A7A38519464E,24,14,0,0,0,0,0,0
sensitivity_2,hmm,"rho=0.1, theta=0.0009111",val,4FC32141-E888-4BFF-8804-12559A491D8C,4,43,0,0,0,0,0,0
sensitivity_2,hmm,"rho=0.1, theta=0.0009111",val,4FC32141-E888-4BFF-8804-12559A491D8C,5,325,0,0,0,0,0,0
sensitivity_2,hmm,"rho=0.1, theta=0.0009111",val,4FC32141-E888-4BFF-8804-12559A491D8C,6,427,0,0,0,0,0,0
sensitivity_2,hmm,"rho=0.1, theta=0.0009111",val,4FC32141-E888-4BFF-8804-12559A491D8C,7,102,0,0,0,0,0,0
sensitivity_2,hmm,"rho=0.1, theta=0.0009111",val,4FC32141-E888-4BFF-8804-12559A491D8C,8,18,0,0,0,0,0,0
sensitivity_2,hmm,"rho=0.1, theta=0.0009111",val,4FC32141-E888-4BFF-8804-12559A491D8C,10,43,0,0,0,0,0,0
sensitivity_2,hmm,"rho=0.1, theta=0.0009111",val,5119D0F8-FCA8-4184-A4EB-19421A40DE0D,9,1294,5,5,10,8,6,5
sensitivity_2,hmm,"rho=0.1, theta=0.0009111",val,5152A2DF-FAF3-4BA8-9CA9-E66B32671A53,6,697,1,1,2,1,1,1
sensitivity_2,hmm,"rho=0.1, theta=0.0009111",val,5152A2DF-FAF3-4BA8-9CA9-E66B32671A53,7,597,0,0,0,0,0,0
sensitivity_2,hmm,"rho=0.1, theta=0.0009111",val,5EF64122-B513-46AE-BCF1-E62AAC285D2C,9,116,0,0,0,0,0,0
sensitivity_2,hmm,"rho=0.1, theta=0.0009111",val,5EF64122-B513-46AE-BCF1-E62AAC285D2C,10,637,1,1,2,1,1,1
sensitivity_2,hmm,"rho=0.1, theta=0.0009111",val,61976C24-1C50-4355-9C49-AAE44A7D09F6,46,1717,0,0,0,0,0,0
sensitivity_2,hmm,"rho=0.1, theta=0.0009111",val,78A91A4E-4A51-4065-BDA7-94755F0BB3BB,5,597,5,5,10,11,7,5
sensitivity_2,hmm,"rho=0.1, theta=0.0009111",val,78A91A4E-4A51-4065-BDA7-94755F0BB3BB,6,1773,0,0,0,0,0,0
sensitivity_2,hmm,"rho=0.1, theta=0.0009111",val,7CE37510-56D0-4120-A1CF-0E23351428D2,6,1923,1,1,2,1,1,1
sensitivity_2,hmm,"rho=0.1, theta=0.0009111",val,8023FE1A-D3B0-4E2C-A57A-9321B7FC755F,23,972,2,2,4,5,3,2
sensitivity_2,hmm,"rho=0.1, theta=0.0009111",val,8023FE1A-D3B0-4E2C-A57A-9321B7FC755F,24,836,0,0,0,0,0,0
sensitivity_2,hmm,"rho=0.1, theta=0.0009111",val,83CF687B-7CEC-434B-9FE8-00C3D5799BE6,7,1879,0,0,0,0,0,0
sensitivity_2,hmm,"rho=0.1, theta=0.0009111",val,9759096F-1119-4E19-A0AD-6F16989C7E1C,3,474,0,0,0,0,0,0
sensitivity_2,hmm,"rho=0.1, theta=0.0009111",val,9759096F-1119-4E19-A0AD-6F16989C7E1C,4,1489,0,0,0,0,0,0
sensitivity_2,hmm,"rho=0.1, theta=0.0009111",val,9DC38D04-E82E-4F29-AB52-B476535226F2,12,1543,0,0,0,0,0,0
sensitivity_2,hmm,"rho=0.1, theta=0.0009111",val,9DC38D04-E82E-4F29-AB52-B476535226F2,18,359,0,0,0,0,0,0
sensitivity_2,hmm,"rho=0.1, theta=0.0009111",val,A5CDF89D-02A2-4EC1-89F8-F534FDABDD96,12,62,0,0,0,0,0,0
sensitivity_2,hmm,"rho=0.1, theta=0.0009111",val,A5CDF89D-02A2-4EC1-89F8-F534FDABDD96,13,841,3,3,6,6,5,3
sensitivity_2,hmm,"rho=0.1, theta=0.0009111",val,A5CDF89D-02A2-4EC1-89F8-F534FDABDD96,14,276,0,0,0,0,0,0
sensitivity_2,hmm,"rho=0.1, theta=0.0009111",val,A76A5AF5-5A93-4CF2-A16E-62353BB70E8A,2,1475,0,0,0,0,0,0
sensitivity_2,hmm,"rho=0.1, theta=0.0009111",val,B09E373F-8A54-44C8-895B-0039390B859F,9,1598,2,2,4,2,3,2
sensitivity_2,hmm,"rho=0.1, theta=0.0009111",val,B9724848-C7E2-45F4-9B3F-A1F38D864495,10,85,0,0,0,0,0,0
sensitivity_2,hmm,"rho=0.1, theta=0.0009111",val,B9724848-C7E2-45F4-9B3F-A1F38D864495,11,522,1,1,2,1,1,1
sensitivity_2,hmm,"rho=0.1, theta=0.0009111",val,B9724848-C7E2-45F4-9B3F-A1F38D864495,13,880,0,0,0,0,0,0
sensitivity_2,hmm,"rho=0.1, theta=0.0009111",val,BE3CA5A6-A561-4BBD-B7C9-5DF6805400FC,13,681,0,0,0,0,0,0
sensitivity_2,hmm,"rho=0.1, theta=0.0009111",val,BE3CA5A6-A561-4BBD-B7C9-5DF6805400FC,14,79,0,0,0,0,0,0
sensitivity_2,hmm,"rho=0.1, theta=0.0009111",val,BE3CA5A6-A561-4BBD-B7C9-5DF6805400FC,15,430,0,0,0,0,0,0
sensitivity_2,hmm,"rho=0.1, theta=0.0009111",val,BE3CA5A6-A561-4BBD-B7C9-5DF6805400FC,16,442,0,0,0,0,0,0
sensitivity_2,hmm,"rho=0.1, theta=0.0009111",val,C48CE857-A0DD-4DDB-BEA5-3A25449B2153,25,150,0,0,0,0,0,0
sensitivity_2,hmm,"rho=0.1, theta=0.0009111",val,C48CE857-A0DD-4DDB-BEA5-3A25449B2153,26,40,0,0,0,0,0,0
sensitivity_2,hmm,"rho=0.1, theta=0.0009111",val,C48CE857-A0DD-4DDB-BEA5-3A25449B2153,28,151,0,0,0,0,0,0
sensitivity_2,hmm,"rho=0.1, theta=0.0009111",val,C48CE857-A0DD-4DDB-BEA5-3A25449B2153,30,239,0,0,0,0,0,0
sensitivity_2,hmm,"rho=0.1, theta=0.0009111",val,C48CE857-A0DD-4DDB-BEA5-3A25449B2153,31,282,0,0,0,0,0,0
sensitivity_2,hmm,"rho=0.1, theta=0.0009111",val,C48CE857-A0DD-4DDB-BEA5-3A25449B2153,32,115,0,0,0,0,0,0
sensitivity_2,hmm,"rho=0.1, theta=0.0009111",val,CA820D43-E5E2-42EF-9798-BE56F776370B,4,1146,0,0,0,0,0,0
sensitivity_2,hmm,"rho=0.1, theta=0.0009111",val,CA820D43-E5E2-42EF-9798-BE56F776370B,8,394,1,1,2,1,1,1
sensitivity_2,hmm,"rho=0.1, theta=0.0009111",val,CDA3BBF7-6631-45E8-85BA-EEB416B32A3C,2,227,0,0,0,0,0,0
sensitivity_2,hmm,"rho=0.1, theta=0.0009111",val,CDA3BBF7-6631-45E8-85BA-EEB416B32A3C,3,316,0,0,0,0,0,0
sensitivity_2,hmm,"rho=0.1, theta=0.0009111",val,CF722AA9-2533-4E51-9FEB-9EAC84EE9AAC,7,113,0,0,0,0,0,0
sensitivity_2,hmm,"rho=0.1, theta=0.0009111",val,CF722AA9-2533-4E51-9FEB-9EAC84EE9AAC,8,371,0,0,0,0,0,0
sensitivity_2,hmm,"rho=0.1, theta=0.0009111",val,CF722AA9-2533-4E51-9FEB-9EAC84EE9AAC,9,210,0,0,0,0,0,0
sensitivity_2,hmm,"rho=0.1, theta=0.0009111",val,D7D20E2E-FC78-405D-B346-DBD3FD8FC92B,7,175,0,0,0,0,0,0
sensitivity_2,hmm,"rho=0.1, theta=0.0009111",val,D7D20E2E-FC78-405D-B346-DBD3FD8FC92B,8,528,0,0,0,0,0,0
sensitivity_2,hmm,"rho=0.1, theta=0.0009111",val,D7D20E2E-FC78-405D-B346-DBD3FD8FC92B,9,42,0,0,0,0,0,0
sensitivity_2,hmm,"rho=0.1, theta=0.0009111",val,D7D20E2E-FC78-405D-B346-DBD3FD8FC92B,10,153,0,0,0,0,0,0
sensitivity_2,hmm,"rho=0.1, theta=0.0009111",val,D7D20E2E-FC78-405D-B346-DBD3FD8FC92B,11,292,0,0,0,0,0,0
sensitivity_2,hmm,"rho=0.1, theta=0.0009111",val,D7D20E2E-FC78-405D-B346-DBD3FD8FC92B,12,23,0,0,0,0,0,0
sensitivity_2,hmm,"rho=0.1, theta=0.0009111",val,E65577C1-8D5D-4F70-AF23-B3ADB9D3DBA3,3,659,0,0,0,0,0,0
sensitivity_2,hmm,"rho=0.1, theta=0.0009111",val,ECECC2AB-D32F-4F90-B74C-E12A1C69BBE2,12,232,0,0,0,0,0,0
sensitivity_2,hmm,"rho=0.1, theta=0.0009111",val,ECECC2AB-D32F-4F90-B74C-E12A1C69BBE2,13,35,0,0,0,0,0,0
sensitivity_2,hmm,"rho=0.1, theta=0.0009111",val,ECECC2AB-D32F-4F90-B74C-E12A1C69BBE2,14,204,1,1,2,3,1,1
sensitivity_2,hmm,"rho=0.1, theta=0.0009111",val,ECECC2AB-D32F-4F90-B74C-E12A1C69BBE2,15,206,0,0,0,0,0,0
sensitivity_2,hmm,"rho=0.1, theta=0.0009111",val,FDAA70A1-42A3-4E3F-9AE3-3FDA412E03BF,18,966,4,4,8,5,6,4
